id	分类模块	族	类型	英文	中文	状态
	界面文案	通用界面	ui	New Game	新游戏	ok
	界面文案	多人游戏与服务器	ui	Waiting for server...	正在等待服务器…	ok
	界面文案	通用界面	ui	Joined	加入服务器	ok
	界面文案	通用界面	ui	There are ### players connected	有 ### 位已连接的玩家	ok
	界面文案	通用界面	ui	Player Joined	玩家已加入	ok
	界面文案	通用界面	ui	### has joined the game	### 已经加入游戏	ok
	界面文案	警告与错误	ui	Player Disconnected	玩家已断开连接	ok
	界面文案	通用界面	ui	### has left the game	### 已经离开游戏	ok
	界面文案	通用界面	ui	SET ROGUE MODE SAVE	设置铁人模式存档	ok
	界面文案	多人游戏与服务器	ui	SERVER SLOWDOWN	服务器速度减慢	ok
	界面文案	通用界面	ui	### is slowing the game.	### 正在减慢游戏速度	ok
	界面文案	多人游戏与服务器	ui	Error connecting to server:	连接到服务器时出错:	ok
	界面文案	多人游戏与服务器	ui	Connecting to server...	正在连接到服务器...	ok
	界面文案	通用界面	ui	Joining game...	正在加入游戏...	ok
	界面文案	通用界面	ui	NEW GAME	新游戏	ok
	界面文案	通用界面	ui	LOAD GAME	加载游戏	ok
	界面文案	多人游戏与服务器	ui	NEW MULTIPLAYER GAME	新的多人游戏	ok
	界面文案	多人游戏与服务器	ui	LOAD MULTIPLAYER GAME	加载多人游戏	ok
	界面文案	警告与错误	ui	Invalid password	密码无效	ok
	界面文案	通用界面	ui	Incompatible game version	不兼容的游戏版本	ok
	界面文案	多人游戏与服务器	ui	server version	服务器游戏版本	ok
	界面文案	多人游戏与服务器	ui	Server is full	服务器已满	ok
	界面文案	多人游戏与服务器	ui	Server is not open to multiplayer	服务器未开启多人模式	ok
	界面文案	多人游戏与服务器	ui	You are not whitelisted on this server	你不在此服务器白名单中	ok
	界面文案	警告与错误	ui	You are missing a required DLC	缺失必要DLC	ok
	界面文案	多人游戏与服务器	ui	You are banned from this server	你被禁止进入这台服务器	ok
	界面文案	多人游戏与服务器	ui	Server already has your account connected - please retry	服务器已经连接了您的账户 - 请稍后重试	ok
	界面文案	警告与错误	ui	no errors detected	未检测到错误	ok
	界面文案	通用界面	ui	Variables	变量	ok
	界面文案	通用界面	ui	Input 1	输入1	ok
	界面文案	通用界面	ui	Input 2	输入2	ok
	界面文案	通用界面	ui	Input 3	输入3	ok
	界面文案	通用界面	ui	Input 4	输入4	ok
	界面文案	通用界面	ui	Input 5	输入5	ok
	界面文案	通用界面	ui	Input 6	输入6	ok
	界面文案	通用界面	ui	Input 7	输入7	ok
	界面文案	通用界面	ui	Input 8	输入8	ok
	界面文案	通用界面	ui	Constants	常数	ok
	界面文案	通用界面	ui	Operators	运算符	ok
	界面文案	通用界面	ui	Addition	加	ok
	界面文案	通用界面	ui	Subtraction	减	ok
	界面文案	通用界面	ui	Multiply	乘	ok
	界面文案	通用界面	ui	Divide	除	ok
	界面文案	通用界面	ui	Modulo (fmod)	取模(fmod)	ok
	界面文案	通用界面	ui	Power	幂(Power)	ok
	界面文案	通用界面	ui	Trigonometry (radians)	三角函数(弧度)	ok
	界面文案	通用界面	ui	Sine	正弦(sin)	ok
	界面文案	通用界面	ui	Cosine	余弦(cos)	ok
	界面文案	通用界面	ui	Tangent	切弦(tan)	ok
	界面文案	通用界面	ui	Arcsine	反正弦(arcsin)	ok
	界面文案	通用界面	ui	Arccosine	反余弦(arccos)	ok
	界面文案	通用界面	ui	Arctangent	反正切(arctan)	ok
	界面文案	微控制器与 Lua	ui	Atan2	Atan2	ok
	界面文案	微控制器与 Lua	ui	Max of x and y	x和y的最大值	ok
	界面文案	微控制器与 Lua	ui	Min of x and y	x和y的最小值	ok
	界面文案	微控制器与 Lua	ui	Ceil x	对x向上取整(ceil)	ok
	界面文案	微控制器与 Lua	ui	Floor x	对x向下取整(floor)	ok
	界面文案	微控制器与 Lua	ui	Round x to nearest y	将x舍入到最近的y	ok
	界面文案	通用界面	ui	Absolute value of x	x的绝对值	ok
	界面文案	通用界面	ui	Sign of x (1 if x=0)	x的符号(如果x=0，则为1)	ok
	界面文案	通用界面	ui	Square root of x	x的平方根	ok
	界面文案	通用界面	ui	Length of vector(x,y)	(x,y)矢量长度	ok
	界面文案	通用界面	ui	len(x,y) (no sqrt)	(x,y)距离(无开方)	ok
	界面文案	通用界面	ui	Linearly interpolate x to y by z	用z线性插值x到y	ok
	界面文案	微控制器与 Lua	ui	Clamp x within y and z	在y和z范围内对x值进行限定(Clamp)	ok
	界面文案	通用界面	ui	Conversions	转换	ok
	界面文案	通用界面	ui	m/s to kmph	m/s至km/h	ok
	界面文案	通用界面	ui	m/s to mph	m/s至m/h	ok
	界面文案	通用界面	ui	m/s to knots	m/s至节	ok
	界面文案	通用界面	ui	Turns to radians	转换为弧度	ok
	界面文案	通用界面	ui	Degrees to radians	角度转换为弧度	ok
	界面文案	通用界面	ui	Radians to degrees	弧度转换为角度	ok
	界面文案	通用界面	ui	True	True	ok
	界面文案	通用界面	ui	False	False	ok
	界面文案	通用界面	ui	And	与(And)	ok
	界面文案	通用界面	ui	Or	或(Or)	ok
	界面文案	通用界面	ui	Xor	异或(Xor)	ok
	界面文案	通用界面	ui	Not	非(Not)	ok
	界面文案	通用界面	ui	Click on the 'Logic' button in the top bar to enter logic connecting mode.	点击顶部栏中的“逻辑”按钮进入逻辑连接模式	ok
	界面文案	通用界面	ui	Select the 'Data' logic type to view 'On/Off' and 'Number' logic nodes.	选择“数据”逻辑类型以查看“开/关”和“数字”逻辑节点	ok
	界面文案	通用界面	ui	Select the 'Power' logic type to view 'Power' logic nodes.	选择“电源”逻辑类型以查看“电源”逻辑节点	ok
	界面文案	编辑器与建造	ui	Place a wedge in the highlighted space.\n\nYou can change a component's rotation by hovering over different adjacent surfaces in the vehicle.	在突出显示的空间中放置一个斜面。\n\n您可以通过将鼠标悬停在载具中不同的相邻表面上来更改组件的旋转	ok
	界面文案	编辑器与建造	ui	Click on the wedge block in the component list to start building with it.	单击“构件”列表中的斜面以开始构建	ok
	界面文案	编辑器与建造	ui	Place the next five wedges.\n\nMultiple wedges can be placed at once by dragging.	放置下五个楔子。\n\n可以通过拖动一次放置多个楔子	ok
	界面文案	通用界面	ui	You can also use the following keys to rotate and flip the component.\n\n[j] rotates on the x axis\n[k] rotates on the y axis\n[l] rotates on the z axis\n\n[u] flips on the x axis\n[i] flips on the y axis\n[o] flips on the z axis\n\n[p] toggles the rotation display	也可以使用下列键旋转和翻转组件。\n\n[j]在x轴上旋转\n[k]在y轴上旋转\n[l]在z轴上旋转\n\n[u]在x轴上翻转\n[i]在y轴上翻转\n[o]在z轴上翻转\n\n[p]切换旋转显示	ok
	界面文案	通用界面	ui	Click on the pyramid block in the component list to start building with it.	单击组件列表中的棱锥图块开始构建	ok
	界面文案	微控制器与 Lua	ui	First, connect the button in front of seat to the engine's 'on/off' node.\n\nThis will allow you to switch the engine on by pressing the button.\n\nClick on one of the flashing logic nodes to select it and then drag and release while hovering over the node you want to connect it to.	首先，将座椅前面的按钮连接收到引擎的“开/关”节点。\n\n这将允许您通过按按钮打开引擎。\n\n单击其中一个闪烁的逻辑节点将其选中，然后在悬停在要连接的节点上时将其拖动并释放	ok
	界面文案	微控制器与 Lua	ui	Next, connect the 'Axis 2 [$[action_up]]/[$[action_down]]' node from the seat to the engine's 'throttle in' node.\n\nThis will allow you to apply throttle power to the engine by pressing [$[action_up]] and [$[action_down]].\n\nClick on one of the flashing logic nodes to select it and then drag and release while hovering over the node you want to connect it to.	接下来，将“轴2[$[action_up]/[$[action_down]]节点从座椅连接收到发动机的“throttle in”节点。\n\n这将允许您通过按[$[action_up]]和[$[action_down]]向发动机应用油门功率。\n\n单击其中一个闪烁的逻辑节点将其选中，然后在悬停在要连接的节点上时将其拖放去吧	ok
	界面文案	微控制器与 Lua	ui	Next, connect the 'Axis 1 [$[action_left]]/[$[action_right]]' node from the seat to one rudder's 'rotation input' node.\n\nThis will allow you to apply a turning force by pressing [$[action_left]] or [$[action_right]].	接下来，将座椅上的“轴1[$[action_left]/[$[action_right]]'节点连接收到一个方向舵的“旋转输入”节点。\n\n这将允许您通过按[$[action_left]]或[$[action_right]]来应用旋转力	ok
	界面文案	微控制器与 Lua	ui	Next, connect the 'Axis 1 [$[action_left]]/[$[action_right]]' node from the seat to the the 'rotation input' node in the second rudder.\n\nThis will allow you to apply a turning force by pressing [$[action_left]] or [$[action_right]].	接下来，将座椅上的“轴1[$[action_left]/[$[action_right]]'节点连接收到第二个方向舵上的“旋转输入”节点。\n\n这将允许您通过按[$[action_left]]或[$[action_right]]应用旋转力	ok
	界面文案	载具与工坊	ui	Finally, connect the power between the engine and propeller.\n\nThis will pass the power created by the engine through to the propeller and allow you to move the boat forward and back with the throttle.	最后，连接发动机和螺旋桨之间的电源。\n\n这将把发动机产生的电源传递到螺旋桨上，并允许您使用油门前后移动船	ok
	界面文案	通用界面	ui	Click on the large '+' button to create a new save file.	单击“+”按钮创建一个新的保存文件	ok
	界面文案	载具与工坊	ui	Type in a name for your boat.\nThen click on the 'Save' button.	键入船名。\n然后单击“保存”按钮	ok
	界面文案	载具与工坊	ui	Click on the 'Save' button in the top bar to start saving your boat.	单击顶部栏中的“保存”按钮开始保存您的船	ok
	界面文案	任务与剧情	ui	Press [$[action_missions]] again to close the missions screen.	再次按[$[action_missions]]关闭任务屏幕	ok
	界面文案	任务与剧情	ui	You have a new mission.\nPress [$[action_missions]] to bring up the missions screen and get more information.	您有一个新任务。\n按[$[action_missions]]打开任务屏幕并获取更多信息	ok
	界面文案	任务与剧情	ui	Click on the 'Missions' button to see an overview of all currently available missions.	点击“任务”按钮查看所有当前可用任务的概述	ok
	界面文案	任务与剧情	ui	Click the mission overview to show more detailed information about it.	单击任务概述以显示有关它的详细信息	ok
	界面文案	任务与剧情	ui	Click the 'Toggle Active' button to make this the active mission.\n\nThe mission will then be shown on the map and in game.	单击“切换活动”按钮，使其成为活动任务。\n\n任务将显示在地图和游戏中	ok
	界面文案	按键与控制	ui	Press [$[action_interact_right]] when looking at the crate to pick it up.	在面对板条箱时，按[$[action_interact_right]]将其拿起	ok
	界面文案	按键与控制	ui	Press [$[action_interact_right]] (hold and release to throw) to place the crate into your boat.	按[$[action_interact_right]](按住并松开以投掷)将板条箱放入您的船中	ok
	界面文案	按键与控制	ui	Press [$[action_use_seat]] when looking at your pilot seat to start driving your boat.	当面对驾驶座时按$[action_use_seat]开始驾驶	ok
	界面文案	按键与控制	ui	Press [$[action_camera_mode]] to enter third-person view while in a seat.	按[$[action_camera_mode]]进入第三人称视角	ok
	界面文案	按键与控制	ui	Press [$[action_camera_mode]] to return to first-person view.	按[$[action_camera_mode]]返回第一人称视图	ok
	界面文案	按键与控制	ui	Use [$[action_up]][$[action_left]][$[action_down]][$[action_right]] to drive to the target location.	使用[$[action_up][$[action_left][$[action_down][$[action_right]]驱动到目标位置	ok
	界面文案	按键与控制	ui	Press [$[action_interact_right]] while looking at the engine on/off button to turn on the engine.	在查看“引擎打开/关闭”按钮时，按[$[action_interact_right]]以打开引擎	ok
	界面文案	按键与控制	ui	Press [$[action_use_seat]] to exit your vehicle.	按[$[action_interact_right]]退出载具	ok
	界面文案	按键与控制	ui	Press [$[action_interact_right]] to pick up the crate.	按$[action_interact_right]]来取走板条箱	ok
	界面文案	按键与控制	ui	Press [$[action_interact_right]] to place the crate in the drop zone.	按$[action_interact_right]]将板条箱放置在放置区域	ok
	界面文案	通用界面	ui	Click the sleep button to fast-forward time.	按下睡眠按钮来快进时间	ok
	界面文案	按键与控制	ui	Press [$[action_use_seat]] while looking at your bed to go to sleep.	面对床时按$[action_use_seat]入睡	ok
	界面文案	通用界面	ui	Bed	床	ok
	界面文案	通用界面	ui	Return to your home base.	回到你的基地	ok
	界面文案	通用界面	ui	Home	家	ok
	界面文案	通用界面	ui	Welcome to Stormworks	欢迎来到Stormworks	ok
	界面文案	载具与工坊	ui	FIX YOUR BOAT	修理你的船	ok
	界面文案	编辑器与建造	ui	Your boat was damaged in a recent storm. You will need to use a workbench to fix it.	你的船在最近一次风暴中损坏了。你需要使用工作台来修复它	ok
	界面文案	编辑器与建造	ui	Workbench	工作台	ok
	界面文案	载具与工坊	ui	VEHICLE EDITOR	载具编辑器	ok
	界面文案	载具与工坊	ui	This is the vehicle editor, where you can fix your boat.	这是载具编辑器，你可以在这里修理你的船	ok
	界面文案	通用界面	ui	ROTATE THE CAMERA	旋转摄像机	ok
	界面文案	载具与工坊	ui	You can rotate the camera around in the vehicle editor by holding the RIGHT MOUSE BUTTON while dragging, or by holding [shift] and LEFT MOUSE BUTTON.	拖动时按住鼠标右键，或按住[shift]和鼠标左键，可以在载具编辑器中旋转摄像头	ok
	界面文案	通用界面	ui	MOVE THE CAMERA	移动摄像机	ok
	界面文案	载具与工坊	ui	You can pan the camera around in the vehicle editor by dragging while holding \nMIDDLE MOUSE BUTTON\nor\n[alt] and LEFT MOUSE BUTTON.	您可以在按住鼠标中键或[alt]和鼠标左键的同时拖动，在载具编辑器中左右移动摄像头	ok
	界面文案	通用界面	ui	ZOOM THE CAMERA	放大摄像机	ok
	界面文案	通用界面	ui	You can zoom the camera in and out by using the MOUSE SCROLL WHEEL\nor\nthe [-] and [=] keys.	您可以使用鼠标滚轮或[-]和[=]键来放大和缩小摄像头	ok
	界面文案	通用界面	ui	RESET THE CAMERA	重置摄像机	ok
	界面文案	通用界面	ui	Open the camera settings by pressing the 'Camera' button.	按“摄像机”按钮打开摄像机设置	ok
	界面文案	通用界面	ui	Return the camera to its original position by pressing the 'Reset Camera' button.	按下“重置摄像机”按钮，将摄像机返回其原始位置	ok
	界面文案	通用界面	ui	PLACE BLOCK (1/3)	放置块(1/3)	ok
	界面文案	教程与提示	ui	Place a block in the highlighted space.\n\nMouse over an adjacent component to choose what to connect the block to.\n\nThen click to place it.	将块放在突出显示的空间中。\n\n请在相邻组件上使用，以选择将块连接收到的对象。\n\n然后单击以放置它	ok
	界面文案	通用界面	ui	PLACE BLOCK (2/3)	放置块(2/3)	ok
	界面文案	通用界面	ui	PLACE BLOCK (3/3)	放置块(3/3)	ok
	界面文案	通用界面	ui	PLACE BLOCKS	放置块	ok
	界面文案	通用界面	ui	Place the next three blocks.\n\nMultiple blocks can be placed at once by dragging.	放置下三个块。\n\n可以通过拖动一次放置多个块	ok
	界面文案	编辑器与建造	ui	PLACE WEDGE	放置斜面	ok
	界面文案	编辑器与建造	ui	PLACE WEDGES	放置楔子	ok
	界面文案	通用界面	ui	PLACE PYRAMID	放置楔形	ok
	界面文案	通用界面	ui	CONNECT LOGIC (1/5)	连接逻辑(1/5)	ok
	界面文案	通用界面	ui	CONNECT LOGIC (2/5)	连接逻辑(2/5)	ok
	界面文案	通用界面	ui	CONNECT LOGIC (3/5)	连接逻辑(3/5)	ok
	界面文案	通用界面	ui	CONNECT LOGIC (4/5)	连接逻辑(4/5)	ok
	界面文案	通用界面	ui	CONNECT LOGIC (5/5)	连接逻辑(5/5)	ok
	界面文案	载具与工坊	ui	SAVE BOAT	保存船	ok
	界面文案	载具与工坊	ui	Save your boat design so that you can come back to it later.	保存您的船的设计，以便您可以之后使用	ok
	界面文案	载具与工坊	ui	SPAWN BOAT	生成船	ok
	界面文案	载具与工坊	ui	Your boat is ready to go.\n\nClick on the 'Spawn' button to build it and take it for a spin.	您的船已经准备好出发了。\n\n单击“生成”按钮来建造它并出去兜两圈	ok
	界面文案	任务与剧情	ui	SELECT ACTIVE MISSION	选择当前任务	ok
	界面文案	任务与剧情	ui	COMPLETE MISSION	完成任务	ok
	界面文案	通用界面	ui	RETURN TO BASE	返回基地	ok
	界面文案	通用界面	ui	Press [f] to focus on hovered mouse position	按[f]聚焦于鼠标悬停位置	ok
	界面文案	通用界面	ui	Press [f] to focus on selected object	按[f]聚焦选定对象	ok
	界面文案	通用界面	ui	Press [lmb] to place object	按[鼠标左键]放置对象	ok
	界面文案	通用界面	ui	Hold [shift] to place multiple	按住[shift]可放置多个	ok
	界面文案	通用界面	ui	Press [enter] to cancel	按[enter]取消	ok
	界面文案	通用界面	ui	Press [del] to delete object	按[del]删除对象	ok
	界面文案	通用界面	ui	Ocean	海洋	ok
	界面文案	通用界面	ui	1km x 1km of empty ocean.	1km x 1km的空海	ok
	界面文案	通用界面	ui	Hospital	医院	ok
	界面文案	通用界面	ui	Small hospital.	小医院	ok
	界面文案	通用界面	ui	Science	科研	ok
	界面文案	通用界面	ui	Small science and research outpost.	小型科学研究基地	ok
	界面文案	通用界面	ui	Police	警察	ok
	界面文案	通用界面	ui	Small police station.	小型警察局	ok
	界面文案	通用界面	ui	Airport	机场	ok
	界面文案	图形与设置	ui	Large runway in the shadow of an impenetrable plateau.	高原下的大型跑道	ok
	界面文案	通用界面	ui	Brinkfield	布林克菲尔德	ok
	界面文案	地形与环境	ui	Nuclear power plant with dock, reactor rooms and underground disposal pool.	带有码头、反应堆室和地下废料池的核电站	ok
	界面文案	生物与角色	ui	Fishing Village	渔村	ok
	界面文案	地形与环境	ui	Small fishing village with mountain, multiple sea stacks and a rocky peninsula.	小渔村，有山，多个海蚀柱和岩石半岛屿	ok
	界面文案	通用界面	ui	Wind Turbine	风力发电机	ok
	界面文案	通用界面	ui	Large offshore wind turbine.	大型海上风力涡轮机	ok
	界面文案	通用界面	ui	Small Oil Rig	小型石油钻机	ok
	界面文案	通用界面	ui	Medium Oil Rig	中型石油钻机	ok
	界面文案	通用界面	ui	Wind Farm	风电场	ok
	界面文案	通用界面	ui	Multiple wind turbines atop a gentle hillside.	多个风力涡轮机在一个平缓的山坡上	ok
	界面文案	通用界面	ui	Oil Refinery	炼油厂	ok
	界面文案	载具与工坊	ui	An industrial oil refinery with boat access.	有船通道的工业炼油厂	ok
	界面文案	通用界面	ui	Lighthouse	灯塔	ok
	界面文案	地形与环境	ui	An unmanned lighthouse surrounded by hazardous rock formations.	被礁石包围的无人灯塔	ok
	界面文案	地形与环境	ui	Observatory	天文台	ok
	界面文案	地形与环境	ui	An astronomical observatory research base.	天文台研究基地	ok
	界面文案	通用界面	ui	Sea Fort	海上堡垒	ok
	界面文案	通用界面	ui	An abandoned military sea fort that has been reopened as a tourist hotspot.	作为旅游热点重新开放的废弃军事海堡	ok
	界面文案	通用界面	ui	Mainland Cliff	大陆悬崖	ok
	界面文案	通用界面	ui	Small cliff at the corner of the mainland.	大陆一角的小悬崖	ok
	界面文案	通用界面	ui	Mainland Village	大陆村庄	ok
	界面文案	地形与环境	ui	Small fishing village near a rocky bay.	岩石海湾附近的小渔村	ok
	界面文案	通用界面	ui	Mainland Peninsula	大陆半岛屿	ok
	界面文案	地形与环境	ui	Wall of sharp rocks extending out into the ocean.	伸入海洋的尖锐岩石墙	ok
	界面文案	通用界面	ui	Mainland Tunnel	大陆隧道	ok
	界面文案	通用界面	ui	A short continuing section of rail and road tunnels leading away from the mainland.	从大陆引出的铁路和公路隧道的一段短而连续的路段	ok
	界面文案	通用界面	ui	Mainland Junction	大陆枢纽	ok
	界面文案	通用界面	ui	The junction point on the mainland where the trainline to the Arctic begins.	大陆上通往北极的铁路线的交汇点	ok
	界面文案	通用界面	ui	Mainland Road	大陆路	ok
	界面文案	地形与环境	ui	Coastal road with a natural tunnel through a rock face.	经过穿山隧道的海滨公路	ok
	界面文案	通用界面	ui	Mainland Quarry	大陆采石场	ok
	界面文案	地形与环境	ui	Large quarry with mine, natural rock bridge and small castle ruin.	大型采石场，带有矿山、天然岩桥和小城堡遗址	ok
	界面文案	地形与环境	ui	Mainland Beach	大陆海滩	ok
	界面文案	地形与环境	ui	Small beach with several rock stacks.	有几个岩石堆的小海滩	ok
	界面文案	通用界面	ui	Mainland Cliff 2	大陆悬崖2	ok
	界面文案	通用界面	ui	Key Cottage	沙洲小屋	ok
	界面文案	地形与环境	ui	Small island with lone cottage on the key.	建有一个沙洲小屋的小岛	ok
	界面文案	通用界面	ui	Key Chemical Plant	沙洲化工厂	ok
	界面文案	地形与环境	ui	Small island with chemical plant on the key.	建有一个沙洲化工厂的小岛	ok
	界面文案	通用界面	ui	Key Lighthouse OB	沙洲灯塔OB	ok
	界面文案	地形与环境	ui	Small island with lighthouse on the key.	建有一个沙洲灯塔的小岛	ok
	界面文案	通用界面	ui	Uninhabited 1	无人岛1	ok
	界面文案	地形与环境	ui	Small island with cliff edges.	有峭壁的小岛	ok
	界面文案	通用界面	ui	Uninhabited 2	无人岛2	ok
	界面文案	地形与环境	ui	Smooth climb to a rocky cliffside.	平稳地爬到岩石峭壁上	ok
	界面文案	通用界面	ui	Uninhabited 3	无人岛3	ok
	界面文案	地形与环境	ui	Two small islands surrounded by cliffs. Aerial access only.	只能从空中进入的四壁高耸的小岛	ok
	界面文案	通用界面	ui	Uninhabited 4	无人岛4	ok
	界面文案	通用界面	ui	Multiple scattered sea stacks.	多个散落的海蚀柱	ok
	界面文案	通用界面	ui	Uninhabited 5	无人岛5	ok
	界面文案	地形与环境	ui	Relatively flat island with central rocky outcrop.	相对平坦的岛屿，中部有突出的岩石	ok
	界面文案	通用界面	ui	Uninhabited 6	无人岛6	ok
	界面文案	地形与环境	ui	Rocky shoreline with a small bay.	有一个小海湾的岩石海岸线	ok
	界面文案	通用界面	ui	Uninhabited 7	无人岛7	ok
	界面文案	地形与环境	ui	High cliffs and a bay with 2 narrow entrances.	高耸的悬崖和一个有两个狭窄入口的海湾	ok
	界面文案	通用界面	ui	Ruins 1	废墟1	ok
	界面文案	地形与环境	ui	Rocky coastline with small cave, ancient ruin and sheltered beach.	岩石海岸线，有小山洞，古老的遗迹和隐蔽的海滩	ok
	界面文案	通用界面	ui	Ruins 2	废墟2	ok
	界面文案	通用界面	ui	Sheltered cove, ancient ruin, cliff face connected by natural arch.	隐蔽的海湾，古老的废墟，悬崖面由自然拱门连接	ok
	界面文案	地形与环境	ui	Seabed Rock Formation 1	海床岩层1	ok
	界面文案	地形与环境	ui	A rocky formation with cave on the ocean bed.	海床上有洞穴的岩石	ok
	界面文案	地形与环境	ui	Seabed Rock Formation 2	海床岩层2	ok
	界面文案	地形与环境	ui	Two small rock formations on the ocean bed.	海床上的两个小岩层	ok
	界面文案	地形与环境	ui	Seabed Rock Formation 3	海床岩层3	ok
	界面文案	地形与环境	ui	Multiple scattered rock stacks on the ocean bed.	海床上的多个分散的石堆	ok
	界面文案	地形与环境	ui	Seabed Rock Formation 4	海床岩层4	ok
	界面文案	地形与环境	ui	A flat rocky formation with central mound on the ocean bed.	海床上的有中心丘的平坦岩石层	ok
	界面文案	地形与环境	ui	Seabed Rock Formation 5	海床岩层5	ok
	界面文案	地形与环境	ui	Seabed Rock Formation 6	海床岩层6	ok
	界面文案	地形与环境	ui	Small rocky formation on the ocean bed.	海床上的小岩石	ok
	界面文案	地形与环境	ui	Seabed Rock Formation 7	海床岩层7	ok
	界面文案	地形与环境	ui	Several rocky stacks on the ocean bed.	海床上的几个岩堆	ok
	界面文案	地形与环境	ui	Seabed Caves	海底洞穴	ok
	界面文案	地形与环境	ui	A system of underwater caves.	水下洞穴系统	ok
	界面文案	地形与环境	ui	Seabed Shipwreck	海床沉船	ok
	界面文案	通用界面	ui	A sunken iron-hulled merchant vessel.	沉没的铁壳商船	ok
	界面文案	地形与环境	ui	Seabed Shipwreck 2	海床沉船2	ok
	界面文案	通用界面	ui	A sunken historic timber caravel.	很久以前就沉没了的木帆船	ok
	界面文案	通用界面	ui	Ice	冰	ok
	界面文案	通用界面	ui	Ice Variant	冰块变量	ok
	界面文案	通用界面	ui	Ice Scale	冰块尺寸	ok
	界面文案	通用界面	ui	ADD ICE	添加冰块	ok
	界面文案	警告与错误	ui	Ice cannot be picked up but can be moved using vehicles. Its size and type can be set in the properties window.	冰不能被捡起，但可以用载具移动。其大小和类型可以在“属性”窗口中设置	ok
	界面文案	通用界面	ui	Arctic Ocean	北冰洋	ok
	界面文案	通用界面	ui	1km x 1km of empty Arctic ocean.	1 x 1km 的空北冰洋	ok
	界面文案	通用界面	ui	Arctic Oil Refinery	北极炼油厂	ok
	界面文案	通用界面	ui	An oil refinery with rail access.	有铁路连通的炼油厂	ok
	界面文案	通用界面	ui	Arctic Ship Breaking Yard	北极船只拆解厂	ok
	界面文案	地形与环境	ui	A ship breaking yard with dry dock where boats are brought to be scrapped.	带干船坞的拆船场，废旧船只在这里被拆解	ok
	界面文案	通用界面	ui	Arctic Research Facility	北极研究设施	ok
	界面文案	通用界面	ui	An Arctic survey base situated on top of a large iceberg.	位于一座大冰山顶部的北极考察基地	ok
	界面文案	地形与环境	ui	Arctic Mainland Rocks	北极大陆岩石	ok
	界面文案	地形与环境	ui	A rocky coastal area surrounded by multiple small icebergs.	被多个小冰山包围的岩石海岸地区	ok
	界面文案	通用界面	ui	Arctic Oil Platform	北极石油平台	ok
	界面文案	通用界面	ui	An oil platform built on the edge of the Arctic mainland, with road access to a train terminal.	建在北极大陆边缘的石油平台，有通往火载具站的公路	ok
	界面文案	通用界面	ui	Arctic Mainland Hill	北极大陆山	ok
	界面文案	地形与环境	ui	A snow-covered rocky hill. Small section of train line with junction boxes.	白雪覆盖的岩石山。带有岔路的铁路线小区段	ok
	界面文案	通用界面	ui	Arctic Mainland Outcrop	露出海面的北极大陆	ok
	界面文案	地形与环境	ui	Southern end of an outcrop off the coast of the Arctic mainland.	北极大陆海岸外露头的南端	ok
	界面文案	通用界面	ui	Arctic Mainland Outpost	北极大陆哨所	ok
	界面文案	地形与环境	ui	An Arctic research outpost, large inland lake and train terminal with road access.	北极研究前哨，大型内陆湖和火载具站，有公路通道	ok
	界面文案	生物与角色	ui	Arctic Fishing Village	北极渔村	ok
	界面文案	地形与环境	ui	A small fishing village with a dock and a un-manned lighthouse.	有码头和无人灯塔的小渔村	ok
	界面文案	通用界面	ui	Arctic Mainland Arch	北极大陆拱	ok
	界面文案	地形与环境	ui	Eroded rocks form a snow-covered natural arch.	侵蚀的岩石形成一个覆盖着雪的天然拱门	ok
	界面文案	通用界面	ui	Arctic Mainland South	北极大陆南部	ok
	界面文案	通用界面	ui	Southern point of the Arctic mainland where the incoming trainline splits.	北冰洋大陆的南端，在那里进站的铁路线分开	ok
	界面文案	地形与环境	ui	Arctic Mainland Coast	北极大陆海岸	ok
	界面文案	地形与环境	ui	A small section of coastline with multiple small icebergs offshore.	海岸线的一小部分，离岸有多个小冰山	ok
	界面文案	通用界面	ui	Arctic Container Depot	北极集装箱仓库	ok
	界面文案	地形与环境	ui	A large shipping container depot with several docking areas and trainline access.	有多个停泊区和铁路线连接的大型集装箱仓库	ok
	界面文案	通用界面	ui	Arctic Underwater Mining	北极水下矿井	ok
	界面文案	地形与环境	ui	An underwater drilling and mining facility with dock and trainline access.	水下钻井和采矿设施，带码头和火铁路连接	ok
	界面文案	多人游戏与服务器	ui	Multiplayer Island Base	多人岛屿基地	ok
	界面文案	地形与环境	ui	A large island complete with dock and airstrip, both featuring with two workbenches.	大型岛屿，配有码头和简易机场，均配有两个工作台	ok
	界面文案	通用界面	ui	Ice Shelf 1	冰架1	ok
	界面文案	通用界面	ui	An ice shelf with multiple large icebergs.	有多座大冰山的冰架	ok
	界面文案	通用界面	ui	Ice Shelf 2	冰架2	ok
	界面文案	通用界面	ui	An ice shelf with narrow passages between cliffs of ice.	在冰崖之间有狭窄通道的冰架	ok
	界面文案	通用界面	ui	Ice Shelf 3	冰架3	ok
	界面文案	通用界面	ui	An ice shelf with multiple large icebergs.	有多座大冰山的冰架	ok
	界面文案	通用界面	ui	Ice Shelf 4	冰架4	ok
	界面文案	通用界面	ui	An ice shelf with multiple large icebergs.	有多座大冰山的冰架	ok
	界面文案	通用界面	ui	Ice Shelf 5	冰架5	ok
	界面文案	通用界面	ui	An ice shelf with multiple large icebergs.	有多座大冰山的冰架	ok
	界面文案	通用界面	ui	Ice Shelf 6	冰架6	ok
	界面文案	通用界面	ui	An ice shelf with multiple large icebergs.	有多座大冰山的冰架	ok
	界面文案	通用界面	ui	Ice Shelf 7	冰架7	ok
	界面文案	通用界面	ui	An ice shelf with multiple large icebergs.	有多座大冰山的冰架	ok
	界面文案	通用界面	ui	Ice Shelf 8	冰架8	ok
	界面文案	通用界面	ui	An ice shelf with two very large icebergs.	有两个非常大的冰山的冰架	ok
	界面文案	通用界面	ui	Ice Shelf 9	冰架9	ok
	界面文案	通用界面	ui	A dense ice shelf with many large icebergs.	有许多大冰山的稠密冰架	ok
	界面文案	通用界面	ui	Ice Shelf 10	冰架10	ok
	界面文案	通用界面	ui	Two small icebergs.	两个小冰山	ok
	界面文案	通用界面	ui	Ice Shelf 11	冰架11	ok
	界面文案	通用界面	ui	An ice shelf with multiple large icebergs.	有多座大冰山的冰架	ok
	界面文案	通用界面	ui	Ice Shelf 12	冰架12	ok
	界面文案	通用界面	ui	An ice shelf with multiple large icebergs.	有多座大冰山的冰架	ok
	界面文案	地形与环境	ui	Volcano Northwest	西北火山	ok
	界面文案	地形与环境	ui	Northwest region of a dormant volcano.	休眠火山的西北地区	ok
	界面文案	地形与环境	ui	Volcano North	火山北部	ok
	界面文案	地形与环境	ui	Northern region of a dormant volcano.	休眠火山的北部地区	ok
	界面文案	地形与环境	ui	Volcano Northeast	火山东北部	ok
	界面文案	地形与环境	ui	Northeast region of a dormant volcano.	休眠火山东北部地区	ok
	界面文案	地形与环境	ui	Volcano West	西火山	ok
	界面文案	地形与环境	ui	Western region of a dormant volcano.	休眠火山的西部地区	ok
	界面文案	地形与环境	ui	Volcano Center	火山中心	ok
	界面文案	地形与环境	ui	Central region of a dormant volcano.	休眠火山的中心区域	ok
	界面文案	地形与环境	ui	Volcano East	火山东部	ok
	界面文案	地形与环境	ui	Eastern region of a dormant volcano.	一座休眠火山的东部地区	ok
	界面文案	地形与环境	ui	Volcano Southwest	西南火山	ok
	界面文案	地形与环境	ui	Southwest region of a dormant volcano.	休眠火山西南部地区	ok
	界面文案	地形与环境	ui	Volcano South	火山南部	ok
	界面文案	地形与环境	ui	Southern region of a dormant volcano.	休眠火山的南部地区	ok
	界面文案	地形与环境	ui	Volcano Southeast	东南火山	ok
	界面文案	地形与环境	ui	Southeast region of a dormant volcano.	休眠火山东南部地区	ok
	界面文案	生物与角色	ui	Special Outfit	特殊装备	ok
	界面文案	通用界面	ui	None	无	ok
	界面文案	通用界面	ui	Diving	深水作业	ok
	界面文案	通用界面	ui	Firefighter	消防	ok
	界面文案	通用界面	ui	Scuba	水肺潜水	ok
	界面文案	通用界面	ui	Parachute	降落伞	ok
	界面文案	通用界面	ui	Arctic	极地	ok
	界面文案	任务与剧情	ui	SET OBJECTIVE	设定目标	ok
	界面文案	任务与剧情	ui	ADD COMPONENTS TO MISSION	向任务添加组件	ok
	界面文案	通用界面	ui	IN MISSON	在任务中	ok
	界面文案	通用界面	ui	SET TRIGGER	设置触发器	ok
	界面文案	通用界面	ui	ZONES	区域	ok
	界面文案	通用界面	ui	ZONE	区域	ok
	界面文案	载具与工坊	ui	VEHICLE BUTTONS	载具按钮	ok
	界面文案	载具与工坊	ui	VEHICLE BUTTON	载具按钮	ok
	界面文案	任务与剧情	ui	OBJECTIVES	目标	ok
	界面文案	任务与剧情	ui	OBJECTIVE	目标	ok
	界面文案	通用界面	ui	SET ACTION COMPONENTS	设置动作组件	ok
	界面文案	通用界面	ui	DEPENDENCIES	依赖关系	ok
	界面文案	任务与剧情	ui	SET ACTION OBJECTIVES	制定行动目标	ok
	界面文案	创意工坊与上传	ui	Uploading to workshop. Please wait...	上传到创意工坊。请稍候...	ok
	界面文案	通用界面	ui	Loading. Please wait...	加载中。请稍候...	ok
	界面文案	创意工坊与上传	ui	Your addon has errors that must be fixed in order to upload to the Steam workshop:\n\n	你的插件存在以下错误导致无法更新至创意工坊:\n\n	ok
	界面文案	创意工坊与上传	ui	CANNOT UPLOAD TO WORKSHOP	无法上传到创意工坊	ok
	界面文案	任务与剧情	ui	Your mission has errors that must be fixed before it can be tested:\n\n	您的任务有错误，必须先修复这些错误，然后才能进行测试。\n\n	ok
	界面文案	任务与剧情	ui	CANNOT SPAWN MISSION	无法生成任务	ok
	界面文案	创意工坊与上传	ui	WORKSHOP UPLOAD FAILED	创意工坊上传失败	ok
	界面文案	通用界面	ui	COMPONENTS OVERLAPPING	零件重叠	ok
	界面文案	创意工坊与上传	ui	Your addon has failed to upload to the Steam workshop.	你的插件上传到创意工坊的过程中出错了	ok
	界面文案	创意工坊与上传	ui	Your workshop addon has failed to update.	你的创意工坊插件更新失败	ok
	界面文案	创意工坊与上传	ui	ADDON UPLOAD COMPLETE	插件上传完成	ok
	界面文案	创意工坊与上传	ui	Your addon was successfully uploaded to the Steam workshop.\n\n We recommend heading to your addon's workshop page to add more information about the content you've included.\n\n Any vehicles used in your addon have been included as part of the upload. Players will not need to separately subscribe to any of these vehicles.	你的插件已经成功的上传到了Steam创意工坊\n\n我们建议您去该插件的创意工坊界面添加说明信息。\n\n任何插件内的载具都作为该插件的一部分被上传上去了。玩家不需要额外订阅载具	ok
	界面文案	创意工坊与上传	ui	ADDON UPDATE COMPLETE	插件上传完成	ok
	界面文案	创意工坊与上传	ui	Your addon was updated successfully.\n\nYou can customise the changelog for this update by heading to your addon's workshop page to let your subscribers know what's new.	你的插件上传成功\n\n你可以去创意工坊插件页为这此更新自定义更新日志，来让你的订阅者知道更新了什么	ok
	界面文案	任务与剧情	ui	missions	任务	ok
	界面文案	任务与剧情	ui	mission	任务	ok
	界面文案	任务与剧情	ui	objectives	目标	ok
	界面文案	任务与剧情	ui	objective	目标	ok
	界面文案	通用界面	ui	triggers	触发器	ok
	界面文案	通用界面	ui	trigger	触发器	ok
	界面文案	通用界面	ui	This component is currently required by	当前组件存在依赖关系	ok
	界面文案	通用界面	ui	Are you sure you want to delete it?	确定要删除它吗？	ok
	界面文案	创意工坊与上传	ui	Workshop upload must have a name	必须要有名字才能上传到创意工坊	ok
	界面文案	创意工坊与上传	ui	Workshop upload must be renamed	必须重命名才能上传到创意工坊	ok
	界面文案	创意工坊与上传	ui	This addon includes the following	这个组件包含以下物品	ok
	界面文案	任务与剧情	ui	mission(s)	任务	ok
	界面文案	任务与剧情	ui	Please note that some missions in this addon will only naturally spawn if certain criteria are met(such as owning a specific type of island, or having unlocked fire equipment).	请注意该插件中的一些任务会在一些情况下自然生成(例如拥有了特定类型的岛屿，或是解锁了特定装备)	ok
	界面文案	任务与剧情	ui	The author of this addon has tagged it as creative, so some or all included missions may be unsuitable for career mode.	这个插件被作者标记为创造模式插件，所以该插件的一些或所有内容也许不适合生涯模式	ok
	界面文案	创意工坊与上传	ui	(If you are the author of this addon, you can edit this description to add more details)	(如果你是这个插件的作者，你可以编辑这个描述增加更多信息)	ok
	界面文案	创意工坊与上传	ui	Uploaded	上传	ok
	界面文案	创意工坊与上传	ui	to the Workshop.	去创意工坊	ok
	界面文案	通用界面	ui	Updated	更新	ok
	界面文案	创意工坊与上传	ui	Addon must have a name	插件必须有一个名字	ok
	界面文案	创意工坊与上传	ui	Addon must be renamed	插件必须重命名	ok
	界面文案	任务与剧情	ui	MISSION OVERVIEW	任务概述	ok
	界面文案	通用界面	ui	No dependencies set.	未设置依赖项	ok
	界面文案	通用界面	ui	[no zone set]	[未设置区域]	ok
	界面文案	载具与工坊	ui	[no vehicle button set]	[未设置载具按钮]	ok
	界面文案	任务与剧情	ui	[no objective set]	[未设定目标]	ok
	界面文案	通用界面	ui	[no buttons set]	[未设置按钮]	ok
	界面文案	通用界面	ui	[no flares set]	[没有信号弹]	ok
	界面文案	通用界面	ui	[no fires set]	[未设置火]	ok
	界面文案	通用界面	ui	[no message set]	[没有消息集]	ok
	界面文案	任务与剧情	ui	[no objectives set]	[未设定目标]	ok
	界面文案	载具与工坊	ui	Loading vehicles...	加载载具...	ok
	界面文案	通用界面	ui	Saving game...	保存游戏...	ok
	界面文案	通用界面	ui	Occupied	已占用	ok
	界面文案	通用界面	ui	Place Character In	将角色放置于此	ok
	界面文案	通用界面	ui	Pick Up Character	扛起角色	ok
	界面文案	通用界面	ui	Store	存储	ok
	界面文案	通用界面	ui	Equip	装备	ok
	界面文案	通用界面	ui	Restock	补充	ok
	界面文案	通用界面	ui	Swap to	交换到	ok
	界面文案	通用界面	ui	Release	释放	ok
	界面文案	通用界面	ui	Tap	点击	ok
	界面文案	通用界面	ui	Grab	抓住	ok
	界面文案	通用界面	ui	Hold	按住	ok
	界面文案	通用界面	ui	Tether	栓住	ok
	界面文案	通用界面	ui	Structure	结构	ok
	界面文案	载具与工坊	ui	Vehicle	载具	ok
	界面文案	编辑器与建造	ui	Return To Workbench	返回工作台	ok
	界面文案	通用界面	ui	Deceased	已死亡	ok
	界面文案	通用界面	ui	Stop Following	停止跟随	ok
	界面文案	通用界面	ui	Follow	跟随	ok
	界面文案	通用界面	ui	Purchase Property\n$	购买基地\n$	ok
	界面文案	通用界面	ui	Purchase Property to Use	购买基地以解锁使用	ok
	界面文案	通用界面	ui	Not Available	不可用	ok
	界面文案	通用界面	ui	Not Available When Carrying Someone	背着人员时不可用	ok
	界面文案	载具与工坊	ui	Spawning...	正在生成...	ok
	界面文案	编辑器与建造	ui	SAVE SELECTION	保存所选内容	ok
	界面文案	载具与工坊	ui	SAVE VEHICLE	保存载具	ok
	界面文案	通用界面	ui	DISABLED	禁用	ok
	界面文案	载具与工坊	ui	X PLANE	X平面	ok
	界面文案	载具与工坊	ui	Y PLANE	Y平面	ok
	界面文案	载具与工坊	ui	Z PLANE	Z平面	ok
	界面文案	通用界面	ui	none set	未设置	ok
	界面文案	通用界面	ui	Fast-travel Location	快速旅行地点	ok
	界面文案	通用界面	ui	CLICK TO TRAVEL HERE	点击此处旅行	ok
	界面文案	通用界面	ui	Property for sale	待售基地	ok
	界面文案	通用界面	ui	You are here	你在这里	ok
	界面文案	编辑器与建造	ui	CLICK TO TAKE TO WORKBENCH	点击进入工作台	ok
	界面文案	通用界面	ui	Waypoint	航路点	ok
	界面文案	物理与机制	ui	Fuel Location	燃料站	ok
	界面文案	通用界面	ui	exit bed	离开床	ok
	界面文案	通用界面	ui	change view	更改视角	ok
	界面文案	通用界面	ui	Infinite	无限的	ok
	界面文案	通用界面	ui	Are you sure you want to purchase this property?	您确定要购买此岛屿吗？	ok
	界面文案	警告与错误	ui	You cannot afford to purchase this property at the moment	你现在买不起这个岛屿	ok
	界面文案	通用界面	ui	FAST TRAVEL	快速旅行	ok
	界面文案	通用界面	ui	Are you sure you want to travel to this location?	你确定要去这个地方吗？	ok
	界面文案	通用界面	ui	Cancel	取消	ok
	界面文案	通用界面	ui	Confirm	确认	ok
	界面文案	编辑器与建造	ui	TAKE TO WORKBENCH	带到工作台	ok
	界面文案	编辑器与建造	ui	Are you sure you want to take this vehicle back to the workbench?	你确定要把这辆载具带回工作台吗？	ok
	界面文案	任务与剧情	ui	Are you sure you want to spawn this mission?	你确定要生成此任务吗？	ok
	界面文案	任务与剧情	ui	Only missions available on the server are possible to spawn.	只有服务器上可用的任务才可能生成	ok
	界面文案	任务与剧情	ui	SPAWN MISSION	生成任务	ok
	界面文案	任务与剧情	ui	REMOVE MISSION	删除任务	ok
	界面文案	通用界面	ui	BEGIN RESEARCH	开始研究	ok
	界面文案	警告与错误	ui	Are you sure you want to begin researching ###?\n\nThis will spend some of your Research Points and cannot be cancelled.	你确定要开始研究 ### 吗？\n\n这将花费您的一些研究点，无法取消	ok
	界面文案	任务与剧情	ui	Are you sure you want to remove this mission?\n\nThis will cause all spawned objects and vehicles created by this mission to be removed from the world.\n\n(You can respawn this mission from the mission selector)	确定要删除此任务吗？\n\n这将导致此任务创建的所有衍生对象和载具从世界上删除。\n\n(您可以从任务选择器重新生成此任务)	ok
	界面文案	通用界面	ui	Map	地图	ok
	界面文案	任务与剧情	ui	Missions	任务	ok
	界面文案	通用界面	ui	Research	研究	ok
	界面文案	任务与剧情	ui	No missions available. Sleep in a bed to fast-forward, or click the (+) button to manually spawn a mission.	没有任务可用。睡在床上快进时间，或单击“+”按钮手动生成任务	ok
	界面文案	通用界面	ui	show controls	显示控制说明	ok
	界面文案	通用界面	ui	hide controls	隐藏控制说明	ok
	界面文案	任务与剧情	ui	No Active Mission	没有当前激活任务	ok
	界面文案	载具与工坊	ui	Recommended difficulty for new players. No vehicle or character damage. No advanced vehicle mechanics.	新玩家的推荐难度。无载具或人物损坏。没有高级载具选项	ok
	界面文案	任务与剧情	ui	Survival difficulty. Advanced vehicle mechanics. Transmission pipes. Injuries and death. No starting vehicles.	生存困难。高级载具。传输管道。受伤和死亡。没有起始载具	ok
	界面文案	载具与工坊	ui	Survival difficulty with reduced starting money, locked to first person view, no fast travel or vehicle teleporting, limited fuel.	生存困难与启动资金减少，锁定第一人称，没有快速旅行或载具传送，有限的燃料	ok
	界面文案	通用界面	ui	Hardcore mode with permadeath (save file will be deleted upon death).	带有永久死亡的硬核模式(保存文件将在死亡时被删除)	ok
	界面文案	通用界面	ui	Custom difficulty settings.	自定义难度设置	ok
	界面文案	通用界面	ui	Custom mode. A sandbox environment with an array of settings to customise your session. Career or Creative.	自定义模式，随意设定你的游戏，无论是生涯还是创造	ok
	界面文案	通用界面	ui	Classic mode. Career mode with research tree and third person.	经典模式。具有研发科技树和第三人称模式	ok
	界面文案	任务与剧情	ui	Career mode. Expand your coastguard empire. Complete missions with survival style settings.	生涯模式。扩张你的海岸警卫队帝国，在更加生存风格的设置下完成任务	ok
	界面文案	通用界面	ui	Custom game mode settings.	自定义游戏模式设置	ok
	界面文案	通用界面	ui	PLEASE CHOOSE ANOTHER KEY	请选择其他按键	ok
	界面文案	通用界面	ui	PRESS CONTROLLER BUTTON TO REBIND TO	按控制器按钮重新绑定到	ok
	界面文案	通用界面	ui	PRESS KEY/MOUSE TO REBIND TO	按键/鼠标重新绑定到	ok
	界面文案	图形与设置	ui	GRAPHICS	画质	ok
	界面文案	图形与设置	ui	QUALITY	质量	ok
	界面文案	通用界面	ui	Window Mode	窗口模式	ok
	界面文案	图形与设置	ui	Resolution	分辨率	ok
	界面文案	图形与设置	ui	Antialiasing Mode	抗锯齿模式	ok
	界面文案	图形与设置	ui	VSync	垂直同步	ok
	界面文案	通用界面	ui	View Distance	视距	ok
	界面文案	通用界面	ui	Meters	米	ok
	界面文案	通用界面	ui	Motion Blur	运动模糊	ok
	界面文案	通用界面	ui	Ocean Reflections	水面反射质量	ok
	界面文案	通用界面	ui	Bloom	泛光	ok
	界面文案	通用界面	ui	Wildlife	野生动物	ok
	界面文案	图形与设置	ui	Shadow Quality	阴影质量	ok
	界面文案	图形与设置	ui	Shadow Resolution	阴影分辨率	ok
	界面文案	图形与设置	ui	Light Volume Quality	体积光质量	ok
	界面文案	图形与设置	ui	SSAO	SSAO	ok
	界面文案	图形与设置	ui	SSAO Quality	SSAO质量	ok
	界面文案	载具与工坊	ui	Vehicle Foam	载具水花	ok
	界面文案	通用界面	ui	Ocean Foam	海面纹理(泡沫效果)	ok
	界面文案	图形与设置	ui	Tree Quality	树木质量	ok
	界面文案	图形与设置	ui	Monitor Quality	屏幕质量	ok
	界面文案	通用界面	ui	FOV	视野	ok
	界面文案	通用界面	ui	First Person	第一人称	ok
	界面文案	通用界面	ui	degrees	度	ok
	界面文案	载具与工坊	ui	First Person Vehicle	载具第一人称	ok
	界面文案	通用界面	ui	Third Person	第三人称	ok
	界面文案	通用界面	ui	Windowed	窗口化	ok
	界面文案	图形与设置	ui	Fullscreen	全屏	ok
	界面文案	通用界面	ui	None	无	ok
	界面文案	图形与设置	ui	FXAA	FXAA	ok
	界面文案	图形与设置	ui	TAA	TAA	ok
	界面文案	通用界面	ui	Disabled	禁用	ok
	界面文案	通用界面	ui	Enabled	启用	ok
	界面文案	通用界面	ui	Low	低	ok
	界面文案	通用界面	ui	Medium	中等	ok
	界面文案	通用界面	ui	High	高	ok
	界面文案	通用界面	ui	Ultra	超高	ok
	界面文案	图形与设置	ui	AUDIO	音频	ok
	界面文案	图形与设置	ui	VOLUME	音量	ok
	界面文案	通用界面	ui	Master	主音量	ok
	界面文案	通用界面	ui	Sounds	声音	ok
	界面文案	通用界面	ui	Environment	环境	ok
	界面文案	通用界面	ui	Music	音乐	ok
	界面文案	通用界面	ui	CONTROLS	控制	ok
	界面文案	通用界面	ui	MOUSE	鼠标	ok
	界面文案	通用界面	ui	Invert Y	Y轴反转	ok
	界面文案	通用界面	ui	Invert X	X轴反转	ok
	界面文案	图形与设置	ui	Sensitivity	灵敏度	ok
	界面文案	通用界面	ui	Aspect	横纵比(Aspect)	ok
	界面文案	通用界面	ui	Smoothing	第三人称镜头平滑	ok
	界面文案	载具与工坊	ui	Vehicle Camera Mode	载具第三人称模式	ok
	界面文案	通用界面	ui	Fixed Yaw	左右锁定	ok
	界面文案	通用界面	ui	Fixed	完全锁定	ok
	界面文案	通用界面	ui	Free	自由	ok
	界面文案	通用界面	ui	GENERAL	通用	ok
	界面文案	通用界面	ui	HUD	HUD	ok
	界面文案	任务与剧情	ui	Objectives	目标	ok
	界面文案	通用界面	ui	Clock	时钟	ok
	界面文案	通用界面	ui	Minimap	小地图	ok
	界面文案	通用界面	ui	Player Names	玩家姓名	ok
	界面文案	通用界面	ui	New Chat Messages	有新信息时显示聊天窗口	ok
	界面文案	按键与控制	ui	Keybind Hints	按键绑定提示	ok
	界面文案	通用界面	ui	Tooltip Detail	提示工具	ok
	界面文案	通用界面	ui	Show	显示	ok
	界面文案	通用界面	ui	Hide	隐藏	ok
	界面文案	图形与设置	ui	Graphics	画质	ok
	界面文案	图形与设置	ui	Audio	音频	ok
	界面文案	通用界面	ui	Controls	控制	ok
	界面文案	通用界面	ui	General	通用	ok
	界面文案	通用界面	ui	Language	语言	ok
	界面文案	通用界面	ui	AVAILABLE LANGUAGES	可用语言	ok
	界面文案	通用界面	ui	LANGUAGE	语言	ok
	界面文案	通用界面	ui	Language settings can only be changed from the main menu.	只能从主菜单更改语言设置	ok
	界面文案	通用界面	ui	New Translation	创建新翻译	ok
	界面文案	通用界面	ui	NEW TRANSLATION	创建新翻译	ok
	界面文案	通用界面	ui	Language name	语言名称	ok
	界面文案	通用界面	ui	One or more translations are incomplete	一个或多个翻译不完整	ok
	界面文案	通用界面	ui	Official	官方的	ok
	界面文案	创意工坊与上传	ui	Workshop	创意工坊	ok
	界面文案	通用界面	ui	CHANGE LANGUAGE	更改语言	ok
	界面文案	创意工坊与上传	ui	UPLOAD TRANSLATION	上传翻译	ok
	界面文案	通用界面	ui	UPDATE TRANSLATION	更新翻译	ok
	界面文案	创意工坊与上传	ui	Upload Translation	上传翻译	ok
	界面文案	通用界面	ui	Update Translation	更新翻译	ok
	界面文案	创意工坊与上传	ui	Are you sure you want to upload this translation to the Steam Workshop?	是否确实要将此翻译上传到Steam创意工坊？	ok
	界面文案	创意工坊与上传	ui	Are you sure you want to update this translation on the Steam Workshop?\n\nAny players who have subscribed to your translation will receive your changes.	您确定要在Steam创意工坊上更新此翻译吗？\n\n任何已订阅您的翻译的玩家都将收到您的更改	ok
	界面文案	创意工坊与上传	ui	You must provide a full translation in order to upload to the Steam workshop.	您必须提供完整的翻译才能上传到Steam创意工坊	ok
	界面文案	通用界面	ui	Are you sure you want to change your selected language? This may take a few seconds.	确实要更改所选语言吗？这可能需要几秒钟	ok
	界面文案	通用界面	ui	(settings must be saved for some changes to take effect)	(必须保存设置才能使某些更改生效)	ok
	界面文案	创意工坊与上传	ui	Your translation has failed to upload to the Steam workshop.	您的翻译未能上传到Steam创意工坊	ok
	界面文案	创意工坊与上传	ui	Your translation was successfully uploaded to the Steam workshop.	您的翻译已成功上传到Steam创意工坊	ok
	界面文案	创意工坊与上传	ui	TRANSLATION UPLOAD COMPLETE	翻译上传完成	ok
	界面文案	通用界面	ui	Back	返回	ok
	界面文案	通用界面	ui	Apply/Save	应用/保存	ok
	界面文案	通用界面	ui	Reset	重置	ok
	界面文案	通用界面	ui	RESET TO DEFAULTS	重置为默认值	ok
	界面文案	通用界面	ui	Are you sure you want to reset to defaults?	是否确实要重置为默认值？	ok
	界面文案	通用界面	ui	CLEAR BINDING	清除绑定	ok
	界面文案	通用界面	ui	Are you sure you want to clear this binding?	确定要清除此绑定吗？	ok
	界面文案	图形与设置	ui	The resolution in the persistent graphics settings is not available. Defaulting to the current resolution.	持续性图形设置中的分辨率不可用。默认为当前分辨率	ok
	界面文案	通用界面	ui	Are you sure you want to clear the binding for ###?	是否确实要清除 ### 的绑定？	ok
	界面文案	图形与设置	ui	Are you sure you want to reset your graphics settings to their defaults?	确定要将图形设置重置为默认设置吗？	ok
	界面文案	图形与设置	ui	Are you sure you want to reset your audio settings to their defaults?	确定要将音频设置重置为默认设置吗？	ok
	界面文案	通用界面	ui	Are you sure you want to reset your controls settings to their defaults?	是否确实要将控制设置重置为其默认值？	ok
	界面文案	通用界面	ui	Are you sure you want to reset your general settings to their defaults?	确定要将常规设置重置为默认设置吗？	ok
	界面文案	通用界面	ui	Are you sure you want to reset your language settings to their defaults? This may take a few seconds.	确实要将语言设置重置为默认设置吗？这可能需要几秒钟	ok
	界面文案	通用界面	ui	Report a Bug	Bug报告	ok
	界面文案	任务与剧情	ui	Report Bug / Request Feature	报告错误/请求功能	ok
	界面文案	通用界面	ui	Join us on Discord	在Discord上加入我们	ok
	界面文案	创意工坊与上传	ui	Steam Workshop	Steam创意工坊	ok
	界面文案	教程与提示	ui	Video Tutorials	视频教程	ok
	界面文案	通用界面	ui	Continue	继续	ok
	界面文案	通用界面	ui	Load Game	加载游戏	ok
	界面文案	多人游戏与服务器	ui	Multiplayer	多人游戏	ok
	界面文案	通用界面	ui	Benchmark	基准测试	ok
	界面文案	通用界面	ui	Settings	设置	ok
	界面文案	通用界面	ui	Quit	退出	ok
	界面文案	多人游戏与服务器	ui	Stormworks' multiplayer is currently in an early alpha stage of testing. It will contain bugs and is not yet feature complete.	Stormworks的多人游戏目前正处于测试的EA阶段。它将包含错误，尚未完成功能	ok
	界面文案	多人游戏与服务器	ui	Server Name	服务器名称	ok
	界面文案	通用界面	ui	Join	加入	ok
	界面文案	通用界面	ui	Internet	互联网	ok
	界面文案	多人游戏与服务器	ui	Join another player's server. Games hosted by your Steam friends are listed below. You can also join a Steam friend by clicking them in your friends list and choosing 'Join Game'.	加入其他玩家的服务器。下面列出了您的Steam好友创建的服务器。你也可以通过点击好友列表中的好友并选择“加入游戏”来加入Steam好友	ok
	界面文案	多人游戏与服务器	ui	Join a Dedicated server run through Steam. Dedicated servers found by Valve's API will show up here.	加入一个通过Steam运行的专用服务器。Valve的API找到的专用服务器将显示在这里	ok
	界面文案	通用界面	ui	Friends	好友	ok
	界面文案	图形与设置	ui	Refresh List	刷新列表	ok
	界面文案	多人游戏与服务器	ui	Host a server that your Steam friends can join. Up to 32 friends will be able to join you.	创建一个服务器，您的Steam好友可以加入。最多32位好友可以加入您的服务器	ok
	界面文案	通用界面	ui	Requires Password	需要密码	ok
	界面文案	通用界面	ui	Password	密码	ok
	界面文案	微控制器与 Lua	ui	Max Players	最大玩家数	ok
	界面文案	通用界面	ui	Allow Modded Components	允许使用修改过的组件	ok
	界面文案	多人游戏与服务器	ui	Host	创建服务器	ok
	界面文案	通用界面	ui	Submit	提交	ok
	界面文案	通用界面	ui	CHOOSE BASE	选择基地	ok
	界面文案	通用界面	ui	DELETE SAVE	删除存档	ok
	界面文案	通用界面	ui	Are you sure you want to delete this game?	确定要删除此游戏吗？	ok
	界面文案	通用界面	ui	COMPONENT STOCK	零部件库存	ok
	界面文案	任务与剧情	ui	CASH REWARD	现金奖励	ok
	界面文案	通用界面	ui	RESEARCH POINTS	研究点	ok
	界面文案	任务与剧情	ui	Mission Failed	任务失败	ok
	界面文案	任务与剧情	ui	Mission Complete	任务完成	ok
	界面文案	任务与剧情	ui	Remove Mission	删除任务	ok
	界面文案	通用界面	ui	Toggle Active	切换激活	ok
	界面文案	任务与剧情	ui	MISSIONS	任务	ok
	界面文案	任务与剧情	ui	Mission Selector	任务选择器	ok
	界面文案	任务与剧情	ui	No missions	没有任务	ok
	界面文案	通用界面	ui	Official	官方的	ok
	界面文案	通用界面	ui	Saved	已保存	ok
	界面文案	创意工坊与上传	ui	Workshop	创意工坊	ok
	界面文案	创意工坊与上传	ui	Your saved addons.	你保存的插件	ok
	界面文案	创意工坊与上传	ui	Addons you've subscribed to on the Steam Workshop.	你在Steam创意工坊订阅的插件	ok
	界面文案	创意工坊与上传	ui	Official addons created by the Stormworks Devs.	来自Stormworks开发组的官方插件	ok
	界面文案	任务与剧情	ui	no objectives	没有目标	ok
	界面文案	任务与剧情	ui	1 objective	1个目标	ok
	界面文案	通用界面	ui	requirements	需求	ok
	界面文案	创意工坊与上传	ui	UPLOAD NEW ADDON	上传新插件	ok
	界面文案	创意工坊与上传	ui	Share your addon with other players on the Steam Workshop.	通过Steam创意工坊与其他玩家分享你的插件	ok
	界面文案	创意工坊与上传	ui	Addon	插件	ok
	界面文案	创意工坊与上传	ui	Addon Name	插件名称	ok
	界面文案	通用界面	ui	Test Location	测试地点	ok
	界面文案	创意工坊与上传	ui	Enabled Addons	已开启的插件	ok
	界面文案	微控制器与 Lua	ui	Edit Addon Lua	编辑插件Lua脚本	ok
	界面文案	通用界面	ui	Toggle All	开启所有	ok
	界面文案	创意工坊与上传	ui	OVERWRITE EXISTING ADDON	覆盖已有插件	ok
	界面文案	创意工坊与上传	ui	Overwrite your addon and publish your changes to the Steam Workshop.	覆盖你的插件并把变化上传至Steam创意工坊	ok
	界面文案	通用界面	ui	Loading...	加载...	ok
	界面文案	通用界面	ui	EXIT	退出	ok
	界面文案	通用界面	ui	Exit the editor.	退出编辑器	ok
	界面文案	通用界面	ui	NEW	新的	ok
	界面文案	创意工坊与上传	ui	Create a new addon.	创建一个新插件	ok
	界面文案	通用界面	ui	LOAD	加载	ok
	界面文案	创意工坊与上传	ui	Load a saved addon.	加载一个已保存的插件	ok
	界面文案	通用界面	ui	SAVE	保存	ok
	界面文案	创意工坊与上传	ui	Save the currently edited addon.	保存当前编辑插件	ok
	界面文案	创意工坊与上传	ui	ADDON OVERVIEW	插件总览	ok
	界面文案	创意工坊与上传	ui	View the currently edited addon.	查看当前编辑插件	ok
	界面文案	通用界面	ui	LOCATION EDITOR	位置编辑器	ok
	界面文案	创意工坊与上传	ui	Edit the current addon's locations.	编辑当前插件地点	ok
	界面文案	创意工坊与上传	ui	View the currently edited addon.	查看当前编辑插件	ok
	界面文案	通用界面	ui	ADD CHARACTER	添加角色	ok
	界面文案	任务与剧情	ui	You can customise outfits and whether this character is a survivor or NPC in the properties window. Survivors will follow you and can be picked up, but NPCs can not be interacted with.	你可以在属性窗口中定制装备以及这个角色是幸存者还是NPC。幸存者将跟随你并且可以被捡起，但是NPC不能被交互	ok
	界面文案	通用界面	ui	ADD OBJECT	添加对象	ok
	界面文案	任务与剧情	ui	Objects can be picked up, thrown and moved around by the player. They can be used for delivery missions or just as decoration. You can customise the object type in the properties window.	玩家可以捡起、投掷和移动物体。它们可以用于运输任务或仅仅作为装饰。可以在“属性”窗口中自定义对象类型	ok
	界面文案	通用界面	ui	ADD ZONE	添加区域	ok
	界面文案	通用界面	ui	ADD ZONE	添加区域	ok
	界面文案	微控制器与 Lua	ui	Zones can be used to set up advanced mission behaviour at specific world locations with addon Lua. These zones can be accessed globally by any addon script with functions getZones() and isInZone().	可以在世界中设置一个带有lua插件的区域，来实现更高级的任务功能。创建出的区域可以被任何插件全局访问，访问函数为getZones()以及isInZone()	ok
	界面文案	任务与剧情	ui	Zones are used to specify a location, these zones are local to a addon and can be accessed like any other local component through getLocationObjectData(). Mission Zones are generally more appropriate for constructing procedural style missions.	区域用于指定一个位置，这些区域是playlist的地点，可以像其他本地组件一样通过getLocationObjectData()来访问。任务区一般更适合构建流程式的任务	ok
	界面文案	载具与工坊	ui	ADD VEHICLE	添加载具	ok
	界面文案	任务与剧情	ui	You can set a vehicle to be static in the properties window. Static vehicles are fixed in place, making them useful for adding buildings or cranes to missions.	可以在“属性”窗口中将载具设置为静态。静态载具被固定在一个位置，这使得它们有助于在任务中增加建筑或机械臂	ok
	界面文案	载具与工坊	ui	ADD VEHICLE BUTTON	添加载具按钮	ok
	界面文案	任务与剧情	ui	Vehicle buttons allow your mission to interact with a named button on a vehicle. You must parent the button to a vehicle, and set the 'button display name' in the properties window to be the name of a button on the parent vehicle.	载具按钮允许您的任务与载具上的指定按钮交互。必须将按钮设置为载具的父级，并将“属性”窗口中的“按钮显示名称”设置为父级载具上按钮的名称	ok
	界面文案	通用界面	ui	ADD FLARE	添加信号弹	ok
	界面文案	通用界面	ui	Flares emit a plume of coloured smoke that can be used to get the player's attention in an emergency situation. The colour of the flare can be customised in the properties window.	照明弹会释放出一股彩色烟雾，在紧急情况下可以用来引起玩家的注意。可以在“属性”窗口中自定义照明弹的颜色	ok
	界面文案	通用界面	ui	ADD FIRE	添加火焰	ok
	界面文案	通用界面	ui	Fires can be extinguished using water cannons and will spread to other nearby fires. The size of the fire and whether or not it is initially lit can be customised in the properties window.	火焰可以用高压水枪扑灭，并在周围蔓延形成火灾。火焰的大小以及它最初是否被点燃可以在属性窗口中定制	ok
	界面文案	通用界面	ui	ADD LOOT	添加战利品	ok
	界面文案	任务与剧情	ui	Loot boxes allow you to hide additional rewards in your missions. Each one will give the player a random reward with a value between $6000 and $10000.	战利品箱允许你在任务中隐藏额外的奖励。每位玩家将随机获得一份价值在6000到10000美元之间的奖励	ok
	界面文案	通用界面	ui	ADD ANIMAL	添加动物	ok
	界面文案	生物与角色	ui	The animal type can be customised in the properties window. If the 'Sharks' difficulty option is enabled, sharks will stalk and attack characters in the water.	可以在“属性”窗口中自定义动物类型。如果启用“鲨鱼”难度选项，鲨鱼将跟踪并攻击水中的角色	ok
	界面文案	通用界面	ui	Done	完成	ok
	界面文案	通用界面	ui	Clear Parent	清除父类	ok
	界面文案	通用界面	ui	Properties	属性	ok
	界面文案	载具与工坊	ui	Parent to Vehicle	以载具为父类	ok
	界面文案	载具与工坊	ui	Replace Vehicle File	更换载具档案	ok
	界面文案	通用界面	ui	Move	移动	ok
	界面文案	通用界面	ui	Rotate	旋转	ok
	界面文案	通用界面	ui	Resize	调整大小	ok
	界面文案	通用界面	ui	Delete	删除	ok
	界面文案	通用界面	ui	Message	消息	ok
	界面文案	通用界面	ui	Description	说明	ok
	界面文案	通用界面	ui	DELETE LOCATION	删除位置	ok
	界面文案	通用界面	ui	Are you sure you want to delete this location?	确实要删除此位置吗？	ok
	界面文案	任务与剧情	ui	DELETE MISSION	删除任务	ok
	界面文案	任务与剧情	ui	Are you sure you want to delete this mission?	确定要删除此任务吗？	ok
	界面文案	任务与剧情	ui	DELETE OBJECTIVE	删除目标	ok
	界面文案	任务与剧情	ui	Are you sure you want to delete this objective?	是否确实要删除此目标？	ok
	界面文案	通用界面	ui	DELETE TRIGGER	删除触发器	ok
	界面文案	通用界面	ui	Are you sure you want to delete this trigger?	确实要删除此触发器吗？	ok
	界面文案	通用界面	ui	DELETE COMPONENT	删除组件	ok
	界面文案	任务与剧情	ui	Are you sure you want to delete this mission component?	是否确实要删除此任务组件？	ok
	界面文案	创意工坊与上传	ui	Are you sure you want to create a new addon?	你确定要创建一个新插件吗？	ok
	界面文案	创意工坊与上传	ui	Enter a save name for this addon:	输入一个插件保存名字:	ok
	界面文案	创意工坊与上传	ui	DELETE ADDON	删除插件	ok
	界面文案	创意工坊与上传	ui	Are you sure you want to delete this addon?	你确定要删除这个插件吗	ok
	界面文案	创意工坊与上传	ui	OVERWRITE ADDON	覆盖插件	ok
	界面文案	创意工坊与上传	ui	Are you sure you want to overwrite this addon?	你确定要覆盖这个插件吗	ok
	界面文案	创意工坊与上传	ui	UPLOAD ADDON	上传插件	ok
	界面文案	创意工坊与上传	ui	NEW ADDON	新插件	ok
	界面文案	创意工坊与上传	ui	Are you sure you want to upload this addon to the workshop?\n\n This will make it available to all Stormworks players.	你确定你要将这个插件上传到创意工坊？\n\n这将让所有Stormworks玩家能够游玩该插件	ok
	界面文案	创意工坊与上传	ui	Are you sure you want to overwrite this workshop playlist?	是否确实要覆盖此创意工坊游玩列表？	ok
	界面文案	任务与剧情	ui	Are you sure you want to test this mission in the world?\n\nYour mission will be automatically despawned when you return to the addon editor.	你确定想要在世界中测试这个任务？\n\n你的任务将在返回插件编辑器时自动销毁	ok
	界面文案	任务与剧情	ui	SET OBJECTIVE DEPENDENCIES	设置目标依赖项	ok
	界面文案	任务与剧情	ui	OTHER OBJECTIVES	其他目标	ok
	界面文案	通用界面	ui	SET COMPONENT DEPENDENCIES	设置组件依赖项	ok
	界面文案	通用界面	ui	COMPONENTS	组件	ok
	界面文案	任务与剧情	ui	SET MISSION DEPENDENCIES	设置任务相关性	ok
	界面文案	任务与剧情	ui	OTHER MISSIONS	其他任务	ok
	界面文案	任务与剧情	ui	This mission will only spawn in career mode if all of its dependencies are met. It will never spawn if its dependencies have failed to be met.	这个任务只会在生涯模式下产生，如果它的所有依赖都得到满足。如果无法满足其依赖关系，则它将永远不会生成	ok
	界面文案	通用界面	ui	TRIGGERS	触发器	ok
	界面文案	通用界面	ui	TRIGGER	触发	ok
	界面文案	通用界面	ui	SET ACTION DEPENDENCIES	设置操作依赖项	ok
	界面文案	通用界面	ui	ACTIONS	行动	ok
	界面文案	通用界面	ui	Message Title	消息标题	ok
	界面文案	通用界面	ui	Message Text	消息文本	ok
	界面文案	通用界面	ui	connecting	连接	ok
	界面文案	通用界面	ui	connected	有联系的	ok
	界面文案	通用界面	ui	OUTPUT	输出	ok
	界面文案	通用界面	ui	INPUT	输入	ok
	界面文案	通用界面	ui	IN STOCK	有库存	ok
	界面文案	通用界面	ui	EACH	每个	ok
	界面文案	通用界面	ui	OUT OF STOCK	无货	ok
	界面文案	通用界面	ui	Cost	花费	ok
	界面文案	通用界面	ui	Locked	锁定	ok
	界面文案	通用界面	ui	Open	打开	ok
	界面文案	通用界面	ui	Close	关闭	ok
	界面文案	创意工坊与上传	ui	UPLOAD NEW VEHICLE	上传新载具	ok
	界面文案	创意工坊与上传	ui	Share your vehicle with other players on the Steam Workshop.	在Steam创意工坊与其他玩家共享您的载具	ok
	界面文案	载具与工坊	ui	OVERWRITE EXISTING VEHICLE	覆盖现有载具	ok
	界面文案	创意工坊与上传	ui	Overwrite your vehicle and publish your changes to the Steam Workshop.	覆盖您的载具并将更改发布到Steam创意工坊	ok
	界面文案	通用界面	ui	LOGIC GATES	逻辑门	ok
	界面文案	微控制器与 Lua	ui	Enter a name for this microcontroller	输入此微控制器的名称	ok
	界面文案	微控制器与 Lua	ui	DELETE MICROCONTROLLER	删除微控制器	ok
	界面文案	微控制器与 Lua	ui	Are you sure you want to delete this microcontroller?	确定要删除此微控制器吗？	ok
	界面文案	微控制器与 Lua	ui	OVERWRITE MICROCONTROLLER	覆盖微控制器	ok
	界面文案	微控制器与 Lua	ui	Are you sure you want to overwrite this microcontroller?	确定要覆盖此微控制器吗？	ok
	界面文案	微控制器与 Lua	ui	CLEAR MICROCONTROLLER	清除微控制器	ok
	界面文案	微控制器与 Lua	ui	Are you sure you want to start a new microcontroller? Any unsaved changes will be lost.	你确定要创建新的微控制器吗？任何未保存的更改都将丢失	ok
	界面文案	微控制器与 Lua	ui	UPLOAD MICROCONTROLLER	上传微控制器	ok
	界面文案	微控制器与 Lua	ui	Are you sure you want to upload this microcontroller to the workshop?\n\n This will make it available to all Stormworks players.	您确定要将此微控制器上传到创意工坊吗？\n\n这将使所有Stormworks玩家都可以使用它	ok
	界面文案	微控制器与 Lua	ui	EDIT MICROCONTROLLER	编辑微控制器	ok
	界面文案	微控制器与 Lua	ui	Are you sure you want to open this microcontroller in the editor?\n\nAny unsaved changed currently open in the microcontroller editor will be lost.	你确定要在编辑器中打开这个微控制器吗？\n\n微控制器编辑器中当前打开的任何未保存的更改都将丢失	ok
	界面文案	微控制器与 Lua	ui	UPDATE MICROCONTROLLER	更新微控制器	ok
	界面文案	微控制器与 Lua	ui	Are you sure you want to update the selected microcontroller with this schematic?\n\n- If you have resized the schematic, some components may be removed to make room for the new microcontroller.\n- If you have moved or changed any logic inputs/outputs, some logic links may not be preserved.	是否确实要用此示意图更新选定的微控制器？\n\n-如果调整了原理图的大小，则可能会删除某些组件以为新微控制器腾出空间。\n-如果移动或更改了任何逻辑输入/输出，则可能无法保留某些逻辑链接	ok
	界面文案	载具与工坊	ui	Enter a name for this vehicle	输入此载具的名称	ok
	界面文案	载具与工坊	ui	Enter file name to export vehicle model to	输入要将载具型导出到的文件名	ok
	界面文案	通用界面	ui	EXPORT 3D MODEL	导出三维模型	ok
	界面文案	载具与工坊	ui	DELETE VEHICLE	删除载具	ok
	界面文案	载具与工坊	ui	Are you sure you want to delete this vehicle?	确定要删除此载具吗？	ok
	界面文案	载具与工坊	ui	OVERWRITE VEHICLE	覆盖载具	ok
	界面文案	载具与工坊	ui	Are you sure you want to overwrite this vehicle?	确定要覆盖此载具吗？	ok
	界面文案	载具与工坊	ui	CLEAR VEHICLE	删除载具	ok
	界面文案	警告与错误	ui	Are you sure you want to clear this vehicle? This cannot be undone.	你确定要清空这辆载具吗？这是无法撤消的	ok
	界面文案	创意工坊与上传	ui	Are you sure you want to overwrite this workshop vehicle?	是否确实要覆盖此创意工坊载具？	ok
	界面文案	创意工坊与上传	ui	UPLOAD VEHICLE	上传载具	ok
	界面文案	创意工坊与上传	ui	Are you sure you want to upload this vehicle to the workshop?\n This will make it available to all Stormworks players.	是否确认将此载具上传到创意工坊？\n这将使所有stormworks玩家都能够看到	ok
	界面文案	警告与错误	ui	ERROR LOADING VEHICLE	加载载具时出错	ok
	界面文案	警告与错误	ui	There was an error	发生错误	ok
	界面文案	创意工坊与上传	ui	UPLOAD COMPLETE	上传完成	ok
	界面文案	创意工坊与上传	ui	Upload complete.	上传完成	ok
	界面文案	地形与环境	ui	The vehicle you are trying to load is too large for this edit area.\n\nYou will need to purchase an island with a larger workbench to load this vehicle. Check the map screen for bases for sale.	您要加载的载具对于此编辑区域太大。\n\n您需要购买一个带有较大工作台的基地来加载此载具。在地图上查看待售基地	ok
	界面文案	载具与工坊	ui	The vehicle you are trying to load is too large for this edit area.	您试图加载的载具对于此编辑区域太大	ok
	界面文案	载具与工坊	ui	The vehicle file you are trying to load could not be found.	找不到您试图加载的载具文件	ok
	界面文案	创意工坊与上传	ui	Your vehicle has failed to upload to the Steam workshop.	您的载具无法上传到Steam创意工坊	ok
	界面文案	微控制器与 Lua	ui	Your microcontroller has failed to upload to the Steam workshop.	您的微控制器无法上传到Steam创意工坊	ok
	界面文案	创意工坊与上传	ui	Your workshop vehicle has failed to update.	您的创意工坊载具无法更新	ok
	界面文案	微控制器与 Lua	ui	Your workshop microcontroller has failed to update.	您的创意工坊微控制器更新失败	ok
	界面文案	微控制器与 Lua	ui	UPDATING MICROCONTROLLER FAILED	更新微控制器失败	ok
	界面文案	微控制器与 Lua	ui	The microcontroller could not be updated due to the new schematic extending beyond the boundary of the workbench.\n\nYou will need to replace this microcontroller manually.	由于新的示意图超出工作台的边界，无法更新微控制器。\n\n您需要手动更换此微控制器	ok
	界面文案	微控制器与 Lua	ui	The microcontroller could not be updated.\n\nYou will need to replace this microcontroller manually.	无法更新微控制器。\n\n需要手动更换此微控制器	ok
	界面文案	微控制器与 Lua	ui	The updated microcontroller could not be added to your vehicle.\n\nYou will need to replace this microcontroller manually.	无法将更新的微控制器添加到您的载具中。\n\n您需要手动更换此微控制器	ok
	界面文案	载具与工坊	ui	Please give your vehicle a descriptive name.	请给你的载具起个描述性的名字	ok
	界面文案	通用界面	ui	Please limit your selected tags to a maximum of 10.	请将您选择的标签限制为最多10个	ok
	界面文案	通用界面	ui	Please select at least 1 tag.	请至少选择一个标签	ok
	界面文案	创意工坊与上传	ui	Your vehicle is too small to be uploaded to the workshop.	您的载具太小，无法上传到创意工坊	ok
	界面文案	通用界面	ui	Your custom thumbnail is not a 512x512 size PNG.	您的自定义缩略图不是512x512大小的PNG	ok
	界面文案	警告与错误	ui	You are missing some components in this vehicle, they have been removed:\n	您没有此载具中的某些组件，这些组件已被删除:\n	ok
	界面文案	通用界面	ui	Some components do not fit or may be overlapping, they have been removed:\n	某些组件不匹配或可能重叠，它们已被删除:\n	ok
	界面文案	通用界面	ui	INCOMPATIBLE DIFFICULTY	困难度不兼容	ok
	界面文案	载具与工坊	ui	This vehicle was built with the 'Advanced Vehicles' difficulty option enabled.\n\nYou are currently playing with Advanced Vehicles disabled, so this vehicle may not function correctly or at all without modification.	此载具是在启用“高级载具”困难选项的情况下制造的。\n\n您当前正在禁用高级载具，因此此载具可能无法正常工作，或者根本无法进行修改	ok
	界面文案	载具与工坊	ui	This vehicle was built with the 'Advanced Vehicles' difficulty option disabled.\n\nYou are currently playing with Advanced Vehicles enabled, so this vehicle may not function correctly or at all without modification.	此载具是在禁用“高级载具”困难选项的情况下制造的。\n\n您当前正在使用启用的高级载具进行游戏，因此此载具可能无法正常工作，或者根本无法进行修改	ok
	界面文案	通用界面	ui	SOME COMPONENTS DID NOT FIT	有些组件并不兼容	ok
	界面文案	载具与工坊	ui	Some components have been updated and no longer fit on this vehicle. You will still be able to edit this vehicle but these components have been removed:\n	某些部件已更新，不再适合此载具。您仍可以编辑此载具，但这些组件已被删除:\n	ok
	界面文案	微控制器与 Lua	ui	Your microcontroller has errors that must be fixed in order to upload to the workshop:\n\n	您的微控制器有一些错误，必须修复这些错误才能上传到创意工坊:\n\n	ok
	界面文案	警告与错误	ui	ERROR	错误	ok
	界面文案	警告与错误	ui	An error occurred.	发生错误	ok
	界面文案	创意工坊与上传	ui	VEHICLE UPLOAD COMPLETE	载具上传完成	ok
	界面文案	创意工坊与上传	ui	Your vehicle was successfully uploaded to the Steam workshop.\n\nWe recommend heading to your vehicle's workshop page to add a description and screenshots.	您的载具已成功上传到Steam创意工坊。\n\n我们建议您转到载具的创意工坊页面以添加说明和屏幕截图	ok
	界面文案	微控制器与 Lua	ui	MICROCONTROLLER UPLOAD COMPLETE	微控制器上传完成	ok
	界面文案	微控制器与 Lua	ui	Your microcontroller was successfully uploaded to the Steam workshop.\n\nWe recommend heading to your microcontroller's workshop page to add a description, screenshots, and usage instructions.	您的微控制器已成功上传到Steam创意工坊。\n\n我们建议您转到微控制器的创意工坊页以添加说明、屏幕截图和使用说明	ok
	界面文案	载具与工坊	ui	VEHICLE UPDATE COMPLETE	载具更新完成	ok
	界面文案	创意工坊与上传	ui	Your vehicle was updated successfully.\n\nYou can customise the changelog for this update by heading to your vehicle's workshop page to let your subscribers know what's new.	您的载具已成功更新。\n\n您可以自定义此更新的更改日志，方法是转到您载具的“创意工坊”页面，让您的订阅用户了解最新情况	ok
	界面文案	微控制器与 Lua	ui	MICROCONTROLLER UPDATE COMPLETE	微控制器更新完成	ok
	界面文案	微控制器与 Lua	ui	Your microcontroller was updated successfully.\n\nYou can customise the changelog for this update by heading to your microcontroller's workshop page to let your subscribers know what's new.	您的微控制器已成功更新。\n\n您可以通过转到微控制器的工作区页面，让您的订阅用户知道最新的内容，自定义此更新的更改日志	ok
	界面文案	通用界面	ui	EXPORT COMPLETE	导出完成	ok
	界面文案	通用界面	ui	SUCCESS	成功	ok
	界面文案	通用界面	ui	The action was completed successfully.	操作已成功完成	ok
	界面文案	通用界面	ui	(double-click to expand)	(双击展开)	ok
	界面文案	微控制器与 Lua	ui	No description set for microcontroller component.	没有为微控制器组件设置描述	ok
	界面文案	通用界面	ui	Results for	结果	ok
	界面文案	通用界面	ui	COMPONENT INVENTORY	部件库存	ok
	界面文案	通用界面	ui	Group: None	排序:无	ok
	界面文案	通用界面	ui	Group: Category	排序:类别	ok
	界面文案	通用界面	ui	Group: A to Z	排序:A到Z	ok
	界面文案	通用界面	ui	Backups	备份	ok
	界面文案	微控制器与 Lua	ui	Your saved microcontrollers.	你保存的微控制器	ok
	界面文案	微控制器与 Lua	ui	Microcontrollers you've subscribed to on the Steam Workshop.	你在Steam创意工坊上订阅的微控制器	ok
	界面文案	通用界面	ui	Backups of the 10 most recent autosaves.	10个最近的自动保存的备份	ok
	界面文案	微控制器与 Lua	ui	Microcontrollers you've uploaded to the Steam Workshop.	你上传到Steam创意工坊的微控制器	ok
	界面文案	创意工坊与上传	ui	STEAM WORKSHOP UPLOAD	Steam创意工坊上传	ok
	界面文案	微控制器与 Lua	ui	Share your microcontroller with other players on the Steam Workshop.	在Steam创意工坊与其他玩家共享您的微控制器	ok
	界面文案	创意工坊与上传	ui	UPLOAD NAME	上传名称	ok
	界面文案	微控制器与 Lua	ui	Microcontroller	微控制器	ok
	界面文案	通用界面	ui	Tags	标签	ok
	界面文案	通用界面	ui	TAGS	标签	ok
	界面文案	通用界面	ui	Show on Map	在地图上显示	ok
	界面文案	创意工坊与上传	ui	Upload	上传	ok
	界面文案	微控制器与 Lua	ui	UPLOAD NEW MICROCONTROLLER	上传新微控制器	ok
	界面文案	微控制器与 Lua	ui	OVERWRITE EXISTING MICROCONTROLLER	覆盖现有微控制器	ok
	界面文案	微控制器与 Lua	ui	Overwrite your microcontroller and publish your changes to the Steam Workshop. Players will need to replace any copies of your microcontroller that they have placed on their vehicle in order to use your updated version.	覆盖微控制器并将更改发布到Steam创意工坊。玩家将需要更换你的微控制器的任何副本，他们已经放在他们的载具上，以便使用你的更新版本	ok
	界面文案	通用界面	ui	BACK	返回	ok
	界面文案	载具与工坊	ui	Return to the vehicle editor.	返回载具编辑器	ok
	界面文案	通用界面	ui	UPDATE	更新	ok
	界面文案	微控制器与 Lua	ui	Update the selected microcontroller with this schematic.	用此示意图更新选定的微控制器	ok
	界面文案	微控制器与 Lua	ui	Discard any changes and start a new microcontroller.	放弃任何更改并启动新的微控制器	ok
	界面文案	微控制器与 Lua	ui	Load a saved microcontroller.	加载保存的微控制器	ok
	界面文案	微控制器与 Lua	ui	Save your microcontroller for use in your vehicles.	保存您的微控制器以便在您的载具中使用	ok
	界面文案	创意工坊与上传	ui	WORKSHOP	创意工坊	ok
	界面文案	微控制器与 Lua	ui	Upload your microcontroller to the Steam Workshop, or update a previous upload.	将微控制器上传到Steam创意工坊，或更新以前的上传	ok
	界面文案	通用界面	ui	DESIGN	设计	ok
	界面文案	微控制器与 Lua	ui	Design the physical layout of your microcontroller and customise inputs and outputs.	设计微控制器的物理布局并定制输入和输出	ok
	界面文案	通用界面	ui	LOGIC	逻辑	ok
	界面文案	微控制器与 Lua	ui	Edit the logic behaviour of your microcontroller.	编辑微控制器的逻辑行为	ok
	界面文案	微控制器与 Lua	ui	Browse microcontroller components [tab]. Drag components to your hotbar with [LMB] for quick access. Double click a component to hide the inventory. Double click a hotbar slot or select it when the inventory is open to replace it with another component. [0-9] can be used to select hotbar slots.	浏览微控制器组件[选tab]。使用[LMB]将组件拖到您的热栏中，以便快速访问。双击组件以隐藏库存。双击一个热工具栏槽，或者在库存打开时选择它，用另一个组件替换它。[0-9]可用于选择hotbar插槽	ok
	界面文案	通用界面	ui	input	输入	ok
	界面文案	通用界面	ui	output	输出	ok
	界面文案	通用界面	ui	Name	名字	ok
	界面文案	通用界面	ui	Signal In	信号输入	ok
	界面文案	通用界面	ui	The input signal to process.	要处理的输入信号	ok
	界面文案	通用界面	ui	No description set.	没有描述集	ok
	界面文案	通用界面	ui	Width	宽度	ok
	界面文案	通用界面	ui	Length	长度	ok
	界面文案	通用界面	ui	Don't show in inventory	不显示在库存中	ok
	界面文案	微控制器与 Lua	ui	Add Node	添加节点	ok
	界面文案	通用界面	ui	NODES	节点	ok
	界面文案	通用界面	ui	Use [lmb] to toggle pixels.	使用[lmb]来绘制/擦除	ok
	界面文案	通用界面	ui	SCHEMATIC	示意图	ok
	界面文案	物理与机制	ui	Drag logic nodes to reposition them. Click to focus.	拖动逻辑节点以重新定位它们。单击以聚焦	ok
	界面文案	通用界面	ui	Some nodes are overlapping.	一些节点存在重叠	ok
	界面文案	微控制器与 Lua	ui	Some nodes are outside the microcontroller.	一些节点在微控制器外部	ok
	界面文案	通用界面	ui	Logic	逻辑	ok
	界面文案	通用界面	ui	Symbol	标识	ok
	界面文案	通用界面	ui	Movement	运动	ok
	界面文案	通用界面	ui	Camera	摄像头	ok
	界面文案	通用界面	ui	Miscellaneous	杂项	ok
	界面文案	通用界面	ui	Controller	控制手柄	ok
	界面文案	通用界面	ui	pad	键盘	ok
	界面文案	通用界面	ui	button	按钮	ok
	界面文案	通用界面	ui	axis	轴	ok
	界面文案	通用界面	ui	Left	左	ok
	界面文案	通用界面	ui	Right	右	ok
	界面文案	通用界面	ui	Forward	向前	ok
	界面文案	通用界面	ui	Backward	向后	ok
	界面文案	按键与控制	ui	Jump/Swim Up	跳跃/上浮	ok
	界面文案	按键与控制	ui	Crouch/Swim Down	蹲下/下沉	ok
	界面文案	通用界面	ui	Trim Menu	配平(Trim)菜单	ok
	界面文案	按键与控制	ui	Sprint	冲刺	ok
	界面文案	通用界面	ui	Walk	步行	ok
	界面文案	通用界面	ui	Interact Left	向左交互	ok
	界面文案	通用界面	ui	Interact Right	向右交互	ok
	界面文案	通用界面	ui	Use Equipment	使用装备	ok
	界面文案	通用界面	ui	Use Equipment Secondary Function	使用装备辅助功能	ok
	界面文案	通用界面	ui	Drop Equipment	扔掉装备	ok
	界面文案	通用界面	ui	Cycle Next Equipment	选择下一个设备	ok
	界面文案	通用界面	ui	Cycle Previous Equipment	选择前一个设备	ok
	界面文案	通用界面	ui	Use Seat/Ladder	使用座椅/梯子	ok
	界面文案	通用界面	ui	Pedal Left	踏板向左	ok
	界面文案	通用界面	ui	Pedal Right	踏板向右	ok
	界面文案	通用界面	ui	Throttle Up	加速	ok
	界面文案	通用界面	ui	Throttle Down	减速	ok
	界面文案	通用界面	ui	Hotkey 1	热键1	ok
	界面文案	通用界面	ui	Hotkey 2	热键2	ok
	界面文案	通用界面	ui	Hotkey 3	热键3	ok
	界面文案	通用界面	ui	Hotkey 4	热键4	ok
	界面文案	通用界面	ui	Hotkey 5	热键5	ok
	界面文案	通用界面	ui	Hotkey 6	热键6	ok
	界面文案	通用界面	ui	Custom Menu	自定义模式菜单	ok
	界面文案	通用界面	ui	Photo Mode	照片模式	ok
	界面文案	通用界面	ui	Zoom	缩放	ok
	界面文案	通用界面	ui	Camera Mode	摄像头模式	ok
	界面文案	通用界面	ui	Toggle Controls UI	切换控件用户界面	ok
	界面文案	通用界面	ui	Emote Wheel	表情轮	ok
	界面文案	通用界面	ui	Player List	玩家列表	ok
	界面文案	通用界面	ui	Quick Chat	快速聊天	ok
	界面文案	通用界面	ui	Show detailed data labels	显示详细数据	ok
	界面文案	通用界面	ui	Voice Chat	语音聊天	ok
	界面文案	通用界面	ui	Axis 1	虚拟轴1	ok
	界面文案	通用界面	ui	Axis 2	虚拟轴2	ok
	界面文案	通用界面	ui	Axis 3	虚拟轴3	ok
	界面文案	通用界面	ui	Axis 4	虚拟轴4	ok
	界面文案	通用界面	ui	Axis 5	虚拟轴5	ok
	界面文案	通用界面	ui	Axis 6	虚拟轴6	ok
	界面文案	通用界面	ui	Axis 7	虚拟轴7	ok
	界面文案	通用界面	ui	Axis 8	虚拟轴8	ok
	界面文案	通用界面	ui	Button	按钮	ok
	界面文案	通用界面	ui	View Left	向左查看	ok
	界面文案	通用界面	ui	View Right	向右查看	ok
	界面文案	通用界面	ui	View Down	向下查看	ok
	界面文案	通用界面	ui	View Up	向上查看	ok
	界面文案	警告与错误	ui	Spawn Failed	生成失败	ok
	界面文案	任务与剧情	ui	Spawned Mission	生成的任务	ok
	界面文案	任务与剧情	ui	New Mission	新任务	ok
	界面文案	载具与工坊	ui	### could not be spawned	无法生成 ###	ok
	界面文案	通用界面	ui	No location set	未设置位置	ok
	界面文案	通用界面	ui	GAME MODE	游戏模式	ok
	界面文案	通用界面	ui	World Seed	世界种子	ok
	界面文案	通用界面	ui	Difficulty	难度	ok
	界面文案	通用界面	ui	Normal	正常	ok
	界面文案	通用界面	ui	Survival	生存	ok
	界面文案	通用界面	ui	Hardcore	硬核	ok
	界面文案	通用界面	ui	Rogue	铁人	ok
	界面文案	通用界面	ui	Custom	自定义模式	ok
	界面文案	通用界面	ui	Game Mode	游戏模式	ok
	界面文案	通用界面	ui	Career	生涯模式	ok
	界面文案	通用界面	ui	Classic	经典模式	ok
	界面文案	通用界面	ui	Custom	自定义模式	ok
	界面文案	通用界面	ui	CUSTOMISE DIFFICULTY	自定义难度	ok
	界面文案	通用界面	ui	First Person Only	锁定第一人称	ok
	界面文案	通用界面	ui	Camera is locked to first person when on foot.	当步行时，摄像机被锁定	ok
	界面文案	载具与工坊	ui	First Person Vehicle Only	禁用载具第三人称	ok
	界面文案	载具与工坊	ui	Camera is locked to first person in vehicles.	载具中保持第一人称模式	ok
	界面文案	载具与工坊	ui	Advanced Vehicles	高级载具	ok
	界面文案	任务与剧情	ui	Transmission pipes, fuel requirement, advanced engine mechanics.	传动管道、载具燃料需求、高级发动机原理	ok
	界面文案	载具与工坊	ui	Vehicle Damage	载具损坏	ok
	界面文案	载具与工坊	ui	Vehicles can be damaged by the environment.	载具可能会受到环境的破坏	ok
	界面文案	通用界面	ui	Player Damage	玩家伤害	ok
	界面文案	通用界面	ui	Survival mechanics such as player mortality and debuffs.	生存机制，如玩家死亡和减益	ok
	界面文案	通用界面	ui	NPC Damage	NPC伤害	ok
	界面文案	任务与剧情	ui	Survivors and NPCs have the same mortality as the player in survival mode.	幸存者和NPC会像生存模式下玩家同样受到各种伤害	ok
	界面文案	生物与角色	ui	Sharks	鲨鱼	ok
	界面文案	生物与角色	ui	Sharks will attack you.	鲨鱼会攻击你	ok
	界面文案	通用界面	ui	Megalodons	巨齿鲨	ok
	界面文案	载具与工坊	ui	Megalodons will stalk and attack your vehicles.	巨齿鲨会跟踪并攻击你的载具	ok
	界面文案	载具与工坊	ui	Teleport Vehicles	传送载具	ok
	界面文案	编辑器与建造	ui	Teleport vehicles back to the workbench from the map.	将载具从地图传送回工作台	ok
	界面文案	通用界面	ui	Fast Travel	快速旅行	ok
	界面文案	通用界面	ui	Fast travel back to your base from the map.	从地图上快速返回基地	ok
	界面文案	通用界面	ui	Permadeath	永久性死亡	ok
	界面文案	通用界面	ui	One save file that is wiped upon death.	死亡时删除存档	ok
	界面文案	物理与机制	ui	Limited Fuel	有限的燃料	ok
	界面文案	载具与工坊	ui	Vehicles spawn with no fuel and must be refilled from fuel tanks around the world (only applies to advanced vehicles).	载具在没有燃料的情况下生成，必须从世界各地的燃料箱中补充燃料(仅适用于高级载具)	ok
	界面文案	通用界面	ui	First person Markers	第一人称标记	ok
	界面文案	任务与剧情	ui	Mission Markers for the First Person HUD.	在第一个人的HUD上的任务标记点	ok
	界面文案	通用界面	ui	Starting Money	启动资金	ok
	界面文案	通用界面	ui	CUSTOMISE GAME MODE	自定义游戏模式	ok
	界面文案	通用界面	ui	Unlock All Components	解锁所有组件	ok
	界面文案	通用界面	ui	Unlock All Properties	解锁所有基地	ok
	界面文案	通用界面	ui	All purchasable properties are pre-purchased.	所有可购买基地均已解锁	ok
	界面文案	通用界面	ui	Infinite Stock	无限库存	ok
	界面文案	通用界面	ui	Infinite money, resources and components are available.	无限的钱、资源与组件	ok
	界面文案	通用界面	ui	Creative Tools	创意工具	ok
	界面文案	任务与剧情	ui	Enable time/weather control menu, addon editor, mission spawn menu.	开关时间/天气控制面板、插件编辑器、任务生成面板	ok
	界面文案	通用界面	ui	Day/Night Cycle (minutes)	昼夜循环(分钟)	ok
	界面文案	通用界面	ui	Daylight Hours	白昼长度	ok
	界面文案	通用界面	ui	Clear	清除	ok
	界面文案	通用界面	ui	Invert	反转	ok
	界面文案	通用界面	ui	KEY/BUTTON	键/按钮	ok
	界面文案	通用界面	ui	CURRENT BINDING	当前绑定	ok
	界面文案	通用界面	ui	REBIND	重新绑定	ok
	界面文案	通用界面	ui	(Press [esc] to cancel)	(按[esc]取消)	ok
	界面文案	通用界面	ui	Plus ### more...	还有 ### 项...	ok
	界面文案	任务与剧情	ui	Mission '###' has no name	任务“###”没有名称	ok
	界面文案	任务与剧情	ui	Mission '###' needs at least 1 objective	任务“###”需要至少一个目标	ok
	界面文案	警告与错误	ui	Cannot Edit ### With Passengers	无法在有乘客时编辑 ###	ok
	界面文案	警告与错误	ui	Cannot Edit ### When Carrying Someone	携带某人时无法编辑 ###	ok
	界面文案	通用界面	ui	PRESS [###] AGAIN TO REPLACE OR CHOOSE ANOTHER KEY	再次按[###]以替换或选择另一个键	ok
	界面文案	通用界面	ui	[###] is reserved for showing/hiding the profiler	[###] 已经保留用于显示/隐藏分析器	ok
	界面文案	通用界面	ui	[###] is a reserved key	[###] 是保留键	ok
	界面文案	任务与剧情	ui	Mission '###' must be renamed to something other than '###'	任务“###”必须重命名为“###”以外的其他名称	ok
	界面文案	任务与剧情	ui	Objective ### in mission '###' has no name	任务“###”中的目标“###”没有名称	ok
	界面文案	任务与剧情	ui	Objective ### in mission '###' has no description	任务“###”中的目标“###”没有描述	ok
	界面文案	任务与剧情	ui	Objective ### in mission '###' has unfulfilled component dependencies	任务“###”中的目标“###”具有未实现的组件依赖	ok
	界面文案	通用界面	ui	### is already bound to [###]	###已绑定到[###]	ok
	界面文案	通用界面	ui	### is bound to [###]	###绑定到[###]	ok
	界面文案	通用界面	ui	Starter Base	新手基地	ok
	界面文案	地形与环境	ui	Features a small dock.	有一个小码头	ok
	界面文案	通用界面	ui	Creative Base	创造模式基地	ok
	界面文案	地形与环境	ui	Features a hangar, large dock, and runway.	设有机库、大型码头和跑道	ok
	界面文案	载具与工坊	ui	Helicopter Base	直升机基地	ok
	界面文案	载具与工坊	ui	Features a hangar and helipad.	设有机库和直升机停机坪	ok
	界面文案	通用界面	ui	O'Neill Airbase	奥尼尔空军基地	ok
	界面文案	地形与环境	ui	An airstrip on the North-East side of the Sawyer Islands.	索耶群岛屿东北侧的简易机场	ok
	界面文案	地形与环境	ui	Sawyer Islands' South-East Fishing Village	索耶群岛屿东南渔村	ok
	界面文案	地形与环境	ui	A cosy fishing village with a dock on the South side of the Sawyer Islands.	索耶群岛屿南边有码头的温馨渔村	ok
	界面文案	通用界面	ui	Harrison Airbase	哈里森空军基地	ok
	界面文案	地形与环境	ui	An airstrip on the North-West side of the Sawyer Islands.	索耶群岛屿西北侧的简易机场	ok
	界面文案	地形与环境	ui	Sawyer Islands' North Harbour	索耶群岛屿北港	ok
	界面文案	地形与环境	ui	A harbour with railway access on the North coast of the Sawyer Islands.	索耶群岛屿北岸有铁路通道的港口	ok
	界面文案	地形与环境	ui	Harbour Base	港口基地	ok
	界面文案	地形与环境	ui	Harbour base, large dock.	港口基地，大型码头	ok
	界面文案	通用界面	ui	Airstrip Base	简易机场基地	ok
	界面文案	通用界面	ui	Features a hangar and runway.	设有机库和跑道	ok
	界面文案	通用界面	ui	Military Base	军事基地	ok
	界面文案	通用界面	ui	A small military establishment with a hangar, barracks and runway.	有机库、兵营和跑道的小型军事设施	ok
	界面文案	通用界面	ui	Terminal Spycakes	斯派克站	ok
	界面文案	地形与环境	ui	Large dock and small village with various access routes to the island.	大码头和小村庄，有各种进出岛屿的路线	ok
	界面文案	通用界面	ui	Mainland Airstrip	大陆机场	ok
	界面文案	通用界面	ui	Old hangar with airstrip and a small village.	有飞机跑道和一个小村庄的旧机库	ok
	界面文案	通用界面	ui	Terminal Camodo	卡莫多站	ok
	界面文案	通用界面	ui	Train yard and shipping terminal at the end of the key.	载具场和货运站在按键的末端	ok
	界面文案	地形与环境	ui	Trainline Island 1	铁路线岛屿1	ok
	界面文案	地形与环境	ui	A curved section of trainline that passes over a small uninhabited island.	穿过无人居住的小岛屿的一段弯曲的铁路线	ok
	界面文案	地形与环境	ui	Trainline Island 2	铁路线岛屿2	ok
	界面文案	地形与环境	ui	A diagonal section of trainline that passes over several small islands.	穿过几个小岛屿的对角线铁路	ok
	界面文案	地形与环境	ui	Trainline Island 3	铁路线岛屿3	ok
	界面文案	地形与环境	ui	A straight section of trainline that passes over several small islands.	穿过几个小岛屿的一段直线铁路	ok
	界面文案	通用界面	ui	Custom Base Submarine	定制潜艇基地	ok
	界面文案	地形与环境	ui	Features a large cave with water access, and a large area for base construction.	有一个连接大海的大洞穴，还有一个大面积的基地建设	ok
	界面文案	载具与工坊	ui	Custom Base Heli	定制直升机基地	ok
	界面文案	载具与工坊	ui	An inaccessible plateau, perfect for landing helicopters or base construction.	不可接近的高原，非常适合降落直升机或基地建设	ok
	界面文案	载具与工坊	ui	Custom Base Large Boat	定制大型舰船基地	ok
	界面文案	地形与环境	ui	A weathered bank ideal for docking large boats, with a flat area for base construction.	一个风化的堤岸，是停靠大船的理想选择，有一个平坦的区域用于建造基地	ok
	界面文案	载具与工坊	ui	Custom Base Small Boat	定制小艇基地	ok
	界面文案	地形与环境	ui	Features a small cave with water access and a flat area for base construction.	有一个连接大海的小山洞，还有一个平坦的地方可以建造基地	ok
	界面文案	通用界面	ui	Custom Base Oil Rig (Large)	定制大型石油钻井平台	ok
	界面文案	通用界面	ui	The base of a large, disused oil rig, ready for building a new platform.	一个废弃的大型石油钻井平台的底座，准备建造一个新的平台	ok
	界面文案	地形与环境	ui	Arctic Island Base	北极岛屿基地	ok
	界面文案	地形与环境	ui	A huge airfield and shipping dock base.	有一个巨大的机场和船坞的基地	ok
	界面文案	通用界面	ui	Sell	出售	ok
	界面文案	通用界面	ui	Buy	购买	ok
	界面文案	警告与错误	ui	Invalid Fluid Type	无效的流体类型	ok
	界面文案	通用界面	ui	Diesel	柴油	ok
	界面文案	物理与机制	ui	Jet Fuel	航空燃油	ok
	界面文案	通用界面	ui	Crude Oil	原油	ok
	界面文案	通用界面	ui	litre	升	ok
	界面文案	任务与剧情	ui	Mission	任务	ok
	界面文案	任务与剧情	ui	(Spawned missions can be despawned by selecting them and clicking 'Remove Mission')	(生成的任务可以通过选择它们并单击“取消任务”来取消)	ok
	界面文案	任务与剧情	ui	Removed Mission	取消任务	ok
	界面文案	通用界面	ui	Red	红色	ok
	界面文案	通用界面	ui	Green	绿色	ok
	界面文案	通用界面	ui	Blue	蓝色	ok
	界面文案	通用界面	ui	Apply	应用	ok
	界面文案	通用界面	ui	Exit	退出	ok
	界面文案	通用界面	ui	Randomise	随机	ok
	界面文案	通用界面	ui	Complete	完成	ok
	界面文案	通用界面	ui	Body Type	身形	ok
	界面文案	通用界面	ui	Skin Color	肤色	ok
	界面文案	通用界面	ui	Hair Style	发型	ok
	界面文案	通用界面	ui	Hair Color	头发颜色	ok
	界面文案	生物与角色	ui	Eyebrows	眉毛	ok
	界面文案	通用界面	ui	Moustache	小胡子	ok
	界面文案	通用界面	ui	Beard	胡子	ok
	界面文案	通用界面	ui	Shirt	衬衫	ok
	界面文案	通用界面	ui	Shirt Color	衬衫颜色	ok
	界面文案	通用界面	ui	Trousers	裤子	ok
	界面文案	通用界面	ui	Trouser Color	裤子颜色	ok
	界面文案	通用界面	ui	Shoes	鞋	ok
	界面文案	通用界面	ui	Shoe Color	鞋色	ok
	界面文案	通用界面	ui	Hat	帽子	ok
	界面文案	通用界面	ui	Hat Color	帽子颜色	ok
	界面文案	通用界面	ui	Glasses	眼镜	ok
	界面文案	通用界面	ui	Glasses Color	眼镜颜色	ok
	界面文案	通用界面	ui	Mask	面罩	ok
	界面文案	通用界面	ui	Mask Color	面罩颜色	ok
	界面文案	通用界面	ui	Clothes	服装	ok
	界面文案	通用界面	ui	Clothing Color	服装颜色	ok
	界面文案	通用界面	ui	Character	人物	ok
	界面文案	通用界面	ui	Hair	头发	ok
	界面文案	通用界面	ui	Base Clothes	基本服装	ok
	界面文案	通用界面	ui	Extra Clothes	额外服装	ok
	界面文案	通用界面	ui	Male	男性	ok
	界面文案	通用界面	ui	Female	女性	ok
	界面文案	通用界面	ui	Bald	秃头的	ok
	界面文案	通用界面	ui	Male Hair 1	男性头发1	ok
	界面文案	通用界面	ui	Male Hair 2	男性头发2	ok
	界面文案	通用界面	ui	Male Hair 3	男性头发3	ok
	界面文案	通用界面	ui	Male Hair 4	男性头发4	ok
	界面文案	通用界面	ui	Male Hair 5	男性头发5	ok
	界面文案	通用界面	ui	Male Hair 6	男性头发6	ok
	界面文案	通用界面	ui	Female Hair 1	女性头发1	ok
	界面文案	通用界面	ui	Female Hair 2	女性头发2	ok
	界面文案	通用界面	ui	Female Hair 3	女性头发3	ok
	界面文案	通用界面	ui	Female Hair 4	女性头发4	ok
	界面文案	通用界面	ui	Female Hair 5	女性头发5	ok
	界面文案	通用界面	ui	Female Hair 6	女性头发6	ok
	界面文案	通用界面	ui	Female Hair 7	女性头发7	ok
	界面文案	生物与角色	ui	Eyebrows 1	眉毛1	ok
	界面文案	生物与角色	ui	Eyebrows 2	眉毛2	ok
	界面文案	生物与角色	ui	Eyebrows 3	眉毛3	ok
	界面文案	生物与角色	ui	Eyebrows 4	眉毛4	ok
	界面文案	通用界面	ui	Moustache 1	小胡子1	ok
	界面文案	通用界面	ui	Moustache 2	小胡子2	ok
	界面文案	通用界面	ui	Moustache 3	小胡子3	ok
	界面文案	通用界面	ui	Moustache 4	小胡子4	ok
	界面文案	通用界面	ui	Moustache 5	八字胡5	ok
	界面文案	通用界面	ui	Beard 1	胡子1	ok
	界面文案	通用界面	ui	Beard 2	胡子2	ok
	界面文案	通用界面	ui	Beard 3	胡子3	ok
	界面文案	通用界面	ui	Beard 4	胡子4	ok
	界面文案	通用界面	ui	Beard 5	胡子5	ok
	界面文案	通用界面	ui	Tank top	无袖衫	ok
	界面文案	通用界面	ui	T-shirt	T恤	ok
	界面文案	通用界面	ui	Long Sleeves	长袖	ok
	界面文案	通用界面	ui	Crop top	平顶	ok
	界面文案	通用界面	ui	Shorts	短裤	ok
	界面文案	通用界面	ui	High Waist	高腰	ok
	界面文案	通用界面	ui	Boots	靴子	ok
	界面文案	通用界面	ui	Beanie	无檐小便帽	ok
	界面文案	通用界面	ui	Captain	船长	ok
	界面文案	生物与角色	ui	Fisherman	渔夫	ok
	界面文案	通用界面	ui	Hard hat	安全帽	ok
	界面文案	通用界面	ui	Headset	耳机	ok
	界面文案	通用界面	ui	Aviator	飞行员	ok
	界面文案	通用界面	ui	Pirate	海盗	ok
	界面文案	生物与角色	ui	Shark	鲨鱼	ok
	界面文案	通用界面	ui	Megalodon	巨齿鲨	ok
	界面文案	通用界面	ui	Animal	动物	ok
	界面文案	通用界面	ui	Penguin	企鹅	ok
	界面文案	通用界面	ui	Seal	海豹	ok
	界面文案	生物与角色	ui	Whale	鲸鱼	ok
	界面文案	通用界面	ui	Beer	啤酒	ok
	界面文案	通用界面	ui	Pilot	飞行员	ok
	界面文案	通用界面	ui	Umbrella	雨伞	ok
	界面文案	通用界面	ui	Diving Helmet	潜水头盔	ok
	界面文案	通用界面	ui	Witch	女巫	ok
	界面文案	通用界面	ui	Pumpkin	南瓜	ok
	界面文案	通用界面	ui	Santa	圣诞老人	ok
	界面文案	通用界面	ui	Antlers	鹿角	ok
	界面文案	通用界面	ui	Aviators	飞行员	ok
	界面文案	通用界面	ui	Goggles	护目镜	ok
	界面文案	通用界面	ui	Eye patch	眼罩	ok
	界面文案	通用界面	ui	Snorkel	呼吸管	ok
	界面文案	通用界面	ui	Gas mask	防毒面具	ok
	界面文案	通用界面	ui	Pilot mask	飞行员面罩	ok
	界面文案	生物与角色	ui	Life Jacket	救生衣	ok
	界面文案	通用界面	ui	Lab Coat	实验服	ok
	界面文案	通用界面	ui	Police Vest	警服	ok
	界面文案	通用界面	ui	Stethoscope	听诊器	ok
	界面文案	通用界面	ui	Straps	带子	ok
	界面文案	通用界面	ui	Hazmat Suit	防化服	ok
	界面文案	通用界面	ui	Aviator Jacket	飞行员夹克	ok
	界面文案	通用界面	ui	Pilot Life Preserver	飞行员救生衣	ok
	界面文案	生物与角色	ui	Zombie	僵尸	ok
	界面文案	通用界面	ui	Skeleton	骨架	ok
	界面文案	通用界面	ui	CUSTOM OPTIONS	自定义选项	ok
	界面文案	通用界面	ui	Override Time	时间控制	ok
	界面文案	载具与工坊	ui	Clean All Vehicles	清理所有载具	ok
	界面文案	载具与工坊	ui	Vehicle Cleanup	载具清理	ok
	界面文案	载具与工坊	ui	Respawning	重生	ok
	界面文案	载具与工坊	ui	Vehicle Spawning	载具重生	ok
	界面文案	通用界面	ui	Teleport	传送	ok
	界面文案	通用界面	ui	No-Clip	无碰撞	ok
	界面文案	通用界面	ui	Name Plates	头顶显示名称	ok
	界面文案	通用界面	ui	Allow	允许	ok
	界面文案	通用界面	ui	3D Waypoints	三维路径点	ok
	界面文案	载具与工坊	ui	Map Vehicles	地图上显示载具	ok
	界面文案	通用界面	ui	Map Players	地图上显示玩家	ok
	界面文案	通用界面	ui	Engine Overheating	引擎过热	ok
	界面文案	通用界面	ui	Disable Weapons	禁用武器	ok
	界面文案	通用界面	ui	Infinite Ammo	无限弹药	ok
	界面文案	物理与机制	ui	Infinite Fuel	无限燃料	ok
	界面文案	通用界面	ui	Infinite Electric	无限电力	ok
	界面文案	通用界面	ui	Infinite Resources	无限资源	ok
	界面文案	通用界面	ui	Sunrise/Sunset Time	日出/日落时间	ok
	界面文案	通用界面	ui	Day/Night Duration	昼/夜持续时间	ok
	界面文案	通用界面	ui	Current Time	当前时间	ok
	界面文案	通用界面	ui	Off	关闭	ok
	界面文案	通用界面	ui	On	打开	ok
	界面文案	通用界面	ui	Override Weather	天气控制	ok
	界面文案	通用界面	ui	Fog	雾	ok
	界面文案	通用界面	ui	Wind	风	ok
	界面文案	通用界面	ui	Rain	雨	ok
	界面文案	通用界面	ui	Snow	雪	ok
	界面文案	载具与工坊	ui	Spawn Tsunami	引发海啸	ok
	界面文案	通用界面	ui	Cancel Tsunami	取消海啸	ok
	界面文案	通用界面	ui	Reveal the Map	显示所有地图	ok
	界面文案	通用界面	ui	TRIM	配平(TRIM)	ok
	界面文案	通用界面	ui	wave	招手	ok
	界面文案	通用界面	ui	yes	是	ok
	界面文案	通用界面	ui	no	否	ok
	界面文案	通用界面	ui	salute	敬礼	ok
	界面文案	通用界面	ui	point	指	ok
	界面文案	通用界面	ui	going down	下去	ok
	界面文案	通用界面	ui	facepalm	捂脸	ok
	界面文案	通用界面	ui	crash and burn	crash and burn	todo
	界面文案	通用界面	ui	take on me	take on me	todo
	界面文案	通用界面	ui	STOCK	库存	ok
	界面文案	通用界面	ui	Unknown Component	未知组件	ok
	界面文案	通用界面	ui	RESEARCH	研究	ok
	界面文案	任务与剧情	ui	REWARD RECEIVED	收到的奖励	ok
	界面文案	通用界面	ui	RESEARCH COMPLETE	研究完成	ok
	界面文案	任务与剧情	ui	COMPLETED MISSION	完成的任务	ok
	界面文案	通用界面	ui	LOADING	加载	ok
	界面文案	通用界面	ui	DECEASED	已死亡	ok
	界面文案	通用界面	ui	Quit To Menu	退出菜单	ok
	界面文案	通用界面	ui	Your rogue mode game has ended.	你的铁人模式游戏已经结束	ok
	界面文案	通用界面	ui	End date	结束日期	ok
	界面文案	通用界面	ui	Total playtime	总游玩时间	ok
	界面文案	任务与剧情	ui	Missions completed	完成的任务数	ok
	界面文案	任务与剧情	ui	Missions failed	任务失败数	ok
	界面文案	通用界面	ui	Total loot found	发现的战利品总数	ok
	界面文案	通用界面	ui	Final money	最终存款	ok
	界面文案	通用界面	ui	Your rogue mode save has been permanently deleted. Click below to return to the main menu.	你的铁人模式存档已被永久删除。单击下面返回主菜单	ok
	界面文案	通用界面	ui	COMPONENT	组件	ok
	界面文案	任务与剧情	ui	No missions available. Sleep in a bed to fast-forward to the next mission.	没有任务可用。睡在床上快进到下一个任务	ok
	界面文案	任务与剧情	ui	MISSION SELECTOR	任务选择器	ok
	界面文案	通用界面	ui	Save name	保存名称	ok
	界面文案	通用界面	ui	MENU	菜单	ok
	界面文案	通用界面	ui	Resume	恢复	ok
	界面文案	通用界面	ui	Save	保存	ok
	界面文案	通用界面	ui	Load	加载	ok
	界面文案	通用界面	ui	Time of Day/Weather	时间/天气	ok
	界面文案	创意工坊与上传	ui	Addon Editor	插件编辑器	ok
	界面文案	通用界面	ui	DELETE SAVE DATA	删除保存数据	ok
	界面文案	通用界面	ui	Are you sure you want to delete this save data?	是否确实要删除此保存数据？	ok
	界面文案	通用界面	ui	QUIT TO MENU	退出菜单	ok
	界面文案	通用界面	ui	Are you sure you want to quit to the main menu? Your progress will be saved.	你确定要退出主菜单吗？您的进度将被保存	ok
	界面文案	通用界面	ui	UNSAVED PROGRESS	未保存的进度	ok
	界面文案	通用界面	ui	Do you want to save your game before quitting?	你想在退出前保存游戏吗？	ok
	界面文案	通用界面	ui	Autosaved progress may be lost if you start a new game.	如果开始新游戏，自动保存的进度可能会丢失	ok
	界面文案	通用界面	ui	Save and Quit	保存并退出	ok
	界面文案	通用界面	ui	Quit Without Saving	不保存就退出	ok
	界面文案	创意工坊与上传	ui	RETURN TO ADDON EDITOR	返回到插件编辑器	ok
	界面文案	任务与剧情	ui	You are currently testing a mission.\n\nReturning to the addon editor will despawn all vehicles and objects associated with the mission.\n\nAre you sure you want to return to the addon editor?	您当前正在测试任务。\n\n返回任务编辑器将销毁与任务相关的所有载具和对象。\n\n确实要返回任务编辑器吗？	ok
	界面文案	多人游戏与服务器	ui	Are you sure you want to disconnect from this server?	确实要断开与此服务器的连接吗？	ok
	界面文案	通用界面	ui	Are you sure you want to quit to the main menu?	你确定要退出主菜单吗？	ok
	界面文案	通用界面	ui	Field of View	视野(FOV)	ok
	界面文案	通用界面	ui	Roll With Player	视角跟随玩家旋转	ok
	界面文案	通用界面	ui	Camera Roll	倾斜相机	ok
	界面文案	通用界面	ui	Hide Player	隐藏玩家	ok
	界面文案	通用界面	ui	Contrast	对比度	ok
	界面文案	通用界面	ui	Color Mode	色彩模式	ok
	界面文案	通用界面	ui	Time of Day	时间	ok
	界面文案	通用界面	ui	Border	边界	ok
	界面文案	通用界面	ui	Logo	Logo	ok
	界面文案	通用界面	ui	Logo Color	Logo颜色	ok
	界面文案	通用界面	ui	Vignette	镜头暗角	ok
	界面文案	通用界面	ui	Vignette Distance	边框距离	ok
	界面文案	通用界面	ui	Vignette Strength	边框强度	ok
	界面文案	通用界面	ui	Film Grain	画面颗粒	ok
	界面文案	通用界面	ui	Film Grain Strength	画面颗粒强度	ok
	界面文案	通用界面	ui	Colorise	照片滤镜	ok
	界面文案	通用界面	ui	Top Left	左上	ok
	界面文案	通用界面	ui	Top Middle	上方中间	ok
	界面文案	通用界面	ui	Top Right	右上	ok
	界面文案	通用界面	ui	Bottom Left	左下	ok
	界面文案	通用界面	ui	Bottom Middle	底部中间	ok
	界面文案	通用界面	ui	Bottom Right	右下	ok
	界面文案	通用界面	ui	White	白色	ok
	界面文案	通用界面	ui	Grey	灰色	ok
	界面文案	通用界面	ui	Black	黑色	ok
	界面文案	通用界面	ui	Orange	橙色	ok
	界面文案	通用界面	ui	Letter Boxed	电影式	ok
	界面文案	通用界面	ui	Square	方形	ok
	界面文案	通用界面	ui	Instant	拍立得式	ok
	界面文案	通用界面	ui	Black and White	黑白	ok
	界面文案	通用界面	ui	Sepia	黑白	ok
	界面文案	通用界面	ui	Cyan	青色	ok
	界面文案	通用界面	ui	Cross Process 1	交叉过程1	ok
	界面文案	通用界面	ui	Cross Process 2	交叉过程2	ok
	界面文案	通用界面	ui	Cross Process 3	交叉过程3	ok
	界面文案	通用界面	ui	Grey/Green	灰色/绿色	ok
	界面文案	通用界面	ui	Original Color	原色	ok
	界面文案	通用界面	ui	rotate camera	旋转摄影机	ok
	界面文案	通用界面	ui	move camera	移动摄像机	ok
	界面文案	通用界面	ui	Crane up	摄像机上升	ok
	界面文案	通用界面	ui	Crane down	摄像机下降	ok
	界面文案	通用界面	ui	reset	重置	ok
	界面文案	通用界面	ui	hide ui	隐藏用户界面	ok
	界面文案	按键与控制	ui	pause/unpause	暂停/取消暂停	ok
	界面文案	通用界面	ui	properties	属性	ok
	界面文案	物理与机制	ui	mass	质量	ok
	界面文案	物理与机制	ui	force	力	ok
	界面文案	通用界面	ui	power	动力	ok
	界面文案	通用界面	ui	range	范围	ok
	界面文案	通用界面	ui	motor	发动机	ok
	界面文案	通用界面	ui	motorspeed	发动机速度	ok
	界面文案	通用界面	ui	logic inputs	逻辑输入	ok
	界面文案	通用界面	ui	logic outputs	逻辑输出	ok
	界面文案	通用界面	ui	connections	连接	ok
	界面文案	通用界面	ui	LOGIC OUTPUT	逻辑输出	ok
	界面文案	通用界面	ui	LOGIC INPUT	逻辑输入	ok
	界面文案	物理与机制	ui	Connect outputs to one or more inputs. Drag over an existing connection to remove it.	将输出连接到一个或多个输入。拖到已存在的连接上以将其删除	ok
	界面文案	微控制器与 Lua	ui	NODE	节点	ok
	界面文案	通用界面	ui	On/Off	开/关	ok
	界面文案	微控制器与 Lua	ui	This logic node doesn't have a description yet	这个逻辑节点还没有描述	ok
	界面文案	载具与工坊	ui	change drag plane	更改拖动平面	ok
	界面文案	通用界面	ui	Reset Camera	重置摄像机	ok
	界面文案	通用界面	ui	Orbit Mode	环绕模式	ok
	界面文案	通用界面	ui	Free Mode	自由模式	ok
	界面文案	通用界面	ui	Brush	刷子	ok
	界面文案	通用界面	ui	Additive	增加	ok
	界面文案	通用界面	ui	Replace Color	替换颜色	ok
	界面文案	载具与工坊	ui	Plane Fill	平面填充	ok
	界面文案	通用界面	ui	Custom Colors	自定义颜色	ok
	界面文案	通用界面	ui	Add To Custom Color	添加到自定义颜色	ok
	界面文案	编辑器与建造	ui	PAINT MODE	绘制模式	ok
	界面文案	编辑器与建造	ui	Change paint mode settings.	更改绘制模式设置	ok
	界面文案	编辑器与建造	ui	MOVE GRID	移动网格	ok
	界面文案	编辑器与建造	ui	Move the selection grid.	移动选择网格	ok
	界面文案	编辑器与建造	ui	RESIZE GRID	调整网格大小	ok
	界面文案	编辑器与建造	ui	Resize the selection grid.	调整选择网格的大小	ok
	界面文案	编辑器与建造	ui	RESET GRID	重置网格	ok
	界面文案	编辑器与建造	ui	Reset the selection grid to its default size.	将选择网格重置为其默认大小	ok
	界面文案	通用界面	ui	MOVE/CUT	移动/剪切	ok
	界面文案	编辑器与建造	ui	Cut the contents of the selection grid from your vehicle. Logic links to other parts of your vehicle will be preserved the first time you paste.	从载具中剪切选择网格的内容。第一次粘贴时，将保留到载具其他部分的逻辑链接	ok
	界面文案	通用界面	ui	CUT	剪切	ok
	界面文案	编辑器与建造	ui	Copy the current selection to the clipboard and remove it.	将当前选定内容复制到剪贴板并将其删除	ok
	界面文案	编辑器与建造	ui	COPY	复制	ok
	界面文案	编辑器与建造	ui	Copy the current selection to the clipboard.	将当前选定内容复制到剪贴板	ok
	界面文案	编辑器与建造	ui	Copy the contents of the selection grid.	复制选择网格的内容	ok
	界面文案	通用界面	ui	LOAD CONTENT	加载内容	ok
	界面文案	编辑器与建造	ui	Load a subassembly into the selection grid.	将部件加载到选择栅格中	ok
	界面文案	编辑器与建造	ui	PASTE	粘贴	ok
	界面文案	编辑器与建造	ui	Paste the contents of the clipboard.	粘贴剪贴板的内容	ok
	界面文案	编辑器与建造	ui	Paste the contents of the selection grid onto your vehicle. Pasted components will have their own bodies and must be merged to attach them to your vehicle.	将选择网格的内容粘贴到您的载具上。粘贴的组件将有自己的实体，必须合并才能将它们附着到您的载具上	ok
	界面文案	通用界面	ui	CLEAR EXTERNAL LOGIC	清晰的外部逻辑	ok
	界面文案	编辑器与建造	ui	Sever any logic links that extend outside the selection. This will happen automatically when pasting a cut selection for the first time.	切断超出选择范围的任何逻辑链接。这将在第一次粘贴剪切选择时自动发生	ok
	界面文案	编辑器与建造	ui	Reset the selection grid to its initial position/orientation.	将选择网格重置为其初始位置/方向	ok
	界面文案	通用界面	ui	SAVE CONTENT	保存内容	ok
	界面文案	编辑器与建造	ui	Save the current selection grid as a new vehicle.	将当前选择网格另存为新载具	ok
	界面文案	通用界面	ui	CLEAR CONTENT	清除内容	ok
	界面文案	编辑器与建造	ui	Clear the contents of the selection grid to make a new selection.	清除选择网格的内容以进行新的选择	ok
	界面文案	通用界面	ui	DATA	数据	ok
	界面文案	通用界面	ui	Edit number and on/off logic nodes.	编辑编号和开/关逻辑节点	ok
	界面文案	微控制器与 Lua	ui	COMPOSITE	混合	ok
	界面文案	微控制器与 Lua	ui	Edit composite data logic nodes.	编辑复合数据逻辑节点	ok
	界面文案	通用界面	ui	POWER	动力	ok
	界面文案	通用界面	ui	Edit power logic nodes.	编辑电源逻辑节点	ok
	界面文案	载具与工坊	ui	Use pipes with Advanced Vehicle difficulty	在高级载具模式中请使用管道代替此功能	ok
	界面文案	通用界面	ui	FLUID	流体	ok
	界面文案	通用界面	ui	Edit fluid transfer nodes.	编辑流体传输节点	ok
	界面文案	通用界面	ui	ELECTRIC	电	ok
	界面文案	通用界面	ui	Edit electrical transfer nodes.	编辑电力传输节点	ok
	界面文案	通用界面	ui	Show/Hide Move Widget	显示/隐藏移动小部件	ok
	界面文案	通用界面	ui	SYMMETRY	对称	ok
	界面文案	载具与工坊	ui	Select the symmetry plane that should be used when adding and removing components.	选择在添加和删除零部件时应使用的对称平面	ok
	界面文案	载具与工坊	ui	SECTION PLANE	剖面图	ok
	界面文案	通用界面	ui	Toggle section planes to see inside areas.	切换剖面以查看内部区域	ok
	界面文案	通用界面	ui	CAMERA	摄像头	ok
	界面文案	通用界面	ui	Change camera settings.	更改摄像头设置	ok
	界面文案	物理与机制	ui	CENTRE OF MASS	重心	ok
	界面文案	载具与工坊	ui	Toggle visibility of the vehicle's centre of mass.	切换载具重心的可见性	ok
	界面文案	通用界面	ui	DIRECTION ARROWS	方向箭头	ok
	界面文案	通用界面	ui	Toggle visibility of the directional arrows shown on components.	切换显示在组件上的方向箭头的可见性	ok
	界面文案	通用界面	ui	ROTATION LABELS	旋转标签	ok
	界面文案	通用界面	ui	Toggle visibility of the rotation hotkey hints when placing components.	在放置组件时切换旋转热键提示的可见性	ok
	界面文案	编辑器与建造	ui	GRID LINES	网格线	ok
	界面文案	编辑器与建造	ui	Toggle visibility of the editor grid lines.	切换编辑器网格线的可见性	ok
	界面文案	通用界面	ui	MEASUREMENTS	测量	ok
	界面文案	通用界面	ui	Toggle visibility of measurements when placing blocks.	放置块时切换测量的可见性	ok
	界面文案	通用界面	ui	WORLD VIEW	世界视角	ok
	界面文案	编辑器与建造	ui	Toggle visibility of the world immediately surrounding the workbench.	切换工作台周围世界的可见性	ok
	界面文案	警告与错误	ui	EDITOR WARNINGS	编辑器警告	ok
	界面文案	警告与错误	ui	Toggle visibility of editor warnings.	开关编辑器警告(部件缺失连接之类的)的可见性	ok
	界面文案	通用界面	ui	This component doesn't have a description yet	此组件还没有描述	ok
	界面文案	通用界面	ui	Stock	库存	ok
	界面文案	通用界面	ui	Exit the editor. This will refund any money spent.	退出编辑器。这将退还所有开销	ok
	界面文案	载具与工坊	ui	SPAWN	生成	ok
	界面文案	载具与工坊	ui	Spawn your vehicle in the world.	在世界中生成载具	ok
	界面文案	载具与工坊	ui	Discard any changes and start a new vehicle. This will refund any money spent.	放弃所有更改并创建一个新车辆。这将退还所有开销	ok
	界面文案	载具与工坊	ui	Load a saved vehicle. You will need enough inventory and money to fully construct a loaded vehicle.	加载保存的载具。你需要足够的库存和资金来建造一辆满载的载具	ok
	界面文案	载具与工坊	ui	Save your vehicle for later.	把你的载具留着待会儿用	ok
	界面文案	创意工坊与上传	ui	Upload your vehicle to the Steam Workshop, or update a previous upload.	将您的载具上传到Steam创意工坊，或更新以前的上传	ok
	界面文案	编辑器与建造	ui	UNDO	撤消	ok
	界面文案	编辑器与建造	ui	Undo your most recent change.	撤消最近的更改	ok
	界面文案	编辑器与建造	ui	REDO	重做	ok
	界面文案	编辑器与建造	ui	Redo the previous undo.	重做上一个撤消操作	ok
	界面文案	通用界面	ui	SELECT	选择	ok
	界面文案	通用界面	ui	Select components to change their properties. Selectable components will highlight in blue.	选择组件以更改其属性。可选组件将以蓝色突出显示	ok
	界面文案	通用界面	ui	ERASE	擦除	ok
	界面文案	载具与工坊	ui	Erase components from your vehicle.	清除载具上的部件	ok
	界面文案	编辑器与建造	ui	PAINT	喷涂	ok
	界面文案	通用界面	ui	Change the colors of placed components.	更改已放置组件的颜色	ok
	界面文案	通用界面	ui	MOVE	移动	ok
	界面文案	编辑器与建造	ui	Move your vehicle within the bounds of the edit grid.	在编辑网格的范围内移动载具	ok
	界面文案	通用界面	ui	Hook up logic connections between components.	连接组件之间的逻辑连接	ok
	界面文案	通用界面	ui	MERGE	合并	ok
	界面文案	载具与工坊	ui	Merge two vehicle bodies. Different bodies are denoted by different colors. Click on a body to select it, then click an adjacent one to merge them.	合并两个车身。不同的车身用不同的颜色表示。单击一个实体将其选中，然后单击相邻的实体将其合并	ok
	界面文案	编辑器与建造	ui	SELECTION GRID	选择网格	ok
	界面文案	编辑器与建造	ui	Select parts of your vehicle to cut, copy, paste, rotate, flip and move them around. Export a selection as a new vehicle, or import a saved subassembly to place on your vehicle.	选择要切割、复制、粘贴、旋转、翻转和移动的载具部件。将选定内容导出为新载具，或导入保存的部件以放置在载具上	ok
	界面文案	微控制器与 Lua	ui	MICROCONTROLLER EDITOR	微控制器编辑器	ok
	界面文案	微控制器与 Lua	ui	Create and edit microcontrollers to build compact logic circuits for your vehicle.	创建和编辑微控制器，为您的载具构建紧凑的逻辑电路	ok
	界面文案	通用界面	ui	INVENTORY	库存	ok
	界面文案	物理与机制	ui	Browse all components in your inventory [tab]. Drag components to your hotbar with [LMB] for quick access. Double click a component to hide the inventory. Double click a hotbar slot or select it when the inventory is open to replace it with another component. [0-9] can be used to select hotbar slots.	浏览库存中的所有组件[tab]。使用[LMB]将组件拖到您的热栏中，以便快速访问。双击组件以隐藏库存。双击一个热工具栏槽，或者在库存打开时选择它，用另一个组件替换它。[0-9]可用于选择hotbar插槽	ok
	界面文案	通用界面	ui	Advanced Presets	高级预设	ok
	界面文案	通用界面	ui	Presets	预设	ok
	界面文案	载具与工坊	ui	Your saved vehicles.	您保存的载具	ok
	界面文案	创意工坊与上传	ui	Vehicles you've subscribed to on the Steam Workshop.	您在Steam创意工坊预订的载具	ok
	界面文案	载具与工坊	ui	Some basic vehicles to get you started.	一些让你起步的基础载具	ok
	界面文案	编辑器与建造	ui	Preset subassemblies to paste onto your vehicles.	粘贴到载具上的预设部件	ok
	界面文案	创意工坊与上传	ui	Upload a new vehicle to the steam workshop, or select one of your existing workshop vehicles to edit and overwrite it	将新载具上传到steam创意工坊，或选择一辆现有的创意工坊载具进行编辑和覆盖	ok
	界面文案	载具与工坊	ui	VEHICLE NAME	载具名称	ok
	界面文案	载具与工坊	ui	Vehicle Type	载具类型	ok
	界面文案	载具与工坊	ui	Vehicle Functionality	载具功能	ok
	界面文案	通用界面	ui	Misc.	杂项	ok
	界面文案	通用界面	ui	tags	标签	ok
	界面文案	通用界面	ui	(Made by ###)	(由###制造)	ok
	界面文案	多人游戏与服务器	ui	SERVER: ### TPS	服务器:### TPS	ok
	界面文案	通用界面	ui	### Degrees	###度	ok
	界面文案	通用界面	ui	Last updated ###	上次更新时间###	ok
	界面文案	创意工坊与上传	ui	Addon	插件	ok
	界面文案	通用界面	ui	Matrices	矩阵	ok
	界面文案	通用界面	ui	Callbacks	回调	ok
	界面文案	通用界面	ui	Examples	示例	ok
	界面文案	通用界面	ui	Television	电视机	ok
	界面文案	通用界面	ui	Crate	机箱	ok
	界面文案	通用界面	ui	Basketball	篮球	ok
	界面文案	通用界面	ui	Collectable	收藏品	ok
	界面文案	通用界面	ui	Chair	椅子	ok
	界面文案	通用界面	ui	Food Trolley	餐车	ok
	界面文案	通用界面	ui	Medical Trolley	医用推车	ok
	界面文案	通用界面	ui	Office Chair	办公椅	ok
	界面文案	通用界面	ui	Book	书	ok
	界面文案	通用界面	ui	Bottle	瓶子	ok
	界面文案	通用界面	ui	Frying Pan	煎锅	ok
	界面文案	通用界面	ui	Mug	马克杯	ok
	界面文案	通用界面	ui	Saucepan	平底锅	ok
	界面文案	通用界面	ui	Stool	板凳	ok
	界面文案	通用界面	ui	Telescope	望远镜	ok
	界面文案	通用界面	ui	Log	原木	ok
	界面文案	通用界面	ui	Bin	箱子	ok
	界面文案	通用界面	ui	Book 2	书 2	ok
	界面文案	通用界面	ui	Loot	战利品	ok
	界面文案	通用界面	ui	Barrel	木桶	ok
	界面文案	通用界面	ui	Blue Barrel	蓝桶	ok
	界面文案	物理与机制	ui	Buoyancy Ring	救生圈	ok
	界面文案	通用界面	ui	Container	集装箱	ok
	界面文案	通用界面	ui	Gas Canister	煤气罐	ok
	界面文案	通用界面	ui	Pallet	托盘	ok
	界面文案	通用界面	ui	Storage Bin	储物箱	ok
	界面文案	通用界面	ui	Fire Extinguisher	灭火器	ok
	界面文案	通用界面	ui	Tool Trolley	工具推车	ok
	界面文案	通用界面	ui	Cafetiere	咖啡馆	ok
	界面文案	通用界面	ui	Tool Drawer	工具抽屉	ok
	界面文案	通用界面	ui	Glass	玻璃	ok
	界面文案	通用界面	ui	Microwave	微波炉	ok
	界面文案	通用界面	ui	Plate	盘子	ok
	界面文案	通用界面	ui	Box (Closed)	盒子(关闭)	ok
	界面文案	通用界面	ui	Box (Open)	盒子(打开)	ok
	界面文案	通用界面	ui	Desk Lamp	台灯	ok
	界面文案	编辑器与建造	ui	Eraser Board	橡皮板	ok
	界面文案	通用界面	ui	Folder	文件夹	ok
	界面文案	通用界面	ui	Funnel	漏斗	ok
	界面文案	通用界面	ui	Lamp	灯	ok
	界面文案	通用界面	ui	Microscope	显微镜	ok
	界面文案	通用界面	ui	Notebook	笔记本	ok
	界面文案	通用界面	ui	Pen Marker	记号笔	ok
	界面文案	通用界面	ui	Pencil	铅笔	ok
	界面文案	通用界面	ui	Scales	量尺	ok
	界面文案	通用界面	ui	Beaker	烧杯	ok
	界面文案	通用界面	ui	Cylinder	圆柱	ok
	界面文案	通用界面	ui	Flask	瓶	ok
	界面文案	通用界面	ui	Tub 1	浴缸1	ok
	界面文案	通用界面	ui	Tub 2	浴缸2	ok
	界面文案	通用界面	ui	File Stack	文件堆	ok
	界面文案	通用界面	ui	Toxic Barrel	有毒物桶	ok
	界面文案	通用界面	ui	Debris	残骸	ok
	界面文案	通用界面	ui	Schematic	示意图	ok
	界面文案	通用界面	ui	Clothing	服装	ok
	界面文案	通用界面	ui	Unknown	未知	ok
	界面文案	通用界面	ui	Tag	标签	ok
	界面文案	通用界面	ui	Marker Text	标记文本	ok
	界面文案	载具与工坊	ui	Spawn Relative to Sea Floor	相对于海底生成	ok
	界面文案	通用界面	ui	Zone Type	区域类型	ok
	界面文案	通用界面	ui	Box	盒子	ok
	界面文案	通用界面	ui	Radius	半径	ok
	界面文案	通用界面	ui	Type	类型	ok
	界面文案	生物与角色	ui	Outfit	装备	ok
	界面文案	通用界面	ui	Civilian	便服	ok
	界面文案	通用界面	ui	Worker	工人	ok
	界面文案	生物与角色	ui	Fishing	垂钓者	ok
	界面文案	通用界面	ui	Waiter	侍者	ok
	界面文案	通用界面	ui	Swimsuit	泳衣	ok
	界面文案	通用界面	ui	Military	军装	ok
	界面文案	通用界面	ui	Office	正装	ok
	界面文案	通用界面	ui	Medical	医生	ok
	界面文案	通用界面	ui	Wetsuit	潜水服	ok
	界面文案	任务与剧情	ui	Survivor	幸存者	ok
	界面文案	通用界面	ui	NPC	NPC	ok
	界面文案	通用界面	ui	Is Static	是静态的	ok
	界面文案	通用界面	ui	Is Lit	被点燃	ok
	界面文案	通用界面	ui	Is Explosion	是爆炸	ok
	界面文案	通用界面	ui	Fire Size	火灾规模	ok
	界面文案	通用界面	ui	Loot Type	捡拾类型	ok
	界面文案	通用界面	ui	Crate (floats)	板条箱(可漂浮)	ok
	界面文案	通用界面	ui	Chest (sinks)	宝箱(会沉底)	ok
	界面文案	通用界面	ui	Button's Display Name	按钮显示名称	ok
	界面文案	通用界面	ui	Zone	区域	ok
	界面文案	通用界面	ui	Object	对象	ok
	界面文案	通用界面	ui	Flare	信号弹	ok
	界面文案	通用界面	ui	Fire	火	ok
	界面文案	载具与工坊	ui	Vehicle Button	载具按钮	ok
	界面文案	任务与剧情	ui	Mission Component	任务部分	ok
	界面文案	创意工坊与上传	ui	Addons you've uploaded to the Steam Workshop.	你已经上传到创意工坊的插件	ok
	界面文案	通用界面	ui	No description	没有描述	ok
	界面文案	通用界面	ui	SELECT LOCATION	选择位置	ok
	界面文案	通用界面	ui	Location	位置	ok
	界面文案	通用界面	ui	Delete Location	删除位置	ok
	界面文案	通用界面	ui	Select Location	选择位置	ok
	界面文案	通用界面	ui	Edit Objects	编辑对象	ok
	界面文案	通用界面	ui	Add Unique Location	添加唯一位置	ok
	界面文案	任务与剧情	ui	MISSION LOCATIONS	任务地点	ok
	界面文案	任务与剧情	ui	Edit Mission	编辑任务	ok
	界面文案	任务与剧情	ui	Add Mission	添加任务	ok
	界面文案	通用界面	ui	Color	颜色	ok
	界面文案	通用界面	ui	PROPERTIES	属性	ok
	界面文案	通用界面	ui	on/off	开/关	ok
	界面文案	通用界面	ui	number	数字	ok
	界面文案	通用界面	ui	fluid	流体	ok
	界面文案	通用界面	ui	electric	电力	ok
	界面文案	微控制器与 Lua	ui	composite	混合	ok
	界面文案	生物与角色	ui	Police Outfit	警察装备	ok
	界面文案	生物与角色	ui	Scientist Outfit	科学家装备	ok
	界面文案	任务与剧情	ui	MISSION	任务	ok
	界面文案	通用界面	ui	CLICK FOR MORE DETAILS	单击以获取更多详细信息	ok
	界面文案	通用界面	ui	Set Waypoint	设置航路点	ok
	界面文案	通用界面	ui	Remove Waypoint	删除航路点	ok
	界面文案	通用界面	ui	Center Waypoint	航路点居中	ok
	界面文案	任务与剧情	ui	Center Active Mission	当前任务居中	ok
	界面文案	任务与剧情	ui	Mark Active Mission	标记当前任务	ok
	界面文案	通用界面	ui	Center Player	玩家位置居中	ok
	界面文案	通用界面	ui	Wake	醒来	ok
	界面文案	通用界面	ui	Sleep	睡眠	ok
	界面文案	通用界面	ui	(all players must be sleeping to fast-forward)	(所有玩家必须睡下才能快进)	ok
	界面文案	通用界面	ui	PURCHASE PROPERTY	购买地产	ok
	界面文案	通用界面	ui	Bank	银行	ok
	界面文案	通用界面	ui	Total	总计	ok
	界面文案	通用界面	ui	Police Hat	警帽	ok
	界面文案	创意工坊与上传	ui	NEW ADDON	新插件	ok
	界面文案	通用界面	ui	Add/Remove Components	添加/删除组件	ok
	界面文案	任务与剧情	ui	Mission Dependencies	任务相关性	ok
	界面文案	任务与剧情	ui	Set Mission Depencies	设置任务相关性	ok
	界面文案	任务与剧情	ui	A mission will only spawn in career mode if all of its dependencies are met.	只有当一个任务的所有依赖项都满足时，它才会在生涯模式下产生	ok
	界面文案	通用界面	ui	No depenencies set.	未设置依赖项	ok
	界面文案	通用界面	ui	Components	组件	ok
	界面文案	通用界面	ui	Requirements	要求	ok
	界面文案	任务与剧情	ui	Requirements must be met for this mission to spawn in career mode.	必须满足此任务在生涯模式下生成的要求	ok
	界面文案	载具与工坊	ui	Small Boat	小船	ok
	界面文案	载具与工坊	ui	Large Boat	大船	ok
	界面文案	载具与工坊	ui	Plane	飞机	ok
	界面文案	载具与工坊	ui	Helicopter	直升机	ok
	界面文案	通用界面	ui	Fire Equipment	消防器材	ok
	界面文案	任务与剧情	ui	Influences the overall reward value generated for this mission in career mode.	在生涯模式中影响此任务产生的总体奖励值	ok
	界面文案	通用界面	ui	Easy	简单	ok
	界面文案	通用界面	ui	Hard	困难	ok
	界面文案	通用界面	ui	Expert	专家	ok
	界面文案	任务与剧情	ui	This mission will only spawn in career mode if the environment is within these parameters.	只有当环境在这些参数范围内时，这个任务才会在生涯模式下产生	ok
	界面文案	通用界面	ui	Fog Intensity	雾浓度	ok
	界面文案	通用界面	ui	Rain Intensity	降雨强度	ok
	界面文案	通用界面	ui	Wind Intensity	风力强度	ok
	界面文案	通用界面	ui	Inactive until triggered	在触发前不活动	ok
	界面文案	通用界面	ui	Hide markers	隐藏标记	ok
	界面文案	通用界面	ui	Has time limit	有时间限制	ok
	界面文案	通用界面	ui	Timer paused	计时器暂停	ok
	界面文案	通用界面	ui	Time Limit (h:m:s)	时限(h:m:s)	ok
	界面文案	任务与剧情	ui	Delete Objective	删除目标	ok
	界面文案	任务与剧情	ui	Set Objective Dependencies	设置目标依赖项	ok
	界面文案	任务与剧情	ui	Add Objective	添加目标	ok
	界面文案	通用界面	ui	Delete Trigger	删除触发器	ok
	界面文案	通用界面	ui	Configure Trigger	配置触发器	ok
	界面文案	通用界面	ui	Configure Action	配置操作	ok
	界面文案	通用界面	ui	Add Trigger	添加触发器	ok
	界面文案	载具与工坊	ui	NEW VEHICLE	新载具	ok
	界面文案	微控制器与 Lua	ui	NEW MICROCONTROLLER	新型微控制器	ok
	界面文案	通用界面	ui	Hold ### to enable multi-linking	按住###可启用多链接	ok
	界面文案	通用界面	ui	Press ### to focus on hovered blocks	按###将焦点放在悬浮方块上	ok
	界面文案	通用界面	ui	Press ### to focus on hovered logic nodes	按###将焦点放在悬浮的逻辑节点上	ok
	界面文案	通用界面	ui	Press ### to focus on highlighted components	按###将焦点放在突出显示的组件上	ok
	界面文案	载具与工坊	ui	Hold ### to change drag plane	按住###可更改拖动平面	ok
	界面文案	编辑器与建造	ui	Press ### to rotate selection	按###旋转所选内容	ok
	界面文案	编辑器与建造	ui	Press ### to flip selection	按###翻转所选内容	ok
	界面文案	载具与工坊	ui	Press ### to show/hide vehicle	按###显示/隐藏载具	ok
	界面文案	通用界面	ui	Hold ### to eyedrop component	按住 ### 复制选中组件	ok
	界面文案	通用界面	ui	Hold ### to eyedrop color	按住 ### 复制选中颜色	ok
	界面文案	通用界面	ui	Hold ### to select component	按住###键选择组件	ok
	界面文案	通用界面	ui	Hold ### to expand to component	按住###展开到组件	ok
	界面文案	通用界面	ui	Hold ### to place multiple	按住###可放置多个	ok
	界面文案	载具与工坊	ui	Remove Vehicle from Zone	将载具移出区域	ok
	界面文案	通用界面	ui	Create Structure	创建结构	ok
	界面文案	载具与工坊	ui	Create Vehicle	创建载具	ok
	界面文案	通用界面	ui	Edit Structure in Zone	编辑区域中的结构	ok
	界面文案	载具与工坊	ui	Edit Vehicle in Zone	在区域中编辑载具	ok
	界面文案	警告与错误	ui	Too Many Structures in Zone	区域内结构过多	ok
	界面文案	警告与错误	ui	Too Many Vehicles in Zone	区域内载具过多	ok
	界面文案	通用界面	ui	Ladder	梯子	ok
	界面文案	通用界面	ui	Collect Present	收集礼物	ok
	界面文案	通用界面	ui	Collect Loot	收集战利品	ok
	界面文案	通用界面	ui	Pick Up	拿起	ok
	界面文案	通用界面	ui	Default State	默认状态	ok
	界面文案	通用界面	ui	Hold Duration	保持时间	ok
	界面文案	微控制器与 Lua	ui	Min Value	最小值	ok
	界面文案	微控制器与 Lua	ui	Max Value	最大值	ok
	界面文案	通用界面	ui	Start Value	起始值	ok
	界面文案	通用界面	ui	Output Label	输出标签	ok
	界面文案	通用界面	ui	Output A Label	输出A标签	ok
	界面文案	通用界面	ui	Output B Label	输出B标签	ok
	界面文案	通用界面	ui	Color Mode	色彩模式	ok
	界面文案	通用界面	ui	RGB	RGB	ok
	界面文案	通用界面	ui	HSV	HSV	ok
	界面文案	微控制器与 Lua	ui	Composite Channels	复合通道	ok
	界面文案	通用界面	ui	Red/Hue	红色/色调	ok
	界面文案	通用界面	ui	Green/Sat	绿色/饱和度	ok
	界面文案	通用界面	ui	Blue/Val	蓝色/色度	ok
	界面文案	通用界面	ui	Instrument 1	仪器1	ok
	界面文案	通用界面	ui	Instrument 2	仪器2	ok
	界面文案	通用界面	ui	Instrument 3	仪器3	ok
	界面文案	通用界面	ui	Instrument 4	仪器4	ok
	界面文案	通用界面	ui	Display Name	显示名称	ok
	界面文案	通用界面	ui	Dial	仪表盘	ok
	界面文案	通用界面	ui	Indicator	指示灯	ok
	界面文案	通用界面	ui	Gauge	计量表	ok
	界面文案	通用界面	ui	Arrow Button	箭头按钮	ok
	界面文案	通用界面	ui	Flip Switch	拨动开关	ok
	界面文案	通用界面	ui	Seven Segment	七段显示数码管	ok
	界面文案	通用界面	ui	Radial Segment	扇形分段指示灯	ok
	界面文案	通用界面	ui	Bar Segment	垂直分段指示灯	ok
	界面文案	微控制器与 Lua	ui	Max Power	最大功率	ok
	界面文案	通用界面	ui	RPS Limiter	RPS限制器	ok
	界面文案	通用界面	ui	Blade Count	叶片数	ok
	界面文案	通用界面	ui	2 Blades	2叶	ok
	界面文案	通用界面	ui	3 Blades	3叶	ok
	界面文案	通用界面	ui	4 Blades	4叶	ok
	界面文案	通用界面	ui	5 Blades	5叶	ok
	界面文案	通用界面	ui	6 Blades	6叶	ok
	界面文案	通用界面	ui	7 Blades	7叶	ok
	界面文案	通用界面	ui	8 Blades	8叶	ok
	界面文案	通用界面	ui	Blade Pitch	桨距	ok
	界面文案	通用界面	ui	positive	最大桨距	ok
	界面文案	通用界面	ui	neutral	零桨距	ok
	界面文案	微控制器与 Lua	ui	Min Throttle	最小节流阀	ok
	界面文案	微控制器与 Lua	ui	Max Throttle	最大节流阀	ok
	界面文案	通用界面	ui	Decimal Point Position	小数点位置	ok
	界面文案	通用界面	ui	Decimals Disabled	小数点禁用	ok
	界面文案	通用界面	ui	Sound Type	声音类型	ok
	界面文案	警告与错误	ui	Warning 1	警告1	ok
	界面文案	警告与错误	ui	Warning 2	警告2	ok
	界面文案	警告与错误	ui	Warning 3	警告3	ok
	界面文案	通用界面	ui	Beep 1	嘟嘟声1	ok
	界面文案	通用界面	ui	Beep 2	嘟嘟声2	ok
	界面文案	通用界面	ui	Seatbelt	安全带	ok
	界面文案	图形与设置	ui	Volume	音量	ok
	界面文案	通用界面	ui	Roll	滚转(Roll)	ok
	界面文案	通用界面	ui	Pitch	俯仰(Pitch)	ok
	界面文案	通用界面	ui	Yaw	偏航(Yaw)	ok
	界面文案	通用界面	ui	Preview	预览	ok
	界面文案	通用界面	ui	Blink On Duration	闪烁持续时间	ok
	界面文案	通用界面	ui	Blink Off Duration	闪烁持续时间	ok
	界面文案	通用界面	ui	Delay Timer	延时定时器	ok
	界面文案	通用界面	ui	Low Threshold	低阈值	ok
	界面文案	通用界面	ui	High Threshold	高阈值	ok
	界面文案	通用界面	ui	Output Value	输出值	ok
	界面文案	通用界面	ui	Proportional Gain	比例增益(Proportional Gain)	ok
	界面文案	通用界面	ui	Integral Gain	积分增益(Integral Gain)	ok
	界面文案	通用界面	ui	Derivative Gain	导数增益(Derivative Gain)	ok
	界面文案	通用界面	ui	Reset Value	重置值	ok
	界面文案	通用界面	ui	Charge Time	充电时间	ok
	界面文案	通用界面	ui	Discharge Time	放电时间	ok
	界面文案	通用界面	ui	Sensor Mode	传感器模式	ok
	界面文案	通用界面	ui	Absolute	绝对	ok
	界面文案	通用界面	ui	Directional	方向性	ok
	界面文案	通用界面	ui	Horizontal	水平	ok
	界面文案	通用界面	ui	Vertical	垂直	ok
	界面文案	通用界面	ui	Function	功能	ok
	界面文案	通用界面	ui	Inverse Sine	反正弦	ok
	界面文案	通用界面	ui	Inverse Cosine	反余弦	ok
	界面文案	通用界面	ui	Inverse Tangent	反正切	ok
	界面文案	通用界面	ui	Exponent	指数	ok
	界面文案	通用界面	ui	No properties exposed.	没有属性暴露	ok
	界面文案	通用界面	ui	Speed	速度	ok
	界面文案	微控制器与 Lua	ui	Max Power	最大功率	ok
	界面文案	通用界面	ui	Gear Ratio	传动比	ok
	界面文案	通用界面	ui	Parachute Size	降落伞尺寸	ok
	界面文案	通用界面	ui	Label	标签	ok
	界面文案	通用界面	ui	Mode	模式	ok
	界面文案	通用界面	ui	Sticky	保持	ok
	界面文案	通用界面	ui	Toggle	切换	ok
	界面文案	通用界面	ui	Push	按住	ok
	界面文案	通用界面	ui	Trim	配平	ok
	界面文案	通用界面	ui	Trim Axis 1	配平轴1	ok
	界面文案	通用界面	ui	Trim Axis 2	配平轴2	ok
	界面文案	通用界面	ui	Trim Axis 3	配平轴3	ok
	界面文案	通用界面	ui	Trim Axis 4	配平轴4	ok
	界面文案	通用界面	ui	Spring Strength	弹簧强度	ok
	界面文案	通用界面	ui	Ratio Off	关闭时比例	ok
	界面文案	通用界面	ui	Ratio On	开启时比例	ok
	界面文案	通用界面	ui	Fluid Type	流体类型	ok
	界面文案	通用界面	ui	Fresh Water	净水	ok
	界面文案	通用界面	ui	Sea Water	海水	ok
	界面文案	通用界面	ui	Empty	空的	ok
	界面文案	通用界面	ui	Allow Fresh Water	允许净水	ok
	界面文案	通用界面	ui	Allow Sea Water	允许海水	ok
	界面文案	通用界面	ui	Allow Diesel	允许柴油	ok
	界面文案	物理与机制	ui	Allow Jet Fuel	允许航空燃油	ok
	界面文案	通用界面	ui	Allow Air	允许空气	ok
	界面文案	通用界面	ui	Allow Carbon Dioxide	允许二氧化碳	ok
	界面文案	通用界面	ui	Allow Crude Oil	允许原油	ok
	界面文案	通用界面	ui	Grip	抓地力	ok
	界面文案	通用界面	ui	Tyre Tread	轮胎胎面	ok
	界面文案	通用界面	ui	All Round	全方位	ok
	界面文案	通用界面	ui	High Speed	高速	ok
	界面文案	通用界面	ui	High Grip	高抓地力	ok
	界面文案	通用界面	ui	Stiffness	刚度	ok
	界面文案	通用界面	ui	Damping	阻尼	ok
	界面文案	通用界面	ui	Tyre Radius	轮胎半径	ok
	界面文案	物理与机制	ui	Tyre Pressure	轮胎气压	ok
	界面文案	通用界面	ui	Track Tension	轨道张力	ok
	界面文案	通用界面	ui	VIDEO	视频	ok
	界面文案	通用界面	ui	Edit video transfer nodes.	编辑视频传输节点	ok
	界面文案	通用界面	ui	video	视频	ok
	界面文案	图形与设置	ui	Edit audio transfer nodes.	编辑音频传输节点	ok
	界面文案	图形与设置	ui	audio	音频	ok
	界面文案	通用界面	ui	ROPE	绳索	ok
	界面文案	通用界面	ui	Edit rope transfer nodes.	编辑绳索传输节点	ok
	界面文案	通用界面	ui	rope	绳	ok
	界面文案	微控制器与 Lua	ui	LUA SCRIPTING OVERVIEW	LUA脚本概述	ok
	界面文案	微控制器与 Lua	ui	Lua scripting gives you the tools to create advanced logic components using the Lua scripting language. Stormworks provides a number of functions to allow your script to interface with your vehicle's logic system, as well as drawing to in-game monitors.\n\nThis guide outlines the functions that are available for use in your scripts but it is not a comprehensive tutorial on using the Lua language.	Lua脚本提供了使用Lua脚本语言创建高级逻辑组件的工具。Stormworks提供了许多功能，允许脚本与载具的逻辑系统进行交互，并绘制到游戏中的屏幕中。\n\n本指南概述了可在脚本中使用的功能，但它不是使用Lua语言的综合系统性教程。\n\n显示器中的绘图均以左上角为坐标原点，向右为X轴正方向，向下为Y轴正方向。文字的坐标为其左上角像素点的坐标值。\n\n游戏中一个单位长度为32个像素，即:\n\n屏幕1x1=32x32像素；\n\n屏幕2x2=64x64像素；\n\n屏幕5x3=160x96像素；\n\n屏幕9x5=288x160像素；\n\nHUD(小)=32x32像素；\n\nHUD(大)=96x96像素	ok
	界面文案	微控制器与 Lua	ui	SCRIPT BASICS	脚本基础	ok
	界面文案	微控制器与 Lua	ui	The tick function will be called once every logic tick and should be used for reading composite data and any required processing. Screen functions will have no effect if called within onTick.	tick函数将在每个逻辑tick调用一次，并应用于读取复合数据和任何所需的处理。如果在onTick中调用屏幕功能，则不会产生任何效果	ok
	界面文案	微控制器与 Lua	ui	The draw function will be called any time this script is drawn by a monitor. Note that it can be called multiple times if this microcontroller is connected to multiple monitors whereas onTick is only called once. Composite input/output functions will have no effect if called within onDraw.	当屏幕绘制此脚本时，将调用draw函数。注意，如果这个微控制器连接收到多个屏幕，它可以被多次调用，而onTick只被调用一次。如果在onDraw中调用复合输入/输出函数，则不会产生任何效果	ok
	界面文案	微控制器与 Lua	ui	COMPOSITE INPUT/OUTPUT	复合输入输出	ok
	界面文案	通用界面	ui	PROPERTIES	属性	ok
	界面文案	微控制器与 Lua	ui	Read the values of property components within this microcontroller directly. The label passed to each function should match the label that has been set for the property you're trying to access (case-sensitive).	直接读取此微控制器中属性组件的值。传递给每个函数的标签应与为您试图访问的属性设置的标签匹配(区分大小写)	ok
	界面文案	微控制器与 Lua	ui	Read values from the composite input. Index ranges from 1 - 32.	从复合输入读取值。索引范围从1到32	ok
	界面文案	微控制器与 Lua	ui	Set values on the composite output. Index ranges from 1 - 32.	在复合输出上设置值。索引范围从1到32	ok
	界面文案	通用界面	ui	DRAWING	绘图	ok
	界面文案	通用界面	ui	Set the current draw color. Values range from 0 - 255.	设置当前绘制颜色。值的范围从0到255	ok
	界面文案	通用界面	ui	Set the current draw color and transparency. Values range from 0 - 255.	设置当前绘制颜色和透明度。值的范围从0到255	ok
	界面文案	通用界面	ui	Clear the screen with the current colour.	用当前颜色清除/覆盖屏幕	ok
	界面文案	通用界面	ui	Draw line from (x1, y1) to (x2, y2).	从(x1，y1)到(x2，y2)绘制直线	ok
	界面文案	通用界面	ui	Draw circle at (x, y) with radius.	在(x，y)处画一定半径的空心圆	ok
	界面文案	通用界面	ui	Draw filled circle at (x, y) with radius.	在(x，y)处画一定半径的实心圆	ok
	界面文案	通用界面	ui	Draw rectangle at (x, y) with width and height.	在(x，y)处绘制一定宽高的空心矩形	ok
	界面文案	通用界面	ui	Draw filled rectangle at (x, y) with width and height.	在(x，y)处绘制一定宽高的填充矩形	ok
	界面文案	通用界面	ui	Draw triangle between (x1, y1), (x2, y2) and (x3, y3).	在(x1，y1)，(x2，y2)和(x3，y3)之间绘制空心三角形	ok
	界面文案	通用界面	ui	Draw filled triangle between (x1, y1), (x2, y2) and (x3, y3).	在(x1，y1)，(x2，y2)和(x3，y3)之间绘制填充三角形	ok
	界面文案	通用界面	ui	Draw text at (x, y). Each character is 4 pixels wide and 5 pixels tall.	在(x，y)处绘制文本。每个字符宽4像素，高5像素	ok
	界面文案	通用界面	ui	Draw text within the rectangle at (x, y) with width and height. Text alignment can be specified using the last two parameters and ranges from -1 to 1 (left to right, top to bottom). If either of the alignment parameters are omitted, the text will be drawn top-left by default. Text will automatically wrap at spaces when possible, and will overflow the top/bottom of the specified rectangle if too large.	在矩形内绘制宽度和高度为(x，y)的文本。文本对齐可以使用最后两个参数指定，范围从-1到1(从左到右，从上到下)。如果忽略任何一个对齐参数，则默认情况下文本将绘制在左上角。如果可能，文本将自动换行，如果太大，文本将溢出指定矩形的顶部/底部	ok
	界面文案	通用界面	ui	Draw the world map centred on map coordinate (x,y) with zoom level ranging from 0.1 to 50.	绘制以地图坐标(x，y)为中心的世界地图，缩放级别从0.1到50.	ok
	界面文案	通用界面	ui	Set the colors used for rendering the map. Values range from 0 - 255, alpha is optional. These colors do not apply to the moon map.	设置用于渲染贴图的颜色.值的范围为0到255,alpha是可选的.这些颜色不适用于月球地图	ok
	界面文案	通用界面	ui	Get the width/height of the screen currently being rendered to.	获取当前渲染到的屏幕的宽度/高度	ok
	界面文案	通用界面	ui	MAP	地图	ok
	界面文案	通用界面	ui	Convert pixel coordinates into world coordinates.	将像素坐标转换为世界坐标	ok
	界面文案	通用界面	ui	Convert world coordinates into pixel coordinates.	将世界坐标转换为像素坐标	ok
	界面文案	微控制器与 Lua	ui	LUA FUNCTIONS	LUA函数	ok
	界面文案	微控制器与 Lua	ui	The following global lua functions are available:\n\n- pairs\n- ipairs\n- next\n- tostring\n- tonumber\n\nand additional functions are available through the following lua libraries:\n\n- math\n- table\n- string\n\nFor full documentation of the functions provided by these libraries, visit https://www.lua.org/manual/.	以下全局lua函数可用:\n\n-pairs\n-ipairs\n-next\n-tostring\n-tonumber\n\n其他函数可通过以下lua库使用:\n\n-math\n-table\n-string\n\n有关这些库提供的函数的完整文档，请访问https://www.lua.org/manual/	ok
	界面文案	通用界面	ui	TELEMETRY FUNCTIONS	遥测功能	ok
	界面文案	任务与剧情	ui	The following global async functions are available:\n\n- httpGet\n\nHTTP requests are sent to the localhost on the specified port. Responses are caught with the httpReply(port, request_body, response_body) callback function.\n\nasync.httpGet(port, request_body)\n\nExample of a HTTP request sent to port 80:	可以使用以下全局异步函数:\n\n-httpGet\n\nHTTP请求被发送到指定端口上的本地主机。使用httpReply(端口，request_body，response_body)回调函数捕获响应。\n\nasync.httpGet(端口，request_body)\n\n[译者注:此函数使用可以参考本人B站视频:BV1mV411B7Bg] \n\n发送到端口80的HTTP请求示例:	ok
	界面文案	通用界面	ui	META FROM THE DEVS	来自开发组的参考	ok
	界面文案	微控制器与 Lua	ui	This scripting API is very powerful and as such there are some important reminders to take note of:\n\n- Your script has a max execution time of 1000 milliseconds, however it is still possible to create scripts that significantly slow down the game. It is your responsibility to ensure your script runs efficiently.\n\n- Random number functions are provided by the Lua math library. Use of randomness in your scripts is likely to cause desync in multiplayer, so use these functions at your own risk.\n\n- When your vehicle despawns and respawns, your script will be executed 'fresh' and any state stored within the script will be lost. We recommend keeping your script as stateless as possible, and making use of existing logic components (e.g. memory register) to store values that you wish to persist.\n\n- Your scripts run as a 'black box' with only the logic inputs/outputs being synced in multiplayer. Keep in mind that complex logic in your script may behave differently for different players in a multiplayer session.\n\n- A number of safeguards are in place to sandbox your script, however it is still possible to write scripts that will potentially crash your game. If you crash your game with a script, it's likely that you're doing something (very) wrong. This is your own responsibility. If you suspect you have encountered a legitimate bug, please report it on the Stormworks issue tracker (accessible from the pause-menu).\n\n- Malicious and harmful scripts will not be tolerated on the Stormworks Steam Workshop.\n\nFinally, enjoy the almost limitless possibilities that these scripts provide. This short wiki aims to give a good overview of how scripting in Stormworks works, however if you have any questions that are not covered here, please feel free to join us on Discord (accessible from the pause-menu)!	这个脚本API非常强大，因此有一些重要的提示需要注意:\n\n-您的脚本的最大执行时间为1000毫秒，但是仍然可以创建显著减慢游戏速度的脚本。确保脚本有效运行是您的责任。\n\n-Lua数学库提供随机数函数。在脚本中使用随机性可能会在多人游戏中导致desync，因此使用这些功能的风险由您自己承担。\n\n-当您的载具报废和重生时，您的脚本将被“刷新”执行，脚本中存储的任何状态都将丢失。我们建议尽可能使脚本保持无状态，并使用现有的逻辑组件(例如内存寄存器)来存储希望保持的值。\n\n-脚本作为“黑盒”运行，只有逻辑输入/输出在多人游戏中同步。请记住，脚本中的复杂逻辑对于多人会话中的不同玩家可能会有不同的行为。\n\n-有许多保护措施可以对脚本进行沙箱处理，但是仍然可以编写可能会导致游戏崩溃的脚本。如果你用脚本把游戏搞崩溃了，你(很)可能写错了什么。这是你自己的责任。如果怀疑遇到了游戏本身的错误，请在Stormworks问题跟踪程序(可从“暂停”菜单访问)上报告。\n\n-Stormworks Steam创意工坊不允许恶意和有害的脚本。\n\n最后，享受这些脚本提供的几乎无限的可能性。这个简短的wiki旨在很好地概述Stormworks中的脚本是如何工作的，但是如果您有任何此处未涉及的问题，请随时加入我们的Discord(可从暂停菜单访问)！	ok
	界面文案	通用界面	ui	TOUCHSCREEN DATA	触摸屏数据	ok
	界面文案	微控制器与 Lua	ui	The composite output from the monitors contains data that can be interpreted in your script to create touchscreens. The layout of the composite data is as follows:\n\nNumber Channels\n1: monitorResolutionX\n2: monitorResolutionY\n3: input1X\n4: input1Y\n5: input2X\n6: input2Y\n\nOn/Off Channels:\n1: isInput1Pressed\n2: isInput2Pressed\n\nThis is an example of a script that outputs a signal on composite channel 1 if the player is pressing the screen within a specific rectangle:	屏幕的复合输出包含可以在脚本中解释以创建触摸屏的数据。组合数据的布局如下所示:\n\n数字频道:\n1:monitorResolutionX\n2:monitorresolutionY\n3:input1X\n4:input1Y\n5:input2X\n6:input2Y\n\n开关频道:\n1:isInput1Pressed\n2:isInput2Pressed\n\n这是一个脚本示例，如果玩家在一个特定矩形:	ok
	界面文案	警告与错误	ui	Check Errors	检查错误	ok
	界面文案	微控制器与 Lua	ui	Script	脚本	ok
	界面文案	通用界面	ui	Help	帮助	ok
	界面文案	通用界面	ui	Burn Rate	燃烧率	ok
	界面文案	通用界面	ui	Infrared	红外	ok
	界面文案	通用界面	ui	Default to Active	默认为活动	ok
	界面文案	通用界面	ui	sec	秒	ok
	界面文案	通用界面	ui	rps	每秒转速	ok
	界面文案	物理与机制	ui	Muzzle Velocity	初速	ok
	界面文案	载具与工坊	ui	Helicopters	直升机	ok
	界面文案	通用界面	ui	Planes	飞机	ok
	界面文案	通用界面	ui	Heavy Aircraft	重型飞机	ok
	界面文案	通用界面	ui	Jets	喷气式飞机	ok
	界面文案	通用界面	ui	Afterburner	加力燃烧室	ok
	界面文案	通用界面	ui	VTOL	垂直起降	ok
	界面文案	通用界面	ui	Large Jets	大型喷气式飞机	ok
	界面文案	通用界面	ui	Jet Ducting	喷射管道	ok
	界面文案	地形与环境	ui	Solid Rockets	固体火箭	ok
	界面文案	通用界面	ui	Doors	门	ok
	界面文案	地形与环境	ui	Docking Doors	对接门	ok
	界面文案	通用界面	ui	Custom Doors	定制门	ok
	界面文案	通用界面	ui	Large Boats	大船	ok
	界面文案	通用界面	ui	Shipping	航运	ok
	界面文案	通用界面	ui	Navigation	导航	ok
	界面文案	通用界面	ui	Radar and Sonar	雷达和声纳	ok
	界面文案	任务与剧情	ui	Rescue Equipment	救援装备	ok
	界面文案	通用界面	ui	Diving Equipment	潜水装备	ok
	界面文案	通用界面	ui	Deep Sea Diving	深潜装备	ok
	界面文案	通用界面	ui	Firefighting Equipment	消防装备	ok
	界面文案	任务与剧情	ui	Advanced Rescue Equipment	高级救援装备	ok
	界面文案	任务与剧情	ui	Arctic Rescue	极地救援装备	ok
	界面文案	通用界面	ui	Sensors	传感器	ok
	界面文案	通用界面	ui	Advanced Sensors	高级传感器	ok
	界面文案	通用界面	ui	Weather Sensors	气象传感器	ok
	界面文案	通用界面	ui	Buttons	按钮	ok
	界面文案	通用界面	ui	Keypads	小键盘	ok
	界面文案	通用界面	ui	Displays	显示器	ok
	界面文案	通用界面	ui	Advanced Displays	高级显示器	ok
	界面文案	通用界面	ui	Video Equipment	视频设备	ok
	界面文案	通用界面	ui	Basic Mechanics	基本机械	ok
	界面文案	通用界面	ui	Compact Mechanics	紧凑机械	ok
	界面文案	载具与工坊	ui	Land Vehicles	陆地载具	ok
	界面文案	载具与工坊	ui	Heavy Land Vehicles	重型陆地载具	ok
	界面文案	通用界面	ui	Trains	火车	ok
	界面文案	通用界面	ui	Tank Tracks Small	小型坦克履带	ok
	界面文案	通用界面	ui	Tank Tracks Medium	中型坦克履带	ok
	界面文案	通用界面	ui	Tank Tracks Large	大型坦克履带	ok
	界面文案	载具与工坊	ui	Arctic Land Vehicles	北极陆地载具	ok
	界面文案	通用界面	ui	Decorations	装饰品	ok
	界面文案	通用界面	ui	Railings	栏杆	ok
	界面文案	通用界面	ui	Basic Logic	基本逻辑	ok
	界面文案	通用界面	ui	Functions	函数	ok
	界面文案	通用界面	ui	Behaviour	行为	ok
	界面文案	通用界面	ui	Advanced Logic	高级逻辑	ok
	界面文案	通用界面	ui	Electrics	电	ok
	界面文案	通用界面	ui	High Capacity Electrics	大容量电池	ok
	界面文案	通用界面	ui	Radio RX	无线电收发机	ok
	界面文案	通用界面	ui	Fluid Management	流体管理	ok
	界面文案	通用界面	ui	Advanced Fluid Management	高级流体管理	ok
	界面文案	通用界面	ui	Water Jets	喷水引擎	ok
	界面文案	通用界面	ui	UNLOCKS	解锁	ok
	界面文案	通用界面	ui	RESEARCH PATH	研究路径	ok
	界面文案	通用界面	ui	Begin Research	开始研究	ok
	界面文案	通用界面	ui	Attach	连接	ok
	界面文案	通用界面	ui	Detach	分离	ok
	界面文案	通用界面	ui	Apply First Aid	急救	ok
	界面文案	通用界面	ui	Revive	复苏	ok
	界面文案	警告与错误	ui	Cannot Equip In Active Slot	不能装备到主动道具栏	ok
	界面文案	载具与工坊	ui	Keep Vehicle Active	保持载具激活	ok
	界面文案	通用界面	ui	Cargo Object	货舱物体	ok
	界面文案	通用界面	ui	Fire Extinguished	灭火	ok
	界面文案	地形与环境	ui	Reported Forest Fires	报告的森林火灾	ok
	界面文案	地形与环境	ui	Put out forest fire	扑灭森林火灾	ok
	界面文案	地形与环境	ui	Put out this forest fire that will cause major environmental damage.	扑灭这场会造成重大环境破坏的森林大火	ok
	界面文案	地形与环境	ui	A forest fire has appeared that threatens local flora and fauna.	一场威胁当地动植物的森林大火已经出现	ok
	界面文案	通用界面	ui	An uncontrolled blaze has sprung up, decimating the natural scenery.	一场无法控制的大火突然爆发，破坏了自然环境	ok
	界面文案	通用界面	ui	Extinguish the wildfire before it gets out of control.	在野火失去控制之前把它扑灭	ok
	界面文案	地形与环境	ui	A forest fire needs to be extinguished.	森林大火需要扑灭	ok
	界面文案	通用界面	ui	Zone	区域	ok
	界面文案	通用界面	ui	Pickup	装货	ok
	界面文案	通用界面	ui	Dropoff	卸货	ok
	界面文案	通用界面	ui	Cargo Dropoff Point	卸货点	ok
	界面文案	通用界面	ui	Cargo Pickup Point	装货点	ok
	界面文案	通用界面	ui	Imported Cargo	进口货物	ok
	界面文案	通用界面	ui	Exported Cargo	出口货物	ok
	界面文案	通用界面	ui	Nearby Cargo	旁边的货物	ok
	界面文案	通用界面	ui	Crate	板条箱	ok
	界面文案	通用界面	ui	Passenger	乘客	ok
	界面文案	通用界面	ui	Container	容器	ok
	界面文案	多人游戏与服务器	ui	Vehicle editing is disabled by server settings.	载具编辑已被服务器禁用	ok
	界面文案	编辑器与建造	ui	You must be authorised to use workbench.	你必须得到授权才能使用工作台	ok
	界面文案	通用界面	ui	Explosion ignition point	爆炸着火点	ok
	界面文案	通用界面	ui	Explosion magnitude	爆炸当量	ok
	界面文案	通用界面	ui	Begin	开始	ok
	界面文案	通用界面	ui	End	终点	ok
	界面文案	通用界面	ui	Hardware	硬件	ok
	界面文案	通用界面	ui	Config	配置	ok
	界面文案	通用界面	ui	Settling	沉降	ok
	界面文案	通用界面	ui	Returning to menu	返回菜单	ok
	界面文案	通用界面	ui	OS	操作系统	ok
	界面文案	通用界面	ui	CPU	CPU	ok
	界面文案	通用界面	ui	RAM	RAM	ok
	界面文案	图形与设置	ui	GPU Vendor	GPU供应商	ok
	界面文案	图形与设置	ui	GPU	GPU	ok
	界面文案	微控制器与 Lua	ui	Min/Avg/Max	最小/平均/最大	ok
	界面文案	通用界面	ui	Samples	采样	ok
	界面文案	通用界面	ui	Frame	框架	ok
	界面文案	通用界面	ui	Thread	线程	ok
	界面文案	图形与设置	ui	Framerate (FPS)	帧率(FPS)	ok
	界面文案	通用界面	ui	Frame Time (ms)	帧时间(ms)	ok
	界面文案	通用界面	ui	CPU Active Time (ms)	CPU活动时间(ms)	ok
	界面文案	通用界面	ui	CPU Utilization	CPU利用率	ok
	界面文案	图形与设置	ui	FPS	FPS	ok
	界面文案	通用界面	ui	Diving Equipment	潜水装备	ok
	界面文案	生物与角色	ui	Firefighting Outfit	救火外套	ok
	界面文案	通用界面	ui	Scuba Gear	水肺装备	ok
	界面文案	通用界面	ui	Parachute	降落伞	ok
	界面文案	通用界面	ui	Thermal Clothing	隔热服	ok
	界面文案	通用界面	ui	Binoculars	望远镜	ok
	界面文案	通用界面	ui	Cable	线	ok
	界面文案	通用界面	ui	Compass	指南针	ok
	界面文案	通用界面	ui	Defibrillator	心脏除颤器	ok
	界面文案	通用界面	ui	First Aid Kit	急救包	ok
	界面文案	通用界面	ui	Flaregun	信号弹枪	ok
	界面文案	通用界面	ui	Flaregun Ammo	信号弹	ok
	界面文案	通用界面	ui	Flashlight	手电筒	ok
	界面文案	通用界面	ui	Hose	软管	ok
	界面文案	通用界面	ui	Night Vision Binoculars	夜视望远镜	ok
	界面文案	通用界面	ui	Oxygen Mask	氧气面罩	ok
	界面文案	通用界面	ui	Radio	无线电	ok
	界面文案	通用界面	ui	Radio Signal Locator	无线电信号定位器	ok
	界面文案	通用界面	ui	Remote Control Unit	远程控制单元	ok
	界面文案	通用界面	ui	Rope	绳索	ok
	界面文案	通用界面	ui	Strobe Light	频闪灯	ok
	界面文案	通用界面	ui	Strobe Light (infrared)	频闪灯(红外)	ok
	界面文案	通用界面	ui	Transponder	应急信标	ok
	界面文案	通用界面	ui	Underwater Welding Torch	水下火旱枪	ok
	界面文案	通用界面	ui	Welding Torch	火旱枪	ok
	界面文案	按键与控制	ui	[$[action_equipment_use]] Open parachute [$[action_equipment_secondary]] Close parachute	[$[action_equipment_use]] 打开降落伞 [$[action_equipment_secondary]] 关闭降落伞	ok
	界面文案	按键与控制	ui	[$[action_equipment_use]] Zoom in	[$[action_equipment_use]]放大	ok
	界面文案	按键与控制	ui	[$[action_equipment_use]] Revive incapacitated player	按[$[action_equipment_use]]复活丧失行动能力的玩家	ok
	界面文案	按键与控制	ui	[$[action_equipment_use]] Spray water	[$[action_equipment_use]] 洒水	ok
	界面文案	按键与控制	ui	[$[action_equipment_use]] Heal self / target	[$[action_equipment_use]] 治疗自己/目标	ok
	界面文案	按键与控制	ui	[$[action_equipment_use]] Throw flare	[$[action_equipment_use]] 扔出信号弹	ok
	界面文案	按键与控制	ui	[$[action_equipment_use]] Fire flare [$[action_equipment_secondary]] Reload	[$[action_equipment_use]]发射信号弹 [$[action_equipment_secondary]]重新装填	ok
	界面文案	按键与控制	ui	[$[action_equipment_use]] Reload flaregun	[$[action_equipment_use]] 重新装填信号弹枪	ok
	界面文案	按键与控制	ui	[$[action_equipment_use]] Toggle flashlight	[$[action_equipment_use]] 开关手电筒	ok
	界面文案	按键与控制	ui	[$[action_equipment_secondary]] Toggle hose nozzle	[$[action_equipment_secondary]] 开关软管喷嘴	ok
	界面文案	按键与控制	ui	[$[action_equipment_use]] Zoom in	[$[action_equipment_use]]放大	ok
	界面文案	按键与控制	ui	[$[action_equipment_use]] Recover oxygen	[$[action_equipment_use]] 回复氧气	ok
	界面文案	按键与控制	ui	[$[action_equipment_use]] Transmit [$[action_equipment_secondary]] Cycle frequency	[$[action_equipment_use]] 通信 [$[action_equipment_secondary]] 循环切换频率	ok
	界面文案	按键与控制	ui	[$[action_equipment_use]] Toggle control [$[action_equipment_secondary]] cycle frequency	[$[action_equipment_use]] 控制开关 [$[action_equipment_secondary]] 循环切换频率	ok
	界面文案	按键与控制	ui	[$[action_equipment_use]] Toggle strobe [$[action_equipment_secondary]] Toggle MOB mode	[$[action_equipment_use]]切换到频闪模式 [$[action_equipment_secondary]]切换到MOB(落水)模式	ok
	界面文案	按键与控制	ui	[$[action_equipment_use]] Toggle infrared strobe [$[action_equipment_secondary]] Toggle MOB mode	[$[action_equipment_use]] 切换红外模式 [$[action_equipment_secondary]] 切换MOB(落水)模式	ok
	界面文案	按键与控制	ui	[$[action_equipment_use]] Toggle transmit [$[action_equipment_secondary]] Toggle MOB mode	[$[action_equipment_use]] 通信开关 [$[action_equipment_secondary]] 切换MOB(落水)模式	ok
	界面文案	按键与控制	ui	[$[action_equipment_use]] Repair	[$[action_equipment_use]] 修理	ok
	界面文案	通用界面	ui	Detailed	详细	ok
	界面文案	通用界面	ui	Simple	简单的	ok
	界面文案	通用界面	ui	Incapacitated	丧失行动能力的	ok
	界面文案	载具与工坊	ui	Respawn	重生	ok
	界面文案	载具与工坊	ui	Respawning is Disabled	重生已被禁用	ok
	界面文案	载具与工坊	ui	Spawn Vehicle	生成载具	ok
	界面文案	载具与工坊	ui	There is already a vehicle in the edit zone, are you sure you would like to spawn this vehicle?	编辑区域已经存在一台载具了,确定要在此之上继续生成吗?	ok
	界面文案	通用界面	ui	Unload	卸载弹药	ok
	界面文案	通用界面	ui	Reload	重新装弹	ok
	界面文案	通用界面	ui	Light Auto Ammo Box	轻型自动火炮弹药箱	ok
	界面文案	通用界面	ui	Rotary Auto Ammo Box	转管自动火炮弹药箱	ok
	界面文案	通用界面	ui	Heavy Auto Ammo Box	重型自动火炮弹药箱	ok
	界面文案	通用界面	ui	Battle Shell	坦克炮弹	ok
	界面文案	通用界面	ui	Artillery Shell	大型榴弹	ok
	界面文案	物理与机制	ui	Temperature	温度	ok
	界面文案	通用界面	ui	Auto Refuel	自动补充燃料	ok
	界面文案	载具与工坊	ui	Third Person Vehicle	第三人称载具	ok
	界面文案	通用界面	ui	BLUEPRINT UNLOCK	蓝图解锁	ok
	界面文案	通用界面	ui	BLUEPRINT	蓝图	ok
	界面文案	通用界面	ui	AI	AI	ok
	界面文案	通用界面	ui	Ship Pilot	船只驾驶员	ok
	界面文案	载具与工坊	ui	Helicopter Pilot	直升机驾驶员	ok
	界面文案	载具与工坊	ui	Plane Pilot	飞机驾驶员	ok
	界面文案	通用界面	ui	Gunner	武器操作员	ok
	界面文案	通用界面	ui	Light Autocannon Ammo (Kinetic)	轻型自动火炮弹药(动能)	ok
	界面文案	通用界面	ui	Light Autocannon Ammo (High Explosive)	轻型自动火炮弹药(高爆)	ok
	界面文案	通用界面	ui	Light Autocannon Ammo (Fragmentation)	轻型自动火炮弹药(破片)	ok
	界面文案	通用界面	ui	Light Autocannon Ammo (Armor Piercing)	轻型自动火炮弹药(穿甲)	ok
	界面文案	通用界面	ui	Light Autocannon Ammo (Incendiary)	轻型自动火炮弹药(燃烧)	ok
	界面文案	通用界面	ui	Rotary Autocannon Ammo (Kinetic)	转管自动火炮弹药(动能)	ok
	界面文案	通用界面	ui	Rotary Autocannon Ammo (High Explosive)	转管自动火炮弹药(高爆)	ok
	界面文案	通用界面	ui	Rotary Autocannon Ammo (Fragmentation)	转管自动火炮弹药(破片)	ok
	界面文案	通用界面	ui	Rotary Autocannon Ammo (Armor Piercing)	转管自动火炮弹药(穿甲)	ok
	界面文案	通用界面	ui	Rotary Autocannon Ammo (Incendiary)	转管自动火炮弹药(燃烧)	ok
	界面文案	通用界面	ui	Heavy Autocannon Ammo (Kinetic)	重型自动火炮弹药(动能)	ok
	界面文案	通用界面	ui	Heavy Autocannon Ammo (High Explosive)	重型自动火炮弹药(高爆)	ok
	界面文案	通用界面	ui	Heavy Autocannon Ammo (Fragmentation)	重型自动火炮弹药(破片)	ok
	界面文案	通用界面	ui	Heavy Autocannon Ammo (Armor Piercing)	重型自动火炮弹药(穿甲)	ok
	界面文案	通用界面	ui	Heavy Autocannon Ammo (Incendiary)	重型自动火炮弹药(燃烧)	ok
	界面文案	通用界面	ui	Battle Cannon Shell (Kinetic)	坦克主炮炮弹(动能)	ok
	界面文案	通用界面	ui	Battle Cannon Shell (High Explosive)	坦克主炮炮弹(高爆)	ok
	界面文案	通用界面	ui	Battle Cannon Shell (Fragmentation)	坦克主炮炮弹(破片)	ok
	界面文案	通用界面	ui	Battle Cannon Shell (Armor Piercing)	坦克主炮炮弹(穿甲)	ok
	界面文案	通用界面	ui	Battle Cannon Shell (Incendiary)	坦克主炮炮弹(燃烧)	ok
	界面文案	通用界面	ui	Artillery Cannon Shell (Kinetic)	大型榴弹(动能)	ok
	界面文案	通用界面	ui	Artillery Cannon Shell (High Explosive)	大型榴弹(高爆)	ok
	界面文案	通用界面	ui	Artillery Cannon Shell (Fragmentation)	大型榴弹(破片)	ok
	界面文案	通用界面	ui	Artillery Cannon Shell (Armor Piercing)	大型榴弹(穿甲)	ok
	界面文案	通用界面	ui	Artillery Cannon Shell (Incendiary)	大型榴弹(燃烧)	ok
	界面文案	通用界面	ui	C-4 Explosive	C-4炸药	ok
	界面文案	通用界面	ui	C-4 Detonator	C-4起爆器	ok
	界面文案	通用界面	ui	Speargun	鱼叉枪	ok
	界面文案	通用界面	ui	Speargun Ammo	鱼叉枪弹药	ok
	界面文案	通用界面	ui	Pistol	手枪	ok
	界面文案	通用界面	ui	Pistol Ammo	手枪弹药	ok
	界面文案	通用界面	ui	Grenade	手榴弹	ok
	界面文案	通用界面	ui	Search and Destroy DLC	搜索并歼灭DLC	ok
	界面文案	通用界面	ui	Modular Engines	模块化引擎	ok
	界面文案	通用界面	ui	Medium Modular Engines	中型模块化引擎	ok
	界面文案	通用界面	ui	Heavy Modular Engines	重型模块化引擎	ok
	界面文案	生物与角色	ui	Hazmat Outfit	防化服	ok
	界面文案	通用界面	ui	Radiation Detector	辐射探测器	ok
	界面文案	按键与控制	ui	[$[action_equipment_use]] Toggle detector	[$[action_equipment_use]] 开启探测器	ok
	界面文案	通用界面	ui	Hazmat	危险品	ok
	界面文案	通用界面	ui	Coal	煤炭	ok
	界面文案	多人游戏与服务器	ui	Steam Power	蒸汽动力	ok
	界面文案	通用界面	ui	Nuclear Power	核动力	ok
	界面文案	通用界面	ui	Load	装载	ok
	界面文案	通用界面	ui	Unload	卸载	ok
	界面文案	通用界面	ui	Clean Radiation	清除辐射	ok
	界面文案	通用界面	ui	Weapons	武器	ok
	界面文案	通用界面	ui	Machine Gun Ammo Box (Kinetic)	机枪弹药箱(动能)	ok
	界面文案	通用界面	ui	Machine Gun Ammo Box (High Explosive)	机枪弹药箱(高爆)	ok
	界面文案	通用界面	ui	Machine Gun Ammo Box (Fragmentation)	机枪弹药箱(破片)	ok
	界面文案	通用界面	ui	Machine Gun Ammo Box (Armor Piercing)	机枪弹药箱(穿甲)	ok
	界面文案	通用界面	ui	Machine Gun Ammo Box (Incendiary)	机枪弹药箱(燃烧)	ok
	界面文案	通用界面	ui	Ammo Caliber	弹药口径	ok
	界面文案	通用界面	ui	Machine Gun	机枪	ok
	界面文案	通用界面	ui	Light Autocannon	轻型自动火炮	ok
	界面文案	通用界面	ui	Rotary Autocannon	转管自动火炮	ok
	界面文案	通用界面	ui	Heavy Autocannon	重型自动火炮	ok
	界面文案	通用界面	ui	Battle Cannon	坦克主炮	ok
	界面文案	通用界面	ui	Artillery Cannon	榴弹炮	ok
	界面文案	通用界面	ui	Bertha Cannon	贝莎巨炮	ok
	界面文案	通用界面	ui	Ammo Type	弹药类型	ok
	界面文案	通用界面	ui	Unloaded	未装填	ok
	界面文案	通用界面	ui	Kinetic	动能	ok
	界面文案	通用界面	ui	High Explosive	高爆	ok
	界面文案	通用界面	ui	Fragmentation	破片	ok
	界面文案	通用界面	ui	Armor Piercing	穿甲	ok
	界面文案	通用界面	ui	Incendiary	燃烧	ok
	界面文案	通用界面	ui	K	动能	ok
	界面文案	通用界面	ui	HE	高爆	ok
	界面文案	通用界面	ui	FRAG	破片	ok
	界面文案	通用界面	ui	AP	穿甲	ok
	界面文案	通用界面	ui	I	燃烧	ok
	界面文案	通用界面	ui	SMG	冲锋枪	ok
	界面文案	通用界面	ui	SMG Ammo	冲锋枪弹药	ok
	界面文案	通用界面	ui	Rifle	步枪	ok
	界面文案	通用界面	ui	Rifle Ammo	步枪弹药	ok
	界面文案	按键与控制	ui	[$[action_equipment_use]] Place	[$[action_equipment_use]] 地点	ok
	界面文案	按键与控制	ui	[$[action_equipment_use]] Detonate	[$[action_equipment_use]] 起爆	ok
	界面文案	按键与控制	ui	[$[action_equipment_use]] Fire [$[action_equipment_secondary]] Reload	[$[action_equipment_use]]开火[$[action_equipment_secondary]]重新装填	ok
	界面文案	按键与控制	ui	[$[action_equipment_use]] Reload	[$[action_equipment_use]]重新装填	ok
	界面文案	按键与控制	ui	[$[action_equipment_use]] Throw	[$[action_equipment_use]]投掷	ok
	界面文案	通用界面	ui	Camera Shake	镜头抖动	ok
	界面文案	通用界面	ui	Trigger	触发	ok
	界面文案	微控制器与 Lua	ui	GRAPH NODE	路径点	ok
	界面文案	微控制器与 Lua	ui	ADD GRAPH NODE	添加路径点	ok
	界面文案	微控制器与 Lua	ui	Add a linkable node to provide data for advanced AI pathing or use as a generic marker.	添加可链接节点，为AI寻路功能提供数据，或用作通用标记	ok
	界面文案	微控制器与 Lua	ui	Link node.	链接节点	ok
	界面文案	通用界面	ui	UI	用户界面[UI]	ok
	界面文案	通用界面	ui	Objects	物体[Objects]	ok
	界面文案	载具与工坊	ui	Vehicles	载具[Vehicles]	ok
	界面文案	通用界面	ui	Game	游戏[Game]	ok
	界面文案	通用界面	ui	Designator	标志符[Designator]	ok
	界面文案	通用界面	ui	Fin Influence	弹翼舵效[Fin Influence]	ok
	界面文案	通用界面	ui	Closed	关闭	ok
	界面文案	通用界面	ui	Group: Active	组别:活动的	ok
	界面文案	通用界面	ui	Group: Date	组别:日期	ok
	界面文案	载具与工坊	ui	Spawn Whirlpool	生成漩涡	ok
	界面文案	通用界面	ui	Cancel Whirlpool	取消漩涡	ok
	界面文案	载具与工坊	ui	Spawn Tornado	生成龙卷风	ok
	界面文案	通用界面	ui	Cancel Tornado	取消龙卷风	ok
	界面文案	载具与工坊	ui	Spawn Meteor	生成流星	ok
	界面文案	载具与工坊	ui	Spawn Meteor Shower	生成流星雨	ok
	界面文案	载具与工坊	ui	Spawn Eruption	生成火山爆发	ok
	界面文案	通用界面	ui	Xmas Tree	圣诞树	ok
	界面文案	通用界面	ui	Xmas Stormworks	圣诞风暴工程	ok
	界面文案	通用界面	ui	Xmas Stormworks 2	圣诞风暴工程2	ok
	界面文案	通用界面	ui	Xmas Reindeer	圣诞节驯鹿	ok
	界面文案	通用界面	ui	Xmas Elf	圣诞精灵	ok
	界面文案	通用界面	ui	Xmas Nutcracker	圣诞胡桃夹子	ok
	界面文案	通用界面	ui	Xmas Elf Hat	圣诞精灵帽	ok
	界面文案	通用界面	ui	Xmas Winter Hat	圣诞帽	ok
	界面文案	通用界面	ui	Xmas Tree Hat	圣诞树帽	ok
	界面文案	通用界面	ui	Xmas Tophat/Scarf	圣诞礼帽/围巾	ok
	界面文案	通用界面	ui	Xmas Pudding	圣诞布丁	ok
	界面文案	通用界面	ui	Xmas Party Hat	圣诞派对帽	ok
	界面文案	通用界面	ui	Xmas Elf Costume	圣诞精灵服装	ok
	界面文案	通用界面	ui	Ushanka	雷锋帽	ok
	界面文案	通用界面	ui	Sheriff Hat	警长帽	ok
	界面文案	通用界面	ui	Raf Sidecap	皇家空军船形帽	ok
	界面文案	通用界面	ui	Raf Officer Hat	皇家空军军官帽	ok
	界面文案	通用界面	ui	Navy Sidecap	海军船形帽	ok
	界面文案	通用界面	ui	Navy Officer Hat	海军军官帽	ok
	界面文案	通用界面	ui	k6 3 Helmet	K6-3头盔	ok
	界面文案	通用界面	ui	WZ 063 Helmet	Wz.63头盔	ok
	界面文案	通用界面	ui	Helmet Visor	头盔面罩	ok
	界面文案	载具与工坊	ui	Heli Helmet	直升机头盔	ok
	界面文案	通用界面	ui	Helmet Headset	头盔耳机	ok
	界面文案	通用界面	ui	Cap	帽子	ok
	界面文案	通用界面	ui	Boonie Hat	布尼帽	ok
	界面文案	通用界面	ui	Bomb Disposal Helmet	拆弹头盔	ok
	界面文案	生物与角色	ui	Beret	贝雷帽	ok
	界面文案	通用界面	ui	Army Sidecap	陆军船形帽	ok
	界面文案	通用界面	ui	Army Officer	陆军军官帽	ok
	界面文案	通用界面	ui	Suit Bowtie	西装领结	ok
	界面文案	通用界面	ui	Suit	西装	ok
	界面文案	通用界面	ui	Safety Vest	安全背心	ok
	界面文案	通用界面	ui	Raf Suit	皇家空军套装	ok
	界面文案	通用界面	ui	Plate Vest	战术背心	ok
	界面文案	通用界面	ui	Navy Uniform	海军制服	ok
	界面文案	通用界面	ui	Navy Suit	海军套装	ok
	界面文案	通用界面	ui	Messenger Bag	邮差包	ok
	界面文案	通用界面	ui	Chest rig	战术胸挂	ok
	界面文案	生物与角色	ui	Bomb Disposal Outfit	拆弹服	ok
	界面文案	通用界面	ui	Black Hawk Vest	黑鹰背心	ok
	界面文案	通用界面	ui	Backpack	背包	ok
	界面文案	通用界面	ui	Assault Pack	战术背包	ok
	界面文案	通用界面	ui	Army Uniform	陆军制服	ok
	界面文案	通用界面	ui	Army Suit	陆军套装	ok
	界面文案	通用界面	ui	Armour Vest	防弹背心	ok
	界面文案	通用界面	ui	Use	使用	ok
	界面文案	通用界面	ui	Keyboard	键盘	ok
	界面文案	通用界面	ui	Gamepad	手柄	ok
	界面文案	通用界面	ui	Move X	移动X轴	ok
	界面文案	通用界面	ui	Move Y	移动Y轴	ok
	界面文案	通用界面	ui	View X	视角X轴	ok
	界面文案	通用界面	ui	View Y	视角Y轴	ok
	界面文案	通用界面	ui	HOTAS	HOTAS	ok
	界面文案	通用界面	ui	Pause	暂停	ok
	界面文案	通用界面	ui	Slow	慢速	ok
	界面文案	通用界面	ui	Fast	快速	ok
	界面文案	通用界面	ui	Very Fast	非常快	ok
	界面文案	通用界面	ui	Navigate X	载具X轴	ok
	界面文案	通用界面	ui	Navigate Y	载具Y轴	ok
	界面文案	通用界面	ui	Navigate Up	载具向上	ok
	界面文案	通用界面	ui	Navigate Down	载具向下	ok
	界面文案	通用界面	ui	Navigate Left	载具向左	ok
	界面文案	通用界面	ui	Navigate Right	载具向右	ok
	界面文案	通用界面	ui	Select/Confirm	选择/确认	ok
	界面文案	通用界面	ui	Context	内容	ok
	界面文案	通用界面	ui	Tab Left	向左切换	ok
	界面文案	通用界面	ui	Tab Right	向右切换	ok
	界面文案	通用界面	ui	Free View	自由查看	ok
	界面文案	通用界面	ui	Hotkey	快捷键	ok
	界面文案	通用界面	ui	Body Warmer	无袖棉夹克	ok
	界面文案	通用界面	ui	Cardigan	羊毛衫	ok
	界面文案	生物与角色	ui	Hoodie Down	帽衫羽绒服	ok
	界面文案	生物与角色	ui	Hoodie Up	连帽衫	ok
	界面文案	通用界面	ui	Leggings	紧身裤	ok
	界面文案	通用界面	ui	Puffer Jacket	羽绒夹克	ok
	界面文案	通用界面	ui	Raincoat	雨衣	ok
	界面文案	通用界面	ui	Varsity Jacket	棒球夹克	ok
	界面文案	通用界面	ui	Shirt Beautiful OB	Beautiful OB T恤	ok
	界面文案	通用界面	ui	Shirt Camodo	Camodo T恤	ok
	界面文案	通用界面	ui	Shirt CC2	CC2 T恤	ok
	界面文案	通用界面	ui	Shirt Frantic	Frantic T恤	ok
	界面文案	通用界面	ui	Shirt GQ	GQ T恤	ok
	界面文案	通用界面	ui	Shirt Lynx Highland	Lynx Highland T恤	ok
	界面文案	通用界面	ui	Shirt MrNJersy	MrNJersy T恤	ok
	界面文案	通用界面	ui	Shirt ND	ND T恤	ok
	界面文案	通用界面	ui	Shirt Raptor	Raptor T恤	ok
	界面文案	通用界面	ui	Shirt Rubber Duck	Rubber Duck T恤	ok
	界面文案	通用界面	ui	Shirt Spycakes	Spycakes T恤	ok
	界面文案	通用界面	ui	Shirt Stormworks	Stormworks T恤	ok
	界面文案	生物与角色	ui	Hoodie Beautiful OB	Beautiful OB帽衫	ok
	界面文案	生物与角色	ui	Hoodie Camodo	Camodo帽衫	ok
	界面文案	生物与角色	ui	Hoodie CC2	CC2帽衫	ok
	界面文案	生物与角色	ui	Hoodie Frantic	Frantic帽衫	ok
	界面文案	生物与角色	ui	Hoodie GQ	GQ帽衫	ok
	界面文案	生物与角色	ui	Hoodie Lynx Highland	Lynx Highland帽衫	ok
	界面文案	生物与角色	ui	Hoodie MrNJersy	MrNJersy帽衫	ok
	界面文案	生物与角色	ui	Hoodie ND	ND帽衫	ok
	界面文案	生物与角色	ui	Hoodie Raptor	Raptor帽衫	ok
	界面文案	生物与角色	ui	Hoodie Rubber Duck	Rubber Duck帽衫	ok
	界面文案	生物与角色	ui	Hoodie Spycakes	Spycakes帽衫	ok
	界面文案	生物与角色	ui	Hoodie Stormworks	Stormworks帽衫	ok
	界面文案	警告与错误	ui	You were disconnected due to adverse network conditions.	由于网络状态不佳,您断开了连接	ok
	界面文案	多人游戏与服务器	ui	You were disconnected due to steam failing to authorize. Please restart Steam.	您被断开连接的原因是Steam授权失败.请重新启动Steam客户端	ok
	界面文案	通用界面	ui	Physics	物理	ok
	界面文案	通用界面	ui	Physics Detail	物理详情	ok
	界面文案	通用界面	ui	Gameplay	游戏设定	ok
	界面文案	生物与角色	ui	Fish Spawn Rate	鱼类繁殖率	ok
	界面文案	通用界面	ui	Color Palette	调色板	ok
	界面文案	通用界面	ui	Blood Effects	血腥效果	ok
	界面文案	通用界面	ui	Accessibility	可访问性	ok
	界面文案	通用界面	ui	Auto	自动	ok
	界面文案	通用界面	ui	too long to detach	太长无法分离	ok
	界面文案	通用界面	ui	Glowstick	荧光棒	ok
	界面文案	按键与控制	ui	[$[action_equipment_use]] Throw glowstick	丢出荧光棒	ok
	界面文案	通用界面	ui	Kraken	北海巨妖	ok
	界面文案	物理与机制	ui	Fuel	燃料	ok
	界面文案	通用界面	ui	Fill Level	液位	ok
	界面文案	通用界面	ui	Sea Monsters	海怪	ok
	界面文案	通用界面	ui	Lightning	闪电	ok
	界面文案	通用界面	ui	Ender Airfield	安德机场	ok
	界面文案	通用界面	ui	Large airstrip with a dangerous clifftop runway.	拥有一条危险的悬崖顶跑道的大型机场	ok
	界面文案	地形与环境	ui	Uran Wind Power Plant Docks	乌兰风电厂码头	ok
	界面文案	地形与环境	ui	Large industrial docks area with multiple boat workbenches at the collapsed nuclear power station.	拥有多个船只工作台的大型工业码头,临近崩塌的核电站	ok
	界面文案	通用界面	ui	Clarke Airfield	克拉克机场	ok
	界面文案	通用界面	ui	Large airstrip on the salt flats with access to the launch site.	盐滩上的大型简易机场，可以进入发射场	ok
	界面文案	地形与环境	ui	FJ Warner Docks	FJ华纳的码头	ok
	界面文案	地形与环境	ui	A beachside port with a large hangar and a view of the salt flats.	拥有大型机库的海滨港口，可以看到盐滩	ok
	界面文案	通用界面	ui	Serpentine Trainyard	蛇口火车站	ok
	界面文案	编辑器与建造	ui	A train assembly yard with two rail workbenches.	拥有两个铁路工作台的铁道的调车场	ok
	界面文案	通用界面	ui	Brainz Train Yard	Brainz列车场	ok
	界面文案	地形与环境	ui	Large train maintenance yard on the northern coast.	北部海岸的大型火车维修场	ok
	界面文案	通用界面	ui	Mauve Train Yard	Mauve列车场	ok
	界面文案	地形与环境	ui	A central train yard situated adjacent to the Robert Barnsley Observatory.	位于Robert Barnsley天文台附近的中央火车场	ok
	界面文案	地形与环境	ui	JSI Dock	JSI码头	ok
	界面文案	地形与环境	ui	A commerce dock on the south of Sharkspoonful Island.	Sharkspoonful岛南部的商业码头	ok
	界面文案	通用界面	ui	North Meier Outpost	北梅尔前哨站	ok
	界面文案	地形与环境	ui	A small dock and workbench situated on the arid mainland, perfect for starting out.	拥有一个小码头的前哨站，非常适合搜救事业的起步	ok
	界面文案	通用界面	ui	Place Animal in	将动物置于	ok
	界面文案	通用界面	ui	Pet	宠物	ok
	界面文案	生物与角色	ui	Dog Whistle	犬哨	ok
	界面文案	按键与控制	ui	[$[action_equipment_use]] Use whistle	吹响哨子	ok
	界面文案	通用界面	ui	Aggressive Animals	攻击性动物	ok
	界面文案	通用界面	ui	Industrial Frontier DLC	工业先锋DLC	ok
	界面文案	通用界面	ui	Open Store Page	打开存储页面	ok
	界面文案	通用界面	ui	Camera Forward	镜头前移	ok
	界面文案	通用界面	ui	Camera Back	镜头后退	ok
	界面文案	通用界面	ui	Camera Left	镜头左移	ok
	界面文案	通用界面	ui	Camera Right	镜头右移	ok
	界面文案	通用界面	ui	Camera Up	镜头向上	ok
	界面文案	通用界面	ui	Camera Down	镜头向下	ok
	界面文案	通用界面	ui	Camera Zoom In	镜头放大	ok
	界面文案	通用界面	ui	Camera Zoom Out	镜头缩小	ok
	界面文案	通用界面	ui	Camera Set Origin	镜头设置原点	ok
	界面文案	通用界面	ui	Rotate X	X轴旋转	ok
	界面文案	通用界面	ui	Rotate Y	Y轴旋转	ok
	界面文案	通用界面	ui	Rotate Z	Z轴旋转	ok
	界面文案	通用界面	ui	Flip X	X轴翻转	ok
	界面文案	通用界面	ui	Flip Y	Y轴翻转	ok
	界面文案	通用界面	ui	Flip Z	Z轴翻转	ok
	界面文案	通用界面	ui	Show Rotation UI	显示旋转界面	ok
	界面文案	编辑器与建造	ui	Show/Hide Vehicle (Selection Grid)	显示/隐藏载具(选择网格)	ok
	界面文案	编辑器与建造	ui	Toggle Eraser	切换橡皮擦	ok
	界面文案	通用界面	ui	Iron Ore	铁矿	ok
	界面文案	通用界面	ui	Aluminium Ore	铝矿	ok
	界面文案	通用界面	ui	Gold Ore	金矿	ok
	界面文案	通用界面	ui	Gold Rich Dirt	金沙	ok
	界面文案	通用界面	ui	Uranium Ore	铀矿	ok
	界面文案	通用界面	ui	Iron Ingot	铁锭	ok
	界面文案	通用界面	ui	Steel Ingot	钢锭	ok
	界面文案	通用界面	ui	Aluminium Ingot	铝锭	ok
	界面文案	通用界面	ui	Impure Gold Ingot	不纯金锭	ok
	界面文案	通用界面	ui	Gold Ingot	金锭	ok
	界面文案	通用界面	ui	Uranium Ingot	铀锭	ok
	界面文案	通用界面	ui	Industrial Equipment	工业设备	ok
	界面文案	警告与错误	ui	You were disconnected.	您已断开了连接	ok
	界面文案	通用界面	ui	Noclip	穿墙	ok
	界面文案	通用界面	ui	Override Wind Direction	指定风向	ok
	界面文案	通用界面	ui	LOCK SETTINGS	锁定设置	ok
	界面文案	通用界面	ui	Air	气体	ok
	界面文案	通用界面	ui	Carbon Dioxide	二氧化碳	ok
	界面文案	通用界面	ui	Oil	油	ok
	界面文案	多人游戏与服务器	ui	Steam	蒸汽	ok
	界面文案	通用界面	ui	Creature	生物	ok
	界面文案	通用界面	ui	ADD CREATURE	放置生物	ok
	界面文案	通用界面	ui	Add a creature object. The creature type can be set in the properties window.	放置一个生物对象，生物类型可在属性栏中进行调整	ok
	界面文案	通用界面	ui	Badger	獾	ok
	界面文案	通用界面	ui	Grizzly Bear	灰熊	ok
	界面文案	通用界面	ui	Black Bear	黑熊	ok
	界面文案	通用界面	ui	Polar Bear	北极熊	ok
	界面文案	通用界面	ui	Barnevelder Chicken	巴内维尔德鸡	ok
	界面文案	通用界面	ui	Marans Chicken	马兰鸡	ok
	界面文案	通用界面	ui	Orpington Fowl Chicken	奥平顿鸡	ok
	界面文案	通用界面	ui	Sussex Fowl Chicken	苏塞克斯鸡	ok
	界面文案	通用界面	ui	Angus Cow	安格斯牛	ok
	界面文案	通用界面	ui	Hereford Cow	赫里福德牛	ok
	界面文案	通用界面	ui	Highland Cow	高地牛	ok
	界面文案	通用界面	ui	Holstein Cow	荷斯坦奶牛	ok
	界面文案	通用界面	ui	Sasquatch	大脚野人	ok
	界面文案	通用界面	ui	Yeti	雪人	ok
	界面文案	通用界面	ui	Red Deer F	雌马鹿	ok
	界面文案	通用界面	ui	Red Deer M	雄马鹿	ok
	界面文案	通用界面	ui	Sika Deer F	雌梅花鹿	ok
	界面文案	通用界面	ui	Sika Deer M	雄梅花鹿	ok
	界面文案	通用界面	ui	Beagle	比格犬	ok
	界面文案	通用界面	ui	Border Collie	边境牧羊犬	ok
	界面文案	通用界面	ui	Boxer	拳师犬	ok
	界面文案	生物与角色	ui	Corgi	柯基	ok
	界面文案	通用界面	ui	Dachshund	腊肠犬	ok
	界面文案	通用界面	ui	Dalmatian	斑点狗	ok
	界面文案	通用界面	ui	Dobermann	杜宾	ok
	界面文案	通用界面	ui	German Shepherd	德国牧羊犬	ok
	界面文案	通用界面	ui	Greyhound	灰猎犬	ok
	界面文案	通用界面	ui	Jack Russell	杰克罗素㹴犬	ok
	界面文案	通用界面	ui	Labrador	拉布拉多	ok
	界面文案	通用界面	ui	Newfoundland	纽芬兰犬	ok
	界面文案	通用界面	ui	Pug	哈巴狗	ok
	界面文案	通用界面	ui	Shiba	柴犬	ok
	界面文案	通用界面	ui	Husky	哈士奇	ok
	界面文案	通用界面	ui	St Bernard	圣伯纳德犬	ok
	界面文案	通用界面	ui	Vizsla	维兹拉犬	ok
	界面文案	通用界面	ui	Yorkshire Terrier	约克夏梗犬	ok
	界面文案	通用界面	ui	Red Fox	红狐	ok
	界面文案	通用界面	ui	Arctic Fox	北极狐	ok
	界面文案	通用界面	ui	Alpine Goat	高山山羊	ok
	界面文案	通用界面	ui	Bengal Goat	孟加拉山羊	ok
	界面文案	通用界面	ui	Oberhasli Goat	奥伯哈斯利山羊	ok
	界面文案	通用界面	ui	Saanen Goat	萨能山羊	ok
	界面文案	通用界面	ui	Arctic Hare	北极野兔	ok
	界面文案	通用界面	ui	Irish Hare	爱尔兰野兔	ok
	界面文案	通用界面	ui	Moutain Hare	山兔	ok
	界面文案	通用界面	ui	Clydesdale Horse	克莱兹代尔马	ok
	界面文案	通用界面	ui	Friesian Horse	弗里斯马	ok
	界面文案	通用界面	ui	Haflinger Horse	哈弗林格马	ok
	界面文案	通用界面	ui	Welara Horse	维拉拉马	ok
	界面文案	通用界面	ui	Muntjac F	雌麂	ok
	界面文案	通用界面	ui	Muntjac M	雄麂	ok
	界面文案	通用界面	ui	Gentoo Penguin	巴布亚企鹅	ok
	界面文案	通用界面	ui	Angeln Saddleback Pig	昂格尔恩鞍背猪	ok
	界面文案	通用界面	ui	Old Spot Pig	老斑点猪	ok
	界面文案	通用界面	ui	Tamworth Pig	塔姆沃思猪	ok
	界面文案	通用界面	ui	Yorkshire Pig	约克郡猪	ok
	界面文案	通用界面	ui	Polar Seal	极地海豹	ok
	界面文案	通用界面	ui	Black Nose Sheep	黑鼻羊	ok
	界面文案	通用界面	ui	Highland Sheep	高低羊	ok
	界面文案	通用界面	ui	Mule Sheep	骡羊	ok
	界面文案	通用界面	ui	Scottish Wildcat	苏格兰野猫	ok
	界面文案	通用界面	ui	Arctic Wolf	北极狼	ok
	界面文案	地形与环境	ui	Coastal Wolf	沿海狼	ok
	界面文案	通用界面	ui	Plains Wolf	平原狼	ok
	界面文案	生物与角色	ui	Zombie M	僵尸男	ok
	界面文案	生物与角色	ui	Zombie M a	僵尸男a	ok
	界面文案	生物与角色	ui	Zombie M b	僵尸男b	ok
	界面文案	生物与角色	ui	Zombie M c	僵尸男c	ok
	界面文案	生物与角色	ui	Zombie M d	僵尸男d	ok
	界面文案	生物与角色	ui	Zombie M e	僵尸男e	ok
	界面文案	生物与角色	ui	Zombie M f	僵尸男f	ok
	界面文案	生物与角色	ui	Zombie M g	僵尸男g	ok
	界面文案	生物与角色	ui	Zombie M Nurse	僵尸男护士	ok
	界面文案	生物与角色	ui	Zombie M Arctic	僵尸男极地	ok
	界面文案	生物与角色	ui	Zombie M Firefighter	僵尸男消防员	ok
	界面文案	生物与角色	ui	Zombie M Pilot	僵尸男飞行员	ok
	界面文案	生物与角色	ui	Zombie M Police	僵尸男警察	ok
	界面文案	生物与角色	ui	Zombie M Ranger	僵尸男巡林者	ok
	界面文案	生物与角色	ui	Zombie M Scuba	僵尸男潜水员	ok
	界面文案	生物与角色	ui	Zombie M Tree Surgeon	僵尸男林地保护员	ok
	界面文案	生物与角色	ui	Zombie F	僵尸女	ok
	界面文案	生物与角色	ui	Zombie F a	僵尸女a	ok
	界面文案	生物与角色	ui	Zombie F b	僵尸女b	ok
	界面文案	生物与角色	ui	Zombie F c	僵尸女c	ok
	界面文案	生物与角色	ui	Zombie F d	僵尸女d	ok
	界面文案	生物与角色	ui	Zombie F e	僵尸女e	ok
	界面文案	生物与角色	ui	Zombie F f	僵尸女f	ok
	界面文案	生物与角色	ui	Zombie F Arctic	僵尸女极地	ok
	界面文案	生物与角色	ui	Zombie F Firefighter	僵尸女消防员	ok
	界面文案	生物与角色	ui	Zombie F Hazmat	僵尸女应急人员	ok
	界面文案	生物与角色	ui	Zombie F Pilot	僵尸女飞行员	ok
	界面文案	生物与角色	ui	Zombie F Pirate	僵尸女海盗	ok
	界面文案	生物与角色	ui	Zombie F Police	僵尸女警察	ok
	界面文案	生物与角色	ui	Zombie F Safari	僵尸女猎手	ok
	界面文案	生物与角色	ui	Zombie F SAR	僵尸女SAR	ok
	界面文案	生物与角色	ui	Zombie F Scuba	僵尸女潜水员	ok
	界面文案	生物与角色	ui	Zombie F Surgeon	僵尸女医生	ok
	界面文案	通用界面	ui	Airhorn	气喇叭	ok
	界面文案	通用界面	ui	Bullhorn 1	扩音器1	ok
	界面文案	通用界面	ui	Bullhorn 2	扩音器2	ok
	界面文案	通用界面	ui	HiLo	高低音	ok
	界面文案	通用界面	ui	Piercer	警报器	ok
	界面文案	通用界面	ui	QSiren	消防车	ok
	界面文案	通用界面	ui	Wail	急救警笛1	ok
	界面文案	通用界面	ui	Wail Rumbler	急救警笛2	ok
	界面文案	通用界面	ui	Yelp	警用警笛1	ok
	界面文案	通用界面	ui	Yelp Rumbler	警用警笛2	ok
	界面文案	通用界面	ui	Ship Bell	船铃	ok
	界面文案	通用界面	ui	Train Bell	火车铃铛	ok
	界面文案	通用界面	ui	Train Bell 2	火车铃铛2	ok
	界面文案	通用界面	ui	Horn 1	喇叭1	ok
	界面文案	通用界面	ui	Horn 2	喇叭2	ok
	界面文案	通用界面	ui	Horn 3	喇叭3	ok
	界面文案	通用界面	ui	Klaxon Small	电喇叭(小)	ok
	界面文案	通用界面	ui	Klaxon Large	电喇叭(大)	ok
	界面文案	通用界面	ui	Particle Effects	粒子效果	ok
	界面文案	通用界面	ui	Full	完整	ok
	界面文案	通用界面	ui	Reduced	简化	ok
	界面文案	编辑器与建造	ui	Press [ctrl] + [c] to copy object / Press [ctrl] + [v] to paste object	按下Ctrl+C复制，按下Ctrl+V粘贴	ok
	界面文案	通用界面	ui	Airline Attendant	乘务员	ok
	界面文案	生物与角色	ui	Fishing Overalls	垂钓背带裤	ok
	界面文案	通用界面	ui	Guard	卫兵	ok
	界面文案	通用界面	ui	Harness	安全带	ok
	界面文案	通用界面	ui	Nurse	护士服	ok
	界面文案	通用界面	ui	Overalls	背带裤	ok
	界面文案	通用界面	ui	Park Ranger	公园骑警	ok
	界面文案	通用界面	ui	Pilot	飞行员	ok
	界面文案	通用界面	ui	Police Coat	警官外套	ok
	界面文案	通用界面	ui	Royal Guard	皇家卫兵	ok
	界面文案	通用界面	ui	Safari	狩猎装	ok
	界面文案	通用界面	ui	Sar Uniform	搜救制服	ok
	界面文案	通用界面	ui	Surgeon	外科医生	ok
	界面文案	通用界面	ui	Submarine Sweater	潜艇毛衣	ok
	界面文案	通用界面	ui	Western	西部风	ok
	界面文案	通用界面	ui	Adventure Hat	户外帽	ok
	界面文案	通用界面	ui	Chainsaw Helmet	电锯头盔	ok
	界面文案	编辑器与建造	ui	Head Mirror	额镜	ok
	界面文案	通用界面	ui	Park Ranger Hat	公园骑警帽	ok
	界面文案	通用界面	ui	Pilot Hat	飞行员帽	ok
	界面文案	通用界面	ui	Pith Helmet	游猎头盔	ok
	界面文案	通用界面	ui	Ski Headwear	滑雪帽	ok
	界面文案	通用界面	ui	Straw Hat	草帽	ok
	界面文案	通用界面	ui	Welding Goggles	焊接护目镜	ok
	界面文案	通用界面	ui	Drill Rod	钻杆	ok
	界面文案	通用界面	ui	Slurry	泥浆	ok
	界面文案	通用界面	ui	Saturated Slurry	饱和泥浆	ok
	界面文案	多人游戏与服务器	ui	Allow Steam	允许蒸汽	ok
	界面文案	通用界面	ui	Allow Slurry	允许泥浆	ok
	界面文案	通用界面	ui	Allow Saturated Slurry	允许饱和泥浆	ok
	界面文案	通用界面	ui	Oil Industry	石油工业	ok
	界面文案	载具与工坊	ui	Spawn Drill Rod	生成钻杆	ok
	界面文案	通用界面	ui	Allow Liquids	允许液体	ok
	界面文案	通用界面	ui	Allow Gases	允许气体	ok
	界面文案	警告与错误	ui	WARNING	警告	ok
	界面文案	任务与剧情	ui	Missing required coal to fill ducts/hopper to requested level	缺少煤炭以填充管道/料斗	ok
	界面文案	任务与剧情	ui	Missing required diesel to fill tanks to requested level	缺少柴油以填充油箱	ok
	界面文案	任务与剧情	ui	Missing required jet fuel to fill tanks to requested level	缺少航空燃油以填充油箱	ok
	界面文案	任务与剧情	ui	Missing required uranium ingots to fill fuel rods to requested level	缺少铀锭以填充燃料棒	ok
	界面文案	通用界面	ui	too short to attach	太短,无法连接	ok
	界面文案	通用界面	ui	Move closer to attach	靠近一些才能连接	ok
	界面文案	通用界面	ui	Space Suit	航天服	ok
	界面文案	通用界面	ui	Exploration Space Suit	探索型航天服	ok
	界面文案	通用界面	ui	Oxygen	氧	ok
	界面文案	通用界面	ui	Nitrogen	氮	ok
	界面文案	通用界面	ui	Solid Propellant	固体推进剂	ok
	界面文案	通用界面	ui	Hydrogen	氢	ok
	界面文案	通用界面	ui	Space DLC	跃入深空DLC	ok
	界面文案	通用界面	ui	Moon	月球	ok
	界面文案	通用界面	ui	Day Duration	日间	ok
	界面文案	通用界面	ui	Night Duration	夜间	ok
	界面文案	通用界面	ui	Space	太空	ok
	界面文案	多人游戏与服务器	ui	ERROR: You are banned	错误:您被禁止访问	ok
	界面文案	多人游戏与服务器	ui	Banned users are not permitted to play Stormworks online. You have been banned for using a modified version of the game for the purposes of cheating, griefing, piracy, or another illegal purpose.	被禁用的用户不得在线游玩《风暴工程》.您因使用修改过的游戏版本进行作弊、破坏、盗版或其他非法目的而被禁用	ok
	界面文案	通用界面	ui	Buffalo	水牛	ok
	界面文案	通用界面	ui	Bighorn Sheep	大角羊	ok
	界面文案	通用界面	ui	Roadrunner	走鹃	ok
	界面文案	地形与环境	ui	Mountain Lion	美洲狮	ok
	界面文案	通用界面	ui	Crocodile	鳄鱼	ok
	界面文案	通用界面	ui	Coyote	郊狼	ok
	界面文案	通用界面	ui	Gila Monster	大毒蜥	ok
	界面文案	地形与环境	ui	Desert Tortoise	沙漠龟	ok
	界面文案	通用界面	ui	Merch Store	周边商店	ok
	界面文案	生物与角色	ui	Fish	鱼	ok
	界面文案	生物与角色	ui	Fishing Rod	钓鱼竿	ok
	界面文案	按键与控制	ui	[$[action_equipment_use]] Cast / Reel in [$[action_equipment_secondary]] Cycle hook depth	[$[action_equipment_use]]抛投/收线  [$[action_equipment_secondary]] 循环勾深	ok
	界面文案	生物与角色	ui	Fishing Lure	鱼饵	ok
	界面文案	生物与角色	ui	Crabs and Lobsters	蟹与龙虾	ok
	界面文案	通用界面	ui	Anchovy	凤尾鱼	ok
	界面文案	通用界面	ui	Anglerfish	安康鱼	ok
	界面文案	通用界面	ui	Arctic Char	北极红点鲑	ok
	界面文案	通用界面	ui	Ballan Lizardfish	球状蛇鱼	ok
	界面文案	通用界面	ui	Ballan Wrasse	球状濑鱼	ok
	界面文案	生物与角色	ui	Barreleye Fish	桶眼鱼	ok
	界面文案	通用界面	ui	Black Bream	黑鲷鱼	ok
	界面文案	通用界面	ui	Black Dragonfish	黑海蛾鱼	ok
	界面文案	通用界面	ui	Clownfish	小丑鱼	ok
	界面文案	通用界面	ui	Cod	鳕鱼	ok
	界面文案	通用界面	ui	Dolphinfish	鬼头刀	ok
	界面文案	通用界面	ui	Gulper Eel	吞噬鳗	ok
	界面文案	地形与环境	ui	Haddock	黑线鳕	ok
	界面文案	通用界面	ui	Hake	无须鳕	ok
	界面文案	生物与角色	ui	Herring	鲱鱼	ok
	界面文案	通用界面	ui	John Dory	海鲂	ok
	界面文案	通用界面	ui	Labrus	隆头鱼	ok
	界面文案	通用界面	ui	Lanternfish	灯笼鱼	ok
	界面文案	通用界面	ui	Mackerel	鲭鱼	ok
	界面文案	通用界面	ui	Midshipman	深水光蟾鱼	ok
	界面文案	通用界面	ui	Perch	鲈鱼	ok
	界面文案	通用界面	ui	Pike	梭子鱼	ok
	界面文案	生物与角色	ui	Pinecone Fish	松球鱼	ok
	界面文案	通用界面	ui	Pollock	狭鳕鱼	ok
	界面文案	通用界面	ui	Red Mullet	红鲣	ok
	界面文案	地形与环境	ui	Rockfish	岩鱼	ok
	界面文案	通用界面	ui	Sablefish	裸盖鱼	ok
	界面文案	通用界面	ui	Salmon	鲑鱼	ok
	界面文案	通用界面	ui	Sardine	沙丁鱼	ok
	界面文案	通用界面	ui	Scad	竹荚鱼	ok
	界面文案	通用界面	ui	Sea Bream	海鲷	ok
	界面文案	通用界面	ui	Sea Halibut	海比目鱼	ok
	界面文案	通用界面	ui	Sea Piranha	海水虎鱼	ok
	界面文案	通用界面	ui	Seabass	石斑鱼	ok
	界面文案	通用界面	ui	Slimehead	燧鲷	ok
	界面文案	通用界面	ui	Snapper	鲷鱼	ok
	界面文案	通用界面	ui	Golden Snapper	金鲷鱼	ok
	界面文案	通用界面	ui	Snook	锯盖鱼	ok
	界面文案	通用界面	ui	Spadefish	锹鱼	ok
	界面文案	通用界面	ui	Trout	鳟鱼	ok
	界面文案	生物与角色	ui	Tubeshoulders Fish	管肩鱼	ok
	界面文案	通用界面	ui	Viperfish	蝰鱼	ok
	界面文案	通用界面	ui	Yellowfin Tuna	黄鳍金枪鱼	ok
	界面文案	生物与角色	ui	Blue Crab	青蟹	ok
	界面文案	生物与角色	ui	Brown Box Crab	褐箱蟹	ok
	界面文案	生物与角色	ui	Coconut Crab	椰子蟹	ok
	界面文案	生物与角色	ui	Dungeness Crab	首长黄道蟹	ok
	界面文案	生物与角色	ui	Furry Lobster	毛龙虾	ok
	界面文案	生物与角色	ui	Atlantic Lobster	美洲螯龙虾	ok
	界面文案	生物与角色	ui	Common Lobster	欧洲龙虾	ok
	界面文案	生物与角色	ui	Horseshoe Crab	圆尾蝎鲎	ok
	界面文案	地形与环境	ui	Red Rock Lobster	红岩龙虾	ok
	界面文案	地形与环境	ui	Cape Rock Lobster	角岩龙虾	ok
	界面文案	生物与角色	ui	Jonah Crab	北黄道蟹	ok
	界面文案	生物与角色	ui	King Crab	帝王蟹	ok
	界面文案	生物与角色	ui	Mud Crab	锯缘青蟹	ok
	界面文案	生物与角色	ui	Munida Lobster	穆尼达龙虾	ok
	界面文案	地形与环境	ui	Ornate Rock Lobster	锦绣龙虾	ok
	界面文案	通用界面	ui	Panulirus Interruptus	断沟龙虾	ok
	界面文案	生物与角色	ui	Red King Crab	红王蟹	ok
	界面文案	地形与环境	ui	Reef Lobster	礁螯虾	ok
	界面文案	生物与角色	ui	Slipper Lobster	琵琶虾	ok
	界面文案	生物与角色	ui	Snow Crab	雪蟹	ok
	界面文案	地形与环境	ui	Southern Rock Lobster	南方岩龙虾	ok
	界面文案	生物与角色	ui	Spider Crab	蜘蛛蟹	ok
	界面文案	生物与角色	ui	Spiny Lobster	长臂龙虾	ok
	界面文案	生物与角色	ui	Stone Crab	石头蟹	ok
	界面文案	通用界面	ui	Main	主	ok
	界面文案	通用界面	ui	Arctic	北极	ok
	界面文案	通用界面	ui	Sawyer	索耶	ok
	界面文案	通用界面	ui	Volcanic	火山	ok
	界面文案	通用界面	ui	Meier	梅尔	ok
	界面文案	通用界面	ui	Moon	月球	ok
	界面文案	通用界面	ui	Stabilization Threshold	稳定阈值	ok
	界面文案	任务与剧情	ui	Missing required solid propellant to fuel solid rockets to requested level	缺少所需的固体推进剂,无法为固体火箭提供所需的燃料	ok
	界面文案	通用界面	ui	30 Dollar Train Yard	30美元列车场	ok
	界面文案	通用界面	ui	A train yard adjacent to the Monkey Brain Launch site and Clarke Airfield.	连接猴脑发射场和克拉克机场的火车货场	ok
	界面文案	通用界面	ui	Threshold (+/-)	阈值(+/-)	ok
	界面文案	通用界面	ui	Clean Oil Spills	清除溢油	ok
	界面文案	通用界面	ui	Requires Search and Destroy DLC	"需要""搜索并歼灭""DLC"	ok
	界面文案	通用界面	ui	Requires Industrial Frontier DLC	"需要""工业先锋""DLC"	ok
	界面文案	通用界面	ui	Requires Space DLC	"需要""太空""DLC"	ok
	界面文案	通用界面	ui	Double Wheel	双轮	ok
	界面文案	通用界面	ui	Racing Helmet (Full)	赛车头盔(全盔)	ok
	界面文案	通用界面	ui	Bike Helmet	赛车头盔(重型)	ok
	界面文案	通用界面	ui	Racing Helmet (Open)	赛车头盔(半盔)	ok
	界面文案	通用界面	ui	Racing Jacket	赛车外套(A款)	ok
	界面文案	通用界面	ui	Bike Jacket	赛车外套(B款)	ok
	界面文案	通用界面	ui	Bike Suit	赛车套装(A款)	ok
	界面文案	通用界面	ui	Racing Overalls	赛车套装(B款)	ok
	界面文案	通用界面	ui	Enabled Mods	启用Mod	ok
	界面文案	通用界面	ui	Your local mods.	本地Mod	ok
	界面文案	创意工坊与上传	ui	Mods you've subscribed to on the Steam Workshop.	您在创意工坊订阅的Mod	ok
	界面文案	通用界面	ui	Downloading mods...	Mod下载中...	ok
	界面文案	创意工坊与上传	ui	Are you sure you want to upload this mod to the Steam Workshop?	您要上传该Mod到创意工坊吗?	ok
	界面文案	创意工坊与上传	ui	Are you sure you want to update this mod on the Steam Workshop?\n\nAny players who have subscribed to your mod will receive your changes.	您要更新该Mod到创意工坊吗?\n\n其他订阅了该Mod的玩家会收到本次更新	ok
	界面文案	创意工坊与上传	ui	UPLOAD MOD	上传Mod	ok
	界面文案	通用界面	ui	UPDATE MOD	更新Mod	ok
	界面文案	创意工坊与上传	ui	Your mod has failed to upload to the Steam workshop.	上传Mod到创意工坊失败	ok
	界面文案	创意工坊与上传	ui	Your mod was successfully uploaded to the Steam workshop.	上传成功	ok
	界面文案	创意工坊与上传	ui	MOD UPLOAD COMPLETE	Mod上传完毕	ok
	界面文案	编辑器与建造	ui	Copy filepath	复制文件路径	ok
	界面文案	通用界面	ui	Local	本地	ok
	界面文案	创意工坊与上传	ui	Cannot upload modded vehicles.	无法上传带有Mod的载具	ok
	界面文案	警告与错误	ui	The vehicle you are trying to load is missing a component definition, ensure your save has the required mods enabled.	您尝试加载的载具缺少组件,请确保开启了需要的Mod	ok
	界面文案	通用界面	ui	Group: Mod Name	组:Mod名称	ok
	界面文案	通用界面	ui	Rotation Speed	旋转速度	ok
	界面文案	通用界面	ui	No Signal	无信号	ok
	界面文案	通用界面	ui	United Kingdom	英国	ok
	界面文案	通用界面	ui	Scotland	苏格兰	ok
	界面文案	通用界面	ui	United States	美国	ok
	界面文案	通用界面	ui	Russia	俄罗斯	ok
	界面文案	通用界面	ui	Australia	澳大利亚	ok
	界面文案	通用界面	ui	Norway	挪威	ok
	界面文案	通用界面	ui	Poland	波兰	ok
	界面文案	通用界面	ui	France	法国	ok
	界面文案	通用界面	ui	Germany	德国	ok
	界面文案	通用界面	ui	Hungary	匈牙利	ok
	界面文案	通用界面	ui	Canada	加拿大	ok
	界面文案	通用界面	ui	Japan	日本	ok
	界面文案	通用界面	ui	Ukraine	乌克兰	ok
	界面文案	通用界面	ui	Sweden	瑞典	ok
	界面文案	通用界面	ui	Netherlands	荷兰	ok
	界面文案	通用界面	ui	Mexico	墨西哥	ok
	界面文案	通用界面	ui	Italy	意大利	ok
	界面文案	通用界面	ui	Argentina	阿根廷	ok
	界面文案	通用界面	ui	Spain	西班牙	ok
	界面文案	通用界面	ui	Luxembourg	卢森堡	ok
	界面文案	通用界面	ui	Austria	奥地利	ok
	界面文案	通用界面	ui	Denmark	丹麦	ok
	界面文案	通用界面	ui	Azerbaijan	阿塞拜疆	ok
	界面文案	通用界面	ui	Belarus	白俄罗斯	ok
	界面文案	通用界面	ui	Belgium	比利时	ok
	界面文案	通用界面	ui	Bosnia	波黑	ok
	界面文案	通用界面	ui	Brazil	巴西	ok
	界面文案	通用界面	ui	Bulgaria	保加利亚	ok
	界面文案	通用界面	ui	China	中国	ok
	界面文案	通用界面	ui	Colombia	哥伦比亚	ok
	界面文案	通用界面	ui	Czech Republic	捷克	ok
	界面文案	通用界面	ui	European Union	欧盟	ok
	界面文案	通用界面	ui	Finland	芬兰	ok
	界面文案	通用界面	ui	Greece	希腊	ok
	界面文案	通用界面	ui	India	印度	ok
	界面文案	通用界面	ui	Monaco	摩纳哥	ok
	界面文案	通用界面	ui	Iran	伊朗	ok
	界面文案	通用界面	ui	Ireland	爱尔兰	ok
	界面文案	通用界面	ui	Israel	以色列	ok
	界面文案	通用界面	ui	Malaysia	马来西亚	ok
	界面文案	通用界面	ui	Portugal	葡萄牙	ok
	界面文案	通用界面	ui	Romania	罗马尼亚	ok
	界面文案	通用界面	ui	Saudi Arabia	沙特阿拉伯	ok
	界面文案	通用界面	ui	Singapore	新加坡	ok
	界面文案	通用界面	ui	South Africa	南非	ok
	界面文案	通用界面	ui	South Korea	韩国	ok
	界面文案	通用界面	ui	Switzerland	瑞士	ok
	界面文案	通用界面	ui	Thailand	泰国	ok
	界面文案	通用界面	ui	Turkey	土耳其	ok
	界面文案	通用界面	ui	Venezuela	委内瑞拉	ok
	界面文案	通用界面	ui	Afghanistan	阿富汗	ok
	界面文案	通用界面	ui	Albania	阿尔巴尼亚	ok
	界面文案	通用界面	ui	Algeria	阿尔及利亚	ok
	界面文案	通用界面	ui	Antarctica	南极洲	ok
	界面文案	通用界面	ui	Bangladesh	孟加拉国	ok
	界面文案	通用界面	ui	Greenland	格陵兰	ok
	界面文案	通用界面	ui	Jamaica	牙买加	ok
	界面文案	通用界面	ui	Kenya	肯尼亚	ok
	界面文案	通用界面	ui	Lithuania	立陶宛	ok
	界面文案	通用界面	ui	Chile	智利	ok
	界面文案	通用界面	ui	Iceland	冰岛	ok
	界面文案	通用界面	ui	Egypt	埃及	ok
	界面文案	通用界面	ui	Slovakia	斯洛伐克	ok
	界面文案	通用界面	ui	Serbia	塞尔维亚	ok
	界面文案	通用界面	ui	Estonia	爱沙尼亚	ok
	界面文案	通用界面	ui	Latvia	拉脱维亚	ok
	界面文案	通用界面	ui	Uruguay	乌拉圭	ok
	界面文案	通用界面	ui	Zimbabwe	津巴布韦	ok
	界面文案	通用界面	ui	Morocco	摩洛哥	ok
	界面文案	通用界面	ui	Ecuador	厄瓜多尔	ok
	界面文案	通用界面	ui	Senegal	塞内加尔	ok
	界面文案	通用界面	ui	England	英格兰	ok
	界面文案	通用界面	ui	Wales	威尔士	ok
	界面文案	通用界面	ui	Tunisia	突尼斯	ok
	界面文案	通用界面	ui	Croatia	克罗地亚	ok
	界面文案	通用界面	ui	Ghana	加纳	ok
	界面文案	通用界面	ui	Cameroon	喀麦隆	ok
	界面文案	通用界面	ui	Tajikistan	塔吉克斯坦	ok
	界面文案	通用界面	ui	Philippines	菲律宾	ok
	界面文案	通用界面	ui	Vietnam	越南	ok
	界面文案	通用界面	ui	Kazakhstan	哈萨克斯坦	ok
	界面文案	通用界面	ui	Mongolia	蒙古	ok
	界面文案	通用界面	ui	Nigeria	尼日利亚	ok
	界面文案	通用界面	ui	Ethiopia	埃塞俄比亚	ok
	界面文案	通用界面	ui	Pakistan	巴基斯坦	ok
	界面文案	通用界面	ui	Angola	安哥拉	ok
	界面文案	通用界面	ui	Georgia	格鲁吉亚	ok
	界面文案	通用界面	ui	Macedonia	北马其顿	ok
	界面文案	通用界面	ui	New Zealand	新西兰	ok
	界面文案	通用界面	ui	Indonesia	印度尼西亚	ok
	界面文案	通用界面	ui	Gender Queer	性别酷儿	ok
	界面文案	通用界面	ui	Agender	无性别	ok
	界面文案	通用界面	ui	Gay Men's Pride	男同性恋骄傲	ok
	界面文案	通用界面	ui	Abrosexual	流动性别性向	ok
	界面文案	通用界面	ui	Lesbian	女同性恋	ok
	界面文案	通用界面	ui	Pansexual	泛性恋	ok
	界面文案	通用界面	ui	Bisexual	双性恋	ok
	界面文案	通用界面	ui	Asexual	无性恋	ok
	界面文案	通用界面	ui	Intersex	双性人	ok
	界面文案	通用界面	ui	Nonbinary	非二元	ok
	界面文案	通用界面	ui	New Progress Pride	新进步骄傲	ok
	界面文案	通用界面	ui	Transgender	跨性别	ok
	界面文案	通用界面	ui	Philadelphia Pride	费城骄傲	ok
	界面文案	通用界面	ui	6-Color Pride	六色彩虹骄傲	ok
	界面文案	通用界面	ui	Ally	盟友	ok
	界面文案	通用界面	ui	Androgyne	双性人/中性人	ok
	界面文案	通用界面	ui	Light Gray	浅灰色	ok
	界面文案	通用界面	ui	Cedar Brown	雪松棕	ok
	界面文案	通用界面	ui	Peanut Brown	花生棕	ok
	界面文案	通用界面	ui	Orange	橙色	ok
	界面文案	通用界面	ui	Yellow	黄色	ok
	界面文案	通用界面	ui	Dark Green	深绿色	ok
	界面文案	通用界面	ui	Green	绿色	ok
	界面文案	通用界面	ui	Mint Blue	薄荷蓝	ok
	界面文案	通用界面	ui	Light Blue	浅蓝色	ok
	界面文案	通用界面	ui	Blue	蓝色	ok
	界面文案	通用界面	ui	Pink	粉色	ok
	界面文案	通用界面	ui	Baby Pink	婴儿粉	ok
	界面文案	通用界面	ui	Blood Red	血红	ok
	界面文案	通用界面	ui	Red	红色	ok
	界面文案	通用界面	ui	Standard Light Blue	标准浅蓝	ok
	界面文案	通用界面	ui	Standard Purple	标准紫色	ok
	界面文案	通用界面	ui	Standard Royal Blue	标准宝蓝	ok
	界面文案	通用界面	ui	Standard Green	标准绿色	ok
	界面文案	通用界面	ui	Standard Yellow	标准黄色	ok
	界面文案	通用界面	ui	Standard Red	标准红色	ok
	界面文案	通用界面	ui	Black	黑色	ok
	界面文案	通用界面	ui	Gray	灰色	ok
	界面文案	通用界面	ui	White	白色	ok
	界面文案	通用界面	ui	Dark Gray	深灰色	ok
	界面文案	通用界面	ui	Stormworks Logo	Stormwroks Logo	ok
	界面文案	通用界面	ui	Geometa Logo	Geometa Logo	todo
	界面文案	通用界面	ui	Carrier Command 2 Logo	航母指挥官2Logo	ok
	界面文案	通用界面	ui	GQ Games	GQ Games	todo
	界面文案	通用界面	ui	Frantic	Frantic	ok
	界面文案	通用界面	ui	Camodo Gaming	Camodo Gaming	todo
	界面文案	通用界面	ui	Lynx Highland	Lynx Highland	todo
	界面文案	通用界面	ui	ND Gaming	ND Gaming	todo
	界面文案	通用界面	ui	Raptor	Raptor	ok
	界面文案	通用界面	ui	Spycakes	Spycakes	ok
	界面文案	通用界面	ui	Rubber Duck	Rubber Duck	todo
	界面文案	通用界面	ui	454SS	454SS	ok
	界面文案	通用界面	ui	Neotastic	Neotastic	ok
	界面文案	通用界面	ui	ProfNCognito	ProfNCognito	ok
	界面文案	通用界面	ui	Beautiful OB	Beautiful OB	todo
	界面文案	通用界面	ui	Captain Cockerels	Captain Cockerels	todo
	界面文案	通用界面	ui	Basil	Basil	ok
	界面文案	载具与工坊	ui	Boat	Boat	ok
	界面文案	载具与工坊	ui	Plane	Plane	ok
	界面文案	通用界面	ui	Skill Issue	Skill Issue	todo
	界面文案	通用界面	ui	Pipe	Pipe	ok
	界面文案	通用界面	ui	Jolly Roger	海盗旗	ok
	界面文案	通用界面	ui	UNO	UNO	ok
	界面文案	通用界面	ui	MCRO	MCRO	ok
	界面文案	通用界面	ui	LOCKI	LOCKI	ok
	界面文案	通用界面	ui	HOPE	HOPE	ok
	界面文案	通用界面	ui	BANDAO	BANDAO	ok
	界面文案	通用界面	ui	NEVERGREEN	NEVERGREEN	ok
	界面文案	通用界面	ui	CLAM OIL	CLAM OIL	todo
	界面文案	通用界面	ui	SPAM	SPAM	ok
	界面文案	通用界面	ui	OOPS	OOPS	ok
	界面文案	通用界面	ui	ACRES	ACRES	ok
	界面文案	通用界面	ui	Nations	国家	ok
	界面文案	通用界面	ui	Colors	颜色	ok
	界面文案	通用界面	ui	Pride	骄傲旗帜	ok
	界面文案	通用界面	ui	Community	社区	ok
	界面文案	通用界面	ui	Shipping	航运	ok
	界面文案	通用界面	ui	Category	分类	ok
	界面文案	通用界面	ui	Flag	旗帜	ok
	界面文案	通用界面	ui	Sailing	航海	ok
	界面文案	通用界面	ui	Firefighter SCBA	正压式消防空气呼吸器	ok
	界面文案	通用界面	ui	Battery	电池	ok
	界面文案	通用界面	ui	Water	水	ok
	界面文案	载具与工坊	ui	Spawn Particles	生成烟雾	ok
	界面文案	通用界面	ui	Tourism Castle	观光城堡	ok
	界面文案	物理与机制	ui	Fuel Level	剩余燃料	ok
	界面文案	载具与工坊	ui	Destroy Vehicles	销毁载具	ok
	界面文案	图形与设置	ui	FPS Limit	FPS限制	ok
	界面文案	通用界面	ui	Hydrous Ore	含水矿石(水合矿石)	ok
	界面文案	物理与机制	ui	Keel Force	龙骨力矩	ok
	界面文案	通用界面	ui	Machine Gun Large Ammo Box (Kinetic)	机枪大弹药箱(动能)	ok
	界面文案	通用界面	ui	Machine Gun Large Ammo Box (High Explosive)	机枪大弹药箱(高爆)	ok
	界面文案	通用界面	ui	Machine Gun Large Ammo Box (Fragmentation)	机枪大弹药箱(破片)	ok
	界面文案	通用界面	ui	Machine Gun Large Ammo Box (Armor Piercing)	机枪大弹药箱(穿甲)	ok
	界面文案	通用界面	ui	Machine Gun Large Ammo Box (Incendiary)	机枪大弹药箱(燃烧)	ok
	界面文案	通用界面	ui	Sort: None	排序:无	ok
	界面文案	通用界面	ui	Sort: Active	排序:激活	ok
	界面文案	通用界面	ui	Sort: Date	排序:日期	ok
	界面文案	通用界面	ui	Sort: A to Z	排序:A到Z	ok
	界面文案	通用界面	ui	Default	默认	ok
	界面文案	通用界面	ui	Set Group	设置分组	ok
	界面文案	载具与工坊	ui	Assign the vehicle to the selected group	将载具转移到所选分组	ok
	界面文案	通用界面	ui	New Group	新建分组	ok
	界面文案	通用界面	ui	New Group Name	分组名称	ok
	界面文案	通用界面	ui	Delete Group	删除分组	ok
	界面文案	载具与工坊	ui	Delete the group and return its vehicles to the default group	删除分组将会使该组内载具回到默认分组	ok
	界面文案	图形与设置	ui	PHOTOSENSITIVITY WARNING	光敏性警告	ok
	界面文案	通用界面	ui	A small percentage of individuals may experience seizures when exposed, to certain visual images, including light patterns or flashing lights, even with no history of epilepsy or seizures.	极少数人在接触某些视觉图像(包括光影图案或闪烁画面)时,即使没有癫痫病史或曾发生过癫痫发作,也可能出现癫痫发作	ok
	界面文案	通用界面	ui	IMMEDIATELY stop playing and consult a doctor if you experience any symptoms.	若出现任何症状,请立即停止游玩并咨询医生	ok
def_01_block_name	结构建材	基础方块	name	Block	方块	ok
def_01_block_desc	结构建材	基础方块	desc	The block is a quarter-metre in size. Components can be attached to all 6 faces.	这个方块边长25cm,可以连接收到所有6个面	ok
def_01_block_s_desc	结构建材	基础方块	s_desc	Basic cube-shaped building block.	基本立方形建筑块	ok
def_01_block_static_name	结构建材	基础方块	name	Static Block	基准块	ok
def_01_block_static_desc	结构建材	基础方块	desc	This block cannot be removed.	无法删除此块	ok
def_01_block_static_s_desc	结构建材	基础方块	s_desc	Static root block used as a base for all vehicles.	用作所有载具底座的基准块	ok
def_01_block_weight_name	结构建材	基础方块	name	Weight Block	配重块	ok
def_01_block_weight_desc	结构建材	基础方块	desc	Weight blocks have a larger impact on the vehicle's centre of mass, making them useful for balance and stability.	配重块对载具的质心有较大的影响，使其有助于平衡和稳定	ok
def_01_block_weight_s_desc	结构建材	基础方块	s_desc	Basic cube-shaped building block with an increased mass.	高重量的基本立方形建筑块	ok
def_02_wedge_name	结构建材	基础方块	name	Wedge	楔形块1x1	ok
def_02_wedge_desc	结构建材	基础方块	desc	Components can be attached to all faces, with the exception of the sloped face.	组件可以附着到除斜面外的所有面	ok
def_02_wedge_s_desc	结构建材	基础方块	s_desc	Basic wedge-shaped building block.	基本的楔形建筑块	ok
def_03_pyramid_name	结构建材	基础方块	name	Pyramid	锥形块1x1	ok
def_03_pyramid_desc	结构建材	基础方块	desc	Components can be attached to all faces, with the exception of the triangular face. Pyramids can act as a corner-piece for perpendicular lines of wedge blocks.	组件可以附加到除三角面外的所有面。锥形块可以作为楔形块侧面的角件	ok
def_03_pyramid_s_desc	结构建材	基础方块	s_desc	Basic pyramid-shaped building block.	基本的锥形建筑块	ok
def_04_invpyramid_name	结构建材	基础方块	name	Inverse Pyramid	倒锥形块1x1	ok
def_04_invpyramid_desc	结构建材	基础方块	desc	Components can be attached to all faces, with the exception of the triangular face. Inverse pyramids are useful for closing gaps between perpendicular lines of wedge and pyramid blocks.	组件可以附加到除三角面的所有面。倒锥形块用于填补楔形块侧面和锥形块之间的间隙	ok
def_04_invpyramid_s_desc	结构建材	基础方块	s_desc	Basic inverse pyramid-shaped building block.	基本的倒锥形建筑块	ok
def_05_wedge_2_name	结构建材	基础方块	name	Wedge 1x2	楔形块1x2	ok
def_05_wedge_2_desc	结构建材	基础方块	desc	Components can be attached to all faces, with the exception of the sloped face.	组件可以附着到除斜面外的所有面	ok
def_05_wedge_2_s_desc	结构建材	基础方块	s_desc	1x2 wedge-shaped building block.	1x2楔形建筑块	ok
def_06_pyramid_2_name	结构建材	基础方块	name	Pyramid 1x2	锥形块1x2	ok
def_06_pyramid_2_desc	结构建材	基础方块	desc	Components can be attached to all faces, with the exception of the triangular face. Pyramids can act as a corner-piece for perpendicular lines of wedge blocks.	组件可以附加到除三角面外的所有面。锥形块可以作为楔形块侧面的角件	ok
def_06_pyramid_2_s_desc	结构建材	基础方块	s_desc	1x2 pyramid-shaped building block.	1x2楔形形建筑块	ok
def_07_invpyramid_2_name	结构建材	基础方块	name	Inverse Pyramid 1x2	倒锥形块1x2	ok
def_07_invpyramid_2_desc	结构建材	基础方块	desc	Components can be attached to all faces, with the exception of the triangular face. Inverse pyramids are useful for closing gaps between perpendicular lines of wedge and pyramid blocks.	组件可以附加到组件可以附加到除三角面外的所有面所有面。倒锥形块用于填补楔形块侧面和锥形块之间的间	ok
def_07_invpyramid_2_s_desc	结构建材	基础方块	s_desc	1x2 inverse pyramid-shaped building block.	1x2倒锥形建筑块	ok
def_08_wedge_4_name	结构建材	基础方块	name	Wedge 1x4	楔形块1x4	ok
def_08_wedge_4_desc	结构建材	基础方块	desc	Components can be attached to all faces, with the exception of the sloped face.	组件可以附着到除斜面外的所有面	ok
def_08_wedge_4_s_desc	结构建材	基础方块	s_desc	1x4 wedge-shaped building block.	1x4楔形形建筑块	ok
def_09_pyramid_4_name	结构建材	基础方块	name	Pyramid 1x4	锥形块1x4	ok
def_09_pyramid_4_desc	结构建材	基础方块	desc	Components can be attached to all faces, with the exception of the triangular face. Pyramids can act as a corner-piece for perpendicular lines of wedge blocks.	组件可以附加到除三角面外的所有面。锥形块可以作为楔形块侧面的角件	ok
def_09_pyramid_4_s_desc	结构建材	基础方块	s_desc	1x4 pyramid-shaped building block.	1x4锥形建筑块	ok
def_10_invpyramid_4_name	结构建材	基础方块	name	Inverse Pyramid 1x4	倒锥形块1x4	ok
def_10_invpyramid_4_desc	结构建材	基础方块	desc	Components can be attached to all faces, with the exception of the triangular face. Inverse pyramids are useful for closing gaps between perpendicular lines of wedge and pyramid blocks.	组件可以附加到组件可以附加到除三角面外的所有面所有面。倒锥形块用于填补楔形块侧面和锥形块之间的间	ok
def_10_invpyramid_4_s_desc	结构建材	基础方块	s_desc	1x4 inverse pyramid-shaped building block.	1x4倒锥形建筑块	ok
def_11_pyramid_2x2_name	结构建材	基础方块	name	Pyramid 2x2	金字塔形2x2	ok
def_11_pyramid_2x2_desc	结构建材	基础方块	desc	Components can be attached to all faces, with the exception of the triangular face. Pyramids can act as a corner-piece for perpendicular lines of wedge blocks.	组件可以附加到除三角面外的所有面。锥形块可以作为楔形块侧面的角件	ok
def_11_pyramid_2x2_s_desc	结构建材	基础方块	s_desc	2x2 pyramid-shaped building block.	2x2锥形建筑块	ok
def_12_pyramid_2x4_name	结构建材	基础方块	name	Pyramid 2x4	金字塔形2x4	ok
def_12_pyramid_2x4_desc	结构建材	基础方块	desc	Components can be attached to all faces, with the exception of the triangular face. Pyramids can act as a corner-piece for perpendicular lines of wedge blocks.	组件可以附加到除三角面外的所有面。锥形块可以作为楔形块侧面的角件	ok
def_12_pyramid_2x4_s_desc	结构建材	基础方块	s_desc	2x4 pyramid-shaped building block.	2x4锥形建筑块	ok
def_13_pyramid_4x4_name	结构建材	基础方块	name	Pyramid 4x4	金字塔形4x4	ok
def_13_pyramid_4x4_desc	结构建材	基础方块	desc	Components can be attached to all faces, with the exception of the triangular face. Pyramids can act as a corner-piece for perpendicular lines of wedge blocks.	组件可以附加到除三角面外的所有面。锥形块可以作为楔形块侧面的角件	ok
def_13_pyramid_4x4_s_desc	结构建材	基础方块	s_desc	4x4 pyramid-shaped building block.	4x4锥形建筑块	ok
def_14_invpyramid_2x2_name	结构建材	基础方块	name	Inverse Pyramid 2x2	倒金字塔2x2	ok
def_14_invpyramid_2x2_desc	结构建材	基础方块	desc	Components can be attached to all faces, with the exception of the triangular face. Pyramids can act as a corner-piece for perpendicular lines of wedge blocks.	组件可以附加到除三角面外的所有面。锥形块可以作为楔形块侧面的角件	ok
def_14_invpyramid_2x2_s_desc	结构建材	基础方块	s_desc	2x2 inverse pyramid-shaped building block.	2x2倒锥形建筑块	ok
def_15_invpyramid_2x4_name	结构建材	基础方块	name	Inverse Pyramid 2x4	倒金字塔2x4	ok
def_15_invpyramid_2x4_desc	结构建材	基础方块	desc	Components can be attached to all faces, with the exception of the triangular face. Pyramids can act as a corner-piece for perpendicular lines of wedge blocks.	组件可以附加到除三角面外的所有面。锥形块可以作为楔形块侧面的角件	ok
def_15_invpyramid_2x4_s_desc	结构建材	基础方块	s_desc	2x4 inverse pyramid-shaped building block.	2x4倒锥形建筑块	ok
def_16_invpyramid_4x4_name	结构建材	基础方块	name	Inverse Pyramid 4x4	倒金字塔4x4	ok
def_16_invpyramid_4x4_desc	结构建材	基础方块	desc	Components can be attached to all faces, with the exception of the triangular face. Pyramids can act as a corner-piece for perpendicular lines of wedge blocks.	组组件可以附加到除三角面外的所有面。锥形块可以作为楔形块侧面的角件	ok
def_16_invpyramid_4x4_s_desc	结构建材	基础方块	s_desc	4x4 inverse pyramid-shaped building block.	4x4倒锥形建筑块	ok
def_aircraft_engine_name	结构与气动	航空	name	Medium Engine	发动机(中型)	ok
def_aircraft_engine_desc	结构与气动	航空	desc	An on/off signal controls engine startup and throttle signal controls energy output.	开/关信号控制发动机操作，油门信号控制能量输出	ok
def_aircraft_engine_s_desc	结构与气动	航空	s_desc	Medium diesel engine that can be connected to powered components.	可连接收到动力部件的中型柴油机	ok
def_aircraft_engine_node_0_label	结构与气动	航空	label	Throttle	节流阀	ok
def_aircraft_engine_node_0_desc	结构与气动	航空	node_desc	Standard value between 0 and 1 that controls the throttle of the engine.	控制发动机前进/后退油门的-1和1之间的标准值	ok
def_aircraft_engine_node_1_label	结构与气动	航空	label	Starter	启动机	ok
def_aircraft_engine_node_1_desc	结构与气动	航空	node_desc	Increases the engine RPS using electrical power to start up the engine.	使用电能启动发动机来提高转速	ok
def_aircraft_engine_node_2_label	结构与气动	航空	label	RPS	RPS	ok
def_aircraft_engine_node_2_desc	结构与气动	航空	node_desc	The power supplied by the engine for inputting to other components.	发动机为输入其它部件而提供的动力	ok
def_aircraft_engine_node_3_label	结构与气动	航空	label	Fuel	燃料	ok
def_aircraft_engine_node_3_desc	结构与气动	航空	node_desc	The fuel supply for the engine.	发动机的燃料供应	ok
def_aircraft_engine_node_4_label	结构与气动	航空	label	Air	气体	ok
def_aircraft_engine_node_4_desc	结构与气动	航空	node_desc	The air supply for the engine.	发动机的气体供给	ok
def_aircraft_engine_node_5_label	结构与气动	航空	label	In Coolant	冷却液（入）	ok
def_aircraft_engine_node_5_desc	结构与气动	航空	node_desc	The return flow (cold) for the coolant system.	连接冷却系统的输出(冷)	ok
def_aircraft_engine_node_6_label	结构与气动	航空	label	Out Coolant	冷却液（出）	ok
def_aircraft_engine_node_6_desc	结构与气动	航空	node_desc	The output flow (hot) for the coolant system.	连接冷却系统的输入(热)	ok
def_aircraft_engine_node_7_label	结构与气动	航空	label	Exhaust	排气	ok
def_aircraft_engine_node_7_desc	结构与气动	航空	node_desc	Out flow for combusted fumes from the engine.	从发动机排出的燃烧废气	ok
def_aircraft_engine_node_8_label	结构与气动	航空	label	Exhaust	排气	ok
def_aircraft_engine_node_8_desc	结构与气动	航空	node_desc	Out flow for combusted fumes from the engine.	从发动机排出的燃烧废气	ok
def_aircraft_engine_node_9_label	结构与气动	航空	label	RPS	RPS	ok
def_aircraft_engine_node_9_desc	结构与气动	航空	node_desc	Output value giving data info on engine speed.	输出发动机转速信息	ok
def_aircraft_engine_node_10_label	结构与气动	航空	label	Temperature	温度	ok
def_aircraft_engine_node_10_desc	结构与气动	航空	node_desc	Output value giving data info on engine temperature.	输出值，提供有关发动机温度的数据信息	ok
def_aircraft_engine_node_11_label	结构与气动	航空	label	Electric	电	ok
def_aircraft_engine_node_11_desc	结构与气动	航空	node_desc	Electrical power connection.	电源连接	ok
def_aircraft_propeller_name	结构与气动	航空	name	Aircraft Propeller	飞机螺旋桨	ok
def_aircraft_propeller_desc	结构与气动	航空	desc	The amount of thrust produced is directly linked to how much torque it receives from a connected engine.	产生的推力大小取决于它从连接的发动机上获得的扭矩	ok
def_aircraft_propeller_s_desc	结构与气动	航空	s_desc	A large propeller that can be used to generate thrust.	可以用来产生推力的大螺旋桨	ok
def_aircraft_propeller_node_0_label	结构与气动	航空	label	Power Received	接收动力	ok
def_aircraft_propeller_node_0_desc	结构与气动	航空	node_desc	Receives power generated by an engine.	接收发动机产生的动力	ok
def_aircraft_propeller_node_1_label	结构与气动	航空	label	Collective	桨距	ok
def_aircraft_propeller_node_1_desc	结构与气动	航空	node_desc	Standard value between -1 and 1 representing the desired pitch amount.	介于-1和1之间的标准值，表示桨距量	ok
def_air_exchanger_name	流体系统	空气	name	Air-Liquid Heat Exchanger 1x2	气-液热交换器 1x2	ok
def_air_exchanger_desc	流体系统	空气	desc	An intercooler that averages heat between air and a liquid at a rate proportional to the component's size.	冷却器，该冷却器以与组件尺寸成比例的速率平衡气体和液体的热量	ok
def_air_exchanger_s_desc	流体系统	空气	s_desc	A heat exchanger that averages heat between air and a liquid.	平衡气体与液体温度的热交换器	ok
def_air_exchanger_node_0_label	流体系统	空气	label	Air In	气体输入	ok
def_air_exchanger_node_0_desc	流体系统	空气	node_desc	Input air port.	气体输入接口	ok
def_air_exchanger_node_1_label	流体系统	空气	label	Air Out	气体输出	ok
def_air_exchanger_node_1_desc	流体系统	空气	node_desc	Output air port.	气体输出接口	ok
def_air_exchanger_node_2_label	流体系统	空气	label	Fluid In	液体进入	ok
def_air_exchanger_node_2_desc	流体系统	空气	node_desc	Input fluid port.	流体进入接口	ok
def_air_exchanger_node_3_label	流体系统	空气	label	Fluid Out	液体流出	ok
def_air_exchanger_node_3_desc	流体系统	空气	node_desc	Output fluid port.	流体输出接口	ok
def_air_exchanger_node_4_label	流体系统	空气	label	Temp A	A流体温度	ok
def_air_exchanger_node_4_desc	流体系统	空气	node_desc	Compartment air temperature.	部件内气体温度	ok
def_air_exchanger_node_5_label	流体系统	空气	label	Temp B	B流体温度	ok
def_air_exchanger_node_5_desc	流体系统	空气	node_desc	Compartment water temperature.	部件内液体温度	ok
def_air_exchanger_5_2_name	流体系统	空气	name	Air-Liquid Heat Exchanger 5x2	气-液热交换器 5x2	ok
def_air_exchanger_5_2_desc	流体系统	空气	desc	An intercooler that averages heat between air and a liquid at a rate proportional to the component's size.	冷却器，该冷却器以与组件尺寸成比例的速率平衡气体和液体的热量	ok
def_air_exchanger_5_2_s_desc	流体系统	空气	s_desc	A heat exchanger that averages heat between air and a liquid.	平衡气体与液体温度的热交换器	ok
def_air_exchanger_5_2_node_0_label	流体系统	空气	label	Air In	气体输入	ok
def_air_exchanger_5_2_node_0_desc	流体系统	空气	node_desc	Input air port.	气体输入接口	ok
def_air_exchanger_5_2_node_1_label	流体系统	空气	label	Air Out	气体输出	ok
def_air_exchanger_5_2_node_1_desc	流体系统	空气	node_desc	Output air port.	气体输出接口	ok
def_air_exchanger_5_2_node_2_label	流体系统	空气	label	Fluid In	液体进入	ok
def_air_exchanger_5_2_node_2_desc	流体系统	空气	node_desc	Input fluid port.	流体进入接口	ok
def_air_exchanger_5_2_node_3_label	流体系统	空气	label	Fluid Out	液体流出	ok
def_air_exchanger_5_2_node_3_desc	流体系统	空气	node_desc	Output fluid port.	流体输出接口	ok
def_air_exchanger_5_2_node_4_label	流体系统	空气	label	Temp A	A流体温度	ok
def_air_exchanger_5_2_node_4_desc	流体系统	空气	node_desc	Compartment air temperature.	部件内气体温度	ok
def_air_exchanger_5_2_node_5_label	流体系统	空气	label	Temp B	B流体温度	ok
def_air_exchanger_5_2_node_5_desc	流体系统	空气	node_desc	Compartment water temperature.	部件内液体温度	ok
def_air_exchanger_5_3_name	流体系统	空气	name	Air-Liquid Heat Exchanger 5x3	气-液热交换器 5x3	ok
def_air_exchanger_5_3_desc	流体系统	空气	desc	An intercooler that averages heat between air and a liquid at a rate proportional to the component's size.	冷却器，该冷却器以与组件尺寸成比例的速率平衡气体和液体的热量	ok
def_air_exchanger_5_3_s_desc	流体系统	空气	s_desc	A heat exchanger that averages heat between air and a liquid.	平衡气体与液体温度的热交换器	ok
def_air_exchanger_5_3_node_0_label	流体系统	空气	label	Air In	气体输入	ok
def_air_exchanger_5_3_node_0_desc	流体系统	空气	node_desc	Input air port.	气体输入接口	ok
def_air_exchanger_5_3_node_1_label	流体系统	空气	label	Air Out	气体输出	ok
def_air_exchanger_5_3_node_1_desc	流体系统	空气	node_desc	Output air port.	气体输出接口	ok
def_air_exchanger_5_3_node_2_label	流体系统	空气	label	Fluid In	液体进入	ok
def_air_exchanger_5_3_node_2_desc	流体系统	空气	node_desc	Input fluid port.	流体进入接口	ok
def_air_exchanger_5_3_node_3_label	流体系统	空气	label	Fluid Out	液体流出	ok
def_air_exchanger_5_3_node_3_desc	流体系统	空气	node_desc	Output fluid port.	流体输出接口	ok
def_air_exchanger_5_3_node_4_label	流体系统	空气	label	Temp A	A流体温度	ok
def_air_exchanger_5_3_node_4_desc	流体系统	空气	node_desc	Compartment air temperature.	部件内气体温度	ok
def_air_exchanger_5_3_node_5_label	流体系统	空气	label	Temp B	B流体温度	ok
def_air_exchanger_5_3_node_5_desc	流体系统	空气	node_desc	Compartment water temperature.	部件内液体温度	ok
def_air_exchanger_9_3_name	流体系统	空气	name	Air-Liquid Heat Exchanger 9x3	气-液热交换器 9x3	ok
def_air_exchanger_9_3_desc	流体系统	空气	desc	An intercooler that averages heat between air and a liquid at a rate proportional to the component's size.	冷却器，该冷却器以与组件尺寸成比例的速率平衡气体和液体的热量	ok
def_air_exchanger_9_3_s_desc	流体系统	空气	s_desc	A heat exchanger that averages heat between air and a liquid.	平衡气体与液体温度的热交换器	ok
def_air_exchanger_9_3_node_0_label	流体系统	空气	label	Air In	气体输入	ok
def_air_exchanger_9_3_node_0_desc	流体系统	空气	node_desc	Input air port.	气体输入接口	ok
def_air_exchanger_9_3_node_1_label	流体系统	空气	label	Air Out	气体输出	ok
def_air_exchanger_9_3_node_1_desc	流体系统	空气	node_desc	Output air port.	气体输出接口	ok
def_air_exchanger_9_3_node_2_label	流体系统	空气	label	Fluid In	液体进入	ok
def_air_exchanger_9_3_node_2_desc	流体系统	空气	node_desc	Input fluid port.	流体进入接口	ok
def_air_exchanger_9_3_node_3_label	流体系统	空气	label	Fluid Out	液体流出	ok
def_air_exchanger_9_3_node_3_desc	流体系统	空气	node_desc	Output fluid port.	流体输出接口	ok
def_air_exchanger_9_3_node_4_label	流体系统	空气	label	Temp A	A流体温度	ok
def_air_exchanger_9_3_node_4_desc	流体系统	空气	node_desc	Compartment air temperature.	部件内气体温度	ok
def_air_exchanger_9_3_node_5_label	流体系统	空气	label	Temp B	B流体温度	ok
def_air_exchanger_9_3_node_5_desc	流体系统	空气	node_desc	Compartment water temperature.	部件内液体温度	ok
def_air_exchanger_9_5_name	流体系统	空气	name	Air-Liquid Heat Exchanger 9x5	气-液热交换器 9x5	ok
def_air_exchanger_9_5_desc	流体系统	空气	desc	An intercooler that averages heat between air and a liquid at a rate proportional to the component's size.	冷却器，该冷却器以与组件尺寸成比例的速率平衡气体和液体的热量	ok
def_air_exchanger_9_5_s_desc	流体系统	空气	s_desc	A heat exchanger that averages heat between air and a liquid.	平衡气体与液体温度的热交换器	ok
def_air_exchanger_9_5_node_0_label	流体系统	空气	label	Air In	气体输入	ok
def_air_exchanger_9_5_node_0_desc	流体系统	空气	node_desc	Input air port.	气体输入接口	ok
def_air_exchanger_9_5_node_1_label	流体系统	空气	label	Air Out	气体输出	ok
def_air_exchanger_9_5_node_1_desc	流体系统	空气	node_desc	Output air port.	气体输出接口	ok
def_air_exchanger_9_5_node_2_label	流体系统	空气	label	Fluid In	液体进入	ok
def_air_exchanger_9_5_node_2_desc	流体系统	空气	node_desc	Input fluid port.	流体进入接口	ok
def_air_exchanger_9_5_node_3_label	流体系统	空气	label	Fluid Out	液体流出	ok
def_air_exchanger_9_5_node_3_desc	流体系统	空气	node_desc	Output fluid port.	流体输出接口	ok
def_air_exchanger_9_5_node_4_label	流体系统	空气	label	Temp A	A流体温度	ok
def_air_exchanger_9_5_node_4_desc	流体系统	空气	node_desc	Compartment air temperature.	部件内气体温度	ok
def_air_exchanger_9_5_node_5_label	流体系统	空气	label	Temp B	B流体温度	ok
def_air_exchanger_9_5_node_5_desc	流体系统	空气	node_desc	Compartment water temperature.	部件内液体温度	ok
def_air_filter_name	流体系统	空气	name	Air Filter	气体过滤端口	ok
def_air_filter_desc	流体系统	空气	desc			ok
def_air_filter_s_desc	流体系统	空气	s_desc	Port used to allow air in and out of a fluid system.	只允许气体进出某一流体系统的端口(P.S:装饰部件,与其他流体口功能相同)	ok
def_air_filter_node_0_label	流体系统	空气	label	Air	气体	ok
def_air_filter_node_0_desc	流体系统	空气	node_desc	Allows fluid to flow in and out of an enclosed volume.	允许流体进出某一封闭空间	ok
def_altimeter_name	传感器与探测	高度表	name	Altimeter	高度计	ok
def_altimeter_desc	传感器与探测	高度表	desc	Outputs distance above sea-level in meters.	输出高于海平面的距离(米)	ok
def_altimeter_s_desc	传感器与探测	高度表	s_desc	An altitude sensor.	高度传感器	ok
def_altimeter_node_0_label	传感器与探测	高度表	label	Altitude	海拔高度	ok
def_altimeter_node_0_desc	传感器与探测	高度表	node_desc	The measured altitude of the component in metres above sea-level.	组件的海平面高度（米）	ok
def_angular_speed_sensor_name	传感器与探测	角速度	name	Angular Speed Sensor	角速度传感器	ok
def_angular_speed_sensor_desc	传感器与探测	角速度	desc	This sensor outputs the angular speed of the component about the component's y axis.	该传感器输出组件绕y轴的角速度	ok
def_angular_speed_sensor_s_desc	传感器与探测	角速度	s_desc	This sensor outputs its current angular speed in rotations per second, allowing you to measure how fast your vehicle is rotating.	此传感器以圈/秒输出当前的角速度，允许您测量载具旋转的速度	ok
def_angular_speed_sensor_node_0_label	传感器与探测	角速度	label	Angular Speed	角速度	ok
def_angular_speed_sensor_node_0_desc	传感器与探测	角速度	node_desc	The sensor's angular speed in rotations per second.	传感器的角速度，以圈/秒为单位	ok
def_artificial_horizon_name	传感器与探测	姿态仪表	name	Artificial Horizon	水平仪	ok
def_artificial_horizon_desc	传感器与探测	姿态仪表	desc	The horizon ball rotates up and down as your vehicle's pitch changes, and the central line gives an indication of your vehicle's roll. This is a useful component to have in your helicopter to make it easier to fly at night and in thick fog. An on/off signal can be used to toggle the backlight.	水平球随着载具的俯仰(Pitch)变化上下旋转，中心线指示载具的滚转(Roll)。给你的直升机配备该组件，能够使它更容易在夜间和浓雾中飞行。开/关信号可用于切换背光	ok
def_artificial_horizon_s_desc	传感器与探测	姿态仪表	s_desc	The artificial horizon shows you the orientation of your vehicle with respect to the horizon line.	水平仪显示载具相对于水平的方向	ok
def_artificial_horizon_node_0_label	传感器与探测	姿态仪表	label	Backlight	背光	ok
def_artificial_horizon_node_0_desc	传感器与探测	姿态仪表	node_desc	Enables the backlight when receiving an on signal.	接收到打开信号时启用背光	ok
def_artificial_horizon_node_1_label	传感器与探测	姿态仪表	label	Electric	电	ok
def_artificial_horizon_node_1_desc	传感器与探测	姿态仪表	node_desc	Electrical power connection.	电源连接	ok
def_astronomy_sensor_name	传感器与探测	天文	name	Astronomy Sensor	天文传感器	ok
def_astronomy_sensor_desc	传感器与探测	天文	desc	Outputs relative position data based on the optimal target trajectory between the earth and moon.	根据地月之间的最佳目标轨迹输出相对位置数据	ok
def_astronomy_sensor_s_desc	传感器与探测	天文	s_desc	A sensor that provides raw space navigation data.	提供原始空间导航数据的传感器	ok
def_astronomy_sensor_node_0_label	传感器与探测	天文	label	Data	混合输出	ok
def_astronomy_sensor_node_0_desc	传感器与探测	天文	node_desc	Outputs [1] x position in metres, [2] y position in metres (earth sea level is 0), [3] z position in metres, [4] euler rotation x, [5] euler rotation y, [6] euler rotation z, [7] angular velocity x, [8] angular velocity y, [9] angular velocity z, [10] local z tilt and [11] local x tilt to the respective composite channels.	数字通道:[1]x位置(米);[2]y位置(米)(地球海平面为 0);[3]z位置(米);[4]欧拉旋转x;[5]欧拉旋转y;[6]欧拉旋转z;[7]角速度x;[8]角速度y;[9]角速度z;[10]当地Z倾斜[11]当地x倾斜	ok
def_azimuth_thruster_name	传感器与探测	方位角	name	Azimuth Thruster	方位推进器	ok
def_azimuth_thruster_desc	传感器与探测	方位角	desc	The thruster can be attached to a robotic pivot to provide steering as well as propulsion. This propeller will only operate underwater.	推进器可以连接收到机器的枢轴上，提供转向和推进。这个螺旋桨只能在水下工作	ok
def_azimuth_thruster_s_desc	传感器与探测	方位角	s_desc	An azimuth thruster for boats.	船用方位推进器	ok
def_azimuth_thruster_node_0_label	传感器与探测	方位角	label	RPS	RPS	ok
def_azimuth_thruster_node_0_desc	传感器与探测	方位角	node_desc	Receives power generated by an engine.	接收发动机产生的动力	ok
def_barometer_name	传感器与探测	气压计	name	Barometer	气压计	ok
def_barometer_desc	传感器与探测	气压计	desc	Returns the pressure in atmospheres of the compartment or current altitude.	返回封闭空间或当前海拔高度的气压(以大气压为单位)	ok
def_barometer_s_desc	传感器与探测	气压计	s_desc	Measures the current air pressure.	测量气压	ok
def_barometer_node_0_label	传感器与探测	气压计	label	Pressure	压强	ok
def_barometer_node_0_desc	传感器与探测	气压计	node_desc			ok
def_battery_large_name	电力与能源	电池	name	Electric Battery Large	电池(大)	ok
def_battery_large_desc	电力与能源	电池	desc			ok
def_battery_large_s_desc	电力与能源	电池	s_desc	A large battery array for storing electrical charge.	储存电荷的大型电池组	ok
def_battery_large_node_0_label	电力与能源	电池	label	Electric Store	电力储存	ok
def_battery_large_node_0_desc	电力与能源	电池	node_desc	Energy storage for the electrical system.	电力系统的能量储存	ok
def_battery_large_node_1_label	电力与能源	电池	label	Charge	剩余电量	ok
def_battery_large_node_1_desc	电力与能源	电池	node_desc	Data output giving the charge of the battery from 0 to 1.	从0到1显示电池电量的数据输出	ok
def_battery_medium_name	电力与能源	电池	name	Electric Battery Medium	电池(中)	ok
def_battery_medium_desc	电力与能源	电池	desc			ok
def_battery_medium_s_desc	电力与能源	电池	s_desc	A medium battery for storing electrical charge.	储存电荷的中型电池	ok
def_battery_medium_node_0_label	电力与能源	电池	label	Electric Store	电力存储	ok
def_battery_medium_node_0_desc	电力与能源	电池	node_desc	Energy storage for the electrical system.	电力系统的能量储存	ok
def_battery_medium_node_1_label	电力与能源	电池	label	Charge	剩余电量	ok
def_battery_medium_node_1_desc	电力与能源	电池	node_desc	Data output giving the charge of the battery from 0 to 1.	从0到1显示电池电量的数据输出	ok
def_battery_small_name	电力与能源	电池	name	Electric Battery Small	电池(小)	ok
def_battery_small_desc	电力与能源	电池	desc			ok
def_battery_small_s_desc	电力与能源	电池	s_desc	A small battery for storing electrical charge.	储存电荷的小型电池	ok
def_battery_small_node_0_label	电力与能源	电池	label	Electric Store	电力存储	ok
def_battery_small_node_0_desc	电力与能源	电池	node_desc	Energy storage for the electrical system.	电力系统的能量储存	ok
def_battery_small_node_1_label	电力与能源	电池	label	Charge	剩余电量	ok
def_battery_small_node_1_desc	电力与能源	电池	node_desc	Data output giving the charge of the battery from 0 to 1.	从0到1显示电池电量的数据输出	ok
def_buoyancy_float_block_name	结构建材	浮力块	name	Buoyancy Float Block		todo
def_buoyancy_float_block_desc	结构建材	浮力块	desc			ok
def_buoyancy_float_block_s_desc	结构建材	浮力块	s_desc	A block-shaped buoyant float.		todo
def_buoyancy_float_pyramid_name	结构建材	浮力块	name	Buoyancy Float Pyramid		todo
def_buoyancy_float_pyramid_desc	结构建材	浮力块	desc			ok
def_buoyancy_float_pyramid_s_desc	结构建材	浮力块	s_desc	A pyramid-shaped buoyant float.		todo
def_buoyancy_float_wedge_name	结构建材	浮力块	name	Buoyancy Float Wedge		todo
def_buoyancy_float_wedge_desc	结构建材	浮力块	desc			ok
def_buoyancy_float_wedge_s_desc	结构建材	浮力块	s_desc	A wedge-shaped buoyant float.		todo
def_button_key_name	逻辑与电路	按钮开关	name	Key Button	钥匙开关	ok
def_button_key_desc	逻辑与电路	按钮开关	desc	Once activated, interacting with the button again will deactivate it instantly. The hold duration can be customised by selecting this component with the select tool. The external input can be used to simulate interacting with the button down using the output of another component. The button's default state can be configured by selecting it with the select component.	一旦激活，再次按下按钮将立即停用。通过使用选择工具选择此组件，可以自定义启动开关所需的按压时间。外部输入可用于模拟使用其他组件的输出按住按钮。通过使用选择工具选择按钮，可以配置该按钮的默认状态	ok
def_button_key_s_desc	逻辑与电路	按钮开关	s_desc	A button that must be held down for a set duration before activating.	需要持续按压设定的一段时间才能激活的按钮	ok
def_button_key_node_0_label	逻辑与电路	按钮开关	label	Activated	激活	ok
def_button_key_node_0_desc	逻辑与电路	按钮开关	node_desc	Outputs an on signal when interacting with the button for the set duration.	当按压到达设定的时长后，输出接通信号	ok
def_button_key_node_1_label	逻辑与电路	按钮开关	label	External Input	外部输入	ok
def_button_key_node_1_desc	逻辑与电路	按钮开关	node_desc	Allows an external on/off signal to hold the button down.	允许外部开/关信号按住按钮	ok
def_button_key_node_2_label	逻辑与电路	按钮开关	label	Electric	电	ok
def_button_key_node_2_desc	逻辑与电路	按钮开关	node_desc	Electrical power connection.	电源连接	ok
def_button_keypad_large_name	逻辑与电路	按钮开关	name	Large Keypad	键盘(大)	ok
def_button_keypad_large_desc	逻辑与电路	按钮开关	desc	Interacting with the keypad will show a menu where the 2 numbers can be entered, along with a button for quickly inputting waypoint coordinates. A short pulse will be emitted from the keypad's pulse node when the confirm button is clicked and the stored numbers will be continuously output from the other output nodes. An on/off signal controls whether or not the keypad's backlight is enabled.	按下键盘将显示一个可输入2个数字的菜单，以及一个快速输入航路点坐标的按钮。当点击确认按钮时，键盘的脉冲节点将发出一个短脉冲，存储的数字将从其他输出节点连续输出。开/关信号控制键盘背光是否启用	ok
def_button_keypad_large_s_desc	逻辑与电路	按钮开关	s_desc	A keypad that allows 2 numbers to be input.	允许输入两个数字的小键盘	ok
def_button_keypad_large_node_0_label	逻辑与电路	按钮开关	label	Output A	输出A	ok
def_button_keypad_large_node_0_desc	逻辑与电路	按钮开关	node_desc	Outputs the first stored value.	输出第一个存储值	ok
def_button_keypad_large_node_1_label	逻辑与电路	按钮开关	label	Backlight	背光	ok
def_button_keypad_large_node_1_desc	逻辑与电路	按钮开关	node_desc	Enables the backlight when receiving an on signal.	接收到打开信号时启用背光	ok
def_button_keypad_large_node_2_label	逻辑与电路	按钮开关	label	Output B	输出B	ok
def_button_keypad_large_node_2_desc	逻辑与电路	按钮开关	node_desc	Outputs the second stored value.	输出第二个存储值	ok
def_button_keypad_large_node_3_label	逻辑与电路	按钮开关	label	Pulse	脉冲	ok
def_button_keypad_large_node_3_desc	逻辑与电路	按钮开关	node_desc	Emits a short pulse when a value is entered.	输入值时发出短脉冲	ok
def_button_keypad_large_node_4_label	逻辑与电路	按钮开关	label	Electric	电	ok
def_button_keypad_large_node_4_desc	逻辑与电路	按钮开关	node_desc	Electrical power connection.	电源连接	ok
def_button_keypad_small_name	逻辑与电路	按钮开关	name	Small Keypad	键盘(小)	ok
def_button_keypad_small_desc	逻辑与电路	按钮开关	desc	Interacting with the keypad will show a menu where the number can be entered. The stored numbers will be continuously output from the other output node. An on/off signal controls whether or not the keypad's backlight is enabled.	按键盘将显示一个可输入数字的菜单。存储的数字将从另一个输出节点连续输出。开/关信号控制键盘背光是否启用	ok
def_button_keypad_small_s_desc	逻辑与电路	按钮开关	s_desc	A keypad that allows a number to be input.	允许输入数字的小键盘	ok
def_button_keypad_small_node_0_label	逻辑与电路	按钮开关	label	Output	输出	ok
def_button_keypad_small_node_0_desc	逻辑与电路	按钮开关	node_desc	Outputs the stored value.	输出存储值	ok
def_button_keypad_small_node_1_label	逻辑与电路	按钮开关	label	Backlight	背光	ok
def_button_keypad_small_node_1_desc	逻辑与电路	按钮开关	node_desc	Enables the backlight when receiving an on signal.	接收到打开信号时启用背光	ok
def_button_keypad_small_node_2_label	逻辑与电路	按钮开关	label	Electric	电	ok
def_button_keypad_small_node_2_desc	逻辑与电路	按钮开关	node_desc	Electrical power connection.	电源连接	ok
def_button_lock_name	逻辑与电路	按钮开关	name	Lockable Button	按钮(可锁定)	ok
def_button_lock_desc	逻辑与电路	按钮开关	desc	An on signal must be sent to the button's unlock node to allow player interaction. The button's default state can be configured by selecting it with the select component.	向按钮的解锁节点发送打开信号才能允许玩家交互。通过使用选择功能可以配置该按钮的默认状态	ok
def_button_lock_s_desc	逻辑与电路	按钮开关	s_desc	A toggle button that can only be interacted with when unlocked.	只有解锁时才能与之交互的切换按钮	ok
def_button_lock_node_0_label	逻辑与电路	按钮开关	label	Toggled	切换	ok
def_button_lock_node_0_desc	逻辑与电路	按钮开关	node_desc	Outputs an on/off signal that can be toggled by interacting with [$[action_interact_left]]/[$[action_interact_right]] when unlocked.	输出一个打开/关闭信号，解锁时按按钮上的[$[action_interact_left]]/[$[action_interact_right]]可切换该信号	ok
def_button_lock_node_1_label	逻辑与电路	按钮开关	label	Unlock	解锁	ok
def_button_lock_node_1_desc	逻辑与电路	按钮开关	node_desc	Allows the button to be interacted with when receiving an on signal.	允许按钮在接收到打开信号时与之交互	ok
def_button_lock_node_2_label	逻辑与电路	按钮开关	label	Electric	电	ok
def_button_lock_node_2_desc	逻辑与电路	按钮开关	node_desc	Electrical power connection.	电源连接	ok
def_button_push_name	逻辑与电路	按钮开关	name	Push Button	按钮(按压式)	ok
def_button_push_desc	逻辑与电路	按钮开关	desc	An external on/off signal can also be used to control whether or not the button is pressed, allowing you to chain multiple buttons together to unify their outputs.	外部开/关信号也可用于控制是否按下按钮，允许您将多个按钮链接在一起，以统一其输出	ok
def_button_push_s_desc	逻辑与电路	按钮开关	s_desc	A button that outputs an on signal when you interact with [$[action_interact_left]]/[$[action_interact_right]], and an off signal when not interacting.	当你按住[$[action_interact_left]]/[$[action_interact_right]]时输出on信号;松开时输出off信号	ok
def_button_push_node_0_label	逻辑与电路	按钮开关	label	Pressed	按下	ok
def_button_push_node_0_desc	逻辑与电路	按钮开关	node_desc	Outputs an on signal when you interact wtih [$[action_interact_left]]/[$[action_interact_right]], and an off signal otherwise.	当您按住[$[action_interact_left]]/[$[action_interact_right]]时，输出on信号,否则输出off信号	ok
def_button_push_node_1_label	逻辑与电路	按钮开关	label	External Input	外部输入	ok
def_button_push_node_1_desc	逻辑与电路	按钮开关	node_desc	Allows an external on/off signal to control whether or not the button is pressed.	允许外部开/关信号控制按钮是否按下	ok
def_button_push_node_2_label	逻辑与电路	按钮开关	label	Electric	电	ok
def_button_push_node_2_desc	逻辑与电路	按钮开关	node_desc	Electrical power connection.	电源连接	ok
def_button_push_2side_name	逻辑与电路	按钮开关	name	Push Button (2 Sided)	按钮(双面按压式)	ok
def_button_push_2side_desc	逻辑与电路	按钮开关	desc	An external on/off signal can also be used to control whether or not the button is pressed, allowing you to chain multiple buttons together to unify their outputs.	外部开/关信号也可用于控制是否按下按钮，允许您将多个按钮链接在一起，以统一其输出	ok
def_button_push_2side_s_desc	逻辑与电路	按钮开关	s_desc	A button that outputs an on signal when interacting with [$[action_interact_left]]/[$[action_interact_right]].	当你按住[$[action_interact_left]]/[$[action_interact_right]]时输出一个on信号;松开输出一个off信号	ok
def_button_push_2side_node_0_label	逻辑与电路	按钮开关	label	Pressed	按下	ok
def_button_push_2side_node_0_desc	逻辑与电路	按钮开关	node_desc	Outputs an on signal when you interact with [$[action_interact_left]]/[$[action_interact_right]], and an off signal otherwise.	当您按住按钮上的[$[action_interact_left]]/[$[action_interact_right]]时输出on信号,否则输出off信号	ok
def_button_push_2side_node_1_label	逻辑与电路	按钮开关	label	External Input	外部输入	ok
def_button_push_2side_node_1_desc	逻辑与电路	按钮开关	node_desc	Allows an external on/off signal to control whether or not the button is pressed.	允许外部开/关信号控制按钮是否按下	ok
def_button_push_2side_node_2_label	逻辑与电路	按钮开关	label	Electric	电	ok
def_button_push_2side_node_2_desc	逻辑与电路	按钮开关	node_desc	Electrical power connection.	电源连接	ok
def_button_throttle_lever_name	逻辑与电路	按钮开关	name	Throttle Lever	油门推杆	ok
def_button_throttle_lever_desc	逻辑与电路	按钮开关	desc	The output ranges from -1 to 1, and will increase/decrease depending on which half of the lever you interact with. The two on/off inputs can be used to control the lever externally with different buttons. The speed of the lever can be configured by selecting this component with the select tool.	输出范围从-1到1，并且将根据与哪一半控制杆交互而增加/减少。两个开/关输入可用于用不同的按钮从外部控制操纵杆。可以通过使用选择工具选择该部件来配置操纵杆的速度	ok
def_button_throttle_lever_s_desc	逻辑与电路	按钮开关	s_desc	A throttle lever that acts as two buttons controlling one number output.	作为两个按钮控制一个数字输出的油门推杆	ok
def_button_throttle_lever_node_0_label	逻辑与电路	按钮开关	label	Up	增加	ok
def_button_throttle_lever_node_0_desc	逻辑与电路	按钮开关	node_desc	Increases the Throttle Value when input is held.	按压时持续增加油门值	ok
def_button_throttle_lever_node_1_label	逻辑与电路	按钮开关	label	Down	减少	ok
def_button_throttle_lever_node_1_desc	逻辑与电路	按钮开关	node_desc	Decreases the Throttle Value when input is held.	按压时持续减小油门值	ok
def_button_throttle_lever_node_2_label	逻辑与电路	按钮开关	label	Throttle	节流阀	ok
def_button_throttle_lever_node_2_desc	逻辑与电路	按钮开关	node_desc	Outputs the stored Throttle Value.	输出存储的油门值	ok
def_button_throttle_lever_node_3_label	逻辑与电路	按钮开关	label	Electric	电	ok
def_button_throttle_lever_node_3_desc	逻辑与电路	按钮开关	node_desc	Electrical power connection.	电源连接	ok
def_button_toggle_name	逻辑与电路	按钮开关	name	Toggle Button	按钮(切换式)	ok
def_button_toggle_desc	逻辑与电路	按钮开关	desc	An external on/off signal can also be used to control whether or not the button is pressed, allowing you to chain multiple buttons together to unify their outputs. The button's default state can be configured by selecting it with the select component.	外部开/关信号也可用于控制是否按下按钮，允许您将多个按钮链接在一起，以统一其输出。通过使用select组件选择按钮，可以配置该按钮的默认状态	ok
def_button_toggle_s_desc	逻辑与电路	按钮开关	s_desc	A button that toggles between sending an on or off signal when you press [$[action_interact_left]]/[$[action_interact_right]] on it.	当您按[$[action_interact_left]]/[$[action_interact_right]]时，在发送开或关信号之间切换的按钮	ok
def_button_toggle_node_0_label	逻辑与电路	按钮开关	label	Toggled	切换	ok
def_button_toggle_node_0_desc	逻辑与电路	按钮开关	node_desc	Outputs an on/off signal that can be toggled by interacting with [$[action_interact_left]]/[$[action_interact_right]].	输出一个开/关信号，可通过按按钮上的[$[action_interact_left]]/[$[action_interact_right]]进行切换	ok
def_button_toggle_node_1_label	逻辑与电路	按钮开关	label	External Input	外部输入	ok
def_button_toggle_node_1_desc	逻辑与电路	按钮开关	node_desc	Allows an external on/off signal to control whether or not the button is pressed.	允许外部开/关信号控制按钮是否按下	ok
def_button_toggle_node_2_label	逻辑与电路	按钮开关	label	Electric	电	ok
def_button_toggle_node_2_desc	逻辑与电路	按钮开关	node_desc	Electrical power connection.	电源连接	ok
def_button_toggle_2side_name	逻辑与电路	按钮开关	name	Toggle Button (2 Sided)	按钮(双面切换式)	ok
def_button_toggle_2side_desc	逻辑与电路	按钮开关	desc	An external on/off signal can also be used to control whether or not the button is pressed, allowing you to chain multiple buttons together to unify their outputs. The button's default state can be configured by selecting it with the select component.	外部开/关信号也可用于控制是否按下按钮，允许您将多个按钮链接在一起，以统一其输出。通过使用select组件选择按钮，可以配置该按钮的默认状态	ok
def_button_toggle_2side_s_desc	逻辑与电路	按钮开关	s_desc	A button that toggles between sending an on or off signal when you press [$[action_interact_left]]/[$[action_interact_right]] on it.	当您按[$[action_interact_left]]/[$[action_interact_right]]时，在发送开或关信号之间切换的按钮	ok
def_button_toggle_2side_node_0_label	逻辑与电路	按钮开关	label	Toggled	切换	ok
def_button_toggle_2side_node_0_desc	逻辑与电路	按钮开关	node_desc	Outputs an on/off signal that can be toggled by interacting with [$[action_interact_left]]/[$[action_interact_right]].	输出一个开/关信号，可通过按按钮上的[$[action_interact_left]]/[$[action_interact_right]]进行切换	ok
def_button_toggle_2side_node_1_label	逻辑与电路	按钮开关	label	External Input	外部输入	ok
def_button_toggle_2side_node_1_desc	逻辑与电路	按钮开关	node_desc	Allows an external on/off signal to control whether or not the button is pressed.	允许外部开/关信号控制按钮是否按下	ok
def_button_toggle_2side_node_2_label	逻辑与电路	按钮开关	label	Electric	电	ok
def_button_toggle_2side_node_2_desc	逻辑与电路	按钮开关	node_desc	Electrical power connection.	电源连接	ok
def_buzzer_name	显示与控制	蜂鸣器	name	Buzzer	蜂鸣器	ok
def_buzzer_desc	显示与控制	蜂鸣器	desc	The type of sound, volume, and pitch can be customised by selecting this component with the select tool. It has an audible range of 30m.	可以使用选择工具自定义音色和音量.播放范围是30米	ok
def_buzzer_s_desc	显示与控制	蜂鸣器	s_desc	A buzzer that will play a selected sound when toggled from off to on.	信号为on时播放选定音色的蜂鸣器	ok
def_buzzer_node_0_label	显示与控制	蜂鸣器	label	Buzzer	蜂鸣器	ok
def_buzzer_node_0_desc	显示与控制	蜂鸣器	node_desc	Plays the selected sound when toggled from off to on.	从“关”切换到“开”时播放选定的声音	ok
def_buzzer_node_1_label	显示与控制	蜂鸣器	label	Electric	电	ok
def_buzzer_node_1_desc	显示与控制	蜂鸣器	node_desc	Electrical power connection.	电源连接	ok
def_camera_gimbal_name	传感器与探测	摄像头	name	Camera Gimbal	摄像头云台	ok
def_camera_gimbal_desc	传感器与探测	摄像头	desc	Has an infrared mode as well as pivot controls, a variable field of view.	具有红外模式以及转动控制和可变的视野	ok
def_camera_gimbal_s_desc	传感器与探测	摄像头	s_desc	A gimbal camera with video output feed.	带视频输出源的云台摄像机	ok
def_camera_gimbal_node_0_label	传感器与探测	摄像头	label	Camera Feed	摄像头输出	ok
def_camera_gimbal_node_0_desc	传感器与探测	摄像头	node_desc			ok
def_camera_gimbal_node_1_label	传感器与探测	摄像头	label	Electric	电	ok
def_camera_gimbal_node_1_desc	传感器与探测	摄像头	node_desc			ok
def_camera_gimbal_node_2_label	传感器与探测	摄像头	label	Infrared Mode	红外模式	ok
def_camera_gimbal_node_2_desc	传感器与探测	摄像头	node_desc	Controls whether or not the infrared mode is switched on.	控制红外模式是否打开	ok
def_camera_gimbal_node_3_label	传感器与探测	摄像头	label	Field of View	视野	ok
def_camera_gimbal_node_3_desc	传感器与探测	摄像头	node_desc	Controls the level of zoom of the camera.	控制摄像头的缩放	ok
def_camera_gimbal_node_4_label	传感器与探测	摄像头	label	Pivot Rotation	航向控制	ok
def_camera_gimbal_node_4_desc	传感器与探测	摄像头	node_desc	Controls the rotation of the camera base.	输入速度，控制摄像头底座的水平旋转	ok
def_camera_gimbal_node_5_label	传感器与探测	摄像头	label	Pitch Rotation	俯仰控制	ok
def_camera_gimbal_node_5_desc	传感器与探测	摄像头	node_desc	Controls the rotation of the camera head.	控制摄影机的俯仰旋转	ok
def_camera_gimbal_laser_name	传感器与探测	摄像头	name	Camera Stabilized	自稳定云台摄像机	ok
def_camera_gimbal_laser_desc	传感器与探测	摄像头	desc	Has an infrared mode, variable field of view, stabilized and tracking modes.	拥有红外模式、可变视野以及锁定/跟踪模式	ok
def_camera_gimbal_laser_s_desc	传感器与探测	摄像头	s_desc	A stabilized gimbal camera with video output feed.	拥有视频信号输出的自稳定云台摄像头	ok
def_camera_gimbal_laser_node_0_label	传感器与探测	摄像头	label	Camera Feed	视频输出	ok
def_camera_gimbal_laser_node_0_desc	传感器与探测	摄像头	node_desc			ok
def_camera_gimbal_laser_node_1_label	传感器与探测	摄像头	label	Electric	电	ok
def_camera_gimbal_laser_node_1_desc	传感器与探测	摄像头	node_desc			ok
def_camera_gimbal_laser_node_2_label	传感器与探测	摄像头	label	Infrared Mode	红外模式	ok
def_camera_gimbal_laser_node_2_desc	传感器与探测	摄像头	node_desc	Controls whether or not the infrared mode is switched on.	控制红外模式是否开启	ok
def_camera_gimbal_laser_node_3_label	传感器与探测	摄像头	label	Enable Laser	开启激光	ok
def_camera_gimbal_laser_node_3_desc	传感器与探测	摄像头	node_desc	Enables the Laser.	开启激光	ok
def_camera_gimbal_laser_node_4_label	传感器与探测	摄像头	label	Field of View	FOV(视野)	ok
def_camera_gimbal_laser_node_4_desc	传感器与探测	摄像头	node_desc	Controls the level of zoom of the camera.	控制摄像头的缩放	ok
def_camera_gimbal_laser_node_5_label	传感器与探测	摄像头	label	Pivot Rotation	旋转控制	ok
def_camera_gimbal_laser_node_5_desc	传感器与探测	摄像头	node_desc	Controls the rotation of the camera base.	输入速度，控制摄像头底座的水平旋转	ok
def_camera_gimbal_laser_node_6_label	传感器与探测	摄像头	label	Pitch Rotation	俯仰控制	ok
def_camera_gimbal_laser_node_6_desc	传感器与探测	摄像头	node_desc	Controls the rotation of the camera head.	控制摄像头的俯仰旋转	ok
def_camera_gimbal_laser_node_7_label	传感器与探测	摄像头	label	Laser Distance	激光测距	ok
def_camera_gimbal_laser_node_7_desc	传感器与探测	摄像头	node_desc	The measured distance in meters.	激光测距(单位:米)	ok
def_camera_gimbal_laser_node_8_label	传感器与探测	摄像头	label	Stabilizer Mode	防抖模式	ok
def_camera_gimbal_laser_node_8_desc	传感器与探测	摄像头	node_desc	Enable stabilization to keep the camera focused in its current direction.	开启稳定模式让摄像头稳定在目前朝向	ok
def_camera_gimbal_laser_node_9_label	传感器与探测	摄像头	label	Tracker Mode	追踪模式	ok
def_camera_gimbal_laser_node_9_desc	传感器与探测	摄像头	node_desc	Enable tracking to direct the camera at the current lazed position.	开启后将相机朝向稳定至当前激光照射位置	ok
def_camera_gimbal_laser_node_10_label	传感器与探测	摄像头	label	Composite Output	混合输出	ok
def_camera_gimbal_laser_node_10_desc	传感器与探测	摄像头	node_desc	Composite value channels: 1: x position of laser target, 2: y position of laser target, 3: z position of laser target, 4: pitch of component in turns, 5: yaw of component in turns	1：激光目标的X轴位置;2：激光目标的Y轴位置;3：激光目标的Z轴位置;4：组件的俯仰(圈数);5：组件的偏航(圈数)	ok
def_camera_gimbal_laser_node_11_label	传感器与探测	摄像头	label	Laser Wavelength	激光编码	ok
def_camera_gimbal_laser_node_11_desc	传感器与探测	摄像头	node_desc	The specific light wavelength to emit (whole number).	激光编码(整数),激光传感器需要使用相同的编码才能识别激光照射	ok
def_camera_med_name	传感器与探测	摄像头	name	Camera Medium	摄像头(中型)	ok
def_camera_med_desc	传感器与探测	摄像头	desc	Has infrared mode as well as variable field of view. Can be pivoted up to 0.125 turns using composite input.	具有红外模式以及可变视野,可以使用混合输入控制0.125圈的视野移动	ok
def_camera_med_s_desc	传感器与探测	摄像头	s_desc	A camera with video output feed.	有视频输出的摄像头	ok
def_camera_med_node_0_label	传感器与探测	摄像头	label	Camera Feed	摄像头输出	ok
def_camera_med_node_0_desc	传感器与探测	摄像头	node_desc			ok
def_camera_med_node_1_label	传感器与探测	摄像头	label	Electric	电	ok
def_camera_med_node_1_desc	传感器与探测	摄像头	node_desc			ok
def_camera_med_node_2_label	传感器与探测	摄像头	label	Infrared Mode	红外模式	ok
def_camera_med_node_2_desc	传感器与探测	摄像头	node_desc	Controls whether or not the infrared mode is switched on.	控制红外模式是否打开	ok
def_camera_med_node_3_label	传感器与探测	摄像头	label	Field of View	视野	ok
def_camera_med_node_3_desc	传感器与探测	摄像头	node_desc	Controls the level of zoom of the camera.	控制摄像头的缩放级别	ok
def_camera_med_node_4_label	传感器与探测	摄像头	label	Pivot	轴	ok
def_camera_med_node_4_desc	传感器与探测	摄像头	node_desc	Inputs for camera X/Y pivot. (Value 1 : Pivot X) (Value 2 : Pivot Y)	摄像头的X/Y轴数值(数值1:X轴,数值2:Y轴)	ok
def_camera_small_name	传感器与探测	摄像头	name	Camera Small	摄像头(小型)	ok
def_camera_small_desc	传感器与探测	摄像头	desc	Can be pivoted up to 0.125 turns using composite input.	可以使用混合输入控制0.125圈的视野移动	ok
def_camera_small_s_desc	传感器与探测	摄像头	s_desc	A camera with video output feed.	有视频输出的摄像头	ok
def_camera_small_node_0_label	传感器与探测	摄像头	label	Camera Feed	摄像头输出	ok
def_camera_small_node_0_desc	传感器与探测	摄像头	node_desc			ok
def_camera_small_node_1_label	传感器与探测	摄像头	label	Electric	电	ok
def_camera_small_node_1_desc	传感器与探测	摄像头	node_desc			ok
def_camera_small_node_2_label	传感器与探测	摄像头	label	Pivot	轴	ok
def_camera_small_node_2_desc	传感器与探测	摄像头	node_desc	Inputs for camera X/Y pivot. (Value 1 : Pivot X) (Value 2 : Pivot Y)	摄像头的X/Y轴数值(数值1:X轴,数值2:Y轴)	ok
def_catalytic_converter_name	工业加工	催化	name	Catalytic Converter	催化器	ok
def_catalytic_converter_desc	工业加工	催化	desc	Catalytic converter that removes fumes and decreases the number of exhaust particles emitted from an exhaust.	催化转化器，用于清除废气并减少废气中排放的颗粒颗粒物数量(使用时注意进出方向)	ok
def_catalytic_converter_s_desc	工业加工	催化	s_desc	Reduces particles from exhausts.	减少废气的排放颗粒物	ok
def_catalytic_converter_node_0_label	工业加工	催化	label	Exhaust In	废气输入	ok
def_catalytic_converter_node_0_desc	工业加工	催化	node_desc			ok
def_catalytic_converter_node_1_label	工业加工	催化	label	Exhaust Out	废气输出	ok
def_catalytic_converter_node_1_desc	工业加工	催化	node_desc			ok
def_clock_name	显示与控制	时钟	name	Clock	时钟	ok
def_clock_desc	显示与控制	时钟	desc	The clock has a display to visualise the time of day or night. The 12 o'clock position is the white arrow on the face of the display.	时钟有一个显示器，可以直观地显示白天或晚上的时间.12点钟的位置是显示屏正面的白色箭头	ok
def_clock_s_desc	显示与控制	时钟	s_desc	An analogue clock display that outputs a number value representing the time of day.	模拟时钟显示器.显示当前游戏内时间	ok
def_clock_node_0_label	显示与控制	时钟	label	Time	时间	ok
def_clock_node_0_desc	显示与控制	时钟	node_desc	The time as a factor of a day, from 0 (midnight) to 1 (midnight).	一天中从0(午夜0点)到1(午夜24点)的时间	ok
def_clock_node_1_label	显示与控制	时钟	label	Backlight	背光	ok
def_clock_node_1_desc	显示与控制	时钟	node_desc	Enables the backlight when receiving an on signal.	接收到打开信号时启用背光	ok
def_clock_node_2_label	显示与控制	时钟	label	Electric	电	ok
def_clock_node_2_desc	显示与控制	时钟	node_desc	Electrical power connection.	电源连接	ok
def_compass_name	通信与导航	罗盘	name	Compass Ball	指南针球	ok
def_compass_desc	通信与导航	罗盘	desc	It is one of several tools that can be used to aid navigation in low visibility situations. An on/off signal controls whether or not the compass' backlight is enabled.	它是在低能见度情况下可以用来辅助导航的几种工具之一。开/关信号控制指南针背光是否启用	ok
def_compass_s_desc	通信与导航	罗盘	s_desc	The compass rotates to point to north on the map.	指南针在地图上旋转指向北方	ok
def_compass_node_0_label	通信与导航	罗盘	label	Backlight	背光	ok
def_compass_node_0_desc	通信与导航	罗盘	node_desc	Enables the backlight when receiving an on signal.	接收到打开信号时启用背光	ok
def_compass_node_1_label	通信与导航	罗盘	label	Electric	电	ok
def_compass_node_1_desc	通信与导航	罗盘	node_desc	Electrical power connection.	电源连接	ok
def_compass_sensor_name	通信与导航	罗盘	name	Compass Sensor	罗盘传感器	ok
def_compass_sensor_desc	通信与导航	罗盘	desc	The sensor has a display to visualise the direction of north. The measured output is taken relative to the white arrow on the face of the display.	该传感器可以测量白色箭头的方向.测量的输出是相对于传感器表面的白色箭头进行的	ok
def_compass_sensor_s_desc	通信与导航	罗盘	s_desc	A digital compass that outputs a number value representing the turn that must be made for it to face north.	数字罗盘,输出的数字类型的值代表它偏离正北方向的角度	ok
def_compass_sensor_node_0_label	通信与导航	罗盘	label	Compass Reading	罗盘读数	ok
def_compass_sensor_node_0_desc	通信与导航	罗盘	node_desc	The angle measured in turns that the needle is rotated from the white arrow on the display.	指针从显示屏上的白色箭头开始旋转的角度(单位:圆周)\n(译者注:若数值为x，则代表偏离角度为x*360)	ok
def_compass_sensor_node_1_label	通信与导航	罗盘	label	Backlight	背光	ok
def_compass_sensor_node_1_desc	通信与导航	罗盘	node_desc	Enables the backlight when receiving an on signal.	接收到打开信号时启用背光	ok
def_compass_sensor_node_2_label	通信与导航	罗盘	label	Electric	电	ok
def_compass_sensor_node_2_desc	通信与导航	罗盘	node_desc	Electrical power connection.	电源连接	ok
def_connector_electric_name	机械与传动	连接器	name	Electric Connector	连接头(电力)	ok
def_connector_electric_desc	机械与传动	连接器	desc	Two electric connectors will attach when they are within close proximity. When connected, electric energy will flow freely between the connectors.	当两个电线连接头靠近时，它们将连接在一起。连接时，电能将在连接头之间自由流动	ok
def_connector_electric_s_desc	机械与传动	连接器	s_desc	A small electric connector that can be used to transfer electric energy between vehicles.	小型电线连接头，可用于在载具之间传输电能	ok
def_connector_electric_node_0_label	机械与传动	连接器	label	Release Connector	连接头释放	ok
def_connector_electric_node_0_desc	机械与传动	连接器	node_desc	Release the connector when receiving an on signal.	收到接通信号时，松开连接器	ok
def_connector_electric_node_1_label	机械与传动	连接器	label	Connected	已连接	ok
def_connector_electric_node_1_desc	机械与传动	连接器	node_desc	Outputs an on signal if the connector is attached to another connector.	如果连接头连接收到另一个连接头，则输出接通信号	ok
def_connector_electric_node_2_label	机械与传动	连接器	label	Electric	电	ok
def_connector_electric_node_2_desc	机械与传动	连接器	node_desc	Electrical power connection.	电源连接	ok
def_connector_electric_node_3_label	机械与传动	连接器	label	Composite Data Send	发送复合数据	ok
def_connector_electric_node_3_desc	机械与传动	连接器	node_desc	Composite data to send to the connected connector.	发送复合数据到已连接的连接器	ok
def_connector_electric_node_4_label	机械与传动	连接器	label	Composite Data Receive	接收复合数据	ok
def_connector_electric_node_4_desc	机械与传动	连接器	node_desc	Composite data to receive from the connected connector.	从已连接的连接器接收复合数据	ok
def_connector_electric_node_5_label	机械与传动	连接器	label	Video Data Send	发送视频数据	ok
def_connector_electric_node_5_desc	机械与传动	连接器	node_desc	Video data to send to the connected connector.	将视频数据发送到所连接的连接器上	ok
def_connector_electric_node_6_label	机械与传动	连接器	label	Video Data Receive	接收视频数据	ok
def_connector_electric_node_6_desc	机械与传动	连接器	node_desc	Video data to receive from the connected connector.	从所连接的连接器上接收视频数据	ok
def_connector_hardpoint_a_name	机械与传动	连接器	name	Hardpoint Connector Body	硬点基座	ok
def_connector_hardpoint_a_desc	机械与传动	连接器	desc	A hardpoint body will connect to a hardpoint attachment when correctly aligned, fixing the two components in place while transferring logic and fluid. The hardpoint body can release the connection by receiving an on/off input signal.	当正确对齐时，硬点基座将连接到硬点挂件。硬点基座可以通过接收on/off输入信号来控制连接。连接正确时可以传输逻辑或流体	ok
def_connector_hardpoint_a_s_desc	机械与传动	连接器	s_desc	A hardpoint connector for building detachable vehicle sections.	用于构建可拆卸物体的硬点连接器	ok
def_connector_hardpoint_a_node_0_label	机械与传动	连接器	label	Ordinance Type	规格类型	ok
def_connector_hardpoint_a_node_0_desc	机械与传动	连接器	node_desc	Returns the ordinance type of the attached object.	返回所附对象的规格类型	ok
def_connector_hardpoint_a_node_1_label	机械与传动	连接器	label	Release	释放	ok
def_connector_hardpoint_a_node_1_desc	机械与传动	连接器	node_desc	Release the connector when receiving an on signal.	接收到接通信号时，松开连接器	ok
def_connector_hardpoint_a_node_2_label	机械与传动	连接器	label	Launch	启动	ok
def_connector_hardpoint_a_node_2_desc	机械与传动	连接器	node_desc	Release the connector and activate the ordinance when receiving an on signal.	当接收到接通信号时，松开连接器并激活开关	ok
def_connector_hardpoint_a_node_3_label	机械与传动	连接器	label	Fluid	流体	ok
def_connector_hardpoint_a_node_3_desc	机械与传动	连接器	node_desc	Fluid connection to link to another fluid connector.	流体接头	ok
def_connector_hardpoint_a_node_4_label	机械与传动	连接器	label	Composite Data Send	发送复合数据	ok
def_connector_hardpoint_a_node_4_desc	机械与传动	连接器	node_desc	Composite data to send to the connected connector.	发送复合数据到已连接的连接器	ok
def_connector_hardpoint_a_node_5_label	机械与传动	连接器	label	Composite Data Receive	接收复合数据	ok
def_connector_hardpoint_a_node_5_desc	机械与传动	连接器	node_desc	Composite data to receive from the connected connector.	从已连接的连接器接收复合数据	ok
def_connector_hardpoint_a_node_6_label	机械与传动	连接器	label	Video Data Send	发送视频数据	ok
def_connector_hardpoint_a_node_6_desc	机械与传动	连接器	node_desc	Video data to send to the connected connector.	将视频数据发送到所连接的连接器上	ok
def_connector_hardpoint_a_node_7_label	机械与传动	连接器	label	Video Data Receive	接收视频数据	ok
def_connector_hardpoint_a_node_7_desc	机械与传动	连接器	node_desc	Video data to receive from the connected connector.	从所连接的连接器上接收视频数据	ok
def_connector_hardpoint_a_node_8_label	机械与传动	连接器	label	Electric	电	ok
def_connector_hardpoint_a_node_8_desc	机械与传动	连接器	node_desc	Electrical power connection.	电源连接	ok
def_connector_hardpoint_b_name	机械与传动	连接器	name	Hardpoint Connector Attachment	硬点挂件	ok
def_connector_hardpoint_b_desc	机械与传动	连接器	desc	A hardpoint body will connect to a hardpoint attachment when correctly aligned, fixing the two components in place while transferring logic and fluid.	当正确对齐时，硬点基座将连接到硬点挂件。连接正确时可以传输逻辑或流体	ok
def_connector_hardpoint_b_s_desc	机械与传动	连接器	s_desc	A hardpoint connector for building detachable vehicle sections.	用于构建可拆卸物体的硬点连接器	ok
def_connector_hardpoint_b_node_0_label	机械与传动	连接器	label	Launched	已启动	ok
def_connector_hardpoint_b_node_0_desc	机械与传动	连接器	node_desc	Outputs an on signal if the connector is sent a launch signal by the parent.	如果父级组件向连接器发送启动信号，则输出接通信号	ok
def_connector_hardpoint_b_node_1_label	机械与传动	连接器	label	Fluid	流体	ok
def_connector_hardpoint_b_node_1_desc	机械与传动	连接器	node_desc	Fluid connection to link to another fluid connector.	流体接头	ok
def_connector_hardpoint_b_node_2_label	机械与传动	连接器	label	Composite Data Send	发送复合数据	ok
def_connector_hardpoint_b_node_2_desc	机械与传动	连接器	node_desc	Composite data to send to the connected connector.	发送复合数据到已连接的连接器	ok
def_connector_hardpoint_b_node_3_label	机械与传动	连接器	label	Composite Data Receive	接收复合数据	ok
def_connector_hardpoint_b_node_3_desc	机械与传动	连接器	node_desc	Composite data to receive from the connected connector.	从已连接的连接器接收复合数据	ok
def_connector_hardpoint_b_node_4_label	机械与传动	连接器	label	Video Data Send	发送视频数据	ok
def_connector_hardpoint_b_node_4_desc	机械与传动	连接器	node_desc	Video data to send to the connected connector.	将视频数据发送到所连接的连接器上	ok
def_connector_hardpoint_b_node_5_label	机械与传动	连接器	label	Video Data Receive	接收视频数据	ok
def_connector_hardpoint_b_node_5_desc	机械与传动	连接器	node_desc	Video data to receive from the connected connector.	从所连接的连接器上接收视频数据	ok
def_connector_hardpoint_b_node_6_label	机械与传动	连接器	label	Electric	电	ok
def_connector_hardpoint_b_node_6_desc	机械与传动	连接器	node_desc	Electrical power connection.	电源连接	ok
def_connector_hardpoint_b_round_name	机械与传动	连接器	name	Hardpoint Connector Attachment (Round)	硬点挂件(圆形)	ok
def_connector_hardpoint_b_round_desc	机械与传动	连接器	desc	A hardpoint body will connect to a hardpoint attachment when correctly aligned, fixing the two components in place while transferring logic and fluid.	当正确对齐时，硬点基座将连接到硬点挂件。连接正确时可以传输逻辑或流体	ok
def_connector_hardpoint_b_round_s_desc	机械与传动	连接器	s_desc	A hardpoint connector for building detachable vehicle sections.	用于构建可拆卸物体的硬点连接器	ok
def_connector_hardpoint_b_round_node_0_label	机械与传动	连接器	label	Launched	已启动	ok
def_connector_hardpoint_b_round_node_0_desc	机械与传动	连接器	node_desc	Outputs an on signal if the connector is sent a launch signal by the parent.	如果父级组件向连接器发送启动信号，则输出接通信号	ok
def_connector_hardpoint_b_round_node_1_label	机械与传动	连接器	label	Fluid	流体	ok
def_connector_hardpoint_b_round_node_1_desc	机械与传动	连接器	node_desc	Fluid connection to link to another fluid connector.	流体连接器	ok
def_connector_hardpoint_b_round_node_2_label	机械与传动	连接器	label	Composite Data Send	发送复合数据	ok
def_connector_hardpoint_b_round_node_2_desc	机械与传动	连接器	node_desc	Composite data to send to the connected connector.	发送复合数据到已连接的连接器	ok
def_connector_hardpoint_b_round_node_3_label	机械与传动	连接器	label	Composite Data Receive	接收复合数据	ok
def_connector_hardpoint_b_round_node_3_desc	机械与传动	连接器	node_desc	Composite data to receive from the connected connector.	从已连接的连接器接收复合数据	ok
def_connector_hardpoint_b_round_node_4_label	机械与传动	连接器	label	Video Data Send	发送视频数据	ok
def_connector_hardpoint_b_round_node_4_desc	机械与传动	连接器	node_desc	Video data to send to the connected connector.	将视频数据发送到所连接的连接器上	ok
def_connector_hardpoint_b_round_node_5_label	机械与传动	连接器	label	Video Data Receive	接收视频数据	ok
def_connector_hardpoint_b_round_node_5_desc	机械与传动	连接器	node_desc	Video data to receive from the connected connector.	从所连接的连接器上接收视频数据	ok
def_connector_hardpoint_b_round_node_6_label	机械与传动	连接器	label	Electric	电	ok
def_connector_hardpoint_b_round_node_6_desc	机械与传动	连接器	node_desc	Electrical power connection.	电源连接	ok
def_connector_hinge_name	机械与传动	连接器	name	Hinge Connector	连接头(铰接)	ok
def_connector_hinge_desc	机械与传动	连接器	desc	Two connectors will attach when they are within close proximity and both are switched on. They will connect along their long edge and hinge along this axis. An on/off output allows you to check whether or not this connector is currently attached to anything.	当两个连接头接近并且都打开时，它们将连接在一起。它们将沿着长边连接，并沿着这条轴转动。开/关输出允许您检查此连接头当前是否连接收到任何对象	ok
def_connector_hinge_s_desc	机械与传动	连接器	s_desc	A small magnetic connector that can be used to attach two or more vehicles together.	小型磁性连接头，可用于将两辆或多辆载具连接在一起	ok
def_connector_hinge_node_0_label	机械与传动	连接器	label	Magnet Toggle	磁铁开关	ok
def_connector_hinge_node_0_desc	机械与传动	连接器	node_desc	Enables the connector's magnet when receiving an on signal.	在接收到接通信号时启用连接头的磁铁	ok
def_connector_hinge_node_1_label	机械与传动	连接器	label	Connected	已连接	ok
def_connector_hinge_node_1_desc	机械与传动	连接器	node_desc	Outputs an on signal if the connector is attached to another connector.	如果连接头连接收到另一个连接头，则输出接通信号	ok
def_connector_hinge_node_2_label	机械与传动	连接器	label	Electric	电	ok
def_connector_hinge_node_2_desc	机械与传动	连接器	node_desc	Electrical power connection.	电源连接	ok
def_connector_hinge_node_3_label	机械与传动	连接器	label	Composite Data Send	发送复合数据	ok
def_connector_hinge_node_3_desc	机械与传动	连接器	node_desc	Composite data to send to the connected connector.	发送复合数据到已连接的连接器	ok
def_connector_hinge_node_4_label	机械与传动	连接器	label	Composite Data Receive	接收复合数据	ok
def_connector_hinge_node_4_desc	机械与传动	连接器	node_desc	Composite data to receive from the connected connector.	从已连接的连接器接收复合数据	ok
def_connector_hinge_node_5_label	机械与传动	连接器	label	Video Data Send	发送视频数据	ok
def_connector_hinge_node_5_desc	机械与传动	连接器	node_desc	Video data to send to the connected connector.	将视频数据发送到所连接的连接器上	ok
def_connector_hinge_node_6_label	机械与传动	连接器	label	Video Data Receive	接收视频数据	ok
def_connector_hinge_node_6_desc	机械与传动	连接器	node_desc	Video data to receive from the connected connector.	从所连接的连接器上接收视频数据	ok
def_connector_large_name	机械与传动	连接器	name	Large Connector	连接头(大)	ok
def_connector_large_desc	机械与传动	连接器	desc	Two large connectors will attach when they are within close proximity and both are switched on. The additional inputs and outputs allow you to send and receive power and signals between two connected magnets, giving you a limited amount of control over a linked vehicle. An additional on/off output allows you to check whether or not this connector is currently attached to anything.	当两个大的连接头靠近并且都打开时，它们会连接起来。附加的输入和输出允许您在两个连接的磁铁之间发送和接收功率和信号，从而限制您对连接载具的控制。附加的开/关输出允许您检查此连接头当前是否连接收到任何对象	ok
def_connector_large_s_desc	机械与传动	连接器	s_desc	A magnetic connector that can be used to attach two or more vehicles together.	磁性连接头，可用于将两辆或多辆载具连接在一起	ok
def_connector_large_node_0_label	机械与传动	连接器	label	Magnet Toggle	磁铁开关	ok
def_connector_large_node_0_desc	机械与传动	连接器	node_desc	Enables the connector's magnet when receiving an on signal.	在接收到接通信号时启用连接头的磁铁	ok
def_connector_large_node_1_label	机械与传动	连接器	label	On/Off Sent	开/关发送	ok
def_connector_large_node_1_desc	机械与传动	连接器	node_desc	An on/off signal to send to a connected magnet.	发送到连接的磁铁的开/关信号	ok
def_connector_large_node_2_label	机械与传动	连接器	label	Number Received	收到的数字	ok
def_connector_large_node_2_desc	机械与传动	连接器	node_desc	The number value received from a connected magnet.	从连接的磁铁接收到的数值	ok
def_connector_large_node_3_label	机械与传动	连接器	label	Number Sent	发送的数字	ok
def_connector_large_node_3_desc	机械与传动	连接器	node_desc	A number signal to send to a connected magnet.	发送给连接的磁铁的数字信号	ok
def_connector_large_node_4_label	机械与传动	连接器	label	Connected	已连接	ok
def_connector_large_node_4_desc	机械与传动	连接器	node_desc	Outputs an on signal if the connector is attached to another connector.	如果连接头连接收到另一个连接头，则输出接通信号	ok
def_connector_large_node_5_label	机械与传动	连接器	label	On/Off Received	收到开/关	ok
def_connector_large_node_5_desc	机械与传动	连接器	node_desc	The on/off signal received from a connected magnet.	从连接的磁铁接收到的开/关信号	ok
def_connector_large_node_6_label	机械与传动	连接器	label	RPS	RPS	ok
def_connector_large_node_6_desc	机械与传动	连接器	node_desc	Power connection for transfering mechanical energy to another connector.	用于将机械能传输到另一个连接头的电源连接	ok
def_connector_large_node_7_label	机械与传动	连接器	label	Electric	电	ok
def_connector_large_node_7_desc	机械与传动	连接器	node_desc	Electrical power connection.	电源连接	ok
def_connector_large_node_8_label	机械与传动	连接器	label	Fluid	流体	ok
def_connector_large_node_8_desc	机械与传动	连接器	node_desc	Fluid connection for transfering fluid to another connector.	用于将流体传输到另一个接头的流体连接	ok
def_connector_large_node_9_label	机械与传动	连接器	label	Composite Data Send	发送复合数据	ok
def_connector_large_node_9_desc	机械与传动	连接器	node_desc	Composite data to send to the connected connector.	发送复合数据到已连接的连接器	ok
def_connector_large_node_10_label	机械与传动	连接器	label	Composite Data Receive	接收复合数据	ok
def_connector_large_node_10_desc	机械与传动	连接器	node_desc	Composite data to receive from the connected connector.	从已连接的连接器接收复合数据	ok
def_connector_large_node_11_label	机械与传动	连接器	label	Video Data Send	发送视频数据	ok
def_connector_large_node_11_desc	机械与传动	连接器	node_desc	Video data to send to the connected connector.	将视频数据发送到所连接的连接器上	ok
def_connector_large_node_12_label	机械与传动	连接器	label	Video Data Receive	接收视频数据	ok
def_connector_large_node_12_desc	机械与传动	连接器	node_desc	Video data to receive from the connected connector.	从所连接的连接器上接收视频数据	ok
def_connector_slider_gripper_name	机械与传动	连接器	name	Sliding Connector Gripper	滑动连接头夹持器	ok
def_connector_slider_gripper_desc	机械与传动	连接器	desc	The gripper will attach to a track when they are aligned and close enough, and will detach when it slides off the end or receives an on signal to the connector release input. The brake can be enabled to prevent the gripper from sliding along the track.	当夹持器与轨道对齐并足够接近时，夹持器将附着在轨道上；当夹持器滑离轨道末端或接收到连接头释放输入的打开信号时，夹持器将分离。可启用制动器，以防止夹持器沿轨道滑动。最初启动制动器时会消耗少量电力	ok
def_connector_slider_gripper_s_desc	机械与传动	连接器	s_desc	A connector that will attach to and slide along a connector track.	将连接收到连接头轨道并沿其滑动的连接头	ok
def_connector_slider_gripper_node_0_label	机械与传动	连接器	label	Release Connector	连接头释放	ok
def_connector_slider_gripper_node_0_desc	机械与传动	连接器	node_desc	Releases the connector when receiving an on signal.	收到接通信号时松开连接头	ok
def_connector_slider_gripper_node_1_label	机械与传动	连接器	label	Brake	制动器	ok
def_connector_slider_gripper_node_1_desc	机械与传动	连接器	node_desc	Enables the gripper's brake to keep it in place on the track.	使夹持器的制动器在轨道上保持原位	ok
def_connector_slider_track_name	机械与传动	连接器	name	Sliding Connector Track	滑动连接头轨道	ok
def_connector_slider_track_desc	机械与传动	连接器	desc	Gripper connectors will attach to the track when aligned and close enough, and will detach when they slide off the end.	夹持器连接头将在对齐和足够接近时连接收到轨道，并在滑离末端时分离	ok
def_connector_slider_track_s_desc	机械与传动	连接器	s_desc	A connector that can be used to build a track for grippers to attach to.	可以用来为夹持器建立一个连接轨道	ok
def_connector_small_name	机械与传动	连接器	name	Small Connector	连接头(小)	ok
def_connector_small_desc	机械与传动	连接器	desc	Two small connectors will attach when they are within close proximity and both are switched on. An on/off output allows you to check whether or not this connector is currently attached to anything.	当两个小连接头靠近并且都打开时，它们将连接在一起。开/关输出允许您检查此连接头当前是否连接收到任何对象	ok
def_connector_small_s_desc	机械与传动	连接器	s_desc	A small magnetic connector that can be used to attach two or more vehicles together.	小型磁性连接头，可用于将两辆或多辆载具连接在一起	ok
def_connector_small_node_0_label	机械与传动	连接器	label	Magnet Toggle	磁铁开关	ok
def_connector_small_node_0_desc	机械与传动	连接器	node_desc	Enables the connector's magnet when receiving an on signal.	在接收到接通信号时启用连接头的磁铁	ok
def_connector_small_node_1_label	机械与传动	连接器	label	Connected	已连接	ok
def_connector_small_node_1_desc	机械与传动	连接器	node_desc	Outputs an on signal if the connector is attached to another connector.	如果连接头连接收到另一个连接头，则输出接通信号	ok
def_connector_small_node_2_label	机械与传动	连接器	label	Electric	电	ok
def_connector_small_node_2_desc	机械与传动	连接器	node_desc	Electrical power connection.	电源连接	ok
def_connector_small_node_3_label	机械与传动	连接器	label	Composite Data Send	发送复合数据	ok
def_connector_small_node_3_desc	机械与传动	连接器	node_desc	Composite data to send to the connected connector.	发送复合数据到已连接的连接器	ok
def_connector_small_node_4_label	机械与传动	连接器	label	Composite Data Receive	接收复合数据	ok
def_connector_small_node_4_desc	机械与传动	连接器	node_desc	Composite data to receive from the connected connector.	从已连接的连接器接收复合数据	ok
def_connector_small_node_5_label	机械与传动	连接器	label	Video Data Send	发送视频数据	ok
def_connector_small_node_5_desc	机械与传动	连接器	node_desc	Video data to send to the connected connector.	将视频数据发送到所连接的连接器上	ok
def_connector_small_node_6_label	机械与传动	连接器	label	Video Data Receive	接收视频数据	ok
def_connector_small_node_6_desc	机械与传动	连接器	node_desc	Video data to receive from the connected connector.	从所连接的连接器上接收视频数据	ok
def_connector_torque_name	机械与传动	连接器	name	Torque Connector	动力连接器	ok
def_connector_torque_desc	机械与传动	连接器	desc	Two torque connectors will attach when they are within close proximity. When connected, mechanical energy will be transferred between the connectors.	当2个动力连接器靠近时,它们会连接到一起.连接后,可以传递动力	ok
def_connector_torque_s_desc	机械与传动	连接器	s_desc	A small torque connector that can be used to transfer mechanical energy between vehicles.	连接2个动力网络的连接器	ok
def_connector_torque_node_0_label	机械与传动	连接器	label	Release Connector	断开连接器	ok
def_connector_torque_node_0_desc	机械与传动	连接器	node_desc	Release the connector when receiving an on signal.	收到on信号时断开连接器	ok
def_connector_torque_node_1_label	机械与传动	连接器	label	Connected	已连接	ok
def_connector_torque_node_1_desc	机械与传动	连接器	node_desc	Outputs an on signal if the connector is attached to another connector.	输出一个开关信号表示该连接器是否已连接	ok
def_connector_torque_node_2_label	机械与传动	连接器	label	RPS	RPS	ok
def_connector_torque_node_2_desc	机械与传动	连接器	node_desc	Power connection for transfering mechanical energy.	传输电力的连接	ok
def_connector_torque_node_3_label	机械与传动	连接器	label	Composite Data Send	复合信号发送	ok
def_connector_torque_node_3_desc	机械与传动	连接器	node_desc	Composite data to send to the connected connector.	通过连接器发送的复合信号	ok
def_connector_torque_node_4_label	机械与传动	连接器	label	Composite Data Receive	复合信号接收	ok
def_connector_torque_node_4_desc	机械与传动	连接器	node_desc	Composite data to receive from the connected connector.	通过连接器接收的复合信号	ok
def_connector_torque_node_5_label	机械与传动	连接器	label	Video Data Send	发送视频数据	ok
def_connector_torque_node_5_desc	机械与传动	连接器	node_desc	Video data to send to the connected connector.	通过连接器发送视频信号	ok
def_connector_torque_node_6_label	机械与传动	连接器	label	Video Data Receive	接收视频信号	ok
def_connector_torque_node_6_desc	机械与传动	连接器	node_desc	Video data to receive from the connected connector.	通过连接器接收视频信号	ok
def_connector_water_name	机械与传动	连接器	name	Fluid Connector	连接头(流体)	ok
def_connector_water_desc	机械与传动	连接器	desc	Two fluid connectors will attach when they are within close proximity. When connected, fluid will flow freely between the connectors.	当两个流体接头靠近时，它们将连接在一起。连接时，流体将在接头之间自由流动	ok
def_connector_water_s_desc	机械与传动	连接器	s_desc	A fluid connector that can be used to transfer fluid between vehicles.	流体连接头，可用于在载具之间传输流体	ok
def_connector_water_node_0_label	机械与传动	连接器	label	Release Connector	连接头释放	ok
def_connector_water_node_0_desc	机械与传动	连接器	node_desc	Release the connector when receiving an on signal.	接收到接通信号时，松开连接器	ok
def_connector_water_node_1_label	机械与传动	连接器	label	Connected	已连接	ok
def_connector_water_node_1_desc	机械与传动	连接器	node_desc	Outputs an on signal if the connector is attached to another connector.	如果连接头连接收到另一个连接头，则输出接通信号	ok
def_connector_water_node_2_label	机械与传动	连接器	label	Fluid	流体	ok
def_connector_water_node_2_desc	机械与传动	连接器	node_desc	Fluid connection to link to another fluid connector.	流体连接器	ok
def_connector_water_node_3_label	机械与传动	连接器	label	Composite Data Send	发送复合数据	ok
def_connector_water_node_3_desc	机械与传动	连接器	node_desc	Composite data to send to the connected connector.	发送复合数据到已连接的连接器	ok
def_connector_water_node_4_label	机械与传动	连接器	label	Composite Data Receive	接收复合数据	ok
def_connector_water_node_4_desc	机械与传动	连接器	node_desc	Composite data to receive from the connected connector.	从已连接的连接器接收复合数据	ok
def_connector_water_node_5_label	机械与传动	连接器	label	Video Data Send	发送视频数据	ok
def_connector_water_node_5_desc	机械与传动	连接器	node_desc	Video data to send to the connected connector.	将视频数据发送到所连接的连接器上	ok
def_connector_water_node_6_label	机械与传动	连接器	label	Video Data Receive	接收视频数据	ok
def_connector_water_node_6_desc	机械与传动	连接器	node_desc	Video data to receive from the connected connector.	从所连接的连接器上接收视频数据	ok
def_control_fin_large_name	结构与气动	控制面	name	Control Fin Large	控制鳍(大)	ok
def_control_fin_large_desc	结构与气动	控制面	desc	It takes a number input between -1 and 1 that represent the two extremes of the fin's rotation.	它需要一个介于-1和1之间的数字输入，表示鳍旋转的两个极值	ok
def_control_fin_large_s_desc	结构与气动	控制面	s_desc	The fin can be attached to the surface of a vehicle to direct its motion.	鳍可以附着在载具的表面以引导其运动	ok
def_control_fin_large_node_0_label	结构与气动	控制面	label	Rotation	旋转	ok
def_control_fin_large_node_0_desc	结构与气动	控制面	node_desc	Accepts a value between -1 and 1 that represent the two extremes of the fin's rotation.	接受介于-1和1之间的值，该值表示鳍旋转的两个极值	ok
def_control_fin_large_node_1_label	结构与气动	控制面	label	Electric	电	ok
def_control_fin_large_node_1_desc	结构与气动	控制面	node_desc	Electrical power connection.	电源连接	ok
def_control_fin_medium_name	结构与气动	控制面	name	Control Fin Medium	控制鳍(中)	ok
def_control_fin_medium_desc	结构与气动	控制面	desc	It takes a number input between -1 and 1 that represent the two extremes of the fin's rotation.	它需要一个介于-1和1之间的数字输入，表示鳍旋转的两个极值	ok
def_control_fin_medium_s_desc	结构与气动	控制面	s_desc	The fin can be attached to the surface of a vehicle to direct its motion.	鳍可以附着在载具的表面以引导其运动	ok
def_control_fin_medium_node_0_label	结构与气动	控制面	label	Rotation	旋转	ok
def_control_fin_medium_node_0_desc	结构与气动	控制面	node_desc	Accepts a value between -1 and 1 that represent the two extremes of the fin's rotation.	接受介于-1和1之间的值，该值表示鳍旋转的两个极值	ok
def_control_fin_medium_node_1_label	结构与气动	控制面	label	Electric	电	ok
def_control_fin_medium_node_1_desc	结构与气动	控制面	node_desc	Electrical power connection.	电源连接	ok
def_control_fin_small_name	结构与气动	控制面	name	Control Fin Small	控制鳍(小)	ok
def_control_fin_small_desc	结构与气动	控制面	desc	It takes a number input between -1 and 1 that represent the two extremes of the fin's rotation.	它需要一个介于-1和1之间的数字输入，表示鳍旋转的两个极值	ok
def_control_fin_small_s_desc	结构与气动	控制面	s_desc	The fin can be attached to the surface of a vehicle to direct its motion.	鳍可以附着在载具的表面以引导其运动	ok
def_control_fin_small_node_0_label	结构与气动	控制面	label	Rotation	旋转	ok
def_control_fin_small_node_0_desc	结构与气动	控制面	node_desc	Accepts a value between -1 and 1 that represent the two extremes of the fin's rotation.	接受介于-1和1之间的值，该值表示鳍旋转的两个极值	ok
def_control_fin_small_node_1_label	结构与气动	控制面	label	Electric	电	ok
def_control_fin_small_node_1_desc	结构与气动	控制面	node_desc	Electrical power connection.	电源连接	ok
def_control_surface_large_name	结构与气动	控制面	name	Control Surface (Large)	控制面(大)	ok
def_control_surface_large_desc	结构与气动	控制面	desc	It takes a number input between -1 and 1 that represent the two extremes of the fin's rotation.	它需要一个介于-1和1之间的数字输入，表示鳍旋转的两个极值	ok
def_control_surface_large_s_desc	结构与气动	控制面	s_desc	The control surface can be attached to a surface of the vehicle to apply force as air or water is flowing over it.	当气体或水流过控制面时，控制面可以附着在载具表面以施加力	ok
def_control_surface_large_node_0_label	结构与气动	控制面	label	Rotation	旋转	ok
def_control_surface_large_node_0_desc	结构与气动	控制面	node_desc	Accepts a value between -1 and 1 that represent the two extremes of the rudder's rotation.	接受介于-1和1之间的值，该值表示方向舵旋转的两个极值	ok
def_control_surface_large_node_1_label	结构与气动	控制面	label	Electric	电	ok
def_control_surface_large_node_1_desc	结构与气动	控制面	node_desc	Electrical power connection.	电源连接	ok
def_control_surface_medium_name	结构与气动	控制面	name	Control Surface (Medium)	控制面(中)	ok
def_control_surface_medium_desc	结构与气动	控制面	desc	It takes a number input between -1 and 1 that represent the two extremes of the fin's rotation.	它需要一个介于-1和1之间的数字输入，表示鳍旋转的两个极值	ok
def_control_surface_medium_s_desc	结构与气动	控制面	s_desc	The control surface can be attached to a surface of the vehicle to apply force as air or water is flowing over it.	当气体或水流过控制面时，控制面可以附着在载具表面以施加力	ok
def_control_surface_medium_node_0_label	结构与气动	控制面	label	Rotation	旋转	ok
def_control_surface_medium_node_0_desc	结构与气动	控制面	node_desc	Accepts a value between -1 and 1 that represent the two extremes of the rudder's rotation.	接受介于-1和1之间的值，该值表示方向舵旋转的两个极值	ok
def_control_surface_medium_node_1_label	结构与气动	控制面	label	Electric	电	ok
def_control_surface_medium_node_1_desc	结构与气动	控制面	node_desc	Electrical power connection.	电源连接	ok
def_control_surface_small_name	结构与气动	控制面	name	Control Surface (Small)	控制面(小)	ok
def_control_surface_small_desc	结构与气动	控制面	desc	It takes a number input between -1 and 1 that represent the two extremes of the fin's rotation.	它需要一个介于-1和1之间的数字输入，表示鳍旋转的两个极值	ok
def_control_surface_small_s_desc	结构与气动	控制面	s_desc	The control surface can be attached to a surface of the vehicle to apply force as air or water is flowing over it.	当气体或水流过控制面时，控制面可以附着在载具表面以施加力	ok
def_control_surface_small_node_0_label	结构与气动	控制面	label	Rotation	旋转	ok
def_control_surface_small_node_0_desc	结构与气动	控制面	node_desc	Accepts a value between -1 and 1 that represent the two extremes of the rudder's rotation.	接受介于-1和1之间的值，该值表示方向舵旋转的两个极值	ok
def_control_surface_small_node_1_label	结构与气动	控制面	label	Electric	电	ok
def_control_surface_small_node_1_desc	结构与气动	控制面	node_desc	Electrical power connection.	电源连接	ok
def_cryo_cooler_name	流体系统	低温制冷	name	Cryo Cooler	制冷器	ok
def_cryo_cooler_desc	流体系统	低温制冷	desc	A component that cools liquid A and transfers the heat to liquid B.	冷却流体A并将热量传递给流体B的部件(AB至少有一端为液体)	ok
def_cryo_cooler_s_desc	流体系统	低温制冷	s_desc	A powered component that creates a temperature difference between two liquid systems.	在两个液体系统之间产生温差的组件	ok
def_cryo_cooler_node_0_label	流体系统	低温制冷	label	Liquid A In	液体A入口	ok
def_cryo_cooler_node_0_desc	流体系统	低温制冷	node_desc	Input liquid port for liquid that gets cooled.	液体的输出端口,输入需被致冷的液体	ok
def_cryo_cooler_node_1_label	流体系统	低温制冷	label	Liquid A Out	液体A出口	ok
def_cryo_cooler_node_1_desc	流体系统	低温制冷	node_desc	Output liquid port for liquid that gets cooled.	液体的输出端口,输出冷却后的液体	ok
def_cryo_cooler_node_2_label	流体系统	低温制冷	label	Liquid B In	液体B入口	ok
def_cryo_cooler_node_2_desc	流体系统	低温制冷	node_desc	Input liquid port for liquid that gets warmed.	液体的输出端口,输入需被加热的液体	ok
def_cryo_cooler_node_3_label	流体系统	低温制冷	label	Liquid B Out	液体B入口	ok
def_cryo_cooler_node_3_desc	流体系统	低温制冷	node_desc	Output liquid port for liquid that gets warmed.	液体的输出端口,输出加热后的液体	ok
def_cryo_cooler_node_4_label	流体系统	低温制冷	label	Temp A	温度A	ok
def_cryo_cooler_node_4_desc	流体系统	低温制冷	node_desc	Compartment temperature.	温度A	ok
def_cryo_cooler_node_5_label	流体系统	低温制冷	label	Temp B	温度B	ok
def_cryo_cooler_node_5_desc	流体系统	低温制冷	node_desc	Compartment temperature.	温度B	ok
def_cryo_cooler_node_6_label	流体系统	低温制冷	label	Electric	电	ok
def_cryo_cooler_node_6_desc	流体系统	低温制冷	node_desc	Electrical power connection.	电源连接	ok
def_cryo_cooler_node_7_label	流体系统	低温制冷	label	On/Off	开/关	ok
def_cryo_cooler_node_7_desc	流体系统	低温制冷	node_desc	Controls whether or not the component transfers heat between liquids.	控制组件是否在液体之间传递热量	ok
def_data_logger_bool_name	逻辑与电路	数据	name	Data Logger (Bool)	数据记录器(布尔)	ok
def_data_logger_bool_desc	逻辑与电路	数据	desc	Link to the bool output node of another component to record data for unit tests.	连接到另一个组件的布尔型的输出端,为单元测试进行数据记录	ok
def_data_logger_bool_s_desc	逻辑与电路	数据	s_desc	A bool data logging block for unit tests.	布尔型的单元测试数据记录器	ok
def_data_logger_bool_node_0_label	逻辑与电路	数据	label	Bool In	布尔输入	ok
def_data_logger_bool_node_0_desc	逻辑与电路	数据	node_desc			ok
def_data_logger_number_name	逻辑与电路	数据	name	Data Logger (Number)	数据记录器(数值)	ok
def_data_logger_number_desc	逻辑与电路	数据	desc	Link to the number output node of another component to record data for unit tests.	连接到另一个组件的数值型的输出端,为单元测试进行数据记录	ok
def_data_logger_number_s_desc	逻辑与电路	数据	s_desc	A number data logging block for unit tests.	数值型的单元测试数据记录器	ok
def_data_logger_number_node_0_label	逻辑与电路	数据	label	Number In	数值输入	ok
def_data_logger_number_node_0_desc	逻辑与电路	数据	node_desc			ok
def_desalinator_name	工业加工	海水淡化	name	Desalinator	海水淡化器	ok
def_desalinator_desc	工业加工	海水淡化	desc	A pipe with a fine desalination filter that slowly converts seawater to freshwater and allows free flow of freshwater.	带有精细脱盐过滤器的管道，可将海水缓慢转化为淡水并允许淡水自由流动	ok
def_desalinator_s_desc	工业加工	海水淡化	s_desc	A pipe that slowly converts seawater to freshwater.	将海水缓慢转化为淡水的管道	ok
def_desalinator_node_0_label	工业加工	海水淡化	label	Fluid In	海水入口	ok
def_desalinator_node_0_desc	工业加工	海水淡化	node_desc	Seawater connection.	海水连接	ok
def_desalinator_node_1_label	工业加工	海水淡化	label	Fluid Out	净水出口	ok
def_desalinator_node_1_desc	工业加工	海水淡化	node_desc	Freshwater connection.	净水连接	ok
def_dial_name	显示与控制	拨盘	name	Dial	刻度表	ok
def_dial_desc	显示与控制	拨盘	desc	The dial's face represents values ranging from -1 to 1 by default. This can be configured by selecting it with the select tool. Values outside this range will cause the needle to wrap around, but can be scaled to fit using additional logic components if necessary. An on/off signal can be used to toggle the backlight.	默认情况下，刻度盘的面表示从-1到1的值。这可以通过使用选择工具选择来配置。超出此范围的值将导致指针环绕，但如果需要，可以使用其他逻辑组件缩放以适应。开/关信号可用于切换背光	ok
def_dial_s_desc	显示与控制	拨盘	s_desc	A dial with a rotating needle for displaying numerical values.	显示数值的带有旋转针的刻度盘	ok
def_dial_node_0_label	显示与控制	拨盘	label	Value to Display	要显示的值	ok
def_dial_node_0_desc	显示与控制	拨盘	node_desc	The numerical value to display, ideally scaled to be within a -1 to 1 range.	要显示的数值，理想的缩放范围是-1到1	ok
def_dial_node_1_label	显示与控制	拨盘	label	Backlight	背光	ok
def_dial_node_1_desc	显示与控制	拨盘	node_desc	Enables the backlight when receiving an on signal.	接收到打开信号时启用背光	ok
def_dial_node_2_label	显示与控制	拨盘	label	Electric	电	ok
def_dial_node_2_desc	显示与控制	拨盘	node_desc	Electrical power connection.	电源连接	ok
def_digital_display_name	显示与控制	数码	name	Digital Display	数字显示器	ok
def_digital_display_desc	显示与控制	数码	desc	The position of the decimal point can be configured by selecting this component with the select tool, allowing you to control the number of decimal places in the output.	小数点的位置可以通过使用选择工具选择此组件来配置，允许您控制输出中的小数位数	ok
def_digital_display_s_desc	显示与控制	数码	s_desc	Displays a 5 digit (6 with decimal point disabled) signed numerical value with optional decimal point.	显示一个5位(6位，禁用小数点)有符号数值，带可选小数点	ok
def_digital_display_node_0_label	显示与控制	数码	label	Value to Display	要显示的值	ok
def_digital_display_node_0_desc	显示与控制	数码	node_desc	The numerical value to display.	要显示的数值	ok
def_digital_display_node_1_label	显示与控制	数码	label	Backlight	背光	ok
def_digital_display_node_1_desc	显示与控制	数码	node_desc	Enables the backlight when receiving an on signal.	接收到打开信号时启用背光	ok
def_digital_display_node_2_label	显示与控制	数码	label	Electric	电	ok
def_digital_display_node_2_desc	显示与控制	数码	node_desc	Electrical power connection.	电源连接	ok
def_distance_sensor_name	传感器与探测	测距	name	Distance Sensor	距离传感器	ok
def_distance_sensor_desc	传感器与探测	测距	desc	The reading can be read from the sensor's number output and is measured in metres (1 metre = 4 blocks).	以米为单位输出测量的距离(1米=4方块),最大量程500米	ok
def_distance_sensor_s_desc	传感器与探测	测距	s_desc	A laser distance sensor with a maximum measurement range of 500m.	最大量程为500米的测距仪	ok
def_distance_sensor_node_0_label	传感器与探测	测距	label	Distance	距离	ok
def_distance_sensor_node_0_desc	传感器与探测	测距	node_desc	The measured distance in metres.	以米为单位测量的距离	ok
def_distance_sensor_node_1_label	传感器与探测	测距	label	Electric	电	ok
def_distance_sensor_node_1_desc	传感器与探测	测距	node_desc	Electrical power connection.	电源连接	ok
def_distillation_tray_name	工业加工	蒸馏	name	Fractional Distillation Port	分馏出口	ok
def_distillation_tray_desc	工业加工	蒸馏	desc	Place the port inside of an enclosed volume to connect to that volume. Outputs different fluids based on height relative to the bottom of the compartment.	将该设备放置在密闭的空间中进行分馏.根据该设备到密闭空间底部的距离不同,可分馏出不同的产物	ok
def_distillation_tray_s_desc	工业加工	蒸馏	s_desc	Port used to collect output in a distillation column.	分馏产物收集设备	ok
def_distillation_tray_node_0_label	工业加工	蒸馏	label	Fluid	流体	ok
def_distillation_tray_node_0_desc	工业加工	蒸馏	node_desc	Collects distilled fluids from an enclosed volume.	收集分馏产物的流体出口	ok
def_door_name	结构建材	门	name	Sliding Door (Electric)	滑动门(电动)	ok
def_door_desc	结构建材	门	desc			ok
def_door_s_desc	结构建材	门	s_desc	Sliding door that can be opened and closed using an on/off signal.	可使用开/关信号打开和关闭的滑动门	ok
def_door_node_0_label	结构建材	门	label	Open/Close	开门/关门	ok
def_door_node_0_desc	结构建材	门	node_desc	Opens the door when receiving an on signal, and closes it when receiving an off signal.	接收到打开信号时打开载具门，接收到关闭信号时关闭载具门	ok
def_door_node_1_label	结构建材	门	label	Electric	电	ok
def_door_node_1_desc	结构建材	门	node_desc	Electrical power connection.	电源连接	ok
def_door_dock_large_name	结构建材	门	name	Hinged Dock Door	对接门(大)	ok
def_door_dock_large_desc	结构建材	门	desc		对接后启用磁铁可以连接另一台载具的同型号舱门	ok
def_door_dock_large_s_desc	结构建材	门	s_desc	Hinged door that can be opened and closed using an on/off signal.	可使用开/关信号打开和关闭的大型舱门	ok
def_door_dock_large_node_0_label	结构建材	门	label	Open/Close	开门/关门	ok
def_door_dock_large_node_0_desc	结构建材	门	node_desc	Opens the door when receiving an on signal, and closes it when receiving an off signal.	接收到打开信号时打开载具门，接收到关闭信号时关闭载具门	ok
def_door_dock_large_node_1_label	结构建材	门	label	Magnet Toggle	磁铁开关	ok
def_door_dock_large_node_1_desc	结构建材	门	node_desc	Enables the door's magnet when receiving an on signal.	接收到打开信号时启用门的磁铁	ok
def_door_dock_large_node_2_label	结构建材	门	label	Connected	已连接	ok
def_door_dock_large_node_2_desc	结构建材	门	node_desc	Outputs an on signal if the door is attached to another door.	如果门连接收到另一个门，则输出打开信号	ok
def_door_dock_large_node_3_label	结构建材	门	label	On/Off Sent	开/关发送	ok
def_door_dock_large_node_3_desc	结构建材	门	node_desc	An on/off signal to send to a connected door.	发送到连接门的开/关信号	ok
def_door_dock_large_node_4_label	结构建材	门	label	On/Off Received	收到开/关	ok
def_door_dock_large_node_4_desc	结构建材	门	node_desc	The on/off signal received from a connected door.	从连接的门接收到的开/关信号	ok
def_door_dock_large_node_5_label	结构建材	门	label	Number Sent	发送的数字	ok
def_door_dock_large_node_5_desc	结构建材	门	node_desc	A number signal to send to a connected door.	发送到连接门的数字信号	ok
def_door_dock_large_node_6_label	结构建材	门	label	Number Received	收到的数字	ok
def_door_dock_large_node_6_desc	结构建材	门	node_desc	The number value received from a connected door.	从连接的门接收的数值	ok
def_door_dock_large_node_7_label	结构建材	门	label	Electric	电	ok
def_door_dock_large_node_7_desc	结构建材	门	node_desc	Electrical power connection.	电源连接	ok
def_door_dock_large_node_8_label	结构建材	门	label	Composite output	综合输出	ok
def_door_dock_large_node_8_desc	结构建材	门	node_desc	Composite data output.	复合数据输出	ok
def_door_dock_large_node_9_label	结构建材	门	label	Composite input	复合输入	ok
def_door_dock_large_node_9_desc	结构建材	门	node_desc	Composite data input.	复合数据输入	ok
def_door_dock_small_name	结构建材	门	name	Hinged Dock Hatch	对接门(小)	ok
def_door_dock_small_desc	结构建材	门	desc		对接后启用磁铁可以连接另一台载具的同型号舱门	ok
def_door_dock_small_s_desc	结构建材	门	s_desc	Hinged door that can be opened and closed using an on/off signal.	可使用开/关信号打开和关闭的小型舱门	ok
def_door_dock_small_node_0_label	结构建材	门	label	Open/Close	开门/关门	ok
def_door_dock_small_node_0_desc	结构建材	门	node_desc	Opens the door when receiving an on signal, and closes it when receiving an off signal.	接收到打开信号时打开载具门，接收到关闭信号时关闭载具门	ok
def_door_dock_small_node_1_label	结构建材	门	label	Magnet Toggle	磁铁开关	ok
def_door_dock_small_node_1_desc	结构建材	门	node_desc	Enables the door's magnet when receiving an on signal.	接收到打开信号时启用门的磁铁	ok
def_door_dock_small_node_2_label	结构建材	门	label	Connected	已连接	ok
def_door_dock_small_node_2_desc	结构建材	门	node_desc	Outputs an on signal if the door is attached to another door.	如果门连接收到另一个门，则输出打开信号	ok
def_door_dock_small_node_3_label	结构建材	门	label	On/Off Sent	开/关发送	ok
def_door_dock_small_node_3_desc	结构建材	门	node_desc	An on/off signal to send to a connected door.	发送到连接门的开/关信号	ok
def_door_dock_small_node_4_label	结构建材	门	label	On/Off Received	收到开/关	ok
def_door_dock_small_node_4_desc	结构建材	门	node_desc	The on/off signal received from a connected door.	从连接的门接收到的开/关信号	ok
def_door_dock_small_node_5_label	结构建材	门	label	Number Sent	发送的数字	ok
def_door_dock_small_node_5_desc	结构建材	门	node_desc	A number signal to send to a connected door.	发送到连接门的数字信号	ok
def_door_dock_small_node_6_label	结构建材	门	label	Number Received	收到的数字	ok
def_door_dock_small_node_6_desc	结构建材	门	node_desc	The number value received from a connected door.	从连接的门接收的数值	ok
def_door_dock_small_node_7_label	结构建材	门	label	Electric	电	ok
def_door_dock_small_node_7_desc	结构建材	门	node_desc	Electrical power connection.	电源连接	ok
def_door_dock_small_node_8_label	结构建材	门	label	Composite output	综合输出	ok
def_door_dock_small_node_8_desc	结构建材	门	node_desc	Composite data output.	复合数据输出	ok
def_door_dock_small_node_9_label	结构建材	门	label	Composite input	复合输入	ok
def_door_dock_small_node_9_desc	结构建材	门	node_desc	Composite data input.	复合数据输入	ok
def_door_frame_controller_name	结构建材	门	name	Door Frame Controller	自定义门-门框控制器	ok
def_door_frame_controller_desc	结构建材	门	desc	Placing the controller as part of a door frame will let you lock the door when closed, and check whether the door is closed enough to be forming a seal. Only one controller should be placed per frame.	将控制器作为门框的一部分放置可以让您在关闭时锁定门，并检查门是否关闭到足以形成密封。每个门框只能放置一个控制器	ok
def_door_frame_controller_s_desc	结构建材	门	s_desc	Controller unit for sealing door frames.	用于密封门框的控制器单元	ok
def_door_frame_controller_node_0_label	结构建材	门	label	Lock Seal	密封锁	ok
def_door_frame_controller_node_0_desc	结构建材	门	node_desc	Controls if the door panel will lock in place when sealed.	控制密封时门板是否锁定到位	ok
def_door_frame_controller_node_1_label	结构建材	门	label	Seal State	密封状态	ok
def_door_frame_controller_node_1_desc	结构建材	门	node_desc	Indicates if the door panel is closed and forming a seal.	指示门板是否关闭并形成密封	ok
def_door_frame_corner_name	结构建材	门	name	Door Frame Corner	自定义门-门框转角	ok
def_door_frame_corner_desc	结构建材	门	desc	To create a valid frame, there must be a continuous loop of frame parts in a consistent orientation with no other parts inside the frame.	要创建有效的框架，必须有一个连续的框架部件循环，其方向一致，框架内没有其他部件	ok
def_door_frame_corner_s_desc	结构建材	门	s_desc	A corner piece for building openings to sealed fluid compartments.	用于在密封的流体室中建立开口	ok
def_door_frame_straight_name	结构建材	门	name	Door Frame Edge	自定义门-门框边缘	ok
def_door_frame_straight_desc	结构建材	门	desc	To create a valid frame, there must be a continuous loop of frame parts in a consistent orientation with no other parts inside the frame.	要创建有效的框架，必须有一个连续的框架部件循环，其方向一致，框架内没有其他部件	ok
def_door_frame_straight_s_desc	结构建材	门	s_desc	A straight edge for building openings to sealed fluid compartments.	用于在密封的流体室中建立开口	ok
def_door_manual_name	结构建材	门	name	Sliding Door	滑动门(手动)	ok
def_door_manual_desc	结构建材	门	desc			ok
def_door_manual_s_desc	结构建材	门	s_desc	Sliding door that can be opened and closed by hand and locked using an on/off signal.	滑动门通过手动打开，使用on/off信号锁定	ok
def_door_manual_node_0_label	结构建材	门	label	Lock	锁定	ok
def_door_manual_node_0_desc	结构建材	门	node_desc	Locks the door when receiving an on signal.	当接收到on信号时，锁定门	ok
def_door_manual_large_name	结构建材	门	name	Hinged Door	铰接门	ok
def_door_manual_large_desc	结构建材	门	desc			ok
def_door_manual_large_s_desc	结构建材	门	s_desc	Hinged door that can be opened and closed by hand and locked using an on/off signal.	铰接门通过手动打开，使用on/off信号锁定	ok
def_door_manual_large_node_0_label	结构建材	门	label	Lock	锁定	ok
def_door_manual_large_node_0_desc	结构建材	门	node_desc	Locks the door when receiving an on signal.	当接收到on信号时，锁定门	ok
def_door_manual_sliding_small_name	结构建材	门	name	Sliding Hatch	滑动舱门(手动)	ok
def_door_manual_sliding_small_desc	结构建材	门	desc			ok
def_door_manual_sliding_small_s_desc	结构建材	门	s_desc	Sliding door that can be opened and closed by hand and locked using an on/off signal.	滑动门通过手动打开，使用on/off信号锁定	ok
def_door_manual_sliding_small_node_0_label	结构建材	门	label	Lock	锁定	ok
def_door_manual_sliding_small_node_0_desc	结构建材	门	node_desc	Locks the door when receiving an on signal.	当接收到on信号时，锁定门	ok
def_door_manual_small_name	结构建材	门	name	Hinged Hatch	铰接舱门	ok
def_door_manual_small_desc	结构建材	门	desc			ok
def_door_manual_small_s_desc	结构建材	门	s_desc	Hinged door that can be opened and closed by hand and locked using an on/off signal.	铰接门通过手动打开，使用on/off信号锁定	ok
def_door_manual_small_node_0_label	结构建材	门	label	Lock	锁定	ok
def_door_manual_small_node_0_desc	结构建材	门	node_desc	Locks the door when receiving an on signal.	当接收到on信号时，锁定门	ok
def_door_panel_corner_name	结构建材	门	name	Door Panel Corner	自定义门-门板角	ok
def_door_panel_corner_desc	结构建材	门	desc	A valid door panel can be created with a loop of door panel pieces, filled with blocks flush to the outer face. Door panels must also fill a door frame and be built in their closed position within the frame to be valid.	一个有效的门板,由门板边缘和门板转角组成框架后,由块状填充物来填充,需要保证填充后的门板平整.而且门板的大小应填满整个门框,并且是在门框内的封闭位置建造.满足以上条件才能创建完整密封的门系统	ok
def_door_panel_corner_s_desc	结构建材	门	s_desc	A corner piece for building door panels.	用于建造门板的角件	ok
def_door_panel_straight_name	结构建材	门	name	Door Panel Edge	自定义门-门板边缘	ok
def_door_panel_straight_desc	结构建材	门	desc	A valid door panel can be created with a loop of door panel pieces, filled with blocks flush to the outer face. Door panels must also fill a door frame and be built in their closed position within the frame to be valid.	一个有效的门板,由门板边缘和门板转角组成框架后,由块状填充物来填充,需要保证填充后的门板平整.而且门板的大小应填满整个门框,并且是在门框内的封闭位置建造.满足以上条件才能创建完整密封的门系统	ok
def_door_panel_straight_s_desc	结构建材	门	s_desc	A straight edge piece for building door panels.	用于建筑门板的直边件	ok
def_electric_curcuit_breaker_name	电力与能源	电力	name	Electric Circuit Breaker	断路器	ok
def_electric_curcuit_breaker_desc	电力与能源	电力	desc	When turned on, the circuit breaker closes the circuit, allowing electrical energy to flow between terminals A and B.	打开时，断路器闭合电路，使电能在端子A和B之间流动	ok
def_electric_curcuit_breaker_s_desc	电力与能源	电力	s_desc	A circuit breaker for electrical systems.	电气系统的断路器	ok
def_electric_curcuit_breaker_node_0_label	电力与能源	电力	label	Electric A	电缆A	ok
def_electric_curcuit_breaker_node_0_desc	电力与能源	电力	node_desc	Terminal A electrical connection.	端子A电源线连接	ok
def_electric_curcuit_breaker_node_1_label	电力与能源	电力	label	Electric B	电缆B	ok
def_electric_curcuit_breaker_node_1_desc	电力与能源	电力	node_desc	Terminal B electrical connection.	端子B电源线连接	ok
def_electric_diode_name	电力与能源	电力	name	Electric Charger	充电器	ok
def_electric_diode_desc	电力与能源	电力	desc	The charger transfers electric one-way between its nodes when there is a significant discrepancy in charge. It can be used to recharge batteries.	当两边节点存在明显电位差时，从输入向输出传输电力，可用于电池充电	ok
def_electric_diode_s_desc	电力与能源	电力	s_desc	A one-way charger.	单向充电器	ok
def_electric_diode_node_0_label	电力与能源	电力	label	Electric In	输入	ok
def_electric_diode_node_0_desc	电力与能源	电力	node_desc	Input node for electric.	电力输入节点	ok
def_electric_diode_node_1_label	电力与能源	电力	label	Electric Out	输出	ok
def_electric_diode_node_1_desc	电力与能源	电力	node_desc	Output node for electric.	电力输出节点	ok
def_electric_relay_name	电力与能源	电力	name	Electric Relay	电力继电器	ok
def_electric_relay_desc	电力与能源	电力	desc	When turned on, the relay closes the circuit, allowing electrical energy to flow between terminals A and B.	打开时，继电器闭合电路，使电能在端子A和B之间流动	ok
def_electric_relay_s_desc	电力与能源	电力	s_desc	A relay for electrical systems.	电气系统的继电器	ok
def_electric_relay_node_0_label	电力与能源	电力	label	Electric A	电缆A	ok
def_electric_relay_node_0_desc	电力与能源	电力	node_desc	Terminal A electrical connection.	端子A电源线连接	ok
def_electric_relay_node_1_label	电力与能源	电力	label	Electric B	电缆B	ok
def_electric_relay_node_1_desc	电力与能源	电力	node_desc	Terminal B electrical connection.	端子B电源线连接	ok
def_electric_relay_node_2_label	电力与能源	电力	label	Relay State	开关状态	ok
def_electric_relay_node_2_desc	电力与能源	电力	node_desc	Input to set if the electrical connection is made.	设置是否接通电力连接	ok
def_electrolyser_name	工业加工	电解	name	Hydrogen Electrolyser	水电解槽	ok
def_electrolyser_desc	工业加工	电解	desc	Submerge the electrodes into a volume of water and provide electric to separate freshwater.	通过给淡水池中的电极通电以制取氢氧	ok
def_electrolyser_s_desc	工业加工	电解	s_desc	A machine that separates water into hydrogen and oxygen.	将淡水电解为氢和氧的设备	ok
def_electrolyser_node_0_label	工业加工	电解	label	Oxygen Out	氧气输出	ok
def_electrolyser_node_0_desc	工业加工	电解	node_desc			ok
def_electrolyser_node_1_label	工业加工	电解	label	Hydrogen Out	氢气输出	ok
def_electrolyser_node_1_desc	工业加工	电解	node_desc			ok
def_electrolyser_node_2_label	工业加工	电解	label	Electric	电	ok
def_electrolyser_node_2_desc	工业加工	电解	node_desc			ok
def_electrolyser_node_3_label	工业加工	电解	label	Enable	启用	ok
def_electrolyser_node_3_desc	工业加工	电解	node_desc			ok
def_engine_name	引擎与动力	引擎	name	Small Engine	发动机(小型)	ok
def_engine_desc	引擎与动力	引擎	desc	An on/off signal controls engine startup and throttle signal controls energy output.	开/关信号控制发动机操作，节气门信号控制能量输出	ok
def_engine_s_desc	引擎与动力	引擎	s_desc	Small diesel engine that can be connected to powered components.	小型柴油机，可与动力部件相连	ok
def_engine_node_0_label	引擎与动力	引擎	label	Throttle	节流阀	ok
def_engine_node_0_desc	引擎与动力	引擎	node_desc	Standard value between 0 and 1 that controls the throttle of the engine.	控制发动机前进/后退油门的-1和1之间的标准值	ok
def_engine_node_1_label	引擎与动力	引擎	label	Starter	启动器	ok
def_engine_node_1_desc	引擎与动力	引擎	node_desc	Increases the engine RPS using electrical power to start up the engine.	用电增加发动机转速以启动发动机	ok
def_engine_node_2_label	引擎与动力	引擎	label	RPS	RPS	ok
def_engine_node_2_desc	引擎与动力	引擎	node_desc	The power supplied by the engine for inputting to other components.	发动机为输入其它部件而提供的动力	ok
def_engine_node_3_label	引擎与动力	引擎	label	Fuel	燃料	ok
def_engine_node_3_desc	引擎与动力	引擎	node_desc	The fuel supply for the engine.	发动机的燃料供应	ok
def_engine_node_4_label	引擎与动力	引擎	label	Air	气体	ok
def_engine_node_4_desc	引擎与动力	引擎	node_desc	The air supply for the engine.	发动机的气体供给	ok
def_engine_node_5_label	引擎与动力	引擎	label	In Coolant	冷却液（入）	ok
def_engine_node_5_desc	引擎与动力	引擎	node_desc	The return flow (cold) for the coolant system.	连接冷却系统的输出端(冷)	ok
def_engine_node_6_label	引擎与动力	引擎	label	Out Coolant	冷却液（出）	ok
def_engine_node_6_desc	引擎与动力	引擎	node_desc	The output flow (hot) for the coolant system.	连接冷却系统的输入端(热)	ok
def_engine_node_7_label	引擎与动力	引擎	label	Exhaust	排气管	ok
def_engine_node_7_desc	引擎与动力	引擎	node_desc	Out flow for combusted fumes from the engine.	从发动机排出的燃烧废气	ok
def_engine_node_8_label	引擎与动力	引擎	label	RPS	RPS	ok
def_engine_node_8_desc	引擎与动力	引擎	node_desc	Output value giving data info on engine speed.	输出发动机转速数据	ok
def_engine_node_9_label	引擎与动力	引擎	label	Temperature	温度	ok
def_engine_node_9_desc	引擎与动力	引擎	node_desc	Output value giving data info on engine temperature.	输出值，提供有关发动机温度的数据信息	ok
def_engine_node_10_label	引擎与动力	引擎	label	Electric	电	ok
def_engine_node_10_desc	引擎与动力	引擎	node_desc	Electrical power connection.	电源连接	ok
def_engine_diesel_name	引擎与动力	引擎	name	Large Engine	发动机(大型)	ok
def_engine_diesel_desc	引擎与动力	引擎	desc	An on/off signal controls engine startup and throttle signal controls energy output.	开/关信号控制发动机操作，节气门信号控制能量输出	ok
def_engine_diesel_s_desc	引擎与动力	引擎	s_desc	Large diesel engine that can be connected to powered components.	可连接收到动力部件的大型柴油机	ok
def_engine_diesel_node_0_label	引擎与动力	引擎	label	Throttle	节流阀	ok
def_engine_diesel_node_0_desc	引擎与动力	引擎	node_desc	Standard value between 0 and 1 that controls the throttle of the engine.	控制发动机前进/后退油门的-1和1之间的标准值	ok
def_engine_diesel_node_1_label	引擎与动力	引擎	label	Starter	启动器	ok
def_engine_diesel_node_1_desc	引擎与动力	引擎	node_desc	Increases the engine RPS using electrical power to start up the engine.	用电增加发动机转速以启动发动机	ok
def_engine_diesel_node_2_label	引擎与动力	引擎	label	RPS	RPS	ok
def_engine_diesel_node_2_desc	引擎与动力	引擎	node_desc	The power supplied by the engine for inputting to other components.	发动机为输入其它部件而提供的动力	ok
def_engine_diesel_node_3_label	引擎与动力	引擎	label	Fuel	燃料	ok
def_engine_diesel_node_3_desc	引擎与动力	引擎	node_desc	The fuel supply for the engine.	发动机的燃料供应	ok
def_engine_diesel_node_4_label	引擎与动力	引擎	label	Air	气体	ok
def_engine_diesel_node_4_desc	引擎与动力	引擎	node_desc	The air supply for the engine.	发动机的气体供给	ok
def_engine_diesel_node_5_label	引擎与动力	引擎	label	In Coolant	冷却液（入）	ok
def_engine_diesel_node_5_desc	引擎与动力	引擎	node_desc	The return flow (cold) for the coolant system.	连接冷却系统的输出端(冷)	ok
def_engine_diesel_node_6_label	引擎与动力	引擎	label	Out Coolant	冷却液（出）	ok
def_engine_diesel_node_6_desc	引擎与动力	引擎	node_desc	The output flow (hot) for the coolant system.	连接冷却系统的输入端(热)	ok
def_engine_diesel_node_7_label	引擎与动力	引擎	label	Exhaust	排气管	ok
def_engine_diesel_node_7_desc	引擎与动力	引擎	node_desc	Out flow for combusted fumes from the engine.	从发动机排出的燃烧废气	ok
def_engine_diesel_node_8_label	引擎与动力	引擎	label	Exhaust	排气管	ok
def_engine_diesel_node_8_desc	引擎与动力	引擎	node_desc	Out flow for combusted fumes from the engine.	从发动机排出的燃烧废气	ok
def_engine_diesel_node_9_label	引擎与动力	引擎	label	RPS	RPS	ok
def_engine_diesel_node_9_desc	引擎与动力	引擎	node_desc	Output value giving data info on engine speed.	输出发动机转速数据	ok
def_engine_diesel_node_10_label	引擎与动力	引擎	label	Temperature	温度	ok
def_engine_diesel_node_10_desc	引擎与动力	引擎	node_desc	Output value giving data info on engine temperature.	输出值，提供有关发动机温度的数据信息	ok
def_engine_diesel_node_11_label	引擎与动力	引擎	label	Electric	电	ok
def_engine_diesel_node_11_desc	引擎与动力	引擎	node_desc	Electrical power connection.	电源连接	ok
def_fan_large_name	引擎与动力	风扇	name	Large Ducted Fan	涵道风扇(大)	ok
def_fan_large_desc	引擎与动力	风扇	desc	The amount of force generated by the fan is directly linked to how much torque it receives from a connected engine.	风扇产生的力的取决于它从连接的发动机接收到的扭矩有关	ok
def_fan_large_s_desc	引擎与动力	风扇	s_desc	A large ducted fan used for propulsion.	用于推进的大型涵道风扇	ok
def_fan_large_node_0_label	引擎与动力	风扇	label	RPS	RPS	ok
def_fan_large_node_0_desc	引擎与动力	风扇	node_desc			ok
def_fan_small_name	引擎与动力	风扇	name	Small Ducted Fan	涵道风扇(小)	ok
def_fan_small_desc	引擎与动力	风扇	desc	The amount of force generated by the fan is directly linked to how much torque it receives from a connected engine.	风扇产生的力的取决于它从连接的发动机接收到的扭矩有关	ok
def_fan_small_s_desc	引擎与动力	风扇	s_desc	A small ducted fan used for propulsion.	用于推进的小型涵道风扇	ok
def_fan_small_node_0_label	引擎与动力	风扇	label	RPS	RPS	ok
def_fan_small_node_0_desc	引擎与动力	风扇	node_desc			ok
def_fish_finder_name	任务与货物	鱼类	name	Fishfinder	鱼群探测仪	ok
def_fish_finder_desc	任务与货物	鱼类	desc	This sensor outputs the relative angle, distance and depth to a random detected fish within its range using sound waves when submerged.	探鱼声纳,输出其范围内随机检测到的鱼类的相对角度、距离和深度	ok
def_fish_finder_s_desc	任务与货物	鱼类	s_desc	A sensor that returns information about a fish within 100m when submerged.	可输出100m内的鱼类信息	ok
def_fish_finder_node_0_label	任务与货物	鱼类	label	Electric	电	ok
def_fish_finder_node_0_desc	任务与货物	鱼类	node_desc	Electrical power connection.	电源连接	ok
def_fish_finder_node_1_label	任务与货物	鱼类	label	Activate	激活	ok
def_fish_finder_node_1_desc	任务与货物	鱼类	node_desc	Enable the Fishfinder.	启动探测器	ok
def_fish_finder_node_2_label	任务与货物	鱼类	label	Fish Data	鱼类数据	ok
def_fish_finder_node_2_desc	任务与货物	鱼类	node_desc	Outputs data for a detected fish. On/Off 1: Returns true when a fish is detected. Value 1: The yaw angle between the sensor and the detected fish measured in turns, Value 2: The horizontal distance from the sensor to the detected fish measured in metres, Value 3: The depth from the sensor to the fish measured in metres.	输出检测到的鱼的数据.开/关1:检测到鱼时返回true;数字1:传感器与探测到的鱼之间的偏航角,以圈为单位;数字2:传感器与探测到的鱼之间的水平距离,单位米;数字3:传感器与鱼之间的深度,单位米	ok
def_flag_large_name	结构建材	旗帜	name	Flag (Large)	旗帜(大)	ok
def_flag_large_desc	结构建材	旗帜	desc	The flag design can be set in the properties menu.	可在属性菜单中进行旗帜设计	ok
def_flag_large_s_desc	结构建材	旗帜	s_desc	A large sized flagpole.	大号旗帜	ok
def_flag_medium_name	结构建材	旗帜	name	Flag (Medium)	旗帜(中)	ok
def_flag_medium_desc	结构建材	旗帜	desc	The flag design can be set in the properties menu.	可在属性菜单中进行旗帜设计	ok
def_flag_medium_s_desc	结构建材	旗帜	s_desc	A medium sized flagpole.	中号旗帜	ok
def_flag_small_name	结构建材	旗帜	name	Flag (Small)	旗帜(小)	ok
def_flag_small_desc	结构建材	旗帜	desc	The flag design can be set in the properties menu.	可在属性菜单中进行旗帜设计	ok
def_flag_small_s_desc	结构建材	旗帜	s_desc	A small sized flagpole.	小号旗帜	ok
def_flare_launcher_name	武器与军用	干扰弹	name	Flare Launcher	信号弹发射器	ok
def_flare_launcher_desc	武器与军用	干扰弹	desc	Set the flare canister type and launch velocity in the component properties.	在组件属性中设置信号弹装填类型和发射速度	ok
def_flare_launcher_s_desc	武器与军用	干扰弹	s_desc	Single-use flare launcher for signalling and illumination.	单发的信号弹 照明弹 箔条发射器	ok
def_flare_launcher_node_0_label	武器与军用	干扰弹	label	Launch	发射	ok
def_flare_launcher_node_0_desc	武器与军用	干扰弹	node_desc			ok
def_flare_launcher_node_1_label	武器与军用	干扰弹	label	Launch Passthrough	发射串联信号	ok
def_flare_launcher_node_1_desc	武器与军用	干扰弹	node_desc			ok
def_fluid_exhaust_name	流体系统	流体	name	Fluid Exhaust	排液(气)口	ok
def_fluid_exhaust_desc	流体系统	流体	desc	Fluid can flow in and out of the port as part of a fluid system.	流体可以作为流体系统的一部分进出端口	ok
def_fluid_exhaust_s_desc	流体系统	流体	s_desc	An exhaust port for fluid systems.	流体系统的排气口	ok
def_fluid_exhaust_node_0_label	流体系统	流体	label	Fluid	流体	ok
def_fluid_exhaust_node_0_desc	流体系统	流体	node_desc	Allows fluid to flow in and out of an enclosed volume or the ocean.	允许流体进出封闭的体积或海洋	ok
def_fluid_filter_name	流体系统	流体	name	Fluid Filter	流体过滤器	ok
def_fluid_filter_desc	流体系统	流体	desc	The valve can be configured to select which fluids may pass across the two directional valve.	该阀可配置为选择哪些流体可通过双向阀	ok
def_fluid_filter_s_desc	流体系统	流体	s_desc	The fluid filter only allows certain types of fluid across the valve.	油液滤清器只允许特定类型的油液通过阀门	ok
def_fluid_filter_node_0_label	流体系统	流体	label	Fluid A	流体A	ok
def_fluid_filter_node_0_desc	流体系统	流体	node_desc	Fluid connection.	流体连接	ok
def_fluid_filter_node_1_label	流体系统	流体	label	Fluid B	流体B	ok
def_fluid_filter_node_1_desc	流体系统	流体	node_desc	Fluid connection.	流体连接	ok
def_fluid_filter_node_2_label	流体系统	流体	label	Flow Rate	流量	ok
def_fluid_filter_node_2_desc	流体系统	流体	node_desc	Fluid flow rate in L/s.	以L/s为单位的流量	ok
def_fluid_filter_v2_name	流体系统	流体	name	Fluid Filter	流体过滤器	ok
def_fluid_filter_v2_desc	流体系统	流体	desc	The valve can be configured to select which fluid groups may pass across the two directional valve. Liquids or gases.	该阀门可以被配置为选择哪种流体类型,气体或液体可以双向通过.	ok
def_fluid_filter_v2_s_desc	流体系统	流体	s_desc	The fluid filter can prevent liquids or gases crossing the valve.	控制特定类型的流体通过	ok
def_fluid_filter_v2_node_0_label	流体系统	流体	label	Fluid A	流体A	ok
def_fluid_filter_v2_node_0_desc	流体系统	流体	node_desc	Fluid connection.	流体接口	ok
def_fluid_filter_v2_node_1_label	流体系统	流体	label	Fluid B	流体B	ok
def_fluid_filter_v2_node_1_desc	流体系统	流体	node_desc	Fluid connection.	流体接口	ok
def_fluid_heat_sink_name	流体系统	流体	name	Fluid Heat Sink	流体散热器	ok
def_fluid_heat_sink_desc	流体系统	流体	desc	Fluid inside the cooler will lose temperature.	冷却器内的流体将失去温度	ok
def_fluid_heat_sink_s_desc	流体系统	流体	s_desc	Heat sink type cooler for fluid.	散热器式流体冷却器	ok
def_fluid_heat_sink_node_0_label	流体系统	流体	label	Fluid A	流体A	ok
def_fluid_heat_sink_node_0_desc	流体系统	流体	node_desc	Fluid Connection.	流体连接	ok
def_fluid_heat_sink_node_1_label	流体系统	流体	label	Fluid B	流体B	ok
def_fluid_heat_sink_node_1_desc	流体系统	流体	node_desc	Fluid Connection.	流体连接	ok
def_fluid_intake_name	流体系统	流体	name	Fluid Intake	进液口	ok
def_fluid_intake_desc	流体系统	流体	desc	Place the port inside of an enclosed volume to connect to that volume, or outside of the vehicle to connect to the exterior.	将接口置于封闭空间内以连通空间,或置于开放空间以连接外部	ok
def_fluid_intake_s_desc	流体系统	流体	s_desc	Port used to allow fluid in and out of a fluid system.	允许流体进出流体系统的端口	ok
def_fluid_intake_node_0_label	流体系统	流体	label	Fluid	流体	ok
def_fluid_intake_node_0_desc	流体系统	流体	node_desc	Allows fluid to flow in and out of an enclosed volume or the exterior.	允许流体进出封闭空间或外部	ok
def_fluid_port_end_name	流体系统	流体	name	Fluid Port End	流体末端接口	ok
def_fluid_port_end_desc	流体系统	流体	desc	Place the port inside of an enclosed volume to connect to that volume, or outside of the vehicle to connect to the ocean.	将接口置于封闭空间内以连通空间,或置于开放空间以连接海洋	ok
def_fluid_port_end_s_desc	流体系统	流体	s_desc	Port used to allow fluid in and out of a fluid system.	允许流体进出流体系统的端口	ok
def_fluid_port_end_node_0_label	流体系统	流体	label	Fluid	流体	ok
def_fluid_port_end_node_0_desc	流体系统	流体	node_desc	Allows fluid to flow in and out of an enclosed volume or the ocean.	允许流体进出封闭空间或连通海洋	ok
def_fluid_pressure_name	流体系统	流体	name	Fluid Pressure Sensor	液压传感器	ok
def_fluid_pressure_desc	流体系统	流体	desc	Measures the fluid pressure in the connected fluid network.	测量连接的流体网络中的流体压力	ok
def_fluid_pressure_s_desc	流体系统	流体	s_desc	A sensor for reading fluid pressure.	用于读取流体压力的传感器	ok
def_fluid_pressure_node_0_label	流体系统	流体	label	Fluid	流体	ok
def_fluid_pressure_node_0_desc	流体系统	流体	node_desc	Fluid to measure the pressure of.	测量流体的压力	ok
def_fluid_pressure_node_1_label	流体系统	流体	label	Pressure	压力	ok
def_fluid_pressure_node_1_desc	流体系统	流体	node_desc	The pressure reading of the fluid.	流体的压力读数	ok
def_fluid_radiator_name	流体系统	流体	name	Fluid Heat Radiator	流体散热器	ok
def_fluid_radiator_desc	流体系统	流体	desc	Fluid inside the cooler will lose temperature.	冷却器内的流体将失去温度	ok
def_fluid_radiator_s_desc	流体系统	流体	s_desc	Radiator type cooler for fluid.	散热器式流体冷却器	ok
def_fluid_radiator_node_0_label	流体系统	流体	label	Fluid A	流体A	ok
def_fluid_radiator_node_0_desc	流体系统	流体	node_desc	Fluid Connection.	流体连接	ok
def_fluid_radiator_node_1_label	流体系统	流体	label	Fluid B	流体B	ok
def_fluid_radiator_node_1_desc	流体系统	流体	node_desc	Fluid Connection.	流体连接	ok
def_fluid_radiator_electric_name	流体系统	流体	name	Fluid Heat Radiator 3x3 (Electric)	液体风冷散热器 3x3	ok
def_fluid_radiator_electric_desc	流体系统	流体	desc	Fluid inside the cooler will lose temperature, supplying electric for the fan will increase the rate of exchange.	散热器中的液体能够缓慢降低温度，给风扇供电能够加速这一过程	ok
def_fluid_radiator_electric_s_desc	流体系统	流体	s_desc	Radiator type cooler for fluid.	风冷液体散热器	ok
def_fluid_radiator_electric_node_0_label	流体系统	流体	label	Fluid A	流体接口a	ok
def_fluid_radiator_electric_node_0_desc	流体系统	流体	node_desc	Fluid Connection.	流体连接	ok
def_fluid_radiator_electric_node_1_label	流体系统	流体	label	Fluid B	流体接口b	ok
def_fluid_radiator_electric_node_1_desc	流体系统	流体	node_desc	Fluid Connection.	流体连接	ok
def_fluid_radiator_electric_node_2_label	流体系统	流体	label	Electric	电	ok
def_fluid_radiator_electric_node_2_desc	流体系统	流体	node_desc			ok
def_fluid_radiator_electric_node_3_label	流体系统	流体	label	Fan On/Off	风扇开关	ok
def_fluid_radiator_electric_node_3_desc	流体系统	流体	node_desc			ok
def_fluid_radiator_electric_node_4_label	流体系统	流体	label	Temperature	温度	ok
def_fluid_radiator_electric_node_4_desc	流体系统	流体	node_desc			ok
def_fluid_radiator_electric_5_name	流体系统	流体	name	Fluid Heat Radiator 5x5 (Electric)	液体风冷散热器 5x5	ok
def_fluid_radiator_electric_5_desc	流体系统	流体	desc	Fluid inside the cooler will lose temperature, supplying electric for the fan will increase the rate of exchange.	散热器中的液体能够缓慢降低温度，给风扇供电能够加速这一过程	ok
def_fluid_radiator_electric_5_s_desc	流体系统	流体	s_desc	Radiator type cooler for fluid.	风冷液体散热器	ok
def_fluid_radiator_electric_5_node_0_label	流体系统	流体	label	Fluid A	流体接口a	ok
def_fluid_radiator_electric_5_node_0_desc	流体系统	流体	node_desc	Fluid Connection.	流体连接	ok
def_fluid_radiator_electric_5_node_1_label	流体系统	流体	label	Fluid B	流体接口b	ok
def_fluid_radiator_electric_5_node_1_desc	流体系统	流体	node_desc	Fluid Connection.	流体连接	ok
def_fluid_radiator_electric_5_node_2_label	流体系统	流体	label	Electric	电	ok
def_fluid_radiator_electric_5_node_2_desc	流体系统	流体	node_desc			ok
def_fluid_radiator_electric_5_node_3_label	流体系统	流体	label	Fan On/Off	风扇开/关	ok
def_fluid_radiator_electric_5_node_3_desc	流体系统	流体	node_desc			ok
def_fluid_radiator_electric_5_node_4_label	流体系统	流体	label	Temperature	温度	ok
def_fluid_radiator_electric_5_node_4_desc	流体系统	流体	node_desc			ok
def_fluid_tank_compressed_gas_1_3_name	流体系统	流体	name	Gas Tank (Small)	气罐(小)	ok
def_fluid_tank_compressed_gas_1_3_desc	流体系统	流体	desc	The tank will spawn full of the selected fluid type.	罐内可充满气体类流体	ok
def_fluid_tank_compressed_gas_1_3_s_desc	流体系统	流体	s_desc	A tank for storing gas.	气体储罐	ok
def_fluid_tank_compressed_gas_1_3_node_0_label	流体系统	流体	label	Stored Gas	气体接口	ok
def_fluid_tank_compressed_gas_1_3_node_0_desc	流体系统	流体	node_desc	The fluid connection for the stored contents.	气体接口	ok
def_fluid_tank_compressed_gas_1_3_node_1_label	流体系统	流体	label	Tank Content	剩余储量	ok
def_fluid_tank_compressed_gas_1_3_node_1_desc	流体系统	流体	node_desc	The amount of gas in the tank in litres.	储量(单位升)	ok
def_fluid_tank_compressed_gas_1_3_node_2_label	流体系统	流体	label	Tank Pressure	罐内压强	ok
def_fluid_tank_compressed_gas_1_3_node_2_desc	流体系统	流体	node_desc	The pressure in the tank in atmospheres.	以大气压强表示的罐内气压	ok
def_fluid_tank_compressed_gas_1_7_name	流体系统	流体	name	Gas Tank (Medium)	气罐(中)	ok
def_fluid_tank_compressed_gas_1_7_desc	流体系统	流体	desc	The tank will spawn full of the selected fluid type.	罐内可充满气体类流体	ok
def_fluid_tank_compressed_gas_1_7_s_desc	流体系统	流体	s_desc	A tank for storing gas.	气体储罐	ok
def_fluid_tank_compressed_gas_1_7_node_0_label	流体系统	流体	label	Stored Gas	气体接口	ok
def_fluid_tank_compressed_gas_1_7_node_0_desc	流体系统	流体	node_desc	The fluid connection for the stored contents.	气体接口	ok
def_fluid_tank_compressed_gas_1_7_node_1_label	流体系统	流体	label	Tank Content	剩余储量	ok
def_fluid_tank_compressed_gas_1_7_node_1_desc	流体系统	流体	node_desc	The amount of fluid in the tank in litres.	储量(单位升)	ok
def_fluid_tank_compressed_gas_1_7_node_2_label	流体系统	流体	label	Tank Pressure	罐内压强	ok
def_fluid_tank_compressed_gas_1_7_node_2_desc	流体系统	流体	node_desc	The pressure in the tank in atmospheres.	以大气压强表示的罐内气压	ok
def_fluid_tank_compressed_gas_3_7_name	流体系统	流体	name	Gas Tank (Large)	气罐(大)	ok
def_fluid_tank_compressed_gas_3_7_desc	流体系统	流体	desc	The tank will spawn full of the selected fluid type.	罐内可充满气体类流体	ok
def_fluid_tank_compressed_gas_3_7_s_desc	流体系统	流体	s_desc	A tank for storing gas.	气体储罐	ok
def_fluid_tank_compressed_gas_3_7_node_0_label	流体系统	流体	label	Stored Gas	气体接口	ok
def_fluid_tank_compressed_gas_3_7_node_0_desc	流体系统	流体	node_desc	The fluid connection for the stored contents.	气体接口	ok
def_fluid_tank_compressed_gas_3_7_node_1_label	流体系统	流体	label	Tank Content	剩余储量	ok
def_fluid_tank_compressed_gas_3_7_node_1_desc	流体系统	流体	node_desc	The amount of gas in the tank in litres.	储量(单位升)	ok
def_fluid_tank_compressed_gas_3_7_node_2_label	流体系统	流体	label	Tank Pressure	罐内压强	ok
def_fluid_tank_compressed_gas_3_7_node_2_desc	流体系统	流体	node_desc	The pressure in the tank in atmospheres.	以大气压强表示的罐内气压	ok
def_fluid_tank_compressed_gas_5_9_name	流体系统	流体	name	Gas Tank (Huge)	气罐(巨)	ok
def_fluid_tank_compressed_gas_5_9_desc	流体系统	流体	desc	The tank will spawn full of the selected fluid type.	罐内可充满气体类流体	ok
def_fluid_tank_compressed_gas_5_9_s_desc	流体系统	流体	s_desc	A tank for storing gas.	气体储罐	ok
def_fluid_tank_compressed_gas_5_9_node_0_label	流体系统	流体	label	Stored Gas	气体接口	ok
def_fluid_tank_compressed_gas_5_9_node_0_desc	流体系统	流体	node_desc	The fluid connection for the stored contents.	气体接口	ok
def_fluid_tank_compressed_gas_5_9_node_1_label	流体系统	流体	label	Tank Content	剩余储量	ok
def_fluid_tank_compressed_gas_5_9_node_1_desc	流体系统	流体	node_desc	The amount of gas in the tank in litres.	储量(单位升)	ok
def_fluid_tank_compressed_gas_5_9_node_2_label	流体系统	流体	label	Tank Pressure	罐内压强	ok
def_fluid_tank_compressed_gas_5_9_node_2_desc	流体系统	流体	node_desc	The pressure in the tank in atmospheres.	以大气压强表示的罐内气压	ok
def_fluid_tank_large_name	流体系统	流体	name	Fluid Tank Large	油箱(大)	ok
def_fluid_tank_large_desc	流体系统	流体	desc	The tank will spawn full of the selected fluid type.	油箱充满所选流体类型	ok
def_fluid_tank_large_s_desc	流体系统	流体	s_desc	A tank for storing fluid.	储存流体的罐	ok
def_fluid_tank_large_node_0_label	流体系统	流体	label	Stored Fluid	流体接口	ok
def_fluid_tank_large_node_0_desc	流体系统	流体	node_desc	The fluid connection for the stored contents.	存储内容的流体连接	ok
def_fluid_tank_large_node_1_label	流体系统	流体	label	Tank Content	油箱容量	ok
def_fluid_tank_large_node_1_desc	流体系统	流体	node_desc	The amount of fluid in the tank in litres.	油箱中的流体量，单位为升	ok
def_fluid_tank_large_node_2_label	流体系统	流体	label	Stored Fluid	内容物体积	ok
def_fluid_tank_large_node_2_desc	流体系统	流体	node_desc	The fluid connection for the stored contents.	连通内容物的接口	ok
def_fluid_tank_large_node_3_label	流体系统	流体	label	Tank Pressure	箱内压强	ok
def_fluid_tank_large_node_3_desc	流体系统	流体	node_desc	The pressure in the tank in atmospheres.	以大气压强表示的箱内气压	ok
def_fluid_tank_medium_name	流体系统	流体	name	Fluid Tank Medium	油箱(中)	ok
def_fluid_tank_medium_desc	流体系统	流体	desc	The tank will spawn full of the selected fluid type.	油箱充满所选流体类型	ok
def_fluid_tank_medium_s_desc	流体系统	流体	s_desc	A tank for storing fluid.	储存流体的罐	ok
def_fluid_tank_medium_node_0_label	流体系统	流体	label	Stored Fluid	流体接口	ok
def_fluid_tank_medium_node_0_desc	流体系统	流体	node_desc	The fluid connection for the stored contents.	存储内容的流体连接	ok
def_fluid_tank_medium_node_1_label	流体系统	流体	label	Tank Content	油箱容量	ok
def_fluid_tank_medium_node_1_desc	流体系统	流体	node_desc	The amount of fluid in the tank in litres.	油箱中的流体量，单位为升	ok
def_fluid_tank_medium_node_2_label	流体系统	流体	label	Stored Fluid	内容物体积	ok
def_fluid_tank_medium_node_2_desc	流体系统	流体	node_desc	The fluid connection for the stored contents.	连通内容物的接口	ok
def_fluid_tank_medium_node_3_label	流体系统	流体	label	Tank Pressure	箱内压强	ok
def_fluid_tank_medium_node_3_desc	流体系统	流体	node_desc	The pressure in the tank in atmospheres.	以大气压强表示的箱内气压	ok
def_fluid_tank_small_name	流体系统	流体	name	Fluid Tank Small	油箱(小)	ok
def_fluid_tank_small_desc	流体系统	流体	desc	The tank will spawn full of the selected fluid type.	油箱充满所选流体类型	ok
def_fluid_tank_small_s_desc	流体系统	流体	s_desc	A tank for storing fluid.	储存流体的罐	ok
def_fluid_tank_small_node_0_label	流体系统	流体	label	Stored Fluid	流体接口	ok
def_fluid_tank_small_node_0_desc	流体系统	流体	node_desc	The fluid connection for the stored contents.	存储内容的流体连接	ok
def_fluid_tank_small_node_1_label	流体系统	流体	label	Tank Content	油箱容量	ok
def_fluid_tank_small_node_1_desc	流体系统	流体	node_desc	The amount of fluid in the tank in litres.	油箱中的流体量，单位为升	ok
def_fluid_tank_small_node_2_label	流体系统	流体	label	Stored Fluid	内容物体积	ok
def_fluid_tank_small_node_2_desc	流体系统	流体	node_desc	The fluid connection for the stored contents.	连通内容物的接口	ok
def_fluid_tank_small_node_3_label	流体系统	流体	label	Tank Pressure	箱内压强	ok
def_fluid_tank_small_node_3_desc	流体系统	流体	node_desc	The pressure in the tank in atmospheres.	以大气压强表示的箱内气压	ok
def_fluid_valve_flow_name	流体系统	流体	name	Fluid Flow Valve	单向阀	ok
def_fluid_valve_flow_desc	流体系统	流体	desc	Allows fluid to move from the input side of the valve to the output but resists fluid flow in the other direction.	允许流体从阀门的输入侧移动到输出端，但阻止流体朝另一个方向流动	ok
def_fluid_valve_flow_s_desc	流体系统	流体	s_desc	A one way valve for controlling fluid flow.	控制流体流动的单向阀	ok
def_fluid_valve_flow_node_0_label	流体系统	流体	label	Fluid In	流体进入	ok
def_fluid_valve_flow_node_0_desc	流体系统	流体	node_desc	Fluid connection for the valve input.	阀门输入的流体连接	ok
def_fluid_valve_flow_node_1_label	流体系统	流体	label	Fluid Out	流体流出	ok
def_fluid_valve_flow_node_1_desc	流体系统	流体	node_desc	Fluid connection for the valve output.	阀门输出的流体连接	ok
def_fluid_valve_flow_node_2_label	流体系统	流体	label	Flow Rate	流量	ok
def_fluid_valve_flow_node_2_desc	流体系统	流体	node_desc	Fluid flow rate in L/s.	以L/s为单位的流量	ok
def_fluid_valve_on_off_name	流体系统	流体	name	Fluid On/Off Valve	流体开关阀	ok
def_fluid_valve_on_off_desc	流体系统	流体	desc	Controls flow from one side of the valve to the other. Fluid can flow in both directions.	控制从阀门一侧到另一侧的流量。流体可以双向流动	ok
def_fluid_valve_on_off_s_desc	流体系统	流体	s_desc	An on/off fluid valve.	开/关液阀	ok
def_fluid_valve_on_off_node_0_label	流体系统	流体	label	Fluid In	流体进入	ok
def_fluid_valve_on_off_node_0_desc	流体系统	流体	node_desc	Fluid input connection for the valve.	阀门的流体输入连接	ok
def_fluid_valve_on_off_node_1_label	流体系统	流体	label	Fluid Out	流体流出	ok
def_fluid_valve_on_off_node_1_desc	流体系统	流体	node_desc	Fluid output connection for the valve.	阀门的流体输出连接	ok
def_fluid_valve_on_off_node_2_label	流体系统	流体	label	Valve Control	阀门控制	ok
def_fluid_valve_on_off_node_2_desc	流体系统	流体	node_desc	Valve gate control for opening and closing the valve.	用于打开和关闭阀门的闸门控制	ok
def_fluid_valve_on_off_node_3_label	流体系统	流体	label	Electric	电	ok
def_fluid_valve_on_off_node_3_desc	流体系统	流体	node_desc	Electrical power connection.	电源连接	ok
def_fluid_valve_on_off_node_4_label	流体系统	流体	label	Flow Rate	流量	ok
def_fluid_valve_on_off_node_4_desc	流体系统	流体	node_desc	Fluid flow rate in L/s.	以L/s为单位的流量	ok
def_fluid_valve_on_off_manual_name	流体系统	流体	name	Fluid On/Off Valve (Manual)	流体开关阀(手动)	ok
def_fluid_valve_on_off_manual_desc	流体系统	流体	desc	Interacting with [$[action_interact_left]]/[$[action_interact_right]] will open / close the valve. Controls flow from one side of the valve to the other. Fluid can flow in both directions.	按 [$[action_interact_left]]/[$[action_interact_right]] 开关阀门，流体可以双向流动	ok
def_fluid_valve_on_off_manual_s_desc	流体系统	流体	s_desc	An on/off fluid valve with a manual handle.	手动操作的流体阀门	ok
def_fluid_valve_on_off_manual_node_0_label	流体系统	流体	label	Fluid In	流体进入	ok
def_fluid_valve_on_off_manual_node_0_desc	流体系统	流体	node_desc	Fluid input connection for the valve.	流体入口	ok
def_fluid_valve_on_off_manual_node_1_label	流体系统	流体	label	Fluid Out	流体流出	ok
def_fluid_valve_on_off_manual_node_1_desc	流体系统	流体	node_desc	Fluid output connection for the valve.	流体出口	ok
def_fluid_valve_on_off_manual_node_2_label	流体系统	流体	label	Flow Rate	流量	ok
def_fluid_valve_on_off_manual_node_2_desc	流体系统	流体	node_desc	Fluid flow rate in L/s.	以L/s为单位的流量	ok
def_fluid_valve_variable_name	流体系统	流体	name	Fluid Variable Valve	流体变量阀	ok
def_fluid_valve_variable_desc	流体系统	流体	desc	Controls flow from one side of the valve to the other. Fluid can flow in both directions.	控制从阀门一侧到另一侧的流量。流体可以双向流动	ok
def_fluid_valve_variable_s_desc	流体系统	流体	s_desc	A variable fluid valve.	可变流体阀	ok
def_fluid_valve_variable_node_0_label	流体系统	流体	label	Fluid In	流体进入	ok
def_fluid_valve_variable_node_0_desc	流体系统	流体	node_desc	Fluid input connection for the valve.	阀门的流体输入连接	ok
def_fluid_valve_variable_node_1_label	流体系统	流体	label	Fluid Out	流体流出	ok
def_fluid_valve_variable_node_1_desc	流体系统	流体	node_desc	Fluid output connection for the valve.	阀门的流体输出连接	ok
def_fluid_valve_variable_node_2_label	流体系统	流体	label	Valve Control	阀门控制	ok
def_fluid_valve_variable_node_2_desc	流体系统	流体	node_desc	Valve gate control for opening and closing the valve.	用于打开和关闭阀门的闸门控制	ok
def_fluid_valve_variable_node_3_label	流体系统	流体	label	Electric	电	ok
def_fluid_valve_variable_node_3_desc	流体系统	流体	node_desc	Electrical power connection.	电源连接	ok
def_fluid_valve_variable_node_4_label	流体系统	流体	label	Flow Rate		todo
def_fluid_valve_variable_node_4_desc	流体系统	流体	node_desc	Fluid flow rate in L/s.		todo
def_foghorn_name	显示与控制	雾笛	name	Foghorn	雾号	ok
def_foghorn_desc	显示与控制	雾笛	desc	It has an audible range of 1500m.	它的可听范围是500米	ok
def_foghorn_s_desc	显示与控制	雾笛	s_desc	A ship's foghorn that will sound when receiving an on signal.	船上的雾号，当收到接通信号时会响	ok
def_foghorn_node_0_label	显示与控制	雾笛	label	Horn	喇叭	ok
def_foghorn_node_0_desc	显示与控制	雾笛	node_desc	Sounds the horn when recieving an on signal.	收到接通信号时按喇叭	ok
def_foghorn_node_1_label	显示与控制	雾笛	label	Electric	电	ok
def_foghorn_node_1_desc	显示与控制	雾笛	node_desc	Electrical power connection.	电源连接	ok
def_friction_block_name	结构建材	摩擦	name	Friction Pad	摩擦块	ok
def_friction_block_desc	结构建材	摩擦	desc	High friction pad that grips any surface it touches.	向接触的任何表面提供摩擦力	ok
def_friction_block_s_desc	结构建材	摩擦	s_desc	Friction pad that grips to surfaces.	接触表面的摩擦块	ok
def_furnace_electric_name	引擎与动力	熔炉	name	Electric Furnace	电热炉	ok
def_furnace_electric_desc	引擎与动力	熔炉	desc	Produces large amounts of heat from electricity.	消耗电能产生大量的热.	ok
def_furnace_electric_s_desc	引擎与动力	熔炉	s_desc	An electrically powered furnace.	以电为能源的加热炉	ok
def_furnace_electric_node_0_label	引擎与动力	熔炉	label	Temperature	温度	ok
def_furnace_electric_node_0_desc	引擎与动力	熔炉	node_desc	Temperature of the coolant that is being heated.	被加热的冷却液的温度.	ok
def_furnace_electric_node_1_label	引擎与动力	熔炉	label	Enable	启用	ok
def_furnace_electric_node_1_desc	引擎与动力	熔炉	node_desc	Activate the electric furnace.	激活电热炉	ok
def_furnace_electric_node_2_label	引擎与动力	熔炉	label	Coolant In	冷却液（入）	ok
def_furnace_electric_node_2_desc	引擎与动力	熔炉	node_desc	In port for fluid to be heated by the furnace.	需要被加热的流体的入口	ok
def_furnace_electric_node_3_label	引擎与动力	熔炉	label	Coolant Out	冷却液（出）	ok
def_furnace_electric_node_3_desc	引擎与动力	熔炉	node_desc	Out port for fluid to be heated by the furnace.	需要被加热的流体的出口	ok
def_furnace_electric_node_4_label	引擎与动力	熔炉	label	Electric	电	ok
def_furnace_electric_node_4_desc	引擎与动力	熔炉	node_desc	Electrical power connection.	电源连接	ok
def_furnace_industrial_name	引擎与动力	熔炉	name	Industrial Diesel Furnace	工业柴油炉	ok
def_furnace_industrial_desc	引擎与动力	熔炉	desc	Produces large amounts of heat by burning supplied diesel. Consumes a portion of the diesel reserve to ignite the fire.	以柴油为燃料的热炉,点燃火焰的时候会消耗部分柴油	ok
def_furnace_industrial_s_desc	引擎与动力	熔炉	s_desc	A diesel powered furnace.	以柴油为能源的加热炉	ok
def_furnace_industrial_node_0_label	引擎与动力	熔炉	label	Diesel Level	柴油液位	ok
def_furnace_industrial_node_0_desc	引擎与动力	熔炉	node_desc			ok
def_furnace_industrial_node_1_label	引擎与动力	熔炉	label	Temperature	温度	ok
def_furnace_industrial_node_1_desc	引擎与动力	熔炉	node_desc	Temperature of the coolant that is being heated.	被加热的冷却液的温度	ok
def_furnace_industrial_node_2_label	引擎与动力	熔炉	label	Ignition	点火	ok
def_furnace_industrial_node_2_desc	引擎与动力	熔炉	node_desc	Activate to consume diesel and ignite the furnace.	消耗柴油并点燃热炉	ok
def_furnace_industrial_node_3_label	引擎与动力	熔炉	label	Coolant In	冷却液（入）	ok
def_furnace_industrial_node_3_desc	引擎与动力	熔炉	node_desc	In port for fluid to be heated by the furnace.	需要被加热的流体的入口	ok
def_furnace_industrial_node_4_label	引擎与动力	熔炉	label	Coolant Out	冷却液（出）	ok
def_furnace_industrial_node_4_desc	引擎与动力	熔炉	node_desc	Out port for fluid to be heated by the furnace.	需要被加热的流体的出口	ok
def_furnace_industrial_node_5_label	引擎与动力	熔炉	label	Air In	空气入口	ok
def_furnace_industrial_node_5_desc	引擎与动力	熔炉	node_desc	Port for supplying air.	燃烧需要的空气的入口	ok
def_furnace_industrial_node_6_label	引擎与动力	熔炉	label	Exhaust Out	废气出口	ok
def_furnace_industrial_node_6_desc	引擎与动力	熔炉	node_desc	Port for removing exhaust from the furnace.	燃烧废气出口	ok
def_furnace_industrial_node_7_label	引擎与动力	熔炉	label	Diesel In	柴油入口	ok
def_furnace_industrial_node_7_desc	引擎与动力	熔炉	node_desc	Port for supplying diesel fuel.	提供燃烧所需的柴油	ok
def_gas_measure_name	流体系统	气体	name	Gas Meter	气体量测量仪	ok
def_gas_measure_desc	流体系统	气体	desc	This will output a quantity in litres and the total capacity in litres.	输出封闭空间内气体的总容量和剩余量(单位升)	ok
def_gas_measure_s_desc	流体系统	气体	s_desc	A device to measure how much gas is within an enclosed volume.	测量封闭体积内气体含量的装置	ok
def_gas_measure_node_0_label	流体系统	气体	label	Gas Level	气体余量	ok
def_gas_measure_node_0_desc	流体系统	气体	node_desc	Returns the number of litres of gas in an enclosed volume.	输出气体余量(单位升)	ok
def_gas_measure_node_1_label	流体系统	气体	label	Fluid Capacity	气体容量	ok
def_gas_measure_node_1_desc	流体系统	气体	node_desc	Returns the total capacity of an enclosed volume in litres, or 0 if not enclosed.	输出封闭空间内气体的总容量(单位升),如果输出0代表不是封闭空间	ok
def_gas_measure_node_2_label	流体系统	气体	label	Composite Data	综合数据	ok
def_gas_measure_node_2_desc	流体系统	气体	node_desc	Outputs the volumes of individual gas types on their respective channel. The data can be directly merged with a Liquid meter. The Air fluid type is equivalent to the sum of the oxygen, carbon dioxide and nitrogen values. Channels: 4-Air, 5-CO2, 8-Steam, 11-Oxygen, 12-Nitrogen, 13-Hydrogen.	输出各气体类型的体积,数据可直接与流体测量仪合并.空气类型相当于氧气、二氧化碳和氮气值的总和.数字通道:4-空气;5-二氧化碳;8-蒸汽;11-氧气;12-氮气;13-氢气	ok
def_gate_bool_and_name	逻辑与电路	逻辑门	name	And	与(And)	ok
def_gate_bool_and_desc	逻辑与电路	逻辑门	desc	The output will only be switched on if both inputs are on.	只有当两个输入都on时，输出才会on	ok
def_gate_bool_and_s_desc	逻辑与电路	逻辑门	s_desc	A logic gate that outputs the logical AND of two input signals.	输出两个输入信号的逻辑和	ok
def_gate_bool_and_node_0_label	逻辑与电路	逻辑门	label	A	A	ok
def_gate_bool_and_node_0_desc	逻辑与电路	逻辑门	node_desc	The first value to perform the logical AND on.	执行逻辑与的第一个值	ok
def_gate_bool_and_node_1_label	逻辑与电路	逻辑门	label	B	B	ok
def_gate_bool_and_node_1_desc	逻辑与电路	逻辑门	node_desc	The second value to perform the logical AND on.	执行逻辑与的第二个值	ok
def_gate_bool_and_node_2_label	逻辑与电路	逻辑门	label	A AND B	A与B	ok
def_gate_bool_and_node_2_desc	逻辑与电路	逻辑门	node_desc	Outputs an on signal when both A and B are on, and an off signal if either one is off.	当A和B都on时，输出一个on信号；当其中一个off时，输出一个off信号	ok
def_gate_bool_blink_name	逻辑与电路	逻辑门	name	Blinker	闪烁开关	ok
def_gate_bool_blink_desc	逻辑与电路	逻辑门	desc	You can set the duration that the signal should stay on and off for by selecting it with the select tool. A control signal determines whether or not the blinker should output anything. If the control signal is off, the blinker's output will be off. The internal blink timer is reset every time the control signal is switched off.	通过选择工具可以设置信号保持打开和关闭的时间。控制信号决定闪烁开关是否输出。如果控制信号关闭，则闪烁开关的输出将关闭。每次关闭控制信号时，内部闪烁计时器都会重置	ok
def_gate_bool_blink_s_desc	逻辑与电路	逻辑门	s_desc	The blinker outputs a value that blinks between on and off at a set rate.	闪烁开关输出一个在开和关之间以设定速率闪烁的值	ok
def_gate_bool_blink_node_0_label	逻辑与电路	逻辑门	label	Control Signal	控制信号	ok
def_gate_bool_blink_node_0_desc	逻辑与电路	逻辑门	node_desc	Controls whether or not the blinker should output anything at all.	控制闪烁开关是否应输出任何内容	ok
def_gate_bool_blink_node_1_label	逻辑与电路	逻辑门	label	Blinking Signal	闪烁信号	ok
def_gate_bool_blink_node_1_desc	逻辑与电路	逻辑门	node_desc	Outputs a signal that blinks between on and off at the set rate when the control signal is on. Outputs off if the control signal is off.	当控制信号打开时，输出一个在开和关之间以设定速率闪烁的信号。如果控制信号关闭，则输出关闭	ok
def_gate_bool_capacitor_name	逻辑与电路	逻辑门	name	Capacitor	电容器	ok
def_gate_bool_capacitor_desc	逻辑与电路	逻辑门	desc	The charge and discharge times can be configured by selecting this component with the select tool. Once charged, inputting a new signal will reset the discharge timer.	充电和放电时间可通过使用选择工具选择该部件进行配置。一旦充电，输入一个新的信号将重置放电计时器。\n(译者注:电容通过设置充电时间x和放电时间y来实现信号延时。ON信号会在触发后x秒后才发送给连接的逻辑节点，OFF信号会在触发后y秒后再发送给连接的逻辑节点。)	ok
def_gate_bool_capacitor_s_desc	逻辑与电路	逻辑门	s_desc	Charges up when receiving an on signal, then discharges over a period of time.	接收到接通信号时充电，然后在一段时间内放电	ok
def_gate_bool_capacitor_node_0_label	逻辑与电路	逻辑门	label	Charge	充电	ok
def_gate_bool_capacitor_node_0_desc	逻辑与电路	逻辑门	node_desc	Charges the capacitor when on, discharges when off.	打开时给电容器充电，关闭时放电	ok
def_gate_bool_capacitor_node_1_label	逻辑与电路	逻辑门	label	Stored Charge	储存电荷	ok
def_gate_bool_capacitor_node_1_desc	逻辑与电路	逻辑门	node_desc	The capacitor's stored charge.	电容器的储存电荷	ok
def_gate_bool_constant_name	逻辑与电路	逻辑门	name	Constant On Signal	恒定ON信号	ok
def_gate_bool_constant_desc	逻辑与电路	逻辑门	desc	This is useful for creating logic circuits that are permanently switched on.	这对于创建永久打开的逻辑电路很有用	ok
def_gate_bool_constant_s_desc	逻辑与电路	逻辑门	s_desc	A simple logic component that continuously outputs an on signal.	连续输出接通信号的简单逻辑元件	ok
def_gate_bool_constant_node_0_label	逻辑与电路	逻辑门	label	On	打开	ok
def_gate_bool_constant_node_0_desc	逻辑与电路	逻辑门	node_desc	Outputs a constant on signal.	输出常开信号	ok
def_gate_bool_delay_name	逻辑与电路	逻辑门	name	Delay	延迟	ok
def_gate_bool_delay_desc	逻辑与电路	逻辑门	desc	The delay time can be configured by selecting the component with the select tool. The internal delay timer is reset whenever the input signal changes.	延迟时间可以通过使用选择工具选择组件来配置。当输入信号改变时，内部延迟定时器复位	ok
def_gate_bool_delay_s_desc	逻辑与电路	逻辑门	s_desc	This component stores an input on/off signal, and then outputs it after a delay.	该部件存储输入开/关信号，然后在延迟后输出	ok
def_gate_bool_delay_node_0_label	逻辑与电路	逻辑门	label	Signal to Delay	信号延迟	ok
def_gate_bool_delay_node_0_desc	逻辑与电路	逻辑门	node_desc	Can be an on or off signal. Changing this will reset the delay's timer.	可以是开或关信号。更改此设置将重置延迟计时器	ok
def_gate_bool_delay_node_1_label	逻辑与电路	逻辑门	label	Delayed Signal	延迟信号	ok
def_gate_bool_delay_node_1_desc	逻辑与电路	逻辑门	node_desc	The input signal that has been delayed.	被延迟的输入信号	ok
def_gate_bool_not_name	逻辑与电路	逻辑门	name	Not	非(Not)	ok
def_gate_bool_not_desc	逻辑与电路	逻辑门	desc	The output will always be the opposite of the input.	输出总是与输入相反	ok
def_gate_bool_not_s_desc	逻辑与电路	逻辑门	s_desc	A logic gate that outputs the logical NOT of its input signal.	输出输入信号的逻辑非	ok
def_gate_bool_not_node_0_label	逻辑与电路	逻辑门	label	A	A	ok
def_gate_bool_not_node_0_desc	逻辑与电路	逻辑门	node_desc	The signal to invert.	反转的信号	ok
def_gate_bool_not_node_1_label	逻辑与电路	逻辑门	label	NOT A	非A	ok
def_gate_bool_not_node_1_desc	逻辑与电路	逻辑门	node_desc	The logical NOT of input A. This output will always be the opposite of the input.	输入A的逻辑非。这个输出总是与输入相反	ok
def_gate_bool_or_name	逻辑与电路	逻辑门	name	Or	或(Or)	ok
def_gate_bool_or_desc	逻辑与电路	逻辑门	desc	The output will be switched on if either of the inputs is on, and off if neither are on.	如果其中一个输入打开，则输出将打开；如果两个输入都不打开，则输出将关闭	ok
def_gate_bool_or_s_desc	逻辑与电路	逻辑门	s_desc	A logic gate that outputs the logical OR of two input signals.	输出两个输入信号的逻辑或的逻辑门	ok
def_gate_bool_or_node_0_label	逻辑与电路	逻辑门	label	A	A	ok
def_gate_bool_or_node_0_desc	逻辑与电路	逻辑门	node_desc	The first value to perform the logical OR on.	执行逻辑或的第一个值	ok
def_gate_bool_or_node_1_label	逻辑与电路	逻辑门	label	B	B	ok
def_gate_bool_or_node_1_desc	逻辑与电路	逻辑门	node_desc	The second value to perform the logical OR on.	执行逻辑或的第二个值	ok
def_gate_bool_or_node_2_label	逻辑与电路	逻辑门	label	A OR B	A或B	ok
def_gate_bool_or_node_2_desc	逻辑与电路	逻辑门	node_desc	Outputs an on signal when either A or B are on, and an off signal if neither are on.	当A或B为on时，输出on信号;当两者都off时，输出off信号	ok
def_gate_bool_xor_name	逻辑与电路	逻辑门	name	Xor	异或(Xor)	ok
def_gate_bool_xor_desc	逻辑与电路	逻辑门	desc	The output will be switched on if only one of the signals are on. The output will be switched off if the two signals are the same.	如果只有一个信号打开，则输出将打开。如果两个信号相同，则输出将关闭	ok
def_gate_bool_xor_s_desc	逻辑与电路	逻辑门	s_desc	A logic gate that outputs the logical XOR of two input signals.	输出两个输入信号的逻辑异或	ok
def_gate_bool_xor_node_0_label	逻辑与电路	逻辑门	label	A	A	ok
def_gate_bool_xor_node_0_desc	逻辑与电路	逻辑门	node_desc	The first value to perform the logical XOR on.	对其执行逻辑异或的第一个值	ok
def_gate_bool_xor_node_1_label	逻辑与电路	逻辑门	label	B	B	ok
def_gate_bool_xor_node_1_desc	逻辑与电路	逻辑门	node_desc	The first value to perform the logical XOR on.	对其执行逻辑异或的第一个值	ok
def_gate_bool_xor_node_2_label	逻辑与电路	逻辑门	label	A XOR B	A异或B	ok
def_gate_bool_xor_node_2_desc	逻辑与电路	逻辑门	node_desc	Outputs an on signal if only A is on, or only B is on. The output is off if A and B are both on or off.	如果只有A接通或只有B接通，则输出接通信号。如果A和B都打开或关闭，则输出关闭	ok
def_gate_float_abs_name	逻辑与电路	逻辑门	name	Abs	绝对值(Abs)	ok
def_gate_float_abs_desc	逻辑与电路	逻辑门	desc	Negative numbers are converted to positive numbers, whilst positive numbers are unchanged.	负数转换为正数，而正数不变	ok
def_gate_float_abs_s_desc	逻辑与电路	逻辑门	s_desc	Outputs the absolute value of a number input.	输出数字输入的绝对值	ok
def_gate_float_abs_node_0_label	逻辑与电路	逻辑门	label	Absolute Value	绝对值	ok
def_gate_float_abs_node_0_desc	逻辑与电路	逻辑门	node_desc	The absolute value of the input.	输入的绝对值	ok
def_gate_float_abs_node_1_label	逻辑与电路	逻辑门	label	Input Number	输入数字	ok
def_gate_float_abs_node_1_desc	逻辑与电路	逻辑门	node_desc	The number to get the absolute value of.	要获取的绝对值的数字	ok
def_gate_float_add_name	逻辑与电路	逻辑门	name	Add	加(Add)	ok
def_gate_float_add_desc	逻辑与电路	逻辑门	desc			ok
def_gate_float_add_s_desc	逻辑与电路	逻辑门	s_desc	Takes two number inputs, adds them together, and outputs the result.	接受两个数字输入，将它们相加，然后输出结果	ok
def_gate_float_add_node_0_label	逻辑与电路	逻辑门	label	A	A	ok
def_gate_float_add_node_0_desc	逻辑与电路	逻辑门	node_desc	The first value to be added.	加的第一个值	ok
def_gate_float_add_node_1_label	逻辑与电路	逻辑门	label	A + B	A+B	ok
def_gate_float_add_node_1_desc	逻辑与电路	逻辑门	node_desc	Outputs the result of A + B.	输出A+B的结果	ok
def_gate_float_add_node_2_label	逻辑与电路	逻辑门	label	B	B	ok
def_gate_float_add_node_2_desc	逻辑与电路	逻辑门	node_desc	The second value to be added.	加的第二个值	ok
def_gate_float_clamp_name	逻辑与电路	逻辑门	name	Clamp	Clamp函数	ok
def_gate_float_clamp_desc	逻辑与电路	逻辑门	desc	The upper and lower values to clamp to can be configured by selecting this component with the select tool.	通过使用选择工具选择此组件，可以配置限制区间的端点值	ok
def_gate_float_clamp_s_desc	逻辑与电路	逻辑门	s_desc	The clamp takes a number input and clamps it to a set range.	Clamp函数接受一个数字输入并将其限制到一个设定的范围。\n(译者注:假定输入值为x，限定区间为[a,b]。当x<=a时，输出值为a；当x>=b时，输出值为b；当a<=x<=b时，输出值为x。)	ok
def_gate_float_clamp_node_0_label	逻辑与电路	逻辑门	label	Clamped Number	被限制数	ok
def_gate_float_clamp_node_0_desc	逻辑与电路	逻辑门	node_desc	The input after being clamped within the upper and lower bounds.	需要被限制的输入值	ok
def_gate_float_clamp_node_1_label	逻辑与电路	逻辑门	label	Number to Clamp	限制结果值	ok
def_gate_float_clamp_node_1_desc	逻辑与电路	逻辑门	node_desc	The value to clamp within the upper and lower bounds.	被限制后的输出值	ok
def_gate_float_constant_name	逻辑与电路	逻辑门	name	Constant Number	常数	ok
def_gate_float_constant_desc	逻辑与电路	逻辑门	desc	The number that is being outputted can be configured by selecting this component with the select tool.	可以通过使用选择工具选择此组件来配置常数数值	ok
def_gate_float_constant_s_desc	逻辑与电路	逻辑门	s_desc	Outputs a constant numerical value.	输出一个恒定的数值	ok
def_gate_float_constant_node_0_label	逻辑与电路	逻辑门	label	Constant Number	常数	ok
def_gate_float_constant_node_0_desc	逻辑与电路	逻辑门	node_desc	The selected output number.	选定的输出编号	ok
def_gate_float_counter_name	逻辑与电路	逻辑门	name	Counter	计数器	ok
def_gate_float_counter_desc	逻辑与电路	逻辑门	desc	Stores and constantly outputs a value which increases by an input amount.	存储并持续输出一个增加输入量的值	ok
def_gate_float_counter_s_desc	逻辑与电路	逻辑门	s_desc	A counter which increases with a set speed.	以一定速度增加的计数器	ok
def_gate_float_counter_node_0_label	逻辑与电路	逻辑门	label	Speed	速度	ok
def_gate_float_counter_node_0_desc	逻辑与电路	逻辑门	node_desc	The speed the count rises by.	计数速度	ok
def_gate_float_counter_node_1_label	逻辑与电路	逻辑门	label	Count	计数	ok
def_gate_float_counter_node_1_desc	逻辑与电路	逻辑门	node_desc	The current count.	当前计数	ok
def_gate_float_counter_ping_pong_name	逻辑与电路	逻辑门	name	Counter (Ping Pong)	计数器(振荡)	ok
def_gate_float_counter_ping_pong_desc	逻辑与电路	逻辑门	desc			ok
def_gate_float_counter_ping_pong_s_desc	逻辑与电路	逻辑门	s_desc	A counter which oscillates between -1 and +1 with a set speed.	以设定速度在-1和+1之间振荡的计数器	ok
def_gate_float_counter_ping_pong_node_0_label	逻辑与电路	逻辑门	label	Speed	速度	ok
def_gate_float_counter_ping_pong_node_0_desc	逻辑与电路	逻辑门	node_desc	The speed the count changes by.	计数改变的速度	ok
def_gate_float_counter_ping_pong_node_1_label	逻辑与电路	逻辑门	label	Count	计数	ok
def_gate_float_counter_ping_pong_node_1_desc	逻辑与电路	逻辑门	node_desc	The current count.	当前计数	ok
def_gate_float_divide_name	逻辑与电路	逻辑门	name	Divide	除	ok
def_gate_float_divide_desc	逻辑与电路	逻辑门	desc	If a division by 0 occurs, an on signal will be produced and the output number value will be set to 0.	如果出现除以0的情况，将产生一个on信号，并将输出数值设置为0.	ok
def_gate_float_divide_s_desc	逻辑与电路	逻辑门	s_desc	Takes two number inputs, divides one by the other, and outputs the result.	接受两个数字输入，一个除以另一个，然后输出结果	ok
def_gate_float_divide_node_0_label	逻辑与电路	逻辑门	label	A	A	ok
def_gate_float_divide_node_0_desc	逻辑与电路	逻辑门	node_desc	The number to divide.	被除数	ok
def_gate_float_divide_node_1_label	逻辑与电路	逻辑门	label	B	B	ok
def_gate_float_divide_node_1_desc	逻辑与电路	逻辑门	node_desc	The number to divide by.	除数	ok
def_gate_float_divide_node_2_label	逻辑与电路	逻辑门	label	Error	错误	ok
def_gate_float_divide_node_2_desc	逻辑与电路	逻辑门	node_desc	Outputs true when a division by 0 occurs.	当除以0时输出为真	ok
def_gate_float_divide_node_3_label	逻辑与电路	逻辑门	label	A / B	A/B	ok
def_gate_float_divide_node_3_desc	逻辑与电路	逻辑门	node_desc	The result of A divided by B, or 0 attempting to divide by 0.	A除以B的结果，或0(当B=0时的返回值)	ok
def_gate_float_exponent_name	逻辑与电路	逻辑门	name	Exponent	指数	ok
def_gate_float_exponent_desc	逻辑与电路	逻辑门	desc	The exponent can be changed by selecting this component with the select tool.	通过使用选择工具选择此组件，可以更改指数	ok
def_gate_float_exponent_s_desc	逻辑与电路	逻辑门	s_desc	Outputs its input raised to the power of a selected exponent.	将其输入提升为所选指数的幂	ok
def_gate_float_exponent_node_0_label	逻辑与电路	逻辑门	label	Powered Number	指数运算结果	ok
def_gate_float_exponent_node_0_desc	逻辑与电路	逻辑门	node_desc	The input raised to the power of the selected exponent.	提高到所选指数的幂的输入	ok
def_gate_float_exponent_node_1_label	逻辑与电路	逻辑门	label	Input Number	输入数字	ok
def_gate_float_exponent_node_1_desc	逻辑与电路	逻辑门	node_desc	The number to exponentiate.	要指数化的数字	ok
def_gate_float_greater_than_name	逻辑与电路	逻辑门	name	Greater-than	大于	ok
def_gate_float_greater_than_desc	逻辑与电路	逻辑门	desc	Outputs an on signal if the first input is greater than the second, and outputs an off signal if the first input is less than or equal to the second.	如果第一个输入大于第二个输入，则输出打开信号；如果第一个输入小于或等于第二个输入，则输出关闭信号	ok
def_gate_float_greater_than_s_desc	逻辑与电路	逻辑门	s_desc	Compares two numerical values.	比较两个数值	ok
def_gate_float_greater_than_node_0_label	逻辑与电路	逻辑门	label	A	A	ok
def_gate_float_greater_than_node_0_desc	逻辑与电路	逻辑门	node_desc	The value to compare.	要比较的值	ok
def_gate_float_greater_than_node_1_label	逻辑与电路	逻辑门	label	B	B	ok
def_gate_float_greater_than_node_1_desc	逻辑与电路	逻辑门	node_desc	The value to be compared to.	要被比较的值	ok
def_gate_float_greater_than_node_2_label	逻辑与电路	逻辑门	label	A GREATER THAN B	A大于B	ok
def_gate_float_greater_than_node_2_desc	逻辑与电路	逻辑门	node_desc	Outputs an on signal if A is greater than B. Outputs an off signal if A is less than or equal to B.	如果A大于B，则输出on信号；如果A小于或等于B，则输出off信号	ok
def_gate_float_invert_name	逻辑与电路	逻辑门	name	Numerical Inverter	数字取反器	ok
def_gate_float_invert_desc	逻辑与电路	逻辑门	desc			ok
def_gate_float_invert_s_desc	逻辑与电路	逻辑门	s_desc	The inverter takes a number as input, multiplies it by -1, and outputs the result.	逆变器将一个数字作为输入，乘以-1，然后输出结果	ok
def_gate_float_invert_node_0_label	逻辑与电路	逻辑门	label	Number to Invert	要反转的数字	ok
def_gate_float_invert_node_0_desc	逻辑与电路	逻辑门	node_desc	The number that will be inverted.	将被反转的数字	ok
def_gate_float_invert_node_1_label	逻辑与电路	逻辑门	label	Inverted Number	倒数	ok
def_gate_float_invert_node_1_desc	逻辑与电路	逻辑门	node_desc	The inverse of the input. This is equivalent to multiplying the input by -1.	输入的倒数。这相当于将输入乘以-1	ok
def_gate_float_less_than_name	逻辑与电路	逻辑门	name	Less-Than	小于	ok
def_gate_float_less_than_desc	逻辑与电路	逻辑门	desc	Outputs an on signal if the first input is less than the second, and outputs an off signal if the first input is greater than or equal to the second.	如果第一个输入小于第二个输入，则输出打开信号；如果第一个输入大于或等于第二个输入，则输出关闭信号	ok
def_gate_float_less_than_s_desc	逻辑与电路	逻辑门	s_desc	Compares two numerical values.	比较两个数值	ok
def_gate_float_less_than_node_0_label	逻辑与电路	逻辑门	label	A	A	ok
def_gate_float_less_than_node_0_desc	逻辑与电路	逻辑门	node_desc	The value to compare.	要比较的值	ok
def_gate_float_less_than_node_1_label	逻辑与电路	逻辑门	label	B	B	ok
def_gate_float_less_than_node_1_desc	逻辑与电路	逻辑门	node_desc	The value to be compared to.	要被比较的值	ok
def_gate_float_less_than_node_2_label	逻辑与电路	逻辑门	label	A LESS THAN B	A小于B	ok
def_gate_float_less_than_node_2_desc	逻辑与电路	逻辑门	node_desc	Outputs an on signal if A is less than B. Outputs an off signal if A is greater than or equal to B.	如果A小于B，则输出打开信号。如果A大于或等于B，则输出关闭信号	ok
def_gate_float_modulo_name	逻辑与电路	逻辑门	name	Modulo	模(Modulo)	ok
def_gate_float_modulo_desc	逻辑与电路	逻辑门	desc			ok
def_gate_float_modulo_s_desc	逻辑与电路	逻辑门	s_desc	Takes two number inputs, outputs the remainder after dividing the first by the second.	接受两个数字输入，输出第一个除以第二个后的余数	ok
def_gate_float_modulo_node_0_label	逻辑与电路	逻辑门	label	A	A	ok
def_gate_float_modulo_node_0_desc	逻辑与电路	逻辑门	node_desc	The value to modulo.	模的值	ok
def_gate_float_modulo_node_1_label	逻辑与电路	逻辑门	label	A % B	A%B	ok
def_gate_float_modulo_node_1_desc	逻辑与电路	逻辑门	node_desc	Outputs the remainder when A is divided by B.	当A除以B时输出余数	ok
def_gate_float_modulo_node_2_label	逻辑与电路	逻辑门	label	B	B	ok
def_gate_float_modulo_node_2_desc	逻辑与电路	逻辑门	node_desc	The value to modulo A by.	将A取模的值	ok
def_gate_float_multiply_name	逻辑与电路	逻辑门	name	Multiply	乘	ok
def_gate_float_multiply_desc	逻辑与电路	逻辑门	desc			ok
def_gate_float_multiply_s_desc	逻辑与电路	逻辑门	s_desc	Takes two number inputs, multiplies them together, and outputs the result.	接受两个数字输入，将它们相乘，然后输出结果	ok
def_gate_float_multiply_node_0_label	逻辑与电路	逻辑门	label	A	A	ok
def_gate_float_multiply_node_0_desc	逻辑与电路	逻辑门	node_desc	The value to be multiplied.	要乘以的值	ok
def_gate_float_multiply_node_1_label	逻辑与电路	逻辑门	label	A x B	A x B级	ok
def_gate_float_multiply_node_1_desc	逻辑与电路	逻辑门	node_desc	Outputs the result of multiplying A by B.	输出A乘B的结果	ok
def_gate_float_multiply_node_2_label	逻辑与电路	逻辑门	label	B	B	ok
def_gate_float_multiply_node_2_desc	逻辑与电路	逻辑门	node_desc	The value to multiply by.	要乘以的值	ok
def_gate_float_register_name	逻辑与电路	逻辑门	name	Memory Register	存储寄存器	ok
def_gate_float_register_desc	逻辑与电路	逻辑门	desc	The number input will be stored when an on signal is received. A secondary on/off signal can be used to clear the stored value, resetting it to the configured value set using the select tool.	当接收到接通信号时，数字输入将被存储。辅助开/关信号可用于清除存储值，使用选择工具将其重置为配置值集	ok
def_gate_float_register_s_desc	逻辑与电路	逻辑门	s_desc	A memory register that can store a number value.	能存储数值的存储寄存器	ok
def_gate_float_register_node_0_label	逻辑与电路	逻辑门	label	Stored Value	存储值	ok
def_gate_float_register_node_0_desc	逻辑与电路	逻辑门	node_desc	The value that is stored in the memory.	存储在内存中的值	ok
def_gate_float_register_node_1_label	逻辑与电路	逻辑门	label	Value to Store	要存储的值	ok
def_gate_float_register_node_1_desc	逻辑与电路	逻辑门	node_desc	The value that will be stored when receiving an on signal.	接收到接通信号时存储的值	ok
def_gate_float_register_node_2_label	逻辑与电路	逻辑门	label	Set	设定	ok
def_gate_float_register_node_2_desc	逻辑与电路	逻辑门	node_desc	Stores the input value when receiving an on signal.	存储接收到打开信号时的输入值	ok
def_gate_float_register_node_3_label	逻辑与电路	逻辑门	label	Clear	清除	ok
def_gate_float_register_node_3_desc	逻辑与电路	逻辑门	node_desc	Resets the stored value to 0.	将存储的值重置为0.	ok
def_gate_float_sin_name	逻辑与电路	逻辑门	name	Trigonometry	三角函数	ok
def_gate_float_sin_desc	逻辑与电路	逻辑门	desc	The available functions are sin, cos, tan, asin, acos and atan. If an invalid number is input, the output will be 0. Sin, cos and tan accept inputs measured in turns. Asin, acos and atan output values measured in turns. The function can be set by selecting this component with the select tool.	可用的功能有sin、cos、tan、asin、acos和atan。如果输入的数字无效，则输出为0.Sin、cos和tan接受轮流测量的输入。Asin、acos和atan输出值依次测量。使用选择工具选择此组件可以设置此功能	ok
def_gate_float_sin_s_desc	逻辑与电路	逻辑门	s_desc	Provides a set of basic trigonometry functions.	提供一组基本三角函数	ok
def_gate_float_sin_node_0_label	逻辑与电路	逻辑门	label	f(x)	f(x)	ok
def_gate_float_sin_node_0_desc	逻辑与电路	逻辑门	node_desc	f(x), where f is the selected function and x is the input.	f(x)，其中f是所选函数，x是输入	ok
def_gate_float_sin_node_1_label	逻辑与电路	逻辑门	label	Input Number	输入数字	ok
def_gate_float_sin_node_1_desc	逻辑与电路	逻辑门	node_desc	The input to the function.	函数的输入	ok
def_gate_float_subtract_name	逻辑与电路	逻辑门	name	Subtract	减去	ok
def_gate_float_subtract_desc	逻辑与电路	逻辑门	desc			ok
def_gate_float_subtract_s_desc	逻辑与电路	逻辑门	s_desc	Takes two number inputs, subtracts the second from first, and outputs the result.	接受两个数字输入，从第一个数字中减去第二个数字，然后输出结果	ok
def_gate_float_subtract_node_0_label	逻辑与电路	逻辑门	label	A	A	ok
def_gate_float_subtract_node_0_desc	逻辑与电路	逻辑门	node_desc	The value to subtract from.	要从中减去的值	ok
def_gate_float_subtract_node_1_label	逻辑与电路	逻辑门	label	A - B	A-B	ok
def_gate_float_subtract_node_1_desc	逻辑与电路	逻辑门	node_desc	Outputs the result of subtracting B from A.	输出从A减去B的结果	ok
def_gate_float_subtract_node_2_label	逻辑与电路	逻辑门	label	B	B	ok
def_gate_float_subtract_node_2_desc	逻辑与电路	逻辑门	node_desc	The value to subtract.	要减去的值	ok
def_gate_float_switch_name	逻辑与电路	逻辑门	name	Numerical Junction	数字输出节点	ok
def_gate_float_switch_desc	逻辑与电路	逻辑门	desc	The junction can be switched using an on/off signal. When the signal is on, the number is passed through to the first output and a value of 0 is passed to the second. When the signal is off, the number is passed through to the second output with the first being set to 0.	节点可以通过一个开/关信号来进行切换。当信号为开时，数字将被输出到第一个输出，而第二个输出端输出0。若信号为关则相反	ok
def_gate_float_switch_s_desc	逻辑与电路	逻辑门	s_desc	Acts as a junction for two number signals.	充当两个数字信号的连接	ok
def_gate_float_switch_node_0_label	逻辑与电路	逻辑门	label	Switch Signal	开关信号	ok
def_gate_float_switch_node_0_desc	逻辑与电路	逻辑门	node_desc	Controls which of the two output paths the input value will be sent to.	控制输入值将发送到两个输出路径中的哪一个	ok
def_gate_float_switch_node_1_label	逻辑与电路	逻辑门	label	Value to Pass Through	要传递的值	ok
def_gate_float_switch_node_1_desc	逻辑与电路	逻辑门	node_desc	The value to pass through the junction.	通过交叉点的值	ok
def_gate_float_switch_node_2_label	逻辑与电路	逻辑门	label	On Path	开启路径	ok
def_gate_float_switch_node_2_desc	逻辑与电路	逻辑门	node_desc	Receives the input value when the switch signal is set to on.	当开关信号设置为on时接收输入值	ok
def_gate_float_switch_node_3_label	逻辑与电路	逻辑门	label	Off Path	关闭路径	ok
def_gate_float_switch_node_3_desc	逻辑与电路	逻辑门	node_desc	Receives the input value when the switch signal is set to off.	当开关信号设置为off时接收输入值	ok
def_gate_float_switch_input_name	逻辑与电路	逻辑门	name	Numerical Switchbox	数字信号选择器	ok
def_gate_float_switch_input_desc	逻辑与电路	逻辑门	desc	Which of the two inputs is sent to the output is determined by the on/off switch signal. When the signal is on, the first value is sent to the output. When it is off, the second output is sent.	两个输入中的哪一个被发送到输出由开/关开关信号决定。当信号打开时，第一个值被发送到输出端。当它关闭时，发送第二个输出	ok
def_gate_float_switch_input_s_desc	逻辑与电路	逻辑门	s_desc	Acts as a switchbox for two number signals.	用作两个数字信号的开关箱	ok
def_gate_float_switch_input_node_0_label	逻辑与电路	逻辑门	label	Switch Signal	开关信号	ok
def_gate_float_switch_input_node_0_desc	逻辑与电路	逻辑门	node_desc	Controls which of the two input values will be sent to the output.	控制将两个输入值中的哪一个发送到输出	ok
def_gate_float_switch_input_node_1_label	逻辑与电路	逻辑门	label	First Value (On)	第一个值(开)	ok
def_gate_float_switch_input_node_1_desc	逻辑与电路	逻辑门	node_desc	The value to output when the switch signal is on.	开关信号打开时要输出的值	ok
def_gate_float_switch_input_node_2_label	逻辑与电路	逻辑门	label	Switched Value	输出值	ok
def_gate_float_switch_input_node_2_desc	逻辑与电路	逻辑门	node_desc	Outputs the first value when the switch signal is on, and the second value when it is off.	当开关信号打开时输出第一个值，当开关信号关闭时输出第二个值	ok
def_gate_float_switch_input_node_3_label	逻辑与电路	逻辑门	label	Second Value (Off)	第二个值(关)	ok
def_gate_float_switch_input_node_3_desc	逻辑与电路	逻辑门	node_desc	The value to output when the switch signal is off.	开关信号关闭时要输出的值	ok
def_gate_float_threshold_name	逻辑与电路	逻辑门	name	Threshold Gate	阈值门	ok
def_gate_float_threshold_desc	逻辑与电路	逻辑门	desc	A lower and upper bound to the threshold must be set. The output is set to on if the input value is less than or equal to the upper bound, and greater than or equal to the lower bound. If it is outside this range, the output is set to off. The threshold bounds can be configured by selecting this component with the select tool.	必须设置阈值的下限和上限。如果输入值小于或等于上限，并且大于或等于下限，则输出设置为“开”。如果超出此范围，则将输出设置为“关”。使用选择工具选择此组件可以配置阈值边界	ok
def_gate_float_threshold_s_desc	逻辑与电路	逻辑门	s_desc	Takes a value and compares it to a set threshold.	获取一个值并将其与设置的阈值进行比较	ok
def_gate_float_threshold_node_0_label	逻辑与电路	逻辑门	label	Value to Test	要测试的值	ok
def_gate_float_threshold_node_0_desc	逻辑与电路	逻辑门	node_desc	The value to test within the threshold.	要在阈值内测试的值	ok
def_gate_float_threshold_node_1_label	逻辑与电路	逻辑门	label	Within Threshold	在阈值内	ok
def_gate_float_threshold_node_1_desc	逻辑与电路	逻辑门	node_desc	Outputs an on signal when the input value is within the set threshold.	当输入值在设定的阈值范围内时，输出接通信号	ok
def_gate_function_large_name	逻辑与电路	逻辑门	name	Function (3 inputs)	函数(3个输入)	ok
def_gate_function_large_desc	逻辑与电路	逻辑门	desc	The function can be entered by selecting this component with the select tool. A full list of valid operations are also visible in the component's selection menu.	通过使用选择工具选择该组件可以进入该函数。在组件的选择菜单中也可以看到有效操作的完整列表	ok
def_gate_function_large_s_desc	逻辑与电路	逻辑门	s_desc	Evaluates a mathematical function with up to 3 variable inputs.	使用最多3个变量输入计算数学函数	ok
def_gate_function_large_node_0_label	逻辑与电路	逻辑门	label	Input 1 (x)	输入1(x)	ok
def_gate_function_large_node_0_desc	逻辑与电路	逻辑门	node_desc	X input to the function.	函数的X输入	ok
def_gate_function_large_node_1_label	逻辑与电路	逻辑门	label	f(x,y,z)	f(x，y，z)	ok
def_gate_function_large_node_1_desc	逻辑与电路	逻辑门	node_desc	Outputs the evaluation of the entered function.	输出对输入函数的求值	ok
def_gate_function_large_node_2_label	逻辑与电路	逻辑门	label	Input 2 (y)	输入2(y)	ok
def_gate_function_large_node_2_desc	逻辑与电路	逻辑门	node_desc	Y input to the function.	函数的Y输入	ok
def_gate_function_large_node_3_label	逻辑与电路	逻辑门	label	Input 3 (z)	输入3(z)	ok
def_gate_function_large_node_3_desc	逻辑与电路	逻辑门	node_desc	Z input to the function.	函数的Z输入	ok
def_gate_function_small_name	逻辑与电路	逻辑门	name	Function (1 input)	函数(1个输入)	ok
def_gate_function_small_desc	逻辑与电路	逻辑门	desc	The function can be entered by selecting this component with the select tool. A full list of valid operations are also visible in the component's selection menu.	通过使用选择工具选择该组件可以进入该函数。在组件的选择菜单中也可以看到有效操作的完整列表	ok
def_gate_function_small_s_desc	逻辑与电路	逻辑门	s_desc	Evaluates a mathematical function with 1 variable inputs	用1个变量输入计算数学函数	ok
def_gate_function_small_node_0_label	逻辑与电路	逻辑门	label	f(x)	f(x)	ok
def_gate_function_small_node_0_desc	逻辑与电路	逻辑门	node_desc	Outputs the evaluation of the entered function.	输出对输入函数的求值	ok
def_gate_function_small_node_1_label	逻辑与电路	逻辑门	label	Input 1 (x)	输入1(x)	ok
def_gate_function_small_node_1_desc	逻辑与电路	逻辑门	node_desc	X input to the function.	函数的X输入	ok
def_gate_jk_flipflop_name	逻辑与电路	逻辑门	name	JK Flip-Flop	JK触发器	ok
def_gate_jk_flipflop_desc	逻辑与电路	逻辑门	desc	When both inputs are off, there is no change in state. If both Set and Reset are set to on, the state will be toggled.	当两个输入都off时，状态没有变化。如果Set和Reset都设置为on，则状态将被切换(反转)	ok
def_gate_jk_flipflop_s_desc	逻辑与电路	逻辑门	s_desc	A JK flip-flop that can be set and reset using two on/off inputs.	JK触发器，可以用两个on/off输入进行设置和复位	ok
def_gate_jk_flipflop_node_0_label	逻辑与电路	逻辑门	label	Set	设置(Set)	ok
def_gate_jk_flipflop_node_0_desc	逻辑与电路	逻辑门	node_desc	Sets the output to on.	将输出设置为打开	ok
def_gate_jk_flipflop_node_1_label	逻辑与电路	逻辑门	label	Reset	重置(Reset)	ok
def_gate_jk_flipflop_node_1_desc	逻辑与电路	逻辑门	node_desc	Sets the output to off.	将输出设置为关闭	ok
def_gate_jk_flipflop_node_2_label	逻辑与电路	逻辑门	label	Output	输出	ok
def_gate_jk_flipflop_node_2_desc	逻辑与电路	逻辑门	node_desc	The internal state of the flip-flop.	触发器的内部状态	ok
def_gate_jk_flipflop_node_3_label	逻辑与电路	逻辑门	label	NOT Output	NOT输出	ok
def_gate_jk_flipflop_node_3_desc	逻辑与电路	逻辑门	node_desc	The inverse of the internal state of the flip-flop.	触发器内部状态的取非	ok
def_gate_pid_controller_name	逻辑与电路	逻辑门	name	PID Controller	PID控制器	ok
def_gate_pid_controller_desc	逻辑与电路	逻辑门	desc	It takes the current measured output of a system or sensor, and a desired target measurement. It outputs a value that can be used as an input to the system to gradually correct its error. For example, the controller could input to an engine's throttle to maintain a desired speed or altitude. The control terms (proportional, integral and derivative) can be set by selecting the component with the select tool. The control terms must be carefully tuned for optimal output.	它获取系统或传感器的电流测量输出，以及所需的目标测量。它输出一个值，可以用作系统的输入，以逐步纠正其错误。例如，控制器可以输入发动机的油门以保持所需的速度或高度。控制项(比例、积分和导数)可以通过使用选择工具选择组件来设置。必须仔细调整控制项以获得最佳输出	ok
def_gate_pid_controller_s_desc	逻辑与电路	逻辑门	s_desc	A control loop feedback mechanism that measures and corrects the error in a system over time.	控制回路反馈机制，随着时间的推移测量并校正系统中的错误	ok
def_gate_pid_controller_node_0_label	逻辑与电路	逻辑门	label	Active	激活	ok
def_gate_pid_controller_node_0_desc	逻辑与电路	逻辑门	node_desc	Sets whether or not the controller is active. When inactive, stored values are reset.	设置控制器是否处于活动状态。不活动时，存储的值将重置	ok
def_gate_pid_controller_node_1_label	逻辑与电路	逻辑门	label	Control Output	控制输出	ok
def_gate_pid_controller_node_1_desc	逻辑与电路	逻辑门	node_desc	The output computed by the controller.	控制器计算的输出	ok
def_gate_pid_controller_node_2_label	逻辑与电路	逻辑门	label	Process Variable	被校准变量	ok
def_gate_pid_controller_node_2_desc	逻辑与电路	逻辑门	node_desc	The current measured value of the system.	系统的当前测量值	ok
def_gate_pid_controller_node_3_label	逻辑与电路	逻辑门	label	Setpoint	设定值	ok
def_gate_pid_controller_node_3_desc	逻辑与电路	逻辑门	node_desc	The desired value to correct the process variable to.	预期的校准结果	ok
def_gate_push_to_toggle_name	逻辑与电路	逻辑门	name	Push to Toggle	按压-切换	ok
def_gate_push_to_toggle_desc	逻辑与电路	逻辑门	desc	This can allow regular push buttons to act as toggle buttons.	这可以让常规的按压按钮充当切换按钮	ok
def_gate_push_to_toggle_s_desc	逻辑与电路	逻辑门	s_desc	This component has an internal on/off switch that is toggled every time a new on signal is sent to its input.	此组件有一个内部开/关开关，每次向其输入端发送新的开信号时都会切换该开关	ok
def_gate_push_to_toggle_node_0_label	逻辑与电路	逻辑门	label	Toggle Signal	开关信号	ok
def_gate_push_to_toggle_node_0_desc	逻辑与电路	逻辑门	node_desc	An on signal toggles the internal on/off switch.	打开信号切换内部开/关开关	ok
def_gate_push_to_toggle_node_1_label	逻辑与电路	逻辑门	label	Internal State	内部状态	ok
def_gate_push_to_toggle_node_1_desc	逻辑与电路	逻辑门	node_desc	The output of the internal on/off switch.	内部开/关开关的输出	ok
def_gate_sr_latch_name	逻辑与电路	逻辑门	name	SR Latch	SR锁存器	ok
def_gate_sr_latch_desc	逻辑与电路	逻辑门	desc	When both inputs are off, there is no change in state. If both Set and Reset are set to on, Reset will take precedence.	当两个输入都设置为off时，状态没有变化。如果Set和Reset都设置为on，将创建一个无效状态，并且两个输出都设置为off	ok
def_gate_sr_latch_s_desc	逻辑与电路	逻辑门	s_desc	An SR latch that can be set and reset using two on/off inputs.	SR锁存器，可使用两个on/off输入进行设置和复位	ok
def_gate_sr_latch_node_0_label	逻辑与电路	逻辑门	label	Set	组(Set)	ok
def_gate_sr_latch_node_0_desc	逻辑与电路	逻辑门	node_desc	Sets the output to on.	将输出设置为打开	ok
def_gate_sr_latch_node_1_label	逻辑与电路	逻辑门	label	Reset	重置	ok
def_gate_sr_latch_node_1_desc	逻辑与电路	逻辑门	node_desc	Sets the output to off.	将输出设置为关闭	ok
def_gate_sr_latch_node_2_label	逻辑与电路	逻辑门	label	Output	输出	ok
def_gate_sr_latch_node_2_desc	逻辑与电路	逻辑门	node_desc	The internal state of the latch.	锁存器的内部状态	ok
def_gate_sr_latch_node_3_label	逻辑与电路	逻辑门	label	NOT Output	NOT输出	ok
def_gate_sr_latch_node_3_desc	逻辑与电路	逻辑门	node_desc	The inverse of the internal state of the latch.	锁存器内部状态的取非	ok
def_gate_torque_add_name	逻辑与电路	逻辑门	name	Power Add	动力加和(Power Add)	ok
def_gate_torque_add_desc	逻辑与电路	逻辑门	desc			ok
def_gate_torque_add_s_desc	逻辑与电路	逻辑门	s_desc	Combines the outputs of two engines, allowing you to connect multiple engines to the same input.	合并两个引擎的输出，允许您将多个引擎连接收到同一个输入	ok
def_gate_torque_add_node_0_label	逻辑与电路	逻辑门	label	Combined Power	联合动力	ok
def_gate_torque_add_node_0_desc	逻辑与电路	逻辑门	node_desc	Outputs the combined power of engine 1 and 2.	输出发动机1和2的综合功率	ok
def_gate_torque_multimeter_name	逻辑与电路	逻辑门	name	Power Meter	功率计(Power Meter)	ok
def_gate_torque_multimeter_desc	逻辑与电路	逻辑门	desc	To prevent a loss of power, it should be connected in series between the engine and its receiving component.	为防止功率损失，应在发动机与其接收部件之间串联	ok
def_gate_torque_multimeter_s_desc	逻辑与电路	逻辑门	s_desc	The power meter allows you to take a measurement of how much power is being output from an engine to a specific component.	功率计允许您测量从发动机输出到特定部件的功率	ok
def_gate_torque_multimeter_node_0_label	逻辑与电路	逻辑门	label	Relay	继电器	ok
def_gate_torque_multimeter_node_0_desc	逻辑与电路	逻辑门	node_desc	Relays the power received from an engine.	中继从发动机接收的功率	ok
def_gate_train_junction_name	逻辑与电路	逻辑门	name	Train Junction Controller	铁路交叉口控制器	ok
def_gate_train_junction_desc	逻辑与电路	逻辑门	desc	This can allow regular push buttons to act as toggle buttons.	这可以让常规按钮充当切换按钮	ok
def_gate_train_junction_s_desc	逻辑与电路	逻辑门	s_desc	This component has an internal on/off switch that is toggled every time a new on signal is sent to its input.	此组件有一个内部开/关开关，每次向其输入端发送新的开信号时都会切换该开关	ok
def_gate_train_junction_node_0_label	逻辑与电路	逻辑门	label	Toggle Signal	开关信号	ok
def_gate_train_junction_node_0_desc	逻辑与电路	逻辑门	node_desc	An on signal toggles the internal on/off switch.	打开信号切换内部开/关开关	ok
def_gate_train_junction_node_1_label	逻辑与电路	逻辑门	label	Internal State	内部状态	ok
def_gate_train_junction_node_1_desc	逻辑与电路	逻辑门	node_desc	The output of the internal on/off switch.	内部开/关开关的输出	ok
def_gate_up_down_name	逻辑与电路	逻辑门	name	Up/Down	上/下	ok
def_gate_up_down_desc	逻辑与电路	逻辑门	desc	The up input moves the value towards 1, and the down input moves it towards -1. This component can be used for converting on/off button presses into a standard number value that can be used to control any mechanical components that accept a standard number input.	向上输入将值移向1，向下输入将值移向-1。此组件可用于将“开/关”按钮压入转换为标准数值，该数值可用于控制接受标准数值输入的任何机械组件	ok
def_gate_up_down_s_desc	逻辑与电路	逻辑门	s_desc	This component uses two on/off signals to move an internal value between -1 and 1.	此组件使用两个开/关信号在-1和1之间移动一个内部值	ok
def_gate_up_down_node_0_label	逻辑与电路	逻辑门	label	Up	向上	ok
def_gate_up_down_node_0_desc	逻辑与电路	逻辑门	node_desc	Moves the internal value towards 1.	将内部值移向1	ok
def_gate_up_down_node_1_label	逻辑与电路	逻辑门	label	Down	向下	ok
def_gate_up_down_node_1_desc	逻辑与电路	逻辑门	node_desc	Moves the internal value towards -1.	将内部值移向-1	ok
def_gate_up_down_node_2_label	逻辑与电路	逻辑门	label	Up/Down Value	上/下值	ok
def_gate_up_down_node_2_desc	逻辑与电路	逻辑门	node_desc	The internally stored value between -1 an 1.	内部存储的值介于-1和1之间	ok
def_gauge_display_name	显示与控制	仪表	name	Gauge Display	仪表显示	ok
def_gauge_display_desc	显示与控制	仪表	desc	The primary needle is white and the secondary needle is red. The positions of the needles represent values ranging from -1 to 1 by default. This range can be configured by selecting the display with the select tool.	主针为白色，次针为红色。默认情况下，针的位置表示从-1到1的值。可以通过使用选择工具选择显示器来配置此范围	ok
def_gauge_display_s_desc	显示与控制	仪表	s_desc	A display with two needles that can be positioned independently.	有两个可以独立定位的针的显示器	ok
def_gauge_display_node_0_label	显示与控制	仪表	label	Primary Display Value	主显示值	ok
def_gauge_display_node_0_desc	显示与控制	仪表	node_desc	The numerical value that sets the position of the white needle.	设置白针位置的数值	ok
def_gauge_display_node_1_label	显示与控制	仪表	label	Secondary Display Value	次显示值	ok
def_gauge_display_node_1_desc	显示与控制	仪表	node_desc	The numerical value that sets the position of the red needle.	设置红色指针位置的数值	ok
def_gauge_display_node_2_label	显示与控制	仪表	label	Backlight	背光	ok
def_gauge_display_node_2_desc	显示与控制	仪表	node_desc	Enables the backlight when receiving an on signal.	接收到打开信号时启用背光	ok
def_gauge_display_node_3_label	显示与控制	仪表	label	Electric	电	ok
def_gauge_display_node_3_desc	显示与控制	仪表	node_desc	Electrical power connection.	电源连接	ok
def_generator_large_name	电力与能源	发电机	name	Large Generator	发电机(大)	ok
def_generator_large_desc	电力与能源	发电机	desc			ok
def_generator_large_s_desc	电力与能源	发电机	s_desc	A large generator unit for converting mechanical power to electricity.	把机械能转换成电能的大型发电机组	ok
def_generator_large_node_0_label	电力与能源	发电机	label	RPS	RPS	ok
def_generator_large_node_0_desc	电力与能源	发电机	node_desc	The torque power input to convert to electric energy.	将转矩功率输入转换为电能	ok
def_generator_large_node_1_label	电力与能源	发电机	label	Electric	电	ok
def_generator_large_node_1_desc	电力与能源	发电机	node_desc	The electric connection to output electric energy.	输出电能的电源连接	ok
def_generator_large_node_2_label	电力与能源	发电机	label	Output	输出	ok
def_generator_large_node_2_desc	电力与能源	发电机	node_desc	Data output giving the electrical generation of the generator.	提供发电机发电的数据输出	ok
def_generator_medium_name	电力与能源	发电机	name	Medium Generator	发电机(中)	ok
def_generator_medium_desc	电力与能源	发电机	desc			ok
def_generator_medium_s_desc	电力与能源	发电机	s_desc	A medium generator unit for converting mechanical power to electricity.	把机械能转换成电能的中型发电机组	ok
def_generator_medium_node_0_label	电力与能源	发电机	label	RPS	RPS	ok
def_generator_medium_node_0_desc	电力与能源	发电机	node_desc	The torque power input to convert to electric energy.	将转矩功率输入转换为电能	ok
def_generator_medium_node_1_label	电力与能源	发电机	label	Electric	电	ok
def_generator_medium_node_1_desc	电力与能源	发电机	node_desc	The electric connection to output electric energy.	输出电能的电源连接	ok
def_generator_medium_node_2_label	电力与能源	发电机	label	Output	输出	ok
def_generator_medium_node_2_desc	电力与能源	发电机	node_desc	Data output giving the electrical generation of the generator.	提供发电机发电的数据输出	ok
def_generator_small_name	电力与能源	发电机	name	Small Generator	发电机(小)	ok
def_generator_small_desc	电力与能源	发电机	desc			ok
def_generator_small_s_desc	电力与能源	发电机	s_desc	A small generator unit for converting mechanical power to electricity.	把机械能转换成电能的小型发电机组	ok
def_generator_small_node_0_label	电力与能源	发电机	label	RPS	RPS	ok
def_generator_small_node_0_desc	电力与能源	发电机	node_desc	The torque power input to convert to electric energy.	将转矩功率输入转换为电能	ok
def_generator_small_node_1_label	电力与能源	发电机	label	Electric	电	ok
def_generator_small_node_1_desc	电力与能源	发电机	node_desc	The electric connection to output electric energy.	输出电能的电源连接	ok
def_generator_small_node_2_label	电力与能源	发电机	label	Output	输出	ok
def_generator_small_node_2_desc	电力与能源	发电机	node_desc	Data output giving the electrical generation of the generator.	提供发电机发电的数据输出	ok
def_giga_prop_small_name	引擎与动力	巨型	name	Giant Propeller	船用螺旋桨(大)	ok
def_giga_prop_small_desc	引擎与动力	巨型	desc	Power received from an engine affects the forward and backward force generated. This propeller will only operate underwater.	从发动机获得的动力会产生前进和后退的动力。这个螺旋桨只能在水下工作	ok
def_giga_prop_small_s_desc	引擎与动力	巨型	s_desc	A giant propeller for ships.	船用的巨大螺旋桨	ok
def_giga_prop_small_node_0_label	引擎与动力	巨型	label	RPS	RPS	ok
def_giga_prop_small_node_0_desc	引擎与动力	巨型	node_desc	Receives power generated by an engine.	接收发动机产生的动力	ok
def_gps_sensor_name	通信与导航	GPS	name	GPS Sensor	GPS传感器	ok
def_gps_sensor_desc	通信与导航	GPS	desc	The coordinates represent an offset from the centre of the world, measured in metres. You can check the world coordinates of any location by looking at your map.	坐标表示距世界中心的偏移量，单位为米。你可以通过查看地图来查看任何地点的世界坐标	ok
def_gps_sensor_s_desc	通信与导航	GPS	s_desc	Outputs its x and y world coordinates according to its location on the map.	根据其在地图上的位置输出其x和y世界坐标	ok
def_gps_sensor_node_0_label	通信与导航	GPS	label	X Coordinate	X坐标	ok
def_gps_sensor_node_0_desc	通信与导航	GPS	node_desc	The x coordinate of this component on the world map.	世界地图上此组件的x坐标	ok
def_gps_sensor_node_1_label	通信与导航	GPS	label	Y Coordinate	Y坐标	ok
def_gps_sensor_node_1_desc	通信与导航	GPS	node_desc	The y coordinate of this component on the world map.	世界地图上此组件的y坐标	ok
def_gps_sensor_node_2_label	通信与导航	GPS	label	Electric	电	ok
def_gps_sensor_node_2_desc	通信与导航	GPS	node_desc	Electrical power connection.	电源连接	ok
def_gun_belt_corner_name	武器与军用	枪械/炮	name	Autocannon Belt (Corner)	自动火炮弹药带(拐角)	ok
def_gun_belt_corner_desc	武器与军用	枪械/炮	desc	Autocannon belts can transfer all calibers of autocannon ammo.	自动火炮弹药带可以传送所有口径的自动火炮弹药	ok
def_gun_belt_corner_s_desc	武器与军用	枪械/炮	s_desc	An autocannon ammo belt.	自动火炮弹药带	ok
def_gun_belt_corner_node_0_label	武器与军用	枪械/炮	label	Contains Ammo	是否有弹药	ok
def_gun_belt_corner_node_0_desc	武器与军用	枪械/炮	node_desc	Returns true if the belt contains a shell.	如果弹药带中有弹药，则返回true	ok
def_gun_belt_corner_flat_name	武器与军用	枪械/炮	name	Autocannon Belt (Corner Flat)	自动火炮弹药带(平角)	ok
def_gun_belt_corner_flat_desc	武器与军用	枪械/炮	desc	Autocannon belts can transfer all calibers of autocannon ammo.	自动火炮弹药带可以传送所有口径的自动火炮弹药	ok
def_gun_belt_corner_flat_s_desc	武器与军用	枪械/炮	s_desc	An autocannon ammo belt.	自动火炮弹药带	ok
def_gun_belt_corner_flat_node_0_label	武器与军用	枪械/炮	label	Contains Ammo	是否有弹药	ok
def_gun_belt_corner_flat_node_0_desc	武器与军用	枪械/炮	node_desc	Returns true if the belt contains a shell.	如果弹药带中有弹药，则返回true	ok
def_gun_belt_corner_flat_l_name	武器与军用	枪械/炮	name	Battle Cannon Belt (Corner Inner)	坦克主炮弹药带(内角)	ok
def_gun_belt_corner_flat_l_desc	武器与军用	枪械/炮	desc	Cannon ammo belts can store and transfer ammo shells. Spawned ammo type can be set in component properties window.	坦克主炮弹药带可以储存和转移弹药。生成的弹药类型可以在组件属性窗口中设置	ok
def_gun_belt_corner_flat_l_s_desc	武器与军用	枪械/炮	s_desc	A battle cannon ammo belt.	坦克主炮弹药带	ok
def_gun_belt_corner_flat_l_node_0_label	武器与军用	枪械/炮	label	Contains Ammo	是否有弹药	ok
def_gun_belt_corner_flat_l_node_0_desc	武器与军用	枪械/炮	node_desc	Returns true if the belt contains a shell.	如果弹药带包含弹药，则返回true	ok
def_gun_belt_corner_flat_reverse_l_name	武器与军用	枪械/炮	name	Battle Cannon Belt (Corner Outer)	坦克主炮弹药带(外角)	ok
def_gun_belt_corner_flat_reverse_l_desc	武器与军用	枪械/炮	desc	Cannon ammo belts can store and transfer ammo shells. Spawned ammo type can be set in component properties window.	弹药带可以储存和转移弹药弹。生成的弹药类型可以在组件属性窗口中设置	ok
def_gun_belt_corner_flat_reverse_l_s_desc	武器与军用	枪械/炮	s_desc	A battle cannon ammo belt.	坦克主炮弹药带	ok
def_gun_belt_corner_flat_reverse_l_node_0_label	武器与军用	枪械/炮	label	Contains Ammo	是否有弹药	ok
def_gun_belt_corner_flat_reverse_l_node_0_desc	武器与军用	枪械/炮	node_desc	Returns true if the belt contains a shell.	如果弹药带中有弹药，则返回true	ok
def_gun_belt_corner_flat_reverse_xl_name	武器与军用	枪械/炮	name	Artillery Cannon Belt (Corner Outer)	大型榴弹炮(外角)	ok
def_gun_belt_corner_flat_reverse_xl_desc	武器与军用	枪械/炮	desc	Cannon ammo belts can store and transfer ammo shells. Spawned ammo type can be set in component properties window.	大型榴弹炮弹药带可以储存和转移弹药。生成的弹药类型可以在组件属性窗口中设置	ok
def_gun_belt_corner_flat_reverse_xl_s_desc	武器与军用	枪械/炮	s_desc	An artillery cannon ammo belt.	大型榴弹炮弹药带	ok
def_gun_belt_corner_flat_reverse_xl_node_0_label	武器与军用	枪械/炮	label	Contains Ammo	是否有弹药	ok
def_gun_belt_corner_flat_reverse_xl_node_0_desc	武器与军用	枪械/炮	node_desc	Returns true if the belt contains a shell.	如果弹药带中有弹药，则返回true	ok
def_gun_belt_corner_flat_reverse_xxl_name	武器与军用	枪械/炮	name	Bertha Cannon Belt (Corner Outer)	贝莎巨炮弹药带(外角)	ok
def_gun_belt_corner_flat_reverse_xxl_desc	武器与军用	枪械/炮	desc	Cannon ammo belts can store and transfer ammo shells. Spawned ammo type can be set in component properties window. Bertha shells are too large to be moved by hand.	贝莎巨炮弹药带可以储存和转移弹药弹。生成的弹药类型可以在组件属性窗口中设置。贝莎巨炮的弹药太大了，不能用手移动	ok
def_gun_belt_corner_flat_reverse_xxl_s_desc	武器与军用	枪械/炮	s_desc	A bertha cannon ammo belt.	贝莎巨炮炮弹药带	ok
def_gun_belt_corner_flat_reverse_xxl_node_0_label	武器与军用	枪械/炮	label	Contains Ammo	是否有弹药	ok
def_gun_belt_corner_flat_reverse_xxl_node_0_desc	武器与军用	枪械/炮	node_desc	Returns true if the belt contains a shell.	如果弹药带中有弹药，则返回true	ok
def_gun_belt_corner_flat_xl_name	武器与军用	枪械/炮	name	Artillery Cannon Belt (Corner Inner)	大型榴弹炮弹药带(内角)	ok
def_gun_belt_corner_flat_xl_desc	武器与军用	枪械/炮	desc	Cannon ammo belts can store and transfer ammo shells. Spawned ammo type can be set in component properties window.	大型榴弹炮弹药带可以储存和转移弹药弹。生成的弹药类型可以在组件属性窗口中设置	ok
def_gun_belt_corner_flat_xl_s_desc	武器与军用	枪械/炮	s_desc	An artillery cannon ammo belt.	大型榴弹炮弹药带	ok
def_gun_belt_corner_flat_xl_node_0_label	武器与军用	枪械/炮	label	Contains Ammo	是否有弹药	ok
def_gun_belt_corner_flat_xl_node_0_desc	武器与军用	枪械/炮	node_desc	Returns true if the belt contains a shell.	如果弹药带中有弹药，则返回true	ok
def_gun_belt_corner_flat_xxl_name	武器与军用	枪械/炮	name	Bertha Cannon Belt (Corner Inner)	贝莎巨炮弹药带(内角)	ok
def_gun_belt_corner_flat_xxl_desc	武器与军用	枪械/炮	desc	Cannon ammo belts can store and transfer ammo shells. Spawned ammo type can be set in component properties window. Bertha shells are too large to be moved by hand.	贝莎巨炮弹药带可以储存和转移弹药弹。生成的弹药类型可以在组件属性窗口中设置。贝莎巨炮的弹药太大了，不能用手移动	ok
def_gun_belt_corner_flat_xxl_s_desc	武器与军用	枪械/炮	s_desc	A bertha cannon ammo belt.	贝莎巨炮弹药带	ok
def_gun_belt_corner_flat_xxl_node_0_label	武器与军用	枪械/炮	label	Contains Ammo	是否有弹药	ok
def_gun_belt_corner_flat_xxl_node_0_desc	武器与军用	枪械/炮	node_desc	Returns true if the belt contains a shell.	如果弹药带中有弹药，则返回true	ok
def_gun_belt_corner_l_name	武器与军用	枪械/炮	name	Battle Cannon Belt (Corner)	坦克主炮弹药带(拐角)	ok
def_gun_belt_corner_l_desc	武器与军用	枪械/炮	desc	Cannon ammo belts can store and transfer ammo shells. Spawned ammo type can be set in component properties window.	坦克主炮弹药带可以储存和转移弹药弹。生成的弹药类型可以在组件属性窗口中设置	ok
def_gun_belt_corner_l_s_desc	武器与军用	枪械/炮	s_desc	A battle cannon ammo belt.	坦克主炮弹药带	ok
def_gun_belt_corner_l_node_0_label	武器与军用	枪械/炮	label	Contains Ammo	是否有弹药	ok
def_gun_belt_corner_l_node_0_desc	武器与军用	枪械/炮	node_desc	Returns true if the belt contains a shell.	如果弹药带中有弹药，则返回true	ok
def_gun_belt_corner_xl_name	武器与军用	枪械/炮	name	Artillery Cannon Belt (Corner)	大型榴弹炮弹药带(拐角)	ok
def_gun_belt_corner_xl_desc	武器与军用	枪械/炮	desc	Cannon ammo belts can store and transfer ammo shells. Spawned ammo type can be set in component properties window.	大型榴弹炮弹药带可以储存和转移弹药弹。生成的弹药类型可以在组件属性窗口中设置	ok
def_gun_belt_corner_xl_s_desc	武器与军用	枪械/炮	s_desc	An artillery cannon ammo belt.	大型榴弹炮弹药带	ok
def_gun_belt_corner_xl_node_0_label	武器与军用	枪械/炮	label	Contains Ammo	是否有弹药	ok
def_gun_belt_corner_xl_node_0_desc	武器与军用	枪械/炮	node_desc	Returns true if the belt contains a shell.	如果弹药带中有弹药，则返回true	ok
def_gun_belt_corner_xxl_name	武器与军用	枪械/炮	name	Bertha Cannon Belt (Corner)	贝莎巨炮弹药带(拐角)	ok
def_gun_belt_corner_xxl_desc	武器与军用	枪械/炮	desc	Cannon ammo belts can store and transfer ammo shells. Spawned ammo type can be set in component properties window. Bertha shells are too large to be moved by hand.	贝莎巨炮弹药带可以储存和转移弹药弹。生成的弹药类型可以在组件属性窗口中设置。贝莎巨炮的弹药太大了，不能用手移动	ok
def_gun_belt_corner_xxl_s_desc	武器与军用	枪械/炮	s_desc	A bertha cannon ammo belt.	贝莎巨炮弹药带	ok
def_gun_belt_corner_xxl_node_0_label	武器与军用	枪械/炮	label	Contains Ammo	是否有弹药	ok
def_gun_belt_corner_xxl_node_0_desc	武器与军用	枪械/炮	node_desc	Returns true if the belt contains a shell.	如果弹药带中有弹药，则返回true	ok
def_gun_belt_flex_name	武器与军用	枪械/炮	name	Autocannon Belt (Flexible)	自动炮弹链	ok
def_gun_belt_flex_desc	武器与军用	枪械/炮	desc	Flexible belts can be connected together by rope nodes to transfer ammo. Autocannon belts can transfer all calibers of autocannon ammo.	柔性弹药带可以通过绳索节点连接在一起以传输弹药.自动炮弹药带可以传输所有口径的自动炮弹药	ok
def_gun_belt_flex_s_desc	武器与军用	枪械/炮	s_desc	An autocannon ammo belt.	自动炮弹药带	ok
def_gun_belt_flex_node_0_label	武器与军用	枪械/炮	label	Ammo	弹药	ok
def_gun_belt_flex_node_0_desc	武器与军用	枪械/炮	node_desc			ok
def_gun_belt_flex_l_name	武器与军用	枪械/炮	name	Battle Cannon Belt (Flexible)	坦克炮弹链	ok
def_gun_belt_flex_l_desc	武器与军用	枪械/炮	desc	Flexible belts can be connected together by rope nodes to transfer ammo. Cannon ammo belts can store and transfer ammo shells. Spawned ammo type can be set in component properties window.	柔性弹药带可以通过绳索节点连接在一起以传输弹药,坦克炮弹药带可以储存和转移弹药,生成的弹药类型可以在组件属性窗口中设置	ok
def_gun_belt_flex_l_s_desc	武器与军用	枪械/炮	s_desc	A battle cannon ammo belt.	坦克炮弹药带	ok
def_gun_belt_flex_l_node_0_label	武器与军用	枪械/炮	label	Ammo	弹药	ok
def_gun_belt_flex_l_node_0_desc	武器与军用	枪械/炮	node_desc			ok
def_gun_belt_flex_xl_name	武器与军用	枪械/炮	name	Artillery Cannon Belt (Flexible)	大型榴弹炮弹链	ok
def_gun_belt_flex_xl_desc	武器与军用	枪械/炮	desc	Flexible belts can be connected together by rope nodes to transfer ammo. Cannon ammo belts can store and transfer ammo shells. Spawned ammo type can be set in component properties window.	柔性弹药带可以通过绳索节点连接在一起以传输弹药,大型榴弹炮弹药带可以储存和转移弹药,生成的弹药类型可以在组件属性窗口中设置	ok
def_gun_belt_flex_xl_s_desc	武器与军用	枪械/炮	s_desc	An artillery cannon ammo belt.	大型榴弹炮弹药带	ok
def_gun_belt_flex_xl_node_0_label	武器与军用	枪械/炮	label	Ammo	弹药	ok
def_gun_belt_flex_xl_node_0_desc	武器与军用	枪械/炮	node_desc			ok
def_gun_belt_flex_xxl_name	武器与军用	枪械/炮	name	Bertha Cannon Belt (Flexible)	贝莎巨炮弹链	ok
def_gun_belt_flex_xxl_desc	武器与军用	枪械/炮	desc	Flexible belts can be connected together by rope nodes to transfer ammo. Cannon ammo belts can store and transfer ammo shells. Spawned ammo type can be set in component properties window. Bertha shells are too large to be moved by hand.	柔性弹药带可以通过绳索节点连接在一起以传输弹药,贝莎巨炮弹药带可以储存和转移弹药。生成的弹药类型可以在组件属性窗口中设置,贝莎巨炮弹药过大,无法手动转移	ok
def_gun_belt_flex_xxl_s_desc	武器与军用	枪械/炮	s_desc	A bertha cannon ammo belt.	贝莎巨炮弹药带	ok
def_gun_belt_flex_xxl_node_0_label	武器与军用	枪械/炮	label	Ammo	弹药	ok
def_gun_belt_flex_xxl_node_0_desc	武器与军用	枪械/炮	node_desc			ok
def_gun_belt_junction_name	武器与军用	枪械/炮	name	Autocannon Belt (Junction)	自动火炮弹药带(交叉)	ok
def_gun_belt_junction_desc	武器与军用	枪械/炮	desc	Autocannon belts can transfer all calibers of autocannon ammo. Junction belts redirect the path of ammo transfer.	自动火炮弹药带可以传送所有口径的自动火炮弹药。连接带改变了弹药转移的路径	ok
def_gun_belt_junction_s_desc	武器与军用	枪械/炮	s_desc	An autocannon ammo belt.	自动火炮弹药带	ok
def_gun_belt_junction_node_0_label	武器与军用	枪械/炮	label	Contains Ammo	是否有弹药	ok
def_gun_belt_junction_node_0_desc	武器与军用	枪械/炮	node_desc	Returns true if the belt contains a shell.	如果弹药带中有弹药，则返回true	ok
def_gun_belt_junction_node_1_label	武器与军用	枪械/炮	label	Junction Switch	切换	ok
def_gun_belt_junction_node_1_desc	武器与军用	枪械/炮	node_desc	Switches the ammo transfer T-junction between the left and right sides.	在左右两侧切换弹药转移T形接头	ok
def_gun_belt_junction_l_name	武器与军用	枪械/炮	name	Battle Cannon Belt (Junction)	坦克主炮弹药带(交叉)	ok
def_gun_belt_junction_l_desc	武器与军用	枪械/炮	desc	Cannon ammo belts can store and transfer ammo shells. Junction belts redirect the path of ammo transfer. Spawned ammo type can be set in component properties window.	坦克主炮弹药带可以储存和转移弹药。连接带改变了弹药转移的路径。生成的弹药类型可以在组件属性窗口中设置	ok
def_gun_belt_junction_l_s_desc	武器与军用	枪械/炮	s_desc	A battle cannon ammo belt.	坦克主炮弹药带	ok
def_gun_belt_junction_l_node_0_label	武器与军用	枪械/炮	label	Contains Ammo	是否有弹药	ok
def_gun_belt_junction_l_node_0_desc	武器与军用	枪械/炮	node_desc	Returns true if the belt contains a shell.	如果弹药带中有弹药，则返回true	ok
def_gun_belt_junction_l_node_1_label	武器与军用	枪械/炮	label	Junction Switch	切换	ok
def_gun_belt_junction_l_node_1_desc	武器与军用	枪械/炮	node_desc	Switches the ammo transfer T-junction between the left and right sides.	在T型弹药分配器左右两侧做切换	ok
def_gun_belt_junction_xl_name	武器与军用	枪械/炮	name	Artillery Cannon Belt (Junction)	大型榴弹炮弹药带(交叉)	ok
def_gun_belt_junction_xl_desc	武器与军用	枪械/炮	desc	Cannon ammo belts can store and transfer ammo shells. Junction belts redirect the path of ammo transfer. Spawned ammo type can be set in component properties window.	大型榴弹炮弹药带可以储存和转移弹药弹。连接带改变了弹药转移的路径。生成的弹药类型可以在组件属性窗口中设置	ok
def_gun_belt_junction_xl_s_desc	武器与军用	枪械/炮	s_desc	An artillery cannon ammo belt.	大型榴弹炮弹药带	ok
def_gun_belt_junction_xl_node_0_label	武器与军用	枪械/炮	label	Contains Ammo	是否有弹药	ok
def_gun_belt_junction_xl_node_0_desc	武器与军用	枪械/炮	node_desc	Returns true if the belt contains a shell.	如果弹药带中有弹药，则返回true	ok
def_gun_belt_junction_xl_node_1_label	武器与军用	枪械/炮	label	Junction Switch	切换	ok
def_gun_belt_junction_xl_node_1_desc	武器与军用	枪械/炮	node_desc	Switches the ammo transfer T-junction between the left and right sides.	在T型弹药分配器左右两侧做切换	ok
def_gun_belt_junction_xxl_name	武器与军用	枪械/炮	name	Bertha Cannon Belt (Junction)	贝莎巨炮弹药带(交叉)	ok
def_gun_belt_junction_xxl_desc	武器与军用	枪械/炮	desc	Cannon ammo belts can store and transfer ammo shells. Junction belts redirect the path of ammo transfer. Spawned ammo type can be set in component properties window. Bertha shells are too large to be moved by hand.	贝莎巨炮弹药带可以储存和转移弹药弹。连接带改变了弹药转移的路径。生成的弹药类型可以在组件属性窗口中设置。贝莎巨炮的弹药太大了，不能用手移动	ok
def_gun_belt_junction_xxl_s_desc	武器与军用	枪械/炮	s_desc	A bertha cannon ammo belt.	贝莎巨炮弹药带	ok
def_gun_belt_junction_xxl_node_0_label	武器与军用	枪械/炮	label	Contains Ammo	是否有弹药	ok
def_gun_belt_junction_xxl_node_0_desc	武器与军用	枪械/炮	node_desc	Returns true if the belt contains a shell.	如果弹药带中有弹药，则返回true	ok
def_gun_belt_junction_xxl_node_1_label	武器与军用	枪械/炮	label	Junction Switch	切换	ok
def_gun_belt_junction_xxl_node_1_desc	武器与军用	枪械/炮	node_desc	Switches the ammo transfer T-junction between the left and right sides.	在T型弹药分配器左右两侧做切换	ok
def_gun_belt_loader_name	武器与军用	枪械/炮	name	Autocannon Belt (Feeder)	自动火炮弹药带(进料器)	ok
def_gun_belt_loader_desc	武器与军用	枪械/炮	desc	Autocannon belts can transfer all calibers of autocannon ammo. Feeder belts transfer ammo forwards using electric power.	自动火炮弹药带可以传送所有口径的自动火炮弹药。输送带利用电力向前输送弹药	ok
def_gun_belt_loader_s_desc	武器与军用	枪械/炮	s_desc	An autocannon ammo belt.	自动火炮弹药带	ok
def_gun_belt_loader_node_0_label	武器与军用	枪械/炮	label	Feed	供弹	ok
def_gun_belt_loader_node_0_desc	武器与军用	枪械/炮	node_desc	Transfer cartridges in the direction of the arrow.	按箭头方向转移子弹	ok
def_gun_belt_loader_node_1_label	武器与军用	枪械/炮	label	Contains Ammo	是否有弹药	ok
def_gun_belt_loader_node_1_desc	武器与军用	枪械/炮	node_desc	Returns true if the belt contains a shell.	如果弹药带中有弹药，则返回true	ok
def_gun_belt_loader_node_2_label	武器与军用	枪械/炮	label	Electric	电	ok
def_gun_belt_loader_node_2_desc	武器与军用	枪械/炮	node_desc	Electrical power connection.	电源连接	ok
def_gun_belt_loader_l_name	武器与军用	枪械/炮	name	Battle Cannon Belt (Feeder)	坦克主炮弹药带(供弹机)	ok
def_gun_belt_loader_l_desc	武器与军用	枪械/炮	desc	Cannon ammo belts can store and transfer ammo shells. Feeder belts transfer ammo forwards using electric power. Spawned ammo type can be set in component properties window.	大型榴弹炮弹药带可以储存和转移弹药弹。输送带利用电力向前输送弹药。生成的弹药类型可以在组件属性窗口中设置	ok
def_gun_belt_loader_l_s_desc	武器与军用	枪械/炮	s_desc	A battle cannon ammo belt.	坦克主炮弹药带	ok
def_gun_belt_loader_l_node_0_label	武器与军用	枪械/炮	label	Feed	供弹	ok
def_gun_belt_loader_l_node_0_desc	武器与军用	枪械/炮	node_desc	Transfer shells in the direction of the arrow.	按箭头方向转移弹药	ok
def_gun_belt_loader_l_node_1_label	武器与军用	枪械/炮	label	Contains Ammo	是否有弹药	ok
def_gun_belt_loader_l_node_1_desc	武器与军用	枪械/炮	node_desc	Returns true if the belt contains a shell.	如果弹药带中有弹药，则返回true	ok
def_gun_belt_loader_l_node_2_label	武器与军用	枪械/炮	label	Electric	电	ok
def_gun_belt_loader_l_node_2_desc	武器与军用	枪械/炮	node_desc	Electrical power connection.	电源连接	ok
def_gun_belt_loader_xl_name	武器与军用	枪械/炮	name	Artillery Cannon Belt (Feeder)	大型榴弹炮弹药带(供弹机)	ok
def_gun_belt_loader_xl_desc	武器与军用	枪械/炮	desc	Cannon ammo belts can store and transfer ammo shells. Feeder belts transfer ammo forwards using electric power. Spawned ammo type can be set in component properties window.	大型榴弹炮弹药带可以储存和转移弹药弹。输送带利用电力向前输送弹药。生成的弹药类型可以在组件属性窗口中设置	ok
def_gun_belt_loader_xl_s_desc	武器与军用	枪械/炮	s_desc	An artillery cannon ammo belt.	大型榴弹炮弹药带	ok
def_gun_belt_loader_xl_node_0_label	武器与军用	枪械/炮	label	Feed	供弹	ok
def_gun_belt_loader_xl_node_0_desc	武器与军用	枪械/炮	node_desc	Transfer shells in the direction of the arrow.	按箭头方向转移弹药	ok
def_gun_belt_loader_xl_node_1_label	武器与军用	枪械/炮	label	Contains Ammo	是否有弹药	ok
def_gun_belt_loader_xl_node_1_desc	武器与军用	枪械/炮	node_desc	Returns true if the belt contains a shell.	如果弹药带中有弹药，则返回true	ok
def_gun_belt_loader_xl_node_2_label	武器与军用	枪械/炮	label	Electric	电	ok
def_gun_belt_loader_xl_node_2_desc	武器与军用	枪械/炮	node_desc	Electrical power connection.	电源连接	ok
def_gun_belt_loader_xxl_name	武器与军用	枪械/炮	name	Bertha Cannon Belt (Feeder)	贝莎巨炮弹药带(供弹机)	ok
def_gun_belt_loader_xxl_desc	武器与军用	枪械/炮	desc	Cannon ammo belts can store and transfer ammo shells. Feedeer belts transfer ammo forwards using electric power. Spawned ammo type can be set in component properties window. Bertha shells are too large to be moved by hand.	贝沙巨炮弹药带可以储存和转移弹药弹。馈线传送带使用电力向前传送弹药。生成的弹药类型可以在组件属性窗口中设置。贝莎巨炮的弹药太大了，不能用手移动	ok
def_gun_belt_loader_xxl_s_desc	武器与军用	枪械/炮	s_desc	A bertha cannon ammo belt.	贝莎巨炮弹药带	ok
def_gun_belt_loader_xxl_node_0_label	武器与军用	枪械/炮	label	Feed	供弹	ok
def_gun_belt_loader_xxl_node_0_desc	武器与军用	枪械/炮	node_desc	Transfer shells in the direction of the arrow.	按箭头方向转移弹药	ok
def_gun_belt_loader_xxl_node_1_label	武器与军用	枪械/炮	label	Contains Ammo	是否有弹药	ok
def_gun_belt_loader_xxl_node_1_desc	武器与军用	枪械/炮	node_desc	Returns true if the belt contains a shell.	如果弹药带中有弹药，则返回true	ok
def_gun_belt_loader_xxl_node_2_label	武器与军用	枪械/炮	label	Electric	电	ok
def_gun_belt_loader_xxl_node_2_desc	武器与军用	枪械/炮	node_desc	Electrical power connection.	电源连接	ok
def_gun_belt_receiver_name	武器与军用	枪械/炮	name	Autocannon Belt (Connector)	自动火炮弹药带(连接器)	ok
def_gun_belt_receiver_desc	武器与军用	枪械/炮	desc	Autocannon belts can transfer all calibers of autocannon ammo. Connector belts allow ammo transfers between vehicles.	自动火炮弹药带可以传送所有口径的自动火炮弹药。连接带允许弹药在载具之间转移	ok
def_gun_belt_receiver_s_desc	武器与军用	枪械/炮	s_desc	An autocannon ammo belt.	自动火炮弹药带	ok
def_gun_belt_receiver_node_0_label	武器与军用	枪械/炮	label	Contains Ammo	是否有弹药	ok
def_gun_belt_receiver_node_0_desc	武器与军用	枪械/炮	node_desc	Returns true if the belt contains a shell.	如果弹药带中有弹药，则返回true	ok
def_gun_belt_receiver_node_1_label	武器与军用	枪械/炮	label	Connected	已连接	ok
def_gun_belt_receiver_node_1_desc	武器与军用	枪械/炮	node_desc			ok
def_gun_belt_receiver_l_name	武器与军用	枪械/炮	name	Battle Cannon Belt (Connector)	坦克主炮弹药带(连接器)	ok
def_gun_belt_receiver_l_desc	武器与军用	枪械/炮	desc	Cannon ammo belts can store and transfer ammo shells. Connector belts allow ammo transfers between vehicles. Spawned ammo type can be set in component properties window.	坦克主炮弹药带可以储存和转移弹药。连接带允许弹药在车辆之间转移。生成的弹药类型可以在组件属性窗口中设置	ok
def_gun_belt_receiver_l_s_desc	武器与军用	枪械/炮	s_desc	A battle cannon ammo belt.	坦克主炮弹药带	ok
def_gun_belt_receiver_l_node_0_label	武器与军用	枪械/炮	label	Contains Ammo	是否有弹药	ok
def_gun_belt_receiver_l_node_0_desc	武器与军用	枪械/炮	node_desc	Returns true if the belt contains a shell.	如果弹药带中有弹药，则返回true	ok
def_gun_belt_receiver_l_node_1_label	武器与军用	枪械/炮	label	Connected	已连接	ok
def_gun_belt_receiver_l_node_1_desc	武器与军用	枪械/炮	node_desc	Returns true when two nearby receivers are aligned, and can transfer ammo between them.	当附近的两个接收器对齐，并且可以在它们之间转移弹药时，返回true	ok
def_gun_belt_receiver_xl_name	武器与军用	枪械/炮	name	Artillery Cannon Belt (Connector)	大型榴弹炮弹药带(连接器)	ok
def_gun_belt_receiver_xl_desc	武器与军用	枪械/炮	desc	Cannon ammo belts can store and transfer ammo shells. Connector belts allow ammo transfers between vehicles. Spawned ammo type can be set in component properties window.	大型榴弹炮弹药带可以储存和转移弹药弹。连接带允许弹药在车辆之间转移。生成的弹药类型可以在组件属性窗口中设置	ok
def_gun_belt_receiver_xl_s_desc	武器与军用	枪械/炮	s_desc	An artillery cannon ammo belt.	大型榴弹炮弹药带	ok
def_gun_belt_receiver_xl_node_0_label	武器与军用	枪械/炮	label	Contains Ammo	是否有弹药	ok
def_gun_belt_receiver_xl_node_0_desc	武器与军用	枪械/炮	node_desc	Returns true if the belt contains a shell.	如果弹药带中有弹药，则返回true	ok
def_gun_belt_receiver_xl_node_1_label	武器与军用	枪械/炮	label	Connected	已连接	ok
def_gun_belt_receiver_xl_node_1_desc	武器与军用	枪械/炮	node_desc	Returns true when two nearby receivers are aligned, and can transfer ammo between them.	当附近的两个接收器对齐，并且可以在它们之间转移弹药时，返回true	ok
def_gun_belt_receiver_xxl_name	武器与军用	枪械/炮	name	Bertha Cannon Belt (Connector)	贝莎巨炮弹药带(连接器)	ok
def_gun_belt_receiver_xxl_desc	武器与军用	枪械/炮	desc	Cannon ammo belts can store and transfer ammo shells. Connector belts allow ammo transfers between vehicles. Spawned ammo type can be set in component properties window. Bertha shells are too large to be moved by hand.	贝莎巨炮弹药带可以储存和转移弹药弹。连接带允许弹药在车辆之间转移。生成的弹药类型可以在组件属性窗口中设置。贝莎巨炮的弹药太大了，不能用手移动	ok
def_gun_belt_receiver_xxl_s_desc	武器与军用	枪械/炮	s_desc	A bertha cannon ammo belt.	贝莎巨炮弹药带	ok
def_gun_belt_receiver_xxl_node_0_label	武器与军用	枪械/炮	label	Contains Ammo	是否有弹药	ok
def_gun_belt_receiver_xxl_node_0_desc	武器与军用	枪械/炮	node_desc	Returns true if the belt contains a shell.	如果弹药带中有弹药，则返回true	ok
def_gun_belt_receiver_xxl_node_1_label	武器与军用	枪械/炮	label	Connected	已连接	ok
def_gun_belt_receiver_xxl_node_1_desc	武器与军用	枪械/炮	node_desc	Returns true when two nearby receivers are aligned, and can transfer ammo between them.	当附近的两个接收器对齐，并且可以在它们之间转移弹药时，返回true	ok
def_gun_belt_straight_name	武器与军用	枪械/炮	name	Autocannon Belt (Straight)	自动火炮弹药带(直)	ok
def_gun_belt_straight_desc	武器与军用	枪械/炮	desc	Autocannon belts can transfer all calibers of autocannon ammo.	自动火炮弹药带可以传送所有口径的自动火炮弹药	ok
def_gun_belt_straight_s_desc	武器与军用	枪械/炮	s_desc	An autocannon ammo belt.	自动火炮弹药带	ok
def_gun_belt_straight_node_0_label	武器与军用	枪械/炮	label	Contains Ammo	是否有弹药	ok
def_gun_belt_straight_node_0_desc	武器与军用	枪械/炮	node_desc	Returns true if the belt contains a shell.	如果弹药带中有弹药，则返回true	ok
def_gun_belt_straight_l_name	武器与军用	枪械/炮	name	Battle Cannon Belt (Straight)	坦克主炮弹药带(直)	ok
def_gun_belt_straight_l_desc	武器与军用	枪械/炮	desc	Cannon ammo belts can store and transfer ammo shells. Spawned ammo type can be set in component properties window.	坦克主炮弹药带可以储存和转移弹药弹。生成的弹药类型可以在组件属性窗口中设置	ok
def_gun_belt_straight_l_s_desc	武器与军用	枪械/炮	s_desc	A battle cannon ammo belt.	坦克主炮弹药带	ok
def_gun_belt_straight_l_node_0_label	武器与军用	枪械/炮	label	Contains Ammo	是否有弹药	ok
def_gun_belt_straight_l_node_0_desc	武器与军用	枪械/炮	node_desc	Returns true if the belt contains a shell.	如果弹药带中有弹药，则返回true	ok
def_gun_belt_straight_xl_name	武器与军用	枪械/炮	name	Artillery Cannon Belt (Straight)	大型榴弹炮弹药带(直)	ok
def_gun_belt_straight_xl_desc	武器与军用	枪械/炮	desc	Cannon ammo belts can store and transfer ammo shells. Spawned ammo type can be set in component properties window.	大型榴弹炮弹药带可以储存和转移弹药弹。生成的弹药类型可以在组件属性窗口中设置	ok
def_gun_belt_straight_xl_s_desc	武器与军用	枪械/炮	s_desc	An artillery cannon ammo belt.	大型榴弹炮弹药带	ok
def_gun_belt_straight_xl_node_0_label	武器与军用	枪械/炮	label	Contains Ammo	是否有弹药	ok
def_gun_belt_straight_xl_node_0_desc	武器与军用	枪械/炮	node_desc	Returns true if the belt contains a shell.	如果弹药带中有弹药，则返回true	ok
def_gun_belt_straight_xxl_name	武器与军用	枪械/炮	name	Bertha Cannon Belt (Straight)	贝莎巨炮弹药带(直)	ok
def_gun_belt_straight_xxl_desc	武器与军用	枪械/炮	desc	Cannon ammo belts can store and transfer ammo shells. Spawned ammo type can be set in component properties window. Bertha shells are too large to be moved by hand.	贝沙巨炮弹药带可以储存和转移弹药弹。生成的弹药类型可以在组件属性窗口中设置。贝莎巨炮的弹药太大了，不能用手移动	ok
def_gun_belt_straight_xxl_s_desc	武器与军用	枪械/炮	s_desc	A bertha cannon ammo belt.	贝莎巨炮弹药带	ok
def_gun_belt_straight_xxl_node_0_label	武器与军用	枪械/炮	label	Contains Ammo	是否有弹药	ok
def_gun_belt_straight_xxl_node_0_desc	武器与军用	枪械/炮	node_desc	Returns true if the belt contains a shell.	如果弹药带中有弹药，则返回true	ok
def_gun_drum_large_name	武器与军用	枪械/炮	name	Autocannon Ammo Drum (Large)	自动火炮弹鼓(大)	ok
def_gun_drum_large_desc	武器与军用	枪械/炮	desc	Ammo drums store autocannon cartridges of the caliber specified in the component properties window. Differing calibers cannot be mixed within a single ammo drum.	弹鼓存储的自动火炮弹药口径在“组件属性”窗口中指定。不同口径的弹药不能在一个弹鼓内混合	ok
def_gun_drum_large_s_desc	武器与军用	枪械/炮	s_desc	A large capacity autocannon ammo drum.	大容量自动火炮弹鼓	ok
def_gun_drum_large_node_0_label	武器与军用	枪械/炮	label	Ammo Count	弹药数量	ok
def_gun_drum_large_node_0_desc	武器与军用	枪械/炮	node_desc	Outputs the total ammo count stored in the drum.	输出储存在弹鼓中的弹药总数	ok
def_gun_drum_medium_name	武器与军用	枪械/炮	name	Autocannon Ammo Drum (Medium)	自动火炮弹鼓(中)	ok
def_gun_drum_medium_desc	武器与军用	枪械/炮	desc	Ammo drums store autocannon cartridges of the caliber specified in the component properties window. Differing calibers cannot be mixed within a single ammo drum.	弹鼓中存储的自动火炮弹药口径在“组件属性”窗口中指定。不同口径的弹药不能在一个弹鼓内混合	ok
def_gun_drum_medium_s_desc	武器与军用	枪械/炮	s_desc	A medium capacity autocannon ammo drum.	中等容量的自动火炮弹鼓	ok
def_gun_drum_medium_node_0_label	武器与军用	枪械/炮	label	Ammo Count	弹药数量	ok
def_gun_drum_medium_node_0_desc	武器与军用	枪械/炮	node_desc	Outputs the total ammo count stored in the drum.	输出储存在弹鼓中的弹药总数	ok
def_gun_drum_small_name	武器与军用	枪械/炮	name	Autocannon Ammo Drum (Small)	自动火炮弹鼓(小)	ok
def_gun_drum_small_desc	武器与军用	枪械/炮	desc	Ammo drums store autocannon cartridges of the caliber specified in the component properties window. Differing calibers cannot be mixed within a single ammo drum.	弹鼓中存储的自动火炮弹药的口径在“组件属性”窗口中指定。不同口径的弹药不能在一个弹鼓内混合	ok
def_gun_drum_small_s_desc	武器与军用	枪械/炮	s_desc	A small capacity autocannon ammo drum.	小容量的自动火炮弹鼓	ok
def_gun_drum_small_node_0_label	武器与军用	枪械/炮	label	Ammo Count	弹药数量	ok
def_gun_drum_small_node_0_desc	武器与军用	枪械/炮	node_desc	Outputs the total ammo count stored in the drum.	输出储存在弹鼓中的弹药总数	ok
def_gun_drum_xsmall_name	武器与军用	枪械/炮	name	Machine Gun Ammo Box	机枪弹药箱	ok
def_gun_drum_xsmall_desc	武器与军用	枪械/炮	desc	Stores machine gun ammo, but can only be reloaded by hand. Machine guns are restricted to Kinetic, Armor-Piercing, and Incendiary ammo only.	储存机枪弹药，机枪只能手动上膛。机枪仅限动能、穿甲和燃烧弹	ok
def_gun_drum_xsmall_s_desc	武器与军用	枪械/炮	s_desc	A machine gun ammo box.	机枪弹药箱	ok
def_gun_drum_xsmall_node_0_label	武器与军用	枪械/炮	label	Ammo count	弹药数量	ok
def_gun_drum_xsmall_node_0_desc	武器与军用	枪械/炮	node_desc	Outputs the total ammo count stored in the box.	输出存储在弹药箱子中的弹药总数	ok
def_gun_drum_xsmall_2_name	武器与军用	枪械/炮	name	Machine Gun Ammo Box (Large)	机枪弹药箱(大)	ok
def_gun_drum_xsmall_2_desc	武器与军用	枪械/炮	desc	Stores machine gun ammo, but can only be reloaded by hand. Machine guns are restricted to Kinetic, Armor-Piercing, and Incendiary ammo only.	储存机枪弹药，机枪只能手动上膛。机枪仅限动能、穿甲和燃烧弹	ok
def_gun_drum_xsmall_2_s_desc	武器与军用	枪械/炮	s_desc	A machine gun ammo box with greater capacity.	更大的机枪弹药箱	ok
def_gun_drum_xsmall_2_node_0_label	武器与军用	枪械/炮	label	Ammo count	弹药数量	ok
def_gun_drum_xsmall_2_node_0_desc	武器与军用	枪械/炮	node_desc	Outputs the total ammo count stored in the box.	输出存储在弹药箱子中的弹药总数	ok
def_gun_l_name	武器与军用	枪械/炮	name	Battle Cannon	坦克主炮	ok
def_gun_l_desc	武器与军用	枪械/炮	desc	Battle cannons provide powerful, consistent firepower in a compact form.	坦克主炮以紧凑的形式提供强大、稳定的火力	ok
def_gun_l_s_desc	武器与军用	枪械/炮	s_desc	A battle cannon.	一门坦克主炮	ok
def_gun_l_node_0_label	武器与军用	枪械/炮	label	Trigger	开火	ok
def_gun_l_node_0_desc	武器与军用	枪械/炮	node_desc	When true: fires a loaded shell.	如果为true:发射一个已装载的炮弹	ok
def_gun_l_node_1_label	武器与军用	枪械/炮	label	Loaded	是否已装填	ok
def_gun_l_node_1_desc	武器与军用	枪械/炮	node_desc	Returns true when a shell is loaded and ready to fire.	当弹药装载完毕并准备发射时，返回true	ok
def_gun_l_node_2_label	武器与军用	枪械/炮	label	Open Breech	打开炮闩	ok
def_gun_l_node_2_desc	武器与军用	枪械/炮	node_desc	When true: opens the breech to allow shells to be loaded.	当为true时:打开炮尾以装填炮弹	ok
def_gun_l_node_3_label	武器与军用	枪械/炮	label	Fuse Timer	引信定时器	ok
def_gun_l_node_3_desc	武器与军用	枪械/炮	node_desc	Sets the optional time-delay fuse in seconds for high-explosive and fragmentation ammo types.	设置高爆弹和破片弹的延时引信,单位秒	ok
def_gun_l_barrel_name	武器与军用	枪械/炮	name	Battle Cannon Barrel Extension	坦克主炮炮管加长件	ok
def_gun_l_barrel_desc	武器与军用	枪械/炮	desc	Barrel extensions increase weapon accuracy, but also produce more recoil force.	炮管加长件增加了武器的精度，但也产生了更多的后坐力	ok
def_gun_l_barrel_s_desc	武器与军用	枪械/炮	s_desc	A battle cannon barrel extension.	一根坦克主炮炮管加长件	ok
def_gun_l_barrel_1_name	武器与军用	枪械/炮	name	Battle Cannon Barrel Extension	坦克主炮炮管加长件	ok
def_gun_l_barrel_1_desc	武器与军用	枪械/炮	desc	Barrel extensions increase weapon accuracy, but also produce more recoil force.	炮管加长件增加了武器的精度，但也产生了更多的后坐力	ok
def_gun_l_barrel_1_s_desc	武器与军用	枪械/炮	s_desc	A battle cannon barrel extension.	一根坦克主炮炮管加长件	ok
def_gun_l_barrel_2_name	武器与军用	枪械/炮	name	Battle Cannon Barrel Extension	坦克主炮炮管加长件	ok
def_gun_l_barrel_2_desc	武器与军用	枪械/炮	desc	Barrel extensions increase weapon accuracy, but also produce more recoil force.	炮管加长件增加了武器的精度，但也产生了更多的后坐力	ok
def_gun_l_barrel_2_s_desc	武器与军用	枪械/炮	s_desc	A battle cannon barrel extension.	一根坦克主炮炮管加长件	ok
def_gun_l_barrel_3_name	武器与军用	枪械/炮	name	Battle Cannon Barrel Extension	坦克主炮炮管加长件	ok
def_gun_l_barrel_3_desc	武器与军用	枪械/炮	desc	Barrel extensions increase weapon accuracy, but also produce more recoil force.	炮管加长件增加了武器的精度，但也产生了更多的后坐力	ok
def_gun_l_barrel_3_s_desc	武器与军用	枪械/炮	s_desc	A battle cannon barrel extension.	一根坦克主炮炮管加长件	ok
def_gun_l_muzzle_name	武器与军用	枪械/炮	name	Battle Cannon Muzzle Brake	坦克主炮制退器	ok
def_gun_l_muzzle_desc	武器与军用	枪械/炮	desc	A muzzle brake will reduce weapon recoil force when added to the end of a weapon barrel.	当增加到炮管末端时，制退器将减少武器的后坐力	ok
def_gun_l_muzzle_s_desc	武器与军用	枪械/炮	s_desc	A battle cannon muzzle brake.	坦克主炮制退器	ok
def_gun_l_muzzle_1_name	武器与军用	枪械/炮	name	Battle Cannon Muzzle Brake	坦克主炮制退器	ok
def_gun_l_muzzle_1_desc	武器与军用	枪械/炮	desc	A muzzle brake will reduce weapon recoil force when added to the end of a weapon barrel.	当增加到炮管末端时，制退器将减少武器的后坐力	ok
def_gun_l_muzzle_1_s_desc	武器与军用	枪械/炮	s_desc	A battle cannon muzzle brake.	坦克主炮制退器	ok
def_gun_l_muzzle_2_name	武器与军用	枪械/炮	name	Battle Cannon Muzzle Brake	坦克主炮制退器	ok
def_gun_l_muzzle_2_desc	武器与军用	枪械/炮	desc	A muzzle brake will reduce weapon recoil force when added to the end of a weapon barrel.	当增加到炮管末端时，制退器将减少武器的后坐力	ok
def_gun_l_muzzle_2_s_desc	武器与军用	枪械/炮	s_desc	A battle cannon muzzle brake.	坦克主炮制退器	ok
def_gun_m_name	武器与军用	枪械/炮	name	Heavy Autocannon	重型自动火炮	ok
def_gun_m_desc	武器与军用	枪械/炮	desc	Heavy autocannons bridge the gap between fast-firing autocannons and high-caliber cannons. Autocannons require electric power to load ammo from connected belts or drums.	重型自动火炮填补了快速发射的轻型自动火力和大口径火炮之间的空白。自动火炮需要电力从弹带或弹鼓装弹	ok
def_gun_m_s_desc	武器与军用	枪械/炮	s_desc	A heavy autocannon.	重型自动火炮	ok
def_gun_m_node_0_label	武器与军用	枪械/炮	label	Trigger	开火	ok
def_gun_m_node_0_desc	武器与军用	枪械/炮	node_desc	When true: feeds, loads, and fires cartridges from a connected belt or drum.	如果为true:从连接的弹药带或弹鼓上送入、装载和发射子弹	ok
def_gun_m_node_1_label	武器与军用	枪械/炮	label	Loaded	是否已装填	ok
def_gun_m_node_1_desc	武器与军用	枪械/炮	node_desc	Returns true when a cartridge is loaded and ready to fire.	当弹药装载完毕并准备发射时，返回true	ok
def_gun_m_node_2_label	武器与军用	枪械/炮	label	Electric	电	ok
def_gun_m_node_2_desc	武器与军用	枪械/炮	node_desc	Electrical power connection.	电源连接	ok
def_gun_m_node_3_label	武器与军用	枪械/炮	label	Fuse Timer	引信定时器	ok
def_gun_m_node_3_desc	武器与军用	枪械/炮	node_desc	Sets the optional time-delay fuse in seconds for high-explosive and fragmentation ammo types.	设置高爆弹和破片弹的延时引信,单位秒	ok
def_gun_m_barrel_name	武器与军用	枪械/炮	name	Heavy Autocannon Barrel Extension	重型自动火炮炮管加长件	ok
def_gun_m_barrel_desc	武器与军用	枪械/炮	desc	Barrel extensions increase weapon accuracy, but add additional weight.	炮管加长件增加了武器的精确度，但增加了额外的重量	ok
def_gun_m_barrel_s_desc	武器与军用	枪械/炮	s_desc	A heavy autocannon barrel extension.	重型自动火炮炮管加长件	ok
def_gun_m_barrel_1_name	武器与军用	枪械/炮	name	Heavy Autocannon Barrel Extension	重型自动火炮炮管加长件	ok
def_gun_m_barrel_1_desc	武器与军用	枪械/炮	desc	Barrel extensions increase weapon accuracy, but also produce more recoil force.	炮管加长件增加了武器的精度，但也产生了更多的后坐力	ok
def_gun_m_barrel_1_s_desc	武器与军用	枪械/炮	s_desc	A heavy autocannon barrel extension.	重型自动火炮炮管加长件	ok
def_gun_m_barrel_2_name	武器与军用	枪械/炮	name	Heavy Autocannon Barrel Extension	重型自动火炮炮管加长件	ok
def_gun_m_barrel_2_desc	武器与军用	枪械/炮	desc	Barrel extensions increase weapon accuracy, but also produce more recoil force.	炮管加长件增加了武器的精度，但也产生了更多的后坐力	ok
def_gun_m_barrel_2_s_desc	武器与军用	枪械/炮	s_desc	A heavy autocannon barrel extension.	重型自动火炮炮管加长件	ok
def_gun_m_barrel_3_name	武器与军用	枪械/炮	name	Heavy Autocannon Barrel Extension	重型自动火炮炮管加长件	ok
def_gun_m_barrel_3_desc	武器与军用	枪械/炮	desc	Barrel extensions increase weapon accuracy, but also produce more recoil force.	炮管加长件增加了武器的精度，但也产生了更多的后坐力	ok
def_gun_m_barrel_3_s_desc	武器与军用	枪械/炮	s_desc	A heavy autocannon barrel extension.	重型自动火炮炮管加长件	ok
def_gun_m_muzzle_name	武器与军用	枪械/炮	name	Heavy Autocannon Muzzle Brake	重型自动火炮制退器	ok
def_gun_m_muzzle_desc	武器与军用	枪械/炮	desc	A muzzle brake will reduce weapon recoil force when added to the end of a weapon barrel.	当增加到炮管末端时，制退器将减少武器的后坐力	ok
def_gun_m_muzzle_s_desc	武器与军用	枪械/炮	s_desc	A heavy autocannon muzzle brake.	重型自动火炮制退器	ok
def_gun_m_muzzle_1_name	武器与军用	枪械/炮	name	Heavy Autocannon Muzzle Brake	重型自动火炮制退器	ok
def_gun_m_muzzle_1_desc	武器与军用	枪械/炮	desc	A muzzle brake will reduce weapon recoil force when added to the end of a weapon barrel.	当增加到炮管末端时，制退器将减少武器的后坐力	ok
def_gun_m_muzzle_1_s_desc	武器与军用	枪械/炮	s_desc	A heavy autocannon muzzle brake.	重型自动火炮制退器	ok
def_gun_m_muzzle_2_name	武器与军用	枪械/炮	name	Heavy Autocannon Muzzle Brake	重型自动火炮制退器	ok
def_gun_m_muzzle_2_desc	武器与军用	枪械/炮	desc	A muzzle brake will reduce weapon recoil force when added to the end of a weapon barrel.	当增加到炮管末端时，制退器将减少武器的后坐力	ok
def_gun_m_muzzle_2_s_desc	武器与军用	枪械/炮	s_desc	A heavy autocannon muzzle brake.	重型自动火炮制退器	ok
def_gun_rocket_launcher_name	武器与军用	枪械/炮	name	Rocket Launcher	火箭弹发射器	ok
def_gun_rocket_launcher_desc	武器与军用	枪械/炮	desc	Rocket launchers fire powerful high explosive rockets, but cannot be reloaded once empty. Rockets are vulnerable to bullets while in flight.	火箭弹发射器发射大威力火箭弹，一旦空了就不能重新装填。火箭弹在飞行中很容易被子弹击中	ok
def_gun_rocket_launcher_s_desc	武器与军用	枪械/炮	s_desc	A 4-shot rocket launcher.	四联装火箭弹发射器	ok
def_gun_rocket_launcher_node_0_label	武器与军用	枪械/炮	label	Trigger	开火	ok
def_gun_rocket_launcher_node_0_desc	武器与军用	枪械/炮	node_desc	When true: fires a loaded rocket.	如果为true:发射一枚已装填的火箭弹	ok
def_gun_rocket_launcher_node_1_label	武器与军用	枪械/炮	label	Loaded	是否已装填	ok
def_gun_rocket_launcher_node_1_desc	武器与军用	枪械/炮	node_desc	Returns true when a rocket is loaded and ready to fire.	当火箭弹已装填并准备发射时返回true	ok
def_gun_rocket_launcher_node_2_label	武器与军用	枪械/炮	label	Trigger Passthrough	连发扳机	ok
def_gun_rocket_launcher_node_2_desc	武器与军用	枪械/炮	node_desc	Outputs the trigger value once all rockets have been expended.	当所有火箭弹消耗完毕时，输出触发值	ok
def_gun_s_name	武器与军用	枪械/炮	name	Light Autocannon	轻型自动火炮	ok
def_gun_s_desc	武器与军用	枪械/炮	s_desc	Light autocannons provide rapid fire and high ammo capacity. Autocannons require electric power to load ammo from connected belts or drums.	轻型自动火炮提供快速射击和高弹药容量。自动火炮需要电力从弹带或弹鼓装弹	ok
def_gun_s_s_desc	武器与军用	枪械/炮	s_desc	A light autocannon.	轻型自动火炮	ok
def_gun_s_node_0_label	武器与军用	枪械/炮	label	Trigger	开火	ok
def_gun_s_node_0_desc	武器与军用	枪械/炮	node_desc	When true: feeds, loads, and fires cartridges from a connected belt or drum.	如果为true:从连接的弹药带或弹鼓上送入、装载和发射子弹	ok
def_gun_s_node_1_label	武器与军用	枪械/炮	label	Loaded	是否已装填	ok
def_gun_s_node_1_desc	武器与军用	枪械/炮	node_desc	Returns true when a cartridge is loaded and ready to fire.	当弹药装载完毕并准备发射时，返回true	ok
def_gun_s_node_2_label	武器与军用	枪械/炮	label	Electric	电	ok
def_gun_s_node_2_desc	武器与军用	枪械/炮	node_desc	Electrical power connection.	电源连接	ok
def_gun_s_barrel_name	武器与军用	枪械/炮	name	Light Autocannon Barrel Extension	轻型自动火炮炮管加长件	ok
def_gun_s_barrel_desc	武器与军用	枪械/炮	desc	Barrel extensions increase weapon accuracy, but also produce more recoil force.	炮管加长增加了武器的精度，但也产生了更多的后坐力	ok
def_gun_s_barrel_s_desc	武器与军用	枪械/炮	s_desc	A light autocannon barrel extension.	轻型自动火炮炮管加长件	ok
def_gun_s_muzzle_name	武器与军用	枪械/炮	name	Light Autocannon Muzzle Brake	轻型自动火炮制退器	ok
def_gun_s_muzzle_desc	武器与军用	枪械/炮	desc	A muzzle brake will reduce weapon recoil force when added to the end of a weapon barrel.	当增加到炮管末端时，制退器将减少武器的后坐力	ok
def_gun_s_muzzle_s_desc	武器与军用	枪械/炮	s_desc	A light autocannon muzzle brake.	轻型自动火炮制退器	ok
def_gun_s_muzzle_1_name	武器与军用	枪械/炮	name	Light Autocannon Muzzle Brake	轻型自动火炮制退器	ok
def_gun_s_muzzle_1_desc	武器与军用	枪械/炮	desc	A muzzle brake will reduce weapon recoil force when added to the end of a weapon barrel.	当增加到炮管末端时，制退器将减少武器的后坐力	ok
def_gun_s_muzzle_1_s_desc	武器与军用	枪械/炮	s_desc	A light autocannon muzzle brake.	轻型自动火炮制退器	ok
def_gun_s_muzzle_2_name	武器与军用	枪械/炮	name	Light Autocannon Muzzle Brake	轻型自动火炮制退器	ok
def_gun_s_muzzle_2_desc	武器与军用	枪械/炮	desc	A muzzle brake will reduce weapon recoil force when added to the end of a weapon barrel.	当增加到炮管末端时，制退器将减少武器的后坐力	ok
def_gun_s_muzzle_2_s_desc	武器与军用	枪械/炮	s_desc	A light autocannon muzzle brake.	轻型自动火炮制退器	ok
def_gun_s_muzzle_3_name	武器与军用	枪械/炮	name	Light Autocannon Muzzle Brake	轻型自动火炮制退器	ok
def_gun_s_muzzle_3_desc	武器与军用	枪械/炮	desc	A muzzle brake will reduce weapon recoil force when added to the end of a weapon barrel.	当增加到炮管末端时，制退器将减少武器的后坐力	ok
def_gun_s_muzzle_3_s_desc	武器与军用	枪械/炮	s_desc	A light autocannon muzzle brake.	轻型自动火炮制退器	ok
def_gun_v_name	武器与军用	枪械/炮	name	Rotary Autocannon	转管自动火炮	ok
def_gun_v_desc	武器与军用	枪械/炮	desc	Rotary autocannons have a tremendous rate of fire, but can overheat quickly. Autocannons require electric power to load ammo from connected belts or drums.	转管自动火炮的射速很快，但会很快过热。自动火炮需要电力从弹带或弹鼓装弹	ok
def_gun_v_s_desc	武器与军用	枪械/炮	s_desc	A rotary autocannon.	转管自动火炮	ok
def_gun_v_node_0_label	武器与军用	枪械/炮	label	Trigger	开火	ok
def_gun_v_node_0_desc	武器与军用	枪械/炮	node_desc	When true: feeds, loads, and fires cartridges from a connected belt or drum.	如果为true:从连接的弹药带或弹鼓上送入、装载和发射子弹	ok
def_gun_v_node_1_label	武器与军用	枪械/炮	label	Loaded	是否已装填	ok
def_gun_v_node_1_desc	武器与军用	枪械/炮	node_desc	Returns true when a cartridge is loaded and ready to fire.	当弹药装载完毕并准备发射时，返回true	ok
def_gun_v_node_2_label	武器与军用	枪械/炮	label	Electric	电	ok
def_gun_v_node_2_desc	武器与军用	枪械/炮	node_desc	Electrical power connection.	电源连接	ok
def_gun_v_barrel_name	武器与军用	枪械/炮	name	Rotary Autocannon Barrel Extension	转管自动火炮炮管加长件	ok
def_gun_v_barrel_desc	武器与军用	枪械/炮	desc	Barrel extensions increase weapon accuracy, but add additional weight.	炮管加长件增加了武器的精确度，但增加了额外的重量	ok
def_gun_v_barrel_s_desc	武器与军用	枪械/炮	s_desc	A rotary autocannon barrel extension.	转管自动火炮炮管加长件	ok
def_gun_xl_name	武器与军用	枪械/炮	name	Artillery Cannon	大型榴弹炮	ok
def_gun_xl_desc	武器与军用	枪械/炮	desc	Artillery cannons fire high caliber explosive and armor-piercing shells over great distances.	大型榴弹炮可以远距离发射高口径爆炸物和穿甲弹	ok
def_gun_xl_s_desc	武器与军用	枪械/炮	s_desc	An artillery cannon.	大型榴弹炮	ok
def_gun_xl_node_0_label	武器与军用	枪械/炮	label	Trigger	开火	ok
def_gun_xl_node_0_desc	武器与军用	枪械/炮	node_desc	When true: fires a loaded shell.	如果为true:发射一枚已装填的炮弹	ok
def_gun_xl_node_1_label	武器与军用	枪械/炮	label	Loaded	是否已装填	ok
def_gun_xl_node_1_desc	武器与军用	枪械/炮	node_desc	Returns true when a shell is loaded and ready to fire.	当弹药装载完毕并准备发射时，返回true	ok
def_gun_xl_node_2_label	武器与军用	枪械/炮	label	Open Breech	打开炮闩	ok
def_gun_xl_node_2_desc	武器与军用	枪械/炮	node_desc	When true: opens the breech to allow shells to be loaded.	当为true时:打开炮尾以装载炮弹	ok
def_gun_xl_node_3_label	武器与军用	枪械/炮	label	Fuse Timer		todo
def_gun_xl_node_3_desc	武器与军用	枪械/炮	node_desc	Sets the optional time-delay fuse in seconds for high-explosive and fragmentation ammo types.		todo
def_gun_xl_barrel_name	武器与军用	枪械/炮	name	Artillery Cannon Barrel Extension	大型榴弹炮炮管加长件	ok
def_gun_xl_barrel_desc	武器与军用	枪械/炮	desc	Barrel extensions increase weapon accuracy, but also produce more recoil force.	炮管加长件增加了武器的精度，但也产生了更多的后坐力	ok
def_gun_xl_barrel_s_desc	武器与军用	枪械/炮	s_desc	An artillery cannon barrel extension.	大型榴弹炮炮管加长件	ok
def_gun_xl_barrel_1_name	武器与军用	枪械/炮	name	Artillery Cannon Barrel Extension	大型榴弹炮炮管加长件	ok
def_gun_xl_barrel_1_desc	武器与军用	枪械/炮	desc	Barrel extensions increase weapon accuracy, but also produce more recoil force.	炮管加长件增加了武器的精度，但也产生了更多的后坐力	ok
def_gun_xl_barrel_1_s_desc	武器与军用	枪械/炮	s_desc	An artillery cannon barrel extension.	大型榴弹炮炮管加长件	ok
def_gun_xl_barrel_2_name	武器与军用	枪械/炮	name	Artillery Cannon Barrel Extension	大型榴弹炮炮管加长件	ok
def_gun_xl_barrel_2_desc	武器与军用	枪械/炮	desc	Barrel extensions increase weapon accuracy, but also produce more recoil force.	炮管加长件增加了武器的精度，但也产生了更多的后坐力	ok
def_gun_xl_barrel_2_s_desc	武器与军用	枪械/炮	s_desc	An artillery cannon barrel extension.	大型榴弹炮炮管加长件	ok
def_gun_xl_barrel_3_name	武器与军用	枪械/炮	name	Artillery Cannon Barrel Extension	大型榴弹炮炮管加长件	ok
def_gun_xl_barrel_3_desc	武器与军用	枪械/炮	desc	Barrel extensions increase weapon accuracy, but also produce more recoil force.	炮管加长件增加了武器的精度，但也产生了更多的后坐力	ok
def_gun_xl_barrel_3_s_desc	武器与军用	枪械/炮	s_desc	An artillery cannon barrel extension.	大型榴弹炮炮管加长件	ok
def_gun_xl_muzzle_name	武器与军用	枪械/炮	name	Artillery Cannon Muzzle Brake	大型榴弹炮制退器	ok
def_gun_xl_muzzle_desc	武器与军用	枪械/炮	desc	A muzzle brake will reduce weapon recoil force when added to the end of a weapon barrel.	当增加到炮管末端时，制退器将减少武器的后坐力	ok
def_gun_xl_muzzle_s_desc	武器与军用	枪械/炮	s_desc	A artillery cannon muzzle brake.	大型榴弹炮制退器	ok
def_gun_xl_muzzle_1_name	武器与军用	枪械/炮	name	Artillery Cannon Muzzle Brake	大型榴弹炮制退器	ok
def_gun_xl_muzzle_1_desc	武器与军用	枪械/炮	desc	A muzzle brake will reduce weapon recoil force when added to the end of a weapon barrel.	当增加到炮管末端时，制退器将减少武器的后坐力	ok
def_gun_xl_muzzle_1_s_desc	武器与军用	枪械/炮	s_desc	A artillery cannon muzzle brake.	大型榴弹炮制退器	ok
def_gun_xl_muzzle_2_name	武器与军用	枪械/炮	name	Artillery Cannon Muzzle Brake	大型榴弹炮制退器	ok
def_gun_xl_muzzle_2_desc	武器与军用	枪械/炮	desc	A muzzle brake will reduce weapon recoil force when added to the end of a weapon barrel.	当增加到炮管末端时，制退器将减少武器的后坐力	ok
def_gun_xl_muzzle_2_s_desc	武器与军用	枪械/炮	s_desc	A artillery cannon muzzle brake.	大型榴弹炮制退器	ok
def_gun_xs_name	武器与军用	枪械/炮	name	Machine Gun	机枪	ok
def_gun_xs_desc	武器与军用	枪械/炮	desc	Machine guns are lightweight and compact, but require ammo boxes to be reloaded by hand.	机枪重量轻、结构紧凑，但需要手动重新装填弹药箱	ok
def_gun_xs_s_desc	武器与军用	枪械/炮	s_desc	A machine gun.	机枪	ok
def_gun_xs_node_0_label	武器与军用	枪械/炮	label	Trigger	开火	ok
def_gun_xs_node_0_desc	武器与军用	枪械/炮	node_desc	When true: feeds, loads, and fires cartridges from a connected ammo box.	如果为true:从连接的弹药箱上送入、装载和发射子弹	ok
def_gun_xs_node_1_label	武器与军用	枪械/炮	label	Loaded	是否已装填	ok
def_gun_xs_node_1_desc	武器与军用	枪械/炮	node_desc	Returns true when a cartridge is loaded and ready to fire.	弹药上膛并准备发射时，返回true	ok
def_gun_xxl_name	武器与军用	枪械/炮	name	Bertha Cannon	贝莎巨炮	ok
def_gun_xxl_desc	武器与军用	枪械/炮	desc	The Bertha cannon fires devastating high explosive mortar shells, with a wide radius of destruction.	贝莎巨炮发射毁灭性的高爆迫击炮弹，毁伤半径很大	ok
def_gun_xxl_s_desc	武器与军用	枪械/炮	s_desc	A Bertha cannon.	贝莎巨炮	ok
def_gun_xxl_node_0_label	武器与军用	枪械/炮	label	Trigger	开火	ok
def_gun_xxl_node_0_desc	武器与军用	枪械/炮	node_desc	When true: fires a loaded shell.	如果为true:发射一枚已经装填的炮弹	ok
def_gun_xxl_node_1_label	武器与军用	枪械/炮	label	Loaded	是否已装填	ok
def_gun_xxl_node_1_desc	武器与军用	枪械/炮	node_desc	Returns true when a shell is loaded and ready to fire.	当弹药装载完毕并准备发射时，返回true	ok
def_gun_xxl_node_2_label	武器与军用	枪械/炮	label	Open Breech	打开炮闩	ok
def_gun_xxl_node_2_desc	武器与军用	枪械/炮	node_desc	When true: opens the breech to allow shells to be loaded.	当为true时:打开炮尾以装填炮弹	ok
def_gun_xxl_node_3_label	武器与军用	枪械/炮	label	Fuse Timer		todo
def_gun_xxl_node_3_desc	武器与军用	枪械/炮	node_desc	Sets the optional time-delay fuse in seconds for high-explosive and fragmentation ammo types.		todo
def_gun_xxl_barrel_name	武器与军用	枪械/炮	name	Bertha Cannon Barrel Extension	贝莎巨炮炮管加长件	ok
def_gun_xxl_barrel_desc	武器与军用	枪械/炮	desc	Barrel extensions increase weapon accuracy, but also produce more recoil force.	炮管加长件增加了武器的精度，但也产生了更多的后坐力	ok
def_gun_xxl_barrel_s_desc	武器与军用	枪械/炮	s_desc	A Bertha cannon barrel extension.	贝莎巨炮炮管加长件	ok
def_gyro_name	传感器与探测	陀螺仪	name	Gyro	陀螺仪	ok
def_gyro_desc	传感器与探测	陀螺仪	desc	It outputs stabilised values that can be sent to rotors and engines to make them much easier to control. An on/off input allows you to activate and deactivate the internal auto-hover circuit. When auto-hover is enabled, the gyroscope will attempt to keep your helicopter steady.	它输出稳定值，可以发送到螺旋桨和发动机，使它们更容易控制。开/关输入允许您激活和停用内部自动悬停电路。启用自动悬停后，陀螺仪将尝试保持直升机稳定	ok
def_gyro_s_desc	传感器与探测	陀螺仪	s_desc	The gyroscope takes 4 standard value signals representing the desired yaw, pitch, roll and vertical motion of a helicopter.	陀螺仪接收4个标准值信号，表示直升机所需的偏航(Yaw)、俯仰(Pitch)、滚转(Roll)和垂直运动	ok
def_gyro_node_0_label	传感器与探测	陀螺仪	label	Roll	滚转(Roll)	ok
def_gyro_node_0_desc	传感器与探测	陀螺仪	node_desc	Accepts a standard value between -1 and 1 representing the desired roll speed.	接受一个介于-1和1之间的标准值，表示所需的滚转(Roll)速度	ok
def_gyro_node_1_label	传感器与探测	陀螺仪	label	Stabilised Roll	滚转(Roll)稳定	ok
def_gyro_node_1_desc	传感器与探测	陀螺仪	node_desc	Outputs a standard value between -1 and 1 representing a stabilised roll speed.	输出一个介于-1和1之间的标准值，表示稳定的滚转(Roll)速度	ok
def_gyro_node_2_label	传感器与探测	陀螺仪	label	Pitch	俯仰(Pitch)	ok
def_gyro_node_2_desc	传感器与探测	陀螺仪	node_desc	Accepts a standard value between -1 and 1 representing the desired pitch speed.	接受一个介于-1和1之间的标准值，表示所需的俯仰(Pitch)速度	ok
def_gyro_node_3_label	传感器与探测	陀螺仪	label	Stabilised Pitch	俯仰(Pitch)稳定	ok
def_gyro_node_3_desc	传感器与探测	陀螺仪	node_desc	Outputs a standard value between -1 and 1 representing a stabilised pitch speed.	输出一个介于-1和1之间的标准值，表示稳定的俯仰(Pitch)速度	ok
def_gyro_node_4_label	传感器与探测	陀螺仪	label	Yaw	偏航(Yaw)	ok
def_gyro_node_4_desc	传感器与探测	陀螺仪	node_desc	Accepts a standard value between -1 and 1 representing the desired yaw speed.	接受一个介于-1和1之间的标准值，表示所需的偏航(Yaw)速度	ok
def_gyro_node_5_label	传感器与探测	陀螺仪	label	Stabilised Yaw	偏航(Yaw)稳定	ok
def_gyro_node_5_desc	传感器与探测	陀螺仪	node_desc	Outputs a standard value between -1 and 1 representing a stabilised yaw speed.	输出一个介于-1和1之间的标准值，表示稳定的偏航(Yaw)速度	ok
def_gyro_node_6_label	传感器与探测	陀螺仪	label	Up/Down	上/下	ok
def_gyro_node_6_desc	传感器与探测	陀螺仪	node_desc	Accepts a standard value between -1 and 1 representing the desired vertical speed.	接受一个介于-1和1之间的标准值，表示所需的垂直速度	ok
def_gyro_node_7_label	传感器与探测	陀螺仪	label	Stabilised Up/Down	向上/向下稳定	ok
def_gyro_node_7_desc	传感器与探测	陀螺仪	node_desc	Outputs a standard value between 0 and 1 representing a stabilised upward thrust.	输出0到1之间的标准值，表示稳定的向上推力	ok
def_gyro_node_8_label	传感器与探测	陀螺仪	label	Auto-hover	自动悬停	ok
def_gyro_node_8_desc	传感器与探测	陀螺仪	node_desc	Enables the gyroscope's auto-hover circuit when receiving an on signal.	当接收到接通信号时，启用陀螺仪的自动悬停电路	ok
def_gyro_node_9_label	传感器与探测	陀螺仪	label	Electric	电	ok
def_gyro_node_9_desc	传感器与探测	陀螺仪	node_desc	Electrical power connection.	电源连接	ok
def_gyroscopic_stabilizer_name	传感器与探测	陀螺	name	Reaction Wheel	动量轮	ok
def_gyroscopic_stabilizer_desc	传感器与探测	陀螺	desc	This component can be wired directly to an aligned angular rotation sensor to stabilize its rotation.	该组件可直接与配套的角度旋转传感器连接,以稳定其旋转	ok
def_gyroscopic_stabilizer_s_desc	传感器与探测	陀螺	s_desc	A stabilization system that outputs a force to counter the input rotation.	可抵消旋转的动量陀螺	ok
def_gyroscopic_stabilizer_node_0_label	传感器与探测	陀螺	label	Electric	电	ok
def_gyroscopic_stabilizer_node_0_desc	传感器与探测	陀螺	node_desc	Electrical power connection.	电源连接	ok
def_gyroscopic_stabilizer_node_1_label	传感器与探测	陀螺	label	Rotation	旋转	ok
def_gyroscopic_stabilizer_node_1_desc	传感器与探测	陀螺	node_desc	Input rotation value.	输入旋转值	ok
def_gyroscopic_stabilizer_large_name	传感器与探测	陀螺	name	Reaction Wheel (Large)	动量轮(大)	ok
def_gyroscopic_stabilizer_large_desc	传感器与探测	陀螺	desc	This component can be wired directly to an aligned angular rotation sensor to stabilize its rotation.	该组件可直接与配套的角度旋转传感器连接,以稳定其旋转	ok
def_gyroscopic_stabilizer_large_s_desc	传感器与探测	陀螺	s_desc	A stabilization system that outputs a force to counter the input rotation.	可抵消旋转的动量陀螺	ok
def_gyroscopic_stabilizer_large_node_0_label	传感器与探测	陀螺	label	Electric	电	ok
def_gyroscopic_stabilizer_large_node_0_desc	传感器与探测	陀螺	node_desc	Electrical power connection.	电源连接	ok
def_gyroscopic_stabilizer_large_node_1_label	传感器与探测	陀螺	label	Rotation	旋转	ok
def_gyroscopic_stabilizer_large_node_1_desc	传感器与探测	陀螺	node_desc	Input rotation value.	输入旋转值	ok
def_gyroscopic_stabilizer_small_name	传感器与探测	陀螺	name	Reaction Wheel (Small)	动量轮(小)	ok
def_gyroscopic_stabilizer_small_desc	传感器与探测	陀螺	desc	This component can be wired directly to an aligned angular rotation sensor to stabilize its rotation.	该组件可直接与配套的角度旋转传感器连接,以稳定其旋转	ok
def_gyroscopic_stabilizer_small_s_desc	传感器与探测	陀螺	s_desc	A stabilization system that outputs a force to counter the input rotation.	可抵消旋转的动量陀螺	ok
def_gyroscopic_stabilizer_small_node_0_label	传感器与探测	陀螺	label	Electric	电	ok
def_gyroscopic_stabilizer_small_node_0_desc	传感器与探测	陀螺	node_desc	Electrical power connection.	电源连接	ok
def_gyroscopic_stabilizer_small_node_1_label	传感器与探测	陀螺	label	Rotation	旋转	ok
def_gyroscopic_stabilizer_small_node_1_desc	传感器与探测	陀螺	node_desc	Input rotation value.	输入旋转值	ok
def_handle_name	结构建材	把手	name	Handle	把手	ok
def_handle_desc	结构建材	把手	desc	Interacting with [$[action_interact_left]] or [$[action_interact_right]] again will detach that hand. The handle can be used to drag vehicles around. If a vehicle is too heavy to move, you will be detached automatically when you move outside the handle's interaction range.	在连接上时按[$[action_interact_left]/[$[action_interact_right]]将分离您，具体取决于您开始按了哪个键。把手可以用来拖动载具。如果载具太重而无法移动，则当您在把手的交互作用范围之外移动时，将自动分离	ok
def_handle_s_desc	结构建材	把手	s_desc	A handle that you can attach to by interacting with [$[action_interact_left]] or [$[action_interact_right]].	通过按[$[action_interact_left]]或[$[action_interact_right]]可以抓上把手	ok
def_handle_node_0_label	结构建材	把手	label	Occupied	是否被占用	ok
def_handle_node_0_desc	结构建材	把手	node_desc	Outputs an on signal if a player is attached to the handle.	如果有玩家抓住了把手,返回true	ok
def_hatch_name	结构建材	舱盖	name	Sliding Hatch (Electric)	滑动舱口(电动)	ok
def_hatch_desc	结构建材	舱盖	desc			ok
def_hatch_s_desc	结构建材	舱盖	s_desc	Sliding hatch that can be opened and closed using an on/off signal.	滑动舱口，可使用开/关信号打开和关闭	ok
def_hatch_node_0_label	结构建材	舱盖	label	Hatch Open/Close	舱口打开/关闭	ok
def_hatch_node_0_desc	结构建材	舱盖	node_desc	Opens the hatch when receiving an on signal, and closes it when receiving an off signal.	接收到打开信号时打开舱口，接收到关闭信号时关闭舱口	ok
def_hatch_node_1_label	结构建材	舱盖	label	Electric	电	ok
def_hatch_node_1_desc	结构建材	舱盖	node_desc	Electrical power connection.	电源连接	ok
def_heater_name	引擎与动力	加热器	name	Heater	加热器	ok
def_heater_desc	引擎与动力	加热器	desc	When enabled, the heater will warm either the compartment it is within or any players within a 10m radius, allowing them to survive cold temperatures.	启用后，加热器将加热封闭空间内或半径10米范围内的所有玩家，使他们能够在寒冷的气候条件下生存	ok
def_heater_s_desc	引擎与动力	加热器	s_desc	A small heater that will provide warmth in a radius.	电暖器，可以为一定范围内的玩家提供温暖	ok
def_heater_node_0_label	引擎与动力	加热器	label	Heating Element	加热元件	ok
def_heater_node_0_desc	引擎与动力	加热器	node_desc	Enables the heating element when receiving an on signal.	在接收到接通信号时启用加热元件	ok
def_heater_node_1_label	引擎与动力	加热器	label	Electric	电	ok
def_heater_node_1_desc	引擎与动力	加热器	node_desc	Electrical power connection.	电源连接	ok
def_heat_exchanger_2_2_name	引擎与动力	散热/加热	name	Air-Air Heat Exchanger 2x2	气体热交换器 2x2	ok
def_heat_exchanger_2_2_desc	引擎与动力	散热/加热	desc	A heat exchanger that averages heat between two air systems at a rate proportional to the component's size.	冷却器以与组件尺寸成比例的速率平衡两边气体的热量	ok
def_heat_exchanger_2_2_s_desc	引擎与动力	散热/加热	s_desc	A heat exchanger that averages heat between two air systems.	平衡两边气体的热量的热交换器	ok
def_heat_exchanger_2_2_node_0_label	引擎与动力	散热/加热	label	Air A In	气体输入A	ok
def_heat_exchanger_2_2_node_0_desc	引擎与动力	散热/加热	node_desc	Input air port.	气体输入端口	ok
def_heat_exchanger_2_2_node_1_label	引擎与动力	散热/加热	label	Air A Out	气体输出A	ok
def_heat_exchanger_2_2_node_1_desc	引擎与动力	散热/加热	node_desc	Output air port.	气体输出端口	ok
def_heat_exchanger_2_2_node_2_label	引擎与动力	散热/加热	label	Air B In	气体输入B	ok
def_heat_exchanger_2_2_node_2_desc	引擎与动力	散热/加热	node_desc	Input air port.	气体输入端口	ok
def_heat_exchanger_2_2_node_3_label	引擎与动力	散热/加热	label	Air B Out	气体输出B	ok
def_heat_exchanger_2_2_node_3_desc	引擎与动力	散热/加热	node_desc	Output air port.	气体输出端口	ok
def_heat_exchanger_2_2_node_4_label	引擎与动力	散热/加热	label	Temp A	温度A	ok
def_heat_exchanger_2_2_node_4_desc	引擎与动力	散热/加热	node_desc	Compartment temperature.	气体A温度	ok
def_heat_exchanger_2_2_node_5_label	引擎与动力	散热/加热	label	Temp B	温度B	ok
def_heat_exchanger_2_2_node_5_desc	引擎与动力	散热/加热	node_desc	Compartment temperature.	气体B温度	ok
def_heat_exchanger_5_5_name	引擎与动力	散热/加热	name	Air-Air Heat Exchanger 2x5	气体热交换器 2x5	ok
def_heat_exchanger_5_5_desc	引擎与动力	散热/加热	desc	A heat exchanger that averages heat between two air systems at a rate proportional to the component's size.	冷却器以与组件尺寸成比例的速率平衡两边气体的热量	ok
def_heat_exchanger_5_5_s_desc	引擎与动力	散热/加热	s_desc	A heat exchanger that averages heat between two air systems.	平衡两边气体的热量的热交换器	ok
def_heat_exchanger_5_5_node_0_label	引擎与动力	散热/加热	label	Air A In	气体输入A	ok
def_heat_exchanger_5_5_node_0_desc	引擎与动力	散热/加热	node_desc	Input air port.	气体输入端口	ok
def_heat_exchanger_5_5_node_1_label	引擎与动力	散热/加热	label	Air A Out	气体输出A	ok
def_heat_exchanger_5_5_node_1_desc	引擎与动力	散热/加热	node_desc	Output air port.	气体输出端口	ok
def_heat_exchanger_5_5_node_2_label	引擎与动力	散热/加热	label	Air B In	气体输入B	ok
def_heat_exchanger_5_5_node_2_desc	引擎与动力	散热/加热	node_desc	Input air port.	气体输入端口	ok
def_heat_exchanger_5_5_node_3_label	引擎与动力	散热/加热	label	Air B Out	气体输出B	ok
def_heat_exchanger_5_5_node_3_desc	引擎与动力	散热/加热	node_desc	Output air port.	气体输出端口	ok
def_heat_exchanger_5_5_node_4_label	引擎与动力	散热/加热	label	Temp A	温度A	ok
def_heat_exchanger_5_5_node_4_desc	引擎与动力	散热/加热	node_desc	Compartment temperature.	气体A温度	ok
def_heat_exchanger_5_5_node_5_label	引擎与动力	散热/加热	label	Temp B	温度B	ok
def_heat_exchanger_5_5_node_5_desc	引擎与动力	散热/加热	node_desc	Compartment temperature.	气体B温度	ok
def_heat_exchanger_9_9_name	引擎与动力	散热/加热	name	Air-Air Heat Exchanger 3x9	气体热交换器 3x9	ok
def_heat_exchanger_9_9_desc	引擎与动力	散热/加热	desc	A heat exchanger that averages heat between two air systems at a rate proportional to the component's size.	冷却器以与组件尺寸成比例的速率平衡两边气体的热量	ok
def_heat_exchanger_9_9_s_desc	引擎与动力	散热/加热	s_desc	A heat exchanger that averages heat between two air systems.	平衡两边气体的热量的热交换器	ok
def_heat_exchanger_9_9_node_0_label	引擎与动力	散热/加热	label	Air A In	气体输入A	ok
def_heat_exchanger_9_9_node_0_desc	引擎与动力	散热/加热	node_desc	Input air port.	气体输入端口	ok
def_heat_exchanger_9_9_node_1_label	引擎与动力	散热/加热	label	Air A Out	气体输出A	ok
def_heat_exchanger_9_9_node_1_desc	引擎与动力	散热/加热	node_desc	Output air port.	气体输出端口	ok
def_heat_exchanger_9_9_node_2_label	引擎与动力	散热/加热	label	Air B In	气体输入B	ok
def_heat_exchanger_9_9_node_2_desc	引擎与动力	散热/加热	node_desc	Input air port.	气体输入端口	ok
def_heat_exchanger_9_9_node_3_label	引擎与动力	散热/加热	label	Air B Out	气体输出B	ok
def_heat_exchanger_9_9_node_3_desc	引擎与动力	散热/加热	node_desc	Output air port.	气体输出端口	ok
def_heat_exchanger_9_9_node_4_label	引擎与动力	散热/加热	label	Temp A	温度A	ok
def_heat_exchanger_9_9_node_4_desc	引擎与动力	散热/加热	node_desc	Compartment temperature.	气体A温度	ok
def_heat_exchanger_9_9_node_5_label	引擎与动力	散热/加热	label	Temp B	温度B	ok
def_heat_exchanger_9_9_node_5_desc	引擎与动力	散热/加热	node_desc	Compartment temperature.	气体B温度	ok
def_heavy_rotor_name	引擎与动力	重型	name	Heavy Rotor	重型螺旋桨	ok
def_heavy_rotor_desc	引擎与动力	重型	desc	Three standard number inputs control the rotor's swashplate, allowing you to affect the pitch, roll, and collective rotor angle. Power received from an engine affects the amount of up and down force that the rotor will generate.	三个标准数字输入控制螺旋桨的旋转斜盘，允许您影响俯仰(Pitch)、侧倾和总螺旋桨角度。从发动机接收到的功率影响螺旋桨将产生的上下力的大小	ok
def_heavy_rotor_s_desc	引擎与动力	重型	s_desc	A heavy duty rotor with thrust vectoring.	带有推力矢量的重型螺旋桨	ok
def_heavy_rotor_node_0_label	引擎与动力	重型	label	Roll	滚转(Roll)	ok
def_heavy_rotor_node_0_desc	引擎与动力	重型	node_desc	Standard value between -1 and 1 representing the desired roll amount.	介于-1和1之间的标准值，表示想要滚转(Roll)的量	ok
def_heavy_rotor_node_1_label	引擎与动力	重型	label	Pitch	俯仰(Pitch)	ok
def_heavy_rotor_node_1_desc	引擎与动力	重型	node_desc	Standard value between -1 and 1 representing the desired pitch amount.	介于-1和1之间的标准值，表示想要俯仰(Pitch)的量	ok
def_heavy_rotor_node_2_label	引擎与动力	重型	label	RPS	RPS	ok
def_heavy_rotor_node_2_desc	引擎与动力	重型	node_desc	Receives power generated by an engine.	接收发动机产生的动力	ok
def_heavy_rotor_node_3_label	引擎与动力	重型	label	Collective	总距	ok
def_heavy_rotor_node_3_desc	引擎与动力	重型	node_desc	Standard value between -1 and 1 representing the desired pitch amount.	介于-1和1之间的标准值，表示总距	ok
def_heavy_rotor_large_name	引擎与动力	重型	name	Heavy Large Rotor	重型大螺旋桨	ok
def_heavy_rotor_large_desc	引擎与动力	重型	desc	Three standard number inputs control the rotor's swashplate, allowing you to affect the pitch, roll, and collective rotor angle. Power received from an engine affects the amount of up and down force that the rotor will generate.	三个标准数字输入控制螺旋桨的旋转斜盘，允许您影响俯仰(Pitch)、侧倾和总螺旋桨角度。从发动机接收到的功率影响螺旋桨将产生的上下力的大小	ok
def_heavy_rotor_large_s_desc	引擎与动力	重型	s_desc	A large heavy duty rotor with thrust vectoring.	带有推力矢量的大型重型螺旋桨	ok
def_heavy_rotor_large_node_0_label	引擎与动力	重型	label	Roll	滚转(Roll)	ok
def_heavy_rotor_large_node_0_desc	引擎与动力	重型	node_desc	Standard value between -1 and 1 representing the desired roll amount.	介于-1和1之间的标准值，表示想要滚转(Roll)的量	ok
def_heavy_rotor_large_node_1_label	引擎与动力	重型	label	Pitch	俯仰(Pitch)	ok
def_heavy_rotor_large_node_1_desc	引擎与动力	重型	node_desc	Standard value between -1 and 1 representing the desired pitch amount.	介于-1和1之间的标准值，表示想要俯仰(Pitch)的量	ok
def_heavy_rotor_large_node_2_label	引擎与动力	重型	label	RPS	RPS	ok
def_heavy_rotor_large_node_2_desc	引擎与动力	重型	node_desc	Receives power generated by an engine.	接收发动机产生的动力	ok
def_heavy_rotor_large_node_3_label	引擎与动力	重型	label	Collective	总距	ok
def_heavy_rotor_large_node_3_desc	引擎与动力	重型	node_desc	Standard value between -1 and 1 representing the desired pitch amount.	介于-1和1之间的标准值，表示总距	ok
def_huge_rotor_name	引擎与动力	巨型	name	Huge Rotor	巨型螺旋桨	ok
def_huge_rotor_desc	引擎与动力	巨型	desc	Two standard number inputs control the rotor's swashplate, allowing you to affect its pitch and roll. Power received from an engine affects the amount of up and down force that the rotor will generate. The output force of this rotor is decreased when underwater.	两个标准数字输入控制螺旋桨的旋转斜盘，允许您影响其俯仰(Pitch)和侧倾。从发动机接收到的功率影响螺旋桨将产生的上下力的大小。在水下时，该螺旋桨的输出力减小	ok
def_huge_rotor_s_desc	引擎与动力	巨型	s_desc	A large helicopter rotor with controllable pitch and roll.	具有可控制的俯仰(Pitch)和滚转(Roll)的大型直升机旋翼	ok
def_huge_rotor_node_0_label	引擎与动力	巨型	label	Roll	滚转(Roll)	ok
def_huge_rotor_node_0_desc	引擎与动力	巨型	node_desc	Standard value between -1 and 1 representing the desired roll amount.	介于-1和1之间的标准值，表示想要滚转(Roll)的量	ok
def_huge_rotor_node_1_label	引擎与动力	巨型	label	Pitch	俯仰(Pitch)	ok
def_huge_rotor_node_1_desc	引擎与动力	巨型	node_desc	Standard value between -1 and 1 representing the desired pitch amount.	介于-1和1之间的标准值，表示想要俯仰(Pitch)的量	ok
def_huge_rotor_node_2_label	引擎与动力	巨型	label	RPS	RPS	ok
def_huge_rotor_node_2_desc	引擎与动力	巨型	node_desc	Receives power generated by an engine.	接收发动机产生的动力	ok
def_huge_rotor_node_3_label	引擎与动力	巨型	label	Collective	总距	ok
def_huge_rotor_node_3_desc	引擎与动力	巨型	node_desc	Standard value between -1 and 1 representing the desired pitch amount.	介于-1和1之间的标准值，表示总距	ok
def_humidity_sensor_name	传感器与探测	湿度	name	Humidity Sensor	湿度传感器	ok
def_humidity_sensor_desc	传感器与探测	湿度	desc	The reading can be read from the sensor's number output and is measured from 0 (no fog) to 1 (max fog).	读数可以从传感器的数字输出中读取，测量范围为0(无雾)到1(最大雾)	ok
def_humidity_sensor_s_desc	传感器与探测	湿度	s_desc	A humidity sensor for measuring the current fog and visibility meteorological conditions.	用于测量当前雾和能见度气象条件的湿度传感器	ok
def_humidity_sensor_node_0_label	传感器与探测	湿度	label	Humidity Factor	湿度系数	ok
def_humidity_sensor_node_0_desc	传感器与探测	湿度	node_desc	The level of humidity in the air, relating to the fog visibility.	气体中的湿度水平，与雾的可见度有关	ok
def_hydrogen_fuel_cell_name	流体系统	氢气	name	Hydrogen Fuel Cell	氢燃料电池	ok
def_hydrogen_fuel_cell_desc	流体系统	氢气	desc	Pumping hydrogen and oxygen into the fuel cell generates power while creating water as a byproduct.	将氢气和氧气注入燃料电池可产生电能，同时产生水作为副产物	ok
def_hydrogen_fuel_cell_s_desc	流体系统	氢气	s_desc	A hydrogen fuel cell capable of generating electric power.	通过氢氧产生电力的电池	ok
def_hydrogen_fuel_cell_node_0_label	流体系统	氢气	label	Electric	电	ok
def_hydrogen_fuel_cell_node_0_desc	流体系统	氢气	node_desc	The electric connection to output electric energy.	电源连接	ok
def_hydrogen_fuel_cell_node_1_label	流体系统	氢气	label	Oxygen In	氧气输入	ok
def_hydrogen_fuel_cell_node_1_desc	流体系统	氢气	node_desc			ok
def_hydrogen_fuel_cell_node_2_label	流体系统	氢气	label	Hydrogen In	氢气输入	ok
def_hydrogen_fuel_cell_node_2_desc	流体系统	氢气	node_desc			ok
def_hydrogen_fuel_cell_node_3_label	流体系统	氢气	label	Water Out	排水	ok
def_hydrogen_fuel_cell_node_3_desc	流体系统	氢气	node_desc			ok
def_impact_sensor_name	传感器与探测	碰撞	name	Impact Sensor	冲击传感器	ok
def_impact_sensor_desc	传感器与探测	碰撞	desc	Setting the impact threshold property will tune the sensitivity for impacts. When the instant change in velocity from an impact exceeds the threshold, an on signal is produced.	设置冲击阈值能够调整敏感度。 当来自撞击的瞬时速度变化超过阈值时，输出一个on信号	ok
def_impact_sensor_s_desc	传感器与探测	碰撞	s_desc	A sensor activated by a sudden change in velocity.	传感器能够检测瞬间的速度变化	ok
def_impact_sensor_node_0_label	传感器与探测	碰撞	label	Output	输出	ok
def_impact_sensor_node_0_desc	传感器与探测	碰撞	node_desc	Outputs an on signal when instant change in velocity exceeds the impact threshold.	当瞬间速度变化超过阈值时，输出一个on信号	ok
def_indicator_name	显示与控制	指示灯	name	Indicator Light	指示灯	ok
def_indicator_desc	显示与控制	指示灯	desc			ok
def_indicator_s_desc	显示与控制	指示灯	s_desc	A simple light that can be used as an indicator in logic systems.	简单的指示灯,可用作逻辑系统中的指示器	ok
def_indicator_node_0_label	显示与控制	指示灯	label	Indicator Light	指示灯	ok
def_indicator_node_0_desc	显示与控制	指示灯	node_desc	Switches the light on when receiving an on signal.	接收到接通信号时，打开灯	ok
def_indicator_node_1_label	显示与控制	指示灯	label	Electric	电	ok
def_indicator_node_1_desc	显示与控制	指示灯	node_desc	Electrical power connection.	电源连接	ok
def_indicator_rgb_name	显示与控制	指示灯	name	Indicator Light (RGB)	指示灯(RGB)	ok
def_indicator_rgb_desc	显示与控制	指示灯	desc	Three channels of the composite input can be used to set the red, green and blue components of the indicator's color using numbers between 0 and 1. The light can also operate in HSV mode, where the 3 inputs correspond to the hue, saturation and value (brightness) of the color between 0 and 1. The color mode and input channels can be customised by selecting this component with the select tool.	组合输入的三个通道可用于使用0到1之间的数字设置指示器颜色的红色、绿色和蓝色分量。灯光也可以在HSV模式下工作，其中3个输入对应于0到1之间颜色的色调、饱和度和值(亮度)。颜色模式和输入通道可以通过使用选择工具选择此组件进行自定义	ok
def_indicator_rgb_s_desc	显示与控制	指示灯	s_desc	An advanced indicator that can be controlled using a microcontroller.	可以用微控制器操作的高级指示器	ok
def_indicator_rgb_node_0_label	显示与控制	指示灯	label	Color Data	颜色数据	ok
def_indicator_rgb_node_0_desc	显示与控制	指示灯	node_desc	Composite link containing the indicator's color data.	包含指示器颜色数据的复合链接	ok
def_indicator_rgb_node_1_label	显示与控制	指示灯	label	Electric	电	ok
def_indicator_rgb_node_1_desc	显示与控制	指示灯	node_desc	Electrical power connection.	电源连接	ok
def_instrument_display_name	显示与控制	仪器	name	Instrument Panel	仪表板	ok
def_instrument_display_desc	显示与控制	仪器	desc	The 4 instruments can be selected in the properties window. Each type of instrument has options for choosing the composite channels that they read from or write to. Composite signals are bridged from the input node to the output node to enable displays to be chained together. Instruments marked as '(On/Off)' require multiple on/off signals to control each of their segments individually.	可以在“属性”窗口中选择这4种仪器。每种类型的仪器都有选择读写复合通道的选项。复合信号从输入节点桥接收到输出节点，以使显示链接在一起。标记为“(开/关)”的仪表需要多个开/关信号来单独控制其每个段	ok
def_instrument_display_s_desc	显示与控制	仪器	s_desc	A customisable panel that can have up to 4 different instruments, controlled by a composite signal from a microcontroller.	可定制的面板,可以有多达4种不同的仪器.需由微控制器的复合信号控制	ok
def_instrument_display_node_0_label	显示与控制	仪器	label	Out Signal	信号输出	ok
def_instrument_display_node_0_desc	显示与控制	仪器	node_desc	Output signal containing data set by buttons on the display.	包含由显示器上的按钮设置的数据的输出信号	ok
def_instrument_display_node_1_label	显示与控制	仪器	label	In Signal	信号输入	ok
def_instrument_display_node_1_desc	显示与控制	仪器	node_desc	Input signal containing data to be displayed.	包含要显示的数据的输入信号	ok
def_instrument_display_node_2_label	显示与控制	仪器	label	Electric	电	ok
def_instrument_display_node_2_desc	显示与控制	仪器	node_desc	Electrical power connection.	电源连接	ok
def_instrument_display_node_3_label	显示与控制	仪器	label	Backlight	背光	ok
def_instrument_display_node_3_desc	显示与控制	仪器	node_desc	Enables the backlight when receiving an on signal.	接收到打开信号时启用背光	ok
def_intercooler_name	引擎与动力	中冷器	name	Liquid-Liquid Heat Exchanger 2x2	液体热交换器 2x2	ok
def_intercooler_desc	引擎与动力	中冷器	desc	A heat exchanger that averages heat between two liquid systems at a rate proportional to the component's size.	冷却器以与组件尺寸成比例的速率平衡两边液体的热量	ok
def_intercooler_s_desc	引擎与动力	中冷器	s_desc	A heat exchanger that averages heat between two liquid systems.	平衡两边液体的热量的热交换器	ok
def_intercooler_node_0_label	引擎与动力	中冷器	label	Fluid A In	液体输入A	ok
def_intercooler_node_0_desc	引擎与动力	中冷器	node_desc	Input fluid port.	液体输入接口	ok
def_intercooler_node_1_label	引擎与动力	中冷器	label	Fluid A Out	液体输出A	ok
def_intercooler_node_1_desc	引擎与动力	中冷器	node_desc	Output fluid port.	液体输出接口	ok
def_intercooler_node_2_label	引擎与动力	中冷器	label	Fluid B In	液体输入B	ok
def_intercooler_node_2_desc	引擎与动力	中冷器	node_desc	Input fluid port.	液体输入接口	ok
def_intercooler_node_3_label	引擎与动力	中冷器	label	Fluid B Out	液体输出B	ok
def_intercooler_node_3_desc	引擎与动力	中冷器	node_desc	Output fluid port.	液体输出接口	ok
def_intercooler_node_4_label	引擎与动力	中冷器	label	Temp A	温度A	ok
def_intercooler_node_4_desc	引擎与动力	中冷器	node_desc	Compartment temperature.	液体A温度	ok
def_intercooler_node_5_label	引擎与动力	中冷器	label	Temp B	温度B	ok
def_intercooler_node_5_desc	引擎与动力	中冷器	node_desc	Compartment temperature.	液体B温度	ok
def_intercooler_large_name	引擎与动力	中冷器	name	Liquid-Liquid Heat Exchanger 5x5	液体热交换器 5x5	ok
def_intercooler_large_desc	引擎与动力	中冷器	desc	A heat exchanger that averages heat between two liquid systems at a rate proportional to the component's size.	冷却器以与组件尺寸成比例的速率平衡两边液体的热量	ok
def_intercooler_large_s_desc	引擎与动力	中冷器	s_desc	A heat exchanger that averages heat between two liquid systems.	平衡两边液体的热量的热交换器	ok
def_intercooler_large_node_0_label	引擎与动力	中冷器	label	Fluid A In	液体输入A	ok
def_intercooler_large_node_0_desc	引擎与动力	中冷器	node_desc	Input fluid port.	液体输入接口	ok
def_intercooler_large_node_1_label	引擎与动力	中冷器	label	Fluid A Out	液体输出A	ok
def_intercooler_large_node_1_desc	引擎与动力	中冷器	node_desc	Output fluid port.	液体输出接口	ok
def_intercooler_large_node_2_label	引擎与动力	中冷器	label	Fluid B In	液体输入B	ok
def_intercooler_large_node_2_desc	引擎与动力	中冷器	node_desc	Input fluid port.	液体输入接口	ok
def_intercooler_large_node_3_label	引擎与动力	中冷器	label	Fluid B Out	液体输出B	ok
def_intercooler_large_node_3_desc	引擎与动力	中冷器	node_desc	Output fluid port.	液体输出接口	ok
def_intercooler_large_node_4_label	引擎与动力	中冷器	label	Temp A	温度A	ok
def_intercooler_large_node_4_desc	引擎与动力	中冷器	node_desc	Compartment temperature.	液体A温度	ok
def_intercooler_large_node_5_label	引擎与动力	中冷器	label	Temp B	温度B	ok
def_intercooler_large_node_5_desc	引擎与动力	中冷器	node_desc	Compartment temperature.	液体B温度	ok
def_inventory_equipment_binoculars_name	任务与货物	货舱/库存	name	Equipment inventory (Binoculars)	装备架(望远镜)	ok
def_inventory_equipment_binoculars_desc	任务与货物	货舱/库存	desc	Hold [$[action_equipment_use]] to zoom in on faraway objects.	按下 [$[action_interact_left]]/[$[action_interact_right]] 能装备/收起选中物品。 按住 [$[action_equipment_use]] 来放大观看远处目标。 不使用时，这个装备能挂腰带上	ok
def_inventory_equipment_binoculars_s_desc	任务与货物	货舱/库存	s_desc	A small equipment storage unit containing a pair of binoculars.	小型装备架，存储一个望远镜	ok
def_inventory_equipment_binoculars_node_0_label	任务与货物	货舱/库存	label	Electric	电	ok
def_inventory_equipment_binoculars_node_0_desc	任务与货物	货舱/库存	node_desc	Electrical power connection.	电源连接	ok
def_inventory_equipment_c4_name	任务与货物	货舱/库存	name	Equipment inventory (C4 Explosive)	装备架[C4炸药]	ok
def_inventory_equipment_c4_desc	任务与货物	货舱/库存	desc	Press [$[action_equipment_use]] to arm and plant the C-4 explosive on a nearby surface.	按[$[action_equipment_use]]键将C-4炸弹放置在附近的地面上	ok
def_inventory_equipment_c4_s_desc	任务与货物	货舱/库存	s_desc	A small equipment storage unit containing C-4 plastic explosive.	装有C-4炸药的装备物品栏	ok
def_inventory_equipment_c4_node_0_label	任务与货物	货舱/库存	label	Electric	电	ok
def_inventory_equipment_c4_node_0_desc	任务与货物	货舱/库存	node_desc	Electrical power connection.	电源连接	ok
def_inventory_equipment_c4_detonator_name	任务与货物	货舱/库存	name	Equipment inventory (C4 Detonator)	装备架[C4起爆器]	ok
def_inventory_equipment_c4_detonator_desc	任务与货物	货舱/库存	desc	Press [$[action_equipment_use]] to detonate armed C-4 explosives.	按[$[action_equipment_use]]引爆C-4炸药	ok
def_inventory_equipment_c4_detonator_s_desc	任务与货物	货舱/库存	s_desc	A small equipment storage unit containing a C-4 remote detonator.	小型装备架，包含一个C-4遥控起爆器	ok
def_inventory_equipment_c4_detonator_node_0_label	任务与货物	货舱/库存	label	Electric	电	ok
def_inventory_equipment_c4_detonator_node_0_desc	任务与货物	货舱/库存	node_desc	Electrical power connection.	电源连接	ok
def_inventory_equipment_cable_name	任务与货物	货舱/库存	name	Equipment inventory (Cable)	装备架(电缆)	ok
def_inventory_equipment_cable_desc	任务与货物	货舱/库存	desc	Press [$[action_equipment_use]] to attach the cable to an unoccupied electrical cable anchor. Interacting with [$[action_interact_left]]/[$[action_interact_right]] on an occupied electical cable anchor will retrieve the cable if the player has inventory space to hold it.	按下 [$[action_interact_left]]/[$[action_interact_right]] 能装备/收起选中物品。 按下 [$[action_equipment_use]] 来将电缆连接到未占用的电缆锚点。 如果有剩余空间，在已经占用的电缆锚点按下 [$[action_interact_left]]/[$[action_interact_right]] 将会把电缆收回到玩家库存。 不使用时，这个装备能够收到背后	ok
def_inventory_equipment_cable_s_desc	任务与货物	货舱/库存	s_desc	A large equipment storage unit containing 20m of electrical cable.	大型装备架，存储共计20m长的电缆	ok
def_inventory_equipment_cable_node_0_label	任务与货物	货舱/库存	label	Electric	电	ok
def_inventory_equipment_cable_node_0_desc	任务与货物	货舱/库存	node_desc	Electrical power connection.	电源连接	ok
def_inventory_equipment_compass_name	任务与货物	货舱/库存	name	Equipment inventory (Compass)	装备架(指南针)	ok
def_inventory_equipment_compass_desc	任务与货物	货舱/库存	desc	When held, the red needle of the compass will point northwards. The compass also displays a bearing on the equipment hotbar UI.	按下 [$[action_interact_left]]/[$[action_interact_right]] 能装备/收起选中物品。拿在手上时，红色指针会指向北方。不使用时，这个装备能挂腰带上	ok
def_inventory_equipment_compass_s_desc	任务与货物	货舱/库存	s_desc	A small equipment storage unit containing a compass.	小型装备架，存储一个指南针	ok
def_inventory_equipment_compass_node_0_label	任务与货物	货舱/库存	label	Electric	电	ok
def_inventory_equipment_compass_node_0_desc	任务与货物	货舱/库存	node_desc	Electrical power connection.	电源连接	ok
def_inventory_equipment_defibrillator_name	任务与货物	货舱/库存	name	Equipment inventory (Defibrillator)	装备架(除颤器)	ok
def_inventory_equipment_defibrillator_desc	任务与货物	货舱/库存	desc	Press [$[action_equipment_use]] on an incapacitated survivor to revive them. Requires electric charge to function, and will recharge when placed into a powered large equipment storage unit.	按下 [$[action_interact_left]]/[$[action_interact_right]] 能装备/收起选中物品。对着丧失行动能力的角色按下 [$[action_equipment_use]] 可以使其复苏。丧失行动能力过长时间的幸存者会无法被救活，该设备需要充电才能发挥作用，放入已供电的大型装备架时充电。不使用时可以放在背后	ok
def_inventory_equipment_defibrillator_s_desc	任务与货物	货舱/库存	s_desc	A large equipment storage unit containing a defibrillator.	大型装备架，存储一个除颤器	ok
def_inventory_equipment_defibrillator_node_0_label	任务与货物	货舱/库存	label	Electric	电	ok
def_inventory_equipment_defibrillator_node_0_desc	任务与货物	货舱/库存	node_desc	Electrical power connection.	电源连接	ok
def_inventory_equipment_dog_whistle_name	任务与货物	货舱/库存	name	Equipment inventory (Dog Whistle)	装备架(狗哨)	ok
def_inventory_equipment_dog_whistle_desc	任务与货物	货舱/库存	desc	Hold [$[action_equipment_use]] to sound the whistle. Nearby dogs will respond to certain whistle patterns. 1 long burst = Wait. 2 short bursts = Follow.	按住[$[action_equipment_use]]吹响哨子,附近的狗狗会做出回应:1次长鸣等待,2次短鸣跟随	ok
def_inventory_equipment_dog_whistle_s_desc	任务与货物	货舱/库存	s_desc	A small equipment storage unit containing a dog whistle.	小型装备架，存储一个狗哨	ok
def_inventory_equipment_dog_whistle_node_0_label	任务与货物	货舱/库存	label	Electric	电	ok
def_inventory_equipment_dog_whistle_node_0_desc	任务与货物	货舱/库存	node_desc	Electrical power connection.	电源连接	ok
def_inventory_equipment_fire_extinguisher_name	任务与货物	货舱/库存	name	Equipment inventory (Fire Extinguisher)	装备架(灭火器)	ok
def_inventory_equipment_fire_extinguisher_desc	任务与货物	货舱/库存	desc	Hold [$[action_equipment_use]] to spray a stream of water capable of extinguishing fires. This equipment has a limited water capacity and cannot be refilled.	按下 [$[action_interact_left]]/[$[action_interact_right]] 能装备/收起选中物品。对准火焰按住 [$[action_equipment_use]] 喷出一柱水来灭火。这个装备有着有限的水容量而且不能装填。不使用时可以放在背后	ok
def_inventory_equipment_fire_extinguisher_s_desc	任务与货物	货舱/库存	s_desc	A large equipment storage unit containing a fire extinguisher.	大型装备架，存储一个灭火器	ok
def_inventory_equipment_fire_extinguisher_node_0_label	任务与货物	货舱/库存	label	Electric	电	ok
def_inventory_equipment_fire_extinguisher_node_0_desc	任务与货物	货舱/库存	node_desc	Electrical power connection.	电源连接	ok
def_inventory_equipment_first_aid_name	任务与货物	货舱/库存	name	Equipment inventory (First Aid Kit)	装备架(急救包)	ok
def_inventory_equipment_first_aid_desc	任务与货物	货舱/库存	desc	Press [$[action_equipment_use]] to heal yourself, or heal a survivor highlighted by your crosshair.	按下 [$[action_interact_left]]/[$[action_interact_right]] 能装备/收起选中物品。按下 [$[action_equipment_use]] 来治疗你自己, 或者准星指向的高亮幸存者。这个装备有使用次数限制，拿起其他急救包能够补充使用次数。不使用时可以挂在腰带上	ok
def_inventory_equipment_first_aid_s_desc	任务与货物	货舱/库存	s_desc	A small equipment storage unit containing a first aid kit.	小型装备架，存储一个急救包	ok
def_inventory_equipment_first_aid_node_0_label	任务与货物	货舱/库存	label	Electric	电	ok
def_inventory_equipment_first_aid_node_0_desc	任务与货物	货舱/库存	node_desc	Electrical power connection.	电源连接	ok
def_inventory_equipment_fishing_rod_name	任务与货物	货舱/库存	name	Equipment inventory (Fishing Rod)	装备架(鱼竿)	ok
def_inventory_equipment_fishing_rod_desc	任务与货物	货舱/库存	desc	Hold and release [$[action_equipment_use]] to load and cast the fishing line. Hold [$[action_equipment_use]] to reel in the fishing line. Press [$[action_equipment_secondary]] before casting to cycle the sink depth of the hook.	按住[$[action_equipment_use]]并松开以抛出鱼线,按住[$[action_equipment_use]]收杆.投掷前按下 [$[action_equipment_secondary]] 循环鱼钩的下沉深度	ok
def_inventory_equipment_fishing_rod_s_desc	任务与货物	货舱/库存	s_desc	A large equipment storage unit containing a fishing rod.	大型装备架，存储一套鱼竿	ok
def_inventory_equipment_fishing_rod_node_0_label	任务与货物	货舱/库存	label	Electric	电	ok
def_inventory_equipment_fishing_rod_node_0_desc	任务与货物	货舱/库存	node_desc	Electrical power connection.	电源连接	ok
def_inventory_equipment_flare_name	任务与货物	货舱/库存	name	Equipment inventory (Flare)	装备架(手持燃烧照明棒)	ok
def_inventory_equipment_flare_desc	任务与货物	货舱/库存	desc	Press [$[action_equipment_use]] to throw a red smoke flare which burns for a long time.	按下 [$[action_interact_left]]/[$[action_interact_right]] 能装备/收起选中物品。按下 [$[action_equipment_use]] 来扔出一个持续时间内释放红烟并发光的燃烧照明棒。这个装备有使用次数限制，拿起其他照明棒能够补充使用次数。不使用时可以挂在腰带上	ok
def_inventory_equipment_flare_s_desc	任务与货物	货舱/库存	s_desc	A small equipment storage unit containing flares.	小型装备架，存储一支手持燃烧照明棒	ok
def_inventory_equipment_flare_node_0_label	任务与货物	货舱/库存	label	Electric	电	ok
def_inventory_equipment_flare_node_0_desc	任务与货物	货舱/库存	node_desc	Electrical power connection.	电源连接	ok
def_inventory_equipment_flaregun_name	任务与货物	货舱/库存	name	Equipment inventory (Flaregun)	装备架(信号弹枪)	ok
def_inventory_equipment_flaregun_desc	任务与货物	货舱/库存	desc	Press [$[action_equipment_use]] to fire a red illumination flare that burns for a short time, and [$[action_equipment_secondary]] to reload.	按下 [$[action_interact_left]]/[$[action_interact_right]] 能装备/收起选中物品。按下 [$[action_equipment_use]] 来发射一个持续较短时间的发光信号弹，按下 [$[action_equipment_secondary]] 来卸载枪中弹药，使用一盒信号枪弹药后可以让枪重新装填。不使用时可以挂在腰上	ok
def_inventory_equipment_flaregun_s_desc	任务与货物	货舱/库存	s_desc	A small equipment storage unit containing a flaregun preloaded with 1 flaregun round.	小型装备架，存储一个带一发弹药的信号弹枪	ok
def_inventory_equipment_flaregun_node_0_label	任务与货物	货舱/库存	label	Electric	电	ok
def_inventory_equipment_flaregun_node_0_desc	任务与货物	货舱/库存	node_desc	Electrical power connection.	电源连接	ok
def_inventory_equipment_flaregun_ammo_name	任务与货物	货舱/库存	name	Equipment inventory (Flaregun Ammo)	装备架(信号弹枪弹药)	ok
def_inventory_equipment_flaregun_ammo_desc	任务与货物	货舱/库存	desc	Press [$[action_equipment_use]] to reload an equipped flaregun.	按下 [$[action_interact_left]]/[$[action_interact_right]] 能装备/收起选中物品。按下 [$[action_equipment_use]] 来给在库存中没有装弹的任何信号枪装上信号弹。有着有限使用次数，拿起其他信号枪弹药能够补充使用次数。不使用时可以挂在腰上	ok
def_inventory_equipment_flaregun_ammo_s_desc	任务与货物	货舱/库存	s_desc	A small equipment storage unit containing a box of flaregun ammo.	小装备架，存储一盒信号枪弹药	ok
def_inventory_equipment_flaregun_ammo_node_0_label	任务与货物	货舱/库存	label	Electric	电	ok
def_inventory_equipment_flaregun_ammo_node_0_desc	任务与货物	货舱/库存	node_desc	Electrical power connection.	电源连接	ok
def_inventory_equipment_flashlight_name	任务与货物	货舱/库存	name	Equipment inventory (Flashlight)	装备架(手电筒)	ok
def_inventory_equipment_flashlight_desc	任务与货物	货舱/库存	desc	Press [$[action_equipment_use]] to toggle the flashlight on or off. Requires electric charge to function, and will recharge when placed into a powered small equipment storage unit.	按下 [$[action_interact_left]]/[$[action_interact_right]] 能装备/收起选中物品。按下 [$[action_equipment_use]] 来开关手电筒。该设备需要充电才能发挥作用，放入已供电的小型装备架时充电。不使用时可以挂在腰上	ok
def_inventory_equipment_flashlight_s_desc	任务与货物	货舱/库存	s_desc	A small equipment storage unit containing a flashlight.	小型装备架，存储一个手电筒	ok
def_inventory_equipment_flashlight_node_0_label	任务与货物	货舱/库存	label	Electric	电	ok
def_inventory_equipment_flashlight_node_0_desc	任务与货物	货舱/库存	node_desc	Electrical power connection.	电源连接	ok
def_inventory_equipment_geiger_counter_name	任务与货物	货舱/库存	name	Equipment inventory (Radiation Detector)	装备架(辐射指示器)	ok
def_inventory_equipment_geiger_counter_desc	任务与货物	货舱/库存	desc	Press [$[action_equipment_use]] to toggle radiation detection on or off. Requires electric charge to function, and will recharge when placed into a powered small equipment storage unit.	按[$[action_interact_left]]/[$[action_interact_right]]能装备/收起选中物品。按[$[action_equipment_use]]打开或关闭辐射指示器。该设备需要充电才能发挥作用，放入已供电的小型装备架时充电。不使用时，这个装备能挂腰带上	ok
def_inventory_equipment_geiger_counter_s_desc	任务与货物	货舱/库存	s_desc	A small equipment storage unit containing a radiation detector.	小型装备架，储存一个辐射指示器	ok
def_inventory_equipment_geiger_counter_node_0_label	任务与货物	货舱/库存	label	Electric	电	ok
def_inventory_equipment_geiger_counter_node_0_desc	任务与货物	货舱/库存	node_desc	Electrical power connection.	电源连接	ok
def_inventory_equipment_glowstick_name	任务与货物	货舱/库存	name	Equipment inventory (Glowstick)	装备架(荧光棒)	ok
def_inventory_equipment_glowstick_desc	任务与货物	货舱/库存	desc	Press [$[action_equipment_use]] to throw a glowstick which emits light for an extended time. The editor paint tool can be used to set the glowstick hue.	按[$[action_equipment_use]]扔出一个荧光棒，它会发光一段时间。可以使用编辑器绘制工具来设置荧光棒的色调	ok
def_inventory_equipment_glowstick_s_desc	任务与货物	货舱/库存	s_desc	A small equipment storage unit containing glowsticks.	小型荧光棒存储单元	ok
def_inventory_equipment_glowstick_node_0_label	任务与货物	货舱/库存	label	Electric	电力	ok
def_inventory_equipment_glowstick_node_0_desc	任务与货物	货舱/库存	node_desc	Electrical power connection.	电源连接	ok
def_inventory_equipment_grenade_name	任务与货物	货舱/库存	name	Equipment Inventory (Hand Grenade)	装备架[手榴弹]	ok
def_inventory_equipment_grenade_desc	任务与货物	货舱/库存	desc	Press [$[action_equipment_use]] to throw a hand grenade, which will detonate after a short delay.	按[$[action_equipment_use]]投掷手榴弹，手榴弹会在短时间延迟后引爆	ok
def_inventory_equipment_grenade_s_desc	任务与货物	货舱/库存	s_desc	A small equipment storage unit containing a hand grenade.	装有手榴弹的小型设备储存装置	ok
def_inventory_equipment_grenade_node_0_label	任务与货物	货舱/库存	label	Electric	电	ok
def_inventory_equipment_grenade_node_0_desc	任务与货物	货舱/库存	node_desc	Electrical power connection.	电源连接	ok
def_inventory_equipment_hose_name	任务与货物	货舱/库存	name	Equipment inventory (Hose)	装备架(软管)	ok
def_inventory_equipment_hose_desc	任务与货物	货舱/库存	desc	Press [$[action_equipment_use]] to attach the hose to an unoccupied fluid hose anchor. Interacting with [$[action_interact_left]]/[$[action_interact_right]] on an occupied fluid hose anchor will retrieve the hose if the player has inventory space to hold it. If the hose contains water, press [$[action_equipment_secondary]] to toggle open the hose valve and allow the water to flow freely.	按下 [$[action_interact_left]]/[$[action_interact_right]] 能装备/收起选中物品。 按下 [$[action_equipment_use]] 来将电缆连接到未占用的软管锚点。 如果有剩余空间，在已经占用的软管锚点按下 [$[action_interact_left]]/[$[action_interact_right]] 将会把软管收回到玩家库存。如果软管中有流体，按下 [$[action_equipment_secondary]] 可以开关阀门允许流体自由流动。不使用时，这个装备能够收到背后	ok
def_inventory_equipment_hose_s_desc	任务与货物	货舱/库存	s_desc	A large equipment storage unit containing 20m of fluid hosing.	大型装备架，存储20m长流体软管	ok
def_inventory_equipment_hose_node_0_label	任务与货物	货舱/库存	label	Electric	电	ok
def_inventory_equipment_hose_node_0_desc	任务与货物	货舱/库存	node_desc	Electrical power connection.	电源连接	ok
def_inventory_equipment_night_vision_binoculars_name	任务与货物	货舱/库存	name	Equipment inventory (Night Vision Binoculars)	装备架(夜视望远镜)	ok
def_inventory_equipment_night_vision_binoculars_desc	任务与货物	货舱/库存	desc	Hold [$[action_equipment_use]] to zoom in on faraway objects. The night vision effect provides improved visibility in low light conditions, but hinders visibility in daylight. Requires electric charge to function, and will recharge when placed into a powered small equipment storage unit.	按下 [$[action_interact_left]]/[$[action_interact_right]] 能装备/收起选中物品。按住 [$[action_equipment_use]] 来放大远处目标。夜视效果提供了在微光环境下更好的能见度，但在白天会受到极大影响。该设备需要充电才能发挥作用，放入已供电的小型装备架时充电。不使用时可以挂在腰上	ok
def_inventory_equipment_night_vision_binoculars_s_desc	任务与货物	货舱/库存	s_desc	A small equipment storage unit containing a pair of night vision binoculars.	小型装备架，存储一个夜视望远镜	ok
def_inventory_equipment_night_vision_binoculars_node_0_label	任务与货物	货舱/库存	label	Electric	电	ok
def_inventory_equipment_night_vision_binoculars_node_0_desc	任务与货物	货舱/库存	node_desc	Electrical power connection.	电源连接	ok
def_inventory_equipment_oxygen_mask_name	任务与货物	货舱/库存	name	Equipment inventory (Oxygen Mask)	装备架(氧气面罩)	ok
def_inventory_equipment_oxygen_mask_desc	任务与货物	货舱/库存	desc	Press [$[action_equipment_use]] to recover your breath while underwater. This equipment has a limited air capacity, and will refill when placed into a powered small equipment storage unit.	按下 [$[action_interact_left]]/[$[action_interact_right]] 能装备/收起选中物品。按下[$[action_equipment_use]]来在水底恢复呼吸，这个装备有有限的气体容量，只有放在已供电的小型装备架时才会回复。不使用时可以挂在腰上	ok
def_inventory_equipment_oxygen_mask_s_desc	任务与货物	货舱/库存	s_desc	A small equipment storage unit containing an oxygen mask.	小型装备架，存储一个氧气面罩	ok
def_inventory_equipment_oxygen_mask_node_0_label	任务与货物	货舱/库存	label	Electric	电	ok
def_inventory_equipment_oxygen_mask_node_0_desc	任务与货物	货舱/库存	node_desc	Electrical power connection.	电源连接	ok
def_inventory_equipment_pistol_name	任务与货物	货舱/库存	name	Equipment inventory (Pistol)	装备架[手枪]	ok
def_inventory_equipment_pistol_desc	任务与货物	货舱/库存	desc	Press [$[action_equipment_use]] to fire, and [$[action_equipment_secondary]] to reload. The pistol is compact enough for a belt holster, and can be accurate when recoil is carefully managed.	按[$[action_equipment_use]]开火，按[$[action_equipment_secondary]]重新装填。这种手枪足够紧凑，可以配备一个枪套，并且在小心地控制后坐力时可以精确射击	ok
def_inventory_equipment_pistol_s_desc	任务与货物	货舱/库存	s_desc	A small equipment storage unit containing a pistol.	装有手枪的小型设备储存装置	ok
def_inventory_equipment_pistol_node_0_label	任务与货物	货舱/库存	label	Electric	电	ok
def_inventory_equipment_pistol_node_0_desc	任务与货物	货舱/库存	node_desc	Electrical power connection.	电源连接	ok
def_inventory_equipment_pistol_ammo_name	任务与货物	货舱/库存	name	Equipment Inventory (Pistol Ammo)	装备架[手枪弹药]	ok
def_inventory_equipment_pistol_ammo_desc	任务与货物	货舱/库存	desc	Press [$[action_equipment_use]] to reload an equipped pistol.	按[$[action_equipment_use]]重新装填手枪	ok
def_inventory_equipment_pistol_ammo_s_desc	任务与货物	货舱/库存	s_desc	A small equipment storage unit containing a pistol ammo magazine.	装有手弹匣库的小型装备储存装置	ok
def_inventory_equipment_pistol_ammo_node_0_label	任务与货物	货舱/库存	label	Electric	电	ok
def_inventory_equipment_pistol_ammo_node_0_desc	任务与货物	货舱/库存	node_desc	Electrical power connection.	电源连接	ok
def_inventory_equipment_radio_name	任务与货物	货舱/库存	name	Equipment inventory (Radio)	装备架(无线电)	ok
def_inventory_equipment_radio_desc	任务与货物	货舱/库存	desc	Hold [$[action_equipment_use]] transmit voice audio. Press [$[action_equipment_secondary]] to cycle between frequencies 0~8, or turn the radio off. When a frequency is selected, the radio will transmit and receive voice audio on that frequency only. Requires electric charge to function, and will recharge when placed into a powered small equipment storage unit. (Max Effective Range : 500m)	按下 [$[action_interact_left]]/[$[action_interact_right]] 能装备/收起选中物品。按住 [$[action_equipment_use]] 来发送语音，按下 [$[action_equipment_secondary]] 来在频道0~8之间切换或关掉无线电。当选中一个特定频率后，无线电只会在该频率上收发音频信号。该设备需要充电才能发挥作用，放入已供电的小型装备架时充电。不使用时可以挂在腰上(最大距离500m)	ok
def_inventory_equipment_radio_s_desc	任务与货物	货舱/库存	s_desc	A small equipment storage unit containing a handheld radio.	小型装备架，存储一个手持无线电	ok
def_inventory_equipment_radio_node_0_label	任务与货物	货舱/库存	label	Electric	电	ok
def_inventory_equipment_radio_node_0_desc	任务与货物	货舱/库存	node_desc	Electrical power connection.	电源连接	ok
def_inventory_equipment_radio_signal_locator_name	任务与货物	货舱/库存	name	Equipment inventory (Radio Signal Locator)	装备架(无线电信号定位器)	ok
def_inventory_equipment_radio_signal_locator_desc	任务与货物	货舱/库存	desc	Press [$[action_equipment_use]] to toggle the locator on or off. When active, the locator produces audible beeps that increase in frequency as the player nears an active transponder. The handheld locator has a shorter detection range than the vehicle mounted locator, but can narrow down the target location to a smaller area. Requires electric charge to function, and will recharge when placed into a powered large equipment storage unit.	按下 [$[action_interact_left]]/[$[action_interact_right]] 能装备/收起选中物品。按下[$[action_equipment_use]]来开关定位器。当打开时，定位器会持续发出滴滴声，并且越接近信号源滴滴声频率越高。手持无线电定位器的有效范围比载具定位器小，但能够在小范围内更加精确定位。该设备需要充电才能发挥作用，放入已供电的大型装备架时充电。不使用时可以放在背后	ok
def_inventory_equipment_radio_signal_locator_s_desc	任务与货物	货舱/库存	s_desc	A large equipment storage unit containing a handheld transponder locator.	小型装备架，存储一个手持无线电信号定位器	ok
def_inventory_equipment_radio_signal_locator_node_0_label	任务与货物	货舱/库存	label	Electric	电	ok
def_inventory_equipment_radio_signal_locator_node_0_desc	任务与货物	货舱/库存	node_desc	Electrical power connection.	电源连接	ok
def_inventory_equipment_remote_control_name	任务与货物	货舱/库存	name	Equipment inventory (Remote Control Unit)	装备架(远程控制单元)	ok
def_inventory_equipment_remote_control_desc	任务与货物	货舱/库存	desc	Press [$[action_equipment_use]] to toggle the remote control on or off. Press [$[action_equipment_secondary]] to cycle between frequencies 0~8. When active, the remote control uses the basic vehicle pilot seat input bindings and transmits them as composite radio data on the selected frequency. Requires electric charge to function, and will recharge when placed into a powered small equipment storage unit. (Max Effective Range : 500m)	按下 [$[action_interact_left]]/[$[action_interact_right]] 能装备/收起选中物品。按下 [$[action_equipment_use]] 来切换远程控制开关，按下 [$[action_equipment_secondary]] 来循环0~8的频率。当开启时，远程控制将玩家操作输出为混合信号(参照基础载具控制)发送到指定频率。该设备需要充电才能发挥作用，放入已供电的小型装备架时充电。不使用时可以挂在腰上(最大距离500m)	ok
def_inventory_equipment_remote_control_s_desc	任务与货物	货舱/库存	s_desc	A small equipment storage unit containing a remote control unit.	小型装备架，存储一个远程控制单元	ok
def_inventory_equipment_remote_control_node_0_label	任务与货物	货舱/库存	label	Electric	电	ok
def_inventory_equipment_remote_control_node_0_desc	任务与货物	货舱/库存	node_desc	Electrical power connection.	电源连接	ok
def_inventory_equipment_rifle_name	任务与货物	货舱/库存	name	Equipment inventory (Rifle)	装备架[步枪]	ok
def_inventory_equipment_rifle_desc	任务与货物	货舱/库存	desc	Press [$[action_equipment_use]] to fire, and [$[action_equipment_secondary]] to reload. The rifle fires accurate and powerful shots for long-range engagements.	按[$[action_equipment_use]]开火，按[$[action_equipment_secondary]]重新装填。这种步枪能准确而有力地进行远程射击	ok
def_inventory_equipment_rifle_s_desc	任务与货物	货舱/库存	s_desc	A large equipment storage unit containing a rifle.	装有步枪的大型装备架	ok
def_inventory_equipment_rifle_node_0_label	任务与货物	货舱/库存	label	Electric	电	ok
def_inventory_equipment_rifle_node_0_desc	任务与货物	货舱/库存	node_desc	Electrical power connection.	电源连接	ok
def_inventory_equipment_rifle_ammo_name	任务与货物	货舱/库存	name	Equipment inventory (Rifle Ammo)	装备架[步枪弹药]	ok
def_inventory_equipment_rifle_ammo_desc	任务与货物	货舱/库存	desc	Press [$[action_equipment_use]] to reload an equipped rifle.	按[$[action_equipment_use]]重新装填步枪	ok
def_inventory_equipment_rifle_ammo_s_desc	任务与货物	货舱/库存	s_desc	A small equipment storage unit containing a rifle ammo magazine.	小型装备架，包含一个步枪弹匣	ok
def_inventory_equipment_rifle_ammo_node_0_label	任务与货物	货舱/库存	label	Electric	电	ok
def_inventory_equipment_rifle_ammo_node_0_desc	任务与货物	货舱/库存	node_desc	Electrical power connection.	电源连接	ok
def_inventory_equipment_rope_name	任务与货物	货舱/库存	name	Equipment inventory (Rope)	装备架(绳索)	ok
def_inventory_equipment_rope_desc	任务与货物	货舱/库存	desc	Press [$[action_equipment_use]] to attach the rope to any rope anchor. Interacting with [$[action_interact_left]]/[$[action_interact_right]] on an occupied rope anchor will retrieve the rope if the player has inventory space to hold it.	按下 [$[action_interact_left]]/[$[action_interact_right]] 能装备/收起选中物品。 按下 [$[action_equipment_use]] 来将绳索连接到未占用的绳索锚点。 如果有剩余空间，在已经占用的绳索锚点按下 [$[action_interact_left]]/[$[action_interact_right]] 将会把绳索收回到玩家库存。 不使用时，这个装备能够收到背后	ok
def_inventory_equipment_rope_s_desc	任务与货物	货舱/库存	s_desc	A large equipment storage unit containing 20m of rope.	大型装备架，存储20m长绳索	ok
def_inventory_equipment_rope_node_0_label	任务与货物	货舱/库存	label	Electric	电	ok
def_inventory_equipment_rope_node_0_desc	任务与货物	货舱/库存	node_desc	Electrical power connection.	电源连接	ok
def_inventory_equipment_smg_name	任务与货物	货舱/库存	name	Equipment inventory (SMG)	装备架[冲锋枪]	ok
def_inventory_equipment_smg_desc	任务与货物	货舱/库存	desc	Press [$[action_equipment_use]] to fire, and [$[action_equipment_secondary]] to reload. The SMG has a high rate of fire and magazine capacity.	按[$[action_equipment_use]]开火，按[$[action_equipment_secondary]]重新装填。冲锋枪的火力和弹仓容量都很高	ok
def_inventory_equipment_smg_s_desc	任务与货物	货舱/库存	s_desc	A large equipment storage unit containing a submachine gun.	装有冲锋枪的大型装备架	ok
def_inventory_equipment_smg_node_0_label	任务与货物	货舱/库存	label	Electric	电	ok
def_inventory_equipment_smg_node_0_desc	任务与货物	货舱/库存	node_desc	Electrical power connection.	电源连接	ok
def_inventory_equipment_smg_ammo_name	任务与货物	货舱/库存	name	Equipment inventory (SMG Ammo)	装备架[冲锋枪弹药]	ok
def_inventory_equipment_smg_ammo_desc	任务与货物	货舱/库存	desc	Press [$[action_equipment_use]] to reload an equipped submachine gun.	按[$[action_equipment_use]]重新装填冲锋枪	ok
def_inventory_equipment_smg_ammo_s_desc	任务与货物	货舱/库存	s_desc	A small equipment storage unit containing a submachine gun ammo magazine.	包含冲锋枪弹匣的小型装备架	ok
def_inventory_equipment_smg_ammo_node_0_label	任务与货物	货舱/库存	label	Electric	电	ok
def_inventory_equipment_smg_ammo_node_0_desc	任务与货物	货舱/库存	node_desc	Electrical power connection.	电源连接	ok
def_inventory_equipment_speargun_name	任务与货物	货舱/库存	name	Equipment inventory (Speargun)	装备架[鱼叉枪]	ok
def_inventory_equipment_speargun_desc	任务与货物	货舱/库存	desc	Press [$[action_equipment_use]] to fire, and [$[action_equipment_secondary]] to reload. The speargun can be fired underwater and spears travel through the water more effectively than bullets.	按[$[action_equipment_use]]开火，按[$[action_equipment_secondary]]重新装填。鱼叉枪可以在水下发射，较重的长矛在水中比子弹更有效	ok
def_inventory_equipment_speargun_s_desc	任务与货物	货舱/库存	s_desc	A large equipment storage unit containing a speargun.	大型装备架，内有一把鱼叉枪	ok
def_inventory_equipment_speargun_node_0_label	任务与货物	货舱/库存	label	Electric	电	ok
def_inventory_equipment_speargun_node_0_desc	任务与货物	货舱/库存	node_desc	Electrical power connection.	电源连接	ok
def_inventory_equipment_speargun_ammo_name	任务与货物	货舱/库存	name	Equipment inventory (Speargun Ammo)	装备架(鱼叉枪弹药)	ok
def_inventory_equipment_speargun_ammo_desc	任务与货物	货舱/库存	desc	Press [$[action_equipment_use]] to reload an equipped speargun.	按下 [$[action_interact_left]]/[$[action_interact_right]] 能装备/收起选中物品。按下 [$[action_equipment_use]] 来给在库存中没有装弹的鱼叉枪装上弹药。有着有限使用次数，拿起其他鱼叉枪弹药能够补充使用次数。不使用时可以挂在腰上	ok
def_inventory_equipment_speargun_ammo_s_desc	任务与货物	货舱/库存	s_desc	A small equipment storage unit containing a box of speargun ammo.	小型装备架，存储一盒鱼叉枪弹药	ok
def_inventory_equipment_speargun_ammo_node_0_label	任务与货物	货舱/库存	label	Electric	电	ok
def_inventory_equipment_speargun_ammo_node_0_desc	任务与货物	货舱/库存	node_desc	Electrical power connection.	电源连接	ok
def_inventory_equipment_strobe_light_name	任务与货物	货舱/库存	name	Equipment inventory (Strobe Light)	装备架(频闪灯)	ok
def_inventory_equipment_strobe_light_desc	任务与货物	货舱/库存	desc	Press [$[action_equipment_use]] to toggle the strobe light on or off. Press [$[action_equipment_secondary]] to toggle MOB (man overboard) mode, which will automatically turn the strobe light on if the player is submerged in water. The strobe light will continue to function when unequipped or discarded. Requires electric charge to function, and will recharge when placed into a powered small equipment storage unit.	按下 [$[action_interact_left]]/[$[action_interact_right]] 能装备/收起选中物品。按下 [$[action_equipment_use]] 来开关频闪灯。按下 [$[action_equipment_secondary]] 开关MOB(落水)模式，MOB模式下会在玩家落入水中时自动打开频闪。频闪灯在不被装备时依然会继续作用。该设备需要充电才能发挥作用，放入已供电的小型装备架时充电。不使用时会被挂在腰上	ok
def_inventory_equipment_strobe_light_s_desc	任务与货物	货舱/库存	s_desc	A small equipment storage unit containing a strobe light.	小型装备架，存储一个频闪灯	ok
def_inventory_equipment_strobe_light_node_0_label	任务与货物	货舱/库存	label	Electric	电	ok
def_inventory_equipment_strobe_light_node_0_desc	任务与货物	货舱/库存	node_desc	Electrical power connection.	电源连接	ok
def_inventory_equipment_strobe_light_infrared_name	任务与货物	货舱/库存	name	Equipment inventory (Strobe Light, Infrared)	装备架(红外频闪灯)	ok
def_inventory_equipment_strobe_light_infrared_desc	任务与货物	货舱/库存	desc	Press [$[action_equipment_use]] to toggle the strobe light on or off. Press [$[action_equipment_secondary]] to toggle MOB (man overboard) mode, which will automatically turn the strobe light on if the player is submerged in water. The strobe light will continue to function when unequipped or discarded. The infrared strobe light flashes are only visible to infrared cameras. Requires electric charge to function, and will recharge when placed into a powered small equipment storage unit.	按下 [$[action_interact_left]]/[$[action_interact_right]] 能装备/收起选中物品。按下 [$[action_equipment_use]] 来开关频闪灯。按下 [$[action_equipment_secondary]] 开关MOB(落水)模式，MOB模式下会在玩家落入水中时自动打开频闪。频闪灯在不被装备时依然会继续作用。红外频闪灯只能被红外模式下的摄像头观察到。该设备需要充电才能发挥作用，放入已供电的小型装备架时充电。不使用时可以挂在腰上	ok
def_inventory_equipment_strobe_light_infrared_s_desc	任务与货物	货舱/库存	s_desc	A small equipment storage unit containing an infrared strobe light.	小型装备架，存储一个红外频闪灯	ok
def_inventory_equipment_strobe_light_infrared_node_0_label	任务与货物	货舱/库存	label	Electric	电	ok
def_inventory_equipment_strobe_light_infrared_node_0_desc	任务与货物	货舱/库存	node_desc	Electrical power connection.	电源连接	ok
def_inventory_equipment_transponder_name	任务与货物	货舱/库存	name	Equipment inventory (Transponder)	装备架(应急信标)	ok
def_inventory_equipment_transponder_desc	任务与货物	货舱/库存	desc	Press [$[action_equipment_use]] to toggle the transponder on or off. Press [$[action_equipment_secondary]] to toggle MOB (man overboard) mode, which will automatically turn the transponder on if the player is submerged in water. The transponder will continue to function when unequipped or discarded. Requires electric charge to function, and will recharge when placed into a powered small equipment storage unit.	按下 [$[action_interact_left]]/[$[action_interact_right]] 能装备/收起选中物品。按下 [$[action_equipment_use]] 来开关应急信标。按下 [$[action_equipment_secondary]] 开关MOB(落水)模式，MOB模式下会在玩家落入水中时自动启动应急信标。该信标在不被装备时依然会继续作用。该设备需要充电才能发挥作用，放入已供电的小型装备架时充电。不使用时会被挂在腰上	ok
def_inventory_equipment_transponder_s_desc	任务与货物	货舱/库存	s_desc	A small equipment storage unit containing a handheld transponder.	小型装备架，存储一个手持应急信标	ok
def_inventory_equipment_transponder_node_0_label	任务与货物	货舱/库存	label	Electric	电	ok
def_inventory_equipment_transponder_node_0_desc	任务与货物	货舱/库存	node_desc	Electrical power connection.	电源连接	ok
def_inventory_equipment_underwater_welding_torch_name	任务与货物	货舱/库存	name	Equipment inventory (Underwater Welding Torch)	装备架(水下火旱枪)	ok
def_inventory_equipment_underwater_welding_torch_desc	任务与货物	货舱/库存	desc	Hold [$[action_equipment_use]] to repair damaged vehicle components highlighted by the players crosshair. The underwater welding torch holds less fuel than the standard welding torch, but can be operated while submerged in water. This equipment has a limited fuel capacity and cannot be refilled.	按下 [$[action_interact_left]]/[$[action_interact_right]] 能装备/收起选中物品。按住 [$[action_equipment_use]] 来维修准星指向的载具部件。水下火旱枪比标准火旱枪携带更少的燃料，但是能够在水下工作。这个装备燃料有限而且不能补充。不使用时可以放在背后	ok
def_inventory_equipment_underwater_welding_torch_s_desc	任务与货物	货舱/库存	s_desc	A large equipment storage unit containing an underwater welding torch.	大型装备架，存储一个水下火旱枪 [译注:这游戏不支持han字...]	ok
def_inventory_equipment_underwater_welding_torch_node_0_label	任务与货物	货舱/库存	label	Electric	电	ok
def_inventory_equipment_underwater_welding_torch_node_0_desc	任务与货物	货舱/库存	node_desc	Electrical power connection.	电源连接	ok
def_inventory_equipment_welding_torch_name	任务与货物	货舱/库存	name	Equipment inventory (Welding Torch)	装备架(火旱枪)	ok
def_inventory_equipment_welding_torch_desc	任务与货物	货舱/库存	desc	Hold [$[action_equipment_use]] to repair damaged vehicle components highlighted by the players crosshair. This equipment has a limited fuel capacity and cannot be refilled.	按下 [$[action_interact_left]]/[$[action_interact_right]] 能装备/收起选中物品。按住 [$[action_equipment_use]] 来维修准星指向的载具部件。这个装备燃料有限而且不能补充。不使用时可以放在背后	ok
def_inventory_equipment_welding_torch_s_desc	任务与货物	货舱/库存	s_desc	A large equipment storage unit containing a welding torch.	大型装备架，存储一个火旱枪 [译注:这游戏不支持han字...]	ok
def_inventory_equipment_welding_torch_node_0_label	任务与货物	货舱/库存	label	Electric	电	ok
def_inventory_equipment_welding_torch_node_0_desc	任务与货物	货舱/库存	node_desc	Electrical power connection.	电源连接	ok
def_inventory_medium_name	任务与货物	货舱/库存	name	Large equipment inventory (Empty)	空装备架1x3	ok
def_inventory_medium_desc	任务与货物	货舱/库存	desc	Only large handheld equipment can be stored in this unit. When connected to an electric power source, any rechargable equipment stored in the unit will drain a small amount of electricity until recharged to 100% capacity.	按下 [$[action_interact_left]]/[$[action_interact_right]] 能装备/收起选中物品。只有大型手持装备能够放在这个架子中。当连接到电源时，其内的装备可以得到充电	ok
def_inventory_medium_s_desc	任务与货物	货舱/库存	s_desc	An empty large equipment storage unit.	空的大型装备架	ok
def_inventory_medium_node_0_label	任务与货物	货舱/库存	label	Electric	电	ok
def_inventory_medium_node_0_desc	任务与货物	货舱/库存	node_desc	Electrical power connection.	电源连接	ok
def_inventory_outfit_name	任务与货物	货舱/库存	name	Outfit Inventory (Empty)	空装备架3x3	ok
def_inventory_outfit_desc	任务与货物	货舱/库存	desc	Interacting with [$[action_interact_left]]/[$[action_interact_right]] will equip/store the selected outfit. Only specialist outfits can be stored in this unit. When connected to an electric power source, any rechargable outfits stored in the unit will drain a small amount of electricity until recharged to 100% capacity.	如果你穿的是专业服装，按$[action_interact_left]/[$[action_interact_right]]将其储存在本单元中。当连接上电源时，会自动对其中装备进行充电	ok
def_inventory_outfit_s_desc	任务与货物	货舱/库存	s_desc	An empty outfit storage unit.	空的装备储藏室	ok
def_inventory_outfit_node_0_label	任务与货物	货舱/库存	label	Electric	电	ok
def_inventory_outfit_node_0_desc	任务与货物	货舱/库存	node_desc	Electrical power connection.	电源连接	ok
def_inventory_outfit_arctic_name	任务与货物	货舱/库存	name	Outfit Inventory (Arctic)	装备架(极地)	ok
def_inventory_outfit_arctic_desc	任务与货物	货舱/库存	desc	When equipped, it will increase your temperature enough to survive in colder weather conditions. Its thermal effectiveness is reduced when wet.	按 [$[action_interact_left]]/[$[action_interact_right]]将装备/储存装备。装备后，它会使你的体温升高，足以在更冷的天气条件下生存。湿的时候它的热效率会降低	ok
def_inventory_outfit_arctic_s_desc	任务与货物	货舱/库存	s_desc	An outfit inventory unit containing specialist thermal clothing for surviving Arctic temperatures.	装有保暖服的装备架，用于抵御极地的严寒	ok
def_inventory_outfit_arctic_node_0_label	任务与货物	货舱/库存	label	Electric	电	ok
def_inventory_outfit_arctic_node_0_desc	任务与货物	货舱/库存	node_desc	Electrical power connection.	电源连接	ok
def_inventory_outfit_diving_name	任务与货物	货舱/库存	name	Outfit Inventory (Diving)	装备架(潜水)	ok
def_inventory_outfit_diving_desc	任务与货物	货舱/库存	desc	When equipped, it will allow deep sea diving to a depth of 230m, and provides air for 10 minutes. The air tank can be refilled by storing the gear in an outfit inventory unit with an attached air input or via space seat.	装备潜水服后,最大潜深可达到230米,最大续航时间10分钟.将潜水服放入带有空气输入的装备架,或使用太空座椅可为潜水服充气	ok
def_inventory_outfit_diving_s_desc	任务与货物	货舱/库存	s_desc	An outfit inventory unit containing specialist diving equipment.	包含专业潜水设备的装备架	ok
def_inventory_outfit_diving_node_0_label	任务与货物	货舱/库存	label	Electric	电	ok
def_inventory_outfit_diving_node_0_desc	任务与货物	货舱/库存	node_desc	Electrical power connection.	电源连接	ok
def_inventory_outfit_diving_node_1_label	任务与货物	货舱/库存	label	Fluid In	流体入口	ok
def_inventory_outfit_diving_node_1_desc	任务与货物	货舱/库存	node_desc			ok
def_inventory_outfit_firefighter_name	任务与货物	货舱/库存	name	Outfit Inventory (Firefighter)	装备架(消防服)	ok
def_inventory_outfit_firefighter_desc	任务与货物	货舱/库存	desc	When equipped, it will absorb 95% of damage dealt by fires.	按 [$[action_interact_left]]/[$[action_interact_right]]将装备/储存装备。装备后，它将吸收95%的火灾伤害	ok
def_inventory_outfit_firefighter_s_desc	任务与货物	货舱/库存	s_desc	An outfit inventory unit containing specialist firefighting gear.	包含专业消防装备的装备架	ok
def_inventory_outfit_firefighter_node_0_label	任务与货物	货舱/库存	label	Electric	电	ok
def_inventory_outfit_firefighter_node_0_desc	任务与货物	货舱/库存	node_desc	Electrical power connection.	电源连接	ok
def_inventory_outfit_firefighter_scba_name	任务与货物	货舱/库存	name	Outfit Inventory (Firefighter SCBA)	装备架(呼吸器消防服)	ok
def_inventory_outfit_firefighter_scba_desc	任务与货物	货舱/库存	desc	When equipped, it will absorb 95% of damage dealt by fires, and provides breathable air for the user. The air tank can be refilled by storing the gear in an outfit inventory unit.	该装备可吸收95%的火焰伤害,并为使用者提供呼吸用空气.储气罐可通过装备架进行充气	ok
def_inventory_outfit_firefighter_scba_s_desc	任务与货物	货舱/库存	s_desc	An outfit inventory unit containing specialist firefighting gear.	包含正压式消防空气呼吸器的装备架	ok
def_inventory_outfit_firefighter_scba_node_0_label	任务与货物	货舱/库存	label	Electric	电	ok
def_inventory_outfit_firefighter_scba_node_0_desc	任务与货物	货舱/库存	node_desc	Electrical power connection.	电源连接	ok
def_inventory_outfit_firefighter_scba_node_1_label	任务与货物	货舱/库存	label	Fluid In	充气入口	ok
def_inventory_outfit_firefighter_scba_node_1_desc	任务与货物	货舱/库存	node_desc			ok
def_inventory_outfit_hazmat_name	任务与货物	货舱/库存	name	Outfit Inventory (Hazmat)	装备架(防化服)	ok
def_inventory_outfit_hazmat_desc	任务与货物	货舱/库存	desc	When equipped, it will absorb 95% of incoming radiation.	按 [$[action_interact_left]]/[$[action_interact_right]]将装备/储存装备。装备后，将吸收95%的辐射伤害	ok
def_inventory_outfit_hazmat_s_desc	任务与货物	货舱/库存	s_desc	An outfit inventory unit containing specialist hazmat gear.	包含一套专业化学防护服的装备架	ok
def_inventory_outfit_hazmat_node_0_label	任务与货物	货舱/库存	label	Electric	电	ok
def_inventory_outfit_hazmat_node_0_desc	任务与货物	货舱/库存	node_desc	Electrical power connection.	电源连接	ok
def_inventory_outfit_parachute_name	任务与货物	货舱/库存	name	Outfit Inventory (Parachute)	装备架(降落伞)	ok
def_inventory_outfit_parachute_desc	任务与货物	货舱/库存	desc	When selected, press [$[action_equipment_use]] while falling to deploy the parachute. It will then open when you are falling fast enough. Press [$[action_equipment_secondary]] to close the parachute. This parachute is single-use once equipped but can be refolded by storing it in an outfit inventory unit.	按 [$[action_interact_left]]/[$[action_interact_right]]将装备/储存装备。装备后，在降落时按 [$[action_use_seat]] 将展开降落伞。当你下降得够快的时候它就会打开。再次按 [$[action_use_seat]] 将关闭它。这种降落伞一经装备就可以一次性使用，但可以通过储存在装备架单元中重新折叠	ok
def_inventory_outfit_parachute_s_desc	任务与货物	货舱/库存	s_desc	An outfit inventory unit containing a single-use parachute.	装有一次性降落伞的装备架	ok
def_inventory_outfit_parachute_node_0_label	任务与货物	货舱/库存	label	Electric	电	ok
def_inventory_outfit_parachute_node_0_desc	任务与货物	货舱/库存	node_desc	Electrical power connection.	电源连接	ok
def_inventory_outfit_scuba_name	任务与货物	货舱/库存	name	Outfit Inventory (Scuba)	装备架(水肺)	ok
def_inventory_outfit_scuba_desc	任务与货物	货舱/库存	desc	When equipped, it will allow diving to a depth of 40m, and provides air for 2 minutes. The air tank can be refilled by storing the gear in an outfit inventory unit with an attached air input or via space seat.	装备潜水服后,最大潜深可达到40米,最大续航时间2分钟.将潜水服放入带有空气输入的装备架,或使用太空座椅可为潜水服充气	ok
def_inventory_outfit_scuba_s_desc	任务与货物	货舱/库存	s_desc	An outfit inventory unit containing specialist scuba gear.	包含一套专业的潜水装备的装备架	ok
def_inventory_outfit_scuba_node_0_label	任务与货物	货舱/库存	label	Electric	电	ok
def_inventory_outfit_scuba_node_0_desc	任务与货物	货舱/库存	node_desc	Electrical power connection.	电源连接	ok
def_inventory_outfit_scuba_node_1_label	任务与货物	货舱/库存	label	Fluid In	流体入口	ok
def_inventory_outfit_scuba_node_1_desc	任务与货物	货舱/库存	node_desc			ok
def_inventory_outfit_space_suit_name	任务与货物	货舱/库存	name	Outfit Inventory (Space)	装备架(航天服)	ok
def_inventory_outfit_space_suit_desc	任务与货物	货舱/库存	desc	When equipped, it will protect against low temperatures, low pressures and provide oxygen.	防止低温低压并提供氧气的套装	ok
def_inventory_outfit_space_suit_s_desc	任务与货物	货舱/库存	s_desc	An outfit inventory unit containing specialist Space Exploration gear required for surviving in space. The air tank can be refilled by storing the gear in an outfit inventory unit with an attached air input or via space seat.	包含一套为太空探索准备的航天服.将航天服放入带有空气输入的装备架,或使用太空座椅可为航天服充气	ok
def_inventory_outfit_space_suit_node_0_label	任务与货物	货舱/库存	label	Electric	电	ok
def_inventory_outfit_space_suit_node_0_desc	任务与货物	货舱/库存	node_desc	Electrical power connection.	电源连接	ok
def_inventory_outfit_space_suit_node_1_label	任务与货物	货舱/库存	label	Fluid In	流体入口	ok
def_inventory_outfit_space_suit_node_1_desc	任务与货物	货舱/库存	node_desc			ok
def_inventory_outfit_space_suit_exploration_name	任务与货物	货舱/库存	name	Outfit Inventory (Space Exploration)	装备架(探索型航天服)	ok
def_inventory_outfit_space_suit_exploration_desc	任务与货物	货舱/库存	desc	When equipped, it will protect against low temperatures, low pressures and provide oxygen.	防止低温低压并提供氧气的套装	ok
def_inventory_outfit_space_suit_exploration_s_desc	任务与货物	货舱/库存	s_desc	An outfit inventory unit containing specialist Space Exploration gear required for surviving in space. The air tank can be refilled by storing the gear in an outfit inventory unit with an attached air input or via space seat.	包含一套为太空探索准备的探索型航天服.将航天服放入带有空气输入的装备架,或使用太空座椅可为航天服充气	ok
def_inventory_outfit_space_suit_exploration_node_0_label	任务与货物	货舱/库存	label	Electric	电	ok
def_inventory_outfit_space_suit_exploration_node_0_desc	任务与货物	货舱/库存	node_desc	Electrical power connection.	电源连接	ok
def_inventory_outfit_space_suit_exploration_node_1_label	任务与货物	货舱/库存	label	Fluid In	流体入口	ok
def_inventory_outfit_space_suit_exploration_node_1_desc	任务与货物	货舱/库存	node_desc			ok
def_inventory_outfit_wep_armor_vest_name	任务与货物	货舱/库存	name	Outfit Inventory (Armor Vest)	装备架(防弹背心)	ok
def_inventory_outfit_wep_armor_vest_desc	任务与货物	货舱/库存	desc	When equipped, damage from projectiles to the body and head is greatly reduced.  Wearing the outfit significantly limits movement speed.	当装备时，大幅降低身体与头部所受到的投射物伤害，同时大幅降低移动速度	ok
def_inventory_outfit_wep_armor_vest_s_desc	任务与货物	货舱/库存	s_desc	An outfit inventory unit containing specialist millitary clothing for projectile protection.	包含一套军用防弹背心的装备架	ok
def_inventory_outfit_wep_armor_vest_node_0_label	任务与货物	货舱/库存	label	Electric	电	ok
def_inventory_outfit_wep_armor_vest_node_0_desc	任务与货物	货舱/库存	node_desc	Electrical power connection.	电源连接	ok
def_inventory_outfit_wep_black_hawk_vest_name	任务与货物	货舱/库存	name	Outfit Inventory (Black Hawk Vest)	装备架(黑鹰防弹背心)	ok
def_inventory_outfit_wep_black_hawk_vest_desc	任务与货物	货舱/库存	desc	When equipped, damage from projectiles to the body is reduced slightly.	当装备时，略微降低身体所受到的投射物伤害	ok
def_inventory_outfit_wep_black_hawk_vest_s_desc	任务与货物	货舱/库存	s_desc	An outfit inventory unit containing specialist millitary clothing for projectile protection.	包含一套军用防弹背心的装备架	ok
def_inventory_outfit_wep_black_hawk_vest_node_0_label	任务与货物	货舱/库存	label	Electric	电	ok
def_inventory_outfit_wep_black_hawk_vest_node_0_desc	任务与货物	货舱/库存	node_desc	Electrical power connection.	电源连接	ok
def_inventory_outfit_wep_bomb_disposal_name	任务与货物	货舱/库存	name	Outfit Inventory (Bomb Disposal)	装备架(拆弹防护服)	ok
def_inventory_outfit_wep_bomb_disposal_desc	任务与货物	货舱/库存	desc	When equipped, damage from explosives is drastically reduced. Damage from projectiles to the body and head is slightly reduced. Wearing the outfit greatly limits movement speed.	当装备时，极大降低身体与头部所受到的投射物与爆炸物伤害，同时也极大降低移动速度	ok
def_inventory_outfit_wep_bomb_disposal_s_desc	任务与货物	货舱/库存	s_desc	An outfit inventory unit containing specialist millitary clothing for explosive protection.	包含一套拆弹防护服的装备架	ok
def_inventory_outfit_wep_bomb_disposal_node_0_label	任务与货物	货舱/库存	label	Electric	电	ok
def_inventory_outfit_wep_bomb_disposal_node_0_desc	任务与货物	货舱/库存	node_desc	Electrical power connection.	电源连接	ok
def_inventory_outfit_wep_chest_rig_name	任务与货物	货舱/库存	name	Outfit Inventory (Chest Rig)	装备架(胸挂)	ok
def_inventory_outfit_wep_chest_rig_desc	任务与货物	货舱/库存	desc	When equipped, damage from projectiles to the body is reduced slightly and damage to the head is significantly reduced.	当装备时，略微降低身体、极大降低头部所受到的投射物伤害	ok
def_inventory_outfit_wep_chest_rig_s_desc	任务与货物	货舱/库存	s_desc	An outfit inventory unit containing specialist millitary clothing for projectile protection.	包含一套战术胸挂的装备架	ok
def_inventory_outfit_wep_chest_rig_node_0_label	任务与货物	货舱/库存	label	Electric	电	ok
def_inventory_outfit_wep_chest_rig_node_0_desc	任务与货物	货舱/库存	node_desc	Electrical power connection.	电源连接	ok
def_inventory_outfit_wep_plate_vest_name	任务与货物	货舱/库存	name	Outfit Inventory (Plate Vest)	装备架(插板胸挂)	ok
def_inventory_outfit_wep_plate_vest_desc	任务与货物	货舱/库存	desc	When equipped, damage from projectiles to the body is reduced significantly and damage to the head is greatly reduced.  Wearing the outfit significantly limits movement speed.	当装备时，极大降低身体、大幅降低头部所受到的投射物伤害，同时极大降低移动速度	ok
def_inventory_outfit_wep_plate_vest_s_desc	任务与货物	货舱/库存	s_desc	An outfit inventory unit containing specialist millitary clothing for projectile protection.	包含一套战术插板胸挂的装备架	ok
def_inventory_outfit_wep_plate_vest_node_0_label	任务与货物	货舱/库存	label	Electric	电	ok
def_inventory_outfit_wep_plate_vest_node_0_desc	任务与货物	货舱/库存	node_desc	Electrical power connection.	电源连接	ok
def_inventory_small_name	任务与货物	货舱/库存	name	Small equipment inventory (Empty)	空装备架1x1	ok
def_inventory_small_desc	任务与货物	货舱/库存	desc	Only small handheld equipment can be stored in this unit. When connected to an electric power source, any rechargable equipment stored in the unit will drain a small amount of electricity until recharged to 100% capacity.	按下 [$[action_interact_left]]/[$[action_interact_right]] 能装备/收起选中物品。只有小型手持装备能够放在这个架子中。当连接到电源时，其内的装备可以得到充电	ok
def_inventory_small_s_desc	任务与货物	货舱/库存	s_desc	An empty small equipment storage unit.	空的小型装备架	ok
def_inventory_small_node_0_label	任务与货物	货舱/库存	label	Electric	电	ok
def_inventory_small_node_0_desc	任务与货物	货舱/库存	node_desc	Electrical power connection.	电源连接	ok
def_jet_engine_combustion_chamber_name	引擎与动力	喷气引擎	name	Jet Combustion Chamber	喷气燃烧室	ok
def_jet_engine_combustion_chamber_desc	引擎与动力	喷气引擎	desc	This is part of a set of modular jet engine components. Combustion will begin when the internal pressure is high enough.	这是一套模块化喷气发动机部件的一部分。当内部压力足够高时，燃烧开始	ok
def_jet_engine_combustion_chamber_s_desc	引擎与动力	喷气引擎	s_desc	A combustion chamber that burns jet fuel to sustain a jet engine.	燃烧喷气燃料以维持喷气发动机的燃烧室	ok
def_jet_engine_combustion_chamber_node_0_label	引擎与动力	喷气引擎	label	Fuel	燃料	ok
def_jet_engine_combustion_chamber_node_0_desc	引擎与动力	喷气引擎	node_desc	Jet fuel input required for combustion.	输入燃烧所需的喷气燃料	ok
def_jet_engine_combustion_chamber_node_1_label	引擎与动力	喷气引擎	label	Throttle	节流阀	ok
def_jet_engine_combustion_chamber_node_1_desc	引擎与动力	喷气引擎	node_desc	Throttle control between 0 and 1.	节流阀控制在0和1之间	ok
def_jet_engine_combustion_chamber_node_2_label	引擎与动力	喷气引擎	label	Air Pressure	气压	ok
def_jet_engine_combustion_chamber_node_2_desc	引擎与动力	喷气引擎	node_desc	The pressure of air transferred by the chamber.	气室传递的气体压力	ok
def_jet_engine_combustion_chamber_node_3_label	引擎与动力	喷气引擎	label	Temperature	温度	ok
def_jet_engine_combustion_chamber_node_3_desc	引擎与动力	喷气引擎	node_desc	The temperature of air transferred by the chamber.	气室传递的气体温度	ok
def_jet_engine_combustion_chamber_node_4_label	引擎与动力	喷气引擎	label	RPS	RPS	ok
def_jet_engine_combustion_chamber_node_4_desc	引擎与动力	喷气引擎	node_desc	The rotations per second generated by the chamber.	燃烧室每秒转数	ok
def_jet_engine_compressor_name	引擎与动力	喷气引擎	name	Jet Compressor	喷气引擎压气机	ok
def_jet_engine_compressor_desc	引擎与动力	喷气引擎	desc	This is part of a set of modular jet engine components. Electrical power is required to begin compression.	这是一套模块化喷气发动机部件的一部分。需要用电力启动压气机	ok
def_jet_engine_compressor_s_desc	引擎与动力	喷气引擎	s_desc	A compressor that compresses air within a jet engine.	压缩进气系统内气体的压缩机	ok
def_jet_engine_compressor_node_0_label	引擎与动力	喷气引擎	label	Compressor	压气机	ok
def_jet_engine_compressor_node_0_desc	引擎与动力	喷气引擎	node_desc	Enables the compressor.	启动压气机	ok
def_jet_engine_compressor_node_1_label	引擎与动力	喷气引擎	label	Electric	电	ok
def_jet_engine_compressor_node_1_desc	引擎与动力	喷气引擎	node_desc	Electrical input for starting the compressor.	启动压气机的电源输入	ok
def_jet_engine_compressor_node_2_label	引擎与动力	喷气引擎	label	Air Pressure	气压	ok
def_jet_engine_compressor_node_2_desc	引擎与动力	喷气引擎	node_desc	The pressure of air transferred by the compressor.	压气机输送的气体压力	ok
def_jet_engine_compressor_node_3_label	引擎与动力	喷气引擎	label	Temperature	温度	ok
def_jet_engine_compressor_node_3_desc	引擎与动力	喷气引擎	node_desc	The temperature of air transferred by the compressor.	压气机输送气体的温度	ok
def_jet_engine_compressor_node_4_label	引擎与动力	喷气引擎	label	RPS	RPS	ok
def_jet_engine_compressor_node_4_desc	引擎与动力	喷气引擎	node_desc	The rotations per second generated by the compressor.	压气机每秒转数	ok
def_jet_engine_duct_angle_name	引擎与动力	喷气引擎	name	Jet Duct Angle	喷气引擎气道(L型)	ok
def_jet_engine_duct_angle_desc	引擎与动力	喷气引擎	desc			ok
def_jet_engine_duct_angle_s_desc	引擎与动力	喷气引擎	s_desc	An angled section of ducting for use in jet engines.	喷气发动机用的有角度的管道部分	ok
def_jet_engine_duct_cross_name	引擎与动力	喷气引擎	name	Jet Duct Cross	喷气引擎气道(X型)	ok
def_jet_engine_duct_cross_desc	引擎与动力	喷气引擎	desc			ok
def_jet_engine_duct_cross_s_desc	引擎与动力	喷气引擎	s_desc	An cross section of ducting for use in jet engines.	喷气发动机用十字管道	ok
def_jet_engine_duct_diagonal_name	引擎与动力	喷气引擎	name	Jet Duct Diagonal	喷气引擎气道(斜面型)	ok
def_jet_engine_duct_diagonal_desc	引擎与动力	喷气引擎	desc			ok
def_jet_engine_duct_diagonal_s_desc	引擎与动力	喷气引擎	s_desc	A diagonal section of ducting for use in jet engines.	喷气发动机用的斜截面管道	ok
def_jet_engine_duct_straight_name	引擎与动力	喷气引擎	name	Jet Duct Straight	喷气引擎气道(直型)	ok
def_jet_engine_duct_straight_desc	引擎与动力	喷气引擎	desc			ok
def_jet_engine_duct_straight_s_desc	引擎与动力	喷气引擎	s_desc	An straight section of ducting for use in jet engines.	喷气发动机用的一段直的管道	ok
def_jet_engine_duct_t_name	引擎与动力	喷气引擎	name	Jet Duct T	喷气引擎气道(T型)	ok
def_jet_engine_duct_t_desc	引擎与动力	喷气引擎	desc			ok
def_jet_engine_duct_t_s_desc	引擎与动力	喷气引擎	s_desc	A T-shaped section of ducting for use in jet engines.	喷气发动机用的T形管道	ok
def_jet_engine_exhaust_afterburner_name	引擎与动力	喷气引擎	name	Jet Exhaust Afterburner	喷气口(加力型)	ok
def_jet_engine_exhaust_afterburner_desc	引擎与动力	喷气引擎	desc	This is part of a set of modular jet engine components. Thrust will be produced at the back of the exhaust proportional to the internal RPS of the engine. Additional thrust is produced when the afterburner is active, at the cost of increased fuel consumption.	这是一套模块化喷气发动机部件的一部分。推力将在排气后部产生，与发动机的内部转速成比例。当加力燃烧室启动时，会以增加燃料消耗为代价，产生额外的推力	ok
def_jet_engine_exhaust_afterburner_s_desc	引擎与动力	喷气引擎	s_desc	A jet engine exhaust that can burn additional fuel for increased output.	喷气引擎的排气装置之一,可以燃烧额外的燃料以增加输出	ok
def_jet_engine_exhaust_afterburner_node_0_label	引擎与动力	喷气引擎	label	Fuel	燃料	ok
def_jet_engine_exhaust_afterburner_node_0_desc	引擎与动力	喷气引擎	node_desc	Jet fuel input to the afterburner.	输入喷气燃料到加力燃烧室	ok
def_jet_engine_exhaust_afterburner_node_1_label	引擎与动力	喷气引擎	label	Air Pressure	气压	ok
def_jet_engine_exhaust_afterburner_node_1_desc	引擎与动力	喷气引擎	node_desc	The pressure of air into the exhaust.	进入排气管的气体的压力	ok
def_jet_engine_exhaust_afterburner_node_2_label	引擎与动力	喷气引擎	label	Temperature	温度	ok
def_jet_engine_exhaust_afterburner_node_2_desc	引擎与动力	喷气引擎	node_desc	The temperature of air into the exhaust.	进入排气管的气体的温度	ok
def_jet_engine_exhaust_afterburner_node_3_label	引擎与动力	喷气引擎	label	Thrust Spoiler	喷管收敛控制	ok
def_jet_engine_exhaust_afterburner_node_3_desc	引擎与动力	喷气引擎	node_desc	The air flow spoiler for reducing effective thrust from the exhaust. Takes value 0 (no reduction in thrust) to 1 (total reduction in thrust).	控制喷气口的阻力。取值为0(不减少推力)到1(完全减少推力)	ok
def_jet_engine_exhaust_afterburner_node_4_label	引擎与动力	喷气引擎	label	Afterburner	加力燃烧室	ok
def_jet_engine_exhaust_afterburner_node_4_desc	引擎与动力	喷气引擎	node_desc	Enable the afterburner.	启用加力燃烧室	ok
def_jet_engine_exhaust_basic_name	引擎与动力	喷气引擎	name	Jet Exhaust	喷气口(基础型)	ok
def_jet_engine_exhaust_basic_desc	引擎与动力	喷气引擎	desc	This is part of a set of modular jet engine components. Thrust will be produced at the back of the exhaust proportional to the internal RPS of the engine.	这是一套模块化喷气发动机部件的一部分。推力将在排气后部产生，与发动机的内部转速成比例	ok
def_jet_engine_exhaust_basic_s_desc	引擎与动力	喷气引擎	s_desc	A jet engine exhaust that will produce thrust.	产生推力的喷气发动机排气	ok
def_jet_engine_exhaust_basic_node_0_label	引擎与动力	喷气引擎	label	Air Pressure	气压	ok
def_jet_engine_exhaust_basic_node_0_desc	引擎与动力	喷气引擎	node_desc	The pressure of air into the exhaust.	气体进入排气管的压力	ok
def_jet_engine_exhaust_basic_node_1_label	引擎与动力	喷气引擎	label	Temperature	温度	ok
def_jet_engine_exhaust_basic_node_1_desc	引擎与动力	喷气引擎	node_desc	The temperature of air into the exhaust.	进入排气管的气体温度	ok
def_jet_engine_exhaust_basic_node_2_label	引擎与动力	喷气引擎	label	Thrust Spoiler	喷管收敛控制	ok
def_jet_engine_exhaust_basic_node_2_desc	引擎与动力	喷气引擎	node_desc	The air flow spoiler for reducing effective thrust from the exhaust. Takes value 0 (no reduction in thrust) to 1 (total reduction in thrust).	控制喷气口的阻力。取值为0(不减少推力)到1(完全减少推力)	ok
def_jet_engine_exhaust_rotating_name	引擎与动力	喷气引擎	name	Jet Exhaust Rotating	喷气口(旋转式)	ok
def_jet_engine_exhaust_rotating_desc	引擎与动力	喷气引擎	desc	This is part of a set of modular jet engine components. Thrust will be produced at the back of the exhaust proportional to the internal RPS of the engine. The direction of the thrust is controlled using a standard value that sets the target orientation within the pivot's range of motion of -0.5 to 0.5 turns.	这是一套模块化喷气发动机部件的一部分。推力将在排气后部产生，与发动机的内部转速成比例。使用标准值控制推力方向，该值将目标方向设置在枢轴-0.5到0.5圈的运动范围内	ok
def_jet_engine_exhaust_rotating_s_desc	引擎与动力	喷气引擎	s_desc	A jet engine exhaust that has a built-in mechanical pivot.	内置机械枢轴的喷气发动机排气装置	ok
def_jet_engine_exhaust_rotating_node_0_label	引擎与动力	喷气引擎	label	Air Pressure	气压	ok
def_jet_engine_exhaust_rotating_node_0_desc	引擎与动力	喷气引擎	node_desc	The pressure of air into the exhaust.	气体进入排气管的压力	ok
def_jet_engine_exhaust_rotating_node_1_label	引擎与动力	喷气引擎	label	Temperature	温度	ok
def_jet_engine_exhaust_rotating_node_1_desc	引擎与动力	喷气引擎	node_desc	The temperature of air into the exhaust.	进入排气管的气体温度	ok
def_jet_engine_exhaust_rotating_node_2_label	引擎与动力	喷气引擎	label	Thrust Spoiler	喷管收敛控制	ok
def_jet_engine_exhaust_rotating_node_2_desc	引擎与动力	喷气引擎	node_desc	The air flow spoiler for reducing effective thrust from the exhaust. Takes value 0 (no reduction in thrust) to 1 (total reduction in thrust).	控制喷气口的阻力。取值为0(不减少推力)到1(完全减少推力)	ok
def_jet_engine_exhaust_rotating_node_3_label	引擎与动力	喷气引擎	label	Rotation Target	目标圈数	ok
def_jet_engine_exhaust_rotating_node_3_desc	引擎与动力	喷气引擎	node_desc	The standard value setting the orientation within the range of motion.	输入运动范围内的目标圈数	ok
def_jet_engine_exhaust_rotating_node_4_label	引擎与动力	喷气引擎	label	Electric	电	ok
def_jet_engine_exhaust_rotating_node_4_desc	引擎与动力	喷气引擎	node_desc	Electrical input to power the exhaust's pivot.	为排气枢轴提供动力的电源输入	ok
def_jet_engine_intake_large_name	引擎与动力	喷气引擎	name	Large Jet Intake	喷气式进气道(大)	ok
def_jet_engine_intake_large_desc	引擎与动力	喷气引擎	desc	The intake has turbo fans that will provide additional thrust. The intake will provide a greater air flow when travelling through the air.	进气有涡轮风扇，可以提供额外的推力。当通过气体时，进气口将提供更大的气体流量	ok
def_jet_engine_intake_large_s_desc	引擎与动力	喷气引擎	s_desc	A large intake that will suck air into a jet engine.	将气体吸入喷气发动机的大进气口	ok
def_jet_engine_intake_large_node_0_label	引擎与动力	喷气引擎	label	Air Pressure	气压	ok
def_jet_engine_intake_large_node_0_desc	引擎与动力	喷气引擎	node_desc	The pressure of air transferred by the intake.	进气口所传递的气体压力	ok
def_jet_engine_intake_large_node_1_label	引擎与动力	喷气引擎	label	RPS	RPS	ok
def_jet_engine_intake_large_node_1_desc	引擎与动力	喷气引擎	node_desc	The rotations per second generated by the intake.	进气风扇每秒转数	ok
def_jet_engine_intake_small_name	引擎与动力	喷气引擎	name	Small Jet Intake	喷气式进气道(小)	ok
def_jet_engine_intake_small_desc	引擎与动力	喷气引擎	desc	This is part of a set of modular jet engine components. The intake will provide a greater air flow when travelling through the air.	这是一套模块化喷气发动机部件的一部分。当通过气体时，进气口将提供更大的气体流量	ok
def_jet_engine_intake_small_s_desc	引擎与动力	喷气引擎	s_desc	A small intake that will suck air into a jet engine.	将气体吸入喷气发动机的小进气口	ok
def_jet_engine_intake_small_node_0_label	引擎与动力	喷气引擎	label	Air Pressure	气压	ok
def_jet_engine_intake_small_node_0_desc	引擎与动力	喷气引擎	node_desc	The pressure of air transferred by the intake.	进气口所传递的气体压力	ok
def_jet_engine_intake_small_node_1_label	引擎与动力	喷气引擎	label	RPS	RPS	ok
def_jet_engine_intake_small_node_1_desc	引擎与动力	喷气引擎	node_desc	The rotations per second generated by the intake.	进气风扇每秒转数	ok
def_jet_engine_turbine_medium_name	引擎与动力	喷气引擎	name	Jet Turbine Medium	喷气涡轮(中)	ok
def_jet_engine_turbine_medium_desc	引擎与动力	喷气引擎	desc	This is part of a set of modular jet engine components. This turbine has a torque connection for manually starting using an electric motor, or for powering additional props and generators.	这是一套模块化喷气发动机部件的一部分。该涡轮机有一个扭矩连接，用于使用电动机手动启动，或为附加支柱和发电机供电	ok
def_jet_engine_turbine_medium_s_desc	引擎与动力	喷气引擎	s_desc	A medium turbine that will convert air pressure to RPS within a jet engine.	将气体压力转换为喷气发动机内转速的中等涡轮	ok
def_jet_engine_turbine_medium_node_0_label	引擎与动力	喷气引擎	label	RPS	RPS	ok
def_jet_engine_turbine_medium_node_0_desc	引擎与动力	喷气引擎	node_desc	The torque of the turbine.	涡轮的扭矩	ok
def_jet_engine_turbine_medium_node_1_label	引擎与动力	喷气引擎	label	Air Pressure	气压	ok
def_jet_engine_turbine_medium_node_1_desc	引擎与动力	喷气引擎	node_desc	The pressure of air transferred by the turbine.	涡轮传递的气体压力	ok
def_jet_engine_turbine_medium_node_2_label	引擎与动力	喷气引擎	label	Temperature	温度	ok
def_jet_engine_turbine_medium_node_2_desc	引擎与动力	喷气引擎	node_desc	The temperature of air transferred by the turbine.	涡轮传递的气体温度	ok
def_jet_engine_turbine_medium_node_3_label	引擎与动力	喷气引擎	label	RPS	RPS	ok
def_jet_engine_turbine_medium_node_3_desc	引擎与动力	喷气引擎	node_desc	The rotations per second generated by the turbine.	涡轮每秒转数	ok
def_jet_engine_turbine_medium_node_4_label	引擎与动力	喷气引擎	label	Electric	电	ok
def_jet_engine_turbine_medium_node_4_desc	引擎与动力	喷气引擎	node_desc	The electric connection to output electric energy.	输出电能的电源连接	ok
def_jet_engine_turbine_small_name	引擎与动力	喷气引擎	name	Jet Turbine Small	喷气涡轮(小)	ok
def_jet_engine_turbine_small_desc	引擎与动力	喷气引擎	desc	This is part of a set of modular jet engine components.	这是一套模块化喷气发动机部件的一部分	ok
def_jet_engine_turbine_small_s_desc	引擎与动力	喷气引擎	s_desc	A small turbine that will convert air pressure to RPS within a jet engine.	将气体压力转换为喷气发动机内转速的小涡轮	ok
def_jet_engine_turbine_small_node_0_label	引擎与动力	喷气引擎	label	Air Pressure	气压	ok
def_jet_engine_turbine_small_node_0_desc	引擎与动力	喷气引擎	node_desc	The pressure of air transferred by the turbine.	涡轮传递的气体压力	ok
def_jet_engine_turbine_small_node_1_label	引擎与动力	喷气引擎	label	Temperature	温度	ok
def_jet_engine_turbine_small_node_1_desc	引擎与动力	喷气引擎	node_desc	The temperature of air transferred by the turbine.	涡轮传递的气体温度	ok
def_jet_engine_turbine_small_node_2_label	引擎与动力	喷气引擎	label	RPS	RPS	ok
def_jet_engine_turbine_small_node_2_desc	引擎与动力	喷气引擎	node_desc	The rotations per second generated by the turbine.	涡轮每秒转数	ok
def_jet_engine_turbine_small_node_3_label	引擎与动力	喷气引擎	label	Electric	电	ok
def_jet_engine_turbine_small_node_3_desc	引擎与动力	喷气引擎	node_desc	The electric connection to output electric energy.	输出电能的电源连接	ok
def_keel_large_name	结构建材	龙骨	name	Keel (Large)	龙骨(大)	ok
def_keel_large_desc	结构建材	龙骨	desc	The keel resists rolling forces while submerged, helping to keep a boat upright and stable. The keel also resists lateral sliding forces, causing the majority of a boats movement to be in the direction of the keel axis. When combined with the force provided by a sail, this allows a sailboat to move forward in a crosswind, or even upwind.	龙骨可以抵抗浮力带来的滚转力矩,帮助船只保持直立和稳定.龙骨还能抵抗横向滑动力,使船只的大部分运动都沿着龙骨轴线的方向进行.再加上船帆提供的力量,这使得帆船可以在横风甚至逆风中前进	ok
def_keel_large_s_desc	结构建材	龙骨	s_desc	A large boat keel used for sailing.	为大型帆船设计的龙骨组件	ok
def_keel_medium_name	结构建材	龙骨	name	Keel (Medium)		todo
def_keel_medium_desc	结构建材	龙骨	desc	The keel resists rolling forces while submerged, helping to keep a boat upright and stable. The keel also resists lateral sliding forces, causing the majority of a boats movement to be in the direction of the keel axis. When combined with the force provided by a sail, this allows a sailboat to move forward in a crosswind, or even upwind.	龙骨可以抵抗浮力带来的滚转力矩,帮助船只保持直立和稳定.龙骨还能抵抗横向滑动力,使船只的大部分运动都沿着龙骨轴线的方向进行.再加上船帆提供的力量,这使得帆船可以在横风甚至逆风中前进	ok
def_keel_medium_s_desc	结构建材	龙骨	s_desc	A medium boat keel used for sailing.	为中型帆船设计的龙骨组件	ok
def_keel_small_name	结构建材	龙骨	name	Keel (Small)		todo
def_keel_small_desc	结构建材	龙骨	desc	The keel resists rolling forces while submerged, helping to keep a boat upright and stable. The keel also resists lateral sliding forces, causing the majority of a boats movement to be in the direction of the keel axis. When combined with the force provided by a sail, this allows a sailboat to move forward in a crosswind, or even upwind.	龙骨可以抵抗浮力带来的滚转力矩,帮助船只保持直立和稳定.龙骨还能抵抗横向滑动力,使船只的大部分运动都沿着龙骨轴线的方向进行.再加上船帆提供的力量,这使得帆船可以在横风甚至逆风中前进	ok
def_keel_small_s_desc	结构建材	龙骨	s_desc	A small boat keel used for sailing.	为小型帆船设计的龙骨组件	ok
def_ladder_small_name	结构建材	梯子	name	Ladder	梯子	ok
def_ladder_small_desc	结构建材	梯子	desc	You can attach to the ladder by interacting with [$[action_use_seat]], then detach again with either [$[action_use_seat]] or [$[action_jump]]. You will automatically detach from the ladder when you reach the top.	您可以按[$[action_use_seat]]连接收到梯子，然后按[$[action_use_seat]]或[$[action_jump]]再次分离。到达顶部时，您将自动从梯子上分离	ok
def_ladder_small_s_desc	结构建材	梯子	s_desc	Single ladder rung. Multiple rungs can placed on top of each other to form a ladder of abitrary length.	单梯横档。多个横档可以相互叠放，形成一个任意长度的梯子	ok
def_landing_float_name	载具与交通	起落架	name	Landing Float	着陆浮子	ok
def_landing_float_desc	载具与交通	起落架	desc	Ideal for attaching to helicopters to allow them to land on the ocean.	非常适合安装在直升机上，使其能够在海上降落	ok
def_landing_float_s_desc	载具与交通	起落架	s_desc	A buoyant float.	漂浮的浮子	ok
def_large_propeller_name	引擎与动力	大型	name	Large Propeller	船用螺旋桨(中)	ok
def_large_propeller_desc	引擎与动力	大型	desc	Power received from an engine affects the forward and backward force generated. This propeller will only operate underwater.	从发动机获得的动力会提供产生前进或后退的力。这个螺旋桨只能在水下工作	ok
def_large_propeller_s_desc	引擎与动力	大型	s_desc	A large boat propeller.	大型船用螺旋桨	ok
def_large_propeller_node_0_label	引擎与动力	大型	label	RPS	RPS	ok
def_large_propeller_node_0_desc	引擎与动力	大型	node_desc	Receives power generated by an engine.	接收发动机产生的动力	ok
def_large_rotor_name	引擎与动力	大型	name	Large Rotor	大螺旋桨	ok
def_large_rotor_desc	引擎与动力	大型	desc	Two standard number inputs control the rotor's swashplate, allowing you to affect its pitch and roll. Power received from an engine affects the amount of up and down force that the rotor will generate. The output force of this rotor is decreased when underwater.	两个标准数字输入控制螺旋桨的旋转斜盘，允许您影响其俯仰(Pitch)和侧倾。从发动机接收到的功率影响螺旋桨将产生的上下力的大小。在水下时，该螺旋桨的输出力减小	ok
def_large_rotor_s_desc	引擎与动力	大型	s_desc	A helicopter rotor with controllable pitch and roll.	具有可控制的俯仰(Pitch)和滚转(Roll)的直升机旋翼	ok
def_large_rotor_node_0_label	引擎与动力	大型	label	Roll	滚转(Roll)	ok
def_large_rotor_node_0_desc	引擎与动力	大型	node_desc	Standard value between -1 and 1 representing the desired roll amount.	介于-1和1之间的标准值，表示滚转(Roll)角	ok
def_large_rotor_node_1_label	引擎与动力	大型	label	Pitch	俯仰(Pitch)	ok
def_large_rotor_node_1_desc	引擎与动力	大型	node_desc	Standard value between -1 and 1 representing the desired pitch amount.	介于-1和1之间的标准值，表示俯仰(Pitch)角	ok
def_large_rotor_node_2_label	引擎与动力	大型	label	RPS	RPS	ok
def_large_rotor_node_2_desc	引擎与动力	大型	node_desc	Receives power generated by an engine.	接收发动机产生的动力	ok
def_large_rotor_node_3_label	引擎与动力	大型	label	Collective	总距	ok
def_large_rotor_node_3_desc	引擎与动力	大型	node_desc	Standard value between -1 and 1 representing the desired pitch amount.	介于-1和1之间的标准值，表示总距	ok
def_laser_beacon_name	武器与军用	激光	name	Laser Beacon	激光信标	ok
def_laser_beacon_desc	武器与军用	激光	desc			ok
def_laser_beacon_s_desc	武器与军用	激光	s_desc	A beacon that produces a laser point light, visible by laser point sensors.	在此信标位置产生激光点，可以被激光传感器识别	ok
def_laser_beacon_node_0_label	武器与军用	激光	label	Beacon Light	开关	ok
def_laser_beacon_node_0_desc	武器与军用	激光	node_desc	Switches the beacon on when receiving an on signal.	收到on信号时点亮	ok
def_laser_beacon_node_1_label	武器与军用	激光	label	Electric	电	ok
def_laser_beacon_node_1_desc	武器与军用	激光	node_desc	Electrical power connection.	电源连接	ok
def_laser_beacon_node_2_label	武器与军用	激光	label	Wavelength	激光编码	ok
def_laser_beacon_node_2_desc	武器与军用	激光	node_desc	The specific light wavelength to emit (whole number).	设定激光编码(整数),使用相同编码的传感器才能识别到此激光信号	ok
def_laser_distance_sensor_name	武器与军用	激光	name	Laser Distance Sensor	激光距离传感器	ok
def_laser_distance_sensor_desc	武器与军用	激光	desc	The reading can be read from the sensor's number output and is measured in metres (1 metre = 4 blocks). Can be pivoted up to 0.125 turns using composite input.	以米为单位输出测量的距离(1米=4块),最大量程4000米,可以使用混合输入控制0.125圈的旋转	ok
def_laser_distance_sensor_s_desc	武器与军用	激光	s_desc	A laser distance sensor with a maximum measurement range of 4000m.	最大量程为4000米的激光测距仪	ok
def_laser_distance_sensor_node_0_label	武器与军用	激光	label	Distance	距离(米)	ok
def_laser_distance_sensor_node_0_desc	武器与军用	激光	node_desc	The measured distance in metres.	以米为单位测量的距离	ok
def_laser_distance_sensor_node_1_label	武器与军用	激光	label	Electric	电	ok
def_laser_distance_sensor_node_1_desc	武器与军用	激光	node_desc	Electrical power connection.	电源连接	ok
def_laser_distance_sensor_node_2_label	武器与军用	激光	label	Active	打开	ok
def_laser_distance_sensor_node_2_desc	武器与军用	激光	node_desc	Controls whether or not the laser is active.	控制激光器是否发射	ok
def_laser_distance_sensor_node_3_label	武器与军用	激光	label	Wavelength	激光编码	ok
def_laser_distance_sensor_node_3_desc	武器与军用	激光	node_desc	The specific light wavelength to emit (whole number).	要发射的特定光波长(整数)	ok
def_laser_distance_sensor_node_4_label	武器与军用	激光	label	Pivot	轴	ok
def_laser_distance_sensor_node_4_desc	武器与军用	激光	node_desc	Inputs for laser X/Y pivot. (Value 1 : Pivot X) (Value 2 : Pivot Y)	激光传感器的X/Y轴数值(数值1:X轴,数值2:Y轴)	ok
def_laser_point_sensor_name	武器与军用	激光	name	Laser Point Sensor	激光点传感器	ok
def_laser_point_sensor_desc	武器与军用	激光	desc	The closest point to the center of the sensor's field of view will be reported. It outputs a value of -1 to 1 on composite number channel 1 for the x position, and a value of -1 to 1 on composite number channel 2 for the y position. Composite on/off channel 1 is set to on when a point is visible. The -1 to 1 values map to an fov of -cos(0.5) to cos(0.5) in both the x and y directions.	在混合通道输出距离视场中心最近的激光点(相同激光编码).number通道1:x位置(-1到1).number通道2:y位置(-1到1).boolean通道1:发现激光点.-1到1的值在x和y方向上都映射为-cos(0.5)到cos(0.5)的视场	ok
def_laser_point_sensor_s_desc	武器与军用	激光	s_desc	A sensor that outputs a relative x and y position of a laser point that it can see within its field of view.	输出在其视场内探测到的激光点的相对x和y位置的传感器	ok
def_laser_point_sensor_node_0_label	武器与军用	激光	label	Electric	电	ok
def_laser_point_sensor_node_0_desc	武器与军用	激光	node_desc	Electrical power connection.	电源连接	ok
def_laser_point_sensor_node_1_label	武器与军用	激光	label	Data Output	数据输出	ok
def_laser_point_sensor_node_1_desc	武器与军用	激光	node_desc	On/Off channel 1: is laser detected. Number channel 1, 2: X, Y position within the sensors 120 degree field of view.	on/off通道1:检测到激光。munber通道1,2:X，Y点在传感器120度视野内的位置	ok
def_laser_point_sensor_node_2_label	武器与军用	激光	label	Wavelength	激光编码	ok
def_laser_point_sensor_node_2_desc	武器与军用	激光	node_desc	The specific light wavelength to detect (whole number).	设置激光编码(整数),相同编码的激光才能被检测到	ok
def_linear_base_name	机械与传动	线性作动	name	Linear Track Base	直线轨道基座	ok
def_linear_base_desc	机械与传动	线性作动	desc	You can build the track using the Linear Track Extension component. This base component provides 3 blocks that can be built on. A pair of on/off signals allow you to control the up and down motion of the slider, and a numerical output lets you measure the slider's offset from its starting position. Multiple slider bases can run along the same track. The up/down speed can be configured by selecting this component with the select tool.	可以使用“线性轨迹扩展”组件构建轨迹。这个基本组件提供了3个可以构建的块。一对开/关信号允许您控制滑块的上下运动，一个数字输出允许您测量滑块从其起始位置的偏移。多个滑块底座可以沿同一轨迹运行。可通过使用选择工具选择该部件来配置上升/下降速度	ok
def_linear_base_s_desc	机械与传动	线性作动	s_desc	A slider that moves along a modular linear track.	沿模块化线性轨道移动的滑块	ok
def_linear_base_node_0_label	机械与传动	线性作动	label	Down	向下	ok
def_linear_base_node_0_desc	机械与传动	线性作动	node_desc	Moves the slider in the track's down direction (indicated by the hollow arrow).	沿轨迹的向下方向移动滑块(由空心箭头指示)	ok
def_linear_base_node_1_label	机械与传动	线性作动	label	Up	向上	ok
def_linear_base_node_1_desc	机械与传动	线性作动	node_desc	Moves the slider in the track's up direction (indicated by the filled arrow).	沿轨迹的向上方向移动滑块(由实心箭头指示)	ok
def_linear_base_node_2_label	机械与传动	线性作动	label	Slider Position	滑块位置	ok
def_linear_base_node_2_desc	机械与传动	线性作动	node_desc	The measured offset of the slider from its starting position.	滑块相对于其起始位置的测量偏移量	ok
def_linear_base_node_3_label	机械与传动	线性作动	label	Electric	电	ok
def_linear_base_node_3_desc	机械与传动	线性作动	node_desc	Electrical power connection.	电源连接	ok
def_linear_base_node_4_label	机械与传动	线性作动	label	RPS	RPS	ok
def_linear_base_node_4_desc	机械与传动	线性作动	node_desc	Power connection for transfering mechanical energy.	用于传输机械能的连接	ok
def_linear_base_node_5_label	机械与传动	线性作动	label	Fluid	流体	ok
def_linear_base_node_5_desc	机械与传动	线性作动	node_desc	Fluid connection for transfering fluid.	用于输送流体的流体接头	ok
def_linear_compact_base_name	机械与传动	线性作动	name	Compact Linear Track Base	直线轨道基座(紧凑型)	ok
def_linear_compact_base_desc	机械与传动	线性作动	desc	You can build the track using the Compact Linear Track Extension component. The speed of the slider can be set using its number input.	可以使用“紧凑线性轨迹扩展”组件构建轨迹。滑块的速度可以使用其数字输入设置	ok
def_linear_compact_base_s_desc	机械与传动	线性作动	s_desc	A compact slider that moves along a modular linear track.	沿模块化线性轨道移动的紧凑滑块	ok
def_linear_compact_base_node_0_label	机械与传动	线性作动	label	Slider Speed	滑块速度	ok
def_linear_compact_base_node_0_desc	机械与传动	线性作动	node_desc			ok
def_linear_compact_base_node_1_label	机械与传动	线性作动	label	Electric	电	ok
def_linear_compact_base_node_1_desc	机械与传动	线性作动	node_desc	Electrical power connection.	电源连接	ok
def_linear_compact_head_name	机械与传动	线性作动	name	Compact Linear Track Head	直线轨头(紧凑型)	ok
def_linear_compact_head_desc	机械与传动	线性作动	desc			ok
def_linear_compact_head_s_desc	机械与传动	线性作动	s_desc			ok
def_linear_compact_module_name	机械与传动	线性作动	name	Compact Linear Track Extension	直线轨道扩展(紧凑型)	ok
def_linear_compact_module_desc	机械与传动	线性作动	desc	A Compact Linear Track Base must be attached somewhere along the track for it to function.	紧凑的线性轨道基座必须附着在轨道的某处，使其发挥作用	ok
def_linear_compact_module_s_desc	机械与传动	线性作动	s_desc	An extension piece that can be used to build compact linear tracks.	可用来建造紧凑的直线轨道的延长件	ok
def_linear_head_name	机械与传动	线性作动	name	Linear Track Head	直线轨头	ok
def_linear_head_desc	机械与传动	线性作动	desc			ok
def_linear_head_s_desc	机械与传动	线性作动	s_desc			ok
def_linear_head_node_0_label	机械与传动	线性作动	label	RPS	RPS	ok
def_linear_head_node_0_desc	机械与传动	线性作动	node_desc	Power connection for transfering mechanical energy.	用于传输机械能的连接	ok
def_linear_head_node_1_label	机械与传动	线性作动	label	Fluid	流体	ok
def_linear_head_node_1_desc	机械与传动	线性作动	node_desc	Fluid connection for transfering fluid.	用于输送流体的流体接头	ok
def_linear_matic_a_name	机械与传动	线性作动	name	Pneumatic Piston	气动活塞	ok
def_linear_matic_a_desc	机械与传动	线性作动	desc	A standard value input sets the target position that the piston rod should move to. There is also an output for taking a measurement of the rod's current position. The piston can expand by a length of 1 metre, making it a total of 2.25m (9 blocks) tall when expanded and 1.25m (5 blocks) tall when contracted. The piston's speed can be configured by selecting it with the select tool.	标准值输入设置活塞杆应移动到的目标位置。还有一个输出用于测量杆的当前位置。活塞可膨胀1米，膨胀时总高度为2.25米(9块)，收缩时总高度为1.25米(5块)。活塞的速度可以通过选择工具进行配置	ok
def_linear_matic_a_s_desc	机械与传动	线性作动	s_desc	A pneumatic piston that can be expanded and contracted.	可以膨胀和收缩的气动活塞	ok
def_linear_matic_a_node_0_label	机械与传动	线性作动	label	Piston Rod Target Position	活塞杆目标位置	ok
def_linear_matic_a_node_0_desc	机械与传动	线性作动	node_desc	Takes a standard value representing the desired position of the rod.	获取表示所需杆位置的标准值	ok
def_linear_matic_a_node_1_label	机械与传动	线性作动	label	Piston Rod Position	活塞杆位置	ok
def_linear_matic_a_node_1_desc	机械与传动	线性作动	node_desc	The measured position of the rod between -0.5 and 0.5 metres.	杆的测量位置在-0.5米到0.5米之间	ok
def_linear_matic_a_node_2_label	机械与传动	线性作动	label	Electric	电	ok
def_linear_matic_a_node_2_desc	机械与传动	线性作动	node_desc	Electrical power connection.	电源连接	ok
def_linear_matic_a_node_3_label	机械与传动	线性作动	label	Fluid	流体	ok
def_linear_matic_a_node_3_desc	机械与传动	线性作动	node_desc	Fluid connection for transfering fluid.	用于输送流体的流体接头	ok
def_linear_matic_b_name	机械与传动	线性作动	name	Pneumatic Piston	Linear Matic B	ok
def_linear_matic_b_desc	机械与传动	线性作动	desc			ok
def_linear_matic_b_s_desc	机械与传动	线性作动	s_desc			ok
def_linear_matic_b_node_0_label	机械与传动	线性作动	label	Fluid	流体	ok
def_linear_matic_b_node_0_desc	机械与传动	线性作动	node_desc			ok
def_linear_module_name	机械与传动	线性作动	name	Linear Track Extension	直线轨道扩展	ok
def_linear_module_desc	机械与传动	线性作动	desc	A Linear Track Base must be attached somewhere along the track for it to function.	线性的轨道基座必须附在轨道上的某个地方，它才能发挥作用	ok
def_linear_module_s_desc	机械与传动	线性作动	s_desc	An extension piece that can be used to build linear tracks.	可用于建立线性轨迹的延长件	ok
def_linear_speed_sensor_name	机械与传动	线性作动	name	Linear Speed Sensor	线性速度传感器	ok
def_linear_speed_sensor_desc	机械与传动	线性作动	desc	This sensor outputs the speed of the component in one of 4 modes. Modes can be changed by selecting the sensor.	此传感器以四种模式之一输出部件的速度。可以通过在设置中选择来更改模式	ok
def_linear_speed_sensor_s_desc	机械与传动	线性作动	s_desc	This sensor outputs its current linear speed in m/s, allowing you to measure how fast your vehicle is travelling.	该传感器以m/s为单位输出当前的线性速度，允许您测量载具的行驶速度	ok
def_linear_speed_sensor_node_0_label	机械与传动	线性作动	label	Linear Speed	线速度	ok
def_linear_speed_sensor_node_0_desc	机械与传动	线性作动	node_desc	The sensor's linear speed in m/s.	传感器的线速度(m/s)	ok
def_liquid_rocket_name	流体系统	液体	name	Liquid Fuel Rocket	液体火箭发动机	ok
def_liquid_rocket_desc	流体系统	液体	desc	Fuel with liquid oxygen and hydrogen.	以氢氧为燃料	ok
def_liquid_rocket_s_desc	流体系统	液体	s_desc	A liquid fuel rocket engine.	液体火箭发动机	ok
def_liquid_rocket_node_0_label	流体系统	液体	label	Oxygen	氧	ok
def_liquid_rocket_node_0_desc	流体系统	液体	node_desc			ok
def_liquid_rocket_node_1_label	流体系统	液体	label	Hydrogen	氢	ok
def_liquid_rocket_node_1_desc	流体系统	液体	node_desc			ok
def_liquid_rocket_node_2_label	流体系统	液体	label	Ignition	点火	ok
def_liquid_rocket_node_2_desc	流体系统	液体	node_desc			ok
def_liquid_rocket_node_3_label	流体系统	液体	label	Gimbal Z	云台Z	ok
def_liquid_rocket_node_3_desc	流体系统	液体	node_desc			ok
def_liquid_rocket_node_4_label	流体系统	液体	label	Gimbal X	云台X	ok
def_liquid_rocket_node_4_desc	流体系统	液体	node_desc			ok
def_liquid_rocket_node_5_label	流体系统	液体	label	Throttle	节流阀	ok
def_liquid_rocket_node_5_desc	流体系统	液体	node_desc			ok
def_liquid_rocket_large_name	流体系统	液体	name	Liquid Fuel Rocket (Large)	液体火箭发动机(大)	ok
def_liquid_rocket_large_desc	流体系统	液体	desc	Fuel with liquid oxygen and hydrogen.	以氢氧为燃料	ok
def_liquid_rocket_large_s_desc	流体系统	液体	s_desc	A liquid fuel rocket engine.	液体火箭发动机	ok
def_liquid_rocket_large_node_0_label	流体系统	液体	label	Oxygen	氧	ok
def_liquid_rocket_large_node_0_desc	流体系统	液体	node_desc			ok
def_liquid_rocket_large_node_1_label	流体系统	液体	label	Hydrogen	氢	ok
def_liquid_rocket_large_node_1_desc	流体系统	液体	node_desc			ok
def_liquid_rocket_large_node_2_label	流体系统	液体	label	Ignition	点火	ok
def_liquid_rocket_large_node_2_desc	流体系统	液体	node_desc			ok
def_liquid_rocket_large_node_3_label	流体系统	液体	label	Gimbal Z	云台Z	ok
def_liquid_rocket_large_node_3_desc	流体系统	液体	node_desc			ok
def_liquid_rocket_large_node_4_label	流体系统	液体	label	Gimbal X	云台X	ok
def_liquid_rocket_large_node_4_desc	流体系统	液体	node_desc			ok
def_liquid_rocket_large_node_5_label	流体系统	液体	label	Throttle	节流阀	ok
def_liquid_rocket_large_node_5_desc	流体系统	液体	node_desc			ok
def_liquid_rocket_small_name	流体系统	液体	name	Liquid Fuel Rocket (Small)	液体火箭发动机(小)	ok
def_liquid_rocket_small_desc	流体系统	液体	desc	Fuel with liquid oxygen and hydrogen.	以氢氧为燃料	ok
def_liquid_rocket_small_s_desc	流体系统	液体	s_desc	A liquid fuel rocket engine.	液体火箭发动机	ok
def_liquid_rocket_small_node_0_label	流体系统	液体	label	Oxygen	氧	ok
def_liquid_rocket_small_node_0_desc	流体系统	液体	node_desc			ok
def_liquid_rocket_small_node_1_label	流体系统	液体	label	Hydrogen	氢	ok
def_liquid_rocket_small_node_1_desc	流体系统	液体	node_desc			ok
def_liquid_rocket_small_node_2_label	流体系统	液体	label	Ignition	点火	ok
def_liquid_rocket_small_node_2_desc	流体系统	液体	node_desc			ok
def_liquid_rocket_small_node_3_label	流体系统	液体	label	Gimbal Z	云台Z	ok
def_liquid_rocket_small_node_3_desc	流体系统	液体	node_desc			ok
def_liquid_rocket_small_node_4_label	流体系统	液体	label	Gimbal X	云台X	ok
def_liquid_rocket_small_node_4_desc	流体系统	液体	node_desc			ok
def_liquid_rocket_small_node_5_label	流体系统	液体	label	Throttle	节流阀	ok
def_liquid_rocket_small_node_5_desc	流体系统	液体	node_desc			ok
def_lobster_pot_name	任务与货物	龙虾	name	Lobster Pot	龙虾陷阱	ok
def_lobster_pot_desc	任务与货物	龙虾	desc	A portable trap for catching lobsters and crabs on the sea floor.	用于在海底捕捉龙虾和螃蟹的便携式捕捉器	ok
def_lobster_pot_s_desc	任务与货物	龙虾	s_desc	A trap for lobsters and crabs.	龙虾和螃蟹陷阱	ok
def_lobster_pot_node_0_label	任务与货物	龙虾	label	Release	释放	ok
def_lobster_pot_node_0_desc	任务与货物	龙虾	node_desc	When on, releases captured crabs and lobsters. When off, keeps them contained.	输入on信号时,释放捕获的螃蟹和龙虾	ok
def_lobster_pot_node_1_label	任务与货物	龙虾	label	Fill Level	储量	ok
def_lobster_pot_node_1_desc	任务与货物	龙虾	node_desc			ok
def_magall_name	机械与传动	磁吸头	name	Mag All	万能磁头	ok
def_magall_desc	机械与传动	磁吸头	desc	While the connector is active the end will glow and it will stick to most surfaces that it touches. The connection will break if enough stress (200) is applied.	当连接件处于活动状态时，末端将发光，并将粘住其接触的大多数曲面。如果施加足够的应力(200)，连接将断开	ok
def_magall_s_desc	机械与传动	磁吸头	s_desc	A small connector that will attach to most surfaces.	连接收到大多数表面的小连接头	ok
def_magall_node_0_label	机械与传动	磁吸头	label	Magnet Toggle	磁铁开关	ok
def_magall_node_0_desc	机械与传动	磁吸头	node_desc	Enables the connector's magnet when receiving an on signal.	在接收到接通信号时启用连接头的磁铁	ok
def_magall_node_1_label	机械与传动	磁吸头	label	Connected	已连接	ok
def_magall_node_1_desc	机械与传动	磁吸头	node_desc	Outputs an on signal if the connector is attached to another connector.	如果连接头连接收到另一个连接头，则输出接通信号	ok
def_magall_node_2_label	机械与传动	磁吸头	label	Force	力	ok
def_magall_node_2_desc	机械与传动	磁吸头	node_desc	Outputs the current force stress on the connector.	输出连接头上的电流应力	ok
def_magall_node_3_label	机械与传动	磁吸头	label	Electric	电	ok
def_magall_node_3_desc	机械与传动	磁吸头	node_desc	Electrical power connection.	电源连接	ok
def_map_icon_name	显示与控制	地图	name	Map Icon Block	地图标志块	ok
def_map_icon_desc	显示与控制	地图	desc	When on a vehicle, the vehicle will show on the map and other vehicles in the group will be hidden. The custom name set here will be the name set on the map.	放置在载具上时,该载具将显示在地图上,而组内的其他载具将被隐藏.此处设置的自定义名称将是地图上显示的名称	ok
def_map_icon_s_desc	显示与控制	地图	s_desc	A vehicle tracking block.	用于载具追踪的方块	ok
def_mic_name	显示与控制	麦克风	name	Microphone	话筒	ok
def_mic_desc	显示与控制	麦克风	desc	A simple microphone that picks up voice data from nearby players. (Range : 15)	麦克风，可以从附近的玩家中采集声音数据(范围:15)	ok
def_mic_s_desc	显示与控制	麦克风	s_desc	A microphone for transmitting player voice data.	传送玩家声音数据的麦克风	ok
def_mic_node_0_label	显示与控制	麦克风	label	Audio	音频	ok
def_mic_node_0_desc	显示与控制	麦克风	node_desc	Audio data connection.	音频数据连接	ok
def_mic_node_1_label	显示与控制	麦克风	label	Electric	电	ok
def_mic_node_1_desc	显示与控制	麦克风	node_desc	Electrical power connection.	电源连接	ok
def_mic_node_2_label	显示与控制	麦克风	label	Activate	激活	ok
def_mic_node_2_desc	显示与控制	麦克风	node_desc	Activate the microphone.	启动麦克风	ok
def_mic_node_3_label	显示与控制	麦克风	label	Transmit	正在传输	ok
def_mic_node_3_desc	显示与控制	麦克风	node_desc	If the microphone is currently transmitting.	麦克风正在发送数据	ok
def_microprocessor_name	逻辑与电路	微处理器	name	Microprocessor	微处理器	ok
def_microprocessor_desc	逻辑与电路	微处理器	desc			ok
def_microprocessor_s_desc	逻辑与电路	微处理器	s_desc			ok
def_mineral_converter_name	任务与货物	矿物	name	Mineral Converter	矿产转运器	ok
def_mineral_converter_desc	任务与货物	矿物	desc	Transports minerals through the connected system.	通过连接的系统运输矿产	ok
def_mineral_converter_s_desc	任务与货物	矿物	s_desc	A basic mineral duct.	基础矿产管道	ok
def_mineral_converter_node_0_label	任务与货物	矿物	label	Mineral Level	矿产等级	ok
def_mineral_converter_node_0_desc	任务与货物	矿物	node_desc			ok
def_mineral_converter_node_1_label	任务与货物	矿物	label	water	水	ok
def_mineral_converter_node_1_desc	任务与货物	矿物	node_desc			ok
def_mineral_drill_name	任务与货物	矿物	name	Mineral Drill	采矿钻头	ok
def_mineral_drill_desc	任务与货物	矿物	desc	The mineral drill can be driven by torque to mine ore deposits in the world. Extracted minerals can be transferred to an attached hopper.	钻头可以在世界范围的矿藏中，通过扭力开采。提取的矿物可以被转移到一个附加的料斗中	ok
def_mineral_drill_s_desc	任务与货物	矿物	s_desc	A vehicle mounted drill for mining ore deposits.	载具使用的采矿钻头	ok
def_mineral_drill_node_0_label	任务与货物	矿物	label	Drill Shaft	钻杆	ok
def_mineral_drill_node_0_desc	任务与货物	矿物	node_desc			ok
def_modular_engine_air_manifold_name	引擎与动力	模块化引擎	name	Modular Engine Air Manifold	模块化发动机气体歧管	ok
def_modular_engine_air_manifold_desc	引擎与动力	模块化引擎	desc	Attach a manifold to a cylinder to provide a connection for air to that cylinder. Cylinders that are chained directly adjacent to each other can share a single manifold.	将歧管连接到气缸上，为气缸提供气体连接。彼此直接相邻的气缸可以共享一个歧管	ok
def_modular_engine_air_manifold_s_desc	引擎与动力	模块化引擎	s_desc	A modular engine air manifold.	模块化发动机气体歧管	ok
def_modular_engine_air_manifold_node_0_label	引擎与动力	模块化引擎	label	Throttle	节流阀	ok
def_modular_engine_air_manifold_node_0_desc	引擎与动力	模块化引擎	node_desc			ok
def_modular_engine_air_manifold_node_1_label	引擎与动力	模块化引擎	label	Air	气体	ok
def_modular_engine_air_manifold_node_1_desc	引擎与动力	模块化引擎	node_desc			ok
def_modular_engine_air_ram_name	引擎与动力	模块化引擎	name	Air Ram	气体接口	ok
def_modular_engine_air_ram_desc	引擎与动力	模块化引擎	desc			ok
def_modular_engine_air_ram_s_desc	引擎与动力	模块化引擎	s_desc	Port used to allow air in and out of a fluid system.	只允许气体进出流体系统的端口	ok
def_modular_engine_air_ram_node_0_label	引擎与动力	模块化引擎	label	Air	气体	ok
def_modular_engine_air_ram_node_0_desc	引擎与动力	模块化引擎	node_desc	Allows fluid to flow in and out of an enclosed volume.	允许气体进出某一封闭空间	ok
def_modular_engine_alternator_name	引擎与动力	模块化引擎	name	Modular Engine Alternator	模块化引擎发电机	ok
def_modular_engine_alternator_desc	引擎与动力	模块化引擎	desc	Alternators convert mechanical energy from a Drive Belt into electric charge.	"把机械能通过皮带转换成电能(P.S:安装在""模块化发动机传动带""上)"	ok
def_modular_engine_alternator_s_desc	引擎与动力	模块化引擎	s_desc	A modular engine alternator.	模块化引擎发电机	ok
def_modular_engine_alternator_node_0_label	引擎与动力	模块化引擎	label	Clutch Pressure	离合器接合量(0~1)	ok
def_modular_engine_alternator_node_0_desc	引擎与动力	模块化引擎	node_desc			ok
def_modular_engine_alternator_node_1_label	引擎与动力	模块化引擎	label	Electric	电	ok
def_modular_engine_alternator_node_1_desc	引擎与动力	模块化引擎	node_desc			ok
def_modular_engine_clutch_name	引擎与动力	模块化引擎	name	Modular Engine Clutch 1x1	模块化发动机离合器(1x1)	ok
def_modular_engine_clutch_desc	引擎与动力	模块化引擎	desc	Attach a clutch to a crankshaft block to control the torque made available to the connected system.	将飞轮连接到曲轴缸体上，将曲轴中的动力转化为可用的扭矩，用于驱动其他部件	ok
def_modular_engine_clutch_s_desc	引擎与动力	模块化引擎	s_desc	A modular engine clutch.	模块化的发动机离合器	ok
def_modular_engine_clutch_node_0_label	引擎与动力	模块化引擎	label	Clutch Pressure	离合器接合量(0~1)	ok
def_modular_engine_clutch_node_0_desc	引擎与动力	模块化引擎	node_desc			ok
def_modular_engine_clutch_node_1_label	引擎与动力	模块化引擎	label	RPS	RPS	ok
def_modular_engine_clutch_node_1_desc	引擎与动力	模块化引擎	node_desc	The power supplied by the engine for inputting to other components.	由发动机提供的动力输入到其他部件	ok
def_modular_engine_clutch_3x3_name	引擎与动力	模块化引擎	name	Modular Engine Clutch 3x3	模块化发动机离合器(3x3)	ok
def_modular_engine_clutch_3x3_desc	引擎与动力	模块化引擎	desc	Attach a clutch to a crankshaft block to control the torque made available to the connected system.	将飞轮连接到曲轴缸体上，将曲轴中的功率转换为驱动其他部件的可用扭矩	ok
def_modular_engine_clutch_3x3_s_desc	引擎与动力	模块化引擎	s_desc	A modular engine clutch.	模块化发动机离合器	ok
def_modular_engine_clutch_3x3_node_0_label	引擎与动力	模块化引擎	label	Clutch Pressure	离合器接合量(0~1)	ok
def_modular_engine_clutch_3x3_node_0_desc	引擎与动力	模块化引擎	node_desc			ok
def_modular_engine_clutch_3x3_node_1_label	引擎与动力	模块化引擎	label	RPS	RPS	ok
def_modular_engine_clutch_3x3_node_1_desc	引擎与动力	模块化引擎	node_desc	The power supplied by the engine for inputting to other components.	来自发动机的动力	ok
def_modular_engine_clutch_5x5_name	引擎与动力	模块化引擎	name	Modular Engine Clutch 5x5	模块化发动机离合器(5x5)	ok
def_modular_engine_clutch_5x5_desc	引擎与动力	模块化引擎	desc	Attach a clutch to a crankshaft block to control the torque made available to the connected system.	将飞轮连接到曲轴缸体上，将曲轴中的功率转换为驱动其他部件的可用扭矩	ok
def_modular_engine_clutch_5x5_s_desc	引擎与动力	模块化引擎	s_desc	A modular engine clutch.	模块化发动机离合器	ok
def_modular_engine_clutch_5x5_node_0_label	引擎与动力	模块化引擎	label	Clutch Pressure	离合器接合量(0~1)	ok
def_modular_engine_clutch_5x5_node_0_desc	引擎与动力	模块化引擎	node_desc			ok
def_modular_engine_clutch_5x5_node_1_label	引擎与动力	模块化引擎	label	RPS	RPS	ok
def_modular_engine_clutch_5x5_node_1_desc	引擎与动力	模块化引擎	node_desc	The power supplied by the engine for inputting to other components.	来自发动机的动力	ok
def_modular_engine_coolant_manifold_name	引擎与动力	模块化引擎	name	Modular Engine Coolant Manifold	模块化发动机冷却液歧管	ok
def_modular_engine_coolant_manifold_desc	引擎与动力	模块化引擎	desc	Attach a manifold to a cylinder to provide a connection for coolant to that cylinder. Cylinders that are chained directly adjacent to each other can share a single manifold.	将歧管连接到气缸上，为该气缸提供冷却系统的连接。直接相邻的气缸可以共用一个歧管	ok
def_modular_engine_coolant_manifold_s_desc	引擎与动力	模块化引擎	s_desc	A modular engine coolant manifold.	模块化发动机歧管	ok
def_modular_engine_coolant_manifold_node_0_label	引擎与动力	模块化引擎	label	Coolant A	冷却液 A口	ok
def_modular_engine_coolant_manifold_node_0_desc	引擎与动力	模块化引擎	node_desc			ok
def_modular_engine_coolant_manifold_node_1_label	引擎与动力	模块化引擎	label	Coolant B	冷却液 B口	ok
def_modular_engine_coolant_manifold_node_1_desc	引擎与动力	模块化引擎	node_desc			ok
def_modular_engine_crankshaft_name	引擎与动力	模块化引擎	name	Modular Engine Crankshaft 1x1	模块化发动机曲轴(1x1)	ok
def_modular_engine_crankshaft_desc	引擎与动力	模块化引擎	desc	The crankshaft is the core of an engine. Attach cylinders to the outer surfaces to generate power. Multiple crankshaft blocks can be placed adajcent to each other to form larger engines.	曲轴是发动机的核心。将气缸连接到外表面产生动力。多个曲轴缸体可以互相对置，形成较大的发动机	ok
def_modular_engine_crankshaft_s_desc	引擎与动力	模块化引擎	s_desc	A modular engine crankshaft block.	模块化发动机曲轴缸体	ok
def_modular_engine_crankshaft_node_0_label	引擎与动力	模块化引擎	label	RPS	RPS	ok
def_modular_engine_crankshaft_node_0_desc	引擎与动力	模块化引擎	node_desc	Output value giving data info on engine speed.	输出发动机转速数据	ok
def_modular_engine_crankshaft_3x1_name	引擎与动力	模块化引擎	name	Modular Engine Crankshaft 3x1	模块化发动机曲轴(3x1)	ok
def_modular_engine_crankshaft_3x1_desc	引擎与动力	模块化引擎	desc	The crankshaft is the core of an engine. Attach cylinders to the outer surfaces to generate power. Multiple crankshaft blocks can be placed adajcent to each other to form larger engines.	曲轴是发动机的核心。将气缸连接到外表面产生动力。多个曲轴缸体可以互相对置，形成较大的发动机	ok
def_modular_engine_crankshaft_3x1_s_desc	引擎与动力	模块化引擎	s_desc	A modular engine crankshaft block.	模块化发动机曲轴缸体	ok
def_modular_engine_crankshaft_3x1_node_0_label	引擎与动力	模块化引擎	label	RPS	RPS	ok
def_modular_engine_crankshaft_3x1_node_0_desc	引擎与动力	模块化引擎	node_desc	Output value giving data info on engine speed.	输出发动机转速数据	ok
def_modular_engine_crankshaft_3x3_name	引擎与动力	模块化引擎	name	Modular Engine Crankshaft 3x3	模块化发动机曲轴(3x3)	ok
def_modular_engine_crankshaft_3x3_desc	引擎与动力	模块化引擎	desc	The crankshaft is the core of an engine. Attach cylinders to the outer surfaces to generate power. Multiple crankshaft blocks can be placed adajcent to each other to form larger engines.	曲轴是发动机的核心。将气缸连接到外表面产生动力。多个曲轴缸体可以互相对置，形成较大的发动机	ok
def_modular_engine_crankshaft_3x3_s_desc	引擎与动力	模块化引擎	s_desc	A modular engine crankshaft block.	模块化发动机曲轴缸体	ok
def_modular_engine_crankshaft_3x3_node_0_label	引擎与动力	模块化引擎	label	RPS	RPS	ok
def_modular_engine_crankshaft_3x3_node_0_desc	引擎与动力	模块化引擎	node_desc	Output value giving data info on engine speed.	输出发动机转速数据	ok
def_modular_engine_crankshaft_5x5_name	引擎与动力	模块化引擎	name	Modular Engine Crankshaft 5x5	模块化发动机曲轴(5x5)	ok
def_modular_engine_crankshaft_5x5_desc	引擎与动力	模块化引擎	desc	The crankshaft is the core of an engine. Attach cylinders to the outer surfaces to generate power. Multiple crankshaft blocks can be placed adajcent to each other to form larger engines.	曲轴是发动机的核心。将气缸连接到外表面产生动力。多个曲轴缸体可以互相对置，形成较大的发动机	ok
def_modular_engine_crankshaft_5x5_s_desc	引擎与动力	模块化引擎	s_desc	A modular engine crankshaft block.	模块化发动机曲轴缸体	ok
def_modular_engine_crankshaft_5x5_node_0_label	引擎与动力	模块化引擎	label	RPS	RPS	ok
def_modular_engine_crankshaft_5x5_node_0_desc	引擎与动力	模块化引擎	node_desc	Output value giving data info on engine speed.	输出发动机转速数据	ok
def_modular_engine_crankshaft_converter_3x3_name	引擎与动力	模块化引擎	name	Modular Engine Crankshaft Converter 3 to 1	模块化发动机曲轴变矩器(3至1)	ok
def_modular_engine_crankshaft_converter_3x3_desc	引擎与动力	模块化引擎	desc	The crankshaft is the core of an engine. This component efficiently converts torque between different size crankshafts. Multiple crankshaft blocks can be placed adajcent to each other to form larger engines.	曲轴是发动机的核心。变矩器可以高效地将扭力传递到不同大小的曲轴上。将气缸连接到外表面产生动力。多个曲轴缸体可以互相对置，形成较大的发动机	ok
def_modular_engine_crankshaft_converter_3x3_s_desc	引擎与动力	模块化引擎	s_desc	A modular engine crankshaft block.	模块化发动机曲轴缸体	ok
def_modular_engine_crankshaft_converter_3x3_node_0_label	引擎与动力	模块化引擎	label	RPS	RPS	ok
def_modular_engine_crankshaft_converter_3x3_node_0_desc	引擎与动力	模块化引擎	node_desc	Output value giving data info on engine speed.	输出发动机转速数据	ok
def_modular_engine_crankshaft_converter_5x5_name	引擎与动力	模块化引擎	name	Modular Engine Crankshaft Converter 5 to 3	模块化发动机曲轴变矩器(5至3)	ok
def_modular_engine_crankshaft_converter_5x5_desc	引擎与动力	模块化引擎	desc	The crankshaft is the core of an engine. This component efficiently converts torque between different size crankshafts. Multiple crankshaft blocks can be placed adajcent to each other to form larger engines.	曲轴是发动机的核心。变矩器可以高效地将扭力传递到不同大小的曲轴上。将气缸连接到外表面产生动力。多个曲轴缸体可以互相对置，形成较大的发动机	ok
def_modular_engine_crankshaft_converter_5x5_s_desc	引擎与动力	模块化引擎	s_desc	A modular engine crankshaft block.	模块化发动机曲轴缸体	ok
def_modular_engine_crankshaft_converter_5x5_node_0_label	引擎与动力	模块化引擎	label	RPS	RPS	ok
def_modular_engine_crankshaft_converter_5x5_node_0_desc	引擎与动力	模块化引擎	node_desc	Output value giving data info on engine speed.	输出发动机转速数据	ok
def_modular_engine_cylinder_straight_name	引擎与动力	模块化引擎	name	Modular Engine Cylinder 1x1	模块化发动机气缸(1x1)	ok
def_modular_engine_cylinder_straight_desc	引擎与动力	模块化引擎	desc	Attach a cylinder to a crankshafts outer surface to produce power for an engine. The cylinder requires a manifold to move air, fuel, and exhaust through the cylinder. Cylinders that are chained directly adjacent to each other can share a single manifold.	将气缸连接到曲轴外表面以产生动力。将对应歧管连接到气缸以提供进气，并输送燃油和废气。直接相邻的气缸可以共用一个歧管	ok
def_modular_engine_cylinder_straight_s_desc	引擎与动力	模块化引擎	s_desc	A modular engine cylinder.	模块化发动机气缸	ok
def_modular_engine_cylinder_straight_node_0_label	引擎与动力	模块化引擎	label	Composite Data	复合数据	ok
def_modular_engine_cylinder_straight_node_0_desc	引擎与动力	模块化引擎	node_desc	Outputs data from the cylinder. (Value 1 : Air Volume) (Value 2 : Fuel Volume) (Value 3 : Temperature)	从气缸输出数据。(值1:空气量)(值2:燃油量)(值3:温度)	ok
def_modular_engine_drive_belt_name	引擎与动力	模块化引擎	name	Modular Engine Drive Belt 1x1	模块化发动机传动带1x1	ok
def_modular_engine_drive_belt_desc	引擎与动力	模块化引擎	desc	The drive belt attaches to the crankshaft and provides an interface for starters, alternators and pumps.	传动带连接在曲轴上，为起动机、交流发电机和泵提供接口	ok
def_modular_engine_drive_belt_s_desc	引擎与动力	模块化引擎	s_desc	A modular engine drive belt.	模块化发动机传动带	ok
def_modular_engine_exhaust_manifold_corner_name	引擎与动力	模块化引擎	name	Modular Engine Exhaust Manifold (Corner)	模块化发动机排气歧管(拐角)	ok
def_modular_engine_exhaust_manifold_corner_desc	引擎与动力	模块化引擎	desc	Attach a manifold to a cylinder to provide an exhaust output connection for that cylinder. Cylinders that are chained directly adjacent to each other can share a single manifold.	将歧管连接到气缸，为该气缸提供排气输出。直接相邻的气缸可以共用一个歧管	ok
def_modular_engine_exhaust_manifold_corner_s_desc	引擎与动力	模块化引擎	s_desc	A modular engine manifold.	模块化发动机歧管	ok
def_modular_engine_exhaust_manifold_corner_node_0_label	引擎与动力	模块化引擎	label	Exhaust	排气管	ok
def_modular_engine_exhaust_manifold_corner_node_0_desc	引擎与动力	模块化引擎	node_desc			ok
def_modular_engine_exhaust_manifold_straight_name	引擎与动力	模块化引擎	name	Modular Engine Exhaust Manifold (Straight)	模块化发动机排气歧管(直)	ok
def_modular_engine_exhaust_manifold_straight_desc	引擎与动力	模块化引擎	desc	Attach a manifold to a cylinder to provide an exhaust output connection for that cylinder. Cylinders that are chained directly adjacent to each other can share a single manifold.	将歧管连接到气缸，为该气缸提供排气输出。直接相邻的气缸可以共用一个歧管	ok
def_modular_engine_exhaust_manifold_straight_s_desc	引擎与动力	模块化引擎	s_desc	A modular engine manifold.	模块化发动机歧管	ok
def_modular_engine_exhaust_manifold_straight_node_0_label	引擎与动力	模块化引擎	label	Exhaust	排气管	ok
def_modular_engine_exhaust_manifold_straight_node_0_desc	引擎与动力	模块化引擎	node_desc			ok
def_modular_engine_fluid_pump_name	引擎与动力	模块化引擎	name	Modular Engine Fluid Pump	模块化发动机流体泵	ok
def_modular_engine_fluid_pump_desc	引擎与动力	模块化引擎	desc	An pump that attaches to a Drive Belt to mechanically push fluid around a system.	连接在皮带轮上的泵,以曲轴产生的机械力推动流体在系统中流动	ok
def_modular_engine_fluid_pump_s_desc	引擎与动力	模块化引擎	s_desc	A modular engine fluid pump.	模块化发动机流体泵	ok
def_modular_engine_fluid_pump_node_0_label	引擎与动力	模块化引擎	label	Clutch Pressure	离合器接合量(0~1)	ok
def_modular_engine_fluid_pump_node_0_desc	引擎与动力	模块化引擎	node_desc			ok
def_modular_engine_fluid_pump_node_1_label	引擎与动力	模块化引擎	label	Fluid In	流体入口	ok
def_modular_engine_fluid_pump_node_1_desc	引擎与动力	模块化引擎	node_desc			ok
def_modular_engine_fluid_pump_node_2_label	引擎与动力	模块化引擎	label	Fluid Out	流体出口	ok
def_modular_engine_fluid_pump_node_2_desc	引擎与动力	模块化引擎	node_desc			ok
def_modular_engine_flywheel_name	引擎与动力	模块化引擎	name	Modular Engine Flywheel 1x1	模块化发动机飞轮1x1	ok
def_modular_engine_flywheel_desc	引擎与动力	模块化引擎	desc	The crankshaft is the core of an engine. A flywheel piece sits as part of the crankshaft and acts as a momentum (energy) store for a running engine, but also makes the engine harder to start.	曲轴是发动机的核心。飞轮片作为曲轴的一部分，为运转中的发动机储存动量(能量)，但也使发动机更难启动	ok
def_modular_engine_flywheel_s_desc	引擎与动力	模块化引擎	s_desc	A modular engine crankshaft flywheel.	模块化发动机曲轴飞轮	ok
def_modular_engine_flywheel_node_0_label	引擎与动力	模块化引擎	label	RPS	RPS	ok
def_modular_engine_flywheel_node_0_desc	引擎与动力	模块化引擎	node_desc	Output value giving data info on engine speed.	输出发动机转速数据	ok
def_modular_engine_flywheel_3x3_name	引擎与动力	模块化引擎	name	Modular Engine Flywheel 3x3	模块化发动机飞轮3x3	ok
def_modular_engine_flywheel_3x3_desc	引擎与动力	模块化引擎	desc	The crankshaft is the core of an engine. A flywheel piece sits as part of the crankshaft and acts as a momentum (energy) store for a running engine, but also makes the engine harder to start.	曲轴是发动机的核心。飞轮片作为曲轴的一部分，为运转中的发动机储存动量(能量)，但也使发动机更难启动	ok
def_modular_engine_flywheel_3x3_s_desc	引擎与动力	模块化引擎	s_desc	A modular engine crankshaft flywheel.	模块化发动机曲轴飞轮	ok
def_modular_engine_flywheel_3x3_node_0_label	引擎与动力	模块化引擎	label	RPS	RPS	ok
def_modular_engine_flywheel_3x3_node_0_desc	引擎与动力	模块化引擎	node_desc	Output value giving data info on engine speed.	输出发动机转速数据	ok
def_modular_engine_flywheel_5x5_name	引擎与动力	模块化引擎	name	Modular Engine Flywheel 5x5	模块化发动机飞轮5x5	ok
def_modular_engine_flywheel_5x5_desc	引擎与动力	模块化引擎	desc	The crankshaft is the core of an engine. A flywheel piece sits as part of the crankshaft and acts as a momentum (energy) store for a running engine, but also makes the engine harder to start.	曲轴是发动机的核心。飞轮片作为曲轴的一部分，为运转中的发动机储存动量(能量)，但也使发动机更难启动	ok
def_modular_engine_flywheel_5x5_s_desc	引擎与动力	模块化引擎	s_desc	A modular engine crankshaft flywheel.	模块化发动机曲轴飞轮	ok
def_modular_engine_flywheel_5x5_node_0_label	引擎与动力	模块化引擎	label	RPS	RPS	ok
def_modular_engine_flywheel_5x5_node_0_desc	引擎与动力	模块化引擎	node_desc	Output value giving data info on engine speed.	输出发动机转速数据	ok
def_modular_engine_gearbox_1x1_name	引擎与动力	模块化引擎	name	Gearbox 1x1	变速箱1x1	ok
def_modular_engine_gearbox_1x1_desc	引擎与动力	模块化引擎	desc	The ratio can be toggled between two values which can be set in the properties.	传动比可以在属性中设置的两个值之间切换	ok
def_modular_engine_gearbox_1x1_s_desc	引擎与动力	模块化引擎	s_desc	Gearbox for changing the torque and speed across power connections.	接通电源使变速箱改变扭矩和速度	ok
def_modular_engine_gearbox_1x1_node_0_label	引擎与动力	模块化引擎	label	RPS A	RPS A	todo
def_modular_engine_gearbox_1x1_node_0_desc	引擎与动力	模块化引擎	node_desc	Power connection A.	动力连接 A	ok
def_modular_engine_gearbox_1x1_node_1_label	引擎与动力	模块化引擎	label	RPS B	RPS B	todo
def_modular_engine_gearbox_1x1_node_1_desc	引擎与动力	模块化引擎	node_desc	Power connection B.	动力连接 B	ok
def_modular_engine_gearbox_1x1_node_2_label	引擎与动力	模块化引擎	label	Gear Switch	档位开关	ok
def_modular_engine_gearbox_1x1_node_2_desc	引擎与动力	模块化引擎	node_desc	Toggle between the two gear ratios.	在两个传动比之间切换	ok
def_modular_engine_gearbox_1x1_node_3_label	引擎与动力	模块化引擎	label	Electric	电	ok
def_modular_engine_gearbox_1x1_node_3_desc	引擎与动力	模块化引擎	node_desc	The electric connection to power the component.	为组件提供电源的电力连接	ok
def_modular_engine_gearbox_3x3_name	引擎与动力	模块化引擎	name	Gearbox 3x3	变速箱3x3	ok
def_modular_engine_gearbox_3x3_desc	引擎与动力	模块化引擎	desc	The ratio can be toggled between two values which can be set in the properties.	传动比可以在属性中设置的两个值之间切换	ok
def_modular_engine_gearbox_3x3_s_desc	引擎与动力	模块化引擎	s_desc	Gearbox for changing the torque and speed across power connections.	接通电源使变速箱改变扭矩和速度	ok
def_modular_engine_gearbox_3x3_node_0_label	引擎与动力	模块化引擎	label	RPS A	RPS A	todo
def_modular_engine_gearbox_3x3_node_0_desc	引擎与动力	模块化引擎	node_desc	Power connection A.	动力连接 A	ok
def_modular_engine_gearbox_3x3_node_1_label	引擎与动力	模块化引擎	label	RPS B	RPS B	todo
def_modular_engine_gearbox_3x3_node_1_desc	引擎与动力	模块化引擎	node_desc	Power connection B.	动力连接 B	ok
def_modular_engine_gearbox_3x3_node_2_label	引擎与动力	模块化引擎	label	Gear Switch	档位开关	ok
def_modular_engine_gearbox_3x3_node_2_desc	引擎与动力	模块化引擎	node_desc	Toggle between the two gear ratios.	在两个传动比之间切换	ok
def_modular_engine_gearbox_3x3_node_3_label	引擎与动力	模块化引擎	label	Electric	电	ok
def_modular_engine_gearbox_3x3_node_3_desc	引擎与动力	模块化引擎	node_desc	The electric connection to power the component.	为组件提供电源的电力连接	ok
def_modular_engine_gearbox_5x5_name	引擎与动力	模块化引擎	name	Gearbox 5x5	变速箱5x5	ok
def_modular_engine_gearbox_5x5_desc	引擎与动力	模块化引擎	desc	The ratio can be toggled between two values which can be set in the properties.	传动比可以在属性中设置的两个值之间切换	ok
def_modular_engine_gearbox_5x5_s_desc	引擎与动力	模块化引擎	s_desc	Gearbox for changing the torque and speed across power connections.	接通电源使变速箱改变扭矩和速度	ok
def_modular_engine_gearbox_5x5_node_0_label	引擎与动力	模块化引擎	label	RPS A	RPS A	todo
def_modular_engine_gearbox_5x5_node_0_desc	引擎与动力	模块化引擎	node_desc	Power connection A.	动力连接 A	ok
def_modular_engine_gearbox_5x5_node_1_label	引擎与动力	模块化引擎	label	RPS B	RPS B	todo
def_modular_engine_gearbox_5x5_node_1_desc	引擎与动力	模块化引擎	node_desc	Power connection B.	动力连接 B	ok
def_modular_engine_gearbox_5x5_node_2_label	引擎与动力	模块化引擎	label	Gear Switch	档位开关	ok
def_modular_engine_gearbox_5x5_node_2_desc	引擎与动力	模块化引擎	node_desc	Toggle between the two gear ratios.	在两个传动比之间切换	ok
def_modular_engine_gearbox_5x5_node_3_label	引擎与动力	模块化引擎	label	Electric	电	ok
def_modular_engine_gearbox_5x5_node_3_desc	引擎与动力	模块化引擎	node_desc	The electric connection to power the component.	为组件提供电源的电力连接	ok
def_modular_engine_intake_manifold_name	引擎与动力	模块化引擎	name	Modular Engine Fuel Manifold	模块化发动机燃油歧管	ok
def_modular_engine_intake_manifold_desc	引擎与动力	模块化引擎	desc	Attach a manifold to a cylinder to provide a connection for fuel to that cylinder. Cylinders that are chained directly adjacent to each other can share a single manifold.	将歧管连接到气缸上，为气缸提供燃油连接。直接相邻的气缸可以共用一个歧管	ok
def_modular_engine_intake_manifold_s_desc	引擎与动力	模块化引擎	s_desc	A modular engine fuel manifold.	模块化发动机燃油歧管	ok
def_modular_engine_intake_manifold_node_0_label	引擎与动力	模块化引擎	label	Throttle	油门	ok
def_modular_engine_intake_manifold_node_0_desc	引擎与动力	模块化引擎	node_desc			ok
def_modular_engine_intake_manifold_node_1_label	引擎与动力	模块化引擎	label	Fuel	燃料	ok
def_modular_engine_intake_manifold_node_1_desc	引擎与动力	模块化引擎	node_desc			ok
def_modular_engine_manifold_corner_name	引擎与动力	模块化引擎	name	Modular Engine Manifold (Corner)	模块化发动机歧管(拐角)	ok
def_modular_engine_manifold_corner_desc	引擎与动力	模块化引擎	desc	Attach a manifold to a cylinder to provide connections for air, fuel, and exhaust for that cylinder. Cylinders that are chained directly adjacent to each other can share a single manifold.	将对应歧管连接到气缸以提供进气，并输送燃油和废气。直接相邻的气缸可以共用一个歧管	ok
def_modular_engine_manifold_corner_s_desc	引擎与动力	模块化引擎	s_desc	A modular engine manifold.	模块化发动机歧管	ok
def_modular_engine_manifold_straight_name	引擎与动力	模块化引擎	name	Modular Engine Manifold (Straight)	模块化发动机歧管(直)	ok
def_modular_engine_manifold_straight_desc	引擎与动力	模块化引擎	desc	Attach a manifold to a cylinder to provide connections for air, fuel, and exhaust for that cylinder. Cylinders that are chained directly adjacent to each other can share a single manifold.	将对应歧管连接到气缸以提供进气，并输送燃油和废气。直接相邻的气缸可以共用一个歧管	ok
def_modular_engine_manifold_straight_s_desc	引擎与动力	模块化引擎	s_desc	A modular engine manifold.	模块化发动机歧管	ok
def_modular_engine_manifold_t_name	引擎与动力	模块化引擎	name	Modular Engine Manifold (T)	模块化发动机歧管(T)	ok
def_modular_engine_manifold_t_desc	引擎与动力	模块化引擎	desc	Attach a manifold to a cylinder to provide connections for air, fuel, and exhaust for that cylinder. Cylinders that are chained directly adjacent to each other can share a single manifold.	将对应歧管连接到气缸以提供进气，并输送燃油和废气。直接相邻的气缸可以共用一个歧管	ok
def_modular_engine_manifold_t_s_desc	引擎与动力	模块化引擎	s_desc	A modular engine manifold.	模块化发动机歧管	ok
def_modular_engine_piston_3x3_name	引擎与动力	模块化引擎	name	Modular Engine Cylinder 3x3	模块化发动机气缸(3x3)	ok
def_modular_engine_piston_3x3_desc	引擎与动力	模块化引擎	desc	Attach a cylinder to a crankshafts outer surface to produce power for an engine. The cylinder requires a manifold to move air, fuel, and exhaust through the cylinder. Cylinders that are chained directly adjacent to each other can share a single manifold.	将气缸连接到曲轴外表面以产生动力。将对应歧管连接到气缸以提供进气，并输送燃油和废气。直接相邻的气缸可以共用一个歧管	ok
def_modular_engine_piston_3x3_s_desc	引擎与动力	模块化引擎	s_desc	A modular engine cylinder.	模块化发动机气缸	ok
def_modular_engine_piston_3x3_node_0_label	引擎与动力	模块化引擎	label	Composite Data	复合数据	ok
def_modular_engine_piston_3x3_node_0_desc	引擎与动力	模块化引擎	node_desc	Outputs data from the cylinder. (Value 1 : Air Volume) (Value 2 : Fuel Volume) (Value 3 : Temperature)	从气缸输出数据。(值1:空气量)(值2:燃油量)(值3:温度)	ok
def_modular_engine_piston_5x5_name	引擎与动力	模块化引擎	name	Modular Engine Cylinder 5x5	模块化发动机气缸(5x5)	ok
def_modular_engine_piston_5x5_desc	引擎与动力	模块化引擎	desc	Attach a cylinder to a crankshafts outer surface to produce power for an engine. The cylinder requires a manifold to move air, fuel, and exhaust through the cylinder. Cylinders that are chained directly adjacent to each other can share a single manifold.	将气缸连接到曲轴外表面以产生动力。将对应歧管连接到气缸以提供进气，并输送燃油和废气。直接相邻的气缸可以共用一个歧管	ok
def_modular_engine_piston_5x5_s_desc	引擎与动力	模块化引擎	s_desc	A modular engine cylinder.	模块化发动机气缸	ok
def_modular_engine_piston_5x5_node_0_label	引擎与动力	模块化引擎	label	Composite Data	复合数据	ok
def_modular_engine_piston_5x5_node_0_desc	引擎与动力	模块化引擎	node_desc	Outputs data from the cylinder. (Value 1 : Air Volume) (Value 2 : Fuel Volume) (Value 3 : Temperature)	从气缸输出数据。(值1:空气量)(值2:燃油量)(值3:温度)	ok
def_modular_engine_power_manifold_3x3_name	引擎与动力	模块化引擎	name	Modular Engine Drive Belt 3x3	模块化发动机传动带3x3	ok
def_modular_engine_power_manifold_3x3_desc	引擎与动力	模块化引擎	desc	The drive belt attaches to the crankshaft and provides an interface for starters, alternators and pumps.	传动带连接在曲轴上，为起动机、交流发电机和泵提供接口	ok
def_modular_engine_power_manifold_3x3_s_desc	引擎与动力	模块化引擎	s_desc	A modular engine drive belt.	模块化发动机传动带	ok
def_modular_engine_power_manifold_5x5_name	引擎与动力	模块化引擎	name	Modular Engine Drive Belt 5x5	模块化发动机传动带 5x5	ok
def_modular_engine_power_manifold_5x5_desc	引擎与动力	模块化引擎	desc	The drive belt attaches to the crankshaft and provides an interface for starters, alternators and pumps.	传动带连接在曲轴上，为起动机、交流发电机和泵提供接口	ok
def_modular_engine_power_manifold_5x5_s_desc	引擎与动力	模块化引擎	s_desc	A modular engine drive belt.	模块化发动机传动带	ok
def_modular_engine_sensor_temperature_name	引擎与动力	模块化引擎	name	Modular Engine Temperature Sensor	模块化发动机温度传感器	ok
def_modular_engine_sensor_temperature_desc	引擎与动力	模块化引擎	desc	Attach to a crankshaft to provide temperature information.	连接到曲轴以提供温度信息	ok
def_modular_engine_sensor_temperature_s_desc	引擎与动力	模块化引擎	s_desc	A modular engine temperature sensor.	模块化发动机温度传感器	ok
def_modular_engine_sensor_temperature_node_0_label	引擎与动力	模块化引擎	label	Temperature	温度	ok
def_modular_engine_sensor_temperature_node_0_desc	引擎与动力	模块化引擎	node_desc			ok
def_modular_engine_starter_name	引擎与动力	模块化引擎	name	Modular Engine Starter	模块化发动机起动器	ok
def_modular_engine_starter_desc	引擎与动力	模块化引擎	desc	Attach a starter to a Drive Belt component and supply power to apply an inefficient force on the engine to get it started.	将启动器附在传动带组件上，并提供电源，以施加一个启动发动机的力	ok
def_modular_engine_starter_s_desc	引擎与动力	模块化引擎	s_desc	A modular engine starter.	模块化发动机起动器	ok
def_modular_engine_starter_node_0_label	引擎与动力	模块化引擎	label	Starter	起动器	ok
def_modular_engine_starter_node_0_desc	引擎与动力	模块化引擎	node_desc			ok
def_modular_engine_starter_node_1_label	引擎与动力	模块化引擎	label	Electric	电	ok
def_modular_engine_starter_node_1_desc	引擎与动力	模块化引擎	node_desc	Electrical power connection.	电源连接	ok
def_monitor_1_name	显示与控制	显示器	name	Monitor 1x1	显示器1x1	ok
def_monitor_1_desc	显示与控制	显示器	desc	Displays video data.	显示视频数据	ok
def_monitor_1_s_desc	显示与控制	显示器	s_desc	A video screen.	视频显示器	ok
def_monitor_1_node_0_label	显示与控制	显示器	label	Video Signal	视频信号	ok
def_monitor_1_node_0_desc	显示与控制	显示器	node_desc			ok
def_monitor_1_node_1_label	显示与控制	显示器	label	Touch Output	触摸输出	ok
def_monitor_1_node_1_desc	显示与控制	显示器	node_desc			ok
def_monitor_1_node_2_label	显示与控制	显示器	label	Electric	电	ok
def_monitor_1_node_2_desc	显示与控制	显示器	node_desc			ok
def_monitor_1_node_3_label	显示与控制	显示器	label	Power Switch	电源开关	ok
def_monitor_1_node_3_desc	显示与控制	显示器	node_desc	Controls whether or not the screen is switched on.	控制屏幕是否打开	ok
def_monitor_1x2_name	显示与控制	显示器	name	Monitor 1x2	显示器1x2	ok
def_monitor_1x2_desc	显示与控制	显示器	desc	Displays video data.	显示视频数据	ok
def_monitor_1x2_s_desc	显示与控制	显示器	s_desc	A video screen.	视频显示器	ok
def_monitor_1x2_node_0_label	显示与控制	显示器	label	Video Signal	视频信号	ok
def_monitor_1x2_node_0_desc	显示与控制	显示器	node_desc			ok
def_monitor_1x2_node_1_label	显示与控制	显示器	label	Touch Output	触摸输出	ok
def_monitor_1x2_node_1_desc	显示与控制	显示器	node_desc			ok
def_monitor_1x2_node_2_label	显示与控制	显示器	label	Electric	电	ok
def_monitor_1x2_node_2_desc	显示与控制	显示器	node_desc			ok
def_monitor_1x2_node_3_label	显示与控制	显示器	label	Power Switch	电源开关	ok
def_monitor_1x2_node_3_desc	显示与控制	显示器	node_desc	Controls whether or not the screen is switched on.	控制屏幕是否打开	ok
def_monitor_1x3_name	显示与控制	显示器	name	Monitor 1x3	显示器1x3	ok
def_monitor_1x3_desc	显示与控制	显示器	desc	Displays video data.	显示视频数据	ok
def_monitor_1x3_s_desc	显示与控制	显示器	s_desc	A video screen.	视频屏幕	ok
def_monitor_1x3_node_0_label	显示与控制	显示器	label	Video Signal	视频信号	ok
def_monitor_1x3_node_0_desc	显示与控制	显示器	node_desc			ok
def_monitor_1x3_node_1_label	显示与控制	显示器	label	Touch Output	触摸输出	ok
def_monitor_1x3_node_1_desc	显示与控制	显示器	node_desc			ok
def_monitor_1x3_node_2_label	显示与控制	显示器	label	Electric	电	ok
def_monitor_1x3_node_2_desc	显示与控制	显示器	node_desc			ok
def_monitor_1x3_node_3_label	显示与控制	显示器	label	Power Switch	电源开关	ok
def_monitor_1x3_node_3_desc	显示与控制	显示器	node_desc	Controls whether or not the screen is switched on.	控制屏幕是否打开	ok
def_monitor_2_name	显示与控制	显示器	name	Monitor 2x2	显示器 2x2	ok
def_monitor_2_desc	显示与控制	显示器	desc	Displays video data.	显示视频数据	ok
def_monitor_2_s_desc	显示与控制	显示器	s_desc	A video screen.	视频屏幕	ok
def_monitor_2_node_0_label	显示与控制	显示器	label	Video Signal	视频信号	ok
def_monitor_2_node_0_desc	显示与控制	显示器	node_desc			ok
def_monitor_2_node_1_label	显示与控制	显示器	label	Touch Output	触摸输出	ok
def_monitor_2_node_1_desc	显示与控制	显示器	node_desc			ok
def_monitor_2_node_2_label	显示与控制	显示器	label	Electric	电	ok
def_monitor_2_node_2_desc	显示与控制	显示器	node_desc			ok
def_monitor_2_node_3_label	显示与控制	显示器	label	Power Switch	电源开关	ok
def_monitor_2_node_3_desc	显示与控制	显示器	node_desc	Controls whether or not the screen is switched on.	控制屏幕是否打开	ok
def_monitor_2x3_name	显示与控制	显示器	name	Monitor 2x3	显示器 2x3	ok
def_monitor_2x3_desc	显示与控制	显示器	desc	Displays video data.	显示视频数据	ok
def_monitor_2x3_s_desc	显示与控制	显示器	s_desc	A video screen.	视频屏幕	ok
def_monitor_2x3_node_0_label	显示与控制	显示器	label	Video Signal	视频信号	ok
def_monitor_2x3_node_0_desc	显示与控制	显示器	node_desc			ok
def_monitor_2x3_node_1_label	显示与控制	显示器	label	Touch Output	触摸输出	ok
def_monitor_2x3_node_1_desc	显示与控制	显示器	node_desc			ok
def_monitor_2x3_node_2_label	显示与控制	显示器	label	Electric	电	ok
def_monitor_2x3_node_2_desc	显示与控制	显示器	node_desc			ok
def_monitor_2x3_node_3_label	显示与控制	显示器	label	Power Switch	电源开关	ok
def_monitor_2x3_node_3_desc	显示与控制	显示器	node_desc	Controls whether or not the screen is switched on.	控制屏幕是否打开	ok
def_monitor_3_name	显示与控制	显示器	name	Monitor 3x3	显示器3x3	ok
def_monitor_3_desc	显示与控制	显示器	desc	Displays video data.	显示视频数据	ok
def_monitor_3_s_desc	显示与控制	显示器	s_desc	A video screen.	视频屏幕	ok
def_monitor_3_node_0_label	显示与控制	显示器	label	Video Signal	视频信号	ok
def_monitor_3_node_0_desc	显示与控制	显示器	node_desc			ok
def_monitor_3_node_1_label	显示与控制	显示器	label	Touch Output	触摸输出	ok
def_monitor_3_node_1_desc	显示与控制	显示器	node_desc			ok
def_monitor_3_node_2_label	显示与控制	显示器	label	Electric	电	ok
def_monitor_3_node_2_desc	显示与控制	显示器	node_desc			ok
def_monitor_3_node_3_label	显示与控制	显示器	label	Power Switch	电源开关	ok
def_monitor_3_node_3_desc	显示与控制	显示器	node_desc	Controls whether or not the screen is switched on.	控制屏幕是否打开	ok
def_monitor_5_name	显示与控制	显示器	name	Monitor 5x3	显示器5x3	ok
def_monitor_5_desc	显示与控制	显示器	desc	Displays video data.	显示视频数据	ok
def_monitor_5_s_desc	显示与控制	显示器	s_desc	A video screen.	视频屏幕	ok
def_monitor_5_node_0_label	显示与控制	显示器	label	Video Signal	视频信号	ok
def_monitor_5_node_0_desc	显示与控制	显示器	node_desc			ok
def_monitor_5_node_1_label	显示与控制	显示器	label	Touch Output	触摸输出	ok
def_monitor_5_node_1_desc	显示与控制	显示器	node_desc			ok
def_monitor_5_node_2_label	显示与控制	显示器	label	Electric	电	ok
def_monitor_5_node_2_desc	显示与控制	显示器	node_desc			ok
def_monitor_5_node_3_label	显示与控制	显示器	label	Power Switch	电源开关	ok
def_monitor_5_node_3_desc	显示与控制	显示器	node_desc	Controls whether or not the screen is switched on.	控制屏幕是否打开	ok
def_monitor_9_name	显示与控制	显示器	name	Monitor 9x5	显示器9x5	ok
def_monitor_9_desc	显示与控制	显示器	desc	Displays video data.	显示视频数据	ok
def_monitor_9_s_desc	显示与控制	显示器	s_desc	A video screen.	视频屏幕	ok
def_monitor_9_node_0_label	显示与控制	显示器	label	Video Signal	视频信号	ok
def_monitor_9_node_0_desc	显示与控制	显示器	node_desc			ok
def_monitor_9_node_1_label	显示与控制	显示器	label	Touch Output	触摸输出	ok
def_monitor_9_node_1_desc	显示与控制	显示器	node_desc			ok
def_monitor_9_node_2_label	显示与控制	显示器	label	Electric	电	ok
def_monitor_9_node_2_desc	显示与控制	显示器	node_desc			ok
def_monitor_9_node_3_label	显示与控制	显示器	label	Power Switch	电源开关	ok
def_monitor_9_node_3_desc	显示与控制	显示器	node_desc	Controls whether or not the screen is switched on.	控制屏幕是否打开	ok
def_monitor_hud_1_name	显示与控制	显示器	name	HUD Small	HUD(小)	ok
def_monitor_hud_1_desc	显示与控制	显示器	desc	Displays video data.	显示视频数据	ok
def_monitor_hud_1_s_desc	显示与控制	显示器	s_desc	A clear projection heads up display screen.	抬头显示器	ok
def_monitor_hud_1_node_0_label	显示与控制	显示器	label	Video Signal	视频信号	ok
def_monitor_hud_1_node_0_desc	显示与控制	显示器	node_desc			ok
def_monitor_hud_1_node_1_label	显示与控制	显示器	label	Touch Output	触摸输出	ok
def_monitor_hud_1_node_1_desc	显示与控制	显示器	node_desc			ok
def_monitor_hud_1_node_2_label	显示与控制	显示器	label	Electric	电	ok
def_monitor_hud_1_node_2_desc	显示与控制	显示器	node_desc			ok
def_monitor_hud_1_node_3_label	显示与控制	显示器	label	Power Switch	电源开关	ok
def_monitor_hud_1_node_3_desc	显示与控制	显示器	node_desc	Controls whether or not the screen is switched on.	控制屏幕是否打开	ok
def_monitor_hud_3_name	显示与控制	显示器	name	HUD Large	HUD(大)	ok
def_monitor_hud_3_desc	显示与控制	显示器	desc	Displays video data.	显示视频数据	ok
def_monitor_hud_3_s_desc	显示与控制	显示器	s_desc	A clear projection heads up display screen.	抬头显示器	ok
def_monitor_hud_3_node_0_label	显示与控制	显示器	label	Video Signal	视频信号	ok
def_monitor_hud_3_node_0_desc	显示与控制	显示器	node_desc			ok
def_monitor_hud_3_node_1_label	显示与控制	显示器	label	Touch Output	触摸输出	ok
def_monitor_hud_3_node_1_desc	显示与控制	显示器	node_desc			ok
def_monitor_hud_3_node_2_label	显示与控制	显示器	label	Electric	电	ok
def_monitor_hud_3_node_2_desc	显示与控制	显示器	node_desc			ok
def_monitor_hud_3_node_3_label	显示与控制	显示器	label	Power Switch	电源开关	ok
def_monitor_hud_3_node_3_desc	显示与控制	显示器	node_desc	Controls whether or not the screen is switched on.	控制屏幕是否打开	ok
def_motor_large_name	引擎与动力	马达	name	Large Electric Motor	电动机(大)	ok
def_motor_large_desc	引擎与动力	马达	desc	Converts electrical energy into mechanical force.	将电能转化为机械力	ok
def_motor_large_s_desc	引擎与动力	马达	s_desc	A large electric motor.	大型电动机	ok
def_motor_large_node_0_label	引擎与动力	马达	label	RPS	RPS	ok
def_motor_large_node_0_desc	引擎与动力	马达	node_desc	The power output for mechanical force.	输出功率	ok
def_motor_large_node_1_label	引擎与动力	马达	label	Electric	电	ok
def_motor_large_node_1_desc	引擎与动力	马达	node_desc	The electric energy input to be converted into mechanical force.	输入的电能被转换成机械能	ok
def_motor_large_node_2_label	引擎与动力	马达	label	Throttle	节流阀	ok
def_motor_large_node_2_desc	引擎与动力	马达	node_desc	The throttle input to control how much electric energy is converted to force.	控制多少电能转化为力的油门输入	ok
def_motor_medium_name	引擎与动力	马达	name	Medium Electric Motor	电动机(中)	ok
def_motor_medium_desc	引擎与动力	马达	desc	Converts electrical energy into mechanical force.	将电能转化为机械能	ok
def_motor_medium_s_desc	引擎与动力	马达	s_desc	A medium electric motor.	中型电动机	ok
def_motor_medium_node_0_label	引擎与动力	马达	label	RPS	RPS	ok
def_motor_medium_node_0_desc	引擎与动力	马达	node_desc	The power output for mechanical force.	机械能的输出功率	ok
def_motor_medium_node_1_label	引擎与动力	马达	label	Electric	电	ok
def_motor_medium_node_1_desc	引擎与动力	马达	node_desc	The electric energy input to be converted into mechanical force.	输入的电能被转换成机械能	ok
def_motor_medium_node_2_label	引擎与动力	马达	label	Throttle	节流阀	ok
def_motor_medium_node_2_desc	引擎与动力	马达	node_desc	The throttle input to control how much electric energy is converted to force.	控制多少电能转化为力的油门输入	ok
def_motor_small_name	引擎与动力	马达	name	Small Electric Motor	电动机(小)	ok
def_motor_small_desc	引擎与动力	马达	desc	Converts electrical energy into mechanical force.	将电能转化为机械能	ok
def_motor_small_s_desc	引擎与动力	马达	s_desc	A small electric motor.	小型电动机	ok
def_motor_small_node_0_label	引擎与动力	马达	label	RPS	RPS	ok
def_motor_small_node_0_desc	引擎与动力	马达	node_desc	The power output for mechanical force.	机械能的输出功率	ok
def_motor_small_node_1_label	引擎与动力	马达	label	Electric	电	ok
def_motor_small_node_1_desc	引擎与动力	马达	node_desc	The electric energy input to be converted into mechanical force.	输入的电能被转换成机械能	ok
def_motor_small_node_2_label	引擎与动力	马达	label	Throttle	节流阀	ok
def_motor_small_node_2_desc	引擎与动力	马达	node_desc	The throttle input to control how much electric energy is converted to force.	控制多少电能转化为力的油门输入	ok
def_multibody_compact_pivot_b_name	机械与传动	多体物理	name	Compact Pivot	compact_pivot_b	ok
def_multibody_compact_pivot_b_desc	机械与传动	多体物理	desc			ok
def_multibody_compact_pivot_b_s_desc	机械与传动	多体物理	s_desc			ok
def_multibody_compact_pivot_robotic_a_name	机械与传动	多体物理	name	Compact Robotic Pivot	机械枢轴(紧凑型)	ok
def_multibody_compact_pivot_robotic_a_desc	机械与传动	多体物理	desc	The pivot has a range of motion of 0.25 turns in both directions. A standard input value sets the target orientation within the pivot's range of motion. The pivot's speed can be configured by selecting it with the select tool.	枢轴在两个方向上的运动范围为0.25圈。标准输入值设置轴运动范围内的目标方向。轴的测量旋转可以从其输出中读取。轴的速度可以通过使用选择工具选择来配置	ok
def_multibody_compact_pivot_robotic_a_s_desc	机械与传动	多体物理	s_desc	A small robotic pivot that will orientate towards the input value within its range of motion.	在其运动范围内朝向输入值的机器枢轴	ok
def_multibody_compact_pivot_robotic_a_node_0_label	机械与传动	多体物理	label	Rotation Target	目标圈数	ok
def_multibody_compact_pivot_robotic_a_node_0_desc	机械与传动	多体物理	node_desc	The standard value setting the orientation within the range of motion.	输入运动范围内的目标圈数	ok
def_multibody_compact_pivot_robotic_a_node_1_label	机械与传动	多体物理	label	Electric	电	ok
def_multibody_compact_pivot_robotic_a_node_1_desc	机械与传动	多体物理	node_desc	Electrical power connection.	电源连接	ok
def_multibody_compact_pivot_torque_a_name	机械与传动	多体物理	name	Compact Pivot (Power)	机械枢轴(紧凑 动力型)	ok
def_multibody_compact_pivot_torque_a_desc	机械与传动	多体物理	desc			ok
def_multibody_compact_pivot_torque_a_s_desc	机械与传动	多体物理	s_desc	A small pivot that can rotate freely about its axis.	围绕中心轴自由旋转的小型枢轴	ok
def_multibody_compact_pivot_torque_a_node_0_label	机械与传动	多体物理	label	RPS	RPS	ok
def_multibody_compact_pivot_torque_a_node_0_desc	机械与传动	多体物理	node_desc	Power connection for transfering mechanical energy.	可传递动力的紧凑型枢轴	ok
def_multibody_compact_pivot_torque_b_name	机械与传动	多体物理	name	Compact Pivot (Power)		todo
def_multibody_compact_pivot_torque_b_node_0_label	机械与传动	多体物理	label	RPS		todo
def_multibody_compact_pivot_torque_b_node_0_desc	机械与传动	多体物理	node_desc	Power connection for transfering mechanical energy.	可传递动力的紧凑型枢轴	ok
def_multibody_compact_pivot_velocity_a_name	机械与传动	多体物理	name	Compact Velocity Pivot	速度轴(紧凑型)	ok
def_multibody_compact_pivot_velocity_a_desc	机械与传动	多体物理	desc	Inputting a value of 0 will cause it to stop.	输入0将导致其停止	ok
def_multibody_compact_pivot_velocity_a_s_desc	机械与传动	多体物理	s_desc	A small pivot that will continuously rotate at a set input speed.	以输入的速度持续旋转的小枢轴	ok
def_multibody_compact_pivot_velocity_a_node_0_label	机械与传动	多体物理	label	Rotational Speed	转速	ok
def_multibody_compact_pivot_velocity_a_node_0_desc	机械与传动	多体物理	node_desc	The speed at which the pivot should rotate.	枢轴旋转的速度	ok
def_multibody_compact_pivot_velocity_a_node_1_label	机械与传动	多体物理	label	Electric	电	ok
def_multibody_compact_pivot_velocity_a_node_1_desc	机械与传动	多体物理	node_desc	Electrical power connection.	电源连接	ok
def_multibody_door_hinge_a_name	机械与传动	多体物理	name	Robotic Door Hinge	自定义门-铰链[主]	ok
def_multibody_door_hinge_a_desc	机械与传动	多体物理	desc	The hinge has a range of motion of 0.25 in each direction. A standard input value sets the target orientation within the pivot's range of motion. The measured rotation of the hinge can be read from its output. The hinge's speed can be configured by selecting it with the select tool.	铰链在一个方向上的运动范围为0.25圈。标准输入值设置轴运动范围内的目标方向。铰链的旋转测量值可以从其输出中读取。铰链的速度可以通过选择工具进行配置	ok
def_multibody_door_hinge_a_s_desc	机械与传动	多体物理	s_desc	A powered robotic hinge for custom sealable doors.	用于定制可密封门的电动机械铰链	ok
def_multibody_door_hinge_a_node_0_label	机械与传动	多体物理	label	Rotation Target	目标圈数	ok
def_multibody_door_hinge_a_node_0_desc	机械与传动	多体物理	node_desc	The standard value setting the orientation within the range of motion.	输入运动范围内的目标圈数	ok
def_multibody_door_hinge_a_node_1_label	机械与传动	多体物理	label	Current Rotation	当前圈数	ok
def_multibody_door_hinge_a_node_1_desc	机械与传动	多体物理	node_desc	The hinge's measured rotation between -0.25 and 0.25.	铰链在-0.25到0.25之间的旋转测量值	ok
def_multibody_door_hinge_a_node_2_label	机械与传动	多体物理	label	Electric	电	ok
def_multibody_door_hinge_a_node_2_desc	机械与传动	多体物理	node_desc	Electrical power connection.	电源连接	ok
def_multibody_door_hinge_b_name	机械与传动	多体物理	name	Robotic Door Hinge	自定义门-铰链[从]	ok
def_multibody_door_hinge_b_desc	机械与传动	多体物理	desc			ok
def_multibody_door_hinge_b_s_desc	机械与传动	多体物理	s_desc			ok
def_multibody_piston_suspension_a_name	机械与传动	多体物理	name	Piston Suspension	活塞悬挂	ok
def_multibody_piston_suspension_a_desc	机械与传动	多体物理	desc	A dampened hydraulic sprung piston.	液压阻尼弹簧活塞	ok
def_multibody_piston_suspension_a_s_desc	机械与传动	多体物理	s_desc	A shock absorber that can be used to improve handling of land-based vehicles.	可用于改善陆基车辆操控性的减震器	ok
def_multibody_piston_suspension_b_name	机械与传动	多体物理	name	Piston Suspension	活塞悬挂B	ok
def_multibody_piston_suspension_b_desc	机械与传动	多体物理	desc			ok
def_multibody_piston_suspension_b_s_desc	机械与传动	多体物理	s_desc			ok
def_multibody_pivot_a_name	机械与传动	多体物理	name	Pivot	枢轴	ok
def_multibody_pivot_a_desc	机械与传动	多体物理	desc	The pivot can rotate to 0.25 turns in both directions.	枢轴可以在两个方向上旋转0.25圈	ok
def_multibody_pivot_a_s_desc	机械与传动	多体物理	s_desc	A basic pivot that can move freely.	可以自由移动的基本支点	ok
def_multibody_pivot_b_name	机械与传动	多体物理	name	Pivot	枢轴	ok
def_multibody_pivot_b_desc	机械与传动	多体物理	desc			ok
def_multibody_pivot_b_s_desc	机械与传动	多体物理	s_desc			ok
def_multibody_pivot_torque_a_name	机械与传动	多体物理	name	Pivot (Power)		todo
def_multibody_pivot_torque_a_desc	机械与传动	多体物理	desc	The pivot can rotate to 0.25 turns in both directions.		todo
def_multibody_pivot_torque_a_s_desc	机械与传动	多体物理	s_desc	A basic pivot that can move freely.		todo
def_multibody_pivot_torque_a_node_0_label	机械与传动	多体物理	label	RPS		todo
def_multibody_pivot_torque_a_node_0_desc	机械与传动	多体物理	node_desc	Power connection for transfering mechanical energy.		todo
def_multibody_pivot_torque_b_name	机械与传动	多体物理	name	Pivot (Power)		todo
def_multibody_pivot_torque_b_desc	机械与传动	多体物理	desc			ok
def_multibody_pivot_torque_b_s_desc	机械与传动	多体物理	s_desc			ok
def_multibody_pivot_torque_b_node_0_label	机械与传动	多体物理	label	RPS		todo
def_multibody_pivot_torque_b_node_0_desc	机械与传动	多体物理	node_desc	Power connection for transfering mechanical energy.		todo
def_multibody_robotic_hinge_01_a_name	机械与传动	多体物理	name	Robotic Hinge	机械铰链[主]	ok
def_multibody_robotic_hinge_01_a_desc	机械与传动	多体物理	desc	The hinge has a range of motion of 0.25 turns in both directions. A standard input value sets the target orientation within the pivot's range of motion. The measured rotation of the hinge can be read from its output. The hinge's speed can be configured by selecting it with the select tool.	铰链在两个方向上的运动范围为0.25圈。标准输入值设置轴运动范围内的目标方向。铰链的旋转测量值可以从其输出中读取。铰链的速度可以通过选择工具进行配置	ok
def_multibody_robotic_hinge_01_a_s_desc	机械与传动	多体物理	s_desc	A powered robotic hinge that will orientate towards the input value within its range of motion.	有动力的机械铰链，它将朝向其运动范围内的输入值	ok
def_multibody_robotic_hinge_01_a_node_0_label	机械与传动	多体物理	label	Rotation Target	目标圈数	ok
def_multibody_robotic_hinge_01_a_node_0_desc	机械与传动	多体物理	node_desc	The standard value setting the orientation within the range of motion.	输入运动范围内的目标圈数	ok
def_multibody_robotic_hinge_01_a_node_1_label	机械与传动	多体物理	label	Current Rotation	当前圈数	ok
def_multibody_robotic_hinge_01_a_node_1_desc	机械与传动	多体物理	node_desc	The hinge's measured rotation between -0.25 and 0.25.	铰链在0到0.25之间的旋转测量值	ok
def_multibody_robotic_hinge_01_a_node_2_label	机械与传动	多体物理	label	Electric	电	ok
def_multibody_robotic_hinge_01_a_node_2_desc	机械与传动	多体物理	node_desc	Electrical power connection.	电源连接	ok
def_multibody_robotic_hinge_01_a_node_3_label	机械与传动	多体物理	label	RPS	RPS	ok
def_multibody_robotic_hinge_01_a_node_3_desc	机械与传动	多体物理	node_desc	Power connection for transfering mechanical energy.	用于传输机械能的连接	ok
def_multibody_robotic_hinge_01_a_node_4_label	机械与传动	多体物理	label	Fluid	流体	ok
def_multibody_robotic_hinge_01_a_node_4_desc	机械与传动	多体物理	node_desc	Fluid connection for transfering fluid.	用于输送流体的流体接头	ok
def_multibody_robotic_hinge_01_b_name	机械与传动	多体物理	name	Robotic Hinge	机械铰链[从]	ok
def_multibody_robotic_hinge_01_b_desc	机械与传动	多体物理	desc			ok
def_multibody_robotic_hinge_01_b_s_desc	机械与传动	多体物理	s_desc			ok
def_multibody_robotic_hinge_01_b_node_0_label	机械与传动	多体物理	label	RPS	RPS	ok
def_multibody_robotic_hinge_01_b_node_0_desc	机械与传动	多体物理	node_desc	Power connection for transfering mechanical energy.	用于传输机械能的连接	ok
def_multibody_robotic_hinge_01_b_node_1_label	机械与传动	多体物理	label	Fluid	流体	ok
def_multibody_robotic_hinge_01_b_node_1_desc	机械与传动	多体物理	node_desc	Fluid connection for transfering fluid.	用于输送流体的流体接头	ok
def_multibody_robotic_pivot_01_a_name	机械与传动	多体物理	name	Robotic Pivot (Power)	机械枢轴(动力)	ok
def_multibody_robotic_pivot_01_a_desc	机械与传动	多体物理	desc	The pivot has a range of motion of 0.25 turns in both directions. A standard input value sets the target orientation within the pivot's range of motion. The measured rotation of the pivot can be read from its output. The pivot's speed can be configured by selecting it with the select tool.	枢轴在两个方向上的运动范围为0.25圈。标准输入值设置轴运动范围内的目标方向。铰链的旋转测量值可以从其输出中读取。铰链的速度可以通过选择工具进行配置	ok
def_multibody_robotic_pivot_01_a_s_desc	机械与传动	多体物理	s_desc	A robotic pivot that will orientate towards the input value within its range of motion.	在其运动范围内朝向输入值的机器枢轴	ok
def_multibody_robotic_pivot_01_a_node_0_label	机械与传动	多体物理	label	Rotation Target	目标圈数	ok
def_multibody_robotic_pivot_01_a_node_0_desc	机械与传动	多体物理	node_desc	The standard value setting the orientation within the range of motion.	输入运动范围内的目标圈数	ok
def_multibody_robotic_pivot_01_a_node_1_label	机械与传动	多体物理	label	Current Rotation	当前圈数	ok
def_multibody_robotic_pivot_01_a_node_1_desc	机械与传动	多体物理	node_desc	The pivot's measured rotation between -0.25 and 0.25.	枢轴在-0.25到0.25之间测量	ok
def_multibody_robotic_pivot_01_a_node_2_label	机械与传动	多体物理	label	Electric	电	ok
def_multibody_robotic_pivot_01_a_node_2_desc	机械与传动	多体物理	node_desc	Electrical power connection.	电源连接	ok
def_multibody_robotic_pivot_01_a_node_3_label	机械与传动	多体物理	label	RPS	RPS	ok
def_multibody_robotic_pivot_01_a_node_3_desc	机械与传动	多体物理	node_desc	Power connection for transfering mechanical energy.	用于传输机械能的连接	ok
def_multibody_robotic_pivot_01_a_fluid_name	机械与传动	多体物理	name	Robotic Pivot (Fluid)	机械枢轴(流体)	ok
def_multibody_robotic_pivot_01_a_fluid_desc	机械与传动	多体物理	desc	The pivot has a range of motion of 0.25 turns in both directions. A standard input value sets the target orientation within the pivot's range of motion. The measured rotation of the pivot can be read from its output. The pivot's speed can be configured by selecting it with the select tool.	枢轴在两个方向上的运动范围为0.25圈。标准输入值设置轴运动范围内的目标方向。轴的测量旋转可以从其输出中读取。轴的速度可以通过使用选择工具选择来配置	ok
def_multibody_robotic_pivot_01_a_fluid_s_desc	机械与传动	多体物理	s_desc	A robotic pivot that will orientate towards the input value within its range of motion.	在其运动范围内朝向输入值的机器枢轴	ok
def_multibody_robotic_pivot_01_a_fluid_node_0_label	机械与传动	多体物理	label	Rotation Target	目标圈数	ok
def_multibody_robotic_pivot_01_a_fluid_node_0_desc	机械与传动	多体物理	node_desc	The standard value setting the orientation within the range of motion.	输入运动范围内的目标圈数	ok
def_multibody_robotic_pivot_01_a_fluid_node_1_label	机械与传动	多体物理	label	Current Rotation	当前圈数	ok
def_multibody_robotic_pivot_01_a_fluid_node_1_desc	机械与传动	多体物理	node_desc	The pivot's measured rotation between -0.25 and 0.25.	枢轴在-0.25到0.25之间测量	ok
def_multibody_robotic_pivot_01_a_fluid_node_2_label	机械与传动	多体物理	label	Electric	电	ok
def_multibody_robotic_pivot_01_a_fluid_node_2_desc	机械与传动	多体物理	node_desc	Electrical power connection.	电源连接	ok
def_multibody_robotic_pivot_01_a_fluid_node_3_label	机械与传动	多体物理	label	Fluid	流体	ok
def_multibody_robotic_pivot_01_a_fluid_node_3_desc	机械与传动	多体物理	node_desc	Fluid connection for transfering fluids.	用于输送液体的流体连接	ok
def_multibody_robotic_pivot_01_b_name	机械与传动	多体物理	name	Robotic Pivot	机械枢轴b	ok
def_multibody_robotic_pivot_01_b_desc	机械与传动	多体物理	desc			ok
def_multibody_robotic_pivot_01_b_s_desc	机械与传动	多体物理	s_desc			ok
def_multibody_robotic_pivot_01_b_node_0_label	机械与传动	多体物理	label	RPS	RPS	ok
def_multibody_robotic_pivot_01_b_node_0_desc	机械与传动	多体物理	node_desc	Power connection for transfering mechanical energy.	用于传输机械能的连接	ok
def_multibody_robotic_pivot_01_b_fluid_name	机械与传动	多体物理	name	Robotic Pivot	机械枢轴b	ok
def_multibody_robotic_pivot_01_b_fluid_desc	机械与传动	多体物理	desc			ok
def_multibody_robotic_pivot_01_b_fluid_s_desc	机械与传动	多体物理	s_desc			ok
def_multibody_robotic_pivot_01_b_fluid_node_0_label	机械与传动	多体物理	label	Fluid	流体	ok
def_multibody_robotic_pivot_01_b_fluid_node_0_desc	机械与传动	多体物理	node_desc	Fluid connection for transfering fluids.	用于输送液体的流体连接	ok
def_multibody_suspension_a_name	机械与传动	多体物理	name	Suspension	悬挂	ok
def_multibody_suspension_a_desc	机械与传动	多体物理	desc	Power can be passed through the suspension, allowing you to attach and control a wheel at the end.	动力可以通过悬架传递，使您能够连接并控制末端的车轮	ok
def_multibody_suspension_a_s_desc	机械与传动	多体物理	s_desc	A shock absorber that can be used to improve handling of land-based vehicles.	可用于改善陆基车辆操控性的减震器	ok
def_multibody_suspension_a_node_0_label	机械与传动	多体物理	label	RPS	RPS	ok
def_multibody_suspension_a_node_0_desc	机械与传动	多体物理	node_desc	Power connection for transfering mechanical energy.	用于传输机械能的连接	ok
def_multibody_suspension_b_name	机械与传动	多体物理	name	Suspension	多体悬挂B	ok
def_multibody_suspension_b_desc	机械与传动	多体物理	desc			ok
def_multibody_suspension_b_s_desc	机械与传动	多体物理	s_desc			ok
def_multibody_suspension_b_node_0_label	机械与传动	多体物理	label	RPS	RPS	ok
def_multibody_suspension_b_node_0_desc	机械与传动	多体物理	node_desc	Power connection for transfering mechanical energy.	用于传输机械能的连接	ok
def_multibody_turret_large_a_name	机械与传动	多体物理	name	Turret Ring (Large)	炮塔座圈(大)	ok
def_multibody_turret_large_a_desc	机械与传动	多体物理	desc	A turret ring rotates in the same way as a velocity pivot. The gap inside the turret ring creates a door seal, and can be used to extend a sealed volume through the turret ring.	炮塔座圈的旋转方式与速度枢轴相同。炮塔内部的间隙形成门密封，并可用于通过炮塔扩展密封体积	ok
def_multibody_turret_large_a_s_desc	机械与传动	多体物理	s_desc	A large turret ring that can rotate continuously.	可以连续旋转的大型炮塔座圈	ok
def_multibody_turret_large_a_node_0_label	机械与传动	多体物理	label	Rotational Speed	转速	ok
def_multibody_turret_large_a_node_0_desc	机械与传动	多体物理	node_desc	The speed at which the turret should rotate.	炮塔旋转的速度	ok
def_multibody_turret_large_a_node_1_label	机械与传动	多体物理	label	Current Rotation	当前圈数	ok
def_multibody_turret_large_a_node_1_desc	机械与传动	多体物理	node_desc	The turrets measured rotation expressed in fractions of full turns.	炮塔测量的旋转以整圈的分数表示	ok
def_multibody_turret_large_a_node_2_label	机械与传动	多体物理	label	Electric	电	ok
def_multibody_turret_large_a_node_2_desc	机械与传动	多体物理	node_desc	Electrical power connection.	电源连接	ok
def_multibody_turret_large_b_name	机械与传动	多体物理	name	Turret Ring (Large)	炮塔座圈(大)b	ok
def_multibody_turret_large_b_desc	机械与传动	多体物理	desc			ok
def_multibody_turret_large_b_s_desc	机械与传动	多体物理	s_desc			ok
def_multibody_turret_medium_a_name	机械与传动	多体物理	name	Turret Ring (Medium)	炮塔座圈(中)	ok
def_multibody_turret_medium_a_desc	机械与传动	多体物理	desc	A turret ring rotates in the same way as a velocity pivot. The gap inside the turret ring creates a door seal, and can be used to extend a sealed volume through the turret ring.	炮塔座圈的旋转方式与速度枢轴相同。炮塔内部的间隙形成门密封，并可用于通过炮塔扩展密封体积	ok
def_multibody_turret_medium_a_s_desc	机械与传动	多体物理	s_desc	A medium turret ring that can rotate continuously.	可连续旋转的中型炮塔座圈	ok
def_multibody_turret_medium_a_node_0_label	机械与传动	多体物理	label	Rotational Speed	转速	ok
def_multibody_turret_medium_a_node_0_desc	机械与传动	多体物理	node_desc	The speed at which the turret should rotate.	炮塔旋转的速度	ok
def_multibody_turret_medium_a_node_1_label	机械与传动	多体物理	label	Current Rotation	当前圈数	ok
def_multibody_turret_medium_a_node_1_desc	机械与传动	多体物理	node_desc	The turrets measured rotation expressed in fractions of full turns.	炮塔测量的旋转以整圈的分数表示	ok
def_multibody_turret_medium_a_node_2_label	机械与传动	多体物理	label	Electric	电	ok
def_multibody_turret_medium_a_node_2_desc	机械与传动	多体物理	node_desc	Electrical power connection.	电源连接	ok
def_multibody_turret_medium_b_name	机械与传动	多体物理	name	Turret Ring (Medium)	炮塔座圈(中)b	ok
def_multibody_turret_medium_b_desc	机械与传动	多体物理	desc			ok
def_multibody_turret_medium_b_s_desc	机械与传动	多体物理	s_desc			ok
def_multibody_turret_small_a_name	机械与传动	多体物理	name	Turret Ring (Small)	炮塔座圈(小)	ok
def_multibody_turret_small_a_desc	机械与传动	多体物理	desc	A turret ring rotates in the same way as a velocity pivot. The gap inside the turret ring creates a door seal, and can be used to extend a sealed volume through the turret ring.	炮塔座圈的旋转方式与速度枢轴相同。炮塔内部的间隙形成门密封，并可用于通过炮塔扩展密封体积	ok
def_multibody_turret_small_a_s_desc	机械与传动	多体物理	s_desc	A small turret ring that can rotate continuously.	可以连续旋转的小炮塔座圈	ok
def_multibody_turret_small_a_node_0_label	机械与传动	多体物理	label	Rotational Speed	转速	ok
def_multibody_turret_small_a_node_0_desc	机械与传动	多体物理	node_desc	The speed at which the turret should rotate.	炮塔旋转的速度	ok
def_multibody_turret_small_a_node_1_label	机械与传动	多体物理	label	Current Rotation	当前圈数	ok
def_multibody_turret_small_a_node_1_desc	机械与传动	多体物理	node_desc	The turrets measured rotation expressed in fractions of full turns.	炮塔测量的旋转以整圈的分数表示	ok
def_multibody_turret_small_a_node_2_label	机械与传动	多体物理	label	Electric	电	ok
def_multibody_turret_small_a_node_2_desc	机械与传动	多体物理	node_desc	Electrical power connection.	电源连接	ok
def_multibody_turret_small_b_name	机械与传动	多体物理	name	Turret Ring (Small)	炮塔座圈(小)b	ok
def_multibody_turret_small_b_desc	机械与传动	多体物理	desc			ok
def_multibody_turret_small_b_s_desc	机械与传动	多体物理	s_desc			ok
def_multibody_velocity_pivot_01_a_fluid_name	机械与传动	多体物理	name	Velocity Pivot (Fluid)	速度轴(流体)	ok
def_multibody_velocity_pivot_01_a_fluid_desc	机械与传动	多体物理	desc	Inputting a value of 0 will cause it to stop. The pivot's current rotation can be read from its output. An output of 1 corresponds to one full turn, and -1 to a full turn in the opposite direction.	输入值0将导致它停止。可以从输出中读取轴的当前旋转。1的输出对应于一整圈，而-1对应于相反方向的整圈	ok
def_multibody_velocity_pivot_01_a_fluid_s_desc	机械与传动	多体物理	s_desc	A pivot that will continuously rotate at a set input speed.	以设定的输入速度连续旋转的轴	ok
def_multibody_velocity_pivot_01_a_fluid_node_0_label	机械与传动	多体物理	label	Rotational Speed	转速	ok
def_multibody_velocity_pivot_01_a_fluid_node_0_desc	机械与传动	多体物理	node_desc	The speed at which the pivot should rotate.		todo
def_multibody_velocity_pivot_01_a_fluid_node_1_label	机械与传动	多体物理	label	Current Rotation	当前圈数	ok
def_multibody_velocity_pivot_01_a_fluid_node_1_desc	机械与传动	多体物理	node_desc	The pivot's measured rotation expressed in fractions of full turns.	枢轴的测量旋转以整圈的分数表示	ok
def_multibody_velocity_pivot_01_a_fluid_node_2_label	机械与传动	多体物理	label	Electric	电	ok
def_multibody_velocity_pivot_01_a_fluid_node_2_desc	机械与传动	多体物理	node_desc	Electrical power connection.	电源连接	ok
def_multibody_velocity_pivot_01_a_fluid_node_3_label	机械与传动	多体物理	label	Fluid	流体	ok
def_multibody_velocity_pivot_01_a_fluid_node_3_desc	机械与传动	多体物理	node_desc	Fluid connection for transfering fluids.	用于输送液体的流体连接	ok
def_multibody_velocity_pivot_01_a_torque_name	机械与传动	多体物理	name	Velocity Pivot (Power)	速度轴(动力)	ok
def_multibody_velocity_pivot_01_a_torque_desc	机械与传动	多体物理	desc	Inputting a value of 0 will cause it to stop. The pivot's current rotation can be read from its output. An output of 1 corresponds to one full turn, and -1 to a full turn in the opposite direction.	输入值0将导致它停止。可以从输出中读取轴的当前旋转。1的输出对应于一整圈，而-1对应于相反方向的整圈	ok
def_multibody_velocity_pivot_01_a_torque_s_desc	机械与传动	多体物理	s_desc	A pivot that will continuously rotate at a set input speed.	以设定的输入速度连续旋转的轴	ok
def_multibody_velocity_pivot_01_a_torque_node_0_label	机械与传动	多体物理	label	Rotational Speed	转速	ok
def_multibody_velocity_pivot_01_a_torque_node_0_desc	机械与传动	多体物理	node_desc	The speed at which the pivot should rotate.		todo
def_multibody_velocity_pivot_01_a_torque_node_1_label	机械与传动	多体物理	label	Current Rotation	当前圈数	ok
def_multibody_velocity_pivot_01_a_torque_node_1_desc	机械与传动	多体物理	node_desc	The pivot's measured rotation expressed in fractions of full turns.	枢轴的测量旋转以整圈的分数表示	ok
def_multibody_velocity_pivot_01_a_torque_node_2_label	机械与传动	多体物理	label	Electric	电	ok
def_multibody_velocity_pivot_01_a_torque_node_2_desc	机械与传动	多体物理	node_desc	Electrical power connection.	电源连接	ok
def_multibody_velocity_pivot_01_a_torque_node_3_label	机械与传动	多体物理	label	RPS	RPS	ok
def_multibody_velocity_pivot_01_a_torque_node_3_desc	机械与传动	多体物理	node_desc	Power connection for transfering mechanical energy.	用于传输机械能的连接	ok
def_multibody_velocity_pivot_01_b_fluid_name	机械与传动	多体物理	name	Velocity Pivot	速度轴	ok
def_multibody_velocity_pivot_01_b_fluid_desc	机械与传动	多体物理	desc			ok
def_multibody_velocity_pivot_01_b_fluid_s_desc	机械与传动	多体物理	s_desc			ok
def_multibody_velocity_pivot_01_b_fluid_node_0_label	机械与传动	多体物理	label	Fluid	流体	ok
def_multibody_velocity_pivot_01_b_fluid_node_0_desc	机械与传动	多体物理	node_desc	Fluid connection for transfering fluids.	用于输送液体的流体连接	ok
def_multibody_velocity_pivot_01_b_torque_name	机械与传动	多体物理	name	Velocity Pivot	速度轴	ok
def_multibody_velocity_pivot_01_b_torque_desc	机械与传动	多体物理	desc			ok
def_multibody_velocity_pivot_01_b_torque_s_desc	机械与传动	多体物理	s_desc			ok
def_multibody_velocity_pivot_01_b_torque_node_0_label	机械与传动	多体物理	label	RPS	RPS	ok
def_multibody_velocity_pivot_01_b_torque_node_0_desc	机械与传动	多体物理	node_desc	Power connection for transfering mechanical energy.	用于传输机械能的连接	ok
def_multibody_velocity_pivot_a_name	机械与传动	多体物理	name	Velocity Pivot	速度轴	ok
def_multibody_velocity_pivot_a_desc	机械与传动	多体物理	desc	Inputting a value of 0 will cause it to stop. The pivot's current rotation can be read from its output. An output of 1 corresponds to one full turn, and -1 to a full turn in the opposite direction.	输入值0将导致它停止。可以从输出中读取轴的当前旋转。1的输出对应于一整圈，而-1对应于相反方向的整圈	ok
def_multibody_velocity_pivot_a_s_desc	机械与传动	多体物理	s_desc	A pivot that will continuously rotate at a set input speed.	以设定的输入速度连续旋转的轴	ok
def_multibody_velocity_pivot_a_node_0_label	机械与传动	多体物理	label	Rotational Speed	转速	ok
def_multibody_velocity_pivot_a_node_0_desc	机械与传动	多体物理	node_desc	The speed at which the pivot should rotate.	枢轴旋转的速度	ok
def_multibody_velocity_pivot_a_node_1_label	机械与传动	多体物理	label	Current Rotation	当前圈数	ok
def_multibody_velocity_pivot_a_node_1_desc	机械与传动	多体物理	node_desc	The pivot's measured rotation expressed in fractions of full turns.	枢轴的测量旋转以整圈的分数表示	ok
def_multibody_velocity_pivot_a_node_2_label	机械与传动	多体物理	label	Electric	电	ok
def_multibody_velocity_pivot_a_node_2_desc	机械与传动	多体物理	node_desc	Electrical power connection.	电源连接	ok
def_multibody_velocity_pivot_b_name	机械与传动	多体物理	name	Robotic Pivot	机械枢轴b	ok
def_multibody_velocity_pivot_b_desc	机械与传动	多体物理	desc			ok
def_multibody_velocity_pivot_b_s_desc	机械与传动	多体物理	s_desc			ok
def_no_sleep_name	逻辑与电路	保活/占位	name	Keep Active Block	载具保活块	ok
def_no_sleep_desc	逻辑与电路	保活/占位	desc	When on a vehicle, the vehicle will not despawn when out of range.	放在载具上时，载具在超出视野范围后不会消失	ok
def_no_sleep_s_desc	逻辑与电路	保活/占位	s_desc	A keep alive marking block.	载具保活标记块	ok
def_oil_rig_drill_connector_name	流体系统	油	name	Oil Rig Drill Connector	钻杆连接器	ok
def_oil_rig_drill_connector_desc	流体系统	油	desc	It can connect drill rods together to lengthen them, or separate drill rods to shorten them.	可以将钻杆连接在一起以延长其长度,或将钻杆分开以缩短其长度	ok
def_oil_rig_drill_connector_s_desc	流体系统	油	s_desc	A clamp for moving drill rods into place.	用于将钻杆移至适当位置的夹具	ok
def_oil_rig_drill_connector_node_0_label	流体系统	油	label	Clamp Rod	钻杆夹持	ok
def_oil_rig_drill_connector_node_0_desc	流体系统	油	node_desc	Attach a drill rod to the clamp.	将钻杆固定在夹具上	ok
def_oil_rig_drill_connector_node_1_label	流体系统	油	label	Rod Clamped	夹具夹持	ok
def_oil_rig_drill_connector_node_1_desc	流体系统	油	node_desc	Returns true when a drill rod is attached.	当钻杆被夹持时返回true	ok
def_oil_rig_drill_connector_node_2_label	流体系统	油	label	Slider Velocity	滑动速度	ok
def_oil_rig_drill_connector_node_2_desc	流体系统	油	node_desc	Moves an attached drill rod up or down the clamp.	将夹持的钻杆向上或向下移动	ok
def_oil_rig_drill_connector_node_3_label	流体系统	油	label	Connect/Disconnect	连接/断开	ok
def_oil_rig_drill_connector_node_3_desc	流体系统	油	node_desc	Connects or disconnects a pair of drill rods when the ends are aligned at the connection point.	当两根钻杆对准连接点时,将一对钻杆连接或断开	ok
def_oil_rig_drill_connector_node_4_label	流体系统	油	label	Connector Aligned	钻杆对准状态	ok
def_oil_rig_drill_connector_node_4_desc	流体系统	油	node_desc	Returns true when the connection point aligns over the end of a pair of drill rods.	当一对钻杆对准连接点时,返回true	ok
def_oil_rig_drill_driver_name	流体系统	油	name	Oil Rig Rotary Table	钻机旋转台	ok
def_oil_rig_drill_driver_desc	流体系统	油	desc	Torque provided by an external motor rotates the table, which can rotate a drill rod placed through the center of the table.	由外部供能的旋转台,可以使转台中央的钻杆旋转	ok
def_oil_rig_drill_driver_s_desc	流体系统	油	s_desc	A rotary table for drilling in an oil rig.	带动钻杆的钻台	ok
def_oil_rig_drill_driver_node_0_label	流体系统	油	label	Clamp	夹持	ok
def_oil_rig_drill_driver_node_0_desc	流体系统	油	node_desc	Attach a drill rod to the table. This will transfer any rotation of the table to the attached drill rod.	控制钻台是否夹持钻杆以带动钻杆旋转	ok
def_oil_rig_drill_driver_node_1_label	流体系统	油	label	Torque	扭矩	ok
def_oil_rig_drill_driver_node_1_desc	流体系统	油	node_desc	Torque connection to power the rotation of the table.	为钻台提供动力的扭矩入口	ok
def_oil_rig_drill_driver_node_2_label	流体系统	油	label	RPS	RPS	ok
def_oil_rig_drill_driver_node_2_desc	流体系统	油	node_desc	The rotations per second of the table.	钻台的每秒旋转次数	ok
def_oil_rig_drill_grabber_name	流体系统	油	name	Oil Rig Drill Clamp	钻杆夹具	ok
def_oil_rig_drill_grabber_desc	流体系统	油	desc			ok
def_oil_rig_drill_grabber_s_desc	流体系统	油	s_desc	A clamp for moving drill rods into place.	用来抓取并移动钻杆的夹具	ok
def_oil_rig_drill_grabber_node_0_label	流体系统	油	label	Clamp Rod	夹持钻杆	ok
def_oil_rig_drill_grabber_node_0_desc	流体系统	油	node_desc	Attach a drill rod to the clamp.	将钻杆固定在夹具上	ok
def_oil_rig_drill_grabber_node_1_label	流体系统	油	label	Rod Clamped	夹具夹持	ok
def_oil_rig_drill_grabber_node_1_desc	流体系统	油	node_desc	Returns true when a drill rod is attached.	当钻杆被夹持时返回true	ok
def_oil_rig_drill_grabber_node_2_label	流体系统	油	label	Slider Velocity	滑动速度	ok
def_oil_rig_drill_grabber_node_2_desc	流体系统	油	node_desc	Slides an attached drill rod up or down the clamp.	将夹持的钻杆向上或向下移动	ok
def_oil_rig_drill_grabber_end_name	流体系统	油	name	Oil Rig Drill Clamp (End)	钻杆夹具(端头)	ok
def_oil_rig_drill_grabber_end_desc	流体系统	油	desc			ok
def_oil_rig_drill_grabber_end_s_desc	流体系统	油	s_desc	A clamp for moving drill rods into place.	用来抓取并移动钻杆的夹具	ok
def_oil_rig_drill_grabber_end_node_0_label	流体系统	油	label	Clamp Rod	夹持钻杆	ok
def_oil_rig_drill_grabber_end_node_0_desc	流体系统	油	node_desc	Attach a drill rod to the clamp.	将钻杆固定在夹具上	ok
def_oil_rig_drill_grabber_end_node_1_label	流体系统	油	label	Rod Clamped	夹具夹持	ok
def_oil_rig_drill_grabber_end_node_1_desc	流体系统	油	node_desc	Returns true when a drill rod is attached.	当钻杆被夹持时返回true	ok
def_oil_rig_drill_storage_name	流体系统	油	name	Oil Rig Rod Storage	钻杆存储器	ok
def_oil_rig_drill_storage_desc	流体系统	油	desc	Contains a single drill rod when spawned.	生成时包含一根钻杆	ok
def_oil_rig_drill_storage_s_desc	流体系统	油	s_desc	A storage rack for drill rods.	存放一根钻杆	ok
def_oil_rig_drill_storage_node_0_label	流体系统	油	label	Rod Stored	钻杆已储存	ok
def_oil_rig_drill_storage_node_0_desc	流体系统	油	node_desc	Returns true when a drill rod is stored in the component.	当钻杆被存储在组件中时返回true	ok
def_oil_rig_drill_swivel_name	流体系统	油	name	Oil Rig Drill Swivel	泥浆喷嘴	ok
def_oil_rig_drill_swivel_desc	流体系统	油	desc	The swivel connects to the end of a drill rod, and has fluid ports for drilling slurry and crude oil. Pumping a supply of drilling slurry through a drill rod is required for effective drilling.	泥浆喷嘴接到钻杆的末端,并有泥浆和原油的出入口.为了高效钻探,需要将泥浆泵入钻杆	ok
def_oil_rig_drill_swivel_s_desc	流体系统	油	s_desc	A swivel for transferring fluids through a drill rod.	用于通过钻杆输送流体的设备	ok
def_oil_rig_drill_swivel_node_0_label	流体系统	油	label	Clamp Rod	夹持钻杆	ok
def_oil_rig_drill_swivel_node_0_desc	流体系统	油	node_desc	Attach a drill rod to the swivel.	夹持钻杆以传输流体	ok
def_oil_rig_drill_swivel_node_1_label	流体系统	油	label	Rod Clamped	夹具夹持	ok
def_oil_rig_drill_swivel_node_1_desc	流体系统	油	node_desc	Returns true when a drill rod is attached.	当钻杆被夹持时返回true	ok
def_oil_rig_drill_swivel_node_2_label	流体系统	油	label	Fluid In	泥浆入口	ok
def_oil_rig_drill_swivel_node_2_desc	流体系统	油	node_desc	Fluid port to transfer drilling slurry through an attached rod linked to a well.	将泥浆泵入钻杆的入口	ok
def_oil_rig_drill_swivel_node_3_label	流体系统	油	label	Fluid Out	泥浆出口	ok
def_oil_rig_drill_swivel_node_3_desc	流体系统	油	node_desc	Fluid port to transfer drilling slurry from an attached rod linked to a well.	钻井串联时用到的泥浆出口	ok
def_oil_rig_pumpjack_name	流体系统	油	name	Oil Rig Pumpjack	抽油泵	ok
def_oil_rig_pumpjack_desc	流体系统	油	desc	Pulling the piston of the pumpjack with enough force will lift the piston, pulling fluid through the pump. A mechanical force capable of repeatedly cycling the piston is required to pump fluid effectively.	用足够的力量拉动泵架的活塞,就会抬起活塞，以拉动流体通过液泵.为了有效地泵送流体,需要一个能够反复循环活塞的机械力	ok
def_oil_rig_pumpjack_s_desc	流体系统	油	s_desc	A pumpjack for extracting crude oil from a drilled oil well.	用于从钻好的油井中抽取原油的抽油机	ok
def_oil_rig_pumpjack_node_0_label	流体系统	油	label	Fluid Out	原油出口	ok
def_oil_rig_pumpjack_node_0_desc	流体系统	油	node_desc			ok
def_oil_rig_pumpjack_b_name	流体系统	油	name	Oil Rig Pumpjack B	抽油泵B	ok
def_oil_rig_pumpjack_b_desc	流体系统	油	desc			ok
def_oil_rig_pumpjack_b_s_desc	流体系统	油	s_desc			ok
def_oil_rig_well_head_name	流体系统	油	name	Oil Rig Well Head	井口装置	ok
def_oil_rig_well_head_desc	流体系统	油	desc	Once anchored to the terrain, a drill rod can be inserted into a well head to begin drilling a well. In order to drill effectively a drill rod should be driven by a rotary table and forced downward toward the terrain. A continuous supply of drilling slurry must be provided through the drill rod via a swivel, and the saturated drilling slurry extracted from the well head fluid port.	一旦锚定在地形上,就可以将钻杆插入井口,开始钻井.为了有效地进行钻探,应通过钻机旋转台驱动钻杆,并使其向地面下移.必须通过钻机旋转台向钻杆持续供应钻井泥浆,并从井口流体出口抽取饱和泥浆	ok
def_oil_rig_well_head_s_desc	流体系统	油	s_desc	A well head for oil drilling.	井口装置	ok
def_oil_rig_well_head_node_0_label	流体系统	油	label	Anchor	锚定	ok
def_oil_rig_well_head_node_0_desc	流体系统	油	node_desc	Extend / retract piles to anchor the well head to the terrain, allowing for a new well to be drilled. The well head must be close to the terrain (~1m) and upright (+-30 degrees) to be anchored. Unanchoring the well will reset any drilling progress made.	延长/缩短地桩以将井口锚定在地形上.井口必须靠近地形(约1米)并直立(+-30度)才能被锚定.解除井的锚定将重置钻探的进展	ok
def_oil_rig_well_head_node_1_label	流体系统	油	label	Is Anchored	是否锚定	ok
def_oil_rig_well_head_node_1_desc	流体系统	油	node_desc	Returns true when the well head is anchored to the terrain.	当井口被锚定在地形上时返回true	ok
def_oil_rig_well_head_node_2_label	流体系统	油	label	Drill Depth	钻杆深度	ok
def_oil_rig_well_head_node_2_desc	流体系统	油	node_desc	Returns the depth of an attached drill rod in meters.	以米为单位的钻杆深度	ok
def_oil_rig_well_head_node_3_label	流体系统	油	label	Well Depth	井深	ok
def_oil_rig_well_head_node_3_desc	流体系统	油	node_desc	Returns the depth of the drilled well in meters.	以米为单位的井深	ok
def_parachute_name	载具与交通	降落伞	name	Vehicle Parachute	载具降落伞	ok
def_parachute_desc	载具与交通	降落伞	desc	The parachute will deploy when receiving an on signal, and will close when not. Once deployed, it will open at a speed of 20m/s and stall when it drops below 5m/s. Once opened, the single use will be consumed and it must be returned to a workbench to be refolded. The size of the parachute can be customised by selecting this component with the select tool.	降落伞将在收到打开信号时展开，否则将关闭。一旦展开，它将在20m/s的速度打开，当速度降至5m/s以下时停止。一旦打开，一次性使用将被消耗，必须返回工作台重新折叠。通过使用选择工具选择该组件，可以定制降落伞的尺寸	ok
def_parachute_s_desc	载具与交通	降落伞	s_desc	A single-use parachute that can be deployed to reduce a vehicle's velocity.	一次性的降落伞，可以用来降低载具的速度	ok
def_parachute_node_0_label	载具与交通	降落伞	label	Deploy	展开	ok
def_parachute_node_0_desc	载具与交通	降落伞	node_desc	Deploy the parachute. The parachute will close when it stalls or stops receiving an on signal.	展开降落伞。当降落伞失速或停止接收到打开信号时，降落伞将关闭	ok
def_passenger_seat_name	座椅与载人	乘客	name	Passenger Seat	乘客座椅	ok
def_passenger_seat_desc	座椅与载人	乘客	desc	You can get in and out of the seat by interacting with it using [$[action_use_seat]]. You can place a rescued survivor in any seat by using [$[action_use_seat]] while carrying them.	通过使用[$[action_use_seat]]与座椅交互，您可以进出座椅。您可以在携带获救幸存者时使用[$[action_use_seat]]将其放置在任何座椅上	ok
def_passenger_seat_s_desc	座椅与载人	乘客	s_desc	A basic passenger seat.	基本的乘客座位	ok
def_passenger_seat_node_0_label	座椅与载人	乘客	label	Occupied	被占用	ok
def_passenger_seat_node_0_desc	座椅与载人	乘客	node_desc	Outputs an on signal if this seat is occupied by a character.	如果该座位被角色占用，则输出接通信号	ok
def_physics_flooder_name	逻辑与电路	物理辅助	name	Physics Flooder	物理填充块	ok
def_physics_flooder_desc	逻辑与电路	物理辅助	desc	Floods an enclosed volume with massless physics, allowing for physics shape optimisation without comprimising vehicle integrity.	用零重量的方块填满密闭空间(不能用于有可动部件的房间)	ok
def_physics_flooder_s_desc	逻辑与电路	物理辅助	s_desc	A device that floods an enclosed volume with physics for optimisation.	可以在封闭的空间中注入用零重量的方块以进行优化的装置	ok
def_physics_sensor_name	逻辑与电路	物理辅助	name	Physics Sensor	多功能物理传感器	ok
def_physics_sensor_desc	逻辑与电路	物理辅助	desc	Outputs physics information to a composite logic node. Requires Electric for GPS position functionality. This component is directed along its local Y axis.	将检测到的物理信息以混合信号发送出。需要连接电力以使用GPS功能。方块的方向以他自身的Y轴（绿色箭头朝向）朝向为准。	ok
def_physics_sensor_s_desc	逻辑与电路	物理辅助	s_desc	Sensor component that outputs various physics measurements such as position and velocity.	检测例如位置以及速度等不同物理信息的传感器	ok
def_physics_sensor_node_0_label	逻辑与电路	物理辅助	label	Composite Output	复合输出	ok
def_physics_sensor_node_0_desc	逻辑与电路	物理辅助	node_desc	Outputs [1] x position, [2] y position, [3] z position, [4] euler rotation x, [5] euler rotation y, [6] euler rotation z, [7] linear velocity x, [8] linear velocity y, [9] linear velocity z, [10] angular velocity x, [11] angular velocity y, [12] angular velocity z, [13] absolute linear velocity, [14] absolute angular velocity, [15] local z tilt, [16] local x tilt and [17] compass heading (-0.5 to 0.5) to the respective composite channels.	输出\n1. x坐标\n2. y坐标\n3. z坐标\n4. x轴旋转量\n5. y轴旋转量\n6. z轴旋转量\n7. x轴速度\n8. y轴速度\n9. z轴速度\n10. x轴角速度\n11. y轴角速度\n12. z轴角速度\n13. 绝对速度\n14. 绝对角速度\n(箭头红色x轴、绿色y轴、蓝色z轴)\n15.Z轴倾斜\n16.X轴倾斜\n17.方向(-0.5~0.5)	ok
def_physics_sensor_node_1_label	逻辑与电路	物理辅助	label	Electric	电	ok
def_physics_sensor_node_1_desc	逻辑与电路	物理辅助	node_desc	Electrical power connection.	电源连接	ok
def_player_sensor_name	传感器与探测	玩家	name	Player Sensor	玩家传感器	ok
def_player_sensor_desc	传感器与探测	玩家	desc	If the sensor is facing into a sealed room, only players inside that room will be detected. Likewise, players inside sealed rooms will not be detected if the sensor is placed on the outside. The size of the area and types of players to detect can be changed by selecting this component with the select tool.	如果传感器正对着一个密封的房间，则只会检测到房间内的玩家。同样，如果传感器放在外面，密封房间内的玩家也不会被检测到。通过使用选择工具选择此组件，可以更改要检测的区域大小和玩家类型	ok
def_player_sensor_s_desc	传感器与探测	玩家	s_desc	A sensor that outputs the number of players detected within an area.	输出在一个区域内检测到的玩家数量的传感器	ok
def_player_sensor_node_0_label	传感器与探测	玩家	label	Number Detected	检测到的数量	ok
def_player_sensor_node_0_desc	传感器与探测	玩家	node_desc	The number of players detected by the sensor.	传感器检测到的玩家数量	ok
def_player_sensor_node_1_label	传感器与探测	玩家	label	Detected	检测到	ok
def_player_sensor_node_1_desc	传感器与探测	玩家	node_desc	Outputs an on signal if any players are detected.	如果检测到任何玩家，则输出开启信号	ok
def_pressure_sensor_name	传感器与探测	压力	name	Contact Sensor	压力传感器	ok
def_pressure_sensor_desc	传感器与探测	压力	desc	Setting the resistance property will tune the amount of contact required to depress the sensor. When depressed, an on signal will be produced.	设置阻值将调整按下传感器所需的接触量。按下时，将产生接通信号	ok
def_pressure_sensor_s_desc	传感器与探测	压力	s_desc	A sensor activated by contact pressure.	由接触压力激活的传感器	ok
def_pressure_sensor_node_0_label	传感器与探测	压力	label	Output	输出	ok
def_pressure_sensor_node_0_desc	传感器与探测	压力	node_desc	Outputs an on signal when the contact sensor is depressed.	按下压力传感器时，输出接通信号	ok
def_propeller_name	引擎与动力	螺旋桨	name	Small Propeller	船用螺旋桨(小)	ok
def_propeller_desc	引擎与动力	螺旋桨	desc	Power received from an engine affects the forward and backward force generated. This propeller will only operate underwater.	从发动机获得的动力会产生前进和后退的动力。该螺旋桨只能在水下工作	ok
def_propeller_s_desc	引擎与动力	螺旋桨	s_desc	A small boat propeller.	小型螺旋桨	ok
def_propeller_node_0_label	引擎与动力	螺旋桨	label	RPS	RPS	ok
def_propeller_node_0_desc	引擎与动力	螺旋桨	node_desc	Receives power generated by an engine.	接收发动机产生的动力	ok
def_propeller_pitch_name	引擎与动力	螺旋桨	name	Pitchable Propeller	变距螺旋桨(中)	ok
def_propeller_pitch_desc	引擎与动力	螺旋桨	desc	A standard number input controls the propeller's hub, allowing you to affect its pitch. Power received from an engine affects forward and backward force generated. This propeller will only operate underwater.	输入数字可控制螺旋桨的桨叶角,从发动机获得的动力会产生前进和后退的动力,该螺旋桨只能在水下工作	ok
def_propeller_pitch_s_desc	引擎与动力	螺旋桨	s_desc	A boat propeller with controllable pitch.	船用可变距螺旋桨	ok
def_propeller_pitch_node_0_label	引擎与动力	螺旋桨	label	RPS	RPS	ok
def_propeller_pitch_node_0_desc	引擎与动力	螺旋桨	node_desc	Receives power generated by an engine.	接收发动机产生的动力	ok
def_propeller_pitch_node_1_label	引擎与动力	螺旋桨	label	Pitch	桨距	ok
def_propeller_pitch_node_1_desc	引擎与动力	螺旋桨	node_desc	Standard value between -1 and 1 representing the desired pitch amount.	输入-1~1之间的数字以调桨距	ok
def_propeller_pitch_large_name	引擎与动力	螺旋桨	name	Large Pitchable Propeller	变距螺旋桨(大)	ok
def_propeller_pitch_large_desc	引擎与动力	螺旋桨	desc	A standard number input controls the propeller's hub, allowing you to affect its pitch. Power received from an engine affects forward and backward force generated. This propeller will only operate underwater.	输入数字可控制螺旋桨的桨叶角,从发动机获得的动力会产生前进和后退的动力,该螺旋桨只能在水下工作	ok
def_propeller_pitch_large_s_desc	引擎与动力	螺旋桨	s_desc	A large boat propeller with controllable pitch.	大型船用可变距螺旋桨	ok
def_propeller_pitch_large_node_0_label	引擎与动力	螺旋桨	label	RPS	RPS	ok
def_propeller_pitch_large_node_0_desc	引擎与动力	螺旋桨	node_desc	Receives power generated by an engine.	接收发动机产生的动力	ok
def_propeller_pitch_large_node_1_label	引擎与动力	螺旋桨	label	Pitch	桨距	ok
def_propeller_pitch_large_node_1_desc	引擎与动力	螺旋桨	node_desc	Standard value between -1 and 1 representing the desired pitch amount.	输入-1~1之间的数字以调桨距	ok
def_propeller_pitch_small_name	引擎与动力	螺旋桨	name	Small Pitchable Propeller	变距螺旋桨(小)	ok
def_propeller_pitch_small_desc	引擎与动力	螺旋桨	desc	A standard number input controls the propeller's hub, allowing you to affect its pitch. Power received from an engine affects forward and backward force generated. This propeller will only operate underwater.	输入数字可控制螺旋桨的桨叶角,从发动机获得的动力会产生前进和后退的动力,该螺旋桨只能在水下工作	ok
def_propeller_pitch_small_s_desc	引擎与动力	螺旋桨	s_desc	A small boat propeller with controllable pitch.	小型船用可变距螺旋桨	ok
def_propeller_pitch_small_node_0_label	引擎与动力	螺旋桨	label	RPS	RPS	ok
def_propeller_pitch_small_node_0_desc	引擎与动力	螺旋桨	node_desc	Receives power generated by an engine.	接收发动机产生的动力	ok
def_propeller_pitch_small_node_1_label	引擎与动力	螺旋桨	label	Pitch	桨距	ok
def_propeller_pitch_small_node_1_desc	引擎与动力	螺旋桨	node_desc	Standard value between -1 and 1 representing the desired pitch amount.	输入-1~1之间的数字以调桨距	ok
def_radar_name	传感器与探测	雷达	name	Radar	雷达	ok
def_radar_desc	传感器与探测	雷达	desc	This sensor outputs the distance and angle to a detected object within its range and field of view using radio waves. (Range : 5000) (Max FOV : 0.125)	该传感器将输出其范围和视野内的检测对象的距离和角度。(最大距离:5000)(最大视场:0.125)	ok
def_radar_s_desc	传感器与探测	雷达	s_desc	A short range Radar that returns information about a detected object within its view.	短程雷达，返回其视野内探测到的物体的信息	ok
def_radar_node_0_label	传感器与探测	雷达	label	FOV	视野角度	ok
def_radar_node_0_desc	传感器与探测	雷达	node_desc	The sensor's yaw field of view in turns from 0.01 to 0.125.	传感器的偏航视野从0.01到0.125依次变化	ok
def_radar_node_1_label	传感器与探测	雷达	label	Facing Yaw	面向偏航	ok
def_radar_node_1_desc	传感器与探测	雷达	node_desc	The sensor's yaw direction in turns from -0.5 to 0.5.	传感器的偏航方向从-0.5到0.5	ok
def_radar_node_2_label	传感器与探测	雷达	label	Target Distance	目标距离	ok
def_radar_node_2_desc	传感器与探测	雷达	node_desc	The distance to the target in meters.	到目标的距离(单位:米)	ok
def_radar_node_3_label	传感器与探测	雷达	label	Signal Strength	信号强度	ok
def_radar_node_3_desc	传感器与探测	雷达	node_desc	The strength of the returned signal.	返回信号的强度	ok
def_radar_node_4_label	传感器与探测	雷达	label	Elevation Angle	仰角	ok
def_radar_node_4_desc	传感器与探测	雷达	node_desc	The pitch angle between the sensor and the target in turns.	传感器和目标之间的俯仰角	ok
def_radar_node_5_label	传感器与探测	雷达	label	Target Found	发现目标	ok
def_radar_node_5_desc	传感器与探测	雷达	node_desc	Returns if an object has been detected.	如果检测到对象，则返回	ok
def_radar_node_6_label	传感器与探测	雷达	label	Electric	电	ok
def_radar_node_6_desc	传感器与探测	雷达	node_desc	Electrical power connection.	电源连接	ok
def_radar_advanced_name	传感器与探测	雷达	name	Radar (Basic)	雷达(基础)	ok
def_radar_advanced_desc	传感器与探测	雷达	desc	This sensor outputs the distance and relative angle to a detected object within its range and field of view using radio waves. Sensitivity is based on FOV, target size, and distance.	该传感器输出其范围和视野内的检测对象的距离和相对角度。灵敏度取决于视场、目标大小和距离	ok
def_radar_advanced_s_desc	传感器与探测	雷达	s_desc	A radar that returns information about a detected object within its view.	返回其视野内探测到的物体的信息	ok
def_radar_advanced_node_0_label	传感器与探测	雷达	label	Electric	电	ok
def_radar_advanced_node_0_desc	传感器与探测	雷达	node_desc	Electrical power connection.	电源连接	ok
def_radar_advanced_node_1_label	传感器与探测	雷达	label	Activate	激活	ok
def_radar_advanced_node_1_desc	传感器与探测	雷达	node_desc	Enable the Radar.	启动雷达	ok
def_radar_advanced_node_2_label	传感器与探测	雷达	label	Radar Data	雷达数据	ok
def_radar_advanced_node_2_desc	传感器与探测	雷达	node_desc	Outputs data for up to 8 targets. On/Off 1-8 : Target 1 Found, Target 2 Found, etc... Values 1-32 : Target 1 Distance, Target 1 Azimuth Angle, Target 1 Elevation Angle, Target 1 Time Since Detection, Target 2 Distance, Target 2 Azimuth Angle, Target 2 Elevation Angle, Target 2 Time Since Detection, etc...	输出多达8个目标的数据。(on/off1-8:找到目标)(值1-4:目标1(距离、方位角、仰角、检测后的时间))(值5-8:目标2)等。。	ok
def_radar_advanced_node_3_label	传感器与探测	雷达	label	Radar Rotation	雷达旋转	ok
def_radar_advanced_node_3_desc	传感器与探测	雷达	node_desc	Current radar rotation from forward in turns.	当前雷达从前方开始圈数	ok
def_radar_advanced_node_4_label	传感器与探测	雷达	label	Gimbal Input	方向输入	ok
def_radar_advanced_node_4_desc	传感器与探测	雷达	node_desc	Inputs rotation data for radar in manual mode. Value 1: The yaw angle of the radar measured in turns, Value 2: The pitch angle of the radar measured in turns from -0.125 to 0.125.	在手动模式下为雷达输入旋转数据.值1:以圈为单位测量的雷达偏航角;值2:以圈为单位测量的雷达俯仰角,从-0.125到0.125	ok
def_radar_advanced_awacs_name	传感器与探测	雷达	name	Radar (AWACS)	雷达(预警机)	ok
def_radar_advanced_awacs_desc	传感器与探测	雷达	desc	This sensor outputs the distance and relative angle to a detected object within its range and field of view using radio waves. Sensitivity is based on FOV, target size, and distance.	该传感器输出其范围和视野内的检测对象的距离和相对角度。灵敏度取决于视场、目标大小和距离	ok
def_radar_advanced_awacs_s_desc	传感器与探测	雷达	s_desc	A long range radar that returns information about a detected object within its view.	远程雷达，返回视野内探测到的物体的信息	ok
def_radar_advanced_awacs_node_0_label	传感器与探测	雷达	label	Electric	电	ok
def_radar_advanced_awacs_node_0_desc	传感器与探测	雷达	node_desc	Electrical power connection.	电源连接	ok
def_radar_advanced_awacs_node_1_label	传感器与探测	雷达	label	Activate	激活	ok
def_radar_advanced_awacs_node_1_desc	传感器与探测	雷达	node_desc	Enable the Radar.	启动雷达	ok
def_radar_advanced_awacs_node_2_label	传感器与探测	雷达	label	Radar Data	雷达数据	ok
def_radar_advanced_awacs_node_2_desc	传感器与探测	雷达	node_desc	Outputs data for up to 8 targets. On/Off 1-8 : Target 1 Found, Target 2 Found, etc... Values 1-32 : Target 1 Distance, Target 1 Azimuth Angle, Target 1 Elevation Angle, Target 1 Time Since Detection, Target 2 Distance, Target 2 Azimuth Angle, Target 2 Elevation Angle, Target 2 Time Since Detection, etc...	输出多达8个目标的数据。(on/off1-8:找到目标)(值1-4:目标1(距离、方位角、仰角、检测后的时间))(值5-8:目标2)等。。	ok
def_radar_advanced_awacs_node_3_label	传感器与探测	雷达	label	Radar Rotation	雷达旋转	ok
def_radar_advanced_awacs_node_3_desc	传感器与探测	雷达	node_desc	Current radar rotation from forward in turns.	当前雷达从前方开始圈数	ok
def_radar_advanced_awacs_node_4_label	传感器与探测	雷达	label	Gimbal Input	方向输入	ok
def_radar_advanced_awacs_node_4_desc	传感器与探测	雷达	node_desc	Inputs rotation data for radar in manual mode. Value 1: The yaw angle of the radar measured in turns, Value 2: The pitch angle of the radar measured in turns from -0.125 to 0.125.	在手动模式下为雷达输入旋转数据.值1:以圈为单位测量的雷达偏航角;值2:以圈为单位测量的雷达俯仰角,从-0.125到0.125	ok
def_radar_advanced_dish_name	传感器与探测	雷达	name	Radar (Dish)	雷达(抛物面天线)	ok
def_radar_advanced_dish_desc	传感器与探测	雷达	desc	This sensor outputs the distance and relative angle to a detected object within its range and field of view using radio waves. Sensitivity is based on FOV, target size, and distance.	该传感器输出其范围和视野内的检测对象的距离和相对角度。灵敏度取决于视场、目标大小和距离	ok
def_radar_advanced_dish_s_desc	传感器与探测	雷达	s_desc	A radar that returns information about a detected object within its view.	远程雷达，返回视野内探测到的物体的信息	ok
def_radar_advanced_dish_node_0_label	传感器与探测	雷达	label	Electric	电	ok
def_radar_advanced_dish_node_0_desc	传感器与探测	雷达	node_desc	Electrical power connection.	电源连接	ok
def_radar_advanced_dish_node_1_label	传感器与探测	雷达	label	Activate	激活	ok
def_radar_advanced_dish_node_1_desc	传感器与探测	雷达	node_desc	Enable the Radar.	启动雷达	ok
def_radar_advanced_dish_node_2_label	传感器与探测	雷达	label	Radar Data	雷达数据	ok
def_radar_advanced_dish_node_2_desc	传感器与探测	雷达	node_desc	Outputs data for up to 8 targets. On/Off 1-8 : Target 1 Found, Target 2 Found, etc... Values 1-32 : Target 1 Distance, Target 1 Azimuth Angle, Target 1 Elevation Angle, Target 1 Time Since Detection, Target 2 Distance, Target 2 Azimuth Angle, Target 2 Elevation Angle, Target 2 Time Since Detection, etc...	输出多达8个目标的数据。(on/off1-8:找到目标)(值1-4:目标1(距离、方位角、仰角、检测后的时间))(值5-8:目标2)等。。	ok
def_radar_advanced_dish_node_3_label	传感器与探测	雷达	label	Radar Rotation	雷达旋转	ok
def_radar_advanced_dish_node_3_desc	传感器与探测	雷达	node_desc	Current radar rotation from forward in turns.	当前雷达从前方开始圈数	ok
def_radar_advanced_dish_node_4_label	传感器与探测	雷达	label	Gimbal Input	方向输入	ok
def_radar_advanced_dish_node_4_desc	传感器与探测	雷达	node_desc	Inputs rotation data for radar in manual mode. Value 1: The yaw angle of the radar measured in turns, Value 2: The pitch angle of the radar measured in turns from -0.125 to 0.125.	在手动模式下为雷达输入旋转数据.值1:以圈为单位测量的雷达偏航角;值2:以圈为单位测量的雷达俯仰角,从-0.125到0.125	ok
def_radar_advanced_missile_name	传感器与探测	雷达	name	Radar (Missile)	雷达(导弹)	ok
def_radar_advanced_missile_desc	传感器与探测	雷达	desc	This sensor outputs the distance and relative angle to a detected object within its range and field of view using radio waves. This sensor is designed for missiles and its radar acts along the Z axis. Sensitivity is based on FOV, target size, and distance.	该传感器输出其范围和视野内的检测对象的距离和相对角度。该传感器是为导弹设计的，其雷达沿Z轴工作。灵敏度取决于视场、目标大小和距离	ok
def_radar_advanced_missile_s_desc	传感器与探测	雷达	s_desc	A short range radar that returns information about a detected object within its view.	短程雷达，返回其视野内探测到的物体的信息	ok
def_radar_advanced_missile_node_0_label	传感器与探测	雷达	label	Electric	电	ok
def_radar_advanced_missile_node_0_desc	传感器与探测	雷达	node_desc	Electrical power connection.	电源连接	ok
def_radar_advanced_missile_node_1_label	传感器与探测	雷达	label	Activate	激活	ok
def_radar_advanced_missile_node_1_desc	传感器与探测	雷达	node_desc	Enable the Radar.	启动雷达	ok
def_radar_advanced_missile_node_2_label	传感器与探测	雷达	label	Radar Data	雷达数据	ok
def_radar_advanced_missile_node_2_desc	传感器与探测	雷达	node_desc	Outputs data for up to 8 targets. On/Off 1-8 : Target 1 Found, Target 2 Found, etc... Values 1-32 : Target 1 Distance, Target 1 Azimuth Angle, Target 1 Elevation Angle, Target 1 Time Since Detection, Target 2 Distance, Target 2 Azimuth Angle, Target 2 Elevation Angle, Target 2 Time Since Detection, etc...	输出多达8个目标的数据。(on/off1-8:找到目标)(值1-4:目标1(距离、方位角、仰角、检测后的时间))(值5-8:目标2)等。。	ok
def_radar_advanced_missile_node_3_label	传感器与探测	雷达	label	Missile Output	导弹输出	ok
def_radar_advanced_missile_node_3_desc	传感器与探测	雷达	node_desc	Outputs yaw and pitch rotations toward the most immediate target. (Value 1 : Yaw) (Value 2 : Pitch). Link this directly into a rocket fins component.	输出凝视目标的x和y数据。将其直接连接到弹翼组件中(值1 : 偏航) (值2 : 俯仰).	ok
def_radar_advanced_missile_node_4_label	传感器与探测	雷达	label	Radar Rotation	雷达旋转	ok
def_radar_advanced_missile_node_4_desc	传感器与探测	雷达	node_desc	Current radar rotation from forward in turns.	当前雷达从前方开始圈数	ok
def_radar_advanced_missile_laser_name	传感器与探测	雷达	name	Laser Sensor (Missile)	激光传感器(导弹)	ok
def_radar_advanced_missile_laser_desc	传感器与探测	雷达	desc	This sensor is designed for missiles and acts along the Z axis, with an output node that passes data to course correct linked rocket fin components toward the closest target. The sensor also outputs data for up to 8 detected laser points.	为导弹设计,最大输出8个探测到的激光点的数据,沿Z轴作用,可连接到火箭弹翼以向最近的目标方向修正.	ok
def_radar_advanced_missile_laser_s_desc	传感器与探测	雷达	s_desc	A short range sensor that returns information about detected laser points within its view.	短距离的传感器，返回其视野内探测到的激光点的信息	ok
def_radar_advanced_missile_laser_node_0_label	传感器与探测	雷达	label	Electric	电	ok
def_radar_advanced_missile_laser_node_0_desc	传感器与探测	雷达	node_desc	Electrical power connection.	电源连接	ok
def_radar_advanced_missile_laser_node_1_label	传感器与探测	雷达	label	Activate	激活	ok
def_radar_advanced_missile_laser_node_1_desc	传感器与探测	雷达	node_desc	Enable the Laser Sensor.	启用激光传感器	ok
def_radar_advanced_missile_laser_node_2_label	传感器与探测	雷达	label	Sensor Data	传感器数据	ok
def_radar_advanced_missile_laser_node_2_desc	传感器与探测	雷达	node_desc	Outputs data for up to 8 targets. On/Off 1-8 : Target 1 Found, Target 2 Found, etc... Values 1-32 : Target 1 Distance, Target 1 Azimuth Angle, Target 1 Elevation Angle, Target 1 Time Since Detection, Target 2 Distance, Target 2 Azimuth Angle, Target 2 Elevation Angle, Target 2 Time Since Detection, etc...	输出多达8个目标的数据。(on/off1-8:找到目标)(值1-4:目标1(距离、方位角、仰角、检测后的时间))(值5-8:目标2)等。。	ok
def_radar_advanced_missile_laser_node_3_label	传感器与探测	雷达	label	Missile Output	导弹输出	ok
def_radar_advanced_missile_laser_node_3_desc	传感器与探测	雷达	node_desc	Outputs yaw and pitch rotations toward the most immediate target. (Value 1 : Yaw) (Value 2 : Pitch). Link this directly into a rocket fins component.	输出凝视目标的x和y数据。将其直接连接到弹翼组件中(值1 : 偏航) (值2 : 俯仰).	ok
def_radar_advanced_missile_laser_node_4_label	传感器与探测	雷达	label	Wavelength	激光编码	ok
def_radar_advanced_missile_laser_node_4_desc	传感器与探测	雷达	node_desc	The specific light wavelength to detect (whole number).	要捕获的激光编码	ok
def_radar_advanced_phalanx_name	传感器与探测	雷达	name	Radar (Phalanx)	雷达(密集阵)	ok
def_radar_advanced_phalanx_desc	传感器与探测	雷达	desc	This sensor outputs the distance and relative angle to a detected object within its range and field of view using radio waves. Sensitivity is based on FOV, target size, and distance.	该传感器输出其范围和视野内的检测对象的距离和相对角度。灵敏度取决于视场、目标大小和距离	ok
def_radar_advanced_phalanx_s_desc	传感器与探测	雷达	s_desc	A radar that returns information about a detected object within its view.	返回其视野内探测到的物体的信息	ok
def_radar_advanced_phalanx_node_0_label	传感器与探测	雷达	label	Electric	电	ok
def_radar_advanced_phalanx_node_0_desc	传感器与探测	雷达	node_desc	Electrical power connection.	电源连接	ok
def_radar_advanced_phalanx_node_1_label	传感器与探测	雷达	label	Activate	激活	ok
def_radar_advanced_phalanx_node_1_desc	传感器与探测	雷达	node_desc	Enable the Radar.	启动雷达	ok
def_radar_advanced_phalanx_node_2_label	传感器与探测	雷达	label	Radar Data	雷达数据	ok
def_radar_advanced_phalanx_node_2_desc	传感器与探测	雷达	node_desc	Outputs data for up to 8 targets. On/Off 1-8 : Target 1 Found, Target 2 Found, etc... Values 1-32 : Target 1 Distance, Target 1 Azimuth Angle, Target 1 Elevation Angle, Target 1 Time Since Detection, Target 2 Distance, Target 2 Azimuth Angle, Target 2 Elevation Angle, Target 2 Time Since Detection, etc...	输出多达8个目标的数据。(on/off1-8:找到目标)(值1-4:目标1(距离、方位角、仰角、检测后的时间))(值5-8:目标2)等。。	ok
def_radar_advanced_phalanx_node_3_label	传感器与探测	雷达	label	Radar Rotation	雷达旋转	ok
def_radar_advanced_phalanx_node_3_desc	传感器与探测	雷达	node_desc	Current radar rotation from forward in turns.	当前雷达从前方开始圈数	ok
def_radar_advanced_phalanx_node_4_label	传感器与探测	雷达	label	Gimbal Input	方向输入	ok
def_radar_advanced_phalanx_node_4_desc	传感器与探测	雷达	node_desc	Inputs rotation data for radar in manual mode. Value 1: The yaw angle of the radar measured in turns, Value 2: The pitch angle of the radar measured in turns from -0.125 to 0.125.	在手动模式下为雷达输入旋转数据.值1:以圈为单位测量的雷达偏航角;值2:以圈为单位测量的雷达俯仰角,从-0.125到0.125	ok
def_radar_detector_name	传感器与探测	雷达	name	Radar Detector	雷达告警接收机	ok
def_radar_detector_desc	传感器与探测	雷达	desc	This sensor outputs an On signal when it detects a radio wave.	当检测到雷达波时，该传感器输出on信号	ok
def_radar_detector_s_desc	传感器与探测	雷达	s_desc	A sensor that can detect radar waves.	侦测雷达波的传感器	ok
def_radar_detector_node_0_label	传感器与探测	雷达	label	Detected	被探测到	ok
def_radar_detector_node_0_desc	传感器与探测	雷达	node_desc	Returns an On signal when it detects a radio wave.	当检测到雷达波时输出on信号	ok
def_radar_dish_name	传感器与探测	雷达	name	Radar (Dish)	雷达(盘)	ok
def_radar_dish_desc	传感器与探测	雷达	desc	This fixed sensor outputs the distance and angle to a detected object within its range and field of view using radio waves. (Range : 20000) (Max FOV : 0.125)	这个固定传感器使用无线电波将距离和角度输出到被探测物体的范围和视场内。(射程:20000)(最大视场:0.125)	ok
def_radar_dish_s_desc	传感器与探测	雷达	s_desc	A medium range, fixed rotation Radar that returns information about a detected object within its view.	中程固定雷达，返回在其视野内探测到的物体的信息	ok
def_radar_dish_node_0_label	传感器与探测	雷达	label	FOV	视野	ok
def_radar_dish_node_0_desc	传感器与探测	雷达	node_desc	The sensor's yaw field of view in turns from 0.01 to 0.125.	传感器的偏航视野从0.01到0.125依次变化	ok
def_radar_dish_node_1_label	传感器与探测	雷达	label	Target Distance	目标距离	ok
def_radar_dish_node_1_desc	传感器与探测	雷达	node_desc	The distance to the target in meters.	到目标的距离(单位:米)	ok
def_radar_dish_node_2_label	传感器与探测	雷达	label	Signal Strength	信号强度	ok
def_radar_dish_node_2_desc	传感器与探测	雷达	node_desc	The strength of the returned signal.	返回信号的强度	ok
def_radar_dish_node_3_label	传感器与探测	雷达	label	Elevation Angle	仰角	ok
def_radar_dish_node_3_desc	传感器与探测	雷达	node_desc	The pitch angle between the sensor and the target in turns.	传感器和目标之间的俯仰角	ok
def_radar_dish_node_4_label	传感器与探测	雷达	label	Target Found	找到目标	ok
def_radar_dish_node_4_desc	传感器与探测	雷达	node_desc	Returns if an object has been detected.	如果检测到对象，则返回	ok
def_radar_dish_node_5_label	传感器与探测	雷达	label	Electric	电	ok
def_radar_dish_node_5_desc	传感器与探测	雷达	node_desc	Electrical power connection.	电源连接	ok
def_radar_huge_name	传感器与探测	雷达	name	Radar (Huge)	雷达(巨)	ok
def_radar_huge_desc	传感器与探测	雷达	desc	This sensor outputs the distance and relative angles to up to 8 detected objects within its range and field of view using radio waves and outputs all detected targets through composite channels. (Range : 50000) (Max FOV : 0.125)	该传感器使用无线电波输出其范围和视场内最多8个被检测对象的距离和相对角度，并通过复合信道输出所有被检测目标。(射程:50000)(最大视场:0.125)	ok
def_radar_huge_s_desc	传感器与探测	雷达	s_desc	A long range, multi-target Radar that returns detailed information through composite channels about detected objects within its view.	远程多目标雷达，通过合成通道返回其视野内探测到的物体的详细信息	ok
def_radar_huge_node_0_label	传感器与探测	雷达	label	FOV	视野	ok
def_radar_huge_node_0_desc	传感器与探测	雷达	node_desc	The sensor's yaw field of view in turns from 0.01 to 0.125.	传感器的偏航视野从0.01到0.125依次变化	ok
def_radar_huge_node_1_label	传感器与探测	雷达	label	Facing Yaw	面向偏航	ok
def_radar_huge_node_1_desc	传感器与探测	雷达	node_desc	The sensor's yaw direction in turns from -0.5 to 0.5.	传感器的偏航方向从-0.5到0.5	ok
def_radar_huge_node_2_label	传感器与探测	雷达	label	Electric	电	ok
def_radar_huge_node_2_desc	传感器与探测	雷达	node_desc	Electrical power connection.	电源连接	ok
def_radar_huge_node_3_label	传感器与探测	雷达	label	Radar Data	雷达数据	ok
def_radar_huge_node_3_desc	传感器与探测	雷达	node_desc	Outputs data for up to 8 targets. On/Off 1-8 : Target 1 Found, Target 2 Found, etc... Values 1-32 : Target 1 Distance, Target 1 Azimuth Angle, Target 1 Elevation Angle, Target 1 Time Since Detection, Target 2 Distance, Target 2 Azimuth Angle, Target 2 Elevation Angle, Target 2 Time Since Detection, etc...	输出多达8个目标的数据。(开/关1-8:找到目标)(值1-4:目标1(相对距离、信号强度、仰角、方位角))(值5-8:目标2)等...	ok
def_radar_large_name	传感器与探测	雷达	name	Radar (Large)	雷达(大)	ok
def_radar_large_desc	传感器与探测	雷达	desc	This sensor outputs the distance and relative angles to a detected object within its range and field of view using radio waves. This sensor uniquely allows the changing of it's pitch direction. (Range : 20000) (Max FOV : 0.250)	该传感器使用无线电波将距离和相对角度输出到被探测物体的范围和视场内。这个传感器唯一允许改变它的俯仰(Pitch)方向。(射程:20000)(最大视场:0.250)	ok
def_radar_large_s_desc	传感器与探测	雷达	s_desc	A medium range, highly configurable Radar that returns detailed information about a detected object within its view.	高度可配置的中程雷达，能返回在其视野内探测到的物体的详细信息	ok
def_radar_large_node_0_label	传感器与探测	雷达	label	FOV	视野	ok
def_radar_large_node_0_desc	传感器与探测	雷达	node_desc	The sensor's yaw and pitch field of view in turns from 0.01 to 0.125.	传感器的FOV从0.01到0.125	ok
def_radar_large_node_1_label	传感器与探测	雷达	label	Facing Yaw	面向偏航	ok
def_radar_large_node_1_desc	传感器与探测	雷达	node_desc	The sensor's yaw direction in turns from -0.5 to 0.5.	传感器的偏航方向从-0.5到0.5	ok
def_radar_large_node_2_label	传感器与探测	雷达	label	Facing Pitch	朝向俯仰(Pitch)角	ok
def_radar_large_node_2_desc	传感器与探测	雷达	node_desc	The sensor's pitch direction in turns from -0.25 to 0.25.	传感器的俯仰(Pitch)方向从-0.25到0.25	ok
def_radar_large_node_3_label	传感器与探测	雷达	label	Target Distance	目标距离	ok
def_radar_large_node_3_desc	传感器与探测	雷达	node_desc	The distance to the target in meters.	到目标的距离(单位:米)	ok
def_radar_large_node_4_label	传感器与探测	雷达	label	Signal Strength	信号强度	ok
def_radar_large_node_4_desc	传感器与探测	雷达	node_desc	The strength of the returned signal.	返回信号的强度	ok
def_radar_large_node_5_label	传感器与探测	雷达	label	Elevation Angle	仰角	ok
def_radar_large_node_5_desc	传感器与探测	雷达	node_desc	The pitch angle between the sensor and the target in turns.	传感器和目标之间的俯仰角	ok
def_radar_large_node_6_label	传感器与探测	雷达	label	Azimuth Angle	方位角	ok
def_radar_large_node_6_desc	传感器与探测	雷达	node_desc	The yaw angle between the sensor and the target in turns.	传感器和目标之间的偏航(Yaw)角	ok
def_radar_large_node_7_label	传感器与探测	雷达	label	Target Found	发现目标	ok
def_radar_large_node_7_desc	传感器与探测	雷达	node_desc	Returns if an object has been detected.	如果检测到对象，则返回	ok
def_radar_large_node_8_label	传感器与探测	雷达	label	Electric	电	ok
def_radar_large_node_8_desc	传感器与探测	雷达	node_desc	Electrical power connection.	电源连接	ok
def_radar_sonar_name	传感器与探测	雷达	name	Sonar (Large)	声纳(大)	ok
def_radar_sonar_desc	传感器与探测	雷达	desc	This sensor outputs the distance and angle to a detected underwater object within its range and field of view using sound waves. (Range : 3000) (Max FOV : 0.125)	利用声波在选定角度和FOV内检测目标仰角和距离。(射程:3000)(最大视场:0.125)	ok
def_radar_sonar_s_desc	传感器与探测	雷达	s_desc	A short range Sonar that returns information about a detected underwater object within its view.	短程声纳，在其视野内返回有关探测到的水下物体的信息	ok
def_radar_sonar_node_0_label	传感器与探测	雷达	label	FOV	视野	ok
def_radar_sonar_node_0_desc	传感器与探测	雷达	node_desc	The sensor's yaw field of view in turns from 0.01 to 0.125.	传感器的偏航视野从0.01到0.125依次变化	ok
def_radar_sonar_node_1_label	传感器与探测	雷达	label	Facing Yaw	面向偏航	ok
def_radar_sonar_node_1_desc	传感器与探测	雷达	node_desc	The sensor's yaw direction in turns from -0.5 to 0.5.	传感器的偏航方向从-0.5到0.5	ok
def_radar_sonar_node_2_label	传感器与探测	雷达	label	Target Distance	目标距离	ok
def_radar_sonar_node_2_desc	传感器与探测	雷达	node_desc	The distance to the target in meters.	到目标的距离(单位:米)	ok
def_radar_sonar_node_3_label	传感器与探测	雷达	label	Signal Strength	信号强度	ok
def_radar_sonar_node_3_desc	传感器与探测	雷达	node_desc	The strength of the returned signal.	返回信号的强度	ok
def_radar_sonar_node_4_label	传感器与探测	雷达	label	Elevation Angle	仰角	ok
def_radar_sonar_node_4_desc	传感器与探测	雷达	node_desc	The pitch angle between the sensor and the target in turns.	传感器和目标之间的俯仰角	ok
def_radar_sonar_node_5_label	传感器与探测	雷达	label	Target Found	发现目标	ok
def_radar_sonar_node_5_desc	传感器与探测	雷达	node_desc	Returns if an object has been detected.	如果检测到对象，则返回	ok
def_radar_sonar_node_6_label	传感器与探测	雷达	label	Electric	电	ok
def_radar_sonar_node_6_desc	传感器与探测	雷达	node_desc	Electrical power connection.	电源连接	ok
def_radar_sonar_small_name	传感器与探测	雷达	name	Sonar (Small)	声纳(小)	ok
def_radar_sonar_small_desc	传感器与探测	雷达	desc	This sensor outputs the distance and angle to a detected underwater object within its range and field of view using sound waves. (Range : 1000) (Max FOV : 0.125)	利用声波在选定角度和FOV内检测目标仰角和距离。(射程:3000)(最大视场:0.125)	ok
def_radar_sonar_small_s_desc	传感器与探测	雷达	s_desc	A short range Sonar that returns information about a detected underwater object within its view.	短程声纳，在其视野内返回有关探测到的水下物体的信息	ok
def_radar_sonar_small_node_0_label	传感器与探测	雷达	label	FOV	视野	ok
def_radar_sonar_small_node_0_desc	传感器与探测	雷达	node_desc	The sensor's yaw field of view in turns from 0.01 to 0.125.	传感器的偏航视野从0.01到0.125依次变化	ok
def_radar_sonar_small_node_1_label	传感器与探测	雷达	label	Facing Yaw	面向偏航	ok
def_radar_sonar_small_node_1_desc	传感器与探测	雷达	node_desc	The sensor's yaw direction in turns from -0.5 to 0.5.	传感器的偏航方向从-0.5到0.5	ok
def_radar_sonar_small_node_2_label	传感器与探测	雷达	label	Target Distance	目标距离	ok
def_radar_sonar_small_node_2_desc	传感器与探测	雷达	node_desc	The distance to the target in meters.	到目标的距离(单位:米)	ok
def_radar_sonar_small_node_3_label	传感器与探测	雷达	label	Signal Strength	信号强度	ok
def_radar_sonar_small_node_3_desc	传感器与探测	雷达	node_desc	The strength of the returned signal.	返回信号的强度	ok
def_radar_sonar_small_node_4_label	传感器与探测	雷达	label	Elevation Angle	仰角	ok
def_radar_sonar_small_node_4_desc	传感器与探测	雷达	node_desc	The pitch angle between the sensor and the target in turns.	传感器和目标之间的俯仰角	ok
def_radar_sonar_small_node_5_label	传感器与探测	雷达	label	Target Found	发现目标	ok
def_radar_sonar_small_node_5_desc	传感器与探测	雷达	node_desc	Returns if an object has been detected.	如果检测到对象，则返回	ok
def_radar_sonar_small_node_6_label	传感器与探测	雷达	label	Electric	电	ok
def_radar_sonar_small_node_6_desc	传感器与探测	雷达	node_desc	Electrical power connection.	电源连接	ok
def_radiation_detector_name	传感器与探测	辐射	name	Radiation Detector	辐射探测器	ok
def_radiation_detector_desc	传感器与探测	辐射	desc	Outputs radiation dose rate per second at its location.	输出其所在位置的每秒辐射剂量率	ok
def_radiation_detector_s_desc	传感器与探测	辐射	s_desc	A sensor to detect radiation.	检测电离辐射的传感器	ok
def_radiation_detector_node_0_label	传感器与探测	辐射	label	Radiation	辐射量	ok
def_radiation_detector_node_0_desc	传感器与探测	辐射	node_desc	The detected radiation dose rate.	检测到的辐射剂量率	ok
def_railing_extension_angle_name	结构建材	栏杆	name	Railing Segment Extension Incline	栏杆段延伸斜面	ok
def_railing_extension_angle_desc	结构建材	栏杆	desc			ok
def_railing_extension_angle_s_desc	结构建材	栏杆	s_desc	Inclined railing extension segment.	斜栏杆延长段	ok
def_railing_segment_angle_name	结构建材	栏杆	name	Railing Segment Incline	栏杆段倾斜	ok
def_railing_segment_angle_desc	结构建材	栏杆	desc			ok
def_railing_segment_angle_s_desc	结构建材	栏杆	s_desc	Inclined railing segment with a vertical pole.	带有立杆的倾斜栏杆段	ok
def_railing_segment_angle_end_name	结构建材	栏杆	name	Railing Segment End Incline	栏杆段端部倾斜	ok
def_railing_segment_angle_end_desc	结构建材	栏杆	desc			ok
def_railing_segment_angle_end_s_desc	结构建材	栏杆	s_desc	Inclined railing end segment with a vertical pole.	带有立杆的倾斜栏杆端段	ok
def_railing_segment_corner_name	结构建材	栏杆	name	Railing Segment Corner	栏杆段转角	ok
def_railing_segment_corner_desc	结构建材	栏杆	desc			ok
def_railing_segment_corner_s_desc	结构建材	栏杆	s_desc	Corner railing segment.	转角栏杆段	ok
def_railing_segment_corner_diag_name	结构建材	栏杆	name	Railing Segment Corner Diagonal	栏杆段角对角线	ok
def_railing_segment_corner_diag_desc	结构建材	栏杆	desc			ok
def_railing_segment_corner_diag_s_desc	结构建材	栏杆	s_desc	Corner railing that connects a straight segment to the diagonal extension segment.	连接直线段和对角线延长段的转角栏杆	ok
def_railing_segment_curve_name	结构建材	栏杆	name	Railing Segment Curve	栏杆段曲线	ok
def_railing_segment_curve_desc	结构建材	栏杆	desc			ok
def_railing_segment_curve_s_desc	结构建材	栏杆	s_desc	Curved corner railing segment.	弯角栏杆段	ok
def_railing_segment_end_name	结构建材	栏杆	name	Railing Segment End	栏杆段端	ok
def_railing_segment_end_desc	结构建材	栏杆	desc			ok
def_railing_segment_end_s_desc	结构建材	栏杆	s_desc	End railing segment.	终止栏杆段	ok
def_railing_segment_end_diag_name	结构建材	栏杆	name	Railing Segment End Diagonal	栏杆段端对角线	ok
def_railing_segment_end_diag_desc	结构建材	栏杆	desc			ok
def_railing_segment_end_diag_s_desc	结构建材	栏杆	s_desc	Diagonal railing end segment with a vertical pole.	带立杆的斜栏杆末端段	ok
def_railing_segment_extension_name	结构建材	栏杆	name	Railing Segment Extension	栏杆段延伸	ok
def_railing_segment_extension_desc	结构建材	栏杆	desc			ok
def_railing_segment_extension_s_desc	结构建材	栏杆	s_desc	Straight railing extension segment.	直栏杆延长段	ok
def_railing_segment_extension_diag_name	结构建材	栏杆	name	Railing Segment Extension Diagonal	斜栏杆段延伸	ok
def_railing_segment_extension_diag_desc	结构建材	栏杆	desc			ok
def_railing_segment_extension_diag_s_desc	结构建材	栏杆	s_desc	Diagonal railing extension segment.	斜栏杆延长段	ok
def_railing_segment_middle_name	结构建材	栏杆	name	Railing Segment Middle	栏杆段中间	ok
def_railing_segment_middle_desc	结构建材	栏杆	desc			ok
def_railing_segment_middle_s_desc	结构建材	栏杆	s_desc	Straight railing extension segment with a vertical pole.	带立杆的直栏杆延伸段	ok
def_railing_segment_middle_diag_name	结构建材	栏杆	name	Railing Segment Middle Diagonal	栏杆段中对角线	ok
def_railing_segment_middle_diag_desc	结构建材	栏杆	desc			ok
def_railing_segment_middle_diag_s_desc	结构建材	栏杆	s_desc	Diagonal railing extension segment with a vertical pole.	带立杆的斜栏杆延长段	ok
def_rain_sensor_name	传感器与探测	降雨	name	Rain Sensor	雨量传感器	ok
def_rain_sensor_desc	传感器与探测	降雨	desc	The reading can be read from the sensor's number output and is measured from 0 (no rain) to 1 (max rain).	读数可以从传感器的数字输出中读取，测量范围为0(无雨)到1(最大雨)	ok
def_rain_sensor_s_desc	传感器与探测	降雨	s_desc	A rain sensor for measuring the current meteorological conditions.	用于测量当前气象条件的雨量传感器	ok
def_rain_sensor_node_0_label	传感器与探测	降雨	label	Rain Factor	降雨指数	ok
def_rain_sensor_node_0_desc	传感器与探测	降雨	node_desc	The amount of current rain fall from 0 to 1.	从0到1显示当前降雨量	ok
def_rcs_thruster_name	引擎与动力	RCS 推进器	name	RCS Thruster	RCS推进器	ok
def_rcs_thruster_desc	引擎与动力	RCS 推进器	desc	The reaction control system can fire in 4 non-cardinal directions resulting in 5 directions of motion. RCS thrusters also have body relative activation modes where thrusters will collaborate from different orientations to achieve the desired translation or rotation. The RCS thruster also has positional and rotational stabilization toggles.	反作用控制系统(RCS)可以向4个非心轴方向喷射,从而产生5个运动方向.RCS推进器还具有主体相对激活模式,推进器将从不同方向协同工作,以实现所需的平移或旋转.RCS推进器还具有位置和旋转稳定切换功能.	ok
def_rcs_thruster_s_desc	引擎与动力	RCS 推进器	s_desc	A fluid jet that fires pressurized air for altitude control and translation.	喷射压缩气体以实现移动和旋转控制	ok
def_rcs_thruster_node_0_label	引擎与动力	RCS 推进器	label	Composite Input	混合输入	ok
def_rcs_thruster_node_0_desc	引擎与动力	RCS 推进器	node_desc	Composite bool channels: 1:Component X+, 2:Component X-, 3:Component Z+, 4:Component Z-, 5:Enable position stabilization, 6:Enable rotation stabilization, 7:Body X+, 8:Body X-, 9:Body Y+, 10:Body Y-, 11:Body Z+, 12:Body Z-, 13:Body Rotate X+, 14:Body Rotate X-, 15:Body Rotate Y+, 16:Body Rotate Y-, 17:Body Rotate Z+, 18:Body Rotate Z-	布尔通道:1.部件X+;2.部件X-;3.部件Z+;4.部件Z-;5.启用位置稳定;6.启用旋转稳定;7.主体X+;8.主体X-;9.主体Y+;10.主体Y-;11.主体Z+;12.主体Z-;13.主体旋转X+;14.主体旋转X-;15.主体旋转Y+;16.主体旋转Y-;17.主体旋转Z+;13.主体旋转Z-;	ok
def_rcs_thruster_node_1_label	引擎与动力	RCS 推进器	label	Fluid Supply	气体供应	ok
def_rcs_thruster_node_1_desc	引擎与动力	RCS 推进器	node_desc	The fluid input to output from the thruster.	用于喷射推进的气体入口	ok
def_rcs_thruster_node_2_label	引擎与动力	RCS 推进器	label	Electric	电	ok
def_rcs_thruster_node_2_desc	引擎与动力	RCS 推进器	node_desc	Electrical power connection.	电源连接	ok
def_relief_valve_gas_name	流体系统	泄压阀	name	Gas Relief Valve	气阀	ok
def_relief_valve_gas_desc	流体系统	泄压阀	desc	The valve allows gases to pass across the two directional valve.	允许气体双向通过的阀门	ok
def_relief_valve_gas_s_desc	流体系统	泄压阀	s_desc	A relief valve for gases in a system.	气体系统的连通控制阀	ok
def_relief_valve_gas_node_0_label	流体系统	泄压阀	label	Fluid A	接口A	ok
def_relief_valve_gas_node_0_desc	流体系统	泄压阀	node_desc			ok
def_relief_valve_gas_node_1_label	流体系统	泄压阀	label	Fluid B	接口B	ok
def_relief_valve_gas_node_1_desc	流体系统	泄压阀	node_desc			ok
def_relief_valve_gas_node_2_label	流体系统	泄压阀	label	Flow Rate	流量	ok
def_relief_valve_gas_node_2_desc	流体系统	泄压阀	node_desc	Fluid flow rate in L/s.	以L/s为单位的流量	ok
def_relief_valve_liquid_name	流体系统	泄压阀	name	Liquid Relief Valve	液阀	ok
def_relief_valve_liquid_desc	流体系统	泄压阀	desc	The valve allows liquids to pass across the two directional valve.	允许液体双向通过的阀门	ok
def_relief_valve_liquid_s_desc	流体系统	泄压阀	s_desc	A relief valve for liquids in a system.	液体系统的连通控制阀	ok
def_relief_valve_liquid_node_0_label	流体系统	泄压阀	label	Fluid A	接口A	ok
def_relief_valve_liquid_node_0_desc	流体系统	泄压阀	node_desc			ok
def_relief_valve_liquid_node_1_label	流体系统	泄压阀	label	Fluid B	接口B	ok
def_relief_valve_liquid_node_1_desc	流体系统	泄压阀	node_desc			ok
def_relief_valve_liquid_node_2_label	流体系统	泄压阀	label	Flow Rate		todo
def_relief_valve_liquid_node_2_desc	流体系统	泄压阀	node_desc	Fluid flow rate in L/s.		todo
def_rope_hook_name	机械与传动	绳索	name	Rope Anchor	绳锚	ok
def_rope_hook_desc	机械与传动	绳索	desc	Draw a rope logic link between two Rope Anchors to form a rope.	在两个绳锚之间绘制一个绳逻辑链接以形成一条绳	ok
def_rope_hook_s_desc	机械与传动	绳索	s_desc	An anchor point for a basic rope.	基本绳索的固定点	ok
def_rope_hook_node_0_label	机械与传动	绳索	label	Rope Node	绳索节点	ok
def_rope_hook_node_0_desc	机械与传动	绳索	node_desc			ok
def_rope_hook_node_1_label	机械与传动	绳索	label	Detach Rope	绳索脱钩	ok
def_rope_hook_node_1_desc	机械与传动	绳索	node_desc			ok
def_rope_hook_composite_name	机械与传动	绳索	name	Electrical Cable Anchor	电缆锚	ok
def_rope_hook_composite_desc	机械与传动	绳索	desc	Draw a rope logic link between two Electrical Cable Anchors to form a cable. Limited to only one link but can transfer Data and Electric across the link.	在两个电缆锚之间画一个绳索逻辑链接，形成一条电缆。仅限于一个链路，但可以通过链路传输数据和电力	ok
def_rope_hook_composite_s_desc	机械与传动	绳索	s_desc	An anchor point for a basic data/electric cable.	基本数据/电缆的固定点	ok
def_rope_hook_composite_node_0_label	机械与传动	绳索	label	Rope Node	绳节点	ok
def_rope_hook_composite_node_0_desc	机械与传动	绳索	node_desc			ok
def_rope_hook_composite_node_1_label	机械与传动	绳索	label	Electric Node	电节点	ok
def_rope_hook_composite_node_1_desc	机械与传动	绳索	node_desc			ok
def_rope_hook_composite_node_2_label	机械与传动	绳索	label	Composite Input	混合输入	ok
def_rope_hook_composite_node_2_desc	机械与传动	绳索	node_desc	Composite data to send to the connected anchor.	想传输到连接目标的复合信号	ok
def_rope_hook_composite_node_3_label	机械与传动	绳索	label	Composite Output	复合输出	ok
def_rope_hook_composite_node_3_desc	机械与传动	绳索	node_desc	Composite data to receive from the connected anchor.	从连接的锚接收的复合数据	ok
def_rope_hook_composite_node_4_label	机械与传动	绳索	label	On/Off Input	开/关输入	ok
def_rope_hook_composite_node_4_desc	机械与传动	绳索	node_desc	On/Off data to send to the connected anchor.	打开/关闭要发送到连接锚的数据	ok
def_rope_hook_composite_node_5_label	机械与传动	绳索	label	On/Off Output	开/关输出	ok
def_rope_hook_composite_node_5_desc	机械与传动	绳索	node_desc	On/Off data to receive from the connected anchor.	从连接的锚接收的开/关数据	ok
def_rope_hook_composite_node_6_label	机械与传动	绳索	label	Video Data Send	发送视频数据	ok
def_rope_hook_composite_node_6_desc	机械与传动	绳索	node_desc	Video data to send to the connected anchor.	要发送到连接的锚定的视频数据	ok
def_rope_hook_composite_node_7_label	机械与传动	绳索	label	Video Data Receive	接收视频数据	ok
def_rope_hook_composite_node_7_desc	机械与传动	绳索	node_desc	Video data to receive from the connected anchor.	要从连接的锚接收的视频数据	ok
def_rope_hook_composite_node_8_label	机械与传动	绳索	label	Audio Data Send	音频数据发送	ok
def_rope_hook_composite_node_8_desc	机械与传动	绳索	node_desc	Audio data to send to the connected anchor.	要发送到连接的锚定的音频数据	ok
def_rope_hook_composite_node_9_label	机械与传动	绳索	label	Audio Data Receive	音频数据接收	ok
def_rope_hook_composite_node_9_desc	机械与传动	绳索	node_desc	Audio data to receive from the connected anchor.	要从连接的锚接收的音频数据	ok
def_rope_hook_fluid_name	机械与传动	绳索	name	Fluid Hose Anchor	流体软管锚	ok
def_rope_hook_fluid_desc	机械与传动	绳索	desc	Draw a rope logic link between two Fluid Hose Anchors to form a hose. Limited to only one link but can transfer fluid across the link.	在两个流体软管锚之间绘制一个绳索逻辑链接以形成软管。仅限于一个连接，但可以跨连接传输流体	ok
def_rope_hook_fluid_s_desc	机械与传动	绳索	s_desc	An anchor point for a basic fluid hose.	基本流体软管的固定点	ok
def_rope_hook_fluid_node_0_label	机械与传动	绳索	label	Rope Node	绳节点	ok
def_rope_hook_fluid_node_0_desc	机械与传动	绳索	node_desc			ok
def_rope_hook_fluid_node_1_label	机械与传动	绳索	label	Fluid Node	流体节点	ok
def_rope_hook_fluid_node_1_desc	机械与传动	绳索	node_desc			ok
def_rope_hook_net_name	机械与传动	绳索	name	Net Anchor	渔网锚点	ok
def_rope_hook_net_desc	机械与传动	绳索	desc	Draw a rope logic link between four Net Anchors in a loop to form a net.	在四个锚点之间画出渔网的绳索逻辑链接,形成一个渔网	ok
def_rope_hook_net_s_desc	机械与传动	绳索	s_desc	An anchor point for a fishing net.	生成渔网的锚点	ok
def_rope_hook_net_node_0_label	机械与传动	绳索	label	Net Node	锚点	ok
def_rope_hook_net_node_0_desc	机械与传动	绳索	node_desc			ok
def_rope_hook_net_node_1_label	机械与传动	绳索	label	Release Catch	释放渔获	ok
def_rope_hook_net_node_1_desc	机械与传动	绳索	node_desc			ok
def_rope_hook_net_node_2_label	机械与传动	绳索	label	Extend	放网	ok
def_rope_hook_net_node_2_desc	机械与传动	绳索	node_desc			ok
def_rope_hook_net_node_3_label	机械与传动	绳索	label	Retract	收网	ok
def_rope_hook_net_node_3_desc	机械与传动	绳索	node_desc			ok
def_rope_hook_net_node_4_label	机械与传动	绳索	label	Net Data	渔网信息	ok
def_rope_hook_net_node_4_desc	机械与传动	绳索	node_desc	Outputs attached net data. Value 1: net fill level, Value 2: net extend factor.	输出当前渔网信息:1:渔网储量;2:展开程度	ok
def_rope_hook_sail_name	机械与传动	绳索	name	Sail Anchor	船帆锚点	ok
def_rope_hook_sail_desc	机械与传动	绳索	desc	Draw a rope logic link between four Sail Anchors in a loop to form a sail. A sail will convert force from the wind to the direction of the sail facing. The sail force is strongest when fully facing the wind to act as a parachute, but also has a strong force when facing slightly off a right-angle from the wind to act as a wing. A keel is recommended for sailboats to apply sail forces in a useful direction.	"在四个""船帆锚点""之间用绳子连接成一个环形,形成风帆.风帆会将风力转换为风帆朝向的方向.风帆完全迎风时的力量最大,就像降落伞一样;但当风帆稍稍偏离风向直角时,力量也很大,就像机翼一样.建议在帆船上安装龙骨,以便将帆的力量施加到有用的方向上."	ok
def_rope_hook_sail_s_desc	机械与传动	绳索	s_desc	An anchor point for a sail.	绘制船帆的锚点	ok
def_rope_hook_sail_node_0_label	机械与传动	绳索	label	Sail Node	船帆节点	ok
def_rope_hook_sail_node_0_desc	机械与传动	绳索	node_desc			ok
def_rope_hook_sail_node_1_label	机械与传动	绳索	label	Take In/Out Sails	收/放船帆	ok
def_rope_hook_sail_node_1_desc	机械与传动	绳索	node_desc	While active, allows the ropes forming the sail to spool freely.	激活时,可让组成帆的绳索自由转动	ok
def_rope_hook_winch_name	机械与传动	绳索	name	Medium Winch	绞车(中)	ok
def_rope_hook_winch_desc	机械与传动	绳索	desc	Draw a rope logic link between two Rope Nodes to form a cable. Can be extended and retracted.	在两个电缆锚之间画一个绳索逻辑链接，形成一条电缆。仅限于一个链路，但可以通过链路传输数据和电力。可伸缩	ok
def_rope_hook_winch_s_desc	机械与传动	绳索	s_desc	A mechanical winch that can transfer data/electric/fluid through an attached cable, with an extension length of 40m.	最大长度40米的机械绞车,可以通过绳索传输数据、电力、流体的机械绞车	ok
def_rope_hook_winch_node_0_label	机械与传动	绳索	label	Down	放下绳索	ok
def_rope_hook_winch_node_0_desc	机械与传动	绳索	node_desc	Lowers the winch cable down when receiving an on signal.	当接收到信号时降下绞盘绳索	ok
def_rope_hook_winch_node_1_label	机械与传动	绳索	label	Up	收回绳索	ok
def_rope_hook_winch_node_1_desc	机械与传动	绳索	node_desc	Raises the winch cable up when receiving an on signal.	当接收到信号时拉起绞盘绳索	ok
def_rope_hook_winch_node_2_label	机械与传动	绳索	label	Rope Node	绳索节点	ok
def_rope_hook_winch_node_2_desc	机械与传动	绳索	node_desc			ok
def_rope_hook_winch_node_3_label	机械与传动	绳索	label	Electric Node	电力节点	ok
def_rope_hook_winch_node_3_desc	机械与传动	绳索	node_desc			ok
def_rope_hook_winch_node_4_label	机械与传动	绳索	label	Composite Input	混合输入	ok
def_rope_hook_winch_node_4_desc	机械与传动	绳索	node_desc	Composite data to send to the connected anchor.	想传输到连接目标的复合信号	ok
def_rope_hook_winch_node_5_label	机械与传动	绳索	label	Composite Output	复合输出	ok
def_rope_hook_winch_node_5_desc	机械与传动	绳索	node_desc	Composite data to receive from the connected anchor.	从连接目标接收到的复合信号	ok
def_rope_hook_winch_node_6_label	机械与传动	绳索	label	On/Off Input	数据输入开关	ok
def_rope_hook_winch_node_6_desc	机械与传动	绳索	node_desc	On/Off data to send to the connected anchor.	开关控制是否从此锚点发送数据	ok
def_rope_hook_winch_node_7_label	机械与传动	绳索	label	On/Off Output	数据输出开关	ok
def_rope_hook_winch_node_7_desc	机械与传动	绳索	node_desc	On/Off data to receive from the connected anchor.	开关控制是否从此锚点接收数据	ok
def_rope_hook_winch_node_8_label	机械与传动	绳索	label	Video Data Send	发送视频数据	ok
def_rope_hook_winch_node_8_desc	机械与传动	绳索	node_desc	Video data to send to the connected anchor.	想传输到连接目标的视频信号	ok
def_rope_hook_winch_node_9_label	机械与传动	绳索	label	Video Data Receive	接收视频数据	ok
def_rope_hook_winch_node_9_desc	机械与传动	绳索	node_desc	Video data to receive from the connected anchor.	从连接目标接收到的视频信号	ok
def_rope_hook_winch_node_10_label	机械与传动	绳索	label	Audio Data Send	音频信号发送端	ok
def_rope_hook_winch_node_10_desc	机械与传动	绳索	node_desc	Audio data to send to the connected anchor.	想传输到连接目标的音频信号	ok
def_rope_hook_winch_node_11_label	机械与传动	绳索	label	Audio Data Receive	音频信号接收端	ok
def_rope_hook_winch_node_11_desc	机械与传动	绳索	node_desc	Audio data to receive from the connected anchor.	从连接目标接收到的音频信号	ok
def_rope_hook_winch_node_12_label	机械与传动	绳索	label	Length	线缆长度	ok
def_rope_hook_winch_node_12_desc	机械与传动	绳索	node_desc	The current length of the winch cable in metres.	返回当前绞车线缆长度	ok
def_rope_hook_winch_node_13_label	机械与传动	绳索	label	Fluid	流体	ok
def_rope_hook_winch_node_13_desc	机械与传动	绳索	node_desc	Fluid connection for the hose coil.	由线缆连接的流体接口	ok
def_rope_hook_winch_node_14_label	机械与传动	绳索	label	Speed	速度	ok
def_rope_hook_winch_node_14_desc	机械与传动	绳索	node_desc	The speed of the winch clamped to a relative range of -1 to 1.	绞盘的速度,范围-1~1	ok
def_rope_hook_winch_huge_name	机械与传动	绳索	name	Huge Winch	绞车(巨)	ok
def_rope_hook_winch_huge_desc	机械与传动	绳索	desc	Draw a rope logic link between two Rope Nodes to form a cable. Can be extended and retracted.	在两个电缆锚之间画一个绳索逻辑链接，形成一条电缆。仅限于一个链路，但可以通过链路传输数据和电力。可伸缩	ok
def_rope_hook_winch_huge_s_desc	机械与传动	绳索	s_desc	A mechanical winch that can transfer data/electric/fluid through an attached cable, with an extension length of 600m.	最大长度600米的机械绞车,可以通过绳索传输数据、电力、流体的机械绞车	ok
def_rope_hook_winch_huge_node_0_label	机械与传动	绳索	label	Down	放下绳索	ok
def_rope_hook_winch_huge_node_0_desc	机械与传动	绳索	node_desc	Lowers the winch cable down when receiving an on signal.	当接收到信号时降下绞盘绳索	ok
def_rope_hook_winch_huge_node_1_label	机械与传动	绳索	label	Up	收回绳索	ok
def_rope_hook_winch_huge_node_1_desc	机械与传动	绳索	node_desc	Raises the winch cable up when receiving an on signal.	当接收到信号时拉起绞盘绳索	ok
def_rope_hook_winch_huge_node_2_label	机械与传动	绳索	label	Rope Node	绳索节点	ok
def_rope_hook_winch_huge_node_2_desc	机械与传动	绳索	node_desc			ok
def_rope_hook_winch_huge_node_3_label	机械与传动	绳索	label	Electric Node	电力节点	ok
def_rope_hook_winch_huge_node_3_desc	机械与传动	绳索	node_desc			ok
def_rope_hook_winch_huge_node_4_label	机械与传动	绳索	label	Composite Input	混合输入	ok
def_rope_hook_winch_huge_node_4_desc	机械与传动	绳索	node_desc	Composite data to send to the connected anchor.	想传输到连接目标的复合信号	ok
def_rope_hook_winch_huge_node_5_label	机械与传动	绳索	label	Composite Output	复合输出	ok
def_rope_hook_winch_huge_node_5_desc	机械与传动	绳索	node_desc	Composite data to receive from the connected anchor.	从连接目标接收到的复合信号	ok
def_rope_hook_winch_huge_node_6_label	机械与传动	绳索	label	On/Off Input	数据输入开关	ok
def_rope_hook_winch_huge_node_6_desc	机械与传动	绳索	node_desc	On/Off data to send to the connected anchor.	开关控制是否从此锚点发送数据	ok
def_rope_hook_winch_huge_node_7_label	机械与传动	绳索	label	On/Off Output	视频信号发送端	ok
def_rope_hook_winch_huge_node_7_desc	机械与传动	绳索	node_desc	On/Off data to receive from the connected anchor.	想传输到连接目标的视频信号	ok
def_rope_hook_winch_huge_node_8_label	机械与传动	绳索	label	Video Data Send	发送视频数据	ok
def_rope_hook_winch_huge_node_8_desc	机械与传动	绳索	node_desc	Video data to send to the connected anchor.	想传输到连接目标的视频信号	ok
def_rope_hook_winch_huge_node_9_label	机械与传动	绳索	label	Video Data Receive	接收视频数据	ok
def_rope_hook_winch_huge_node_9_desc	机械与传动	绳索	node_desc	Video data to receive from the connected anchor.	从连接目标接收到的视频信号	ok
def_rope_hook_winch_huge_node_10_label	机械与传动	绳索	label	Audio Data Send	音频信号发送端	ok
def_rope_hook_winch_huge_node_10_desc	机械与传动	绳索	node_desc	Audio data to send to the connected anchor.	想传输到连接目标的音频信号	ok
def_rope_hook_winch_huge_node_11_label	机械与传动	绳索	label	Audio Data Receive	音频信号接收端	ok
def_rope_hook_winch_huge_node_11_desc	机械与传动	绳索	node_desc	Audio data to receive from the connected anchor.	从连接目标接收到的音频信号	ok
def_rope_hook_winch_huge_node_12_label	机械与传动	绳索	label	Length	线缆长度	ok
def_rope_hook_winch_huge_node_12_desc	机械与传动	绳索	node_desc	The current length of the winch cable in metres.	返回当前绞车线缆长度	ok
def_rope_hook_winch_huge_node_13_label	机械与传动	绳索	label	Fluid	流体	ok
def_rope_hook_winch_huge_node_13_desc	机械与传动	绳索	node_desc	Fluid connection for the hose coil.	由线缆连接的流体接口	ok
def_rope_hook_winch_huge_node_14_label	机械与传动	绳索	label	Speed	速度	ok
def_rope_hook_winch_huge_node_14_desc	机械与传动	绳索	node_desc	The speed of the winch clamped to a relative range of -1 to 1.	绞盘的速度,范围-1~1	ok
def_rope_hook_winch_huge_node_15_label	机械与传动	绳索	label	Detach Rope	断开绳索	ok
def_rope_hook_winch_huge_node_15_desc	机械与传动	绳索	node_desc			ok
def_rope_hook_winch_large_name	机械与传动	绳索	name	Large Winch	绞车(大)	ok
def_rope_hook_winch_large_desc	机械与传动	绳索	desc	Draw a rope logic link between two Rope Nodes to form a cable. Can be extended and retracted.	在两个电缆锚之间画一个绳索逻辑链接，形成一条电缆。仅限于一个链路，但可以通过链路传输数据和电力。可伸缩	ok
def_rope_hook_winch_large_s_desc	机械与传动	绳索	s_desc	A mechanical winch that can transfer data/electric/fluid through an attached cable, with an extension length of 150m.	最大长度150米的机械绞车,可以通过绳索传输数据、电力、流体的机械绞车	ok
def_rope_hook_winch_large_node_0_label	机械与传动	绳索	label	Down	放下绳索	ok
def_rope_hook_winch_large_node_0_desc	机械与传动	绳索	node_desc	Lowers the winch cable down when receiving an on signal.	当接收到信号时降下绞盘绳索	ok
def_rope_hook_winch_large_node_1_label	机械与传动	绳索	label	Up	收回绳索	ok
def_rope_hook_winch_large_node_1_desc	机械与传动	绳索	node_desc	Raises the winch cable up when receiving an on signal.	当接收到信号时拉起绞盘绳索	ok
def_rope_hook_winch_large_node_2_label	机械与传动	绳索	label	Rope Node	绳索节点	ok
def_rope_hook_winch_large_node_2_desc	机械与传动	绳索	node_desc			ok
def_rope_hook_winch_large_node_3_label	机械与传动	绳索	label	Electric Node	电力节点	ok
def_rope_hook_winch_large_node_3_desc	机械与传动	绳索	node_desc			ok
def_rope_hook_winch_large_node_4_label	机械与传动	绳索	label	Composite Input	混合输入	ok
def_rope_hook_winch_large_node_4_desc	机械与传动	绳索	node_desc	Composite data to send to the connected anchor.	想传输到连接目标的复合信号	ok
def_rope_hook_winch_large_node_5_label	机械与传动	绳索	label	Composite Output	复合输出	ok
def_rope_hook_winch_large_node_5_desc	机械与传动	绳索	node_desc	Composite data to receive from the connected anchor.	从连接目标接收到的复合信号	ok
def_rope_hook_winch_large_node_6_label	机械与传动	绳索	label	On/Off Input	数据输入开关	ok
def_rope_hook_winch_large_node_6_desc	机械与传动	绳索	node_desc	On/Off data to send to the connected anchor.	开关控制是否从此锚点发送数据	ok
def_rope_hook_winch_large_node_7_label	机械与传动	绳索	label	On/Off Output	数据输出开关	ok
def_rope_hook_winch_large_node_7_desc	机械与传动	绳索	node_desc	On/Off data to receive from the connected anchor.	开关控制是否从此锚点接收数据	ok
def_rope_hook_winch_large_node_8_label	机械与传动	绳索	label	Video Data Send	发送视频数据	ok
def_rope_hook_winch_large_node_8_desc	机械与传动	绳索	node_desc	Video data to send to the connected anchor.	想传输到连接目标的视频信号	ok
def_rope_hook_winch_large_node_9_label	机械与传动	绳索	label	Video Data Receive	接收视频数据	ok
def_rope_hook_winch_large_node_9_desc	机械与传动	绳索	node_desc	Video data to receive from the connected anchor.	从连接目标接收到的视频信号	ok
def_rope_hook_winch_large_node_10_label	机械与传动	绳索	label	Audio Data Send	音频信号发送端	ok
def_rope_hook_winch_large_node_10_desc	机械与传动	绳索	node_desc	Audio data to send to the connected anchor.	想传输到连接目标的音频信号	ok
def_rope_hook_winch_large_node_11_label	机械与传动	绳索	label	Audio Data Receive	音频信号接收端	ok
def_rope_hook_winch_large_node_11_desc	机械与传动	绳索	node_desc	Audio data to receive from the connected anchor.	从连接目标接收到的音频信号	ok
def_rope_hook_winch_large_node_12_label	机械与传动	绳索	label	Length	线缆长度	ok
def_rope_hook_winch_large_node_12_desc	机械与传动	绳索	node_desc	The current length of the winch cable in metres.	返回当前绞车线缆长度	ok
def_rope_hook_winch_large_node_13_label	机械与传动	绳索	label	Fluid	流体	ok
def_rope_hook_winch_large_node_13_desc	机械与传动	绳索	node_desc	Fluid connection for the hose coil.	由线缆连接的流体接口	ok
def_rope_hook_winch_large_node_14_label	机械与传动	绳索	label	Speed	速度	ok
def_rope_hook_winch_large_node_14_desc	机械与传动	绳索	node_desc	The speed of the winch clamped to a relative range of -1 to 1.	绞盘的速度,范围-1~1	ok
def_rope_hook_winch_large_node_15_label	机械与传动	绳索	label	Detach Rope	断开绳索	ok
def_rope_hook_winch_large_node_15_desc	机械与传动	绳索	node_desc			ok
def_rope_hook_winch_small_name	机械与传动	绳索	name	Small Winch	绞车(小)	ok
def_rope_hook_winch_small_desc	机械与传动	绳索	desc	Draw a rope logic link between two Rope Nodes to form a cable. Can be extended and retracted.	在两个电缆锚之间画一个绳索逻辑链接，形成一条电缆。仅限于一个链路，但可以通过链路传输数据和电力。可伸缩	ok
def_rope_hook_winch_small_s_desc	机械与传动	绳索	s_desc	A mechanical winch that can transfer electric/fluid through an attached cable, with an extension length of 10m.	最大长度10米的机械绞车,可以通过绳索传输数据、电力、流体的机械绞车	ok
def_rope_hook_winch_small_node_0_label	机械与传动	绳索	label	Down	放下绳索	ok
def_rope_hook_winch_small_node_0_desc	机械与传动	绳索	node_desc	Lowers the winch cable down when receiving an on signal.	当接收到信号时降下绞盘绳索	ok
def_rope_hook_winch_small_node_1_label	机械与传动	绳索	label	Up	收回绳索	ok
def_rope_hook_winch_small_node_1_desc	机械与传动	绳索	node_desc	Raises the winch cable up when receiving an on signal.	当接收到信号时拉起绞盘绳索	ok
def_rope_hook_winch_small_node_2_label	机械与传动	绳索	label	Rope Node	绳索节点	ok
def_rope_hook_winch_small_node_2_desc	机械与传动	绳索	node_desc			ok
def_rope_hook_winch_small_node_3_label	机械与传动	绳索	label	Electric Node	电力节点	ok
def_rope_hook_winch_small_node_3_desc	机械与传动	绳索	node_desc			ok
def_rope_hook_winch_small_node_4_label	机械与传动	绳索	label	Fluid	流体	ok
def_rope_hook_winch_small_node_4_desc	机械与传动	绳索	node_desc	Fluid connection for the hose coil.	由线缆连接的流体接口	ok
def_rotating_light_name	传感器与探测	旋转件	name	Rotating Light	旋转警灯	ok
def_rotating_light_desc	传感器与探测	旋转件	desc			ok
def_rotating_light_s_desc	传感器与探测	旋转件	s_desc	A rotating light that can be controlled using an on/off signal.	可以通过on/off信号控制的旋转灯具	ok
def_rotating_light_node_0_label	传感器与探测	旋转件	label	Light Switch	灯光切换	ok
def_rotating_light_node_0_desc	传感器与探测	旋转件	node_desc	Controls whether or not the light is switched on.	设置灯光亮灭	ok
def_rotating_light_node_1_label	传感器与探测	旋转件	label	Electric	电	ok
def_rotating_light_node_1_desc	传感器与探测	旋转件	node_desc	Electrical power connection.	电源连接	ok
def_rotation_sensor_name	传感器与探测	旋转	name	Tilt Sensor	倾斜传感器	ok
def_rotation_sensor_desc	传感器与探测	旋转	desc	The measurement is expressed in terms of turns, with an output range of -0.25 to 0.25 turns. A value of zero points towards the horizon.	测量值以圈表示，输出范围为-0.25到0.25圈(代表-90°到90°)。输出0代表水平位置	ok
def_rotation_sensor_s_desc	传感器与探测	旋转	s_desc	A sensor that measures how much it has tilted, relative to the horizon.	测量它相对于自身水平面倾斜多少的传感器	ok
def_rotation_sensor_node_0_label	传感器与探测	旋转	label	Tilt	倾斜	ok
def_rotation_sensor_node_0_desc	传感器与探测	旋转	node_desc	The measured tilt relative to the horizon.	相对于水平的测量倾斜度	ok
def_rotor_coaxial_large_name	引擎与动力	旋翼	name	Rotor (Large)	旋翼(大)	ok
def_rotor_coaxial_large_desc	引擎与动力	旋翼	desc	Two standard number inputs control the rotor's swashplate, allowing you to affect its pitch and roll. Power received from an engine affects the amount of up and down force that the rotor will generate. The output force of this rotor is decreased when underwater.	两个数字输入控制旋翼的倾斜盘，允许您影响其俯仰Pitch和滚动Roll。从发动机接收到的功率影响旋翼将产生的上下作用力的大小。在水下时，螺旋桨的输出力减小	ok
def_rotor_coaxial_large_s_desc	引擎与动力	旋翼	s_desc	A helicopter rotor with controllable pitch and roll.	能够控制直升机俯仰、滚动的螺旋桨	ok
def_rotor_coaxial_large_node_0_label	引擎与动力	旋翼	label	Roll	滚转Roll	ok
def_rotor_coaxial_large_node_0_desc	引擎与动力	旋翼	node_desc	Standard value between -1 and 1 representing the desired roll amount.	-1到1的值，代表滚转角度	ok
def_rotor_coaxial_large_node_1_label	引擎与动力	旋翼	label	Pitch	俯仰Pitch	ok
def_rotor_coaxial_large_node_1_desc	引擎与动力	旋翼	node_desc	Standard value between -1 and 1 representing the desired pitch amount.	-1到1的值，代表俯仰角度	ok
def_rotor_coaxial_large_node_2_label	引擎与动力	旋翼	label	RPS	RPS	ok
def_rotor_coaxial_large_node_2_desc	引擎与动力	旋翼	node_desc	Power Connection A.	动力连接A	ok
def_rotor_coaxial_large_node_3_label	引擎与动力	旋翼	label	Collective	总距	ok
def_rotor_coaxial_large_node_3_desc	引擎与动力	旋翼	node_desc	Standard value between -1 and 1 representing the desired pitch amount.	-1到1的值，代表螺旋桨总距	ok
def_rotor_coaxial_large_node_4_label	引擎与动力	旋翼	label	RPS	RPS	ok
def_rotor_coaxial_large_node_4_desc	引擎与动力	旋翼	node_desc	Power Connection B.	动力连接B	ok
def_rotor_coaxial_light_name	引擎与动力	旋翼	name	Rotor (Light)	旋翼(轻)	ok
def_rotor_coaxial_light_desc	引擎与动力	旋翼	desc	Two standard number inputs control the rotor's swashplate, allowing you to affect its pitch and roll. Power received from an engine affects the amount of up and down force that the rotor will generate. The output force of this rotor is decreased when underwater.	两个数字输入控制旋翼的倾斜盘，允许您影响其俯仰Pitch和滚动Roll。从发动机接收到的功率影响旋翼将产生的上下作用力的大小。在水下时，螺旋桨的输出力减小	ok
def_rotor_coaxial_light_s_desc	引擎与动力	旋翼	s_desc	A helicopter rotor with controllable pitch and roll.	能够控制直升机俯仰、滚动的螺旋桨	ok
def_rotor_coaxial_light_node_0_label	引擎与动力	旋翼	label	Roll	滚转Roll	ok
def_rotor_coaxial_light_node_0_desc	引擎与动力	旋翼	node_desc	Standard value between -1 and 1 representing the desired roll amount.	-1到1的值，代表滚转角度	ok
def_rotor_coaxial_light_node_1_label	引擎与动力	旋翼	label	Pitch	俯仰Pitch	ok
def_rotor_coaxial_light_node_1_desc	引擎与动力	旋翼	node_desc	Standard value between -1 and 1 representing the desired pitch amount.	-1到1的值，代表俯仰角度	ok
def_rotor_coaxial_light_node_2_label	引擎与动力	旋翼	label	RPS	RPS	ok
def_rotor_coaxial_light_node_2_desc	引擎与动力	旋翼	node_desc	Power Connection A.	动力连接A	ok
def_rotor_coaxial_light_node_3_label	引擎与动力	旋翼	label	Collective	总距	ok
def_rotor_coaxial_light_node_3_desc	引擎与动力	旋翼	node_desc	Standard value between -1 and 1 representing the desired pitch amount.	-1到1的值，代表螺旋桨总距	ok
def_rotor_coaxial_light_node_4_label	引擎与动力	旋翼	label	RPS	RPS	ok
def_rotor_coaxial_light_node_4_desc	引擎与动力	旋翼	node_desc	Power Connection B.	动力连接B	ok
def_rotor_coaxial_light_end_name	引擎与动力	旋翼	name	Rotor End (Light)	旋翼末端(轻)	ok
def_rotor_coaxial_light_end_desc	引擎与动力	旋翼	desc	Two standard number inputs control the rotor's swashplate, allowing you to affect its pitch and roll. Power received from an engine affects the amount of up and down force that the rotor will generate. The output force of this rotor is decreased when underwater.	两个数字输入控制旋翼的倾斜盘，允许您影响其俯仰Pitch和滚动Roll。从发动机接收到的功率影响旋翼将产生的上下作用力的大小。在水下时，螺旋桨的输出力减小	ok
def_rotor_coaxial_light_end_s_desc	引擎与动力	旋翼	s_desc	A helicopter rotor with controllable pitch and roll.	能够控制直升机俯仰、滚动的螺旋桨	ok
def_rotor_coaxial_light_end_node_0_label	引擎与动力	旋翼	label	Roll	滚转Roll	ok
def_rotor_coaxial_light_end_node_0_desc	引擎与动力	旋翼	node_desc	Standard value between -1 and 1 representing the desired roll amount.	-1到1的值，代表滚转角度	ok
def_rotor_coaxial_light_end_node_1_label	引擎与动力	旋翼	label	Pitch	俯仰Pitch	ok
def_rotor_coaxial_light_end_node_1_desc	引擎与动力	旋翼	node_desc	Standard value between -1 and 1 representing the desired pitch amount.	-1到1的值，代表俯仰角度	ok
def_rotor_coaxial_light_end_node_2_label	引擎与动力	旋翼	label	RPS	RPS	ok
def_rotor_coaxial_light_end_node_2_desc	引擎与动力	旋翼	node_desc	Receives power generated by an engine.	接收发动机产生的动力	ok
def_rotor_coaxial_light_end_node_3_label	引擎与动力	旋翼	label	Collective	总距	ok
def_rotor_coaxial_light_end_node_3_desc	引擎与动力	旋翼	node_desc	Standard value between -1 and 1 representing the desired pitch amount.	-1到1的值，代表螺旋桨总距	ok
def_rotor_coaxial_prop_name	引擎与动力	旋翼	name	Rotor Propeller (Large)	旋翼推进器(大)	ok
def_rotor_coaxial_prop_desc	引擎与动力	旋翼	desc	Two standard number inputs control the rotor's swashplate, allowing you to affect its pitch and roll. Power received from an engine affects the amount of up and down force that the rotor will generate. The output force of this rotor is decreased when underwater.	两个数字输入控制旋翼的倾斜盘，允许您影响其俯仰Pitch和滚动Roll。从发动机接收到的功率影响旋翼将产生的上下作用力的大小。在水下时，螺旋桨的输出力减小	ok
def_rotor_coaxial_prop_s_desc	引擎与动力	旋翼	s_desc	A helicopter rotor with controllable pitch and roll.	能够控制直升机俯仰、滚动的螺旋桨	ok
def_rotor_coaxial_prop_node_0_label	引擎与动力	旋翼	label	Roll	滚转Roll	ok
def_rotor_coaxial_prop_node_0_desc	引擎与动力	旋翼	node_desc	Standard value between -1 and 1 representing the desired roll amount.	-1到1的值，代表滚转角度	ok
def_rotor_coaxial_prop_node_1_label	引擎与动力	旋翼	label	Pitch	俯仰Pitch	ok
def_rotor_coaxial_prop_node_1_desc	引擎与动力	旋翼	node_desc	Standard value between -1 and 1 representing the desired pitch amount.	-1到1的值，代表俯仰角度	ok
def_rotor_coaxial_prop_node_2_label	引擎与动力	旋翼	label	RPS	RPS	ok
def_rotor_coaxial_prop_node_2_desc	引擎与动力	旋翼	node_desc	Power Connection A.	动力连接A	ok
def_rotor_coaxial_prop_node_3_label	引擎与动力	旋翼	label	Collective	总距	ok
def_rotor_coaxial_prop_node_3_desc	引擎与动力	旋翼	node_desc	Standard value between -1 and 1 representing the desired pitch amount.	-1到1的值，代表螺旋桨总距	ok
def_rotor_coaxial_prop_node_4_label	引擎与动力	旋翼	label	RPS	RPS	ok
def_rotor_coaxial_prop_node_4_desc	引擎与动力	旋翼	node_desc	Power Connection B.	动力连接B	ok
def_rotor_coaxial_prop_end_name	引擎与动力	旋翼	name	Rotor Propeller End (Large)	旋翼末端(大)	ok
def_rotor_coaxial_prop_end_desc	引擎与动力	旋翼	desc	Two standard number inputs control the rotor's swashplate, allowing you to affect its pitch and roll. Power received from an engine affects the amount of up and down force that the rotor will generate. The output force of this rotor is decreased when underwater.	两个数字输入控制旋翼的倾斜盘，允许您影响其俯仰Pitch和滚动Roll。从发动机接收到的功率影响旋翼将产生的上下作用力的大小。在水下时，螺旋桨的输出力减小	ok
def_rotor_coaxial_prop_end_s_desc	引擎与动力	旋翼	s_desc	A helicopter rotor with controllable pitch and roll.	能够控制直升机俯仰、滚动的螺旋桨	ok
def_rotor_coaxial_prop_end_node_0_label	引擎与动力	旋翼	label	Roll	滚转Roll	ok
def_rotor_coaxial_prop_end_node_0_desc	引擎与动力	旋翼	node_desc	Standard value between -1 and 1 representing the desired roll amount.	-1到1的值，代表滚转角度	ok
def_rotor_coaxial_prop_end_node_1_label	引擎与动力	旋翼	label	Pitch	俯仰Pitch	ok
def_rotor_coaxial_prop_end_node_1_desc	引擎与动力	旋翼	node_desc	Standard value between -1 and 1 representing the desired pitch amount.	-1到1的值，代表俯仰角度	ok
def_rotor_coaxial_prop_end_node_2_label	引擎与动力	旋翼	label	RPS	RPS	ok
def_rotor_coaxial_prop_end_node_2_desc	引擎与动力	旋翼	node_desc	Receives power generated by an engine.	接收发动机产生的动力	ok
def_rotor_coaxial_prop_end_node_3_label	引擎与动力	旋翼	label	Collective	总距	ok
def_rotor_coaxial_prop_end_node_3_desc	引擎与动力	旋翼	node_desc	Standard value between -1 and 1 representing the desired pitch amount.	-1到1的值，代表螺旋桨总距	ok
def_rotor_coaxial_prop_small_name	引擎与动力	旋翼	name	Rotor Propeller (Small)	旋翼推进器(小)	ok
def_rotor_coaxial_prop_small_desc	引擎与动力	旋翼	desc	Two standard number inputs control the rotor's swashplate, allowing you to affect its pitch and roll. Power received from an engine affects the amount of up and down force that the rotor will generate. The output force of this rotor is decreased when underwater.	两个数字输入控制旋翼的倾斜盘，允许您影响其俯仰Pitch和滚动Roll。从发动机接收到的功率影响旋翼将产生的上下作用力的大小。在水下时，螺旋桨的输出力减小	ok
def_rotor_coaxial_prop_small_s_desc	引擎与动力	旋翼	s_desc	A helicopter rotor with controllable pitch and roll.	能够控制直升机俯仰、滚动的螺旋桨	ok
def_rotor_coaxial_prop_small_node_0_label	引擎与动力	旋翼	label	Roll	滚转Roll	ok
def_rotor_coaxial_prop_small_node_0_desc	引擎与动力	旋翼	node_desc	Standard value between -1 and 1 representing the desired roll amount.	-1到1的值，代表滚转角度	ok
def_rotor_coaxial_prop_small_node_1_label	引擎与动力	旋翼	label	Pitch	俯仰Pitch	ok
def_rotor_coaxial_prop_small_node_1_desc	引擎与动力	旋翼	node_desc	Standard value between -1 and 1 representing the desired pitch amount.	-1到1的值，代表俯仰角度	ok
def_rotor_coaxial_prop_small_node_2_label	引擎与动力	旋翼	label	RPS	RPS	ok
def_rotor_coaxial_prop_small_node_2_desc	引擎与动力	旋翼	node_desc	Power Connection A.	动力连接A	ok
def_rotor_coaxial_prop_small_node_3_label	引擎与动力	旋翼	label	Collective	总距	ok
def_rotor_coaxial_prop_small_node_3_desc	引擎与动力	旋翼	node_desc	Standard value between -1 and 1 representing the desired pitch amount.	-1到1的值，代表螺旋桨总距	ok
def_rotor_coaxial_prop_small_node_4_label	引擎与动力	旋翼	label	RPS	RPS	ok
def_rotor_coaxial_prop_small_node_4_desc	引擎与动力	旋翼	node_desc	Power Connection B.	动力连接B	ok
def_rotor_coaxial_prop_small_end_name	引擎与动力	旋翼	name	Rotor Propeller End (Small)	旋翼推进器末端(小)	ok
def_rotor_coaxial_prop_small_end_desc	引擎与动力	旋翼	desc	Two standard number inputs control the rotor's swashplate, allowing you to affect its pitch and roll. Power received from an engine affects the amount of up and down force that the rotor will generate. The output force of this rotor is decreased when underwater.	两个数字输入控制旋翼的倾斜盘，允许您影响其俯仰Pitch和滚动Roll。从发动机接收到的功率影响旋翼将产生的上下作用力的大小。在水下时，螺旋桨的输出力减小	ok
def_rotor_coaxial_prop_small_end_s_desc	引擎与动力	旋翼	s_desc	A helicopter rotor with controllable pitch and roll.	能够控制直升机俯仰、滚动的螺旋桨	ok
def_rotor_coaxial_prop_small_end_node_0_label	引擎与动力	旋翼	label	Roll	滚转Roll	ok
def_rotor_coaxial_prop_small_end_node_0_desc	引擎与动力	旋翼	node_desc	Standard value between -1 and 1 representing the desired roll amount.	-1到1的值，代表滚转角度	ok
def_rotor_coaxial_prop_small_end_node_1_label	引擎与动力	旋翼	label	Pitch	俯仰Pitch	ok
def_rotor_coaxial_prop_small_end_node_1_desc	引擎与动力	旋翼	node_desc	Standard value between -1 and 1 representing the desired pitch amount.	-1到1的值，代表俯仰角度	ok
def_rotor_coaxial_prop_small_end_node_2_label	引擎与动力	旋翼	label	RPS	RPS	ok
def_rotor_coaxial_prop_small_end_node_2_desc	引擎与动力	旋翼	node_desc	Receives power generated by an engine.	接收发动机产生的动力	ok
def_rotor_coaxial_prop_small_end_node_3_label	引擎与动力	旋翼	label	Collective	总距	ok
def_rotor_coaxial_prop_small_end_node_3_desc	引擎与动力	旋翼	node_desc	Standard value between -1 and 1 representing the desired pitch amount.	-1到1的值，代表螺旋桨总距	ok
def_rotor_coaxial_small_name	引擎与动力	旋翼	name	Rotor (Small)	旋翼(小)	ok
def_rotor_coaxial_small_desc	引擎与动力	旋翼	desc	Two standard number inputs control the rotor's swashplate, allowing you to affect its pitch and roll. Power received from an engine affects the amount of up and down force that the rotor will generate. The output force of this rotor is decreased when underwater.	两个数字输入控制旋翼的倾斜盘，允许您影响其俯仰Pitch和滚动Roll。从发动机接收到的功率影响旋翼将产生的上下作用力的大小。在水下时，螺旋桨的输出力减小	ok
def_rotor_coaxial_small_s_desc	引擎与动力	旋翼	s_desc	A helicopter rotor with controllable pitch and roll.	能够控制直升机俯仰、滚动的螺旋桨	ok
def_rotor_coaxial_small_node_0_label	引擎与动力	旋翼	label	Roll	滚转Roll	ok
def_rotor_coaxial_small_node_0_desc	引擎与动力	旋翼	node_desc	Standard value between -1 and 1 representing the desired roll amount.	-1到1的值，代表滚转角度	ok
def_rotor_coaxial_small_node_1_label	引擎与动力	旋翼	label	Pitch	俯仰Pitch	ok
def_rotor_coaxial_small_node_1_desc	引擎与动力	旋翼	node_desc	Standard value between -1 and 1 representing the desired pitch amount.	-1到1的值，代表俯仰角度	ok
def_rotor_coaxial_small_node_2_label	引擎与动力	旋翼	label	RPS	RPS	ok
def_rotor_coaxial_small_node_2_desc	引擎与动力	旋翼	node_desc	Power Connection A.	动力连接A	ok
def_rotor_coaxial_small_node_3_label	引擎与动力	旋翼	label	Collective	总距	ok
def_rotor_coaxial_small_node_3_desc	引擎与动力	旋翼	node_desc	Standard value between -1 and 1 representing the desired pitch amount.	-1到1的值，代表螺旋桨总距	ok
def_rotor_coaxial_small_node_4_label	引擎与动力	旋翼	label	RPS	RPS	ok
def_rotor_coaxial_small_node_4_desc	引擎与动力	旋翼	node_desc	Power Connection B.	动力连接B	ok
def_rudder_name	结构与气动	方向舵	name	Rudder	方向舵	ok
def_rudder_desc	结构与气动	方向舵	desc	It takes a number input between -1 and 1 that represent the two extremes of the rudder's rotation.	它需要一个介于-1和1之间的数字输入，表示方向舵旋转的两个极值	ok
def_rudder_s_desc	结构与气动	方向舵	s_desc	The rudder can be attached to the underside of a boat to control its yaw, allowing you to steer left and right.	舵可以附在船的下侧以控制它的偏航(Yaw)，允许你左右控制舵	ok
def_rudder_node_0_label	结构与气动	方向舵	label	Rotation	旋转	ok
def_rudder_node_0_desc	结构与气动	方向舵	node_desc	Accepts a value between -1 and 1 that represent the two extremes of the rudder's rotation.	接受介于-1和1之间的值，该值表示方向舵旋转的两个极值	ok
def_rudder_node_1_label	结构与气动	方向舵	label	Electric	电	ok
def_rudder_node_1_desc	结构与气动	方向舵	node_desc	Electrical power connection.	电源连接	ok
def_rudder_surface_name	结构与气动	方向舵	name	Fin Rudder	方向舵(鳍型)	ok
def_rudder_surface_desc	结构与气动	方向舵	desc	It takes a number input between -1 and 1 that represent the two extremes of the fin's rotation.	它需要一个介于-1和1之间的数字输入，表示鳍旋转的两个极值	ok
def_rudder_surface_s_desc	结构与气动	方向舵	s_desc	The fin rudder can be attached to the keel of a boat to control its yaw, allowing you to steer left and right.	鳍舵可以附在船的龙骨上，以控制船的偏航(Yaw)，使你可以左右控制舵	ok
def_rudder_surface_node_0_label	结构与气动	方向舵	label	Rotation	旋转	ok
def_rudder_surface_node_0_desc	结构与气动	方向舵	node_desc	Accepts a value between -1 and 1 that represent the two extremes of the rudder's rotation.	接受介于-1和1之间的值，该值表示方向舵旋转的两个极值	ok
def_rudder_surface_node_1_label	结构与气动	方向舵	label	Electric	电	ok
def_rudder_surface_node_1_desc	结构与气动	方向舵	node_desc	Electrical power connection.	电源连接	ok
def_rx_directional_name	通信与导航	无线电	name	RX Directional	定向天线	ok
def_rx_directional_desc	通信与导航	无线电	desc	Must be pointed at the target RX device. Sends and receives data on the specified frequency. Transmit Mode defaults to receive. (Max effective range at ground level : 8000km)	必须指向目标设备,以指定频率发送和接收数据.收发模式默认为接收(地面最大有效距离8000KM)	ok
def_rx_directional_s_desc	通信与导航	无线电	s_desc	A powerful directional radio and video data transmitter and receiver.	强力的数据与音视频收发设备	ok
def_rx_directional_node_0_label	通信与导航	无线电	label	Audio Recv	音频接收	ok
def_rx_directional_node_0_desc	通信与导航	无线电	node_desc	Output for received audio data.	输出收到的音频	ok
def_rx_directional_node_1_label	通信与导航	无线电	label	Audio Send	音频发送	ok
def_rx_directional_node_1_desc	通信与导航	无线电	node_desc	Input for audio data to send.	输入以发送音频	ok
def_rx_directional_node_2_label	通信与导航	无线电	label	Data Recv	数据接收	ok
def_rx_directional_node_2_desc	通信与导航	无线电	node_desc	Output for received composite data.	输出收到的数据	ok
def_rx_directional_node_3_label	通信与导航	无线电	label	Data Send	数据发送	ok
def_rx_directional_node_3_desc	通信与导航	无线电	node_desc	Input for composite data to send.	输入以发送数据	ok
def_rx_directional_node_4_label	通信与导航	无线电	label	Electric	电	ok
def_rx_directional_node_4_desc	通信与导航	无线电	node_desc	Electrical input.	电源连接	ok
def_rx_directional_node_5_label	通信与导航	无线电	label	Frequency	频率	ok
def_rx_directional_node_5_desc	通信与导航	无线电	node_desc	Radio Send/Receive Frequency.	无线电收发频率	ok
def_rx_directional_node_6_label	通信与导航	无线电	label	Signal Strength	信号强度	ok
def_rx_directional_node_6_desc	通信与导航	无线电	node_desc	Strength of connection signal.	信号的强度	ok
def_rx_directional_node_7_label	通信与导航	无线电	label	Transmit Mode	传输模式	ok
def_rx_directional_node_7_desc	通信与导航	无线电	node_desc	Whether the radio is transmitting or receiving.	无线电是发射还是接收	ok
def_rx_directional_node_8_label	通信与导航	无线电	label	Target Pitch	目标俯仰(Pitch)	ok
def_rx_directional_node_8_desc	通信与导航	无线电	node_desc	Target dish pitch in turns. Max 0.1	以圈为单位的俯仰(Pitch)数据,最大值0.1	ok
def_rx_directional_node_9_label	通信与导航	无线电	label	Target Yaw	目标偏航(Yaw)	ok
def_rx_directional_node_9_desc	通信与导航	无线电	node_desc	Target dish yaw in turns.	以圈为单位的偏航(Yaw)数据	ok
def_rx_directional_node_10_label	通信与导航	无线电	label	Video Send	视频发送	ok
def_rx_directional_node_10_desc	通信与导航	无线电	node_desc	Input for video data to send.	输入以发送视频数据	ok
def_rx_directional_node_11_label	通信与导航	无线电	label	Video Recv	视频接收	ok
def_rx_directional_node_11_desc	通信与导航	无线电	node_desc	Output for recieved video data.	输出收到的视频数据	ok
def_rx_directional_large_name	通信与导航	无线电	name	RX Directional (Large)	定向天线(大)	ok
def_rx_directional_large_desc	通信与导航	无线电	desc	Must be pointed at the target RX device. Sends and receives data on the specified frequency. Transmit Mode defaults to receive. (Max effective range at ground level : 10000km)	必须指向目标设备,以指定频率发送和接收数据.收发模式默认为接收(地面最大有效距离10000KM)	ok
def_rx_directional_large_s_desc	通信与导航	无线电	s_desc	A powerful directional radio and video data transmitter and receiver.	强力的数据与音视频收发设备	ok
def_rx_directional_large_node_0_label	通信与导航	无线电	label	Audio Recv	音频接收	ok
def_rx_directional_large_node_0_desc	通信与导航	无线电	node_desc	Output for received audio data.	输出收到的音频	ok
def_rx_directional_large_node_1_label	通信与导航	无线电	label	Audio Send	音频发送	ok
def_rx_directional_large_node_1_desc	通信与导航	无线电	node_desc	Input for audio data to send.	输入以发送音频	ok
def_rx_directional_large_node_2_label	通信与导航	无线电	label	Data Recv	数据接收	ok
def_rx_directional_large_node_2_desc	通信与导航	无线电	node_desc	Output for received composite data.	输出收到的数据	ok
def_rx_directional_large_node_3_label	通信与导航	无线电	label	Data Send	数据发送	ok
def_rx_directional_large_node_3_desc	通信与导航	无线电	node_desc	Input for composite data to send.	输入以发送数据	ok
def_rx_directional_large_node_4_label	通信与导航	无线电	label	Electric	电	ok
def_rx_directional_large_node_4_desc	通信与导航	无线电	node_desc	Electrical input.	电源连接	ok
def_rx_directional_large_node_5_label	通信与导航	无线电	label	Frequency	频率	ok
def_rx_directional_large_node_5_desc	通信与导航	无线电	node_desc	Radio Send/Receive Frequency.	无线电收发频率	ok
def_rx_directional_large_node_6_label	通信与导航	无线电	label	Signal Strength	信号强度	ok
def_rx_directional_large_node_6_desc	通信与导航	无线电	node_desc	Strength of connection signal.	信号的强度	ok
def_rx_directional_large_node_7_label	通信与导航	无线电	label	Transmit Mode	传输模式	ok
def_rx_directional_large_node_7_desc	通信与导航	无线电	node_desc	Whether the radio is transmitting or receiving.	无线电是发射还是接收	ok
def_rx_directional_large_node_8_label	通信与导航	无线电	label	Target Pitch	目标俯仰(Pitch)	ok
def_rx_directional_large_node_8_desc	通信与导航	无线电	node_desc	Target dish pitch in turns. Max 0.1	以圈为单位的俯仰(Pitch)数据	ok
def_rx_directional_large_node_9_label	通信与导航	无线电	label	Target Yaw	目标偏航(Yaw)	ok
def_rx_directional_large_node_9_desc	通信与导航	无线电	node_desc	Target dish yaw in turns.	以圈为单位的偏航(Yaw)数据,最大0.1	ok
def_rx_directional_large_node_10_label	通信与导航	无线电	label	Video Send	视频发送	ok
def_rx_directional_large_node_10_desc	通信与导航	无线电	node_desc	Input for video data to send.	输入以发送视频数据	ok
def_rx_directional_large_node_11_label	通信与导航	无线电	label	Video Recv	视频接收	ok
def_rx_directional_large_node_11_desc	通信与导航	无线电	node_desc	Output for recieved video data.	输出收到的视频数据	ok
def_rx_huge_name	通信与导航	无线电	name	Radio RX Huge	巨型无线电接收器	ok
def_rx_huge_desc	通信与导航	无线电	desc	Sends and receives data on the specified frequencies.	按指定发送频率和接收数据	ok
def_rx_huge_s_desc	通信与导航	无线电	s_desc	A radio data transmitter and receiver.	无线电数据发射器和接收器	ok
def_rx_huge_node_0_label	通信与导航	无线电	label	Data Send	数据发送	ok
def_rx_huge_node_0_desc	通信与导航	无线电	node_desc			ok
def_rx_huge_node_1_label	通信与导航	无线电	label	Data Recv	数据接收	ok
def_rx_huge_node_1_desc	通信与导航	无线电	node_desc			ok
def_rx_huge_node_2_label	通信与导航	无线电	label	Electric	电	ok
def_rx_huge_node_2_desc	通信与导航	无线电	node_desc			ok
def_rx_huge_node_3_label	通信与导航	无线电	label	Frequency Send	发送频率	ok
def_rx_huge_node_3_desc	通信与导航	无线电	node_desc			ok
def_rx_huge_node_4_label	通信与导航	无线电	label	Frequency Recv	接收频率	ok
def_rx_huge_node_4_desc	通信与导航	无线电	node_desc			ok
def_rx_huge_node_5_label	通信与导航	无线电	label	Signal Strength	信号强度	ok
def_rx_huge_node_5_desc	通信与导航	无线电	node_desc			ok
def_rx_huge_v2_name	通信与导航	无线电	name	Radio RX Huge	无线电收发机(巨)	ok
def_rx_huge_v2_desc	通信与导航	无线电	desc	Sends and receives data on the specified frequency. Transmit Mode defaults to receive. (Max effective range at ground level : 20km)	以指定的发送频率和接收数据。传输模式默认为接收。地表传输最大范围20KM	ok
def_rx_huge_v2_s_desc	通信与导航	无线电	s_desc	A radio data transmitter and receiver.	无线电数据发射器和接收器	ok
def_rx_huge_v2_node_0_label	通信与导航	无线电	label	Audio Recv	音频接收	ok
def_rx_huge_v2_node_0_desc	通信与导航	无线电	node_desc	Output for received audio data.	接收音频数据的输出	ok
def_rx_huge_v2_node_1_label	通信与导航	无线电	label	Audio Send	音频发送	ok
def_rx_huge_v2_node_1_desc	通信与导航	无线电	node_desc	Input for audio data to send.	用于发送音频数据的输入	ok
def_rx_huge_v2_node_2_label	通信与导航	无线电	label	Data Recv	数据接收	ok
def_rx_huge_v2_node_2_desc	通信与导航	无线电	node_desc	Output for received composite data.	接收的复合数据的输出	ok
def_rx_huge_v2_node_3_label	通信与导航	无线电	label	Data Send	数据发送	ok
def_rx_huge_v2_node_3_desc	通信与导航	无线电	node_desc	Input for composite data to send.	用于复合数据的输入	ok
def_rx_huge_v2_node_4_label	通信与导航	无线电	label	Electric	电	ok
def_rx_huge_v2_node_4_desc	通信与导航	无线电	node_desc	Electrical input.	电源输入	ok
def_rx_huge_v2_node_5_label	通信与导航	无线电	label	Frequency	频率	ok
def_rx_huge_v2_node_5_desc	通信与导航	无线电	node_desc	Radio Send/Receive Frequency.	无线电发送/接收频率	ok
def_rx_huge_v2_node_6_label	通信与导航	无线电	label	Signal Strength	信号强度	ok
def_rx_huge_v2_node_6_desc	通信与导航	无线电	node_desc	Strength of connection signal.	连接信号强度	ok
def_rx_huge_v2_node_7_label	通信与导航	无线电	label	Transmit Mode	传输模式	ok
def_rx_huge_v2_node_7_desc	通信与导航	无线电	node_desc	Whether the radio is transmitting or receiving.	选择无线电是发射(on)还是接收(off)	ok
def_rx_large_name	通信与导航	无线电	name	Radio RX Large	大型无线电RX	ok
def_rx_large_desc	通信与导航	无线电	desc	Sends and receives data on the specified frequencies.	按指定发送频率和接收数据	ok
def_rx_large_s_desc	通信与导航	无线电	s_desc	A radio data transmitter and receiver.	无线电数据发射器和接收器	ok
def_rx_large_node_0_label	通信与导航	无线电	label	Data Send	数据发送	ok
def_rx_large_node_0_desc	通信与导航	无线电	node_desc			ok
def_rx_large_node_1_label	通信与导航	无线电	label	Data Recv	数据接收	ok
def_rx_large_node_1_desc	通信与导航	无线电	node_desc			ok
def_rx_large_node_2_label	通信与导航	无线电	label	Electric	电	ok
def_rx_large_node_2_desc	通信与导航	无线电	node_desc			ok
def_rx_large_node_3_label	通信与导航	无线电	label	Frequency Send	发送频率	ok
def_rx_large_node_3_desc	通信与导航	无线电	node_desc			ok
def_rx_large_node_4_label	通信与导航	无线电	label	Frequency Recv	接收频率	ok
def_rx_large_node_4_desc	通信与导航	无线电	node_desc			ok
def_rx_large_node_5_label	通信与导航	无线电	label	Signal Strength	信号强度	ok
def_rx_large_node_5_desc	通信与导航	无线电	node_desc			ok
def_rx_large_v2_name	通信与导航	无线电	name	Radio RX Large	无线电收发机(大)	ok
def_rx_large_v2_desc	通信与导航	无线电	desc	Sends and receives data on the specified frequency. Transmit Mode defaults to receive. (Max effective range at ground level : 4km)	以指定的发送频率和接收数据。传输模式默认为接收。地表传输最大范围4KM	ok
def_rx_large_v2_s_desc	通信与导航	无线电	s_desc	A radio data transmitter and receiver.	无线电数据发射器和接收器	ok
def_rx_large_v2_node_0_label	通信与导航	无线电	label	Audio Recv	音频接收	ok
def_rx_large_v2_node_0_desc	通信与导航	无线电	node_desc	Output for received audio data.	接收音频数据的输出	ok
def_rx_large_v2_node_1_label	通信与导航	无线电	label	Audio Send	音频发送	ok
def_rx_large_v2_node_1_desc	通信与导航	无线电	node_desc	Input for audio data to send.	用于发送音频数据的输入	ok
def_rx_large_v2_node_2_label	通信与导航	无线电	label	Data Recv	数据接收	ok
def_rx_large_v2_node_2_desc	通信与导航	无线电	node_desc	Output for received composite data.	接收的复合数据的输出	ok
def_rx_large_v2_node_3_label	通信与导航	无线电	label	Data Send	数据发送	ok
def_rx_large_v2_node_3_desc	通信与导航	无线电	node_desc	Input for composite data to send.	用于复合数据的输入	ok
def_rx_large_v2_node_4_label	通信与导航	无线电	label	Electric	电	ok
def_rx_large_v2_node_4_desc	通信与导航	无线电	node_desc	Electrical input.	电源输入	ok
def_rx_large_v2_node_5_label	通信与导航	无线电	label	Frequency	频率	ok
def_rx_large_v2_node_5_desc	通信与导航	无线电	node_desc	Radio Send/Receive Frequency.	无线电发送/接收频率	ok
def_rx_large_v2_node_6_label	通信与导航	无线电	label	Signal Strength	信号强度	ok
def_rx_large_v2_node_6_desc	通信与导航	无线电	node_desc	Strength of connection signal.	连接信号强度	ok
def_rx_large_v2_node_7_label	通信与导航	无线电	label	Transmit Mode	传输模式	ok
def_rx_large_v2_node_7_desc	通信与导航	无线电	node_desc	Whether the radio is transmitting or receiving.	选择无线电是发射(on)还是接收(off)	ok
def_rx_med_name	通信与导航	无线电	name	Radio RX Medium	无线电接收中等	ok
def_rx_med_desc	通信与导航	无线电	desc	Sends and receives data on the specified frequencies.	按指定发送频率和接收数据	ok
def_rx_med_s_desc	通信与导航	无线电	s_desc	A radio data transmitter and receiver.	无线电数据发射器和接收器	ok
def_rx_med_node_0_label	通信与导航	无线电	label	Data Send	数据发送	ok
def_rx_med_node_0_desc	通信与导航	无线电	node_desc			ok
def_rx_med_node_1_label	通信与导航	无线电	label	Data Recv	数据接收	ok
def_rx_med_node_1_desc	通信与导航	无线电	node_desc			ok
def_rx_med_node_2_label	通信与导航	无线电	label	Electric	电	ok
def_rx_med_node_2_desc	通信与导航	无线电	node_desc			ok
def_rx_med_node_3_label	通信与导航	无线电	label	Frequency Send	发送频率	ok
def_rx_med_node_3_desc	通信与导航	无线电	node_desc			ok
def_rx_med_node_4_label	通信与导航	无线电	label	Frequency Recv	接收频率	ok
def_rx_med_node_4_desc	通信与导航	无线电	node_desc			ok
def_rx_med_node_5_label	通信与导航	无线电	label	Signal Strength	信号强度	ok
def_rx_med_node_5_desc	通信与导航	无线电	node_desc			ok
def_rx_med_v2_name	通信与导航	无线电	name	Radio RX Medium	无线电收发机(中)	ok
def_rx_med_v2_desc	通信与导航	无线电	desc	Sends and receives data on the specified frequency. Transmit Mode defaults to receive. (Max effective range at ground level : 1km)	以指定的发送频率和接收数据。传输模式默认为接收。地表传输最大范围1KM	ok
def_rx_med_v2_s_desc	通信与导航	无线电	s_desc	A radio data transmitter and receiver.	无线电数据发射器和接收器	ok
def_rx_med_v2_node_0_label	通信与导航	无线电	label	Audio Recv	音频接收	ok
def_rx_med_v2_node_0_desc	通信与导航	无线电	node_desc	Output for received audio data.	接收音频数据的输出	ok
def_rx_med_v2_node_1_label	通信与导航	无线电	label	Audio Send	音频发送	ok
def_rx_med_v2_node_1_desc	通信与导航	无线电	node_desc	Input for audio data to send.	用于发送音频数据的输入	ok
def_rx_med_v2_node_2_label	通信与导航	无线电	label	Data Recv	数据接收	ok
def_rx_med_v2_node_2_desc	通信与导航	无线电	node_desc	Output for received composite data.	接收的复合数据的输出	ok
def_rx_med_v2_node_3_label	通信与导航	无线电	label	Data Send	数据发送	ok
def_rx_med_v2_node_3_desc	通信与导航	无线电	node_desc	Input for composite data to send.	用于复合数据的输入	ok
def_rx_med_v2_node_4_label	通信与导航	无线电	label	Electric	电	ok
def_rx_med_v2_node_4_desc	通信与导航	无线电	node_desc	Electrical input.	电源输入	ok
def_rx_med_v2_node_5_label	通信与导航	无线电	label	Frequency	频率	ok
def_rx_med_v2_node_5_desc	通信与导航	无线电	node_desc	Radio Send/Receive Frequency.	无线电发送/接收频率	ok
def_rx_med_v2_node_6_label	通信与导航	无线电	label	Signal Strength	信号强度	ok
def_rx_med_v2_node_6_desc	通信与导航	无线电	node_desc	Strength of connection signal.	连接信号强度	ok
def_rx_med_v2_node_7_label	通信与导航	无线电	label	Transmit Mode	传输模式	ok
def_rx_med_v2_node_7_desc	通信与导航	无线电	node_desc	Whether the radio is transmitting or receiving.	选择无线电是发射(on)还是接收(off)	ok
def_rx_small_name	通信与导航	无线电	name	Radio RX Small	小型无线电接收	ok
def_rx_small_desc	通信与导航	无线电	desc	Sends and receives data on the specified frequencies.	按指定发送频率和接收数据	ok
def_rx_small_s_desc	通信与导航	无线电	s_desc	A radio data transmitter and receiver.	无线电数据发射器和接收器	ok
def_rx_small_node_0_label	通信与导航	无线电	label	Data Send	数据发送	ok
def_rx_small_node_0_desc	通信与导航	无线电	node_desc			ok
def_rx_small_node_1_label	通信与导航	无线电	label	Data Recv	数据接收	ok
def_rx_small_node_1_desc	通信与导航	无线电	node_desc			ok
def_rx_small_node_2_label	通信与导航	无线电	label	Electric	电	ok
def_rx_small_node_2_desc	通信与导航	无线电	node_desc			ok
def_rx_small_node_3_label	通信与导航	无线电	label	Frequency Send	发送频率	ok
def_rx_small_node_3_desc	通信与导航	无线电	node_desc			ok
def_rx_small_node_4_label	通信与导航	无线电	label	Frequency Recv	接收频率	ok
def_rx_small_node_4_desc	通信与导航	无线电	node_desc			ok
def_rx_small_v2_name	通信与导航	无线电	name	Radio RX Small	无线电收发机(小)	ok
def_rx_small_v2_desc	通信与导航	无线电	desc	Sends and receives data on the specified frequency. Transmit Mode defaults to receive. (Max effective range at ground level : 100m)	以指定的发送频率和接收数据。传输模式默认为接收。地表传输最大范围100米	ok
def_rx_small_v2_s_desc	通信与导航	无线电	s_desc	A radio data transmitter and receiver.	无线电数据发射器和接收器	ok
def_rx_small_v2_node_0_label	通信与导航	无线电	label	Audio Recv	音频接收	ok
def_rx_small_v2_node_0_desc	通信与导航	无线电	node_desc	Output for received audio data.	接收音频数据的输出	ok
def_rx_small_v2_node_1_label	通信与导航	无线电	label	Audio Send	音频发送	ok
def_rx_small_v2_node_1_desc	通信与导航	无线电	node_desc	Input for audio data to send.	用于发送音频数据的输入	ok
def_rx_small_v2_node_2_label	通信与导航	无线电	label	Data Recv	数据接收	ok
def_rx_small_v2_node_2_desc	通信与导航	无线电	node_desc	Output for received composite data.	接收的复合数据的输出	ok
def_rx_small_v2_node_3_label	通信与导航	无线电	label	Data Send	数据发送	ok
def_rx_small_v2_node_3_desc	通信与导航	无线电	node_desc	Input for composite data to send.	用于复合数据的输入	ok
def_rx_small_v2_node_4_label	通信与导航	无线电	label	Electric	电	ok
def_rx_small_v2_node_4_desc	通信与导航	无线电	node_desc	Electrical input.	电源输入	ok
def_rx_small_v2_node_5_label	通信与导航	无线电	label	Frequency	频率	ok
def_rx_small_v2_node_5_desc	通信与导航	无线电	node_desc	Radio Send/Receive Frequency.	无线电发送/接收频率	ok
def_rx_small_v2_node_6_label	通信与导航	无线电	label	Transmit Mode	传输模式	ok
def_rx_small_v2_node_6_desc	通信与导航	无线电	node_desc	Whether the radio is transmitting or receiving.	选择无线电是发射(on)还是接收(off)	ok
def_rx_video_r_name	通信与导航	无线电	name	Radio Video Recv	无线图传接收端	ok
def_rx_video_r_desc	通信与导航	无线电	desc	Receives a video signal on the frequency specified.	接收指定频率的视频信号	ok
def_rx_video_r_s_desc	通信与导航	无线电	s_desc	A radio receiver for receiving video signals.	接收视频信号的无线电接收器	ok
def_rx_video_r_node_0_label	通信与导航	无线电	label	Video Recv	视频接收	ok
def_rx_video_r_node_0_desc	通信与导航	无线电	node_desc			ok
def_rx_video_r_node_1_label	通信与导航	无线电	label	Electric	电	ok
def_rx_video_r_node_1_desc	通信与导航	无线电	node_desc			ok
def_rx_video_r_node_2_label	通信与导航	无线电	label	Frequency Recv	接收频率	ok
def_rx_video_r_node_2_desc	通信与导航	无线电	node_desc			ok
def_rx_video_r_node_3_label	通信与导航	无线电	label	Signal Strength	信号强度	ok
def_rx_video_r_node_3_desc	通信与导航	无线电	node_desc			ok
def_rx_video_x_name	通信与导航	无线电	name	Radio Video Xmit	无线图传发射端	ok
def_rx_video_x_desc	通信与导航	无线电	desc	Sends a video signal on the frequency specified. (Max Effective Range : 10000m)	按指定的发送频率视频信号(最大距离10000m)	ok
def_rx_video_x_s_desc	通信与导航	无线电	s_desc	A radio transmitter for sending video signals.	发送视频信号的无线电发射器	ok
def_rx_video_x_node_0_label	通信与导航	无线电	label	Video Send	视频发送	ok
def_rx_video_x_node_0_desc	通信与导航	无线电	node_desc			ok
def_rx_video_x_node_1_label	通信与导航	无线电	label	Electric	电	ok
def_rx_video_x_node_1_desc	通信与导航	无线电	node_desc			ok
def_rx_video_x_node_2_label	通信与导航	无线电	label	Frequency Send	发送频率	ok
def_rx_video_x_node_2_desc	通信与导航	无线电	node_desc			ok
def_scoop_intake_2_name	载具与交通	进气/进水口	name	Air Scoop Intake 1x1	流体力学进气口 1x1	ok
def_scoop_intake_2_desc	载具与交通	进气/进水口	desc	An air intake component that performs better at higher velocity.	在高速下表现更好的进气口组件	ok
def_scoop_intake_2_s_desc	载具与交通	进气/进水口	s_desc	An air intake component.	进气口	ok
def_scoop_intake_2_node_0_label	载具与交通	进气/进水口	label	Fluid	流体	ok
def_scoop_intake_2_node_0_desc	载具与交通	进气/进水口	node_desc	Air output port.	气体输出端口	ok
def_searchlight_name	显示与控制	探照灯	name	Search Light	探照灯	ok
def_searchlight_desc	显示与控制	探照灯	desc	The light has a standard value input that sets the target orientation within the its range of motion. It can rotate a quarter turn in both directions. An on/off signal is used to switch the light on and off. It has a range of 120m.	灯光有一个标准值输入，用于在其运动范围内设置目标方向。它可以在两个方向旋转四分之一圈。开关信号用于打开和关闭灯。它的射程是120米	ok
def_searchlight_s_desc	显示与控制	探照灯	s_desc	A spotlight that can be rotated up and down.	可以上下旋转的聚光灯	ok
def_searchlight_node_0_label	显示与控制	探照灯	label	Light Switch	灯光开关	ok
def_searchlight_node_0_desc	显示与控制	探照灯	node_desc	Controls whether or not the light is switched on.	控制灯是否打开	ok
def_searchlight_node_1_label	显示与控制	探照灯	label	Rotation	旋转	ok
def_searchlight_node_1_desc	显示与控制	探照灯	node_desc	Standard value between -1 and 1 representing the target orientation of the light.	介于-1和1之间的标准值，表示灯光的目标方向	ok
def_searchlight_node_2_label	显示与控制	探照灯	label	Electric	电	ok
def_searchlight_node_2_desc	显示与控制	探照灯	node_desc	Electrical power connection.	电源连接	ok
def_searchlight_small_name	显示与控制	探照灯	name	Small Spotlight (Block)	小聚光灯(块)	ok
def_searchlight_small_desc	显示与控制	探照灯	desc	It has a range of 60m. Can be pivoted up to 0.125 turns using composite input.	照明范围60米,可以使用混合输入控制0.125圈的旋转	ok
def_searchlight_small_s_desc	显示与控制	探照灯	s_desc	A small spotlight that can be controlled using an on/off signal.	可以由开/关信号控制的小聚光灯	ok
def_searchlight_small_node_0_label	显示与控制	探照灯	label	Light Switch	灯光开关	ok
def_searchlight_small_node_0_desc	显示与控制	探照灯	node_desc	Controls whether or not the light is switched on.	控制灯是否打开	ok
def_searchlight_small_node_1_label	显示与控制	探照灯	label	Electric	电	ok
def_searchlight_small_node_1_desc	显示与控制	探照灯	node_desc	Electrical power connection.	电源连接	ok
def_searchlight_small_node_2_label	显示与控制	探照灯	label	Pivot	轴	ok
def_searchlight_small_node_2_desc	显示与控制	探照灯	node_desc	Inputs for spotlight X/Y pivot. (Value 1 : Pivot X) (Value 2 : Pivot Y)	聚光灯的X/Y轴数值(数值1:X轴,数值2:Y轴)(值-1~1代表-45°~45°)	ok
def_searchlight_small_2_name	显示与控制	探照灯	name	Small Spotlight (Mounted)	小聚光灯(挂载)	ok
def_searchlight_small_2_desc	显示与控制	探照灯	desc	It has a range of 60m. Can be pivoted up to 0.125 turns using composite input.	照明范围60米,可以使用混合输入控制0.125圈的旋转	ok
def_searchlight_small_2_s_desc	显示与控制	探照灯	s_desc	A small spotlight that can be controlled using an on/off signal.	可以由开/关信号控制的小聚光灯	ok
def_searchlight_small_2_node_0_label	显示与控制	探照灯	label	Light Switch	灯光开关	ok
def_searchlight_small_2_node_0_desc	显示与控制	探照灯	node_desc	Controls whether or not the light is switched on.	控制灯是否打开	ok
def_searchlight_small_2_node_1_label	显示与控制	探照灯	label	Electric	电	ok
def_searchlight_small_2_node_1_desc	显示与控制	探照灯	node_desc	Electrical power connection.	电源连接	ok
def_searchlight_small_2_node_2_label	显示与控制	探照灯	label	Pivot	轴	ok
def_searchlight_small_2_node_2_desc	显示与控制	探照灯	node_desc	Inputs for spotlight X/Y pivot. (Value 1 : Pivot X) (Value 2 : Pivot Y)	聚光灯的X/Y轴数值(数值1:X轴,数值2:Y轴)(值-1~1代表-45°~45°)	ok
def_seat_name	座椅与载人	座椅	name	Pilot Seat	驾驶座椅	ok
def_seat_desc	座椅与载人	座椅	desc	It provides 4 number outputs that produce a standard value ranging from -1 to 1, and 6 on/off outputs. You can get in and out of the pilot seat by interacting with it using [$[action_use_seat]].	它提供4个输出，产生从-1到1的标准值，以及6个开/关输出。您可以通过使用 [$[action_use_seat]]与飞行员座椅交互来进出	ok
def_seat_s_desc	座椅与载人	座椅	s_desc	The pilot seat lets you translate keyboard presses into output signals that can control logic components.	飞行员座椅可以将键盘按键转换成可以控制逻辑元件的输出信号	ok
def_seat_node_0_label	座椅与载人	座椅	label	Occupied	被占用	ok
def_seat_node_0_desc	座椅与载人	座椅	node_desc	Outputs an on signal if this seat is occupied by a character.	如果该座位被角色占用，则输出接通信号	ok
def_seat_node_1_label	座椅与载人	座椅	label	Trigger [$[action_trigger]]	扳机[$[action_Trigger]]	ok
def_seat_node_1_desc	座椅与载人	座椅	node_desc	Outputs an on signal when [$[action_trigger]] is held, and off when it is not.	按住[$[action_trigger]]输出一个开启信号，当它没有按下，输出一个关闭信号	ok
def_seat_node_2_label	座椅与载人	座椅	label	Look X	视野X轴	ok
def_seat_node_2_desc	座椅与载人	座椅	node_desc	Outputs the character look direction in turns along the X-axis.	沿X轴输出角色视野方向	ok
def_seat_node_3_label	座椅与载人	座椅	label	Look Y	视野Y轴	ok
def_seat_node_3_desc	座椅与载人	座椅	node_desc	Outputs the character look direction in turns along the Y-axis.	沿Y轴输出角色视野方向	ok
def_seat_node_4_label	座椅与载人	座椅	label	Axis 1 [$[action_left]]/[$[action_right]]	轴 1 [$[action_left]]/[$[action_right]]	ok
def_seat_node_4_desc	座椅与载人	座椅	node_desc	Outputs a standard value between -1 and 1, controlled using [$[action_left]] and [$[action_right]]. [$[action_left]] causes the output value to move towards -1, and [$[action_right]] moves it towards 1.	输出一个介于-1和1之间的标准值，使用[$[action_left]]和[$[action_right]]进行控制。[$[action_left]]使输出值向-1移动，[$[action_right]]使其向1移动	ok
def_seat_node_5_label	座椅与载人	座椅	label	Axis 2 [$[action_up]]/[$[action_down]]	轴 2 [$[action_up]]/[$[action_down]]	ok
def_seat_node_5_desc	座椅与载人	座椅	node_desc	Outputs a standard value between -1 and 1, controlled using [$[action_up]] and [$[action_down]]. [$[action_down]] causes the output value to move towards -1, and [$[action_up]] moves it towards 1.	输出一个介于-1和1之间的标准值，使用[$[action_up]]和[$[action_down]]进行控制。[$[action_down]]使输出值向-1移动，[$[action_up]]使其向1移动	ok
def_seat_node_6_label	座椅与载人	座椅	label	Axis 3 [$[action_pedal_left]]/[$[action_pedal_right]]	轴 3 [$[action_pedal_left]]/[$[action_pedal_right]]	ok
def_seat_node_6_desc	座椅与载人	座椅	node_desc	Outputs a standard value between -1 and 1, controlled using [$[action_pedal_left]] and [$[action_pedal_right]]. [$[action_pedal_left]] causes the output value to move towards -1, and [$[action_pedal_right]] moves it towards 1.	输出一个介于-1和1之间的标准值，使用[$[action_pedal_left]]和[$[action_pedal_right]]进行控制。[$[action_pedal_left]]使输出值向-1移动，[$[action_pedal_right]]使其向1移动	ok
def_seat_node_7_label	座椅与载人	座椅	label	Axis 4 [$[action_throttle_up]]/[$[action_throttle_down]]	轴 4 [$[action_throttle_up]]/[$[action_throttle_down]]	ok
def_seat_node_7_desc	座椅与载人	座椅	node_desc	Outputs a standard value between -1 and 1, controlled using [$[action_throttle_up]] and [$[action_throttle_down]]. [$[action_throttle_down]] causes the output value to move towards -1, and [$[action_throttle_up]] moves it towards 1.	输出一个介于-1和1之间的标准值，使用[$[action_throttle_up]]和[$[action_throttle_down]]进行控制。[$[action_throttle_down]]使输出值向-1移动，[$[action_throttle_up]]使其向1移动	ok
def_seat_node_8_label	座椅与载人	座椅	label	Hotkey 1 [$[action_hotkey_1]]	按键 1 [$[action_hotkey_1]]	ok
def_seat_node_8_desc	座椅与载人	座椅	node_desc	Outputs an on signal when [$[action_hotkey_1]] is held, and off when it is not.	按住[$[action_hotkey_1]]时输出on信号,否则输出off信号	ok
def_seat_node_9_label	座椅与载人	座椅	label	Hotkey 2 [$[action_hotkey_2]]	按键 2 [$[action_hotkey_2]]	ok
def_seat_node_9_desc	座椅与载人	座椅	node_desc	Outputs an on signal when [$[action_hotkey_2]] is held, and off when it is not.	按住[$[action_hotkey_2]]时输出on信号,否则输出off信号	ok
def_seat_node_10_label	座椅与载人	座椅	label	Hotkey 3 [$[action_hotkey_3]]	按键 3 [$[action_hotkey_3]]	ok
def_seat_node_10_desc	座椅与载人	座椅	node_desc	Outputs an on signal when [$[action_hotkey_3]] is held, and off when it is not.	按住[$[action_hotkey_3]]时输出on信号,否则输出off信号	ok
def_seat_node_11_label	座椅与载人	座椅	label	Hotkey 4 [$[action_hotkey_4]]	按键 4 [$[action_hotkey_4]]	ok
def_seat_node_11_desc	座椅与载人	座椅	node_desc	Outputs an on signal when [$[action_hotkey_4]] is held, and off when it is not.	按住[$[action_hotkey_4]]时输出on信号,否则输出off信号	ok
def_seat_node_12_label	座椅与载人	座椅	label	Hotkey 5 [$[action_hotkey_5]]	按键 5 [$[action_hotkey_5]]	ok
def_seat_node_12_desc	座椅与载人	座椅	node_desc	Outputs an on signal when [$[action_hotkey_5]] is held, and off when it is not.	按住[$[action_hotkey_5]]时输出on信号,否则输出off信号	ok
def_seat_node_13_label	座椅与载人	座椅	label	Hotkey 6 [$[action_hotkey_6]]	按键 6 [$[action_hotkey_6]]	ok
def_seat_node_13_desc	座椅与载人	座椅	node_desc	Outputs an on signal when [$[action_hotkey_6]] is held, and off when it is not.	按住[$[action_hotkey_6]]时输出on信号,否则输出off信号	ok
def_seat_node_14_label	座椅与载人	座椅	label	Seat data	座位数据	ok
def_seat_node_14_desc	座椅与载人	座椅	node_desc	Outputs the axis, hotkey and occupied data from the seat. (On/Off 1+ : Hotkeys) (On/Off 31 : Trigger) (On/Off 32 : Occupied) (Value 1 : [$[action_left]]/[$[action_right]]) (Value 2 : [$[action_up]]/[$[action_down]]) (Value 3 : [$[action_pedal_left]]/[$[action_pedal_right]]) (Value 4 : [$[action_throttle_up]]/[$[action_throttle_down]]) (Value 9 : Look X)  (Value 10 : Look Y)	从座椅输出轴、热键和占用数据。 (On/Off 1+ : 按键) (On/Off 31 : 扳机) (On/Off 32 : 占用) (值1 : [$[action_left]]/[$[action_right]]) (值2 : [$[action_up]]/[$[action_down]]) (值3 : [$[action_pedal_left]]/[$[action_pedal_right]]) (值4 : [$[action_throttle_up]]/[$[action_throttle_down]]) (值9 : 视野X轴)  (值10 : 视野Y轴)	ok
def_seat_node_15_label	座椅与载人	座椅	label	Headset Audio	头盔音频	ok
def_seat_node_15_desc	座椅与载人	座椅	node_desc			ok
def_seat_node_16_label	座椅与载人	座椅	label	Headset Audio	头盔音频	ok
def_seat_node_16_desc	座椅与载人	座椅	node_desc			ok
def_seat_node_17_label	座椅与载人	座椅	label	Headset Video	头盔显示器	ok
def_seat_node_17_desc	座椅与载人	座椅	node_desc	Displays video UI overlay on a helmet mounted display.	头盔显示器输入信号	ok
def_seat_bed_name	座椅与载人	座椅	name	Bed	床	ok
def_seat_bed_desc	座椅与载人	座椅	desc	You can get in and out of the bed by interacting with it using [$[action_use_seat]]. You can place a rescued survivor in any bed by using [$[action_use_seat]] while carrying them.	你可以通过使用[$[action_use_seat]]与之交互来上下床。你可以在携带幸存者时使用 [$[action_use_seat]]将获救的幸存者放置在任何床上	ok
def_seat_bed_s_desc	座椅与载人	座椅	s_desc	A bed.	一张床	ok
def_seat_bed_node_0_label	座椅与载人	座椅	label	Occupied	被占用	ok
def_seat_bed_node_0_desc	座椅与载人	座椅	node_desc	Outputs an on signal if this bed is occupied by a character.	如果这个床被一个角色占用，则输出一个信号	ok
def_seat_compact_name	座椅与载人	座椅	name	Compact Pilot Seat	驾驶座椅(紧凑型)	ok
def_seat_compact_desc	座椅与载人	座椅	desc	It provides 4 number outputs that produce a standard value ranging from -1 to 1, and 6 on/off outputs. You can get in and out of the compact pilot seat by interacting with it using [$[action_use_seat]].	它提供4个输出，产生从-1到1的标准值，以及6个开/关输出。您可以通过使用 [$[action_use_seat]]与紧凑型驾驶座椅交互来进出	ok
def_seat_compact_s_desc	座椅与载人	座椅	s_desc	The compact pilot seat lets you translate keyboard presses into output signals that can control logic components.	小巧的飞行员座椅可以将键盘按键转换成可以控制逻辑元件的输出信号	ok
def_seat_compact_node_0_label	座椅与载人	座椅	label	Occupied	被占用	ok
def_seat_compact_node_0_desc	座椅与载人	座椅	node_desc	Outputs an on signal if this seat is occupied by a character.	如果该座位被角色占用，则输出接通信号	ok
def_seat_compact_node_1_label	座椅与载人	座椅	label	Trigger [$[action_trigger]]	扳机 [$[action_trigger]]	ok
def_seat_compact_node_1_desc	座椅与载人	座椅	node_desc	Outputs an on signal when [$[action_trigger]] is held, and off when it is not.	按住[$[action_trigger]]时，输出一个开启信号。松开时，输出一个关闭信号	ok
def_seat_compact_node_2_label	座椅与载人	座椅	label	Look X	视野X轴	ok
def_seat_compact_node_2_desc	座椅与载人	座椅	node_desc	Outputs the character look direction in turns along the X-axis.	沿X轴输出角色视野方向	ok
def_seat_compact_node_3_label	座椅与载人	座椅	label	Look Y	视野Y轴	ok
def_seat_compact_node_3_desc	座椅与载人	座椅	node_desc	Outputs the character look direction in turns along the Y-axis.	沿Y轴输出角色视野方向	ok
def_seat_compact_node_4_label	座椅与载人	座椅	label	Axis 1 [$[action_left]]/[$[action_right]]	轴 1 [$[action_left]]/[$[action_right]]	ok
def_seat_compact_node_4_desc	座椅与载人	座椅	node_desc	Outputs a standard value between -1 and 1, controlled using [$[action_left]] and [$[action_right]]. [$[action_left]] causes the output value to move towards -1, and [$[action_right]] moves it towards 1.	输出一个介于-1和1之间的标准值，使用[$[action_left]]和[$[action_right]]进行控制。[$[action_left]]使输出值向-1移动，[$[action_right]]使其向1移动	ok
def_seat_compact_node_5_label	座椅与载人	座椅	label	Axis 2 [$[action_up]]/[$[action_down]]	轴 2 [$[action_up]]/[$[action_down]]	ok
def_seat_compact_node_5_desc	座椅与载人	座椅	node_desc	Outputs a standard value between -1 and 1, controlled using [$[action_up]] and [$[action_down]]. [$[action_down]] causes the output value to move towards -1, and [$[action_up]] moves it towards 1.	输出一个介于-1和1之间的标准值，使用[$[action_up]]和[$[action_down]]进行控制。[$[action_down]]使输出值向-1移动，[$[action_up]]使其向1移动	ok
def_seat_compact_node_6_label	座椅与载人	座椅	label	Axis 3 [$[action_pedal_left]]/[$[action_pedal_right]]	轴 3 [$[action_pedal_left]]/[$[action_pedal_right]]	ok
def_seat_compact_node_6_desc	座椅与载人	座椅	node_desc	Outputs a standard value between -1 and 1, controlled using [$[action_pedal_left]] and [$[action_pedal_right]]. [$[action_pedal_left]] causes the output value to move towards -1, and [$[action_pedal_right]] moves it towards 1.	输出一个介于-1和1之间的标准值，使用[$[action_pedal_left]]和[$[action_pedal_right]]进行控制。[$[action_pedal_left]]使输出值向-1移动，[$[action_pedal_right]]使其向1移动	ok
def_seat_compact_node_7_label	座椅与载人	座椅	label	Axis 4 [$[action_throttle_up]]/[$[action_throttle_down]]	轴 4 [$[action_throttle_up]]/[$[action_throttle_down]]	ok
def_seat_compact_node_7_desc	座椅与载人	座椅	node_desc	Outputs a standard value between -1 and 1, controlled using [$[action_throttle_up]] and [$[action_throttle_down]]. [$[action_throttle_down]] causes the output value to move towards -1, and [$[action_throttle_up]] moves it towards 1.	输出一个介于-1和1之间的标准值，使用[$[action_throttle_up]]和[$[action_throttle_down]]进行控制。[$[action_throttle_down]]使输出值向-1移动，[$[action_throttle_up]]使其向1移动	ok
def_seat_compact_node_8_label	座椅与载人	座椅	label	Hotkey 1 [$[action_hotkey_1]]	按键 1 [$[action_hotkey_1]]	ok
def_seat_compact_node_8_desc	座椅与载人	座椅	node_desc	Outputs an on signal when [$[action_hotkey_1]] is held, and off when it is not.	按住[$[action_hotkey_1]]时输出on信号,否则输出off信号	ok
def_seat_compact_node_9_label	座椅与载人	座椅	label	Hotkey 2 [$[action_hotkey_2]]	按键 2 [$[action_hotkey_2]]	ok
def_seat_compact_node_9_desc	座椅与载人	座椅	node_desc	Outputs an on signal when [$[action_hotkey_2]] is held, and off when it is not.	按住[$[action_hotkey_2]]时输出on信号,否则输出off信号	ok
def_seat_compact_node_10_label	座椅与载人	座椅	label	Hotkey 3 [$[action_hotkey_3]]	按键 3 [$[action_hotkey_3]]	ok
def_seat_compact_node_10_desc	座椅与载人	座椅	node_desc	Outputs an on signal when [$[action_hotkey_3]] is held, and off when it is not.	按住[$[action_hotkey_3]]时输出on信号,否则输出off信号	ok
def_seat_compact_node_11_label	座椅与载人	座椅	label	Hotkey 4 [$[action_hotkey_4]]	按键 4 [$[action_hotkey_4]]	ok
def_seat_compact_node_11_desc	座椅与载人	座椅	node_desc	Outputs an on signal when [$[action_hotkey_4]] is held, and off when it is not.	按住[$[action_hotkey_4]]时输出on信号,否则输出off信号	ok
def_seat_compact_node_12_label	座椅与载人	座椅	label	Hotkey 5 [$[action_hotkey_5]]	按键 5 [$[action_hotkey_5]]	ok
def_seat_compact_node_12_desc	座椅与载人	座椅	node_desc	Outputs an on signal when [$[action_hotkey_5]] is held, and off when it is not.	按住[$[action_hotkey_5]]时输出on信号,否则输出off信号	ok
def_seat_compact_node_13_label	座椅与载人	座椅	label	Hotkey 6 [$[action_hotkey_6]]	按键 6 [$[action_hotkey_6]]	ok
def_seat_compact_node_13_desc	座椅与载人	座椅	node_desc	Outputs an on signal when [$[action_hotkey_6]] is held, and off when it is not.	按住[$[action_hotkey_6]]时输出on信号,否则输出off信号	ok
def_seat_compact_node_14_label	座椅与载人	座椅	label	Seat data	座位数据	ok
def_seat_compact_node_14_desc	座椅与载人	座椅	node_desc	Outputs the axis, hotkey and occupied data from the seat. (On/Off 1+ : Hotkeys) (On/Off 31 : Trigger) (On/Off 32 : Occupied) (Value 1 : [$[action_left]]/[$[action_right]]) (Value 2 : [$[action_up]]/[$[action_down]]) (Value 3 : [$[action_pedal_left]]/[$[action_pedal_right]]) (Value 4 : [$[action_throttle_up]]/[$[action_throttle_down]]) (Value 9 : Look X)  (Value 10 : Look Y)	从座椅输出轴、热键和占用数据。 (On/Off 1+ : 按键) (On/Off 31 : 扳机) (On/Off 32 : 占用) (值1 : [$[action_left]]/[$[action_right]]) (值2 : [$[action_up]]/[$[action_down]]) (值3 : [$[action_pedal_left]]/[$[action_pedal_right]]) (值4 : [$[action_throttle_up]]/[$[action_throttle_down]]) (值9 : 视野X轴)  (值10 : 视野Y轴)	ok
def_seat_compact_node_15_label	座椅与载人	座椅	label	Headset Audio	头盔音频	ok
def_seat_compact_node_15_desc	座椅与载人	座椅	node_desc			ok
def_seat_compact_node_16_label	座椅与载人	座椅	label	Headset Audio	头盔音频	ok
def_seat_compact_node_16_desc	座椅与载人	座椅	node_desc			ok
def_seat_compact_node_17_label	座椅与载人	座椅	label	Headset Video	头盔显示器	ok
def_seat_compact_node_17_desc	座椅与载人	座椅	node_desc	Displays video UI overlay on a helmet mounted display.	头盔显示器输入信号	ok
def_seat_handle_name	座椅与载人	座椅	name	Control Handle	控制器手柄	ok
def_seat_handle_desc	座椅与载人	座椅	desc	You can get in and out of the position by interacting with it using [$[action_use_seat]].	按下[$[action_use_seat]]进出这个位置	ok
def_seat_handle_s_desc	座椅与载人	座椅	s_desc	A compact control handle.	紧凑的控制器手柄	ok
def_seat_handle_node_0_label	座椅与载人	座椅	label	Occupied	被占用	ok
def_seat_handle_node_0_desc	座椅与载人	座椅	node_desc	Outputs an on signal if the handle is occupied by a character.	如果手柄被坐席上的人占用，则输出开启信号	ok
def_seat_handle_node_1_label	座椅与载人	座椅	label	Trigger [$[action_trigger]]	扳机 [$[action_trigger]]	ok
def_seat_handle_node_1_desc	座椅与载人	座椅	node_desc	Outputs an on signal when [$[action_trigger]] is held, and off when it is not.	按住[$[action_trigger]]时，输出一个开启信号，不按住时，输出一个关闭信号	ok
def_seat_handle_node_2_label	座椅与载人	座椅	label	Look X	视野X轴	ok
def_seat_handle_node_2_desc	座椅与载人	座椅	node_desc	Outputs the character look direction in turns along the X-axis.	沿X轴输出角色视野方向	ok
def_seat_handle_node_3_label	座椅与载人	座椅	label	Look Y	视野Y轴	ok
def_seat_handle_node_3_desc	座椅与载人	座椅	node_desc	Outputs the character look direction in turns along the Y-axis.	沿Y轴输出角色视野方向	ok
def_seat_handle_node_4_label	座椅与载人	座椅	label	Axis 1 [$[action_left]]/[$[action_right]]	轴 1 [$[action_left]]/[$[action_right]]	ok
def_seat_handle_node_4_desc	座椅与载人	座椅	node_desc	Outputs a standard value between -1 and 1, controlled using [$[action_left]] and [$[action_right]]. [$[action_left]] causes the output value to move towards -1, and [$[action_right]] moves it towards 1.	输出一个介于-1和1之间的标准值，使用[$[action_left]]和[$[action_right]]进行控制。[$[action_left]]使输出值向-1移动，[$[action_right]]使其向1移动	ok
def_seat_handle_node_5_label	座椅与载人	座椅	label	Axis 2 [$[action_up]]/[$[action_down]]	轴 2 [$[action_up]]/[$[action_down]]	ok
def_seat_handle_node_5_desc	座椅与载人	座椅	node_desc	Outputs a standard value between -1 and 1, controlled using [$[action_up]] and [$[action_down]]. [$[action_down]] causes the output value to move towards -1, and [$[action_up]] moves it towards 1.	输出一个介于-1和1之间的标准值，使用[$[action_up]]和[$[action_down]]进行控制。[$[action_down]]使输出值向-1移动，[$[action_up]]使其向1移动	ok
def_seat_handle_node_6_label	座椅与载人	座椅	label	Axis 3 [$[action_pedal_left]]/[$[action_pedal_right]]	轴 3 [$[action_pedal_left]]/[$[action_pedal_right]]	ok
def_seat_handle_node_6_desc	座椅与载人	座椅	node_desc	Outputs a standard value between -1 and 1, controlled using [$[action_pedal_left]] and [$[action_pedal_right]]. [$[action_pedal_left]] causes the output value to move towards -1, and [$[action_pedal_right]] moves it towards 1.	输出一个介于-1和1之间的标准值，使用[$[动作踏板左]]和[$[动作踏板右]]进行控制。[$[action_People_left]]使输出值向-1移动，[$[action_People_right]]使其向1移动	ok
def_seat_handle_node_7_label	座椅与载人	座椅	label	Axis 4 [$[action_throttle_up]]/[$[action_throttle_down]]	轴 4 [$[action_throttle_up]]/[$[action_throttle_down]]	ok
def_seat_handle_node_7_desc	座椅与载人	座椅	node_desc	Outputs a standard value between -1 and 1, controlled using [$[action_throttle_up]] and [$[action_throttle_down]]. [$[action_throttle_down]] causes the output value to move towards -1, and [$[action_throttle_up]] moves it towards 1.	输出一个介于-1和1之间的标准值，使用[$[action_throttle_up]]和[$[action_throttle_down]]进行控制。[$[action_throttle_down]]使输出值向-1移动，[$[action_throttle_up]]使其向1移动	ok
def_seat_handle_node_8_label	座椅与载人	座椅	label	Hotkey 1 [$[action_hotkey_1]]	按键 1 [$[action_hotkey_1]]	ok
def_seat_handle_node_8_desc	座椅与载人	座椅	node_desc	Outputs an on signal when [$[action_hotkey_1]] is held, and off when it is not.	按住[$[action_hotkey_1]]时输出on信号,否则输出off信号	ok
def_seat_handle_node_9_label	座椅与载人	座椅	label	Hotkey 2 [$[action_hotkey_2]]	按键 2 [$[action_hotkey_2]]	ok
def_seat_handle_node_9_desc	座椅与载人	座椅	node_desc	Outputs an on signal when [$[action_hotkey_2]] is held, and off when it is not.	按住[$[action_hotkey_2]]时输出on信号,否则输出off信号	ok
def_seat_handle_node_10_label	座椅与载人	座椅	label	Hotkey 3 [$[action_hotkey_3]]	按键 3 [$[action_hotkey_3]]	ok
def_seat_handle_node_10_desc	座椅与载人	座椅	node_desc	Outputs an on signal when [$[action_hotkey_3]] is held, and off when it is not.	按住[$[action_hotkey_3]]时输出on信号,否则输出off信号	ok
def_seat_handle_node_11_label	座椅与载人	座椅	label	Hotkey 4 [$[action_hotkey_4]]	按键 4 [$[action_hotkey_4]]	ok
def_seat_handle_node_11_desc	座椅与载人	座椅	node_desc	Outputs an on signal when [$[action_hotkey_4]] is held, and off when it is not.	按住[$[action_hotkey_4]]时输出on信号,否则输出off信号	ok
def_seat_handle_node_12_label	座椅与载人	座椅	label	Hotkey 5 [$[action_hotkey_5]]	按键 5 [$[action_hotkey_5]]	ok
def_seat_handle_node_12_desc	座椅与载人	座椅	node_desc	Outputs an on signal when [$[action_hotkey_5]] is held, and off when it is not.	按住[$[action_hotkey_5]]时输出on信号,否则输出off信号	ok
def_seat_handle_node_13_label	座椅与载人	座椅	label	Hotkey 6 [$[action_hotkey_6]]	按键 6 [$[action_hotkey_6]]	ok
def_seat_handle_node_13_desc	座椅与载人	座椅	node_desc	Outputs an on signal when [$[action_hotkey_6]] is held, and off when it is not.	按住[$[action_hotkey_6]]时输出on信号,否则输出off信号	ok
def_seat_handle_node_14_label	座椅与载人	座椅	label	Seat data	座位数据	ok
def_seat_handle_node_14_desc	座椅与载人	座椅	node_desc	Outputs the axis, hotkey and occupied data from the helm. (On/Off 1+ : Hotkeys) (On/Off 31 : Trigger) (On/Off 32 : Occupied) (Value 1 : [$[action_left]]/[$[action_right]]) (Value 2 : [$[action_up]]/[$[action_down]]) (Value 3 : [$[action_pedal_left]]/[$[action_pedal_right]]) (Value 4 : [$[action_throttle_up]]/[$[action_throttle_down]]) (Value 9 : Look X)  (Value 10 : Look Y)	从舵输出轴、热键和占用数据。 (On/Off 1+ : 按键) (On/Off 31 : 扳机) (On/Off 32 : 占用) (值1 : [$[action_left]]/[$[action_right]]) (值2 : [$[action_up]]/[$[action_down]]) (值3 : [$[action_pedal_left]]/[$[action_pedal_right]]) (值4 : [$[action_throttle_up]]/[$[action_throttle_down]]) (值9 : 视野X轴)  (值10 : 视野Y轴)	ok
def_seat_handle_node_15_label	座椅与载人	座椅	label	Headset Audio	头盔音频	ok
def_seat_handle_node_15_desc	座椅与载人	座椅	node_desc			ok
def_seat_handle_node_16_label	座椅与载人	座椅	label	Headset Audio	头盔音频	ok
def_seat_handle_node_16_desc	座椅与载人	座椅	node_desc			ok
def_seat_handle_node_17_label	座椅与载人	座椅	label	Headset Video	头盔显示器	ok
def_seat_handle_node_17_desc	座椅与载人	座椅	node_desc	Displays video UI overlay on a helmet mounted display.	头盔显示器输入信号	ok
def_seat_harness_name	座椅与载人	座椅	name	Harness	安全带	ok
def_seat_harness_desc	座椅与载人	座椅	desc	You can get in and out of the harness by interacting with it using [$[action_use_seat]]. You can place a rescued survivor in any harness by using [$[action_use_seat]] while carrying them.	您可以通过使用[$[action_use_seat]]与它交互来进出安全带。您可以在携带获救幸存者时使用 [$[action_use_seat]]将其放置在任何安全带中	ok
def_seat_harness_s_desc	座椅与载人	座椅	s_desc	A rescue harness.	救生带	ok
def_seat_harness_node_0_label	座椅与载人	座椅	label	Occupied	被占用	ok
def_seat_harness_node_0_desc	座椅与载人	座椅	node_desc	Outputs an on signal if this harness is occupied by a character.	如果此座位被角色占用，则输出打开信号	ok
def_seat_harness_node_1_label	座椅与载人	座椅	label	Trigger [$[action_trigger]]	扳机 [$[action_trigger]]	ok
def_seat_harness_node_1_desc	座椅与载人	座椅	node_desc	Outputs an on signal when [$[action_trigger]] is held, and off when it is not.	按住[$[action_trigger]]时，输出一个开启信号，不按住时，输出一个关闭信号	ok
def_seat_harness_node_2_label	座椅与载人	座椅	label	Hotkey 1 [$[action_hotkey_1]]	按键 1 [$[action_hotkey_1]]	ok
def_seat_harness_node_2_desc	座椅与载人	座椅	node_desc	Outputs an on signal when [$[action_hotkey_1]] is held, and off when it is not.	按住[$[action_hotkey_1]]时输出on信号,否则输出off信号	ok
def_seat_harness_node_3_label	座椅与载人	座椅	label	Hotkey 2 [$[action_hotkey_2]]	按键 2 [$[action_hotkey_2]]	ok
def_seat_harness_node_3_desc	座椅与载人	座椅	node_desc	Outputs an on signal when [$[action_hotkey_2]] is held, and off when it is not.	按住[$[action_hotkey_2]]时输出on信号,否则输出off信号	ok
def_seat_harness_node_4_label	座椅与载人	座椅	label	Hotkey 3 [$[action_hotkey_3]]	按键 3 [$[action_hotkey_3]]	ok
def_seat_harness_node_4_desc	座椅与载人	座椅	node_desc	Outputs an on signal when [$[action_hotkey_3]] is held, and off when it is not.	按住[$[action_hotkey_3]]时输出on信号,否则输出off信号	ok
def_seat_harness_node_5_label	座椅与载人	座椅	label	Hotkey 4 [$[action_hotkey_4]]	按键 4 [$[action_hotkey_4]]	ok
def_seat_harness_node_5_desc	座椅与载人	座椅	node_desc	Outputs an on signal when [$[action_hotkey_4]] is held, and off when it is not.	按住[$[action_hotkey_4]]时输出on信号,否则输出off信号	ok
def_seat_harness_node_6_label	座椅与载人	座椅	label	Hotkey 5 [$[action_hotkey_5]]	按键 5 [$[action_hotkey_5]]	ok
def_seat_harness_node_6_desc	座椅与载人	座椅	node_desc	Outputs an on signal when [$[action_hotkey_5]] is held, and off when it is not.	按住[$[action_hotkey_5]]时输出on信号,否则输出off信号	ok
def_seat_harness_node_7_label	座椅与载人	座椅	label	Hotkey 6 [$[action_hotkey_6]]	按键 6 [$[action_hotkey_6]]	ok
def_seat_harness_node_7_desc	座椅与载人	座椅	node_desc	Outputs an on signal when [$[action_hotkey_6]] is held, and off when it is not.	按住[$[action_hotkey_6]]时输出on信号,否则输出off信号	ok
def_seat_harness_node_8_label	座椅与载人	座椅	label	Seat Data	座位数据	ok
def_seat_harness_node_8_desc	座椅与载人	座椅	node_desc	Outputs the axis, hotkey and occupied data from the seat. (On/Off 1+ : Hotkeys) (On/Off 31 : Trigger) (On/Off 32 : Occupied) (Value 1 : [$[action_left]]/[$[action_right]]) (Value 2 : [$[action_up]]/[$[action_down]]) (Value 3 : [$[action_pedal_left]]/[$[action_pedal_right]]) (Value 4 : [$[action_throttle_up]]/[$[action_throttle_down]])	从座椅输出轴、热键和占用数据。(On/Off 1+ : 按键) (On/Off 31 : 扳机) (On/Off 32 : 占用) (值1 : [$[action_left]]/[$[action_right]]) (值2 : [$[action_up]]/[$[action_down]]) (值3 : [$[action_pedal_left]]/[$[action_pedal_right]]) (值4 : [$[action_throttle_up]]/[$[action_throttle_down]])	ok
def_seat_helm_name	座椅与载人	座椅	name	Helm	驾驶座椅(轮舵)	ok
def_seat_helm_desc	座椅与载人	座椅	desc	You can get in and out of the position by interacting with it using [$[action_use_seat]]. You can place a rescued survivor in any position by using [$[action_use_seat]] while carrying them.	您可以通过使用 [$[action_use_seat]]与之交互来进出该位置。你可以在携带幸存者时使用 [$[action_use_seat]]将获救的幸存者放置在任何位置	ok
def_seat_helm_s_desc	座椅与载人	座椅	s_desc	A steering helm with steering wheel.	带方向盘的轮舵	ok
def_seat_helm_node_0_label	座椅与载人	座椅	label	Occupied	被占用	ok
def_seat_helm_node_0_desc	座椅与载人	座椅	node_desc	Outputs an on signal if the helm is occupied by a character.	如果轮舵被一个角色占用，则输出一个打开信号	ok
def_seat_helm_node_1_label	座椅与载人	座椅	label	Trigger [$[action_trigger]]	扳机 [$[action_trigger]]	ok
def_seat_helm_node_1_desc	座椅与载人	座椅	node_desc	Outputs an on signal when [$[action_trigger]] is held, and off when it is not.	按住[$[action_trigger]]时，输出一个开启信号，不按住时，输出一个关闭信号	ok
def_seat_helm_node_2_label	座椅与载人	座椅	label	Look X	视野X轴	ok
def_seat_helm_node_2_desc	座椅与载人	座椅	node_desc	Outputs the character look direction in turns along the X-axis.	沿X轴输出角色视野方向	ok
def_seat_helm_node_3_label	座椅与载人	座椅	label	Look Y	视野Y轴	ok
def_seat_helm_node_3_desc	座椅与载人	座椅	node_desc	Outputs the character look direction in turns along the Y-axis.	沿Y轴输出角色视野方向	ok
def_seat_helm_node_4_label	座椅与载人	座椅	label	Axis 1 [$[action_left]]/[$[action_right]]	轴 1 [$[action_left]]/[$[action_right]]	ok
def_seat_helm_node_4_desc	座椅与载人	座椅	node_desc	Outputs a standard value between -1 and 1, controlled using [$[action_left]] and [$[action_right]]. [$[action_left]] causes the output value to move towards -1, and [$[action_right]] moves it towards 1.	输出一个介于-1和1之间的标准值，使用[$[action_left]]和[$[action_right]]进行控制。[$[action_left]]使输出值向-1移动，[$[action_right]]使其向1移动	ok
def_seat_helm_node_5_label	座椅与载人	座椅	label	Axis 2 [$[action_up]]/[$[action_down]]	轴 2 [$[action_up]]/[$[action_down]]	ok
def_seat_helm_node_5_desc	座椅与载人	座椅	node_desc	Outputs a standard value between -1 and 1, controlled using [$[action_up]] and [$[action_down]]. [$[action_down]] causes the output value to move towards -1, and [$[action_up]] moves it towards 1.	输出一个介于-1和1之间的标准值，使用[$[action_up]]和[$[action_down]]进行控制。[$[action_down]]使输出值向-1移动，[$[action_up]]使其向1移动	ok
def_seat_helm_node_6_label	座椅与载人	座椅	label	Axis 3 [$[action_pedal_left]]/[$[action_pedal_right]]	轴 3 [$[action_pedal_left]]/[$[action_pedal_right]]	ok
def_seat_helm_node_6_desc	座椅与载人	座椅	node_desc	Outputs a standard value between -1 and 1, controlled using [$[action_pedal_left]] and [$[action_pedal_right]]. [$[action_pedal_left]] causes the output value to move towards -1, and [$[action_pedal_right]] moves it towards 1.	输出一个介于-1和1之间的标准值，使用[$[动作踏板左]]和[$[动作踏板右]]进行控制。[$[action_People_left]]使输出值向-1移动，[$[action_People_right]]使其向1移动	ok
def_seat_helm_node_7_label	座椅与载人	座椅	label	Axis 4 [$[action_throttle_up]]/[$[action_throttle_down]]	轴 4 [$[action_throttle_up]]/[$[action_throttle_down]]	ok
def_seat_helm_node_7_desc	座椅与载人	座椅	node_desc	Outputs a standard value between -1 and 1, controlled using [$[action_throttle_up]] and [$[action_throttle_down]]. [$[action_throttle_down]] causes the output value to move towards -1, and [$[action_throttle_up]] moves it towards 1.	输出一个介于-1和1之间的标准值，使用[$[action_throttle_up]]和[$[action_throttle_down]]进行控制。[$[action_throttle_down]]使输出值向-1移动，[$[action_throttle_up]]使其向1移动	ok
def_seat_helm_node_8_label	座椅与载人	座椅	label	Hotkey 1 [$[action_hotkey_1]]	按键 1 [$[action_hotkey_1]]	ok
def_seat_helm_node_8_desc	座椅与载人	座椅	node_desc	Outputs an on signal when [$[action_hotkey_1]] is held, and off when it is not.	按住[$[action_hotkey_1]]时输出on信号,否则输出off信号	ok
def_seat_helm_node_9_label	座椅与载人	座椅	label	Hotkey 2 [$[action_hotkey_2]]	按键 2 [$[action_hotkey_2]]	ok
def_seat_helm_node_9_desc	座椅与载人	座椅	node_desc	Outputs an on signal when [$[action_hotkey_2]] is held, and off when it is not.	按住[$[action_hotkey_2]]时输出on信号,否则输出off信号	ok
def_seat_helm_node_10_label	座椅与载人	座椅	label	Hotkey 3 [$[action_hotkey_3]]	按键 3 [$[action_hotkey_3]]	ok
def_seat_helm_node_10_desc	座椅与载人	座椅	node_desc	Outputs an on signal when [$[action_hotkey_3]] is held, and off when it is not.	按住[$[action_hotkey_3]]时输出on信号,否则输出off信号	ok
def_seat_helm_node_11_label	座椅与载人	座椅	label	Hotkey 4 [$[action_hotkey_4]]	按键 4 [$[action_hotkey_4]]	ok
def_seat_helm_node_11_desc	座椅与载人	座椅	node_desc	Outputs an on signal when [$[action_hotkey_4]] is held, and off when it is not.	按住[$[action_hotkey_4]]时输出on信号,否则输出off信号	ok
def_seat_helm_node_12_label	座椅与载人	座椅	label	Hotkey 5 [$[action_hotkey_5]]	按键 5 [$[action_hotkey_5]]	ok
def_seat_helm_node_12_desc	座椅与载人	座椅	node_desc	Outputs an on signal when [$[action_hotkey_5]] is held, and off when it is not.	按住[$[action_hotkey_5]]时输出on信号,否则输出off信号	ok
def_seat_helm_node_13_label	座椅与载人	座椅	label	Hotkey 6 [$[action_hotkey_6]]	按键 6 [$[action_hotkey_6]]	ok
def_seat_helm_node_13_desc	座椅与载人	座椅	node_desc	Outputs an on signal when [$[action_hotkey_6]] is held, and off when it is not.	按住[$[action_hotkey_6]]时输出on信号,否则输出off信号	ok
def_seat_helm_node_14_label	座椅与载人	座椅	label	Seat data	座位数据	ok
def_seat_helm_node_14_desc	座椅与载人	座椅	node_desc	Outputs the axis, hotkey and occupied data from the helm. (On/Off 1+ : Hotkeys) (On/Off 31 : Trigger) (On/Off 32 : Occupied) (Value 1 : [$[action_left]]/[$[action_right]]) (Value 2 : [$[action_up]]/[$[action_down]]) (Value 3 : [$[action_pedal_left]]/[$[action_pedal_right]]) (Value 4 : [$[action_throttle_up]]/[$[action_throttle_down]]) (Value 9 : Look X)  (Value 10 : Look Y)	从舵输出轴、热键和占用数据。 (On/Off 1+ : 按键) (On/Off 31 : 扳机) (On/Off 32 : 占用) (值1 : [$[action_left]]/[$[action_right]]) (值2 : [$[action_up]]/[$[action_down]]) (值3 : [$[action_pedal_left]]/[$[action_pedal_right]]) (值4 : [$[action_throttle_up]]/[$[action_throttle_down]]) (值9 : 视野X轴)  (值10 : 视野Y轴)	ok
def_seat_helm_node_15_label	座椅与载人	座椅	label	Headset Audio	头盔音频	ok
def_seat_helm_node_15_desc	座椅与载人	座椅	node_desc			ok
def_seat_helm_node_16_label	座椅与载人	座椅	label	Headset Audio	头盔音频	ok
def_seat_helm_node_16_desc	座椅与载人	座椅	node_desc			ok
def_seat_helm_node_17_label	座椅与载人	座椅	label	Headset Video	头盔显示器	ok
def_seat_helm_node_17_desc	座椅与载人	座椅	node_desc	Displays video UI overlay on a helmet mounted display.	头盔显示器输入信号	ok
def_seat_hotas_name	座椅与载人	座椅	name	Pilot Seat (HOTAS)	驾驶座椅(HOTAS)	ok
def_seat_hotas_desc	座椅与载人	座椅	desc	It provides 10 number outputs that produce a standard value ranging from -1 to 1, and 48 on/off outputs. You can get in and out of the pilot seat by interacting with it using [$[action_use_seat]]. Designed for use with HOTAS controllers.	它提供8个输出，产生从-1到1的标准值，以及48个开/关输出。您可以通过使用 [$[action_use_seat]]与飞行员座椅交互来进出。设计用于HOTAS控制器	ok
def_seat_hotas_s_desc	座椅与载人	座椅	s_desc	The pilot seat lets you translate controller presses into output signals that can control logic components.	飞行员座椅可以将控制器压力转换成可以控制逻辑元件的输出信号	ok
def_seat_hotas_node_0_label	座椅与载人	座椅	label	Occupied	被占用	ok
def_seat_hotas_node_0_desc	座椅与载人	座椅	node_desc	Outputs an on signal if this seat is occupied by a character.	如果该座位被角色占用，则输出接通信号	ok
def_seat_hotas_node_1_label	座椅与载人	座椅	label	Trigger [$[action_trigger]]	扳机 [$[action_trigger]]	ok
def_seat_hotas_node_1_desc	座椅与载人	座椅	node_desc	Outputs an on signal when [$[action_trigger]] is held, and off when it is not.	按住[$[action_trigger]]时，输出一个开启信号，不按住时，输出一个关闭信号	ok
def_seat_hotas_node_2_label	座椅与载人	座椅	label	Look X	视野X轴	ok
def_seat_hotas_node_2_desc	座椅与载人	座椅	node_desc	Outputs the character look direction in turns along the X-axis.	沿X轴输出角色视野方向	ok
def_seat_hotas_node_3_label	座椅与载人	座椅	label	Look Y	视野Y轴	ok
def_seat_hotas_node_3_desc	座椅与载人	座椅	node_desc	Outputs the character look direction in turns along the Y-axis.	沿Y轴输出角色视野方向	ok
def_seat_hotas_node_4_label	座椅与载人	座椅	label	Axis 1 [$[action_left]]/[$[action_right]]	轴 1 [$[action_left]]/[$[action_right]]	ok
def_seat_hotas_node_4_desc	座椅与载人	座椅	node_desc	Outputs a standard value between -1 and 1, controlled using [$[action_left]] and [$[action_right]]. [$[action_left]] causes the output value to move towards -1, and [$[action_right]] moves it towards 1.	输出一个介于-1和1之间的标准值，使用[$[action_left]]和[$[action_right]]进行控制。[$[action_left]]使输出值向-1移动，[$[action_right]]使其向1移动	ok
def_seat_hotas_node_5_label	座椅与载人	座椅	label	Axis 2 [$[action_up]]/[$[action_down]]	轴 2 [$[action_up]]/[$[action_down]]	ok
def_seat_hotas_node_5_desc	座椅与载人	座椅	node_desc	Outputs a standard value between -1 and 1, controlled using [$[action_up]] and [$[action_down]]. [$[action_down]] causes the output value to move towards -1, and [$[action_up]] moves it towards 1.	输出一个介于-1和1之间的标准值，使用[$[action_up]]和[$[action_down]]进行控制。[$[action_down]]使输出值向-1移动，[$[action_up]]使其向1移动	ok
def_seat_hotas_node_6_label	座椅与载人	座椅	label	Axis 3 [$[action_pedal_left]]/[$[action_pedal_right]]	轴 3 [$[action_pedal_left]]/[$[action_pedal_right]]	ok
def_seat_hotas_node_6_desc	座椅与载人	座椅	node_desc	Outputs a standard value between -1 and 1, controlled using [$[action_pedal_left]] and [$[action_pedal_right]]. [$[action_pedal_left]] causes the output value to move towards -1, and [$[action_pedal_right]] moves it towards 1.	输出一个介于-1和1之间的标准值，使用[$[动作踏板左]]和[$[动作踏板右]]进行控制。[$[action_People_left]]使输出值向-1移动，[$[action_People_right]]使其向1移动	ok
def_seat_hotas_node_7_label	座椅与载人	座椅	label	Axis 4 [$[action_throttle_up]]/[$[action_throttle_down]]	轴 4 [$[action_throttle_up]]/[$[action_throttle_down]]	ok
def_seat_hotas_node_7_desc	座椅与载人	座椅	node_desc	Outputs a standard value between -1 and 1, controlled using [$[action_throttle_up]] and [$[action_throttle_down]]. [$[action_throttle_down]] causes the output value to move towards -1, and [$[action_throttle_up]] moves it towards 1.	输出一个介于-1和1之间的标准值，使用[$[action_throttle_up]]和[$[action_throttle_down]]进行控制。[$[action_throttle_down]]使输出值向-1移动，[$[action_throttle_up]]使其向1移动	ok
def_seat_hotas_node_8_label	座椅与载人	座椅	label	Axis 5	轴8	ok
def_seat_hotas_node_8_desc	座椅与载人	座椅	node_desc	Outputs a standard value between -1 and 1, controlled using the controller axis.	输出一个介于-1和1之间的标准值，由控制器轴控制	ok
def_seat_hotas_node_9_label	座椅与载人	座椅	label	Axis 6	热键1[$[action_hotkey_1]]	ok
def_seat_hotas_node_9_desc	座椅与载人	座椅	node_desc	Outputs a standard value between -1 and 1, controlled using the controller axis.	按住[$[action_hotkey_1]]时输出on信号,否则输出off信号	ok
def_seat_hotas_node_10_label	座椅与载人	座椅	label	Axis 7	热键2[$[action_hotkey_2]]	ok
def_seat_hotas_node_10_desc	座椅与载人	座椅	node_desc	Outputs a standard value between -1 and 1, controlled using the controller axis.	按住[$[action_hotkey_2]]时输出on信号,否则输出off信号	ok
def_seat_hotas_node_11_label	座椅与载人	座椅	label	Axis 8	热键3[$[action_hotkey_3]]	ok
def_seat_hotas_node_11_desc	座椅与载人	座椅	node_desc	Outputs a standard value between -1 and 1, controlled using the controller axis.	按住[$[action_hotkey_3]时输出on信号,否则输出off信号	ok
def_seat_hotas_node_12_label	座椅与载人	座椅	label	Hotkey 1 [$[action_hotkey_1]]	按键 1 [$[action_hotkey_1]]	ok
def_seat_hotas_node_12_desc	座椅与载人	座椅	node_desc	Outputs an on signal when [$[action_hotkey_1]] is held, and off when it is not.	按住[$[action_hotkey_1]]时输出on信号,否则输出off信号	ok
def_seat_hotas_node_13_label	座椅与载人	座椅	label	Hotkey 2 [$[action_hotkey_2]]	按键 2 [$[action_hotkey_2]]	ok
def_seat_hotas_node_13_desc	座椅与载人	座椅	node_desc	Outputs an on signal when [$[action_hotkey_2]] is held, and off when it is not.	按住[$[action_hotkey_2]]时输出on信号,否则输出off信号	ok
def_seat_hotas_node_14_label	座椅与载人	座椅	label	Hotkey 3 [$[action_hotkey_3]]	按键 3 [$[action_hotkey_3]]	ok
def_seat_hotas_node_14_desc	座椅与载人	座椅	node_desc	Outputs an on signal when [$[action_hotkey_3]] is held, and off when it is not.	按住[$[action_hotkey_3]]时输出on信号,否则输出off信号	ok
def_seat_hotas_node_15_label	座椅与载人	座椅	label	Hotkey 4 [$[action_hotkey_4]]	按键 4 [$[action_hotkey_4]]	ok
def_seat_hotas_node_15_desc	座椅与载人	座椅	node_desc	Outputs an on signal when [$[action_hotkey_4]] is held, and off when it is not.	按住[$[action_hotkey_4]]时输出on信号,否则输出off信号	ok
def_seat_hotas_node_16_label	座椅与载人	座椅	label	Hotkey 5 [$[action_hotkey_5]]	按键 5 [$[action_hotkey_5]]	ok
def_seat_hotas_node_16_desc	座椅与载人	座椅	node_desc	Outputs an on signal when [$[action_hotkey_5]] is held, and off when it is not.	按住[$[action_hotkey_5]]时输出on信号,否则输出off信号	ok
def_seat_hotas_node_17_label	座椅与载人	座椅	label	Hotkey 6 [$[action_hotkey_6]]	按键 6 [$[action_hotkey_6]]	ok
def_seat_hotas_node_17_desc	座椅与载人	座椅	node_desc	Outputs an on signal when [$[action_hotkey_6]] is held, and off when it is not.	按住[$[action_hotkey_6]]时输出on信号,否则输出off信号	ok
def_seat_hotas_node_18_label	座椅与载人	座椅	label	Hotkey 7	热键10	ok
def_seat_hotas_node_18_desc	座椅与载人	座椅	node_desc	Outputs an on signal when the controller button is held, and off when it is not.	按住按钮时，输出on信号。松开按钮，输出off信号	ok
def_seat_hotas_node_19_label	座椅与载人	座椅	label	Hotkey 8	热键11	ok
def_seat_hotas_node_19_desc	座椅与载人	座椅	node_desc	Outputs an on signal when the controller button is held, and off when it is not.	按住按钮时，输出on信号。松开按钮，输出off信号	ok
def_seat_hotas_node_20_label	座椅与载人	座椅	label	Hotkey 9	热键12	ok
def_seat_hotas_node_20_desc	座椅与载人	座椅	node_desc	Outputs an on signal when the controller button is held, and off when it is not.	按住按钮时，输出on信号。松开按钮，输出off信号	ok
def_seat_hotas_node_21_label	座椅与载人	座椅	label	Hotkey 10	热键13	ok
def_seat_hotas_node_21_desc	座椅与载人	座椅	node_desc	Outputs an on signal when the controller button is held, and off when it is not.	按住按钮时，输出on信号。松开按钮，输出off信号	ok
def_seat_hotas_node_22_label	座椅与载人	座椅	label	Hotkey 11	热键14	ok
def_seat_hotas_node_22_desc	座椅与载人	座椅	node_desc	Outputs an on signal when the controller button is held, and off when it is not.	按住按钮时，输出on信号。松开按钮，输出off信号	ok
def_seat_hotas_node_23_label	座椅与载人	座椅	label	Hotkey 12	热键15	ok
def_seat_hotas_node_23_desc	座椅与载人	座椅	node_desc	Outputs an on signal when the controller button is held, and off when it is not.	按住按钮时，输出on信号。松开按钮，输出off信号	ok
def_seat_hotas_node_24_label	座椅与载人	座椅	label	Hotkey 13	热键16	ok
def_seat_hotas_node_24_desc	座椅与载人	座椅	node_desc	Outputs an on signal when the controller button is held, and off when it is not.	按住按钮时，输出on信号。松开按钮，输出off信号	ok
def_seat_hotas_node_25_label	座椅与载人	座椅	label	Hotkey 14	热键17	ok
def_seat_hotas_node_25_desc	座椅与载人	座椅	node_desc	Outputs an on signal when the controller button is held, and off when it is not.	按住按钮时，输出on信号。松开按钮，输出off信号	ok
def_seat_hotas_node_26_label	座椅与载人	座椅	label	Hotkey 15	热键18	ok
def_seat_hotas_node_26_desc	座椅与载人	座椅	node_desc	Outputs an on signal when the controller button is held, and off when it is not.	按住按钮时，输出on信号。松开按钮，输出off信号	ok
def_seat_hotas_node_27_label	座椅与载人	座椅	label	Hotkey 16	热键19	ok
def_seat_hotas_node_27_desc	座椅与载人	座椅	node_desc	Outputs an on signal when the controller button is held, and off when it is not.	按住按钮时，输出on信号。松开按钮，输出off信号	ok
def_seat_hotas_node_28_label	座椅与载人	座椅	label	Hotkey 17	热键20	ok
def_seat_hotas_node_28_desc	座椅与载人	座椅	node_desc	Outputs an on signal when the controller button is held, and off when it is not.	按住按钮时，输出on信号。松开按钮，输出off信号	ok
def_seat_hotas_node_29_label	座椅与载人	座椅	label	Hotkey 18	热键21	ok
def_seat_hotas_node_29_desc	座椅与载人	座椅	node_desc	Outputs an on signal when the controller button is held, and off when it is not.	按住按钮时，输出on信号。松开按钮，输出off信号	ok
def_seat_hotas_node_30_label	座椅与载人	座椅	label	Hotkey 19	热键22	ok
def_seat_hotas_node_30_desc	座椅与载人	座椅	node_desc	Outputs an on signal when the controller button is held, and off when it is not.	按住按钮时，输出on信号。松开按钮，输出off信号	ok
def_seat_hotas_node_31_label	座椅与载人	座椅	label	Hotkey 20	热键23	ok
def_seat_hotas_node_31_desc	座椅与载人	座椅	node_desc	Outputs an on signal when the controller button is held, and off when it is not.	按住按钮时，输出on信号。松开按钮，输出off信号	ok
def_seat_hotas_node_32_label	座椅与载人	座椅	label	Hotkey 21	热键24	ok
def_seat_hotas_node_32_desc	座椅与载人	座椅	node_desc	Outputs an on signal when the controller button is held, and off when it is not.	按住按钮时，输出on信号。松开按钮，输出off信号	ok
def_seat_hotas_node_33_label	座椅与载人	座椅	label	Hotkey 22	热键25	ok
def_seat_hotas_node_33_desc	座椅与载人	座椅	node_desc	Outputs an on signal when the controller button is held, and off when it is not.	按住按钮时，输出on信号。松开按钮，输出off信号	ok
def_seat_hotas_node_34_label	座椅与载人	座椅	label	Hotkey 23	热键26	ok
def_seat_hotas_node_34_desc	座椅与载人	座椅	node_desc	Outputs an on signal when the controller button is held, and off when it is not.	按住按钮时，输出on信号。松开按钮，输出off信号	ok
def_seat_hotas_node_35_label	座椅与载人	座椅	label	Hotkey 24	热键27	ok
def_seat_hotas_node_35_desc	座椅与载人	座椅	node_desc	Outputs an on signal when the controller button is held, and off when it is not.	按住按钮时，输出on信号。松开按钮，输出off信号	ok
def_seat_hotas_node_36_label	座椅与载人	座椅	label	Hotkey 25	热键28	ok
def_seat_hotas_node_36_desc	座椅与载人	座椅	node_desc	Outputs an on signal when the controller button is held, and off when it is not.	按住按钮时，输出on信号。松开按钮，输出off信号	ok
def_seat_hotas_node_37_label	座椅与载人	座椅	label	Hotkey 26	热键29	ok
def_seat_hotas_node_37_desc	座椅与载人	座椅	node_desc	Outputs an on signal when the controller button is held, and off when it is not.	按住按钮时，输出on信号。松开按钮，输出off信号	ok
def_seat_hotas_node_38_label	座椅与载人	座椅	label	Hotkey 27	热键30	ok
def_seat_hotas_node_38_desc	座椅与载人	座椅	node_desc	Outputs an on signal when the controller button is held, and off when it is not.	按住按钮时，输出on信号。松开按钮，输出off信号	ok
def_seat_hotas_node_39_label	座椅与载人	座椅	label	Hotkey 28	热键31	ok
def_seat_hotas_node_39_desc	座椅与载人	座椅	node_desc	Outputs an on signal when the controller button is held, and off when it is not.	按住按钮时，输出on信号。松开按钮，输出off信号	ok
def_seat_hotas_node_40_label	座椅与载人	座椅	label	Hotkey 29	热键32	ok
def_seat_hotas_node_40_desc	座椅与载人	座椅	node_desc	Outputs an on signal when the controller button is held, and off when it is not.	按住按钮时，输出on信号。松开按钮，输出off信号	ok
def_seat_hotas_node_41_label	座椅与载人	座椅	label	Hotkey 30	热键33	ok
def_seat_hotas_node_41_desc	座椅与载人	座椅	node_desc	Outputs an on signal when the controller button is held, and off when it is not.	按住按钮时，输出on信号。松开按钮，输出off信号	ok
def_seat_hotas_node_42_label	座椅与载人	座椅	label	Hotkey 31	热键34	ok
def_seat_hotas_node_42_desc	座椅与载人	座椅	node_desc	Outputs an on signal when the controller button is held, and off when it is not.	按住按钮时，输出on信号。松开按钮，输出off信号	ok
def_seat_hotas_node_43_label	座椅与载人	座椅	label	Hotkey 32	热键35	ok
def_seat_hotas_node_43_desc	座椅与载人	座椅	node_desc	Outputs an on signal when the controller button is held, and off when it is not.	按住按钮时，输出on信号。松开按钮，输出off信号	ok
def_seat_hotas_node_44_label	座椅与载人	座椅	label	Hotkey 33	热键36	ok
def_seat_hotas_node_44_desc	座椅与载人	座椅	node_desc	Outputs an on signal when the controller button is held, and off when it is not.	按住按钮时，输出on信号。松开按钮，输出off信号	ok
def_seat_hotas_node_45_label	座椅与载人	座椅	label	Hotkey 34	热键37	ok
def_seat_hotas_node_45_desc	座椅与载人	座椅	node_desc	Outputs an on signal when the controller button is held, and off when it is not.	按住按钮时，输出on信号。松开按钮，输出off信号	ok
def_seat_hotas_node_46_label	座椅与载人	座椅	label	Hotkey 35	热键38	ok
def_seat_hotas_node_46_desc	座椅与载人	座椅	node_desc	Outputs an on signal when the controller button is held, and off when it is not.	按住按钮时，输出on信号。松开按钮，输出off信号	ok
def_seat_hotas_node_47_label	座椅与载人	座椅	label	Hotkey 36	热键39	ok
def_seat_hotas_node_47_desc	座椅与载人	座椅	node_desc	Outputs an on signal when the controller button is held, and off when it is not.	按住按钮时，输出on信号。松开按钮，输出off信号	ok
def_seat_hotas_node_48_label	座椅与载人	座椅	label	Hotkey 37	热键40	ok
def_seat_hotas_node_48_desc	座椅与载人	座椅	node_desc	Outputs an on signal when the controller button is held, and off when it is not.	按住按钮时，输出on信号。松开按钮，输出off信号	ok
def_seat_hotas_node_49_label	座椅与载人	座椅	label	Hotkey 38	热键41	ok
def_seat_hotas_node_49_desc	座椅与载人	座椅	node_desc	Outputs an on signal when the controller button is held, and off when it is not.	按住按钮时，输出on信号。松开按钮，输出off信号	ok
def_seat_hotas_node_50_label	座椅与载人	座椅	label	Hotkey 39	热键42	ok
def_seat_hotas_node_50_desc	座椅与载人	座椅	node_desc	Outputs an on signal when the controller button is held, and off when it is not.	按住按钮时，输出on信号。松开按钮，输出off信号	ok
def_seat_hotas_node_51_label	座椅与载人	座椅	label	Hotkey 40	热键43	ok
def_seat_hotas_node_51_desc	座椅与载人	座椅	node_desc	Outputs an on signal when the controller button is held, and off when it is not.	按住按钮时，输出on信号。松开按钮，输出off信号	ok
def_seat_hotas_node_52_label	座椅与载人	座椅	label	Hotkey 41	热键44	ok
def_seat_hotas_node_52_desc	座椅与载人	座椅	node_desc	Outputs an on signal when the controller button is held, and off when it is not.	按住按钮时，输出on信号。松开按钮，输出off信号	ok
def_seat_hotas_node_53_label	座椅与载人	座椅	label	Hotkey 42	热键45	ok
def_seat_hotas_node_53_desc	座椅与载人	座椅	node_desc	Outputs an on signal when the controller button is held, and off when it is not.	按住按钮时，输出on信号。松开按钮，输出off信号	ok
def_seat_hotas_node_54_label	座椅与载人	座椅	label	Hotkey 43	热键46	ok
def_seat_hotas_node_54_desc	座椅与载人	座椅	node_desc	Outputs an on signal when the controller button is held, and off when it is not.	按住按钮时，输出on信号。松开按钮，输出off信号	ok
def_seat_hotas_node_55_label	座椅与载人	座椅	label	Hotkey 44	热键47	ok
def_seat_hotas_node_55_desc	座椅与载人	座椅	node_desc	Outputs an on signal when the controller button is held, and off when it is not.	按住按钮时，输出on信号。松开按钮，输出off信号	ok
def_seat_hotas_node_56_label	座椅与载人	座椅	label	Hotkey 45	热键48	ok
def_seat_hotas_node_56_desc	座椅与载人	座椅	node_desc	Outputs an on signal when the controller button is held, and off when it is not.	按住按钮时，输出on信号。松开按钮，输出off信号	ok
def_seat_hotas_node_57_label	座椅与载人	座椅	label	Hotkey 46	座椅数据	ok
def_seat_hotas_node_57_desc	座椅与载人	座椅	node_desc	Outputs an on signal when the controller button is held, and off when it is not.	按住按钮时，输出on信号。松开按钮，输出off信号	ok
def_seat_hotas_node_58_label	座椅与载人	座椅	label	Hotkey 47	耳机音频	ok
def_seat_hotas_node_58_desc	座椅与载人	座椅	node_desc	Outputs an on signal when the controller button is held, and off when it is not.	按住按钮时，输出on信号。松开按钮，输出off信号	ok
def_seat_hotas_node_59_label	座椅与载人	座椅	label	Hotkey 48	耳机音频	ok
def_seat_hotas_node_59_desc	座椅与载人	座椅	node_desc	Outputs an on signal when the controller button is held, and off when it is not.	按住按钮时，输出on信号。松开按钮，输出off信号	ok
def_seat_hotas_node_60_label	座椅与载人	座椅	label	Seat data	座位数据	ok
def_seat_hotas_node_60_desc	座椅与载人	座椅	node_desc	Outputs the axis, hotkey and occupied data from the seat. (On/Off 1+ : Hotkeys) (On/Off 31 : Trigger) (On/Off 32 : Occupied) (Value 1 : [$[action_left]]/[$[action_right]]) (Value 2 : [$[action_up]]/[$[action_down]]) (Value 3 : [$[action_pedal_left]]/[$[action_pedal_right]]) (Value 4 : [$[action_throttle_up]]/[$[action_throttle_down]]) (Values 5/6/7/8 : Controller Axes) (Value 9 : Look X)  (Value 10 : Look Y)	从座椅输出轴、热键和占用数据。(On/Off 1+ : 按键) (On/Off 31 : 扳机) (On/Off 32 : 占用) (值1 : [$[action_left]]/[$[action_right]]) (值2 : [$[action_up]]/[$[action_down]]) (值3 : [$[action_pedal_left]]/[$[action_pedal_right]]) (值4 : [$[action_throttle_up]]/[$[action_throttle_down]])	ok
def_seat_hotas_node_61_label	座椅与载人	座椅	label	Headset Audio	头盔音频	ok
def_seat_hotas_node_61_desc	座椅与载人	座椅	node_desc			ok
def_seat_hotas_node_62_label	座椅与载人	座椅	label	Headset Audio	头盔音频	ok
def_seat_hotas_node_62_desc	座椅与载人	座椅	node_desc			ok
def_seat_hotas_node_63_label	座椅与载人	座椅	label	Headset Video	头盔显示器	ok
def_seat_hotas_node_63_desc	座椅与载人	座椅	node_desc	Displays video UI overlay on a helmet mounted display.	头盔显示器输入信号	ok
def_seat_medical_name	座椅与载人	座椅	name	Medical Bed	病床	ok
def_seat_medical_desc	座椅与载人	座椅	desc	You can get in and out of the medical bed by interacting with it using [$[action_use_seat]]. You can place a rescued survivor in any medical bed by using [$[action_use_seat]] while carrying them.	你可以通过使用[$[action_use_seat]]与病床互动来进出病床。您可以在携带获救幸存者时使用 [$[action_use_seat]]将其放置在任何医疗床上	ok
def_seat_medical_s_desc	座椅与载人	座椅	s_desc	A bed equiped with medical monitoring equipment, slowly heals injured characters.	装有医疗监护设备的床	ok
def_seat_medical_node_0_label	座椅与载人	座椅	label	Occupied	被占用	ok
def_seat_medical_node_0_desc	座椅与载人	座椅	node_desc	Outputs an on signal if this bed is occupied by a character.	如果这个床被一个角色占用，则输出一个打开信号	ok
def_seat_padded_name	座椅与载人	座椅	name	Padded Seat	软垫座椅	ok
def_seat_padded_desc	座椅与载人	座椅	desc	You can get in and out of the seat by interacting with it using [$[action_use_seat]]. You can place a rescued survivor in any seat by using [$[action_use_seat]] while carrying them.	通过使用[$[action_use_seat]]与座椅交互以进出座椅。可以在携带获救幸存者时使用[$[action_use_seat]]将其放置在任何座椅上	ok
def_seat_padded_s_desc	座椅与载人	座椅	s_desc	A small padded passenger seat.	小型软垫座位	ok
def_seat_padded_node_0_label	座椅与载人	座椅	label	Occupied	被占用	ok
def_seat_padded_node_0_desc	座椅与载人	座椅	node_desc	Outputs an on signal if this seat is occupied by a character.	如果该座位被角色占用，则输出on信号	ok
def_seat_passenger_name	座椅与载人	座椅	name	Passenger Seat	乘客座椅	ok
def_seat_passenger_desc	座椅与载人	座椅	desc	You can get in and out of the seat by interacting with it using [$[action_use_seat]]. You can place a rescued survivor in any seat by using [$[action_use_seat]] while carrying them.	通过使用[$[action_use_seat]]与座椅交互以进出座椅。可以在携带获救幸存者时使用[$[action_use_seat]]将其放置在任何座椅上	ok
def_seat_passenger_s_desc	座椅与载人	座椅	s_desc	A basic passenger seat.	基本的乘客座位	ok
def_seat_passenger_node_0_label	座椅与载人	座椅	label	Occupied	被占用	ok
def_seat_passenger_node_0_desc	座椅与载人	座椅	node_desc	Outputs an on signal if this seat is occupied by a character.	如果该座位被角色占用，则输出on信号	ok
def_seat_racing_name	座椅与载人	座椅	name	Driver seat	驾驶座椅	ok
def_seat_racing_desc	座椅与载人	座椅	desc	It provides 4 number outputs that produce a standard value ranging from -1 to 1, and 6 on/off outputs. You can get in and out of the driver seat by interacting with it using [$[action_use_seat]].	提供4个输出，产生从-1到1的标准值，以及6个开/关输出。您可以通过使用[[$[action_use_seat]]与驾驶座椅交互来进出座椅	ok
def_seat_racing_s_desc	座椅与载人	座椅	s_desc	The driver seat lets you translate keyboard presses into output signals that can control logic components.	驾驶座椅允许您将键盘按键转换为可以控制逻辑组件的输出信号	ok
def_seat_racing_node_0_label	座椅与载人	座椅	label	Occupied	被占用	ok
def_seat_racing_node_0_desc	座椅与载人	座椅	node_desc	Outputs an on signal if this seat is occupied by a character.	如果该座位被角色占用，则输出on信号	ok
def_seat_racing_node_1_label	座椅与载人	座椅	label	Trigger [$[action_trigger]]	扳机 [$[action_trigger]]	ok
def_seat_racing_node_1_desc	座椅与载人	座椅	node_desc	Outputs an on signal when [$[action_trigger]] is held, and off when it is not.	按住[$[action_trigger]]时，输出一个开启信号，不按住时，输出一个关闭信号	ok
def_seat_racing_node_2_label	座椅与载人	座椅	label	Look X	视野X轴	ok
def_seat_racing_node_2_desc	座椅与载人	座椅	node_desc	Outputs the character look direction in turns along the X-axis.	输出角色X轴视野方向	ok
def_seat_racing_node_3_label	座椅与载人	座椅	label	Look Y	视野Y轴	ok
def_seat_racing_node_3_desc	座椅与载人	座椅	node_desc	Outputs the character look direction in turns along the Y-axis.	输出角色Y轴视野方向	ok
def_seat_racing_node_4_label	座椅与载人	座椅	label	Axis 1 [$[action_left]]/[$[action_right]]	轴 1 [$[action_left]]/[$[action_right]]	ok
def_seat_racing_node_4_desc	座椅与载人	座椅	node_desc	Outputs a standard value between -1 and 1, controlled using [$[action_left]] and [$[action_right]]. [$[action_left]] causes the output value to move towards -1, and [$[action_right]] moves it towards 1.	输出一个介于-1和1之间的值，使用[$[action_left]]和[$[action_right]]进行控制。[$[action_left]]使输出值向-1移动，[$[action_right]]使其向1移动	ok
def_seat_racing_node_5_label	座椅与载人	座椅	label	Axis 2 [$[action_up]]/[$[action_down]]	轴 2 [$[action_up]]/[$[action_down]]	ok
def_seat_racing_node_5_desc	座椅与载人	座椅	node_desc	Outputs a standard value between -1 and 1, controlled using [$[action_up]] and [$[action_down]]. [$[action_down]] causes the output value to move towards -1, and [$[action_up]] moves it towards 1.	输出一个介于-1和1之间的值，使用[$[action_up]]和[$[action_down]]进行控制。[$[action_down]]使输出值向-1移动，[$[action_up]]使其向1移动	ok
def_seat_racing_node_6_label	座椅与载人	座椅	label	Axis 3 [$[action_pedal_left]]/[$[action_pedal_right]]	轴 3 [$[action_pedal_left]]/[$[action_pedal_right]]	ok
def_seat_racing_node_6_desc	座椅与载人	座椅	node_desc	Outputs a standard value between -1 and 1, controlled using [$[action_pedal_left]] and [$[action_pedal_right]]. [$[action_pedal_left]] causes the output value to move towards -1, and [$[action_pedal_right]] moves it towards 1.	输出一个介于-1和1之间的值，使用[$[动作踏板左]]和[$[动作踏板右]]进行控制。[$[action_People_left]]使输出值向-1移动，[$[action_People_right]]使其向1移动	ok
def_seat_racing_node_7_label	座椅与载人	座椅	label	Axis 4 [$[action_throttle_up]]/[$[action_throttle_down]]	轴 4 [$[action_throttle_up]]/[$[action_throttle_down]]	ok
def_seat_racing_node_7_desc	座椅与载人	座椅	node_desc	Outputs a standard value between -1 and 1, controlled using [$[action_throttle_up]] and [$[action_throttle_down]]. [$[action_throttle_down]] causes the output value to move towards -1, and [$[action_throttle_up]] moves it towards 1.	输出一个介于-1和1之间的值，使用[$[action_throttle_up]]和[$[action_throttle_down]]进行控制。[$[action_throttle_down]]使输出值向-1移动，[$[action_throttle_up]]使其向1移动	ok
def_seat_racing_node_8_label	座椅与载人	座椅	label	Hotkey 1 [$[action_hotkey_1]]	按键 1 [$[action_hotkey_1]]	ok
def_seat_racing_node_8_desc	座椅与载人	座椅	node_desc	Outputs an on signal when [$[action_hotkey_1]] is held, and off when it is not.	按住[$[action_hotkey_1]]时输出on信号,否则输出off信号	ok
def_seat_racing_node_9_label	座椅与载人	座椅	label	Hotkey 2 [$[action_hotkey_2]]	按键 2 [$[action_hotkey_2]]	ok
def_seat_racing_node_9_desc	座椅与载人	座椅	node_desc	Outputs an on signal when [$[action_hotkey_2]] is held, and off when it is not.	按住[$[action_hotkey_2]]时输出on信号,否则输出off信号	ok
def_seat_racing_node_10_label	座椅与载人	座椅	label	Hotkey 3 [$[action_hotkey_3]]	按键 3 [$[action_hotkey_3]]	ok
def_seat_racing_node_10_desc	座椅与载人	座椅	node_desc	Outputs an on signal when [$[action_hotkey_3]] is held, and off when it is not.	按住[$[action_hotkey_3]]时输出on信号,否则输出off信号	ok
def_seat_racing_node_11_label	座椅与载人	座椅	label	Hotkey 4 [$[action_hotkey_4]]	按键 4 [$[action_hotkey_4]]	ok
def_seat_racing_node_11_desc	座椅与载人	座椅	node_desc	Outputs an on signal when [$[action_hotkey_4]] is held, and off when it is not.	按住[$[action_hotkey_4]]时输出on信号,否则输出off信号	ok
def_seat_racing_node_12_label	座椅与载人	座椅	label	Hotkey 5 [$[action_hotkey_5]]	按键 5 [$[action_hotkey_5]]	ok
def_seat_racing_node_12_desc	座椅与载人	座椅	node_desc	Outputs an on signal when [$[action_hotkey_5]] is held, and off when it is not.	按住[$[action_hotkey_5]]时输出on信号,否则输出off信号	ok
def_seat_racing_node_13_label	座椅与载人	座椅	label	Hotkey 6 [$[action_hotkey_6]]	按键 6 [$[action_hotkey_6]]	ok
def_seat_racing_node_13_desc	座椅与载人	座椅	node_desc	Outputs an on signal when [$[action_hotkey_6]] is held, and off when it is not.	按住[$[action_hotkey_6]]时输出on信号,否则输出off信号	ok
def_seat_racing_node_14_label	座椅与载人	座椅	label	Seat data	座位数据	ok
def_seat_racing_node_14_desc	座椅与载人	座椅	node_desc	Outputs the axis, hotkey and occupied data from the seat. (On/Off 1+ : Hotkeys) (On/Off 31 : Trigger) (On/Off 32 : Occupied) (Value 1 : [$[action_left]]/[$[action_right]]) (Value 2 : [$[action_up]]/[$[action_down]]) (Value 3 : [$[action_pedal_left]]/[$[action_pedal_right]]) (Value 4 : [$[action_throttle_up]]/[$[action_throttle_down]]) (Value 9 : Look X)  (Value 10 : Look Y)	从座椅输出轴、热键和占用数据。(On/Off 1+ : 按键) (On/Off 31 : 扳机) (On/Off 32 : 占用) (值1 : [$[action_left]]/[$[action_right]]) (值2 : [$[action_up]]/[$[action_down]]) (值3 : [$[action_pedal_left]]/[$[action_pedal_right]]) (值4 : [$[action_throttle_up]]/[$[action_throttle_down]])	ok
def_seat_racing_node_15_label	座椅与载人	座椅	label	Headset Audio	头盔音频	ok
def_seat_racing_node_15_desc	座椅与载人	座椅	node_desc			ok
def_seat_racing_node_16_label	座椅与载人	座椅	label	Headset Audio	头盔音频	ok
def_seat_racing_node_16_desc	座椅与载人	座椅	node_desc			ok
def_seat_racing_node_17_label	座椅与载人	座椅	label	Headset Video	头盔显示器	ok
def_seat_racing_node_17_desc	座椅与载人	座椅	node_desc	Displays video UI overlay on a helmet mounted display.	头盔显示器输入信号	ok
def_seat_saddle_name	座椅与载人	座椅	name	Saddle Seat	摩托鞍座	ok
def_seat_saddle_desc	座椅与载人	座椅	desc	You can get in and out of the seat by interacting with it using [$[action_use_seat]]. You can place a rescued survivor in any seat by using [$[action_use_seat]] while carrying them.	通过使用[$[action_use_seat]]与座椅交互以进出座椅。可以在携带获救幸存者时使用[$[action_use_seat]]将其放置在任何座椅上	ok
def_seat_saddle_s_desc	座椅与载人	座椅	s_desc	A small padded seat with control handlebars.	带有控制把手的小型软垫	ok
def_seat_saddle_node_0_label	座椅与载人	座椅	label	Occupied	被占用	ok
def_seat_saddle_node_0_desc	座椅与载人	座椅	node_desc	Outputs an on signal if the seat is occupied by a character.	如果该座位被角色占用，则输出on信号	ok
def_seat_saddle_node_1_label	座椅与载人	座椅	label	Trigger [$[action_trigger]]	扳机 [$[action_trigger]]	ok
def_seat_saddle_node_1_desc	座椅与载人	座椅	node_desc	Outputs an on signal when [$[action_trigger]] is held, and off when it is not.	按住[$[action_trigger]]时，输出一个开启信号，不按住时，输出一个关闭信号	ok
def_seat_saddle_node_2_label	座椅与载人	座椅	label	Look X	视野X轴	ok
def_seat_saddle_node_2_desc	座椅与载人	座椅	node_desc	Outputs the character look direction in turns along the X-axis.	输出角色X轴视野方向	ok
def_seat_saddle_node_3_label	座椅与载人	座椅	label	Look Y	视野Y轴	ok
def_seat_saddle_node_3_desc	座椅与载人	座椅	node_desc	Outputs the character look direction in turns along the Y-axis.	输出角色Y轴视野方向	ok
def_seat_saddle_node_4_label	座椅与载人	座椅	label	Axis 1 [$[action_left]]/[$[action_right]]	轴 1 [$[action_left]]/[$[action_right]]	ok
def_seat_saddle_node_4_desc	座椅与载人	座椅	node_desc	Outputs a standard value between -1 and 1, controlled using [$[action_left]] and [$[action_right]]. [$[action_left]] causes the output value to move towards -1, and [$[action_right]] moves it towards 1.	输出一个介于-1和1之间的值，使用[$[action_left]]和[$[action_right]]进行控制。[$[action_left]]使输出值向-1移动，[$[action_right]]使其向1移动	ok
def_seat_saddle_node_5_label	座椅与载人	座椅	label	Axis 2 [$[action_up]]/[$[action_down]]	轴 2 [$[action_up]]/[$[action_down]]	ok
def_seat_saddle_node_5_desc	座椅与载人	座椅	node_desc	Outputs a standard value between -1 and 1, controlled using [$[action_up]] and [$[action_down]]. [$[action_down]] causes the output value to move towards -1, and [$[action_up]] moves it towards 1.	输出一个介于-1和1之间的值，使用[$[action_up]]和[$[action_down]]进行控制。[$[action_down]]使输出值向-1移动，[$[action_up]]使其向1移动	ok
def_seat_saddle_node_6_label	座椅与载人	座椅	label	Axis 3 [$[action_pedal_left]]/[$[action_pedal_right]]	轴 3 [$[action_pedal_left]]/[$[action_pedal_right]]	ok
def_seat_saddle_node_6_desc	座椅与载人	座椅	node_desc	Outputs a standard value between -1 and 1, controlled using [$[action_pedal_left]] and [$[action_pedal_right]]. [$[action_pedal_left]] causes the output value to move towards -1, and [$[action_pedal_right]] moves it towards 1.	输出一个介于-1和1之间的值，使用[$[动作踏板左]]和[$[动作踏板右]]进行控制。[$[action_People_left]]使输出值向-1移动，[$[action_People_right]]使其向1移动	ok
def_seat_saddle_node_7_label	座椅与载人	座椅	label	Axis 4 [$[action_throttle_up]]/[$[action_throttle_down]]	轴 4 [$[action_throttle_up]]/[$[action_throttle_down]]	ok
def_seat_saddle_node_7_desc	座椅与载人	座椅	node_desc	Outputs a standard value between -1 and 1, controlled using [$[action_throttle_up]] and [$[action_throttle_down]]. [$[action_throttle_down]] causes the output value to move towards -1, and [$[action_throttle_up]] moves it towards 1.	输出一个介于-1和1之间的值，使用[$[action_throttle_up]]和[$[action_throttle_down]]进行控制。[$[action_throttle_down]]使输出值向-1移动，[$[action_throttle_up]]使其向1移动	ok
def_seat_saddle_node_8_label	座椅与载人	座椅	label	Hotkey 1 [$[action_hotkey_1]]	按键 1 [$[action_hotkey_1]]	ok
def_seat_saddle_node_8_desc	座椅与载人	座椅	node_desc	Outputs an on signal when [$[action_hotkey_1]] is held, and off when it is not.	按住[$[action_hotkey_1]]时输出on信号,否则输出off信号	ok
def_seat_saddle_node_9_label	座椅与载人	座椅	label	Hotkey 2 [$[action_hotkey_2]]	按键 2 [$[action_hotkey_2]]	ok
def_seat_saddle_node_9_desc	座椅与载人	座椅	node_desc	Outputs an on signal when [$[action_hotkey_2]] is held, and off when it is not.	按住[$[action_hotkey_2]]时输出on信号,否则输出off信号	ok
def_seat_saddle_node_10_label	座椅与载人	座椅	label	Hotkey 3 [$[action_hotkey_3]]	按键 3 [$[action_hotkey_3]]	ok
def_seat_saddle_node_10_desc	座椅与载人	座椅	node_desc	Outputs an on signal when [$[action_hotkey_3]] is held, and off when it is not.	按住[$[action_hotkey_3]]时输出on信号,否则输出off信号	ok
def_seat_saddle_node_11_label	座椅与载人	座椅	label	Hotkey 4 [$[action_hotkey_4]]	按键 4 [$[action_hotkey_4]]	ok
def_seat_saddle_node_11_desc	座椅与载人	座椅	node_desc	Outputs an on signal when [$[action_hotkey_4]] is held, and off when it is not.	按住[$[action_hotkey_4]]时输出on信号,否则输出off信号	ok
def_seat_saddle_node_12_label	座椅与载人	座椅	label	Hotkey 5 [$[action_hotkey_5]]	按键 5 [$[action_hotkey_5]]	ok
def_seat_saddle_node_12_desc	座椅与载人	座椅	node_desc	Outputs an on signal when [$[action_hotkey_5]] is held, and off when it is not.	按住[$[action_hotkey_5]]时输出on信号,否则输出off信号	ok
def_seat_saddle_node_13_label	座椅与载人	座椅	label	Hotkey 6 [$[action_hotkey_6]]	按键 6 [$[action_hotkey_6]]	ok
def_seat_saddle_node_13_desc	座椅与载人	座椅	node_desc	Outputs an on signal when [$[action_hotkey_6]] is held, and off when it is not.	按住[$[action_hotkey_6]]时输出on信号,否则输出off信号	ok
def_seat_saddle_node_14_label	座椅与载人	座椅	label	Seat data	座位数据	ok
def_seat_saddle_node_14_desc	座椅与载人	座椅	node_desc	Outputs the axis, hotkey and occupied data from the seat. (On/Off 1+ : Hotkeys) (On/Off 31 : Trigger) (On/Off 32 : Occupied) (Value 1 : [$[action_left]]/[$[action_right]]) (Value 2 : [$[action_up]]/[$[action_down]]) (Value 3 : [$[action_pedal_left]]/[$[action_pedal_right]]) (Value 4 : [$[action_throttle_up]]/[$[action_throttle_down]]) (Value 9 : Look X)  (Value 10 : Look Y)	从座椅输出轴、热键和占用数据。(On/Off 1+ : 按键) (On/Off 31 : 扳机) (On/Off 32 : 占用) (值1 : [$[action_left]]/[$[action_right]]) (值2 : [$[action_up]]/[$[action_down]]) (值3 : [$[action_pedal_left]]/[$[action_pedal_right]]) (值4 : [$[action_throttle_up]]/[$[action_throttle_down]])	ok
def_seat_saddle_node_15_label	座椅与载人	座椅	label	Headset Audio	头盔音频	ok
def_seat_saddle_node_15_desc	座椅与载人	座椅	node_desc			ok
def_seat_saddle_node_16_label	座椅与载人	座椅	label	Headset Audio	头盔音频	ok
def_seat_saddle_node_16_desc	座椅与载人	座椅	node_desc			ok
def_seat_saddle_node_17_label	座椅与载人	座椅	label	Headset Video	头盔显示器	ok
def_seat_saddle_node_17_desc	座椅与载人	座椅	node_desc	Displays video UI overlay on a helmet mounted display.	头盔显示器输入信号	ok
def_seat_saddle_passenger_name	座椅与载人	座椅	name	Saddle Passenger Seat	乘客鞍座	ok
def_seat_saddle_passenger_desc	座椅与载人	座椅	desc	You can get in and out of the seat by interacting with it using [$[action_use_seat]]. You can place a rescued survivor in any seat by using [$[action_use_seat]] while carrying them.	通过使用[$[action_use_seat]]与座椅交互以进出座椅。可以在携带获救幸存者时使用[$[action_use_seat]]将其放置在任何座椅上	ok
def_seat_saddle_passenger_s_desc	座椅与载人	座椅	s_desc	A small padded passenger seat.	小型乘客鞍座	ok
def_seat_saddle_passenger_node_0_label	座椅与载人	座椅	label	Occupied	被占用	ok
def_seat_saddle_passenger_node_0_desc	座椅与载人	座椅	node_desc	Outputs an on signal if the seat is occupied by a character.	如果该座位被角色占用，则输出on信号	ok
def_seat_space_name	座椅与载人	座椅	name	Space Seat	驾驶座椅(宇航)	ok
def_seat_space_desc	座椅与载人	座椅	desc	It provides 4 number outputs that produce a standard value ranging from -1 to 1, and 6 on/off outputs. You can get in and out of the space seat by interacting with it using [$[action_use_seat]].	提供4个数字轴输出(-1~1)和6个on/off的按钮输出，按下 [$[action_use_seat]] 进出该位置	ok
def_seat_space_s_desc	座椅与载人	座椅	s_desc	The space seat lets you translate keyboard presses into output signals that can control logic components.	飞船座椅可以将键盘输入转化为控制载具的逻辑	ok
def_seat_space_node_0_label	座椅与载人	座椅	label	Occupied	已被占用	ok
def_seat_space_node_0_desc	座椅与载人	座椅	node_desc	Outputs an on signal if the handle is occupied by a character.	输出该座位是否被占用	ok
def_seat_space_node_1_label	座椅与载人	座椅	label	Trigger [$[action_trigger]]	扳机 [$[action_trigger]]	ok
def_seat_space_node_1_desc	座椅与载人	座椅	node_desc	Outputs an on signal when [$[action_trigger]] is held, and off when it is not.	按住[$[action_trigger]]时，输出一个开启信号，不按住时，输出一个关闭信号	ok
def_seat_space_node_2_label	座椅与载人	座椅	label	Look X	视野X轴	ok
def_seat_space_node_2_desc	座椅与载人	座椅	node_desc	Outputs the character look direction in turns along the X-axis.	输出角色视野X轴方向	ok
def_seat_space_node_3_label	座椅与载人	座椅	label	Look Y	视野Y轴	ok
def_seat_space_node_3_desc	座椅与载人	座椅	node_desc	Outputs the character look direction in turns along the Y-axis.	出角色视野Y轴输方向	ok
def_seat_space_node_4_label	座椅与载人	座椅	label	Axis 1 [$[action_left]]/[$[action_right]]	轴 1 [$[action_left]]/[$[action_right]]	ok
def_seat_space_node_4_desc	座椅与载人	座椅	node_desc	Outputs a standard value between -1 and 1, controlled using [$[action_left]] and [$[action_right]]. [$[action_left]] causes the output value to move towards -1, and [$[action_right]] moves it towards 1.	输出一个介于-1和1之间的标准值，使用[$[action_left]]和[$[action_right]]进行控制。[$[action_left]]使输出值向-1移动，[$[action_right]]使其向1移动	ok
def_seat_space_node_5_label	座椅与载人	座椅	label	Axis 2 [$[action_up]]/[$[action_down]]	轴 2 [$[action_up]]/[$[action_down]]	ok
def_seat_space_node_5_desc	座椅与载人	座椅	node_desc	Outputs a standard value between -1 and 1, controlled using [$[action_up]] and [$[action_down]]. [$[action_down]] causes the output value to move towards -1, and [$[action_up]] moves it towards 1.	输出一个介于-1和1之间的标准值，使用[$[action_up]]和[$[action_down]]进行控制。[$[action_down]]使输出值向-1移动，[$[action_up]]使其向1移动	ok
def_seat_space_node_6_label	座椅与载人	座椅	label	Axis 3 [$[action_pedal_left]]/[$[action_pedal_right]]	轴 3 [$[action_pedal_left]]/[$[action_pedal_right]]	ok
def_seat_space_node_6_desc	座椅与载人	座椅	node_desc	Outputs a standard value between -1 and 1, controlled using [$[action_pedal_left]] and [$[action_pedal_right]]. [$[action_pedal_left]] causes the output value to move towards -1, and [$[action_pedal_right]] moves it towards 1.	输出一个介于-1和1之间的标准值，使用[$[动作踏板左]]和[$[动作踏板右]]进行控制。[$[action_People_left]]使输出值向-1移动，[$[action_People_right]]使其向1移动	ok
def_seat_space_node_7_label	座椅与载人	座椅	label	Axis 4 [$[action_throttle_up]]/[$[action_throttle_down]]	轴 4 [$[action_throttle_up]]/[$[action_throttle_down]]	ok
def_seat_space_node_7_desc	座椅与载人	座椅	node_desc	Outputs a standard value between -1 and 1, controlled using [$[action_throttle_up]] and [$[action_throttle_down]]. [$[action_throttle_down]] causes the output value to move towards -1, and [$[action_throttle_up]] moves it towards 1.	输出一个介于-1和1之间的标准值，使用[$[action_throttle_up]]和[$[action_throttle_down]]进行控制。[$[action_throttle_down]]使输出值向-1移动，[$[action_throttle_up]]使其向1移动	ok
def_seat_space_node_8_label	座椅与载人	座椅	label	Hotkey 1 [$[action_hotkey_1]]	按键 1 [$[action_hotkey_1]]	ok
def_seat_space_node_8_desc	座椅与载人	座椅	node_desc	Outputs an on signal when [$[action_hotkey_1]] is held, and off when it is not.	按住[$[action_hotkey_1]]时输出on信号,否则输出off信号	ok
def_seat_space_node_9_label	座椅与载人	座椅	label	Hotkey 2 [$[action_hotkey_2]]	按键 2 [$[action_hotkey_2]]	ok
def_seat_space_node_9_desc	座椅与载人	座椅	node_desc	Outputs an on signal when [$[action_hotkey_2]] is held, and off when it is not.	按住[$[action_hotkey_2]]时输出on信号,否则输出off信号	ok
def_seat_space_node_10_label	座椅与载人	座椅	label	Hotkey 3 [$[action_hotkey_3]]	按键 3 [$[action_hotkey_3]]	ok
def_seat_space_node_10_desc	座椅与载人	座椅	node_desc	Outputs an on signal when [$[action_hotkey_3]] is held, and off when it is not.	按住[$[action_hotkey_3]]时输出on信号,否则输出off信号	ok
def_seat_space_node_11_label	座椅与载人	座椅	label	Hotkey 4 [$[action_hotkey_4]]	按键 4 [$[action_hotkey_4]]	ok
def_seat_space_node_11_desc	座椅与载人	座椅	node_desc	Outputs an on signal when [$[action_hotkey_4]] is held, and off when it is not.	按住[$[action_hotkey_4]]时输出on信号,否则输出off信号	ok
def_seat_space_node_12_label	座椅与载人	座椅	label	Hotkey 5 [$[action_hotkey_5]]	按键 5 [$[action_hotkey_5]]	ok
def_seat_space_node_12_desc	座椅与载人	座椅	node_desc	Outputs an on signal when [$[action_hotkey_5]] is held, and off when it is not.	按住[$[action_hotkey_5]]时输出on信号,否则输出off信号	ok
def_seat_space_node_13_label	座椅与载人	座椅	label	Hotkey 6 [$[action_hotkey_6]]	按键 6 [$[action_hotkey_6]]	ok
def_seat_space_node_13_desc	座椅与载人	座椅	node_desc	Outputs an on signal when [$[action_hotkey_6]] is held, and off when it is not.	按住[$[action_hotkey_6]]时输出on信号,否则输出off信号	ok
def_seat_space_node_14_label	座椅与载人	座椅	label	Seat data	座位数据	ok
def_seat_space_node_14_desc	座椅与载人	座椅	node_desc	Outputs the axis, hotkey and occupied data from the helm. (On/Off 1+ : Hotkeys) (On/Off 31 : Trigger) (On/Off 32 : Occupied) (Value 1 : [$[action_left]]/[$[action_right]]) (Value 2 : [$[action_up]]/[$[action_down]]) (Value 3 : [$[action_pedal_left]]/[$[action_pedal_right]]) (Value 4 : [$[action_throttle_up]]/[$[action_throttle_down]]) (Value 9 : Look X)  (Value 10 : Look Y)	从座椅输出轴、热键和占用数据.(On/Off 1+:按键) (On/Off 31:扳机) (On/Off 32:占用) (值1: [$[action_left]]/[$[action_right]])(值2: [$[action_up]]/[$[action_down]])(值3: [$[action_pedal_left]]/[$[action_pedal_right]])(值4: [$[action_throttle_up]]/[$[action_throttle_down]])(值9:视野轴X)(值10:视野轴Y)	ok
def_seat_space_node_15_label	座椅与载人	座椅	label	Headset Audio	头盔音频	ok
def_seat_space_node_15_desc	座椅与载人	座椅	node_desc			ok
def_seat_space_node_16_label	座椅与载人	座椅	label	Headset Audio	头盔音频	ok
def_seat_space_node_16_desc	座椅与载人	座椅	node_desc			ok
def_seat_space_node_17_label	座椅与载人	座椅	label	Headset Video	头盔显示器	ok
def_seat_space_node_17_desc	座椅与载人	座椅	node_desc	Displays video UI overlay on a helmet mounted display.	头盔显示器输入信号	ok
def_seat_space_node_18_label	座椅与载人	座椅	label	Fluid In	流体输入	ok
def_seat_space_node_18_desc	座椅与载人	座椅	node_desc			ok
def_seat_stretcher_name	座椅与载人	座椅	name	Stretcher	担架	ok
def_seat_stretcher_desc	座椅与载人	座椅	desc	You can get in and out of the stretcher by interacting with it using [$[action_use_seat]]. You can place a rescued survivor in any stretcher by using [$[action_use_seat]] while carrying them.	按 [$[action_use_seat]] 键躺在担架上,或按下 [$[action_use_seat]] 键将获救的幸存者放在担架上	ok
def_seat_stretcher_s_desc	座椅与载人	座椅	s_desc	A strecher that connects below an attachment point.	连接点下方的担架	ok
def_seat_stretcher_node_0_label	座椅与载人	座椅	label	Occupied	被占用	ok
def_seat_stretcher_node_0_desc	座椅与载人	座椅	node_desc	Outputs an on signal if this bed is occupied by a character.	如果这个床被一个角色占用，则输出一个on信号	ok
def_separator_name	工业加工	分离器	name	Centrifugal Separator	离心分离机	ok
def_separator_desc	工业加工	分离器	desc	Provide torque to begin spinning the separator, fluid output ports will separate with increased effectiveness based on the spin speed.	输入扭矩以开始旋转离心机,输入的转速影响分离效率	ok
def_separator_s_desc	工业加工	分离器	s_desc	A tank that can be spun to separate contained fluids.	分离机液罐	ok
def_separator_node_0_label	工业加工	分离器	label	RPS	RPS	ok
def_separator_node_0_desc	工业加工	分离器	node_desc	RPS input node for spinning the centrifuge.	驱动离心机工作的动力输入	ok
def_separator_node_1_label	工业加工	分离器	label	Fluid In	流体入口	ok
def_separator_node_1_desc	工业加工	分离器	node_desc	Input fluid port.	流体输入接口	ok
def_separator_node_2_label	工业加工	分离器	label	Fluid Out	流体出口	ok
def_separator_node_2_desc	工业加工	分离器	node_desc	Main output fluid port.	流体主出口	ok
def_separator_node_3_label	工业加工	分离器	label	Dense Fluid Out	高密度流体出口	ok
def_separator_node_3_desc	工业加工	分离器	node_desc	Output port that will filter the denser fluid when the centrifuge is operating at high speed.	离心机高速运转时,输出口将过滤密度较高的流体	ok
def_sign_name	结构建材	标牌	name	Paintable Indicator	可涂标志(带背光)	ok
def_sign_desc	结构建材	标牌	desc	This block has a paintable surface where small grid squares can be painted individually. Use additive painting mode to paint the backlight grid. The backlight can be enabled by using an on signal and a name can be set with the select tool that will be visible when the indicator is looked at by a player.	这个块有一个可绘制的表面，这个面可以单独绘制小的正方形网格.使用附加绘制模式绘制背光网格.背光可以通过on信号启用,并且可以使用选择工具设置名称.当玩家查看指示灯时，该提示将可见	ok
def_sign_s_desc	结构建材	标牌	s_desc	A backlit indicator for displaying painted detail.	带有背光的可涂标志，用于显示绘制的细节	ok
def_sign_node_0_label	结构建材	标牌	label	Backlight	背光	ok
def_sign_node_0_desc	结构建材	标牌	node_desc	Switches the backlight on when receiving an on signal.	接收到on信号时，打开背光	ok
def_sign_node_1_label	结构建材	标牌	label	Electric	电	ok
def_sign_node_1_desc	结构建材	标牌	node_desc	Electrical power connection.	电源连接	ok
def_sign_na_name	结构建材	标牌	name	Paintable Sign	可涂标志	ok
def_sign_na_desc	结构建材	标牌	desc	This block has a paintable surface where small grid squares can be painted individually.	这个块有一个可绘制的表面，在那里可以单独绘制小的网格正方形	ok
def_sign_na_s_desc	结构建材	标牌	s_desc	Sign block for displaying painted detail.	用于显示涂漆细节的标志块	ok
def_siren_name	显示与控制	警报器	name	Siren	汽笛	ok
def_siren_desc	显示与控制	警报器	desc	It has an audible range of 3000m.	声音范围为3000米	ok
def_siren_s_desc	显示与控制	警报器	s_desc	A warning siren with a large audible range.	声音范围很大的警报器	ok
def_siren_node_0_label	显示与控制	警报器	label	Horn	喇叭	ok
def_siren_node_0_desc	显示与控制	警报器	node_desc	Sounds the horn when recieving an on signal.	收到接通信号时按喇叭	ok
def_siren_node_1_label	显示与控制	警报器	label	Electric	电	ok
def_siren_node_1_desc	显示与控制	警报器	node_desc	Electrical power connection.	电源连接	ok
def_ski_name	载具与交通	滑橇	name	Ski	雪橇	ok
def_ski_desc	载具与交通	滑橇	desc	This component has low friction moving along its length, but grips laterally.	该部件沿其长度移动时摩擦力很低，但会横向夹紧	ok
def_ski_s_desc	载具与交通	滑橇	s_desc	A wide hinged ski.	宽铰链滑雪板	ok
def_ski_node_0_label	载具与交通	滑橇	label	Steering	驾驶	ok
def_ski_node_0_desc	载具与交通	滑橇	node_desc	Accepts a value between -1 and 1 that represents the extremes of the steering rotation.	接受一个介于-1和1之间的值，该值表示转向旋转的极值值	ok
def_ski_small_name	载具与交通	滑橇	name	Ski (Small)	雪橇(小)	ok
def_ski_small_desc	载具与交通	滑橇	desc	This component has low friction moving along its length, but grips laterally.	该部件沿其长度移动时摩擦力很低，但会横向夹紧	ok
def_ski_small_s_desc	载具与交通	滑橇	s_desc	A small hinged ski.	有铰链的小滑雪板	ok
def_ski_small_node_0_label	载具与交通	滑橇	label	Steering	驾驶	ok
def_ski_small_node_0_desc	载具与交通	滑橇	node_desc	Accepts a value between -1 and 1 that represents the extremes of the steering rotation.	接受一个介于-1和1之间的值，该值表示转向旋转的极值值	ok
def_slurry_filter_name	工业加工	矿浆	name	Slurry Filter	泥浆稀释器	ok
def_slurry_filter_desc	工业加工	矿浆	desc	A pipe with a solids filter that consumes fresh water to slowly convert saturated slurry to slurry and allows free flow of slurry.	带有过滤器的管道系统,消耗淡水将饱和泥浆慢慢转化为泥浆,并允许泥浆流过	ok
def_slurry_filter_s_desc	工业加工	矿浆	s_desc	A filter that slowly desaturates slurry.	能使泥浆缓慢去饱和的过滤器	ok
def_slurry_filter_node_0_label	工业加工	矿浆	label	Water In	淡水入口	ok
def_slurry_filter_node_0_desc	工业加工	矿浆	node_desc	Water Input.	淡水入口	ok
def_slurry_filter_node_1_label	工业加工	矿浆	label	Water Out	淡水出口	ok
def_slurry_filter_node_1_desc	工业加工	矿浆	node_desc	Water Output.	淡水出口	ok
def_slurry_filter_node_2_label	工业加工	矿浆	label	Slurry In	泥浆入口	ok
def_slurry_filter_node_2_desc	工业加工	矿浆	node_desc	Saturated Slurry input.	饱和泥浆入口	ok
def_slurry_filter_node_3_label	工业加工	矿浆	label	Slurry Out	泥浆出口	ok
def_slurry_filter_node_3_desc	工业加工	矿浆	node_desc	Slurry output.	泥浆出口	ok
def_small_light_name	引擎与动力	小型	name	Light	灯	ok
def_small_light_desc	引擎与动力	小型	desc			ok
def_small_light_s_desc	引擎与动力	小型	s_desc	A basic light that can be controlled using an on/off signal.	可以用开关信号控制的基本光源	ok
def_small_light_node_0_label	引擎与动力	小型	label	Light Switch	灯光开关	ok
def_small_light_node_0_desc	引擎与动力	小型	node_desc	Controls whether or not the light is switched on.	控制灯是否打开	ok
def_small_light_node_1_label	引擎与动力	小型	label	Electric	电	ok
def_small_light_node_1_desc	引擎与动力	小型	node_desc	Electrical power connection.	电源连接	ok
def_small_light_rgb_name	引擎与动力	小型	name	Light (RGB)	灯(RGB)	ok
def_small_light_rgb_desc	引擎与动力	小型	desc	Three channels of the composite input can be used to set the red, green and blue components of the light's color using numbers between 0 and 1. The light can also operate in HSV mode, where the 3 inputs correspond to the hue, saturation and value (brightness) of the color between 0 and 1. The color mode and input channels can be customised by selecting this component with the select tool.	组合输入的三个通道可用于使用0到1之间的数字设置灯光的红色、绿色和蓝色分量。灯光也可以在HSV模式下工作，其中3个输入对应于0到1之间颜色的色调、饱和度和亮度。颜色模式和输入通道可以通过使用选择工具进行调整	ok
def_small_light_rgb_s_desc	引擎与动力	小型	s_desc	An advanced light that can be controlled using a microcontroller.	需要使用微控制器控制的先进光源	ok
def_small_light_rgb_node_0_label	引擎与动力	小型	label	Color Data	颜色数据	ok
def_small_light_rgb_node_0_desc	引擎与动力	小型	node_desc	Composite link containing the light's color data.	包含灯光颜色数据的复合链接	ok
def_small_light_rgb_node_1_label	引擎与动力	小型	label	Electric	电	ok
def_small_light_rgb_node_1_desc	引擎与动力	小型	node_desc	Electrical power connection.	电源连接	ok
def_solar_name	电力与能源	太阳能	name	Solar Cell	太阳能电池	ok
def_solar_desc	电力与能源	太阳能	desc	The cell generates electrical current based on time of day and angle towards the sun.	电池根据一天中的时间和朝向太阳的角度产生电流	ok
def_solar_s_desc	电力与能源	太阳能	s_desc	A solar cell for generating electricity.	用于发电的太阳能电池	ok
def_solar_node_0_label	电力与能源	太阳能	label	Electric	电	ok
def_solar_node_0_desc	电力与能源	太阳能	node_desc	The electric connection to output electric energy.	输出电能的电源连接	ok
def_solar_large_name	电力与能源	太阳能	name	Large Solar Cell	太阳能电池(大)	ok
def_solar_large_desc	电力与能源	太阳能	desc	The cell generates electrical current based on time of day and angle towards the sun.	电池根据一天中的时间和朝向太阳的角度产生电流	ok
def_solar_large_s_desc	电力与能源	太阳能	s_desc	A large solar cell for generating electricity.	用于发电的太阳能电池	ok
def_solar_large_node_0_label	电力与能源	太阳能	label	Electric		todo
def_solar_large_node_0_desc	电力与能源	太阳能	node_desc	The electric connection to output electric energy.		todo
def_solid_rocket_huge_name	结构建材	实心块	name	Solid Rocket Fuel (Huge)	固体火箭燃料(巨)	ok
def_solid_rocket_huge_desc	结构建材	实心块	desc	Fuel can be stacked to increase the burn duration of a rocket booster.	燃料可以堆积起来以增加火箭助推器的燃烧时间	ok
def_solid_rocket_huge_s_desc	结构建材	实心块	s_desc	A huge solid rocket fuel segment.	巨大的固体火箭燃料块	ok
def_solid_rocket_huge_fins_name	结构建材	实心块	name	Solid Rocket Fuel (Huge) (Fins)	固体火箭燃料(巨)(弹翼)	ok
def_solid_rocket_huge_fins_desc	结构建材	实心块	desc	Fuel can be stacked to increase the burn duration of a rocket booster. Link up to the instruction output of a missile radar for automatic guidance.	燃料段可堆积，以增加火箭助推器的燃烧持续时间。连接到导弹雷达的指令输出进行自动制导	ok
def_solid_rocket_huge_fins_s_desc	结构建材	实心块	s_desc	A huge solid rocket fuel segment with in-built controllable fins.	巨大的固体火箭燃料段，内置可控弹翼	ok
def_solid_rocket_huge_fins_node_0_label	结构建材	实心块	label	Composite Input	混合输入	ok
def_solid_rocket_huge_fins_node_0_desc	结构建材	实心块	node_desc	Composite data for the flight control surfaces. (Value 1 : Yaw) (Value 2 : Pitch).	控制面的混合数据(值1 : 偏航) (值2 : 俯仰).	ok
def_solid_rocket_huge_fins_node_1_label	结构建材	实心块	label	Electric	电	ok
def_solid_rocket_huge_fins_node_1_desc	结构建材	实心块	node_desc	Electrical power connection.	电源连接	ok
def_solid_rocket_large_name	结构建材	实心块	name	Solid Rocket Fuel (Large)	固体火箭燃料(大)	ok
def_solid_rocket_large_desc	结构建材	实心块	desc	Fuel can be stacked to increase the burn duration of a rocket booster.	燃料可以堆积起来以增加火箭助推器的燃烧时间	ok
def_solid_rocket_large_s_desc	结构建材	实心块	s_desc	A large solid rocket fuel segment.	大型固体火箭燃料段	ok
def_solid_rocket_large_fins_name	结构建材	实心块	name	Solid Rocket Fuel (Large) (Fins)	固体火箭燃料(大)(弹翼)	ok
def_solid_rocket_large_fins_desc	结构建材	实心块	desc	Fuel can be stacked to increase the burn duration of a rocket booster. Link up to the instruction output of a missile radar for automatic guidance.	燃料段可堆积，以增加火箭助推器的燃烧持续时间。连接到导弹雷达的指令输出进行自动制导	ok
def_solid_rocket_large_fins_s_desc	结构建材	实心块	s_desc	A large solid rocket fuel segment with in-built controllable fins.	带有内置可控弹翼的大型固体火箭燃料段	ok
def_solid_rocket_large_fins_node_0_label	结构建材	实心块	label	Composite Input	混合输入	ok
def_solid_rocket_large_fins_node_0_desc	结构建材	实心块	node_desc	Composite data for the flight control surfaces. (Value 1 : Yaw) (Value 2 : Pitch).	控制面的混合数据(值1 : 偏航) (值2 : 俯仰).	ok
def_solid_rocket_large_fins_node_1_label	结构建材	实心块	label	Electric	电	ok
def_solid_rocket_large_fins_node_1_desc	结构建材	实心块	node_desc	Electrical power connection.	电源连接	ok
def_solid_rocket_medium_name	结构建材	实心块	name	Solid Rocket Fuel (Medium)	固体火箭燃料(中)	ok
def_solid_rocket_medium_desc	结构建材	实心块	desc	Fuel can be stacked to increase the burn duration of a rocket booster.	燃料可以堆积起来以增加火箭助推器的燃烧时间	ok
def_solid_rocket_medium_s_desc	结构建材	实心块	s_desc	A medium solid rocket fuel segment.	中等尺寸的固体火箭燃料段	ok
def_solid_rocket_medium_fins_name	结构建材	实心块	name	Solid Rocket Fuel (Medium) (Fins)	固体火箭燃料(中)(弹翼)	ok
def_solid_rocket_medium_fins_desc	结构建材	实心块	desc	Fuel can be stacked to increase the burn duration of a rocket booster. Link up to the instruction output of a missile radar for automatic guidance.	燃料段可堆积，以增加火箭助推器的燃烧持续时间。连接到导弹雷达的指令输出进行自动制导	ok
def_solid_rocket_medium_fins_s_desc	结构建材	实心块	s_desc	A medium solid rocket fuel segment with in-built controllable fins.	带有内置可控弹翼的中型固体火箭燃料段	ok
def_solid_rocket_medium_fins_node_0_label	结构建材	实心块	label	Composite Input	混合输入	ok
def_solid_rocket_medium_fins_node_0_desc	结构建材	实心块	node_desc	Composite data for the flight control surfaces. (Value 1 : Yaw) (Value 2 : Pitch).	控制面的混合数据(值1 : 偏航) (值2 : 俯仰).	ok
def_solid_rocket_medium_fins_node_1_label	结构建材	实心块	label	Electric	电	ok
def_solid_rocket_medium_fins_node_1_desc	结构建材	实心块	node_desc	Electrical power connection.	电源连接	ok
def_solid_rocket_nozzle_huge_name	结构建材	实心块	name	Solid Rocket Booster (Huge)	固体火箭助推器(巨)	ok
def_solid_rocket_nozzle_huge_desc	结构建材	实心块	desc	Additional fuel can be stacked on top of the booster to increase its burn duration. The burn rate can be set in the component's properties, with slower burn rates producing less thrust.	额外的燃料可以堆放在助推器的顶部，以增加其燃烧持续时间。燃烧速度可以在组件的属性中设置，燃烧速度越慢，产生的推力越小	ok
def_solid_rocket_nozzle_huge_s_desc	结构建材	实心块	s_desc	A huge single-use solid rocket booster.	巨大的一次性固体火箭助推器	ok
def_solid_rocket_nozzle_huge_node_0_label	结构建材	实心块	label	Trigger	触发	ok
def_solid_rocket_nozzle_huge_node_0_desc	结构建材	实心块	node_desc	Triggers the booster's combustion.	引发助推器燃烧	ok
def_solid_rocket_nozzle_huge_node_1_label	结构建材	实心块	label	Fuel Remaining	剩余燃料	ok
def_solid_rocket_nozzle_huge_node_1_desc	结构建材	实心块	node_desc	The booster's remaining fuel level.	助推器的剩余燃油量	ok
def_solid_rocket_nozzle_large_name	结构建材	实心块	name	Solid Rocket Booster (Large)	固体火箭助推器(大)	ok
def_solid_rocket_nozzle_large_desc	结构建材	实心块	desc	Additional fuel can be stacked on top of the booster to increase its burn duration. The burn rate can be set in the component's properties, with slower burn rates producing less thrust.	额外的燃料可以堆放在助推器的顶部，以增加其燃烧持续时间。燃烧速度可以在组件的属性中设置，燃烧速度越慢，产生的推力越小	ok
def_solid_rocket_nozzle_large_s_desc	结构建材	实心块	s_desc	A large single-use solid rocket booster.	一次性使用的大型固体火箭助推器	ok
def_solid_rocket_nozzle_large_node_0_label	结构建材	实心块	label	Trigger	触发	ok
def_solid_rocket_nozzle_large_node_0_desc	结构建材	实心块	node_desc	Triggers the booster's combustion.	引发助推器燃烧	ok
def_solid_rocket_nozzle_large_node_1_label	结构建材	实心块	label	Fuel Remaining	剩余燃料	ok
def_solid_rocket_nozzle_large_node_1_desc	结构建材	实心块	node_desc	The booster's remaining fuel level.	助推器的剩余燃油量	ok
def_solid_rocket_nozzle_medium_name	结构建材	实心块	name	Solid Rocket Booster (Medium)	固体火箭助推器(中)	ok
def_solid_rocket_nozzle_medium_desc	结构建材	实心块	desc	Additional fuel can be stacked on top of the booster to increase its burn duration. The burn rate can be set in the component's properties, with slower burn rates producing less thrust.	额外的燃料可以堆放在助推器的顶部，以增加其燃烧持续时间。燃烧速度可以在组件的属性中设置，燃烧速度越慢，产生的推力越小	ok
def_solid_rocket_nozzle_medium_s_desc	结构建材	实心块	s_desc	A medium single-use solid rocket booster.	中型一次性固体火箭助推器	ok
def_solid_rocket_nozzle_medium_node_0_label	结构建材	实心块	label	Trigger	触发	ok
def_solid_rocket_nozzle_medium_node_0_desc	结构建材	实心块	node_desc	Triggers the booster's combustion.	引发助推器燃烧	ok
def_solid_rocket_nozzle_medium_node_1_label	结构建材	实心块	label	Fuel Remaining	剩余燃料	ok
def_solid_rocket_nozzle_medium_node_1_desc	结构建材	实心块	node_desc	The booster's remaining fuel level.	助推器的剩余燃油量	ok
def_solid_rocket_nozzle_small_name	结构建材	实心块	name	Solid Rocket Booster (Small)	固体火箭助推器(小)	ok
def_solid_rocket_nozzle_small_desc	结构建材	实心块	desc	Additional fuel can be stacked on top of the booster to increase its burn duration. The burn rate can be set in the component's properties, with slower burn rates producing less thrust.	额外的燃料可以堆放在助推器的顶部，以增加其燃烧持续时间。燃烧速度可以在组件的属性中设置，燃烧速度越慢，产生的推力越小	ok
def_solid_rocket_nozzle_small_s_desc	结构建材	实心块	s_desc	A small single-use solid rocket booster.	小型一次性固体火箭助推器	ok
def_solid_rocket_nozzle_small_node_0_label	结构建材	实心块	label	Trigger	触发	ok
def_solid_rocket_nozzle_small_node_0_desc	结构建材	实心块	node_desc	Triggers the booster's combustion.	引发助推器燃烧	ok
def_solid_rocket_small_name	结构建材	实心块	name	Solid Rocket Fuel (Small)	固体火箭燃料(小)	ok
def_solid_rocket_small_desc	结构建材	实心块	desc	Fuel can be stacked to increase the burn duration of a rocket booster.	燃料可以堆积起来以增加火箭助推器的燃烧时间	ok
def_solid_rocket_small_s_desc	结构建材	实心块	s_desc	A small solid rocket fuel segment.	小型固体火箭燃料段	ok
def_solid_rocket_small_fins_name	结构建材	实心块	name	Solid Rocket Fuel (Small) (Fins)	固体火箭燃料(小)(弹翼)	ok
def_solid_rocket_small_fins_desc	结构建材	实心块	desc	Fuel can be stacked to increase the burn duration of a rocket booster. Link up to the instruction output of a missile radar for automatic guidance.	燃料段可堆积，以增加火箭助推器的燃烧持续时间。连接到导弹雷达的指令输出进行自动制导	ok
def_solid_rocket_small_fins_s_desc	结构建材	实心块	s_desc	A small solid rocket fuel segment with in-built controllable fins.	带有内置可控弹翼的小型固体火箭燃料段	ok
def_solid_rocket_small_fins_node_0_label	结构建材	实心块	label	Composite Input	混合输入	ok
def_solid_rocket_small_fins_node_0_desc	结构建材	实心块	node_desc	Composite data for the flight control surfaces. (Value 1 : Yaw) (Value 2 : Pitch).	控制面的混合数据(值1 : 偏航) (值2 : 俯仰).	ok
def_solid_rocket_small_fins_node_1_label	结构建材	实心块	label	Electric	电	ok
def_solid_rocket_small_fins_node_1_desc	结构建材	实心块	node_desc	Electrical power connection.	电源连接	ok
def_sonar_advanced_name	传感器与探测	声呐	name	Sonar (Small)	声纳(小)	ok
def_sonar_advanced_desc	传感器与探测	声呐	desc	This sensor outputs the relative angle to detected objects within its range using underwater sound waves. The sensor will passively detect certain noisy components such as propellers or engines but can also send out a loud ping to detect quiet underwater bodies. While the ping input is held passive signals will be supressed. After activating a ping additional detected signals will appear momentarily in the data channel as the signal returns to the sonar. Activating another ping will override the previous ping and no further data will be returned from the old signal.	声纳可在水下利用声波探测其探测范围内检测到的物体的相对角度。被动模式可监听测某些嘈杂的部件,如螺旋桨或发动机。也可主动发出一个响亮的Ping来检测安静的水下物体。主动Ping时,无法检测到被动信号。激活Ping后,当信号返回到声纳时,额外的检测信号将暂时出现在数据通道中。激活新的Ping将覆盖前一个Ping,旧信号将不再返回数据	ok
def_sonar_advanced_s_desc	传感器与探测	声呐	s_desc	A sonar that returns information about a detected objects within 60km.	该声纳最大可探测60km内的物体	ok
def_sonar_advanced_node_0_label	传感器与探测	声呐	label	Electric	电	ok
def_sonar_advanced_node_0_desc	传感器与探测	声呐	node_desc	Electrical power connection.	电源连接	ok
def_sonar_advanced_node_1_label	传感器与探测	声呐	label	Activate	激活	ok
def_sonar_advanced_node_1_desc	传感器与探测	声呐	node_desc	Enable the Sonar.	启用声纳	ok
def_sonar_advanced_node_2_label	传感器与探测	声呐	label	Ping	Ping	ok
def_sonar_advanced_node_2_desc	传感器与探测	声呐	node_desc	Send a ping and listen for return sounds.	进行一次Ping的发送并监听	ok
def_sonar_advanced_node_3_label	传感器与探测	声呐	label	Sonar Data	声纳数据	ok
def_sonar_advanced_node_3_desc	传感器与探测	声呐	node_desc	Outputs data for up to 16 targets. On/Off 1-16 : Target 1 Found, Target 2 Found, Etc... Values 1-32: Target 1 Pivot, Target 1 Pitch, Target 2 Pivot, Target 2 Pitch, Etc...	输出最多16个目标的数据。开/关1-16:发现目标1,发现目标2,等等...。值1-32:目标1方位角,目标1俯仰角,目标2方位角,目标2俯仰角,等等	ok
def_sonar_advanced_node_4_label	传感器与探测	声呐	label	Torpedo Output	鱼雷输出	ok
def_sonar_advanced_node_4_desc	传感器与探测	声呐	node_desc	Outputs x and y data for the most immediate target. Link this directly into a rocket fins component.	输出凝视目标的x和y数据。将其直接连接到弹翼组件中	ok
def_sonar_advanced_5_name	传感器与探测	声呐	name	Sonar (Medium)	声纳(中)	ok
def_sonar_advanced_5_desc	传感器与探测	声呐	desc	This sensor outputs the relative angle to detected objects within its range using underwater sound waves. The sensor will passively detect certain noisy components such as propellers or engines but can also send out a loud ping to detect quiet underwater bodies. While the ping input is held passive signals will be supressed. After activating a ping additional detected signals will appear momentarily in the data channel as the signal returns to the sonar. Activating another ping will override the previous ping and no further data will be returned from the old signal.	声纳可在水下利用声波探测其探测范围内检测到的物体的相对角度。被动模式可监听测某些嘈杂的部件,如螺旋桨或发动机。也可主动发出一个响亮的Ping来检测安静的水下物体。主动Ping时,无法检测到被动信号。激活Ping后,当信号返回到声纳时,额外的检测信号将暂时出现在数据通道中。激活新的Ping将覆盖前一个Ping,旧信号将不再返回数据	ok
def_sonar_advanced_5_s_desc	传感器与探测	声呐	s_desc	A sonar that returns information about a detected objects within 100km.	该声纳最大可探测100km内的物体	ok
def_sonar_advanced_5_node_0_label	传感器与探测	声呐	label	Electric	电	ok
def_sonar_advanced_5_node_0_desc	传感器与探测	声呐	node_desc	Electrical power connection.	电源连接	ok
def_sonar_advanced_5_node_1_label	传感器与探测	声呐	label	Activate	激活	ok
def_sonar_advanced_5_node_1_desc	传感器与探测	声呐	node_desc	Enable the Sonar.	启用声纳	ok
def_sonar_advanced_5_node_2_label	传感器与探测	声呐	label	Ping	Ping	ok
def_sonar_advanced_5_node_2_desc	传感器与探测	声呐	node_desc	Send a ping and listen for return sounds.	进行一次Ping的发送并监听	ok
def_sonar_advanced_5_node_3_label	传感器与探测	声呐	label	Sonar Data	声纳数据	ok
def_sonar_advanced_5_node_3_desc	传感器与探测	声呐	node_desc	Outputs data for up to 16 targets. On/Off 1-16 : Target 1 Found, Target 2 Found, Etc... Values 1-32: Target 1 Pivot, Target 1 Pitch, Target 2 Pivot, Target 2 Pitch, Etc...	输出最多16个目标的数据。开/关1-16:发现目标1,发现目标2,等等...。值1-32:目标1方位角,目标1俯仰角,目标2方位角,目标2俯仰角,等等	ok
def_sonar_advanced_7_name	传感器与探测	声呐	name	Sonar (Large)	声纳(大)	ok
def_sonar_advanced_7_desc	传感器与探测	声呐	desc	This sensor outputs the relative angle to detected objects within its range using underwater sound waves. The sensor will passively detect certain noisy components such as propellers or engines but can also send out a loud ping to detect quiet underwater bodies. While the ping input is held passive signals will be supressed. After activating a ping additional detected signals will appear momentarily in the data channel as the signal returns to the sonar. Activating another ping will override the previous ping and no further data will be returned from the old signal.	声纳可在水下利用声波探测其探测范围内检测到的物体的相对角度。被动模式可监听测某些嘈杂的部件,如螺旋桨或发动机。也可主动发出一个响亮的Ping来检测安静的水下物体。主动Ping时,无法检测到被动信号。激活Ping后,当信号返回到声纳时,额外的检测信号将暂时出现在数据通道中。激活新的Ping将覆盖前一个Ping,旧信号将不再返回数据	ok
def_sonar_advanced_7_s_desc	传感器与探测	声呐	s_desc	A sonar that returns information about a detected objects within 200km.	该声纳最大可探测200km内的物体	ok
def_sonar_advanced_7_node_0_label	传感器与探测	声呐	label	Electric	电	ok
def_sonar_advanced_7_node_0_desc	传感器与探测	声呐	node_desc	Electrical power connection.	电源连接	ok
def_sonar_advanced_7_node_1_label	传感器与探测	声呐	label	Activate	激活	ok
def_sonar_advanced_7_node_1_desc	传感器与探测	声呐	node_desc	Enable the Sonar.	启用声纳	ok
def_sonar_advanced_7_node_2_label	传感器与探测	声呐	label	Ping	Ping	ok
def_sonar_advanced_7_node_2_desc	传感器与探测	声呐	node_desc	Send a ping and listen for return sounds.	进行一次Ping的发送并监听	ok
def_sonar_advanced_7_node_3_label	传感器与探测	声呐	label	Sonar Data	声纳数据	ok
def_sonar_advanced_7_node_3_desc	传感器与探测	声呐	node_desc	Outputs data for up to 16 targets. On/Off 1-16 : Target 1 Found, Target 2 Found, Etc... Values 1-32: Target 1 Pivot, Target 1 Pitch, Target 2 Pivot, Target 2 Pitch, Etc...	输出最多16个目标的数据。开/关1-16:发现目标1,发现目标2,等等...。值1-32:目标1方位角,目标1俯仰角,目标2方位角,目标2俯仰角,等等	ok
def_sonar_jammer_name	传感器与探测	声呐	name	Sonar Noisemaker	声纳干扰器	ok
def_sonar_jammer_desc	传感器与探测	声呐	desc	Emits a very loud noise at an inaudible frequency when activated, as a decoy or distraction for sonar components that are listening passively.	激活时以听不见的频率发出非常大的噪音，作为被动声纳的诱饵或干扰器	ok
def_sonar_jammer_s_desc	传感器与探测	声呐	s_desc	A distracting device for sonar.	用于对抗声纳的干扰装置	ok
def_sonar_jammer_node_0_label	传感器与探测	声呐	label	Enable	启用	ok
def_sonar_jammer_node_0_desc	传感器与探测	声呐	node_desc	Enable the noisemaker.	启用声纳干扰器	ok
def_sonar_jammer_node_1_label	传感器与探测	声呐	label	Electric	电	ok
def_sonar_jammer_node_1_desc	传感器与探测	声呐	node_desc	Electrical connection.	电源连接	ok
def_speaker_name	显示与控制	扬声器	name	Speaker (Small)	扬声器(小)	ok
def_speaker_desc	显示与控制	扬声器	desc	A small speaker capable of playing audio data to nearby players. (Range : 15)	小型扬声器，能向附近的玩家播放音频数据(范围:15)	ok
def_speaker_s_desc	显示与控制	扬声器	s_desc	A speaker capable of playing audio data to players within its range.	能够向其范围内的玩家播放音频数据的扬声器	ok
def_speaker_node_0_label	显示与控制	扬声器	label	Audio	音频	ok
def_speaker_node_0_desc	显示与控制	扬声器	node_desc	Audio data connection.	音频数据连接	ok
def_speaker_node_1_label	显示与控制	扬声器	label	Electric	电	ok
def_speaker_node_1_desc	显示与控制	扬声器	node_desc	Electrical power connection.	电源连接	ok
def_speaker_node_2_label	显示与控制	扬声器	label	Is Transmit	正在传输	ok
def_speaker_node_2_desc	显示与控制	扬声器	node_desc	If the speaker is currently transmitting.	扬声器当前是否在接收数据	ok
def_speaker_large_name	显示与控制	扬声器	name	Megaphone Speaker (Large)	扩音器(大)	ok
def_speaker_large_desc	显示与控制	扬声器	desc	A large megaphone capable of playing audio data to players within its range. (Range : 1000)	大型扩音器，能够向其范围内的玩家播放音频数据(范围:1000)	ok
def_speaker_large_s_desc	显示与控制	扬声器	s_desc	A speaker capable of playing audio data to players within its range.	能够向其范围内的玩家播放音频数据的扬声器	ok
def_speaker_large_node_0_label	显示与控制	扬声器	label	Audio	音频	ok
def_speaker_large_node_0_desc	显示与控制	扬声器	node_desc	Audio data connection.	音频数据连接	ok
def_speaker_large_node_1_label	显示与控制	扬声器	label	Electric	电	ok
def_speaker_large_node_1_desc	显示与控制	扬声器	node_desc	Electrical power connection.	电源连接	ok
def_speaker_large_node_2_label	显示与控制	扬声器	label	Is Transmit	正在传输	ok
def_speaker_large_node_2_desc	显示与控制	扬声器	node_desc	If the speaker is currently transmitting.	扬声器当前是否在接收数据	ok
def_speaker_medium_name	显示与控制	扬声器	name	Megaphone Speaker (Small)	扩音器(小)	ok
def_speaker_medium_desc	显示与控制	扬声器	desc	A small megaphone capable of playing audio data to players within its range. (Range : 300)	小型扩音器，能向其范围内的玩家播放音频数据(范围:300)	ok
def_speaker_medium_s_desc	显示与控制	扬声器	s_desc	A speaker capable of playing audio data to players within its range.	能够向其范围内的玩家播放音频数据的扬声器	ok
def_speaker_medium_node_0_label	显示与控制	扬声器	label	Audio	音频	ok
def_speaker_medium_node_0_desc	显示与控制	扬声器	node_desc	Audio data connection.	音频数据连接	ok
def_speaker_medium_node_1_label	显示与控制	扬声器	label	Electric	电	ok
def_speaker_medium_node_1_desc	显示与控制	扬声器	node_desc	Electrical power connection.	电源连接	ok
def_speaker_medium_node_2_label	显示与控制	扬声器	label	Is Transmit	正在传输	ok
def_speaker_medium_node_2_desc	显示与控制	扬声器	node_desc	If the speaker is currently transmitting.	扬声器当前是否在接收数据	ok
def_stair_segment_name	结构建材	楼梯	name	Stair Step	楼梯踏板	ok
def_stair_segment_desc	结构建材	楼梯	desc			ok
def_stair_segment_s_desc	结构建材	楼梯	s_desc	A single step that can be stacked to create a staircase.	可以堆叠成楼梯的踏板	ok
def_stair_top_name	结构建材	楼梯	name	Stair Top	楼梯顶部	ok
def_stair_top_desc	结构建材	楼梯	desc			ok
def_stair_top_s_desc	结构建材	楼梯	s_desc	A single step that can be used at the top of a staircase to make it flush with a platform.	可以在楼梯顶部使用的单个台阶,使其与平台齐平	ok
def_steam_boiler_name	引擎与动力	蒸汽	name	Steam Boiler	蒸汽锅炉	ok
def_steam_boiler_desc	引擎与动力	蒸汽	desc	The boiler should be connected to a firebox to supply heat for evaporation. Control the rate of evaporation to maintain consistent output steam pressure.	锅炉应与火箱相连,为蒸发提供热量.控制蒸发速度,以保持稳定的输出蒸汽压力	ok
def_steam_boiler_s_desc	引擎与动力	蒸汽	s_desc	A boiler for evaporating water into steam.	蒸汽锅炉用于建造燃煤煤或核动力引擎。热源向锅炉提供热流体，淡水被转化为蒸汽排出	ok
def_steam_boiler_node_0_label	引擎与动力	蒸汽	label	Coolant A	热水接口 A	ok
def_steam_boiler_node_0_desc	引擎与动力	蒸汽	node_desc	Port for supplying hot fluid to heat the contents of the boiler.	锅炉热流出入口	ok
def_steam_boiler_node_1_label	引擎与动力	蒸汽	label	Coolant B	热水接口 B	ok
def_steam_boiler_node_1_desc	引擎与动力	蒸汽	node_desc	Port for supplying hot fluid to heat the contents of the boiler.	锅炉热流出入口	ok
def_steam_boiler_node_2_label	引擎与动力	蒸汽	label	Water In	水箱入口	ok
def_steam_boiler_node_2_desc	引擎与动力	蒸汽	node_desc			ok
def_steam_boiler_node_3_label	引擎与动力	蒸汽	label	Steam Out	蒸汽出口	ok
def_steam_boiler_node_3_desc	引擎与动力	蒸汽	node_desc			ok
def_steam_boiler_node_4_label	引擎与动力	蒸汽	label	Fluid Volume	剩余水量	ok
def_steam_boiler_node_4_desc	引擎与动力	蒸汽	node_desc			ok
def_steam_boiler_node_5_label	引擎与动力	蒸汽	label	Temperature	温度	ok
def_steam_boiler_node_5_desc	引擎与动力	蒸汽	node_desc			ok
def_steam_coal_duct_name	引擎与动力	蒸汽	name	Duct	输送管	ok
def_steam_coal_duct_desc	引擎与动力	蒸汽	desc	Transports resources through the connected system.	通过连接的系统输送资源	ok
def_steam_coal_duct_s_desc	引擎与动力	蒸汽	s_desc	A basic resource duct.	基础物资输送管	ok
def_steam_coal_duct_node_0_label	引擎与动力	蒸汽	label	Fill Level	储量	ok
def_steam_coal_duct_node_0_desc	引擎与动力	蒸汽	node_desc			ok
def_steam_coal_duct_l_name	引擎与动力	蒸汽	name	Duct Large	输送管(大)	ok
def_steam_coal_duct_l_desc	引擎与动力	蒸汽	desc	Transports resources through the connected system.	通过连接的系统输送资源	ok
def_steam_coal_duct_l_s_desc	引擎与动力	蒸汽	s_desc	A basic resource duct.	基础物资输送管	ok
def_steam_coal_duct_l_node_0_label	引擎与动力	蒸汽	label	Fill Level	储量	ok
def_steam_coal_duct_l_node_0_desc	引擎与动力	蒸汽	node_desc			ok
def_steam_coal_duct_m_name	引擎与动力	蒸汽	name	Duct Medium	输送管(中)	ok
def_steam_coal_duct_m_desc	引擎与动力	蒸汽	desc	Transports resources through the connected system.	通过连接的系统输送资源	ok
def_steam_coal_duct_m_s_desc	引擎与动力	蒸汽	s_desc	A basic resource duct.	基础物资输送管	ok
def_steam_coal_duct_m_node_0_label	引擎与动力	蒸汽	label	Fill Level	储量	ok
def_steam_coal_duct_m_node_0_desc	引擎与动力	蒸汽	node_desc			ok
def_steam_coal_firebox_name	引擎与动力	蒸汽	name	Firebox	煤炉	ok
def_steam_coal_firebox_desc	引擎与动力	蒸汽	desc	Produces large amounts of heat. Can be supplied with a mineral duct. Consumes 1 coal to ignite the fire.	消耗1单位的煤炭点火，产生大量的热量。可以连接矿物输送管	ok
def_steam_coal_firebox_s_desc	引擎与动力	蒸汽	s_desc	A coal powered firebox.	以煤为燃料,加热水的燃烧室	ok
def_steam_coal_firebox_node_0_label	引擎与动力	蒸汽	label	Coal Level	煤炭储量	ok
def_steam_coal_firebox_node_0_desc	引擎与动力	蒸汽	node_desc			ok
def_steam_coal_firebox_node_1_label	引擎与动力	蒸汽	label	Temperature	温度	ok
def_steam_coal_firebox_node_1_desc	引擎与动力	蒸汽	node_desc	Temperature of the coolant that is being heated.	正在加热的水温	ok
def_steam_coal_firebox_node_2_label	引擎与动力	蒸汽	label	Ignition	点火	ok
def_steam_coal_firebox_node_2_desc	引擎与动力	蒸汽	node_desc	Activate to consume a coal and ignite the firebox.	激活以消耗煤炭并点燃燃烧室	ok
def_steam_coal_firebox_node_3_label	引擎与动力	蒸汽	label	Coolant In	热水入口	ok
def_steam_coal_firebox_node_3_desc	引擎与动力	蒸汽	node_desc	In port for fluid to be heated by the firebox.	燃烧室热液入口	ok
def_steam_coal_firebox_node_4_label	引擎与动力	蒸汽	label	Coolant Out	热水出口	ok
def_steam_coal_firebox_node_4_desc	引擎与动力	蒸汽	node_desc	Out port for fluid to be heated by the firebox.	燃烧室热液出口	ok
def_steam_coal_firebox_node_5_label	引擎与动力	蒸汽	label	Air	空气	ok
def_steam_coal_firebox_node_5_desc	引擎与动力	蒸汽	node_desc	Port for supplying air to the fire.	燃烧室进气口	ok
def_steam_coal_firebox_node_6_label	引擎与动力	蒸汽	label	Exhaust	排气管	ok
def_steam_coal_firebox_node_6_desc	引擎与动力	蒸汽	node_desc	Port for removing exhaust from burnt coal.	燃煤废气的排气口	ok
def_steam_coal_firebox_l_name	引擎与动力	蒸汽	name	Firebox Large	煤炉(大)	ok
def_steam_coal_firebox_l_desc	引擎与动力	蒸汽	desc	Produces large amounts of heat. Can be supplied with a duct. Consumes 1 coal to ignite the fire.	消耗1单位的煤炭点火，产生大量的热量。可以连接资源输送管	ok
def_steam_coal_firebox_l_s_desc	引擎与动力	蒸汽	s_desc	A coal powered firebox.	以煤为燃料,加热水的燃烧室	ok
def_steam_coal_firebox_l_node_0_label	引擎与动力	蒸汽	label	Coal Level	煤炭储量	ok
def_steam_coal_firebox_l_node_0_desc	引擎与动力	蒸汽	node_desc			ok
def_steam_coal_firebox_l_node_1_label	引擎与动力	蒸汽	label	Temperature	温度	ok
def_steam_coal_firebox_l_node_1_desc	引擎与动力	蒸汽	node_desc	Temperature of the coolant that is being heated.	正在加热的水温	ok
def_steam_coal_firebox_l_node_2_label	引擎与动力	蒸汽	label	Ignition	点火	ok
def_steam_coal_firebox_l_node_2_desc	引擎与动力	蒸汽	node_desc	Activate to consume a coal and ignite the firebox.	激活以消耗煤炭并点燃燃烧室	ok
def_steam_coal_firebox_l_node_3_label	引擎与动力	蒸汽	label	Coolant In	热水入口	ok
def_steam_coal_firebox_l_node_3_desc	引擎与动力	蒸汽	node_desc	In port for fluid to be heated by the firebox.	燃烧室热液入口	ok
def_steam_coal_firebox_l_node_4_label	引擎与动力	蒸汽	label	Coolant Out	热水出口	ok
def_steam_coal_firebox_l_node_4_desc	引擎与动力	蒸汽	node_desc	Out port for fluid to be heated by the firebox.	燃烧室热液出口	ok
def_steam_coal_firebox_l_node_5_label	引擎与动力	蒸汽	label	Air	空气	ok
def_steam_coal_firebox_l_node_5_desc	引擎与动力	蒸汽	node_desc	Port for supplying air to the fire.	燃烧室进气口	ok
def_steam_coal_firebox_l_node_6_label	引擎与动力	蒸汽	label	Exhaust	排气管	ok
def_steam_coal_firebox_l_node_6_desc	引擎与动力	蒸汽	node_desc	Port for removing exhaust from burnt coal.	燃煤废气的排气口	ok
def_steam_coal_flex_name	引擎与动力	蒸汽	name	Flexible Duct	柔性输送管	ok
def_steam_coal_flex_desc	引擎与动力	蒸汽	desc	Transports resources through the connected system. Flexible ducts can be connected together by rope nodes to transfer resources.	通过连接在一起的管道系统输送资源.柔性输送管可以通过绳索节点连接在一起以运输资源	ok
def_steam_coal_flex_s_desc	引擎与动力	蒸汽	s_desc	A flexible resource duct.	柔性物资输送管	ok
def_steam_coal_flex_node_0_label	引擎与动力	蒸汽	label	Duct	输送管	ok
def_steam_coal_flex_node_0_desc	引擎与动力	蒸汽	node_desc			ok
def_steam_coal_funnel_name	引擎与动力	蒸汽	name	Funnel Duct	输送管漏斗	ok
def_steam_coal_funnel_desc	引擎与动力	蒸汽	desc	Can be toggled to slowly move resources out of the connected system.	可以通过开关信号将资源缓慢的排出相连接的系统	ok
def_steam_coal_funnel_s_desc	引擎与动力	蒸汽	s_desc	A funnel for moving resources.	排出资源的漏斗	ok
def_steam_coal_funnel_node_0_label	引擎与动力	蒸汽	label	Open	打开	ok
def_steam_coal_funnel_node_0_desc	引擎与动力	蒸汽	node_desc			ok
def_steam_coal_hopper_name	引擎与动力	蒸汽	name	Hopper	输送管料斗	ok
def_steam_coal_hopper_desc	引擎与动力	蒸汽	desc	Pouring resources into the receptacle will add it to the connected system.	将资源倒入料斗以存储到相连接的系统中	ok
def_steam_coal_hopper_s_desc	引擎与动力	蒸汽	s_desc	A hopper that can accept bulk minerals, ingots, and fish.	一个能够容纳散装矿物、金属锭和鱼类的料斗	ok
def_steam_coal_hopper_node_0_label	引擎与动力	蒸汽	label	Fill Level	储量	ok
def_steam_coal_hopper_node_0_desc	引擎与动力	蒸汽	node_desc			ok
def_steam_coal_hopper_l_name	引擎与动力	蒸汽	name	Hopper Large	输送管料斗(大)	ok
def_steam_coal_hopper_l_desc	引擎与动力	蒸汽	desc	Pouring resources into the receptacle will add it to the connected system.	将矿物倒入料斗以存储到相连接的系统中	ok
def_steam_coal_hopper_l_s_desc	引擎与动力	蒸汽	s_desc	A hopper that can accept bulk minerals, ingots, and fish.	一个能够容纳散装矿物、金属锭和鱼类的料斗	ok
def_steam_coal_hopper_l_node_0_label	引擎与动力	蒸汽	label	Fill Level	储量	ok
def_steam_coal_hopper_l_node_0_desc	引擎与动力	蒸汽	node_desc			ok
def_steam_coal_hopper_m_name	引擎与动力	蒸汽	name	Hopper Medium	输送管料斗(中)	ok
def_steam_coal_hopper_m_desc	引擎与动力	蒸汽	desc	Pouring resources into the receptacle will add it to the connected system.	将矿物倒入料斗以存储到相连接的系统中	ok
def_steam_coal_hopper_m_s_desc	引擎与动力	蒸汽	s_desc	A hopper that can accept bulk minerals, ingots, and fish.	一个能够容纳散装矿物、金属锭和鱼类的料斗	ok
def_steam_coal_hopper_m_node_0_label	引擎与动力	蒸汽	label	Fill Level	储量	ok
def_steam_coal_hopper_m_node_0_desc	引擎与动力	蒸汽	node_desc			ok
def_steam_coal_vacuum_name	引擎与动力	蒸汽	name	Vacuum Duct	输送管吸口	ok
def_steam_coal_vacuum_desc	引擎与动力	蒸汽	desc	Can be toggled to move resources through the vacuum. The vacuum can transport resources from ducts and hoppers immediately in front of the vacuum nozzle.	可切换为通过真空吸力运送物资.激活后可以从紧靠真空吸嘴前方的管道和料斗中运送资源	ok
def_steam_coal_vacuum_s_desc	引擎与动力	蒸汽	s_desc	A vacuum for moving resources.	真空吸力资源移动装置	ok
def_steam_coal_vacuum_node_0_label	引擎与动力	蒸汽	label	Active	激活	ok
def_steam_coal_vacuum_node_0_desc	引擎与动力	蒸汽	node_desc			ok
def_steam_coal_vacuum_node_1_label	引擎与动力	蒸汽	label	Electric	电	ok
def_steam_coal_vacuum_node_1_desc	引擎与动力	蒸汽	node_desc	Electrical input.	电源连接	ok
def_steam_condenser_name	引擎与动力	蒸汽	name	Steam Condenser	蒸汽冷凝器	ok
def_steam_condenser_desc	引擎与动力	蒸汽	desc	The condenser should be continously cooled to function efficiently.	冷凝器在持续冷却下才能够有效工作	ok
def_steam_condenser_s_desc	引擎与动力	蒸汽	s_desc	A condenser for converting steam back to water.	用于将蒸汽转换为水的冷凝器	ok
def_steam_condenser_node_0_label	引擎与动力	蒸汽	label	Coolant A	冷却接口 A	ok
def_steam_condenser_node_0_desc	引擎与动力	蒸汽	node_desc	Port for supplying cold fluid to cool the contents of the condenser.	给冷凝器降温的冷流接口	ok
def_steam_condenser_node_1_label	引擎与动力	蒸汽	label	Coolant B	冷却接口 B	ok
def_steam_condenser_node_1_desc	引擎与动力	蒸汽	node_desc	Port for supplying cold fluid to cool the contents of the condenser.	给冷凝器降温的冷流接口	ok
def_steam_condenser_node_2_label	引擎与动力	蒸汽	label	Steam In	蒸汽入口	ok
def_steam_condenser_node_2_desc	引擎与动力	蒸汽	node_desc			ok
def_steam_condenser_node_3_label	引擎与动力	蒸汽	label	Water Out	冷凝水出口	ok
def_steam_condenser_node_3_desc	引擎与动力	蒸汽	node_desc			ok
def_steam_condenser_node_4_label	引擎与动力	蒸汽	label	Fluid Volume	水量	ok
def_steam_condenser_node_4_desc	引擎与动力	蒸汽	node_desc			ok
def_steam_condenser_node_5_label	引擎与动力	蒸汽	label	Temperature	温度	ok
def_steam_condenser_node_5_desc	引擎与动力	蒸汽	node_desc			ok
def_steam_nuclear_control_rod_name	引擎与动力	蒸汽	name	Nuclear Control Rod	核控制棒	ok
def_steam_nuclear_control_rod_desc	引擎与动力	蒸汽	desc	Can be inserted into a fuel assembly to decrease the rate of reaction of adjacent rods.	可以插入核燃料总成中来控制燃料棒反应速度	ok
def_steam_nuclear_control_rod_s_desc	引擎与动力	蒸汽	s_desc	A Control Rod.	一根控制棒	ok
def_steam_nuclear_control_rod_node_0_label	引擎与动力	蒸汽	label	Insertion Target	控制棒插入目标深度	ok
def_steam_nuclear_control_rod_node_0_desc	引擎与动力	蒸汽	node_desc			ok
def_steam_nuclear_control_rod_node_1_label	引擎与动力	蒸汽	label	Insertion	控制棒插入	ok
def_steam_nuclear_control_rod_node_1_desc	引擎与动力	蒸汽	node_desc			ok
def_steam_nuclear_fuel_assembly_name	引擎与动力	蒸汽	name	Nuclear Fuel Assembly	核燃料总成	ok
def_steam_nuclear_fuel_assembly_desc	引擎与动力	蒸汽	desc	A fuel rod can be inserted into the assembly to facilitate a fission reaction. Fuel rods consume uranium ingots from the workbench inventory to fuel.	可以将核燃料棒插入其中以促进裂变反应,燃料棒消耗工作台库存中的铀锭作为燃料	ok
def_steam_nuclear_fuel_assembly_s_desc	引擎与动力	蒸汽	s_desc	A Fuel assembly powered by uranium ingots.	以铀锭为燃料的动力总成	ok
def_steam_nuclear_fuel_assembly_node_0_label	引擎与动力	蒸汽	label	Release Fuel Rod	释放核燃料棒	ok
def_steam_nuclear_fuel_assembly_node_0_desc	引擎与动力	蒸汽	node_desc			ok
def_steam_nuclear_fuel_assembly_node_1_label	引擎与动力	蒸汽	label	Fuel Rod Temperature	核燃料棒温度	ok
def_steam_nuclear_fuel_assembly_node_1_desc	引擎与动力	蒸汽	node_desc			ok
def_steam_nuclear_fuel_rod_name	引擎与动力	蒸汽	name	Nuclear Fuel Rod	核燃料棒	ok
def_steam_nuclear_fuel_rod_desc	引擎与动力	蒸汽	desc	Can be inserted into a fuel assembly to start the nuclear fission process.	可以插入核燃料总成来开始核裂变反应	ok
def_steam_nuclear_fuel_rod_s_desc	引擎与动力	蒸汽	s_desc	A Radioactive Fuel Rod.	放射性燃料棒	ok
def_steam_piston_name	引擎与动力	蒸汽	name	Steam Piston (Small)	蒸汽活塞(小)	ok
def_steam_piston_desc	引擎与动力	蒸汽	desc	Steam pressurized through the outer coupling extends the piston and steam pressurized through the inner coupling retracts the piston. Alternating pressure to the couplings based on the piston position will allow the crankpin to rotate continuously.	通过外侧联轴器加压的蒸汽使活塞伸出,通过内侧联轴器加压的蒸汽使活塞缩回.根据活塞的位置来调整联轴器的压力,可以使曲轴连续旋转.(P.S:就像真正的蒸汽机一样,为了避免失速,最好有一个飞轮或多个不相干的活塞.这是因为曲轴上的扭矩作用在冲程的末端有低效率区,就像真正的活塞一样.彼此相邻的活塞被锁定在一起,但可以用玩家定义的曲柄周期偏移来生成.这允许对发动机的建造方式进行大量的控制.)	ok
def_steam_piston_s_desc	引擎与动力	蒸汽	s_desc	A steam powered piston that converts steam pressure into torque.	以蒸汽为动力的活塞，将蒸汽压力转换为扭矩	ok
def_steam_piston_node_0_label	引擎与动力	蒸汽	label	RPS	RPS	ok
def_steam_piston_node_0_desc	引擎与动力	蒸汽	node_desc	Power connection A.	动力连接A	ok
def_steam_piston_node_1_label	引擎与动力	蒸汽	label	RPS	RPS	ok
def_steam_piston_node_1_desc	引擎与动力	蒸汽	node_desc	Power connection B.	动力连接B	ok
def_steam_piston_node_2_label	引擎与动力	蒸汽	label	Steam In	蒸汽入口	ok
def_steam_piston_node_2_desc	引擎与动力	蒸汽	node_desc			ok
def_steam_piston_node_3_label	引擎与动力	蒸汽	label	Steam Out	蒸汽出口	ok
def_steam_piston_node_3_desc	引擎与动力	蒸汽	node_desc			ok
def_steam_piston_node_4_label	引擎与动力	蒸汽	label	Steam In	蒸汽入口	ok
def_steam_piston_node_4_desc	引擎与动力	蒸汽	node_desc			ok
def_steam_piston_node_5_label	引擎与动力	蒸汽	label	Steam Out	蒸汽出口	ok
def_steam_piston_node_5_desc	引擎与动力	蒸汽	node_desc			ok
def_steam_piston_node_6_label	引擎与动力	蒸汽	label	RPS	RPS	ok
def_steam_piston_node_6_desc	引擎与动力	蒸汽	node_desc			ok
def_steam_piston_node_7_label	引擎与动力	蒸汽	label	Piston Position	初始活塞位置	ok
def_steam_piston_node_7_desc	引擎与动力	蒸汽	node_desc			ok
def_steam_piston_3x3_name	引擎与动力	蒸汽	name	Steam Piston (Medium)	蒸汽活塞(中)	ok
def_steam_piston_3x3_desc	引擎与动力	蒸汽	desc	Steam pressurized through the outer coupling extends the piston and steam pressurized through the inner coupling retracts the piston. Alternating pressure to the couplings based on the piston position will allow the crankpin to rotate continuously.	通过外侧联轴器加压的蒸汽使活塞伸出,通过内侧联轴器加压的蒸汽使活塞缩回.根据活塞的位置来调整联轴器的压力,可以使曲轴连续旋转.(P.S:就像真正的蒸汽机一样,为了避免失速,最好有一个飞轮或多个不相干的活塞.这是因为曲轴上的扭矩作用在冲程的末端有低效率区,就像真正的活塞一样.彼此相邻的活塞被锁定在一起,但可以用玩家定义的曲柄周期偏移来生成.这允许对发动机的建造方式进行大量的控制.)	ok
def_steam_piston_3x3_s_desc	引擎与动力	蒸汽	s_desc	A steam powered piston that converts steam pressure into torque.	以蒸汽为动力的活塞，将蒸汽压力转换为扭矩	ok
def_steam_piston_3x3_node_0_label	引擎与动力	蒸汽	label	RPS	RPS	ok
def_steam_piston_3x3_node_0_desc	引擎与动力	蒸汽	node_desc	Power connection A.	动力连接A	ok
def_steam_piston_3x3_node_1_label	引擎与动力	蒸汽	label	RPS	RPS	ok
def_steam_piston_3x3_node_1_desc	引擎与动力	蒸汽	node_desc	Power connection B.	动力连接B	ok
def_steam_piston_3x3_node_2_label	引擎与动力	蒸汽	label	Steam In	蒸汽入口	ok
def_steam_piston_3x3_node_2_desc	引擎与动力	蒸汽	node_desc			ok
def_steam_piston_3x3_node_3_label	引擎与动力	蒸汽	label	Steam Out	蒸汽出口	ok
def_steam_piston_3x3_node_3_desc	引擎与动力	蒸汽	node_desc			ok
def_steam_piston_3x3_node_4_label	引擎与动力	蒸汽	label	Steam In	蒸汽入口	ok
def_steam_piston_3x3_node_4_desc	引擎与动力	蒸汽	node_desc			ok
def_steam_piston_3x3_node_5_label	引擎与动力	蒸汽	label	Steam Out	蒸汽出口	ok
def_steam_piston_3x3_node_5_desc	引擎与动力	蒸汽	node_desc			ok
def_steam_piston_3x3_node_6_label	引擎与动力	蒸汽	label	RPS	RPS	ok
def_steam_piston_3x3_node_6_desc	引擎与动力	蒸汽	node_desc			ok
def_steam_piston_3x3_node_7_label	引擎与动力	蒸汽	label	Piston Position	初始活塞位置	ok
def_steam_piston_3x3_node_7_desc	引擎与动力	蒸汽	node_desc			ok
def_steam_piston_5x5_name	引擎与动力	蒸汽	name	Steam Piston (Large)	蒸汽活塞(大)	ok
def_steam_piston_5x5_desc	引擎与动力	蒸汽	desc	Steam pressurized through the outer coupling extends the piston and steam pressurized through the inner coupling retracts the piston. Alternating pressure to the couplings based on the piston position will allow the crankpin to rotate continuously.	通过外侧联轴器加压的蒸汽使活塞伸出,通过内侧联轴器加压的蒸汽使活塞缩回.根据活塞的位置来调整联轴器的压力,可以使曲轴连续旋转.(P.S:就像真正的蒸汽机一样,为了避免失速,最好有一个飞轮或多个不相干的活塞.这是因为曲轴上的扭矩作用在冲程的末端有低效率区,就像真正的活塞一样.彼此相邻的活塞被锁定在一起,但可以用玩家定义的曲柄周期偏移来生成.这允许对发动机的建造方式进行大量的控制.)	ok
def_steam_piston_5x5_s_desc	引擎与动力	蒸汽	s_desc	A steam powered piston that converts steam pressure into torque.	以蒸汽为动力的活塞，将蒸汽压力转换为扭矩	ok
def_steam_piston_5x5_node_0_label	引擎与动力	蒸汽	label	RPS	RPS	ok
def_steam_piston_5x5_node_0_desc	引擎与动力	蒸汽	node_desc	Power connection A.	动力连接A	ok
def_steam_piston_5x5_node_1_label	引擎与动力	蒸汽	label	RPS	RPS	ok
def_steam_piston_5x5_node_1_desc	引擎与动力	蒸汽	node_desc	Power connection B.	动力连接B	ok
def_steam_piston_5x5_node_2_label	引擎与动力	蒸汽	label	Steam In	蒸汽入口	ok
def_steam_piston_5x5_node_2_desc	引擎与动力	蒸汽	node_desc			ok
def_steam_piston_5x5_node_3_label	引擎与动力	蒸汽	label	Steam Out	蒸汽出口	ok
def_steam_piston_5x5_node_3_desc	引擎与动力	蒸汽	node_desc			ok
def_steam_piston_5x5_node_4_label	引擎与动力	蒸汽	label	Steam In	蒸汽入口	ok
def_steam_piston_5x5_node_4_desc	引擎与动力	蒸汽	node_desc			ok
def_steam_piston_5x5_node_5_label	引擎与动力	蒸汽	label	Steam Out	蒸汽出口	ok
def_steam_piston_5x5_node_5_desc	引擎与动力	蒸汽	node_desc			ok
def_steam_piston_5x5_node_6_label	引擎与动力	蒸汽	label	RPS	RPS	ok
def_steam_piston_5x5_node_6_desc	引擎与动力	蒸汽	node_desc			ok
def_steam_piston_5x5_node_7_label	引擎与动力	蒸汽	label	Piston Position	初始活塞位置	ok
def_steam_piston_5x5_node_7_desc	引擎与动力	蒸汽	node_desc			ok
def_steam_turbine_name	引擎与动力	蒸汽	name	Steam Turbine	蒸汽轮机	ok
def_steam_turbine_desc	引擎与动力	蒸汽	desc	Produces torque based on the force generated by steam passing through the turbine.	利用通过的蒸汽来产生扭矩	ok
def_steam_turbine_s_desc	引擎与动力	蒸汽	s_desc	A steam powered turbine.	蒸汽动力引擎	ok
def_steam_turbine_node_0_label	引擎与动力	蒸汽	label	Steam In	蒸汽入口	ok
def_steam_turbine_node_0_desc	引擎与动力	蒸汽	node_desc			ok
def_steam_turbine_node_1_label	引擎与动力	蒸汽	label	Steam Out	蒸汽出口	ok
def_steam_turbine_node_1_desc	引擎与动力	蒸汽	node_desc			ok
def_steam_turbine_node_2_label	引擎与动力	蒸汽	label	RPS	RPS	ok
def_steam_turbine_node_2_desc	引擎与动力	蒸汽	node_desc			ok
def_steam_turbine_node_3_label	引擎与动力	蒸汽	label	RPS	RPS	ok
def_steam_turbine_node_3_desc	引擎与动力	蒸汽	node_desc			ok
def_steam_whistle_name	引擎与动力	蒸汽	name	Steam Whistle	蒸汽汽笛	ok
def_steam_whistle_desc	引擎与动力	蒸汽	desc	When open, the steam whistle produces sound as steam flows through the pipe connection. The whistle pitch can be set in the component properties menu.	当打开时，蒸汽哨子在蒸汽流经管道连接时产生声音。哨子的音调可以在组件属性菜单中设置	ok
def_steam_whistle_s_desc	引擎与动力	蒸汽	s_desc	A steam powered signal whistle.	蒸汽驱动的信号哨子	ok
def_steam_whistle_node_0_label	引擎与动力	蒸汽	label	Fluid	流体	ok
def_steam_whistle_node_0_desc	引擎与动力	蒸汽	node_desc	Allows steam to flow out.	允许蒸汽流走	ok
def_steam_whistle_node_1_label	引擎与动力	蒸汽	label	Open	打开	ok
def_steam_whistle_node_1_desc	引擎与动力	蒸汽	node_desc	Opens the steam whistle, allowing steam to flow through.	打开汽笛，让蒸汽流过	ok
def_tail_rotor_name	结构与气动	尾翼	name	Rotor (Tail)	尾桨	ok
def_tail_rotor_desc	结构与气动	尾翼	desc	A standard number input allows you to control how much force the rotor generates.	输入数字来调节尾桨产生的推力	ok
def_tail_rotor_s_desc	结构与气动	尾翼	s_desc	A basic helicopter tail rotor.	直升机的尾桨	ok
def_tail_rotor_node_0_label	结构与气动	尾翼	label	RPS	RPS	ok
def_tail_rotor_node_0_desc	结构与气动	尾翼	node_desc	Receives power generated by an engine.	接收发动机产生的动力	ok
def_tail_rotor_node_1_label	结构与气动	尾翼	label	Yaw	偏航(Yaw)	ok
def_tail_rotor_node_1_desc	结构与气动	尾翼	node_desc	Standard value between -1 and 1 representing the desired yaw amount.	标准值介于-1和1之间，表示所需的偏航(Yaw)量	ok
def_temperature_probe_name	传感器与探测	温度	name	Temperature Probe	温度探头	ok
def_temperature_probe_desc	传感器与探测	温度	desc	A sensor that outputs the current temperature of an enclosed space in Celcius, if not within an enclosed volume it outputs the ambient air temperature at its location.	以摄氏度输出当前环境气温的传感器.如果使用在封闭空间,则输出该空间的环境温度	ok
def_temperature_probe_s_desc	传感器与探测	温度	s_desc	A sensor to determine temperature.	用来测定温度的传感器	ok
def_temperature_probe_node_0_label	传感器与探测	温度	label	Temperature	温度	ok
def_temperature_probe_node_0_desc	传感器与探测	温度	node_desc	The detected temperature in degrees.	检测到的温度(度)	ok
def_torque_clutch_name	引擎与动力	扭矩	name	Clutch	离合器	ok
def_torque_clutch_desc	引擎与动力	扭矩	desc	The number input controls the amount of power transmitted.	数字输入控制传输的功率	ok
def_torque_clutch_s_desc	引擎与动力	扭矩	s_desc	A clutch for managing the transmission of power between two nodes.	用于管理两个节点之间的功率传输的离合器	ok
def_torque_clutch_node_0_label	引擎与动力	扭矩	label	RPS B	RPS B	todo
def_torque_clutch_node_0_desc	引擎与动力	扭矩	node_desc	Power connection B.	动力连接 B	ok
def_torque_clutch_node_1_label	引擎与动力	扭矩	label	RPS A	RPS A	todo
def_torque_clutch_node_1_desc	引擎与动力	扭矩	node_desc	Power connection A.	动力连接 A	ok
def_torque_clutch_node_2_label	引擎与动力	扭矩	label	Clutch Pressure	离合器接合量(0~1)	ok
def_torque_clutch_node_2_desc	引擎与动力	扭矩	node_desc	A number between 0 and 1 representing the clutch engagement factor.	介于0和1之间的数字，表示离合器接合系数	ok
def_torque_clutch_node_3_label	引擎与动力	扭矩	label	Electric	电	ok
def_torque_clutch_node_3_desc	引擎与动力	扭矩	node_desc	The electric connection to power the component.	为组件提供电源的电力连接	ok
def_torque_crank_name	引擎与动力	扭矩	name	Torque Crank	手摇曲柄	ok
def_torque_crank_desc	引擎与动力	扭矩	desc	Holding [$[action_interact_left]]/[$[action_interact_right]] turns the crank, generating a small amount of mechanical power.	按住[$[action_interact_left]]/[$[action_interact_right]]转动曲柄，产生少量机械动力	ok
def_torque_crank_s_desc	引擎与动力	扭矩	s_desc	A hand crank to produce mechanical power.	产生机械动力的摇把	ok
def_torque_crank_node_0_label	引擎与动力	扭矩	label	RPS	RPS	ok
def_torque_crank_node_0_desc	引擎与动力	扭矩	node_desc	Connection to the power system.	连接到动力网络	ok
def_torque_gearbox_name	引擎与动力	扭矩	name	Gearbox	变速箱	ok
def_torque_gearbox_desc	引擎与动力	扭矩	desc	The ratio can be toggled between two values which can be set in the properties.	在属性中设置两个可切换的比率	ok
def_torque_gearbox_s_desc	引擎与动力	扭矩	s_desc	Gearbox for changing the torque and speed across power connections.	变速箱，用于通过电源连接改变扭矩和速度	ok
def_torque_gearbox_node_0_label	引擎与动力	扭矩	label	RPS A	RPS A	todo
def_torque_gearbox_node_0_desc	引擎与动力	扭矩	node_desc	Power connection A.	动力连接 A	ok
def_torque_gearbox_node_1_label	引擎与动力	扭矩	label	RPS B	RPS B	todo
def_torque_gearbox_node_1_desc	引擎与动力	扭矩	node_desc	Power connection B.	动力连接 B	ok
def_torque_gearbox_node_2_label	引擎与动力	扭矩	label	Gear Switch	档位开关	ok
def_torque_gearbox_node_2_desc	引擎与动力	扭矩	node_desc	Toggle between the two gear ratios.	在两个传动比之间切换	ok
def_torque_gearbox_node_3_label	引擎与动力	扭矩	label	Electric	电	ok
def_torque_gearbox_node_3_desc	引擎与动力	扭矩	node_desc	The electric connection to power the component.	为组件提供电源的电力连接	ok
def_torque_gearbox_2_name	引擎与动力	扭矩	name	Gearbox	变速箱	ok
def_torque_gearbox_2_desc	引擎与动力	扭矩	desc	The ratio can be toggled between two values which can be set in the properties. This gearbox operates up to a torque difference of 4000.	可以在属性中设置的两个值之间切换比率	ok
def_torque_gearbox_2_s_desc	引擎与动力	扭矩	s_desc	Gearbox for changing the torque and speed across power connections.	变速箱，用于通过电源连接改变扭矩和速度	ok
def_torque_gearbox_2_node_0_label	引擎与动力	扭矩	label	RPS A	RPS A	todo
def_torque_gearbox_2_node_0_desc	引擎与动力	扭矩	node_desc	Power connection A.	动力连接 A	ok
def_torque_gearbox_2_node_1_label	引擎与动力	扭矩	label	RPS B	RPS B	todo
def_torque_gearbox_2_node_1_desc	引擎与动力	扭矩	node_desc	Power connection B.	动力连接 B	ok
def_torque_gearbox_2_node_2_label	引擎与动力	扭矩	label	Gear Switch	档位开关	ok
def_torque_gearbox_2_node_2_desc	引擎与动力	扭矩	node_desc	Toggle between the two gear ratios.	在两个传动比之间切换	ok
def_torque_gearbox_2_node_3_label	引擎与动力	扭矩	label	Electric	电	ok
def_torque_gearbox_2_node_3_desc	引擎与动力	扭矩	node_desc	The electric connection to power the component.	为组件提供电源的电力连接	ok
def_torque_meter_name	引擎与动力	扭矩	name	Torque Meter	扭矩计	ok
def_torque_meter_desc	引擎与动力	扭矩	desc	Measures the torque and rotations per second in the connected power network.	测量连接的动力网络的每秒转速和扭矩	ok
def_torque_meter_s_desc	引擎与动力	扭矩	s_desc	A sensor for reading torque and rotations per second.	用于读取扭矩和每秒转速的传感器	ok
def_torque_meter_node_0_label	引擎与动力	扭矩	label	RPS	RPS	ok
def_torque_meter_node_0_desc	引擎与动力	扭矩	node_desc	Connection to the power system.	连接到动力网络	ok
def_torque_meter_node_1_label	引擎与动力	扭矩	label	RPS	RPS	ok
def_torque_meter_node_1_desc	引擎与动力	扭矩	node_desc	The rotations per second of the power system.	动力网络中的扭矩和RPS	ok
def_torque_meter_node_2_label	引擎与动力	扭矩	label	Torque	扭矩	ok
def_torque_meter_node_2_desc	引擎与动力	扭矩	node_desc	The torque reading from the power system.	动力网络的扭矩读数	ok
def_train_wheels_name	载具与交通	火车	name	Train Wheel Assembly Classic	火车轮总成(旧版)	ok
def_train_wheels_desc	载具与交通	火车	desc	Attaches to rail lines.	附着在铁路上	ok
def_train_wheels_s_desc	载具与交通	火车	s_desc	Train wheel assembly.	火车轮毂	ok
def_train_wheels_node_0_label	载具与交通	火车	label	Electric	电	ok
def_train_wheels_node_0_desc	载具与交通	火车	node_desc	Electrical power connection. Receives electric energy from the rail lines.	电力连接.接收来自铁路的供电	ok
def_train_wheels_node_1_label	载具与交通	火车	label	Brakes	制动器	ok
def_train_wheels_node_1_desc	载具与交通	火车	node_desc	Number input to set the level of braking applied to the wheels.	输入制动级别	ok
def_train_wheels_node_2_label	载具与交通	火车	label	RPS	RPS	ok
def_train_wheels_node_2_desc	载具与交通	火车	node_desc	Receives power generated by an engine to control forward and backward rotation.	接收引擎产生的动力	ok
def_train_wheels_node_3_label	载具与交通	火车	label	Wheel Slip	车轮打滑	ok
def_train_wheels_node_3_desc	载具与交通	火车	node_desc	Detects if wheels are slipping resulting in reduced torque.	检测车轮是否打滑导致扭矩减小	ok
def_train_wheels_node_4_label	载具与交通	火车	label	Wheel Release	离轨	ok
def_train_wheels_node_4_desc	载具与交通	火车	node_desc	Input to release wheels.	将车轮脱离轨道	ok
def_train_wheels_dynamic_flanged_name	载具与交通	火车	name	Train Wheel Assembly Flanged A	有轮缘轮轴总成A	ok
def_train_wheels_dynamic_flanged_desc	载具与交通	火车	desc	Attaches to rail lines.	附着在铁路上	ok
def_train_wheels_dynamic_flanged_s_desc	载具与交通	火车	s_desc	Unpowered train wheel assembly.	无动力轮轴总成	ok
def_train_wheels_dynamic_flanged_node_0_label	载具与交通	火车	label	Brakes	制动器	ok
def_train_wheels_dynamic_flanged_node_0_desc	载具与交通	火车	node_desc	Number input to set the level of braking applied to the wheels.	输入制动级别	ok
def_train_wheels_dynamic_flanged_node_1_label	载具与交通	火车	label	Wheel Slip	车轮打滑	ok
def_train_wheels_dynamic_flanged_node_1_desc	载具与交通	火车	node_desc	Detects if wheels are slipping resulting in reduced torque.	检测车轮是否打滑导致扭矩减小	ok
def_train_wheels_dynamic_flanged_node_2_label	载具与交通	火车	label	Wheel Release	离轨	ok
def_train_wheels_dynamic_flanged_node_2_desc	载具与交通	火车	node_desc	Input to release wheels.	将车轮脱离轨道	ok
def_train_wheels_dynamic_flanged_b_name	载具与交通	火车	name	Train Wheel Assembly Flanged B	有轮缘轮轴总成B	ok
def_train_wheels_dynamic_flanged_b_desc	载具与交通	火车	desc	Attaches to rail lines.	附着在铁路上	ok
def_train_wheels_dynamic_flanged_b_s_desc	载具与交通	火车	s_desc	Unpowered train wheel assembly.	无动力轮轴总成	ok
def_train_wheels_dynamic_flanged_b_node_0_label	载具与交通	火车	label	Brakes	制动器	ok
def_train_wheels_dynamic_flanged_b_node_0_desc	载具与交通	火车	node_desc	Number input to set the level of braking applied to the wheels.	输入制动级别	ok
def_train_wheels_dynamic_flanged_b_node_1_label	载具与交通	火车	label	Wheel Slip	车轮打滑	ok
def_train_wheels_dynamic_flanged_b_node_1_desc	载具与交通	火车	node_desc	Detects if wheels are slipping resulting in reduced torque.	检测车轮是否打滑导致扭矩减小	ok
def_train_wheels_dynamic_flanged_b_node_2_label	载具与交通	火车	label	Wheel Release	离轨	ok
def_train_wheels_dynamic_flanged_b_node_2_desc	载具与交通	火车	node_desc	Input to release wheels.	将车轮脱离轨道	ok
def_train_wheels_dynamic_flanged_c_name	载具与交通	火车	name	Train Wheel Assembly Flanged C	有轮缘轮轴总成C	ok
def_train_wheels_dynamic_flanged_c_desc	载具与交通	火车	desc	Attaches to rail lines.	附着在铁路上	ok
def_train_wheels_dynamic_flanged_c_s_desc	载具与交通	火车	s_desc	Unpowered train wheel assembly.	无动力轮轴总成	ok
def_train_wheels_dynamic_flanged_c_node_0_label	载具与交通	火车	label	Brakes	制动器	ok
def_train_wheels_dynamic_flanged_c_node_0_desc	载具与交通	火车	node_desc	Number input to set the level of braking applied to the wheels.	输入制动级别	ok
def_train_wheels_dynamic_flanged_c_node_1_label	载具与交通	火车	label	Wheel Slip	车轮打滑	ok
def_train_wheels_dynamic_flanged_c_node_1_desc	载具与交通	火车	node_desc	Detects if wheels are slipping resulting in reduced torque.	检测车轮是否打滑导致扭矩减小	ok
def_train_wheels_dynamic_flanged_c_node_2_label	载具与交通	火车	label	Wheel Release	离轨	ok
def_train_wheels_dynamic_flanged_c_node_2_desc	载具与交通	火车	node_desc	Input to release wheels.	将车轮脱离轨道	ok
def_train_wheels_dynamic_flanged_d_name	载具与交通	火车	name	Train Wheel Assembly Flanged D	有轮缘轮轴总成D	ok
def_train_wheels_dynamic_flanged_d_desc	载具与交通	火车	desc	Attaches to rail lines.	附着在铁路上	ok
def_train_wheels_dynamic_flanged_d_s_desc	载具与交通	火车	s_desc	Unpowered train wheel assembly.	无动力轮轴总成	ok
def_train_wheels_dynamic_flanged_d_node_0_label	载具与交通	火车	label	Brakes	制动器	ok
def_train_wheels_dynamic_flanged_d_node_0_desc	载具与交通	火车	node_desc	Number input to set the level of braking applied to the wheels.	输入制动级别	ok
def_train_wheels_dynamic_flanged_d_node_1_label	载具与交通	火车	label	Wheel Slip	车轮打滑	ok
def_train_wheels_dynamic_flanged_d_node_1_desc	载具与交通	火车	node_desc	Detects if wheels are slipping resulting in reduced torque.	检测车轮是否打滑导致扭矩减小	ok
def_train_wheels_dynamic_flanged_d_node_2_label	载具与交通	火车	label	Wheel Release	离轨	ok
def_train_wheels_dynamic_flanged_d_node_2_desc	载具与交通	火车	node_desc	Input to release wheels.	将车轮脱离轨道	ok
def_train_wheels_dynamic_steam_basic_mid_name	载具与交通	火车	name	Train Wheel Assembly Medium	转向架总成(中)	ok
def_train_wheels_dynamic_steam_basic_mid_desc	载具与交通	火车	desc	Attaches to rail lines.	附着在铁路上	ok
def_train_wheels_dynamic_steam_basic_mid_s_desc	载具与交通	火车	s_desc	Train wheel assembly.	转向架总成	ok
def_train_wheels_dynamic_steam_basic_mid_node_0_label	载具与交通	火车	label	Brakes	制动器	ok
def_train_wheels_dynamic_steam_basic_mid_node_0_desc	载具与交通	火车	node_desc	Number input to set the level of braking applied to the wheels.	输入制动级别	ok
def_train_wheels_dynamic_steam_basic_mid_node_1_label	载具与交通	火车	label	RPS	RPS	ok
def_train_wheels_dynamic_steam_basic_mid_node_1_desc	载具与交通	火车	node_desc	Receives power generated by an engine to control forward and backward rotation.	接收引擎产生的动力	ok
def_train_wheels_dynamic_steam_basic_mid_node_2_label	载具与交通	火车	label	Wheel Slip	车轮打滑	ok
def_train_wheels_dynamic_steam_basic_mid_node_2_desc	载具与交通	火车	node_desc	Detects if wheels are slipping resulting in reduced torque.	检测车轮是否打滑导致扭矩减小	ok
def_train_wheels_dynamic_steam_basic_mid_node_3_label	载具与交通	火车	label	Wheel Release	离轨	ok
def_train_wheels_dynamic_steam_basic_mid_node_3_desc	载具与交通	火车	node_desc	Input to release wheels.	将车轮脱离轨道	ok
def_train_wheels_dynamic_steam_large_name	载具与交通	火车	name	Train Wheel Assembly Steam Large A	蒸汽机车动轮A(大)	ok
def_train_wheels_dynamic_steam_large_desc	载具与交通	火车	desc	Attaches to rail lines. Connect to a train wheel drive piston or another steam train assembly.	附着在铁路上，连接到蒸汽机车驱动活塞或其他蒸汽机车组件上	ok
def_train_wheels_dynamic_steam_large_s_desc	载具与交通	火车	s_desc	Steam powered train wheel assembly.	蒸汽机车动轮总成	ok
def_train_wheels_dynamic_steam_large_node_0_label	载具与交通	火车	label	Brakes	制动器	ok
def_train_wheels_dynamic_steam_large_node_0_desc	载具与交通	火车	node_desc	Number input to set the level of braking applied to the wheels.	输入制动级别	ok
def_train_wheels_dynamic_steam_large_node_1_label	载具与交通	火车	label	Wheel Slip	车轮打滑	ok
def_train_wheels_dynamic_steam_large_node_1_desc	载具与交通	火车	node_desc	Detects if wheels are slipping resulting in reduced torque.	检测车轮是否打滑导致扭矩减小	ok
def_train_wheels_dynamic_steam_large_node_2_label	载具与交通	火车	label	Wheel Release	离轨	ok
def_train_wheels_dynamic_steam_large_node_2_desc	载具与交通	火车	node_desc	Input to release wheels.	将车轮脱离轨道	ok
def_train_wheels_dynamic_steam_large_b_name	载具与交通	火车	name	Train Wheel Assembly Steam Large B	蒸汽机车动轮B(大)	ok
def_train_wheels_dynamic_steam_large_b_desc	载具与交通	火车	desc	Attaches to rail lines. Connect to a train wheel drive piston or another steam train assembly.	附着在铁路上，连接到蒸汽机车驱动活塞或其他蒸汽机车组件上	ok
def_train_wheels_dynamic_steam_large_b_s_desc	载具与交通	火车	s_desc	Steam powered train wheel assembly.	蒸汽机车动轮总成	ok
def_train_wheels_dynamic_steam_large_b_node_0_label	载具与交通	火车	label	Brakes	制动器	ok
def_train_wheels_dynamic_steam_large_b_node_0_desc	载具与交通	火车	node_desc	Number input to set the level of braking applied to the wheels.	输入制动级别	ok
def_train_wheels_dynamic_steam_large_b_node_1_label	载具与交通	火车	label	Wheel Slip	车轮打滑	ok
def_train_wheels_dynamic_steam_large_b_node_1_desc	载具与交通	火车	node_desc	Detects if wheels are slipping resulting in reduced torque.	检测车轮是否打滑导致扭矩减小	ok
def_train_wheels_dynamic_steam_large_b_node_2_label	载具与交通	火车	label	Wheel Release	离轨	ok
def_train_wheels_dynamic_steam_large_b_node_2_desc	载具与交通	火车	node_desc	Input to release wheels.	将车轮脱离轨道	ok
def_train_wheels_dynamic_steam_mid_name	载具与交通	火车	name	Train Wheel Assembly Steam Medium A	蒸汽机车动轮A(中)	ok
def_train_wheels_dynamic_steam_mid_desc	载具与交通	火车	desc	Attaches to rail lines. Connect to a train wheel drive piston or another steam train assembly.	附着在铁路上，连接到蒸汽机车驱动活塞或其他蒸汽机车组件上	ok
def_train_wheels_dynamic_steam_mid_s_desc	载具与交通	火车	s_desc	Steam powered train wheel assembly.	蒸汽机车动轮总成	ok
def_train_wheels_dynamic_steam_mid_node_0_label	载具与交通	火车	label	Brakes	制动器	ok
def_train_wheels_dynamic_steam_mid_node_0_desc	载具与交通	火车	node_desc	Number input to set the level of braking applied to the wheels.	输入制动级别	ok
def_train_wheels_dynamic_steam_mid_node_1_label	载具与交通	火车	label	Wheel Slip	车轮打滑	ok
def_train_wheels_dynamic_steam_mid_node_1_desc	载具与交通	火车	node_desc	Detects if wheels are slipping resulting in reduced torque.	检测车轮是否打滑导致扭矩减小	ok
def_train_wheels_dynamic_steam_mid_node_2_label	载具与交通	火车	label	Wheel Release	离轨	ok
def_train_wheels_dynamic_steam_mid_node_2_desc	载具与交通	火车	node_desc	Input to release wheels.	将车轮脱离轨道	ok
def_train_wheels_dynamic_steam_mid_b_name	载具与交通	火车	name	Train Wheel Assembly Steam Medium B	蒸汽机车动轮B(中)	ok
def_train_wheels_dynamic_steam_mid_b_desc	载具与交通	火车	desc	Attaches to rail lines. Connect to a train wheel drive piston or another steam train assembly.	附着在铁路上，连接到蒸汽机车驱动活塞或其他蒸汽机车组件上	ok
def_train_wheels_dynamic_steam_mid_b_s_desc	载具与交通	火车	s_desc	Steam powered train wheel assembly.	蒸汽机车动轮总成	ok
def_train_wheels_dynamic_steam_mid_b_node_0_label	载具与交通	火车	label	Brakes	制动器	ok
def_train_wheels_dynamic_steam_mid_b_node_0_desc	载具与交通	火车	node_desc	Number input to set the level of braking applied to the wheels.	输入制动级别	ok
def_train_wheels_dynamic_steam_mid_b_node_1_label	载具与交通	火车	label	Wheel Slip	车轮打滑	ok
def_train_wheels_dynamic_steam_mid_b_node_1_desc	载具与交通	火车	node_desc	Detects if wheels are slipping resulting in reduced torque.	检测车轮是否打滑导致扭矩减小	ok
def_train_wheels_dynamic_steam_mid_b_node_2_label	载具与交通	火车	label	Wheel Release	离轨	ok
def_train_wheels_dynamic_steam_mid_b_node_2_desc	载具与交通	火车	node_desc	Input to release wheels.	将车轮脱离轨道	ok
def_train_wheels_dynamic_steam_small_name	载具与交通	火车	name	Train Wheel Assembly Steam Small A	蒸汽机车动轮A(小)	ok
def_train_wheels_dynamic_steam_small_desc	载具与交通	火车	desc	Attaches to rail lines. Connect to a train wheel drive piston or another steam train assembly.	附着在铁路上，连接到蒸汽机车驱动活塞或其他蒸汽机车组件上	ok
def_train_wheels_dynamic_steam_small_s_desc	载具与交通	火车	s_desc	Steam powered train wheel assembly.	蒸汽机车动轮总成	ok
def_train_wheels_dynamic_steam_small_node_0_label	载具与交通	火车	label	Brakes	制动器	ok
def_train_wheels_dynamic_steam_small_node_0_desc	载具与交通	火车	node_desc	Number input to set the level of braking applied to the wheels.	输入制动级别	ok
def_train_wheels_dynamic_steam_small_node_1_label	载具与交通	火车	label	Wheel Slip	车轮打滑	ok
def_train_wheels_dynamic_steam_small_node_1_desc	载具与交通	火车	node_desc	Detects if wheels are slipping resulting in reduced torque.	检测车轮是否打滑导致扭矩减小	ok
def_train_wheels_dynamic_steam_small_node_2_label	载具与交通	火车	label	Wheel Release	离轨	ok
def_train_wheels_dynamic_steam_small_node_2_desc	载具与交通	火车	node_desc	Input to release wheels.	将车轮脱离轨道	ok
def_train_wheels_dynamic_steam_small_b_name	载具与交通	火车	name	Train Wheel Assembly Steam Small B	蒸汽机车动轮B(小)	ok
def_train_wheels_dynamic_steam_small_b_desc	载具与交通	火车	desc	Attaches to rail lines. Connect to a train wheel drive piston or another steam train assembly.	附着在铁路上，连接到蒸汽机车驱动活塞或其他蒸汽机车组件上	ok
def_train_wheels_dynamic_steam_small_b_s_desc	载具与交通	火车	s_desc	Steam powered train wheel assembly.	蒸汽机车动轮总成	ok
def_train_wheels_dynamic_steam_small_b_node_0_label	载具与交通	火车	label	Brakes	制动器	ok
def_train_wheels_dynamic_steam_small_b_node_0_desc	载具与交通	火车	node_desc	Number input to set the level of braking applied to the wheels.	输入制动级别	ok
def_train_wheels_dynamic_steam_small_b_node_1_label	载具与交通	火车	label	Wheel Slip	车轮打滑	ok
def_train_wheels_dynamic_steam_small_b_node_1_desc	载具与交通	火车	node_desc	Detects if wheels are slipping resulting in reduced torque.	检测车轮是否打滑导致扭矩减小	ok
def_train_wheels_dynamic_steam_small_b_node_2_label	载具与交通	火车	label	Wheel Release	离轨	ok
def_train_wheels_dynamic_steam_small_b_node_2_desc	载具与交通	火车	node_desc	Input to release wheels.	将车轮脱离轨道	ok
def_train_wheels_dynamic_steam_small_basic_name	载具与交通	火车	name	Train Wheel Assembly Small	列车动轮总成(小)	ok
def_train_wheels_dynamic_steam_small_basic_desc	载具与交通	火车	desc	Attaches to rail lines.	附着在铁路上	ok
def_train_wheels_dynamic_steam_small_basic_s_desc	载具与交通	火车	s_desc	Train wheel assembly.	列车动轮总成	ok
def_train_wheels_dynamic_steam_small_basic_node_0_label	载具与交通	火车	label	Brakes	制动器	ok
def_train_wheels_dynamic_steam_small_basic_node_0_desc	载具与交通	火车	node_desc	Number input to set the level of braking applied to the wheels.	输入制动级别	ok
def_train_wheels_dynamic_steam_small_basic_node_1_label	载具与交通	火车	label	RPS	RPS	ok
def_train_wheels_dynamic_steam_small_basic_node_1_desc	载具与交通	火车	node_desc	Receives power generated by an engine to control forward and backward rotation.	接收引擎产生的动力	ok
def_train_wheels_dynamic_steam_small_basic_node_2_label	载具与交通	火车	label	Wheel Slip	车轮打滑	ok
def_train_wheels_dynamic_steam_small_basic_node_2_desc	载具与交通	火车	node_desc	Detects if wheels are slipping resulting in reduced torque.	检测车轮是否打滑导致扭矩减小	ok
def_train_wheels_dynamic_steam_small_basic_node_3_label	载具与交通	火车	label	Wheel Release	离轨	ok
def_train_wheels_dynamic_steam_small_basic_node_3_desc	载具与交通	火车	node_desc	Input to release wheels.	将车轮脱离轨道	ok
def_train_wheels_dynamic_x1_name	载具与交通	火车	name	Train Wheel Assembly x1	列车转向架总成(带悬挂) x1	ok
def_train_wheels_dynamic_x1_desc	载具与交通	火车	desc	Attaches to rail lines.	附着在铁路上	ok
def_train_wheels_dynamic_x1_s_desc	载具与交通	火车	s_desc	Train wheel assembly.	带有悬挂的列车转向架总成 单轴	ok
def_train_wheels_dynamic_x1_node_0_label	载具与交通	火车	label	Brakes	制动器	ok
def_train_wheels_dynamic_x1_node_0_desc	载具与交通	火车	node_desc	Number input to set the level of braking applied to the wheels.	输入制动级别	ok
def_train_wheels_dynamic_x1_node_1_label	载具与交通	火车	label	RPS	RPS	ok
def_train_wheels_dynamic_x1_node_1_desc	载具与交通	火车	node_desc	Receives power generated by an engine to control forward and backward rotation.	接收引擎产生的动力	ok
def_train_wheels_dynamic_x1_node_2_label	载具与交通	火车	label	Wheel Slip	车轮打滑	ok
def_train_wheels_dynamic_x1_node_2_desc	载具与交通	火车	node_desc	Detects if wheels are slipping resulting in reduced torque.	检测车轮是否打滑导致扭矩减小	ok
def_train_wheels_dynamic_x1_node_3_label	载具与交通	火车	label	Wheel Release	离轨	ok
def_train_wheels_dynamic_x1_node_3_desc	载具与交通	火车	node_desc	Input to release wheels.	将车轮脱离轨道	ok
def_train_wheels_dynamic_x1_small_name	载具与交通	火车	name	Train Wheel Assembly x1 Small	列车转向架总成(带悬挂) x1(小)	ok
def_train_wheels_dynamic_x1_small_desc	载具与交通	火车	desc	Attaches to rail lines.	附着在铁路上	ok
def_train_wheels_dynamic_x1_small_s_desc	载具与交通	火车	s_desc	Train wheel assembly.	带有悬挂的列车转向架总成 单轴	ok
def_train_wheels_dynamic_x1_small_node_0_label	载具与交通	火车	label	Brakes	制动器	ok
def_train_wheels_dynamic_x1_small_node_0_desc	载具与交通	火车	node_desc	Number input to set the level of braking applied to the wheels.	输入制动级别	ok
def_train_wheels_dynamic_x1_small_node_1_label	载具与交通	火车	label	RPS	RPS	ok
def_train_wheels_dynamic_x1_small_node_1_desc	载具与交通	火车	node_desc	Receives power generated by an engine to control forward and backward rotation.	接收引擎产生的动力	ok
def_train_wheels_dynamic_x1_small_node_2_label	载具与交通	火车	label	Wheel Slip	车轮打滑	ok
def_train_wheels_dynamic_x1_small_node_2_desc	载具与交通	火车	node_desc	Detects if wheels are slipping resulting in reduced torque.	检测车轮是否打滑导致扭矩减小	ok
def_train_wheels_dynamic_x1_small_node_3_label	载具与交通	火车	label	Wheel Release	离轨	ok
def_train_wheels_dynamic_x1_small_node_3_desc	载具与交通	火车	node_desc	Input to release wheels.	将车轮脱离轨道	ok
def_train_wheels_dynamic_x1_xsmall_name	载具与交通	火车	name	Train Wheel Assembly x1 Small (Compact)	列车转向架总成 x1(小)(紧凑型)	ok
def_train_wheels_dynamic_x1_xsmall_desc	载具与交通	火车	desc	Attaches to rail lines.	附着在铁路上	ok
def_train_wheels_dynamic_x1_xsmall_s_desc	载具与交通	火车	s_desc	Train wheel assembly.	带有悬挂的列车转向架总成	ok
def_train_wheels_dynamic_x1_xsmall_node_0_label	载具与交通	火车	label	Brakes	制动器	ok
def_train_wheels_dynamic_x1_xsmall_node_0_desc	载具与交通	火车	node_desc	Number input to set the level of braking applied to the wheels.	输入制动级别	ok
def_train_wheels_dynamic_x1_xsmall_node_1_label	载具与交通	火车	label	RPS	RPS	ok
def_train_wheels_dynamic_x1_xsmall_node_1_desc	载具与交通	火车	node_desc	Receives power generated by an engine to control forward and backward rotation.		todo
def_train_wheels_dynamic_x1_xsmall_node_2_label	载具与交通	火车	label	Wheel Slip	车轮打滑	ok
def_train_wheels_dynamic_x1_xsmall_node_2_desc	载具与交通	火车	node_desc	Detects if wheels are slipping resulting in reduced torque.	检测车轮是否打滑导致扭矩减小	ok
def_train_wheels_dynamic_x1_xsmall_node_3_label	载具与交通	火车	label	Wheel Release	离轨	ok
def_train_wheels_dynamic_x1_xsmall_node_3_desc	载具与交通	火车	node_desc	Input to release wheels.	将车轮脱离轨道	ok
def_train_wheels_dynamic_x2_name	载具与交通	火车	name	Train Wheel Assembly x2	列车转向架总成(带悬挂) x2	ok
def_train_wheels_dynamic_x2_desc	载具与交通	火车	desc	Attaches to rail lines.	附着在铁路上	ok
def_train_wheels_dynamic_x2_s_desc	载具与交通	火车	s_desc	Train wheel assembly.	带有悬挂的列车转向架总成 双轴	ok
def_train_wheels_dynamic_x2_node_0_label	载具与交通	火车	label	Electric	电	ok
def_train_wheels_dynamic_x2_node_0_desc	载具与交通	火车	node_desc	Electrical power connection. Receives electric energy from the rail lines.	电力连接.接收来自铁路的供电	ok
def_train_wheels_dynamic_x2_node_1_label	载具与交通	火车	label	Brakes	制动器	ok
def_train_wheels_dynamic_x2_node_1_desc	载具与交通	火车	node_desc	Number input to set the level of braking applied to the wheels.	输入制动级别	ok
def_train_wheels_dynamic_x2_node_2_label	载具与交通	火车	label	RPS	RPS	ok
def_train_wheels_dynamic_x2_node_2_desc	载具与交通	火车	node_desc	Receives power generated by an engine to control forward and backward rotation.	接收引擎产生的动力	ok
def_train_wheels_dynamic_x2_node_3_label	载具与交通	火车	label	Wheel Slip	车轮打滑	ok
def_train_wheels_dynamic_x2_node_3_desc	载具与交通	火车	node_desc	Detects if wheels are slipping resulting in reduced torque.	检测车轮是否打滑导致扭矩减小	ok
def_train_wheels_dynamic_x2_node_4_label	载具与交通	火车	label	Wheel Release	离轨	ok
def_train_wheels_dynamic_x2_node_4_desc	载具与交通	火车	node_desc	Input to release wheels.	将车轮脱离轨道	ok
def_train_wheels_dynamic_x3_name	载具与交通	火车	name	Train Wheel Assembly x3	列车转向架总成(带悬挂) x3	ok
def_train_wheels_dynamic_x3_desc	载具与交通	火车	desc	Attaches to rail lines.	附着在铁路上	ok
def_train_wheels_dynamic_x3_s_desc	载具与交通	火车	s_desc	Train wheel assembly.	带有悬挂的列车转向架总成 三轴	ok
def_train_wheels_dynamic_x3_node_0_label	载具与交通	火车	label	Electric	电	ok
def_train_wheels_dynamic_x3_node_0_desc	载具与交通	火车	node_desc	Electrical power connection. Receives electric energy from the rail lines.	电力连接.接收来自铁路的供电	ok
def_train_wheels_dynamic_x3_node_1_label	载具与交通	火车	label	Brakes	制动器	ok
def_train_wheels_dynamic_x3_node_1_desc	载具与交通	火车	node_desc	Number input to set the level of braking applied to the wheels.	输入制动级别	ok
def_train_wheels_dynamic_x3_node_2_label	载具与交通	火车	label	RPS	RPS	ok
def_train_wheels_dynamic_x3_node_2_desc	载具与交通	火车	node_desc	Receives power generated by an engine to control forward and backward rotation.	接收引擎产生的动力	ok
def_train_wheels_dynamic_x3_node_3_label	载具与交通	火车	label	Wheel Slip	车轮打滑	ok
def_train_wheels_dynamic_x3_node_3_desc	载具与交通	火车	node_desc	Detects if wheels are slipping resulting in reduced torque.	检测车轮是否打滑导致扭矩减小	ok
def_train_wheels_dynamic_x3_node_4_label	载具与交通	火车	label	Wheel Release	离轨	ok
def_train_wheels_dynamic_x3_node_4_desc	载具与交通	火车	node_desc	Input to release wheels.	将车轮脱离轨道	ok
def_train_wheels_piston_name	载具与交通	火车	name	Train Wheel Drive Piston Small	蒸汽机车驱动活塞(小)	ok
def_train_wheels_piston_desc	载具与交通	火车	desc	Attach to the front of a group of train-wheel assemblies to generate torque for them via mechanical steam power. Activate the reverser to flip the internal valves and the direction of travel.	安装在蒸汽机车动轮组前,通过蒸汽动力产生扭矩.激活换向开关以反转内部阀门和行驶方向	ok
def_train_wheels_piston_s_desc	载具与交通	火车	s_desc	Steam powered train piston assembly.	蒸汽机车驱动活塞总成	ok
def_train_wheels_piston_node_0_label	载具与交通	火车	label	Steam In	蒸汽 进	ok
def_train_wheels_piston_node_0_desc	载具与交通	火车	node_desc			ok
def_train_wheels_piston_node_1_label	载具与交通	火车	label	Steam In	蒸汽 进	ok
def_train_wheels_piston_node_1_desc	载具与交通	火车	node_desc			ok
def_train_wheels_piston_node_2_label	载具与交通	火车	label	Steam Out	蒸汽 出	ok
def_train_wheels_piston_node_2_desc	载具与交通	火车	node_desc			ok
def_train_wheels_piston_node_3_label	载具与交通	火车	label	Steam Out	蒸汽 出	ok
def_train_wheels_piston_node_3_desc	载具与交通	火车	node_desc			ok
def_train_wheels_piston_node_4_label	载具与交通	火车	label	Reverser	换向开关	ok
def_train_wheels_piston_node_4_desc	载具与交通	火车	node_desc	Reverse piston direction.	反转活塞方向	ok
def_train_wheels_piston_large_name	载具与交通	火车	name	Train Wheel Drive Piston Large	蒸汽机车驱动活塞(大)	ok
def_train_wheels_piston_large_desc	载具与交通	火车	desc	Attach to the front of a group of train-wheel assemblies to generate torque for them via mechanical steam power. Activate the reverser to flip the internal valves and the direction of travel.	安装在蒸汽机车动轮组前,通过蒸汽动力产生扭矩.激活换向开关以反转内部阀门和行驶方向	ok
def_train_wheels_piston_large_s_desc	载具与交通	火车	s_desc	Steam powered train piston assembly.	蒸汽机车驱动活塞总成	ok
def_train_wheels_piston_large_node_0_label	载具与交通	火车	label	Steam In	蒸汽 进	ok
def_train_wheels_piston_large_node_0_desc	载具与交通	火车	node_desc			ok
def_train_wheels_piston_large_node_1_label	载具与交通	火车	label	Steam In	蒸汽 进	ok
def_train_wheels_piston_large_node_1_desc	载具与交通	火车	node_desc			ok
def_train_wheels_piston_large_node_2_label	载具与交通	火车	label	Steam Out	蒸汽 出	ok
def_train_wheels_piston_large_node_2_desc	载具与交通	火车	node_desc			ok
def_train_wheels_piston_large_node_3_label	载具与交通	火车	label	Steam Out	蒸汽 出	ok
def_train_wheels_piston_large_node_3_desc	载具与交通	火车	node_desc			ok
def_train_wheels_piston_large_node_4_label	载具与交通	火车	label	Reverser	换向开关	ok
def_train_wheels_piston_large_node_4_desc	载具与交通	火车	node_desc	Reverse piston direction.	反转活塞方向	ok
def_train_wheels_piston_mid_name	载具与交通	火车	name	Train Wheel Drive Piston Medium	蒸汽机车驱动活塞(中)	ok
def_train_wheels_piston_mid_desc	载具与交通	火车	desc	Attach to the front of a group of train-wheel assemblies to generate torque for them via mechanical steam power. Activate the reverser to flip the internal valves and the direction of travel.	安装在蒸汽机车动轮组前,通过蒸汽动力产生扭矩.激活换向开关以反转内部阀门和行驶方向	ok
def_train_wheels_piston_mid_s_desc	载具与交通	火车	s_desc	Steam powered train piston assembly.	蒸汽机车驱动活塞总成	ok
def_train_wheels_piston_mid_node_0_label	载具与交通	火车	label	Steam In	蒸汽 进	ok
def_train_wheels_piston_mid_node_0_desc	载具与交通	火车	node_desc			ok
def_train_wheels_piston_mid_node_1_label	载具与交通	火车	label	Steam In	蒸汽 进	ok
def_train_wheels_piston_mid_node_1_desc	载具与交通	火车	node_desc			ok
def_train_wheels_piston_mid_node_2_label	载具与交通	火车	label	Steam Out	蒸汽 出	ok
def_train_wheels_piston_mid_node_2_desc	载具与交通	火车	node_desc			ok
def_train_wheels_piston_mid_node_3_label	载具与交通	火车	label	Steam Out	蒸汽 出	ok
def_train_wheels_piston_mid_node_3_desc	载具与交通	火车	node_desc			ok
def_train_wheels_piston_mid_node_4_label	载具与交通	火车	label	Reverser	换向开关	ok
def_train_wheels_piston_mid_node_4_desc	载具与交通	火车	node_desc	Reverse piston direction.	反转活塞方向	ok
def_transponder_name	通信与导航	应答器	name	Transponder	应急信标	ok
def_transponder_desc	通信与导航	应答器	desc	When activated, emits a continuous transponder signal that can be detected over great distances by any transponder locator.	当激活时，会持续发射应急信号，任何应急信标定位器都可以在长距离内检测到此信号	ok
def_transponder_s_desc	通信与导航	应答器	s_desc	An emergency search and rescue transponder.	应急搜救信标	ok
def_transponder_node_0_label	通信与导航	应答器	label	Electric	电	ok
def_transponder_node_0_desc	通信与导航	应答器	node_desc	Electrical power connection.	电源连接	ok
def_transponder_node_1_label	通信与导航	应答器	label	Active	激活	ok
def_transponder_node_1_desc	通信与导航	应答器	node_desc	Emit a continuous transponder signal when active.	当激活时发射连续应急信号	ok
def_transponder_locator_name	通信与导航	应答器	name	Transponder Locator	应急信标定位器	ok
def_transponder_locator_desc	通信与导航	应答器	desc	Detects all transponder signals over great distances. Outputs the strongest signal strength detected, transponder signal strengths will decrease with distance.	检测很大范围内的所有的应急信标信号，信号会随距离衰减，输出检测到最强的信号	ok
def_transponder_locator_s_desc	通信与导航	应答器	s_desc	An emergency search and rescue transponder locator.	应急信标定位器	ok
def_transponder_locator_node_0_label	通信与导航	应答器	label	Transponder Pulse	应急信号脉冲	ok
def_transponder_locator_node_0_desc	通信与导航	应答器	node_desc	Emits a periodic boolean pulse, with a frequency determined by the distance to the nearest transponder signal.	发出一个周期性的布尔型(boolean)脉冲，频率取决于检测到最近的应急信标的距离	ok
def_transponder_locator_node_1_label	通信与导航	应答器	label	Electric	电	ok
def_transponder_locator_node_1_desc	通信与导航	应答器	node_desc	Electrical power connection.	电源连接	ok
def_transponder_locator_node_2_label	通信与导航	应答器	label	Active	激活	ok
def_transponder_locator_node_2_desc	通信与导航	应答器	node_desc	Detects any transponder signals when active.	当激活时搜索应急信号	ok
def_trans_angle_name	引擎与动力	传动/变速箱	name	Pipe Angle	管道(L型)	ok
def_trans_angle_desc	引擎与动力	传动/变速箱	desc			ok
def_trans_angle_s_desc	引擎与动力	传动/变速箱	s_desc	An angled pipe for transferring to components from an engine.	从发动机传送到部件的有角度的管子	ok
def_trans_block_angle_name	引擎与动力	传动/变速箱	name	Pipe Angle (Enclosed)	封闭管道(L型)	ok
def_trans_block_angle_desc	引擎与动力	传动/变速箱	desc			ok
def_trans_block_angle_s_desc	引擎与动力	传动/变速箱	s_desc	An angled pipe for transferring to components from an engine.	从发动机传送到部件的有角度的管子	ok
def_trans_block_corner_name	引擎与动力	传动/变速箱	name	Pipe Angle Corner (Enclosed)	封闭管道(3向 边角)	ok
def_trans_block_corner_desc	引擎与动力	传动/变速箱	desc			ok
def_trans_block_corner_s_desc	引擎与动力	传动/变速箱	s_desc	A T-shaped pipe segment that can be used to branch piping into three directions.	T形管段，可用于将管道分为三个方向	ok
def_trans_block_cross_name	引擎与动力	传动/变速箱	name	Pipe Cross (Enclosed)	封闭管道(X型)	ok
def_trans_block_cross_desc	引擎与动力	传动/变速箱	desc			ok
def_trans_block_cross_s_desc	引擎与动力	传动/变速箱	s_desc	An X-shaped pipe segment that can be used to branch piping into four directions.	X形管段，可用于将管道分为四个方向	ok
def_trans_block_cross_corner_name	引擎与动力	传动/变速箱	name	Pipe Cross Corner (Enclosed)	封闭管道(5向 边角)	ok
def_trans_block_cross_corner_desc	引擎与动力	传动/变速箱	desc			ok
def_trans_block_cross_corner_s_desc	引擎与动力	传动/变速箱	s_desc	An X-shaped pipe segment that can be used to branch piping into five directions.	X形管段，可用于将管道分为五个方向	ok
def_trans_block_omni_name	引擎与动力	传动/变速箱	name	Pipe Omni (Enclosed)	封闭管道(6向 核心)	ok
def_trans_block_omni_desc	引擎与动力	传动/变速箱	desc			ok
def_trans_block_omni_s_desc	引擎与动力	传动/变速箱	s_desc	An omnidirectional pipe segment.	全向管段	ok
def_trans_block_straight_name	引擎与动力	传动/变速箱	name	Pipe Straight (Enclosed)	封闭管道(I型)	ok
def_trans_block_straight_desc	引擎与动力	传动/变速箱	desc			ok
def_trans_block_straight_s_desc	引擎与动力	传动/变速箱	s_desc	A straight section of pipe for transferring to components from an engine.	从发动机传送到部件的一段直管	ok
def_trans_block_t_name	引擎与动力	传动/变速箱	name	Pipe T-Piece (Enclosed)	封闭管道(T型)	ok
def_trans_block_t_desc	引擎与动力	传动/变速箱	desc			ok
def_trans_block_t_s_desc	引擎与动力	传动/变速箱	s_desc	A T-shaped pipe segment that can be used to branch piping into three directions.	T形管段，可用于将管道分为三个方向	ok
def_trans_block_t_corner_name	引擎与动力	传动/变速箱	name	Pipe T-Piece Corner (Enclosed)	封闭管道(4向 边角)	ok
def_trans_block_t_corner_desc	引擎与动力	传动/变速箱	desc			ok
def_trans_block_t_corner_s_desc	引擎与动力	传动/变速箱	s_desc	A T-shaped pipe segment that can be used to branch piping into four directions.	T形管段，可用于将管道分为四个方向	ok
def_trans_corner_name	引擎与动力	传动/变速箱	name	Pipe Angle Corner	管道(3向 边角)	ok
def_trans_corner_desc	引擎与动力	传动/变速箱	desc			ok
def_trans_corner_s_desc	引擎与动力	传动/变速箱	s_desc	A T-shaped pipe segment that can be used to branch piping into three directions.	T形管段，可用于将管道分为三个方向	ok
def_trans_cross_name	引擎与动力	传动/变速箱	name	Pipe Cross	管道(X型)	ok
def_trans_cross_desc	引擎与动力	传动/变速箱	desc			ok
def_trans_cross_s_desc	引擎与动力	传动/变速箱	s_desc	An X-shaped pipe segment that can be used to branch piping into four directions.	X形管段，可用于将管道分为四个方向	ok
def_trans_cross_corner_name	引擎与动力	传动/变速箱	name	Pipe Cross Corner	管道(5向 边角)	ok
def_trans_cross_corner_desc	引擎与动力	传动/变速箱	desc			ok
def_trans_cross_corner_s_desc	引擎与动力	传动/变速箱	s_desc	An X-shaped pipe segment that can be used to branch piping into five directions.	X形管段，可用于将管道分为五个方向	ok
def_trans_omni_name	引擎与动力	传动/变速箱	name	Pipe Omni	管道(6向 核心)	ok
def_trans_omni_desc	引擎与动力	传动/变速箱	desc			ok
def_trans_omni_s_desc	引擎与动力	传动/变速箱	s_desc	An omnidirectional pipe segment.	全向管段	ok
def_trans_straight_name	引擎与动力	传动/变速箱	name	Pipe Straight	管道(I型)	ok
def_trans_straight_desc	引擎与动力	传动/变速箱	desc			ok
def_trans_straight_s_desc	引擎与动力	传动/变速箱	s_desc	A straight section of pipe for transferring to components from an engine.	从发动机传送到部件的一段直管	ok
def_trans_t_name	引擎与动力	传动/变速箱	name	Pipe T-Piece	管道(T型)	ok
def_trans_t_desc	引擎与动力	传动/变速箱	desc			ok
def_trans_t_s_desc	引擎与动力	传动/变速箱	s_desc	A T-shaped pipe segment that can be used to branch piping into three directions.	T形管段，可用于将管道分为三个方向	ok
def_trans_t_corner_name	引擎与动力	传动/变速箱	name	Pipe T-Piece Corner	管道(4向  边角)	ok
def_trans_t_corner_desc	引擎与动力	传动/变速箱	desc			ok
def_trans_t_corner_s_desc	引擎与动力	传动/变速箱	s_desc	A T-shaped pipe segment that can be used to branch piping into four directions.	T形管段，可用于将管道分为四个方向	ok
def_turbine_name	引擎与动力	涡轮	name	Turbine Engine	涡轮发动机	ok
def_turbine_desc	引擎与动力	涡轮	desc	An on/off signal controls engine startup. The throttle input takes a standard value between -1 and 1 and controls the forward and backward force of connected components. The engine's maximum power output is split between connected components.	开/关信号控制发动机是否产生动力。油门输入采用介于-1和1之间的标准值，并控制连接部件的前进和后退力。发动机的最大输出功率在连接的部件之间分配	ok
def_turbine_s_desc	引擎与动力	涡轮	s_desc	Turbine engine that can be connected to powered components.	可连接收到动力部件的涡轮发动机	ok
def_turbine_node_0_label	引擎与动力	涡轮	label	RPS	RPS	ok
def_turbine_node_0_desc	引擎与动力	涡轮	node_desc	The rps supplied by the engine for inputting to other components.	发动机为输入其它部件而提供的动力	ok
def_turbine_node_1_label	引擎与动力	涡轮	label	Starter	启动器	ok
def_turbine_node_1_desc	引擎与动力	涡轮	node_desc	Increases the engine RPS using electrical power to start up the engine.	用电增加发动机转速以启动发动机	ok
def_turbine_node_2_label	引擎与动力	涡轮	label	Throttle	节流阀	ok
def_turbine_node_2_desc	引擎与动力	涡轮	node_desc	Standard value between 0 and 1 that controls the throttle of the engine.	控制发动机前进/后退油门的-1和1之间的标准值	ok
def_turbine_node_3_label	引擎与动力	涡轮	label	Electric	电	ok
def_turbine_node_3_desc	引擎与动力	涡轮	node_desc	Electrical power connection.	电源连接	ok
def_turbocharger_name	引擎与动力	涡轮增压器	name	Impeller Pump	机械流体泵	ok
def_turbocharger_desc	引擎与动力	涡轮增压器	desc	An Impeller that will force fluid through the system when torque is applied.	需要外部动力输入的流体泵	ok
def_turbocharger_s_desc	引擎与动力	涡轮增压器	s_desc	An Impeller Pump that can push fluid through a system.	叶轮将流体从一端泵向另一端	ok
def_turbocharger_node_0_label	引擎与动力	涡轮增压器	label	Fluid In	入口	ok
def_turbocharger_node_0_desc	引擎与动力	涡轮增压器	node_desc			ok
def_turbocharger_node_1_label	引擎与动力	涡轮增压器	label	RPS	RPS	ok
def_turbocharger_node_1_desc	引擎与动力	涡轮增压器	node_desc			ok
def_turbocharger_node_2_label	引擎与动力	涡轮增压器	label	Fluid Out	出口	ok
def_turbocharger_node_2_desc	引擎与动力	涡轮增压器	node_desc			ok
def_turbocharger_node_3_label	引擎与动力	涡轮增压器	label	Flow Rate	流量	ok
def_turbocharger_node_3_desc	引擎与动力	涡轮增压器	node_desc	Fluid flow rate in L/s.	以L/s为单位的流量	ok
def_turbocharger_small_name	引擎与动力	涡轮增压器	name	Impeller Pump (Small)	机械流体泵(小)	ok
def_turbocharger_small_desc	引擎与动力	涡轮增压器	desc	An Impeller that will force fluid through the system when torque is applied.	需要外部动力输入的流体泵	ok
def_turbocharger_small_s_desc	引擎与动力	涡轮增压器	s_desc	An Impeller Pump that can push fluid through a system.	叶轮将流体从一端泵向另一端	ok
def_turbocharger_small_node_0_label	引擎与动力	涡轮增压器	label	Fluid In	入口	ok
def_turbocharger_small_node_0_desc	引擎与动力	涡轮增压器	node_desc			ok
def_turbocharger_small_node_1_label	引擎与动力	涡轮增压器	label	RPS	RPS	ok
def_turbocharger_small_node_1_desc	引擎与动力	涡轮增压器	node_desc			ok
def_turbocharger_small_node_2_label	引擎与动力	涡轮增压器	label	Fluid Out	出口	ok
def_turbocharger_small_node_2_desc	引擎与动力	涡轮增压器	node_desc			ok
def_turbocharger_small_node_3_label	引擎与动力	涡轮增压器	label	Flow Rate	流量	ok
def_turbocharger_small_node_3_desc	引擎与动力	涡轮增压器	node_desc	Fluid flow rate in L/s.	以L/s为单位的流量	ok
def_tyre_large_name	载具与交通	轮胎	name	Large Tyre	大轮胎	ok
def_tyre_large_desc	载具与交通	轮胎	desc	Useful for creating tyre stacks and fenders.	用于创建轮胎栈和挡泥板	ok
def_tyre_large_s_desc	载具与交通	轮胎	s_desc	A large decorative tyre.	装饰性的大轮胎	ok
def_tyre_small_name	载具与交通	轮胎	name	Small Tyre	小轮胎	ok
def_tyre_small_desc	载具与交通	轮胎	desc	Useful for creating tyre stacks and fenders.	用于创建轮胎堆栈和挡泥板	ok
def_tyre_small_s_desc	载具与交通	轮胎	s_desc	A small decorative tyre.	装饰性的小轮胎	ok
def_vehicle_tool_interact_name	载具与交通	载具	name	Mounted End-Effector	按钮触手	ok
def_vehicle_tool_interact_desc	载具与交通	载具	desc	The end-effector can interact with button components.	可以按下外部按钮的组件	ok
def_vehicle_tool_interact_s_desc	载具与交通	载具	s_desc	A vehicle mounted end-effector.	载具用按钮触手	ok
def_vehicle_tool_interact_node_0_label	载具与交通	载具	label	Electric	电	ok
def_vehicle_tool_interact_node_0_desc	载具与交通	载具	node_desc	Electrical power connection.	电源连接	ok
def_vehicle_tool_interact_node_1_label	载具与交通	载具	label	Activate	启用	ok
def_vehicle_tool_interact_node_1_desc	载具与交通	载具	node_desc	Enable end-effector.	启用按钮触手	ok
def_vehicle_tool_welder_name	载具与交通	载具	name	Mounted Welder	电焊机	ok
def_vehicle_tool_welder_desc	载具与交通	载具	desc	The welding torch can repair components. This welder is electrically powered and works underwater.	可以修复部件的电焊机，可在水下工作	ok
def_vehicle_tool_welder_s_desc	载具与交通	载具	s_desc	A vehicle mounted welding torch.	载具用电焊机	ok
def_vehicle_tool_welder_node_0_label	载具与交通	载具	label	Electric	电	ok
def_vehicle_tool_welder_node_0_desc	载具与交通	载具	node_desc	Electrical power connection.	电源连接	ok
def_vehicle_tool_welder_node_1_label	载具与交通	载具	label	Activate	启用	ok
def_vehicle_tool_welder_node_1_desc	载具与交通	载具	node_desc	Enable welding torch.	启用电焊机	ok
def_viewing_scope_name	传感器与探测	观瞄	name	Viewing Scope	观瞄镜	ok
def_viewing_scope_desc	传感器与探测	观瞄	desc	Interact to display video data at full detail.	接入视频信号以展示拍摄到的内容	ok
def_viewing_scope_s_desc	传感器与探测	观瞄	s_desc	A viewing scope.	观瞄镜	ok
def_viewing_scope_node_0_label	传感器与探测	观瞄	label	Video Signal	视频信号	ok
def_viewing_scope_node_0_desc	传感器与探测	观瞄	node_desc			ok
def_viewing_scope_node_1_label	传感器与探测	观瞄	label	Electric	电	ok
def_viewing_scope_node_1_desc	传感器与探测	观瞄	node_desc			ok
def_viewing_scope_node_2_label	传感器与探测	观瞄	label	Occupied	被占用	ok
def_viewing_scope_node_2_desc	传感器与探测	观瞄	node_desc	Outputs an on signal if this viewing scope is occupied by a character.	当玩家占用时输入on信号	ok
def_warhead_body_large_name	武器与军用	弹头	name	Warhead Body (Large)	弹头(大)	ok
def_warhead_body_large_desc	武器与军用	弹头	desc	Detonates from an impact, or when receiving damage. Be careful!	解除保险后受到指定速度撞击会被引爆,小心处理,该组件在受到攻击时会殉爆	ok
def_warhead_body_large_s_desc	武器与军用	弹头	s_desc	A large explosive warhead.	巨大的弹头	ok
def_warhead_body_large_node_0_label	武器与军用	弹头	label	Arm	解除保险	ok
def_warhead_body_large_node_0_desc	武器与军用	弹头	node_desc	Arm the explosives in the warhead to detonate when the internal impact sensor reaches its threshold.	解除碰炸引信的保险.解除保险后受到撞击会产生爆炸	ok
def_warhead_body_medium_name	武器与军用	弹头	name	Warhead Body (Medium)	弹头(中)	ok
def_warhead_body_medium_desc	武器与军用	弹头	desc	Detonates from an impact, or when receiving damage. Be careful!	解除保险后受到指定速度撞击会被引爆,小心处理,该组件在受到攻击时会殉爆	ok
def_warhead_body_medium_s_desc	武器与军用	弹头	s_desc	A medium explosive warhead.	中等爆炸性弹头	ok
def_warhead_body_medium_node_0_label	武器与军用	弹头	label	Arm	解除保险	ok
def_warhead_body_medium_node_0_desc	武器与军用	弹头	node_desc	Arm the explosives in the warhead to detonate when the internal impact sensor reaches its threshold.	解除碰炸引信的保险.解除保险后受到撞击会产生爆炸	ok
def_warhead_body_small_name	武器与军用	弹头	name	Warhead Body (Small)	弹头(小)	ok
def_warhead_body_small_desc	武器与军用	弹头	desc	Detonates from an impact, or when receiving damage. Be careful!	解除保险后受到指定速度撞击会被引爆,小心处理,该组件在受到攻击时会殉爆	ok
def_warhead_body_small_s_desc	武器与军用	弹头	s_desc	A small explosive warhead.	小型爆炸弹头	ok
def_warhead_body_small_node_0_label	武器与军用	弹头	label	Arm	解除保险	ok
def_warhead_body_small_node_0_desc	武器与军用	弹头	node_desc	Arm the explosives in the warhead to detonate when the internal impact sensor reaches its threshold.	解除碰炸引信的保险.解除保险后受到撞击会产生爆炸	ok
def_warhead_emp_name	武器与军用	弹头	name	Warhead (EMP)	弹头(EMP)	ok
def_warhead_emp_desc	武器与军用	弹头	desc	Detonates from an impact, creating an EMP to temporarily shut down nearby electronic systems.	通过逻辑信号引爆，产生电磁脉冲，暂时关闭附近的电子系统	ok
def_warhead_emp_s_desc	武器与军用	弹头	s_desc	A electromagnetic-pulse warhead.	电磁脉冲弹头	ok
def_warhead_emp_node_0_label	武器与军用	弹头	label	Arm	解除保险	ok
def_warhead_emp_node_0_desc	武器与军用	弹头	node_desc	Arm the EMP charge in the warhead to detonate when the internal impact sensor reaches its threshold.	引爆弹头中的EMP装药	ok
def_warhead_large_name	武器与军用	弹头	name	Warhead (Large)	弹头(大)	ok
def_warhead_large_desc	武器与军用	弹头	desc	Detonates from an impact, or when receiving damage. Be careful!	解除保险后受到指定速度撞击会被引爆,小心处理,该组件在受到攻击时会殉爆	ok
def_warhead_large_s_desc	武器与军用	弹头	s_desc	A large explosive warhead.	巨大的弹头	ok
def_warhead_large_node_0_label	武器与军用	弹头	label	Arm	解除保险	ok
def_warhead_large_node_0_desc	武器与军用	弹头	node_desc	Arm the explosives in the warhead to detonate when the internal impact sensor reaches its threshold.	解除碰炸引信的保险.解除保险后受到撞击会产生爆炸	ok
def_warhead_medium_name	武器与军用	弹头	name	Warhead (Medium)	弹头(中)	ok
def_warhead_medium_desc	武器与军用	弹头	desc	Detonates from an impact, or when receiving damage. Be careful!	解除保险后受到指定速度撞击会被引爆,小心处理,该组件在受到攻击时会殉爆	ok
def_warhead_medium_s_desc	武器与军用	弹头	s_desc	A medium explosive warhead.	中等爆炸性弹头	ok
def_warhead_medium_node_0_label	武器与军用	弹头	label	Arm	解除保险	ok
def_warhead_medium_node_0_desc	武器与军用	弹头	node_desc	Arm the explosives in the warhead to detonate when the internal impact sensor reaches its threshold.	解除碰炸引信的保险.解除保险后受到撞击会产生爆炸	ok
def_warhead_small_name	武器与军用	弹头	name	Warhead (Small)	弹头(小)	ok
def_warhead_small_desc	武器与军用	弹头	desc	Detonates from an impact, or when receiving damage. Be careful!	解除保险后受到指定速度撞击会被引爆,小心处理,该组件在受到攻击时会殉爆	ok
def_warhead_small_s_desc	武器与军用	弹头	s_desc	A small explosive warhead.	小型爆炸弹头	ok
def_warhead_small_node_0_label	武器与军用	弹头	label	Arm	解除保险	ok
def_warhead_small_node_0_desc	武器与军用	弹头	node_desc	Arm the explosives in the warhead to detonate when the internal impact sensor reaches its threshold.	解除碰炸引信的保险.解除保险后受到撞击会产生爆炸	ok
def_watercannon_name	武器与军用	水炮	name	Fluid Cannon	水炮云台	ok
def_watercannon_desc	武器与军用	水炮	desc	The cannon is a turret and can rotate on 2 axis.	可以在水平和垂直轴上旋转的喷水炮塔	ok
def_watercannon_s_desc	武器与军用	水炮	s_desc	A fluid cannon that fires pressurized water for putting out fires.	发射加压过的水来灭火	ok
def_watercannon_node_0_label	武器与军用	水炮	label	Turret Swivel	水平转动	ok
def_watercannon_node_0_desc	武器与军用	水炮	node_desc	Yaw axis servo control for the cannon head.	炮头偏航(Yaw)轴伺服控制	ok
def_watercannon_node_1_label	武器与军用	水炮	label	Nozzle Pitch	喷嘴俯仰(Pitch)	ok
def_watercannon_node_1_desc	武器与军用	水炮	node_desc	Pitch axis servo control for the cannon head.	炮头俯仰(Pitch)轴伺服控制	ok
def_watercannon_node_2_label	武器与军用	水炮	label	Fluid Supply	进水口	ok
def_watercannon_node_2_desc	武器与军用	水炮	node_desc	The fluid input to output from the nozzle. Filters to water only.	只能输入水,用于喷出	ok
def_watercannon_node_3_label	武器与军用	水炮	label	Electric	电	ok
def_watercannon_node_3_desc	武器与军用	水炮	node_desc	Electrical power connection.	电源连接	ok
def_water_extractor_name	流体系统	水	name	Water Extractor	矿石脱水机	ok
def_water_extractor_desc	流体系统	水	desc	Extracts water from hydrous ores when supplied with electric power.	通电后，可从含水矿石中提取水分	ok
def_water_extractor_s_desc	流体系统	水	s_desc	A machine to process minerals into water.	从矿石中提取水	ok
def_water_extractor_node_0_label	流体系统	水	label	Power	电源	ok
def_water_extractor_node_0_desc	流体系统	水	node_desc			ok
def_water_extractor_node_1_label	流体系统	水	label	Process	提炼	ok
def_water_extractor_node_1_desc	流体系统	水	node_desc			ok
def_water_extractor_node_2_label	流体系统	水	label	Water Out	排水	ok
def_water_extractor_node_2_desc	流体系统	水	node_desc			ok
def_water_hose_name	流体系统	水	name	Hose	软管	ok
def_water_hose_desc	流体系统	水	desc	This can be used to transport water between Two bodies. Two on/off signals are used to control whether the hose is moving up (towards the base) or down (away from the base). A number output allows you to measure the hose's current length if necessary. The maximum length of the hose is 16 metres (64 blocks). The speed of the hose mechanism can be configured by selecting this component with the select tool.	这可以用来在两个物体之间运输水。两个开/关信号用于控制软管是向上移动(朝向底座)还是向下移动(远离底座)。数字输出允许您在必要时测量软管的当前长度。软管的最大长度为16米(64块)。软管机构的速度可以通过使用选择工具选择此组件来配置	ok
def_water_hose_s_desc	流体系统	水	s_desc	A building block attached to the end of a mechanical hose that can be raised and lowered.	连接在可伸缩的机械软管末端的方块	ok
def_water_hose_node_0_label	流体系统	水	label	Fluid	流体	ok
def_water_hose_node_0_desc	流体系统	水	node_desc	Fluid connection for the hose coil.	软管线圈的流体连接	ok
def_water_hose_node_1_label	流体系统	水	label	Hose Up	软管上升	ok
def_water_hose_node_1_desc	流体系统	水	node_desc	Raises the hose up when receiving an on signal.	接收到接通信号时，将软管向上提起	ok
def_water_hose_node_2_label	流体系统	水	label	Hose Down	软管下降	ok
def_water_hose_node_2_desc	流体系统	水	node_desc	Lowers the hose down when receiving an on signal.	当接收到接通信号时，收起软管	ok
def_water_hose_node_3_label	流体系统	水	label	Hose Length	软管长度	ok
def_water_hose_node_3_desc	流体系统	水	node_desc	The current length of the hose in metres.	软管的当前长度(米)	ok
def_water_hose_node_4_label	流体系统	水	label	Electric	电	ok
def_water_hose_node_4_desc	流体系统	水	node_desc	Electrical power connection.	电源连接	ok
def_water_hose_b_name	流体系统	水	name	winch end	绞车终端	ok
def_water_hose_b_desc	流体系统	水	desc			ok
def_water_hose_b_s_desc	流体系统	水	s_desc			ok
def_water_hose_b_node_0_label	流体系统	水	label	Fluid	流体	ok
def_water_hose_b_node_0_desc	流体系统	水	node_desc	Fluid connection for the end of the hose.	软管末端的流体连接	ok
def_water_inlet_name	流体系统	水	name	Fluid Port	流体接口	ok
def_water_inlet_desc	流体系统	水	desc	Place the port inside of an enclosed volume to connect to that volume, or outside of the vehicle to connect to the ocean.	将端口放在封闭卷的内部以连接收到该卷，或放在载具外部以连接收到海洋	ok
def_water_inlet_s_desc	流体系统	水	s_desc	Port used to allow fluid in and out of a fluid system.	允许流体进出流体系统的端口	ok
def_water_inlet_node_0_label	流体系统	水	label	Fluid	流体	ok
def_water_inlet_node_0_desc	流体系统	水	node_desc	Allows fluid to flow in and out of an enclosed volume or the ocean.	允许流体进出封闭的体积或海洋	ok
def_water_jet_name	流体系统	水	name	Fluid Jet	喷水推进器	ok
def_water_jet_desc	流体系统	水	desc	Converts mechanical power and water into a high power jet for generating thrust.	输入强劲的动力(至少中型引擎+变速箱)将海水喷出以产生很强的推力.偏流板可以左右调节推力方向.偏流板在0时不阻挡喷流,随着数值增加而靠近并阻挡喷流以改变喷流方向.以相同比例控制两侧的偏流板会降低推力	ok
def_water_jet_s_desc	流体系统	水	s_desc	A fluid impeller and jet nozzle for ocean propulsion.	用于船只推进的泵式推进器,只能使用海水	ok
def_water_jet_node_0_label	流体系统	水	label	Fluid Flow In	进水口	ok
def_water_jet_node_0_desc	流体系统	水	node_desc	Fluid inlet to supply jet.	吸水以供喷射	ok
def_water_jet_node_1_label	流体系统	水	label	RPS	RPS	ok
def_water_jet_node_1_desc	流体系统	水	node_desc	Mechanical power input to power jet.	动力输入	ok
def_water_jet_node_2_label	流体系统	水	label	Vertical Trim	垂直配平	ok
def_water_jet_node_2_desc	流体系统	水	node_desc	Vertical nozzle angle to control jet direction.	控制喷嘴的垂直方向角度(俯仰),取值范围-1~1	ok
def_water_jet_node_3_label	流体系统	水	label	Deflector A	偏流板(A)	ok
def_water_jet_node_3_desc	流体系统	水	node_desc	Left bucket defector control input.	控制偏流板角度,值0~1	ok
def_water_jet_node_4_label	流体系统	水	label	Deflector B	偏流板(B)	ok
def_water_jet_node_4_desc	流体系统	水	node_desc	Right bucket defector control input.	控制偏流板角度,值0~1	ok
def_water_jet_node_5_label	流体系统	水	label	Electric	电	ok
def_water_jet_node_5_desc	流体系统	水	node_desc	Electrical power connection.	电源连接	ok
def_water_measure_name	流体系统	水	name	Liquid Meter	液位测量仪	ok
def_water_measure_desc	流体系统	水	desc	This will output a quantity in litres and the total capacity in litres. If not inside an enclosed volume, it will give the height relative to the water surface.	输出封闭空间的总容量和当前液位(单位升).如果在开放空间,将给出相对于水面的高度	ok
def_water_measure_s_desc	流体系统	水	s_desc	A device to measure how much liquid is within an enclosed volume.	可以测量一个封闭容积内流体含量的传感器,也可当作海拔高度计和深度测量仪	ok
def_water_measure_node_0_label	流体系统	水	label	Liquid Level	当前液位	ok
def_water_measure_node_0_desc	流体系统	水	node_desc	Returns the number of litres of liquid in an enclosed volume, or height relative to water if not enclosed.	返回封闭空间中的升数.如果是开放空间,将给出相对于水面的高度(水下为正)	ok
def_water_measure_node_1_label	流体系统	水	label	Fluid Capacity	总容量	ok
def_water_measure_node_1_desc	流体系统	水	node_desc	Returns the total capacity of an enclosed volume in litres, or 0 if not enclosed.	返回封闭空间的总容量(以升为单位).如果是开放空间则返回0	ok
def_water_measure_node_2_label	流体系统	水	label	Composite Data	混合数据	ok
def_water_measure_node_2_desc	流体系统	水	node_desc	Outputs the volumes of individual liquid types on their respective channel. The data can be directly merged with a Gas meter. Channels: 1-Water, 2-Diesel, 3-Jet Fuel, 6-Oil, 7-Seawater, 9-Slurry, 10-Saturated Slurry	在各自通道上输出各种液体的容量.数据可直接与气体测量仪合并.通道 1-水;2-柴油;3-喷气燃料;6-油;7-海水;9-泥浆;10-饱和泥浆	ok
def_water_nozzle_name	流体系统	水	name	Fluid Nozzle	水炮喷嘴	ok
def_water_nozzle_desc	流体系统	水	desc	The angle of spray can be adjusted.	喷雾角度可以调节	ok
def_water_nozzle_s_desc	流体系统	水	s_desc	A fluid nozzle that fires pressurized water for putting out fires.	喷射加压水以灭火的水枪喷嘴	ok
def_water_nozzle_node_0_label	流体系统	水	label	Fluid Supply	进水口	ok
def_water_nozzle_node_0_desc	流体系统	水	node_desc	The fluid input to output from the nozzle.	流体入口	ok
def_water_nozzle_node_1_label	流体系统	水	label	Spray Angle	喷雾角度	ok
def_water_nozzle_node_1_desc	流体系统	水	node_desc	Adjustable spray angle from 0 (focused) to 1 (spread).	可调的喷雾角度从0(聚焦)到1(扩散)	ok
def_water_nozzle_node_2_label	流体系统	水	label	Electric	电	ok
def_water_nozzle_node_2_desc	流体系统	水	node_desc	Electrical power connection.	电源连接	ok
def_water_outlet_name	流体系统	水	name	Fluid Port	流体端口	ok
def_water_outlet_desc	流体系统	水	desc	Place the port inside of an enclosed volume to connect to that volume, or outside of the vehicle to connect to the ocean.	将端口放在封闭卷的内部以连接收到该卷，或放在载具外部以连接收到海洋	ok
def_water_outlet_s_desc	流体系统	水	s_desc	Port used to allow fluid in and out of a fluid system.	允许流体进出流体系统的端口	ok
def_water_outlet_node_0_label	流体系统	水	label	Fluid	流体	ok
def_water_outlet_node_0_desc	流体系统	水	node_desc	Allows fluid to flow in and out of an enclosed volume or the ocean.	允许流体进出封闭的体积或海洋	ok
def_water_pump_name	流体系统	水	name	Fluid Pump	电动流体泵(小)	ok
def_water_pump_desc	流体系统	水	desc	Connect to an inlet and outlet to create a pumping system to move fluid around a vehicle.	不需要外部动力的电动流体泵，正确连接流体的入口和出口，以创建一个泵送系统	ok
def_water_pump_s_desc	流体系统	水	s_desc	A small fluid pump.	小型的流体泵	ok
def_water_pump_node_0_label	流体系统	水	label	On/Off	开/关	ok
def_water_pump_node_0_desc	流体系统	水	node_desc	Controls whether or not the fluid is being pumped through.	控制流体是否被泵入	ok
def_water_pump_node_1_label	流体系统	水	label	Fluid In	入口	ok
def_water_pump_node_1_desc	流体系统	水	node_desc	Connect to an inlet component to take fluid into the system.	连接入口部件以将流体泵入系统	ok
def_water_pump_node_2_label	流体系统	水	label	Fluid Out	出口	ok
def_water_pump_node_2_desc	流体系统	水	node_desc	Connect to an outlet component to release fluid from the system.	连接收到出口部件以释放系统中的流体	ok
def_water_pump_node_3_label	流体系统	水	label	Electric	电	ok
def_water_pump_node_3_desc	流体系统	水	node_desc	Electrical power connection.	电源连接	ok
def_water_pump_node_4_label	流体系统	水	label	Flow Rate	流量	ok
def_water_pump_node_4_desc	流体系统	水	node_desc	Fluid flow rate in L/s.	以L/s为单位的流量	ok
def_water_pump_large_name	流体系统	水	name	Large Fluid Pump	电动流体泵(大)	ok
def_water_pump_large_desc	流体系统	水	desc	Connect to an inlet and outlet to create a pumping system to move fluid around a vehicle.	不需要外部动力的电动流体泵，正确连接流体的入口和出口，以创建一个泵送系统	ok
def_water_pump_large_s_desc	流体系统	水	s_desc	A large fluid pump.	大型流体泵	ok
def_water_pump_large_node_0_label	流体系统	水	label	Fluid In	入口	ok
def_water_pump_large_node_0_desc	流体系统	水	node_desc	Connect to an inlet component to take fluid into the system.	连接入口部件以将流体泵入系统	ok
def_water_pump_large_node_1_label	流体系统	水	label	Fluid Out	出口	ok
def_water_pump_large_node_1_desc	流体系统	水	node_desc	Connect to an outlet component to release fluid from the system.	连接出口部件以泵出系统中的流体	ok
def_water_pump_large_node_2_label	流体系统	水	label	On/Off	开/关	ok
def_water_pump_large_node_2_desc	流体系统	水	node_desc	Controls whether or not the fluid is being pumped.	控制是否泵送流体	ok
def_water_pump_large_node_3_label	流体系统	水	label	Electric	电	ok
def_water_pump_large_node_3_desc	流体系统	水	node_desc	Electrical power connection.	电源连接	ok
def_water_pump_large_node_4_label	流体系统	水	label	Flow Rate	流量	ok
def_water_pump_large_node_4_desc	流体系统	水	node_desc	Fluid flow rate in L/s.	以L/s为单位的流量	ok
def_water_pump_manual_name	流体系统	水	name	Fluid Pump (Manual)	流体泵(手动)	ok
def_water_pump_manual_desc	流体系统	水	desc	Hold [$[action_interact_left]]/[$[action_interact_right]] to create pressure in the pump. Connect to an inlet and outlet to create a pumping system to move fluid around a vehicle.	按住[$[action_interact_left]]/[$[action_interact_right]]，产生压力	ok
def_water_pump_manual_s_desc	流体系统	水	s_desc	A small fluid pump with a manual handle.	小型手摇流体泵	ok
def_water_pump_manual_node_0_label	流体系统	水	label	Fluid In	入口	ok
def_water_pump_manual_node_0_desc	流体系统	水	node_desc	Connect to an inlet component to take fluid into the system.	连接到入口部件以将流体泵入系统	ok
def_water_pump_manual_node_1_label	流体系统	水	label	Fluid Out	出口	ok
def_water_pump_manual_node_1_desc	流体系统	水	node_desc	Connect to an outlet component to release fluid from the system.	连接到出口部件以将流体泵入系统	ok
def_water_pump_manual_node_2_label	流体系统	水	label	Flow Rate	流量	ok
def_water_pump_manual_node_2_desc	流体系统	水	node_desc	Fluid flow rate in L/s.	以L/s为单位的流量	ok
def_water_spawner_name	流体系统	水	name	Fluid Spawner	液体生成器	ok
def_water_spawner_desc	流体系统	水	desc	The fluid spawner for helping with custom fluid tanks, so they can be spawned full, without a need to fill after spawning. Gases are spawned compressed (60atm).	在封闭区域生成液体,一般用于制作自定义油箱/水箱等.生成带有压力的气体(60atm)	ok
def_water_spawner_s_desc	流体系统	水	s_desc	A component to mark an enclosed area to be spawned with fluid inside.	用于标记要在封闭区域内部生成流体的组件	ok
def_water_suction_duct_name	流体系统	水	name	Fluid Slot Port	流体进出端口	ok
def_water_suction_duct_desc	流体系统	水	desc	Place the port inside of an enclosed volume to connect to that volume, or outside of the vehicle to connect to the ocean.	将端口放在封闭空间的内部以连接收到该空间，或放在载具外部以连接到海洋	ok
def_water_suction_duct_s_desc	流体系统	水	s_desc	Port used to allow fluid in and out of a fluid system.	允许流体进出流体系统的端口	ok
def_water_suction_duct_node_0_label	流体系统	水	label	Fluid	流体	ok
def_water_suction_duct_node_0_desc	流体系统	水	node_desc	Allows fluid to flow in and out of an enclosed volume or the ocean.	允许流体进出封闭的体积或海洋	ok
def_wheel_advanced_3_name	载具与交通	车轮	name	Wheel 3x3	3x3轮	ok
def_wheel_advanced_3_desc	载具与交通	车轮	desc	The wheel will rotate forwards and backwards depending on power received. It can be rotated left and right by sending a number signal to the steering input. It can also be locked into place by sending an on signal to the brake input.	载具轮将根据接收到的功率前后旋转。它可以通过接收数字信号左右转向，也可以接收数字或开关信号实现制动刹车	ok
def_wheel_advanced_3_s_desc	载具与交通	车轮	s_desc	Small steerable wheel with power connection and braking.	带动力输入和制动的小型可操纵载具轮	ok
def_wheel_advanced_3_node_0_label	载具与交通	车轮	label	Brake	制动器	ok
def_wheel_advanced_3_node_0_desc	载具与交通	车轮	node_desc	Locks the wheel into place when receiving an on signal.	接收到接通信号时，将轮子制动抱死	ok
def_wheel_advanced_3_node_1_label	载具与交通	车轮	label	RPS	RPS	ok
def_wheel_advanced_3_node_1_desc	载具与交通	车轮	node_desc	Receives power generated by an engine to control forward and backward rotation.	接收发动机产生的控制前后旋转的动力	ok
def_wheel_advanced_3_node_2_label	载具与交通	车轮	label	Variable Brake	可变制动器	ok
def_wheel_advanced_3_node_2_desc	载具与交通	车轮	node_desc	A value between 0 and 1 for soft braking	输入制动力度(0~1)	ok
def_wheel_advanced_3_node_3_label	载具与交通	车轮	label	Steering	转向	ok
def_wheel_advanced_3_node_3_desc	载具与交通	车轮	node_desc	Accepts a value between -1 and 1 that represents the extremes of the wheels steering rotation	接受一个介于-1和1之间的值，表示车轮转向的角度	ok
def_wheel_advanced_3_sus_name	载具与交通	车轮	name	Wheel 3x3 (Suspension)	3x3轮(悬挂)	ok
def_wheel_advanced_3_sus_desc	载具与交通	车轮	desc	The wheel will rotate forwards and backwards depending on power received. It can be rotated left and right by sending a number signal to the steering input. It can also be locked into place by sending an on signal to the brake input.	载具轮将根据接收到的功率前后旋转。它可以通过接收数字信号左右转向，也可以接收数字或开关信号实现制动刹车	ok
def_wheel_advanced_3_sus_s_desc	载具与交通	车轮	s_desc	Small steerable wheel with suspension, power connection, and braking.	带有悬挂、动力输入和制动的小型可操纵载具轮	ok
def_wheel_advanced_3_sus_node_0_label	载具与交通	车轮	label	Brake	制动器	ok
def_wheel_advanced_3_sus_node_0_desc	载具与交通	车轮	node_desc	Locks the wheel into place when receiving an on signal.	接收到接通信号时，将轮子制动抱死	ok
def_wheel_advanced_3_sus_node_1_label	载具与交通	车轮	label	RPS	RPS	ok
def_wheel_advanced_3_sus_node_1_desc	载具与交通	车轮	node_desc	Receives power generated by an engine to control forward and backward rotation.	接收发动机产生的控制前后旋转的动力	ok
def_wheel_advanced_3_sus_node_2_label	载具与交通	车轮	label	Variable Brake	可变制动器	ok
def_wheel_advanced_3_sus_node_2_desc	载具与交通	车轮	node_desc	A value between 0 and 1 for soft braking	输入制动力度(0~1)	ok
def_wheel_advanced_3_sus_node_3_label	载具与交通	车轮	label	Steering	转向	ok
def_wheel_advanced_3_sus_node_3_desc	载具与交通	车轮	node_desc	Accepts a value between -1 and 1 that represents the extremes of the wheels steering rotation	接受一个介于-1和1之间的值，表示车轮转向的角度	ok
def_wheel_advanced_5_name	载具与交通	车轮	name	Wheel 5x5	5x5轮	ok
def_wheel_advanced_5_desc	载具与交通	车轮	desc	The wheel will rotate forwards and backwards depending on power received. It can be rotated left and right by sending a number signal to the steering input. It can also be locked into place by sending an on signal to the brake input.	载具轮将根据接收到的功率前后旋转。它可以通过接收数字信号左右转向，也可以接收数字或开关信号实现制动刹车	ok
def_wheel_advanced_5_s_desc	载具与交通	车轮	s_desc	Medium steerable wheel with power connection and braking.	带动力输入和制动的中型车轮	ok
def_wheel_advanced_5_node_0_label	载具与交通	车轮	label	Brake	制动器	ok
def_wheel_advanced_5_node_0_desc	载具与交通	车轮	node_desc	Locks the wheel into place when receiving an on signal.	接收到接通信号时，将轮子制动抱死	ok
def_wheel_advanced_5_node_1_label	载具与交通	车轮	label	RPS	RPS	ok
def_wheel_advanced_5_node_1_desc	载具与交通	车轮	node_desc	Receives power generated by an engine to control forward and backward rotation.	接收发动机产生的控制前后旋转的动力	ok
def_wheel_advanced_5_node_2_label	载具与交通	车轮	label	Variable Brake	可变制动器	ok
def_wheel_advanced_5_node_2_desc	载具与交通	车轮	node_desc	A value between 0 and 1 for soft braking	输入制动力度(0~1)	ok
def_wheel_advanced_5_node_3_label	载具与交通	车轮	label	Steering	转向	ok
def_wheel_advanced_5_node_3_desc	载具与交通	车轮	node_desc	Accepts a value between -1 and 1 that represents the extremes of the wheels steering rotation	接受一个介于-1和1之间的值，表示车轮转向的角度	ok
def_wheel_advanced_5_sus_name	载具与交通	车轮	name	Wheel 5x5 (Suspension)	5x5轮(悬挂)	ok
def_wheel_advanced_5_sus_desc	载具与交通	车轮	desc	The wheel will rotate forwards and backwards depending on power received. It can be rotated left and right by sending a number signal to the steering input. It can also be locked into place by sending an on signal to the brake input.	载具轮将根据接收到的功率前后旋转。它可以通过接收数字信号左右转向，也可以接收数字或开关信号实现制动刹车	ok
def_wheel_advanced_5_sus_s_desc	载具与交通	车轮	s_desc	Medium steerable wheel with suspension, power connection, and braking.	带悬挂、动力输入和制动的中型车轮	ok
def_wheel_advanced_5_sus_node_0_label	载具与交通	车轮	label	Brake	制动器	ok
def_wheel_advanced_5_sus_node_0_desc	载具与交通	车轮	node_desc	Locks the wheel into place when receiving an on signal.	接收到接通信号时，将轮子制动抱死	ok
def_wheel_advanced_5_sus_node_1_label	载具与交通	车轮	label	RPS	RPS	ok
def_wheel_advanced_5_sus_node_1_desc	载具与交通	车轮	node_desc	Receives power generated by an engine to control forward and backward rotation.	接收发动机产生的控制前后旋转的动力	ok
def_wheel_advanced_5_sus_node_2_label	载具与交通	车轮	label	Variable Brake	可变制动器	ok
def_wheel_advanced_5_sus_node_2_desc	载具与交通	车轮	node_desc	A value between 0 and 1 for soft braking	输入制动力度(0~1)	ok
def_wheel_advanced_5_sus_node_3_label	载具与交通	车轮	label	Steering	转向	ok
def_wheel_advanced_5_sus_node_3_desc	载具与交通	车轮	node_desc	Accepts a value between -1 and 1 that represents the extremes of the wheels steering rotation	接受一个介于-1和1之间的值，表示车轮转向的角度	ok
def_wheel_advanced_7_name	载具与交通	车轮	name	Wheel 7x7	7x7轮	ok
def_wheel_advanced_7_desc	载具与交通	车轮	desc	The wheel will rotate forwards and backwards depending on power received. It can be rotated left and right by sending a number signal to the steering input. It can also be locked into place by sending an on signal to the brake input.	载具轮将根据接收到的功率前后旋转。它可以通过接收数字信号左右转向，也可以接收数字或开关信号实现制动刹车	ok
def_wheel_advanced_7_s_desc	载具与交通	车轮	s_desc	Large steerable wheel with power connection and braking.	带动力输入和制动的大型车轮	ok
def_wheel_advanced_7_node_0_label	载具与交通	车轮	label	Brake	制动器	ok
def_wheel_advanced_7_node_0_desc	载具与交通	车轮	node_desc	Locks the wheel into place when receiving an on signal.	接收到接通信号时，将轮子制动抱死	ok
def_wheel_advanced_7_node_1_label	载具与交通	车轮	label	RPS	RPS	ok
def_wheel_advanced_7_node_1_desc	载具与交通	车轮	node_desc	Receives power generated by an engine to control forward and backward rotation.	接收发动机产生的控制前后旋转的动力	ok
def_wheel_advanced_7_node_2_label	载具与交通	车轮	label	Variable Brake	可变制动器	ok
def_wheel_advanced_7_node_2_desc	载具与交通	车轮	node_desc	A value between 0 and 1 for soft braking	输入制动力度(0~1)	ok
def_wheel_advanced_7_node_3_label	载具与交通	车轮	label	Steering	转向	ok
def_wheel_advanced_7_node_3_desc	载具与交通	车轮	node_desc	Accepts a value between -1 and 1 that represents the extremes of the wheels steering rotation	接受一个介于-1和1之间的值，表示车轮转向的角度	ok
def_wheel_advanced_7_sus_name	载具与交通	车轮	name	Wheel 7x7 (Suspension)	7x7轮(悬挂)	ok
def_wheel_advanced_7_sus_desc	载具与交通	车轮	desc	The wheel will rotate forwards and backwards depending on power received. It can be rotated left and right by sending a number signal to the steering input. It can also be locked into place by sending an on signal to the brake input.	载具轮将根据接收到的功率前后旋转。它可以通过接收数字信号左右转向，也可以接收数字或开关信号实现制动刹车	ok
def_wheel_advanced_7_sus_s_desc	载具与交通	车轮	s_desc	Large steerable wheel with suspension, power connection, and braking.	带悬挂、动力输入和制动的大型车轮	ok
def_wheel_advanced_7_sus_node_0_label	载具与交通	车轮	label	Brake	制动器	ok
def_wheel_advanced_7_sus_node_0_desc	载具与交通	车轮	node_desc	Locks the wheel into place when receiving an on signal.	接收到接通信号时，将轮子制动抱死	ok
def_wheel_advanced_7_sus_node_1_label	载具与交通	车轮	label	RPS	RPS	ok
def_wheel_advanced_7_sus_node_1_desc	载具与交通	车轮	node_desc	Receives power generated by an engine to control forward and backward rotation.	接收发动机产生的控制前后旋转的动力	ok
def_wheel_advanced_7_sus_node_2_label	载具与交通	车轮	label	Variable Brake	可变制动器	ok
def_wheel_advanced_7_sus_node_2_desc	载具与交通	车轮	node_desc	A value between 0 and 1 for soft braking	输入制动力度(0~1)	ok
def_wheel_advanced_7_sus_node_3_label	载具与交通	车轮	label	Steering	转向	ok
def_wheel_advanced_7_sus_node_3_desc	载具与交通	车轮	node_desc	Accepts a value between -1 and 1 that represents the extremes of the wheels steering rotation	接受一个介于-1和1之间的值，表示车轮转向的角度	ok
def_wheel_advanced_9_name	载具与交通	车轮	name	Wheel 9x9	9x9轮	ok
def_wheel_advanced_9_desc	载具与交通	车轮	desc	The wheel will rotate forwards and backwards depending on power received. It can be rotated left and right by sending a number signal to the steering input. It can also be locked into place by sending an on signal to the brake input.	载具轮将根据接收到的功率前后旋转。它可以通过接收数字信号以左右转向，也可以接收数字或开关信号实现制动刹车	ok
def_wheel_advanced_9_s_desc	载具与交通	车轮	s_desc	XLarge steerable wheel with power connection and braking.	带悬挂、动力输入和制动的超大型车轮	ok
def_wheel_advanced_9_node_0_label	载具与交通	车轮	label	Brake	制动器	ok
def_wheel_advanced_9_node_0_desc	载具与交通	车轮	node_desc	Locks the wheel into place when receiving an on signal.	接收到接通信号时，将轮子制动抱死	ok
def_wheel_advanced_9_node_1_label	载具与交通	车轮	label	RPS	RPS	ok
def_wheel_advanced_9_node_1_desc	载具与交通	车轮	node_desc	Receives power generated by an engine to control forward and backward rotation.	接收发动机产生的控制前后旋转的动力	ok
def_wheel_advanced_9_node_2_label	载具与交通	车轮	label	Variable Brake	可变制动器	ok
def_wheel_advanced_9_node_2_desc	载具与交通	车轮	node_desc	A value between 0 and 1 for soft braking	输入制动力度(0~1)	ok
def_wheel_advanced_9_node_3_label	载具与交通	车轮	label	Steering	转向	ok
def_wheel_advanced_9_node_3_desc	载具与交通	车轮	node_desc	Accepts a value between -1 and 1 that represents the extremes of the wheels steering rotation	接受一个介于-1和1之间的值，表示车轮转向的角度	ok
def_wheel_advanced_9_sus_name	载具与交通	车轮	name	Wheel 9x9 (Suspension)	9x9轮(悬挂)	ok
def_wheel_advanced_9_sus_desc	载具与交通	车轮	desc	The wheel will rotate forwards and backwards depending on power received. It can be rotated left and right by sending a number signal to the steering input. It can also be locked into place by sending an on signal to the brake input.	载具轮将根据接收到的功率前后旋转。它可以通过接收数字信号以左右转向，也可以接收数字或开关信号实现制动刹车	ok
def_wheel_advanced_9_sus_s_desc	载具与交通	车轮	s_desc	XLarge steerable wheel with suspension, power connection, and braking.	带悬挂、动力输入和制动的超大型车轮	ok
def_wheel_advanced_9_sus_node_0_label	载具与交通	车轮	label	Brake	制动器	ok
def_wheel_advanced_9_sus_node_0_desc	载具与交通	车轮	node_desc	Locks the wheel into place when receiving an on signal.	接收到接通信号时，将轮子制动抱死	ok
def_wheel_advanced_9_sus_node_1_label	载具与交通	车轮	label	RPS	RPS	ok
def_wheel_advanced_9_sus_node_1_desc	载具与交通	车轮	node_desc	Receives power generated by an engine to control forward and backward rotation.	接收发动机产生的控制前后旋转的动力	ok
def_wheel_advanced_9_sus_node_2_label	载具与交通	车轮	label	Variable Brake	可变制动器	ok
def_wheel_advanced_9_sus_node_2_desc	载具与交通	车轮	node_desc	A value between 0 and 1 for soft braking	输入制动力度(0~1)	ok
def_wheel_advanced_9_sus_node_3_label	载具与交通	车轮	label	Steering	转向	ok
def_wheel_advanced_9_sus_node_3_desc	载具与交通	车轮	node_desc	Accepts a value between -1 and 1 that represents the extremes of the wheels steering rotation	接受一个介于-1和1之间的值，表示车轮转向的角度	ok
def_wheel_coaster_name	载具与交通	车轮	name	Wheel Coaster	起落架轮(小)	ok
def_wheel_coaster_desc	载具与交通	车轮	desc	You cannot control the forward and backward rotation of this wheel, but it can be locked into place by sending an on signal to the brake input.	您无法控制此载具轮的前后旋转，但可以接收数字或开关信号实现制动刹车	ok
def_wheel_coaster_s_desc	载具与交通	车轮	s_desc	Simple small wheel that requires no engine power and spins freely.	无动力输入且可以自由旋转的小型起落架轮	ok
def_wheel_coaster_node_0_label	载具与交通	车轮	label	Brake	制动器	ok
def_wheel_coaster_node_0_desc	载具与交通	车轮	node_desc	Locks the wheel into place when receiving an on signal.	接收到接通信号时，将轮子制动抱死	ok
def_wheel_coaster_node_1_label	载具与交通	车轮	label	Variable Brake	可变制动器	ok
def_wheel_coaster_node_1_desc	载具与交通	车轮	node_desc	A value between 0 and 1 for soft braking	输入制动力度(0~1)	ok
def_wheel_coaster_large_name	载具与交通	车轮	name	Large Landing Wheel	起落架轮(大)	ok
def_wheel_coaster_large_desc	载具与交通	车轮	desc	You cannot control the forward and backward rotation of this wheel, but it can be locked into place by sending an on signal to the brake input.	您无法控制此载具轮的前后旋转，但可以接收数字或开关信号实现制动刹车	ok
def_wheel_coaster_large_s_desc	载具与交通	车轮	s_desc	Large landing wheel that requires no engine power and spins freely.	无动力输入且可以自由旋转的大型起落架轮	ok
def_wheel_coaster_large_node_0_label	载具与交通	车轮	label	Brake	制动器	ok
def_wheel_coaster_large_node_0_desc	载具与交通	车轮	node_desc	Locks the wheel into place when receiving an on signal.	接收到接通信号时，将轮子制动抱死	ok
def_wheel_coaster_large_node_1_label	载具与交通	车轮	label	Variable Brake	可变制动器	ok
def_wheel_coaster_large_node_1_desc	载具与交通	车轮	node_desc	A value between 0 and 1 for soft braking	输入制动力度(0~1)	ok
def_wheel_medium_name	载具与交通	车轮	name	Medium Wheel	公路轮(中)	ok
def_wheel_medium_desc	载具与交通	车轮	desc	The wheel will rotate forwards and backwards depending on power received from a connected engine. It can be rotated left and right by sending a number signal to the steering input. It can also be locked into place by sending an on signal to the brake input.	载具轮将根据从连接的发动机接收到的功率前后旋转。它可以通过接收数字信号以左右转向，也可以接收数字或开关信号实现制动刹车	ok
def_wheel_medium_s_desc	载具与交通	车轮	s_desc	Medium wheel that can be controlled using an engine.	可使用发动机控制的中型载具轮	ok
def_wheel_medium_node_0_label	载具与交通	车轮	label	Brake	制动器	ok
def_wheel_medium_node_0_desc	载具与交通	车轮	node_desc	Locks the wheel into place when receiving an on signal.	接收到接通信号时，将轮子制动抱死	ok
def_wheel_medium_node_1_label	载具与交通	车轮	label	RPS	RPS	ok
def_wheel_medium_node_1_desc	载具与交通	车轮	node_desc	Receives power generated by an engine to control forward and backward rotation.	接收发动机产生的控制前后旋转的动力	ok
def_wheel_medium_node_2_label	载具与交通	车轮	label	Variable Brake	可变制动器	ok
def_wheel_medium_node_2_desc	载具与交通	车轮	node_desc	A value between 0 and 1 for soft braking	输入制动力度(0~1)	ok
def_wheel_medium_node_3_label	载具与交通	车轮	label	Steering	转向	ok
def_wheel_medium_node_3_desc	载具与交通	车轮	node_desc	Accepts a value between -1 and 1 that represents the extremes of the wheels steering rotation	接受一个介于-1和1之间的值，表示车轮转向的角度	ok
def_wheel_small_name	载具与交通	车轮	name	Small Wheel	公路轮(小)	ok
def_wheel_small_desc	载具与交通	车轮	desc	The wheel will rotate forwards and backwards depending on power received from a connected engine. It can be rotated left and right by sending a number signal to the steering input. It can also be locked into place by sending an on signal to the brake input.	载具轮将根据从连接的发动机接收到的功率前后旋转。它可以通过接收数字信号以左右转向，也可以接收数字或开关信号实现制动刹车	ok
def_wheel_small_s_desc	载具与交通	车轮	s_desc	Small wheel that can be controlled using an engine.	可以用发动机控制的小轮子	ok
def_wheel_small_node_0_label	载具与交通	车轮	label	Brake	制动器	ok
def_wheel_small_node_0_desc	载具与交通	车轮	node_desc	Locks the wheel into place when receiving an on signal.	接收到接通信号时，将轮子制动抱死	ok
def_wheel_small_node_1_label	载具与交通	车轮	label	RPS	RPS	ok
def_wheel_small_node_1_desc	载具与交通	车轮	node_desc	Receives power generated by an engine to control forward and backward rotation.	接收发动机产生的控制前后旋转的动力	ok
def_wheel_small_node_2_label	载具与交通	车轮	label	Variable Brake	可变制动器	ok
def_wheel_small_node_2_desc	载具与交通	车轮	node_desc	A value between 0 and 1 for soft braking	输入制动力度(0~1)	ok
def_wheel_small_node_3_label	载具与交通	车轮	label	Steering	转向	ok
def_wheel_small_node_3_desc	载具与交通	车轮	node_desc	Accepts a value between -1 and 1 that represents the extremes of the wheels steering rotation	接受一个介于-1和1之间的值，表示车轮转向的角度	ok
def_wheel_tank_1_name	载具与交通	车轮	name	Tank Wheel (Small)	履带从动轮(小)	ok
def_wheel_tank_1_desc	载具与交通	车轮	desc	A drive wheel is required to rotate the connected track. The wheel will form a track with other wheels of the same size and orientation that are placed in line and on the same body.	将相同尺寸和方向的履带轮摆放在相同的平面上，会自动形成一个履带系统	ok
def_wheel_tank_1_s_desc	载具与交通	车轮	s_desc	Small wheel for tracked vehicles.	履带载具的小轮子	ok
def_wheel_tank_1_node_0_label	载具与交通	车轮	label	Brake	制动器	ok
def_wheel_tank_1_node_0_desc	载具与交通	车轮	node_desc	Locks the wheel into place when receiving an on signal.	接收到接通信号时，将轮子制动抱死	ok
def_wheel_tank_1_wide_name	载具与交通	车轮	name	Tank Wheel (Small/Wide)	履带从动轮(小宽)	ok
def_wheel_tank_1_wide_desc	载具与交通	车轮	desc	A drive wheel is required to rotate the connected track. The wheel will form a track with other wheels of the same size and orientation that are placed in line and on the same body.	将相同尺寸和方向的履带轮摆放在相同的平面上，会自动形成一个履带系统	ok
def_wheel_tank_1_wide_s_desc	载具与交通	车轮	s_desc	Widened small wheel for tracked vehicles.	履带载具的小轮子	ok
def_wheel_tank_1_wide_node_0_label	载具与交通	车轮	label	Brake	制动器	ok
def_wheel_tank_1_wide_node_0_desc	载具与交通	车轮	node_desc	Locks the wheel into place when receiving an on signal.	接收到接通信号时，将轮子制动抱死	ok
def_wheel_tank_5_name	载具与交通	车轮	name	Tank Wheel (Large)	履带从动轮(大)	ok
def_wheel_tank_5_desc	载具与交通	车轮	desc	A drive wheel is required to rotate the connected track. The wheel will form a track with other wheels of the same size and orientation that are placed in line and on the same body.	将相同尺寸和方向的履带轮摆放在相同的平面上，会自动形成一个履带系统	ok
def_wheel_tank_5_s_desc	载具与交通	车轮	s_desc	Large wheel for tracked vehicles.	履带载具的大型载具轮	ok
def_wheel_tank_5_node_0_label	载具与交通	车轮	label	Brake	制动器	ok
def_wheel_tank_5_node_0_desc	载具与交通	车轮	node_desc	Locks the wheel into place when receiving an on signal.	接收到接通信号时，将轮子制动抱死	ok
def_wheel_tank_5_2_name	载具与交通	车轮	name	Tank Wheel (Medium)	履带从动轮(中)	ok
def_wheel_tank_5_2_desc	载具与交通	车轮	desc	A drive wheel is required to rotate the connected track. The wheel will form a track with other wheels of the same size and orientation that are placed in line and on the same body.	将相同尺寸和方向的履带轮摆放在相同的平面上，会自动形成一个履带系统	ok
def_wheel_tank_5_2_s_desc	载具与交通	车轮	s_desc	Medium wheel for tracked vehicles.	履带载具的中型载具轮	ok
def_wheel_tank_5_2_node_0_label	载具与交通	车轮	label	Brake	制动器	ok
def_wheel_tank_5_2_node_0_desc	载具与交通	车轮	node_desc	Locks the wheel into place when receiving an on signal.	接收到接通信号时，将轮子制动抱死	ok
def_wheel_tank_7_name	载具与交通	车轮	name	Tank Wheel (Huge)	履带从动轮(巨)	ok
def_wheel_tank_7_desc	载具与交通	车轮	desc	A drive wheel is required to rotate the connected track. The wheel will form a track with other wheels of the same size and orientation that are placed in line and on the same body.	将相同尺寸和方向的履带轮摆放在相同的平面上，会自动形成一个履带系统	ok
def_wheel_tank_7_s_desc	载具与交通	车轮	s_desc	Huge wheel for tracked vehicles.	履带载具用巨载具轮	ok
def_wheel_tank_7_node_0_label	载具与交通	车轮	label	Brake	制动器	ok
def_wheel_tank_7_node_0_desc	载具与交通	车轮	node_desc	Locks the wheel into place when receiving an on signal.	接收到接通信号时，将轮子制动抱死	ok
def_wheel_tank_drive_1_name	载具与交通	车轮	name	Tank Drive Wheel (Small)	履带主动轮(小)	ok
def_wheel_tank_drive_1_desc	载具与交通	车轮	desc	The wheel will form a track with other wheels of the same size and orientation that are placed in line and on the same body.	将相同尺寸和方向的履带轮摆放在相同的平面上，会自动形成一个履带系统	ok
def_wheel_tank_drive_1_s_desc	载具与交通	车轮	s_desc	Small drive wheel for tracked vehicles.	履带载具用小型驱动轮	ok
def_wheel_tank_drive_1_node_0_label	载具与交通	车轮	label	Brake	制动器	ok
def_wheel_tank_drive_1_node_0_desc	载具与交通	车轮	node_desc	Locks the wheel into place when receiving an on signal.	接收到接通信号时，将轮子制动抱死	ok
def_wheel_tank_drive_1_node_1_label	载具与交通	车轮	label	RPS	RPS	ok
def_wheel_tank_drive_1_node_1_desc	载具与交通	车轮	node_desc	Receives power generated by an engine to control forward and backward rotation.	接收发动机产生的控制前后旋转的动力	ok
def_wheel_tank_drive_1_wide_name	载具与交通	车轮	name	Tank Drive Wheel (Small/Wide)	履带主动轮(小宽)	ok
def_wheel_tank_drive_1_wide_desc	载具与交通	车轮	desc	The wheel will form a track with other wheels of the same size and orientation that are placed in line and on the same body.	将相同尺寸和方向的履带轮摆放在相同的平面上，会自动形成一个履带系统	ok
def_wheel_tank_drive_1_wide_s_desc	载具与交通	车轮	s_desc	Widened small drive wheel for tracked vehicles.	履带载具用小型驱动轮	ok
def_wheel_tank_drive_1_wide_node_0_label	载具与交通	车轮	label	Brake	制动器	ok
def_wheel_tank_drive_1_wide_node_0_desc	载具与交通	车轮	node_desc	Locks the wheel into place when receiving an on signal.	接收到接通信号时，将轮子制动抱死	ok
def_wheel_tank_drive_1_wide_node_1_label	载具与交通	车轮	label	RPS	RPS	ok
def_wheel_tank_drive_1_wide_node_1_desc	载具与交通	车轮	node_desc	Receives power generated by an engine to control forward and backward rotation.	接收发动机产生的控制前后旋转的动力	ok
def_wheel_tank_drive_5_name	载具与交通	车轮	name	Tank Drive Wheel (Large)	履带主动轮(大)	ok
def_wheel_tank_drive_5_desc	载具与交通	车轮	desc	The wheel will form a track with other wheels of the same size and orientation that are placed in line and on the same body.	将相同尺寸和方向的履带轮摆放在相同的平面上，会自动形成一个履带系统	ok
def_wheel_tank_drive_5_s_desc	载具与交通	车轮	s_desc	Large drive wheel for tracked vehicles.	履带载具的大型驱动轮	ok
def_wheel_tank_drive_5_node_0_label	载具与交通	车轮	label	Brake	制动器	ok
def_wheel_tank_drive_5_node_0_desc	载具与交通	车轮	node_desc	Locks the wheel into place when receiving an on signal.	接收到接通信号时，将轮子制动抱死	ok
def_wheel_tank_drive_5_node_1_label	载具与交通	车轮	label	RPS	RPS	ok
def_wheel_tank_drive_5_node_1_desc	载具与交通	车轮	node_desc	Receives power generated by an engine to control forward and backward rotation.	接收发动机产生的控制前后旋转的动力	ok
def_wheel_tank_drive_5_2_name	载具与交通	车轮	name	Tank Drive Wheel (Medium)	履带主动轮(中)	ok
def_wheel_tank_drive_5_2_desc	载具与交通	车轮	desc	The wheel will form a track with other wheels of the same size and orientation that are placed in line and on the same body.	将相同尺寸和方向的履带轮摆放在相同的平面上，会自动形成一个履带系统	ok
def_wheel_tank_drive_5_2_s_desc	载具与交通	车轮	s_desc	Medium drive wheel for tracked vehicles.	履带载具的中型驱动轮	ok
def_wheel_tank_drive_5_2_node_0_label	载具与交通	车轮	label	Brake	制动器	ok
def_wheel_tank_drive_5_2_node_0_desc	载具与交通	车轮	node_desc	Locks the wheel into place when receiving an on signal.	接收到接通信号时，将轮子制动抱死	ok
def_wheel_tank_drive_5_2_node_1_label	载具与交通	车轮	label	RPS	RPS	ok
def_wheel_tank_drive_5_2_node_1_desc	载具与交通	车轮	node_desc	Receives power generated by an engine to control forward and backward rotation.	接收发动机产生的控制前后旋转的动力	ok
def_wheel_tank_drive_7_name	载具与交通	车轮	name	Tank Drive Wheel (Huge)	履带主动轮(巨)	ok
def_wheel_tank_drive_7_desc	载具与交通	车轮	desc	The wheel will form a track with other wheels of the same size and orientation that are placed in line and on the same body.	将相同尺寸和方向的履带轮摆放在相同的平面上，会自动形成一个履带系统	ok
def_wheel_tank_drive_7_s_desc	载具与交通	车轮	s_desc	Huge drive wheel for tracked vehicles.	履带载具用巨型驱动轮	ok
def_wheel_tank_drive_7_node_0_label	载具与交通	车轮	label	Brake	制动器	ok
def_wheel_tank_drive_7_node_0_desc	载具与交通	车轮	node_desc	Locks the wheel into place when receiving an on signal.	接收到接通信号时，将轮子制动抱死	ok
def_wheel_tank_drive_7_node_1_label	载具与交通	车轮	label	RPS	RPS	ok
def_wheel_tank_drive_7_node_1_desc	载具与交通	车轮	node_desc	Receives power generated by an engine to control forward and backward rotation.	接收发动机产生的控制前后旋转的动力	ok
def_winch_a_name	机械与传动	绞盘	name	Medium Winch	中型绞车	ok
def_winch_a_desc	机械与传动	绞盘	desc	The winch is operated electrically, and outputs its current length.	绞车是电动操作的，输出当前长度	ok
def_winch_a_s_desc	机械与传动	绞盘	s_desc	A building block attached to the end of a 20m mechanical winch that can be raised and lowered.	连接在20米机械绞车末端的方块，可以伸缩	ok
def_winch_a_node_0_label	机械与传动	绞盘	label	Up	电缆连接	ok
def_winch_a_node_0_desc	机械与传动	绞盘	node_desc	Raises the winch cable up when receiving an on signal.	接收到接通信号时，将绞盘缆绳向上提起	ok
def_winch_a_node_1_label	机械与传动	绞盘	label	Down	电缆引下线	ok
def_winch_a_node_1_desc	机械与传动	绞盘	node_desc	Lowers the winch cable down when receiving an on signal.	当接收到信号时降下绞盘绳索	ok
def_winch_a_node_2_label	机械与传动	绞盘	label	Length	电缆长度	ok
def_winch_a_node_2_desc	机械与传动	绞盘	node_desc	The current length of the winch cable in metres.	绞盘缆绳的当前长度(米)	ok
def_winch_a_node_3_label	机械与传动	绞盘	label	Electric	电	ok
def_winch_a_node_3_desc	机械与传动	绞盘	node_desc	Electrical power connection.	电源连接	ok
def_winch_a_node_4_label	机械与传动	绞盘	label	Fluid	流体	ok
def_winch_a_node_4_desc	机械与传动	绞盘	node_desc	Fluid connection for the hose coil.	软管线圈的流体连接	ok
def_winch_b_name	机械与传动	绞盘	name	winch end	绞车终端	ok
def_winch_b_desc	机械与传动	绞盘	desc			ok
def_winch_b_s_desc	机械与传动	绞盘	s_desc			ok
def_winch_b_node_0_label	机械与传动	绞盘	label	Fluid	流体	ok
def_winch_b_node_0_desc	机械与传动	绞盘	node_desc	Fluid connection for the end of the hose.	软管末端的流体连接	ok
def_winch_electric_name	机械与传动	绞盘	name	Small Winch	小型绞车	ok
def_winch_electric_desc	机械与传动	绞盘	desc	The winch is operated electrically, and outputs its current length.	绞车是电动操作的，输出当前长度	ok
def_winch_electric_s_desc	机械与传动	绞盘	s_desc	A building block attached to the end of a 10m mechanical winch that can be raised and lowered.	安装在10米机械绞车末端的方块，可以伸缩	ok
def_winch_electric_node_0_label	机械与传动	绞盘	label	Up	收回绳索	ok
def_winch_electric_node_0_desc	机械与传动	绞盘	node_desc			ok
def_winch_electric_node_1_label	机械与传动	绞盘	label	Down	放下绳索	ok
def_winch_electric_node_1_desc	机械与传动	绞盘	node_desc			ok
def_winch_electric_node_2_label	机械与传动	绞盘	label	Electric	电	ok
def_winch_electric_node_2_desc	机械与传动	绞盘	node_desc	Electrical power connection.	电源连接	ok
def_winch_electric_node_3_label	机械与传动	绞盘	label	Fluid	流体	ok
def_winch_electric_node_3_desc	机械与传动	绞盘	node_desc	Fluid connection for the hose coil.	软管线圈的流体连接	ok
def_winch_electric_b_name	机械与传动	绞盘	name	winch end	绞车鼓轮	ok
def_winch_electric_b_desc	机械与传动	绞盘	desc			ok
def_winch_electric_b_s_desc	机械与传动	绞盘	s_desc			ok
def_winch_electric_b_node_0_label	机械与传动	绞盘	label	Fluid	流体	ok
def_winch_electric_b_node_0_desc	机械与传动	绞盘	node_desc	Fluid connection for the end of the hose.	软管末端的流体连接	ok
def_winch_huge_a_name	机械与传动	绞盘	name	Huge Winch	大绞车	ok
def_winch_huge_a_desc	机械与传动	绞盘	desc	The winch is operated electrically, and outputs its current length.	绞车是电动操作的，输出当前长度	ok
def_winch_huge_a_s_desc	机械与传动	绞盘	s_desc	A building block attached to the end of a 500m mechanical winch that can be raised and lowered.	安装在500米机械绞车末端的方块，可以伸缩	ok
def_winch_huge_a_node_0_label	机械与传动	绞盘	label	Up	电缆收起	ok
def_winch_huge_a_node_0_desc	机械与传动	绞盘	node_desc	Raises the winch cable up when receiving an on signal.	接收到接通信号时，将绞盘缆绳向上提起	ok
def_winch_huge_a_node_1_label	机械与传动	绞盘	label	Down	电缆放下	ok
def_winch_huge_a_node_1_desc	机械与传动	绞盘	node_desc	Lowers the winch cable down when receiving an on signal.	当接收到信号时降下绞盘绳索	ok
def_winch_huge_a_node_2_label	机械与传动	绞盘	label	Length	电缆长度	ok
def_winch_huge_a_node_2_desc	机械与传动	绞盘	node_desc	The current length of the winch cable in metres.	绞盘缆绳的当前长度(米)	ok
def_winch_huge_a_node_3_label	机械与传动	绞盘	label	Electric	电	ok
def_winch_huge_a_node_3_desc	机械与传动	绞盘	node_desc	Electrical power connection.	电源连接	ok
def_winch_huge_a_node_4_label	机械与传动	绞盘	label	Fluid	流体	ok
def_winch_huge_a_node_4_desc	机械与传动	绞盘	node_desc	Fluid connection for the hose coil.	软管线圈的流体连接	ok
def_winch_huge_b_name	机械与传动	绞盘	name	winch end	绞车鼓轮	ok
def_winch_huge_b_desc	机械与传动	绞盘	desc			ok
def_winch_huge_b_s_desc	机械与传动	绞盘	s_desc			ok
def_winch_huge_b_node_0_label	机械与传动	绞盘	label	Fluid	流体	ok
def_winch_huge_b_node_0_desc	机械与传动	绞盘	node_desc	Fluid connection for the end of the hose.	软管末端的流体连接	ok
def_winch_large_a_name	机械与传动	绞盘	name	Large Winch	大绞车	ok
def_winch_large_a_desc	机械与传动	绞盘	desc	The winch is operated electrically, and outputs its current length.	绞车是电动操作的，输出当前长度	ok
def_winch_large_a_s_desc	机械与传动	绞盘	s_desc	A building block attached to the end of a 100m mechanical winch that can be raised and lowered.	安装在100米机械绞车末端的方块，可以伸缩	ok
def_winch_large_a_node_0_label	机械与传动	绞盘	label	Up	电缆收起	ok
def_winch_large_a_node_0_desc	机械与传动	绞盘	node_desc	Raises the winch cable up when receiving an on signal.	接收到接通信号时，将绞盘缆绳向上提起	ok
def_winch_large_a_node_1_label	机械与传动	绞盘	label	Down	电缆放下	ok
def_winch_large_a_node_1_desc	机械与传动	绞盘	node_desc	Lowers the winch cable down when receiving an on signal.	当接收到信号时降下绞盘绳索接收到接通信号时，降低绞盘电缆	ok
def_winch_large_a_node_2_label	机械与传动	绞盘	label	Length	电缆长度	ok
def_winch_large_a_node_2_desc	机械与传动	绞盘	node_desc	The current length of the winch cable in metres.	绞盘缆绳的当前长度(米)	ok
def_winch_large_a_node_3_label	机械与传动	绞盘	label	Electric	电	ok
def_winch_large_a_node_3_desc	机械与传动	绞盘	node_desc	Electrical power connection.	电源连接	ok
def_winch_large_a_node_4_label	机械与传动	绞盘	label	Fluid	流体	ok
def_winch_large_a_node_4_desc	机械与传动	绞盘	node_desc	Fluid connection for the hose coil.	软管线圈的流体连接	ok
def_winch_large_b_name	机械与传动	绞盘	name	winch end	绞车鼓轮	ok
def_winch_large_b_desc	机械与传动	绞盘	desc			ok
def_winch_large_b_s_desc	机械与传动	绞盘	s_desc			ok
def_winch_large_b_node_0_label	机械与传动	绞盘	label	Fluid	流体	ok
def_winch_large_b_node_0_desc	机械与传动	绞盘	node_desc	Fluid connection for the end of the hose.	软管末端的流体连接	ok
def_winch_pulley_name	机械与传动	绞盘	name	Rope Pulley	绳索滑轮(U型)	ok
def_winch_pulley_desc	机械与传动	绞盘	desc	Draw a rope logic link between two rope nodes to form a rope. Ropes will slide based on difference in force applied to each rope.	使用绳索连接滑轮的两个节点，成为滑轮上连接的同一根绳索，绳索将根据施加在每根绳索上的力的差异而滑动	ok
def_winch_pulley_s_desc	机械与传动	绞盘	s_desc	A pulley that changes attached rope lengths based on forces applied to ropes.	绳索滑轮，其上的绳索将根据施加在每根绳索上的力的差异而滑动	ok
def_winch_pulley_node_0_label	机械与传动	绞盘	label	Rope 1 Length	绳索1的长度	ok
def_winch_pulley_node_0_desc	机械与传动	绞盘	node_desc	The current length of rope 1 in metres.	绳索1当前长度(米)	ok
def_winch_pulley_node_1_label	机械与传动	绞盘	label	Rope 2 Length	绳索2的长度	ok
def_winch_pulley_node_1_desc	机械与传动	绞盘	node_desc	The current length of rope 2 in metres.	绳索2当前长度(米)	ok
def_winch_pulley_node_2_label	机械与传动	绞盘	label	Rope 2	绳索2	ok
def_winch_pulley_node_2_desc	机械与传动	绞盘	node_desc			ok
def_winch_pulley_node_3_label	机械与传动	绞盘	label	Rope 1	绳索1	ok
def_winch_pulley_node_3_desc	机械与传动	绞盘	node_desc			ok
def_winch_pulley_cable_name	机械与传动	绞盘	name	Electric Cable Pulley	电缆滑轮(U型)	ok
def_winch_pulley_cable_desc	机械与传动	绞盘	desc	Draw a rope logic link between two rope nodes to form a cable. Cables will slide based on difference in force applied to each cable.	使用电缆连接滑轮的两个节点，成为滑轮上连接的同一根电缆，电缆将根据施加在每根电缆上的力的差异而滑动	ok
def_winch_pulley_cable_s_desc	机械与传动	绞盘	s_desc	A pulley that changes attached cable lengths based on forces applied to cables.	电缆滑轮，其上的绳索将根据施加在每根绳索上的力的差异而滑动	ok
def_winch_pulley_cable_node_0_label	机械与传动	绞盘	label	Rope 1 Length	电缆1的长度	ok
def_winch_pulley_cable_node_0_desc	机械与传动	绞盘	node_desc	The current length of rope 1 in metres.	电缆1当前长度(米)	ok
def_winch_pulley_cable_node_1_label	机械与传动	绞盘	label	Rope 2 Length	电缆2的长度	ok
def_winch_pulley_cable_node_1_desc	机械与传动	绞盘	node_desc	The current length of rope 2 in metres.	电缆1当前长度(米)	ok
def_winch_pulley_cable_node_2_label	机械与传动	绞盘	label	Rope 2	电缆2	ok
def_winch_pulley_cable_node_2_desc	机械与传动	绞盘	node_desc			ok
def_winch_pulley_cable_node_3_label	机械与传动	绞盘	label	Rope 1	电缆1	ok
def_winch_pulley_cable_node_3_desc	机械与传动	绞盘	node_desc			ok
def_winch_pulley_cable_corner_name	机械与传动	绞盘	name	Electric Cable Pulley (Corner)	电缆滑轮(L型)	ok
def_winch_pulley_cable_corner_desc	机械与传动	绞盘	desc	Draw a rope logic link between two rope nodes to form a cable. Cables will slide based on difference in force applied to each cable.	使用电缆连接滑轮的两个节点，成为滑轮上连接的同一根电缆，电缆将根据施加在每根电缆上的力的差异而滑动	ok
def_winch_pulley_cable_corner_s_desc	机械与传动	绞盘	s_desc	A pulley that changes attached cable lengths based on forces applied to cables.	电缆滑轮，其上的绳索将根据施加在每根电缆上的力的差异而滑动	ok
def_winch_pulley_cable_corner_node_0_label	机械与传动	绞盘	label	Rope 1 Length	电缆1的长度	ok
def_winch_pulley_cable_corner_node_0_desc	机械与传动	绞盘	node_desc	The current length of rope 1 in metres.	电缆1当前长度(米)	ok
def_winch_pulley_cable_corner_node_1_label	机械与传动	绞盘	label	Rope 2 Length	电缆2的长度	ok
def_winch_pulley_cable_corner_node_1_desc	机械与传动	绞盘	node_desc	The current length of rope 2 in metres.	电缆2当前长度(米)	ok
def_winch_pulley_cable_corner_node_2_label	机械与传动	绞盘	label	Rope 2	电缆2	ok
def_winch_pulley_cable_corner_node_2_desc	机械与传动	绞盘	node_desc			ok
def_winch_pulley_cable_corner_node_3_label	机械与传动	绞盘	label	Rope 1	电缆1	ok
def_winch_pulley_cable_corner_node_3_desc	机械与传动	绞盘	node_desc			ok
def_winch_pulley_corner_name	机械与传动	绞盘	name	Rope Pulley (Corner)	绳索滑轮(L型)	ok
def_winch_pulley_corner_desc	机械与传动	绞盘	desc	Draw a rope logic link between two rope nodes to form a rope. Ropes will slide based on difference in force applied to each rope.	使用绳索连接滑轮的两个节点，成为滑轮上连接的同一根绳索，绳索将根据施加在每根绳索上的力的差异而滑动	ok
def_winch_pulley_corner_s_desc	机械与传动	绞盘	s_desc	A pulley that changes attached rope lengths based on forces applied to ropes.	绳索滑轮，其上的绳索将根据施加在每根绳索上的力的差异而滑动	ok
def_winch_pulley_corner_node_0_label	机械与传动	绞盘	label	Rope 1 Length	绳索1的长度	ok
def_winch_pulley_corner_node_0_desc	机械与传动	绞盘	node_desc	The current length of rope 1 in metres.	绳索1当前长度(米)	ok
def_winch_pulley_corner_node_1_label	机械与传动	绞盘	label	Rope 2 Length	绳索2的长度	ok
def_winch_pulley_corner_node_1_desc	机械与传动	绞盘	node_desc	The current length of rope 2 in metres.	绳索2当前长度(米)	ok
def_winch_pulley_corner_node_2_label	机械与传动	绞盘	label	Rope 2	绳索2	ok
def_winch_pulley_corner_node_2_desc	机械与传动	绞盘	node_desc			ok
def_winch_pulley_corner_node_3_label	机械与传动	绞盘	label	Rope 1	绳索1	ok
def_winch_pulley_corner_node_3_desc	机械与传动	绞盘	node_desc			ok
def_winch_pulley_hose_name	机械与传动	绞盘	name	Fluid Hose Pulley	流体软管滑轮(U型)	ok
def_winch_pulley_hose_desc	机械与传动	绞盘	desc	Draw a rope logic link between two rope nodes to form a hose. Hoses will slide based on difference in force applied to each hose.	使用流体软管连接滑轮的两个节点，成为滑轮上连接的同一根软管，软管将根据施加在每根软管上的力的差异而滑动	ok
def_winch_pulley_hose_s_desc	机械与传动	绞盘	s_desc	A pulley that changes attached hose lengths based on forces applied to hoses.	流体软管滑轮，其上的软管将根据施加在每根软管上的力的差异而滑动	ok
def_winch_pulley_hose_node_0_label	机械与传动	绞盘	label	Rope 1 Length	软管1的长度	ok
def_winch_pulley_hose_node_0_desc	机械与传动	绞盘	node_desc	The current length of rope 1 in metres.	软管1当前长度(米)	ok
def_winch_pulley_hose_node_1_label	机械与传动	绞盘	label	Rope 2 Length	软管2的长度	ok
def_winch_pulley_hose_node_1_desc	机械与传动	绞盘	node_desc	The current length of rope 2 in metres.	软管2当前长度(米)	ok
def_winch_pulley_hose_node_2_label	机械与传动	绞盘	label	Rope 2	软管2	ok
def_winch_pulley_hose_node_2_desc	机械与传动	绞盘	node_desc			ok
def_winch_pulley_hose_node_3_label	机械与传动	绞盘	label	Rope 1	软管1	ok
def_winch_pulley_hose_node_3_desc	机械与传动	绞盘	node_desc			ok
def_winch_pulley_hose_node_4_label	机械与传动	绞盘	label	Fluid Node 1	软管1	ok
def_winch_pulley_hose_node_4_desc	机械与传动	绞盘	node_desc			ok
def_winch_pulley_hose_node_5_label	机械与传动	绞盘	label	Fluid Node 2	软管2	ok
def_winch_pulley_hose_node_5_desc	机械与传动	绞盘	node_desc			ok
def_winch_pulley_hose_corner_name	机械与传动	绞盘	name	Fluid Hose Pulley (Corner)	流体软管滑轮(L型)	ok
def_winch_pulley_hose_corner_desc	机械与传动	绞盘	desc	Draw a rope logic link between two rope nodes to form a hose. Hoses will slide based on difference in force applied to each hose.	使用流体软管连接滑轮的两个节点，成为滑轮上连接的同一根软管，软管将根据施加在每根软管上的力的差异而滑动	ok
def_winch_pulley_hose_corner_s_desc	机械与传动	绞盘	s_desc	A pulley that changes attached hose lengths based on forces applied to hoses.	流体软管滑轮，其上的软管将根据施加在每根软管上的力的差异而滑动	ok
def_winch_pulley_hose_corner_node_0_label	机械与传动	绞盘	label	Rope 1 Length	软管1的长度	ok
def_winch_pulley_hose_corner_node_0_desc	机械与传动	绞盘	node_desc	The current length of rope 1 in metres.	软管1当前长度(米)	ok
def_winch_pulley_hose_corner_node_1_label	机械与传动	绞盘	label	Rope 2 Length	软管2的长度	ok
def_winch_pulley_hose_corner_node_1_desc	机械与传动	绞盘	node_desc	The current length of rope 2 in metres.	软管2当前长度(米)	ok
def_winch_pulley_hose_corner_node_2_label	机械与传动	绞盘	label	Rope 2	软管2	ok
def_winch_pulley_hose_corner_node_2_desc	机械与传动	绞盘	node_desc			ok
def_winch_pulley_hose_corner_node_3_label	机械与传动	绞盘	label	Rope 1	软管1	ok
def_winch_pulley_hose_corner_node_3_desc	机械与传动	绞盘	node_desc			ok
def_winch_pulley_hose_corner_node_4_label	机械与传动	绞盘	label	Fluid Node 1	软管1	ok
def_winch_pulley_hose_corner_node_4_desc	机械与传动	绞盘	node_desc			ok
def_winch_pulley_hose_corner_node_5_label	机械与传动	绞盘	label	Fluid Node 2	软管2	ok
def_winch_pulley_hose_corner_node_5_desc	机械与传动	绞盘	node_desc			ok
def_window_1x1_name	结构建材	窗户	name	Window 1x1	窗(1x1)	ok
def_window_1x1_desc	结构建材	窗户	desc	Sits flush with walls and ceilings.	这是一扇平窗，与墙壁和天花板齐平。1个单位宽	ok
def_window_1x1_s_desc	结构建材	窗户	s_desc	Basic window piece.	基本的窗户	ok
def_window_1x1_inv_pyramid_name	结构建材	窗户	name	Window Inverse Pyramid 1x1	窗(1x1 倒锥形)	ok
def_window_1x1_inv_pyramid_desc	结构建材	窗户	desc		这是一扇平窗，与墙壁和天花板齐平。3个单位宽	ok
def_window_1x1_inv_pyramid_s_desc	结构建材	窗户	s_desc	Basic window piece.	基本的窗户	ok
def_window_1x1_pyramid_name	结构建材	窗户	name	Window Pyramid 1x1x1	窗(1x1 锥形)	ok
def_window_1x1_pyramid_desc	结构建材	窗户	desc		这是一个锥形窗，占用1个单位	ok
def_window_1x1_pyramid_s_desc	结构建材	窗户	s_desc	Basic window piece.	基本的窗户	ok
def_window_1x1_wedge_name	结构建材	窗户	name	Window Angle 1x1x1	窗(1x1 楔形)	ok
def_window_1x1_wedge_desc	结构建材	窗户	desc	An angled window that can be used for creating cockpits and windscreens. Can also be used to create a corner between flat windows when oriented correctly.	可用于制造驾驶舱和挡风玻璃的斜窗。当方向正确时，也可用于在平窗之间创建角	ok
def_window_1x1_wedge_s_desc	结构建材	窗户	s_desc	Basic window piece.	基本的窗户	ok
def_window_2x1_name	结构建材	窗户	name	Window 1x2	窗(2x1)	ok
def_window_2x1_desc	结构建材	窗户	desc	Sits flush with walls and ceilings.	这是一扇平窗，与墙壁和天花板齐平。3个单位宽	ok
def_window_2x1_s_desc	结构建材	窗户	s_desc	Basic window piece.	基本的窗户	ok
def_window_2x2_name	结构建材	窗户	name	Window 2x2	窗(2x2)	ok
def_window_2x2_desc	结构建材	窗户	desc	Sits flush with walls and ceilings.	这是一扇平窗，与墙壁和天花板齐平。2个单位宽	ok
def_window_2x2_s_desc	结构建材	窗户	s_desc	Basic window piece.	基本的窗户	ok
def_window_2x2_inv_pyramid_name	结构建材	窗户	name	Window Inverse Pyramid 2x2x2	窗口倒金字塔2x2x2	ok
def_window_2x2_inv_pyramid_desc	结构建材	窗户	desc			ok
def_window_2x2_inv_pyramid_s_desc	结构建材	窗户	s_desc	Basic window piece.	基本的窗户	ok
def_window_2x2_pyramid_name	结构建材	窗户	name	Window Pyramid 2x2x2	窗口金字塔2x2x2	ok
def_window_2x2_pyramid_desc	结构建材	窗户	desc			ok
def_window_2x2_pyramid_s_desc	结构建材	窗户	s_desc	Basic window piece.	基本的窗户	ok
def_window_3x2_name	结构建材	窗户	name	Window 2x3	窗(3x2)	ok
def_window_3x2_desc	结构建材	窗户	desc	Sits flush with walls and ceilings.	这是一扇平窗，与墙壁和天花板齐平。3个单位宽	ok
def_window_3x2_s_desc	结构建材	窗户	s_desc	Basic window piece.	基本的窗户	ok
def_window_angle_l_2x3x3_name	结构建材	窗户	name	Window Angle 2x3x3	窗角2x3x3	ok
def_window_angle_l_2x3x3_desc	结构建材	窗户	desc	An angled window that can be used for creating cockpits and windscreens. Can also be used to create a corner between flat windows when oriented correctly.	可用于制造驾驶舱和挡风玻璃的斜窗。当方向正确时，也可用于在平窗之间创建角	ok
def_window_angle_l_2x3x3_s_desc	结构建材	窗户	s_desc	Basic window piece.	基本的窗户	ok
def_window_angle_m_1x2x2_name	结构建材	窗户	name	Window Angle 1x2x2	窗角1x2x2	ok
def_window_angle_m_1x2x2_desc	结构建材	窗户	desc	An angled window that can be used for creating cockpits and windscreens. Can also be used to create a corner between flat windows when oriented correctly.	可用于制造驾驶舱和挡风玻璃的斜窗。当方向正确时，也可用于在平窗之间创建角	ok
def_window_angle_m_1x2x2_s_desc	结构建材	窗户	s_desc	Basic window piece.	基本的窗户	ok
def_window_angle_m_2x2x2_name	结构建材	窗户	name	Window Angle 2x2x2	窗角2x2x2	ok
def_window_angle_m_2x2x2_desc	结构建材	窗户	desc	An angled window that can be used for creating cockpits and windscreens. Can also be used to create a corner between flat windows when oriented correctly.	可用于制造驾驶舱和挡风玻璃的斜窗。当方向正确时，也可用于在平窗之间创建角	ok
def_window_angle_m_2x2x2_s_desc	结构建材	窗户	s_desc	Basic window piece.	基本的窗户	ok
def_window_angle_m_3x2x2_name	结构建材	窗户	name	Window Angle 3x2x2	窗角3x2x2	ok
def_window_angle_m_3x2x2_desc	结构建材	窗户	desc	An angled window that can be used for creating cockpits and windscreens. Can also be used to create a corner between flat windows when oriented correctly.	可用于制造驾驶舱和挡风玻璃的斜窗。当方向正确时，也可用于在平窗之间创建角	ok
def_window_angle_m_3x2x2_s_desc	结构建材	窗户	s_desc	Basic window piece.	基本的窗户	ok
def_window_angle_s_1x2_name	结构建材	窗户	name	Window Angle 2x1x1	窗角2x1x1	ok
def_window_angle_s_1x2_desc	结构建材	窗户	desc	An angled window that can be used for creating cockpits and windscreens. Can also be used to create a corner between flat windows when oriented correctly.	可用于制造驾驶舱和挡风玻璃的斜窗。当方向正确时，也可用于在平窗之间创建角	ok
def_window_angle_s_1x2_s_desc	结构建材	窗户	s_desc	Basic window piece.	基本的窗户	ok
def_window_angle_xl_1x4x4_name	结构建材	窗户	name	Window Angle 1x4x4	窗角1x4x4	ok
def_window_angle_xl_1x4x4_desc	结构建材	窗户	desc	An angled window that can be used for creating cockpits and windscreens. Can also be used to create a corner between flat windows when oriented correctly.	可用于制造驾驶舱和挡风玻璃的斜窗。当方向正确时，也可用于在平窗之间创建角	ok
def_window_angle_xl_1x4x4_s_desc	结构建材	窗户	s_desc	Basic window piece.	基本的窗户	ok
def_window_angle_xl_2x4x4_name	结构建材	窗户	name	Window Angle 2x4x4	窗角2x4x4	ok
def_window_angle_xl_2x4x4_desc	结构建材	窗户	desc	An angled window that can be used for creating cockpits and windscreens. Can also be used to create a corner between flat windows when oriented correctly.	可用于制造驾驶舱和挡风玻璃的斜窗。当方向正确时，也可用于在平窗之间创建角	ok
def_window_angle_xl_2x4x4_s_desc	结构建材	窗户	s_desc	Basic window piece.	基本的窗户	ok
def_window_angle_xl_3x4x4_name	结构建材	窗户	name	Window Angle 3x4x4	窗角3x4x4	ok
def_window_angle_xl_3x4x4_desc	结构建材	窗户	desc	An angled window that can be used for creating cockpits and windscreens. Can also be used to create a corner between flat windows when oriented correctly.	可用于制造驾驶舱和挡风玻璃的斜窗。当方向正确时，也可用于在平窗之间创建角	ok
def_window_angle_xl_3x4x4_s_desc	结构建材	窗户	s_desc	Basic window piece.	基本的窗户	ok
def_window_corner_name	结构建材	窗户	name	Window Corner 3x4	角窗(斜面-平面)	ok
def_window_corner_desc	结构建材	窗户	desc	Corner windows are triangular in shape, making them useful for creating corners between angled windows.	三角形的角窗，这使得它们在角窗之间创建角时非常有用	ok
def_window_corner_s_desc	结构建材	窗户	s_desc	Basic window piece.	基本的窗户	ok
def_window_corner_2_name	结构建材	窗户	name	Window Pyramid 3x3x3	角窗(大)	ok
def_window_corner_2_desc	结构建材	窗户	desc			ok
def_window_corner_2_s_desc	结构建材	窗户	s_desc	Basic window piece.	基本的窗户	ok
def_window_corner_full_1x1_name	结构建材	窗户	name	Window Corner Full 1x1	窗角满1x1	ok
def_window_corner_full_1x1_desc	结构建材	窗户	desc	Corner windows are triangular in shape, making them useful for creating corners between angled windows.	三角形的角窗，这使得它们在角窗之间创建角时非常有用	ok
def_window_corner_full_1x1_s_desc	结构建材	窗户	s_desc	Basic window piece.	基本的窗户	ok
def_window_corner_full_large_name	结构建材	窗户	name	Window Corner Full 4x4	窗角满4x4	ok
def_window_corner_full_large_desc	结构建材	窗户	desc	Corner windows are triangular in shape, making them useful for creating corners between angled windows.	三角形的角窗，这使得它们在角窗之间创建角时非常有用	ok
def_window_corner_full_large_s_desc	结构建材	窗户	s_desc	Basic window piece.	基本的窗户	ok
def_window_corner_full_medium_name	结构建材	窗户	name	Window Corner Full 3x3	窗角满3x3	ok
def_window_corner_full_medium_desc	结构建材	窗户	desc	Corner windows are triangular in shape, making them useful for creating corners between angled windows.	三角形的角窗，这使得它们在角窗之间创建角时非常有用	ok
def_window_corner_full_medium_s_desc	结构建材	窗户	s_desc	Basic window piece.	基本的窗户	ok
def_window_corner_full_small_name	结构建材	窗户	name	Window Corner Full 2x2	窗角满2x2	ok
def_window_corner_full_small_desc	结构建材	窗户	desc	Corner windows are triangular in shape, making them useful for creating corners between angled windows.	三角形的角窗，这使得它们在角窗之间创建角时非常有用	ok
def_window_corner_full_small_s_desc	结构建材	窗户	s_desc	Basic window piece.	基本的窗户	ok
def_window_corner_small_name	结构建材	窗户	name	Window Corner 2x3	窗角2x3	ok
def_window_corner_small_desc	结构建材	窗户	desc	Corner windows are triangular in shape, making them useful for creating corners between angled windows.	三角形的角窗，这使得它们在角窗之间创建角时非常有用	ok
def_window_corner_small_s_desc	结构建材	窗户	s_desc	Basic window piece.	基本的窗户	ok
def_window_diamond_l_1x3x4_name	结构建材	窗户	name	Window Diamond 1x3x4	菱形窗1x3x4	ok
def_window_diamond_l_1x3x4_desc	结构建材	窗户	desc	Skewed in all dimensions for building of angular windows.	在所有尺寸上都倾斜，用于建造角窗	ok
def_window_diamond_l_1x3x4_s_desc	结构建材	窗户	s_desc	Basic window piece.	基本的窗户	ok
def_window_diamond_l_2x3x4_name	结构建材	窗户	name	Window Diamond 2x3x4	菱形窗2x3x4	ok
def_window_diamond_l_2x3x4_desc	结构建材	窗户	desc	Skewed in all dimensions for building of angular windows.	在所有尺寸上都倾斜，用于建造角窗	ok
def_window_diamond_l_2x3x4_s_desc	结构建材	窗户	s_desc	Basic window piece.	基本的窗户	ok
def_window_diamond_l_3x3x4_name	结构建材	窗户	name	Window Diamond 3x3x4	菱形窗3x3x4	ok
def_window_diamond_l_3x3x4_desc	结构建材	窗户	desc	Skewed in all dimensions for building of angular windows.	在所有尺寸上都倾斜，用于建造角窗	ok
def_window_diamond_l_3x3x4_s_desc	结构建材	窗户	s_desc	Basic window piece.	基本的窗户	ok
def_window_diamond_m_1x2x3_name	结构建材	窗户	name	Window Diamond 1x2x3	菱形窗1x2x3	ok
def_window_diamond_m_1x2x3_desc	结构建材	窗户	desc	Skewed in all dimensions for building of angular windows.	在所有尺寸上都倾斜，用于建造角窗	ok
def_window_diamond_m_1x2x3_s_desc	结构建材	窗户	s_desc	Basic window piece.	基本的窗户	ok
def_window_diamond_m_2x2x3_name	结构建材	窗户	name	Window Diamond 2x2x3	菱形窗2x2x3	ok
def_window_diamond_m_2x2x3_desc	结构建材	窗户	desc	Skewed in all dimensions for building of angular windows.	在所有尺寸上都倾斜，用于建造角窗	ok
def_window_diamond_m_2x2x3_s_desc	结构建材	窗户	s_desc	Basic window piece.	基本的窗户	ok
def_window_diamond_m_3x2x3_name	结构建材	窗户	name	Window Diamond 3x2x3	菱形窗3x2x3	ok
def_window_diamond_m_3x2x3_desc	结构建材	窗户	desc	Skewed in all dimensions for building of angular windows.	在所有尺寸上都倾斜，用于建造角窗	ok
def_window_diamond_m_3x2x3_s_desc	结构建材	窗户	s_desc	Basic window piece.	基本的窗户	ok
def_window_diamond_s_1x1_name	结构建材	窗户	name	Window Diamond 1x1x2	菱形窗1x1x2	ok
def_window_diamond_s_1x1_desc	结构建材	窗户	desc	Skewed in all dimensions for building of angular windows.	在所有尺寸上都倾斜，用于建造角窗	ok
def_window_diamond_s_1x1_s_desc	结构建材	窗户	s_desc	Basic window piece.	基本的窗户	ok
def_window_diamond_xl_1x4x5_name	结构建材	窗户	name	Window Diamond 1x4x5	菱形窗1x4x5	ok
def_window_diamond_xl_1x4x5_desc	结构建材	窗户	desc	Skewed in all dimensions for building of angular windows.	在所有尺寸上都倾斜，用于建造角窗	ok
def_window_diamond_xl_1x4x5_s_desc	结构建材	窗户	s_desc	Basic window piece.	基本的窗户	ok
def_window_diamond_xl_2x4x5_name	结构建材	窗户	name	Window Diamond 2x4x5	菱形窗2x4x5	ok
def_window_diamond_xl_2x4x5_desc	结构建材	窗户	desc	Skewed in all dimensions for building of angular windows.	在所有尺寸上都倾斜，用于建造角窗	ok
def_window_diamond_xl_2x4x5_s_desc	结构建材	窗户	s_desc	Basic window piece.	基本的窗户	ok
def_window_diamond_xl_3x4x5_name	结构建材	窗户	name	Window Diamond 3x4x5	菱形窗3x4x5	ok
def_window_diamond_xl_3x4x5_desc	结构建材	窗户	desc	Skewed in all dimensions for building of angular windows.	在所有尺寸上都倾斜，用于建造角窗	ok
def_window_diamond_xl_3x4x5_s_desc	结构建材	窗户	s_desc	Basic window piece.	基本的窗户	ok
def_window_large_name	结构建材	窗户	name	Window 3x3	窗(3x3)	ok
def_window_large_desc	结构建材	窗户	desc	Sits flush with walls and ceilings.	这是一扇平窗，与墙壁和天花板齐平。3个单位宽	ok
def_window_large_s_desc	结构建材	窗户	s_desc	Basic window piece.	基本的窗户	ok
def_window_large_angle_name	结构建材	窗户	name	Window Angle 3x3x3	窗(3x3 斜窗)	ok
def_window_large_angle_desc	结构建材	窗户	desc	An angled window that can be used for creating cockpits and windscreens. Can also be used to create a corner between flat windows when oriented correctly.	可用于制造驾驶舱和挡风玻璃的斜窗。当方向正确时，也可用于在平窗之间创建角	ok
def_window_large_angle_s_desc	结构建材	窗户	s_desc	Basic window piece.	基本的窗户	ok
def_window_narrow_name	结构建材	窗户	name	Window 1x3	窗(3x1)	ok
def_window_narrow_desc	结构建材	窗户	desc	Sits flush with walls and ceilings.	这是一扇平窗，与墙壁和天花板齐平。1个单位宽	ok
def_window_narrow_s_desc	结构建材	窗户	s_desc	Basic window piece.	基本的窗户	ok
def_window_narrow_angle_name	结构建材	窗户	name	Window Angle 1x3x3	窗(3x1 斜窗)	ok
def_window_narrow_angle_desc	结构建材	窗户	desc	An angled window that can be used for creating cockpits and windscreens. Can also be used to create a corner between flat windows when oriented correctly.	可用于制造驾驶舱和挡风玻璃的斜窗。当方向正确时，也可用于在平窗之间创建角	ok
def_window_narrow_angle_s_desc	结构建材	窗户	s_desc	Basic window piece.	基本的窗户	ok
def_window_port_name	结构建材	窗户	name	Porthole Small	舷窗(小)	ok
def_window_port_desc	结构建材	窗户	desc	Useful for aircraft and ships that suit small structural windows.	适用于适合小型结构窗户的飞机和船舶	ok
def_window_port_s_desc	结构建材	窗户	s_desc	3x3 window piece with a thick frame.	3x3厚框窗	ok
def_window_porthole_name	结构建材	窗户	name	Porthole	舷窗(大)	ok
def_window_porthole_desc	结构建材	窗户	desc	Useful for large vehicles that require windows with a more robust appearance.	适用于需要具有更坚固外观的载具窗的大型载具	ok
def_window_porthole_s_desc	结构建材	窗户	s_desc	Large 3x5 window piece with a thick frame.	大的3x5窗框厚	ok
def_window_small_angle_name	结构建材	窗户	name	Window Angle 3x1x1	窗(1x3 斜窗)	ok
def_window_small_angle_desc	结构建材	窗户	desc	An angled window that can be used for creating cockpits and windscreens. Can also be used to create a corner between flat windows when oriented correctly.	可用于制造驾驶舱和挡风玻璃的斜窗。当方向正确时，也可用于在平窗之间创建角	ok
def_window_small_angle_s_desc	结构建材	窗户	s_desc	Basic window piece.	基本的窗户	ok
def_wind_sensor_name	传感器与探测	风力	name	Wind Sensor	风力传感器	ok
def_wind_sensor_desc	传感器与探测	风力	desc	The sensor outputs the wind direction relative to the orientation of the base of the sensor (in number of turns from -0.5 to 0.5) and the wind speed in m/s. Wind data is relative to the speed of the sensor and only measures wind in the plane of the sensor.	传感器输出相对于传感器底座方向的风向(从-0.5到0.5的圈数)和风速(以m/s为单位)。风数据与传感器速度相关，仅测量传感器平面内的风	ok
def_wind_sensor_s_desc	传感器与探测	风力	s_desc	A wind sensor for measuring relative wind speed and direction.	测量相对风速和风向的风力传感器	ok
def_wind_sensor_node_0_label	传感器与探测	风力	label	Wind Speed	风速	ok
def_wind_sensor_node_0_desc	传感器与探测	风力	node_desc	The relative wind velocity.	相对风速	ok
def_wind_sensor_node_1_label	传感器与探测	风力	label	Wind Direction	风向	ok
def_wind_sensor_node_1_desc	传感器与探测	风力	node_desc	The direction of the wind relative to the component.	相对于组件的风向	ok
def_wing_large_name	结构与气动	机翼	name	Wing Section (Large)	机翼面(大)	ok
def_wing_large_desc	结构与气动	机翼	desc	Wing surface to provide lift and cut through the air.	机翼表面提供升力并穿过气体	ok
def_wing_large_s_desc	结构与气动	机翼	s_desc	The wing surface cuts through the air while resisting movement against the flat plane of its surface. The aerofoil section also provides lift.	机翼表面穿透气体，同时抵抗其表面平面的运动。机翼部分也提供升力	ok
def_wing_medium_name	结构与气动	机翼	name	Wing Section (Medium)	机翼面(中)	ok
def_wing_medium_desc	结构与气动	机翼	desc	Wing surface to provide lift and cut through the air.	机翼表面提供升力并穿过气体	ok
def_wing_medium_s_desc	结构与气动	机翼	s_desc	The wing surface cuts through the air while resisting movement against the flat plane of its surface. The aerofoil section also provides lift.	机翼表面穿透气体，同时抵抗其表面平面的运动。机翼部分也提供升力	ok
def_wing_small_name	结构与气动	机翼	name	Wing Section (Small)	机翼面(小)	ok
def_wing_small_desc	结构与气动	机翼	desc	Wing surface to provide lift and cut through the air.	机翼表面提供升力并穿过气体	ok
def_wing_small_s_desc	结构与气动	机翼	s_desc	The wing surface cuts through the air while resisting movement against the flat plane of its surface. The aerofoil section also provides lift.	机翼表面穿透气体，同时抵抗其表面平面的运动。机翼部分也提供升力	ok
def_wing_small_front_name	结构与气动	机翼	name	Wing Front Section (Small)	机翼前部(小)	ok
def_wing_small_front_desc	结构与气动	机翼	desc	Wing surface to provide lift and cut through the air.	机翼表面提供升力并穿过气体	ok
def_wing_small_front_s_desc	结构与气动	机翼	s_desc	The wing front surface cuts through the air while resisting movement against the flat plane of its surface. The aerofoil section also provides lift.	机翼前表面穿透气体，同时抵抗其表面平面的运动。机翼部分也提供升力	ok
def_wing_xl_name	结构与气动	机翼	name	Wing Section (XLarge)	机翼面(特大)	ok
def_wing_xl_desc	结构与气动	机翼	desc	Wing surface to provide lift and cut through the air.	机翼表面提供升力并穿过气体	ok
def_wing_xl_s_desc	结构与气动	机翼	s_desc	The wing surface cuts through the air while resisting movement against the flat plane of its surface. The aerofoil section also provides lift.	机翼表面穿透气体，同时抵抗其表面平面的运动。机翼部分也提供升力	ok
def_wing_xxl_name	结构与气动	机翼	name	Wing Section (XXLarge)	机翼面(超大)	ok
def_wing_xxl_desc	结构与气动	机翼	desc	Wing surface to provide lift and cut through the air.	机翼表面提供升力并穿过气体	ok
def_wing_xxl_s_desc	结构与气动	机翼	s_desc	The wing surface cuts through the air while resisting movement against the flat plane of its surface. The aerofoil section also provides lift.	机翼表面穿透气体，同时抵抗其表面平面的运动。机翼部分也提供升力	ok
