0.0000,0.0000,0.0000,0.0000,0.0000,0.0000,0.0000,0.0000,0.0000,0.0000,0.0000,0.0000,0.0000,0.0000,0.0000,0.0000,0.0000,0.0000,0.0000,0.0000,0
0.0000,0.0000,0.0000,0.0000,0.0000,0.0000,0.0000,0.0000,0.0000,0.0000,0.0000,0.0000,0.0000,0.0000,0.0000,0.0000,0.0000,0.0000,0.0000,0.0000,0
0.0000,0.0000,0.0000,0.0000,0.0000,0.0000,0.0000,0.0000,0.0000,0.0000,0.0000,0.0000,0.0000,0.0000,0.0000,0.0000,0.0000,0.0000,0.0000,0.0000,0
0.0000,0.0000,0.0000,0.0000,0.0000,0.0000,0.0000,0.0000,0.0000,0.0000,0.0000,0.0000,0.0000,0.0000,0.0000,0.0000,0.0000,0.0000,0.0000,0.0000,0
0.0000,0.0000,0.0000,0.0000,0.0000,0.0000,0.0000,0.0000,0.0000,0.0000,0.0000,0.0000,0.0000,0.0000,0.0000,0.0000,0.0000,0.0000,0.0000,0.0000,0
0.0000,0.0000,0.0000,0.0000,0.0000,0.0000,0.0000,0.0000,0.0000,0.0000,0.0000,0.0000,0.0000,0.0000,0.0000,0.0000,0.0000,0.0000,0.0000,0.0000,0
0.0000,0.0000,0.0000,-5252.6138,-28084.4629,22.4979,0.0000,0.0000,0.0000,0.0000,0.0000,0.0000,3.1416,0.7854,3.1416,0.0000,0.0000,0.0000,0.0000,0.0000,0
-4703.1636,-28634.3926,24.9425,-5252.6138,-28084.4629,22.4962,0.0000,0.0000,0.0000,0.0000,0.0000,0.0000,-3.1415,0.7854,-3.1416,0.0000,0.0000,0.0000,0.0000,0.0000,0
-4703.1636,-28634.3926,24.9425,-5252.6138,-28084.4629,22.4917,0.0000,0.0000,0.0000,0.0000,0.0000,0.0000,-3.1415,0.7854,-3.1416,0.0000,0.0000,0.0000,0.0000,0.0000,0
-4703.1636,-28634.3926,24.9425,-5252.6138,-28084.4629,22.4844,0.0000,0.0000,0.0000,0.0000,0.0000,0.0000,-3.1414,0.7854,-3.1415,0.0000,0.0000,0.0000,0.0000,0.0000,0
-4703.1636,-28634.3926,24.9425,-5252.6138,-28084.4629,22.4742,0.0000,0.0000,0.0000,0.0000,0.0000,0.0000,-3.1414,0.7854,-3.1415,0.0000,0.0000,0.0000,0.0000,0.0000,0
-4703.1636,-28634.3926,24.9425,-5252.6138,-28084.4629,22.4612,0.0000,0.0000,0.0000,781.7650,-0.0001,0.0002,-3.1414,0.7854,-3.1415,0.0000,0.0000,0.0000,0.0000,0.0000,0
-4703.1636,-28634.3926,24.9425,-5252.6138,-28084.4629,22.4455,-4705.8823,-28626.7695,21.6563,770.0735,-0.0006,-0.0003,-3.1414,0.7854,-3.1415,-4705.8823,-28626.7695,21.6563,0.0002,-0.0001,1
-4703.1636,-28634.3926,24.9425,-5252.6138,-28084.4629,22.4270,-4708.1265,-28634.4375,28.9469,773.9344,0.0008,0.0012,-3.1415,0.7854,-3.1415,-4705.9551,-28627.0176,21.8918,-0.0002,0.0004,1
-4703.1636,-28634.3926,24.9425,-5252.6138,-28084.4629,22.4058,-4703.4741,-28635.2773,26.5208,777.7949,0.0002,0.0007,-3.1415,0.7854,-3.1414,-4705.8823,-28627.3066,22.0634,-0.0001,0.0002,1
-4703.1636,-28634.3926,24.9425,-5252.6138,-28084.4629,22.3820,-4698.8145,-28636.0898,24.0096,781.6559,-0.0003,0.0002,-3.1414,0.7854,-3.1414,-4705.6553,-28627.6367,22.1626,0.0001,0.0001,1
-4703.1636,-28634.3926,24.9425,-5252.6138,-28084.4629,22.3554,-4705.2065,-28625.9316,21.5471,769.9645,-0.0009,-0.0003,-3.1414,0.7854,-3.1414,-4705.6182,-28627.6582,22.1850,0.0003,-0.0001,1
-4703.1636,-28634.3926,24.9425,-5252.6138,-28084.4629,22.3261,-4707.4414,-28633.6055,28.8020,773.8254,0.0006,0.0012,-3.1414,0.7854,-3.1414,-4705.6533,-28627.9199,22.4387,-0.0002,0.0004,1
-4703.1636,-28634.3926,24.9425,-5252.6138,-28084.4629,22.2940,-4702.7905,-28634.4414,26.3558,777.6859,0.0000,0.0007,-3.1414,0.7854,-3.1414,-4705.5435,-28628.2168,22.6247,-0.0000,0.0002,1
-4703.1636,-28634.3926,24.9425,-5252.6138,-28084.4629,22.2593,-4698.2109,-28635.3281,23.9836,781.5472,-0.0005,0.0003,-3.1414,0.7854,-3.1414,-4705.2827,-28628.5508,22.7397,0.0002,0.0001,1
-4703.1636,-28634.3926,24.9425,-5252.6138,-28084.4629,22.2218,-4711.4551,-28632.0234,21.5081,769.8558,0.0009,-0.0003,-3.1414,0.7854,-3.1413,-4705.4341,-28628.7891,22.7744,-0.0003,-0.0001,1
-4703.1636,-28634.3926,24.9425,-5252.6138,-28084.4629,22.1817,-4706.8442,-28632.8574,28.7555,773.7167,0.0004,0.0012,-3.1414,0.7854,-3.1413,-4705.4512,-28629.0566,23.0376,-0.0001,0.0004,1
-4703.1636,-28634.3926,24.9425,-5252.6138,-28084.4629,22.1388,-4703.7437,-28634.3047,28.7031,776.9307,0.0001,0.0012,-3.1414,0.7854,-3.1413,-4705.3721,-28629.3730,23.3075,-0.0000,0.0004,1
-4703.1636,-28634.3926,24.9425,-5252.6138,-28084.4629,22.0933,-4705.4009,-28628.5898,25.3034,771.7015,-0.0004,0.0006,-3.1414,0.7854,-3.1413,-4705.3442,-28629.5098,23.4763,0.0001,0.0002,1
-4703.1636,-28634.3926,24.9425,-5252.6138,-28084.4629,22.0451,-4699.8369,-28642.2539,21.4580,785.2989,0.0007,-0.0002,-3.1414,0.7854,-3.1413,-4705.1401,-28630.0723,23.5211,-0.0002,-0.0001,1
-4703.1636,-28634.3926,24.9425,-5252.6138,-28084.4629,21.9942,-4705.3218,-28637.7637,28.5964,778.2719,0.0009,0.0012,-3.1414,0.7854,-3.1413,-4705.1011,-28630.5137,23.7856,-0.0003,0.0004,1
-4703.1636,-28634.3926,24.9425,-5252.6123,-28084.4629,21.9468,-4701.5342,-28632.8789,25.6667,777.4684,-0.0004,0.0008,-3.1416,0.7854,3.1406,-4704.9424,-28630.8047,23.9619,0.0001,0.0002,1
-4703.1636,-28634.3926,24.9425,-5252.6094,-28084.4629,21.9077,-4703.7705,-28640.5664,22.7637,781.3286,0.0010,0.0004,-3.1413,0.7853,3.1389,-4704.8506,-28631.3379,24.0437,-0.0003,0.0001,1
-4703.1636,-28634.3926,24.9425,-5252.6055,-28084.4648,21.8776,-4699.1543,-28641.4238,18.5978,785.1891,0.0005,-0.0001,-3.1403,0.7853,3.1373,-4704.6118,-28631.9062,23.9852,-0.0001,-0.0000,1
-4703.1636,-28634.3926,24.9425,-5252.6011,-28084.4648,21.8565,-4705.4863,-28631.2441,23.8150,773.4982,-0.0001,0.0014,-3.1386,0.7852,3.1358,-4704.5659,-28632.1602,24.0762,0.0000,0.0004,1
-4703.1636,-28634.3926,24.9425,-5252.5952,-28084.4688,21.8443,-4700.8745,-28632.0879,18.7843,777.3586,-0.0006,0.0009,-3.1363,0.7852,3.1344,-4704.3770,-28632.4258,24.0008,0.0002,0.0003,1
-4703.1636,-28634.3926,24.9425,-5252.5889,-28084.4707,21.8410,-4702.9609,-28639.6191,20.9904,781.1992,0.0008,0.0020,-3.1333,0.7852,3.1332,-4704.2505,-28632.9219,23.9814,-0.0002,0.0006,1
-4703.1636,-28634.3926,24.9425,-5252.5825,-28084.4746,21.8457,-4698.3296,-28640.4297,15.3272,785.0594,0.0002,0.0015,-3.1298,0.7852,3.1324,-4703.9775,-28633.4453,23.7726,-0.0001,0.0004,1
-4703.1636,-28634.3926,24.9425,-5252.5767,-28084.4785,21.8566,-4704.5991,-28630.2168,19.8806,773.3688,-0.0003,0.0030,-3.1261,0.7853,3.1324,-4703.8965,-28633.6445,23.6859,0.0001,0.0009,1
-4703.1636,-28634.3926,24.9425,-5252.5723,-28084.4844,21.8715,-4708.8120,-28630.3438,11.1812,770.5479,0.0003,0.0016,-3.1229,0.7854,3.1331,-4703.9575,-28633.8281,23.3066,-0.0001,0.0005,1
-4703.1636,-28634.3926,24.9425,-5252.5693,-28084.4863,21.8878,-4702.5347,-28639.0391,22.7983,781.0553,0.0006,0.0042,-3.1206,0.7852,3.1342,-4703.8306,-28634.2695,23.2771,-0.0002,0.0013,1
-4703.1636,-28634.3926,24.9425,-5252.5684,-28084.4883,21.9035,-4697.8433,-28639.8145,20.0729,784.9155,0.0001,0.0037,-3.1194,0.7853,3.1355,-4703.5552,-28634.7344,23.1605,-0.0000,0.0011,1
-4703.1636,-28634.3926,24.9425,-5252.5684,-28084.4902,21.9174,-4704.1538,-28629.5664,27.9778,773.2254,-0.0005,0.0052,-3.1193,0.7854,3.1367,-4703.4727,-28634.8691,23.2920,0.0001,0.0016,1
-4703.1636,-28634.3926,24.9425,-5252.5698,-28084.4902,21.9294,-4706.3813,-28637.2480,26.7318,777.0856,0.0010,0.0047,-3.1203,0.7854,3.1373,-4703.4673,-28635.2266,23.3937,-0.0003,0.0014,1
-4703.1636,-28634.3926,24.9425,-5252.5718,-28084.4883,21.9397,-4700.4688,-28635.5508,25.3325,780.0508,-0.0001,0.0042,-3.1218,0.7855,3.1377,-4703.2827,-28635.5215,23.4578,0.0000,0.0013,1
-4703.1636,-28634.3926,24.9425,-5252.5742,-28084.4863,21.9482,-4697.0454,-28638.8438,24.4608,784.8004,-0.0001,0.0037,-3.1234,0.7855,3.1382,-4702.9873,-28635.9102,23.4977,0.0000,0.0011,1
-4703.1636,-28634.3926,24.9425,-5252.5771,-28084.4863,21.9549,-4703.4473,-28628.5918,33.3688,773.1103,-0.0007,0.0052,-3.1251,0.7855,3.1388,-4702.8877,-28635.9609,23.8278,0.0002,0.0016,1
-4703.1636,-28634.3926,24.9425,-5252.5806,-28084.4844,21.9597,-4705.6753,-28636.2852,32.7670,776.9705,0.0007,0.0047,-3.1270,0.7856,3.1394,-4702.8657,-28636.2344,24.1571,-0.0002,0.0014,1
-4703.1636,-28634.3926,24.9425,-5252.5840,-28084.4805,21.9628,-4701.0811,-28637.2598,25.8228,780.8470,0.0002,0.0029,-3.1290,0.7856,3.1400,-4702.7070,-28636.5254,24.2794,-0.0001,0.0009,1
-4703.1636,-28634.3926,24.9425,-5252.5879,-28084.4785,21.9643,-4696.4097,-28638.0410,25.3638,784.7072,-0.0003,0.0024,-3.1312,0.7856,3.1405,-4702.4009,-28636.8340,24.3872,0.0001,0.0007,1
-4703.1636,-28634.3926,24.9425,-5252.5923,-28084.4766,21.9646,-4709.7207,-28634.6602,34.6729,773.0169,0.0011,0.0039,-3.1336,0.7857,3.1409,-4702.5137,-28637.0234,24.7955,-0.0003,0.0012,1
-4703.1636,-28634.3926,24.9425,-5252.5962,-28084.4727,21.9645,-4700.8384,-28634.1992,34.3921,778.9562,-0.0002,0.0034,-3.1358,0.7857,3.1413,-4702.3608,-28637.1836,25.2102,0.0001,0.0010,1
-4703.1636,-28634.3926,24.9425,-5252.6001,-28084.4707,21.9647,-4700.3477,-28636.3750,25.6403,780.7618,0.0000,0.0012,-3.1379,0.7857,3.1415,-4702.1934,-28637.3965,25.3592,-0.0000,0.0004,1
-4703.1636,-28634.3926,24.9425,-5252.6035,-28084.4668,21.9652,-4695.6821,-28637.1582,24.6253,784.6221,-0.0006,0.0007,-3.1396,0.7857,-3.1415,-4701.8779,-28637.6211,25.4706,0.0002,0.0002,1
-4703.1636,-28634.3926,24.9425,-5252.6060,-28084.4648,21.9658,-4708.9946,-28633.8281,33.0030,772.9315,0.0009,0.0022,-3.1410,0.7857,-3.1414,-4701.9814,-28637.7266,25.8449,-0.0003,0.0007,1
-4703.1636,-28634.3926,24.9425,-5252.6084,-28084.4629,21.9666,-4704.3452,-28634.6738,31.4675,776.7918,0.0003,0.0017,3.1411,0.7857,-3.1414,-4701.9551,-28637.8418,26.1784,-0.0001,0.0005,1
-4703.1636,-28634.3926,24.9425,-5252.6104,-28084.4609,21.9672,-4699.6934,-28635.5742,24.5065,780.6714,-0.0002,0.0002,3.1404,0.7857,-3.1413,-4701.7886,-28637.9707,26.2929,0.0001,0.0001,1
-4703.1636,-28634.3926,24.9425,-5252.6118,-28084.4609,21.9678,-4695.0322,-28636.3613,22.4068,784.5318,-0.0008,-0.0003,3.1399,0.7857,-3.1413,-4701.4736,-28638.1113,26.3298,0.0002,-0.0001,1
-4703.1636,-28634.3926,24.9425,-5252.6128,-28084.4590,21.9681,-4708.4717,-28633.2188,29.8287,772.8409,0.0007,0.0012,3.1398,0.7855,-3.1413,-4701.5811,-28638.1367,26.5895,-0.0002,0.0004,1
-4703.1636,-28634.3926,24.9425,-5252.6133,-28084.4590,21.9682,-4704.1016,-28635.6328,30.3136,777.6382,0.0004,0.0013,3.1398,0.7855,-3.1413,-4701.5664,-28638.2227,26.8647,-0.0001,0.0004,1
-4703.1636,-28634.3926,24.9425,-5252.6133,-28084.4590,21.9681,-4699.0083,-28634.7383,23.7036,780.5688,-0.0005,-0.0000,3.1400,0.7855,-3.1414,-4701.3975,-28638.2676,26.9286,0.0001,-0.0000,1
-4703.1636,-28634.3926,24.9425,-5252.6133,-28084.4590,21.9678,-4701.3198,-28642.4922,20.9240,784.4293,0.0010,-0.0005,3.1404,0.7855,-3.1414,-4701.3018,-28638.5469,26.8904,-0.0003,-0.0002,1
-4703.1636,-28634.3926,24.9425,-5252.6128,-28084.4609,21.9673,-4707.6392,-28632.2734,27.8237,772.7383,0.0004,0.0010,3.1409,0.7855,-3.1414,-4701.4146,-28638.4980,27.0531,-0.0001,0.0003,1
-4703.1636,-28634.3926,24.9425,-5252.6123,-28084.4609,21.9666,-4702.9932,-28633.1113,24.9388,776.5988,-0.0001,0.0005,3.1415,0.7855,-3.1415,-4701.3940,-28638.4570,27.1188,0.0000,0.0001,1
-4703.1636,-28634.3926,24.9425,-5252.6118,-28084.4609,21.9659,-4698.3438,-28633.9160,23.3747,780.4575,-0.0007,0.0003,-3.1411,0.7855,-3.1415,-4701.2310,-28638.4258,27.1242,0.0002,0.0001,1
-4703.1636,-28634.3926,24.9425,-5252.6108,-28084.4629,21.9651,-4700.6426,-28641.6719,20.3865,784.3180,0.0008,-0.0002,-3.1404,0.7854,-3.1415,-4701.1377,-28638.6289,27.0216,-0.0002,-0.0001,1
-4703.1636,-28634.3926,24.9425,-5252.6104,-28084.4629,21.9644,-4706.9707,-28631.4629,27.1856,772.6270,0.0002,0.0013,-3.1398,0.7854,-3.1415,-4701.2520,-28638.5039,27.1168,-0.0001,0.0004,1
-4703.1636,-28634.3926,24.9425,-5252.6094,-28084.4629,21.9636,-4702.3237,-28632.2930,24.2770,776.4875,-0.0003,0.0008,-3.1391,0.7854,-3.1416,-4701.2305,-28638.3887,27.1145,0.0001,0.0002,1
-4703.1636,-28634.3926,24.9425,-5252.6084,-28084.4648,21.9629,-4697.6758,-28633.0859,23.4161,780.3428,-0.0009,0.0007,-3.1386,0.7854,-3.1416,-4701.0654,-28638.2812,27.0752,0.0003,0.0002,1
-4703.1636,-28634.3926,24.9425,-5252.6079,-28084.4648,21.9623,-4699.9629,-28640.8438,20.5457,784.2031,0.0005,0.0002,-3.1381,0.7854,-3.1416,-4700.9683,-28638.4102,26.9337,-0.0002,0.0001,1
-4703.1636,-28634.3926,24.9425,-5252.6069,-28084.4648,21.9617,-4706.3047,-28630.6387,27.5050,772.5123,-0.0000,0.0017,-3.1376,0.7854,3.1416,-4701.0762,-28638.2109,26.9978,0.0000,0.0005,1
-4703.1636,-28634.3926,24.9425,-5252.6064,-28084.4668,21.9613,-4701.6562,-28631.4648,24.7987,776.3727,-0.0006,0.0012,-3.1373,0.7854,3.1416,-4701.0483,-28638.0234,26.9737,0.0002,0.0004,1
-4703.1636,-28634.3926,24.9425,-5252.6060,-28084.4668,21.9609,-4703.9336,-28639.1895,23.6275,780.2286,0.0009,0.0010,-3.1370,0.7854,3.1416,-4701.0962,-28638.0664,26.9058,-0.0003,0.0003,1
-4703.1636,-28634.3926,24.9425,-5252.6055,-28084.4668,21.9607,-4699.2803,-28640.0098,20.9964,784.0889,0.0003,0.0005,-3.1368,0.7854,3.1416,-4701.0034,-28638.1387,26.7459,-0.0001,0.0001,1
-4703.1636,-28634.3926,24.9425,-5252.6050,-28084.4668,21.9605,-4707.3760,-28635.4668,24.3138,775.1613,0.0008,0.0012,-3.1366,0.7854,3.1416,-4701.1685,-28638.0684,26.6772,-0.0003,0.0004,1
-4703.1636,-28634.3926,24.9425,-5252.6050,-28084.4688,21.9604,-4697.8662,-28634.3125,23.5326,781.0634,-0.0007,0.0010,-3.1365,0.7854,3.1416,-4701.0435,-28637.9570,26.5787,0.0002,0.0003,1
-4703.1636,-28634.3926,24.9425,-5252.6050,-28084.4688,21.9604,-4703.2524,-28638.3613,23.8311,780.1168,0.0007,0.0011,-3.1365,0.7854,3.1416,-4701.0845,-28637.9648,26.4830,-0.0002,0.0003,1
-4703.1636,-28634.3926,24.9425,-5252.6045,-28084.4688,21.9605,-4698.5972,-28639.1758,21.3999,783.9773,0.0001,0.0006,-3.1366,0.7854,3.1416,-4700.9829,-28638.0020,26.3048,-0.0000,0.0002,1
-4703.1636,-28634.3926,24.9425,-5252.6045,-28084.4688,21.9606,-4704.9756,-28628.9805,28.7520,772.2865,-0.0004,0.0021,-3.1366,0.7854,3.1416,-4701.0820,-28637.7109,26.3524,0.0001,0.0006,1
-4703.1636,-28634.3926,24.9425,-5252.6050,-28084.4688,21.9607,-4707.2202,-28636.6895,26.4292,776.1469,0.0010,0.0016,-3.1368,0.7854,3.1416,-4701.2632,-28637.6504,26.3314,-0.0003,0.0005,1
-4703.1636,-28634.3926,24.9425,-5252.6050,-28084.4688,21.9609,-4702.5708,-28637.5293,23.9368,780.0077,0.0004,0.0011,-3.1369,0.7854,3.1416,-4701.3076,-28637.6172,26.2317,-0.0001,0.0003,1
-4703.1636,-28634.3926,24.9425,-5252.6050,-28084.4668,21.9611,-4697.9150,-28638.3359,21.5976,783.8680,-0.0001,0.0006,-3.1370,0.7854,3.1416,-4701.2056,-28637.6094,26.0538,0.0000,0.0002,1
-4703.1636,-28634.3926,24.9425,-5252.6050,-28084.4668,21.9612,-4704.3091,-28628.1484,29.0091,772.1773,-0.0007,0.0021,-3.1372,0.7854,3.1416,-4701.3022,-28637.2754,26.1056,0.0002,0.0006,1
-4703.1636,-28634.3926,24.9425,-5252.6055,-28084.4668,21.9614,-4706.5420,-28635.8594,26.7263,776.0377,0.0008,0.0016,-3.1374,0.7854,3.1416,-4701.4766,-28637.1738,26.0914,-0.0002,0.0005,1
-4703.1636,-28634.3926,24.9425,-5252.6055,-28084.4668,21.9616,-4701.8896,-28636.6953,23.9389,779.8997,0.0002,0.0010,-3.1375,0.7854,3.1416,-4701.5117,-28637.0977,25.9907,-0.0001,0.0003,1
-4703.1636,-28634.3926,24.9425,-5252.6060,-28084.4668,21.9618,-4697.2334,-28637.4980,21.5957,783.7600,-0.0003,0.0005,-3.1377,0.7854,3.1416,-4701.3984,-28637.0488,25.8125,0.0001,0.0001,1
-4703.1636,-28634.3926,24.9425,-5252.6060,-28084.4668,21.9620,-4703.6416,-28627.3203,28.9848,772.0693,-0.0009,0.0020,-3.1378,0.7854,3.1416,-4701.4805,-28636.6758,25.8642,0.0003,0.0006,1
-4703.1636,-28634.3926,24.9425,-5252.6060,-28084.4668,21.9621,-4705.8628,-28635.0332,26.6673,775.9296,0.0006,0.0015,-3.1379,0.7854,3.1416,-4701.6382,-28636.5332,25.8496,-0.0002,0.0004,1
-4703.1636,-28634.3926,24.9425,-5252.6064,-28084.4668,21.9622,-4701.2104,-28635.8633,23.8801,779.7919,0.0000,0.0009,-3.1380,0.7854,3.1416,-4701.6543,-28636.4199,25.7490,-0.0000,0.0003,1
-4703.1636,-28634.3926,24.9425,-5252.6064,-28084.4668,21.9623,-4703.9277,-28628.5254,20.5448,772.6899,-0.0007,0.0002,-3.1381,0.7854,3.1416,-4701.7559,-28636.0703,25.5376,0.0002,0.0000,1
-4703.1636,-28634.3926,24.9425,-5252.6064,-28084.4668,21.9624,-4709.8286,-28633.3555,28.8184,771.9614,0.0009,0.0019,-3.1382,0.7854,3.1416,-4702.0522,-28635.8652,25.5851,-0.0003,0.0006,1
-4703.1636,-28634.3926,24.9425,-5252.6064,-28084.4668,21.9624,-4705.1841,-28634.2070,26.4424,775.8218,0.0003,0.0014,-3.1382,0.7854,3.1416,-4702.2129,-28635.6875,25.5651,-0.0001,0.0004,1
-4703.1636,-28634.3926,24.9425,-5252.6069,-28084.4668,21.9625,-4700.5317,-28635.0312,23.8096,779.6836,-0.0002,0.0008,-3.1382,0.7854,3.1416,-4702.2275,-28635.5391,25.4644,0.0001,0.0002,1
-4703.1636,-28634.3926,24.9425,-5252.6069,-28084.4668,21.9625,-4695.8735,-28635.8203,21.3589,783.5439,-0.0008,0.0003,-3.1382,0.7854,3.1416,-4702.0874,-28635.4199,25.2841,0.0002,0.0001,1
-4703.1636,-28634.3926,24.9425,-5252.6069,-28084.4668,21.9625,-4709.1523,-28632.5352,28.6442,771.8531,0.0007,0.0018,-3.1382,0.7854,3.1416,-4702.3584,-28635.2012,25.3317,-0.0002,0.0005,1
-4703.1636,-28634.3926,24.9425,-5252.6069,-28084.4668,21.9625,-4704.5073,-28633.3809,26.2229,775.7136,0.0001,0.0013,-3.1382,0.7854,3.1416,-4702.4912,-28635.0098,25.3105,-0.0000,0.0004,1
-4703.1636,-28634.3926,24.9425,-5252.6069,-28084.4668,21.9624,-4699.8545,-28634.1953,23.7577,779.5746,-0.0004,0.0008,-3.1382,0.7854,3.1416,-4702.4761,-28634.8477,25.2142,0.0001,0.0002,1
-4703.1636,-28634.3926,24.9425,-5252.6069,-28084.4668,21.9624,-4702.1577,-28641.9414,21.2755,783.4350,0.0010,0.0003,-3.1382,0.7854,3.1416,-4702.5264,-28634.9375,25.0378,-0.0003,0.0001,1
-4703.1636,-28634.3926,24.9425,-5252.6069,-28084.4668,21.9623,-4708.4775,-28631.7129,28.5357,771.7442,0.0005,0.0018,-3.1381,0.7854,3.1416,-4702.7778,-28634.7188,25.0889,-0.0001,0.0005,1
-4703.1636,-28634.3926,24.9425,-5252.6069,-28084.4668,21.9623,-4701.8853,-28641.2500,21.6126,783.1351,0.0009,0.0004,-3.1381,0.7854,3.1416,-4702.8262,-28634.8047,24.9275,-0.0003,0.0001,1
-4703.1636,-28634.3926,24.9425,-5252.6064,-28084.4668,21.9622,-4699.1782,-28633.3613,23.7325,779.4653,-0.0006,0.0008,-3.1380,0.7854,3.1416,-4702.7817,-28634.6582,24.8287,0.0002,0.0002,1
-4703.1636,-28634.3926,24.9425,-5252.6064,-28084.4668,21.9622,-4701.4702,-28641.1074,21.2443,783.3256,0.0008,0.0003,-3.1380,0.7854,3.1416,-4702.8003,-28634.7598,24.6509,-0.0002,0.0001,1
-4703.1636,-28634.3926,24.9425,-5252.6064,-28084.4668,21.9622,-4707.8042,-28630.8887,28.5034,771.6348,0.0002,0.0018,-3.1380,0.7854,3.1416,-4703.0181,-28634.5527,24.7021,-0.0001,0.0005,1
-4703.1636,-28634.3926,24.9425,-5252.6064,-28084.4668,21.9621,-4703.1577,-28631.7227,26.0677,775.4952,-0.0003,0.0013,-3.1379,0.7854,3.1416,-4703.0933,-28634.3691,24.6856,0.0001,0.0004,1
-4703.1636,-28634.3926,24.9425,-5252.6064,-28084.4668,21.9621,-4704.9688,-28633.6387,27.9184,775.5798,0.0002,0.0017,-3.1379,0.7854,3.1416,-4703.2236,-28634.2441,24.7343,-0.0001,0.0005,1
-4703.1636,-28634.3926,24.9425,-5252.6064,-28084.4668,21.9620,-4700.9175,-28640.4062,21.2485,783.2161,0.0006,0.0003,-3.1379,0.7852,3.1416,-4703.2251,-28634.3379,24.5783,-0.0002,0.0001,1
-4703.1636,-28634.3926,24.9425,-5252.6064,-28084.4668,21.9620,-4707.2651,-28630.1953,28.5185,771.5253,0.0000,0.0018,-3.1379,0.7852,3.1416,-4703.4229,-28634.1230,24.6511,-0.0000,0.0006,1
-4703.1636,-28634.3926,24.9425,-5252.6064,-28084.4668,21.9620,-4702.6201,-28631.0273,26.0966,775.3857,-0.0005,0.0013,-3.1378,0.7852,3.1416,-4703.4761,-28633.9297,24.6560,0.0002,0.0004,1
-4703.1636,-28634.3926,24.9425,-5252.6064,-28084.4668,21.9620,-4704.6191,-28638.4844,23.7273,779.2463,0.0008,0.0009,-3.1378,0.7852,3.1416,-4703.5879,-28633.9746,24.5894,-0.0003,0.0003,1
-4703.1636,-28634.3926,24.9425,-5252.6064,-28084.4668,21.9620,-4699.9692,-28639.3086,21.2638,783.1068,0.0003,0.0004,-3.1378,0.7852,3.1416,-4703.5498,-28634.0586,24.4441,-0.0001,0.0001,1
-4703.1636,-28634.3926,24.9425,-5252.6064,-28084.4668,21.9620,-4706.3350,-28629.1094,28.5460,771.4159,-0.0003,0.0019,-3.1378,0.7852,3.1416,-4703.7056,-28633.8281,24.5282,0.0001,0.0006,1
-4703.1636,-28634.3926,24.9425,-5252.6064,-28084.4668,21.9620,-4701.6875,-28629.9316,26.1372,775.2763,-0.0008,0.0014,-3.1378,0.7852,3.1416,-4703.7139,-28633.6191,24.5447,0.0002,0.0004,1
-4703.1636,-28634.3926,24.9425,-5252.6064,-28084.4668,21.9620,-4703.9409,-28637.6602,23.7255,779.1371,0.0006,0.0009,-3.1378,0.7852,3.1416,-4703.7871,-28633.6543,24.4886,-0.0002,0.0003,1
-4703.1636,-28634.3926,24.9425,-5252.6064,-28084.4668,21.9620,-4699.2891,-28638.4766,21.2723,782.9974,0.0001,0.0004,-3.1378,0.7852,3.1416,-4703.7095,-28633.7285,24.3538,-0.0000,0.0001,1
-4703.1636,-28634.3926,24.9425,-5252.6064,-28084.4668,21.9620,-4705.6694,-28628.2852,28.5616,771.3066,-0.0005,0.0019,-3.1378,0.7852,3.1416,-4703.8242,-28633.4863,24.4487,0.0001,0.0006,1
-4703.1636,-28634.3926,24.9425,-5252.6064,-28084.4668,21.9620,-4707.9077,-28635.9883,26.1605,775.1670,0.0010,0.0014,-3.1378,0.7852,3.1416,-4704.0127,-28633.4863,24.4761,-0.0003,0.0004,1
-4703.1636,-28634.3926,24.9425,-5252.6064,-28084.4668,21.9620,-4703.2617,-28636.8320,23.7175,779.0280,0.0004,0.0009,-3.1379,0.7852,3.1416,-4704.0571,-28633.5215,24.4297,-0.0001,0.0003,1
-4703.1636,-28634.3926,24.9425,-5252.6064,-28084.4668,21.9620,-4698.6094,-28637.6426,21.2681,782.8883,-0.0002,0.0004,-3.1379,0.7852,3.1416,-4703.9487,-28633.5938,24.3046,0.0000,0.0001,1
-4703.1636,-28634.3926,24.9425,-5252.6064,-28084.4668,21.9620,-4705.0029,-28627.4609,28.5585,771.1975,-0.0007,0.0019,-3.1379,0.7852,3.1416,-4704.0303,-28633.3477,24.4089,0.0002,0.0006,1
-4703.1636,-28634.3926,24.9425,-5252.6064,-28084.4668,21.9620,-4699.6699,-28639.2832,21.3177,783.2993,0.0002,0.0004,-3.1379,0.7852,3.1416,-4703.9419,-28633.4707,24.2904,-0.0001,0.0001,1
-4703.1636,-28634.3926,24.9425,-5252.6064,-28084.4668,21.9621,-4702.5835,-28636.0020,23.7038,778.9188,0.0002,0.0008,-3.1379,0.7852,3.1416,-4703.9341,-28633.5059,24.2425,-0.0001,0.0003,1
-4703.1636,-28634.3926,24.9425,-5252.6064,-28084.4668,21.9621,-4697.9297,-28636.8066,21.2531,782.7792,-0.0004,0.0003,-3.1379,0.7852,3.1416,-4703.7739,-28633.5723,24.1164,0.0001,0.0001,1
-4703.1636,-28634.3926,24.9425,-5252.6064,-28084.4668,21.9621,-4704.3379,-28626.6328,28.5407,771.0884,-0.0009,0.0018,-3.1379,0.7852,3.1416,-4703.8047,-28633.3203,24.2205,0.0003,0.0006,1
-4703.1636,-28634.3926,24.9425,-5252.6064,-28084.4668,21.9621,-4698.8408,-28641.1074,29.2025,785.2054,0.0004,0.0020,-3.1379,0.7852,3.1416,-4703.6611,-28633.5195,24.3542,-0.0001,0.0006,1
-4703.1636,-28634.3926,24.9425,-5252.6064,-28084.4668,21.9621,-4701.9058,-28635.1699,23.6872,778.8098,-0.0000,0.0008,-3.1379,0.7852,3.1416,-4703.6035,-28633.5488,24.3235,0.0000,0.0003,1
-4703.1636,-28634.3926,24.9425,-5252.6064,-28084.4668,21.9621,-4697.2510,-28635.9688,21.2337,782.6701,-0.0006,0.0003,-3.1379,0.7852,3.1416,-4703.3936,-28633.6074,24.2135,0.0002,0.0001,1
-4703.1636,-28634.3926,24.9425,-5252.6064,-28084.4668,21.9621,-4698.0591,-28637.5430,29.7919,783.2411,-0.0002,0.0021,-3.1379,0.7852,3.1416,-4703.1973,-28633.7227,24.3710,0.0001,0.0006,1
-4703.1636,-28634.3926,24.9425,-5252.6064,-28084.4668,21.9621,-4705.8779,-28633.5156,26.1110,774.8397,0.0003,0.0013,-3.1379,0.7852,3.1416,-4703.2412,-28633.7168,24.4240,-0.0001,0.0004,1
-4703.1636,-28634.3926,24.9425,-5252.6064,-28084.4668,21.9621,-4701.2290,-28634.3379,23.6707,778.7006,-0.0003,0.0008,-3.1379,0.7852,3.1416,-4703.1431,-28633.7363,24.4021,0.0001,0.0003,1
-4703.1636,-28634.3926,24.9425,-5252.6064,-28084.4668,21.9621,-4696.5737,-28635.1309,21.2144,782.5610,-0.0008,0.0003,-3.1379,0.7852,3.1416,-4702.8940,-28633.7852,24.3003,0.0002,0.0001,1
-4703.1636,-28634.3926,24.9425,-5252.6064,-28084.4668,21.9621,-4709.8452,-28631.8398,28.4947,770.8702,0.0006,0.0018,-3.1379,0.7852,3.1416,-4703.0601,-28633.7285,24.4264,-0.0002,0.0006,1
-4703.1636,-28634.3926,24.9425,-5252.6064,-28084.4668,21.9621,-4705.2036,-28632.6895,26.0865,774.7306,0.0001,0.0013,-3.1379,0.7852,3.1416,-4703.0928,-28633.6953,24.4834,-0.0000,0.0004,1
-4703.1636,-28634.3926,24.9425,-5252.6064,-28084.4668,21.9621,-4704.5615,-28630.8730,25.9046,773.9006,-0.0003,0.0013,-3.1379,0.7852,3.1416,-4703.1108,-28633.6016,24.5378,0.0001,0.0004,1
-4703.1636,-28634.3926,24.9425,-5252.6064,-28084.4668,21.9621,-4702.8506,-28641.2441,21.1985,782.4519,0.0010,0.0003,-3.1379,0.7852,3.1416,-4703.0781,-28633.8340,24.4440,-0.0003,0.0001,1
-4703.1636,-28634.3926,24.9425,-5252.6064,-28084.4668,21.9621,-4703.1279,-28639.2207,26.6470,780.8283,0.0007,0.0014,-3.1379,0.7852,3.1416,-4703.0552,-28634.0195,24.5169,-0.0002,0.0004,1
-4703.1636,-28634.3926,24.9425,-5252.6064,-28084.4668,21.9621,-4704.5303,-28631.8613,26.0681,774.6215,-0.0001,0.0013,-3.1379,0.7852,3.1416,-4703.0781,-28633.9785,24.5762,0.0000,0.0004,1
-4703.1636,-28634.3926,24.9425,-5252.6064,-28084.4668,21.9621,-4699.8799,-28632.6719,23.6420,778.4824,-0.0007,0.0008,-3.1379,0.7852,3.1416,-4702.9561,-28633.9590,24.5601,0.0002,0.0002,1
-4703.1636,-28634.3926,24.9425,-5252.6064,-28084.4668,21.9621,-4702.1655,-28640.4121,21.1850,782.3427,0.0008,0.0003,-3.1379,0.7852,3.1416,-4702.9019,-28634.1816,24.4630,-0.0002,0.0001,1
-4703.1636,-28634.3926,24.9425,-5252.6064,-28084.4668,21.9621,-4708.5015,-28630.1973,28.4626,770.6519,0.0002,0.0018,-3.1379,0.7852,3.1416,-4703.0522,-28634.0898,24.5930,-0.0001,0.0005,1
-4703.1636,-28634.3926,24.9425,-5252.6064,-28084.4668,21.9621,-4703.8579,-28631.0332,26.0548,774.5123,-0.0004,0.0013,-3.1379,0.7852,3.1416,-4703.0649,-28634.0156,24.6530,0.0001,0.0004,1
-4703.1636,-28634.3926,24.9425,-5252.6064,-28084.4668,21.9621,-4699.2065,-28631.8379,23.6293,778.3731,-0.0009,0.0008,-3.1379,0.7852,3.1416,-4702.9307,-28633.9609,24.6373,0.0003,0.0002,1
-4703.1636,-28634.3926,24.9425,-5252.6064,-28084.4668,21.9621,-4701.4810,-28639.5801,21.1735,782.2335,0.0005,0.0003,-3.1379,0.7852,3.1416,-4702.8618,-28634.1465,24.5404,-0.0002,0.0001,1
-4703.1636,-28634.3926,24.9425,-5252.6064,-28084.4668,21.9621,-4707.8315,-28629.3730,28.4509,770.5427,-0.0000,0.0018,-3.1379,0.7852,3.1416,-4702.9966,-28634.0176,24.6701,0.0000,0.0005,1
-4703.1636,-28634.3926,24.9425,-5252.6064,-28084.4668,21.9621,-4703.1870,-28630.2031,26.0442,774.4031,-0.0006,0.0013,-3.1379,0.7852,3.1416,-4702.9922,-28633.9023,24.7296,0.0002,0.0004,1
-4703.1636,-28634.3926,24.9425,-5252.6064,-28084.4668,21.9621,-4705.4468,-28637.9219,23.6169,778.2640,0.0009,0.0008,-3.1379,0.7852,3.1416,-4703.0615,-28634.0293,24.7131,-0.0003,0.0002,1
-4703.1636,-28634.3926,24.9425,-5252.6064,-28084.4668,21.9621,-4700.7983,-28638.7480,21.1618,782.1243,0.0003,0.0003,-3.1379,0.7852,3.1416,-4702.9868,-28634.1895,24.6151,-0.0001,0.0001,1
-4703.1636,-28634.3926,24.9425,-5252.6064,-28084.4668,21.9621,-4706.6733,-28635.5859,21.1350,775.7410,0.0007,0.0003,-3.1379,0.7852,3.1416,-4703.0967,-28634.2598,24.5072,-0.0002,0.0001,1
-4703.1636,-28634.3926,24.9425,-5252.6064,-28084.4668,21.9621,-4706.8867,-28630.1172,26.7057,771.7244,-0.0000,0.0015,-3.1379,0.7852,3.1416,-4703.2222,-28634.1543,24.5719,0.0000,0.0004,1
-4703.1636,-28634.3926,24.9425,-5252.6064,-28084.4668,21.9621,-4703.3672,-28636.0566,25.9901,778.4120,0.0003,0.0013,-3.1379,0.7852,3.1416,-4703.2412,-28634.2305,24.6178,-0.0001,0.0004,1
-4703.1636,-28634.3926,24.9425,-5252.6064,-28084.4668,21.9621,-4705.2690,-28628.1289,20.9394,771.4573,-0.0006,0.0003,-3.1379,0.7852,3.1416,-4703.3213,-28634.0527,24.5034,0.0002,0.0001,1
-4703.1636,-28634.3926,24.9425,-5252.6064,-28084.4668,21.9621,-4706.4951,-28627.7246,28.4269,770.3244,-0.0005,0.0018,-3.1379,0.7852,3.1416,-4703.4453,-28633.8477,24.6239,0.0001,0.0005,1
-4703.1636,-28634.3926,24.9425,-5252.6064,-28084.4668,21.9621,-4708.7290,-28635.4199,26.0221,774.1848,0.0010,0.0013,-3.1379,0.7852,3.1416,-4703.6465,-28633.8809,24.6746,-0.0003,0.0004,1
-4703.1636,-28634.3926,24.9425,-5252.6064,-28084.4668,21.9621,-4704.0859,-28636.2656,23.5910,778.0456,0.0004,0.0008,-3.1379,0.7852,3.1416,-4703.7070,-28633.9434,24.6497,-0.0001,0.0002,1
-4703.1636,-28634.3926,24.9425,-5252.6064,-28084.4668,21.9621,-4699.4355,-28637.0801,21.1371,781.9061,-0.0001,0.0003,-3.1379,0.7852,3.1416,-4703.6182,-28634.0391,24.5438,0.0000,0.0001,1
-4703.1636,-28634.3926,24.9425,-5252.6064,-28084.4668,21.9621,-4705.8286,-28626.8984,28.4135,770.2152,-0.0007,0.0018,-3.1379,0.7852,3.1416,-4703.7231,-28633.8105,24.6648,0.0002,0.0005,1
-4703.1636,-28634.3926,24.9425,-5252.6064,-28084.4668,21.9621,-4708.0518,-28634.5977,26.0087,774.0756,0.0008,0.0013,-3.1379,0.7852,3.1416,-4703.9033,-28633.8164,24.7159,-0.0002,0.0004,1
-4703.1636,-28634.3926,24.9425,-5252.6064,-28084.4668,21.9621,-4703.4072,-28635.4355,23.5776,777.9365,0.0002,0.0008,-3.1379,0.7852,3.1416,-4703.9404,-28633.8535,24.6911,-0.0001,0.0002,1
-4703.1636,-28634.3926,24.9425,-5252.6064,-28084.4668,21.9621,-4698.7563,-28636.2441,21.1238,781.7969,-0.0003,0.0003,-3.1379,0.7852,3.1416,-4703.8252,-28633.9199,24.5851,0.0001,0.0001,1
-4703.1636,-28634.3926,24.9425,-5252.6064,-28084.4668,21.9621,-4705.1636,-28626.0723,28.3992,770.1061,-0.0009,0.0018,-3.1379,0.7852,3.1416,-4703.9028,-28633.6621,24.7058,0.0003,0.0005,1
-4703.1636,-28634.3926,24.9425,-5252.6064,-28084.4668,21.9621,-4707.3750,-28633.7734,25.9945,773.9664,0.0006,0.0013,-3.1379,0.7852,3.1416,-4704.0527,-28633.6367,24.7563,-0.0002,0.0004,1
-4703.1636,-28634.3926,24.9425,-5252.6064,-28084.4668,21.9621,-4702.7300,-28634.6055,23.5641,777.8273,0.0000,0.0008,-3.1379,0.7852,3.1416,-4704.0586,-28633.6406,24.7309,-0.0000,0.0002,1
-4703.1636,-28634.3926,24.9425,-5252.6064,-28084.4668,21.9621,-4698.0781,-28635.4062,21.1105,781.6877,-0.0006,0.0003,-3.1379,0.7852,3.1416,-4703.9106,-28633.6738,24.6241,0.0002,0.0001,1
-4703.1636,-28634.3926,24.9425,-5252.6064,-28084.4668,21.9621,-4711.3384,-28632.0898,28.3849,769.9969,0.0009,0.0018,-3.1379,0.7852,3.1416,-4704.1763,-28633.6055,24.7438,-0.0003,0.0005,1
-4703.1636,-28634.3926,24.9425,-5252.6064,-28084.4668,21.9621,-4706.7002,-28632.9473,25.9801,773.8573,0.0003,0.0013,-3.1379,0.7852,3.1416,-4704.3052,-28633.5605,24.7932,-0.0001,0.0004,1
-4703.1636,-28634.3926,24.9425,-5252.6064,-28084.4668,21.9621,-4706.3936,-28635.6230,27.6580,775.9811,0.0007,0.0017,-3.1379,0.7852,3.1416,-4704.4272,-28633.6035,24.8988,-0.0002,0.0005,1
-4703.1636,-28634.3926,24.9425,-5252.6064,-28084.4668,21.9621,-4701.7080,-28630.2598,21.8671,775.4852,-0.0008,0.0005,-3.1379,0.7852,3.1416,-4704.3999,-28633.4785,24.8230,0.0002,0.0001,1
-4703.1636,-28634.3926,24.9425,-5252.6064,-28084.4668,21.9621,-4703.9902,-28637.9629,29.2063,779.3455,0.0007,0.0020,-3.1379,0.7852,3.1416,-4704.4380,-28633.5938,24.9759,-0.0002,0.0006,1
-4703.1636,-28634.3926,24.9425,-5252.6064,-28084.4668,21.9621,-4699.3257,-28638.7930,26.7756,783.2064,0.0001,0.0015,-3.1379,0.7852,3.1416,-4704.3237,-28633.7461,25.0590,-0.0000,0.0004,1
-4703.1636,-28634.3926,24.9425,-5252.6064,-28084.4668,21.9621,-4705.6787,-28628.6230,24.2843,771.5151,-0.0004,0.0010,-3.1379,0.7852,3.1416,-4704.4004,-28633.5840,25.0648,0.0001,0.0003,1
-4703.1636,-28634.3926,24.9425,-5252.6064,-28084.4668,21.9621,-4701.0381,-28629.4277,21.8540,775.3760,-0.0010,0.0005,-3.1379,0.7852,3.1416,-4704.3286,-28633.4355,24.9894,0.0003,0.0001,1
-4703.1636,-28634.3926,24.9425,-5252.6064,-28084.4668,21.9621,-4703.3091,-28637.1328,29.1919,779.2365,0.0005,0.0020,-3.1379,0.7852,3.1416,-4704.3218,-28633.5293,25.1419,-0.0001,0.0006,1
-4703.1636,-28634.3926,24.9425,-5252.6064,-28084.4668,21.9621,-4706.8872,-28630.8496,20.4398,772.2342,0.0001,0.0002,-3.1379,0.7852,3.1416,-4704.4268,-28633.4277,25.0201,-0.0000,0.0001,1
-4703.1636,-28634.3926,24.9425,-5252.6064,-28084.4668,21.9621,-4705.0107,-28627.7949,24.2709,771.4060,-0.0007,0.0010,-3.1379,0.7852,3.1416,-4704.4756,-28633.2227,25.0112,0.0002,0.0003,1
-4703.1636,-28634.3926,24.9425,-5252.6064,-28084.4668,21.9621,-4707.2510,-28635.4922,21.8412,775.2668,0.0008,0.0005,-3.1379,0.7852,3.1416,-4704.5962,-28633.2559,24.9218,-0.0002,0.0001,1
-4703.1636,-28634.3926,24.9425,-5252.6064,-28084.4668,21.9621,-4702.6294,-28636.3027,29.1779,779.1273,0.0002,0.0020,-3.1379,0.7852,3.1416,-4704.5728,-28633.3223,25.0611,-0.0001,0.0006,1
-4703.1636,-28634.3926,24.9425,-5252.6064,-28084.4668,21.9621,-4697.9629,-28637.1211,26.7478,782.9882,-0.0003,0.0015,-3.1379,0.7852,3.1416,-4704.3945,-28633.4199,25.1309,0.0001,0.0004,1
-4703.1636,-28634.3926,24.9425,-5252.6064,-28084.4668,21.9621,-4704.3447,-28626.9688,24.2578,771.2969,-0.0009,0.0010,-3.1379,0.7852,3.1416,-4704.4053,-28633.2012,25.1235,0.0003,0.0003,1
-4703.1636,-28634.3926,24.9425,-5252.6064,-28084.4668,21.9621,-4706.5732,-28634.6660,21.8283,775.1577,0.0006,0.0005,-3.1379,0.7852,3.1416,-4704.4868,-28633.2168,25.0351,-0.0002,0.0001,1
-4703.1636,-28634.3926,24.9425,-5252.6064,-28084.4668,21.9621,-4701.9512,-28635.4707,29.1638,779.0181,0.0000,0.0020,-3.1379,0.7852,3.1416,-4704.4238,-28633.2637,25.1750,-0.0000,0.0006,1
-4703.1636,-28634.3926,24.9425,-5252.6064,-28084.4668,21.9621,-4707.0923,-28632.6328,27.5941,773.3666,0.0004,0.0016,-3.1379,0.7852,3.1416,-4704.5200,-28633.2266,25.2733,-0.0001,0.0005,1
-4703.1636,-28634.3926,24.9425,-5252.6064,-28084.4668,21.9621,-4710.5293,-28632.9941,24.2446,771.1877,0.0009,0.0010,-3.1379,0.7852,3.1416,-4704.7334,-28633.1992,25.2674,-0.0003,0.0003,1
-4703.1636,-28634.3926,24.9425,-5252.6064,-28084.4668,21.9621,-4705.8970,-28633.8398,21.8152,775.0485,0.0004,0.0005,-3.1379,0.7852,3.1416,-4704.8081,-28633.1992,25.1799,-0.0001,0.0001,1
-4703.1636,-28634.3926,24.9425,-5252.6064,-28084.4668,21.9621,-4701.2734,-28634.6387,29.1498,778.9089,-0.0002,0.0020,-3.1379,0.7852,3.1416,-4704.7349,-28633.2266,25.3200,0.0001,0.0006,1
-4703.1636,-28634.3926,24.9425,-5252.6064,-28084.4668,21.9621,-4696.6055,-28635.4434,26.7205,782.7698,-0.0008,0.0015,-3.1379,0.7852,3.1416,-4704.5039,-28633.2852,25.3896,0.0002,0.0004,1
-4703.1636,-28634.3926,24.9425,-5252.6064,-28084.4668,21.9621,-4709.8550,-28632.1738,24.2315,771.0786,0.0007,0.0010,-3.1379,0.7852,3.1416,-4704.6807,-28633.2422,25.3810,-0.0002,0.0003,1
-4703.1636,-28634.3926,24.9425,-5252.6064,-28084.4668,21.9621,-4705.2217,-28633.0137,21.8024,774.9394,0.0001,0.0005,-3.1379,0.7852,3.1416,-4704.7178,-28633.2246,25.2904,-0.0000,0.0001,1
-4703.1636,-28634.3926,24.9425,-5252.6064,-28084.4668,21.9621,-4700.5977,-28633.8066,29.1359,778.7997,-0.0004,0.0020,-3.1379,0.7852,3.1416,-4704.6069,-28633.2344,25.4272,0.0001,0.0006,1
-4703.1636,-28634.3926,24.9425,-5252.6064,-28084.4668,21.9621,-4695.9287,-28634.6055,26.7068,782.6606,-0.0010,0.0015,-3.1379,0.7852,3.1416,-4704.3379,-28633.2695,25.4933,0.0003,0.0004,1
-4703.1636,-28634.3926,24.9425,-5252.6064,-28084.4668,21.9621,-4709.1821,-28631.3516,24.2181,770.9694,0.0005,0.0010,-3.1379,0.7852,3.1416,-4704.4766,-28633.2031,25.4807,-0.0001,0.0003,1
-4703.1636,-28634.3926,24.9425,-5252.6064,-28084.4668,21.9621,-4704.5479,-28632.1855,21.7893,774.8303,-0.0001,0.0005,-3.1379,0.7852,3.1416,-4704.4756,-28633.1602,25.3860,0.0000,0.0001,1
-4703.1636,-28634.3926,24.9425,-5252.6064,-28084.4668,21.9621,-4709.3252,-28633.7793,21.7694,772.5911,0.0008,0.0004,-3.1379,0.7852,3.1416,-4704.6294,-28633.1660,25.2815,-0.0003,0.0001,1
-4703.1636,-28634.3926,24.9425,-5252.6064,-28084.4668,21.9621,-4702.1997,-28640.7266,26.6932,782.5515,0.0008,0.0015,-3.1379,0.7852,3.1416,-4704.5640,-28633.3984,25.3276,-0.0002,0.0004,1
-4703.1636,-28634.3926,24.9425,-5252.6064,-28084.4668,21.9621,-4708.5103,-28630.5293,24.2049,770.8602,0.0003,0.0010,-3.1379,0.7852,3.1416,-4704.6968,-28633.3164,25.2966,-0.0001,0.0003,1
-4703.1636,-28634.3926,24.9425,-5252.6064,-28084.4668,21.9621,-4703.8750,-28631.3574,21.7764,774.7211,-0.0003,0.0004,-3.1379,0.7852,3.1416,-4704.6870,-28633.2578,25.1848,0.0001,0.0001,1
-4703.1636,-28634.3926,24.9425,-5252.6064,-28084.4668,21.9621,-4699.2490,-28632.1387,29.1081,778.5815,-0.0009,0.0019,-3.1379,0.7852,3.1416,-4704.5264,-28633.2188,25.3016,0.0003,0.0006,1
-4703.1636,-28634.3926,24.9425,-5252.6064,-28084.4668,21.9621,-4703.9824,-28630.8496,27.7989,774.3049,-0.0004,0.0017,-3.1379,0.7852,3.1416,-4704.5059,-28633.1367,25.3853,0.0001,0.0005,1
-4703.1636,-28634.3926,24.9425,-5252.6064,-28084.4668,21.9621,-4707.8394,-28629.7070,24.1918,770.7510,0.0000,0.0009,-3.1379,0.7852,3.1416,-4704.6094,-28633.0117,25.3574,-0.0000,0.0003,1
-4703.1636,-28634.3926,24.9425,-5252.6064,-28084.4668,21.9621,-4703.2036,-28630.5273,21.7635,774.6119,-0.0005,0.0004,-3.1379,0.7852,3.1416,-4704.5703,-28632.9062,25.2484,0.0002,0.0001,1
-4703.1636,-28634.3926,24.9425,-5252.6064,-28084.4668,21.9621,-4705.4922,-28638.2207,29.0941,778.4723,0.0009,0.0019,-3.1379,0.7852,3.1416,-4704.6011,-28633.0469,25.3676,-0.0003,0.0006,1
-4703.1636,-28634.3926,24.9425,-5252.6064,-28084.4668,21.9621,-4700.8311,-28639.0605,26.6658,782.3332,0.0004,0.0014,-3.1379,0.7852,3.1416,-4704.4849,-28633.2246,25.4167,-0.0001,0.0004,1
-4703.1636,-28634.3926,24.9425,-5252.6064,-28084.4668,21.9621,-4707.1704,-28628.8828,24.1785,770.6419,-0.0002,0.0009,-3.1379,0.7852,3.1416,-4704.5645,-28633.0879,25.3881,0.0001,0.0003,1
-4703.1636,-28634.3926,24.9425,-5252.6064,-28084.4668,21.9621,-4702.5337,-28629.6973,21.7506,774.5027,-0.0007,0.0004,-3.1379,0.7852,3.1416,-4704.5000,-28632.9688,25.2782,0.0002,0.0001,1
-4703.1636,-28634.3926,24.9425,-5252.6064,-28084.4668,21.9621,-4704.8105,-28637.3926,29.0801,778.3632,0.0007,0.0019,-3.1379,0.7852,3.1416,-4704.5049,-28633.0898,25.3964,-0.0002,0.0006,1
-4703.1636,-28634.3926,24.9425,-5252.6064,-28084.4668,21.9621,-4700.1484,-28638.2266,26.6523,782.2240,0.0002,0.0014,-3.1379,0.7852,3.1416,-4704.3613,-28633.2480,25.4445,-0.0000,0.0004,1
-4703.1636,-28634.3926,24.9425,-5252.6064,-28084.4668,21.9621,-4706.5020,-28628.0566,24.1654,770.5328,-0.0004,0.0009,-3.1379,0.7852,3.1416,-4704.4131,-28633.0898,25.4147,0.0001,0.0003,1
-4703.1636,-28634.3926,24.9425,-5252.6064,-28084.4668,21.9621,-4701.8643,-28628.8672,21.7379,774.3936,-0.0010,0.0004,-3.1379,0.7852,3.1416,-4704.3203,-28632.9473,25.3036,0.0003,0.0001,1
-4703.1636,-28634.3926,24.9425,-5252.6064,-28084.4668,21.9621,-4704.1304,-28636.5645,29.0663,778.2540,0.0005,0.0019,-3.1379,0.7852,3.1416,-4704.2954,-28633.0449,25.4204,-0.0001,0.0006,1
-4703.1636,-28634.3926,24.9425,-5252.6064,-28084.4668,21.9621,-4699.4673,-28637.3926,26.6388,782.1149,-0.0001,0.0014,-3.1379,0.7852,3.1416,-4704.1226,-28633.1758,25.4671,0.0000,0.0004,1
-4703.1636,-28634.3926,24.9425,-5252.6064,-28084.4668,21.9621,-4705.8350,-28627.2324,24.1521,770.4236,-0.0006,0.0009,-3.1379,0.7852,3.1416,-4704.1445,-28632.9883,25.4358,0.0002,0.0003,1
-4703.1636,-28634.3926,24.9425,-5252.6064,-28084.4668,21.9621,-4708.0708,-28634.9219,21.7249,774.2844,0.0008,0.0004,-3.1379,0.7852,3.1416,-4704.2437,-28633.0371,25.3231,-0.0002,0.0001,1
-4703.1636,-28634.3926,24.9425,-5252.6064,-28084.4668,21.9621,-4703.4512,-28635.7363,29.0520,778.1448,0.0003,0.0019,-3.1379,0.7852,3.1416,-4704.2031,-28633.1172,25.4383,-0.0001,0.0006,1
-4703.1636,-28634.3926,24.9425,-5252.6064,-28084.4668,21.9621,-4698.7876,-28636.5566,26.6246,782.0057,-0.0003,0.0014,-3.1379,0.7852,3.1416,-4704.0127,-28633.2285,25.4833,0.0001,0.0004,1
-4703.1636,-28634.3926,24.9425,-5252.6064,-28084.4668,21.9621,-4705.1694,-28626.4043,24.1389,770.3144,-0.0008,0.0009,-3.1379,0.7852,3.1416,-4704.0161,-28633.0195,25.4503,0.0003,0.0003,1
-4703.1636,-28634.3926,24.9425,-5252.6064,-28084.4668,21.9621,-4707.3940,-28634.0977,21.7119,774.1753,0.0006,0.0004,-3.1379,0.7852,3.1416,-4704.0957,-28633.0449,25.3358,-0.0002,0.0001,1
-4703.1636,-28634.3926,24.9425,-5252.6064,-28084.4668,21.9621,-4702.7734,-28634.9062,29.0378,778.0357,0.0001,0.0019,-3.1379,0.7852,3.1416,-4704.0342,-28633.0977,25.4493,-0.0000,0.0006,1
-4703.1636,-28634.3926,24.9425,-5252.6064,-28084.4668,21.9621,-4698.1089,-28635.7207,26.6107,781.8965,-0.0005,0.0014,-3.1379,0.7852,3.1416,-4703.8218,-28633.1816,25.4925,0.0002,0.0004,1
-4703.1636,-28634.3926,24.9425,-5252.6064,-28084.4668,21.9621,-4711.3481,-28632.4219,24.1259,770.2053,0.0009,0.0009,-3.1379,0.7852,3.1416,-4704.0254,-28633.1660,25.4578,-0.0003,0.0003,1
-4703.1636,-28634.3926,24.9425,-5252.6064,-28084.4668,21.9621,-4706.7183,-28633.2715,21.6989,774.0662,0.0004,0.0004,-3.1379,0.7852,3.1416,-4704.0957,-28633.1738,25.3416,-0.0001,0.0001,1
-4703.1636,-28634.3926,24.9425,-5252.6064,-28084.4668,21.9621,-4702.0967,-28634.0742,29.0237,777.9265,-0.0002,0.0019,-3.1379,0.7852,3.1416,-4704.0239,-28633.2090,25.4533,0.0000,0.0006,1
-4703.1636,-28634.3926,24.9425,-5252.6064,-28084.4668,21.9621,-4701.0532,-28630.8574,25.4407,776.3755,-0.0008,0.0012,-3.1379,0.7852,3.1416,-4703.9141,-28633.1426,25.4578,0.0002,0.0004,1
-4703.1636,-28634.3926,24.9425,-5252.6064,-28084.4668,21.9621,-4698.3066,-28637.7812,22.6691,783.2003,-0.0002,0.0006,-3.1379,0.7852,3.1416,-4703.7119,-28633.2910,25.3736,0.0001,0.0002,1
-4703.1636,-28634.3926,24.9425,-5252.6064,-28084.4668,21.9621,-4706.0439,-28632.4453,21.6860,773.9570,0.0002,0.0004,-3.1379,0.7852,3.1416,-4703.7471,-28633.2793,25.2506,-0.0001,0.0001,1
-4703.1636,-28634.3926,24.9425,-5252.6064,-28084.4668,21.9621,-4701.4214,-28633.2422,29.0097,777.8174,-0.0004,0.0019,-3.1379,0.7852,3.1416,-4703.6401,-28633.2910,25.3561,0.0001,0.0006,1
-4703.1636,-28634.3926,24.9425,-5252.6064,-28084.4668,21.9621,-4696.7554,-28634.0449,26.5831,781.6782,-0.0009,0.0014,-3.1379,0.7852,3.1416,-4703.3809,-28633.3262,25.3919,0.0003,0.0004,1
-4703.1636,-28634.3926,24.9425,-5252.6064,-28084.4668,21.9621,-4710.0020,-28630.7812,24.0993,769.9869,0.0005,0.0009,-3.1379,0.7852,3.1416,-4703.5356,-28633.2578,25.3503,-0.0002,0.0003,1
-4703.1636,-28634.3926,24.9425,-5252.6064,-28084.4668,21.9621,-4705.3706,-28631.6191,21.6730,773.8478,-0.0000,0.0004,-3.1379,0.7852,3.1416,-4703.5566,-28633.2109,25.2278,0.0000,0.0001,1
-4703.1636,-28634.3926,24.9425,-5252.6064,-28084.4668,21.9621,-4698.2715,-28638.7773,20.4616,783.9311,-0.0000,0.0002,-3.1379,0.7852,3.1416,-4703.3564,-28633.3906,25.0607,0.0000,0.0001,1
-4703.1636,-28634.3926,24.9425,-5252.6064,-28084.4668,21.9621,-4703.0200,-28640.1562,26.5695,781.5690,0.0008,0.0014,-3.1379,0.7852,3.1416,-4703.2974,-28633.6250,25.0793,-0.0003,0.0004,1
-4703.1636,-28634.3926,24.9425,-5252.6064,-28084.4668,21.9621,-4709.3306,-28629.9609,24.0861,769.8782,0.0003,0.0009,-3.1379,0.7852,3.1416,-4703.4448,-28633.5449,25.0225,-0.0001,0.0003,1
-4703.1636,-28634.3926,24.9425,-5252.6064,-28084.4668,21.9621,-4704.6987,-28630.7910,21.6600,773.7386,-0.0003,0.0004,-3.1379,0.7852,3.1416,-4703.4570,-28633.4824,24.8865,0.0001,0.0001,1
-4703.1636,-28634.3926,24.9425,-5252.6064,-28084.4668,21.9621,-4700.0742,-28631.5762,28.9816,777.5995,-0.0008,0.0019,-3.1379,0.7852,3.1416,-4703.3237,-28633.4395,24.9806,0.0002,0.0006,1
-4703.1636,-28634.3926,24.9425,-5252.6064,-28084.4668,21.9621,-4702.3359,-28639.3262,26.5557,781.4600,0.0006,0.0014,-3.1379,0.7852,3.1416,-4703.2573,-28633.6387,25.0067,-0.0002,0.0004,1
-4703.1636,-28634.3926,24.9425,-5252.6064,-28084.4668,21.9621,-4697.6714,-28640.1426,24.1053,785.3207,0.0001,0.0009,-3.1379,0.7852,3.1416,-4703.0420,-28633.8770,24.9589,-0.0000,0.0003,1
-4703.1636,-28634.3926,24.9425,-5252.6064,-28084.4668,21.9621,-4704.0278,-28629.9629,21.6471,773.6295,-0.0005,0.0004,-3.1379,0.7852,3.1416,-4703.0200,-28633.7988,24.8303,0.0001,0.0001,1
-4703.1636,-28634.3926,24.9425,-5252.6064,-28084.4668,21.9621,-4706.3105,-28637.6504,28.9677,777.4904,0.0010,0.0019,-3.1379,0.7852,3.1416,-4703.0757,-28633.9590,24.9317,-0.0003,0.0006,1
-4703.1636,-28634.3926,24.9425,-5252.6064,-28084.4668,21.9621,-4701.6528,-28638.4941,26.5418,781.3508,0.0004,0.0014,-3.1379,0.7852,3.1416,-4702.9907,-28634.1523,24.9648,-0.0001,0.0004,1
-4703.1636,-28634.3926,24.9425,-5252.6064,-28084.4668,21.9621,-4696.9878,-28639.3047,24.0918,785.2117,-0.0001,0.0009,-3.1379,0.7852,3.1416,-4702.7563,-28634.3789,24.9238,0.0000,0.0003,1
-4703.1636,-28634.3926,24.9425,-5252.6064,-28084.4668,21.9621,-4703.3584,-28629.1348,21.6339,773.5203,-0.0007,0.0004,-3.1379,0.7852,3.1416,-4702.7148,-28634.2852,24.8018,0.0002,0.0001,1
-4703.1636,-28634.3926,24.9425,-5252.6064,-28084.4668,21.9621,-4705.6299,-28636.8242,28.9537,777.3812,0.0007,0.0019,-3.1379,0.7852,3.1416,-4702.7505,-28634.4258,24.9096,-0.0002,0.0006,1
-4703.1636,-28634.3926,24.9425,-5252.6064,-28084.4668,21.9621,-4700.9712,-28637.6602,26.5280,781.2416,0.0002,0.0014,-3.1379,0.7852,3.1416,-4702.6445,-28634.5957,24.9489,-0.0001,0.0004,1
-4703.1636,-28634.3926,24.9425,-5252.6064,-28084.4668,21.9621,-4696.3052,-28638.4668,24.0784,785.1025,-0.0004,0.0009,-3.1379,0.7852,3.1416,-4702.3896,-28634.7949,24.9138,0.0001,0.0003,1
-4703.1636,-28634.3926,24.9425,-5252.6064,-28084.4668,21.9621,-4705.6055,-28626.9785,20.3872,770.4098,-0.0007,0.0002,-3.1379,0.7852,3.1416,-4702.4214,-28634.6270,24.7570,0.0002,0.0000,1
-4703.1636,-28634.3926,24.9425,-5252.6064,-28084.4668,21.9621,-4702.8350,-28640.0977,20.7149,781.6493,0.0008,0.0002,-3.1379,0.7852,3.1416,-4702.3735,-28634.8633,24.6038,-0.0002,0.0001,1
-4703.1636,-28634.3926,24.9425,-5252.6064,-28084.4668,21.9621,-4705.0352,-28637.7715,23.0696,778.4462,0.0008,0.0007,-3.1379,0.7852,3.1416,-4702.3999,-28635.0332,24.5183,-0.0002,0.0002,1
-4703.1636,-28634.3926,24.9425,-5252.6064,-28084.4668,21.9621,-4695.6240,-28637.6270,24.0652,784.9933,-0.0006,0.0009,-3.1379,0.7852,3.1416,-4702.1338,-28635.2012,24.4634,0.0002,0.0003,1
-4703.1636,-28634.3926,24.9425,-5252.6064,-28084.4668,21.9621,-4708.8906,-28634.3496,21.6086,773.3020,0.0009,0.0004,-3.1379,0.7852,3.1416,-4702.2822,-28635.2656,24.3298,-0.0003,0.0001,1
-4703.1636,-28634.3926,24.9425,-5252.6064,-28084.4668,21.9621,-4704.2720,-28635.1680,28.9258,777.1629,0.0003,0.0019,-3.1379,0.7852,3.1416,-4702.2979,-28635.3496,24.4279,-0.0001,0.0006,1
-4703.1636,-28634.3926,24.9425,-5252.6064,-28084.4668,21.9621,-4705.3179,-28634.1016,22.5029,775.6418,0.0003,0.0006,-3.1379,0.7852,3.1416,-4702.3540,-28635.3965,24.3311,-0.0001,0.0002,1
-4703.1636,-28634.3926,24.9425,-5252.6064,-28084.4668,21.9621,-4694.9438,-28636.7852,24.0517,784.8842,-0.0008,0.0009,-3.1379,0.7852,3.1416,-4702.0864,-28635.5215,24.2819,0.0002,0.0003,1
-4703.1636,-28634.3926,24.9425,-5252.6064,-28084.4668,21.9621,-4708.2144,-28633.5273,21.5958,773.1929,0.0006,0.0004,-3.1379,0.7852,3.1416,-4702.2310,-28635.5410,24.1544,-0.0002,0.0001,1
-4703.1636,-28634.3926,24.9425,-5252.6064,-28084.4668,21.9621,-4703.5947,-28634.3398,28.9118,777.0537,0.0001,0.0019,-3.1379,0.7852,3.1416,-4702.2407,-28635.5801,24.2589,-0.0000,0.0006,1
-4703.1636,-28634.3926,24.9425,-5252.6064,-28084.4668,21.9621,-4698.9336,-28635.1582,26.4872,780.9142,-0.0005,0.0014,-3.1379,0.7852,3.1416,-4702.1055,-28635.6387,24.2972,0.0001,0.0004,1
-4703.1636,-28634.3926,24.9425,-5252.6064,-28084.4668,21.9621,-4701.2393,-28642.9160,24.0385,784.7750,0.0010,0.0009,-3.1379,0.7852,3.1416,-4702.0386,-28635.9414,24.2633,-0.0003,0.0003,1
-4703.1636,-28634.3926,24.9425,-5252.6064,-28084.4668,21.9621,-4707.5396,-28632.7031,21.5828,773.0837,0.0004,0.0004,-3.1379,0.7852,3.1416,-4702.1753,-28635.9277,24.1504,-0.0001,0.0001,1
-4703.1636,-28634.3926,24.9425,-5252.6064,-28084.4668,21.9621,-4702.9189,-28633.5098,28.8978,776.9446,-0.0001,0.0019,-3.1379,0.7852,3.1416,-4702.1758,-28635.9297,24.2690,0.0000,0.0006,1
-4703.1636,-28634.3926,24.9425,-5252.6064,-28084.4668,21.9621,-4698.2573,-28634.3223,26.4734,780.8050,-0.0007,0.0014,-3.1379,0.7852,3.1416,-4702.0293,-28635.9492,24.3206,0.0002,0.0004,1
-4703.1636,-28634.3926,24.9425,-5252.6064,-28084.4668,21.9621,-4700.5518,-28642.0840,24.0249,784.6658,0.0008,0.0009,-3.1379,0.7852,3.1416,-4701.9497,-28636.2109,24.2993,-0.0002,0.0003,1
-4703.1636,-28634.3926,24.9425,-5252.6064,-28084.4668,21.9621,-4706.8657,-28631.8770,21.5699,772.9745,0.0002,0.0004,-3.1379,0.7852,3.1416,-4702.0718,-28636.1543,24.1983,-0.0001,0.0001,1
-4703.1636,-28634.3926,24.9425,-5252.6064,-28084.4668,21.9621,-4702.2446,-28632.6797,28.8837,776.8354,-0.0003,0.0019,-3.1379,0.7852,3.1416,-4702.0562,-28636.1113,24.3281,0.0001,0.0006,1
-4703.1636,-28634.3926,24.9425,-5252.6064,-28084.4668,21.9621,-4697.5815,-28633.4844,26.4597,780.6958,-0.0009,0.0014,-3.1379,0.7852,3.1416,-4701.8926,-28636.0859,24.3902,0.0003,0.0004,1
-4703.1636,-28634.3926,24.9425,-5252.6064,-28084.4668,21.9621,-4699.8647,-28641.2480,24.0114,784.5567,0.0005,0.0009,-3.1379,0.7852,3.1416,-4701.7944,-28636.2988,24.3787,-0.0002,0.0003,1
-4703.1636,-28634.3926,24.9425,-5252.6064,-28084.4668,21.9621,-4706.1929,-28631.0527,21.5569,772.8654,-0.0000,0.0004,-3.1379,0.7852,3.1416,-4701.8970,-28636.1934,24.2868,0.0000,0.0001,1
-4703.1636,-28634.3926,24.9425,-5252.6064,-28084.4668,21.9621,-4708.7632,-28634.0137,27.8099,773.1705,0.0008,0.0017,-3.1379,0.7852,3.1416,-4702.0938,-28636.1680,24.3912,-0.0002,0.0005,1
-4703.1636,-28634.3926,24.9425,-5252.6064,-28084.4668,21.9621,-4703.8398,-28639.5859,26.4461,780.5867,0.0009,0.0014,-3.1379,0.7852,3.1416,-4702.1460,-28636.3164,24.4587,-0.0003,0.0004,1
-4703.1636,-28634.3926,24.9425,-5252.6064,-28084.4668,21.9621,-4699.1792,-28640.4141,23.9980,784.4475,0.0003,0.0009,-3.1379,0.7852,3.1416,-4702.0537,-28636.4961,24.4521,-0.0001,0.0003,1
-4703.1636,-28634.3926,24.9425,-5252.6064,-28084.4668,21.9621,-4705.5220,-28630.2246,21.5440,772.7562,-0.0002,0.0004,-3.1379,0.7852,3.1416,-4702.1587,-28636.3555,24.3645,0.0001,0.0001,1
-4703.1636,-28634.3926,24.9425,-5252.6064,-28084.4668,21.9621,-4709.9546,-28632.7910,29.2103,771.4749,0.0008,0.0020,-3.1379,0.7852,3.1416,-4702.4150,-28636.2812,24.5188,-0.0002,0.0006,1
-4703.1636,-28634.3926,24.9425,-5252.6064,-28084.4668,21.9621,-4702.1084,-28637.7832,20.6862,780.5173,0.0004,0.0002,-3.1379,0.7852,3.1416,-4702.4331,-28636.3574,24.4086,-0.0001,0.0001,1
-4703.1636,-28634.3926,24.9425,-5252.6064,-28084.4668,21.9621,-4695.5894,-28636.5898,23.3271,784.2870,-0.0007,0.0008,-3.1379,0.7852,3.1416,-4702.2422,-28636.3984,24.3747,0.0002,0.0002,1
-4703.1636,-28634.3926,24.9425,-5252.6064,-28084.4668,21.9621,-4704.8521,-28629.3984,21.5311,772.6470,-0.0004,0.0004,-3.1379,0.7852,3.1416,-4702.3320,-28636.2051,24.2798,0.0001,0.0001,1
-4703.1636,-28634.3926,24.9425,-5252.6064,-28084.4668,21.9621,-4707.1294,-28637.0801,28.8419,776.5079,0.0010,0.0019,-3.1379,0.7852,3.1416,-4702.4995,-28636.2441,24.4150,-0.0003,0.0006,1
-4703.1636,-28634.3926,24.9425,-5252.6064,-28084.4668,21.9621,-4702.4746,-28637.9258,26.4186,780.3683,0.0004,0.0014,-3.1379,0.7852,3.1416,-4702.5273,-28636.3125,24.4818,-0.0001,0.0004,1
-4703.1636,-28634.3926,24.9425,-5252.6064,-28084.4668,21.9621,-4702.7817,-28633.0742,21.6278,776.7073,-0.0002,0.0004,-3.1379,0.7852,3.1416,-4702.5630,-28636.2266,24.3988,0.0001,0.0001,1
-4703.1636,-28634.3926,24.9425,-5252.6064,-28084.4668,21.9621,-4704.1831,-28628.5703,21.5181,772.5379,-0.0007,0.0004,-3.1379,0.7852,3.1416,-4702.6436,-28635.9883,24.3054,0.0002,0.0001,1
-4703.1636,-28634.3926,24.9425,-5252.6064,-28084.4668,21.9621,-4706.4492,-28636.2539,28.8279,776.3988,0.0008,0.0019,-3.1379,0.7852,3.1416,-4702.7993,-28635.9805,24.4418,-0.0002,0.0006,1
-4703.1636,-28634.3926,24.9425,-5252.6064,-28084.4668,21.9621,-4701.7935,-28637.0938,26.4049,780.2592,0.0002,0.0014,-3.1379,0.7852,3.1416,-4702.8115,-28636.0020,24.5098,-0.0001,0.0004,1
-4703.1636,-28634.3926,24.9425,-5252.6064,-28084.4668,21.9621,-4697.1304,-28637.9023,23.9575,784.1200,-0.0003,0.0009,-3.1379,0.7852,3.1416,-4702.6709,-28636.0508,24.5032,0.0001,0.0003,1
-4703.1636,-28634.3926,24.9425,-5252.6064,-28084.4668,21.9621,-4703.5156,-28627.7422,21.5052,772.4288,-0.0009,0.0004,-3.1379,0.7852,3.1416,-4702.7207,-28635.7773,24.4154,0.0003,0.0001,1
-4703.1636,-28634.3926,24.9425,-5252.6064,-28084.4668,21.9621,-4705.7705,-28635.4277,28.8138,776.2897,0.0006,0.0019,-3.1379,0.7852,3.1416,-4702.8438,-28635.7344,24.5567,-0.0002,0.0006,1
-4703.1636,-28634.3926,24.9425,-5252.6064,-28084.4668,21.9621,-4701.1138,-28636.2617,26.3911,780.1500,0.0000,0.0014,-3.1379,0.7852,3.1416,-4702.8228,-28635.7207,24.6289,-0.0000,0.0004,1
-4703.1636,-28634.3926,24.9425,-5252.6064,-28084.4668,21.9621,-4705.1655,-28630.6582,24.4625,773.3158,-0.0002,0.0010,-3.1379,0.7852,3.1416,-4702.9268,-28635.5273,24.6424,0.0001,0.0003,1
-4703.1636,-28634.3926,24.9425,-5252.6064,-28084.4668,21.9621,-4709.7095,-28633.7773,21.4925,772.3196,0.0009,0.0004,-3.1379,0.7852,3.1416,-4703.1812,-28635.4258,24.5586,-0.0003,0.0001,1
-4703.1636,-28634.3926,24.9425,-5252.6064,-28084.4668,21.9621,-4705.0928,-28634.6016,28.7998,776.1805,0.0003,0.0019,-3.1379,0.7852,3.1416,-4703.2988,-28635.3496,24.7032,-0.0001,0.0006,1
-4703.1636,-28634.3926,24.9425,-5252.6064,-28084.4668,21.9621,-4700.4355,-28635.4277,26.3774,780.0408,-0.0002,0.0014,-3.1379,0.7852,3.1416,-4703.2686,-28635.3008,24.7780,0.0001,0.0004,1
-4703.1636,-28634.3926,24.9425,-5252.6064,-28084.4668,21.9621,-4695.7710,-28636.2246,23.9307,783.9017,-0.0008,0.0009,-3.1379,0.7852,3.1416,-4703.0811,-28635.2793,24.7771,0.0002,0.0003,1
-4703.1636,-28634.3926,24.9425,-5252.6064,-28084.4668,21.9621,-4709.0342,-28632.9551,21.4796,772.2104,0.0007,0.0004,-3.1379,0.7852,3.1416,-4703.3013,-28635.1562,24.6934,-0.0002,0.0001,1
-4703.1636,-28634.3926,24.9425,-5252.6064,-28084.4668,21.9621,-4704.4165,-28633.7734,28.7858,776.0713,0.0001,0.0019,-3.1379,0.7852,3.1416,-4703.3833,-28635.0566,24.8377,-0.0000,0.0006,1
-4703.1636,-28634.3926,24.9425,-5252.6064,-28084.4668,21.9621,-4699.7583,-28634.5938,26.3636,779.9317,-0.0004,0.0014,-3.1379,0.7852,3.1416,-4703.3159,-28634.9844,24.9117,0.0001,0.0004,1
-4703.1636,-28634.3926,24.9425,-5252.6064,-28084.4668,21.9621,-4695.0928,-28635.3848,23.9172,783.7925,-0.0010,0.0009,-3.1379,0.7852,3.1416,-4703.0908,-28634.9395,24.9094,0.0003,0.0003,1
-4703.1636,-28634.3926,24.9425,-5252.6064,-28084.4668,21.9621,-4697.8687,-28634.4297,27.6996,781.1638,-0.0007,0.0017,-3.1379,0.7852,3.1416,-4702.9346,-28634.8672,25.0247,0.0002,0.0005,1
-4703.1636,-28634.3926,24.9425,-5252.6064,-28084.4668,21.9621,-4703.7417,-28632.9453,28.7718,775.9622,-0.0001,0.0019,-3.1379,0.7852,3.1416,-4702.9556,-28634.7480,25.1798,0.0000,0.0006,1
-4703.1636,-28634.3926,24.9425,-5252.6064,-28084.4668,21.9621,-4699.1895,-28637.7695,28.1243,782.5880,-0.0001,0.0017,-3.1379,0.7852,3.1416,-4702.8325,-28634.7812,25.3194,0.0000,0.0005,1
-4703.1636,-28634.3926,24.9425,-5252.6064,-28084.4668,21.9621,-4701.3726,-28641.5137,23.9040,783.6834,0.0008,0.0009,-3.1379,0.7852,3.1416,-4702.7715,-28634.9453,25.3283,-0.0002,0.0003,1
-4703.1636,-28634.3926,24.9425,-5252.6064,-28084.4668,21.9621,-4707.6870,-28631.3086,21.4538,771.9921,0.0002,0.0004,-3.1379,0.7852,3.1416,-4702.9121,-28634.7969,25.2517,-0.0001,0.0001,1
-4703.1636,-28634.3926,24.9425,-5252.6064,-28084.4668,21.9621,-4703.0679,-28632.1152,28.7578,775.8530,-0.0003,0.0019,-3.1379,0.7852,3.1416,-4702.9146,-28634.6680,25.4009,0.0001,0.0006,1
-4703.1636,-28634.3926,24.9425,-5252.6064,-28084.4668,21.9621,-4698.4077,-28632.9238,26.3365,779.7134,-0.0009,0.0014,-3.1379,0.7852,3.1416,-4702.7676,-28634.5625,25.4775,0.0003,0.0004,1
-4703.1636,-28634.3926,24.9425,-5252.6064,-28084.4668,21.9621,-4700.6865,-28640.6797,23.8908,783.5742,0.0006,0.0009,-3.1379,0.7852,3.1416,-4702.6851,-28634.7031,25.4758,-0.0002,0.0003,1
-4703.1636,-28634.3926,24.9425,-5252.6064,-28084.4668,21.9621,-4707.0151,-28630.4844,21.4411,771.8829,0.0000,0.0004,-3.1379,0.7852,3.1416,-4702.8027,-28634.5332,25.3885,-0.0000,0.0001,1
-4703.1636,-28634.3926,24.9425,-5252.6064,-28084.4668,21.9621,-4702.3950,-28631.2852,28.7441,775.7438,-0.0005,0.0019,-3.1379,0.7852,3.1416,-4702.7808,-28634.3809,25.5267,0.0002,0.0006,1
-4703.1636,-28634.3926,24.9425,-5252.6064,-28084.4668,21.9621,-4704.6597,-28639.0156,26.3230,779.6042,0.0009,0.0014,-3.1379,0.7852,3.1416,-4702.8311,-28634.4727,25.5925,-0.0003,0.0004,1
-4703.1636,-28634.3926,24.9425,-5252.6064,-28084.4668,21.9621,-4700.0020,-28639.8457,23.8774,783.4650,0.0004,0.0009,-3.1379,0.7852,3.1416,-4702.7368,-28634.6016,25.5799,-0.0001,0.0003,1
-4703.1636,-28634.3926,24.9425,-5252.6064,-28084.4668,21.9621,-4706.3447,-28629.6602,21.4282,771.7738,-0.0002,0.0004,-3.1379,0.7852,3.1416,-4702.8413,-28634.4160,25.4817,0.0001,0.0001,1
-4703.1636,-28634.3926,24.9425,-5252.6064,-28084.4668,21.9621,-4701.7236,-28630.4531,28.7301,775.6347,-0.0007,0.0019,-3.1379,0.7852,3.1416,-4702.8042,-28634.2500,25.6092,0.0002,0.0006,1
-4703.1636,-28634.3926,24.9425,-5252.6064,-28084.4668,21.9621,-4703.9771,-28638.1875,26.3093,779.4951,0.0007,0.0014,-3.1379,0.7852,3.1416,-4702.8374,-28634.3242,25.6643,-0.0002,0.0004,1
-4703.1636,-28634.3926,24.9425,-5252.6064,-28084.4668,21.9621,-4699.3184,-28639.0117,23.8639,783.3560,0.0001,0.0009,-3.1379,0.7852,3.1416,-4702.7241,-28634.4355,25.6412,-0.0000,0.0003,1
-4703.1636,-28634.3926,24.9425,-5252.6064,-28084.4668,21.9621,-4705.6758,-28628.8340,21.4153,771.6647,-0.0004,0.0004,-3.1379,0.7852,3.1416,-4702.8081,-28634.2305,25.5327,0.0001,0.0001,1
-4703.1636,-28634.3926,24.9425,-5252.6064,-28084.4668,21.9621,-4701.0537,-28629.6211,28.7161,775.5255,-0.0010,0.0019,-3.1379,0.7852,3.1416,-4702.7490,-28634.0410,25.6500,0.0003,0.0006,1
-4703.1636,-28634.3926,24.9425,-5252.6064,-28084.4668,21.9621,-4703.2959,-28637.3574,26.2956,779.3859,0.0005,0.0014,-3.1379,0.7852,3.1416,-4702.7593,-28634.0918,25.6952,-0.0001,0.0004,1
-4703.1636,-28634.3926,24.9425,-5252.6064,-28084.4668,21.9621,-4698.6362,-28638.1758,23.8505,783.2468,-0.0001,0.0009,-3.1379,0.7852,3.1416,-4702.6216,-28634.1777,25.6625,0.0000,0.0003,1
-4703.1636,-28634.3926,24.9425,-5252.6064,-28084.4668,21.9621,-4705.0078,-28628.0059,21.4025,771.5555,-0.0006,0.0004,-3.1379,0.7852,3.1416,-4702.6802,-28633.9473,25.5445,0.0002,0.0001,1
-4703.1636,-28634.3926,24.9425,-5252.6064,-28084.4668,21.9621,-4707.2686,-28635.6836,28.7024,775.4163,0.0008,0.0019,-3.1379,0.7852,3.1416,-4702.8174,-28633.9551,25.6528,-0.0002,0.0006,1
-4703.1636,-28634.3926,24.9425,-5252.6064,-28084.4668,21.9621,-4702.6157,-28636.5273,26.2818,779.2767,0.0003,0.0014,-3.1379,0.7852,3.1416,-4702.8145,-28633.9941,25.6893,-0.0001,0.0004,1
-4703.1636,-28634.3926,24.9425,-5252.6064,-28084.4668,21.9621,-4697.9551,-28637.3379,23.8370,783.1376,-0.0003,0.0009,-3.1379,0.7852,3.1416,-4702.6621,-28634.0645,25.6481,0.0001,0.0003,1
-4703.1636,-28634.3926,24.9425,-5252.6064,-28084.4668,21.9621,-4704.3408,-28627.1777,21.3896,771.4464,-0.0008,0.0004,-3.1379,0.7852,3.1416,-4702.7046,-28633.8184,25.5221,0.0003,0.0001,1
-4703.1636,-28634.3926,24.9425,-5252.6064,-28084.4668,21.9621,-4706.5903,-28634.8594,28.6884,775.3072,0.0006,0.0019,-3.1379,0.7852,3.1416,-4702.8232,-28633.8066,25.6227,-0.0002,0.0006,1
-4703.1636,-28634.3926,24.9425,-5252.6064,-28084.4668,21.9621,-4696.2446,-28637.7695,25.7415,784.6588,-0.0005,0.0013,-3.1379,0.7852,3.1416,-4702.6191,-28633.8906,25.6349,0.0001,0.0004,1
-4703.1636,-28634.3926,24.9425,-5252.6064,-28084.4668,21.9621,-4697.2754,-28636.5020,23.8236,783.0285,-0.0005,0.0009,-3.1379,0.7852,3.1416,-4702.4336,-28633.9453,25.5858,0.0002,0.0003,1
-4703.1636,-28634.3926,24.9425,-5252.6064,-28084.4668,21.9621,-4710.5283,-28633.2051,21.3769,771.3372,0.0009,0.0004,-3.1379,0.7852,3.1416,-4702.6646,-28633.9004,25.4523,-0.0003,0.0001,1
-4703.1636,-28634.3926,24.9425,-5252.6064,-28084.4668,21.9621,-4705.9136,-28634.0332,28.6744,775.1981,0.0004,0.0019,-3.1379,0.7852,3.1416,-4702.7642,-28633.8828,25.5459,-0.0001,0.0006,1
-4703.1636,-28634.3926,24.9425,-5252.6064,-28084.4668,21.9621,-4701.2593,-28634.8633,26.2544,779.0585,-0.0002,0.0014,-3.1379,0.7852,3.1416,-4702.7207,-28633.8926,25.5686,0.0001,0.0004,1
-4703.1636,-28634.3926,24.9425,-5252.6064,-28084.4668,21.9621,-4696.5972,-28635.6621,23.8102,782.9193,-0.0007,0.0009,-3.1379,0.7852,3.1416,-4702.5254,-28633.9316,25.5145,0.0002,0.0003,1
-4703.1636,-28634.3926,24.9425,-5252.6064,-28084.4668,21.9621,-4709.8535,-28632.3848,21.3640,771.2280,0.0007,0.0004,-3.1379,0.7852,3.1416,-4702.7441,-28633.8672,25.3767,-0.0002,0.0001,1
-4703.1636,-28634.3926,24.9425,-5252.6064,-28084.4668,21.9621,-4705.2383,-28633.2070,28.6604,775.0889,0.0002,0.0019,-3.1379,0.7852,3.1416,-4702.8291,-28633.8301,25.4662,-0.0000,0.0006,1
-4703.1636,-28634.3926,24.9425,-5252.6064,-28084.4668,21.9621,-4705.9307,-28633.1328,20.2391,774.5260,0.0003,0.0001,-3.1379,0.7852,3.1416,-4702.9414,-28633.7871,25.2917,-0.0001,0.0000,1
-4703.1636,-28634.3926,24.9425,-5252.6064,-28084.4668,21.9621,-4695.9199,-28634.8242,23.7968,782.8102,-0.0009,0.0009,-3.1379,0.7852,3.1416,-4702.7388,-28633.7988,25.2218,0.0003,0.0003,1
-4703.1636,-28634.3926,24.9425,-5252.6064,-28084.4668,21.9621,-4709.1802,-28631.5625,21.3511,771.1188,0.0005,0.0004,-3.1379,0.7852,3.1416,-4702.9473,-28633.7090,25.0699,-0.0002,0.0001,1
-4703.1636,-28634.3926,24.9425,-5252.6064,-28084.4668,21.9621,-4705.8081,-28636.7012,21.2984,777.1420,0.0008,0.0004,-3.1379,0.7852,3.1416,-4703.0591,-28633.7812,24.9103,-0.0002,0.0001,1
-4703.1636,-28634.3926,24.9425,-5252.6064,-28084.4668,21.9621,-4699.9077,-28633.1973,26.2271,778.8401,-0.0006,0.0014,-3.1379,0.7852,3.1416,-4702.9863,-28633.7480,24.9031,0.0002,0.0004,1
-4703.1636,-28634.3926,24.9425,-5252.6064,-28084.4668,21.9621,-4702.1934,-28640.9453,23.7836,782.7010,0.0008,0.0009,-3.1379,0.7852,3.1416,-4702.9795,-28633.9609,24.8226,-0.0003,0.0003,1
-4703.1636,-28634.3926,24.9425,-5252.6064,-28084.4668,21.9621,-4708.5083,-28630.7402,21.3383,771.0097,0.0003,0.0004,-3.1379,0.7852,3.1416,-4703.1748,-28633.8633,24.6620,-0.0001,0.0001,1
-4703.1636,-28634.3926,24.9425,-5252.6064,-28084.4668,21.9621,-4703.8906,-28631.5508,28.6324,774.8705,-0.0003,0.0019,-3.1379,0.7852,3.1416,-4703.2305,-28633.7852,24.7322,0.0001,0.0006,1
-4703.1636,-28634.3926,24.9425,-5252.6064,-28084.4668,21.9621,-4699.2339,-28632.3613,26.2134,778.7310,-0.0008,0.0014,-3.1379,0.7852,3.1416,-4703.1367,-28633.7266,24.7350,0.0002,0.0004,1
-4703.1636,-28634.3926,24.9425,-5252.6064,-28084.4668,21.9621,-4701.5083,-28640.1113,23.7702,782.5918,0.0006,0.0009,-3.1379,0.7852,3.1416,-4703.1064,-28633.9160,24.6646,-0.0002,0.0003,1
-4703.1636,-28634.3926,24.9425,-5252.6064,-28084.4668,21.9621,-4707.8374,-28629.9160,21.3254,770.9006,0.0001,0.0004,-3.1379,0.7852,3.1416,-4703.2764,-28633.7910,24.5144,-0.0000,0.0001,1
-4703.1636,-28634.3926,24.9425,-5252.6064,-28084.4668,21.9621,-4703.2188,-28630.7207,28.6185,774.7614,-0.0005,0.0019,-3.1379,0.7852,3.1416,-4703.3057,-28633.6836,24.5949,0.0001,0.0006,1
-4703.1636,-28634.3926,24.9425,-5252.6064,-28084.4668,21.9621,-4705.4790,-28638.4453,26.1999,778.6218,0.0010,0.0014,-3.1379,0.7852,3.1416,-4703.4058,-28633.8184,24.6080,-0.0003,0.0004,1
-4703.1636,-28634.3926,24.9425,-5252.6064,-28084.4668,21.9621,-4700.8242,-28639.2793,23.7568,782.4827,0.0004,0.0009,-3.1379,0.7852,3.1416,-4703.3604,-28633.9902,24.5478,-0.0001,0.0003,1
-4703.1636,-28634.3926,24.9425,-5252.6064,-28084.4668,21.9621,-4707.1675,-28629.0918,21.3125,770.7914,-0.0002,0.0004,-3.1379,0.7852,3.1416,-4703.5122,-28633.8457,24.4078,0.0000,0.0001,1
-4703.1636,-28634.3926,24.9425,-5252.6064,-28084.4668,21.9621,-4702.5483,-28629.8906,28.6045,774.6523,-0.0007,0.0019,-3.1379,0.7852,3.1416,-4703.5210,-28633.7168,24.4984,0.0002,0.0006,1
-4703.1636,-28634.3926,24.9425,-5252.6064,-28084.4668,21.9621,-4704.3564,-28626.8125,23.3283,771.1777,-0.0009,0.0008,-3.1379,0.7852,3.1416,-4703.5845,-28633.4785,24.4293,0.0003,0.0002,1
-4703.1636,-28634.3926,24.9425,-5252.6064,-28084.4668,21.9621,-4700.1416,-28638.4453,23.7433,782.3735,0.0002,0.0009,-3.1379,0.7852,3.1416,-4703.5132,-28633.6035,24.3730,-0.0001,0.0003,1
-4703.1636,-28634.3926,24.9425,-5252.6064,-28084.4668,21.9621,-4706.4990,-28628.2676,21.2996,770.6822,-0.0004,0.0004,-3.1379,0.7852,3.1416,-4703.6372,-28633.4102,24.2373,0.0001,0.0001,1
-4703.1636,-28634.3926,24.9425,-5252.6064,-28084.4668,21.9621,-4701.8789,-28629.0605,28.5906,774.5431,-0.0009,0.0018,-3.1379,0.7852,3.1416,-4703.6167,-28633.2344,24.3326,0.0003,0.0006,1
-4703.1636,-28634.3926,24.9425,-5252.6064,-28084.4668,21.9621,-4704.1167,-28636.7891,26.1725,778.4035,0.0005,0.0013,-3.1379,0.7852,3.1416,-4703.6631,-28633.2988,24.3607,-0.0002,0.0004,1
-4703.1636,-28634.3926,24.9425,-5252.6064,-28084.4668,21.9621,-4699.4600,-28637.6113,23.7299,782.2643,-0.0000,0.0008,-3.1379,0.7852,3.1416,-4703.5605,-28633.4004,24.3156,0.0000,0.0003,1
-4703.1636,-28634.3926,24.9425,-5252.6064,-28084.4668,21.9621,-4703.5571,-28628.5332,28.0250,772.9750,-0.0008,0.0017,-3.1379,0.7852,3.1416,-4703.5786,-28633.2188,24.4091,0.0002,0.0005,1
-4703.1636,-28634.3926,24.9425,-5252.6064,-28084.4668,21.9621,-4708.0874,-28635.1133,28.5771,774.4340,0.0009,0.0018,-3.1379,0.7852,3.1416,-4703.7422,-28633.2422,24.5291,-0.0003,0.0006,1
-4703.1636,-28634.3926,24.9425,-5252.6064,-28084.4668,21.9621,-4703.4375,-28635.9590,26.1591,778.2943,0.0003,0.0013,-3.1379,0.7852,3.1416,-4703.7642,-28633.2969,24.5801,-0.0001,0.0004,1
-4703.1636,-28634.3926,24.9425,-5252.6064,-28084.4668,21.9621,-4698.7798,-28636.7754,23.7168,782.1552,-0.0003,0.0008,-3.1379,0.7852,3.1416,-4703.6353,-28633.3867,24.5562,0.0001,0.0003,1
-4703.1636,-28634.3926,24.9425,-5252.6064,-28084.4668,21.9621,-4704.7607,-28627.3223,29.4246,771.2793,-0.0008,0.0020,-3.1379,0.7852,3.1416,-4703.6860,-28633.1777,24.7151,0.0002,0.0006,1
-4703.1636,-28634.3926,24.9425,-5252.6064,-28084.4668,21.9621,-4701.9922,-28640.4414,29.8842,782.5192,0.0007,0.0021,-3.1379,0.7852,3.1416,-4703.6499,-28633.3789,24.8965,-0.0002,0.0006,1
-4703.1636,-28634.3926,24.9425,-5252.6064,-28084.4668,21.9621,-4702.7593,-28635.1289,26.1455,778.1852,0.0001,0.0013,-3.1379,0.7852,3.1416,-4703.6338,-28633.4277,24.9687,-0.0000,0.0004,1
-4703.1636,-28634.3926,24.9425,-5252.6064,-28084.4668,21.9621,-4698.1011,-28635.9375,23.7034,782.0460,-0.0005,0.0008,-3.1379,0.7852,3.1416,-4703.4663,-28633.5039,24.9638,0.0001,0.0003,1
-4703.1636,-28634.3926,24.9425,-5252.6064,-28084.4668,21.9621,-4711.3467,-28632.6328,21.2616,770.3548,0.0010,0.0003,-3.1379,0.7852,3.1416,-4703.7144,-28633.4824,24.8747,-0.0003,0.0001,1
-4703.1636,-28634.3926,24.9425,-5252.6064,-28084.4668,21.9621,-4706.7339,-28633.4648,28.5492,774.2156,0.0004,0.0018,-3.1379,0.7852,3.1416,-4703.8291,-28633.4844,25.0125,-0.0001,0.0006,1
-4703.1636,-28634.3926,24.9425,-5252.6064,-28084.4668,21.9621,-4702.0825,-28634.2988,26.1318,778.0760,-0.0001,0.0013,-3.1379,0.7852,3.1416,-4703.7993,-28633.5117,25.0788,0.0000,0.0004,1
-4703.1636,-28634.3926,24.9425,-5252.6064,-28084.4668,21.9621,-4697.4233,-28635.1016,23.6901,781.9368,-0.0007,0.0008,-3.1379,0.7852,3.1416,-4703.6157,-28633.5684,25.0678,0.0002,0.0003,1
-4703.1636,-28634.3926,24.9425,-5252.6064,-28084.4668,21.9621,-4710.6729,-28631.8125,21.2488,770.2456,0.0008,0.0003,-3.1379,0.7852,3.1416,-4703.8457,-28633.5215,24.9725,-0.0002,0.0001,1
-4703.1636,-28634.3926,24.9425,-5252.6064,-28084.4668,21.9621,-4706.0596,-28632.6387,28.5353,774.1064,0.0002,0.0018,-3.1379,0.7852,3.1416,-4703.9395,-28633.4961,25.1038,-0.0001,0.0006,1
-4703.1636,-28634.3926,24.9425,-5252.6064,-28084.4668,21.9621,-4701.4067,-28633.4668,26.1181,777.9668,-0.0004,0.0013,-3.1379,0.7852,3.1416,-4703.8877,-28633.4980,25.1636,0.0001,0.0004,1
-4703.1636,-28634.3926,24.9425,-5252.6064,-28084.4668,21.9621,-4696.7466,-28634.2637,23.6767,781.8278,-0.0009,0.0008,-3.1379,0.7852,3.1416,-4703.6802,-28633.5234,25.1461,0.0003,0.0003,1
-4703.1636,-28634.3926,24.9425,-5252.6064,-28084.4668,21.9621,-4710.0005,-28630.9922,21.2359,770.1364,0.0005,0.0003,-3.1379,0.7852,3.1416,-4703.8843,-28633.4453,25.0441,-0.0002,0.0001,1
-4703.1636,-28634.3926,24.9425,-5252.6064,-28084.4668,21.9621,-4705.3857,-28631.8125,28.5213,773.9973,-0.0000,0.0018,-3.1379,0.7852,3.1416,-4703.9512,-28633.3867,25.1688,0.0000,0.0006,1
-4703.1636,-28634.3926,24.9425,-5252.6064,-28084.4668,21.9621,-4708.3018,-28633.6895,20.9679,773.2484,0.0007,0.0003,-3.1379,0.7852,3.1416,-4704.1147,-28633.3887,25.0561,-0.0002,0.0001,1
-4703.1636,-28634.3926,24.9425,-5252.6064,-28084.4668,21.9621,-4703.0142,-28640.3750,23.6635,781.7186,0.0009,0.0008,-3.1379,0.7852,3.1416,-4704.1162,-28633.6035,25.0212,-0.0003,0.0003,1
-4703.1636,-28634.3926,24.9425,-5252.6064,-28084.4668,21.9621,-4709.3291,-28630.1719,21.2230,770.0273,0.0003,0.0003,-3.1379,0.7852,3.1416,-4704.3179,-28633.5059,24.9031,-0.0001,0.0001,1
-4703.1636,-28634.3926,24.9425,-5252.6064,-28084.4668,21.9621,-4704.7134,-28630.9863,28.5074,773.8882,-0.0002,0.0018,-3.1379,0.7852,3.1416,-4704.3789,-28633.4258,25.0128,0.0001,0.0006,1
-4703.1636,-28634.3926,24.9425,-5252.6064,-28084.4668,21.9621,-4708.0225,-28630.8301,26.0857,771.4240,0.0002,0.0013,-3.1379,0.7852,3.1416,-4704.5459,-28633.3359,25.0521,-0.0001,0.0004,1
-4703.1636,-28634.3926,24.9425,-5252.6064,-28084.4668,21.9621,-4702.3296,-28639.5430,23.6501,781.6094,0.0007,0.0008,-3.1379,0.7852,3.1416,-4704.5347,-28633.5215,25.0151,-0.0002,0.0002,1
-4703.1636,-28634.3926,24.9425,-5252.6064,-28084.4668,21.9621,-4708.6587,-28629.3496,21.2102,769.9182,0.0001,0.0003,-3.1379,0.7852,3.1416,-4704.7207,-28633.3926,24.8950,-0.0000,0.0001,1
-4703.1636,-28634.3926,24.9425,-5252.6064,-28084.4668,21.9621,-4704.0420,-28630.1562,28.4935,773.7790,-0.0005,0.0018,-3.1379,0.7852,3.1416,-4704.7632,-28633.2793,25.0027,0.0001,0.0005,1
-4703.1636,-28634.3926,24.9425,-5252.6064,-28084.4668,21.9621,-4706.2983,-28637.8750,26.0774,777.6394,0.0010,0.0013,-3.1379,0.7852,3.1416,-4704.8740,-28633.4102,25.0400,-0.0003,0.0004,1
-4703.1636,-28634.3926,24.9425,-5252.6064,-28084.4668,21.9621,-4701.6465,-28638.7109,23.6368,781.5002,0.0004,0.0008,-3.1379,0.7852,3.1416,-4704.8359,-28633.5762,25.0012,-0.0001,0.0002,1
-4703.1636,-28634.3926,24.9425,-5252.6064,-28084.4668,21.9621,-4700.8784,-28631.0566,28.2424,776.6565,-0.0008,0.0018,-3.1379,0.7852,3.1416,-4704.7632,-28633.5098,25.1072,0.0002,0.0005,1
-4703.1636,-28634.3926,24.9425,-5252.6064,-28084.4668,21.9621,-4709.0884,-28633.1641,28.5642,772.3443,0.0007,0.0018,-3.1379,0.7852,3.1416,-4704.9448,-28633.5039,25.2308,-0.0002,0.0006,1
-4703.1636,-28634.3926,24.9425,-5252.6064,-28084.4668,21.9621,-4705.6172,-28637.0488,26.0638,777.5302,0.0008,0.0013,-3.1379,0.7852,3.1416,-4705.0205,-28633.6230,25.2800,-0.0002,0.0004,1
-4703.1636,-28634.3926,24.9425,-5252.6064,-28084.4668,21.9621,-4700.9644,-28637.8789,23.6234,781.3911,0.0002,0.0008,-3.1379,0.7852,3.1416,-4704.9468,-28633.7734,25.2518,-0.0001,0.0002,1
-4703.1636,-28634.3926,24.9425,-5252.6064,-28084.4668,21.9621,-4696.3047,-28638.6777,21.1587,785.2515,-0.0003,0.0003,-3.1379,0.7852,3.1416,-4704.7144,-28633.9590,25.1407,0.0001,0.0001,1
-4703.1636,-28634.3926,24.9425,-5252.6064,-28084.4668,21.9621,-4702.7036,-28628.4980,28.4656,773.5607,-0.0009,0.0018,-3.1379,0.7852,3.1416,-4704.6646,-28633.8242,25.2546,0.0003,0.0005,1
-4703.1636,-28634.3926,24.9425,-5252.6064,-28084.4668,21.9621,-4704.9375,-28636.2207,26.0501,777.4210,0.0006,0.0013,-3.1379,0.7852,3.1416,-4704.6821,-28633.9277,25.2969,-0.0002,0.0004,1
-4703.1636,-28634.3926,24.9425,-5252.6064,-28084.4668,21.9621,-4700.2837,-28637.0449,23.6100,781.2820,0.0000,0.0008,-3.1379,0.7852,3.1416,-4704.5513,-28634.0605,25.2618,-0.0000,0.0002,1
-4703.1636,-28634.3926,24.9425,-5252.6064,-28084.4668,21.9621,-4695.6235,-28637.8379,21.1456,785.1423,-0.0006,0.0003,-3.1379,0.7852,3.1416,-4704.2627,-28634.2227,25.1443,0.0002,0.0001,1
-4703.1636,-28634.3926,24.9425,-5252.6064,-28084.4668,21.9621,-4708.9058,-28634.5430,28.4519,773.4515,0.0009,0.0018,-3.1379,0.7852,3.1416,-4704.3809,-28634.2852,25.2518,-0.0003,0.0005,1
-4703.1636,-28634.3926,24.9425,-5252.6064,-28084.4668,21.9621,-4704.2588,-28635.3926,26.0364,777.3119,0.0003,0.0013,-3.1379,0.7852,3.1416,-4704.3604,-28634.3750,25.2880,-0.0001,0.0004,1
-4703.1636,-28634.3926,24.9425,-5252.6064,-28084.4668,21.9621,-4699.6045,-28636.2109,23.5966,781.1728,-0.0002,0.0008,-3.1379,0.7852,3.1416,-4704.1914,-28634.4883,25.2471,0.0001,0.0002,1
-4703.1636,-28634.3926,24.9425,-5252.6064,-28084.4668,21.9621,-4694.9434,-28636.9980,21.1326,785.0331,-0.0008,0.0003,-3.1379,0.7852,3.1416,-4703.8657,-28634.6289,25.1240,0.0002,0.0001,1
-4703.1636,-28634.3926,24.9425,-5252.6064,-28084.4668,21.9621,-4708.2295,-28633.7207,28.4380,773.3423,0.0007,0.0018,-3.1379,0.7852,3.1416,-4703.9473,-28634.6680,25.2262,-0.0002,0.0005,1
-4703.1636,-28634.3926,24.9425,-5252.6064,-28084.4668,21.9621,-4705.3984,-28633.6953,28.3375,775.3190,0.0003,0.0018,-3.1379,0.7852,3.1416,-4703.9492,-28634.7012,25.3320,-0.0001,0.0005,1
-4703.1636,-28634.3926,24.9425,-5252.6064,-28084.4668,21.9621,-4704.7104,-28633.2305,23.9387,775.4548,0.0001,0.0009,-3.1379,0.7852,3.1416,-4703.9336,-28634.7129,25.3022,-0.0000,0.0003,1
-4703.1636,-28634.3926,24.9425,-5252.6064,-28084.4668,21.9621,-4694.2642,-28636.1562,21.1195,784.9240,-0.0010,0.0003,-3.1379,0.7852,3.1416,-4703.5889,-28634.8145,25.1796,0.0003,0.0001,1
-4703.1636,-28634.3926,24.9425,-5252.6064,-28084.4668,21.9621,-4707.5542,-28632.8965,28.4241,773.2332,0.0005,0.0018,-3.1379,0.7852,3.1416,-4703.6509,-28634.8105,25.2820,-0.0001,0.0005,1
-4703.1636,-28634.3926,24.9425,-5252.6064,-28084.4668,21.9621,-4702.9053,-28633.7324,26.0091,777.0936,-0.0001,0.0013,-3.1379,0.7852,3.1416,-4703.5737,-28634.8281,25.3131,0.0000,0.0004,1
-4703.1636,-28634.3926,24.9425,-5252.6064,-28084.4668,21.9621,-4698.2490,-28634.5391,23.5699,780.9545,-0.0007,0.0008,-3.1379,0.7852,3.1416,-4703.3486,-28634.8672,25.2672,0.0002,0.0002,1
-4703.1636,-28634.3926,24.9425,-5252.6064,-28084.4668,21.9621,-4700.5527,-28642.2949,21.1066,784.8148,0.0008,0.0003,-3.1379,0.7852,3.1416,-4703.1890,-28635.1484,25.1391,-0.0002,0.0001,1
-4703.1636,-28634.3926,24.9425,-5252.6064,-28084.4668,21.9621,-4704.0527,-28638.1543,25.9583,779.4173,0.0007,0.0013,-3.1379,0.7852,3.1416,-4703.1387,-28635.3145,25.1568,-0.0002,0.0004,1
-4703.1636,-28634.3926,24.9425,-5252.6064,-28084.4668,21.9621,-4702.2305,-28632.9023,25.9955,776.9844,-0.0003,0.0013,-3.1379,0.7852,3.1416,-4703.0352,-28635.3125,25.1780,0.0001,0.0004,1
-4703.1636,-28634.3926,24.9425,-5252.6064,-28084.4668,21.9621,-4697.5737,-28633.7031,23.5569,780.8453,-0.0009,0.0008,-3.1379,0.7852,3.1416,-4702.7842,-28635.3301,25.1229,0.0003,0.0002,1
-4703.1636,-28634.3926,24.9425,-5252.6064,-28084.4668,21.9621,-4699.8657,-28641.4609,21.0938,784.7056,0.0006,0.0003,-3.1379,0.7852,3.1416,-4702.5991,-28635.5879,24.9864,-0.0002,0.0001,1
-4703.1636,-28634.3926,24.9425,-5252.6064,-28084.4668,21.9621,-4706.2070,-28631.2461,28.3965,773.0149,0.0000,0.0018,-3.1379,0.7852,3.1416,-4702.6157,-28635.5273,25.0762,-0.0000,0.0005,1
-4703.1636,-28634.3926,24.9425,-5252.6064,-28084.4668,21.9621,-4701.5566,-28632.0703,25.9822,776.8752,-0.0005,0.0013,-3.1379,0.7852,3.1416,-4702.4941,-28635.4824,25.0958,0.0002,0.0004,1
-4703.1636,-28634.3926,24.9425,-5252.6064,-28084.4668,21.9621,-4703.8340,-28639.8047,23.5438,780.7362,0.0009,0.0008,-3.1379,0.7852,3.1416,-4702.4478,-28635.6758,25.0396,-0.0003,0.0002,1
-4703.1636,-28634.3926,24.9425,-5252.6064,-28084.4668,21.9621,-4699.1802,-28640.6250,21.0807,784.5966,0.0004,0.0003,-3.1379,0.7852,3.1416,-4702.2593,-28635.9004,24.9021,-0.0001,0.0001,1
-4703.1636,-28634.3926,24.9425,-5252.6064,-28084.4668,21.9621,-4705.5356,-28630.4199,28.3826,772.9057,-0.0002,0.0018,-3.1379,0.7852,3.1416,-4702.2725,-28635.8047,24.9913,0.0001,0.0005,1
-4703.1636,-28634.3926,24.9425,-5252.6064,-28084.4668,21.9621,-4700.8843,-28631.2383,25.9686,776.7661,-0.0008,0.0013,-3.1379,0.7852,3.1416,-4702.1460,-28635.7207,25.0106,0.0002,0.0004,1
-4703.1636,-28634.3926,24.9425,-5252.6064,-28084.4668,21.9621,-4703.1504,-28638.9746,23.5304,780.6270,0.0007,0.0008,-3.1379,0.7852,3.1416,-4702.0933,-28635.8730,24.9543,-0.0002,0.0002,1
-4703.1636,-28634.3926,24.9425,-5252.6064,-28084.4668,21.9621,-4698.4956,-28639.7891,21.0677,784.4874,0.0001,0.0003,-3.1379,0.7852,3.1416,-4701.8979,-28636.0547,24.8170,-0.0000,0.0001,1
-4703.1636,-28634.3926,24.9425,-5252.6064,-28084.4668,21.9621,-4704.8652,-28629.5918,28.3687,772.7966,-0.0004,0.0018,-3.1379,0.7852,3.1416,-4701.9033,-28635.9141,24.9067,0.0001,0.0005,1
-4703.1636,-28634.3926,24.9425,-5252.6064,-28084.4668,21.9621,-4700.2134,-28630.4043,25.9550,776.6570,-0.0010,0.0013,-3.1379,0.7852,3.1416,-4701.7690,-28635.7852,24.9266,0.0003,0.0004,1
-4703.1636,-28634.3926,24.9425,-5252.6050,-28084.4668,21.9623,-4702.4668,-28638.1426,23.7630,780.5178,0.0005,0.0008,-3.1382,0.7852,3.1416,-4701.7070,-28635.8906,24.8790,-0.0001,0.0002,1
-4703.1636,-28634.3926,24.9425,-5252.6016,-28084.4707,21.9628,-4697.8052,-28638.9551,21.9477,784.3782,-0.0001,0.0003,-3.1390,0.7852,3.1416,-4701.5015,-28636.0254,24.7718,0.0000,0.0001,1
-4703.1636,-28634.3926,24.9425,-5252.5947,-28084.4785,21.9640,-4704.1948,-28628.7598,30.3844,772.6874,-0.0006,0.0018,-3.1405,0.7852,3.1416,-4701.4966,-28635.8359,24.9307,0.0002,0.0005,1
-4703.1636,-28634.3926,24.9425,-5252.5835,-28084.4883,21.9657,-4702.4565,-28633.7090,29.6589,777.3898,-0.0002,0.0013,3.1406,0.7852,3.1416,-4701.4453,-28635.7891,25.0780,0.0000,0.0004,1
-4703.1636,-28634.3926,24.9425,-5252.5688,-28084.5039,21.9679,-4701.7661,-28637.3105,25.4947,780.3790,0.0003,0.0000,3.1380,0.7852,3.1416,-4701.3770,-28635.8535,25.1014,-0.0001,0.0000,1
-4703.1636,-28634.3926,24.9425,-5252.5493,-28084.5234,21.9706,-4697.0850,-28638.1270,25.2538,784.2391,-0.0003,-0.0005,3.1352,0.7852,3.1416,-4701.1641,-28635.9453,25.1174,0.0001,-0.0001,1
-4703.1636,-28634.3926,24.9425,-5252.5254,-28084.5469,21.9735,-4703.5049,-28627.9160,34.7550,772.5488,-0.0009,0.0010,3.1323,0.7852,3.1416,-4701.1514,-28635.7129,25.4407,0.0003,0.0003,1
-4703.1636,-28634.3926,24.9425,-5252.4976,-28084.5742,21.9766,-4705.7095,-28635.6426,34.6336,776.4090,0.0006,0.0005,3.1294,0.7852,3.1416,-4701.2178,-28635.7129,25.7783,-0.0002,0.0002,1
-4703.1636,-28634.3926,24.9425,-5252.4648,-28084.6074,21.9795,-4701.0449,-28636.4707,25.5769,780.1530,0.0000,-0.0017,3.1267,0.7852,3.1416,-4701.1475,-28635.7383,25.8414,-0.0000,-0.0005,1
-4703.1636,-28634.3926,24.9425,-5252.4287,-28084.6426,21.9827,-4696.3442,-28637.2969,24.9858,784.0126,-0.0005,-0.0022,3.1243,0.7853,3.1416,-4700.9302,-28635.7910,25.8822,0.0002,-0.0007,1
-4703.1636,-28634.3926,24.9425,-5252.3896,-28084.6836,21.9863,-4709.6128,-28633.9883,33.7447,772.3240,0.0009,-0.0007,3.1224,0.7853,3.1416,-4701.1328,-28635.7402,26.2012,-0.0003,-0.0002,1
-4703.1636,-28634.3926,24.9425,-5252.3477,-28084.7246,21.9899,-4704.9199,-28634.8770,32.5322,776.1837,0.0004,-0.0012,3.1209,0.7853,3.1416,-4701.2046,-28635.7148,26.4935,-0.0001,-0.0004,1
-4703.1636,-28634.3926,24.9425,-5252.3042,-28084.7676,21.9933,-4700.5181,-28635.8184,24.2720,779.8361,-0.0001,-0.0031,3.1198,0.7853,3.1416,-4701.1445,-28635.7168,26.5291,0.0000,-0.0009,1
-4703.1636,-28634.3926,24.9425,-5252.2583,-28084.8145,21.9962,-4695.8096,-28636.6523,22.2330,783.6948,-0.0007,-0.0036,3.1193,0.7853,3.1416,-4700.9351,-28635.7480,26.4907,0.0002,-0.0011,1
-4703.1636,-28634.3926,24.9425,-5252.2109,-28084.8613,21.9983,-4709.0361,-28633.3984,29.5469,772.0092,0.0008,-0.0021,3.1193,0.7853,3.1416,-4701.1421,-28635.6738,26.6736,-0.0002,-0.0006,1
-4703.1636,-28634.3926,24.9425,-5252.1626,-28084.9082,21.9995,-4704.3359,-28634.2910,26.8170,775.8679,0.0002,-0.0026,3.1197,0.7853,3.1416,-4701.2158,-28635.6250,26.7707,-0.0001,-0.0008,1
-4703.1636,-28634.3926,24.9425,-5252.1133,-28084.9590,21.9996,-4699.8145,-28634.9727,22.7813,779.4651,-0.0003,-0.0033,3.1206,0.7853,3.1416,-4701.1523,-28635.5957,26.7345,0.0001,-0.0010,1
-4703.1636,-28634.3926,24.9425,-5252.0625,-28085.0098,21.9985,-4695.1084,-28635.8008,19.2862,783.3224,-0.0009,-0.0038,3.1219,0.7853,3.1416,-4700.9365,-28635.5918,26.5749,0.0003,-0.0011,1
-4703.1636,-28634.3926,24.9425,-5252.0117,-28085.0605,21.9963,-4708.3076,-28632.5957,25.2542,771.6409,0.0005,-0.0023,3.1236,0.7853,3.1416,-4701.1338,-28635.4844,26.5862,-0.0002,-0.0007,1
-4703.1636,-28634.3926,24.9425,-5251.9595,-28085.1113,21.9929,-4703.6167,-28633.4766,21.1500,775.4982,-0.0000,-0.0028,3.1258,0.7853,3.1416,-4701.1963,-28635.4004,26.4601,0.0000,-0.0008,1
-4703.1636,-28634.3926,24.9425,-5251.9072,-28085.1641,21.9884,-4699.1221,-28634.1270,21.4519,779.0652,-0.0006,-0.0023,3.1283,0.7854,3.1416,-4701.1201,-28635.3340,26.3310,0.0002,-0.0007,1
-4703.1636,-28634.3926,24.9425,-5251.8545,-28085.2168,21.9827,-4701.3765,-28641.9023,16.6732,782.9211,0.0009,-0.0028,3.1313,0.7854,3.1416,-4701.1123,-28635.5156,26.0382,-0.0003,-0.0008,1
-4703.1636,-28634.3926,24.9425,-5251.8013,-28085.2695,21.9770,-4707.6084,-28631.7715,21.6200,771.2439,0.0003,-0.0013,3.1344,0.7854,3.1416,-4701.3081,-28635.3848,25.8806,-0.0001,-0.0004,1
-4703.1636,-28634.3926,24.9425,-5251.7480,-28085.3223,21.9718,-4702.9351,-28632.6328,16.7729,775.0999,-0.0002,-0.0018,3.1375,0.7854,3.1416,-4701.3662,-28635.2773,25.5587,0.0001,-0.0005,1
-4703.1636,-28634.3926,24.9425,-5251.6953,-28085.3750,21.9674,-4698.4380,-28633.2812,21.1190,778.6506,-0.0008,-0.0005,3.1405,0.7854,3.1416,-4701.2827,-28635.1855,25.3600,0.0002,-0.0001,1
-4703.1636,-28634.3926,24.9425,-5251.6431,-28085.4277,21.9636,-4696.7031,-28635.0879,15.7897,781.1072,-0.0008,-0.0011,-3.1400,0.7854,3.1416,-4701.1372,-28635.1484,24.9845,0.0002,-0.0003,1
-4703.1636,-28634.3926,24.9425,-5251.5913,-28085.4805,21.9605,-4706.9272,-28630.9414,21.9254,770.8325,0.0001,0.0005,-3.1375,0.7854,3.1416,-4701.3125,-28634.9766,24.7874,-0.0000,0.0002,1
-4703.1636,-28634.3926,24.9425,-5251.5400,-28085.5312,21.9580,-4699.4292,-28633.9863,15.5362,778.2489,-0.0005,-0.0004,-3.1354,0.7854,3.1416,-4701.2573,-28634.8984,24.3839,0.0002,-0.0001,1
-4703.1636,-28634.3926,24.9425,-5251.4897,-28085.5801,21.9560,-4704.6772,-28639.3516,22.0430,778.2416,0.0010,0.0012,-3.1336,0.7854,3.1416,-4701.3667,-28634.9922,24.1751,-0.0003,0.0004,1
-4703.1636,-28634.3926,24.9425,-5251.4399,-28085.6309,21.9545,-4699.9897,-28640.2168,18.4851,782.0945,0.0004,0.0007,-3.1322,0.7854,3.1415,-4701.3330,-28635.1250,23.8541,-0.0001,0.0002,1
-4703.1636,-28634.3926,24.9425,-5251.3911,-28085.6797,21.9535,-4706.2622,-28630.0996,25.0102,770.4264,-0.0001,0.0022,-3.1312,0.7854,3.1415,-4701.4990,-28634.9434,23.7368,0.0000,0.0007,1
-4703.1636,-28634.3926,24.9425,-5251.3433,-28085.7266,21.9529,-4701.5811,-28630.9590,22.0657,774.2792,-0.0007,0.0017,-3.1305,0.7854,3.1415,-4701.5229,-28634.7812,23.5336,0.0002,0.0005,1
-4703.1636,-28634.3926,24.9425,-5251.2964,-28085.7734,21.9526,-4703.9937,-28638.5137,23.1434,777.8515,0.0008,0.0020,-3.1301,0.7854,3.1415,-4701.6235,-28634.8574,23.3686,-0.0002,0.0006,1
-4703.1636,-28634.3926,24.9425,-5251.2500,-28085.8203,21.9527,-4699.3057,-28639.3750,20.6414,781.7030,0.0002,0.0015,-3.1301,0.7854,3.1415,-4701.5781,-28634.9688,23.1297,-0.0001,0.0004,1
-4703.1636,-28634.3926,24.9425,-5251.2046,-28085.8652,21.9530,-4705.6118,-28629.2500,28.0676,770.0391,-0.0003,0.0030,-3.1303,0.7854,3.1415,-4701.7300,-28634.7637,23.1320,0.0001,0.0009,1
-4703.1636,-28634.3926,24.9425,-5251.1597,-28085.9102,21.9535,-4700.9292,-28630.1055,25.9645,773.8906,-0.0009,0.0025,-3.1307,0.7854,3.1415,-4701.7373,-28634.5762,23.0830,0.0003,0.0007,1
-4703.1636,-28634.3926,24.9425,-5251.1152,-28085.9551,21.9542,-4703.4429,-28637.8066,23.8293,777.4824,0.0006,0.0019,-3.1312,0.7852,3.1416,-4701.8228,-28634.6289,22.9773,-0.0002,0.0006,1
-4703.1636,-28634.3926,24.9425,-5251.0723,-28085.9980,21.9550,-4698.8843,-28638.7871,21.8097,781.3326,0.0000,0.0014,-3.1318,0.7849,3.1415,-4701.7642,-28634.7227,22.8142,-0.0000,0.0004,1
-4703.1636,-28634.3926,24.9425,-5251.0308,-28086.0391,21.9557,-4705.5273,-28628.9766,29.4305,769.6725,-0.0005,0.0029,-3.1323,0.7844,3.1415,-4701.9121,-28634.5098,22.9014,0.0002,0.0009,1
-4703.1636,-28634.3926,24.9425,-5250.9907,-28086.0801,21.9563,-4708.2427,-28637.2109,27.3277,773.5228,0.0009,0.0024,-3.1327,0.7834,3.1414,-4702.1543,-28634.5527,22.9393,-0.0003,0.0007,1
-4703.1636,-28634.3926,24.9425,-5250.9517,-28086.1211,21.9569,-4703.3911,-28637.5918,23.6273,777.1341,0.0000,0.0016,-3.1331,0.7821,3.1412,-4702.2505,-28634.6152,22.8715,-0.0000,0.0005,1
-4703.1636,-28634.3926,24.9425,-5250.9141,-28086.1602,21.9573,-4699.5791,-28639.3066,21.3664,780.9831,-0.0005,0.0011,-3.1334,0.7806,3.1411,-4702.2251,-28634.7402,22.7367,0.0002,0.0003,1
-4703.1636,-28634.3926,24.9425,-5250.8779,-28086.1973,21.9576,-4706.8862,-28630.1660,28.7793,769.3267,-0.0011,0.0026,-3.1337,0.7788,3.1410,-4702.4272,-28634.5801,22.8429,0.0003,0.0008,1
-4703.1636,-28634.3926,24.9425,-5250.8428,-28086.2344,21.9578,-4710.2451,-28638.9961,26.5010,773.1758,0.0004,0.0021,-3.1339,0.7767,3.1409,-4702.7446,-28634.6992,22.8913,-0.0001,0.0006,1
-4703.1636,-28634.3926,24.9425,-5250.8091,-28086.2715,21.9580,-4702.6855,-28635.0742,27.1349,775.6544,-0.0016,0.0022,-3.1341,0.7744,3.1409,-4702.8311,-28634.7012,22.9705,0.0005,0.0007,1
-4703.1636,-28634.3926,24.9425,-5250.7764,-28086.3066,21.9581,-4699.9565,-28639.5078,21.0957,780.6595,-0.0018,0.0010,-3.1343,0.7720,3.1408,-4702.8257,-28634.8457,22.8668,0.0005,0.0003,1
-4703.1636,-28634.3926,24.9425,-5250.7441,-28086.3418,21.9582,-4714.5029,-28637.5098,28.4721,769.0063,-0.0003,0.0025,-3.1344,0.7695,3.1407,-4703.2822,-28634.9375,23.0003,0.0001,0.0007,1
-4703.1636,-28634.3926,24.9425,-5250.7129,-28086.3770,21.9583,-4711.1934,-28639.7422,26.2400,772.8542,-0.0009,0.0020,-3.1346,0.7671,3.1407,-4703.6509,-28635.1074,23.0745,0.0003,0.0006,1
-4703.1636,-28634.3926,24.9425,-5250.6821,-28086.4121,21.9585,-4702.6265,-28636.5098,23.5931,776.5103,-0.0030,0.0014,-3.1349,0.7647,3.1408,-4703.7534,-28635.1816,23.0713,0.0009,0.0004,1
-4703.1636,-28634.3926,24.9425,-5250.6519,-28086.4453,21.9588,-4699.1753,-28638.5645,21.4168,780.3577,-0.0035,0.0009,-3.1352,0.7625,3.1408,-4703.7378,-28635.3223,23.0002,0.0011,0.0003,1
-4703.1636,-28634.3926,24.9425,-5250.6216,-28086.4805,21.9591,-4713.3706,-28636.2383,28.9725,768.7069,-0.0021,0.0024,-3.1356,0.7607,3.1409,-4704.1660,-28635.3965,23.1714,0.0006,0.0007,1
-4703.1636,-28634.3926,24.9425,-5250.5918,-28086.5137,21.9595,-4708.2012,-28645.4277,22.3479,778.8254,-0.0019,0.0010,-3.1359,0.7587,3.1409,-4704.4395,-28635.7637,23.1411,0.0006,0.0003,1
-4703.1636,-28634.3926,24.9425,-5250.5625,-28086.5469,21.9599,-4701.4966,-28635.2246,23.6557,776.2198,-0.0045,0.0012,-3.1363,0.7572,3.1410,-4704.4990,-28635.8223,23.1513,0.0014,0.0003,1
-4703.1636,-28634.3926,24.9425,-5250.5332,-28086.5801,21.9603,-4697.5723,-28636.7988,21.5005,780.0663,-0.0051,0.0007,-3.1366,0.7559,3.1411,-4704.4204,-28635.9258,23.0937,0.0015,0.0002,1
-4703.1636,-28634.3926,24.9425,-5250.5044,-28086.6133,21.9607,-4711.6772,-28634.4199,29.0230,768.4183,-0.0037,0.0022,-3.1369,0.7542,3.1411,-4704.7759,-28635.9531,23.2768,0.0011,0.0006,1
-4703.1636,-28634.3926,24.9425,-5250.4756,-28086.6445,21.9610,-4706.9487,-28638.4102,22.3081,774.5085,-0.0040,0.0007,-3.1372,0.7526,3.1412,-4704.9873,-28636.1016,23.2546,0.0012,0.0002,1
-4703.1636,-28634.3926,24.9425,-5250.4473,-28086.6777,21.9614,-4700.4521,-28634.0215,23.5452,775.9360,-0.0057,0.0009,-3.1374,0.7518,3.1412,-4704.9873,-28636.1113,23.2698,0.0017,0.0003,1
-4703.1636,-28634.3926,24.9425,-5250.4189,-28086.7109,21.9616,-4703.0444,-28642.0859,21.2717,779.7817,-0.0043,0.0004,-3.1376,0.7512,3.1413,-4705.0547,-28636.3711,23.2125,0.0013,0.0001,1
-4703.1636,-28634.3926,24.9425,-5250.3906,-28086.7422,21.9618,-4709.7612,-28632.3770,28.6613,768.1363,-0.0048,0.0019,-3.1378,0.7504,3.1413,-4705.3301,-28636.3281,23.3902,0.0015,0.0006,1
-4703.1636,-28634.3926,24.9425,-5250.3628,-28086.7734,21.9620,-4705.5581,-28633.7031,26.3648,771.9820,-0.0054,0.0014,-3.1379,0.7495,3.1413,-4705.4727,-28636.3145,23.5042,0.0016,0.0004,1
-4703.1636,-28634.3926,24.9425,-5250.3354,-28086.8047,21.9621,-4699.4087,-28632.8125,23.3922,775.6569,-0.0064,0.0008,-3.1379,0.7494,3.1414,-4705.4116,-28636.2656,23.5272,0.0019,0.0002,1
-4703.1636,-28634.3926,24.9425,-5250.3076,-28086.8359,21.9622,-4701.6147,-28640.5137,20.9816,779.5018,-0.0050,0.0003,-3.1380,0.7495,3.1414,-4705.4033,-28636.4531,23.4716,0.0015,0.0001,1
-4703.1636,-28634.3926,24.9425,-5250.2803,-28086.8672,21.9622,-4708.0005,-28630.4746,28.2471,767.8589,-0.0055,0.0018,-3.1380,0.7493,3.1414,-4705.5884,-28636.3242,23.6448,0.0017,0.0005,1
-4703.1636,-28634.3926,24.9425,-5250.2534,-28086.8984,21.9622,-4703.3691,-28631.3574,25.8346,771.7038,-0.0061,0.0013,-3.1379,0.7493,3.1414,-4705.6235,-28636.2070,23.7482,0.0018,0.0004,1
-4703.1636,-28634.3926,24.9425,-5250.2266,-28086.9297,21.9621,-4705.3301,-28638.5703,23.2782,775.3821,-0.0047,0.0008,-3.1379,0.7497,3.1414,-4705.7129,-28636.3125,23.7721,0.0014,0.0002,1
-4703.1636,-28634.3926,24.9425,-5250.1997,-28086.9609,21.9620,-4700.5938,-28639.3438,20.7825,779.2261,-0.0053,0.0003,-3.1378,0.7498,3.1415,-4705.6450,-28636.4453,23.7131,0.0016,0.0001,1
-4703.1636,-28634.3926,24.9425,-5250.1733,-28086.9902,21.9619,-4706.7212,-28629.0410,27.9803,767.5857,-0.0058,0.0018,-3.1377,0.7502,3.1415,-4705.7598,-28636.2480,23.8793,0.0017,0.0005,1
-4703.1636,-28634.3926,24.9425,-5250.1470,-28087.0215,21.9618,-4701.7935,-28629.6133,25.5152,771.4297,-0.0064,0.0013,-3.1376,0.7507,3.1415,-4705.7129,-28636.0527,23.9726,0.0019,0.0004,1
-4703.1636,-28634.3926,24.9425,-5250.1211,-28087.0508,21.9617,-4704.4404,-28637.5352,23.2289,775.1117,-0.0047,0.0008,-3.1375,0.7515,3.1415,-4705.7402,-28636.0996,23.9936,0.0014,0.0002,1
-4703.1636,-28634.3926,24.9425,-5250.0952,-28087.0801,21.9616,-4699.5005,-28638.0938,20.7125,778.9550,-0.0053,0.0003,-3.1374,0.7520,3.1416,-4705.6030,-28636.1680,23.9303,0.0016,0.0001,1
-4703.1636,-28634.3926,24.9425,-5250.0698,-28087.1094,21.9614,-4705.5259,-28627.6855,27.8500,767.3170,-0.0058,0.0018,-3.1372,0.7525,3.1416,-4705.6436,-28635.9023,24.0892,0.0017,0.0005,1
-4703.1636,-28634.3926,24.9425,-5250.0449,-28087.1387,21.9612,-4700.5947,-28628.2383,25.2652,771.1603,-0.0064,0.0013,-3.1370,0.7531,3.1415,-4705.5225,-28635.6367,24.1705,0.0019,0.0004,1
-4703.1636,-28634.3926,24.9425,-5250.0210,-28087.1660,21.9610,-4704.1929,-28637.1328,23.0488,774.8477,-0.0045,0.0009,-3.1367,0.7531,3.1415,-4705.5054,-28635.6445,24.1806,0.0014,0.0003,1
-4703.1636,-28634.3926,24.9425,-5249.9980,-28087.1934,21.9606,-4700.0903,-28631.6113,27.0770,773.8256,-0.0059,0.0018,-3.1364,0.7531,3.1415,-4705.3516,-28635.4785,24.3164,0.0018,0.0005,1
-4703.1636,-28634.3926,24.9425,-5249.9756,-28087.2188,21.9603,-4705.8872,-28627.8867,27.3228,767.0546,-0.0057,0.0019,-3.1361,0.7530,3.1414,-4705.3735,-28635.1836,24.4651,0.0017,0.0006,1
-4703.1636,-28634.3926,24.9425,-5249.9536,-28087.2461,21.9599,-4702.4307,-28640.3184,26.8519,778.2580,-0.0043,0.0018,-3.1358,0.7530,3.1414,-4705.2847,-28635.2773,24.6012,0.0013,0.0006,1
-4703.1636,-28634.3926,24.9425,-5249.9326,-28087.2715,21.9596,-4703.8105,-28636.5957,23.0285,774.5974,-0.0048,0.0011,-3.1355,0.7525,3.1414,-4705.2339,-28635.2656,24.6166,0.0014,0.0003,1
-4703.1636,-28634.3926,24.9425,-5249.9126,-28087.2969,21.9592,-4699.4277,-28637.6914,20.3663,778.4393,-0.0053,0.0006,-3.1352,0.7520,3.1414,-4705.0396,-28635.2949,24.5405,0.0016,0.0002,1
-4703.1636,-28634.3926,24.9425,-5249.8931,-28087.3203,21.9590,-4710.2178,-28633.2969,28.6612,767.7063,-0.0045,0.0024,-3.1350,0.7516,3.1414,-4705.1821,-28635.1895,24.7210,0.0013,0.0007,1
-4703.1636,-28634.3926,24.9425,-5249.8740,-28087.3438,21.9587,-4708.3628,-28635.6699,24.9335,770.6475,-0.0044,0.0016,-3.1348,0.7513,3.1414,-4705.2759,-28635.1582,24.7866,0.0013,0.0005,1
-4703.1636,-28634.3926,24.9425,-5249.8555,-28087.3672,21.9586,-4698.3540,-28634.3125,22.9260,776.7220,-0.0062,0.0012,-3.1348,0.7506,3.1414,-4705.0542,-28635.0859,24.7853,0.0019,0.0004,1
-4703.1636,-28634.3926,24.9425,-5249.8374,-28087.3906,21.9586,-4707.4287,-28635.5020,29.4860,771.1532,-0.0047,0.0025,-3.1348,0.7504,3.1415,-4705.1104,-28635.0527,24.9897,0.0014,0.0008,1
-4703.1636,-28634.3926,24.9425,-5249.8193,-28087.4141,21.9587,-4702.9087,-28636.4922,27.2044,774.9938,-0.0053,0.0020,-3.1349,0.7502,3.1415,-4705.0264,-28635.0547,25.1273,0.0016,0.0006,1
-4703.1636,-28634.3926,24.9425,-5249.8018,-28087.4355,21.9589,-4698.4990,-28637.5703,24.9530,778.8350,-0.0058,0.0015,-3.1351,0.7497,3.1416,-4704.7974,-28635.0957,25.1938,0.0018,0.0005,1
-4703.1636,-28634.3926,24.9425,-5249.7842,-28087.4590,21.9592,-4711.0054,-28633.4863,22.3892,767.0881,-0.0047,0.0010,-3.1353,0.7494,-3.1416,-4704.9600,-28635.0117,25.1730,0.0014,0.0003,1
-4703.1636,-28634.3926,24.9425,-5249.7671,-28087.4805,21.9595,-4706.4458,-28634.3652,29.8854,770.9287,-0.0052,0.0025,-3.1356,0.7494,-3.1415,-4704.9883,-28634.9551,25.3867,0.0016,0.0007,1
-4703.1636,-28634.3926,24.9425,-5249.7500,-28087.5020,21.9599,-4705.4580,-28635.5781,25.4759,772.4290,-0.0052,0.0015,-3.1359,0.7492,-3.1415,-4704.9893,-28634.9375,25.4644,0.0016,0.0005,1
-4703.1636,-28634.3926,24.9425,-5249.7329,-28087.5254,21.9603,-4697.3198,-28636.2207,25.5586,778.6094,-0.0063,0.0015,-3.1362,0.7490,-3.1415,-4704.7300,-28634.9453,25.5415,0.0019,0.0004,1
-4703.1636,-28634.3926,24.9425,-5249.7163,-28087.5449,21.9606,-4709.9995,-28632.3379,22.4045,766.8703,-0.0050,0.0008,-3.1365,0.7494,-3.1414,-4704.8647,-28634.8281,25.5127,0.0015,0.0002,1
-4703.1636,-28634.3926,24.9425,-5249.6997,-28087.5664,21.9610,-4705.3618,-28633.1289,29.8887,770.7103,-0.0055,0.0023,-3.1368,0.7495,-3.1414,-4704.8613,-28634.7363,25.7172,0.0017,0.0007,1
-4703.1636,-28634.3926,24.9425,-5249.6831,-28087.5879,21.9613,-4700.5703,-28633.8281,27.6931,774.5499,-0.0061,0.0018,-3.1370,0.7497,-3.1414,-4704.7051,-28634.6621,25.8564,0.0018,0.0005,1
-4703.1636,-28634.3926,24.9425,-5249.6665,-28087.6094,21.9616,-4695.6675,-28634.3906,25.4501,778.3899,-0.0067,0.0013,-3.1372,0.7502,-3.1414,-4704.3843,-28634.6094,25.9241,0.0020,0.0004,1
-4703.1636,-28634.3926,24.9425,-5249.6504,-28087.6289,21.9618,-4709.3896,-28631.5801,22.3053,766.6564,-0.0050,0.0006,-3.1374,0.7504,-3.1414,-4704.4888,-28634.4648,25.8844,0.0015,0.0002,1
-4703.1636,-28634.3926,24.9425,-5249.6343,-28087.6504,21.9620,-4704.5703,-28632.1875,29.6855,770.4959,-0.0056,0.0021,-3.1376,0.7508,-3.1414,-4704.4492,-28634.3359,26.0735,0.0017,0.0006,1
-4703.1636,-28634.3926,24.9425,-5249.6177,-28087.6719,21.9621,-4699.6729,-28632.7715,27.3798,774.3349,-0.0061,0.0016,-3.1377,0.7513,-3.1414,-4704.2539,-28634.2246,26.1926,0.0018,0.0005,1
-4703.1636,-28634.3926,24.9425,-5249.6021,-28087.6914,21.9622,-4701.4995,-28640.0820,25.0196,778.1745,-0.0047,0.0011,-3.1378,0.7520,-3.1414,-4704.1099,-28634.3477,26.2350,0.0014,0.0003,1
-4703.1636,-28634.3926,24.9425,-5249.5859,-28087.7109,21.9623,-4708.5752,-28630.6172,22.1835,766.4451,-0.0050,0.0005,-3.1378,0.7525,-3.1413,-4704.1924,-28634.1797,26.1781,0.0015,0.0002,1
-4703.1636,-28634.3926,24.9425,-5249.5698,-28087.7324,21.9623,-4703.6128,-28631.0762,29.4564,770.2841,-0.0055,0.0020,-3.1378,0.7532,-3.1413,-4704.1250,-28634.0215,26.3459,0.0017,0.0006,1
-4703.1636,-28634.3926,24.9425,-5249.5542,-28087.7520,21.9623,-4698.5083,-28631.4395,27.0531,774.1227,-0.0061,0.0015,-3.1378,0.7540,-3.1413,-4703.8940,-28633.8711,26.4398,0.0018,0.0005,1
-4703.1636,-28634.3926,24.9425,-5249.5386,-28087.7715,21.9623,-4705.4565,-28629.9531,29.5238,768.1364,-0.0051,0.0020,-3.1378,0.7550,-3.1413,-4703.8784,-28633.6719,26.6124,0.0015,0.0006,1
-4703.1636,-28634.3926,24.9425,-5249.5229,-28087.7910,21.9622,-4701.1055,-28632.6602,23.8799,773.0746,-0.0052,0.0009,-3.1377,0.7557,-3.1413,-4703.7280,-28633.5527,26.6050,0.0016,0.0003,1
-4703.1636,-28634.3926,24.9425,-5249.5073,-28087.8105,21.9621,-4702.7632,-28630.0664,29.3086,770.0746,-0.0053,0.0020,-3.1377,0.7565,-3.1413,-4703.6279,-28633.3535,26.7641,0.0016,0.0006,1
-4703.1636,-28634.3926,24.9425,-5249.4922,-28087.8301,21.9621,-4704.4370,-28637.2285,26.8547,773.9126,-0.0038,0.0015,-3.1376,0.7575,-3.1413,-4703.5835,-28633.3828,26.8460,0.0011,0.0005,1
-4703.1636,-28634.3926,24.9425,-5249.4766,-28087.8496,21.9620,-4699.4111,-28637.6895,24.3761,777.7512,-0.0044,0.0010,-3.1375,0.7582,-3.1412,-4703.3818,-28633.4375,26.8448,0.0013,0.0003,1
-4703.1636,-28634.3926,24.9425,-5249.4614,-28087.8672,21.9619,-4707.0947,-28628.8320,22.0640,766.0297,-0.0044,0.0005,-3.1374,0.7590,-3.1412,-4703.4238,-28633.2188,26.7582,0.0013,0.0002,1
-4703.1636,-28634.3926,24.9425,-5249.4463,-28087.8867,21.9618,-4701.9927,-28629.1328,29.2607,769.8677,-0.0050,0.0020,-3.1373,0.7599,-3.1412,-4703.3110,-28633.0039,26.8929,0.0015,0.0006,1
-4703.1636,-28634.3926,24.9425,-5249.4316,-28087.9062,21.9617,-4703.6040,-28636.2461,26.8058,773.7052,-0.0035,0.0015,-3.1373,0.7610,-3.1412,-4703.2500,-28633.0137,26.9507,0.0011,0.0005,1
-4703.1636,-28634.3926,24.9425,-5249.4165,-28087.9238,21.9616,-4698.4683,-28636.5859,24.3347,777.5432,-0.0041,0.0010,-3.1372,0.7619,-3.1412,-4703.0278,-28633.0449,26.9261,0.0012,0.0003,1
-4703.1636,-28634.3926,24.9425,-5249.4019,-28087.9434,21.9616,-4706.3389,-28627.9199,22.0661,765.8263,-0.0040,0.0006,-3.1371,0.7628,-3.1412,-4703.0537,-28632.8086,26.8180,0.0012,0.0002,1
-4703.1636,-28634.3926,24.9425,-5249.3877,-28087.9609,21.9615,-4701.2183,-28628.1914,29.2813,769.6638,-0.0046,0.0021,-3.1371,0.7638,-3.1412,-4702.9233,-28632.5723,26.9326,0.0014,0.0006,1
-4703.1636,-28634.3926,24.9425,-5249.3730,-28087.9785,21.9615,-4703.0557,-28635.5410,26.8513,773.5009,-0.0032,0.0016,-3.1370,0.7644,-3.1411,-4702.8521,-28632.5684,26.9718,0.0009,0.0005,1
-4703.1636,-28634.3926,24.9425,-5249.3589,-28087.9961,21.9614,-4697.9766,-28635.9297,24.4076,777.3384,-0.0037,0.0011,-3.1370,0.7652,-3.1411,-4702.6211,-28632.5879,26.9304,0.0011,0.0003,1
-4703.1636,-28634.3926,24.9425,-5249.3447,-28088.0137,21.9614,-4705.7446,-28627.1660,22.0807,765.6263,-0.0037,0.0006,-3.1370,0.7660,-3.1411,-4702.6348,-28632.3340,26.8045,0.0011,0.0002,1
-4703.1636,-28634.3926,24.9425,-5249.3306,-28088.0312,21.9614,-4707.4478,-28634.2852,29.3165,769.4633,-0.0023,0.0021,-3.1369,0.7670,-3.1411,-4702.7139,-28632.3047,26.9029,0.0007,0.0006,1
-4703.1636,-28634.3926,24.9425,-5249.3164,-28088.0488,21.9614,-4702.4565,-28634.7852,26.9173,773.2999,-0.0028,0.0016,-3.1369,0.7677,-3.1411,-4702.6440,-28632.2988,26.9278,0.0009,0.0005,1
-4703.1636,-28634.3926,24.9425,-5249.3027,-28088.0664,21.9614,-4697.3823,-28635.1719,24.4990,777.1370,-0.0034,0.0011,-3.1369,0.7684,-3.1411,-4702.4136,-28632.3145,26.8738,0.0010,0.0003,1
-4703.1636,-28634.3926,24.9425,-5249.2891,-28088.0840,21.9614,-4705.0991,-28626.3613,22.0905,765.4296,-0.0034,0.0006,-3.1369,0.7692,-3.1411,-4702.4248,-28632.0547,26.7339,0.0010,0.0002,1
-4703.1636,-28634.3926,24.9425,-5249.2754,-28088.0996,21.9614,-4706.8096,-28633.4961,29.3435,769.2662,-0.0020,0.0021,-3.1370,0.7702,-3.1411,-4702.5000,-28632.0156,26.8196,0.0006,0.0006,1
-4703.1636,-28634.3926,24.9425,-5249.2617,-28088.1172,21.9614,-4701.8374,-28634.0098,26.9610,773.1029,-0.0026,0.0016,-3.1370,0.7708,-3.1411,-4702.4263,-28632.0020,26.8333,0.0008,0.0005,1
-4703.1636,-28634.3926,24.9425,-5249.2485,-28088.1348,21.9615,-4696.7852,-28634.4102,24.5563,776.9390,-0.0031,0.0011,-3.1370,0.7715,-3.1411,-4702.1904,-28632.0078,26.7695,0.0009,0.0003,1
-4703.1636,-28634.3926,24.9425,-5249.2354,-28088.1504,21.9615,-4704.4546,-28625.5547,22.0880,765.2366,-0.0032,0.0006,-3.1370,0.7723,-3.1411,-4702.1938,-28631.7324,26.6188,0.0010,0.0002,1
-4703.1636,-28634.3926,24.9425,-5249.2222,-28088.1660,21.9615,-4706.4258,-28632.9590,29.3462,769.0723,-0.0017,0.0021,-3.1370,0.7727,-3.1411,-4702.2686,-28631.6895,26.6949,0.0005,0.0006,1
-4703.1636,-28634.3926,24.9425,-5249.2090,-28088.1836,21.9615,-4701.4790,-28633.4922,26.9678,772.9085,-0.0023,0.0016,-3.1370,0.7733,-3.1411,-4702.1948,-28631.6699,26.6999,0.0007,0.0005,1
-4703.1636,-28634.3926,24.9425,-5249.1963,-28088.1992,21.9616,-4702.8535,-28630.2578,27.2246,769.6345,-0.0024,0.0016,-3.1371,0.7740,-3.1411,-4702.1655,-28631.5527,26.7140,0.0007,0.0005,1
-4703.1636,-28634.3926,24.9425,-5249.1831,-28088.2148,21.9616,-4710.6021,-28631.5645,22.0705,765.0461,-0.0010,0.0006,-3.1371,0.7747,-3.1411,-4702.3936,-28631.4785,26.5610,0.0003,0.0002,1
-4703.1636,-28634.3926,24.9425,-5249.1704,-28088.2305,21.9616,-4705.7988,-28632.1816,29.3278,768.8815,-0.0016,0.0021,-3.1371,0.7751,-3.1411,-4702.4839,-28631.4277,26.6351,0.0005,0.0006,1
-4703.1636,-28634.3926,24.9425,-5249.1582,-28088.2461,21.9616,-4700.8745,-28632.7285,26.9456,772.7172,-0.0021,0.0016,-3.1371,0.7756,-3.1411,-4702.4229,-28631.3984,26.6381,0.0006,0.0005,1
-4703.1636,-28634.3926,24.9425,-5249.1455,-28088.2617,21.9617,-4695.8696,-28633.1641,24.5371,776.5526,-0.0027,0.0011,-3.1371,0.7763,-3.1411,-4702.1973,-28631.3906,26.5646,0.0008,0.0003,1
-4703.1636,-28634.3926,24.9425,-5249.1333,-28088.2773,21.9617,-4709.9565,-28630.7715,22.0519,764.8584,-0.0009,0.0006,-3.1371,0.7770,-3.1411,-4702.4165,-28631.3105,26.4047,0.0003,0.0002,1
-4703.1636,-28634.3926,24.9425,-5249.1206,-28088.2910,21.9617,-4705.1743,-28631.4004,29.3013,768.6933,-0.0014,0.0021,-3.1371,0.7773,-3.1411,-4702.4966,-28631.2539,26.4724,0.0004,0.0006,1
-4703.1636,-28634.3926,24.9425,-5249.1084,-28088.3066,21.9617,-4700.2725,-28631.9629,26.9128,772.5287,-0.0020,0.0016,-3.1372,0.7778,-3.1411,-4702.4243,-28631.2168,26.4696,0.0006,0.0005,1
-4703.1636,-28634.3926,24.9425,-5249.0967,-28088.3223,21.9617,-4702.2227,-28639.3828,24.4943,776.3636,-0.0005,0.0011,-3.1372,0.7783,-3.1411,-4702.4102,-28631.4238,26.3906,0.0002,0.0003,1
-4703.1636,-28634.3926,24.9425,-5249.0845,-28088.3359,21.9617,-4709.5557,-28630.2188,22.0345,764.6733,-0.0007,0.0006,-3.1372,0.7785,-3.1410,-4702.6353,-28631.3535,26.2268,0.0002,0.0002,1
-4703.1636,-28634.3926,24.9425,-5249.0723,-28088.3516,21.9617,-4706.8545,-28636.2324,21.9945,770.8248,-0.0002,0.0005,-3.1372,0.7788,-3.1410,-4702.7866,-28631.4785,26.0546,0.0001,0.0002,1
-4703.1636,-28634.3926,24.9425,-5249.0605,-28088.3652,21.9617,-4699.9082,-28631.4375,26.8819,772.3428,-0.0019,0.0016,-3.1372,0.7793,-3.1410,-4702.7212,-28631.4609,26.0337,0.0006,0.0005,1
-4703.1636,-28634.3926,24.9425,-5249.0488,-28088.3809,21.9617,-4701.8174,-28638.8242,24.4591,776.1773,-0.0004,0.0011,-3.1372,0.7799,-3.1411,-4702.7104,-28631.6797,25.9385,0.0001,0.0003,1
-4703.1636,-28634.3926,24.9425,-5249.0371,-28088.3945,21.9617,-4698.0957,-28640.4531,22.0104,779.9367,-0.0007,0.0006,-3.1372,0.7799,-3.1410,-4702.5776,-28631.9668,25.7638,0.0002,0.0002,1
-4703.1636,-28634.3926,24.9425,-5249.0259,-28088.4082,21.9617,-4704.2578,-28630.1719,29.2556,768.3248,-0.0013,0.0021,-3.1371,0.7802,-3.1410,-4702.6328,-28631.9414,25.8171,0.0004,0.0006,1
-4703.1636,-28634.3926,24.9425,-5249.0142,-28088.4238,21.9617,-4699.3877,-28630.7559,26.8602,772.1595,-0.0018,0.0016,-3.1372,0.7806,-3.1410,-4702.5337,-28631.9297,25.8023,0.0005,0.0005,1
-4703.1636,-28634.3926,24.9425,-5249.0029,-28088.4375,21.9617,-4701.6250,-28638.4766,24.4375,775.9937,-0.0004,0.0011,-3.1371,0.7806,-3.1410,-4702.5000,-28632.1621,25.7137,0.0001,0.0003,1
-4703.1636,-28634.3926,24.9425,-5248.9917,-28088.4512,21.9617,-4697.4214,-28639.6230,21.9969,779.7551,-0.0008,0.0006,-3.1371,0.7805,-3.1410,-4702.3301,-28632.4434,25.5462,0.0002,0.0002,1
-4703.1636,-28634.3926,24.9425,-5248.9805,-28088.4648,21.9617,-4703.7749,-28629.5332,29.2405,768.1444,-0.0014,0.0020,-3.1371,0.7805,-3.1410,-4702.3545,-28632.4141,25.6073,0.0004,0.0006,1
-4703.1636,-28634.3926,24.9425,-5248.9697,-28088.4785,21.9617,-4705.7715,-28636.9941,26.8415,771.9786,0.0001,0.0015,-3.1371,0.7809,-3.1410,-4702.4473,-28632.6172,25.6005,-0.0000,0.0005,1
-4703.1636,-28634.3926,24.9425,-5248.9585,-28088.4922,21.9617,-4701.1509,-28637.8477,24.4236,775.8124,-0.0005,0.0010,-3.1371,0.7809,-3.1410,-4702.3984,-28632.8555,25.5203,0.0001,0.0003,1
-4703.1636,-28634.3926,24.9425,-5248.9478,-28088.5039,21.9617,-4696.7402,-28638.7832,21.9854,779.5760,-0.0010,0.0005,-3.1371,0.7809,-3.1410,-4702.2061,-28633.1289,25.3615,0.0003,0.0002,1
-4703.1636,-28634.3926,24.9425,-5248.9370,-28088.5176,21.9617,-4702.9453,-28628.5391,29.2285,767.9663,-0.0016,0.0020,-3.1371,0.7811,-3.1410,-4702.2017,-28633.0820,25.4316,0.0005,0.0006,1
-4703.1636,-28634.3926,24.9425,-5248.9263,-28088.5312,21.9617,-4704.9263,-28636.0020,26.8319,771.8002,-0.0001,0.0015,-3.1372,0.7815,-3.1411,-4702.2646,-28633.2617,25.4341,0.0000,0.0005,1
-4703.1636,-28634.3926,24.9425,-5248.9155,-28088.5449,21.9617,-4700.9453,-28631.2500,24.8136,771.2347,-0.0014,0.0011,-3.1372,0.7815,-3.1410,-4702.2051,-28633.2910,25.3761,0.0004,0.0003,1
-4703.1636,-28634.3926,24.9425,-5248.9053,-28088.5566,21.9617,-4696.0605,-28637.9453,21.9749,779.3992,-0.0011,0.0005,-3.1372,0.7815,-3.1410,-4701.9873,-28633.5254,25.2277,0.0003,0.0002,1
-4703.1636,-28634.3926,24.9425,-5248.8945,-28088.5703,21.9617,-4709.0791,-28634.5176,29.2142,767.7905,0.0003,0.0020,-3.1372,0.7818,-3.1410,-4702.1787,-28633.6582,25.3081,-0.0001,0.0006,1
-4703.1636,-28634.3926,24.9425,-5248.8843,-28088.5820,21.9617,-4704.4600,-28635.3828,26.8242,771.6241,-0.0002,0.0015,-3.1372,0.7818,-3.1410,-4702.2358,-28633.8145,25.3211,0.0001,0.0005,1
-4703.1636,-28634.3926,24.9425,-5248.8740,-28088.5957,21.9617,-4699.8350,-28636.2168,24.4103,775.4573,-0.0008,0.0010,-3.1372,0.7818,-3.1410,-4702.1494,-28633.9980,25.2608,0.0002,0.0003,1
-4703.1636,-28634.3926,24.9425,-5248.8638,-28088.6074,21.9617,-4695.2559,-28636.9805,21.9628,779.2249,-0.0013,0.0005,-3.1372,0.7820,-3.1410,-4701.9116,-28634.2051,25.1216,0.0004,0.0002,1
-4703.1636,-28634.3926,24.9425,-5248.8540,-28088.6191,21.9617,-4708.2539,-28633.5469,29.2015,767.6172,0.0001,0.0020,-3.1372,0.7823,-3.1411,-4702.0806,-28634.3027,25.2114,-0.0000,0.0006,1
-4703.1636,-28634.3926,24.9425,-5248.8438,-28088.6328,21.9617,-4703.1431,-28636.3809,29.4278,773.2161,-0.0002,0.0021,-3.1372,0.7823,-3.1410,-4702.0977,-28634.4863,25.3180,0.0001,0.0006,1
-4703.1636,-28634.3926,24.9425,-5248.8340,-28088.6445,21.9617,-4698.8242,-28635.0449,24.3992,775.2832,-0.0010,0.0010,-3.1372,0.7826,-3.1410,-4701.9780,-28634.6250,25.2722,0.0003,0.0003,1
-4703.1636,-28634.3926,24.9425,-5248.8242,-28088.6562,21.9617,-4705.9570,-28627.0742,20.4382,764.5917,-0.0011,0.0002,-3.1372,0.7829,-3.1411,-4702.0845,-28634.4980,25.0954,0.0003,0.0001,1
-4703.1636,-28634.3926,24.9425,-5248.8145,-28088.6680,21.9617,-4707.7617,-28632.9043,29.1891,767.4460,0.0001,0.0020,-3.1372,0.7829,-3.1410,-4702.2588,-28634.5410,25.1949,-0.0000,0.0006,1
-4703.1636,-28634.3926,24.9425,-5248.8047,-28088.6797,21.9617,-4703.1367,-28633.7500,26.8008,771.2790,-0.0005,0.0015,-3.1372,0.7829,-3.1410,-4702.2944,-28634.6035,25.2265,0.0001,0.0005,1
-4703.1636,-28634.3926,24.9425,-5248.7949,-28088.6914,21.9617,-4698.5063,-28634.5664,24.3881,775.1115,-0.0010,0.0010,-3.1372,0.7829,-3.1410,-4702.1821,-28634.6875,25.1842,0.0003,0.0003,1
-4703.1636,-28634.3926,24.9425,-5248.7856,-28088.7031,21.9617,-4700.7881,-28642.2012,21.9338,778.8828,0.0004,0.0005,-3.1372,0.7832,-3.1410,-4702.1353,-28635.0137,25.0623,-0.0001,0.0002,1
-4703.1636,-28634.3926,24.9425,-5248.7764,-28088.7148,21.9617,-4707.1001,-28632.0918,29.1530,767.2769,-0.0001,0.0020,-3.1372,0.7831,-3.1410,-4702.2905,-28635.0254,25.1681,0.0000,0.0006,1
-4703.1636,-28634.3926,24.9425,-5248.7671,-28088.7266,21.9617,-4702.5503,-28633.0078,26.7141,771.1096,-0.0007,0.0015,-3.1371,0.7830,-3.1410,-4702.3081,-28635.0547,25.2041,0.0002,0.0005,1
-4703.1636,-28634.3926,24.9425,-5248.7573,-28088.7383,21.9618,-4698.0405,-28633.9395,24.4685,774.9417,-0.0012,0.0010,-3.1374,0.7828,-3.1411,-4702.1807,-28635.1074,25.1712,0.0004,0.0003,1
-4703.1636,-28634.3926,24.9425,-5248.7461,-28088.7520,21.9623,-4700.3335,-28641.6016,22.4433,778.7143,0.0002,0.0005,-3.1381,0.7826,-3.1412,-4702.1177,-28635.3984,25.0723,-0.0001,0.0002,1
-4703.1636,-28634.3926,24.9425,-5248.7329,-28088.7695,21.9630,-4706.9321,-28631.7676,30.4130,767.1094,-0.0004,0.0020,-3.1392,0.7821,-3.1414,-4702.2656,-28635.3828,25.2267,0.0001,0.0006,1
-4703.1636,-28634.3926,24.9425,-5248.7188,-28088.7871,21.9640,-4702.7217,-28633.0273,28.8720,770.9418,-0.0009,0.0015,-3.1405,0.7813,3.1416,-4702.2866,-28635.3965,25.3423,0.0003,0.0005,1
-4703.1636,-28634.3926,24.9425,-5248.7036,-28088.8066,21.9651,-4705.3228,-28641.0645,27.3348,774.7736,0.0005,0.0010,3.1414,0.7807,3.1413,-4702.3921,-28635.6602,25.4155,-0.0002,0.0003,1
-4703.1636,-28634.3926,24.9425,-5248.6875,-28088.8281,21.9663,-4700.0615,-28641.1895,22.7472,778.5209,-0.0004,-0.0001,3.1402,0.7798,3.1412,-4702.3340,-28635.9355,25.3449,0.0001,-0.0000,1
-4703.1636,-28634.3926,24.9425,-5248.6699,-28088.8496,21.9674,-4706.8184,-28631.5195,30.6952,766.9173,-0.0009,0.0014,3.1392,0.7789,3.1410,-4702.4897,-28635.9043,25.5258,0.0003,0.0004,1
-4703.1636,-28634.3926,24.9425,-5248.6519,-28088.8730,21.9684,-4702.6270,-28632.8105,28.9010,770.7492,-0.0015,0.0009,3.1384,0.7781,3.1410,-4702.5176,-28635.9023,25.6586,0.0004,0.0003,1
-4703.1636,-28634.3926,24.9425,-5248.6328,-28088.8984,21.9691,-4706.8921,-28640.1387,25.0328,772.8892,0.0001,0.0000,3.1378,0.7776,3.1409,-4702.6826,-28636.1270,25.6720,-0.0000,0.0000,1
-4703.1636,-28634.3926,24.9425,-5248.6133,-28088.9238,21.9697,-4700.2681,-28633.7129,26.3058,772.9782,-0.0019,0.0002,3.1375,0.7769,3.1409,-4702.6416,-28636.1484,25.7237,0.0006,0.0001,1
-4703.1636,-28634.3926,24.9425,-5248.5928,-28088.9492,21.9700,-4705.9746,-28630.5566,29.4085,766.6964,-0.0016,0.0009,3.1374,0.7762,3.1409,-4702.7793,-28636.0566,25.8766,0.0005,0.0003,1
-4703.1636,-28634.3926,24.9425,-5248.5723,-28088.9766,21.9700,-4701.6943,-28631.7617,26.8963,770.5278,-0.0022,0.0004,3.1376,0.7756,3.1409,-4702.7832,-28635.9883,25.9537,0.0006,0.0001,1
-4703.1636,-28634.3926,24.9425,-5248.5508,-28089.0039,21.9697,-4704.2690,-28639.8066,24.2079,774.3586,-0.0007,-0.0001,3.1380,0.7749,3.1410,-4702.8662,-28636.1680,25.9439,0.0002,-0.0000,1
-4703.1636,-28634.3926,24.9425,-5248.5293,-28089.0312,21.9692,-4698.5454,-28639.3828,21.4726,778.0562,-0.0017,-0.0006,3.1386,0.7743,3.1411,-4702.7666,-28636.3398,25.8407,0.0005,-0.0002,1
-4703.1636,-28634.3926,24.9425,-5248.5078,-28089.0605,21.9685,-4705.1558,-28629.6055,28.2000,766.4562,-0.0023,0.0009,3.1394,0.7738,3.1412,-4702.8701,-28636.1973,25.9438,0.0007,0.0003,1
-4703.1636,-28634.3926,24.9425,-5248.4858,-28089.0879,21.9677,-4707.4712,-28637.3906,25.2211,770.2869,-0.0008,0.0004,3.1402,0.7736,3.1413,-4703.0518,-28636.2910,25.9535,0.0002,0.0001,1
-4703.1636,-28634.3926,24.9425,-5248.4639,-28089.1152,21.9668,-4703.1138,-28638.5234,22.1625,774.1171,-0.0014,-0.0001,3.1411,0.7731,3.1415,-4703.1006,-28636.4219,25.8615,0.0004,-0.0000,1
-4703.1636,-28634.3926,24.9425,-5248.4419,-28089.1445,21.9659,-4697.5664,-28638.2480,21.2078,777.8044,-0.0022,-0.0002,-3.1411,0.7730,3.1416,-4702.9688,-28636.5449,25.7302,0.0007,-0.0001,1
-4703.1636,-28634.3926,24.9425,-5248.4199,-28089.1719,21.9649,-4703.9268,-28628.2188,27.7945,766.2066,-0.0028,0.0013,-3.1402,0.7730,-3.1415,-4703.0283,-28636.3418,25.8010,0.0008,0.0004,1
-4703.1636,-28634.3926,24.9425,-5248.3979,-28089.2012,21.9639,-4700.7769,-28639.2812,27.6830,776.2108,-0.0016,0.0014,-3.1393,0.7731,-3.1414,-4702.9868,-28636.4785,25.8716,0.0005,0.0004,1
-4703.1636,-28634.3926,24.9425,-5248.3760,-28089.2285,21.9630,-4701.6450,-28636.9102,21.7508,773.8661,-0.0019,0.0003,-3.1384,0.7727,-3.1412,-4702.9668,-28636.5430,25.7542,0.0006,0.0001,1
-4703.1636,-28634.3926,24.9425,-5248.3545,-28089.2559,21.9622,-4696.8545,-28637.3770,21.3162,777.5519,-0.0025,0.0003,-3.1377,0.7727,-3.1411,-4702.7896,-28636.6211,25.6141,0.0008,0.0001,1
-4703.1636,-28634.3926,24.9425,-5248.3335,-28089.2832,21.9615,-4709.9023,-28634.0332,28.0748,765.9562,-0.0011,0.0018,-3.1370,0.7729,-3.1410,-4703.0215,-28636.5898,25.6832,0.0003,0.0006,1
-4703.1636,-28634.3926,24.9425,-5248.3120,-28089.3105,21.9608,-4705.4482,-28635.0801,25.2802,769.7855,-0.0016,0.0013,-3.1364,0.7726,-3.1410,-4703.1226,-28636.5859,25.6668,0.0005,0.0004,1
-4703.1636,-28634.3926,24.9425,-5248.2915,-28089.3379,21.9603,-4700.8105,-28635.9160,22.5311,773.6143,-0.0022,0.0008,-3.1359,0.7726,-3.1409,-4703.0771,-28636.6035,25.5610,0.0007,0.0003,1
-4703.1636,-28634.3926,24.9425,-5248.2705,-28089.3633,21.9599,-4696.0723,-28636.4316,21.5893,777.3044,-0.0027,0.0007,-3.1356,0.7728,-3.1408,-4702.8740,-28636.6328,25.4190,0.0008,0.0002,1
-4703.1636,-28634.3926,24.9425,-5248.2505,-28089.3906,21.9597,-4709.0195,-28632.9980,28.6285,765.7108,-0.0013,0.0022,-3.1353,0.7732,-3.1408,-4703.0747,-28636.5508,25.4973,0.0004,0.0007,1
-4703.1636,-28634.3926,24.9425,-5248.2305,-28089.4160,21.9595,-4704.3203,-28633.7910,26.1244,769.5394,-0.0019,0.0017,-3.1351,0.7733,-3.1408,-4703.1343,-28636.4844,25.5017,0.0006,0.0005,1
-4703.1636,-28634.3926,24.9425,-5248.2104,-28089.4414,21.9594,-4699.5713,-28634.5059,23.6568,773.3675,-0.0024,0.0012,-3.1351,0.7735,-3.1408,-4703.0420,-28636.4336,25.4283,0.0007,0.0004,1
-4703.1636,-28634.3926,24.9425,-5248.1909,-28089.4668,21.9594,-4695.3237,-28635.5176,21.8351,777.0641,-0.0028,0.0008,-3.1350,0.7739,-3.1407,-4702.8052,-28636.4121,25.2934,0.0008,0.0002,1
-4703.1636,-28634.3926,24.9425,-5248.1714,-28089.4922,21.9595,-4708.4551,-28632.2773,29.0965,765.4724,-0.0014,0.0023,-3.1351,0.7739,-3.1407,-4702.9771,-28636.2832,25.3873,0.0004,0.0007,1
-4703.1636,-28634.3926,24.9425,-5248.1523,-28089.5156,21.9596,-4703.7251,-28633.0293,26.7940,769.3004,-0.0019,0.0018,-3.1352,0.7741,-3.1407,-4703.0068,-28636.1680,25.4151,0.0006,0.0005,1
-4703.1636,-28634.3926,24.9425,-5248.1338,-28089.5410,21.9598,-4701.8247,-28637.9805,30.0572,774.1406,-0.0014,0.0025,-3.1354,0.7744,-3.1408,-4702.9761,-28636.2090,25.5519,0.0004,0.0007,1
-4703.1636,-28634.3926,24.9425,-5248.1147,-28089.5645,21.9600,-4701.4893,-28641.5332,21.9504,776.8307,-0.0009,0.0008,-3.1356,0.7749,-3.1408,-4702.9321,-28636.3672,25.4374,0.0003,0.0002,1
-4703.1636,-28634.3926,24.9425,-5248.0962,-28089.5879,21.9603,-4707.6743,-28631.3398,29.3133,765.2410,-0.0014,0.0023,-3.1358,0.7751,-3.1408,-4703.0864,-28636.2090,25.5543,0.0004,0.0007,1
-4703.1636,-28634.3926,24.9425,-5248.0781,-28089.6113,21.9605,-4702.8882,-28632.0293,27.0804,769.0684,-0.0020,0.0018,-3.1360,0.7754,-3.1408,-4703.0938,-28636.0605,25.6065,0.0006,0.0005,1
-4703.1636,-28634.3926,24.9425,-5248.0601,-28089.6348,21.9607,-4698.0190,-28632.6074,24.8239,772.8952,-0.0026,0.0013,-3.1362,0.7758,-3.1409,-4702.9434,-28635.9238,25.5886,0.0008,0.0004,1
-4703.1636,-28634.3926,24.9425,-5248.0420,-28089.6582,21.9610,-4700.7793,-28640.6738,21.9517,776.6032,-0.0009,0.0006,-3.1364,0.7763,-3.1409,-4702.8706,-28636.0430,25.4764,0.0003,0.0002,1
-4703.1636,-28634.3926,24.9425,-5248.0229,-28089.6816,21.9614,-4706.9458,-28630.4551,29.5396,765.0152,-0.0015,0.0021,-3.1369,0.7766,-3.1409,-4702.9946,-28635.8398,25.6026,0.0004,0.0006,1
-4703.1636,-28634.3926,24.9425,-5248.0024,-28089.7090,21.9621,-4702.1294,-28631.1094,27.9024,768.8420,-0.0020,0.0016,-3.1380,0.7769,-3.1411,-4702.9697,-28635.6484,25.6837,0.0006,0.0005,1
-4703.1636,-28634.3926,24.9425,-5247.9785,-28089.7383,21.9634,-4704.2134,-28638.6641,26.7467,772.6683,-0.0006,0.0011,-3.1398,0.7771,-3.1413,-4703.0112,-28635.6953,25.7317,0.0002,0.0003,1
-4703.1636,-28634.3926,24.9425,-5247.9517,-28089.7734,21.9653,-4700.4331,-28640.1953,23.5310,776.3645,-0.0009,0.0001,3.1409,0.7771,3.1415,-4702.9326,-28635.7988,25.6775,0.0003,0.0000,1
-4703.1636,-28634.3926,24.9425,-5247.9209,-28089.8125,21.9677,-4706.5962,-28629.9473,32.7635,764.7785,-0.0015,0.0016,3.1380,0.7773,3.1411,-4703.0488,-28635.5801,25.9187,0.0004,0.0005,1
-4703.1636,-28634.3926,24.9425,-5247.8867,-28089.8555,21.9705,-4701.7490,-28630.5762,32.6487,768.6046,-0.0020,0.0011,3.1347,0.7777,3.1406,-4703.0151,-28635.3730,26.1695,0.0006,0.0003,1
-4703.1636,-28634.3926,24.9425,-5247.8486,-28089.9043,21.9735,-4703.6572,-28637.9863,32.6183,772.4302,-0.0006,0.0006,3.1313,0.7783,3.1401,-4703.0400,-28635.3965,26.4309,0.0002,0.0002,1
-4703.1636,-28634.3926,24.9425,-5247.8062,-28089.9590,21.9767,-4699.7266,-28639.3691,24.1122,776.0507,-0.0010,-0.0016,3.1280,0.7782,3.1397,-4702.9390,-28635.4746,26.4283,0.0003,-0.0005,1
-4703.1636,-28634.3926,24.9425,-5247.7603,-28090.0176,21.9798,-4705.8711,-28629.1230,33.4612,764.4678,-0.0015,-0.0001,3.1249,0.7785,3.1392,-4703.0308,-28635.2285,26.7223,0.0005,-0.0000,1
-4703.1636,-28634.3926,24.9425,-5247.7104,-28090.0801,21.9833,-4700.9956,-28629.7559,33.1475,768.2929,-0.0021,-0.0006,3.1219,0.7789,3.1388,-4702.9692,-28634.9922,27.0167,0.0006,-0.0002,1
-4703.1636,-28634.3926,24.9425,-5247.6572,-28090.1484,21.9874,-4703.1846,-28637.5020,32.6843,772.1175,-0.0006,-0.0011,3.1191,0.7789,3.1384,-4702.9746,-28635.0000,27.3047,0.0002,-0.0003,1
-4703.1636,-28634.3926,24.9425,-5247.6011,-28090.2188,21.9917,-4699.0391,-28638.5586,23.3696,775.6383,-0.0011,-0.0034,3.1169,0.7788,3.1381,-4702.8472,-28635.0488,27.2987,0.0003,-0.0010,1
-4703.1636,-28634.3926,24.9425,-5247.5430,-28090.2930,21.9960,-4705.1606,-28628.3496,31.7791,764.0598,-0.0016,-0.0019,3.1151,0.7791,3.1378,-4702.9097,-28634.7754,27.5523,0.0005,-0.0006,1
-4703.1636,-28634.3926,24.9425,-5247.4829,-28090.3691,22.0000,-4707.0791,-28635.8320,30.2858,767.8834,-0.0002,-0.0024,3.1138,0.7795,3.1376,-4703.0396,-28634.7363,27.7610,0.0001,-0.0007,1
-4703.1636,-28634.3926,24.9425,-5247.4214,-28090.4492,22.0034,-4702.4272,-28636.7617,28.3722,771.7066,-0.0007,-0.0029,3.1131,0.7795,3.1375,-4703.0273,-28634.7324,27.9075,0.0002,-0.0009,1
-4703.1636,-28634.3926,24.9425,-5247.3589,-28090.5273,22.0059,-4698.3594,-28637.7383,21.8512,775.1514,-0.0012,-0.0042,3.1130,0.7795,3.1375,-4702.8823,-28634.7676,27.8392,0.0004,-0.0013,1
-4703.1636,-28634.3926,24.9425,-5247.2949,-28090.6094,22.0073,-4704.4541,-28627.5625,28.7666,763.5787,-0.0018,-0.0027,3.1134,0.7798,3.1375,-4702.9248,-28634.4785,27.9760,0.0005,-0.0008,1
-4703.1636,-28634.3926,24.9425,-5247.2300,-28090.6914,22.0075,-4706.3438,-28635.0410,25.7506,767.4005,-0.0003,-0.0032,3.1143,0.7802,3.1376,-4703.0322,-28634.4238,28.0114,0.0001,-0.0010,1
-4703.1636,-28634.3926,24.9425,-5247.1646,-28090.7754,22.0065,-4698.8452,-28638.3477,25.5918,774.9307,-0.0009,-0.0031,3.1158,0.7802,3.1378,-4702.9043,-28634.4785,28.0329,0.0003,-0.0009,1
-4703.1636,-28634.3926,24.9425,-5247.0986,-28090.8594,22.0042,-4699.4429,-28640.5215,23.1729,775.9330,-0.0005,-0.0033,3.1177,0.7804,3.1381,-4702.7861,-28634.6152,27.9669,0.0001,-0.0010,1
-4703.1636,-28634.3926,24.9425,-5247.0322,-28090.9434,22.0007,-4703.6079,-28626.5977,25.8749,763.0602,-0.0019,-0.0023,3.1202,0.7808,3.1384,-4702.7964,-28634.3145,27.9726,0.0006,-0.0007,1
-4703.1636,-28634.3926,24.9425,-5246.9653,-28091.0293,21.9959,-4705.7368,-28634.3184,21.4520,766.8798,-0.0004,-0.0028,3.1232,0.7808,3.1389,-4702.8779,-28634.2500,27.8267,0.0001,-0.0009,1
-4703.1636,-28634.3926,24.9425,-5246.8984,-28091.1152,21.9900,-4702.4565,-28633.4023,17.1793,768.4603,-0.0011,-0.0032,3.1266,0.7808,3.1394,-4702.8594,-28634.1602,27.5255,0.0003,-0.0010,1
-4703.1636,-28634.3926,24.9425,-5246.8311,-28091.1992,21.9830,-4696.8594,-28635.9160,19.0394,774.0828,-0.0015,-0.0023,3.1305,0.7810,3.1399,-4702.6597,-28634.1523,27.2626,0.0004,-0.0007,1
-4703.1636,-28634.3926,24.9425,-5246.7637,-28091.2852,21.9761,-4709.6782,-28632.5566,23.5270,762.5227,-0.0000,-0.0008,3.1345,0.7814,3.1405,-4702.8652,-28634.0410,27.1245,0.0000,-0.0002,1
-4703.1636,-28634.3926,24.9425,-5246.6968,-28091.3711,21.9701,-4705.0391,-28633.4648,18.4138,766.3403,-0.0006,-0.0013,3.1384,0.7814,3.1411,-4702.9341,-28633.9609,26.8131,0.0002,-0.0004,1
-4703.1636,-28634.3926,24.9425,-5246.6299,-28091.4570,21.9650,-4700.4141,-28634.3281,13.4042,770.1573,-0.0011,-0.0018,-3.1411,0.7814,-3.1415,-4702.8569,-28633.9082,26.3235,0.0003,-0.0005,1
-4703.1636,-28634.3926,24.9425,-5246.5640,-28091.5410,21.9609,-4696.3374,-28635.2305,19.3768,773.5336,-0.0016,-0.0001,-3.1377,0.7814,-3.1410,-4702.6431,-28633.8906,26.0033,0.0005,-0.0000,1
-4703.1636,-28634.3926,24.9425,-5246.4990,-28091.6230,21.9576,-4709.1523,-28631.8750,24.5598,761.9802,-0.0001,0.0014,-3.1347,0.7818,-3.1406,-4702.8330,-28633.7676,25.8397,0.0000,0.0004,1
-4703.1636,-28634.3926,24.9425,-5246.4346,-28091.7051,21.9550,-4704.5073,-28632.7773,20.4338,765.7956,-0.0007,0.0009,-3.1322,0.7818,-3.1402,-4702.8853,-28633.6719,25.5440,0.0002,0.0003,1
-4703.1636,-28634.3926,24.9425,-5246.3711,-28091.7852,21.9531,-4699.7363,-28633.5078,16.6060,769.6104,-0.0013,0.0004,-3.1301,0.7820,-3.1399,-4702.7856,-28633.6035,25.1190,0.0004,0.0001,1
-4703.1636,-28634.3926,24.9425,-5246.3091,-28091.8652,21.9517,-4702.3408,-28641.0801,20.6453,773.0021,0.0003,0.0015,-3.1286,0.7824,-3.1397,-4702.7642,-28633.7812,24.8132,-0.0001,0.0004,1
-4703.1636,-28634.3926,24.9425,-5246.2476,-28091.9434,21.9508,-4708.5366,-28631.0801,27.1268,761.4550,-0.0003,0.0030,-3.1275,0.7824,-3.1395,-4702.9453,-28633.6523,24.7164,0.0001,0.0009,1
-4703.1636,-28634.3926,24.9425,-5246.1870,-28092.0215,21.9504,-4703.8892,-28631.9805,24.3256,765.2682,-0.0008,0.0025,-3.1269,0.7824,-3.1394,-4702.9863,-28633.5488,24.5404,0.0002,0.0007,1
-4703.1636,-28634.3926,24.9425,-5246.1274,-28092.0977,21.9504,-4699.0986,-28632.7031,21.7723,769.0811,-0.0014,0.0020,-3.1267,0.7826,-3.1394,-4702.8730,-28633.4688,24.2881,0.0004,0.0006,1
-4703.1636,-28634.3926,24.9425,-5246.0688,-28092.1719,21.9506,-4701.6489,-28640.2324,21.7919,772.4980,0.0001,0.0020,-3.1268,0.7830,-3.1394,-4702.8335,-28633.6328,24.0384,-0.0000,0.0006,1
-4703.1636,-28634.3926,24.9425,-5246.0107,-28092.2441,21.9512,-4707.8706,-28630.2246,29.2651,760.9568,-0.0004,0.0035,-3.1273,0.7830,-3.1395,-4702.9956,-28633.4883,24.0357,0.0001,0.0010,1
-4703.1636,-28634.3926,24.9425,-5245.9541,-28092.3184,21.9520,-4703.2236,-28631.1133,27.3478,764.7681,-0.0010,0.0030,-3.1279,0.7830,-3.1396,-4703.0161,-28633.3672,23.9885,0.0003,0.0009,1
-4703.1636,-28634.3926,24.9425,-5245.8975,-28092.3887,21.9529,-4698.4150,-28631.8105,25.5293,768.5790,-0.0015,0.0025,-3.1287,0.7833,-3.1397,-4702.8794,-28633.2676,23.8956,0.0005,0.0007,1
-4703.1636,-28634.3926,24.9425,-5245.8423,-28092.4609,21.9540,-4701.1802,-28639.6035,22.3459,772.0194,0.0000,0.0017,-3.1297,0.7833,-3.1398,-4702.8232,-28633.4180,23.7092,-0.0000,0.0005,1
-4703.1636,-28634.3926,24.9425,-5245.7871,-28092.5293,21.9551,-4707.4219,-28629.6016,30.2058,760.4838,-0.0005,0.0032,-3.1307,0.7833,-3.1400,-4702.9673,-28633.2598,23.7835,0.0002,0.0010,1
-4703.1636,-28634.3926,24.9425,-5245.7329,-28092.5996,21.9563,-4702.7812,-28630.4824,28.5506,764.2933,-0.0011,0.0027,-3.1317,0.7833,-3.1401,-4702.9692,-28633.1230,23.8227,0.0003,0.0008,1
-4703.1636,-28634.3926,24.9425,-5245.6792,-28092.6680,21.9574,-4696.2227,-28638.4766,27.8828,774.4887,-0.0008,0.0024,-3.1327,0.7836,-3.1403,-4702.7588,-28633.2422,23.8536,0.0002,0.0007,1
-4703.1636,-28634.3926,24.9425,-5245.6255,-28092.7363,21.9584,-4700.5093,-28638.7754,22.3448,771.5597,-0.0001,0.0011,-3.1337,0.7836,-3.1404,-4702.6724,-28633.3848,23.7186,0.0000,0.0003,1
-4703.1636,-28634.3926,24.9425,-5245.5728,-28092.8027,21.9594,-4706.7627,-28628.7832,30.1088,760.0292,-0.0007,0.0026,-3.1346,0.7836,-3.1405,-4702.7861,-28633.2148,23.8391,0.0002,0.0008,1
-4703.1636,-28634.3926,24.9425,-5245.5200,-28092.8711,21.9602,-4702.1240,-28629.6562,28.2817,763.8370,-0.0013,0.0021,-3.1354,0.7836,-3.1406,-4702.7568,-28633.0664,23.9163,0.0004,0.0006,1
-4703.1636,-28634.3926,24.9425,-5245.4678,-28092.9375,21.9609,-4704.0854,-28637.1543,26.3522,767.6443,0.0002,0.0016,-3.1360,0.7840,-3.1408,-4702.7905,-28633.1562,23.9424,-0.0001,0.0005,1
-4703.1636,-28634.3926,24.9425,-5245.4160,-28093.0039,21.9615,-4699.8398,-28637.9473,22.0528,771.1120,-0.0003,0.0006,-3.1366,0.7840,-3.1408,-4702.6899,-28633.2812,23.8363,0.0001,0.0002,1
-4703.1636,-28634.3926,24.9425,-5245.3647,-28093.0684,21.9620,-4706.1001,-28627.9688,29.5113,759.5867,-0.0009,0.0021,-3.1370,0.7840,-3.1409,-4702.7881,-28633.0918,23.9729,0.0003,0.0006,1
-4703.1636,-28634.3926,24.9425,-5245.3135,-28093.1348,21.9623,-4708.1030,-28635.4922,27.3579,763.3928,0.0006,0.0016,-3.1373,0.7843,-3.1410,-4702.9585,-28633.1387,24.0523,-0.0002,0.0005,1
-4703.1636,-28634.3926,24.9425,-5245.2627,-28093.1992,21.9625,-4703.4653,-28636.3789,25.1122,767.1984,0.0000,0.0011,-3.1375,0.7843,-3.1410,-4702.9888,-28633.2207,24.0666,-0.0000,0.0003,1
-4703.1636,-28634.3926,24.9425,-5245.2119,-28093.2637,21.9626,-4699.1826,-28637.1309,21.7328,770.6729,-0.0005,0.0004,-3.1376,0.7843,-3.1410,-4702.8804,-28633.3359,23.9742,0.0001,0.0001,1
-4703.1636,-28634.3926,24.9425,-5245.1621,-28093.3281,21.9626,-4705.4521,-28627.1699,28.9081,759.1525,-0.0011,0.0019,-3.1377,0.7843,-3.1410,-4702.9678,-28633.1309,24.1129,0.0003,0.0006,1
-4703.1636,-28634.3926,24.9425,-5245.1118,-28093.3906,21.9625,-4707.4229,-28634.6680,26.4968,762.9570,0.0004,0.0014,-3.1376,0.7846,-3.1410,-4703.1250,-28633.1621,24.1832,-0.0001,0.0004,1
-4703.1636,-28634.3926,24.9425,-5245.0625,-28093.4531,21.9624,-4702.7886,-28635.5430,24.0236,766.7609,-0.0002,0.0009,-3.1375,0.7846,-3.1410,-4703.1392,-28633.2246,24.1779,0.0000,0.0003,1
-4703.1636,-28634.3926,24.9425,-5245.0132,-28093.5176,21.9622,-4698.5029,-28636.2891,21.5331,770.2417,-0.0007,0.0004,-3.1373,0.7846,-3.1409,-4703.0122,-28633.3164,24.0915,0.0002,0.0001,1
-4703.1636,-28634.3926,24.9425,-5244.9644,-28093.5781,21.9620,-4704.7837,-28626.3398,28.5596,758.7262,-0.0012,0.0019,-3.1371,0.7846,-3.1409,-4703.0791,-28633.0898,24.2298,0.0004,0.0006,1
-4703.1636,-28634.3926,24.9425,-5244.9160,-28093.6406,21.9617,-4706.8999,-28633.9922,26.0361,762.5290,0.0002,0.0014,-3.1369,0.7846,-3.1409,-4703.2188,-28633.0996,24.2945,-0.0001,0.0004,1
-4703.1636,-28634.3926,24.9425,-5244.8682,-28093.7012,21.9615,-4702.2739,-28634.8652,23.4856,766.3314,-0.0003,0.0009,-3.1366,0.7846,-3.1408,-4703.2144,-28633.1406,24.2793,0.0001,0.0003,1
-4703.1636,-28634.3926,24.9425,-5244.8203,-28093.7617,21.9612,-4697.8462,-28635.4668,21.4788,769.8193,-0.0009,0.0005,-3.1364,0.7846,-3.1408,-4703.0630,-28633.2051,24.1967,0.0003,0.0002,1
-4703.1636,-28634.3926,24.9425,-5244.7739,-28093.8223,21.9609,-4710.8813,-28632.3008,28.3773,758.3085,0.0005,0.0020,-3.1361,0.7845,-3.1408,-4703.3262,-28633.1719,24.3341,-0.0002,0.0006,1
-4703.1636,-28634.3926,24.9425,-5244.7285,-28093.8809,21.9604,-4706.6406,-28633.5723,25.6164,762.1098,-0.0000,0.0015,-3.1356,0.7838,-3.1408,-4703.4653,-28633.1797,24.3890,0.0000,0.0005,1
-4703.1636,-28634.3926,24.9425,-5244.6846,-28093.9375,21.9599,-4702.6348,-28635.0527,22.7260,765.9106,-0.0006,0.0010,-3.1349,0.7827,-3.1408,-4703.4790,-28633.2344,24.3515,0.0002,0.0003,1
-4703.1636,-28634.3926,24.9425,-5244.6421,-28093.9941,21.9592,-4698.0195,-28635.4766,21.0716,769.4129,-0.0014,0.0008,-3.1342,0.7812,-3.1408,-4703.3394,-28633.3086,24.2562,0.0004,0.0002,1
-4703.1636,-28634.3926,24.9425,-5244.6011,-28094.0488,21.9584,-4711.8999,-28633.1504,27.6670,757.9066,0.0000,0.0023,-3.1335,0.7796,-3.1409,-4703.6416,-28633.3125,24.3695,-0.0000,0.0007,1
-4703.1636,-28634.3926,24.9425,-5244.5610,-28094.1016,21.9577,-4708.3921,-28635.1367,24.8206,761.7063,-0.0005,0.0018,-3.1329,0.7775,-3.1409,-4703.8442,-28633.3789,24.3960,0.0002,0.0005,1
-4703.1636,-28634.3926,24.9425,-5244.5220,-28094.1543,21.9572,-4708.3008,-28631.6816,20.8218,759.2527,-0.0014,0.0010,-3.1324,0.7755,-3.1409,-4704.0522,-28633.3359,24.2913,0.0004,0.0003,1
-4703.1636,-28634.3926,24.9425,-5244.4834,-28094.2070,21.9567,-4704.4175,-28641.7012,21.4328,769.0349,-0.0008,0.0012,-3.1322,0.7736,-3.1409,-4704.1392,-28633.6172,24.1998,0.0002,0.0004,1
-4703.1636,-28634.3926,24.9425,-5244.4458,-28094.2578,21.9565,-4711.6001,-28632.6816,28.5496,757.5326,-0.0014,0.0027,-3.1322,0.7717,-3.1408,-4704.4600,-28633.6191,24.3357,0.0004,0.0008,1
-4703.1636,-28634.3926,24.9425,-5244.4082,-28094.3086,21.9565,-4707.9478,-28634.5195,26.2684,761.3311,-0.0019,0.0022,-3.1323,0.7699,-3.1408,-4704.6724,-28633.6797,24.4056,0.0006,0.0007,1
-4703.1636,-28634.3926,24.9425,-5244.3716,-28094.3594,21.9566,-4704.2437,-28636.2891,24.0606,765.1290,-0.0025,0.0017,-3.1325,0.7683,-3.1408,-4704.7661,-28633.7969,24.4068,0.0007,0.0005,1
-4703.1636,-28634.3926,24.9425,-5244.3354,-28094.4082,21.9569,-4703.3652,-28640.5020,21.8525,768.6749,-0.0022,0.0012,-3.1328,0.7670,-3.1409,-4704.8252,-28634.0566,24.3349,0.0007,0.0004,1
-4703.1636,-28634.3926,24.9425,-5244.2993,-28094.4590,21.9573,-4710.3726,-28631.2988,29.3005,757.1765,-0.0027,0.0027,-3.1332,0.7655,-3.1409,-4705.1069,-28634.0254,24.5018,0.0008,0.0008,1
-4703.1636,-28634.3926,24.9425,-5244.2642,-28094.5078,21.9578,-4706.5308,-28632.9375,27.2830,760.9737,-0.0033,0.0022,-3.1337,0.7641,-3.1409,-4705.2690,-28634.0430,24.6120,0.0010,0.0007,1
-4703.1636,-28634.3926,24.9425,-5244.2295,-28094.5547,21.9584,-4702.4731,-28634.3438,25.2611,764.7704,-0.0038,0.0017,-3.1342,0.7631,-3.1409,-4705.2964,-28634.0996,24.6607,0.0012,0.0005,1
-4703.1636,-28634.3926,24.9425,-5244.1948,-28094.6035,21.9590,-4702.6992,-28639.6855,21.9507,768.3280,-0.0032,0.0009,-3.1347,0.7619,-3.1410,-4705.3198,-28634.3281,24.6016,0.0010,0.0003,1
-4703.1636,-28634.3926,24.9425,-5244.1606,-28094.6504,21.9595,-4698.5947,-28640.9902,29.5766,772.1235,-0.0038,0.0024,-3.1352,0.7610,-3.1410,-4705.2002,-28634.6094,24.7829,0.0011,0.0007,1
-4703.1636,-28634.3926,24.9425,-5244.1265,-28094.6973,21.9600,-4705.1660,-28631.4082,27.4051,760.6291,-0.0043,0.0019,-3.1356,0.7603,-3.1410,-4705.2749,-28634.5879,24.9045,0.0013,0.0006,1
-4703.1636,-28634.3926,24.9425,-5244.0928,-28094.7441,21.9605,-4707.6226,-28639.2988,25.3190,764.4246,-0.0029,0.0014,-3.1361,0.7598,-3.1411,-4705.4268,-28634.8164,24.9615,0.0009,0.0004,1
-4703.1636,-28634.3926,24.9425,-5244.0596,-28094.7910,21.9609,-4699.2988,-28633.9648,25.6819,766.4722,-0.0050,0.0014,-3.1364,0.7593,-3.1411,-4705.3081,-28634.8750,25.0291,0.0015,0.0004,1
-4703.1636,-28634.3926,24.9425,-5244.0264,-28094.8379,21.9613,-4697.1890,-28639.4258,29.3344,771.7846,-0.0045,0.0021,-3.1367,0.7590,-3.1411,-4705.1060,-28635.1074,25.2143,0.0014,0.0006,1
-4703.1636,-28634.3926,24.9425,-5243.9937,-28094.8828,21.9616,-4703.4834,-28629.5586,27.0216,760.2936,-0.0051,0.0016,-3.1370,0.7589,-3.1411,-4705.0874,-28635.0215,25.3324,0.0015,0.0005,1
-4703.1636,-28634.3926,24.9425,-5243.9614,-28094.9277,21.9618,-4705.6123,-28637.1543,24.7768,764.0880,-0.0036,0.0011,-3.1372,0.7589,-3.1411,-4705.1333,-28635.1680,25.3779,0.0011,0.0003,1
-4703.1636,-28634.3926,24.9425,-5243.9287,-28094.9727,21.9620,-4700.2285,-28632.5234,26.9116,764.5828,-0.0051,0.0016,-3.1373,0.7589,-3.1411,-4705.0034,-28635.1660,25.4891,0.0015,0.0005,1
-4703.1636,-28634.3926,24.9425,-5243.8970,-28095.0176,21.9620,-4696.0166,-28638.0898,28.9943,771.4526,-0.0049,0.0020,-3.1374,0.7591,-3.1411,-4704.7266,-28635.3340,25.6678,0.0015,0.0006,1
-4703.1636,-28634.3926,24.9425,-5243.8647,-28095.0625,21.9621,-4708.8340,-28634.7617,26.5317,759.9649,-0.0034,0.0015,-3.1374,0.7594,-3.1411,-4704.8477,-28635.3984,25.7714,0.0010,0.0004,1
-4703.1636,-28634.3926,24.9425,-5243.8335,-28095.1074,21.9621,-4704.2153,-28635.6055,24.1507,763.7582,-0.0040,0.0010,-3.1374,0.7594,-3.1411,-4704.8262,-28635.4844,25.7953,0.0012,0.0003,1
-4703.1636,-28634.3926,24.9425,-5243.8018,-28095.1523,21.9620,-4699.7109,-28636.2344,21.5283,767.3342,-0.0045,0.0004,-3.1373,0.7600,-3.1411,-4704.6567,-28635.5859,25.7271,0.0013,0.0001,1
-4703.1636,-28634.3926,24.9425,-5243.7710,-28095.1953,21.9619,-4694.8472,-28636.7500,28.7438,771.1265,-0.0050,0.0019,-3.1372,0.7605,-3.1410,-4704.3198,-28635.7051,25.8813,0.0015,0.0006,1
-4703.1636,-28634.3926,24.9425,-5243.7397,-28095.2383,21.9618,-4707.4854,-28633.2676,26.1972,759.6420,-0.0036,0.0014,-3.1371,0.7612,-3.1410,-4704.3745,-28635.7070,25.9568,0.0011,0.0004,1
-4703.1636,-28634.3926,24.9425,-5243.7095,-28095.2812,21.9617,-4707.2173,-28633.4043,20.2160,759.8705,-0.0036,0.0002,-3.1370,0.7616,-3.1410,-4704.4297,-28635.7051,25.8332,0.0011,0.0001,1
-4703.1636,-28634.3926,24.9425,-5243.6787,-28095.3242,21.9616,-4698.9482,-28635.3086,21.4666,767.0151,-0.0044,0.0005,-3.1369,0.7623,-3.1409,-4704.2217,-28635.7578,25.7370,0.0013,0.0001,1
-4703.1636,-28634.3926,24.9425,-5243.6489,-28095.3672,21.9615,-4693.9653,-28635.6953,28.6463,770.8063,-0.0049,0.0020,-3.1368,0.7630,-3.1409,-4703.8433,-28635.8203,25.8631,0.0015,0.0006,1
-4703.1636,-28634.3926,24.9425,-5243.6187,-28095.4082,21.9613,-4700.0298,-28637.4062,20.4629,767.6276,-0.0037,0.0003,-3.1366,0.7635,-3.1408,-4703.6416,-28635.9336,25.7277,0.0011,0.0001,1
-4703.1636,-28634.3926,24.9425,-5243.5894,-28095.4512,21.9612,-4701.8379,-28632.9023,23.6331,763.1163,-0.0040,0.0010,-3.1365,0.7640,-3.1408,-4703.4937,-28635.9004,25.6820,0.0012,0.0003,1
-4703.1636,-28634.3926,24.9425,-5243.5601,-28095.4922,21.9611,-4698.3066,-28634.5039,21.4658,766.7027,-0.0042,0.0005,-3.1364,0.7647,-3.1408,-4703.2314,-28635.9121,25.5605,0.0013,0.0002,1
-4703.1636,-28634.3926,24.9425,-5243.5308,-28095.5332,21.9610,-4700.0732,-28641.6816,28.6556,770.4929,-0.0028,0.0020,-3.1363,0.7656,-3.1408,-4703.0210,-28636.1504,25.6634,0.0008,0.0006,1
-4703.1636,-28634.3926,24.9425,-5243.5020,-28095.5723,21.9609,-4705.9585,-28631.4277,26.1299,759.0147,-0.0033,0.0015,-3.1362,0.7661,-3.1407,-4703.0010,-28636.0625,25.6909,0.0010,0.0005,1
-4703.1636,-28634.3926,24.9425,-5243.4731,-28095.6133,21.9609,-4701.0645,-28631.9590,23.7127,762.8049,-0.0039,0.0010,-3.1361,0.7667,-3.1407,-4702.8320,-28635.9805,25.6395,0.0012,0.0003,1
-4703.1636,-28634.3926,24.9425,-5243.4448,-28095.6523,21.9608,-4697.6147,-28633.6465,21.4926,766.3973,-0.0040,0.0006,-3.1361,0.7675,-3.1407,-4702.5513,-28635.9434,25.5113,0.0012,0.0002,1
-4703.1636,-28634.3926,24.9425,-5243.4170,-28095.6934,21.9608,-4699.3418,-28640.7930,28.7186,770.1865,-0.0026,0.0021,-3.1361,0.7684,-3.1407,-4702.3218,-28636.1309,25.6092,0.0008,0.0006,1
-4703.1636,-28634.3926,24.9425,-5243.3892,-28095.7324,21.9608,-4705.1855,-28630.4922,26.2318,758.7113,-0.0031,0.0016,-3.1360,0.7691,-3.1406,-4702.2822,-28635.9922,25.6337,0.0009,0.0005,1
-4703.1636,-28634.3926,24.9425,-5243.3618,-28095.7715,21.9608,-4700.1934,-28630.9141,23.8534,762.5005,-0.0037,0.0011,-3.1360,0.7698,-3.1406,-4702.0908,-28635.8516,25.5813,0.0011,0.0003,1
-4703.1636,-28634.3926,24.9425,-5243.3345,-28095.8086,21.9608,-4703.7300,-28639.6270,21.5095,766.0990,-0.0017,0.0006,-3.1360,0.7706,-3.1406,-4702.0161,-28635.9863,25.4486,0.0005,0.0002,1
-4703.1636,-28634.3926,24.9425,-5243.3071,-28095.8477,21.9608,-4698.8916,-28640.1836,28.7738,769.8873,-0.0023,0.0021,-3.1360,0.7711,-3.1406,-4701.7935,-28636.1445,25.5439,0.0007,0.0006,1
-4703.1636,-28634.3926,24.9425,-5243.2803,-28095.8848,21.9608,-4704.7700,-28629.9160,26.3143,758.4150,-0.0028,0.0016,-3.1360,0.7717,-3.1406,-4701.7622,-28635.9746,25.5673,0.0009,0.0005,1
-4703.1636,-28634.3926,24.9425,-5243.2539,-28095.9219,21.9608,-4704.4365,-28628.7871,25.2888,757.8090,-0.0029,0.0014,-3.1361,0.7725,-3.1406,-4701.7324,-28635.7520,25.5585,0.0009,0.0004,1
-4703.1636,-28634.3926,24.9425,-5243.2275,-28095.9590,21.9609,-4703.0610,-28638.8066,21.5163,765.8076,-0.0015,0.0006,-3.1361,0.7733,-3.1406,-4701.6680,-28635.8438,25.4261,0.0005,0.0002,1
-4703.1636,-28634.3926,24.9425,-5243.2012,-28095.9961,21.9609,-4698.2251,-28639.3574,28.7917,769.5950,-0.0021,0.0021,-3.1361,0.7738,-3.1406,-4701.4536,-28635.9590,25.5222,0.0006,0.0006,1
-4703.1636,-28634.3926,24.9425,-5243.1753,-28096.0332,21.9610,-4704.1196,-28629.1016,26.3422,758.1254,-0.0026,0.0016,-3.1362,0.7744,-3.1406,-4701.4297,-28635.7461,25.5468,0.0008,0.0005,1
-4703.1636,-28634.3926,24.9425,-5243.1499,-28096.0703,21.9610,-4699.1294,-28629.5059,23.9938,761.9127,-0.0032,0.0011,-3.1362,0.7751,-3.1406,-4701.2524,-28635.5312,25.4960,0.0010,0.0003,1
-4703.1636,-28634.3926,24.9425,-5243.1240,-28096.1055,21.9611,-4702.6562,-28638.2520,21.5081,765.5226,-0.0013,0.0005,-3.1362,0.7754,-3.1406,-4701.1904,-28635.5918,25.3610,0.0004,0.0002,1
-4703.1636,-28634.3926,24.9425,-5243.0991,-28096.1406,21.9611,-4697.8442,-28638.8164,28.7784,769.3091,-0.0019,0.0020,-3.1363,0.7759,-3.1406,-4700.9800,-28635.6758,25.4548,0.0006,0.0006,1
-4703.1636,-28634.3926,24.9425,-5243.0737,-28096.1758,21.9611,-4703.7661,-28628.5859,26.3250,757.8422,-0.0024,0.0015,-3.1363,0.7765,-3.1406,-4700.9609,-28635.4336,25.4772,0.0007,0.0005,1
-4703.1636,-28634.3926,24.9425,-5243.0493,-28096.2109,21.9612,-4704.4707,-28633.4629,27.7492,760.7442,-0.0015,0.0018,-3.1363,0.7771,-3.1406,-4700.9756,-28635.3359,25.5484,0.0005,0.0005,1
-4703.1636,-28634.3926,24.9425,-5243.0244,-28096.2461,21.9612,-4702.0054,-28637.4473,21.4884,765.2437,-0.0013,0.0005,-3.1363,0.7774,-3.1406,-4700.9209,-28635.3672,25.4196,0.0004,0.0002,1
-4703.1636,-28634.3926,24.9425,-5243.0000,-28096.2793,21.9612,-4697.2065,-28638.0176,28.7466,769.0294,-0.0018,0.0020,-3.1364,0.7778,-3.1406,-4700.7163,-28635.4219,25.5187,0.0005,0.0006,1
-4703.1636,-28634.3926,24.9425,-5242.9761,-28096.3145,21.9612,-4703.1553,-28627.8105,26.2848,757.5650,-0.0024,0.0015,-3.1364,0.7783,-3.1406,-4700.7026,-28635.1484,25.5455,0.0007,0.0005,1
-4703.1636,-28634.3926,24.9425,-5242.9517,-28096.3477,21.9612,-4704.9272,-28635.0371,23.9137,761.3506,-0.0009,0.0010,-3.1364,0.7790,-3.1406,-4700.7559,-28635.0996,25.4958,0.0003,0.0003,1
-4703.1636,-28634.3926,24.9425,-5242.9282,-28096.3809,21.9613,-4701.3545,-28636.6406,21.4679,764.9706,-0.0012,0.0005,-3.1364,0.7793,-3.1406,-4700.7046,-28635.1035,25.3629,0.0003,0.0002,1
-4703.1636,-28634.3926,24.9425,-5242.9043,-28096.4141,21.9613,-4696.5693,-28637.2168,28.7144,768.7554,-0.0017,0.0020,-3.1364,0.7797,-3.1406,-4700.5020,-28635.1309,25.4579,0.0005,0.0006,1
-4703.1636,-28634.3926,24.9425,-5242.8809,-28096.4473,21.9613,-4709.2554,-28633.7793,26.2382,757.2935,-0.0003,0.0015,-3.1364,0.7802,-3.1406,-4700.7109,-28635.0547,25.4804,0.0001,0.0005,1
-4703.1636,-28634.3926,24.9425,-5242.8579,-28096.4805,21.9613,-4704.5068,-28634.4570,23.8685,761.0783,-0.0008,0.0010,-3.1364,0.7806,-3.1406,-4700.7847,-28634.9961,25.4267,0.0002,0.0003,1
-4703.1636,-28634.3926,24.9425,-5242.8350,-28096.5137,21.9613,-4700.6973,-28635.8281,21.4497,764.7028,-0.0011,0.0005,-3.1364,0.7808,-3.1406,-4700.7437,-28634.9863,25.2908,0.0003,0.0001,1
-4703.1636,-28634.3926,24.9425,-5242.8120,-28096.5449,21.9613,-4708.7866,-28633.2188,21.9506,757.0991,-0.0003,0.0006,-3.1364,0.7812,-3.1406,-4700.9712,-28634.8926,25.1622,0.0001,0.0002,1
-4703.1636,-28634.3926,24.9425,-5242.7896,-28096.5762,21.9613,-4708.6113,-28632.9844,26.2084,757.0274,-0.0003,0.0015,-3.1364,0.7817,-3.1406,-4701.2114,-28634.7891,25.1679,0.0001,0.0004,1
-4703.1636,-28634.3926,24.9425,-5242.7671,-28096.6094,21.9613,-4704.0464,-28633.8398,23.8373,760.8114,-0.0008,0.0010,-3.1364,0.7817,-3.1405,-4701.3174,-28634.7109,25.0992,0.0002,0.0003,1
-4703.1636,-28634.3926,24.9425,-5242.7446,-28096.6406,21.9613,-4700.0444,-28635.0156,21.4361,764.4406,-0.0012,0.0005,-3.1364,0.7819,-3.1405,-4701.2974,-28634.6719,24.9504,0.0004,0.0001,1
-4703.1636,-28634.3926,24.9425,-5242.7227,-28096.6719,21.9613,-4695.2749,-28635.5898,28.6699,768.2238,-0.0017,0.0020,-3.1364,0.7823,-3.1405,-4701.1187,-28634.6562,25.0313,0.0005,0.0006,1
-4703.1636,-28634.3926,24.9425,-5242.7007,-28096.7012,21.9613,-4700.4800,-28638.1914,23.6971,766.2986,-0.0006,0.0010,-3.1364,0.7823,-3.1405,-4701.0957,-28634.7285,24.9599,0.0002,0.0003,1
-4703.1636,-28634.3926,24.9425,-5242.6792,-28096.7324,21.9613,-4703.6992,-28633.3320,23.8221,760.5499,-0.0008,0.0010,-3.1364,0.7823,-3.1405,-4701.1772,-28634.6504,24.8907,0.0003,0.0003,1
-4703.1636,-28634.3926,24.9425,-5242.6572,-28096.7637,21.9613,-4699.3857,-28634.1973,21.4253,764.1835,-0.0013,0.0005,-3.1364,0.7825,-3.1405,-4701.1230,-28634.5996,24.7424,0.0004,0.0001,1
-4703.1636,-28634.3926,24.9425,-5242.6362,-28096.7930,21.9613,-4701.6362,-28641.8223,28.6515,767.9659,0.0001,0.0020,-3.1364,0.7825,-3.1405,-4701.1387,-28634.7988,24.8242,-0.0000,0.0006,1
-4703.1636,-28634.3926,24.9425,-5242.6147,-28096.8223,21.9613,-4707.8184,-28631.8848,26.1837,756.5111,-0.0004,0.0015,-3.1364,0.7825,-3.1405,-4701.3594,-28634.6875,24.8366,0.0001,0.0004,1
-4703.1636,-28634.3926,24.9425,-5242.5938,-28096.8516,21.9613,-4703.2607,-28632.7324,23.8154,760.2936,-0.0010,0.0010,-3.1364,0.7824,-3.1405,-4701.4438,-28634.6016,24.7753,0.0003,0.0003,1
-4703.1636,-28634.3926,24.9425,-5242.5732,-28096.8809,21.9613,-4698.7256,-28633.3730,21.4161,763.9315,-0.0015,0.0005,-3.1364,0.7827,-3.1405,-4701.3823,-28634.5332,24.6347,0.0005,0.0001,1
-4703.1636,-28634.3926,24.9425,-5242.5527,-28096.9102,21.9613,-4700.7446,-28640.7773,28.6411,767.7132,-0.0001,0.0020,-3.1364,0.7831,-3.1406,-4701.3799,-28634.7051,24.7243,0.0000,0.0006,1
-4703.1636,-28634.3926,24.9425,-5242.5322,-28096.9395,21.9613,-4706.9370,-28630.8477,26.1767,756.2606,-0.0006,0.0015,-3.1364,0.7831,-3.1405,-4701.5796,-28634.5645,24.7446,0.0002,0.0004,1
-4703.1636,-28634.3926,24.9425,-5242.5117,-28096.9668,21.9613,-4703.2095,-28634.2207,21.6064,761.2399,-0.0007,0.0005,-3.1365,0.7830,-3.1405,-4701.6670,-28634.5293,24.6188,0.0002,0.0002,1
-4703.1636,-28634.3926,24.9425,-5242.4917,-28096.9961,21.9613,-4701.6597,-28630.2773,25.1492,759.5338,-0.0014,0.0013,-3.1365,0.7833,-3.1406,-4701.7051,-28634.3652,24.6040,0.0004,0.0004,1
-4703.1636,-28634.3926,24.9425,-5242.4717,-28097.0234,21.9613,-4700.2651,-28640.1445,28.6325,767.4655,-0.0002,0.0020,-3.1365,0.7833,-3.1405,-4701.6963,-28634.5156,24.7049,0.0001,0.0006,1
-4703.1636,-28634.3926,24.9425,-5242.4521,-28097.0527,21.9613,-4706.4697,-28630.2227,26.1700,756.0149,-0.0008,0.0015,-3.1365,0.7833,-3.1405,-4701.8867,-28634.3535,24.7362,0.0002,0.0004,1
-4703.1636,-28634.3926,24.9425,-5242.4326,-28097.0801,21.9613,-4701.9072,-28631.0508,23.8061,759.7960,-0.0013,0.0010,-3.1365,0.7833,-3.1405,-4701.9351,-28634.2129,24.6934,0.0004,0.0003,1
-4703.1636,-28634.3926,24.9425,-5242.4131,-28097.1074,21.9613,-4704.1260,-28638.4883,21.3884,763.4421,0.0002,0.0005,-3.1365,0.7836,-3.1406,-4702.0542,-28634.3086,24.5701,-0.0001,0.0001,1
-4703.1636,-28634.3926,24.9425,-5242.3940,-28097.1348,21.9613,-4699.5732,-28639.2988,28.6190,767.2229,-0.0004,0.0020,-3.1365,0.7836,-3.1406,-4702.0269,-28634.4434,24.6768,0.0001,0.0006,1
-4703.1636,-28634.3926,24.9425,-5242.3745,-28097.1602,21.9614,-4705.7900,-28629.3828,26.1579,755.7739,-0.0009,0.0015,-3.1365,0.7836,-3.1405,-4702.1963,-28634.2637,24.7136,0.0003,0.0004,1
-4703.1636,-28634.3926,24.9425,-5242.3560,-28097.1875,21.9614,-4701.2261,-28630.2012,23.7948,759.5548,-0.0015,0.0010,-3.1365,0.7836,-3.1405,-4702.2207,-28634.1016,24.6760,0.0004,0.0003,1
-4703.1636,-28634.3926,24.9425,-5242.3369,-28097.2129,21.9614,-4703.4702,-28637.6816,21.3769,763.2043,0.0000,0.0005,-3.1365,0.7839,-3.1406,-4702.3140,-28634.1777,24.5578,-0.0000,0.0001,1
-4703.1636,-28634.3926,24.9425,-5242.3184,-28097.2402,21.9614,-4698.9160,-28638.4844,28.6049,766.9846,-0.0006,0.0020,-3.1365,0.7839,-3.1406,-4702.2593,-28634.2871,24.6693,0.0002,0.0006,1
-4703.1636,-28634.3926,24.9425,-5242.2998,-28097.2656,21.9614,-4705.1450,-28628.5762,26.1440,755.5375,-0.0011,0.0015,-3.1365,0.7839,-3.1406,-4702.3989,-28634.0840,24.7107,0.0003,0.0004,1
-4703.1636,-28634.3926,24.9425,-5242.2817,-28097.2910,21.9614,-4707.1455,-28635.9883,23.7730,759.3177,0.0003,0.0010,-3.1366,0.7842,-3.1406,-4702.6084,-28634.1133,24.6772,-0.0001,0.0003,1
-4703.1636,-28634.3926,24.9425,-5242.2637,-28097.3164,21.9614,-4702.9756,-28637.0352,21.3664,762.9711,-0.0001,0.0005,-3.1366,0.7842,-3.1406,-4702.6875,-28634.1816,24.5632,0.0000,0.0001,1
-4703.1636,-28634.3926,24.9425,-5242.2456,-28097.3418,21.9614,-4698.4224,-28637.8320,28.5914,766.7507,-0.0007,0.0020,-3.1366,0.7842,-3.1406,-4702.6162,-28634.2832,24.6785,0.0002,0.0006,1
-4703.1636,-28634.3926,24.9425,-5242.2275,-28097.3672,21.9614,-4704.6611,-28627.9316,26.1306,755.3055,-0.0012,0.0015,-3.1366,0.7842,-3.1406,-4702.7373,-28634.0684,24.7236,0.0004,0.0004,1
-4703.1636,-28634.3926,24.9425,-5242.2100,-28097.3926,21.9614,-4706.6294,-28635.3203,23.7589,759.0851,0.0002,0.0010,-3.1366,0.7845,-3.1406,-4702.9243,-28634.0840,24.6934,-0.0001,0.0003,1
-4703.1636,-28634.3926,24.9425,-5242.1924,-28097.4180,21.9614,-4702.3140,-28636.2207,21.3540,762.7421,-0.0003,0.0005,-3.1366,0.7845,-3.1406,-4702.9751,-28634.1309,24.5825,0.0001,0.0001,1
-4703.1636,-28634.3926,24.9425,-5242.1753,-28097.4414,21.9614,-4697.7598,-28637.0078,28.5763,766.5211,-0.0008,0.0019,-3.1366,0.7845,-3.1406,-4702.8730,-28634.2109,24.7007,0.0003,0.0006,1
-4703.1636,-28634.3926,24.9425,-5242.1577,-28097.4668,21.9614,-4703.8745,-28626.9785,26.1151,755.0778,-0.0014,0.0014,-3.1366,0.7848,-3.1406,-4702.9570,-28633.9668,24.7483,0.0004,0.0004,1
-4703.1636,-28634.3926,24.9425,-5242.1406,-28097.4902,21.9614,-4706.0107,-28634.5469,23.7450,758.8568,0.0000,0.0009,-3.1366,0.7848,-3.1406,-4703.1104,-28633.9570,24.7205,-0.0000,0.0003,1
-4703.1636,-28634.3926,24.9425,-5242.1240,-28097.5137,21.9614,-4700.8413,-28631.5605,24.5807,760.3904,-0.0012,0.0011,-3.1366,0.7848,-3.1406,-4703.0981,-28633.8516,24.7179,0.0004,0.0003,1
-4703.1636,-28634.3926,24.9425,-5242.1069,-28097.5371,21.9614,-4697.0967,-28636.1816,28.5617,766.2957,-0.0010,0.0019,-3.1366,0.7848,-3.1406,-4702.9561,-28633.8945,24.8448,0.0003,0.0006,1
-4703.1636,-28634.3926,24.9425,-5242.0903,-28097.5605,21.9614,-4709.8945,-28632.8750,26.0938,754.8541,0.0004,0.0014,-3.1366,0.7851,-3.1406,-4703.2202,-28633.8359,24.8998,-0.0001,0.0004,1
-4703.1636,-28634.3926,24.9425,-5242.0737,-28097.5840,21.9615,-4699.6523,-28634.3145,23.0288,763.0843,-0.0009,0.0008,-3.1366,0.7851,-3.1406,-4703.1597,-28633.8223,24.8559,0.0003,0.0002,1
-4703.1636,-28634.3926,24.9425,-5242.0576,-28097.6074,21.9615,-4700.9961,-28634.5898,21.3308,762.2964,-0.0007,0.0004,-3.1366,0.7851,-3.1406,-4703.1328,-28633.8223,24.7516,0.0002,0.0001,1
-4703.1636,-28634.3926,24.9425,-5242.0415,-28097.6309,21.9615,-4696.4424,-28635.3633,28.5480,766.0742,-0.0012,0.0019,-3.1366,0.7851,-3.1406,-4702.9512,-28633.8477,24.8754,0.0004,0.0006,1
-4703.1636,-28634.3926,24.9425,-5242.0254,-28097.6523,21.9615,-4709.2207,-28632.0508,26.0806,754.6343,0.0002,0.0014,-3.1366,0.7854,-3.1406,-4703.1738,-28633.7695,24.9273,-0.0001,0.0004,1
-4703.1636,-28634.3926,24.9425,-5242.0093,-28097.6758,21.9615,-4704.6592,-28632.8809,23.7186,758.4122,-0.0003,0.0009,-3.1366,0.7854,-3.1406,-4703.2578,-28633.7168,24.9031,0.0001,0.0003,1
-4703.1636,-28634.3926,24.9425,-5241.9937,-28097.6973,21.9615,-4700.1929,-28633.6250,21.3187,762.0793,-0.0008,0.0004,-3.1366,0.7857,-3.1406,-4703.1968,-28633.6875,24.7971,0.0002,0.0001,1
-4703.1636,-28634.3926,24.9425,-5241.9775,-28097.7188,21.9615,-4702.2900,-28641.0781,28.5264,765.8566,0.0006,0.0019,-3.1367,0.7859,-3.1406,-4703.1958,-28633.9023,24.9189,-0.0002,0.0006,1
-4703.1636,-28634.3926,24.9425,-5241.9624,-28097.7422,21.9615,-4708.4561,-28631.1348,26.0686,754.4183,0.0001,0.0014,-3.1367,0.7859,-3.1406,-4703.3960,-28633.8066,24.9688,-0.0000,0.0004,1
-4703.1636,-28634.3926,24.9425,-5241.9468,-28097.7637,21.9615,-4703.8940,-28631.9551,23.7077,758.1957,-0.0005,0.0009,-3.1367,0.7860,-3.1406,-4703.4546,-28633.7344,24.9425,0.0001,0.0003,1
-4703.1636,-28634.3926,24.9425,-5241.9316,-28097.7852,21.9615,-4699.6865,-28632.9590,21.3077,761.8660,-0.0010,0.0004,-3.1367,0.7860,-3.1406,-4703.3745,-28633.6914,24.8344,0.0003,0.0001,1
-4703.1636,-28634.3926,24.9425,-5241.9165,-28097.8066,21.9615,-4701.7568,-28640.3965,28.5126,765.6428,0.0005,0.0019,-3.1367,0.7862,-3.1406,-4703.3521,-28633.8906,24.9539,-0.0001,0.0006,1
-4703.1636,-28634.3926,24.9425,-5241.9014,-28097.8262,21.9615,-4707.9341,-28630.4570,26.0554,754.2062,-0.0001,0.0014,-3.1367,0.7863,-3.1406,-4703.5293,-28633.7793,25.0015,0.0000,0.0004,1
-4703.1636,-28634.3926,24.9425,-5241.8862,-28097.8477,21.9615,-4703.3730,-28631.2734,23.6946,757.9829,-0.0006,0.0009,-3.1367,0.7863,-3.1406,-4703.5635,-28633.6875,24.9729,0.0002,0.0003,1
-4703.1636,-28634.3926,24.9425,-5241.8716,-28097.8691,21.9615,-4699.0298,-28632.1387,21.2962,761.6563,-0.0011,0.0004,-3.1367,0.7863,-3.1406,-4703.4536,-28633.6191,24.8623,0.0003,0.0001,1
-4703.1636,-28634.3926,24.9425,-5241.8569,-28097.8887,21.9615,-4701.2407,-28639.7266,28.4998,765.4325,0.0003,0.0019,-3.1367,0.7863,-3.1406,-4703.4048,-28633.7969,24.9793,-0.0001,0.0006,1
-4703.1636,-28634.3926,24.9425,-5241.8423,-28097.9102,21.9615,-4707.4331,-28629.8027,26.0429,753.9975,-0.0002,0.0014,-3.1367,0.7863,-3.1406,-4703.5547,-28633.6621,25.0244,0.0001,0.0004,1
-4703.1636,-28634.3926,24.9425,-5241.8281,-28097.9297,21.9615,-4702.8760,-28630.6152,23.6823,757.7737,-0.0008,0.0009,-3.1367,0.7863,-3.1406,-4703.5615,-28633.5469,24.9932,0.0002,0.0003,1
-4703.1636,-28634.3926,24.9425,-5241.8135,-28097.9512,21.9615,-4705.1284,-28638.1152,21.2775,761.4501,0.0007,0.0004,-3.1367,0.7863,-3.1406,-4703.6392,-28633.6719,24.8798,-0.0002,0.0001,1
-4703.1636,-28634.3926,24.9425,-5241.7993,-28097.9707,21.9615,-4700.5845,-28638.9180,28.4859,765.2259,0.0001,0.0019,-3.1367,0.7863,-3.1406,-4703.5708,-28633.8340,24.9943,-0.0000,0.0006,1
-4703.1636,-28634.3926,24.9425,-5241.7856,-28097.9902,21.9615,-4706.7920,-28629.0039,26.0299,753.7923,-0.0005,0.0014,-3.1367,0.7863,-3.1406,-4703.6987,-28633.6797,25.0368,0.0001,0.0004,1
-4703.1636,-28634.3926,24.9425,-5241.7715,-28098.0098,21.9615,-4702.2349,-28629.8105,23.6698,757.5680,-0.0010,0.0009,-3.1367,0.7863,-3.1406,-4703.6812,-28633.5449,25.0031,0.0003,0.0003,1
-4703.1636,-28634.3926,24.9425,-5241.7578,-28098.0293,21.9616,-4704.3066,-28637.1445,21.2656,761.2473,0.0004,0.0004,-3.1367,0.7865,-3.1406,-4703.7280,-28633.6426,24.8872,-0.0001,0.0001,1
-4703.1636,-28634.3926,24.9425,-5241.7441,-28098.0488,21.9616,-4699.7593,-28637.9375,28.4724,765.0225,-0.0001,0.0019,-3.1367,0.7865,-3.1406,-4703.6260,-28633.7734,24.9992,0.0000,0.0006,1
-4703.1636,-28634.3926,24.9425,-5241.7305,-28098.0664,21.9616,-4705.9814,-28628.0293,26.0173,753.5903,-0.0007,0.0014,-3.1367,0.7865,-3.1406,-4703.7188,-28633.5879,25.0393,0.0002,0.0004,1
-4703.1636,-28634.3926,24.9425,-5241.7168,-28098.0859,21.9616,-4704.7349,-28626.5430,27.2646,753.4159,-0.0011,0.0017,-3.1367,0.7866,-3.1406,-4703.7744,-28633.3398,25.1226,0.0003,0.0005,1
-4703.1636,-28634.3926,24.9425,-5241.7036,-28098.1055,21.9616,-4703.7988,-28636.4863,21.2548,761.0476,0.0003,0.0004,-3.1367,0.7866,-3.1406,-4703.8003,-28633.4062,25.0120,-0.0001,0.0001,1
-4703.1636,-28634.3926,24.9425,-5241.6904,-28098.1230,21.9616,-4699.2549,-28637.2734,28.4591,764.8224,-0.0003,0.0019,-3.1367,0.7866,-3.1406,-4703.6768,-28633.5078,25.1286,0.0001,0.0006,1
-4703.1636,-28634.3926,24.9425,-5241.6772,-28098.1426,21.9616,-4705.4888,-28627.3789,26.0043,753.3917,-0.0009,0.0014,-3.1367,0.7866,-3.1406,-4703.7471,-28633.2910,25.1725,0.0003,0.0004,1
-4703.1636,-28634.3926,24.9425,-5241.6646,-28098.1602,21.9616,-4707.5098,-28634.7988,23.6375,757.1665,0.0006,0.0009,-3.1368,0.7868,-3.1406,-4703.8867,-28633.3066,25.1392,-0.0002,0.0003,1
-4703.1636,-28634.3926,24.9425,-5241.6514,-28098.1777,21.9616,-4703.1367,-28635.6699,21.2434,760.8511,0.0001,0.0004,-3.1368,0.7868,-3.1406,-4703.8901,-28633.3574,25.0235,-0.0000,0.0001,1
-4703.1636,-28634.3926,24.9425,-5241.6387,-28098.1973,21.9616,-4698.5908,-28636.4531,28.4460,764.6255,-0.0005,0.0019,-3.1368,0.7868,-3.1406,-4703.7417,-28633.4395,25.1352,0.0001,0.0006,1
-4703.1636,-28634.3926,24.9425,-5241.6260,-28098.2148,21.9616,-4704.8379,-28626.5645,25.9922,753.1961,-0.0010,0.0014,-3.1368,0.7868,-3.1406,-4703.7856,-28633.2012,25.1742,0.0003,0.0004,1
-4703.1636,-28634.3926,24.9425,-5241.6133,-28098.2324,21.9616,-4706.8364,-28633.9746,23.6258,756.9705,0.0004,0.0009,-3.1368,0.7871,-3.1406,-4703.8975,-28633.1953,25.1362,-0.0001,0.0003,1
-4703.1636,-28634.3926,24.9425,-5241.6011,-28098.2500,21.9616,-4702.4497,-28634.8301,21.2319,760.6577,-0.0001,0.0004,-3.1368,0.7871,-3.1406,-4703.8706,-28633.2207,25.0160,0.0000,0.0001,1
-4703.1636,-28634.3926,24.9425,-5241.5884,-28098.2676,21.9616,-4697.9028,-28635.6035,28.4325,764.4316,-0.0007,0.0019,-3.1368,0.7871,-3.1406,-4703.6914,-28633.2754,25.1233,0.0002,0.0006,1
-4703.1636,-28634.3926,24.9425,-5241.5752,-28098.2852,21.9618,-4710.8340,-28632.4355,26.2043,753.0035,0.0008,0.0014,-3.1371,0.7871,-3.1407,-4703.9253,-28633.2324,25.1656,-0.0002,0.0004,1
-4703.1636,-28634.3926,24.9425,-5241.5601,-28098.3066,21.9624,-4706.2837,-28633.2734,24.4554,756.7775,0.0002,0.0009,-3.1381,0.7871,-3.1409,-4704.0229,-28633.2168,25.1519,-0.0001,0.0003,1
-4703.1636,-28634.3926,24.9425,-5241.5425,-28098.3320,21.9635,-4701.7461,-28630.4727,30.0349,758.0300,-0.0009,0.0018,-3.1398,0.7871,-3.1412,-4703.9751,-28633.1074,25.3204,0.0003,0.0005,1
-4703.1636,-28634.3926,24.9425,-5241.5215,-28098.3613,21.9652,-4697.2495,-28634.7812,31.1375,764.2345,-0.0009,0.0017,3.1409,0.7871,3.1415,-4703.7744,-28633.1367,25.5335,0.0003,0.0005,1
-4703.1636,-28634.3926,24.9425,-5241.4976,-28098.3945,21.9675,-4710.0522,-28631.5156,30.5621,752.8079,0.0006,0.0012,3.1379,0.7873,3.1408,-4703.9810,-28633.0625,25.7415,-0.0002,0.0004,1
-4703.1636,-28634.3926,24.9425,-5241.4697,-28098.4336,21.9702,-4705.4902,-28632.3574,30.3624,756.5814,0.0000,0.0007,3.1346,0.7873,3.1402,-4704.0488,-28633.0137,25.9507,-0.0000,0.0002,1
-4703.1636,-28634.3926,24.9425,-5241.4385,-28098.4785,21.9732,-4701.2651,-28633.3770,23.4434,760.2045,-0.0005,-0.0012,3.1312,0.7873,3.1394,-4703.9800,-28633.0000,25.9389,0.0001,-0.0004,1
-4703.1636,-28634.3926,24.9425,-5241.4033,-28098.5273,21.9763,-4703.4932,-28640.9258,32.8981,763.9774,0.0010,0.0003,3.1277,0.7873,3.1387,-4703.9775,-28633.2324,26.2283,-0.0003,0.0001,1
-4703.1636,-28634.3926,24.9425,-5241.3647,-28098.5820,21.9794,-4709.6396,-28631.0234,32.4782,752.5529,0.0004,-0.0002,3.1245,0.7873,3.1381,-4704.1777,-28633.1602,26.5188,-0.0001,-0.0001,1
-4703.1636,-28634.3926,24.9425,-5241.3223,-28098.6426,21.9829,-4705.0703,-28631.8926,32.1921,756.3256,-0.0001,-0.0007,3.1213,0.7873,3.1374,-4704.2368,-28633.1094,26.8082,0.0000,-0.0002,1
-4703.1636,-28634.3926,24.9425,-5241.2759,-28098.7070,21.9871,-4700.4575,-28632.4453,23.1956,759.8525,-0.0007,-0.0030,3.1182,0.7873,3.1368,-4704.1450,-28633.0781,26.8079,0.0002,-0.0009,1
-4703.1636,-28634.3926,24.9425,-5241.2261,-28098.7773,21.9918,-4702.6455,-28640.0137,32.3968,763.6240,0.0007,-0.0015,3.1152,0.7873,3.1361,-4704.1157,-28633.2910,27.0965,-0.0002,-0.0005,1
-4703.1636,-28634.3926,24.9425,-5241.1724,-28098.8516,21.9970,-4708.7959,-28630.1523,31.7842,752.2032,0.0001,-0.0020,3.1122,0.7873,3.1355,-4704.2861,-28633.1953,27.3741,-0.0000,-0.0006,1
-4703.1636,-28634.3926,24.9425,-5241.1152,-28098.9336,22.0024,-4698.3457,-28633.0996,32.6361,761.6146,-0.0010,-0.0023,3.1093,0.7872,3.1349,-4704.1206,-28633.1914,27.6822,0.0003,-0.0007,1
-4703.1636,-28634.3926,24.9425,-5241.0547,-28099.0176,22.0080,-4699.8691,-28631.7305,23.0314,759.3991,-0.0010,-0.0047,3.1064,0.7872,3.1343,-4703.9912,-28633.1426,27.6793,0.0003,-0.0014,1
-4703.1636,-28634.3926,24.9425,-5240.9902,-28099.1094,22.0135,-4702.0210,-28639.3145,32.1155,763.1690,0.0005,-0.0032,3.1036,0.7872,3.1338,-4703.9233,-28633.3379,27.9580,-0.0001,-0.0010,1
-4703.1636,-28634.3926,24.9425,-5240.9219,-28099.2051,22.0191,-4708.1719,-28629.4941,31.3934,751.7534,-0.0001,-0.0037,3.1008,0.7872,3.1332,-4704.0552,-28633.2227,28.2179,0.0000,-0.0011,1
-4703.1636,-28634.3926,24.9425,-5240.8501,-28099.3066,22.0244,-4705.3145,-28631.5273,34.8554,755.1404,-0.0002,-0.0033,3.0980,0.7871,3.1326,-4704.1011,-28633.1680,28.5924,0.0001,-0.0010,1
-4703.1636,-28634.3926,24.9425,-5240.7754,-28099.4102,22.0295,-4705.8442,-28637.6172,22.8031,758.8461,0.0008,-0.0062,3.0955,0.7871,3.1321,-4704.1670,-28633.3105,28.5757,-0.0002,-0.0019,1
-4703.1636,-28634.3926,24.9425,-5240.6982,-28099.5195,22.0342,-4701.2393,-28638.4590,31.3346,762.6138,0.0002,-0.0047,3.0935,0.7871,3.1317,-4704.0845,-28633.4883,28.8194,-0.0001,-0.0014,1
-4703.1636,-28634.3926,24.9425,-5240.6187,-28099.6328,22.0382,-4707.3936,-28628.6816,29.9333,751.2049,-0.0003,-0.0052,3.0917,0.7871,3.1313,-4704.1992,-28633.3555,29.0163,0.0001,-0.0016,1
-4703.1636,-28634.3926,24.9425,-5240.5361,-28099.7480,22.0420,-4702.7988,-28629.6094,28.4672,754.9725,-0.0009,-0.0057,3.0904,0.7870,3.1310,-4704.1675,-28633.2402,29.1595,0.0003,-0.0017,1
-4703.1636,-28634.3926,24.9425,-5240.4512,-28099.8672,22.0455,-4703.2476,-28628.6055,26.9142,753.7932,-0.0010,-0.0062,3.0893,0.7870,3.1308,-4704.1475,-28633.0859,29.2425,0.0003,-0.0019,1
-4703.1636,-28634.3926,24.9425,-5240.3638,-28099.9902,22.0486,-4700.5811,-28637.7207,29.5247,761.9733,-0.0000,-0.0058,3.0885,0.7870,3.1306,-4704.0376,-28633.2207,29.4000,0.0000,-0.0017,1
-4703.1636,-28634.3926,24.9425,-5240.2739,-28100.1172,22.0513,-4695.9570,-28638.6465,27.4697,765.7379,-0.0006,-0.0063,3.0880,0.7870,3.1305,-4703.7695,-28633.3945,29.4841,0.0002,-0.0019,1
-4703.1636,-28634.3926,24.9425,-5240.1812,-28100.2480,22.0535,-4708.8208,-28635.6348,25.2737,754.3374,0.0009,-0.0068,3.0877,0.7869,3.1305,-4703.9072,-28633.4844,29.4836,-0.0003,-0.0020,1
-4703.1636,-28634.3926,24.9425,-5240.0864,-28100.3809,22.0552,-4704.5586,-28636.0859,21.2447,757.4995,0.0003,-0.0076,3.0876,0.7869,3.1305,-4703.9155,-28633.5938,29.3354,-0.0001,-0.0023,1
-4703.1636,-28634.3926,24.9425,-5239.9893,-28100.5176,22.0564,-4698.4126,-28637.0762,28.8860,762.4138,-0.0005,-0.0060,3.0877,0.7869,3.1305,-4703.7241,-28633.7383,29.4165,0.0001,-0.0018,1
-4703.1636,-28634.3926,24.9425,-5239.8896,-28100.6582,22.0570,-4695.2896,-28637.8965,25.8208,765.0229,-0.0008,-0.0066,3.0879,0.7869,3.1305,-4703.4199,-28633.9141,29.3921,0.0003,-0.0020,1
-4703.1636,-28634.3926,24.9425,-5239.7876,-28100.8008,22.0570,-4708.1411,-28634.9141,23.2261,753.6316,0.0006,-0.0071,3.0882,0.7869,3.1306,-4703.5225,-28634.0000,29.2680,-0.0002,-0.0021,1
-4703.1636,-28634.3926,24.9425,-5239.6831,-28100.9492,22.0564,-4703.8560,-28635.2539,20.8267,756.7230,0.0000,-0.0075,3.0887,0.7868,3.1307,-4703.4946,-28634.0977,29.0488,-0.0000,-0.0023,1
-4703.1636,-28634.3926,24.9425,-5239.5762,-28101.0996,22.0553,-4699.2051,-28636.1445,27.5399,760.4817,-0.0005,-0.0060,3.0894,0.7868,3.1308,-4703.3164,-28634.2246,29.0310,0.0002,-0.0018,1
-4703.1636,-28634.3926,24.9425,-5239.4673,-28101.2520,22.0535,-4704.1133,-28634.4863,19.3878,755.6359,-0.0001,-0.0077,3.0902,0.7868,3.1310,-4703.2930,-28634.2988,28.7386,0.0000,-0.0023,1
-4703.1636,-28634.3926,24.9425,-5239.3555,-28101.4102,22.0512,-4707.4126,-28634.1387,21.6518,752.8586,0.0003,-0.0071,3.0911,0.7868,3.1312,-4703.3828,-28634.3574,28.4987,-0.0001,-0.0021,1
-4703.1636,-28634.3926,24.9425,-5239.2417,-28101.5703,22.0483,-4703.1919,-28634.4590,20.4074,755.8809,-0.0003,-0.0072,3.0923,0.7868,3.1314,-4703.3433,-28634.4238,28.2039,0.0001,-0.0021,1
-4703.1636,-28634.3926,24.9425,-5239.1250,-28101.7344,22.0450,-4698.5342,-28635.3633,26.6906,759.6358,-0.0008,-0.0057,3.0936,0.7868,3.1317,-4703.1519,-28634.5176,28.1013,0.0002,-0.0017,1
-4703.1636,-28634.3926,24.9425,-5239.0063,-28101.9004,22.0410,-4700.6519,-28643.1113,23.3915,763.3904,0.0006,-0.0062,3.0950,0.7867,3.1320,-4703.0215,-28634.8652,27.8902,-0.0002,-0.0018,1
-4703.1636,-28634.3926,24.9425,-5238.8853,-28102.0703,22.0366,-4707.2798,-28630.9473,22.6158,749.8955,-0.0002,-0.0061,3.0967,0.7867,3.1323,-4703.1084,-28634.8262,27.6433,0.0001,-0.0018,1
-4703.1636,-28634.3926,24.9425,-5238.7617,-28102.2441,22.0317,-4702.5542,-28633.6855,19.9174,754.9730,-0.0005,-0.0064,3.0985,0.7867,3.1327,-4703.0488,-28634.8652,27.3004,0.0002,-0.0019,1
-4703.1636,-28634.3926,24.9425,-5238.6362,-28102.4219,22.0263,-4697.8931,-28634.6074,25.6992,758.7240,-0.0011,-0.0049,3.1006,0.7867,3.1331,-4702.8369,-28634.9297,27.1370,0.0003,-0.0015,1
-4703.1636,-28634.3926,24.9425,-5238.5078,-28102.6035,22.0208,-4699.9902,-28642.3633,21.8676,762.4745,0.0004,-0.0054,3.1029,0.7867,3.1336,-4702.6855,-28635.2441,26.8498,-0.0001,-0.0016,1
-4703.1636,-28634.3926,24.9425,-5238.3765,-28102.7871,22.0154,-4700.2573,-28635.0137,17.6683,756.8920,-0.0007,-0.0060,3.1052,0.7867,3.1341,-4702.5391,-28635.3320,26.4171,0.0002,-0.0018,1
-4703.1636,-28634.3926,24.9425,-5238.2417,-28102.9766,22.0104,-4701.8760,-28632.8770,19.7131,753.9982,-0.0008,-0.0052,3.1073,0.7866,3.1345,-4702.4438,-28635.3418,26.0377,0.0002,-0.0016,1
-4703.1636,-28634.3926,24.9425,-5238.1040,-28103.1719,22.0058,-4697.2134,-28633.8184,25.5075,757.7449,-0.0013,-0.0037,3.1094,0.7866,3.1349,-4702.1968,-28635.3750,25.8437,0.0004,-0.0011,1
-4703.1636,-28634.3926,24.9425,-5237.9624,-28103.3711,22.0016,-4699.2832,-28641.5840,21.9214,761.4911,0.0001,-0.0042,3.1112,0.7866,3.1353,-4702.0112,-28635.6543,25.5391,-0.0000,-0.0013,1
-4703.1636,-28634.3926,24.9425,-5237.8174,-28103.5742,21.9978,-4707.5278,-28630.7109,21.9995,747.7295,-0.0003,-0.0040,3.1130,0.7866,3.1357,-4702.0977,-28635.5840,25.2349,0.0001,-0.0012,1
-4703.1636,-28634.3926,24.9425,-5237.6694,-28103.7832,21.9945,-4697.7710,-28633.8242,19.3023,756.6121,-0.0013,-0.0043,3.1146,0.7865,3.1360,-4701.8755,-28635.6055,24.8439,0.0004,-0.0013,1
-4703.1636,-28634.3926,24.9425,-5237.5181,-28103.9961,21.9916,-4703.1226,-28639.6797,26.2697,756.6805,0.0004,-0.0027,3.1160,0.7867,3.1363,-4701.8252,-28635.8105,24.6797,-0.0001,-0.0008,1
-4703.1636,-28634.3926,24.9425,-5237.3633,-28104.2148,21.9892,-4698.4600,-28640.6934,23.0619,760.4221,-0.0001,-0.0032,3.1173,0.7867,3.1366,-4701.6279,-28636.0547,24.4226,0.0000,-0.0010,1
-4703.1636,-28634.3926,24.9425,-5237.2051,-28104.4375,21.9872,-4704.5200,-28631.0898,19.9953,749.0913,-0.0007,-0.0037,3.1184,0.7867,3.1368,-4701.6284,-28635.9883,24.0686,0.0002,-0.0011,1
-4703.1636,-28634.3926,24.9425,-5237.0439,-28104.6641,21.9856,-4708.0537,-28630.2461,28.5509,745.7335,-0.0003,-0.0017,3.1193,0.7867,3.1370,-4701.7583,-28635.8750,24.0011,0.0001,-0.0005,1
-4703.1636,-28634.3926,24.9425,-5236.8794,-28104.8965,21.9845,-4701.3530,-28640.0586,26.0423,757.1082,0.0002,-0.0022,3.1199,0.7869,3.1371,-4701.6816,-28636.0742,23.8680,-0.0001,-0.0007,1
-4703.1636,-28634.3926,24.9425,-5236.7114,-28105.1328,21.9837,-4697.7485,-28639.9043,24.5172,759.2625,-0.0004,-0.0024,3.1204,0.7869,3.1372,-4701.4883,-28636.2734,23.6981,0.0001,-0.0007,1
-4703.1636,-28634.3926,24.9425,-5236.5400,-28105.3730,21.9832,-4703.7983,-28630.3477,21.9469,747.9475,-0.0009,-0.0029,3.1207,0.7869,3.1372,-4701.4897,-28636.1602,23.4530,0.0003,-0.0009,1
-4703.1636,-28634.3926,24.9425,-5236.3657,-28105.6191,21.9832,-4706.4023,-28637.0820,21.0581,750.5525,0.0005,-0.0031,3.1208,0.7871,3.1372,-4701.5864,-28636.2559,23.1835,-0.0001,-0.0009,1
-4703.1636,-28634.3926,24.9425,-5236.1885,-28105.8691,21.9835,-4707.8779,-28630.5566,21.8731,744.5955,-0.0003,-0.0030,3.1207,0.7871,3.1372,-4701.7471,-28636.1309,22.9446,0.0001,-0.0009,1
-4703.1636,-28634.3926,24.9425,-5236.0073,-28106.1250,21.9841,-4698.3569,-28639.7344,24.4641,757.5116,-0.0003,-0.0025,3.1204,0.7871,3.1372,-4701.6060,-28636.2969,22.7981,0.0001,-0.0007,1
-4703.1636,-28634.3926,24.9425,-5235.8232,-28106.3848,21.9850,-4703.1084,-28629.6289,23.9695,746.7163,-0.0012,-0.0026,3.1199,0.7870,3.1371,-4701.6167,-28636.1328,22.6482,0.0004,-0.0008,1
-4703.1636,-28634.3926,24.9425,-5235.6357,-28106.6484,21.9863,-4705.8735,-28636.4414,21.5317,749.2285,0.0003,-0.0032,3.1192,0.7870,3.1369,-4701.7241,-28636.1777,22.4281,-0.0001,-0.0010,1
-4703.1636,-28634.3926,24.9425,-5235.4453,-28106.9160,21.9878,-4701.2212,-28637.4668,29.1510,752.9537,-0.0003,-0.0017,3.1183,0.7869,3.1368,-4701.6875,-28636.2578,22.4673,0.0001,-0.0005,1
-4703.1636,-28634.3926,24.9425,-5235.2515,-28107.1895,21.9897,-4707.9878,-28631.1836,25.5361,743.3715,-0.0003,-0.0026,3.1174,0.7869,3.1365,-4701.8779,-28636.1270,22.4106,0.0001,-0.0008,1
-4703.1636,-28634.3926,24.9425,-5235.0542,-28107.4668,21.9918,-4699.3081,-28640.2520,29.9447,755.6163,-0.0002,-0.0019,3.1162,0.7868,3.1363,-4701.7920,-28636.2852,22.5120,0.0001,-0.0006,1
-4703.1636,-28634.3926,24.9425,-5234.8540,-28107.7500,21.9941,-4699.8286,-28638.0977,26.5840,753.3622,-0.0005,-0.0027,3.1149,0.7868,3.1360,-4701.7183,-28636.3809,22.5254,0.0001,-0.0008,1
-4703.1636,-28634.3926,24.9425,-5234.6504,-28108.0371,21.9966,-4700.5542,-28636.6914,29.8646,751.5364,-0.0006,-0.0022,3.1136,0.7868,3.1357,-4701.6641,-28636.4336,22.6624,0.0002,-0.0007,1
-4703.1636,-28634.3926,24.9425,-5234.4438,-28108.3281,21.9994,-4699.0518,-28634.9980,28.3078,751.0510,-0.0011,-0.0028,3.1121,0.7867,3.1354,-4701.5586,-28636.4258,22.7683,0.0003,-0.0008,1
-4703.1636,-28634.3926,24.9425,-5234.2339,-28108.6250,22.0023,-4705.1377,-28629.8340,30.3293,742.7531,-0.0009,-0.0025,3.1104,0.7869,3.1351,-4701.6523,-28636.2402,22.9600,0.0003,-0.0008,1
-4703.1636,-28634.3926,24.9425,-5234.0205,-28108.9258,22.0053,-4704.5303,-28634.8652,22.1520,746.3202,-0.0003,-0.0045,3.1088,0.7869,3.1347,-4701.7339,-28636.2090,22.8956,0.0001,-0.0014,1
-4703.1636,-28634.3926,24.9425,-5233.8037,-28109.2305,22.0085,-4699.8647,-28635.8926,30.3176,750.0318,-0.0009,-0.0030,3.1070,0.7868,3.1344,-4701.6665,-28636.2090,23.1035,0.0003,-0.0009,1
-4703.1636,-28634.3926,24.9425,-5233.5840,-28109.5410,22.0118,-4707.5142,-28631.5488,26.5603,741.1353,-0.0004,-0.0041,3.1052,0.7868,3.1340,-4701.8525,-28636.0605,23.2050,0.0001,-0.0012,1
-4703.1636,-28634.3926,24.9425,-5233.3608,-28109.8555,22.0151,-4698.9775,-28635.4707,32.2535,749.6367,-0.0011,-0.0031,3.1034,0.7867,3.1336,-4701.7646,-28636.0332,23.5032,0.0003,-0.0009,1
-4703.1636,-28634.3926,24.9425,-5233.1348,-28110.1738,22.0185,-4703.0254,-28628.5098,25.0822,741.4305,-0.0016,-0.0049,3.1015,0.7867,3.1332,-4701.8057,-28635.7715,23.5821,0.0005,-0.0015,1
-4703.1636,-28634.3926,24.9425,-5232.9053,-28110.4980,22.0219,-4699.2197,-28635.1426,30.4931,748.4393,-0.0011,-0.0040,3.0997,0.7866,3.1328,-4701.7222,-28635.7168,23.8434,0.0003,-0.0012,1
-4703.1636,-28634.3926,24.9425,-5232.6729,-28110.8242,22.0251,-4701.0586,-28642.8320,29.2740,752.1431,0.0003,-0.0045,3.0980,0.7868,3.1325,-4701.6943,-28635.9199,24.0763,-0.0001,-0.0013,1
-4703.1636,-28634.3926,24.9425,-5232.4385,-28111.1562,22.0282,-4698.9829,-28636.5938,29.2801,748.8222,-0.0010,-0.0046,3.0967,0.7868,3.1322,-4701.5962,-28635.9297,24.3191,0.0003,-0.0014,1
-4703.1636,-28634.3926,24.9425,-5232.2021,-28111.4883,22.0309,-4703.2363,-28633.3242,21.7291,743.0656,-0.0009,-0.0064,3.0956,0.7868,3.1320,-4701.6348,-28635.8340,24.3170,0.0003,-0.0019,1
-4703.1636,-28634.3926,24.9425,-5231.9634,-28111.8262,22.0331,-4706.5859,-28634.9180,22.3459,741.4011,-0.0001,-0.0064,3.0948,0.7867,3.1318,-4701.7910,-28635.7852,24.3259,0.0000,-0.0019,1
-4703.1636,-28634.3926,24.9425,-5231.7227,-28112.1660,22.0350,-4700.4780,-28642.1777,27.3010,750.4581,0.0000,-0.0054,3.0943,0.7867,3.1317,-4701.7529,-28635.9785,24.4930,-0.0000,-0.0016,1
-4703.1636,-28634.3926,24.9425,-5231.4795,-28112.5078,22.0366,-4706.2510,-28632.7109,25.0732,739.2650,-0.0005,-0.0059,3.0940,0.7869,3.1316,-4701.9062,-28635.8691,24.5893,0.0002,-0.0018,1
-4703.1636,-28634.3926,24.9425,-5231.2344,-28112.8555,22.0378,-4702.4126,-28632.3633,21.1092,741.3318,-0.0011,-0.0068,3.0939,0.7872,3.1316,-4701.9390,-28635.7402,24.5494,0.0003,-0.0020,1
-4703.1636,-28634.3926,24.9425,-5230.9868,-28113.2031,22.0386,-4697.5688,-28633.2617,28.0402,745.0203,-0.0017,-0.0053,3.0940,0.7874,3.1316,-4701.8096,-28635.6367,24.7317,0.0005,-0.0016,1
-4703.1636,-28634.3926,24.9425,-5230.7373,-28113.5547,22.0390,-4703.2144,-28634.3145,27.5601,741.3005,-0.0007,-0.0053,3.0942,0.7874,3.1316,-4701.8599,-28635.5625,24.9027,0.0002,-0.0016,1
-4703.1636,-28634.3926,24.9425,-5230.4858,-28113.9102,22.0389,-4705.3354,-28631.7441,22.9543,737.5396,-0.0008,-0.0063,3.0946,0.7874,3.1317,-4701.9854,-28635.4004,24.9204,0.0002,-0.0019,1
-4703.1636,-28634.3926,24.9425,-5230.2324,-28114.2676,22.0383,-4701.9419,-28631.7578,20.6947,739.5393,-0.0013,-0.0067,3.0952,0.7874,3.1318,-4702.0024,-28635.2324,24.8538,0.0004,-0.0020,1
-4703.1636,-28634.3926,24.9425,-5229.9771,-28114.6289,22.0372,-4703.7905,-28639.4629,27.2963,743.2193,0.0001,-0.0052,3.0959,0.7873,3.1319,-4702.0811,-28635.3184,24.9974,-0.0000,-0.0016,1
-4703.1636,-28634.3926,24.9425,-5229.7192,-28114.9922,22.0356,-4699.1123,-28640.6172,24.4260,746.8988,-0.0004,-0.0057,3.0967,0.7873,3.1321,-4702.0054,-28635.4551,25.0469,0.0001,-0.0017,1
-4703.1636,-28634.3926,24.9425,-5229.4595,-28115.3594,22.0335,-4701.9326,-28638.8281,26.9578,743.2029,-0.0003,-0.0050,3.0977,0.7873,3.1323,-4702.0171,-28635.5449,25.1770,0.0001,-0.0015,1
-4703.1636,-28634.3926,24.9425,-5229.1978,-28115.7285,22.0310,-4701.1846,-28630.8555,20.3406,737.6896,-0.0016,-0.0063,3.0987,0.7875,3.1325,-4702.0024,-28635.3730,25.0842,0.0005,-0.0019,1
-4703.1636,-28634.3926,24.9425,-5228.9341,-28116.1016,22.0280,-4702.8076,-28638.3691,26.5684,741.3610,-0.0002,-0.0048,3.1000,0.7878,3.1327,-4702.0400,-28635.4453,25.1886,0.0001,-0.0014,1
-4703.1636,-28634.3926,24.9425,-5228.6680,-28116.4766,22.0247,-4698.1011,-28639.4922,23.3374,745.0318,-0.0007,-0.0053,3.1014,0.7879,3.1330,-4701.9209,-28635.5645,25.1850,0.0002,-0.0016,1
-4703.1636,-28634.3926,24.9425,-5228.4004,-28116.8555,22.0213,-4699.2954,-28635.0098,17.5306,740.5983,-0.0013,-0.0063,3.1029,0.7879,3.1334,-4701.8325,-28635.5410,24.9783,0.0004,-0.0019,1
-4703.1636,-28634.3926,24.9425,-5228.1294,-28117.2363,22.0179,-4707.0176,-28636.6504,20.1460,735.7838,0.0002,-0.0055,3.1044,0.7881,3.1337,-4702.0005,-28635.5723,24.8401,-0.0001,-0.0017,1
-4703.1636,-28634.3926,24.9425,-5227.8560,-28117.6230,22.0147,-4702.4316,-28639.3613,20.0269,740.4797,-0.0001,-0.0054,3.1057,0.7881,3.1340,-4702.0239,-28635.6973,24.6874,0.0000,-0.0016,1
-4703.1636,-28634.3926,24.9425,-5227.5791,-28118.0137,22.0117,-4698.7812,-28639.2949,25.5242,742.5583,-0.0007,-0.0040,3.1069,0.7881,3.1342,-4701.9248,-28635.8281,24.7096,0.0002,-0.0012,1
-4703.1636,-28634.3926,24.9425,-5227.2993,-28118.4102,22.0090,-4703.4897,-28629.7305,20.2596,732.0183,-0.0015,-0.0050,3.1079,0.7881,3.1344,-4701.9775,-28635.6426,24.5544,0.0004,-0.0015,1
-4703.1636,-28634.3926,24.9425,-5227.0166,-28118.8086,22.0068,-4697.4580,-28633.3867,26.8854,738.4191,-0.0018,-0.0035,3.1087,0.7884,3.1346,-4701.8291,-28635.5664,24.6154,0.0005,-0.0010,1
-4703.1636,-28634.3926,24.9425,-5226.7305,-28119.2129,22.0049,-4703.4834,-28638.1992,22.1708,736.9907,-0.0002,-0.0044,3.1094,0.7884,3.1347,-4701.8750,-28635.6504,24.5225,0.0000,-0.0013,1
-4703.1636,-28634.3926,24.9425,-5226.4419,-28119.6211,22.0034,-4704.4790,-28634.1055,22.1392,732.9111,-0.0007,-0.0043,3.1100,0.7884,3.1348,-4701.9590,-28635.5996,24.4233,0.0002,-0.0013,1
-4703.1636,-28634.3926,24.9425,-5226.1499,-28120.0332,22.0024,-4698.4819,-28639.7480,19.1687,740.6536,-0.0007,-0.0049,3.1104,0.7887,3.1349,-4701.8452,-28635.7363,24.2205,0.0002,-0.0015,1
-4703.1636,-28634.3926,24.9425,-5225.8550,-28120.4512,22.0018,-4705.8184,-28635.2324,20.8892,731.7503,-0.0003,-0.0045,3.1107,0.7887,3.1350,-4701.9736,-28635.7305,24.0644,0.0001,-0.0014,1
-4703.1636,-28634.3926,24.9425,-5225.5566,-28120.8711,22.0015,-4701.0908,-28640.0020,24.4473,737.9589,-0.0003,-0.0037,3.1108,0.7887,3.1350,-4701.9492,-28635.8848,24.0247,0.0001,-0.0011,1
-4703.1636,-28634.3926,24.9425,-5225.2559,-28121.2969,22.0016,-4696.4419,-28637.5352,25.4147,739.0365,-0.0014,-0.0035,3.1108,0.7886,3.1350,-4701.7661,-28635.9629,24.0209,0.0004,-0.0011,1
-4703.1636,-28634.3926,24.9425,-5224.9517,-28121.7266,22.0020,-4708.5352,-28634.8398,23.2190,728.0045,0.0000,-0.0040,3.1106,0.7889,3.1349,-4701.9829,-28635.9531,23.9479,-0.0000,-0.0012,1
-4703.1636,-28634.3926,24.9425,-5224.6450,-28122.1602,22.0027,-4699.5723,-28638.7578,23.0896,736.6106,-0.0007,-0.0041,3.1102,0.7893,3.1348,-4701.9087,-28636.0723,23.8712,0.0002,-0.0012,1
-4703.1636,-28634.3926,24.9425,-5224.3350,-28122.5996,22.0037,-4700.2642,-28635.3789,28.4496,733.2450,-0.0011,-0.0030,3.1097,0.7893,3.1347,-4701.8521,-28636.0820,23.9775,0.0003,-0.0009,1
-4703.1636,-28634.3926,24.9425,-5224.0220,-28123.0410,22.0050,-4697.8276,-28639.6348,22.8513,737.4078,-0.0008,-0.0043,3.1091,0.7893,3.1346,-4701.7095,-28636.2324,23.9053,0.0003,-0.0013,1
-4703.1636,-28634.3926,24.9425,-5223.7061,-28123.4883,22.0065,-4707.7690,-28634.0566,24.7038,725.8763,-0.0002,-0.0040,3.1083,0.7893,3.1344,-4701.8989,-28636.1973,23.8956,0.0001,-0.0012,1
-4703.1636,-28634.3926,24.9425,-5223.3872,-28123.9395,22.0082,-4704.5352,-28633.7148,21.6101,727.3932,-0.0008,-0.0048,3.1074,0.7892,3.1342,-4701.9907,-28636.1465,23.7830,0.0002,-0.0014,1
-4703.1636,-28634.3926,24.9425,-5223.0649,-28124.3945,22.0102,-4699.8506,-28634.8516,29.1118,731.0158,-0.0013,-0.0033,3.1064,0.7892,3.1339,-4701.9277,-28636.1270,23.9240,0.0004,-0.0010,1
-4703.1636,-28634.3926,24.9425,-5222.7407,-28124.8535,22.0123,-4701.4761,-28642.4707,27.5256,734.6379,0.0001,-0.0038,3.1053,0.7895,3.1337,-4701.9150,-28636.3633,24.0235,-0.0000,-0.0011,1
-4703.1636,-28634.3926,24.9425,-5222.4141,-28125.3164,22.0143,-4705.4014,-28638.7383,30.3851,728.6895,0.0001,-0.0033,3.1045,0.7895,3.1334,-4702.0361,-28636.4844,24.2309,-0.0000,-0.0010,1
-4703.1636,-28634.3926,24.9425,-5222.0864,-28125.7793,22.0161,-4703.8926,-28632.9453,21.2090,725.0972,-0.0011,-0.0053,3.1042,0.7895,3.1334,-4702.1128,-28636.4121,24.1370,0.0003,-0.0016,1
-4703.1636,-28634.3926,24.9425,-5221.7583,-28126.2441,22.0172,-4699.0840,-28633.9629,27.8106,728.7089,-0.0016,-0.0038,3.1046,0.7897,3.1334,-4702.0278,-28636.3633,24.2632,0.0005,-0.0011,1
-4703.1636,-28634.3926,24.9425,-5221.4302,-28126.7090,22.0176,-4700.8022,-28641.6953,24.8959,732.3202,-0.0002,-0.0043,3.1057,0.7898,3.1336,-4701.9946,-28636.5723,24.2971,0.0000,-0.0013,1
-4703.1636,-28634.3926,24.9425,-5221.1025,-28127.1719,22.0169,-4706.4893,-28632.6875,21.4639,721.3839,-0.0007,-0.0048,3.1075,0.7898,3.1340,-4702.1548,-28636.4824,24.2131,0.0002,-0.0014,1
-4703.1636,-28634.3926,24.9425,-5220.7754,-28127.6367,22.0148,-4703.2715,-28632.1660,19.4851,722.7646,-0.0013,-0.0049,3.1100,0.7898,3.1346,-4702.2129,-28636.3633,24.0541,0.0004,-0.0015,1
-4703.1636,-28634.3926,24.9425,-5220.4487,-28128.0977,22.0114,-4698.4390,-28633.1641,24.2911,726.3653,-0.0019,-0.0034,3.1133,0.7901,3.1353,-4702.1055,-28636.2695,24.0509,0.0006,-0.0010,1
-4703.1636,-28634.3926,24.9425,-5220.1235,-28128.5586,22.0064,-4700.1440,-28640.8555,19.5849,729.9654,-0.0004,-0.0039,3.1173,0.7901,3.1362,-4702.0483,-28636.4316,23.8876,0.0001,-0.0012,1
-4703.1636,-28634.3926,24.9425,-5219.7998,-28129.0176,21.9999,-4705.8560,-28631.8477,14.5379,719.0627,-0.0010,-0.0044,3.1219,0.7902,3.1372,-4702.1841,-28636.2910,23.5375,0.0003,-0.0013,1
-4703.1636,-28634.3926,24.9425,-5219.4771,-28129.4746,21.9919,-4702.5547,-28631.2695,17.8329,720.4423,-0.0016,-0.0029,3.1272,0.7904,3.1383,-4702.2134,-28636.1211,23.2835,0.0005,-0.0009,1
-4703.1636,-28634.3926,24.9425,-5219.1562,-28129.9297,21.9823,-4704.0542,-28638.7363,21.0426,724.0319,-0.0001,-0.0014,3.1331,0.7908,3.1396,-4702.2939,-28636.1992,23.1318,0.0000,-0.0004,1
-4703.1636,-28634.3926,24.9425,-5218.8369,-28130.3828,21.9730,-4699.3960,-28639.8496,15.0315,727.6209,-0.0007,-0.0019,3.1391,0.7908,3.1409,-4702.2173,-28636.3223,22.7726,0.0002,-0.0006,1
-4703.1636,-28634.3926,24.9425,-5218.5200,-28130.8320,21.9649,-4705.1348,-28630.8320,9.3530,716.7518,-0.0012,-0.0025,-3.1383,0.7909,-3.1410,-4702.3320,-28636.1387,22.1979,0.0004,-0.0007,1
-4703.1636,-28634.3926,24.9425,-5218.2056,-28131.2773,21.9582,-4701.9116,-28630.4492,17.7444,718.1564,-0.0018,0.0001,-3.1328,0.7911,-3.1398,-4702.3403,-28635.9316,21.8925,0.0005,0.0000,1
-4703.1636,-28634.3926,24.9425,-5217.8940,-28131.7188,21.9528,-4703.3828,-28637.8672,21.5012,721.7350,-0.0003,0.0016,-3.1279,0.7916,-3.1387,-4702.3975,-28635.9688,21.7156,0.0001,0.0005,1
-4703.1636,-28634.3926,24.9425,-5217.5854,-28132.1562,21.9484,-4698.7261,-28638.9512,16.5894,725.3133,-0.0009,0.0011,-3.1236,0.7916,-3.1378,-4702.2949,-28636.0488,21.3764,0.0003,0.0003,1
-4703.1636,-28634.3926,24.9425,-5217.2793,-28132.5898,21.9454,-4704.4497,-28629.9727,12.1208,714.4771,-0.0014,0.0006,-3.1197,0.7916,-3.1369,-4702.3823,-28635.8242,20.8753,0.0004,0.0002,1
-4703.1636,-28634.3926,24.9425,-5216.9766,-28133.0195,21.9439,-4707.5591,-28636.0762,18.9217,715.9394,0.0000,0.0026,-3.1162,0.7920,-3.1361,-4702.5820,-28635.8008,20.6010,-0.0000,0.0008,1
-4703.1636,-28634.3926,24.9425,-5216.6763,-28133.4453,21.9436,-4702.9448,-28637.2168,23.7691,719.5075,-0.0005,0.0041,-3.1130,0.7920,-3.1354,-4702.6304,-28635.8203,20.5011,0.0002,0.0012,1
-4703.1636,-28634.3926,24.9425,-5216.3784,-28133.8672,21.9442,-4702.9531,-28635.3691,19.2323,717.7057,-0.0008,0.0035,-3.1102,0.7920,-3.1348,-4702.6782,-28635.7773,20.2604,0.0002,0.0011,1
-4703.1636,-28634.3926,24.9425,-5216.0835,-28134.2852,21.9453,-4703.8154,-28631.2559,18.0476,713.7205,-0.0013,0.0036,-3.1076,0.7923,-3.1342,-4702.7554,-28635.5938,19.9848,0.0004,0.0011,1
-4703.1636,-28634.3926,24.9425,-5215.7915,-28134.6992,21.9468,0.0000,0.0000,0.0000,0.0000,0.0000,0.0000,-3.1053,0.7927,-3.1337,0.0000,0.0000,0.0000,0.0000,0.0000,1
-4703.1636,-28634.3926,24.9425,-5215.5020,-28135.1094,21.9484,0.0000,0.0000,0.0000,0.0000,0.0000,0.0000,-3.1033,0.7927,-3.1333,0.0000,0.0000,0.0000,0.0000,0.0000,0
-4703.1636,-28634.3926,24.9425,-5215.2148,-28135.5156,21.9500,0.0000,0.0000,0.0000,0.0000,0.0000,0.0000,-3.1015,0.7927,-3.1329,0.0000,0.0000,0.0000,0.0000,0.0000,0
-4703.1636,-28634.3926,24.9425,-5214.9312,-28135.9180,21.9514,0.0000,0.0000,0.0000,0.0000,0.0000,0.0000,-3.1000,0.7930,-3.1325,0.0000,0.0000,0.0000,0.0000,0.0000,0
-4703.1636,-28634.3926,24.9425,-5214.6489,-28136.3184,21.9527,0.0000,0.0000,0.0000,711.7400,-0.0003,0.0053,-3.0989,0.7931,-3.1323,0.0000,0.0000,0.0000,0.0000,0.0000,0
-4703.1636,-28634.3926,24.9425,-5214.3696,-28136.7148,21.9537,-4701.9268,-28635.7617,26.6482,715.2881,-0.0009,0.0068,-3.0981,0.7931,-3.1321,-4701.9268,-28635.7617,26.6482,0.0003,0.0020,1
-4703.1636,-28634.3926,24.9425,-5214.0923,-28137.1074,21.9545,-4697.3384,-28636.8223,24.1625,718.8359,-0.0014,0.0063,-3.0977,0.7931,-3.1320,-4701.7676,-28635.7988,26.5617,0.0004,0.0019,1
-4703.1636,-28634.3926,24.9425,-5213.8174,-28137.4980,21.9550,-4709.1221,-28634.1895,21.7794,708.0919,0.0000,0.0058,-3.0975,0.7934,-3.1320,-4702.0117,-28635.7461,26.3845,-0.0000,0.0017,1
-4703.1636,-28634.3926,24.9425,-5213.5444,-28137.8828,21.9553,-4705.8467,-28633.8750,21.1166,709.7474,-0.0006,0.0056,-3.0976,0.7935,-3.1320,-4702.1567,-28635.6777,26.1745,0.0002,0.0017,1
-4703.1636,-28634.3926,24.9425,-5213.2744,-28138.2656,21.9555,-4701.3496,-28634.9590,28.0773,713.2861,-0.0011,0.0071,-3.0980,0.7935,-3.1320,-4702.1509,-28635.6445,26.1991,0.0003,0.0021,1
-4703.1636,-28634.3926,24.9425,-5213.0068,-28138.6465,21.9554,-4696.7803,-28635.9980,26.2439,716.8244,-0.0017,0.0066,-3.0986,0.7935,-3.1321,-4701.9834,-28635.6465,26.1655,0.0005,0.0020,1
-4703.1636,-28634.3926,24.9425,-5212.7417,-28139.0215,21.9552,-4708.6748,-28633.5195,24.4293,706.1090,-0.0002,0.0061,-3.0995,0.7935,-3.1323,-4702.2217,-28635.5625,26.0696,0.0001,0.0018,1
-4703.1636,-28634.3926,24.9425,-5212.4785,-28139.3945,21.9549,-4705.2603,-28633.1211,21.6832,707.8220,-0.0008,0.0053,-3.1005,0.7935,-3.1325,-4702.3535,-28635.4590,25.8748,0.0003,0.0016,1
-4703.1636,-28634.3926,24.9425,-5212.2183,-28139.7637,21.9546,-4700.7915,-28634.1758,29.1615,711.3516,-0.0014,0.0068,-3.1018,0.7936,-3.1328,-4702.3325,-28635.3887,25.9359,0.0004,0.0020,1
-4703.1636,-28634.3926,24.9425,-5211.9600,-28140.1289,21.9542,-4696.0962,-28635.0371,27.8461,714.8809,-0.0020,0.0063,-3.1033,0.7939,-3.1332,-4702.1431,-28635.3477,25.9603,0.0006,0.0019,1
-4703.1636,-28634.3926,24.9425,-5211.7046,-28140.4902,21.9538,-4707.9551,-28632.5586,26.3990,704.1931,-0.0005,0.0058,-3.1048,0.7940,-3.1335,-4702.3564,-28635.2207,25.9404,0.0002,0.0017,1
-4703.1636,-28634.3926,24.9425,-5211.4521,-28140.8496,21.9533,-4704.6611,-28632.3477,21.9555,705.9646,-0.0011,0.0046,-3.1063,0.7940,-3.1338,-4702.4648,-28635.0801,25.7659,0.0003,0.0014,1
-4703.1636,-28634.3926,24.9425,-5211.2021,-28141.2031,21.9529,-4700.0972,-28633.2500,29.6174,709.4855,-0.0016,0.0061,-3.1079,0.7942,-3.1342,-4702.4160,-28634.9668,25.8550,0.0005,0.0018,1
-4703.1636,-28634.3926,24.9425,-5210.9546,-28141.5547,21.9526,-4698.2979,-28639.4766,25.5115,714.6553,-0.0009,0.0050,-3.1096,0.7946,-3.1345,-4702.2979,-28635.0723,25.8100,0.0003,0.0015,1
-4703.1636,-28634.3926,24.9425,-5210.7095,-28141.9004,21.9524,-4707.2266,-28631.5820,27.2162,702.3446,-0.0007,0.0051,-3.1115,0.7947,-3.1349,-4702.4849,-28634.9102,25.8265,0.0002,0.0015,1
-4703.1636,-28634.3926,24.9425,-5210.4663,-28142.2461,21.9522,-4701.6763,-28630.4219,24.3992,705.1027,-0.0018,0.0042,-3.1134,0.7947,-3.1354,-4702.4844,-28634.7012,25.7476,0.0005,0.0013,1
-4703.1636,-28634.3926,24.9425,-5210.2261,-28142.5859,21.9521,-4699.4946,-28632.4199,30.0808,707.6916,-0.0018,0.0052,-3.1154,0.7951,-3.1358,-4702.4043,-28634.5586,25.8678,0.0005,0.0016,1
-4703.1636,-28634.3926,24.9425,-5209.9878,-28142.9238,21.9521,-4700.9702,-28639.5938,29.1093,711.2036,-0.0003,0.0047,-3.1175,0.7955,-3.1363,-4702.3687,-28634.6641,25.9642,0.0001,0.0014,1
-4703.1636,-28634.3926,24.9425,-5209.7515,-28143.2578,21.9521,-4706.5952,-28630.7109,28.0839,700.5678,-0.0009,0.0042,-3.1197,0.7956,-3.1367,-4702.5288,-28634.4707,26.0334,0.0003,0.0013,1
-4703.1636,-28634.3926,24.9425,-5209.5176,-28143.5898,21.9521,-4703.3760,-28630.7031,22.3444,702.4582,-0.0014,0.0026,-3.1218,0.7959,-3.1372,-4702.5830,-28634.2715,25.9032,0.0004,0.0008,1
-4703.1636,-28634.3926,24.9425,-5209.2852,-28143.9199,21.9521,-4704.9390,-28637.8496,30.2913,705.9625,0.0001,0.0041,-3.1241,0.7963,-3.1377,-4702.6934,-28634.3203,26.0469,-0.0000,0.0012,1
-4703.1636,-28634.3926,24.9425,-5209.0557,-28144.2441,21.9521,-4700.4346,-28638.8223,29.4333,709.4665,-0.0005,0.0036,-3.1263,0.7963,-3.1382,-4702.6479,-28634.4160,26.1697,0.0001,0.0011,1
-4703.1636,-28634.3926,24.9425,-5208.8276,-28144.5684,21.9526,-4700.0933,-28637.8809,28.7773,708.6601,-0.0007,0.0032,-3.1283,0.7964,-3.1386,-4702.5840,-28634.4902,26.2766,0.0002,0.0010,1
-4703.1636,-28634.3926,24.9425,-5208.6011,-28144.8887,21.9535,-4702.7251,-28629.8730,21.9928,700.7957,-0.0015,0.0015,-3.1299,0.7968,-3.1390,-4702.6064,-28634.2891,26.1474,0.0005,0.0004,1
-4703.1636,-28634.3926,24.9425,-5208.3765,-28145.2070,21.9548,-4704.2412,-28636.9727,29.3556,704.2923,-0.0001,0.0030,-3.1311,0.7972,-3.1393,-4702.6816,-28634.3340,26.2698,0.0000,0.0009,1
-4703.1636,-28634.3926,24.9425,-5208.1533,-28145.5234,21.9561,-4699.7476,-28637.9316,27.7199,707.7884,-0.0007,0.0025,-3.1320,0.7973,-3.1394,-4702.6006,-28634.4199,26.3405,0.0002,0.0007,1
-4703.1636,-28634.3926,24.9425,-5207.9321,-28145.8359,21.9572,-4705.4199,-28629.1211,25.8237,697.2007,-0.0012,0.0020,-3.1327,0.7973,-3.1396,-4702.7144,-28634.2012,26.3460,0.0004,0.0006,1
-4703.1636,-28634.3926,24.9425,-5207.7124,-28146.1484,21.9582,-4702.1885,-28629.1621,21.2608,699.1805,-0.0017,0.0009,-3.1330,0.7976,-3.1397,-4702.7178,-28633.9746,26.1862,0.0005,0.0003,1
-4703.1636,-28634.3926,24.9425,-5207.4941,-28146.4570,21.9588,-4703.8721,-28636.4414,27.9536,702.6695,-0.0002,0.0024,-3.1332,0.7977,-3.1397,-4702.7788,-28634.0000,26.2532,0.0001,0.0007,1
-4703.1636,-28634.3926,24.9425,-5207.2778,-28146.7637,21.9591,-4699.4194,-28637.4102,25.7366,706.1580,-0.0008,0.0019,-3.1331,0.7977,-3.1397,-4702.6831,-28634.0664,26.2451,0.0002,0.0006,1
-4703.1636,-28634.3926,24.9425,-5207.0630,-28147.0684,21.9592,-4694.9658,-28638.3516,23.4025,709.6470,-0.0013,0.0014,-3.1329,0.7977,-3.1396,-4702.4233,-28634.1758,26.1532,0.0004,0.0004,1
-4703.1636,-28634.3926,24.9425,-5206.8496,-28147.3691,21.9590,-4707.6821,-28634.7012,20.8329,697.6086,0.0001,0.0008,-3.1326,0.7980,-3.1396,-4702.5972,-28634.1699,25.9610,-0.0000,0.0002,1
-4703.1636,-28634.3926,24.9425,-5206.6382,-28147.6699,21.9587,-4703.2676,-28635.6543,27.1838,701.0903,-0.0005,0.0023,-3.1322,0.7981,-3.1395,-4702.6250,-28634.1973,25.9847,0.0001,0.0007,1
-4703.1636,-28634.3926,24.9425,-5206.4287,-28147.9668,21.9582,-4698.8320,-28636.6055,24.7068,704.5715,-0.0010,0.0018,-3.1317,0.7981,-3.1394,-4702.4966,-28634.2656,25.9240,0.0003,0.0005,1
-4703.1636,-28634.3926,24.9425,-5206.2207,-28148.2617,21.9576,-4694.2729,-28637.3984,22.1841,708.0531,-0.0016,0.0013,-3.1312,0.7984,-3.1392,-4702.1992,-28634.3652,25.7723,0.0005,0.0004,1
-4703.1636,-28634.3926,24.9425,-5206.0142,-28148.5547,21.9570,-4707.0552,-28633.9121,20.7132,696.0817,-0.0001,0.0011,-3.1306,0.7988,-3.1391,-4702.3384,-28634.3496,25.5586,0.0000,0.0003,1
-4703.1636,-28634.3926,24.9425,-5205.8096,-28148.8438,21.9564,-4702.6504,-28634.8438,26.9955,699.5562,-0.0006,0.0026,-3.1301,0.7988,-3.1390,-4702.3320,-28634.3672,25.5608,0.0002,0.0008,1
-4703.1636,-28634.3926,24.9425,-5205.6064,-28149.1309,21.9559,-4704.3545,-28629.4785,21.7220,694.2490,-0.0012,0.0014,-3.1296,0.7988,-3.1389,-4702.3887,-28634.1914,25.3791,0.0004,0.0004,1
-4703.1636,-28634.3926,24.9425,-5205.4053,-28149.4160,21.9554,-4699.8296,-28642.9238,22.0391,706.5048,0.0003,0.0016,-3.1292,0.7991,-3.1388,-4702.2891,-28634.4844,25.2047,-0.0001,0.0005,1
-4703.1636,-28634.3926,24.9425,-5205.2061,-28149.6992,21.9549,-4706.6274,-28633.3262,20.7994,694.6021,-0.0002,0.0013,-3.1288,0.7992,-3.1387,-4702.4272,-28634.4570,24.9792,0.0001,0.0004,1
-4703.1636,-28634.3926,24.9425,-5205.0083,-28149.9785,21.9546,-4702.2603,-28634.2617,27.1880,698.0692,-0.0008,0.0028,-3.1285,0.7992,-3.1386,-4702.4189,-28634.4590,24.9771,0.0002,0.0008,1
-4703.1636,-28634.3926,24.9425,-5204.8125,-28150.2559,21.9543,-4706.3003,-28631.9199,22.2364,693.1856,-0.0005,0.0017,-3.1282,0.7994,-3.1386,-4702.5562,-28634.3770,24.8057,0.0002,0.0005,1
-4703.1636,-28634.3926,24.9425,-5204.6182,-28150.5312,21.9541,-4699.3135,-28642.1680,22.5408,705.0041,0.0001,0.0018,-3.1281,0.7998,-3.1385,-4702.4517,-28634.6523,24.6443,-0.0000,0.0005,1
-4703.1636,-28634.3926,24.9425,-5204.4258,-28150.8047,21.9539,-4706.0288,-28632.5625,20.9582,693.1699,-0.0004,0.0015,-3.1280,0.7999,-3.1385,-4702.5801,-28634.6035,24.4237,0.0001,0.0004,1
-4703.1636,-28634.3926,24.9425,-5204.2349,-28151.0742,21.9539,-4701.6772,-28633.4766,27.4951,696.6304,-0.0010,0.0030,-3.1279,0.7999,-3.1385,-4702.5596,-28634.5820,24.4346,0.0003,0.0009,1
-4703.1636,-28634.3926,24.9425,-5204.0459,-28151.3438,21.9539,-4707.3691,-28630.8008,23.9771,690.3339,-0.0005,0.0022,-3.1279,0.8002,-3.1385,-4702.7427,-28634.4609,24.3307,0.0001,0.0007,1
-4703.1636,-28634.3926,24.9425,-5203.8584,-28151.6094,21.9539,-4697.7905,-28637.7559,21.4870,701.7378,-0.0008,0.0016,-3.1280,0.8002,-3.1385,-4702.5913,-28634.5801,24.1416,0.0003,0.0005,1
-4703.1636,-28634.3926,24.9425,-5203.6724,-28151.8711,21.9541,-4708.1826,-28634.8770,26.2878,691.9623,0.0003,0.0027,-3.1281,0.8002,-3.1385,-4702.8013,-28634.6035,24.1228,-0.0001,0.0008,1
-4703.1636,-28634.3926,24.9425,-5203.4883,-28152.1328,21.9542,-4701.1309,-28632.7305,27.7194,695.2388,-0.0012,0.0030,-3.1282,0.8002,-3.1386,-4702.7686,-28634.5488,24.1646,0.0003,0.0009,1
-4703.1636,-28634.3926,24.9425,-5203.3057,-28152.3926,21.9544,-4698.6108,-28639.5391,25.6260,701.4493,-0.0005,0.0025,-3.1284,0.8002,-3.1386,-4702.6411,-28634.7344,24.1428,0.0001,0.0007,1
-4703.1636,-28634.3926,24.9425,-5203.1245,-28152.6484,21.9546,-4698.4688,-28640.8496,23.5653,702.1475,-0.0003,0.0020,-3.1286,0.8003,-3.1386,-4702.4995,-28634.9746,24.0543,0.0001,0.0006,1
-4703.1636,-28634.3926,24.9425,-5202.9448,-28152.9023,21.9548,-4704.8862,-28631.0840,21.1356,690.4448,-0.0009,0.0014,-3.1288,0.8003,-3.1387,-4702.5776,-28634.8789,23.8798,0.0003,0.0004,1
-4703.1636,-28634.3926,24.9425,-5202.7671,-28153.1543,21.9550,-4700.5698,-28631.9688,27.7946,693.8927,-0.0014,0.0029,-3.1290,0.8003,-3.1387,-4702.5059,-28634.8047,23.9426,0.0004,0.0009,1
-4703.1636,-28634.3926,24.9425,-5202.5903,-28153.4043,21.9552,-4702.2720,-28639.1641,25.7380,697.3411,0.0000,0.0024,-3.1293,0.8003,-3.1388,-4702.4912,-28634.9805,23.9435,-0.0000,0.0007,1
-4703.1636,-28634.3926,24.9425,-5202.4155,-28153.6523,21.9554,-4697.9150,-28640.0586,23.6745,700.7889,-0.0005,0.0019,-3.1295,0.8003,-3.1388,-4702.3208,-28635.1973,23.8774,0.0002,0.0006,1
-4703.1636,-28634.3926,24.9425,-5202.2422,-28153.8984,21.9556,-4704.3052,-28630.3320,21.1243,689.1477,-0.0011,0.0013,-3.1296,0.8003,-3.1389,-4702.3701,-28635.0723,23.7210,0.0003,0.0004,1
-4703.1636,-28634.3926,24.9425,-5202.0703,-28154.1426,21.9557,-4705.9165,-28637.3516,27.7343,692.5896,0.0003,0.0028,-3.1298,0.8005,-3.1389,-4702.4824,-28635.1875,23.8004,-0.0001,0.0008,1
-4703.1636,-28634.3926,24.9425,-5201.8994,-28154.3828,21.9559,-4701.5625,-28638.2422,25.6712,696.0319,-0.0002,0.0023,-3.1300,0.8006,-3.1389,-4702.4463,-28635.3398,23.8170,0.0001,0.0007,1
-4703.1636,-28634.3926,24.9425,-5201.7305,-28154.6230,21.9560,-4697.2153,-28639.1152,23.5770,699.4738,-0.0008,0.0018,-3.1301,0.8006,-3.1390,-4702.2534,-28635.5254,23.7649,0.0002,0.0005,1
-4703.1636,-28634.3926,24.9425,-5201.5630,-28154.8613,21.9561,-4703.7314,-28629.5859,21.0832,687.8912,-0.0014,0.0012,-3.1303,0.8006,-3.1390,-4702.2832,-28635.3730,23.6238,0.0004,0.0004,1
-4703.1636,-28634.3926,24.9425,-5201.3965,-28155.0957,21.9562,-4705.3052,-28636.5586,27.6411,691.3273,0.0001,0.0027,-3.1304,0.8009,-3.1390,-4702.3735,-28635.4590,23.7166,-0.0000,0.0008,1
-4703.1636,-28634.3926,24.9425,-5201.2319,-28155.3301,21.9563,-4700.9604,-28637.4316,25.5402,694.7638,-0.0005,0.0022,-3.1305,0.8009,-3.1391,-4702.3149,-28635.5742,23.7445,0.0001,0.0007,1
-4703.1636,-28634.3926,24.9425,-5201.0684,-28155.5605,21.9564,-4696.6240,-28638.2871,23.4092,698.2000,-0.0010,0.0017,-3.1305,0.8010,-3.1391,-4702.0986,-28635.7246,23.7016,0.0003,0.0005,1
-4703.1636,-28634.3926,24.9425,-5200.9062,-28155.7910,21.9564,-4703.0464,-28628.7188,21.0421,686.6735,-0.0016,0.0011,-3.1306,0.8012,-3.1391,-4702.1011,-28635.5293,23.5731,0.0005,0.0003,1
-4703.1636,-28634.3926,24.9425,-5200.7456,-28156.0176,21.9565,-4704.7393,-28635.8105,27.5550,690.1040,-0.0001,0.0026,-3.1307,0.8012,-3.1391,-4702.1685,-28635.5742,23.6768,0.0000,0.0008,1
-4703.1636,-28634.3926,24.9425,-5200.5859,-28156.2441,21.9565,-4700.4185,-28636.6816,25.4271,693.5349,-0.0007,0.0021,-3.1307,0.8013,-3.1391,-4702.0869,-28635.6504,23.7138,0.0002,0.0006,1
-4703.1636,-28634.3926,24.9425,-5200.4277,-28156.4688,21.9565,-4696.0957,-28637.5254,23.2728,696.9654,-0.0012,0.0016,-3.1307,0.8013,-3.1391,-4701.8472,-28635.7559,23.6783,0.0004,0.0005,1
-4703.1636,-28634.3926,24.9425,-5200.2715,-28156.6895,21.9565,-4708.4150,-28634.1641,21.0020,685.4933,0.0002,0.0011,-3.1308,0.8016,-3.1391,-4702.0420,-28635.7441,23.5598,-0.0001,0.0003,1
-4703.1636,-28634.3926,24.9425,-5200.1157,-28156.9102,21.9565,-4704.1338,-28635.0215,27.5023,688.9184,-0.0003,0.0026,-3.1308,0.8016,-3.1391,-4702.0967,-28635.7559,23.6728,0.0001,0.0008,1
-4703.1636,-28634.3926,24.9425,-5199.9619,-28157.1289,21.9566,-4699.8247,-28635.8770,25.3659,692.3439,-0.0009,0.0021,-3.1308,0.8016,-3.1391,-4702.0010,-28635.7949,23.7181,0.0003,0.0006,1
-4703.1636,-28634.3926,24.9425,-5199.8091,-28157.3457,21.9566,-4695.3145,-28637.3652,28.2328,696.3918,-0.0013,0.0028,-3.1308,0.8018,-3.1391,-4701.7397,-28635.8887,23.8705,0.0004,0.0008,1
-4703.1636,-28634.3926,24.9425,-5199.6577,-28157.5586,21.9566,-4707.7964,-28633.3848,20.9947,684.3497,0.0000,0.0011,-3.1308,0.8022,-3.1391,-4701.9170,-28635.8359,23.7715,-0.0000,0.0003,1
-4703.1636,-28634.3926,24.9425,-5199.5073,-28157.7715,21.9566,-4703.9097,-28636.8633,23.9545,689.3050,-0.0000,0.0018,-3.1309,0.8023,-3.1391,-4701.9668,-28635.9043,23.7739,0.0000,0.0005,1
-4703.1636,-28634.3926,24.9425,-5199.3584,-28157.9824,21.9566,-4705.0029,-28632.8574,24.2781,685.4853,-0.0005,0.0018,-3.1309,0.8023,-3.1391,-4702.0625,-28635.8281,23.7888,0.0002,0.0006,1
-4703.1636,-28634.3926,24.9425,-5199.2109,-28158.1914,21.9566,-4700.8325,-28642.0371,23.1875,694.6097,0.0004,0.0016,-3.1309,0.8026,-3.1391,-4702.0142,-28636.0742,23.7655,-0.0001,0.0005,1
-4703.1636,-28634.3926,24.9425,-5199.0645,-28158.4004,21.9566,-4707.3633,-28632.7969,20.9978,683.2414,-0.0001,0.0011,-3.1309,0.8026,-3.1391,-4702.2017,-28636.0000,23.6605,0.0000,0.0003,1
-4703.1636,-28634.3926,24.9425,-5198.9194,-28158.6055,21.9567,-4703.1147,-28633.6367,27.4839,686.6562,-0.0007,0.0026,-3.1310,0.8026,-3.1391,-4702.2456,-28635.9453,23.7863,0.0002,0.0008,1
-4703.1636,-28634.3926,24.9425,-5198.7754,-28158.8086,21.9567,-4698.8271,-28634.4648,25.3649,690.0715,-0.0012,0.0021,-3.1310,0.8026,-3.1391,-4702.1357,-28635.9160,23.8436,0.0004,0.0006,1
-4703.1636,-28634.3926,24.9425,-5198.6328,-28159.0117,21.9567,-4700.4238,-28641.4180,23.2108,693.4863,0.0002,0.0016,-3.1310,0.8029,-3.1392,-4702.0752,-28636.1309,23.8265,-0.0001,0.0005,1
-4703.1636,-28634.3926,24.9425,-5198.4912,-28159.2109,21.9568,-4706.7866,-28632.0566,21.0022,682.1675,-0.0003,0.0011,-3.1311,0.8030,-3.1392,-4702.2437,-28636.0195,23.7264,0.0001,0.0003,1
-4703.1636,-28634.3926,24.9425,-5198.3511,-28159.4102,21.9568,-4702.5488,-28632.8828,27.4862,685.5774,-0.0009,0.0026,-3.1311,0.8030,-3.1392,-4702.2671,-28635.9277,23.8568,0.0003,0.0008,1
-4703.1636,-28634.3926,24.9425,-5198.2119,-28159.6074,21.9569,-4698.2720,-28633.6973,25.3778,688.9877,-0.0014,0.0021,-3.1312,0.8030,-3.1392,-4702.1353,-28635.8574,23.9187,0.0004,0.0006,1
-4703.1636,-28634.3926,24.9425,-5198.0742,-28159.8027,21.9569,-4699.9966,-28640.7793,23.2343,692.3977,0.0000,0.0016,-3.1312,0.8030,-3.1392,-4702.0571,-28636.0371,23.9059,-0.0000,0.0005,1
-4703.1636,-28634.3926,24.9425,-5197.9375,-28159.9961,21.9570,-4706.2222,-28631.3281,21.0032,681.1268,-0.0006,0.0010,-3.1313,0.8030,-3.1392,-4702.2017,-28635.8848,23.8087,0.0002,0.0003,1
-4703.1636,-28634.3926,24.9425,-5197.8018,-28160.1875,21.9570,-4701.9971,-28632.1445,27.4810,684.5320,-0.0011,0.0025,-3.1313,0.8030,-3.1392,-4702.2007,-28635.7500,23.9418,0.0003,0.0008,1
-4703.1636,-28634.3926,24.9425,-5197.6675,-28160.3789,21.9571,-4703.5854,-28639.0625,25.3639,687.9377,0.0003,0.0020,-3.1314,0.8033,-3.1392,-4702.2568,-28635.8594,24.0054,-0.0001,0.0006,1
-4703.1636,-28634.3926,24.9425,-5197.5342,-28160.5664,21.9571,-4699.3110,-28639.8711,23.2407,691.3429,-0.0002,0.0015,-3.1315,0.8033,-3.1392,-4702.1611,-28636.0059,23.9945,0.0001,0.0005,1
-4703.1636,-28634.3926,24.9425,-5197.4023,-28160.7539,21.9572,-4705.6465,-28630.5840,21.0002,680.1182,-0.0008,0.0010,-3.1315,0.8033,-3.1393,-4702.2891,-28635.8223,23.8982,0.0002,0.0003,1
-4703.1636,-28634.3926,24.9425,-5197.2715,-28160.9395,21.9572,-4701.4302,-28631.3867,27.4688,683.5189,-0.0013,0.0025,-3.1316,0.8033,-3.1393,-4702.2700,-28635.6562,24.0319,0.0004,0.0007,1
-4703.1636,-28634.3926,24.9425,-5197.1416,-28161.1230,21.9573,-4702.9878,-28638.2695,25.3542,686.9199,0.0001,0.0020,-3.1316,0.8036,-3.1393,-4702.3052,-28635.7324,24.0956,-0.0000,0.0006,1
-4703.1636,-28634.3926,24.9425,-5197.0127,-28161.3066,21.9573,-4698.7202,-28639.0645,23.2327,690.3206,-0.0004,0.0015,-3.1317,0.8037,-3.1393,-4702.1870,-28635.8418,24.0843,0.0001,0.0004,1
-4703.1636,-28634.3926,24.9425,-5196.8848,-28161.4863,21.9574,-4705.0801,-28629.8496,20.9936,679.1405,-0.0010,0.0010,-3.1317,0.8037,-3.1393,-4702.2925,-28635.6230,23.9872,0.0003,0.0003,1
-4703.1636,-28634.3926,24.9425,-5196.7583,-28161.6660,21.9574,-4706.6899,-28636.7129,27.4360,682.5367,0.0005,0.0025,-3.1318,0.8039,-3.1393,-4702.4629,-28635.6445,24.1191,-0.0001,0.0007,1
-4703.1636,-28634.3926,24.9425,-5196.6328,-28161.8438,21.9574,-4702.4390,-28637.5273,25.3361,685.9334,-0.0001,0.0020,-3.1318,0.8040,-3.1393,-4702.4868,-28635.6973,24.1811,0.0000,0.0006,1
-4703.1636,-28634.3926,24.9425,-5196.5083,-28162.0215,21.9575,-4708.8589,-28634.0117,26.0890,678.6633,0.0004,0.0021,-3.1319,0.8040,-3.1393,-4702.7456,-28635.6250,24.2730,-0.0001,0.0006,1
-4703.1636,-28634.3926,24.9425,-5196.3853,-28162.1953,21.9575,-4704.5112,-28629.1094,20.9853,678.1927,-0.0012,0.0009,-3.1319,0.8040,-3.1393,-4702.8569,-28635.3711,24.1799,0.0004,0.0003,1
-4703.1636,-28634.3926,24.9425,-5196.2627,-28162.3691,21.9576,-4700.5527,-28640.0527,22.9126,688.4078,0.0001,0.0014,-3.1320,0.8043,-3.1394,-4702.8257,-28635.5039,24.1500,-0.0000,0.0004,1
-4703.1636,-28634.3926,24.9425,-5196.1416,-28162.5410,21.9576,-4701.8467,-28636.7383,25.3150,684.9771,-0.0003,0.0019,-3.1320,0.8043,-3.1394,-4702.8330,-28635.5273,24.2039,0.0001,0.0006,1
-4703.1636,-28634.3926,24.9425,-5196.0210,-28162.7109,21.9576,-4697.6084,-28637.5176,23.1932,688.3691,-0.0008,0.0014,-3.1321,0.8043,-3.1394,-4702.6826,-28635.5840,24.1826,0.0003,0.0004,1
-4703.1636,-28634.3926,24.9425,-5195.9019,-28162.8789,21.9577,-4703.9468,-28628.3711,20.9777,677.2737,-0.0014,0.0009,-3.1321,0.8043,-3.1394,-4702.7500,-28635.3086,24.0759,0.0004,0.0003,1
-4703.1636,-28634.3926,24.9425,-5195.7837,-28163.0469,21.9577,-4705.6519,-28635.3301,27.3970,680.6616,0.0001,0.0024,-3.1322,0.8043,-3.1394,-4702.8809,-28635.2754,24.1979,-0.0000,0.0007,1
-4703.1636,-28634.3926,24.9425,-5195.6665,-28163.2129,21.9578,-4702.8843,-28635.1230,24.4951,682.3001,-0.0004,0.0017,-3.1322,0.8044,-3.1394,-4702.9160,-28635.2363,24.2206,0.0001,0.0005,1
-4703.1636,-28634.3926,24.9425,-5195.5503,-28163.3789,21.9578,-4697.2041,-28636.9043,23.1757,687.4377,-0.0010,0.0014,-3.1322,0.8044,-3.1394,-4702.7422,-28635.2617,24.1953,0.0003,0.0004,1
-4703.1636,-28634.3926,24.9425,-5195.4351,-28163.5410,21.9578,-4709.1411,-28633.6621,20.9572,676.3826,0.0004,0.0009,-3.1323,0.8046,-3.1394,-4702.9927,-28635.1758,24.0845,-0.0001,0.0003,1
-4703.1636,-28634.3926,24.9425,-5195.3203,-28163.7031,21.9579,-4704.9546,-28634.4531,27.3799,679.7665,-0.0002,0.0024,-3.1323,0.8047,-3.1394,-4703.1011,-28635.1172,24.2029,0.0001,0.0007,1
-4703.1636,-28634.3926,24.9425,-5195.2070,-28163.8633,21.9579,-4700.7388,-28635.2363,25.2818,683.1507,-0.0007,0.0019,-3.1324,0.8047,-3.1394,-4703.0571,-28635.0859,24.2513,0.0002,0.0006,1
-4703.1636,-28634.3926,24.9425,-5195.0947,-28164.0234,21.9579,-4696.5200,-28635.9961,23.1623,686.5347,-0.0013,0.0014,-3.1324,0.8047,-3.1394,-4702.8530,-28635.0840,24.2242,0.0004,0.0004,1
-4703.1636,-28634.3926,24.9425,-5194.9834,-28164.1797,21.9580,-4708.5386,-28632.9004,20.9513,675.5183,0.0002,0.0009,-3.1324,0.8050,-3.1395,-4703.0737,-28634.9727,24.1117,-0.0000,0.0003,1
-4703.1636,-28634.3926,24.9425,-5194.8730,-28164.3379,21.9580,-4704.3579,-28633.6758,27.3652,678.8984,-0.0004,0.0024,-3.1325,0.8050,-3.1395,-4703.1519,-28634.8887,24.2283,0.0001,0.0007,1
-4703.1636,-28634.3926,24.9425,-5194.7637,-28164.4922,21.9580,-4700.1489,-28634.4473,25.2693,682.2788,-0.0009,0.0019,-3.1325,0.8050,-3.1395,-4703.0762,-28634.8301,24.2749,0.0003,0.0006,1
-4703.1636,-28634.3926,24.9425,-5194.6548,-28164.6465,21.9581,-4701.7822,-28641.3105,23.1389,685.6588,0.0005,0.0014,-3.1325,0.8053,-3.1395,-4703.0527,-28635.0234,24.2454,-0.0001,0.0004,1
-4703.1636,-28634.3926,24.9425,-5194.5474,-28164.7988,21.9581,-4708.0903,-28632.2988,20.9466,674.6801,0.0000,0.0008,-3.1326,0.8053,-3.1395,-4703.2583,-28634.9023,24.1310,-0.0000,0.0003,1
-4703.1636,-28634.3926,24.9425,-5194.4404,-28164.9492,21.9581,-4703.9277,-28633.0723,27.3524,678.0564,-0.0006,0.0023,-3.1326,0.8053,-3.1395,-4703.3193,-28634.8066,24.2457,0.0002,0.0007,1
-4703.1636,-28634.3926,24.9425,-5194.3345,-28165.0996,21.9582,-4699.7280,-28633.8359,25.2586,681.4332,-0.0011,0.0018,-3.1327,0.8053,-3.1395,-4703.2261,-28634.7344,24.2903,0.0003,0.0006,1
-4703.1636,-28634.3926,24.9425,-5194.2300,-28165.2480,21.9582,-4701.3296,-28640.6621,23.1302,684.8094,0.0003,0.0013,-3.1327,0.8056,-3.1395,-4703.1816,-28634.9141,24.2589,-0.0001,0.0004,1
-4703.1636,-28634.3926,24.9425,-5194.1260,-28165.3945,21.9582,-4707.5195,-28631.5645,20.9409,673.8671,-0.0002,0.0008,-3.1327,0.8056,-3.1395,-4703.3608,-28634.7734,24.1424,0.0001,0.0002,1
-4703.1636,-28634.3926,24.9425,-5194.0225,-28165.5410,21.9583,-4703.3633,-28632.3262,27.3387,677.2398,-0.0007,0.0023,-3.1328,0.8056,-3.1395,-4703.3945,-28634.6543,24.2552,0.0002,0.0007,1
-4703.1636,-28634.3926,24.9425,-5193.9204,-28165.6855,21.9583,-4699.1714,-28633.0762,25.2469,680.6130,-0.0013,0.0018,-3.1328,0.8056,-3.1395,-4703.2720,-28634.5586,24.2977,0.0004,0.0005,1
-4703.1636,-28634.3926,24.9425,-5193.8188,-28165.8301,21.9583,-4706.4683,-28633.9785,23.9977,675.7745,0.0000,0.0015,-3.1328,0.8057,-3.1395,-4703.4082,-28634.4961,24.2962,-0.0000,0.0005,1
-4703.1636,-28634.3926,24.9425,-5193.7183,-28165.9727,21.9584,-4706.9658,-28630.8477,20.9345,673.0784,-0.0004,0.0008,-3.1329,0.8057,-3.1395,-4703.5688,-28634.3164,24.1798,0.0001,0.0002,1
-4703.1636,-28634.3926,24.9425,-5193.6187,-28166.1133,21.9584,-4702.8203,-28631.6016,27.3238,676.4477,-0.0010,0.0023,-3.1329,0.8057,-3.1396,-4703.5820,-28634.1602,24.2922,0.0003,0.0007,1
-4703.1636,-28634.3926,24.9425,-5193.5195,-28166.2539,21.9584,-4704.4194,-28638.4082,25.2209,679.8174,0.0005,0.0018,-3.1330,0.8059,-3.1396,-4703.6509,-28634.2520,24.3339,-0.0001,0.0005,1
-4703.1636,-28634.3926,24.9425,-5193.4219,-28166.3926,21.9584,-4700.2290,-28639.1602,23.1097,683.1866,-0.0001,0.0013,-3.1330,0.8059,-3.1396,-4703.5659,-28634.3828,24.2997,0.0000,0.0004,1
-4703.1636,-28634.3926,24.9425,-5193.3247,-28166.5312,21.9585,-4706.3984,-28630.1152,20.9283,672.3132,-0.0006,0.0008,-3.1330,0.8059,-3.1396,-4703.6987,-28634.1934,24.1806,0.0002,0.0002,1
-4703.1636,-28634.3926,24.9425,-5193.2280,-28166.6660,21.9585,-4702.2578,-28630.8555,27.3099,675.6791,-0.0012,0.0023,-3.1331,0.8060,-3.1396,-4703.6826,-28634.0254,24.2904,0.0004,0.0007,1
-4703.1636,-28634.3926,24.9425,-5193.1328,-28166.8027,21.9585,-4703.8276,-28637.6328,25.2088,679.0453,0.0003,0.0018,-3.1331,0.8062,-3.1396,-4703.7197,-28634.0996,24.3295,-0.0001,0.0005,1
-4703.1636,-28634.3926,24.9425,-5193.0381,-28166.9355,21.9586,-4699.6411,-28638.3691,23.0992,682.4113,-0.0003,0.0013,-3.1331,0.8063,-3.1396,-4703.6025,-28634.2129,24.2929,0.0001,0.0004,1
-4703.1636,-28634.3926,24.9425,-5192.9438,-28167.0684,21.9586,-4705.8286,-28629.3750,20.9220,671.5706,-0.0008,0.0007,-3.1332,0.8063,-3.1396,-4703.7021,-28634.0059,24.1715,0.0003,0.0002,1
-4703.1636,-28634.3926,24.9425,-5192.8511,-28167.2012,21.9586,-4709.2168,-28631.8066,24.3024,670.6413,0.0001,0.0015,-3.1332,0.8063,-3.1396,-4703.9326,-28633.8789,24.1682,-0.0000,0.0005,1
-4703.1636,-28634.3926,24.9425,-5192.7588,-28167.3320,21.9587,-4703.3867,-28637.0117,25.1964,678.2964,0.0001,0.0017,-3.1332,0.8063,-3.1396,-4703.9565,-28633.9434,24.1986,-0.0000,0.0005,1
-4703.1636,-28634.3926,24.9425,-5192.6670,-28167.4609,21.9587,-4699.2192,-28637.7500,23.0880,681.6591,-0.0005,0.0012,-3.1333,0.8063,-3.1396,-4703.8247,-28634.0430,24.1541,0.0001,0.0004,1
-4703.1636,-28634.3926,24.9425,-5192.5762,-28167.5898,21.9587,-4703.2983,-28628.6562,25.2204,672.2931,-0.0014,0.0017,-3.1333,0.8063,-3.1396,-4703.8296,-28633.8164,24.1861,0.0004,0.0005,1
-4703.1636,-28634.3926,24.9425,-5192.4863,-28167.7168,21.9587,-4706.8589,-28635.3770,27.2679,674.2095,0.0004,0.0022,-3.1333,0.8066,-3.1397,-4703.9639,-28633.8281,24.2966,-0.0001,0.0007,1
-4703.1636,-28634.3926,24.9425,-5192.3970,-28167.8438,21.9588,-4702.6914,-28636.1230,25.1823,677.5695,-0.0002,0.0017,-3.1334,0.8066,-3.1397,-4703.9497,-28633.8750,24.3366,0.0001,0.0005,1
-4703.1636,-28634.3926,24.9425,-5192.3086,-28167.9688,21.9588,-4698.5283,-28636.8496,23.0756,680.9290,-0.0007,0.0012,-3.1334,0.8066,-3.1397,-4703.7783,-28633.9531,24.3007,0.0002,0.0004,1
-4703.1636,-28634.3926,24.9425,-5192.2207,-28168.0938,21.9588,-4704.7100,-28627.9160,20.9077,670.1505,-0.0013,0.0007,-3.1334,0.8066,-3.1397,-4703.8213,-28633.7090,24.1799,0.0004,0.0002,1
-4703.1636,-28634.3926,24.9425,-5192.1338,-28168.2168,21.9589,-4706.4126,-28634.7656,27.2547,673.5071,0.0002,0.0022,-3.1335,0.8066,-3.1397,-4703.9287,-28633.7070,24.2875,-0.0001,0.0007,1
-4703.1636,-28634.3926,24.9425,-5192.0474,-28168.3398,21.9589,-4702.2622,-28635.5156,25.1701,676.8640,-0.0004,0.0017,-3.1335,0.8066,-3.1397,-4703.8877,-28633.7383,24.3247,0.0001,0.0005,1
-4703.1636,-28634.3926,24.9425,-5191.9619,-28168.4609,21.9589,-4698.1074,-28636.2344,23.0645,680.2205,-0.0009,0.0012,-3.1335,0.8066,-3.1397,-4703.6895,-28633.8008,24.2860,0.0003,0.0004,1
-4703.1636,-28634.3926,24.9425,-5191.8774,-28168.5801,21.9589,-4709.8110,-28633.1289,20.8886,669.4716,0.0005,0.0007,-3.1336,0.8069,-3.1397,-4703.9116,-28633.7559,24.1622,-0.0001,0.0002,1
-4703.1636,-28634.3926,24.9425,-5191.7935,-28168.6992,21.9590,-4705.6909,-28633.8652,27.2399,672.8252,-0.0001,0.0022,-3.1336,0.8070,-3.1397,-4703.9937,-28633.7363,24.2674,0.0000,0.0007,1
-4703.1636,-28634.3926,24.9425,-5191.7100,-28168.8164,21.9590,-4703.6538,-28633.8770,28.3446,674.1742,-0.0004,0.0024,-3.1336,0.8070,-3.1397,-4704.0029,-28633.7207,24.4206,0.0001,0.0007,1
-4703.1636,-28634.3926,24.9425,-5191.6274,-28168.9336,21.9590,-4703.8462,-28633.6855,21.9344,673.7359,-0.0004,0.0009,-3.1336,0.8070,-3.1397,-4704.0176,-28633.6992,24.3448,0.0001,0.0003,1
-4703.1636,-28634.3926,24.9425,-5191.5454,-28169.0508,21.9590,-4709.2598,-28632.4219,20.8819,668.8124,0.0003,0.0007,-3.1337,0.8073,-3.1397,-4704.2329,-28633.6309,24.2228,-0.0001,0.0002,1
-4703.1636,-28634.3926,24.9425,-5191.4639,-28169.1660,21.9591,-4705.1455,-28633.1484,27.2262,672.1631,-0.0003,0.0022,-3.1337,0.8073,-3.1397,-4704.3047,-28633.5879,24.3293,0.0001,0.0007,1
-4703.1636,-28634.3926,24.9425,-5191.3833,-28169.2793,21.9591,-4701.0034,-28633.8691,25.1450,675.5143,-0.0008,0.0017,-3.1337,0.8073,-3.1397,-4704.2236,-28633.5723,24.3652,0.0002,0.0005,1
-4703.1636,-28634.3926,24.9425,-5191.3037,-28169.3926,21.9591,-4696.8584,-28634.5645,23.0426,678.8650,-0.0014,0.0012,-3.1338,0.8073,-3.1397,-4703.9810,-28633.5820,24.3249,0.0004,0.0004,1
-4703.1636,-28634.3926,24.9425,-5191.2246,-28169.5039,21.9591,-4708.8213,-28631.8281,20.8754,668.1722,0.0001,0.0007,-3.1338,0.8073,-3.1397,-4704.1641,-28633.4961,24.1995,-0.0000,0.0002,1
-4703.1636,-28634.3926,24.9425,-5191.1460,-28169.6152,21.9592,-4704.7236,-28632.5566,27.2129,671.5203,-0.0004,0.0022,-3.1338,0.8073,-3.1397,-4704.2041,-28633.4336,24.3029,0.0001,0.0006,1
-4703.1636,-28634.3926,24.9425,-5191.0679,-28169.7266,21.9592,-4705.9214,-28631.9941,22.3421,670.1151,-0.0004,0.0010,-3.1338,0.8073,-3.1398,-4704.2896,-28633.3496,24.2319,0.0001,0.0003,1
-4703.1636,-28634.3926,24.9425,-5190.9907,-28169.8359,21.9592,-4702.3223,-28640.1387,23.0204,678.2167,0.0004,0.0012,-3.1339,0.8073,-3.1398,-4704.2441,-28633.5664,24.1823,-0.0001,0.0003,1
-4703.1636,-28634.3926,24.9425,-5190.9146,-28169.9434,21.9592,-4708.2510,-28631.0957,20.8681,667.5506,-0.0001,0.0006,-3.1339,0.8073,-3.1398,-4704.4141,-28633.4629,24.0490,0.0000,0.0002,1
-4703.1636,-28634.3926,24.9425,-5190.8384,-28170.0508,21.9593,-4704.1592,-28631.8145,27.1993,670.8960,-0.0007,0.0021,-3.1339,0.8073,-3.1398,-4704.4385,-28633.3828,24.1454,0.0002,0.0006,1
-4703.1636,-28634.3926,24.9425,-5190.7632,-28170.1582,21.9593,-4700.0312,-28632.5234,25.1205,674.2418,-0.0012,0.0016,-3.1340,0.8073,-3.1398,-4704.3071,-28633.3262,24.1721,0.0004,0.0005,1
-4703.1636,-28634.3926,24.9425,-5190.6885,-28170.2637,21.9593,-4701.6152,-28639.2363,23.0089,677.5872,0.0002,0.0011,-3.1340,0.8076,-3.1398,-4704.2246,-28633.5156,24.1234,-0.0001,0.0003,1
-4703.1636,-28634.3926,24.9425,-5190.6147,-28170.3691,21.9593,-4707.6826,-28630.3652,20.8616,666.9468,-0.0003,0.0006,-3.1340,0.8077,-3.1398,-4704.3604,-28633.3926,23.9913,0.0001,0.0002,1
-4703.1636,-28634.3926,24.9425,-5190.5415,-28170.4727,21.9594,-4703.5933,-28631.0723,27.1868,670.2897,-0.0009,0.0021,-3.1340,0.8077,-3.1398,-4704.3511,-28633.2891,24.0890,0.0003,0.0006,1
-4703.1636,-28634.3926,24.9425,-5190.4688,-28170.5762,21.9594,-4705.3027,-28637.9004,25.0988,673.6329,0.0006,0.0016,-3.1341,0.8077,-3.1398,-4704.4019,-28633.4336,24.1167,-0.0002,0.0005,1
-4703.1636,-28634.3926,24.9425,-5190.3965,-28170.6777,21.9594,-4701.1816,-28638.6191,23.0002,676.9757,0.0000,0.0011,-3.1341,0.8077,-3.1398,-4704.3022,-28633.6172,24.0695,-0.0000,0.0003,1
-4703.1636,-28634.3926,24.9425,-5190.3252,-28170.7793,21.9594,-4707.1309,-28629.6484,20.8538,666.3603,-0.0006,0.0006,-3.1341,0.8077,-3.1398,-4704.4160,-28633.4785,23.9390,0.0002,0.0002,1
-4703.1636,-28634.3926,24.9425,-5190.2539,-28170.8789,21.9594,-4703.0479,-28630.3477,27.1724,669.7006,-0.0011,0.0021,-3.1341,0.8077,-3.1398,-4704.3823,-28633.3555,24.0383,0.0003,0.0006,1
-4703.1636,-28634.3926,24.9425,-5190.1841,-28170.9785,21.9595,-4704.6230,-28637.0391,25.0848,673.0414,0.0003,0.0016,-3.1342,0.8080,-3.1398,-4704.4033,-28633.4766,24.0678,-0.0001,0.0005,1
-4703.1636,-28634.3926,24.9425,-5190.1143,-28171.0781,21.9595,-4700.4971,-28637.7383,22.9877,676.3818,-0.0002,0.0011,-3.1342,0.8080,-3.1398,-4704.2720,-28633.6328,24.0223,0.0001,0.0003,1
-4703.1636,-28634.3926,24.9425,-5190.0449,-28171.1758,21.9595,-4706.5625,-28628.9121,20.8469,665.7903,-0.0008,0.0006,-3.1342,0.8080,-3.1398,-4704.3569,-28633.4688,23.8937,0.0002,0.0002,1
-4703.1636,-28634.3926,24.9425,-5189.9766,-28171.2715,21.9595,-4702.4834,-28629.5996,27.1597,669.1284,-0.0013,0.0021,-3.1342,0.8080,-3.1398,-4704.2944,-28633.3184,23.9951,0.0004,0.0006,1
-4703.1636,-28634.3926,24.9425,-5189.9087,-28171.3691,21.9596,-4704.1743,-28636.4180,25.0744,672.4667,0.0001,0.0016,-3.1343,0.8080,-3.1398,-4704.2905,-28633.4160,24.0265,-0.0000,0.0005,1
-4703.1636,-28634.3926,24.9425,-5189.8413,-28171.4629,21.9596,-4701.5547,-28633.6934,28.3322,672.3917,-0.0008,0.0024,-3.1343,0.8080,-3.1399,-4704.1885,-28633.4199,24.1820,0.0002,0.0007,1
-4703.1636,-28634.3926,24.9425,-5189.7744,-28171.5586,21.9596,-4700.5146,-28635.1797,26.7741,674.0437,-0.0007,0.0020,-3.1343,0.8080,-3.1399,-4704.0425,-28633.4785,24.2889,0.0002,0.0006,1
-4703.1636,-28634.3926,24.9425,-5189.7085,-28171.6523,21.9596,-4707.6094,-28634.8496,27.1347,668.5723,0.0005,0.0021,-3.1343,0.8083,-3.1399,-4704.1528,-28633.5312,24.4152,-0.0001,0.0006,1
-4703.1636,-28634.3926,24.9425,-5189.6426,-28171.7441,21.9596,-4703.4985,-28635.5566,25.0609,671.9083,-0.0001,0.0016,-3.1344,0.8083,-3.1399,-4704.1191,-28633.6113,24.4692,0.0000,0.0005,1
-4703.1636,-28634.3926,24.9425,-5189.5776,-28171.8379,21.9597,-4699.3896,-28636.2461,22.9661,675.2441,-0.0007,0.0011,-3.1344,0.8083,-3.1399,-4703.9321,-28633.7227,24.4453,0.0002,0.0003,1
-4703.1636,-28634.3926,24.9425,-5189.5132,-28171.9277,21.9597,-4695.6797,-28636.6719,20.7986,678.1273,-0.0012,0.0006,-3.1344,0.8083,-3.1399,-4703.5991,-28633.8516,24.3369,0.0004,0.0002,1
-4703.1636,-28634.3926,24.9425,-5189.4492,-28172.0195,21.9597,-4707.0264,-28634.0977,27.1219,668.0318,0.0003,0.0021,-3.1344,0.8086,-3.1399,-4703.6699,-28633.8945,24.4538,-0.0001,0.0006,1
-4703.1636,-28634.3926,24.9425,-5189.3857,-28172.1094,21.9597,-4702.9180,-28634.7949,25.0493,671.3657,-0.0003,0.0016,-3.1345,0.8086,-3.1399,-4703.5977,-28633.9590,24.4985,0.0001,0.0005,1
-4703.1636,-28634.3926,24.9425,-5189.3228,-28172.1973,21.9597,-4698.8125,-28635.4707,22.9559,674.6992,-0.0008,0.0011,-3.1345,0.8086,-3.1399,-4703.3740,-28634.0508,24.4658,0.0003,0.0003,1
-4703.1636,-28634.3926,24.9425,-5189.2603,-28172.2871,21.9598,-4700.9795,-28642.0938,20.7808,677.5953,0.0006,0.0005,-3.1345,0.8087,-3.1399,-4703.2227,-28634.3887,24.3484,-0.0002,0.0002,1
-4703.1636,-28634.3926,24.9425,-5189.1987,-28172.3730,21.9598,-4706.5913,-28633.4980,27.1095,667.5065,0.0001,0.0020,-3.1345,0.8087,-3.1399,-4703.2783,-28634.4219,24.4570,-0.0000,0.0006,1
-4703.1636,-28634.3926,24.9425,-5189.1372,-28172.4609,21.9598,-4702.4971,-28634.1992,25.0377,670.8382,-0.0005,0.0015,-3.1345,0.8087,-3.1399,-4703.1919,-28634.4785,24.4937,0.0001,0.0005,1
-4703.1636,-28634.3926,24.9425,-5189.0767,-28172.5469,21.9598,-4698.3989,-28634.8711,22.9449,674.1694,-0.0010,0.0010,-3.1346,0.8087,-3.1399,-4702.9551,-28634.5547,24.4532,0.0003,0.0003,1
-4703.1636,-28634.3926,24.9425,-5189.0161,-28172.6328,21.9598,-4700.2939,-28641.2344,20.7720,677.0783,0.0004,0.0005,-3.1346,0.8089,-3.1399,-4702.7808,-28634.8652,24.3285,-0.0001,0.0002,1
-4703.1636,-28634.3926,24.9425,-5188.9565,-28172.7168,21.9599,-4705.9111,-28632.6445,27.0959,666.9957,-0.0002,0.0020,-3.1346,0.8090,-3.1399,-4702.8140,-28634.8672,24.4302,0.0000,0.0006,1
-4703.1636,-28634.3926,24.9425,-5188.8970,-28172.8008,21.9599,-4701.8188,-28633.3301,25.0255,670.3253,-0.0007,0.0015,-3.1346,0.8090,-3.1399,-4702.7056,-28634.8867,24.4604,0.0002,0.0005,1
-4703.1636,-28634.3926,24.9425,-5188.8384,-28172.8848,21.9599,-4697.7231,-28633.9922,22.9341,673.6545,-0.0013,0.0010,-3.1347,0.8090,-3.1399,-4702.4463,-28634.9238,24.4137,0.0004,0.0003,1
-4703.1636,-28634.3926,24.9425,-5188.7803,-28172.9668,21.9599,-4699.8726,-28640.5996,29.2669,676.5756,0.0002,0.0025,-3.1347,0.8090,-3.1399,-4702.2603,-28635.1992,24.5975,-0.0001,0.0008,1
-4703.1636,-28634.3926,24.9425,-5188.7227,-28173.0488,21.9599,-4705.4780,-28632.0449,27.0834,666.4991,-0.0003,0.0020,-3.1347,0.8090,-3.1399,-4702.2817,-28635.1660,24.7124,0.0001,0.0006,1
-4703.1636,-28634.3926,24.9425,-5188.6650,-28173.1289,21.9600,-4701.3916,-28632.7266,25.0137,669.8267,-0.0009,0.0015,-3.1347,0.8090,-3.1399,-4702.1626,-28635.1484,24.7539,0.0003,0.0005,1
-4703.1636,-28634.3926,24.9425,-5188.6084,-28173.2090,21.9600,-4703.0171,-28639.4082,22.9128,673.1539,0.0005,0.0010,-3.1347,0.8092,-3.1400,-4702.1064,-28635.3691,24.7165,-0.0002,0.0003,1
-4703.1636,-28634.3926,24.9425,-5188.5522,-28173.2891,21.9600,-4699.2969,-28639.8516,29.2530,676.0866,0.0000,0.0025,-3.1348,0.8092,-3.1400,-4701.9189,-28635.6113,24.9082,-0.0000,0.0007,1
-4703.1636,-28634.3926,24.9425,-5188.4961,-28173.3691,21.9600,-4704.9121,-28631.3066,27.0710,666.0160,-0.0005,0.0020,-3.1348,0.8092,-3.1400,-4701.9385,-28635.5430,25.0292,0.0002,0.0006,1
-4703.1636,-28634.3926,24.9425,-5188.4409,-28173.4473,21.9600,-4700.8291,-28631.9785,25.0025,669.3417,-0.0011,0.0015,-3.1348,0.8092,-3.1400,-4701.8169,-28635.4844,25.0752,0.0003,0.0004,1
-4703.1636,-28634.3926,24.9425,-5188.3862,-28173.5254,21.9600,-4698.9531,-28633.4277,26.2737,671.6146,-0.0011,0.0018,-3.1348,0.8095,-3.1400,-4701.6270,-28635.4688,25.1661,0.0003,0.0005,1
-4703.1636,-28634.3926,24.9425,-5188.3315,-28173.6016,21.9601,-4698.7310,-28639.1113,29.2390,675.6111,-0.0002,0.0025,-3.1348,0.8096,-3.1400,-4701.4272,-28635.6562,25.3668,0.0001,0.0007,1
-4703.1636,-28634.3926,24.9425,-5188.2778,-28173.6777,21.9601,-4704.3579,-28630.5762,27.0584,665.5461,-0.0007,0.0020,-3.1349,0.8096,-3.1400,-4701.4355,-28635.5312,25.4941,0.0002,0.0006,1
-4703.1636,-28634.3926,24.9425,-5188.2241,-28173.7539,21.9601,-4706.0645,-28637.3340,24.9816,668.8699,0.0007,0.0015,-3.1349,0.8096,-3.1400,-4701.5190,-28635.6445,25.5440,-0.0002,0.0004,1
-4703.1636,-28634.3926,24.9425,-5188.1714,-28173.8281,21.9601,-4701.9883,-28638.0195,22.8929,672.1933,0.0002,0.0010,-3.1349,0.8096,-3.1400,-4701.4648,-28635.7852,25.5116,-0.0000,0.0003,1
-4703.1636,-28634.3926,24.9425,-5188.1187,-28173.9043,21.9601,-4698.1699,-28638.3750,29.2246,675.1484,-0.0004,0.0025,-3.1349,0.8096,-3.1400,-4701.2739,-28635.9414,25.7050,0.0001,0.0007,1
-4703.1636,-28634.3926,24.9425,-5188.0664,-28173.9766,21.9601,-4703.8101,-28629.8516,27.0448,665.0890,-0.0010,0.0020,-3.1349,0.8096,-3.1400,-4701.2896,-28635.7812,25.8236,0.0003,0.0006,1
-4703.1636,-28634.3926,24.9425,-5188.0146,-28174.0508,21.9602,-4699.0913,-28638.0508,28.6795,674.0748,-0.0003,0.0023,-3.1350,0.8098,-3.1400,-4701.1387,-28635.9102,26.0018,0.0001,0.0007,1
-4703.1636,-28634.3926,24.9425,-5187.9634,-28174.1230,21.9602,-4701.2036,-28637.0410,22.8801,671.7325,-0.0001,0.0010,-3.1350,0.8101,-3.1400,-4701.0645,-28636.0059,25.9670,0.0000,0.0003,1
-4703.1636,-28634.3926,24.9425,-5187.9126,-28174.1953,21.9602,-4697.5942,-28637.6211,29.2115,674.6983,-0.0006,0.0025,-3.1350,0.8101,-3.1400,-4700.8608,-28636.1211,26.1564,0.0002,0.0007,1
-4703.1636,-28634.3926,24.9425,-5187.8623,-28174.2656,21.9602,-4703.2437,-28629.1055,27.0335,664.6440,-0.0011,0.0020,-3.1350,0.8101,-3.1400,-4700.8638,-28635.9180,26.2691,0.0003,0.0006,1
-4703.1636,-28634.3926,24.9425,-5187.8125,-28174.3379,21.9602,-4704.9307,-28635.8555,24.9587,667.9643,0.0003,0.0015,-3.1350,0.8101,-3.1400,-4700.9395,-28635.9512,26.3019,-0.0001,0.0004,1
-4703.1636,-28634.3926,24.9425,-5187.7627,-28174.4082,21.9602,-4700.8604,-28636.5254,22.8722,671.2841,-0.0002,0.0010,-3.1350,0.8101,-3.1400,-4700.8755,-28636.0059,26.2501,0.0001,0.0003,1
-4703.1636,-28634.3926,24.9425,-5187.7139,-28174.4766,21.9603,-4697.0435,-28636.8906,29.1972,674.2602,-0.0008,0.0024,-3.1351,0.8102,-3.1400,-4700.6733,-28636.0742,26.4220,0.0002,0.0007,1
-4703.1636,-28634.3926,24.9425,-5187.6650,-28174.5449,21.9603,-4708.4478,-28634.4473,27.0106,664.2111,0.0007,0.0019,-3.1351,0.8102,-3.1400,-4700.8926,-28636.0527,26.5165,-0.0002,0.0006,1
-4703.1636,-28634.3926,24.9425,-5187.6167,-28174.6152,21.9603,-4704.3862,-28635.1387,24.9457,667.5297,0.0001,0.0014,-3.1351,0.8102,-3.1400,-4700.9795,-28636.0488,26.5311,-0.0000,0.0004,1
-4703.1636,-28634.3926,24.9425,-5187.5688,-28174.6816,21.9603,-4700.3203,-28635.7988,22.8598,670.8478,-0.0004,0.0009,-3.1351,0.8102,-3.1400,-4700.9238,-28636.0684,26.4610,0.0001,0.0003,1
-4703.1636,-28634.3926,24.9425,-5187.5215,-28174.7500,21.9603,-4696.4800,-28636.1484,29.1834,673.8337,-0.0010,0.0024,-3.1351,0.8102,-3.1400,-4700.7261,-28636.0977,26.6147,0.0003,0.0007,1
-4703.1636,-28634.3926,24.9425,-5187.4741,-28174.8164,21.9603,-4707.7720,-28633.6035,26.9974,663.7896,0.0004,0.0019,-3.1352,0.8104,-3.1400,-4700.9434,-28636.0312,26.6908,-0.0001,0.0006,1
-4703.1636,-28634.3926,24.9425,-5187.4277,-28174.8828,21.9603,-4703.7061,-28634.2754,24.9338,667.1065,-0.0001,0.0014,-3.1352,0.8104,-3.1400,-4701.0249,-28635.9824,26.6871,0.0000,0.0004,1
-4703.1636,-28634.3926,24.9425,-5187.3813,-28174.9473,21.9604,-4699.6411,-28634.9258,22.8493,670.4230,-0.0007,0.0009,-3.1352,0.8104,-3.1400,-4700.9614,-28635.9551,26.5990,0.0002,0.0003,1
-4703.1636,-28634.3926,24.9425,-5187.3354,-28175.0117,21.9604,-4701.7446,-28641.5449,29.1610,673.4185,0.0008,0.0024,-3.1352,0.8105,-3.1400,-4700.9741,-28636.1680,26.7347,-0.0002,0.0007,1
-4703.1636,-28634.3926,24.9425,-5187.2900,-28175.0762,21.9604,-4707.3237,-28632.9922,26.9859,663.3792,0.0002,0.0019,-3.1352,0.8105,-3.1401,-4701.1997,-28636.0762,26.7932,-0.0001,0.0006,1
-4703.1636,-28634.3926,24.9425,-5187.2451,-28175.1406,21.9604,-4703.3994,-28634.0977,25.1175,666.8975,-0.0002,0.0015,-3.1352,0.8105,-3.1401,-4701.2920,-28636.0156,26.7797,0.0001,0.0004,1
-4703.1636,-28634.3926,24.9425,-5187.2002,-28175.2051,21.9604,-4702.4121,-28639.5605,24.2125,671.3008,0.0006,0.0012,-3.1352,0.8105,-3.1401,-4701.3511,-28636.1562,26.7267,-0.0002,0.0004,1
-4703.1636,-28634.3926,24.9425,-5187.1558,-28175.2676,21.9604,-4702.0049,-28641.0215,25.7324,672.5363,0.0008,0.0016,-3.1353,0.8107,-3.1401,-4701.3970,-28636.3574,26.7226,-0.0002,0.0005,1
-4703.1636,-28634.3926,24.9425,-5187.1118,-28175.3301,21.9604,-4706.6704,-28632.1680,26.9728,662.9795,0.0000,0.0019,-3.1353,0.8107,-3.1401,-4701.6191,-28636.2363,26.7608,-0.0000,0.0006,1
-4703.1636,-28634.3926,24.9425,-5187.0684,-28175.3906,21.9605,-4702.6162,-28632.8301,24.9112,666.2933,-0.0005,0.0014,-3.1353,0.8107,-3.1401,-4701.6982,-28636.1309,26.7207,0.0002,0.0004,1
-4703.1636,-28634.3926,24.9425,-5187.0254,-28175.4512,21.9605,-4698.5581,-28633.4648,22.8283,669.6067,-0.0011,0.0009,-3.1353,0.8107,-3.1401,-4701.6265,-28636.0391,26.5976,0.0003,0.0003,1
-4703.1636,-28634.3926,24.9425,-5186.9824,-28175.5137,21.9605,-4700.6128,-28640.0801,29.1338,672.6204,0.0004,0.0024,-3.1353,0.8107,-3.1401,-4701.6221,-28636.1895,26.6998,-0.0001,0.0007,1
-4703.1636,-28634.3926,24.9425,-5186.9399,-28175.5723,21.9605,-4706.2158,-28631.5469,26.9610,662.5902,-0.0002,0.0019,-3.1353,0.8107,-3.1401,-4701.8247,-28636.0273,26.7266,0.0001,0.0006,1
-4703.1636,-28634.3926,24.9425,-5186.8975,-28175.6328,21.9605,-4705.5215,-28632.0664,27.5321,663.3829,-0.0002,0.0020,-3.1354,0.8107,-3.1401,-4702.0093,-28635.8750,26.7745,0.0001,0.0006,1
-4703.1636,-28634.3926,24.9425,-5186.8560,-28175.6914,21.9605,-4703.8950,-28638.9414,22.8087,669.2144,0.0007,0.0009,-3.1354,0.8107,-3.1401,-4702.1377,-28635.9727,26.6467,-0.0002,0.0003,1
-4703.1636,-28634.3926,24.9425,-5186.8145,-28175.7500,21.9605,-4700.0562,-28639.3535,29.1204,672.2368,0.0002,0.0024,-3.1354,0.8107,-3.1401,-4702.1245,-28636.0918,26.7444,-0.0000,0.0007,1
-4703.1636,-28634.3926,24.9425,-5186.7734,-28175.8086,21.9605,-4705.3896,-28635.0625,28.4503,665.3403,0.0003,0.0022,-3.1354,0.8107,-3.1401,-4702.3032,-28636.0586,26.8231,-0.0001,0.0007,1
-4703.1636,-28634.3926,24.9425,-5186.7329,-28175.8652,21.9606,-4701.6250,-28631.4824,24.8880,665.5218,-0.0010,0.0014,-3.1354,0.8107,-3.1401,-4702.3447,-28635.8887,26.7709,0.0003,0.0004,1
-4703.1636,-28634.3926,24.9425,-5186.6924,-28175.9238,21.9606,-4703.2324,-28638.0996,22.7975,668.8323,0.0005,0.0009,-3.1354,0.8110,-3.1401,-4702.4414,-28635.9570,26.6356,-0.0001,0.0003,1
-4703.1636,-28634.3926,24.9425,-5186.6523,-28175.9805,21.9606,-4699.4849,-28638.6113,29.1073,671.8629,-0.0000,0.0024,-3.1354,0.8110,-3.1401,-4702.3975,-28636.0488,26.7263,0.0000,0.0007,1
-4703.1636,-28634.3926,24.9425,-5186.6128,-28176.0371,21.9606,-4705.1104,-28630.0996,26.9371,661.8412,-0.0006,0.0019,-3.1355,0.8110,-3.1401,-4702.5542,-28635.8281,26.7419,0.0002,0.0006,1
-4703.1636,-28634.3926,24.9425,-5186.5732,-28176.0918,21.9606,-4701.0645,-28630.7383,24.8777,665.1507,-0.0011,0.0014,-3.1355,0.8110,-3.1401,-4702.5615,-28635.6172,26.6801,0.0003,0.0004,1
-4703.1636,-28634.3926,24.9425,-5186.5342,-28176.1465,21.9606,-4702.7734,-28637.4668,22.7885,668.4598,0.0003,0.0009,-3.1355,0.8110,-3.1401,-4702.6270,-28635.6504,26.5360,-0.0001,0.0003,1
-4703.1636,-28634.3926,24.9425,-5186.4956,-28176.2012,21.9606,-4698.9233,-28637.8750,29.0938,671.4985,-0.0003,0.0024,-3.1355,0.8110,-3.1401,-4702.5464,-28635.7031,26.6186,0.0001,0.0007,1
-4703.1636,-28634.3926,24.9425,-5186.4575,-28176.2559,21.9606,-4704.5620,-28629.3750,26.9242,661.4808,-0.0008,0.0019,-3.1355,0.8110,-3.1401,-4702.6655,-28635.4434,26.6269,0.0002,0.0006,1
-4703.1636,-28634.3926,24.9425,-5186.4194,-28176.3105,21.9607,-4706.2593,-28636.0801,24.8567,664.7890,0.0006,0.0014,-3.1355,0.8110,-3.1401,-4702.8506,-28635.4238,26.5582,-0.0002,0.0004,1
-4703.1636,-28634.3926,24.9425,-5186.3813,-28176.3633,21.9607,-4702.2197,-28636.7363,22.7769,668.0967,0.0001,0.0009,-3.1355,0.8110,-3.1401,-4702.8892,-28635.4316,26.4082,-0.0000,0.0003,1
-4703.1636,-28634.3926,24.9425,-5186.3442,-28176.4160,21.9607,-4698.3682,-28637.1465,29.0808,671.1432,-0.0005,0.0024,-3.1356,0.8110,-3.1401,-4702.7798,-28635.4609,26.4858,0.0001,0.0007,1
-4703.1636,-28634.3926,24.9425,-5186.3071,-28176.4688,21.9607,-4704.0186,-28628.6562,26.9120,661.1295,-0.0010,0.0019,-3.1356,0.8110,-3.1401,-4702.8687,-28635.1738,26.4898,0.0003,0.0006,1
-4703.1636,-28634.3926,24.9425,-5186.2705,-28176.5215,21.9607,-4705.5898,-28635.2363,24.8446,664.4364,0.0004,0.0014,-3.1356,0.8113,-3.1401,-4703.0171,-28635.1230,26.4175,-0.0001,0.0004,1
-4703.1636,-28634.3926,24.9425,-5186.2339,-28176.5723,21.9607,-4699.8213,-28639.3223,22.1621,671.3660,0.0002,0.0007,-3.1356,0.8113,-3.1401,-4702.9531,-28635.2266,26.2428,-0.0000,0.0002,1
-4703.1636,-28634.3926,24.9425,-5186.1978,-28176.6230,21.9607,-4708.3398,-28635.0117,24.6388,662.1698,0.0008,0.0013,-3.1356,0.8113,-3.1401,-4703.1997,-28635.1816,26.1510,-0.0002,0.0004,1
-4703.1636,-28634.3926,24.9425,-5186.1621,-28176.6738,21.9607,-4709.1636,-28633.9434,26.8924,660.7870,0.0008,0.0019,-3.1356,0.8113,-3.1401,-4703.4873,-28635.0977,26.1424,-0.0002,0.0006,1
-4703.1636,-28634.3926,24.9425,-5186.1265,-28176.7246,21.9608,-4705.1328,-28634.6133,24.8348,664.0927,0.0002,0.0014,-3.1356,0.8113,-3.1401,-4703.6318,-28635.0391,26.0598,-0.0001,0.0004,1
-4703.1636,-28634.3926,24.9425,-5186.0913,-28176.7754,21.9608,-4701.0977,-28635.2559,22.7566,667.3978,-0.0003,0.0008,-3.1356,0.8113,-3.1401,-4703.6250,-28635.0059,25.8984,0.0001,0.0003,1
-4703.1636,-28634.3926,24.9425,-5186.0562,-28176.8242,21.9608,-4709.3813,-28633.9922,25.8422,660.4772,0.0008,0.0016,-3.1357,0.8113,-3.1402,-4703.9199,-28634.9258,25.8472,-0.0002,0.0005,1
-4703.1636,-28634.3926,24.9425,-5186.0220,-28176.8730,21.9608,-4708.4980,-28633.1113,26.8789,660.4529,0.0005,0.0018,-3.1357,0.8116,-3.1402,-4704.1904,-28634.8145,25.8376,-0.0002,0.0006,1
-4703.1636,-28634.3926,24.9425,-5185.9873,-28176.9219,21.9608,-4704.4629,-28633.7656,24.8224,663.7573,-0.0000,0.0013,-3.1357,0.8116,-3.1402,-4704.3135,-28634.7246,25.7552,0.0000,0.0004,1
-4703.1636,-28634.3926,24.9425,-5185.9536,-28176.9707,21.9608,-4700.4282,-28634.3965,22.7453,667.0613,-0.0006,0.0008,-3.1357,0.8116,-3.1402,-4704.2798,-28634.6582,25.5951,0.0002,0.0003,1
-4703.1636,-28634.3926,24.9425,-5185.9194,-28177.0176,21.9608,-4696.6816,-28634.9258,29.0418,670.1296,-0.0011,0.0023,-3.1357,0.8116,-3.1402,-4704.0928,-28634.6152,25.6662,0.0003,0.0007,1
-4703.1636,-28634.3926,24.9425,-5185.8862,-28177.0645,21.9608,-4708.0518,-28632.5039,26.8678,660.1269,0.0004,0.0018,-3.1357,0.8116,-3.1402,-4704.3105,-28634.4844,25.6674,-0.0001,0.0005,1
-4703.1636,-28634.3926,24.9425,-5185.8530,-28177.1113,21.9608,-4704.0254,-28633.1582,24.8118,663.4301,-0.0002,0.0013,-3.1357,0.8116,-3.1402,-4704.3809,-28634.3750,25.5959,0.0001,0.0004,1
-4703.1636,-28634.3926,24.9425,-5185.8203,-28177.1582,21.9608,-4699.9941,-28633.7871,22.7349,666.7330,-0.0008,0.0008,-3.1357,0.8116,-3.1402,-4704.2959,-28634.2910,25.4467,0.0002,0.0002,1
-4703.1636,-28634.3926,24.9425,-5185.7876,-28177.2051,21.9609,-4701.8994,-28640.2988,29.0205,669.8080,0.0007,0.0023,-3.1358,0.8116,-3.1402,-4704.2686,-28634.4512,25.5285,-0.0002,0.0007,1
-4703.1636,-28634.3926,24.9425,-5185.7554,-28177.2500,21.9609,-4707.4897,-28631.7754,26.8556,659.8087,0.0001,0.0018,-3.1358,0.8116,-3.1402,-4704.4434,-28634.3086,25.5407,-0.0000,0.0005,1
-4703.1636,-28634.3926,24.9425,-5185.7231,-28177.2969,21.9609,-4703.4653,-28632.4238,24.8003,663.1108,-0.0004,0.0013,-3.1358,0.8116,-3.1402,-4704.4702,-28634.1855,25.4800,0.0001,0.0004,1
-4703.1636,-28634.3926,24.9425,-5185.6914,-28177.3418,21.9609,-4699.4365,-28633.0449,22.7243,666.4125,-0.0010,0.0008,-3.1358,0.8116,-3.1402,-4704.3408,-28634.0859,25.3417,0.0003,0.0002,1
-4703.1636,-28634.3926,24.9425,-5185.6597,-28177.3848,21.9609,-4701.2476,-28639.4746,29.0071,669.4943,0.0005,0.0023,-3.1358,0.8119,-3.1402,-4704.2656,-28634.2266,25.4342,-0.0001,0.0007,1
-4703.1636,-28634.3926,24.9425,-5185.6284,-28177.4297,21.9609,-4706.8447,-28630.9570,26.8434,659.4982,-0.0001,0.0018,-3.1358,0.8119,-3.1402,-4704.3921,-28634.0625,25.4569,0.0000,0.0005,1
-4703.1636,-28634.3926,24.9425,-5185.5977,-28177.4746,21.9609,-4702.8203,-28631.5957,24.7893,662.7993,-0.0007,0.0013,-3.1358,0.8119,-3.1402,-4704.3706,-28633.9199,25.4067,0.0002,0.0004,1
-4703.1636,-28634.3926,24.9425,-5185.5669,-28177.5176,21.9609,-4704.5439,-28638.2871,22.7061,666.1000,0.0008,0.0008,-3.1358,0.8119,-3.1402,-4704.4087,-28634.0234,25.2782,-0.0002,0.0002,1
-4703.1636,-28634.3926,24.9425,-5185.5366,-28177.5605,21.9609,-4700.7710,-28638.8359,28.9950,669.1880,0.0003,0.0023,-3.1359,0.8119,-3.1402,-4704.3047,-28634.1602,25.3805,-0.0001,0.0007,1
-4703.1636,-28634.3926,24.9425,-5185.5063,-28177.6035,21.9609,-4706.3843,-28630.3340,26.8321,659.1951,-0.0003,0.0018,-3.1359,0.8119,-3.1402,-4704.4014,-28633.9902,25.4129,0.0001,0.0005,1
-4703.1636,-28634.3926,24.9425,-5185.4761,-28177.6465,21.9610,-4706.3213,-28631.1211,23.0007,659.7163,-0.0002,0.0009,-3.1359,0.8119,-3.1402,-4704.5000,-28633.8418,25.3044,0.0000,0.0003,1
-4703.1636,-28634.3926,24.9425,-5185.4468,-28177.6875,21.9610,-4707.1289,-28630.1621,28.4319,658.4474,-0.0002,0.0022,-3.1359,0.8119,-3.1402,-4704.6318,-28633.6543,25.3976,0.0001,0.0007,1
-4703.1636,-28634.3926,24.9425,-5185.4170,-28177.7285,21.9610,-4700.2319,-28638.1289,28.9822,668.8888,0.0000,0.0023,-3.1359,0.8119,-3.1402,-4704.5088,-28633.7598,25.5177,-0.0000,0.0007,1
-4703.1636,-28634.3926,24.9425,-5185.3877,-28177.7715,21.9610,-4705.8574,-28629.6367,26.8201,658.8990,-0.0005,0.0018,-3.1359,0.8119,-3.1402,-4704.5850,-28633.5586,25.5664,0.0002,0.0005,1
-4703.1636,-28634.3926,24.9425,-5185.3589,-28177.8125,21.9610,-4701.8384,-28630.2637,24.7669,662.1980,-0.0011,0.0013,-3.1359,0.8119,-3.1402,-4704.5107,-28633.3750,25.5402,0.0003,0.0004,1
-4703.1636,-28634.3926,24.9425,-5185.3301,-28177.8516,21.9610,-4703.5459,-28636.9512,22.6847,665.4965,0.0004,0.0008,-3.1359,0.8119,-3.1402,-4704.4937,-28633.4395,25.4340,-0.0001,0.0002,1
-4703.1636,-28634.3926,24.9425,-5185.3018,-28177.8926,21.9610,-4699.6582,-28637.3848,28.9696,668.5966,-0.0002,0.0023,-3.1359,0.8119,-3.1402,-4704.3281,-28633.5312,25.5569,0.0001,0.0007,1
-4703.1636,-28634.3926,24.9425,-5185.2734,-28177.9316,21.9610,-4705.2954,-28628.9004,26.8083,658.6102,-0.0007,0.0018,-3.1360,0.8119,-3.1402,-4704.3628,-28633.3145,25.6080,0.0002,0.0005,1
-4703.1636,-28634.3926,24.9425,-5185.2456,-28177.9727,21.9610,-4706.9912,-28635.5664,24.7478,661.9078,0.0007,0.0013,-3.1360,0.8119,-3.1402,-4704.4634,-28633.3418,25.5836,-0.0002,0.0004,1
-4703.1636,-28634.3926,24.9425,-5185.2178,-28178.0117,21.9610,-4702.9766,-28636.2090,22.6742,665.2057,0.0002,0.0008,-3.1360,0.8119,-3.1402,-4704.4185,-28633.4004,25.4791,-0.0000,0.0002,1
-4703.1636,-28634.3926,24.9425,-5185.1904,-28178.0508,21.9610,-4699.0894,-28636.6426,28.9568,668.3112,-0.0004,0.0023,-3.1360,0.8119,-3.1402,-4704.2241,-28633.4844,25.6034,0.0001,0.0007,1
-4703.1636,-28634.3926,24.9425,-5185.1631,-28178.0879,21.9611,-4704.7388,-28628.1680,26.7966,658.3276,-0.0010,0.0018,-3.1360,0.8119,-3.1402,-4704.2300,-28633.2578,25.6556,0.0003,0.0005,1
-4703.1636,-28634.3926,24.9425,-5185.1362,-28178.1270,21.9611,-4706.3159,-28634.7188,24.7360,661.6243,0.0005,0.0013,-3.1360,0.8121,-3.1402,-4704.2969,-28633.2676,25.6320,-0.0001,0.0004,1
-4703.1636,-28634.3926,24.9425,-5185.1094,-28178.1660,21.9611,-4702.2964,-28635.3477,22.6636,664.9213,-0.0001,0.0008,-3.1360,0.8122,-3.1402,-4704.2178,-28633.3066,25.5280,0.0000,0.0002,1
-4703.1636,-28634.3926,24.9425,-5185.0830,-28178.2031,21.9611,-4698.5513,-28635.9316,28.9446,668.0322,-0.0006,0.0023,-3.1360,0.8122,-3.1402,-4703.9941,-28633.3750,25.6526,0.0002,0.0007,1
-4703.1636,-28634.3926,24.9425,-5185.0566,-28178.2402,21.9611,-4709.8936,-28633.4727,26.7777,658.0515,0.0009,0.0018,-3.1360,0.8122,-3.1402,-4704.1870,-28633.3574,25.7045,-0.0003,0.0005,1
-4703.1636,-28634.3926,24.9425,-5185.0303,-28178.2773,21.9611,-4705.8857,-28634.1270,24.7263,661.3472,0.0003,0.0013,-3.1360,0.8122,-3.1402,-4704.2417,-28633.3672,25.6806,-0.0001,0.0004,1
-4703.1636,-28634.3926,24.9425,-5185.0044,-28178.3145,21.9611,-4702.1191,-28632.2188,28.1672,662.7495,-0.0007,0.0021,-3.1360,0.8122,-3.1402,-4704.1582,-28633.3066,25.7838,0.0002,0.0006,1
-4703.1636,-28634.3926,24.9425,-5184.9785,-28178.3496,21.9611,-4697.9712,-28635.1738,28.9316,667.7596,-0.0008,0.0023,-3.1361,0.8122,-3.1402,-4703.9160,-28633.3555,25.9200,0.0002,0.0007,1
-4703.1636,-28634.3926,24.9425,-5184.9531,-28178.3867,21.9611,-4709.3154,-28632.7324,26.7653,657.7814,0.0006,0.0018,-3.1361,0.8122,-3.1402,-4704.0879,-28633.3184,25.9814,-0.0002,0.0005,1
-4703.1636,-28634.3926,24.9425,-5184.9282,-28178.4219,21.9611,-4705.3105,-28633.3789,24.7143,661.0763,0.0001,0.0013,-3.1361,0.8122,-3.1402,-4704.1216,-28633.3047,25.9656,-0.0000,0.0004,1
-4703.1636,-28634.3926,24.9425,-5184.9028,-28178.4570,21.9611,-4701.2993,-28634.0000,22.6428,664.3715,-0.0005,0.0008,-3.1361,0.8122,-3.1402,-4704.0068,-28633.3164,25.8675,0.0001,0.0002,1
-4703.1636,-28634.3926,24.9425,-5184.8779,-28178.4922,21.9611,-4710.1699,-28633.0918,21.3430,657.2728,0.0008,0.0005,-3.1361,0.8122,-3.1403,-4704.2231,-28633.2949,25.7100,-0.0002,0.0001,1
-4703.1636,-28634.3926,24.9425,-5184.8535,-28178.5273,21.9612,-4708.7822,-28632.0352,26.7535,657.5175,0.0004,0.0018,-3.1361,0.8122,-3.1403,-4704.4009,-28633.2324,25.7475,-0.0001,0.0005,1
-4703.1636,-28634.3926,24.9425,-5184.8291,-28178.5625,21.9612,-4704.7783,-28632.6777,24.7033,660.8115,-0.0002,0.0013,-3.1361,0.8122,-3.1403,-4704.4365,-28633.1953,25.7097,0.0000,0.0004,1
-4703.1636,-28634.3926,24.9425,-5184.8052,-28178.5957,21.9612,-4704.6699,-28630.1094,26.4250,659.0964,-0.0006,0.0017,-3.1361,0.8122,-3.1403,-4704.4673,-28633.0586,25.7347,0.0002,0.0005,1
-4703.1636,-28634.3926,24.9425,-5184.7808,-28178.6309,21.9612,-4708.4233,-28632.4180,27.2182,657.9196,0.0004,0.0019,-3.1361,0.8122,-3.1403,-4704.6406,-28633.0020,25.7916,-0.0001,0.0006,1
-4703.1636,-28634.3926,24.9425,-5184.7573,-28178.6641,21.9612,-4702.7959,-28637.2188,22.8588,665.2496,0.0003,0.0008,-3.1361,0.8122,-3.1403,-4704.6084,-28633.1289,25.6873,-0.0001,0.0002,1
-4703.1636,-28634.3926,24.9425,-5184.7334,-28178.6973,21.9612,-4704.2104,-28631.9355,24.6924,660.5524,-0.0004,0.0013,-3.1361,0.8122,-3.1403,-4704.6230,-28633.0664,25.6448,0.0001,0.0004,1
-4703.1636,-28634.3926,24.9425,-5184.7100,-28178.7305,21.9612,-4700.2026,-28632.5449,22.6221,663.8460,-0.0009,0.0007,-3.1362,0.8122,-3.1403,-4704.4844,-28633.0254,25.5227,0.0003,0.0002,1
-4703.1636,-28634.3926,24.9425,-5184.6870,-28178.7637,21.9612,-4702.0815,-28639.1035,28.8865,666.9772,0.0005,0.0022,-3.1362,0.8122,-3.1403,-4704.4058,-28633.2324,25.6296,-0.0002,0.0007,1
-4703.1636,-28634.3926,24.9425,-5184.6641,-28178.7949,21.9612,-4703.8604,-28636.2324,24.0729,663.6420,0.0003,0.0011,-3.1362,0.8122,-3.1403,-4704.3877,-28633.3438,25.5642,-0.0001,0.0003,1
-4703.1636,-28634.3926,24.9425,-5184.6411,-28178.8281,21.9612,-4703.6812,-28631.2324,24.6812,660.2990,-0.0006,0.0012,-3.1362,0.8122,-3.1403,-4704.3618,-28633.2754,25.5184,0.0002,0.0004,1
-4703.1636,-28634.3926,24.9425,-5184.6187,-28178.8594,21.9612,-4705.4053,-28637.8926,22.6038,663.5917,0.0008,0.0007,-3.1362,0.8122,-3.1403,-4704.3989,-28633.4512,25.3932,-0.0003,0.0002,1
-4703.1636,-28634.3926,24.9425,-5184.5962,-28178.8926,21.9612,-4701.5063,-28638.3613,28.8741,666.7276,0.0003,0.0022,-3.1362,0.8122,-3.1403,-4704.2925,-28633.6543,25.4980,-0.0001,0.0007,1
-4703.1636,-28634.3926,24.9425,-5184.5742,-28178.9238,21.9612,-4704.8926,-28635.2109,25.2809,662.0403,0.0003,0.0014,-3.1362,0.8122,-3.1403,-4704.3066,-28633.7500,25.4770,-0.0001,0.0004,1
-4703.1636,-28634.3926,24.9425,-5184.5518,-28178.9551,21.9612,-4703.1191,-28630.4941,24.6702,660.0510,-0.0008,0.0012,-3.1362,0.8122,-3.1403,-4704.2554,-28633.6699,25.4330,0.0002,0.0004,1
-4703.1636,-28634.3926,24.9425,-5184.5303,-28178.9844,21.9613,-4704.8335,-28637.1523,22.5934,663.3429,0.0006,0.0007,-3.1362,0.8122,-3.1403,-4704.2666,-28633.8301,25.3098,-0.0002,0.0002,1
-4703.1636,-28634.3926,24.9425,-5184.5083,-28179.0156,21.9613,-4700.9341,-28637.6211,28.8618,666.4834,0.0000,0.0022,-3.1362,0.8122,-3.1403,-4704.1333,-28634.0137,25.4168,-0.0000,0.0007,1
-4703.1636,-28634.3926,24.9425,-5184.4868,-28179.0469,21.9613,-4706.5591,-28629.1406,26.7071,656.5174,-0.0005,0.0017,-3.1362,0.8122,-3.1403,-4704.2056,-28633.8828,25.4529,0.0002,0.0005,1
-4703.1636,-28634.3926,24.9425,-5184.4658,-28179.0762,21.9613,-4702.5605,-28629.7559,24.6591,659.8082,-0.0011,0.0012,-3.1362,0.8122,-3.1403,-4704.1318,-28633.7637,25.4146,0.0003,0.0004,1
-4703.1636,-28634.3926,24.9425,-5184.4448,-28179.1055,21.9613,-4704.2651,-28636.4141,22.5829,663.0995,0.0004,0.0007,-3.1363,0.8122,-3.1403,-4704.1201,-28633.8848,25.2969,-0.0001,0.0002,1
-4703.1636,-28634.3926,24.9425,-5184.4238,-28179.1367,21.9613,-4700.3950,-28636.9141,28.8495,666.2441,-0.0002,0.0022,-3.1363,0.8122,-3.1403,-4703.9644,-28634.0273,25.4092,0.0001,0.0007,1
-4703.1636,-28634.3926,24.9425,-5184.4028,-28179.1660,21.9613,-4706.0308,-28628.4414,26.6959,656.2803,-0.0007,0.0017,-3.1363,0.8122,-3.1403,-4704.0137,-28633.8555,25.4502,0.0002,0.0005,1
-4703.1636,-28634.3926,24.9425,-5184.3823,-28179.1953,21.9613,-4707.7241,-28635.0762,24.6410,659.5704,0.0007,0.0012,-3.1363,0.8122,-3.1403,-4704.1328,-28633.9219,25.4164,-0.0002,0.0004,1
-4703.1636,-28634.3926,24.9425,-5184.3618,-28179.2227,21.9613,-4703.7280,-28635.7070,22.5728,662.8610,0.0002,0.0007,-3.1363,0.8122,-3.1403,-4704.1099,-28634.0137,25.3032,-0.0000,0.0002,1
-4703.1636,-28634.3926,24.9425,-5184.3418,-28179.2520,21.9613,-4699.8267,-28636.1719,28.8375,666.0099,-0.0004,0.0022,-3.1363,0.8122,-3.1403,-4703.9399,-28634.1230,25.4196,0.0001,0.0007,1
-4703.1636,-28634.3926,24.9425,-5184.3218,-28179.2812,21.9613,-4705.4751,-28627.7129,26.6843,656.0482,-0.0010,0.0017,-3.1363,0.8122,-3.1403,-4703.9741,-28633.9160,25.4645,0.0003,0.0005,1
-4703.1636,-28634.3926,24.9425,-5184.3018,-28179.3086,21.9613,-4707.0493,-28634.2305,24.6293,659.3377,0.0005,0.0012,-3.1363,0.8124,-3.1403,-4704.0728,-28633.9414,25.4342,-0.0001,0.0004,1
-4703.1636,-28634.3926,24.9425,-5184.2822,-28179.3359,21.9613,-4702.0718,-28629.8945,24.4144,659.9475,-0.0011,0.0012,-3.1363,0.8125,-3.1403,-4703.9897,-28633.8027,25.3939,0.0003,0.0003,1
-4703.1636,-28634.3926,24.9425,-5184.2627,-28179.3633,21.9613,-4699.2646,-28635.4375,28.8257,665.7805,-0.0006,0.0022,-3.1363,0.8125,-3.1403,-4703.7983,-28633.8633,25.5174,0.0002,0.0007,1
-4703.1636,-28634.3926,24.9425,-5184.2432,-28179.3906,21.9613,-4710.5854,-28632.9707,26.6663,655.8209,0.0009,0.0017,-3.1363,0.8125,-3.1403,-4704.0264,-28633.8340,25.5683,-0.0003,0.0005,1
-4703.1636,-28634.3926,24.9425,-5184.2241,-28179.4180,21.9614,-4706.5962,-28633.6152,24.6199,659.1096,0.0003,0.0012,-3.1363,0.8125,-3.1403,-4704.1182,-28633.8281,25.5436,-0.0001,0.0004,1
-4703.1636,-28634.3926,24.9425,-5184.2051,-28179.4453,21.9614,-4702.6011,-28634.2344,22.5526,662.3988,-0.0002,0.0007,-3.1363,0.8125,-3.1403,-4704.0645,-28633.8438,25.4383,0.0001,0.0002,1
-4703.1636,-28634.3926,24.9425,-5184.1860,-28179.4727,21.9614,-4698.7227,-28634.7227,28.8130,665.5557,-0.0008,0.0022,-3.1363,0.8125,-3.1403,-4703.8623,-28633.8809,25.5617,0.0002,0.0007,1
-4703.1636,-28634.3926,24.9425,-5184.1675,-28179.5000,21.9614,-4700.4663,-28641.4199,26.7389,668.8442,0.0006,0.0017,-3.1364,0.8125,-3.1403,-4703.7144,-28634.1680,25.6146,-0.0002,0.0005,1
-4703.1636,-28634.3926,24.9425,-5184.1489,-28179.5254,21.9614,-4706.0581,-28632.9102,24.6081,658.8862,0.0001,0.0012,-3.1364,0.8125,-3.1403,-4703.7705,-28634.1523,25.5894,-0.0000,0.0004,1
-4703.1636,-28634.3926,24.9425,-5184.1304,-28179.5508,21.9614,-4701.9521,-28633.4043,22.5407,662.1746,-0.0005,0.0007,-3.1364,0.8127,-3.1403,-4703.6777,-28634.1523,25.4835,0.0001,0.0002,1
-4703.1636,-28634.3926,24.9425,-5184.1118,-28179.5781,21.9614,-4709.8916,-28633.1621,23.9126,656.2191,0.0008,0.0010,-3.1364,0.8127,-3.1403,-4703.8843,-28634.1387,25.4216,-0.0002,0.0003,1
-4703.1636,-28634.3926,24.9425,-5184.0938,-28179.6035,21.9614,-4699.8765,-28640.6621,26.7279,668.6232,0.0005,0.0017,-3.1364,0.8127,-3.1403,-4703.7275,-28634.4023,25.4626,-0.0001,0.0005,1
-4703.1636,-28634.3926,24.9425,-5184.0762,-28179.6289,21.9614,-4705.4795,-28632.1621,24.5981,658.6671,-0.0001,0.0012,-3.1364,0.8127,-3.1403,-4703.7725,-28634.3613,25.4268,0.0000,0.0004,1
-4703.1636,-28634.3926,24.9425,-5184.0581,-28179.6543,21.9614,-4701.4854,-28632.7656,22.5321,661.9549,-0.0007,0.0007,-3.1364,0.8127,-3.1403,-4703.6714,-28634.3359,25.3114,0.0002,0.0002,1
-4703.1636,-28634.3926,24.9425,-5184.0405,-28179.6777,21.9614,-4703.3403,-28639.3223,28.7814,665.1193,0.0008,0.0022,-3.1364,0.8128,-3.1403,-4703.6362,-28634.5527,25.4253,-0.0002,0.0007,1
-4703.1636,-28634.3926,24.9425,-5184.0229,-28179.7031,21.9614,-4699.3262,-28639.9434,26.7155,668.4065,0.0002,0.0017,-3.1364,0.8128,-3.1403,-4703.4517,-28634.8008,25.4698,-0.0001,0.0005,1
-4703.1636,-28634.3926,24.9425,-5184.0059,-28179.7285,21.9614,-4704.9414,-28631.4531,24.5862,658.4522,-0.0003,0.0012,-3.1364,0.8128,-3.1403,-4703.4692,-28634.7383,25.4372,0.0001,0.0004,1
-4703.1636,-28634.3926,24.9425,-5183.9888,-28179.7520,21.9614,-4705.0166,-28629.2715,26.0340,656.8811,-0.0007,0.0015,-3.1364,0.8128,-3.1403,-4703.4951,-28634.5820,25.4576,0.0002,0.0005,1
-4703.1636,-28634.3926,24.9425,-5183.9717,-28179.7754,21.9614,-4702.7920,-28638.6113,28.7693,664.9073,0.0006,0.0022,-3.1364,0.8128,-3.1403,-4703.4424,-28634.7656,25.5821,-0.0002,0.0007,1
-4703.1636,-28634.3926,24.9425,-5183.9546,-28179.8008,21.9614,-4703.6240,-28636.2969,26.6614,662.6614,0.0003,0.0017,-3.1364,0.8128,-3.1403,-4703.4199,-28634.8691,25.6347,-0.0001,0.0005,1
-4703.1636,-28634.3926,24.9425,-5183.9380,-28179.8242,21.9614,-4704.4058,-28630.7441,24.5753,658.2415,-0.0005,0.0012,-3.1364,0.8128,-3.1403,-4703.4297,-28634.7617,25.6101,0.0002,0.0004,1
-4703.1636,-28634.3926,24.9425,-5183.9214,-28179.8477,21.9614,-4700.4146,-28631.3379,22.5103,661.5282,-0.0011,0.0007,-3.1364,0.8128,-3.1403,-4703.2920,-28634.6680,25.5045,0.0003,0.0002,1
-4703.1636,-28634.3926,24.9425,-5183.9048,-28179.8711,21.9615,-4702.2451,-28637.9023,28.7572,664.6995,0.0004,0.0022,-3.1365,0.8128,-3.1403,-4703.2183,-28634.8105,25.6270,-0.0001,0.0007,1
-4703.1636,-28634.3926,24.9425,-5183.8882,-28179.8945,21.9615,-4698.2329,-28638.5117,26.6923,667.9857,-0.0002,0.0017,-3.1365,0.8128,-3.1403,-4702.9937,-28634.9824,25.6788,0.0001,0.0005,1
-4703.1636,-28634.3926,24.9425,-5183.8721,-28179.9160,21.9615,-4703.8716,-28630.0352,24.5645,658.0348,-0.0008,0.0012,-3.1365,0.8128,-3.1403,-4702.9717,-28634.8398,25.6520,0.0002,0.0004,1
-4703.1636,-28634.3926,24.9425,-5183.8560,-28179.9395,21.9615,-4698.1152,-28635.6348,26.7178,666.0459,-0.0007,0.0017,-3.1365,0.8128,-3.1403,-4702.7383,-28634.8965,25.7033,0.0002,0.0005,1
-4703.1636,-28634.3926,24.9425,-5183.8403,-28179.9629,21.9615,-4701.6582,-28637.1484,28.7452,664.4955,0.0001,0.0022,-3.1365,0.8128,-3.1403,-4702.6294,-28635.0117,25.8328,-0.0000,0.0007,1
-4703.1636,-28634.3926,24.9425,-5183.8242,-28179.9844,21.9615,-4697.6465,-28637.7480,26.6809,667.7811,-0.0004,0.0017,-3.1365,0.8128,-3.1403,-4702.3721,-28635.1504,25.8903,0.0001,0.0005,1
-4703.1636,-28634.3926,24.9425,-5183.8086,-28180.0059,21.9615,-4706.9023,-28630.2734,21.0828,655.8804,-0.0002,0.0003,-3.1365,0.8128,-3.1403,-4702.4565,-28635.0117,25.7355,0.0001,0.0001,1
-4703.1636,-28634.3926,24.9425,-5183.7930,-28180.0293,21.9615,-4704.8857,-28635.8008,22.4816,661.1175,0.0005,0.0007,-3.1365,0.8130,-3.1404,-4702.4780,-28635.0703,25.6230,-0.0001,0.0002,1
-4703.1636,-28634.3926,24.9425,-5183.7778,-28180.0508,21.9615,-4701.0874,-28636.4082,28.7336,664.2953,-0.0001,0.0022,-3.1365,0.8130,-3.1404,-4702.3652,-28635.1504,25.7385,0.0000,0.0007,1
-4703.1636,-28634.3926,24.9425,-5183.7627,-28180.0723,21.9615,-4697.0752,-28637.0000,26.6700,667.5804,-0.0006,0.0017,-3.1365,0.8130,-3.1403,-4702.1025,-28635.2559,25.7832,0.0002,0.0005,1
-4703.1636,-28634.3926,24.9425,-5183.7476,-28180.0938,21.9615,-4708.4097,-28634.5527,24.5368,657.6328,0.0008,0.0012,-3.1365,0.8130,-3.1403,-4702.2598,-28635.2695,25.7488,-0.0002,0.0004,1
-4703.1636,-28634.3926,24.9425,-5183.7324,-28180.1152,21.9615,-4704.4268,-28635.1777,22.4731,660.9178,0.0003,0.0007,-3.1365,0.8130,-3.1403,-4702.2832,-28635.3047,25.6331,-0.0001,0.0002,1
-4703.1636,-28634.3926,24.9425,-5183.7173,-28180.1367,21.9615,-4700.5391,-28635.6914,28.7211,664.0988,-0.0003,0.0022,-3.1365,0.8130,-3.1403,-4702.1675,-28635.3574,25.7456,0.0001,0.0006,1
-4703.1636,-28634.3926,24.9425,-5183.7026,-28180.1562,21.9615,-4696.5283,-28636.2773,26.6576,667.3832,-0.0008,0.0017,-3.1365,0.8130,-3.1403,-4701.9009,-28635.4297,25.7872,0.0003,0.0005,1
-4703.1636,-28634.3926,24.9425,-5183.6880,-28180.1777,21.9615,-4707.8652,-28633.8457,24.5247,657.4373,0.0006,0.0012,-3.1365,0.8130,-3.1404,-4702.0527,-28635.4102,25.7498,-0.0002,0.0003,1
-4703.1636,-28634.3926,24.9425,-5183.6738,-28180.1973,21.9615,-4703.8843,-28634.4629,22.4612,660.7217,0.0001,0.0007,-3.1365,0.8130,-3.1404,-4702.0698,-28635.4082,25.6313,-0.0000,0.0002,1
-4703.1636,-28634.3926,24.9425,-5183.6592,-28180.2188,21.9615,-4699.9946,-28634.9746,28.7092,663.9057,-0.0005,0.0022,-3.1365,0.8130,-3.1404,-4701.9468,-28635.4238,25.7410,0.0002,0.0006,1
-4703.1636,-28634.3926,24.9425,-5183.6450,-28180.2383,21.9615,-4695.9849,-28635.5566,26.6461,667.1897,-0.0011,0.0017,-3.1365,0.8130,-3.1404,-4701.6714,-28635.4570,25.7799,0.0003,0.0005,1
-4703.1636,-28634.3926,24.9425,-5183.6309,-28180.2578,21.9615,-4700.4199,-28636.3613,24.7134,664.4741,-0.0002,0.0012,-3.1366,0.8131,-3.1404,-4701.5518,-28635.5195,25.7481,0.0001,0.0004,1
-4703.1636,-28634.3926,24.9425,-5183.6167,-28180.2793,21.9615,-4703.3433,-28633.7539,22.4509,660.5292,-0.0002,0.0007,-3.1366,0.8131,-3.1404,-4701.5439,-28635.4844,25.6276,0.0000,0.0002,1
-4703.1636,-28634.3926,24.9425,-5183.6030,-28180.2988,21.9615,-4699.4526,-28634.2598,28.6973,663.7159,-0.0007,0.0022,-3.1366,0.8131,-3.1404,-4701.3965,-28635.4629,25.7354,0.0002,0.0006,1
-4703.1636,-28634.3926,24.9425,-5183.5894,-28180.3184,21.9616,-4701.1934,-28640.9355,26.6276,666.9996,0.0007,0.0017,-3.1366,0.8131,-3.1404,-4701.3140,-28635.6875,25.7723,-0.0002,0.0005,1
-4703.1636,-28634.3926,24.9425,-5183.5757,-28180.3379,21.9616,-4706.7842,-28632.4355,24.5030,657.0565,0.0002,0.0012,-3.1366,0.8131,-3.1404,-4701.4473,-28635.6035,25.7306,-0.0001,0.0003,1
-4703.1636,-28634.3926,24.9425,-5183.5620,-28180.3555,21.9616,-4702.8042,-28633.0410,22.4408,660.3400,-0.0004,0.0007,-3.1366,0.8131,-3.1404,-4701.4448,-28635.5332,25.6079,0.0001,0.0002,1
-4703.1636,-28634.3926,24.9425,-5183.5483,-28180.3750,21.9616,-4698.9111,-28633.5449,28.6856,663.5296,-0.0009,0.0021,-3.1366,0.8131,-3.1404,-4701.3013,-28635.4766,25.7137,0.0003,0.0006,1
-4703.1636,-28634.3926,24.9425,-5183.5352,-28180.3945,21.9616,-4700.5327,-28640.1035,26.6158,666.8126,0.0005,0.0016,-3.1366,0.8133,-3.1404,-4701.2158,-28635.6602,25.7487,-0.0002,0.0005,1
-4703.1636,-28634.3926,24.9425,-5183.5220,-28180.4121,21.9616,-4706.1318,-28631.6074,24.4922,656.8710,-0.0000,0.0011,-3.1366,0.8133,-3.1404,-4701.3442,-28635.5312,25.7053,0.0000,0.0003,1
-4703.1636,-28634.3926,24.9425,-5183.5088,-28180.4316,21.9616,-4702.8623,-28635.7773,28.6904,662.1151,0.0001,0.0022,-3.1366,0.8133,-3.1404,-4701.3618,-28635.5527,25.8177,-0.0000,0.0006,1
-4703.1636,-28634.3926,24.9425,-5183.4961,-28180.4492,21.9616,-4704.0410,-28638.8320,28.6671,663.3463,0.0009,0.0021,-3.1366,0.8133,-3.1404,-4701.4292,-28635.6875,25.9357,-0.0003,0.0006,1
-4703.1636,-28634.3926,24.9425,-5183.4829,-28180.4688,21.9616,-4700.0391,-28639.4473,26.6052,666.6290,0.0003,0.0016,-3.1366,0.8133,-3.1404,-4701.3535,-28635.8535,25.9816,-0.0001,0.0005,1
-4703.1636,-28634.3926,24.9425,-5183.4702,-28180.4863,21.9616,-4705.6533,-28630.9629,24.4821,656.6887,-0.0002,0.0011,-3.1366,0.8133,-3.1404,-4701.4888,-28635.7031,25.9474,0.0001,0.0003,1
-4703.1636,-28634.3926,24.9425,-5183.4575,-28180.5039,21.9616,-4701.6733,-28631.5566,22.4206,659.9713,-0.0008,0.0006,-3.1366,0.8133,-3.1404,-4701.4839,-28635.5645,25.8309,0.0002,0.0002,1
-4703.1636,-28634.3926,24.9425,-5183.4453,-28180.5215,21.9616,-4703.4893,-28638.1191,28.6550,663.1661,0.0006,0.0021,-3.1366,0.8133,-3.1404,-4701.5483,-28635.6641,25.9414,-0.0002,0.0006,1
-4703.1636,-28634.3926,24.9425,-5183.4326,-28180.5391,21.9616,-4699.4883,-28638.7285,26.5935,666.4483,0.0001,0.0016,-3.1366,0.8133,-3.1404,-4701.4673,-28635.7910,25.9800,-0.0000,0.0005,1
-4703.1636,-28634.3926,24.9425,-5183.4204,-28180.5566,21.9616,-4705.1147,-28630.2520,24.4708,656.5093,-0.0005,0.0011,-3.1366,0.8133,-3.1404,-4701.5947,-28635.6035,25.9389,0.0001,0.0003,1
-4703.1636,-28634.3926,24.9425,-5183.4082,-28180.5742,21.9616,-4701.1357,-28630.8418,22.4097,659.7915,-0.0010,0.0006,-3.1366,0.8133,-3.1404,-4701.5796,-28635.4258,25.8158,0.0003,0.0002,1
-4703.1636,-28634.3926,24.9425,-5183.3960,-28180.5918,21.9616,-4703.1982,-28639.3945,21.8289,664.1442,0.0008,0.0005,-3.1366,0.8133,-3.1404,-4701.6416,-28635.5605,25.6633,-0.0002,0.0001,1
-4703.1636,-28634.3926,24.9425,-5183.3838,-28180.6074,21.9616,-4698.9390,-28638.0078,26.5819,666.2706,-0.0001,0.0016,-3.1366,0.8133,-3.1404,-4701.5464,-28635.6523,25.6809,0.0000,0.0005,1
-4703.1636,-28634.3926,24.9425,-5183.3721,-28180.6250,21.9616,-4704.5776,-28629.5430,24.4600,656.3329,-0.0007,0.0011,-3.1366,0.8133,-3.1404,-4701.6587,-28635.4277,25.6211,0.0002,0.0003,1
-4703.1636,-28634.3926,24.9425,-5183.3604,-28180.6426,21.9616,-4706.2856,-28636.1582,22.3923,659.6147,0.0008,0.0006,-3.1367,0.8133,-3.1404,-4701.8418,-28635.4414,25.4812,-0.0002,0.0002,1
-4703.1636,-28634.3926,24.9425,-5183.3486,-28180.6582,21.9616,-4702.3921,-28636.6934,28.6310,662.8145,0.0002,0.0021,-3.1367,0.8133,-3.1404,-4701.8872,-28635.4785,25.5709,-0.0001,0.0006,1
-4703.1636,-28634.3926,24.9425,-5183.3369,-28180.6758,21.9616,-4705.4521,-28634.3848,23.3460,658.9563,0.0003,0.0009,-3.1367,0.8133,-3.1404,-4702.0483,-28635.4297,25.4692,-0.0001,0.0003,1
-4703.1636,-28634.3926,24.9425,-5183.3252,-28180.6914,21.9616,-4706.6812,-28630.3789,23.6448,655.2917,-0.0002,0.0009,-3.1367,0.8133,-3.1404,-4702.2642,-28635.2266,25.3745,0.0001,0.0003,1
-4703.1636,-28634.3926,24.9425,-5183.3140,-28180.7070,21.9616,-4705.6357,-28635.3359,22.3814,659.4407,0.0005,0.0006,-3.1367,0.8136,-3.1404,-4702.4473,-28635.2031,25.2295,-0.0002,0.0002,1
-4703.1636,-28634.3926,24.9425,-5183.3027,-28180.7227,21.9616,-4701.8926,-28636.0293,28.6196,662.6429,0.0000,0.0021,-3.1367,0.8136,-3.1404,-4702.4932,-28635.2070,25.3154,-0.0000,0.0006,1
-4703.1636,-28634.3926,24.9425,-5183.2915,-28180.7383,21.9616,-4697.8911,-28636.6191,26.5598,665.9239,-0.0005,0.0016,-3.1367,0.8136,-3.1404,-4702.3843,-28635.2344,25.3330,0.0002,0.0005,1
-4703.1636,-28634.3926,24.9425,-5183.2803,-28180.7559,21.9616,-4709.2104,-28634.1621,24.4326,655.9885,0.0009,0.0011,-3.1367,0.8136,-3.1404,-4702.6909,-28635.1758,25.2745,-0.0003,0.0003,1
-4703.1636,-28634.3926,24.9425,-5183.2695,-28180.7715,21.9617,-4699.3916,-28634.4863,25.1821,663.3245,-0.0006,0.0013,-3.1367,0.8136,-3.1404,-4702.6372,-28635.1270,25.2439,0.0002,0.0004,1
-4703.1636,-28634.3926,24.9425,-5183.2583,-28180.7852,21.9617,-4701.3413,-28635.3105,28.6076,662.4740,-0.0002,0.0021,-3.1367,0.8136,-3.1404,-4702.6465,-28635.1094,25.3437,0.0001,0.0006,1
-4703.1636,-28634.3926,24.9425,-5183.2476,-28180.8008,21.9617,-4697.3418,-28635.8945,26.5477,665.7546,-0.0007,0.0016,-3.1367,0.8136,-3.1404,-4702.4995,-28635.1133,25.3743,0.0002,0.0005,1
-4703.1636,-28634.3926,24.9425,-5183.2368,-28180.8164,21.9617,-4708.6646,-28633.4531,24.4207,655.8204,0.0007,0.0011,-3.1367,0.8136,-3.1404,-4702.7671,-28635.0293,25.3280,-0.0002,0.0003,1
-4703.1636,-28634.3926,24.9425,-5183.2261,-28180.8320,21.9617,-4700.5356,-28635.8750,26.6763,663.3765,-0.0002,0.0017,-3.1367,0.8136,-3.1404,-4702.7378,-28635.0352,25.3654,0.0001,0.0005,1
-4703.1636,-28634.3926,24.9425,-5183.2153,-28180.8477,21.9617,-4700.7949,-28634.5957,28.5958,662.3076,-0.0004,0.0021,-3.1367,0.8136,-3.1404,-4702.7100,-28634.9961,25.4791,0.0001,0.0006,1
-4703.1636,-28634.3926,24.9425,-5183.2051,-28180.8613,21.9617,-4696.7959,-28635.1738,26.5363,665.5878,-0.0009,0.0016,-3.1367,0.8136,-3.1404,-4702.5259,-28634.9785,25.5224,0.0003,0.0005,1
-4703.1636,-28634.3926,24.9425,-5183.1948,-28180.8770,21.9617,-4708.1206,-28632.7461,24.4100,655.6547,0.0005,0.0011,-3.1367,0.8136,-3.1404,-4702.7554,-28634.8691,25.4873,-0.0002,0.0003,1
-4703.1636,-28634.3926,24.9425,-5183.1846,-28180.8906,21.9617,-4704.1504,-28633.3555,22.3508,658.9350,-0.0001,0.0006,-3.1367,0.8136,-3.1404,-4702.8452,-28634.7812,25.3714,0.0000,0.0002,1
-4703.1636,-28634.3926,24.9425,-5183.1743,-28180.9062,21.9617,-4700.2505,-28633.8789,28.5839,662.1437,-0.0006,0.0021,-3.1367,0.8136,-3.1404,-4702.7881,-28634.7109,25.4844,0.0002,0.0006,1
-4703.1636,-28634.3926,24.9425,-5183.1641,-28180.9199,21.9617,-4701.9888,-28640.5332,26.5180,665.4236,0.0008,0.0016,-3.1367,0.8136,-3.1404,-4702.7891,-28634.8906,25.5267,-0.0003,0.0005,1
-4703.1636,-28634.3926,24.9425,-5183.1538,-28180.9336,21.9617,-4707.5776,-28632.0391,24.3992,655.4916,0.0003,0.0011,-3.1367,0.8136,-3.1404,-4702.9995,-28634.7637,25.4908,-0.0001,0.0003,1
-4703.1636,-28634.3926,24.9425,-5183.1440,-28180.9473,21.9617,-4702.5713,-28631.5078,28.7796,658.7816,-0.0006,0.0022,-3.1367,0.8136,-3.1404,-4703.0283,-28634.6133,25.6185,0.0002,0.0006,1
-4703.1636,-28634.3926,24.9425,-5183.1343,-28180.9629,21.9617,-4699.7070,-28633.1621,28.5723,661.9822,-0.0008,0.0021,-3.1367,0.8136,-3.1404,-4702.9458,-28634.5195,25.7449,0.0002,0.0006,1
-4703.1636,-28634.3926,24.9425,-5183.1245,-28180.9766,21.9617,-4701.4360,-28639.8184,26.5068,665.2618,0.0006,0.0016,-3.1367,0.8136,-3.1404,-4702.9194,-28634.6738,25.7990,-0.0002,0.0005,1
-4703.1636,-28634.3926,24.9425,-5183.1147,-28180.9902,21.9617,-4707.0371,-28631.3320,24.3887,655.3308,0.0001,0.0011,-3.1367,0.8136,-3.1404,-4703.1006,-28634.5215,25.7729,-0.0000,0.0003,1
-4703.1636,-28634.3926,24.9425,-5183.1050,-28181.0039,21.9617,-4703.0674,-28631.9297,22.3302,658.6104,-0.0005,0.0006,-3.1367,0.8136,-3.1404,-4703.1382,-28634.3867,25.6645,0.0001,0.0002,1
-4703.1636,-28634.3926,24.9425,-5183.0952,-28181.0176,21.9617,-4704.8750,-28638.4902,28.5538,661.8231,0.0010,0.0021,-3.1367,0.8136,-3.1404,-4703.2422,-28634.4980,25.7830,-0.0003,0.0006,1
-4703.1636,-28634.3926,24.9425,-5183.0859,-28181.0312,21.9617,-4700.8843,-28639.1016,26.4955,665.1023,0.0004,0.0016,-3.1368,0.8136,-3.1404,-4703.1978,-28634.6406,25.8295,-0.0001,0.0005,1
-4703.1636,-28634.3926,24.9425,-5183.0767,-28181.0430,21.9617,-4696.9302,-28635.5410,25.4112,665.5175,-0.0009,0.0013,-3.1368,0.8136,-3.1404,-4702.9976,-28634.6621,25.8359,0.0003,0.0004,1
-4703.1636,-28634.3926,24.9425,-5183.0674,-28181.0566,21.9617,-4702.5278,-28631.2148,22.3198,658.4515,-0.0007,0.0006,-3.1368,0.8136,-3.1404,-4702.9917,-28634.5215,25.7226,0.0002,0.0002,1
-4703.1636,-28634.3926,24.9425,-5183.0581,-28181.0703,21.9617,-4704.3242,-28637.7773,28.5421,661.6662,0.0007,0.0021,-3.1368,0.8136,-3.1404,-4703.0518,-28634.6230,25.8362,-0.0002,0.0006,1
-4703.1636,-28634.3926,24.9425,-5183.0488,-28181.0820,21.9617,-4703.2368,-28636.5801,23.5130,661.5864,0.0004,0.0009,-3.1368,0.8136,-3.1404,-4703.0737,-28634.6875,25.7657,-0.0001,0.0003,1
-4703.1636,-28634.3926,24.9425,-5183.0400,-28181.0957,21.9617,-4705.9580,-28629.9141,24.3672,655.0161,-0.0004,0.0011,-3.1368,0.8136,-3.1404,-4703.1987,-28634.5039,25.7209,0.0001,0.0003,1
-4703.1636,-28634.3926,24.9425,-5183.0308,-28181.1074,21.9617,-4701.9888,-28630.5000,22.3095,658.2950,-0.0009,0.0006,-3.1368,0.8136,-3.1404,-4703.1787,-28634.3320,25.5946,0.0003,0.0002,1
-4703.1636,-28634.3926,24.9425,-5183.0220,-28181.1211,21.9617,-4703.7744,-28637.0645,28.5303,661.5114,0.0005,0.0021,-3.1368,0.8136,-3.1404,-4703.2217,-28634.4004,25.6964,-0.0002,0.0006,1
-4703.1636,-28634.3926,24.9425,-5183.0132,-28181.1328,21.9617,-4699.7837,-28637.6660,26.4727,664.7901,-0.0000,0.0016,-3.1368,0.8136,-3.1404,-4703.1152,-28634.5000,25.7272,0.0000,0.0005,1
-4703.1636,-28634.3926,24.9425,-5183.0044,-28181.1465,21.9617,-4705.4199,-28629.2051,24.3567,654.8620,-0.0006,0.0011,-3.1368,0.8136,-3.1404,-4703.2134,-28634.2871,25.6792,0.0002,0.0003,1
-4703.1636,-28634.3926,24.9425,-5182.9956,-28181.1582,21.9617,-4698.0996,-28635.8418,24.6547,664.7280,-0.0006,0.0012,-3.1368,0.8136,-3.1404,-4703.0391,-28634.3145,25.6400,0.0002,0.0003,1
-4703.1636,-28634.3926,24.9425,-5182.9868,-28181.1699,21.9617,-4701.0796,-28632.9434,27.7791,660.5754,-0.0006,0.0019,-3.1368,0.8136,-3.1404,-4702.9644,-28634.2383,25.7166,0.0002,0.0006,1
-4703.1636,-28634.3926,24.9425,-5182.9785,-28181.1816,21.9617,-4699.2349,-28636.9453,26.4617,664.6371,-0.0002,0.0016,-3.1368,0.8136,-3.1404,-4702.8164,-28634.3105,25.7480,0.0001,0.0005,1
-4703.1636,-28634.3926,24.9425,-5182.9697,-28181.1953,21.9617,-4704.8823,-28628.4941,24.3459,654.7100,-0.0008,0.0011,-3.1368,0.8136,-3.1404,-4702.8745,-28634.0684,25.7006,0.0002,0.0003,1
-4703.1636,-28634.3926,24.9425,-5182.9614,-28181.2070,21.9618,-4706.5796,-28635.0918,22.2822,657.9882,0.0006,0.0006,-3.1368,0.8136,-3.1404,-4703.0020,-28634.0684,25.5716,-0.0002,0.0002,1
-4703.1636,-28634.3926,24.9425,-5182.9531,-28181.2188,21.9618,-4702.5200,-28635.4727,28.5075,661.2082,0.0000,0.0021,-3.1368,0.8136,-3.1404,-4702.9844,-28634.0840,25.6709,-0.0000,0.0006,1
-4703.1636,-28634.3926,24.9425,-5182.9448,-28181.2305,21.9618,-4706.2295,-28633.4336,27.1144,657.0872,0.0003,0.0018,-3.1368,0.8136,-3.1404,-4703.1064,-28634.0293,25.7250,-0.0001,0.0005,1
-4703.1636,-28634.3926,24.9425,-5182.9370,-28181.2422,21.9618,-4709.8394,-28633.5977,24.3289,654.5599,0.0009,0.0011,-3.1368,0.8136,-3.1404,-4703.3745,-28633.9805,25.6762,-0.0003,0.0003,1
-4703.1636,-28634.3926,24.9425,-5182.9287,-28181.2539,21.9618,-4705.8774,-28634.2168,22.2721,657.8379,0.0004,0.0006,-3.1368,0.8136,-3.1404,-4703.5049,-28633.9570,25.5461,-0.0001,0.0002,1
-4703.1636,-28634.3926,24.9425,-5182.9204,-28181.2637,21.9618,-4701.9731,-28634.7559,28.4959,661.0596,-0.0002,0.0021,-3.1368,0.8136,-3.1404,-4703.4912,-28633.9551,25.6445,0.0001,0.0006,1
-4703.1636,-28634.3926,24.9425,-5182.9126,-28181.2754,21.9618,-4697.9829,-28635.3398,26.4393,664.3373,-0.0007,0.0016,-3.1368,0.8136,-3.1404,-4703.3218,-28633.9766,25.6722,0.0002,0.0005,1
-4703.1636,-28634.3926,24.9425,-5182.9048,-28181.2871,21.9618,-4709.2944,-28632.8926,24.3180,654.4119,0.0007,0.0011,-3.1368,0.8136,-3.1404,-4703.5669,-28633.9121,25.6212,-0.0002,0.0003,1
-4703.1636,-28634.3926,24.9425,-5182.8970,-28181.2988,21.9618,-4705.3330,-28633.5059,22.2618,657.6896,0.0001,0.0006,-3.1368,0.8136,-3.1404,-4703.6733,-28633.8691,25.4892,-0.0000,0.0002,1
-4703.1636,-28634.3926,24.9425,-5182.8892,-28181.3086,21.9618,-4701.4277,-28634.0410,28.4843,660.9128,-0.0004,0.0021,-3.1368,0.8136,-3.1404,-4703.6333,-28633.8477,25.5859,0.0001,0.0006,1
-4703.1636,-28634.3926,24.9425,-5182.8813,-28181.3203,21.9618,-4697.4370,-28634.6191,26.4282,664.1903,-0.0010,0.0016,-3.1368,0.8136,-3.1404,-4703.4360,-28633.8496,25.6122,0.0003,0.0005,1
-4703.1636,-28634.3926,24.9425,-5182.8735,-28181.3301,21.9618,-4708.7505,-28632.1855,24.3074,654.2656,0.0005,0.0011,-3.1368,0.8136,-3.1404,-4703.6523,-28633.7617,25.5601,-0.0001,0.0003,1
-4703.1636,-28634.3926,24.9425,-5182.8662,-28181.3418,21.9618,-4704.7896,-28632.7930,22.2514,657.5431,-0.0001,0.0006,-3.1368,0.8136,-3.1404,-4703.7285,-28633.6953,25.4272,0.0000,0.0002,1
-4703.1636,-28634.3926,24.9425,-5182.8584,-28181.3516,21.9618,-4700.8823,-28633.3242,28.4725,660.7679,-0.0006,0.0021,-3.1368,0.8136,-3.1404,-4703.6567,-28633.6484,25.5234,0.0002,0.0006,1
-4703.1636,-28634.3926,24.9425,-5182.8511,-28181.3633,21.9618,-4702.6172,-28639.9688,26.4102,664.0451,0.0008,0.0016,-3.1368,0.8136,-3.1404,-4703.6431,-28633.8535,25.5491,-0.0002,0.0005,1
-4703.1636,-28634.3926,24.9425,-5182.8438,-28181.3730,21.9618,-4708.2080,-28631.4785,24.2966,654.1212,0.0003,0.0011,-3.1368,0.8136,-3.1404,-4703.8389,-28633.7520,25.4968,-0.0001,0.0003,1
-4703.1636,-28634.3926,24.9425,-5182.8364,-28181.3828,21.9618,-4704.2466,-28632.0781,22.2411,657.3984,-0.0003,0.0006,-3.1368,0.8136,-3.1404,-4703.8921,-28633.6699,25.3641,0.0001,0.0002,1
-4703.1636,-28634.3926,24.9425,-5182.8291,-28181.3945,21.9618,-4700.3384,-28632.6094,28.4610,660.6247,-0.0008,0.0021,-3.1368,0.8136,-3.1404,-4703.7969,-28633.6035,25.4606,0.0003,0.0006,1
-4703.1636,-28634.3926,24.9425,-5182.8218,-28181.4043,21.9618,-4702.0635,-28639.2520,26.3990,663.9017,0.0006,0.0016,-3.1368,0.8136,-3.1404,-4703.7568,-28633.7891,25.4868,-0.0002,0.0005,1
-4703.1636,-28634.3926,24.9425,-5182.8149,-28181.4141,21.9618,-4707.6665,-28630.7695,24.2860,653.9786,0.0001,0.0011,-3.1369,0.8136,-3.1404,-4703.9248,-28633.6660,25.4352,-0.0000,0.0003,1
-4703.1636,-28634.3926,24.9425,-5182.8076,-28181.4238,21.9618,-4701.2476,-28641.7090,22.6186,666.1531,0.0009,0.0007,-3.1369,0.8136,-3.1404,-4703.8569,-28633.9492,25.3195,-0.0003,0.0002,1
-4703.1636,-28634.3926,24.9425,-5182.8008,-28181.4336,21.9618,-4705.4941,-28637.9238,28.4428,660.4833,0.0009,0.0021,-3.1369,0.8136,-3.1404,-4703.9419,-28634.1094,25.4178,-0.0003,0.0006,1
-4703.1636,-28634.3926,24.9425,-5182.7939,-28181.4434,21.9618,-4701.5112,-28638.5332,26.3876,663.7600,0.0004,0.0016,-3.1369,0.8136,-3.1404,-4703.8784,-28634.3008,25.4459,-0.0001,0.0005,1
-4703.1636,-28634.3926,24.9425,-5182.7871,-28181.4531,21.9618,-4707.1255,-28630.0605,24.2752,653.8376,-0.0002,0.0011,-3.1369,0.8136,-3.1404,-4704.0220,-28634.1797,25.3964,0.0001,0.0003,1
-4703.1636,-28634.3926,24.9425,-5182.7803,-28181.4629,21.9618,-4703.1641,-28630.6504,22.2203,657.1143,-0.0007,0.0006,-3.1369,0.8136,-3.1404,-4704.0200,-28634.0703,25.2666,0.0002,0.0002,1
-4703.1636,-28634.3926,24.9425,-5182.7734,-28181.4727,21.9618,-4704.9424,-28637.2109,28.4313,660.3435,0.0007,0.0021,-3.1369,0.8136,-3.1404,-4704.0820,-28634.2012,25.3660,-0.0002,0.0006,1
-4703.1636,-28634.3926,24.9425,-5182.7666,-28181.4824,21.9618,-4700.9595,-28637.8164,26.3765,663.6200,0.0002,0.0016,-3.1369,0.8136,-3.1404,-4703.9946,-28634.3594,25.3954,-0.0001,0.0005,1
-4703.1636,-28634.3926,24.9425,-5182.7598,-28181.4922,21.9618,-4706.5854,-28629.3516,24.2647,653.6983,-0.0004,0.0011,-3.1369,0.8136,-3.1404,-4704.1123,-28634.2031,25.3473,0.0001,0.0003,1
-4703.1636,-28634.3926,24.9425,-5182.7534,-28181.5020,21.9618,-4702.6240,-28629.9375,22.2100,656.9748,-0.0009,0.0006,-3.1369,0.8136,-3.1404,-4704.0835,-28634.0566,25.2189,0.0003,0.0002,1
-4703.1636,-28634.3926,24.9425,-5182.7466,-28181.5098,21.9618,-4704.3916,-28636.4980,28.4197,660.2053,0.0005,0.0021,-3.1369,0.8136,-3.1404,-4704.1172,-28634.1504,25.3198,-0.0002,0.0006,1
-4703.1636,-28634.3926,24.9425,-5182.7402,-28181.5195,21.9618,-4700.4087,-28637.0977,26.3653,663.4816,-0.0000,0.0016,-3.1369,0.8136,-3.1404,-4704.0000,-28634.2715,25.3508,0.0000,0.0005,1
-4703.1636,-28634.3926,24.9425,-5182.7339,-28181.5293,21.9618,-4706.0464,-28628.6426,24.2540,653.5605,-0.0006,0.0011,-3.1369,0.8136,-3.1404,-4704.0874,-28634.0762,25.3044,0.0002,0.0003,1
-4703.1636,-28634.3926,24.9425,-5182.7275,-28181.5371,21.9618,-4707.7485,-28635.2246,22.1932,656.8368,0.0008,0.0006,-3.1369,0.8136,-3.1404,-4704.2432,-28634.1191,25.1775,-0.0003,0.0002,1
-4703.1636,-28634.3926,24.9425,-5182.7212,-28181.5469,21.9618,-4703.8423,-28635.7852,28.4081,660.0687,0.0003,0.0020,-3.1369,0.8136,-3.1404,-4704.2578,-28634.1855,25.2801,-0.0001,0.0006,1
-4703.1636,-28634.3926,24.9425,-5182.7148,-28181.5566,21.9618,-4699.8594,-28636.3789,26.3540,663.3447,-0.0003,0.0015,-3.1369,0.8136,-3.1404,-4704.1196,-28634.2773,25.3129,0.0001,0.0005,1
-4703.1636,-28634.3926,24.9425,-5182.7085,-28181.5645,21.9618,-4705.5083,-28627.9297,24.2433,653.4244,-0.0008,0.0010,-3.1369,0.8136,-3.1404,-4704.1841,-28634.0508,25.2683,0.0002,0.0003,1
-4703.1636,-28634.3926,24.9425,-5182.7021,-28181.5742,21.9618,-4697.8711,-28635.5898,29.1590,664.2545,-0.0007,0.0022,-3.1369,0.8136,-3.1404,-4703.9629,-28634.1035,25.4071,0.0002,0.0007,1
-4703.1636,-28634.3926,24.9425,-5182.6963,-28181.5820,21.9618,-4703.2935,-28635.0703,28.3965,659.9335,0.0001,0.0020,-3.1369,0.8136,-3.1404,-4703.9307,-28634.1387,25.5270,-0.0000,0.0006,1
-4703.1636,-28634.3926,24.9425,-5182.6899,-28181.5898,21.9618,-4699.3101,-28635.6582,26.3429,663.2094,-0.0005,0.0015,-3.1369,0.8136,-3.1404,-4703.7476,-28634.1992,25.5752,0.0001,0.0005,1
-4703.1636,-28634.3926,24.9425,-5182.6841,-28181.5996,21.9618,-4704.9712,-28627.2188,24.2327,653.2896,-0.0010,0.0010,-3.1369,0.8136,-3.1404,-4703.7686,-28633.9395,25.5439,0.0003,0.0003,1
-4703.1636,-28634.3926,24.9425,-5182.6782,-28181.6074,21.9618,-4706.6543,-28633.8047,22.1725,656.5654,0.0004,0.0005,-3.1369,0.8136,-3.1404,-4703.8579,-28633.9180,25.4305,-0.0001,0.0002,1
-4703.1636,-28634.3926,24.9425,-5182.6724,-28181.6152,21.9618,-4702.7456,-28634.3555,28.3850,659.7998,-0.0001,0.0020,-3.1369,0.8136,-3.1404,-4703.8057,-28633.9160,25.5448,0.0000,0.0006,1
-4703.1636,-28634.3926,24.9425,-5182.6665,-28181.6250,21.9618,-4699.9146,-28634.3027,23.6735,661.7900,-0.0006,0.0009,-3.1369,0.8136,-3.1404,-4703.6445,-28633.9141,25.4872,0.0002,0.0003,1
-4703.1636,-28634.3926,24.9425,-5182.6606,-28181.6328,21.9618,-4710.0630,-28632.4805,24.2156,653.1563,0.0007,0.0010,-3.1369,0.8136,-3.1404,-4703.8623,-28633.8457,25.4446,-0.0002,0.0003,1
-4703.1636,-28634.3926,24.9425,-5182.6548,-28181.6406,21.9618,-4708.3857,-28632.5586,28.8412,654.4440,0.0005,0.0022,-3.1369,0.8136,-3.1404,-4704.0312,-28633.7773,25.5757,-0.0001,0.0006,1
-4703.1636,-28634.3926,24.9425,-5182.6489,-28181.6484,21.9618,-4702.1338,-28633.5703,28.3740,659.6674,-0.0004,0.0020,-3.1369,0.8136,-3.1404,-4703.9722,-28633.7461,25.6956,0.0001,0.0006,1
-4703.1636,-28634.3926,24.9425,-5182.6436,-28181.6562,21.9618,-4698.1509,-28634.1465,26.3209,662.9428,-0.0009,0.0015,-3.1369,0.8136,-3.1404,-4703.7588,-28633.7363,25.7430,0.0003,0.0005,1
-4703.1636,-28634.3926,24.9425,-5182.6377,-28181.6641,21.9619,-4699.5840,-28636.4766,24.1497,663.4727,-0.0003,0.0010,-3.1369,0.8138,-3.1405,-4703.5859,-28633.8164,25.7088,0.0001,0.0003,1
-4703.1636,-28634.3926,24.9425,-5182.6323,-28181.6719,21.9619,-4705.3877,-28632.1934,22.1520,656.2998,-0.0001,0.0005,-3.1369,0.8139,-3.1404,-4703.6240,-28633.7422,25.5929,0.0000,0.0002,1
-4703.1636,-28634.3926,24.9425,-5182.6265,-28181.6816,21.9619,-4701.6948,-28632.9688,28.3627,659.5364,-0.0005,0.0020,-3.1369,0.8139,-3.1404,-4703.5278,-28633.6953,25.7042,0.0002,0.0006,1
-4703.1636,-28634.3926,24.9425,-5182.6211,-28181.6875,21.9619,-4703.4263,-28639.5957,26.3037,662.8117,0.0009,0.0015,-3.1369,0.8139,-3.1404,-4703.4937,-28633.8965,25.7432,-0.0003,0.0005,1
-4703.1636,-28634.3926,24.9425,-5182.6157,-28181.6953,21.9619,-4699.4443,-28640.1895,24.2302,666.0865,0.0004,0.0010,-3.1369,0.8139,-3.1404,-4703.3115,-28634.1348,25.7047,-0.0001,0.0003,1
-4703.1636,-28634.3926,24.9425,-5182.6104,-28181.7031,21.9619,-4705.0586,-28631.7090,22.1425,656.1690,-0.0002,0.0005,-3.1369,0.8139,-3.1404,-4703.3340,-28634.0664,25.5816,0.0001,0.0002,1
-4703.1636,-28634.3926,24.9425,-5182.6050,-28181.7109,21.9619,-4701.1460,-28632.2461,28.3509,659.4067,-0.0007,0.0020,-3.1369,0.8139,-3.1404,-4703.2139,-28634.0117,25.6859,0.0002,0.0006,1
-4703.1636,-28634.3926,24.9425,-5182.5996,-28181.7188,21.9619,-4702.8687,-28638.8770,26.2916,662.6818,0.0007,0.0015,-3.1369,0.8139,-3.1404,-4703.1562,-28634.2031,25.7182,-0.0002,0.0005,1
-4703.1636,-28634.3926,24.9425,-5182.5942,-28181.7266,21.9619,-4698.8872,-28639.4648,24.2184,665.9564,0.0001,0.0010,-3.1369,0.8139,-3.1404,-4702.9507,-28634.4258,25.6734,-0.0000,0.0003,1
-4703.1636,-28634.3926,24.9425,-5182.5894,-28181.7344,21.9619,-4703.1377,-28630.7070,26.8413,656.8619,-0.0007,0.0017,-3.1369,0.8139,-3.1404,-4702.8975,-28634.3281,25.7238,0.0002,0.0005,1
-4703.1636,-28634.3926,24.9425,-5182.5840,-28181.7402,21.9619,-4700.6001,-28631.5254,28.3394,659.2783,-0.0010,0.0020,-3.1369,0.8139,-3.1404,-4702.7520,-28634.2520,25.8332,0.0003,0.0006,1
-4703.1636,-28634.3926,24.9425,-5182.5791,-28181.7480,21.9619,-4702.3140,-28638.1582,26.2806,662.5531,0.0005,0.0015,-3.1369,0.8139,-3.1404,-4702.6689,-28634.4180,25.8696,-0.0001,0.0005,1
-4703.1636,-28634.3926,24.9425,-5182.5737,-28181.7559,21.9619,-4698.3320,-28638.7422,24.2077,665.8276,-0.0001,0.0010,-3.1369,0.8139,-3.1404,-4702.4395,-28634.6133,25.8281,0.0000,0.0003,1
-4703.1636,-28634.3926,24.9425,-5182.5688,-28181.7617,21.9619,-4704.1919,-28629.7129,28.0311,655.3879,-0.0007,0.0020,-3.1369,0.8139,-3.1404,-4702.4248,-28634.4746,25.9267,0.0002,0.0006,1
-4703.1636,-28634.3926,24.9425,-5182.5640,-28181.7695,21.9619,-4705.7368,-28636.8340,28.3216,659.1511,0.0008,0.0020,-3.1369,0.8139,-3.1404,-4702.4761,-28634.5938,26.0401,-0.0002,0.0006,1
-4703.1636,-28634.3926,24.9425,-5182.5591,-28181.7773,21.9619,-4701.7603,-28637.4395,26.2695,662.4258,0.0003,0.0015,-3.1369,0.8139,-3.1404,-4702.3882,-28634.7383,26.0797,-0.0001,0.0005,1
-4703.1636,-28634.3926,24.9425,-5182.5542,-28181.7832,21.9619,-4697.7788,-28638.0176,24.1970,665.7001,-0.0003,0.0010,-3.1369,0.8139,-3.1404,-4702.1523,-28634.9082,26.0403,0.0001,0.0003,1
-4703.1636,-28634.3926,24.9425,-5182.5493,-28181.7910,21.9619,-4703.4292,-28629.5625,22.1109,655.7842,-0.0008,0.0005,-3.1369,0.8139,-3.1404,-4702.1226,-28634.7637,25.9146,0.0003,0.0002,1
-4703.1636,-28634.3926,24.9425,-5182.5444,-28181.7969,21.9619,-4705.1851,-28636.1211,28.3099,659.0250,0.0006,0.0020,-3.1370,0.8139,-3.1404,-4702.1660,-28634.8535,26.0148,-0.0002,0.0006,1
-4703.1636,-28634.3926,24.9425,-5182.5396,-28181.8047,21.9619,-4701.2080,-28636.7207,26.2583,662.2996,0.0000,0.0015,-3.1370,0.8139,-3.1404,-4702.0693,-28634.9668,26.0420,-0.0000,0.0005,1
-4703.1636,-28634.3926,24.9425,-5182.5347,-28181.8105,21.9619,-4705.0132,-28631.7480,21.8912,656.1011,-0.0002,0.0005,-3.1370,0.8139,-3.1405,-4702.1187,-28634.8926,25.9024,0.0001,0.0001,1
-4703.1636,-28634.3926,24.9425,-5182.5303,-28181.8184,21.9619,-4705.9692,-28632.5801,26.8531,655.9827,0.0001,0.0017,-3.1370,0.8139,-3.1405,-4702.2139,-28634.8418,25.9418,-0.0000,0.0005,1
-4703.1636,-28634.3926,24.9425,-5182.5254,-28181.8242,21.9619,-4704.6338,-28635.4082,28.2986,658.9001,0.0004,0.0020,-3.1370,0.8139,-3.1405,-4702.2690,-28634.8906,26.0378,-0.0001,0.0006,1
-4703.1636,-28634.3926,24.9425,-5182.5205,-28181.8301,21.9619,-4700.1870,-28634.4043,21.0612,661.4142,-0.0005,0.0003,-3.1370,0.8139,-3.1405,-4702.1626,-28634.9004,25.8647,0.0002,0.0001,1
-4703.1636,-28634.3926,24.9425,-5182.5161,-28181.8379,21.9619,-4696.6753,-28636.5684,24.1754,665.4485,-0.0007,0.0010,-3.1370,0.8139,-3.1405,-4701.9219,-28634.9902,25.7981,0.0002,0.0003,1
-4703.1636,-28634.3926,24.9425,-5182.5117,-28181.8438,21.9619,-4707.9951,-28634.1270,22.0839,655.5336,0.0007,0.0005,-3.1370,0.8139,-3.1405,-4702.0996,-28634.9902,25.6471,-0.0002,0.0002,1
-4703.1636,-28634.3926,24.9425,-5182.5073,-28181.8496,21.9619,-4704.0845,-28634.6914,28.2872,658.7762,0.0002,0.0020,-3.1370,0.8139,-3.1405,-4702.1440,-28635.0078,25.7245,-0.0000,0.0006,1
-4703.1636,-28634.3926,24.9425,-5182.5024,-28181.8555,21.9619,-4700.1069,-28635.2793,26.2361,662.0505,-0.0004,0.0015,-3.1370,0.8139,-3.1405,-4702.0439,-28635.0469,25.7310,0.0001,0.0005,1
-4703.1636,-28634.3926,24.9425,-5182.4980,-28181.8633,21.9619,-4696.1245,-28635.8418,24.1646,665.3243,-0.0009,0.0010,-3.1370,0.8139,-3.1405,-4701.7915,-28635.1035,25.6614,0.0003,0.0003,1
-4703.1636,-28634.3926,24.9425,-5182.4937,-28181.8691,21.9619,-4707.4468,-28633.4160,22.0736,655.4099,0.0005,0.0005,-3.1370,0.8139,-3.1405,-4701.9561,-28635.0703,25.5082,-0.0001,0.0002,1
-4703.1636,-28634.3926,24.9425,-5182.4893,-28181.8750,21.9619,-4703.5352,-28633.9766,28.2757,658.6535,-0.0001,0.0020,-3.1370,0.8139,-3.1405,-4701.9858,-28635.0527,25.5840,0.0000,0.0006,1
-4703.1636,-28634.3926,24.9425,-5182.4854,-28181.8809,21.9619,-4699.5581,-28634.5586,26.2251,661.9276,-0.0006,0.0015,-3.1370,0.8139,-3.1405,-4701.8706,-28635.0547,25.5895,0.0002,0.0005,1
-4703.1636,-28634.3926,24.9425,-5182.4810,-28181.8867,21.9619,-4701.3096,-28641.1973,24.1472,665.2013,0.0008,0.0010,-3.1370,0.8139,-3.1405,-4701.8174,-28635.3027,25.5191,-0.0003,0.0003,1
-4703.1636,-28634.3926,24.9425,-5182.4766,-28181.8926,21.9619,-4706.9004,-28632.7031,22.0631,655.2873,0.0003,0.0005,-3.1370,0.8139,-3.1405,-4701.9775,-28635.2422,25.3661,-0.0001,0.0002,1
-4703.1636,-28634.3926,24.9425,-5182.4727,-28181.8984,21.9619,-4702.9878,-28633.2598,28.2644,658.5317,-0.0003,0.0020,-3.1370,0.8139,-3.1405,-4702.0015,-28635.1973,25.4426,0.0001,0.0006,1
-4703.1636,-28634.3926,24.9425,-5182.4683,-28181.9043,21.9619,-4699.0103,-28633.8379,26.2139,661.8057,-0.0008,0.0015,-3.1370,0.8139,-3.1405,-4701.8779,-28635.1680,25.4493,0.0002,0.0005,1
-4703.1636,-28634.3926,24.9425,-5182.4639,-28181.9102,21.9619,-4700.7520,-28640.4766,24.1364,665.0792,0.0006,0.0010,-3.1370,0.8139,-3.1405,-4701.8140,-28635.3828,25.3805,-0.0002,0.0003,1
-4703.1636,-28634.3926,24.9425,-5182.4600,-28181.9160,21.9619,-4706.3545,-28631.9922,22.0529,655.1656,0.0001,0.0005,-3.1370,0.8139,-3.1405,-4701.9619,-28635.2891,25.2297,-0.0000,0.0002,1
-4703.1636,-28634.3926,24.9425,-5182.4561,-28181.9219,21.9619,-4702.4409,-28632.5430,28.2530,658.4113,-0.0005,0.0020,-3.1370,0.8139,-3.1405,-4701.9722,-28635.2090,25.3088,0.0001,0.0006,1
-4703.1636,-28634.3926,24.9425,-5182.4521,-28181.9277,21.9619,-4704.1714,-28639.1621,26.1963,661.6848,0.0010,0.0015,-3.1370,0.8139,-3.1405,-4702.0488,-28635.3691,25.3181,-0.0003,0.0005,1
-4703.1636,-28634.3926,24.9425,-5182.4478,-28181.9336,21.9619,-4700.1953,-28639.7559,24.1256,664.9585,0.0004,0.0010,-3.1370,0.8139,-3.1405,-4701.9810,-28635.5605,25.2526,-0.0001,0.0003,1
-4703.1636,-28634.3926,24.9425,-5182.4438,-28181.9395,21.9619,-4705.8101,-28631.2793,22.0426,655.0450,-0.0002,0.0005,-3.1370,0.8139,-3.1405,-4702.1221,-28635.4395,25.1054,0.0000,0.0001,1
-4703.1636,-28634.3926,24.9425,-5182.4399,-28181.9453,21.9619,-4701.8950,-28631.8262,28.2416,658.2916,-0.0007,0.0020,-3.1370,0.8139,-3.1405,-4702.1226,-28635.3281,25.1884,0.0002,0.0006,1
-4703.1636,-28634.3926,24.9425,-5182.4360,-28181.9512,21.9619,-4703.6157,-28638.4473,26.1853,661.5648,0.0007,0.0015,-3.1370,0.8139,-3.1405,-4702.1875,-28635.4590,25.2019,-0.0002,0.0004,1
-4703.1636,-28634.3926,24.9425,-5182.4321,-28181.9551,21.9619,-4699.6396,-28639.0352,24.1148,664.8384,0.0002,0.0010,-3.1370,0.8139,-3.1405,-4702.1050,-28635.6152,25.1408,-0.0001,0.0003,1
-4703.1636,-28634.3926,24.9425,-5182.4282,-28181.9609,21.9619,-4703.5127,-28632.5410,24.8554,657.5608,-0.0003,0.0012,-3.1370,0.8139,-3.1405,-4702.1626,-28635.5352,25.1061,0.0001,0.0004,1
-4703.1636,-28634.3926,24.9425,-5182.4248,-28181.9668,21.9619,-4701.1958,-28630.9414,28.2304,658.1727,-0.0010,0.0020,-3.1370,0.8139,-3.1405,-4702.1353,-28635.3848,25.2002,0.0003,0.0006,1
-4703.1636,-28634.3926,24.9425,-5182.4209,-28181.9727,21.9619,-4702.9043,-28637.5645,26.1744,661.4458,0.0005,0.0015,-3.1370,0.8139,-3.1405,-4702.1699,-28635.4746,25.2242,-0.0001,0.0004,1
-4703.1636,-28634.3926,24.9425,-5182.4170,-28181.9766,21.9619,-4698.9277,-28638.1445,24.1042,664.7193,-0.0001,0.0010,-3.1370,0.8139,-3.1405,-4702.0562,-28635.5898,25.1730,0.0000,0.0003,1
-4703.1636,-28634.3926,24.9425,-5182.4136,-28181.9824,21.9619,-4704.5693,-28629.6855,22.0224,654.8066,-0.0006,0.0005,-3.1370,0.8139,-3.1405,-4702.1484,-28635.3887,25.0397,0.0002,0.0001,1
-4703.1636,-28634.3926,24.9425,-5182.4097,-28181.9883,21.9619,-4706.3223,-28636.2422,28.2128,658.0547,0.0008,0.0020,-3.1370,0.8139,-3.1405,-4702.3130,-28635.4238,25.1358,-0.0002,0.0006,1
-4703.1636,-28634.3926,24.9425,-5182.4062,-28181.9922,21.9619,-4702.3755,-28636.7148,22.9552,661.2109,0.0002,0.0007,-3.1370,0.8139,-3.1405,-4702.3359,-28635.4785,25.0409,-0.0001,0.0002,1
-4703.1636,-28634.3926,24.9425,-5182.4023,-28181.9980,21.9619,-4698.3745,-28637.4219,24.0938,664.6011,-0.0003,0.0010,-3.1370,0.8139,-3.1405,-4702.2080,-28635.5605,24.9850,0.0001,0.0003,1
-4703.1636,-28634.3926,24.9425,-5182.3989,-28182.0039,21.9619,-4704.0278,-28628.9727,22.0122,654.6887,-0.0009,0.0005,-3.1370,0.8139,-3.1405,-4702.2837,-28635.3262,24.8481,0.0003,0.0001,1
-4703.1636,-28634.3926,24.9425,-5182.3955,-28182.0078,21.9619,-4705.7710,-28635.5273,28.2015,657.9376,0.0006,0.0020,-3.1370,0.8139,-3.1405,-4702.4287,-28635.3262,24.9415,-0.0002,0.0006,1
-4703.1636,-28634.3926,24.9425,-5182.3921,-28182.0137,21.9619,-4701.7998,-28636.1270,26.1525,661.2104,0.0000,0.0015,-3.1370,0.8139,-3.1405,-4702.4307,-28635.3496,24.9660,-0.0000,0.0004,1
-4703.1636,-28634.3926,24.9425,-5182.3882,-28182.0176,21.9619,-4697.8223,-28636.6973,24.0828,664.4837,-0.0005,0.0010,-3.1370,0.8139,-3.1405,-4702.2798,-28635.3965,24.9162,0.0002,0.0003,1
-4703.1636,-28634.3926,24.9425,-5182.3848,-28182.0234,21.9619,-4709.1323,-28634.2383,21.9956,654.5717,0.0009,0.0005,-3.1370,0.8139,-3.1405,-4702.5474,-28635.3535,24.7851,-0.0003,0.0001,1
-4703.1636,-28634.3926,24.9425,-5182.3813,-28182.0273,21.9619,-4705.2202,-28634.8145,28.1901,657.8212,0.0004,0.0020,-3.1370,0.8139,-3.1405,-4702.6797,-28635.3301,24.8845,-0.0001,0.0006,1
-4703.1636,-28634.3926,24.9425,-5182.3779,-28182.0332,21.9619,-4701.2485,-28635.4082,26.1413,661.0940,-0.0002,0.0015,-3.1370,0.8139,-3.1405,-4702.6660,-28635.3281,24.9149,0.0001,0.0004,1
-4703.1636,-28634.3926,24.9425,-5182.3745,-28182.0371,21.9619,-4697.2710,-28635.9727,24.0721,664.3671,-0.0007,0.0010,-3.1370,0.8139,-3.1405,-4702.4971,-28635.3477,24.8709,0.0002,0.0003,1
-4703.1636,-28634.3926,24.9425,-5182.3716,-28182.0430,21.9619,-4708.5840,-28633.5293,21.9853,654.4556,0.0007,0.0005,-3.1370,0.8139,-3.1405,-4702.7441,-28635.2773,24.7455,-0.0002,0.0001,1
-4703.1636,-28634.3926,24.9425,-5182.3682,-28182.0469,21.9619,-4704.2847,-28637.7441,26.2771,660.4819,0.0007,0.0015,-3.1370,0.8139,-3.1405,-4702.8389,-28635.3613,24.7778,-0.0002,0.0005,1
-4703.1636,-28634.3926,24.9425,-5182.3647,-28182.0508,21.9619,-4700.6987,-28634.6875,26.1303,660.9784,-0.0004,0.0015,-3.1370,0.8139,-3.1405,-4702.7998,-28635.3359,24.8093,0.0001,0.0004,1
-4703.1636,-28634.3926,24.9425,-5182.3613,-28182.0566,21.9619,-4696.7212,-28635.2500,24.0612,664.2515,-0.0010,0.0010,-3.1370,0.8139,-3.1405,-4702.6045,-28635.3301,24.7667,0.0003,0.0003,1
-4703.1636,-28634.3926,24.9425,-5182.3584,-28182.0605,21.9619,-4708.0361,-28632.8184,21.9749,654.3402,0.0005,0.0005,-3.1370,0.8139,-3.1405,-4702.8228,-28635.2324,24.6430,-0.0001,0.0001,1
-4703.1636,-28634.3926,24.9425,-5182.3550,-28182.0645,21.9619,-4704.1221,-28633.3848,28.1674,657.5910,-0.0001,0.0020,-3.1370,0.8139,-3.1405,-4702.9028,-28635.1504,24.7500,0.0000,0.0006,1
-4703.1636,-28634.3926,24.9425,-5182.3521,-28182.0703,21.9619,-4700.1499,-28633.9668,26.1193,660.8635,-0.0006,0.0015,-3.1370,0.8139,-3.1405,-4702.8340,-28635.0879,24.7880,0.0002,0.0004,1
-4703.1636,-28634.3926,24.9425,-5182.3486,-28182.0742,21.9619,-4701.8960,-28640.5957,24.0440,664.1364,0.0008,0.0010,-3.1370,0.8139,-3.1405,-4702.8228,-28635.2715,24.7515,-0.0002,0.0003,1
-4703.1636,-28634.3926,24.9425,-5182.3457,-28182.0781,21.9619,-4700.9004,-28632.3203,22.8484,659.1709,-0.0008,0.0007,-3.1370,0.8139,-3.1405,-4702.7710,-28635.1582,24.6681,0.0002,0.0002,1
-4703.1636,-28634.3926,24.9425,-5182.3423,-28182.0820,21.9619,-4699.1792,-28639.2109,28.3494,665.1664,0.0001,0.0020,-3.1370,0.8139,-3.1405,-4702.6494,-28635.2969,24.7885,-0.0000,0.0006,1
-4703.1636,-28634.3926,24.9425,-5182.3394,-28182.0879,21.9619,-4699.6016,-28633.2461,26.1082,660.7495,-0.0008,0.0015,-3.1370,0.8139,-3.1405,-4702.5342,-28635.2227,24.8341,0.0003,0.0004,1
-4703.1636,-28634.3926,24.9425,-5182.3364,-28182.0918,21.9619,-4699.2192,-28636.7832,20.9974,663.4357,-0.0003,0.0002,-3.1370,0.8139,-3.1405,-4702.3984,-28635.2754,24.6900,0.0001,0.0001,1
-4703.1636,-28634.3926,24.9425,-5182.3335,-28182.0957,21.9619,-4706.9438,-28631.3945,21.9545,654.1117,0.0000,0.0005,-3.1370,0.8139,-3.1405,-4702.5498,-28635.1270,24.5720,-0.0000,0.0001,1
-4703.1636,-28634.3926,24.9425,-5182.3306,-28182.0996,21.9619,-4703.0283,-28631.9512,28.1447,657.3638,-0.0005,0.0020,-3.1370,0.8139,-3.1405,-4702.5620,-28634.9922,24.6846,0.0002,0.0006,1
-4703.1636,-28634.3926,24.9425,-5182.3276,-28182.1035,21.9620,-4704.7534,-28638.5586,26.0908,660.6361,0.0009,0.0015,-3.1370,0.8139,-3.1405,-4702.6411,-28635.1016,24.7279,-0.0003,0.0004,1
-4703.1636,-28634.3926,24.9425,-5182.3247,-28182.1094,21.9620,-4700.7822,-28639.1562,24.0227,663.9089,0.0004,0.0010,-3.1370,0.8139,-3.1405,-4702.5757,-28635.2422,24.6966,-0.0001,0.0003,1
-4703.1636,-28634.3926,24.9425,-5182.3218,-28182.1133,21.9620,-4706.3994,-28630.6816,21.9442,653.9985,-0.0002,0.0005,-3.1370,0.8139,-3.1405,-4702.7192,-28635.0703,24.5843,0.0001,0.0001,1
-4703.1636,-28634.3926,24.9425,-5182.3188,-28182.1172,21.9620,-4702.4824,-28631.2344,28.1336,657.2513,-0.0007,0.0020,-3.1370,0.8139,-3.1405,-4702.7217,-28634.9102,24.7021,0.0002,0.0006,1
-4703.1636,-28634.3926,24.9425,-5182.3159,-28182.1211,21.9620,-4704.1982,-28637.8438,26.0797,660.5235,0.0007,0.0015,-3.1370,0.8139,-3.1405,-4702.7881,-28634.9941,24.7503,-0.0002,0.0004,1
-4703.1636,-28634.3926,24.9425,-5182.3130,-28182.1250,21.9620,-4700.2266,-28638.4336,24.0119,663.7961,0.0002,0.0010,-3.1370,0.8139,-3.1405,-4702.7075,-28635.1074,24.7236,-0.0000,0.0003,1
-4703.1636,-28634.3926,24.9425,-5182.3101,-28182.1289,21.9620,-4705.8555,-28629.9688,21.9339,653.8861,-0.0004,0.0005,-3.1370,0.8139,-3.1405,-4702.8340,-28634.9062,24.6154,0.0001,0.0001,1
-4703.1636,-28634.3926,24.9425,-5182.3071,-28182.1328,21.9620,-4701.9380,-28630.5156,28.1222,657.1393,-0.0009,0.0020,-3.1370,0.8139,-3.1405,-4702.8174,-28634.7168,24.7370,0.0003,0.0006,1
-4703.1636,-28634.3926,24.9425,-5182.3047,-28182.1367,21.9620,-4703.6440,-28637.1270,26.0688,660.4115,0.0005,0.0015,-3.1370,0.8139,-3.1405,-4702.8628,-28634.7695,24.7886,-0.0001,0.0004,1
-4703.1636,-28634.3926,24.9425,-5182.3018,-28182.1406,21.9620,-4699.6719,-28637.7109,24.0011,663.6840,-0.0001,0.0010,-3.1370,0.8139,-3.1405,-4702.7598,-28634.8496,24.7649,0.0000,0.0003,1
-4703.1636,-28634.3926,24.9425,-5182.2993,-28182.1445,21.9620,-4705.3130,-28629.2539,21.9237,653.7743,-0.0006,0.0005,-3.1370,0.8139,-3.1405,-4702.8628,-28634.6172,24.6594,0.0002,0.0001,1
-4703.1636,-28634.3926,24.9425,-5182.2964,-28182.1484,21.9620,-4707.0576,-28635.8047,28.1045,657.0281,0.0008,0.0020,-3.1370,0.8139,-3.1405,-4703.0366,-28634.6250,24.7831,-0.0003,0.0006,1
-4703.1636,-28634.3926,24.9425,-5182.2939,-28182.1523,21.9620,-4703.0908,-28636.4102,26.0578,660.3002,0.0003,0.0015,-3.1370,0.8139,-3.1405,-4703.0684,-28634.6582,24.8366,-0.0001,0.0004,1
-4703.1636,-28634.3926,24.9425,-5182.2910,-28182.1562,21.9620,-4699.1187,-28636.9902,23.9904,663.5726,-0.0003,0.0010,-3.1370,0.8139,-3.1405,-4702.9492,-28634.7188,24.8146,0.0001,0.0003,1
-4703.1636,-28634.3926,24.9425,-5182.2886,-28182.1602,21.9620,-4704.7715,-28628.5391,21.9135,653.6632,-0.0008,0.0005,-3.1370,0.8139,-3.1405,-4703.0337,-28634.4648,24.7103,0.0002,0.0001,1
-4703.1636,-28634.3926,24.9425,-5182.2856,-28182.1641,21.9620,-4706.5059,-28635.0938,28.0932,656.9176,0.0006,0.0020,-3.1370,0.8139,-3.1405,-4703.1870,-28634.4492,24.8350,-0.0002,0.0006,1
-4703.1636,-28634.3926,24.9425,-5182.2832,-28182.1660,21.9620,-4703.2080,-28635.8340,26.7399,659.8062,0.0002,0.0016,-3.1370,0.8139,-3.1405,-4703.2217,-28634.4629,24.9155,-0.0001,0.0005,1
-4703.1636,-28634.3926,24.9425,-5182.2808,-28182.1699,21.9620,-4698.5664,-28636.2656,23.9797,663.4619,-0.0005,0.0010,-3.1370,0.8139,-3.1405,-4703.0796,-28634.5000,24.8954,0.0001,0.0003,1
-4703.1636,-28634.3926,24.9425,-5182.2783,-28182.1738,21.9620,-4704.1626,-28638.2773,29.1290,660.8074,0.0008,0.0022,-3.1371,0.8139,-3.1405,-4703.1362,-28634.6172,25.0672,-0.0002,0.0007,1
-4703.1636,-28634.3926,24.9425,-5182.2759,-28182.1777,21.9620,-4705.9556,-28634.3789,28.0819,656.8076,0.0004,0.0020,-3.1371,0.8139,-3.1405,-4703.2632,-28634.5977,25.2087,-0.0001,0.0006,1
-4703.1636,-28634.3926,24.9425,-5182.2729,-28182.1816,21.9620,-4701.9878,-28634.9727,26.0357,660.0794,-0.0002,0.0015,-3.1371,0.8139,-3.1405,-4703.2446,-28634.5996,25.2775,0.0000,0.0004,1
-4703.1636,-28634.3926,24.9425,-5182.2705,-28182.1855,21.9620,-4698.0146,-28635.5430,23.9689,663.3517,-0.0007,0.0010,-3.1371,0.8139,-3.1405,-4703.0723,-28634.6250,25.2682,0.0002,0.0003,1
-4703.1636,-28634.3926,24.9425,-5182.2681,-28182.1875,21.9620,-4709.3193,-28633.0859,21.8867,653.4428,0.0007,0.0005,-3.1371,0.8139,-3.1405,-4703.3169,-28634.5586,25.1735,-0.0002,0.0001,1
-4703.1636,-28634.3926,24.9425,-5182.2656,-28182.1914,21.9620,-4705.4053,-28633.6641,28.0707,656.6982,0.0002,0.0020,-3.1371,0.8139,-3.1405,-4703.4243,-28634.5137,25.3056,-0.0001,0.0006,1
-4703.1636,-28634.3926,24.9425,-5182.2632,-28182.1953,21.9620,-4701.4375,-28634.2539,26.0248,659.9700,-0.0004,0.0015,-3.1371,0.8139,-3.1405,-4703.3848,-28634.4883,25.3649,0.0001,0.0004,1
-4703.1636,-28634.3926,24.9425,-5182.2607,-28182.1992,21.9620,-4697.4644,-28634.8164,23.9584,663.2422,-0.0009,0.0010,-3.1371,0.8139,-3.1405,-4703.1895,-28634.4844,25.3462,0.0003,0.0003,1
-4703.1636,-28634.3926,24.9425,-5182.2588,-28182.2012,21.9620,-4708.7720,-28632.3750,21.8766,653.3336,0.0005,0.0005,-3.1371,0.8139,-3.1405,-4703.4092,-28634.3887,25.2421,-0.0002,0.0001,1
-4703.1636,-28634.3926,24.9425,-5182.2563,-28182.2051,21.9620,-4704.8569,-28632.9492,28.0596,656.5894,-0.0000,0.0019,-3.1371,0.8139,-3.1405,-4703.4907,-28634.3125,25.3649,0.0000,0.0006,1
-4703.1636,-28634.3926,24.9425,-5182.2539,-28182.2090,21.9620,-4700.8887,-28633.5332,26.0140,659.8611,-0.0006,0.0014,-3.1371,0.8139,-3.1405,-4703.4233,-28634.2559,25.4151,0.0002,0.0004,1
-4703.1636,-28634.3926,24.9425,-5182.2515,-28182.2109,21.9620,-4702.6318,-28640.1523,23.9413,663.1332,0.0009,0.0009,-3.1371,0.8139,-3.1405,-4703.4150,-28634.4473,25.3872,-0.0003,0.0003,1
-4703.1636,-28634.3926,24.9425,-5182.2490,-28182.2148,21.9620,-4708.2246,-28631.6660,21.8663,653.2249,0.0003,0.0004,-3.1371,0.8139,-3.1405,-4703.6172,-28634.3340,25.2743,-0.0001,0.0001,1
-4703.1636,-28634.3926,24.9425,-5182.2471,-28182.2188,21.9620,-4704.3091,-28632.2344,28.0484,656.4811,-0.0003,0.0019,-3.1371,0.8139,-3.1405,-4703.6797,-28634.2363,25.3886,0.0001,0.0006,1
-4703.1636,-28634.3926,24.9425,-5182.2446,-28182.2207,21.9620,-4700.3408,-28632.8125,26.0029,659.7527,-0.0008,0.0014,-3.1371,0.8139,-3.1405,-4703.5908,-28634.1562,25.4306,0.0002,0.0004,1
-4703.1636,-28634.3926,24.9425,-5182.2427,-28182.2246,21.9620,-4702.0747,-28639.4336,23.9305,663.0248,0.0006,0.0009,-3.1371,0.8139,-3.1405,-4703.5586,-28634.3262,25.3947,-0.0002,0.0003,1
-4703.1636,-28634.3926,24.9425,-5182.2402,-28182.2285,21.9620,-4707.6792,-28630.9551,21.8562,653.1166,0.0001,0.0004,-3.1371,0.8139,-3.1405,-4703.7358,-28634.1855,25.2742,-0.0000,0.0001,1
-4703.1636,-28634.3926,24.9425,-5182.2383,-28182.2305,21.9620,-4703.7627,-28631.5176,28.0372,656.3734,-0.0005,0.0019,-3.1371,0.8139,-3.1405,-4703.7710,-28634.0605,25.3811,0.0001,0.0006,1
-4703.1636,-28634.3926,24.9425,-5182.2358,-28182.2344,21.9620,-4699.7935,-28632.0918,25.9920,659.6450,-0.0010,0.0014,-3.1371,0.8139,-3.1405,-4703.6538,-28633.9531,25.4161,0.0003,0.0004,1
-4703.1636,-28634.3926,24.9425,-5182.2339,-28182.2363,21.9620,-4701.5181,-28638.7129,23.9198,662.9169,0.0004,0.0009,-3.1371,0.8139,-3.1405,-4703.5923,-28634.0938,25.3735,-0.0001,0.0003,1
-4703.1636,-28634.3926,24.9425,-5182.2314,-28182.2402,21.9620,-4707.1343,-28630.2422,21.8459,653.0089,-0.0001,0.0004,-3.1371,0.8139,-3.1405,-4703.7388,-28633.9258,25.2467,0.0000,0.0001,1
-4703.1636,-28634.3926,24.9425,-5182.2295,-28182.2422,21.9620,-4703.2173,-28630.7988,28.0259,656.2662,-0.0007,0.0019,-3.1371,0.8139,-3.1405,-4703.7422,-28633.7715,25.3477,0.0002,0.0006,1
-4703.1636,-28634.3926,24.9425,-5182.2275,-28182.2461,21.9620,-4704.9297,-28637.4023,25.9746,659.5377,0.0008,0.0014,-3.1371,0.8139,-3.1405,-4703.8091,-28633.8633,25.3769,-0.0002,0.0004,1
-4703.1636,-28634.3926,24.9425,-5182.2251,-28182.2480,21.9620,-4700.9619,-28637.9922,23.9090,662.8094,0.0002,0.0009,-3.1371,0.8139,-3.1405,-4703.7271,-28633.9863,25.3291,-0.0001,0.0003,1
-4703.1636,-28634.3926,24.9425,-5182.2231,-28182.2520,21.9620,-4701.6821,-28638.2363,27.1226,662.4653,0.0004,0.0017,-3.1371,0.8139,-3.1405,-4703.6646,-28634.1289,25.3990,-0.0001,0.0005,1
-4703.1636,-28634.3926,24.9425,-5182.2212,-28182.2539,21.9620,-4702.6724,-28630.0820,28.0147,656.1595,-0.0009,0.0019,-3.1371,0.8139,-3.1405,-4703.6343,-28633.9746,25.5073,0.0003,0.0006,1
-4703.1636,-28634.3926,24.9425,-5182.2192,-28182.2578,21.9620,-4704.2681,-28636.5723,25.9631,659.4308,0.0005,0.0014,-3.1371,0.8141,-3.1405,-4703.6616,-28634.0566,25.5427,-0.0002,0.0004,1
-4703.1636,-28634.3926,24.9425,-5182.2173,-28182.2598,21.9620,-4700.2964,-28637.1523,23.8983,662.7027,-0.0000,0.0009,-3.1371,0.8141,-3.1405,-4703.5405,-28634.1680,25.5002,0.0000,0.0003,1
-4703.1636,-28634.3926,24.9425,-5182.2148,-28182.2637,21.9620,-4705.9365,-28628.6973,21.8256,652.7952,-0.0006,0.0004,-3.1371,0.8141,-3.1405,-4703.6255,-28633.9629,25.3728,0.0002,0.0001,1
