0.0000,0.0000,0.0000,0.0000,0.0000,0.0000,0.0000,0.0000,0.0000,0.0000,0.0000,0.0000,0.0000,0.0000,0.0000,0.0000,0.0000,0.0000,0
0.0000,0.0000,0.0000,0.0000,0.0000,0.0000,0.0000,0.0000,0.0000,0.0000,0.0000,0.0000,0.0000,0.0000,0.0000,0.0000,0.0000,0.0000,0
0.0000,0.0000,0.0000,0.0000,0.0000,0.0000,0.0000,0.0000,0.0000,0.0000,0.0000,0.0000,0.0000,0.0000,0.0000,0.0000,0.0000,0.0000,0
0.0000,0.0000,0.0000,0.0000,0.0000,0.0000,0.0000,0.0000,0.0000,0.0000,0.0000,0.0000,0.0000,0.0000,0.0000,0.0000,0.0000,0.0000,0
0.0000,0.0000,0.0000,0.0000,0.0000,0.0000,0.0000,0.0000,0.0000,0.0000,0.0000,0.0000,0.0000,0.0000,0.0000,0.0000,0.0000,0.0000,0
0.0000,0.0000,0.0000,-5252.6138,-28084.4629,22.4979,0.0000,0.0000,0.0000,0.0000,0.0000,0.0000,3.1416,0.7854,3.1416,0.0000,0.0000,0.0000,0
-4703.1636,-28634.3926,24.9425,-5252.6138,-28084.4629,22.4962,0.0000,0.0000,0.0000,0.0000,0.0000,0.0000,-3.1415,0.7854,-3.1416,0.0000,0.0000,0.0000,0
-4703.1636,-28634.3926,24.9425,-5252.6138,-28084.4629,22.4917,0.0000,0.0000,0.0000,0.0000,0.0000,0.0000,-3.1415,0.7854,-3.1416,0.0000,0.0000,0.0000,0
-4703.1636,-28634.3926,24.9425,-5252.6138,-28084.4629,22.4844,0.0000,0.0000,0.0000,0.0000,0.0000,0.0000,-3.1414,0.7854,-3.1415,0.0000,0.0000,0.0000,0
-4703.1636,-28634.3926,24.9425,-5252.6138,-28084.4629,22.4742,0.0000,0.0000,0.0000,0.0000,0.0000,0.0000,-3.1414,0.7854,-3.1415,0.0000,0.0000,0.0000,0
-4703.1636,-28634.3926,24.9425,-5252.6138,-28084.4629,22.4612,0.0000,0.0000,0.0000,775.4987,0.0011,-0.0005,-3.1414,0.7854,-3.1415,0.0000,0.0000,0.0000,0
-4703.1636,-28634.3926,24.9425,-5252.6138,-28084.4629,22.4455,-4703.2515,-28637.2559,27.5786,779.3592,0.0005,0.0010,-3.1414,0.7854,-3.1415,-4703.2515,-28637.2559,27.5786,1
-4703.1636,-28634.3926,24.9425,-5252.6138,-28084.4629,22.4270,-4698.5859,-28638.0703,25.1448,783.2200,-0.0001,0.0005,-3.1415,0.7854,-3.1415,-4703.1025,-28637.2812,27.5009,1
-4703.1636,-28634.3926,24.9425,-5252.6138,-28084.4629,22.4058,-4704.9541,-28627.9004,22.6752,771.5287,-0.0006,-0.0000,-3.1415,0.7854,-3.1414,-4703.1479,-28636.9805,27.3371,1
-4703.1636,-28634.3926,24.9425,-5252.6138,-28084.4629,22.3820,-4707.1968,-28635.5918,20.1639,775.3898,0.0008,-0.0006,-3.1414,0.7854,-3.1414,-4703.2700,-28636.9082,27.0832,1
-4703.1636,-28634.3926,24.9425,-5252.6138,-28084.4629,22.3554,-4702.5601,-28636.4141,27.4681,779.2502,0.0003,0.0009,-3.1414,0.7854,-3.1414,-4703.2515,-28636.8613,27.0506,1
-4703.1636,-28634.3926,24.9425,-5252.6138,-28084.4629,22.3261,-4697.8965,-28637.2266,25.0001,783.1111,-0.0003,0.0004,-3.1414,0.7854,-3.1414,-4703.0825,-28636.8418,26.9415,1
-4703.1636,-28634.3926,24.9425,-5252.6138,-28084.4629,22.2940,-4704.2812,-28627.0664,22.5114,771.4197,-0.0008,-0.0001,-3.1414,0.7854,-3.1414,-4703.1064,-28636.4922,26.7481,1
-4703.1636,-28634.3926,24.9425,-5252.6138,-28084.4629,22.2593,-4706.5928,-28634.8398,20.1374,775.2809,0.0006,-0.0005,-3.1414,0.7854,-3.1414,-4703.2080,-28636.3770,26.4714,1
-4703.1636,-28634.3926,24.9425,-5252.6138,-28084.4629,22.2218,-4701.9580,-28635.6582,27.4309,779.1414,0.0001,0.0010,-3.1414,0.7854,-3.1413,-4703.1680,-28636.2871,26.4183,1
-4703.1636,-28634.3926,24.9425,-5252.6138,-28084.4629,22.1817,-4697.2949,-28636.4668,24.9555,783.0023,-0.0005,0.0005,-3.1414,0.7854,-3.1413,-4702.9766,-28636.2246,26.2908,1
-4703.1636,-28634.3926,24.9425,-5252.6138,-28084.4629,22.1388,-4700.7437,-28641.8945,27.2890,784.4190,0.0008,0.0009,-3.1414,0.7854,-3.1413,-4702.8833,-28636.3379,26.2376,1
-4703.1636,-28634.3926,24.9425,-5252.6138,-28084.4629,22.0933,-4705.9170,-28634.0156,20.1171,775.1722,0.0004,-0.0005,-3.1414,0.7854,-3.1413,-4702.9526,-28636.2109,25.9586,1
-4703.1636,-28634.3926,24.9425,-5252.6138,-28084.4629,22.0451,-4701.2832,-28634.8301,27.4033,779.0327,-0.0001,0.0010,-3.1414,0.7854,-3.1413,-4702.8799,-28636.1094,25.9045,1
-4703.1636,-28634.3926,24.9425,-5252.6138,-28084.4629,21.9942,-4696.6187,-28635.6309,24.9217,782.8936,-0.0007,0.0005,-3.1414,0.7854,-3.1413,-4702.6553,-28636.0332,25.7775,1
-4703.1636,-28634.3926,24.9425,-5252.6123,-28084.4629,21.9468,-4709.8906,-28632.3730,21.8293,771.2022,0.0008,-0.0000,-3.1416,0.7854,3.1406,-4702.8467,-28635.8516,25.5511,1
-4703.1636,-28634.3926,24.9425,-5252.6094,-28084.4629,21.9077,-4705.2163,-28633.1641,18.9183,775.0624,0.0002,-0.0004,-3.1413,0.7853,3.1389,-4702.9023,-28635.6914,25.2267,1
-4703.1636,-28634.3926,24.9425,-5252.6055,-28084.4648,21.8776,-4700.5830,-28634.0020,24.5501,778.9229,-0.0004,0.0011,-3.1403,0.7853,3.1373,-4702.8145,-28635.5547,25.0742,1
-4703.1636,-28634.3926,24.9425,-5252.6011,-28084.4648,21.8565,-4695.9561,-28634.8262,19.9427,782.7838,-0.0009,0.0006,-3.1386,0.7852,3.1358,-4702.5747,-28635.4434,24.7778,1
-4703.1636,-28634.3926,24.9425,-5252.5952,-28084.4688,21.8443,-4698.8389,-28635.4023,18.0212,781.1431,-0.0004,0.0008,-3.1363,0.7852,3.1344,-4702.4136,-28635.3535,24.4136,1
-4703.1636,-28634.3926,24.9425,-5252.5889,-28084.4707,21.8410,-4704.4360,-28632.2246,17.1426,774.9331,-0.0001,0.0012,-3.1333,0.7852,3.1332,-4702.4258,-28635.1621,24.0107,1
-4703.1636,-28634.3926,24.9425,-5252.5825,-28084.4746,21.8457,-4699.7393,-28633.0156,21.2899,778.7935,-0.0006,0.0027,-3.1298,0.7852,3.1324,-4702.2930,-28634.9961,23.7328,1
-4703.1636,-28634.3926,24.9425,-5252.5767,-28084.4785,21.8566,-4702.0293,-28640.7363,16.0156,782.6542,0.0008,0.0022,-3.1261,0.7853,3.1324,-4702.2300,-28635.0742,23.2879,1
-4703.1636,-28634.3926,24.9425,-5252.5723,-28084.4844,21.8715,-4708.3511,-28630.4785,11.5800,770.9631,0.0002,0.0017,-3.1229,0.7854,3.1331,-4702.3730,-28634.8379,22.6867,1
-4703.1636,-28634.3926,24.9425,-5252.5693,-28084.4863,21.8878,-4703.8760,-28631.5176,18.9392,774.7896,-0.0002,0.0035,-3.1206,0.7854,3.1342,-4702.3853,-28634.6289,22.3082,1
-4703.1636,-28634.3926,24.9425,-5252.5684,-28084.4883,21.9035,-4699.1611,-28632.2500,26.0057,778.6497,-0.0008,0.0050,-3.1194,0.7855,3.1355,-4702.2510,-28634.4414,22.1584,1
-4703.1636,-28634.3926,24.9425,-5252.5684,-28084.4902,21.9174,-4701.3960,-28639.9629,24.1921,782.5104,0.0007,0.0045,-3.1192,0.7856,3.1367,-4702.1821,-28634.5000,21.9671,1
-4703.1636,-28634.3926,24.9425,-5252.5698,-28084.4902,21.9294,-4707.6992,-28629.7402,22.8704,770.8198,0.0001,0.0040,-3.1203,0.7857,3.1374,-4702.3179,-28634.2461,21.7474,1
-4703.1636,-28634.3926,24.9425,-5252.5718,-28084.4883,21.9397,-4703.1777,-28630.5898,31.2289,774.6744,-0.0004,0.0054,-3.1218,0.7857,3.1377,-4702.3193,-28634.0117,21.8081,1
-4703.1636,-28634.3926,24.9425,-5252.5742,-28084.4863,21.9482,-4705.4243,-28638.2871,30.3902,778.5345,0.0010,0.0049,-3.1234,0.7858,3.1382,-4702.3955,-28634.0234,21.8686,1
-4703.1636,-28634.3926,24.9425,-5252.5771,-28084.4863,21.9549,-4700.7578,-28639.1035,29.6405,782.3952,0.0005,0.0044,-3.1251,0.7858,3.1388,-4702.3296,-28634.0723,21.9293,1
-4703.1636,-28634.3926,24.9425,-5252.5806,-28084.4844,21.9597,-4707.0864,-28628.9043,28.8650,770.7047,-0.0001,0.0039,-3.1270,0.7858,3.1394,-4702.4653,-28633.8086,21.9913,1
-4703.1636,-28634.3926,24.9425,-5252.5840,-28084.4805,21.9628,-4702.5664,-28629.8086,31.6930,774.5811,-0.0006,0.0041,-3.1290,0.7859,3.1400,-4702.4648,-28633.5664,22.1638,1
-4703.1636,-28634.3926,24.9425,-5252.5879,-28084.4785,21.9643,-4704.8101,-28637.5078,31.2763,778.4413,0.0008,0.0036,-3.1312,0.7859,3.1405,-4702.5366,-28633.5684,22.3465,1
-4703.1636,-28634.3926,24.9425,-5252.5923,-28084.4766,21.9646,-4700.1484,-28638.3145,30.9478,782.3020,0.0003,0.0031,-3.1335,0.7859,3.1409,-4702.4644,-28633.6094,22.5401,1
-4703.1636,-28634.3926,24.9425,-5252.5962,-28084.4727,21.9645,-4708.7637,-28630.7500,32.8232,770.8932,0.0004,0.0031,-3.1358,0.7860,3.1413,-4702.6650,-28633.4199,22.8192,1
-4703.1636,-28634.3926,24.9425,-5252.6001,-28084.4707,21.9647,-4701.8804,-28628.9629,31.5157,774.4958,-0.0008,0.0025,-3.1379,0.7860,3.1415,-4702.6562,-28633.1699,23.0780,1
-4703.1636,-28634.3926,24.9425,-5252.6035,-28084.4668,21.9652,-4704.4355,-28636.9941,30.5384,778.3561,0.0006,0.0020,-3.1396,0.7854,-3.1415,-4702.7271,-28633.1738,23.3229,1
-4703.1636,-28634.3926,24.9425,-5252.6060,-28084.4648,21.9658,-4699.8857,-28637.9238,29.2606,782.2169,0.0001,0.0015,-3.1410,0.7852,-3.1414,-4702.6558,-28633.2188,23.5411,1
-4703.1636,-28634.3926,24.9425,-5252.6084,-28084.4629,21.9666,-4705.2705,-28629.7754,28.1046,772.6429,-0.0004,0.0011,3.1411,0.7850,-3.1413,-4702.7505,-28633.0156,23.7355,1
-4703.1636,-28634.3926,24.9425,-5252.6104,-28084.4609,21.9672,-4708.1782,-28635.1270,30.3895,774.4052,0.0008,0.0014,3.1404,0.7848,-3.1413,-4702.9443,-28632.9805,24.0112,1
-4703.1636,-28634.3926,24.9425,-5252.6118,-28084.4609,21.9678,-4703.6411,-28636.0879,28.3361,778.2656,0.0003,0.0009,3.1399,0.7846,-3.1413,-4703.0024,-28632.9863,24.2316,1
-4703.1636,-28634.3926,24.9425,-5252.6128,-28084.4590,21.9681,-4699.0952,-28637.0215,26.0488,782.1265,-0.0003,0.0004,3.1398,0.7844,-3.1413,-4702.9150,-28633.0293,24.3844,1
-4703.1636,-28634.3926,24.9425,-5252.6133,-28084.4590,21.9682,-4705.5845,-28626.9785,23.5320,770.4351,-0.0008,-0.0001,3.1398,0.7842,-3.1413,-4703.0269,-28632.7598,24.4567,1
-4703.1636,-28634.3926,24.9425,-5252.6133,-28084.4590,21.9681,-4707.5278,-28634.3438,29.5927,774.3026,0.0005,0.0012,3.1400,0.7840,-3.1414,-4703.2061,-28632.7207,24.7195,1
-4703.1636,-28634.3926,24.9425,-5252.6133,-28084.4590,21.9678,-4702.9897,-28635.3047,26.8663,778.1631,-0.0001,0.0007,3.1404,0.7838,-3.1414,-4703.2466,-28632.7168,24.9012,1
-4703.1636,-28634.3926,24.9425,-5252.6128,-28084.4590,21.9673,-4706.1367,-28631.9980,24.5805,773.5888,-0.0001,0.0003,3.1409,0.7836,-3.1414,-4703.3867,-28632.6152,25.0099,1
-4703.1636,-28634.3926,24.9425,-5252.6123,-28084.4609,21.9666,-4696.5688,-28638.3262,24.4966,784.8284,-0.0006,0.0004,3.1415,0.7834,-3.1415,-4703.2251,-28632.7168,25.1112,1
-4703.1636,-28634.3926,24.9425,-5252.6118,-28084.4609,21.9659,-4706.8701,-28633.5449,29.2663,774.1913,0.0001,0.0015,-3.1411,0.7831,-3.1415,-4703.3774,-28632.6816,25.3610,1
-4703.1636,-28634.3926,24.9425,-5252.6108,-28084.4609,21.9651,-4702.3311,-28634.5000,26.3315,778.0517,-0.0004,0.0010,-3.1404,0.7829,-3.1415,-4703.3896,-28632.6816,25.5205,1
-4703.1636,-28634.3926,24.9425,-5252.6104,-28084.4629,21.9644,-4697.7876,-28635.4258,23.3740,781.9127,-0.0010,0.0005,-3.1398,0.7827,-3.1415,-4703.2529,-28632.7168,25.5828,1
-4703.1636,-28634.3926,24.9425,-5252.6094,-28084.4629,21.9636,-4711.1514,-28632.2422,20.4516,770.2213,0.0005,-0.0000,-3.1392,0.7825,-3.1416,-4703.5342,-28632.6562,25.5401,1
-4703.1636,-28634.3926,24.9425,-5252.6084,-28084.4648,21.9629,-4706.1899,-28632.7148,29.3063,774.0766,-0.0002,0.0019,-3.1386,0.7823,-3.1416,-4703.6694,-28632.6113,25.7690,1
-4703.1636,-28634.3926,24.9425,-5252.6079,-28084.4648,21.9623,-4701.6504,-28633.6621,26.4884,777.9370,-0.0008,0.0014,-3.1381,0.7821,3.1416,-4703.6621,-28632.5996,25.9109,1
-4703.1636,-28634.3926,24.9425,-5252.6069,-28084.4648,21.9617,-4697.1055,-28634.5801,23.6980,781.7979,-0.0013,0.0009,-3.1376,0.7819,3.1416,-4703.5039,-28632.6211,25.9608,1
-4703.1636,-28634.3926,24.9425,-5252.6064,-28084.4668,21.9613,-4710.4722,-28631.4180,20.9698,770.1066,0.0001,0.0004,-3.1373,0.7817,3.1416,-4703.7607,-28632.5449,25.9121,1
-4703.1636,-28634.3926,24.9425,-5252.6060,-28084.4668,21.9609,-4705.5161,-28631.8828,29.5151,773.9624,-0.0006,0.0022,-3.1370,0.7814,3.1415,-4703.8701,-28632.4844,26.1258,1
-4703.1636,-28634.3926,24.9425,-5252.6055,-28084.4668,21.9607,-4700.9756,-28632.8242,26.9346,777.8228,-0.0011,0.0017,-3.1368,0.7812,3.1415,-4703.8350,-28632.4531,26.2600,1
-4703.1636,-28634.3926,24.9425,-5252.6050,-28084.4668,21.9605,-4703.3755,-28640.6836,24.3858,781.6837,0.0003,0.0012,-3.1366,0.7810,3.1415,-4703.8691,-28632.6758,26.3106,1
-4703.1636,-28634.3926,24.9425,-5252.6050,-28084.4668,21.9604,-4702.5005,-28632.6680,19.6773,776.6230,-0.0010,0.0002,-3.1366,0.7808,3.1415,-4703.8726,-28632.6621,26.2013,1
-4703.1636,-28634.3926,24.9425,-5252.6045,-28084.4688,21.9604,-4704.8438,-28631.0527,29.7164,773.8508,-0.0009,0.0023,-3.1366,0.7806,3.1415,-4703.9463,-28632.5938,26.3981,1
-4703.1636,-28634.3926,24.9425,-5252.6045,-28084.4688,21.9605,-4700.3037,-28631.9883,27.3341,777.7111,-0.0015,0.0018,-3.1366,0.7804,3.1415,-4703.8750,-28632.5547,26.5222,1
-4703.1636,-28634.3926,24.9425,-5252.6045,-28084.4688,21.9606,-4702.2739,-28639.4355,24.9616,781.5720,-0.0000,0.0013,-3.1367,0.7809,3.1415,-4703.8579,-28632.7539,26.5689,1
-4703.1636,-28634.3926,24.9425,-5252.6045,-28084.4688,21.9607,-4708.5742,-28629.2168,22.5883,769.8807,-0.0006,0.0008,-3.1368,0.7810,3.1415,-4704.0400,-28632.6387,26.5311,1
-4703.1636,-28634.3926,24.9425,-5252.6050,-28084.4668,21.9609,-4704.0244,-28630.0723,29.8201,773.7416,-0.0011,0.0023,-3.1369,0.7810,3.1415,-4704.0835,-28632.5449,26.7160,1
-4703.1636,-28634.3926,24.9425,-5252.6050,-28084.4668,21.9611,-4705.8921,-28637.4121,27.5299,777.6019,0.0003,0.0018,-3.1371,0.7817,3.1415,-4704.1855,-28632.6816,26.8309,1
-4703.1636,-28634.3926,24.9425,-5252.6050,-28084.4668,21.9612,-4705.3408,-28627.5742,22.6108,771.0121,-0.0011,0.0007,-3.1373,0.7820,3.1415,-4704.2720,-28632.5117,26.7850,1
-4703.1636,-28634.3926,24.9425,-5252.6055,-28084.4668,21.9614,-4695.9473,-28638.4219,22.8919,785.3231,-0.0008,0.0008,-3.1374,0.7829,3.1415,-4704.0596,-28632.6797,26.7385,1
-4703.1636,-28634.3926,24.9425,-5252.6055,-28084.4668,21.9616,-4703.1201,-28629.0059,29.8214,773.6335,-0.0010,0.0022,-3.1376,0.7833,3.1415,-4704.0562,-28632.5586,26.9033,1
-4703.1636,-28634.3926,24.9425,-5252.6060,-28084.4668,21.9618,-4704.6255,-28636.0020,27.5270,777.4939,0.0004,0.0017,-3.1377,0.7847,3.1415,-4704.0981,-28632.6562,26.9979,1
-4703.1636,-28634.3926,24.9425,-5252.6060,-28084.4668,21.9620,-4699.5352,-28636.3945,25.1980,781.3549,-0.0002,0.0012,-3.1378,0.7855,3.1415,-4703.9775,-28632.7734,27.0166,1
-4703.1636,-28634.3926,24.9425,-5252.6064,-28084.4668,21.9621,-4694.4336,-28636.7422,22.8330,785.2152,-0.0007,0.0007,-3.1379,0.7862,3.1415,-4703.6851,-28632.9082,26.9540,1
-4703.1636,-28634.3926,24.9425,-5252.6064,-28084.4668,21.9622,-4701.9404,-28627.6602,29.7623,773.5257,-0.0007,0.0021,-3.1381,0.7877,3.1415,-4703.6104,-28632.7598,27.1021,1
-4703.1636,-28634.3926,24.9425,-5252.6064,-28084.4668,21.9623,-4703.5991,-28634.8281,27.4157,777.3861,0.0007,0.0016,-3.1381,0.7887,3.1415,-4703.5864,-28632.8320,27.1781,1
-4703.1636,-28634.3926,24.9425,-5252.6069,-28084.4668,21.9624,-4698.0215,-28634.7188,25.0297,781.2470,0.0002,0.0011,-3.1382,0.7904,3.1415,-4703.3848,-28632.9023,27.1761,1
-4703.1636,-28634.3926,24.9425,-5252.6069,-28084.4668,21.9624,-4692.6650,-28634.7949,22.6058,785.1074,-0.0004,0.0006,-3.1382,0.7916,3.1415,-4703.0024,-28632.9805,27.0905,1
-4703.1636,-28634.3926,24.9425,-5252.6069,-28084.4668,21.9625,-4700.6992,-28641.5410,26.4609,784.1861,0.0020,0.0014,-3.1382,0.7935,3.1415,-4702.8555,-28633.2754,27.1160,1
-4703.1636,-28634.3926,24.9425,-5252.6069,-28084.4668,21.9625,-4702.4438,-28633.5215,27.2903,777.2778,0.0014,0.0015,-3.1382,0.7949,3.1416,-4702.7617,-28633.3320,27.1651,1
-4703.1636,-28634.3926,24.9425,-5252.6074,-28084.4668,21.9625,-4696.9736,-28633.5078,24.8541,781.1387,0.0008,0.0010,-3.1382,0.7964,3.1416,-4702.4951,-28633.3887,27.1350,1
-4703.1636,-28634.3926,24.9425,-5252.6074,-28084.4668,21.9625,-4691.4941,-28633.4453,22.3846,784.9991,0.0002,0.0005,-3.1382,0.7979,-3.1416,-4702.0454,-28633.4395,27.0204,1
-4703.1636,-28634.3926,24.9425,-5252.6074,-28084.4668,21.9624,-4707.4277,-28632.8613,29.6395,773.3085,0.0027,0.0020,-3.1381,0.7994,-3.1416,-4702.0869,-28633.4707,27.1269,1
-4703.1636,-28634.3926,24.9425,-5252.6074,-28084.4668,21.9624,-4701.9614,-28632.8828,27.2063,777.1689,0.0021,0.0015,-3.1381,0.8009,-3.1415,-4701.9673,-28633.5000,27.1594,1
-4703.1636,-28634.3926,24.9425,-5252.6074,-28084.4668,21.9623,-4696.4854,-28632.8574,24.7451,781.0298,0.0016,0.0010,-3.1381,0.8023,-3.1415,-4701.6763,-28633.5254,27.1122,1
-4703.1636,-28634.3926,24.9425,-5252.6074,-28084.4668,21.9623,-4699.6860,-28627.6172,20.1670,775.0716,0.0015,0.0001,-3.1380,0.8038,-3.1415,-4701.4800,-28633.3789,26.9107,1
-4703.1636,-28634.3926,24.9425,-5252.6074,-28084.4668,21.9622,-4705.1313,-28635.8418,23.6256,777.0092,0.0036,0.0008,-3.1379,0.8042,-3.1415,-4701.4595,-28633.4844,26.8058,1
-4703.1636,-28634.3926,24.9425,-5252.6074,-28084.4668,21.9622,-4702.5415,-28633.3105,27.1746,777.0595,0.0029,0.0015,-3.1379,0.8045,-3.1414,-4701.3682,-28633.5117,26.8083,1
-4703.1636,-28634.3926,24.9425,-5252.6074,-28084.4668,21.9622,-4697.4302,-28633.6602,24.7125,780.9203,0.0023,0.0010,-3.1378,0.8053,-3.1414,-4701.1196,-28633.5488,26.7329,1
-4703.1636,-28634.3926,24.9425,-5252.6069,-28084.4668,21.9621,-4695.7339,-28635.4863,20.4185,783.4105,0.0025,0.0002,-3.1378,0.8061,-3.1414,-4700.8135,-28633.6426,26.5166,1
-4703.1636,-28634.3926,24.9425,-5252.6069,-28084.4668,21.9621,-4707.2739,-28632.4004,29.6067,773.0896,0.0036,0.0021,-3.1377,0.8055,-3.1414,-4700.8721,-28633.6406,26.5824,1
-4703.1636,-28634.3926,24.9425,-5252.6069,-28084.4668,21.9620,-4703.1250,-28633.7402,27.1781,776.9500,0.0030,0.0016,-3.1377,0.8045,-3.1414,-4700.8149,-28633.6777,26.5772,1
-4703.1636,-28634.3926,24.9425,-5252.6069,-28084.4668,21.9620,-4709.3330,-28630.8066,21.5644,770.4745,0.0033,0.0004,-3.1377,0.8035,-3.1414,-4700.9692,-28633.6211,26.3920,1
-4703.1636,-28634.3926,24.9425,-5252.6069,-28084.4668,21.9620,-4702.0815,-28643.6035,22.2572,784.6713,0.0039,0.0006,-3.1377,0.8022,-3.1414,-4700.9097,-28633.9648,26.2221,1
-4703.1636,-28634.3926,24.9425,-5252.6069,-28084.4668,21.9620,-4707.7393,-28632.7090,29.6064,772.9802,0.0027,0.0021,-3.1376,0.7994,-3.1413,-4701.0391,-28633.9805,26.2808,1
-4703.1636,-28634.3926,24.9425,-5252.6064,-28084.4668,21.9620,-4704.7886,-28635.2461,27.1919,776.8406,0.0022,0.0016,-3.1376,0.7963,-3.1413,-4701.0903,-28634.0723,26.2701,1
-4703.1636,-28634.3926,24.9425,-5252.6064,-28084.4668,21.9620,-4708.9888,-28644.7988,24.7552,780.7015,0.0036,0.0011,-3.1376,0.7930,-3.1413,-4701.2852,-28634.4727,26.1846,1
-4703.1636,-28634.3926,24.9425,-5252.6064,-28084.4668,21.9620,-4706.5435,-28647.8105,22.2979,784.5618,0.0031,0.0006,-3.1376,0.7890,-3.1413,-4701.4199,-28634.9863,26.0191,1
-4703.1636,-28634.3926,24.9425,-5252.6060,-28084.4668,21.9620,-4708.3057,-28633.1191,29.6039,772.8709,0.0004,0.0021,-3.1376,0.7840,-3.1414,-4701.6255,-28635.0547,26.0816,1
-4703.1636,-28634.3926,24.9425,-5252.6060,-28084.4668,21.9620,-4706.6602,-28636.9473,27.1999,776.7313,-0.0001,0.0016,-3.1376,0.7785,-3.1414,-4701.7925,-28635.2402,26.0755,1
-4703.1636,-28634.3926,24.9425,-5252.6060,-28084.4668,21.9620,-4712.5122,-28648.0449,24.7720,780.5922,0.0013,0.0011,-3.1377,0.7723,-3.1414,-4702.1562,-28635.7793,25.9953,1
-4703.1636,-28634.3926,24.9425,-5252.6055,-28084.4648,21.9620,-4711.9736,-28652.8711,22.3221,784.4525,0.0007,0.0006,-3.1377,0.7650,-3.1414,-4702.5229,-28636.4922,25.8358,1
-4703.1636,-28634.3926,24.9425,-5252.6055,-28084.4648,21.9620,-4708.9136,-28633.5664,29.5954,772.7618,-0.0036,0.0021,-3.1377,0.7577,-3.1415,-4702.8135,-28636.6191,25.9039,1
-4703.1636,-28634.3926,24.9425,-5252.6050,-28084.4648,21.9620,-4715.4790,-28645.3730,27.1950,776.6222,-0.0022,0.0016,-3.1378,0.7500,-3.1415,-4703.3247,-28637.1113,25.9038,1
-4703.1636,-28634.3926,24.9425,-5252.6050,-28084.4648,21.9620,-4715.8560,-28651.0801,24.7716,780.4830,-0.0027,0.0011,-3.1378,0.7412,-3.1416,-4703.8687,-28637.7949,25.8301,1
-4703.1636,-28634.3926,24.9425,-5252.6045,-28084.4648,21.9621,-4716.5259,-28657.0176,22.3243,784.3434,-0.0033,0.0006,-3.1379,0.7318,3.1416,-4704.4531,-28638.6875,25.6775,1
-4703.1636,-28634.3926,24.9425,-5252.6045,-28084.4648,21.9621,-4708.7017,-28633.2031,29.5819,772.6528,-0.0091,0.0021,-3.1380,0.7236,3.1414,-4704.8101,-28638.8496,25.7523,1
-4703.1636,-28634.3926,24.9425,-5252.6040,-28084.4648,21.9621,-4715.6108,-28645.3496,27.1824,776.5132,-0.0077,0.0016,-3.1381,0.7154,3.1413,-4705.3901,-28639.3789,25.7591,1
-4703.1636,-28634.3926,24.9425,-5252.6040,-28084.4629,21.9621,-4715.8750,-28649.3711,27.3432,779.2430,-0.0085,0.0016,-3.1381,0.7064,3.1412,-4705.9912,-28640.0371,25.7754,1
-4703.1636,-28634.3926,24.9425,-5252.6035,-28084.4629,21.9621,-4729.1108,-28649.1973,26.0619,770.0515,-0.0079,0.0013,-3.1382,0.6978,3.1412,-4707.0386,-28640.7051,25.7552,1
-4703.1636,-28634.3926,24.9425,-5252.6035,-28084.4629,21.9621,-4707.0957,-28631.4531,29.5640,772.5438,-0.0148,0.0020,-3.1383,0.6913,3.1410,-4707.4087,-28640.8008,25.8499,1
-4703.1636,-28634.3926,24.9425,-5252.6035,-28084.4629,21.9621,-4713.0649,-28642.7480,27.1620,776.4042,-0.0133,0.0015,-3.1384,0.6847,3.1409,-4707.9585,-28641.2305,25.8756,1
-4703.1636,-28634.3926,24.9425,-5252.6030,-28084.4629,21.9621,-4711.7285,-28646.8379,24.7332,780.2650,-0.0139,0.0010,-3.1384,0.6788,3.1408,-4708.4629,-28641.7812,25.8266,1
-4703.1636,-28634.3926,24.9425,-5252.6030,-28084.4629,21.9621,-4709.9355,-28650.4727,22.2785,784.1253,-0.0144,0.0005,-3.1385,0.6737,3.1407,-4708.9043,-28642.4473,25.6976,1
-4703.1636,-28634.3926,24.9425,-5252.6030,-28084.4629,21.9621,-4710.3467,-28634.5234,29.5452,772.4346,-0.0168,0.0020,-3.1386,0.6726,3.1406,-4709.3486,-28642.6035,25.7954,1
-4703.1636,-28634.3926,24.9425,-5252.6030,-28084.4629,21.9621,-4705.7700,-28635.4512,27.1335,776.2950,-0.0174,0.0015,-3.1387,0.6725,3.1404,-4709.6338,-28642.7598,25.8238,1
-4703.1636,-28634.3926,24.9425,-5252.6030,-28084.4629,21.9621,-4700.0801,-28635.2441,24.6947,780.1559,-0.0179,0.0010,-3.1388,0.6744,3.1404,-4709.7163,-28642.8828,25.7772,1
-4703.1636,-28634.3926,24.9425,-5252.6035,-28084.4629,21.9621,-4693.6318,-28634.2227,22.2302,784.0163,-0.0185,0.0005,-3.1388,0.6776,3.1403,-4709.5610,-28642.9453,25.6502,1
-4703.1636,-28634.3926,24.9425,-5252.6035,-28084.4629,21.9621,-4704.3071,-28628.3477,29.5214,772.3254,-0.0164,0.0020,-3.1389,0.6863,3.1402,-4709.6978,-28642.7832,25.7507,1
-4703.1636,-28634.3926,24.9425,-5252.6040,-28084.4648,21.9621,-4693.7871,-28623.1387,27.0978,776.1858,-0.0170,0.0015,-3.1389,0.6972,3.1401,-4709.4741,-28642.4160,25.7815,1
-4703.1636,-28634.3926,24.9425,-5252.6045,-28084.4648,21.9621,-4681.7119,-28616.0215,24.6474,780.0467,-0.0175,0.0010,-3.1390,0.7110,3.1400,-4708.8232,-28641.7715,25.7368,1
-4703.1636,-28634.3926,24.9425,-5252.6050,-28084.4648,21.9620,-4668.0938,-28606.8242,22.1715,783.9070,-0.0181,0.0005,-3.1390,0.7279,3.1400,-4707.6763,-28640.7773,25.6113,1
-4703.1636,-28634.3926,24.9425,-5252.6060,-28084.4648,21.9620,-4696.8882,-28620.6074,29.4997,772.2161,-0.0086,0.0020,-3.1390,0.7491,3.1399,-4707.3525,-28640.1348,25.7143,1
-4703.1636,-28634.3926,24.9425,-5252.6064,-28084.4668,21.9620,-4679.0205,-28607.2246,27.0695,776.0765,-0.0092,0.0015,-3.1390,0.7741,3.1399,-4706.4316,-28639.0234,25.7475,1
-4703.1636,-28634.3926,24.9425,-5252.6074,-28084.4668,21.9620,-4659.5264,-28590.9805,24.6166,779.9373,-0.0097,0.0010,-3.1390,0.8028,3.1400,-4704.8315,-28637.3301,25.7049,1
-4703.1636,-28634.3926,24.9425,-5252.6089,-28084.4688,21.9621,-4644.7324,-28579.2695,22.1518,783.7978,-0.0083,0.0005,-3.1390,0.8355,3.1400,-4702.6729,-28635.1758,25.5818,1
-4703.1636,-28634.3926,24.9425,-5252.6099,-28084.4688,21.9621,-4688.7432,-28611.8750,29.4884,772.1071,0.0083,0.0020,-3.1389,0.8708,3.1402,-4701.7954,-28633.9395,25.6876,1
-4703.1636,-28634.3926,24.9425,-5252.6113,-28084.4707,21.9621,-4663.9224,-28589.9922,27.0722,775.9674,0.0077,0.0015,-3.1387,0.9098,3.1404,-4700.1064,-28631.9707,25.7238,1
-4703.1636,-28634.3926,24.9425,-5252.6128,-28084.4727,21.9621,-4638.1343,-28564.6250,24.6426,779.8283,0.0072,0.0010,-3.1386,0.9526,3.1406,-4697.5342,-28629.1250,25.6851,1
-4703.1636,-28634.3926,24.9425,-5252.6143,-28084.4727,21.9622,-4617.3999,-28543.4648,22.2061,783.6887,0.0086,0.0005,-3.1384,0.9992,3.1409,-4694.2021,-28625.4980,25.5667,1
-4703.1636,-28634.3926,24.9425,-5252.6157,-28084.4746,21.9623,-4683.0029,-28605.5078,29.4956,771.9986,0.0341,0.0020,-3.1379,1.0443,3.1416,-4692.8188,-28623.6953,25.6758,1
-4703.1636,-28634.3926,24.9425,-5252.6177,-28084.4766,21.9623,-4659.2598,-28580.4980,25.7372,773.3811,0.0345,0.0012,-3.1374,1.0915,-3.1409,-4690.6816,-28621.0840,25.6720,1
-4703.1636,-28634.3926,24.9425,-5252.6191,-28084.4766,21.9624,-4631.8218,-28556.2520,24.7293,779.7198,0.0350,0.0010,-3.1368,1.1409,-3.1401,-4687.6401,-28617.6582,25.6363,1
-4703.1636,-28634.3926,24.9425,-5252.6211,-28084.4785,21.9625,-4608.3291,-28522.7188,25.4179,779.2130,0.0347,0.0012,-3.1360,1.1916,-3.1392,-4683.7627,-28613.0684,25.6208,1
-4703.1636,-28634.3926,24.9425,-5252.6226,-28084.4785,21.9625,0.0000,0.0000,0.0000,0.0000,0.0000,0.0000,-3.1346,1.2347,-3.1374,0.0000,0.0000,0.0000,1
-4703.1636,-28634.3926,24.9425,-5252.6240,-28084.4805,21.9626,0.0000,0.0000,0.0000,0.0000,0.0000,0.0000,-3.1328,1.2766,-3.1354,0.0000,0.0000,0.0000,0
-4703.1636,-28634.3926,24.9425,-5252.6255,-28084.4824,21.9626,0.0000,0.0000,0.0000,0.0000,0.0000,0.0000,-3.1308,1.3174,-3.1332,0.0000,0.0000,0.0000,0
-4703.1636,-28634.3926,24.9425,-5252.6265,-28084.4824,21.9625,0.0000,0.0000,0.0000,0.0000,0.0000,0.0000,-3.1282,1.3560,-3.1304,0.0000,0.0000,0.0000,0
-4703.1636,-28634.3926,24.9425,-5252.6270,-28084.4824,21.9625,0.0000,0.0000,0.0000,0.0000,0.0000,0.0000,-3.1244,1.3793,-3.1263,0.0000,0.0000,0.0000,0
-4703.1636,-28634.3926,24.9425,-5252.6274,-28084.4824,21.9624,0.0000,0.0000,0.0000,0.0000,0.0000,0.0000,-3.1205,1.3949,-3.1221,0.0000,0.0000,0.0000,0
-4703.1636,-28634.3926,24.9425,-5252.6270,-28084.4844,21.9622,0.0000,0.0000,0.0000,0.0000,0.0000,0.0000,-3.1173,1.4034,-3.1187,0.0000,0.0000,0.0000,0
-4703.1636,-28634.3926,24.9425,-5252.6265,-28084.4824,21.9621,0.0000,0.0000,0.0000,0.0000,0.0000,0.0000,-3.1155,1.4051,-3.1168,0.0000,0.0000,0.0000,0
-4703.1636,-28634.3926,24.9425,-5252.6260,-28084.4824,21.9620,0.0000,0.0000,0.0000,0.0000,0.0000,0.0000,-3.1145,1.4194,-3.1162,0.0000,0.0000,0.0000,0
-4703.1636,-28634.3926,24.9425,-5252.6245,-28084.4824,21.9618,0.0000,0.0000,0.0000,0.0000,0.0000,0.0000,-3.1142,1.4214,-3.1160,0.0000,0.0000,0.0000,0
-4703.1636,-28634.3926,24.9425,-5252.6235,-28084.4824,21.9617,0.0000,0.0000,0.0000,0.0000,0.0000,0.0000,-3.1141,1.4232,-3.1161,0.0000,0.0000,0.0000,0
-4703.1636,-28634.3926,24.9425,-5252.6226,-28084.4805,21.9616,0.0000,0.0000,0.0000,0.0000,0.0000,0.0000,-3.1145,1.4246,-3.1167,0.0000,0.0000,0.0000,0
-4703.1636,-28634.3926,24.9425,-5252.6216,-28084.4805,21.9616,0.0000,0.0000,0.0000,0.0000,0.0000,0.0000,-3.1152,1.4259,-3.1176,0.0000,0.0000,0.0000,0
-4703.1636,-28634.3926,24.9425,-5252.6206,-28084.4785,21.9615,0.0000,0.0000,0.0000,0.0000,0.0000,0.0000,-3.1161,1.4270,-3.1186,0.0000,0.0000,0.0000,0
-4703.1636,-28634.3926,24.9425,-5252.6191,-28084.4785,21.9615,0.0000,0.0000,0.0000,0.0000,0.0000,0.0000,-3.1170,1.4280,-3.1197,0.0000,0.0000,0.0000,0
-4703.1636,-28634.3926,24.9425,-5252.6182,-28084.4766,21.9615,0.0000,0.0000,0.0000,0.0000,0.0000,0.0000,-3.1179,1.4289,-3.1206,0.0000,0.0000,0.0000,0
-4703.1636,-28634.3926,24.9425,-5252.6177,-28084.4766,21.9616,0.0000,0.0000,0.0000,0.0000,0.0000,0.0000,-3.1186,1.4296,-3.1215,0.0000,0.0000,0.0000,0
-4703.1636,-28634.3926,24.9425,-5252.6167,-28084.4766,21.9616,0.0000,0.0000,0.0000,0.0000,0.0000,0.0000,-3.1194,1.4303,-3.1223,0.0000,0.0000,0.0000,0
-4703.1636,-28634.3926,24.9425,-5252.6162,-28084.4746,21.9617,0.0000,0.0000,0.0000,0.0000,0.0000,0.0000,-3.1200,1.4310,-3.1230,0.0000,0.0000,0.0000,0
-4703.1636,-28634.3926,24.9425,-5252.6152,-28084.4746,21.9617,0.0000,0.0000,0.0000,0.0000,0.0000,0.0000,-3.1205,1.4315,-3.1235,0.0000,0.0000,0.0000,0
-4703.1636,-28634.3926,24.9425,-5252.6147,-28084.4746,21.9618,0.0000,0.0000,0.0000,0.0000,0.0000,0.0000,-3.1210,1.4321,-3.1240,0.0000,0.0000,0.0000,0
-4703.1636,-28634.3926,24.9425,-5252.6143,-28084.4727,21.9618,0.0000,0.0000,0.0000,0.0000,0.0000,0.0000,-3.1214,1.4325,-3.1244,0.0000,0.0000,0.0000,0
-4703.1636,-28634.3926,24.9425,-5252.6138,-28084.4727,21.9619,0.0000,0.0000,0.0000,0.0000,0.0000,0.0000,-3.1217,1.4330,-3.1247,0.0000,0.0000,0.0000,0
-4703.1636,-28634.3926,24.9425,-5252.6133,-28084.4727,21.9619,0.0000,0.0000,0.0000,0.0000,0.0000,0.0000,-3.1220,1.4334,-3.1249,0.0000,0.0000,0.0000,0
-4703.1636,-28634.3926,24.9425,-5252.6133,-28084.4707,21.9620,0.0000,0.0000,0.0000,0.0000,0.0000,0.0000,-3.1222,1.4338,-3.1251,0.0000,0.0000,0.0000,0
-4703.1636,-28634.3926,24.9425,-5252.6128,-28084.4707,21.9620,0.0000,0.0000,0.0000,0.0000,0.0000,0.0000,-3.1223,1.4342,-3.1252,0.0000,0.0000,0.0000,0
-4703.1636,-28634.3926,24.9425,-5252.6128,-28084.4707,21.9621,0.0000,0.0000,0.0000,0.0000,0.0000,0.0000,-3.1224,1.4345,-3.1253,0.0000,0.0000,0.0000,0
-4703.1636,-28634.3926,24.9425,-5252.6123,-28084.4707,21.9621,0.0000,0.0000,0.0000,0.0000,0.0000,0.0000,-3.1225,1.4348,-3.1253,0.0000,0.0000,0.0000,0
-4703.1636,-28634.3926,24.9425,-5252.6123,-28084.4707,21.9621,0.0000,0.0000,0.0000,0.0000,0.0000,0.0000,-3.1225,1.4351,-3.1253,0.0000,0.0000,0.0000,0
-4703.1636,-28634.3926,24.9425,-5252.6118,-28084.4707,21.9621,0.0000,0.0000,0.0000,0.0000,0.0000,0.0000,-3.1225,1.4354,-3.1252,0.0000,0.0000,0.0000,0
-4703.1636,-28634.3926,24.9425,-5252.6118,-28084.4707,21.9622,0.0000,0.0000,0.0000,0.0000,0.0000,0.0000,-3.1224,1.4356,-3.1252,0.0000,0.0000,0.0000,0
-4703.1636,-28634.3926,24.9425,-5252.6113,-28084.4688,21.9622,0.0000,0.0000,0.0000,0.0000,0.0000,0.0000,-3.1223,1.4359,-3.1251,0.0000,0.0000,0.0000,0
-4703.1636,-28634.3926,24.9425,-5252.6113,-28084.4688,21.9622,0.0000,0.0000,0.0000,0.0000,0.0000,0.0000,-3.1222,1.4361,-3.1250,0.0000,0.0000,0.0000,0
-4703.1636,-28634.3926,24.9425,-5252.6113,-28084.4688,21.9622,0.0000,0.0000,0.0000,0.0000,0.0000,0.0000,-3.1221,1.4363,-3.1249,0.0000,0.0000,0.0000,0
-4703.1636,-28634.3926,24.9425,-5252.6108,-28084.4688,21.9621,0.0000,0.0000,0.0000,0.0000,0.0000,0.0000,-3.1220,1.4365,-3.1248,0.0000,0.0000,0.0000,0
-4703.1636,-28634.3926,24.9425,-5252.6108,-28084.4688,21.9621,0.0000,0.0000,0.0000,0.0000,0.0000,0.0000,-3.1219,1.4367,-3.1246,0.0000,0.0000,0.0000,0
-4703.1636,-28634.3926,24.9425,-5252.6108,-28084.4688,21.9621,0.0000,0.0000,0.0000,0.0000,0.0000,0.0000,-3.1218,1.4369,-3.1245,0.0000,0.0000,0.0000,0
-4703.1636,-28634.3926,24.9425,-5252.6104,-28084.4688,21.9621,0.0000,0.0000,0.0000,0.0000,0.0000,0.0000,-3.1217,1.4371,-3.1244,0.0000,0.0000,0.0000,0
-4703.1636,-28634.3926,24.9425,-5252.6104,-28084.4688,21.9621,0.0000,0.0000,0.0000,0.0000,0.0000,0.0000,-3.1215,1.4372,-3.1243,0.0000,0.0000,0.0000,0
-4703.1636,-28634.3926,24.9425,-5252.6104,-28084.4688,21.9621,0.0000,0.0000,0.0000,0.0000,0.0000,0.0000,-3.1214,1.4374,-3.1242,0.0000,0.0000,0.0000,0
-4703.1636,-28634.3926,24.9425,-5252.6099,-28084.4688,21.9621,0.0000,0.0000,0.0000,0.0000,0.0000,0.0000,-3.1213,1.4375,-3.1241,0.0000,0.0000,0.0000,0
-4703.1636,-28634.3926,24.9425,-5252.6099,-28084.4688,21.9620,0.0000,0.0000,0.0000,0.0000,0.0000,0.0000,-3.1212,1.4377,-3.1240,0.0000,0.0000,0.0000,0
-4703.1636,-28634.3926,24.9425,-5252.6099,-28084.4688,21.9620,0.0000,0.0000,0.0000,0.0000,0.0000,0.0000,-3.1212,1.4378,-3.1239,0.0000,0.0000,0.0000,0
-4703.1636,-28634.3926,24.9425,-5252.6099,-28084.4688,21.9620,0.0000,0.0000,0.0000,0.0000,0.0000,0.0000,-3.1211,1.4379,-3.1239,0.0000,0.0000,0.0000,0
-4703.1636,-28634.3926,24.9425,-5252.6094,-28084.4688,21.9620,0.0000,0.0000,0.0000,0.0000,0.0000,0.0000,-3.1210,1.4380,-3.1238,0.0000,0.0000,0.0000,0
-4703.1636,-28634.3926,24.9425,-5252.6094,-28084.4688,21.9620,0.0000,0.0000,0.0000,0.0000,0.0000,0.0000,-3.1210,1.4382,-3.1238,0.0000,0.0000,0.0000,0
-4703.1636,-28634.3926,24.9425,-5252.6094,-28084.4688,21.9620,0.0000,0.0000,0.0000,0.0000,0.0000,0.0000,-3.1209,1.4383,-3.1237,0.0000,0.0000,0.0000,0
-4703.1636,-28634.3926,24.9425,-5252.6094,-28084.4688,21.9620,0.0000,0.0000,0.0000,0.0000,0.0000,0.0000,-3.1209,1.4384,-3.1237,0.0000,0.0000,0.0000,0
-4703.1636,-28634.3926,24.9425,-5252.6094,-28084.4688,21.9620,0.0000,0.0000,0.0000,0.0000,0.0000,0.0000,-3.1209,1.4385,-3.1237,0.0000,0.0000,0.0000,0
-4703.1636,-28634.3926,24.9425,-5252.6094,-28084.4688,21.9620,0.0000,0.0000,0.0000,0.0000,0.0000,0.0000,-3.1209,1.4385,-3.1236,0.0000,0.0000,0.0000,0
-4703.1636,-28634.3926,24.9425,-5252.6089,-28084.4688,21.9620,0.0000,0.0000,0.0000,0.0000,0.0000,0.0000,-3.1208,1.4386,-3.1236,0.0000,0.0000,0.0000,0
-4703.1636,-28634.3926,24.9425,-5252.6089,-28084.4688,21.9620,0.0000,0.0000,0.0000,0.0000,0.0000,0.0000,-3.1208,1.4387,-3.1236,0.0000,0.0000,0.0000,0
-4703.1636,-28634.3926,24.9425,-5252.6089,-28084.4688,21.9620,0.0000,0.0000,0.0000,0.0000,0.0000,0.0000,-3.1208,1.4388,-3.1236,0.0000,0.0000,0.0000,0
-4703.1636,-28634.3926,24.9425,-5252.6089,-28084.4668,21.9620,0.0000,0.0000,0.0000,0.0000,0.0000,0.0000,-3.1208,1.4389,-3.1236,0.0000,0.0000,0.0000,0
-4703.1636,-28634.3926,24.9425,-5252.6089,-28084.4668,21.9620,0.0000,0.0000,0.0000,0.0000,0.0000,0.0000,-3.1208,1.4389,-3.1236,0.0000,0.0000,0.0000,0
-4703.1636,-28634.3926,24.9425,-5252.6089,-28084.4668,21.9620,0.0000,0.0000,0.0000,0.0000,0.0000,0.0000,-3.1208,1.4390,-3.1236,0.0000,0.0000,0.0000,0
-4703.1636,-28634.3926,24.9425,-5252.6089,-28084.4668,21.9620,0.0000,0.0000,0.0000,0.0000,0.0000,0.0000,-3.1208,1.4390,-3.1236,0.0000,0.0000,0.0000,0
-4703.1636,-28634.3926,24.9425,-5252.6089,-28084.4668,21.9620,0.0000,0.0000,0.0000,0.0000,0.0000,0.0000,-3.1208,1.4391,-3.1236,0.0000,0.0000,0.0000,0
-4703.1636,-28634.3926,24.9425,-5252.6084,-28084.4668,21.9620,0.0000,0.0000,0.0000,0.0000,0.0000,0.0000,-3.1209,1.4392,-3.1236,0.0000,0.0000,0.0000,0
-4703.1636,-28634.3926,24.9425,-5252.6084,-28084.4668,21.9620,0.0000,0.0000,0.0000,0.0000,0.0000,0.0000,-3.1209,1.4392,-3.1236,0.0000,0.0000,0.0000,0
-4703.1636,-28634.3926,24.9425,-5252.6084,-28084.4668,21.9620,0.0000,0.0000,0.0000,0.0000,0.0000,0.0000,-3.1209,1.4393,-3.1236,0.0000,0.0000,0.0000,0
-4703.1636,-28634.3926,24.9425,-5252.6084,-28084.4668,21.9620,0.0000,0.0000,0.0000,0.0000,0.0000,0.0000,-3.1209,1.4393,-3.1236,0.0000,0.0000,0.0000,0
-4703.1636,-28634.3926,24.9425,-5252.6084,-28084.4668,21.9620,0.0000,0.0000,0.0000,0.0000,0.0000,0.0000,-3.1209,1.4394,-3.1236,0.0000,0.0000,0.0000,0
-4703.1636,-28634.3926,24.9425,-5252.6084,-28084.4668,21.9620,0.0000,0.0000,0.0000,0.0000,0.0000,0.0000,-3.1209,1.4394,-3.1236,0.0000,0.0000,0.0000,0
-4703.1636,-28634.3926,24.9425,-5252.6084,-28084.4668,21.9620,0.0000,0.0000,0.0000,0.0000,0.0000,0.0000,-3.1209,1.4394,-3.1236,0.0000,0.0000,0.0000,0
-4703.1636,-28634.3926,24.9425,-5252.6084,-28084.4668,21.9620,0.0000,0.0000,0.0000,0.0000,0.0000,0.0000,-3.1209,1.4395,-3.1236,0.0000,0.0000,0.0000,0
-4703.1636,-28634.3926,24.9425,-5252.6084,-28084.4668,21.9620,0.0000,0.0000,0.0000,0.0000,0.0000,0.0000,-3.1208,1.4395,-3.1236,0.0000,0.0000,0.0000,0
-4703.1636,-28634.3926,24.9425,-5252.6084,-28084.4668,21.9620,0.0000,0.0000,0.0000,0.0000,0.0000,0.0000,-3.1208,1.4396,-3.1236,0.0000,0.0000,0.0000,0
-4703.1636,-28634.3926,24.9425,-5252.6084,-28084.4668,21.9620,0.0000,0.0000,0.0000,0.0000,0.0000,0.0000,-3.1208,1.4396,-3.1236,0.0000,0.0000,0.0000,0
-4703.1636,-28634.3926,24.9425,-5252.6084,-28084.4668,21.9620,0.0000,0.0000,0.0000,0.0000,0.0000,0.0000,-3.1208,1.4396,-3.1236,0.0000,0.0000,0.0000,0
-4703.1636,-28634.3926,24.9425,-5252.6084,-28084.4668,21.9620,0.0000,0.0000,0.0000,0.0000,0.0000,0.0000,-3.1208,1.4396,-3.1236,0.0000,0.0000,0.0000,0
-4703.1636,-28634.3926,24.9425,-5252.6084,-28084.4668,21.9620,0.0000,0.0000,0.0000,0.0000,0.0000,0.0000,-3.1208,1.4397,-3.1236,0.0000,0.0000,0.0000,0
-4703.1636,-28634.3926,24.9425,-5252.6079,-28084.4668,21.9620,0.0000,0.0000,0.0000,0.0000,0.0000,0.0000,-3.1208,1.4397,-3.1236,0.0000,0.0000,0.0000,0
-4703.1636,-28634.3926,24.9425,-5252.6079,-28084.4668,21.9620,0.0000,0.0000,0.0000,0.0000,0.0000,0.0000,-3.1208,1.4397,-3.1235,0.0000,0.0000,0.0000,0
-4703.1636,-28634.3926,24.9425,-5252.6079,-28084.4668,21.9620,0.0000,0.0000,0.0000,0.0000,0.0000,0.0000,-3.1208,1.4398,-3.1235,0.0000,0.0000,0.0000,0
-4703.1636,-28634.3926,24.9425,-5252.6079,-28084.4668,21.9620,0.0000,0.0000,0.0000,0.0000,0.0000,0.0000,-3.1208,1.4398,-3.1235,0.0000,0.0000,0.0000,0
-4703.1636,-28634.3926,24.9425,-5252.6079,-28084.4668,21.9620,0.0000,0.0000,0.0000,0.0000,0.0000,0.0000,-3.1208,1.4398,-3.1235,0.0000,0.0000,0.0000,0
-4703.1636,-28634.3926,24.9425,-5252.6079,-28084.4668,21.9620,0.0000,0.0000,0.0000,0.0000,0.0000,0.0000,-3.1208,1.4398,-3.1235,0.0000,0.0000,0.0000,0
-4703.1636,-28634.3926,24.9425,-5252.6079,-28084.4668,21.9620,0.0000,0.0000,0.0000,0.0000,0.0000,0.0000,-3.1208,1.4398,-3.1235,0.0000,0.0000,0.0000,0
-4703.1636,-28634.3926,24.9425,-5252.6079,-28084.4668,21.9620,0.0000,0.0000,0.0000,0.0000,0.0000,0.0000,-3.1207,1.4399,-3.1235,0.0000,0.0000,0.0000,0
-4703.1636,-28634.3926,24.9425,-5252.6079,-28084.4668,21.9620,0.0000,0.0000,0.0000,0.0000,0.0000,0.0000,-3.1207,1.4399,-3.1235,0.0000,0.0000,0.0000,0
-4703.1636,-28634.3926,24.9425,-5252.6079,-28084.4668,21.9620,0.0000,0.0000,0.0000,0.0000,0.0000,0.0000,-3.1207,1.4399,-3.1235,0.0000,0.0000,0.0000,0
-4703.1636,-28634.3926,24.9425,-5252.6079,-28084.4668,21.9620,0.0000,0.0000,0.0000,0.0000,0.0000,0.0000,-3.1207,1.4399,-3.1235,0.0000,0.0000,0.0000,0
-4703.1636,-28634.3926,24.9425,-5252.6079,-28084.4668,21.9620,0.0000,0.0000,0.0000,0.0000,0.0000,0.0000,-3.1207,1.4399,-3.1235,0.0000,0.0000,0.0000,0
-4703.1636,-28634.3926,24.9425,-5252.6079,-28084.4668,21.9620,0.0000,0.0000,0.0000,0.0000,0.0000,0.0000,-3.1207,1.4399,-3.1235,0.0000,0.0000,0.0000,0
-4703.1636,-28634.3926,24.9425,-5252.6079,-28084.4668,21.9620,0.0000,0.0000,0.0000,0.0000,0.0000,0.0000,-3.1207,1.4399,-3.1235,0.0000,0.0000,0.0000,0
-4703.1636,-28634.3926,24.9425,-5252.6079,-28084.4668,21.9620,0.0000,0.0000,0.0000,0.0000,0.0000,0.0000,-3.1207,1.4400,-3.1235,0.0000,0.0000,0.0000,0
-4703.1636,-28634.3926,24.9425,-5252.6079,-28084.4668,21.9620,0.0000,0.0000,0.0000,0.0000,0.0000,0.0000,-3.1207,1.4400,-3.1235,0.0000,0.0000,0.0000,0
-4703.1636,-28634.3926,24.9425,-5252.6079,-28084.4668,21.9620,0.0000,0.0000,0.0000,0.0000,0.0000,0.0000,-3.1207,1.4400,-3.1235,0.0000,0.0000,0.0000,0
-4703.1636,-28634.3926,24.9425,-5252.6079,-28084.4668,21.9620,0.0000,0.0000,0.0000,0.0000,0.0000,0.0000,-3.1207,1.4400,-3.1235,0.0000,0.0000,0.0000,0
-4703.1636,-28634.3926,24.9425,-5252.6079,-28084.4668,21.9620,0.0000,0.0000,0.0000,0.0000,0.0000,0.0000,-3.1207,1.4400,-3.1235,0.0000,0.0000,0.0000,0
-4703.1636,-28634.3926,24.9425,-5252.6079,-28084.4668,21.9620,0.0000,0.0000,0.0000,0.0000,0.0000,0.0000,-3.1207,1.4400,-3.1235,0.0000,0.0000,0.0000,0
-4703.1636,-28634.3926,24.9425,-5252.6079,-28084.4668,21.9620,0.0000,0.0000,0.0000,0.0000,0.0000,0.0000,-3.1207,1.4400,-3.1235,0.0000,0.0000,0.0000,0
-4703.1636,-28634.3926,24.9425,-5252.6079,-28084.4668,21.9620,0.0000,0.0000,0.0000,0.0000,0.0000,0.0000,-3.1207,1.4400,-3.1235,0.0000,0.0000,0.0000,0
-4703.1636,-28634.3926,24.9425,-5252.6079,-28084.4668,21.9620,0.0000,0.0000,0.0000,0.0000,0.0000,0.0000,-3.1207,1.4400,-3.1235,0.0000,0.0000,0.0000,0
-4703.1636,-28634.3926,24.9425,-5252.6079,-28084.4668,21.9620,0.0000,0.0000,0.0000,0.0000,0.0000,0.0000,-3.1207,1.4400,-3.1235,0.0000,0.0000,0.0000,0
-4703.1636,-28634.3926,24.9425,-5252.6079,-28084.4668,21.9620,0.0000,0.0000,0.0000,0.0000,0.0000,0.0000,-3.1207,1.4401,-3.1235,0.0000,0.0000,0.0000,0
-4703.1636,-28634.3926,24.9425,-5252.6079,-28084.4668,21.9620,0.0000,0.0000,0.0000,0.0000,0.0000,0.0000,-3.1207,1.4401,-3.1235,0.0000,0.0000,0.0000,0
-4703.1636,-28634.3926,24.9425,-5252.6079,-28084.4668,21.9620,0.0000,0.0000,0.0000,0.0000,0.0000,0.0000,-3.1207,1.4401,-3.1235,0.0000,0.0000,0.0000,0
-4703.1636,-28634.3926,24.9425,-5252.6079,-28084.4668,21.9620,0.0000,0.0000,0.0000,0.0000,0.0000,0.0000,-3.1207,1.4401,-3.1235,0.0000,0.0000,0.0000,0
-4703.1636,-28634.3926,24.9425,-5252.6079,-28084.4668,21.9620,0.0000,0.0000,0.0000,0.0000,0.0000,0.0000,-3.1207,1.4401,-3.1235,0.0000,0.0000,0.0000,0
-4703.1636,-28634.3926,24.9425,-5252.6079,-28084.4668,21.9620,0.0000,0.0000,0.0000,0.0000,0.0000,0.0000,-3.1207,1.4401,-3.1235,0.0000,0.0000,0.0000,0
-4703.1636,-28634.3926,24.9425,-5252.6074,-28084.4668,21.9620,0.0000,0.0000,0.0000,0.0000,0.0000,0.0000,-3.1207,1.4401,-3.1235,0.0000,0.0000,0.0000,0
-4703.1636,-28634.3926,24.9425,-5252.6074,-28084.4668,21.9620,0.0000,0.0000,0.0000,0.0000,0.0000,0.0000,-3.1207,1.4401,-3.1235,0.0000,0.0000,0.0000,0
-4703.1636,-28634.3926,24.9425,-5252.6074,-28084.4668,21.9620,0.0000,0.0000,0.0000,0.0000,0.0000,0.0000,-3.1207,1.4401,-3.1235,0.0000,0.0000,0.0000,0
-4703.1636,-28634.3926,24.9425,-5252.6074,-28084.4668,21.9620,0.0000,0.0000,0.0000,0.0000,0.0000,0.0000,-3.1207,1.4401,-3.1235,0.0000,0.0000,0.0000,0
-4703.1636,-28634.3926,24.9425,-5252.6074,-28084.4668,21.9620,0.0000,0.0000,0.0000,0.0000,0.0000,0.0000,-3.1207,1.4401,-3.1235,0.0000,0.0000,0.0000,0
-4703.1636,-28634.3926,24.9425,-5252.6074,-28084.4668,21.9620,0.0000,0.0000,0.0000,0.0000,0.0000,0.0000,-3.1207,1.4401,-3.1235,0.0000,0.0000,0.0000,0
-4703.1636,-28634.3926,24.9425,-5252.6074,-28084.4668,21.9620,0.0000,0.0000,0.0000,0.0000,0.0000,0.0000,-3.1207,1.4401,-3.1235,0.0000,0.0000,0.0000,0
-4703.1636,-28634.3926,24.9425,-5252.6074,-28084.4668,21.9620,0.0000,0.0000,0.0000,0.0000,0.0000,0.0000,-3.1207,1.4401,-3.1235,0.0000,0.0000,0.0000,0
-4703.1636,-28634.3926,24.9425,-5252.6074,-28084.4668,21.9620,0.0000,0.0000,0.0000,0.0000,0.0000,0.0000,-3.1207,1.4401,-3.1235,0.0000,0.0000,0.0000,0
-4703.1636,-28634.3926,24.9425,-5252.6074,-28084.4668,21.9620,0.0000,0.0000,0.0000,0.0000,0.0000,0.0000,-3.1207,1.4401,-3.1235,0.0000,0.0000,0.0000,0
-4703.1636,-28634.3926,24.9425,-5252.6074,-28084.4668,21.9620,0.0000,0.0000,0.0000,0.0000,0.0000,0.0000,-3.1207,1.4401,-3.1235,0.0000,0.0000,0.0000,0
-4703.1636,-28634.3926,24.9425,-5252.6074,-28084.4668,21.9620,0.0000,0.0000,0.0000,0.0000,0.0000,0.0000,-3.1207,1.4401,-3.1235,0.0000,0.0000,0.0000,0
-4703.1636,-28634.3926,24.9425,-5252.6074,-28084.4668,21.9620,0.0000,0.0000,0.0000,0.0000,0.0000,0.0000,-3.1207,1.4401,-3.1235,0.0000,0.0000,0.0000,0
-4703.1636,-28634.3926,24.9425,-5252.6074,-28084.4668,21.9620,0.0000,0.0000,0.0000,0.0000,0.0000,0.0000,-3.1207,1.4401,-3.1235,0.0000,0.0000,0.0000,0
-4703.1636,-28634.3926,24.9425,-5252.6074,-28084.4668,21.9620,0.0000,0.0000,0.0000,0.0000,0.0000,0.0000,-3.1207,1.4401,-3.1235,0.0000,0.0000,0.0000,0
-4703.1636,-28634.3926,24.9425,-5252.6074,-28084.4668,21.9620,0.0000,0.0000,0.0000,0.0000,0.0000,0.0000,-3.1207,1.4401,-3.1235,0.0000,0.0000,0.0000,0
-4703.1636,-28634.3926,24.9425,-5252.6074,-28084.4668,21.9620,0.0000,0.0000,0.0000,0.0000,0.0000,0.0000,-3.1207,1.4402,-3.1235,0.0000,0.0000,0.0000,0
-4703.1636,-28634.3926,24.9425,-5252.6074,-28084.4668,21.9620,0.0000,0.0000,0.0000,0.0000,0.0000,0.0000,-3.1207,1.4402,-3.1235,0.0000,0.0000,0.0000,0
-4703.1636,-28634.3926,24.9425,-5252.6074,-28084.4668,21.9620,0.0000,0.0000,0.0000,0.0000,0.0000,0.0000,-3.1207,1.4402,-3.1235,0.0000,0.0000,0.0000,0
-4703.1636,-28634.3926,24.9425,-5252.6074,-28084.4668,21.9620,0.0000,0.0000,0.0000,0.0000,0.0000,0.0000,-3.1207,1.4402,-3.1235,0.0000,0.0000,0.0000,0
-4703.1636,-28634.3926,24.9425,-5252.6074,-28084.4668,21.9620,0.0000,0.0000,0.0000,0.0000,0.0000,0.0000,-3.1207,1.4402,-3.1235,0.0000,0.0000,0.0000,0
-4703.1636,-28634.3926,24.9425,-5252.6074,-28084.4668,21.9620,0.0000,0.0000,0.0000,0.0000,0.0000,0.0000,-3.1207,1.4402,-3.1235,0.0000,0.0000,0.0000,0
-4703.1636,-28634.3926,24.9425,-5252.6074,-28084.4668,21.9620,0.0000,0.0000,0.0000,0.0000,0.0000,0.0000,-3.1207,1.4402,-3.1235,0.0000,0.0000,0.0000,0
-4703.1636,-28634.3926,24.9425,-5252.6074,-28084.4668,21.9620,0.0000,0.0000,0.0000,0.0000,0.0000,0.0000,-3.1207,1.4402,-3.1235,0.0000,0.0000,0.0000,0
-4703.1636,-28634.3926,24.9425,-5252.6074,-28084.4668,21.9620,0.0000,0.0000,0.0000,0.0000,0.0000,0.0000,-3.1207,1.4402,-3.1235,0.0000,0.0000,0.0000,0
-4703.1636,-28634.3926,24.9425,-5252.6074,-28084.4668,21.9620,0.0000,0.0000,0.0000,0.0000,0.0000,0.0000,-3.1207,1.4402,-3.1235,0.0000,0.0000,0.0000,0
-4703.1636,-28634.3926,24.9425,-5252.6074,-28084.4668,21.9620,0.0000,0.0000,0.0000,0.0000,0.0000,0.0000,-3.1207,1.4402,-3.1235,0.0000,0.0000,0.0000,0
-4703.1636,-28634.3926,24.9425,-5252.6074,-28084.4668,21.9620,0.0000,0.0000,0.0000,0.0000,0.0000,0.0000,-3.1207,1.4402,-3.1235,0.0000,0.0000,0.0000,0
-4703.1636,-28634.3926,24.9425,-5252.6074,-28084.4668,21.9620,0.0000,0.0000,0.0000,0.0000,0.0000,0.0000,-3.1207,1.4402,-3.1235,0.0000,0.0000,0.0000,0
-4703.1636,-28634.3926,24.9425,-5252.6074,-28084.4668,21.9620,0.0000,0.0000,0.0000,0.0000,0.0000,0.0000,-3.1207,1.4402,-3.1235,0.0000,0.0000,0.0000,0
-4703.1636,-28634.3926,24.9425,-5252.6074,-28084.4668,21.9620,0.0000,0.0000,0.0000,0.0000,0.0000,0.0000,-3.1207,1.4402,-3.1235,0.0000,0.0000,0.0000,0
-4703.1636,-28634.3926,24.9425,-5252.6074,-28084.4668,21.9620,0.0000,0.0000,0.0000,0.0000,0.0000,0.0000,-3.1207,1.4402,-3.1235,0.0000,0.0000,0.0000,0
-4703.1636,-28634.3926,24.9425,-5252.6074,-28084.4668,21.9620,0.0000,0.0000,0.0000,0.0000,0.0000,0.0000,-3.1207,1.4402,-3.1235,0.0000,0.0000,0.0000,0
-4703.1636,-28634.3926,24.9425,-5252.6074,-28084.4668,21.9620,0.0000,0.0000,0.0000,0.0000,0.0000,0.0000,-3.1207,1.4402,-3.1235,0.0000,0.0000,0.0000,0
-4703.1636,-28634.3926,24.9425,-5252.6074,-28084.4668,21.9620,0.0000,0.0000,0.0000,0.0000,0.0000,0.0000,-3.1207,1.4402,-3.1235,0.0000,0.0000,0.0000,0
-4703.1636,-28634.3926,24.9425,-5252.6074,-28084.4668,21.9620,0.0000,0.0000,0.0000,0.0000,0.0000,0.0000,-3.1207,1.4402,-3.1235,0.0000,0.0000,0.0000,0
-4703.1636,-28634.3926,24.9425,-5252.6074,-28084.4668,21.9620,0.0000,0.0000,0.0000,0.0000,0.0000,0.0000,-3.1207,1.4402,-3.1235,0.0000,0.0000,0.0000,0
-4703.1636,-28634.3926,24.9425,-5252.6074,-28084.4668,21.9620,0.0000,0.0000,0.0000,0.0000,0.0000,0.0000,-3.1207,1.4402,-3.1235,0.0000,0.0000,0.0000,0
-4703.1636,-28634.3926,24.9425,-5252.6074,-28084.4668,21.9620,0.0000,0.0000,0.0000,0.0000,0.0000,0.0000,-3.1207,1.4402,-3.1235,0.0000,0.0000,0.0000,0
-4703.1636,-28634.3926,24.9425,-5252.6074,-28084.4668,21.9620,0.0000,0.0000,0.0000,0.0000,0.0000,0.0000,-3.1207,1.4402,-3.1235,0.0000,0.0000,0.0000,0
-4703.1636,-28634.3926,24.9425,-5252.6074,-28084.4668,21.9620,0.0000,0.0000,0.0000,0.0000,0.0000,0.0000,-3.1207,1.4402,-3.1235,0.0000,0.0000,0.0000,0
-4703.1636,-28634.3926,24.9425,-5252.6074,-28084.4668,21.9620,0.0000,0.0000,0.0000,0.0000,0.0000,0.0000,-3.1207,1.4402,-3.1235,0.0000,0.0000,0.0000,0
-4703.1636,-28634.3926,24.9425,-5252.6074,-28084.4668,21.9620,0.0000,0.0000,0.0000,0.0000,0.0000,0.0000,-3.1207,1.4402,-3.1235,0.0000,0.0000,0.0000,0
-4703.1636,-28634.3926,24.9425,-5252.6074,-28084.4668,21.9620,0.0000,0.0000,0.0000,0.0000,0.0000,0.0000,-3.1207,1.4402,-3.1235,0.0000,0.0000,0.0000,0
-4703.1636,-28634.3926,24.9425,-5252.6074,-28084.4668,21.9620,0.0000,0.0000,0.0000,0.0000,0.0000,0.0000,-3.1207,1.4402,-3.1235,0.0000,0.0000,0.0000,0
-4703.1636,-28634.3926,24.9425,-5252.6074,-28084.4668,21.9620,0.0000,0.0000,0.0000,0.0000,0.0000,0.0000,-3.1207,1.4402,-3.1235,0.0000,0.0000,0.0000,0
-4703.1636,-28634.3926,24.9425,-5252.6074,-28084.4668,21.9620,0.0000,0.0000,0.0000,0.0000,0.0000,0.0000,-3.1207,1.4402,-3.1235,0.0000,0.0000,0.0000,0
-4703.1636,-28634.3926,24.9425,-5252.6074,-28084.4668,21.9620,0.0000,0.0000,0.0000,0.0000,0.0000,0.0000,-3.1207,1.4402,-3.1235,0.0000,0.0000,0.0000,0
-4703.1636,-28634.3926,24.9425,-5252.6074,-28084.4668,21.9620,0.0000,0.0000,0.0000,0.0000,0.0000,0.0000,-3.1207,1.4402,-3.1235,0.0000,0.0000,0.0000,0
-4703.1636,-28634.3926,24.9425,-5252.6074,-28084.4668,21.9620,0.0000,0.0000,0.0000,0.0000,0.0000,0.0000,-3.1207,1.4402,-3.1235,0.0000,0.0000,0.0000,0
-4703.1636,-28634.3926,24.9425,-5252.6074,-28084.4668,21.9620,0.0000,0.0000,0.0000,0.0000,0.0000,0.0000,-3.1207,1.4402,-3.1235,0.0000,0.0000,0.0000,0
-4703.1636,-28634.3926,24.9425,-5252.6074,-28084.4668,21.9620,0.0000,0.0000,0.0000,0.0000,0.0000,0.0000,-3.1207,1.4402,-3.1235,0.0000,0.0000,0.0000,0
-4703.1636,-28634.3926,24.9425,-5252.6074,-28084.4668,21.9620,0.0000,0.0000,0.0000,0.0000,0.0000,0.0000,-3.1207,1.4402,-3.1235,0.0000,0.0000,0.0000,0
-4703.1636,-28634.3926,24.9425,-5252.6074,-28084.4668,21.9620,0.0000,0.0000,0.0000,0.0000,0.0000,0.0000,-3.1207,1.4402,-3.1235,0.0000,0.0000,0.0000,0
-4703.1636,-28634.3926,24.9425,-5252.6074,-28084.4668,21.9620,0.0000,0.0000,0.0000,0.0000,0.0000,0.0000,-3.1207,1.4402,-3.1235,0.0000,0.0000,0.0000,0
-4703.1636,-28634.3926,24.9425,-5252.6074,-28084.4668,21.9620,0.0000,0.0000,0.0000,0.0000,0.0000,0.0000,-3.1207,1.4402,-3.1235,0.0000,0.0000,0.0000,0
-4703.1636,-28634.3926,24.9425,-5252.6074,-28084.4668,21.9620,0.0000,0.0000,0.0000,0.0000,0.0000,0.0000,-3.1207,1.4402,-3.1235,0.0000,0.0000,0.0000,0
-4703.1636,-28634.3926,24.9425,-5252.6074,-28084.4668,21.9620,0.0000,0.0000,0.0000,0.0000,0.0000,0.0000,-3.1207,1.4402,-3.1235,0.0000,0.0000,0.0000,0
-4703.1636,-28634.3926,24.9425,-5252.6074,-28084.4668,21.9620,0.0000,0.0000,0.0000,0.0000,0.0000,0.0000,-3.1207,1.4402,-3.1235,0.0000,0.0000,0.0000,0
-4703.1636,-28634.3926,24.9425,-5252.6074,-28084.4668,21.9620,0.0000,0.0000,0.0000,0.0000,0.0000,0.0000,-3.1207,1.4402,-3.1235,0.0000,0.0000,0.0000,0
-4703.1636,-28634.3926,24.9425,-5252.6074,-28084.4668,21.9620,0.0000,0.0000,0.0000,0.0000,0.0000,0.0000,-3.1207,1.4402,-3.1235,0.0000,0.0000,0.0000,0
-4703.1636,-28634.3926,24.9425,-5252.6074,-28084.4668,21.9620,0.0000,0.0000,0.0000,0.0000,0.0000,0.0000,-3.1207,1.4402,-3.1235,0.0000,0.0000,0.0000,0
-4703.1636,-28634.3926,24.9425,-5252.6074,-28084.4668,21.9620,0.0000,0.0000,0.0000,0.0000,0.0000,0.0000,-3.1207,1.4402,-3.1235,0.0000,0.0000,0.0000,0
-4703.1636,-28634.3926,24.9425,-5252.6074,-28084.4668,21.9620,0.0000,0.0000,0.0000,0.0000,0.0000,0.0000,-3.1207,1.4402,-3.1235,0.0000,0.0000,0.0000,0
-4703.1636,-28634.3926,24.9425,-5252.6074,-28084.4668,21.9620,0.0000,0.0000,0.0000,0.0000,0.0000,0.0000,-3.1207,1.4402,-3.1235,0.0000,0.0000,0.0000,0
-4703.1636,-28634.3926,24.9425,-5252.6074,-28084.4668,21.9620,0.0000,0.0000,0.0000,0.0000,0.0000,0.0000,-3.1207,1.4402,-3.1235,0.0000,0.0000,0.0000,0
-4703.1636,-28634.3926,24.9425,-5252.6074,-28084.4668,21.9620,0.0000,0.0000,0.0000,0.0000,0.0000,0.0000,-3.1207,1.4402,-3.1235,0.0000,0.0000,0.0000,0
-4703.1636,-28634.3926,24.9425,-5252.6074,-28084.4668,21.9620,0.0000,0.0000,0.0000,0.0000,0.0000,0.0000,-3.1207,1.4402,-3.1235,0.0000,0.0000,0.0000,0
-4703.1636,-28634.3926,24.9425,-5252.6074,-28084.4668,21.9620,0.0000,0.0000,0.0000,0.0000,0.0000,0.0000,-3.1207,1.4402,-3.1235,0.0000,0.0000,0.0000,0
-4703.1636,-28634.3926,24.9425,-5252.6074,-28084.4668,21.9620,0.0000,0.0000,0.0000,0.0000,0.0000,0.0000,-3.1207,1.4402,-3.1235,0.0000,0.0000,0.0000,0
-4703.1636,-28634.3926,24.9425,-5252.6074,-28084.4668,21.9620,0.0000,0.0000,0.0000,0.0000,0.0000,0.0000,-3.1207,1.4402,-3.1235,0.0000,0.0000,0.0000,0
-4703.1636,-28634.3926,24.9425,-5252.6074,-28084.4668,21.9620,0.0000,0.0000,0.0000,0.0000,0.0000,0.0000,-3.1207,1.4402,-3.1235,0.0000,0.0000,0.0000,0
-4703.1636,-28634.3926,24.9425,-5252.6074,-28084.4668,21.9620,0.0000,0.0000,0.0000,0.0000,0.0000,0.0000,-3.1207,1.4402,-3.1235,0.0000,0.0000,0.0000,0
-4703.1636,-28634.3926,24.9425,-5252.6074,-28084.4668,21.9620,0.0000,0.0000,0.0000,0.0000,0.0000,0.0000,-3.1207,1.4402,-3.1235,0.0000,0.0000,0.0000,0
-4703.1636,-28634.3926,24.9425,-5252.6074,-28084.4668,21.9620,0.0000,0.0000,0.0000,0.0000,0.0000,0.0000,-3.1207,1.4402,-3.1235,0.0000,0.0000,0.0000,0
-4703.1636,-28634.3926,24.9425,-5252.6074,-28084.4668,21.9620,0.0000,0.0000,0.0000,0.0000,0.0000,0.0000,-3.1207,1.4402,-3.1235,0.0000,0.0000,0.0000,0
-4703.1636,-28634.3926,24.9425,-5252.6074,-28084.4668,21.9620,0.0000,0.0000,0.0000,0.0000,0.0000,0.0000,-3.1207,1.4402,-3.1235,0.0000,0.0000,0.0000,0
-4703.1636,-28634.3926,24.9425,-5252.6074,-28084.4668,21.9620,0.0000,0.0000,0.0000,0.0000,0.0000,0.0000,-3.1207,1.4402,-3.1235,0.0000,0.0000,0.0000,0
-4703.1636,-28634.3926,24.9425,-5252.6074,-28084.4668,21.9620,0.0000,0.0000,0.0000,0.0000,0.0000,0.0000,-3.1207,1.4402,-3.1235,0.0000,0.0000,0.0000,0
-4703.1636,-28634.3926,24.9425,-5252.6074,-28084.4668,21.9620,0.0000,0.0000,0.0000,0.0000,0.0000,0.0000,-3.1207,1.4402,-3.1235,0.0000,0.0000,0.0000,0
-4703.1636,-28634.3926,24.9425,-5252.6074,-28084.4668,21.9620,0.0000,0.0000,0.0000,0.0000,0.0000,0.0000,-3.1207,1.4402,-3.1235,0.0000,0.0000,0.0000,0
-4703.1636,-28634.3926,24.9425,-5252.6074,-28084.4668,21.9620,0.0000,0.0000,0.0000,0.0000,0.0000,0.0000,-3.1207,1.4402,-3.1235,0.0000,0.0000,0.0000,0
-4703.1636,-28634.3926,24.9425,-5252.6074,-28084.4668,21.9620,0.0000,0.0000,0.0000,0.0000,0.0000,0.0000,-3.1207,1.4402,-3.1235,0.0000,0.0000,0.0000,0
-4703.1636,-28634.3926,24.9425,-5252.6074,-28084.4668,21.9620,0.0000,0.0000,0.0000,0.0000,0.0000,0.0000,-3.1207,1.4402,-3.1235,0.0000,0.0000,0.0000,0
-4703.1636,-28634.3926,24.9425,-5252.6074,-28084.4668,21.9620,0.0000,0.0000,0.0000,0.0000,0.0000,0.0000,-3.1207,1.4402,-3.1235,0.0000,0.0000,0.0000,0
-4703.1636,-28634.3926,24.9425,-5252.6074,-28084.4668,21.9620,0.0000,0.0000,0.0000,0.0000,0.0000,0.0000,-3.1207,1.4402,-3.1235,0.0000,0.0000,0.0000,0
-4703.1636,-28634.3926,24.9425,-5252.6074,-28084.4668,21.9620,0.0000,0.0000,0.0000,0.0000,0.0000,0.0000,-3.1207,1.4402,-3.1235,0.0000,0.0000,0.0000,0
-4703.1636,-28634.3926,24.9425,-5252.6074,-28084.4668,21.9620,0.0000,0.0000,0.0000,0.0000,0.0000,0.0000,-3.1207,1.4402,-3.1235,0.0000,0.0000,0.0000,0
-4703.1636,-28634.3926,24.9425,-5252.6074,-28084.4668,21.9620,0.0000,0.0000,0.0000,0.0000,0.0000,0.0000,-3.1207,1.4402,-3.1235,0.0000,0.0000,0.0000,0
-4703.1636,-28634.3926,24.9425,-5252.6074,-28084.4668,21.9620,0.0000,0.0000,0.0000,0.0000,0.0000,0.0000,-3.1207,1.4402,-3.1235,0.0000,0.0000,0.0000,0
-4703.1636,-28634.3926,24.9425,-5252.6074,-28084.4668,21.9620,0.0000,0.0000,0.0000,0.0000,0.0000,0.0000,-3.1207,1.4402,-3.1235,0.0000,0.0000,0.0000,0
-4703.1636,-28634.3926,24.9425,-5252.6074,-28084.4668,21.9620,0.0000,0.0000,0.0000,0.0000,0.0000,0.0000,-3.1207,1.4402,-3.1235,0.0000,0.0000,0.0000,0
-4703.1636,-28634.3926,24.9425,-5252.6074,-28084.4668,21.9620,0.0000,0.0000,0.0000,0.0000,0.0000,0.0000,-3.1207,1.4402,-3.1235,0.0000,0.0000,0.0000,0
-4703.1636,-28634.3926,24.9425,-5252.6074,-28084.4668,21.9620,0.0000,0.0000,0.0000,0.0000,0.0000,0.0000,-3.1207,1.4402,-3.1235,0.0000,0.0000,0.0000,0
-4703.1636,-28634.3926,24.9425,-5252.6074,-28084.4668,21.9620,0.0000,0.0000,0.0000,0.0000,0.0000,0.0000,-3.1207,1.4402,-3.1235,0.0000,0.0000,0.0000,0
-4703.1636,-28634.3926,24.9425,-5252.6074,-28084.4668,21.9620,0.0000,0.0000,0.0000,0.0000,0.0000,0.0000,-3.1207,1.4402,-3.1235,0.0000,0.0000,0.0000,0
-4703.1636,-28634.3926,24.9425,-5252.6074,-28084.4668,21.9620,0.0000,0.0000,0.0000,0.0000,0.0000,0.0000,-3.1207,1.4402,-3.1235,0.0000,0.0000,0.0000,0
-4703.1636,-28634.3926,24.9425,-5252.6074,-28084.4668,21.9620,0.0000,0.0000,0.0000,0.0000,0.0000,0.0000,-3.1207,1.4402,-3.1235,0.0000,0.0000,0.0000,0
-4703.1636,-28634.3926,24.9425,-5252.6074,-28084.4668,21.9620,0.0000,0.0000,0.0000,0.0000,0.0000,0.0000,-3.1207,1.4402,-3.1235,0.0000,0.0000,0.0000,0
-4703.1636,-28634.3926,24.9425,-5252.6074,-28084.4668,21.9620,0.0000,0.0000,0.0000,0.0000,0.0000,0.0000,-3.1207,1.4402,-3.1235,0.0000,0.0000,0.0000,0
-4703.1636,-28634.3926,24.9425,-5252.6074,-28084.4668,21.9620,0.0000,0.0000,0.0000,0.0000,0.0000,0.0000,-3.1207,1.4402,-3.1235,0.0000,0.0000,0.0000,0
-4703.1636,-28634.3926,24.9425,-5252.6074,-28084.4668,21.9620,0.0000,0.0000,0.0000,0.0000,0.0000,0.0000,-3.1207,1.4402,-3.1235,0.0000,0.0000,0.0000,0
-4703.1636,-28634.3926,24.9425,-5252.6074,-28084.4668,21.9620,0.0000,0.0000,0.0000,0.0000,0.0000,0.0000,-3.1207,1.4402,-3.1235,0.0000,0.0000,0.0000,0
-4703.1636,-28634.3926,24.9425,-5252.6074,-28084.4668,21.9620,0.0000,0.0000,0.0000,0.0000,0.0000,0.0000,-3.1207,1.4402,-3.1235,0.0000,0.0000,0.0000,0
-4703.1636,-28634.3926,24.9425,-5252.6074,-28084.4668,21.9620,0.0000,0.0000,0.0000,0.0000,0.0000,0.0000,-3.1207,1.4402,-3.1235,0.0000,0.0000,0.0000,0
-4703.1636,-28634.3926,24.9425,-5252.6074,-28084.4668,21.9620,0.0000,0.0000,0.0000,0.0000,0.0000,0.0000,-3.1207,1.4402,-3.1235,0.0000,0.0000,0.0000,0
-4703.1636,-28634.3926,24.9425,-5252.6074,-28084.4668,21.9620,0.0000,0.0000,0.0000,0.0000,0.0000,0.0000,-3.1207,1.4402,-3.1235,0.0000,0.0000,0.0000,0
-4703.1636,-28634.3926,24.9425,-5252.6074,-28084.4668,21.9620,0.0000,0.0000,0.0000,0.0000,0.0000,0.0000,-3.1207,1.4402,-3.1235,0.0000,0.0000,0.0000,0
-4703.1636,-28634.3926,24.9425,-5252.6074,-28084.4668,21.9620,0.0000,0.0000,0.0000,0.0000,0.0000,0.0000,-3.1207,1.4402,-3.1235,0.0000,0.0000,0.0000,0
-4703.1636,-28634.3926,24.9425,-5252.6074,-28084.4668,21.9620,0.0000,0.0000,0.0000,0.0000,0.0000,0.0000,-3.1207,1.4402,-3.1235,0.0000,0.0000,0.0000,0
-4703.1636,-28634.3926,24.9425,-5252.6074,-28084.4668,21.9620,0.0000,0.0000,0.0000,0.0000,0.0000,0.0000,-3.1207,1.4402,-3.1235,0.0000,0.0000,0.0000,0
-4703.1636,-28634.3926,24.9425,-5252.6074,-28084.4668,21.9620,0.0000,0.0000,0.0000,0.0000,0.0000,0.0000,-3.1207,1.4402,-3.1235,0.0000,0.0000,0.0000,0
-4703.1636,-28634.3926,24.9425,-5252.6074,-28084.4668,21.9620,0.0000,0.0000,0.0000,0.0000,0.0000,0.0000,-3.1207,1.4402,-3.1235,0.0000,0.0000,0.0000,0
-4703.1636,-28634.3926,24.9425,-5252.6074,-28084.4668,21.9620,0.0000,0.0000,0.0000,0.0000,0.0000,0.0000,-3.1207,1.4402,-3.1235,0.0000,0.0000,0.0000,0
-4703.1636,-28634.3926,24.9425,-5252.6074,-28084.4668,21.9620,0.0000,0.0000,0.0000,0.0000,0.0000,0.0000,-3.1207,1.4402,-3.1235,0.0000,0.0000,0.0000,0
-4703.1636,-28634.3926,24.9425,-5252.6074,-28084.4668,21.9620,0.0000,0.0000,0.0000,0.0000,0.0000,0.0000,-3.1207,1.4402,-3.1235,0.0000,0.0000,0.0000,0
-4703.1636,-28634.3926,24.9425,-5252.6074,-28084.4668,21.9620,0.0000,0.0000,0.0000,0.0000,0.0000,0.0000,-3.1207,1.4402,-3.1235,0.0000,0.0000,0.0000,0
-4703.1636,-28634.3926,24.9425,-5252.6074,-28084.4668,21.9620,0.0000,0.0000,0.0000,0.0000,0.0000,0.0000,-3.1207,1.4402,-3.1235,0.0000,0.0000,0.0000,0
-4703.1636,-28634.3926,24.9425,-5252.6074,-28084.4668,21.9620,0.0000,0.0000,0.0000,0.0000,0.0000,0.0000,-3.1207,1.4402,-3.1235,0.0000,0.0000,0.0000,0
-4703.1636,-28634.3926,24.9425,-5252.6074,-28084.4668,21.9620,0.0000,0.0000,0.0000,0.0000,0.0000,0.0000,-3.1207,1.4402,-3.1235,0.0000,0.0000,0.0000,0
-4703.1636,-28634.3926,24.9425,-5252.6074,-28084.4668,21.9620,0.0000,0.0000,0.0000,0.0000,0.0000,0.0000,-3.1207,1.4402,-3.1235,0.0000,0.0000,0.0000,0
-4703.1636,-28634.3926,24.9425,-5252.6074,-28084.4668,21.9620,0.0000,0.0000,0.0000,0.0000,0.0000,0.0000,-3.1207,1.4402,-3.1235,0.0000,0.0000,0.0000,0
-4703.1636,-28634.3926,24.9425,-5252.6074,-28084.4668,21.9620,0.0000,0.0000,0.0000,0.0000,0.0000,0.0000,-3.1207,1.4402,-3.1235,0.0000,0.0000,0.0000,0
-4703.1636,-28634.3926,24.9425,-5252.6074,-28084.4668,21.9620,0.0000,0.0000,0.0000,0.0000,0.0000,0.0000,-3.1207,1.4402,-3.1235,0.0000,0.0000,0.0000,0
-4703.1636,-28634.3926,24.9425,-5252.6074,-28084.4668,21.9620,0.0000,0.0000,0.0000,0.0000,0.0000,0.0000,-3.1207,1.4402,-3.1235,0.0000,0.0000,0.0000,0
-4703.1636,-28634.3926,24.9425,-5252.6074,-28084.4668,21.9620,0.0000,0.0000,0.0000,0.0000,0.0000,0.0000,-3.1207,1.4402,-3.1235,0.0000,0.0000,0.0000,0
-4703.1636,-28634.3926,24.9425,-5252.6074,-28084.4668,21.9620,0.0000,0.0000,0.0000,0.0000,0.0000,0.0000,-3.1207,1.4402,-3.1235,0.0000,0.0000,0.0000,0
-4703.1636,-28634.3926,24.9425,-5252.6074,-28084.4668,21.9620,0.0000,0.0000,0.0000,0.0000,0.0000,0.0000,-3.1207,1.4402,-3.1235,0.0000,0.0000,0.0000,0
-4703.1636,-28634.3926,24.9425,-5252.6074,-28084.4668,21.9620,0.0000,0.0000,0.0000,0.0000,0.0000,0.0000,-3.1207,1.4402,-3.1235,0.0000,0.0000,0.0000,0
-4703.1636,-28634.3926,24.9425,-5252.6074,-28084.4668,21.9620,0.0000,0.0000,0.0000,0.0000,0.0000,0.0000,-3.1207,1.4402,-3.1235,0.0000,0.0000,0.0000,0
-4703.1636,-28634.3926,24.9425,-5252.6074,-28084.4668,21.9620,0.0000,0.0000,0.0000,0.0000,0.0000,0.0000,-3.1207,1.4402,-3.1235,0.0000,0.0000,0.0000,0
-4703.1636,-28634.3926,24.9425,-5252.6074,-28084.4668,21.9620,0.0000,0.0000,0.0000,0.0000,0.0000,0.0000,-3.1207,1.4402,-3.1235,0.0000,0.0000,0.0000,0
-4703.1636,-28634.3926,24.9425,-5252.6074,-28084.4668,21.9620,0.0000,0.0000,0.0000,0.0000,0.0000,0.0000,-3.1207,1.4402,-3.1235,0.0000,0.0000,0.0000,0
-4703.1636,-28634.3926,24.9425,-5252.6074,-28084.4668,21.9620,0.0000,0.0000,0.0000,0.0000,0.0000,0.0000,-3.1207,1.4402,-3.1235,0.0000,0.0000,0.0000,0
-4703.1636,-28634.3926,24.9425,-5252.6074,-28084.4668,21.9620,0.0000,0.0000,0.0000,0.0000,0.0000,0.0000,-3.1207,1.4402,-3.1235,0.0000,0.0000,0.0000,0
-4703.1636,-28634.3926,24.9425,-5252.6074,-28084.4668,21.9620,0.0000,0.0000,0.0000,0.0000,0.0000,0.0000,-3.1207,1.4402,-3.1235,0.0000,0.0000,0.0000,0
-4703.1636,-28634.3926,24.9425,-5252.6074,-28084.4668,21.9620,0.0000,0.0000,0.0000,0.0000,0.0000,0.0000,-3.1207,1.4402,-3.1235,0.0000,0.0000,0.0000,0
-4703.1636,-28634.3926,24.9425,-5252.6074,-28084.4668,21.9620,0.0000,0.0000,0.0000,0.0000,0.0000,0.0000,-3.1207,1.4402,-3.1235,0.0000,0.0000,0.0000,0
-4703.1636,-28634.3926,24.9425,-5252.6074,-28084.4668,21.9620,0.0000,0.0000,0.0000,0.0000,0.0000,0.0000,-3.1207,1.4402,-3.1235,0.0000,0.0000,0.0000,0
-4703.1636,-28634.3926,24.9425,-5252.6074,-28084.4668,21.9620,0.0000,0.0000,0.0000,0.0000,0.0000,0.0000,-3.1207,1.4402,-3.1235,0.0000,0.0000,0.0000,0
-4703.1636,-28634.3926,24.9425,-5252.6074,-28084.4668,21.9620,0.0000,0.0000,0.0000,0.0000,0.0000,0.0000,-3.1207,1.4402,-3.1235,0.0000,0.0000,0.0000,0
-4703.1636,-28634.3926,24.9425,-5252.6060,-28084.4688,21.9622,0.0000,0.0000,0.0000,0.0000,0.0000,0.0000,-3.1224,1.4402,-3.1249,0.0000,0.0000,0.0000,0
-4703.1636,-28634.3926,24.9425,-5252.6025,-28084.4727,21.9628,0.0000,0.0000,0.0000,0.0000,0.0000,0.0000,-3.1268,1.4401,-3.1287,0.0000,0.0000,0.0000,0
-4703.1636,-28634.3926,24.9425,-5252.5962,-28084.4785,21.9638,0.0000,0.0000,0.0000,0.0000,0.0000,0.0000,-3.1345,1.4400,-3.1354,0.0000,0.0000,0.0000,0
-4703.1636,-28634.3926,24.9425,-5252.5859,-28084.4902,21.9654,0.0000,0.0000,0.0000,0.0000,0.0000,0.0000,3.1379,1.4396,3.1384,0.0000,0.0000,0.0000,0
-4703.1636,-28634.3926,24.9425,-5252.5718,-28084.5039,21.9676,0.0000,0.0000,0.0000,0.0000,0.0000,0.0000,3.1248,1.4393,3.1271,0.0000,0.0000,0.0000,0
-4703.1636,-28634.3926,24.9425,-5252.5537,-28084.5234,21.9701,0.0000,0.0000,0.0000,0.0000,0.0000,0.0000,3.1101,1.4389,3.1145,0.0000,0.0000,0.0000,0
-4703.1636,-28634.3926,24.9425,-5252.5308,-28084.5449,21.9730,0.0000,0.0000,0.0000,0.0000,0.0000,0.0000,3.0948,1.4386,3.1014,0.0000,0.0000,0.0000,0
-4703.1636,-28634.3926,24.9425,-5252.5044,-28084.5723,21.9759,0.0000,0.0000,0.0000,0.0000,0.0000,0.0000,3.0802,1.4379,3.0888,0.0000,0.0000,0.0000,0
-4703.1636,-28634.3926,24.9425,-5252.4736,-28084.6035,21.9787,0.0000,0.0000,0.0000,0.0000,0.0000,0.0000,3.0666,1.4372,3.0771,0.0000,0.0000,0.0000,0
-4703.1636,-28634.3926,24.9425,-5252.4390,-28084.6406,21.9814,0.0000,0.0000,0.0000,0.0000,0.0000,0.0000,3.0546,1.4363,3.0668,0.0000,0.0000,0.0000,0
-4703.1636,-28634.3926,24.9425,-5252.3999,-28084.6797,21.9843,0.0000,0.0000,0.0000,0.0000,0.0000,0.0000,3.0441,1.4352,3.0578,0.0000,0.0000,0.0000,0
-4703.1636,-28634.3926,24.9425,-5252.3584,-28084.7227,21.9875,0.0000,0.0000,0.0000,0.0000,0.0000,0.0000,3.0357,1.4342,3.0507,0.0000,0.0000,0.0000,0
-4703.1636,-28634.3926,24.9425,-5252.3140,-28084.7676,21.9908,0.0000,0.0000,0.0000,0.0000,0.0000,0.0000,3.0296,1.4331,3.0455,0.0000,0.0000,0.0000,0
-4703.1636,-28634.3926,24.9425,-5252.2676,-28084.8164,21.9939,0.0000,0.0000,0.0000,0.0000,0.0000,0.0000,3.0260,1.4320,3.0425,0.0000,0.0000,0.0000,0
-4703.1636,-28634.3926,24.9425,-5252.2192,-28084.8672,21.9965,0.0000,0.0000,0.0000,0.0000,0.0000,0.0000,3.0248,1.4310,3.0416,0.0000,0.0000,0.0000,0
-4703.1636,-28634.3926,24.9425,-5252.1694,-28084.9180,21.9983,0.0000,0.0000,0.0000,0.0000,0.0000,0.0000,3.0260,1.4300,3.0427,0.0000,0.0000,0.0000,0
-4703.1636,-28634.3926,24.9425,-5252.1187,-28084.9707,21.9992,0.0000,0.0000,0.0000,0.0000,0.0000,0.0000,3.0295,1.4291,3.0457,0.0000,0.0000,0.0000,0
-4703.1636,-28634.3926,24.9425,-5252.0664,-28085.0254,21.9990,0.0000,0.0000,0.0000,0.0000,0.0000,0.0000,3.0352,1.4283,3.0506,0.0000,0.0000,0.0000,0
-4703.1636,-28634.3926,24.9425,-5252.0132,-28085.0801,21.9977,0.0000,0.0000,0.0000,0.0000,0.0000,0.0000,3.0429,1.4275,3.0573,0.0000,0.0000,0.0000,0
-4703.1636,-28634.3926,24.9425,-5251.9600,-28085.1348,21.9953,0.0000,0.0000,0.0000,0.0000,0.0000,0.0000,3.0527,1.4267,3.0656,0.0000,0.0000,0.0000,0
-4703.1636,-28634.3926,24.9425,-5251.9053,-28085.1914,21.9917,0.0000,0.0000,0.0000,0.0000,0.0000,0.0000,3.0644,1.4260,3.0756,0.0000,0.0000,0.0000,0
-4703.1636,-28634.3926,24.9425,-5251.8506,-28085.2480,21.9869,0.0000,0.0000,0.0000,0.0000,0.0000,0.0000,3.0780,1.4253,3.0872,0.0000,0.0000,0.0000,0
-4703.1636,-28634.3926,24.9425,-5251.7954,-28085.3066,21.9811,0.0000,0.0000,0.0000,0.0000,0.0000,0.0000,3.0933,1.4247,3.1002,0.0000,0.0000,0.0000,0
-4703.1636,-28634.3926,24.9425,-5251.7402,-28085.3652,21.9752,0.0000,0.0000,0.0000,0.0000,0.0000,0.0000,3.1092,1.4240,3.1137,0.0000,0.0000,0.0000,0
-4703.1636,-28634.3926,24.9425,-5251.6851,-28085.4219,21.9701,0.0000,0.0000,0.0000,0.0000,0.0000,0.0000,3.1248,1.4234,3.1270,0.0000,0.0000,0.0000,0
-4703.1636,-28634.3926,24.9425,-5251.6304,-28085.4785,21.9658,0.0000,0.0000,0.0000,0.0000,0.0000,0.0000,3.1395,1.4228,3.1396,0.0000,0.0000,0.0000,0
-4703.1636,-28634.3926,24.9425,-5251.5762,-28085.5371,21.9622,0.0000,0.0000,0.0000,0.0000,0.0000,0.0000,-3.1302,1.4221,-3.1322,0.0000,0.0000,0.0000,0
-4703.1636,-28634.3926,24.9425,-5251.5225,-28085.5918,21.9593,0.0000,0.0000,0.0000,0.0000,0.0000,0.0000,-3.1183,1.4215,-3.1221,0.0000,0.0000,0.0000,0
-4703.1636,-28634.3926,24.9425,-5251.4697,-28085.6484,21.9569,0.0000,0.0000,0.0000,0.0000,0.0000,0.0000,-3.1083,1.4209,-3.1136,0.0000,0.0000,0.0000,0
-4703.1636,-28634.3926,24.9425,-5251.4175,-28085.7031,21.9552,0.0000,0.0000,0.0000,0.0000,0.0000,0.0000,-3.1001,1.4204,-3.1067,0.0000,0.0000,0.0000,0
-4703.1636,-28634.3926,24.9425,-5251.3662,-28085.7578,21.9538,0.0000,0.0000,0.0000,0.0000,0.0000,0.0000,-3.0939,1.4198,-3.1014,0.0000,0.0000,0.0000,0
-4703.1636,-28634.3926,24.9425,-5251.3154,-28085.8105,21.9530,0.0000,0.0000,0.0000,0.0000,0.0000,0.0000,-3.0895,1.4193,-3.0977,0.0000,0.0000,0.0000,0
-4703.1636,-28634.3926,24.9425,-5251.2661,-28085.8633,21.9525,0.0000,0.0000,0.0000,0.0000,0.0000,0.0000,-3.0868,1.4189,-3.0954,0.0000,0.0000,0.0000,0
-4703.1636,-28634.3926,24.9425,-5251.2173,-28085.9141,21.9523,0.0000,0.0000,0.0000,0.0000,0.0000,0.0000,-3.0857,1.4184,-3.0945,0.0000,0.0000,0.0000,0
-4703.1636,-28634.3926,24.9425,-5251.1694,-28085.9648,21.9525,0.0000,0.0000,0.0000,0.0000,0.0000,0.0000,-3.0859,1.4180,-3.0946,0.0000,0.0000,0.0000,0
-4703.1636,-28634.3926,24.9425,-5251.1226,-28086.0137,21.9529,0.0000,0.0000,0.0000,0.0000,0.0000,0.0000,-3.0872,1.4177,-3.0957,0.0000,0.0000,0.0000,0
-4703.1636,-28634.3926,24.9425,-5251.0767,-28086.0625,21.9534,0.0000,0.0000,0.0000,0.0000,0.0000,0.0000,-3.0890,1.4171,-3.0973,0.0000,0.0000,0.0000,0
-4703.1636,-28634.3926,24.9425,-5251.0322,-28086.1094,21.9540,0.0000,0.0000,0.0000,0.0000,0.0000,0.0000,-3.0909,1.4161,-3.0990,0.0000,0.0000,0.0000,0
-4703.1636,-28634.3926,24.9425,-5250.9897,-28086.1562,21.9545,0.0000,0.0000,0.0000,0.0000,0.0000,0.0000,-3.0929,1.4148,-3.1008,0.0000,0.0000,0.0000,0
-4703.1636,-28634.3926,24.9425,-5250.9482,-28086.2012,21.9550,0.0000,0.0000,0.0000,0.0000,0.0000,0.0000,-3.0948,1.4132,-3.1026,0.0000,0.0000,0.0000,0
-4703.1636,-28634.3926,24.9425,-5250.9087,-28086.2441,21.9554,0.0000,0.0000,0.0000,0.0000,0.0000,0.0000,-3.0968,1.4112,-3.1044,0.0000,0.0000,0.0000,0
-4703.1636,-28634.3926,24.9425,-5250.8701,-28086.2871,21.9558,0.0000,0.0000,0.0000,0.0000,0.0000,0.0000,-3.0987,1.4090,-3.1062,0.0000,0.0000,0.0000,0
-4703.1636,-28634.3926,24.9425,-5250.8330,-28086.3301,21.9561,0.0000,0.0000,0.0000,0.0000,0.0000,0.0000,-3.1005,1.4066,-3.1079,0.0000,0.0000,0.0000,0
-4703.1636,-28634.3926,24.9425,-5250.7974,-28086.3691,21.9564,0.0000,0.0000,0.0000,0.0000,0.0000,0.0000,-3.1023,1.4039,-3.1096,0.0000,0.0000,0.0000,0
-4703.1636,-28634.3926,24.9425,-5250.7632,-28086.4102,21.9567,0.0000,0.0000,0.0000,0.0000,0.0000,0.0000,-3.1040,1.4011,-3.1111,0.0000,0.0000,0.0000,0
-4703.1636,-28634.3926,24.9425,-5250.7300,-28086.4492,21.9569,0.0000,0.0000,0.0000,0.0000,0.0000,0.0000,-3.1056,1.3981,-3.1126,0.0000,0.0000,0.0000,0
-4703.1636,-28634.3926,24.9425,-5250.6978,-28086.4863,21.9571,0.0000,0.0000,0.0000,0.0000,0.0000,0.0000,-3.1071,1.3950,-3.1140,0.0000,0.0000,0.0000,0
-4703.1636,-28634.3926,24.9425,-5250.6670,-28086.5254,21.9573,0.0000,0.0000,0.0000,0.0000,0.0000,0.0000,-3.1086,1.3917,-3.1153,0.0000,0.0000,0.0000,0
-4703.1636,-28634.3926,24.9425,-5250.6372,-28086.5605,21.9574,0.0000,0.0000,0.0000,0.0000,0.0000,0.0000,-3.1099,1.3883,-3.1165,0.0000,0.0000,0.0000,0
-4703.1636,-28634.3926,24.9425,-5250.6079,-28086.5977,21.9576,0.0000,0.0000,0.0000,0.0000,0.0000,0.0000,-3.1111,1.3849,-3.1176,0.0000,0.0000,0.0000,0
-4703.1636,-28634.3926,24.9425,-5250.5801,-28086.6328,21.9578,0.0000,0.0000,0.0000,0.0000,0.0000,0.0000,-3.1123,1.3814,-3.1186,0.0000,0.0000,0.0000,0
-4703.1636,-28634.3926,24.9425,-5250.5532,-28086.6660,21.9579,0.0000,0.0000,0.0000,0.0000,0.0000,0.0000,-3.1134,1.3778,-3.1196,0.0000,0.0000,0.0000,0
-4703.1636,-28634.3926,24.9425,-5250.5273,-28086.7012,21.9581,0.0000,0.0000,0.0000,0.0000,0.0000,0.0000,-3.1144,1.3742,-3.1204,0.0000,0.0000,0.0000,0
-4703.1636,-28634.3926,24.9425,-5250.5024,-28086.7344,21.9583,0.0000,0.0000,0.0000,0.0000,0.0000,0.0000,-3.1153,1.3705,-3.1212,0.0000,0.0000,0.0000,0
-4703.1636,-28634.3926,24.9425,-5250.4780,-28086.7656,21.9584,0.0000,0.0000,0.0000,0.0000,0.0000,0.0000,-3.1162,1.3668,-3.1220,0.0000,0.0000,0.0000,0
-4703.1636,-28634.3926,24.9425,-5250.4536,-28086.7988,21.9588,0.0000,0.0000,0.0000,0.0000,0.0000,0.0000,-3.1181,1.3631,-3.1235,0.0000,0.0000,0.0000,0
-4703.1636,-28634.3926,24.9425,-5250.4277,-28086.8340,21.9594,0.0000,0.0000,0.0000,0.0000,0.0000,0.0000,-3.1217,1.3593,-3.1264,0.0000,0.0000,0.0000,0
-4703.1636,-28634.3926,24.9425,-5250.3999,-28086.8711,21.9606,0.0000,0.0000,0.0000,0.0000,0.0000,0.0000,-3.1272,1.3555,-3.1309,0.0000,0.0000,0.0000,0
-4703.1636,-28634.3926,24.9425,-5250.3696,-28086.9121,21.9623,0.0000,0.0000,0.0000,0.0000,0.0000,0.0000,-3.1344,1.3515,-3.1366,0.0000,0.0000,0.0000,0
-4703.1636,-28634.3926,24.9425,-5250.3369,-28086.9570,21.9644,0.0000,0.0000,0.0000,0.0000,0.0000,0.0000,3.1403,1.3476,3.1399,0.0000,0.0000,0.0000,0
-4703.1636,-28634.3926,24.9425,-5250.3013,-28087.0039,21.9669,0.0000,0.0000,0.0000,0.0000,0.0000,0.0000,3.1315,1.3434,3.1330,0.0000,0.0000,0.0000,0
-4703.1636,-28634.3926,24.9425,-5250.2637,-28087.0547,21.9695,0.0000,0.0000,0.0000,0.0000,0.0000,0.0000,3.1232,1.3388,3.1264,0.0000,0.0000,0.0000,0
-4703.1636,-28634.3926,24.9425,-5250.2246,-28087.1074,21.9720,0.0000,0.0000,0.0000,0.0000,0.0000,0.0000,3.1161,1.3340,3.1208,0.0000,0.0000,0.0000,0
-4703.1636,-28634.3926,24.9425,-5250.1841,-28087.1641,21.9742,0.0000,0.0000,0.0000,0.0000,0.0000,0.0000,3.1105,1.3287,3.1164,0.0000,0.0000,0.0000,0
-4703.1636,-28634.3926,24.9425,-5250.1421,-28087.2227,21.9760,0.0000,0.0000,0.0000,0.0000,0.0000,0.0000,3.1066,1.3234,3.1133,0.0000,0.0000,0.0000,0
-4703.1636,-28634.3926,24.9425,-5250.0986,-28087.2832,21.9773,0.0000,0.0000,0.0000,0.0000,0.0000,0.0000,3.1042,1.3182,3.1114,0.0000,0.0000,0.0000,0
-4703.1636,-28634.3926,24.9425,-5250.0537,-28087.3457,21.9781,0.0000,0.0000,0.0000,0.0000,0.0000,0.0000,3.1033,1.3133,3.1108,0.0000,0.0000,0.0000,0
-4703.1636,-28634.3926,24.9425,-5250.0078,-28087.4102,21.9784,0.0000,0.0000,0.0000,0.0000,0.0000,0.0000,3.1038,1.3086,3.1112,0.0000,0.0000,0.0000,0
-4703.1636,-28634.3926,24.9425,-5249.9614,-28087.4746,21.9782,0.0000,0.0000,0.0000,0.0000,0.0000,0.0000,3.1055,1.3041,3.1127,0.0000,0.0000,0.0000,0
-4703.1636,-28634.3926,24.9425,-5249.9141,-28087.5430,21.9775,0.0000,0.0000,0.0000,0.0000,0.0000,0.0000,3.1083,1.2999,3.1149,0.0000,0.0000,0.0000,0
-4703.1636,-28634.3926,24.9425,-5249.8662,-28087.6094,21.9765,0.0000,0.0000,0.0000,0.0000,0.0000,0.0000,3.1120,1.2959,3.1178,0.0000,0.0000,0.0000,0
-4703.1636,-28634.3926,24.9425,-5249.8184,-28087.6777,21.9750,0.0000,0.0000,0.0000,0.0000,0.0000,0.0000,3.1164,1.2921,3.1212,0.0000,0.0000,0.0000,0
-4703.1636,-28634.3926,24.9425,-5249.7700,-28087.7480,21.9734,0.0000,0.0000,0.0000,0.0000,0.0000,0.0000,3.1213,1.2885,3.1250,0.0000,0.0000,0.0000,0
-4703.1636,-28634.3926,24.9425,-5249.7217,-28087.8164,21.9715,0.0000,0.0000,0.0000,0.0000,0.0000,0.0000,3.1264,1.2851,3.1289,0.0000,0.0000,0.0000,0
-4703.1636,-28634.3926,24.9425,-5249.6738,-28087.8867,21.9696,0.0000,0.0000,0.0000,0.0000,0.0000,0.0000,3.1316,1.2818,3.1328,0.0000,0.0000,0.0000,0
-4703.1636,-28634.3926,24.9425,-5249.6260,-28087.9551,21.9676,0.0000,0.0000,0.0000,0.0000,0.0000,0.0000,3.1366,1.2788,3.1367,0.0000,0.0000,0.0000,0
-4703.1636,-28634.3926,24.9425,-5249.5786,-28088.0254,21.9657,0.0000,0.0000,0.0000,0.0000,0.0000,0.0000,3.1415,1.2759,3.1404,0.0000,0.0000,0.0000,0
-4703.1636,-28634.3926,24.9425,-5249.5317,-28088.0938,21.9639,0.0000,0.0000,0.0000,0.0000,0.0000,0.0000,-3.1372,1.2731,-3.1394,0.0000,0.0000,0.0000,0
-4703.1636,-28634.3926,24.9425,-5249.4854,-28088.1621,21.9622,0.0000,0.0000,0.0000,0.0000,0.0000,0.0000,-3.1332,1.2705,-3.1363,0.0000,0.0000,0.0000,0
-4703.1636,-28634.3926,24.9425,-5249.4395,-28088.2305,21.9607,0.0000,0.0000,0.0000,0.0000,0.0000,0.0000,-3.1297,1.2680,-3.1336,0.0000,0.0000,0.0000,0
-4703.1636,-28634.3926,24.9425,-5249.3940,-28088.2969,21.9594,0.0000,0.0000,0.0000,0.0000,0.0000,0.0000,-3.1267,1.2656,-3.1314,0.0000,0.0000,0.0000,0
-4703.1636,-28634.3926,24.9425,-5249.3491,-28088.3633,21.9584,0.0000,0.0000,0.0000,0.0000,0.0000,0.0000,-3.1242,1.2634,-3.1295,0.0000,0.0000,0.0000,0
-4703.1636,-28634.3926,24.9425,-5249.3052,-28088.4297,21.9576,0.0000,0.0000,0.0000,0.0000,0.0000,0.0000,-3.1224,1.2613,-3.1281,0.0000,0.0000,0.0000,0
-4703.1636,-28634.3926,24.9425,-5249.2617,-28088.4961,21.9570,0.0000,0.0000,0.0000,0.0000,0.0000,0.0000,-3.1210,1.2593,-3.1270,0.0000,0.0000,0.0000,0
-4703.1636,-28634.3926,24.9425,-5249.2192,-28088.5605,21.9566,0.0000,0.0000,0.0000,0.0000,0.0000,0.0000,-3.1202,1.2574,-3.1264,0.0000,0.0000,0.0000,0
-4703.1636,-28634.3926,24.9425,-5249.1768,-28088.6230,21.9565,0.0000,0.0000,0.0000,0.0000,0.0000,0.0000,-3.1197,1.2557,-3.1260,0.0000,0.0000,0.0000,0
-4703.1636,-28634.3926,24.9425,-5249.1353,-28088.6855,21.9565,0.0000,0.0000,0.0000,0.0000,0.0000,0.0000,-3.1197,1.2540,-3.1259,0.0000,0.0000,0.0000,0
-4703.1636,-28634.3926,24.9425,-5249.0942,-28088.7480,21.9566,0.0000,0.0000,0.0000,0.0000,0.0000,0.0000,-3.1200,1.2524,-3.1261,0.0000,0.0000,0.0000,0
-4703.1636,-28634.3926,24.9425,-5249.0537,-28088.8105,21.9569,0.0000,0.0000,0.0000,0.0000,0.0000,0.0000,-3.1205,1.2509,-3.1265,0.0000,0.0000,0.0000,0
-4703.1636,-28634.3926,24.9425,-5249.0142,-28088.8711,21.9572,0.0000,0.0000,0.0000,0.0000,0.0000,0.0000,-3.1210,1.2492,-3.1269,0.0000,0.0000,0.0000,0
-4703.1636,-28634.3926,24.9425,-5248.9761,-28088.9297,21.9574,0.0000,0.0000,0.0000,0.0000,0.0000,0.0000,-3.1213,1.2472,-3.1271,0.0000,0.0000,0.0000,0
-4703.1636,-28634.3926,24.9425,-5248.9380,-28088.9883,21.9577,0.0000,0.0000,0.0000,0.0000,0.0000,0.0000,-3.1221,1.2449,-3.1278,0.0000,0.0000,0.0000,0
-4703.1636,-28634.3926,24.9425,-5248.8999,-28089.0488,21.9583,0.0000,0.0000,0.0000,0.0000,0.0000,0.0000,-3.1240,1.2422,-3.1293,0.0000,0.0000,0.0000,0
-4703.1636,-28634.3926,24.9425,-5248.8604,-28089.1113,21.9592,0.0000,0.0000,0.0000,0.0000,0.0000,0.0000,-3.1273,1.2392,-3.1318,0.0000,0.0000,0.0000,0
-4703.1636,-28634.3926,24.9425,-5248.8198,-28089.1777,21.9607,0.0000,0.0000,0.0000,0.0000,0.0000,0.0000,-3.1319,1.2358,-3.1353,0.0000,0.0000,0.0000,0
-4703.1636,-28634.3926,24.9425,-5248.7769,-28089.2461,21.9626,0.0000,0.0000,0.0000,0.0000,0.0000,0.0000,-3.1375,1.2321,-3.1395,0.0000,0.0000,0.0000,0
-4703.1636,-28634.3926,24.9425,-5248.7329,-28089.3184,21.9648,0.0000,0.0000,0.0000,0.0000,0.0000,0.0000,3.1397,1.2281,3.1393,0.0000,0.0000,0.0000,0
-4703.1636,-28634.3926,24.9425,-5248.6875,-28089.3945,21.9673,0.0000,0.0000,0.0000,0.0000,0.0000,0.0000,3.1335,1.2238,3.1347,0.0000,0.0000,0.0000,0
-4703.1636,-28634.3926,24.9425,-5248.6396,-28089.4727,21.9698,0.0000,0.0000,0.0000,0.0000,0.0000,0.0000,3.1277,1.2195,3.1304,0.0000,0.0000,0.0000,0
-4703.1636,-28634.3926,24.9425,-5248.5903,-28089.5547,21.9723,0.0000,0.0000,0.0000,0.0000,0.0000,0.0000,3.1223,1.2154,3.1266,0.0000,0.0000,0.0000,0
-4703.1636,-28634.3926,24.9425,-5248.5400,-28089.6406,21.9745,0.0000,0.0000,0.0000,0.0000,0.0000,0.0000,3.1180,1.2114,3.1235,0.0000,0.0000,0.0000,0
-4703.1636,-28634.3926,24.9425,-5248.4878,-28089.7285,21.9763,0.0000,0.0000,0.0000,0.0000,0.0000,0.0000,3.1148,1.2077,3.1212,0.0000,0.0000,0.0000,0
-4703.1636,-28634.3926,24.9425,-5248.4351,-28089.8164,21.9776,0.0000,0.0000,0.0000,0.0000,0.0000,0.0000,3.1129,1.2041,3.1199,0.0000,0.0000,0.0000,0
-4703.1636,-28634.3926,24.9425,-5248.3813,-28089.9082,21.9784,0.0000,0.0000,0.0000,0.0000,0.0000,0.0000,3.1123,1.2007,3.1194,0.0000,0.0000,0.0000,0
-4703.1636,-28634.3926,24.9425,-5248.3271,-28090.0000,21.9786,0.0000,0.0000,0.0000,0.0000,0.0000,0.0000,3.1128,1.1974,3.1199,0.0000,0.0000,0.0000,0
-4703.1636,-28634.3926,24.9425,-5248.2725,-28090.0938,21.9782,0.0000,0.0000,0.0000,0.0000,0.0000,0.0000,3.1144,1.1944,3.1211,0.0000,0.0000,0.0000,0
-4703.1636,-28634.3926,24.9425,-5248.2178,-28090.1895,21.9773,0.0000,0.0000,0.0000,0.0000,0.0000,0.0000,3.1170,1.1915,3.1229,0.0000,0.0000,0.0000,0
-4703.1636,-28634.3926,24.9425,-5248.1626,-28090.2852,21.9760,0.0000,0.0000,0.0000,0.0000,0.0000,0.0000,3.1202,1.1888,3.1252,0.0000,0.0000,0.0000,0
-4703.1636,-28634.3926,24.9425,-5248.1074,-28090.3809,21.9744,0.0000,0.0000,0.0000,0.0000,0.0000,0.0000,3.1240,1.1862,3.1280,0.0000,0.0000,0.0000,0
-4703.1636,-28634.3926,24.9425,-5248.0527,-28090.4766,21.9725,0.0000,0.0000,0.0000,0.0000,0.0000,0.0000,3.1282,1.1837,3.1309,0.0000,0.0000,0.0000,0
-4703.1636,-28634.3926,24.9425,-5247.9980,-28090.5723,21.9704,0.0000,0.0000,0.0000,0.0000,0.0000,0.0000,3.1325,1.1814,3.1340,0.0000,0.0000,0.0000,0
-4703.1636,-28634.3926,24.9425,-5247.9434,-28090.6680,21.9683,0.0000,0.0000,0.0000,0.0000,0.0000,0.0000,3.1368,1.1792,3.1371,0.0000,0.0000,0.0000,0
-4703.1636,-28634.3926,24.9425,-5247.8896,-28090.7637,21.9662,0.0000,0.0000,0.0000,0.0000,0.0000,0.0000,3.1410,1.1771,3.1401,0.0000,0.0000,0.0000,0
-4703.1636,-28634.3926,24.9425,-5247.8364,-28090.8574,21.9642,0.0000,0.0000,0.0000,0.0000,0.0000,0.0000,-3.1382,1.1752,-3.1402,0.0000,0.0000,0.0000,0
-4703.1636,-28634.3926,24.9425,-5247.7837,-28090.9531,21.9623,0.0000,0.0000,0.0000,0.0000,0.0000,0.0000,-3.1346,1.1733,-3.1376,0.0000,0.0000,0.0000,0
-4703.1636,-28634.3926,24.9425,-5247.7314,-28091.0449,21.9607,0.0000,0.0000,0.0000,0.0000,0.0000,0.0000,-3.1314,1.1715,-3.1353,0.0000,0.0000,0.0000,0
-4703.1636,-28634.3926,24.9425,-5247.6802,-28091.1387,21.9592,0.0000,0.0000,0.0000,0.0000,0.0000,0.0000,-3.1286,1.1698,-3.1333,0.0000,0.0000,0.0000,0
-4703.1636,-28634.3926,24.9425,-5247.6294,-28091.2305,21.9580,0.0000,0.0000,0.0000,0.0000,0.0000,0.0000,-3.1263,1.1683,-3.1317,0.0000,0.0000,0.0000,0
-4703.1636,-28634.3926,24.9425,-5247.5791,-28091.3203,21.9571,0.0000,0.0000,0.0000,0.0000,0.0000,0.0000,-3.1245,1.1668,-3.1304,0.0000,0.0000,0.0000,0
-4703.1636,-28634.3926,24.9425,-5247.5298,-28091.4102,21.9563,0.0000,0.0000,0.0000,0.0000,0.0000,0.0000,-3.1231,1.1653,-3.1294,0.0000,0.0000,0.0000,0
-4703.1636,-28634.3926,24.9425,-5247.4810,-28091.5000,21.9559,0.0000,0.0000,0.0000,0.0000,0.0000,0.0000,-3.1222,1.1640,-3.1287,0.0000,0.0000,0.0000,0
-4703.1636,-28634.3926,24.9425,-5247.4326,-28091.5879,21.9556,0.0000,0.0000,0.0000,0.0000,0.0000,0.0000,-3.1218,1.1627,-3.1283,0.0000,0.0000,0.0000,0
-4703.1636,-28634.3926,24.9425,-5247.3853,-28091.6738,21.9556,0.0000,0.0000,0.0000,0.0000,0.0000,0.0000,-3.1216,1.1615,-3.1282,0.0000,0.0000,0.0000,0
-4703.1636,-28634.3926,24.9425,-5247.3384,-28091.7598,21.9557,0.0000,0.0000,0.0000,0.0000,0.0000,0.0000,-3.1218,1.1604,-3.1283,0.0000,0.0000,0.0000,0
-4703.1636,-28634.3926,24.9425,-5247.2930,-28091.8438,21.9558,0.0000,0.0000,0.0000,0.0000,0.0000,0.0000,-3.1219,1.1590,-3.1283,0.0000,0.0000,0.0000,0
-4703.1636,-28634.3926,24.9425,-5247.2480,-28091.9277,21.9561,0.0000,0.0000,0.0000,0.0000,0.0000,0.0000,-3.1224,1.1571,-3.1288,0.0000,0.0000,0.0000,0
-4703.1636,-28634.3926,24.9425,-5247.2031,-28092.0137,21.9567,0.0000,0.0000,0.0000,0.0000,0.0000,0.0000,-3.1238,1.1547,-3.1298,0.0000,0.0000,0.0000,0
-4703.1636,-28634.3926,24.9425,-5247.1582,-28092.0996,21.9576,0.0000,0.0000,0.0000,0.0000,0.0000,0.0000,-3.1263,1.1518,-3.1317,0.0000,0.0000,0.0000,0
-4703.1636,-28634.3926,24.9425,-5247.1123,-28092.1875,21.9590,0.0000,0.0000,0.0000,0.0000,0.0000,0.0000,-3.1299,1.1483,-3.1344,0.0000,0.0000,0.0000,0
-4703.1636,-28634.3926,24.9425,-5247.0654,-28092.2793,21.9608,0.0000,0.0000,0.0000,0.0000,0.0000,0.0000,-3.1344,1.1444,-3.1376,0.0000,0.0000,0.0000,0
-4703.1636,-28634.3926,24.9425,-5247.0171,-28092.3750,21.9630,0.0000,0.0000,0.0000,0.0000,0.0000,0.0000,-3.1395,1.1402,-3.1412,0.0000,0.0000,0.0000,0
-4703.1636,-28634.3926,24.9425,-5246.9673,-28092.4746,21.9656,0.0000,0.0000,0.0000,0.0000,0.0000,0.0000,3.1381,1.1359,3.1381,0.0000,0.0000,0.0000,0
-4703.1636,-28634.3926,24.9425,-5246.9155,-28092.5781,21.9684,0.0000,0.0000,0.0000,0.0000,0.0000,0.0000,3.1323,1.1316,3.1340,0.0000,0.0000,0.0000,0
-4703.1636,-28634.3926,24.9425,-5246.8623,-28092.6855,21.9713,0.0000,0.0000,0.0000,0.0000,0.0000,0.0000,3.1265,1.1275,3.1300,0.0000,0.0000,0.0000,0
-4703.1636,-28634.3926,24.9425,-5246.8071,-28092.7969,21.9741,0.0000,0.0000,0.0000,0.0000,0.0000,0.0000,3.1213,1.1235,3.1264,0.0000,0.0000,0.0000,0
-4703.1636,-28634.3926,24.9425,-5246.7510,-28092.9121,21.9766,0.0000,0.0000,0.0000,0.0000,0.0000,0.0000,3.1171,1.1197,3.1235,0.0000,0.0000,0.0000,0
-4703.1636,-28634.3926,24.9425,-5246.6938,-28093.0293,21.9787,0.0000,0.0000,0.0000,0.0000,0.0000,0.0000,3.1141,1.1160,3.1214,0.0000,0.0000,0.0000,0
-4703.1636,-28634.3926,24.9425,-5246.6357,-28093.1484,21.9801,0.0000,0.0000,0.0000,0.0000,0.0000,0.0000,3.1123,1.1125,3.1202,0.0000,0.0000,0.0000,0
-4703.1636,-28634.3926,24.9425,-5246.5771,-28093.2695,21.9810,0.0000,0.0000,0.0000,0.0000,0.0000,0.0000,3.1117,1.1092,3.1197,0.0000,0.0000,0.0000,0
-4703.1636,-28634.3926,24.9425,-5246.5181,-28093.3926,21.9814,0.0000,0.0000,0.0000,0.0000,0.0000,0.0000,3.1121,1.1061,3.1198,0.0000,0.0000,0.0000,0
-4703.1636,-28634.3926,24.9425,-5246.4585,-28093.5176,21.9812,0.0000,0.0000,0.0000,0.0000,0.0000,0.0000,3.1135,1.1031,3.1207,0.0000,0.0000,0.0000,0
-4703.1636,-28634.3926,24.9425,-5246.3994,-28093.6426,21.9803,0.0000,0.0000,0.0000,0.0000,0.0000,0.0000,3.1160,1.1003,3.1222,0.0000,0.0000,0.0000,0
-4703.1636,-28634.3926,24.9425,-5246.3403,-28093.7695,21.9787,0.0000,0.0000,0.0000,0.0000,0.0000,0.0000,3.1193,1.0976,3.1246,0.0000,0.0000,0.0000,0
-4703.1636,-28634.3926,24.9425,-5246.2812,-28093.8945,21.9766,0.0000,0.0000,0.0000,0.0000,0.0000,0.0000,3.1232,1.0951,3.1274,0.0000,0.0000,0.0000,0
-4703.1636,-28634.3926,24.9425,-5246.2227,-28094.0215,21.9742,0.0000,0.0000,0.0000,0.0000,0.0000,0.0000,3.1274,1.0927,3.1304,0.0000,0.0000,0.0000,0
-4703.1636,-28634.3926,24.9425,-5246.1641,-28094.1484,21.9716,0.0000,0.0000,0.0000,771.2398,0.0492,0.0003,3.1318,1.0904,3.1334,0.0000,0.0000,0.0000,0
-4703.1636,-28634.3926,24.9425,-5246.1064,-28094.2754,21.9691,-4703.4365,-28639.7012,22.6910,769.4031,0.0486,-0.0002,3.1363,1.0883,3.1365,-4703.4365,-28639.7012,22.6910,1
-4703.1636,-28634.3926,24.9425,-5246.0493,-28094.4004,21.9666,-4707.7417,-28634.7676,24.0552,762.7413,0.0482,0.0004,3.1405,1.0862,3.1394,-4703.5776,-28639.5391,22.7357,1
-4703.1636,-28634.3926,24.9425,-5245.9927,-28094.5254,21.9642,-4699.2012,-28642.0781,22.9762,773.8180,0.0477,0.0005,-3.1386,1.0843,-3.1410,-4703.4502,-28639.6055,22.7478,1
-4703.1636,-28634.3926,24.9425,-5245.9370,-28094.6504,21.9620,-4703.9390,-28640.2129,28.1061,769.0445,0.0478,0.0018,-3.1350,1.0825,-3.1384,-4703.4658,-28639.6191,22.9270,1
-4703.1636,-28634.3926,24.9425,-5245.8818,-28094.7734,21.9600,-4702.2866,-28638.3887,23.3052,768.7715,0.0470,0.0011,-3.1317,1.0807,-3.1362,-4703.4292,-28639.5723,22.9612,1
-4703.1636,-28634.3926,24.9425,-5245.8271,-28094.8945,21.9583,-4698.5312,-28640.1797,19.8723,772.5739,0.0465,0.0006,-3.1289,1.0791,-3.1342,-4703.2681,-28639.5820,22.8843,1
-4703.1636,-28634.3926,24.9425,-5245.7734,-28095.0156,21.9569,-4712.3779,-28637.8555,16.6841,761.0598,0.0479,0.0001,-3.1266,1.0776,-3.1326,-4703.5498,-28639.5176,22.6939,1
-4703.1636,-28634.3926,24.9425,-5245.7207,-28095.1348,21.9558,-4705.1338,-28635.4980,27.5273,764.3591,0.0462,0.0025,-3.1248,1.0761,-3.1313,-4703.6133,-28639.3730,22.8455,1
-4703.1636,-28634.3926,24.9425,-5245.6680,-28095.2539,21.9550,-4713.3799,-28649.0938,24.7246,768.1585,0.0457,0.0020,-3.1235,1.0526,-3.1301,-4703.9473,-28639.6641,22.9155,1
-4703.1636,-28634.3926,24.9425,-5245.6152,-28095.3711,21.9544,-4730.0244,-28669.9082,22.0078,771.9584,0.0451,0.0015,-3.1229,1.0149,-3.1294,-4704.8389,-28640.6484,22.9008,1
-4703.1636,-28634.3926,24.9425,-5245.5630,-28095.4863,21.9540,-4759.3433,-28691.8418,20.6077,769.4445,0.0452,0.0012,-3.1231,0.9679,-3.1295,-4706.7388,-28642.4121,22.8382,1
-4703.1636,-28634.3926,24.9425,-5245.5107,-28095.5996,21.9538,-4734.9902,-28663.6602,27.9588,763.7708,0.0285,0.0027,-3.1238,0.9113,-3.1302,-4707.9629,-28643.3672,23.0104,1
-4703.1636,-28634.3926,24.9425,-5245.4590,-28095.7129,21.9539,-4768.8706,-28697.3965,25.4405,767.5677,0.0280,0.0022,-3.1249,0.8456,-3.1313,-4710.3345,-28645.4531,23.1103,1
-4703.1636,-28634.3926,24.9425,-5245.4067,-28095.8242,21.9541,-4818.8228,-28738.5039,22.9225,771.3652,0.0294,0.0017,-3.1262,0.7708,-3.1326,-4714.4297,-28648.9648,23.1326,1
-4703.1636,-28634.3926,24.9425,-5245.3550,-28095.9336,21.9545,-4869.5757,-28764.9141,23.2475,767.2923,0.0277,0.0018,-3.1275,0.6858,-3.1339,-4720.4014,-28653.5293,23.1640,1
-4703.1636,-28634.3926,24.9425,-5245.3027,-28096.0410,21.9551,-4755.7290,-28681.5059,28.1062,763.2020,-0.0166,0.0025,-3.1288,0.5920,-3.1352,-4722.9614,-28655.5938,23.3539,1
-4703.1636,-28634.3926,24.9425,-5245.2510,-28096.1465,21.9558,-4811.0957,-28728.4355,25.7702,766.9967,-0.0172,0.0020,-3.1302,0.4937,-3.1366,-4727.3447,-28659.2031,23.4762,1
-4703.1636,-28634.3926,24.9425,-5245.1987,-28096.2520,21.9566,-4879.8364,-28774.9531,23.4827,770.7918,-0.0157,0.0015,-3.1315,0.3949,-3.1380,-4734.0742,-28664.4160,23.5274,1
-4703.1636,-28634.3926,24.9425,-5245.1465,-28096.3516,21.9581,-4940.8198,-28803.6406,23.8311,769.9796,-0.0170,0.0017,-3.1317,0.2997,-3.1390,-4743.0430,-28670.7539,23.5882,1
-4703.1636,-28634.3926,24.9425,-5245.0957,-28096.4531,21.9587,0.0000,0.0000,0.0000,0.0000,0.0000,0.0000,-3.1334,0.2055,-3.1407,0.0000,0.0000,0.0000,1
-4703.1636,-28634.3926,24.9425,-5245.0454,-28096.5547,21.9594,0.0000,0.0000,0.0000,0.0000,0.0000,0.0000,-3.1347,0.1107,3.1412,0.0000,0.0000,0.0000,0
-4703.1636,-28634.3926,24.9425,-5244.9951,-28096.6543,21.9601,0.0000,0.0000,0.0000,0.0000,0.0000,0.0000,-3.1358,0.0146,3.1403,0.0000,0.0000,0.0000,0
-4703.1636,-28634.3926,24.9425,-5244.9448,-28096.7559,21.9611,0.0000,0.0000,0.0000,0.0000,0.0000,0.0000,-3.1371,-0.0819,3.1398,0.0000,0.0000,0.0000,0
-4703.1636,-28634.3926,24.9425,-5244.8936,-28096.8594,21.9624,0.0000,0.0000,0.0000,0.0000,0.0000,0.0000,-3.1388,-0.1619,3.1393,0.0000,0.0000,0.0000,0
-4703.1636,-28634.3926,24.9425,-5244.8428,-28096.9648,21.9638,0.0000,0.0000,0.0000,0.0000,0.0000,0.0000,-3.1407,-0.2366,3.1393,0.0000,0.0000,0.0000,0
-4703.1636,-28634.3926,24.9425,-5244.7915,-28097.0742,21.9654,0.0000,0.0000,0.0000,0.0000,0.0000,0.0000,3.1405,-0.3090,3.1399,0.0000,0.0000,0.0000,0
-4703.1636,-28634.3926,24.9425,-5244.7393,-28097.1855,21.9671,0.0000,0.0000,0.0000,0.0000,0.0000,0.0000,3.1385,-0.3774,3.1410,0.0000,0.0000,0.0000,0
-4703.1636,-28634.3926,24.9425,-5244.6870,-28097.2988,21.9689,0.0000,0.0000,0.0000,0.0000,0.0000,0.0000,3.1366,-0.4514,-3.1406,0.0000,0.0000,0.0000,0
-4703.1636,-28634.3926,24.9425,-5244.6343,-28097.4141,21.9705,0.0000,0.0000,0.0000,0.0000,0.0000,0.0000,3.1347,-0.4986,-3.1396,0.0000,0.0000,0.0000,0
-4703.1636,-28634.3926,24.9425,-5244.5825,-28097.5332,21.9717,0.0000,0.0000,0.0000,0.0000,0.0000,0.0000,3.1332,-0.5124,-3.1395,0.0000,0.0000,0.0000,0
-4703.1636,-28634.3926,24.9425,-5244.5308,-28097.6543,21.9726,0.0000,0.0000,0.0000,0.0000,0.0000,0.0000,3.1324,-0.5216,-3.1394,0.0000,0.0000,0.0000,0
-4703.1636,-28634.3926,24.9425,-5244.4800,-28097.7773,21.9730,0.0000,0.0000,0.0000,0.0000,0.0000,0.0000,3.1321,-0.5297,-3.1393,0.0000,0.0000,0.0000,0
-4703.1636,-28634.3926,24.9425,-5244.4297,-28097.9004,21.9731,0.0000,0.0000,0.0000,0.0000,0.0000,0.0000,3.1324,-0.5369,-3.1394,0.0000,0.0000,0.0000,0
-4703.1636,-28634.3926,24.9425,-5244.3799,-28098.0254,21.9728,0.0000,0.0000,0.0000,0.0000,0.0000,0.0000,3.1331,-0.5433,-3.1396,0.0000,0.0000,0.0000,0
-4703.1636,-28634.3926,24.9425,-5244.3311,-28098.1504,21.9721,0.0000,0.0000,0.0000,0.0000,0.0000,0.0000,3.1341,-0.5492,-3.1401,0.0000,0.0000,0.0000,0
-4703.1636,-28634.3926,24.9425,-5244.2827,-28098.2754,21.9711,0.0000,0.0000,0.0000,0.0000,0.0000,0.0000,3.1353,-0.5546,-3.1409,0.0000,0.0000,0.0000,0
-4703.1636,-28634.3926,24.9425,-5244.2349,-28098.4023,21.9698,0.0000,0.0000,0.0000,0.0000,0.0000,0.0000,3.1367,-0.5594,3.1414,0.0000,0.0000,0.0000,0
-4703.1636,-28634.3926,24.9425,-5244.1880,-28098.5273,21.9684,0.0000,0.0000,0.0000,0.0000,0.0000,0.0000,3.1383,-0.5639,3.1404,0.0000,0.0000,0.0000,0
-4703.1636,-28634.3926,24.9425,-5244.1416,-28098.6523,21.9669,0.0000,0.0000,0.0000,0.0000,0.0000,0.0000,3.1399,-0.5681,3.1393,0.0000,0.0000,0.0000,0
-4703.1636,-28634.3926,24.9425,-5244.0962,-28098.7754,21.9654,0.0000,0.0000,0.0000,0.0000,0.0000,0.0000,3.1415,-0.5719,3.1382,0.0000,0.0000,0.0000,0
-4703.1636,-28634.3926,24.9425,-5244.0513,-28098.9004,21.9639,0.0000,0.0000,0.0000,0.0000,0.0000,0.0000,-3.1401,-0.5754,3.1371,0.0000,0.0000,0.0000,0
-4703.1636,-28634.3926,24.9425,-5244.0068,-28099.0234,21.9624,0.0000,0.0000,0.0000,0.0000,0.0000,0.0000,-3.1385,-0.5787,3.1361,0.0000,0.0000,0.0000,0
-4703.1636,-28634.3926,24.9425,-5243.9639,-28099.1465,21.9611,0.0000,0.0000,0.0000,0.0000,0.0000,0.0000,-3.1372,-0.5818,3.1352,0.0000,0.0000,0.0000,0
-4703.1636,-28634.3926,24.9425,-5243.9209,-28099.2676,21.9599,0.0000,0.0000,0.0000,0.0000,0.0000,0.0000,-3.1359,-0.5847,3.1343,0.0000,0.0000,0.0000,0
-4703.1636,-28634.3926,24.9425,-5243.8789,-28099.3867,21.9588,0.0000,0.0000,0.0000,0.0000,0.0000,0.0000,-3.1348,-0.5873,3.1336,0.0000,0.0000,0.0000,0
-4703.1636,-28634.3926,24.9425,-5243.8374,-28099.5078,21.9580,0.0000,0.0000,0.0000,0.0000,0.0000,0.0000,-3.1339,-0.5899,3.1330,0.0000,0.0000,0.0000,0
-4703.1636,-28634.3926,24.9425,-5243.7969,-28099.6250,21.9573,0.0000,0.0000,0.0000,0.0000,0.0000,0.0000,-3.1332,-0.5922,3.1326,0.0000,0.0000,0.0000,0
-4703.1636,-28634.3926,24.9425,-5243.7568,-28099.7422,21.9568,0.0000,0.0000,0.0000,0.0000,0.0000,0.0000,-3.1326,-0.5944,3.1323,0.0000,0.0000,0.0000,0
-4703.1636,-28634.3926,24.9425,-5243.7173,-28099.8574,21.9565,0.0000,0.0000,0.0000,0.0000,0.0000,0.0000,-3.1322,-0.5965,3.1321,0.0000,0.0000,0.0000,0
-4703.1636,-28634.3926,24.9425,-5243.6787,-28099.9727,21.9563,0.0000,0.0000,0.0000,0.0000,0.0000,0.0000,-3.1320,-0.5985,3.1320,0.0000,0.0000,0.0000,0
-4703.1636,-28634.3926,24.9425,-5243.6401,-28100.0859,21.9563,0.0000,0.0000,0.0000,0.0000,0.0000,0.0000,-3.1319,-0.6004,3.1320,0.0000,0.0000,0.0000,0
-4703.1636,-28634.3926,24.9425,-5243.6025,-28100.1992,21.9564,0.0000,0.0000,0.0000,0.0000,0.0000,0.0000,-3.1319,-0.6021,3.1322,0.0000,0.0000,0.0000,0
-4703.1636,-28634.3926,24.9425,-5243.5654,-28100.3105,21.9566,0.0000,0.0000,0.0000,0.0000,0.0000,0.0000,-3.1321,-0.6038,3.1324,0.0000,0.0000,0.0000,0
-4703.1636,-28634.3926,24.9425,-5243.5288,-28100.4219,21.9569,0.0000,0.0000,0.0000,0.0000,0.0000,0.0000,-3.1323,-0.6054,3.1326,0.0000,0.0000,0.0000,0
-4703.1636,-28634.3926,24.9425,-5243.4927,-28100.5312,21.9572,0.0000,0.0000,0.0000,0.0000,0.0000,0.0000,-3.1326,-0.6069,3.1329,0.0000,0.0000,0.0000,0
-4703.1636,-28634.3926,24.9425,-5243.4570,-28100.6387,21.9576,0.0000,0.0000,0.0000,0.0000,0.0000,0.0000,-3.1329,-0.6083,3.1333,0.0000,0.0000,0.0000,0
-4703.1636,-28634.3926,24.9425,-5243.4219,-28100.7461,21.9580,0.0000,0.0000,0.0000,0.0000,0.0000,0.0000,-3.1332,-0.6096,3.1336,0.0000,0.0000,0.0000,0
-4703.1636,-28634.3926,24.9425,-5243.3872,-28100.8535,21.9584,0.0000,0.0000,0.0000,0.0000,0.0000,0.0000,-3.1336,-0.6108,3.1340,0.0000,0.0000,0.0000,0
-4703.1636,-28634.3926,24.9425,-5243.3525,-28100.9590,21.9588,0.0000,0.0000,0.0000,0.0000,0.0000,0.0000,-3.1339,-0.6120,3.1343,0.0000,0.0000,0.0000,0
-4703.1636,-28634.3926,24.9425,-5243.3188,-28101.0645,21.9591,0.0000,0.0000,0.0000,0.0000,0.0000,0.0000,-3.1342,-0.6131,3.1346,0.0000,0.0000,0.0000,0
-4703.1636,-28634.3926,24.9425,-5243.2852,-28101.1680,21.9595,0.0000,0.0000,0.0000,0.0000,0.0000,0.0000,-3.1345,-0.6142,3.1349,0.0000,0.0000,0.0000,0
-4703.1636,-28634.3926,24.9425,-5243.2520,-28101.2715,21.9597,0.0000,0.0000,0.0000,0.0000,0.0000,0.0000,-3.1348,-0.6152,3.1351,0.0000,0.0000,0.0000,0
-4703.1636,-28634.3926,24.9425,-5243.2188,-28101.3730,21.9600,0.0000,0.0000,0.0000,0.0000,0.0000,0.0000,-3.1350,-0.6162,3.1354,0.0000,0.0000,0.0000,0
-4703.1636,-28634.3926,24.9425,-5243.1860,-28101.4746,21.9602,0.0000,0.0000,0.0000,0.0000,0.0000,0.0000,-3.1352,-0.6171,3.1356,0.0000,0.0000,0.0000,0
-4703.1636,-28634.3926,24.9425,-5243.1538,-28101.5762,21.9604,0.0000,0.0000,0.0000,0.0000,0.0000,0.0000,-3.1353,-0.6179,3.1357,0.0000,0.0000,0.0000,0
-4703.1636,-28634.3926,24.9425,-5243.1221,-28101.6758,21.9605,0.0000,0.0000,0.0000,0.0000,0.0000,0.0000,-3.1354,-0.6187,3.1358,0.0000,0.0000,0.0000,0
-4703.1636,-28634.3926,24.9425,-5243.0903,-28101.7754,21.9605,0.0000,0.0000,0.0000,0.0000,0.0000,0.0000,-3.1355,-0.6195,3.1359,0.0000,0.0000,0.0000,0
-4703.1636,-28634.3926,24.9425,-5243.0591,-28101.8730,21.9606,0.0000,0.0000,0.0000,0.0000,0.0000,0.0000,-3.1355,-0.6202,3.1359,0.0000,0.0000,0.0000,0
-4703.1636,-28634.3926,24.9425,-5243.0278,-28101.9707,21.9606,0.0000,0.0000,0.0000,0.0000,0.0000,0.0000,-3.1355,-0.6209,3.1360,0.0000,0.0000,0.0000,0
-4703.1636,-28634.3926,24.9425,-5242.9971,-28102.0684,21.9606,0.0000,0.0000,0.0000,0.0000,0.0000,0.0000,-3.1355,-0.6215,3.1360,0.0000,0.0000,0.0000,0
-4703.1636,-28634.3926,24.9425,-5242.9668,-28102.1641,21.9604,0.0000,0.0000,0.0000,0.0000,0.0000,0.0000,-3.1352,-0.6218,3.1358,0.0000,0.0000,0.0000,0
-4703.1636,-28634.3926,24.9425,-5242.9370,-28102.2559,21.9600,0.0000,0.0000,0.0000,0.0000,0.0000,0.0000,-3.1346,-0.6214,3.1354,0.0000,0.0000,0.0000,0
-4703.1636,-28634.3926,24.9425,-5242.9077,-28102.3457,21.9595,0.0000,0.0000,0.0000,0.0000,0.0000,0.0000,-3.1338,-0.6204,3.1348,0.0000,0.0000,0.0000,0
-4703.1636,-28634.3926,24.9425,-5242.8789,-28102.4336,21.9587,0.0000,0.0000,0.0000,0.0000,0.0000,0.0000,-3.1327,-0.6189,3.1341,0.0000,0.0000,0.0000,0
-4703.1636,-28634.3926,24.9425,-5242.8501,-28102.5195,21.9578,0.0000,0.0000,0.0000,0.0000,0.0000,0.0000,-3.1316,-0.6169,3.1334,0.0000,0.0000,0.0000,0
-4703.1636,-28634.3926,24.9425,-5242.8213,-28102.6035,21.9571,0.0000,0.0000,0.0000,0.0000,0.0000,0.0000,-3.1309,-0.6144,3.1329,0.0000,0.0000,0.0000,0
-4703.1636,-28634.3926,24.9425,-5242.7920,-28102.6875,21.9567,0.0000,0.0000,0.0000,0.0000,0.0000,0.0000,-3.1308,-0.6114,3.1330,0.0000,0.0000,0.0000,0
-4703.1636,-28634.3926,24.9425,-5242.7612,-28102.7734,21.9568,0.0000,0.0000,0.0000,0.0000,0.0000,0.0000,-3.1315,-0.6080,3.1337,0.0000,0.0000,0.0000,0
-4703.1636,-28634.3926,24.9425,-5242.7295,-28102.8633,21.9575,0.0000,0.0000,0.0000,0.0000,0.0000,0.0000,-3.1329,-0.6041,3.1350,0.0000,0.0000,0.0000,0
-4703.1636,-28634.3926,24.9425,-5242.6958,-28102.9551,21.9589,0.0000,0.0000,0.0000,0.0000,0.0000,0.0000,-3.1350,-0.6000,3.1369,0.0000,0.0000,0.0000,0
-4703.1636,-28634.3926,24.9425,-5242.6611,-28103.0488,21.9609,0.0000,0.0000,0.0000,0.0000,0.0000,0.0000,-3.1375,-0.5955,3.1391,0.0000,0.0000,0.0000,0
-4703.1636,-28634.3926,24.9425,-5242.6240,-28103.1465,21.9633,0.0000,0.0000,0.0000,0.0000,0.0000,0.0000,-3.1404,-0.5909,-3.1415,0.0000,0.0000,0.0000,0
-4703.1636,-28634.3926,24.9425,-5242.5854,-28103.2480,21.9661,0.0000,0.0000,0.0000,0.0000,0.0000,0.0000,3.1397,-0.5862,-3.1389,0.0000,0.0000,0.0000,0
-4703.1636,-28634.3926,24.9425,-5242.5454,-28103.3535,21.9690,0.0000,0.0000,0.0000,0.0000,0.0000,0.0000,3.1368,-0.5810,-3.1363,0.0000,0.0000,0.0000,0
-4703.1636,-28634.3926,24.9425,-5242.5034,-28103.4609,21.9718,0.0000,0.0000,0.0000,0.0000,0.0000,0.0000,3.1343,-0.5753,-3.1340,0.0000,0.0000,0.0000,0
-4703.1636,-28634.3926,24.9425,-5242.4595,-28103.5723,21.9742,0.0000,0.0000,0.0000,0.0000,0.0000,0.0000,3.1323,-0.5690,-3.1320,0.0000,0.0000,0.0000,0
-4703.1636,-28634.3926,24.9425,-5242.4141,-28103.6836,21.9761,0.0000,0.0000,0.0000,0.0000,0.0000,0.0000,3.1310,-0.5621,-3.1306,0.0000,0.0000,0.0000,0
-4703.1636,-28634.3926,24.9425,-5242.3667,-28103.7969,21.9776,0.0000,0.0000,0.0000,0.0000,0.0000,0.0000,3.1302,-0.5549,-3.1295,0.0000,0.0000,0.0000,0
-4703.1636,-28634.3926,24.9425,-5242.3179,-28103.9141,21.9786,0.0000,0.0000,0.0000,0.0000,0.0000,0.0000,3.1297,-0.5478,-3.1288,0.0000,0.0000,0.0000,0
-4703.1636,-28634.3926,24.9425,-5242.2671,-28104.0332,21.9791,0.0000,0.0000,0.0000,0.0000,0.0000,0.0000,3.1296,-0.5409,-3.1285,0.0000,0.0000,0.0000,0
-4703.1636,-28634.3926,24.9425,-5242.2148,-28104.1543,21.9792,0.0000,0.0000,0.0000,0.0000,0.0000,0.0000,3.1299,-0.5343,-3.1285,0.0000,0.0000,0.0000,0
-4703.1636,-28634.3926,24.9425,-5242.1616,-28104.2754,21.9789,0.0000,0.0000,0.0000,0.0000,0.0000,0.0000,3.1306,-0.5281,-3.1289,0.0000,0.0000,0.0000,0
-4703.1636,-28634.3926,24.9425,-5242.1069,-28104.3984,21.9781,0.0000,0.0000,0.0000,0.0000,0.0000,0.0000,3.1316,-0.5221,-3.1297,0.0000,0.0000,0.0000,0
-4703.1636,-28634.3926,24.9425,-5242.0518,-28104.5215,21.9769,0.0000,0.0000,0.0000,0.0000,0.0000,0.0000,3.1329,-0.5164,-3.1309,0.0000,0.0000,0.0000,0
-4703.1636,-28634.3926,24.9425,-5241.9951,-28104.6445,21.9754,0.0000,0.0000,0.0000,0.0000,0.0000,0.0000,3.1345,-0.5111,-3.1323,0.0000,0.0000,0.0000,0
-4703.1636,-28634.3926,24.9425,-5241.9380,-28104.7676,21.9736,0.0000,0.0000,0.0000,0.0000,0.0000,0.0000,3.1363,-0.5060,-3.1338,0.0000,0.0000,0.0000,0
-4703.1636,-28634.3926,24.9425,-5241.8804,-28104.8906,21.9716,0.0000,0.0000,0.0000,0.0000,0.0000,0.0000,3.1381,-0.5011,-3.1355,0.0000,0.0000,0.0000,0
-4703.1636,-28634.3926,24.9425,-5241.8223,-28105.0137,21.9696,0.0000,0.0000,0.0000,0.0000,0.0000,0.0000,3.1400,-0.4966,-3.1373,0.0000,0.0000,0.0000,0
-4703.1636,-28634.3926,24.9425,-5241.7637,-28105.1348,21.9675,0.0000,0.0000,0.0000,0.0000,0.0000,0.0000,-3.1413,-0.4922,-3.1391,0.0000,0.0000,0.0000,0
-4703.1636,-28634.3926,24.9425,-5241.7051,-28105.2559,21.9654,0.0000,0.0000,0.0000,0.0000,0.0000,0.0000,-3.1394,-0.4881,-3.1408,0.0000,0.0000,0.0000,0
-4703.1636,-28634.3926,24.9425,-5241.6465,-28105.3750,21.9635,0.0000,0.0000,0.0000,0.0000,0.0000,0.0000,-3.1378,-0.4842,3.1408,0.0000,0.0000,0.0000,0
-4703.1636,-28634.3926,24.9425,-5241.5879,-28105.4941,21.9617,0.0000,0.0000,0.0000,0.0000,0.0000,0.0000,-3.1363,-0.4806,3.1393,0.0000,0.0000,0.0000,0
-4703.1636,-28634.3926,24.9425,-5241.5293,-28105.6113,21.9601,0.0000,0.0000,0.0000,0.0000,0.0000,0.0000,-3.1349,-0.4771,3.1379,0.0000,0.0000,0.0000,0
-4703.1636,-28634.3926,24.9425,-5241.4707,-28105.7285,21.9587,0.0000,0.0000,0.0000,0.0000,0.0000,0.0000,-3.1338,-0.4738,3.1368,0.0000,0.0000,0.0000,0
-4703.1636,-28634.3926,24.9425,-5241.4126,-28105.8438,21.9575,0.0000,0.0000,0.0000,0.0000,0.0000,0.0000,-3.1329,-0.4707,3.1358,0.0000,0.0000,0.0000,0
-4703.1636,-28634.3926,24.9425,-5241.3545,-28105.9570,21.9566,0.0000,0.0000,0.0000,0.0000,0.0000,0.0000,-3.1322,-0.4677,3.1351,0.0000,0.0000,0.0000,0
-4703.1636,-28634.3926,24.9425,-5241.2969,-28106.0684,21.9560,0.0000,0.0000,0.0000,0.0000,0.0000,0.0000,-3.1317,-0.4650,3.1345,0.0000,0.0000,0.0000,0
-4703.1636,-28634.3926,24.9425,-5241.2397,-28106.1797,21.9555,0.0000,0.0000,0.0000,0.0000,0.0000,0.0000,-3.1315,-0.4623,3.1341,0.0000,0.0000,0.0000,0
-4703.1636,-28634.3926,24.9425,-5241.1831,-28106.2891,21.9552,0.0000,0.0000,0.0000,0.0000,0.0000,0.0000,-3.1311,-0.4595,3.1336,0.0000,0.0000,0.0000,0
-4703.1636,-28634.3926,24.9425,-5241.1274,-28106.3926,21.9548,0.0000,0.0000,0.0000,0.0000,0.0000,0.0000,-3.1306,-0.4560,3.1332,0.0000,0.0000,0.0000,0
-4703.1636,-28634.3926,24.9425,-5241.0718,-28106.4961,21.9545,0.0000,0.0000,0.0000,0.0000,0.0000,0.0000,-3.1303,-0.4521,3.1329,0.0000,0.0000,0.0000,0
-4703.1636,-28634.3926,24.9425,-5241.0151,-28106.5996,21.9545,0.0000,0.0000,0.0000,0.0000,0.0000,0.0000,-3.1304,-0.4476,3.1330,0.0000,0.0000,0.0000,0
-4703.1636,-28634.3926,24.9425,-5240.9580,-28106.7031,21.9550,0.0000,0.0000,0.0000,0.0000,0.0000,0.0000,-3.1310,-0.4426,3.1337,0.0000,0.0000,0.0000,0
-4703.1636,-28634.3926,24.9425,-5240.8989,-28106.8086,21.9560,0.0000,0.0000,0.0000,0.0000,0.0000,0.0000,-3.1322,-0.4371,3.1349,0.0000,0.0000,0.0000,0
-4703.1636,-28634.3926,24.9425,-5240.8384,-28106.9160,21.9575,0.0000,0.0000,0.0000,0.0000,0.0000,0.0000,-3.1339,-0.4312,3.1365,0.0000,0.0000,0.0000,0
-4703.1636,-28634.3926,24.9425,-5240.7754,-28107.0234,21.9595,0.0000,0.0000,0.0000,0.0000,0.0000,0.0000,-3.1360,-0.4250,3.1385,0.0000,0.0000,0.0000,0
-4703.1636,-28634.3926,24.9425,-5240.7104,-28107.1348,21.9619,0.0000,0.0000,0.0000,0.0000,0.0000,0.0000,-3.1383,-0.4186,3.1407,0.0000,0.0000,0.0000,0
-4703.1636,-28634.3926,24.9425,-5240.6436,-28107.2480,21.9646,0.0000,0.0000,0.0000,0.0000,0.0000,0.0000,-3.1408,-0.4120,-3.1402,0.0000,0.0000,0.0000,0
-4703.1636,-28634.3926,24.9425,-5240.5737,-28107.3652,21.9674,0.0000,0.0000,0.0000,0.0000,0.0000,0.0000,3.1399,-0.4052,-3.1379,0.0000,0.0000,0.0000,0
-4703.1636,-28634.3926,24.9425,-5240.5020,-28107.4844,21.9702,0.0000,0.0000,0.0000,0.0000,0.0000,0.0000,3.1377,-0.3980,-3.1357,0.0000,0.0000,0.0000,0
-4703.1636,-28634.3926,24.9425,-5240.4272,-28107.6055,21.9728,0.0000,0.0000,0.0000,0.0000,0.0000,0.0000,3.1357,-0.3908,-3.1336,0.0000,0.0000,0.0000,0
-4703.1636,-28634.3926,24.9425,-5240.3501,-28107.7305,21.9754,0.0000,0.0000,0.0000,0.0000,0.0000,0.0000,3.1338,-0.3838,-3.1316,0.0000,0.0000,0.0000,0
-4703.1636,-28634.3926,24.9425,-5240.2695,-28107.8594,21.9777,0.0000,0.0000,0.0000,0.0000,0.0000,0.0000,3.1321,-0.3769,-3.1298,0.0000,0.0000,0.0000,0
-4703.1636,-28634.3926,24.9425,-5240.1865,-28107.9922,21.9796,0.0000,0.0000,0.0000,0.0000,0.0000,0.0000,3.1307,-0.3703,-3.1282,0.0000,0.0000,0.0000,0
-4703.1636,-28634.3926,24.9425,-5240.1006,-28108.1270,21.9813,0.0000,0.0000,0.0000,0.0000,0.0000,0.0000,3.1299,-0.3639,-3.1269,0.0000,0.0000,0.0000,0
-4703.1636,-28634.3926,24.9425,-5240.0127,-28108.2637,21.9829,0.0000,0.0000,0.0000,0.0000,0.0000,0.0000,3.1295,-0.3578,-3.1260,0.0000,0.0000,0.0000,0
-4703.1636,-28634.3926,24.9425,-5239.9233,-28108.4004,21.9840,0.0000,0.0000,0.0000,0.0000,0.0000,0.0000,3.1297,-0.3519,-3.1255,0.0000,0.0000,0.0000,0
-4703.1636,-28634.3926,24.9425,-5239.8325,-28108.5391,21.9846,0.0000,0.0000,0.0000,0.0000,0.0000,0.0000,3.1302,-0.3463,-3.1254,0.0000,0.0000,0.0000,0
-4703.1636,-28634.3926,24.9425,-5239.7397,-28108.6797,21.9847,0.0000,0.0000,0.0000,0.0000,0.0000,0.0000,3.1312,-0.3409,-3.1258,0.0000,0.0000,0.0000,0
-4703.1636,-28634.3926,24.9425,-5239.6460,-28108.8184,21.9839,0.0000,0.0000,0.0000,0.0000,0.0000,0.0000,3.1324,-0.3358,-3.1267,0.0000,0.0000,0.0000,0
-4703.1636,-28634.3926,24.9425,-5239.5508,-28108.9590,21.9825,0.0000,0.0000,0.0000,0.0000,0.0000,0.0000,3.1338,-0.3310,-3.1281,0.0000,0.0000,0.0000,0
-4703.1636,-28634.3926,24.9425,-5239.4546,-28109.0977,21.9803,0.0000,0.0000,0.0000,0.0000,0.0000,0.0000,3.1354,-0.3265,-3.1299,0.0000,0.0000,0.0000,0
-4703.1636,-28634.3926,24.9425,-5239.3574,-28109.2363,21.9774,0.0000,0.0000,0.0000,0.0000,0.0000,0.0000,3.1372,-0.3222,-3.1320,0.0000,0.0000,0.0000,0
-4703.1636,-28634.3926,24.9425,-5239.2598,-28109.3750,21.9741,0.0000,0.0000,0.0000,0.0000,0.0000,0.0000,3.1390,-0.3181,-3.1343,0.0000,0.0000,0.0000,0
-4703.1636,-28634.3926,24.9425,-5239.1616,-28109.5117,21.9709,0.0000,0.0000,0.0000,0.0000,0.0000,0.0000,3.1409,-0.3142,-3.1366,0.0000,0.0000,0.0000,0
-4703.1636,-28634.3926,24.9425,-5239.0635,-28109.6484,21.9678,0.0000,0.0000,0.0000,0.0000,0.0000,0.0000,-3.1403,-0.3106,-3.1389,0.0000,0.0000,0.0000,0
-4703.1636,-28634.3926,24.9425,-5238.9658,-28109.7832,21.9649,0.0000,0.0000,0.0000,0.0000,0.0000,0.0000,-3.1385,-0.3071,-3.1410,0.0000,0.0000,0.0000,0
-4703.1636,-28634.3926,24.9425,-5238.8682,-28109.9160,21.9623,0.0000,0.0000,0.0000,0.0000,0.0000,0.0000,-3.1368,-0.3038,3.1402,0.0000,0.0000,0.0000,0
-4703.1636,-28634.3926,24.9425,-5238.7710,-28110.0488,21.9600,0.0000,0.0000,0.0000,0.0000,0.0000,0.0000,-3.1353,-0.3007,3.1385,0.0000,0.0000,0.0000,0
-4703.1636,-28634.3926,24.9425,-5238.6743,-28110.1797,21.9580,0.0000,0.0000,0.0000,0.0000,0.0000,0.0000,-3.1340,-0.2978,3.1369,0.0000,0.0000,0.0000,0
-4703.1636,-28634.3926,24.9425,-5238.5786,-28110.3086,21.9564,0.0000,0.0000,0.0000,0.0000,0.0000,0.0000,-3.1330,-0.2950,3.1357,0.0000,0.0000,0.0000,0
-4703.1636,-28634.3926,24.9425,-5238.4829,-28110.4355,21.9551,0.0000,0.0000,0.0000,0.0000,0.0000,0.0000,-3.1322,-0.2918,3.1347,0.0000,0.0000,0.0000,0
-4703.1636,-28634.3926,24.9425,-5238.3872,-28110.5605,21.9542,0.0000,0.0000,0.0000,0.0000,0.0000,0.0000,-3.1316,-0.2879,3.1340,0.0000,0.0000,0.0000,0
-4703.1636,-28634.3926,24.9425,-5238.2910,-28110.6855,21.9538,0.0000,0.0000,0.0000,0.0000,0.0000,0.0000,-3.1314,-0.2832,3.1339,0.0000,0.0000,0.0000,0
-4703.1636,-28634.3926,24.9425,-5238.1929,-28110.8105,21.9540,0.0000,0.0000,0.0000,0.0000,0.0000,0.0000,-3.1318,-0.2777,3.1343,0.0000,0.0000,0.0000,0
-4703.1636,-28634.3926,24.9425,-5238.0938,-28110.9355,21.9548,0.0000,0.0000,0.0000,0.0000,0.0000,0.0000,-3.1326,-0.2715,3.1352,0.0000,0.0000,0.0000,0
-4703.1636,-28634.3926,24.9425,-5237.9927,-28111.0625,21.9561,0.0000,0.0000,0.0000,0.0000,0.0000,0.0000,-3.1337,-0.2648,3.1365,0.0000,0.0000,0.0000,0
-4703.1636,-28634.3926,24.9425,-5237.8896,-28111.1895,21.9579,0.0000,0.0000,0.0000,0.0000,0.0000,0.0000,-3.1351,-0.2577,3.1380,0.0000,0.0000,0.0000,0
-4703.1636,-28634.3926,24.9425,-5237.7842,-28111.3184,21.9601,0.0000,0.0000,0.0000,0.0000,0.0000,0.0000,-3.1368,-0.2502,3.1398,0.0000,0.0000,0.0000,0
-4703.1636,-28634.3926,24.9425,-5237.6763,-28111.4473,21.9626,0.0000,0.0000,0.0000,0.0000,0.0000,0.0000,-3.1386,-0.2426,-3.1413,0.0000,0.0000,0.0000,0
-4703.1636,-28634.3926,24.9425,-5237.5649,-28111.5801,21.9654,0.0000,0.0000,0.0000,0.0000,0.0000,0.0000,-3.1407,-0.2354,-3.1391,0.0000,0.0000,0.0000,0
-4703.1636,-28634.3926,24.9425,-5237.4502,-28111.7168,21.9684,0.0000,0.0000,0.0000,0.0000,0.0000,0.0000,3.1404,-0.2284,-3.1367,0.0000,0.0000,0.0000,0
-4703.1636,-28634.3926,24.9425,-5237.3320,-28111.8535,21.9714,0.0000,0.0000,0.0000,0.0000,0.0000,0.0000,3.1385,-0.2216,-3.1344,0.0000,0.0000,0.0000,0
-4703.1636,-28634.3926,24.9425,-5237.2114,-28111.9941,21.9742,0.0000,0.0000,0.0000,0.0000,0.0000,0.0000,3.1368,-0.2151,-3.1323,0.0000,0.0000,0.0000,0
-4703.1636,-28634.3926,24.9425,-5237.0879,-28112.1348,21.9765,0.0000,0.0000,0.0000,0.0000,0.0000,0.0000,3.1355,-0.2089,-3.1306,0.0000,0.0000,0.0000,0
-4703.1636,-28634.3926,24.9425,-5236.9624,-28112.2773,21.9784,0.0000,0.0000,0.0000,0.0000,0.0000,0.0000,3.1347,-0.2030,-3.1294,0.0000,0.0000,0.0000,0
-4703.1636,-28634.3926,24.9425,-5236.8345,-28112.4219,21.9798,0.0000,0.0000,0.0000,0.0000,0.0000,0.0000,3.1344,-0.1974,-3.1287,0.0000,0.0000,0.0000,0
-4703.1636,-28634.3926,24.9425,-5236.7056,-28112.5645,21.9807,0.0000,0.0000,0.0000,0.0000,0.0000,0.0000,3.1345,-0.1920,-3.1283,0.0000,0.0000,0.0000,0
-4703.1636,-28634.3926,24.9425,-5236.5752,-28112.7090,21.9811,0.0000,0.0000,0.0000,0.0000,0.0000,0.0000,3.1351,-0.1869,-3.1285,0.0000,0.0000,0.0000,0
-4703.1636,-28634.3926,24.9425,-5236.4434,-28112.8516,21.9808,0.0000,0.0000,0.0000,0.0000,0.0000,0.0000,3.1359,-0.1821,-3.1290,0.0000,0.0000,0.0000,0
-4703.1636,-28634.3926,24.9425,-5236.3110,-28112.9941,21.9798,0.0000,0.0000,0.0000,0.0000,0.0000,0.0000,3.1369,-0.1776,-3.1301,0.0000,0.0000,0.0000,0
-4703.1636,-28634.3926,24.9425,-5236.1772,-28113.1367,21.9781,0.0000,0.0000,0.0000,0.0000,0.0000,0.0000,3.1380,-0.1733,-3.1315,0.0000,0.0000,0.0000,0
-4703.1636,-28634.3926,24.9425,-5236.0430,-28113.2793,21.9757,0.0000,0.0000,0.0000,0.0000,0.0000,0.0000,3.1393,-0.1692,-3.1333,0.0000,0.0000,0.0000,0
-4703.1636,-28634.3926,24.9425,-5235.9087,-28113.4180,21.9729,0.0000,0.0000,0.0000,0.0000,0.0000,0.0000,3.1407,-0.1654,-3.1353,0.0000,0.0000,0.0000,0
-4703.1636,-28634.3926,24.9425,-5235.7739,-28113.5586,21.9701,0.0000,0.0000,0.0000,0.0000,0.0000,0.0000,-3.1411,-0.1617,-3.1373,0.0000,0.0000,0.0000,0
-4703.1636,-28634.3926,24.9425,-5235.6396,-28113.6953,21.9673,0.0000,0.0000,0.0000,0.0000,0.0000,0.0000,-3.1396,-0.1583,-3.1392,0.0000,0.0000,0.0000,0
-4703.1636,-28634.3926,24.9425,-5235.5059,-28113.8320,21.9647,0.0000,0.0000,0.0000,0.0000,0.0000,0.0000,-3.1381,-0.1551,-3.1411,0.0000,0.0000,0.0000,0
-4703.1636,-28634.3926,24.9425,-5235.3726,-28113.9668,21.9623,0.0000,0.0000,0.0000,0.0000,0.0000,0.0000,-3.1368,-0.1520,3.1403,0.0000,0.0000,0.0000,0
-4703.1636,-28634.3926,24.9425,-5235.2397,-28114.1016,21.9601,0.0000,0.0000,0.0000,0.0000,0.0000,0.0000,-3.1356,-0.1491,3.1387,0.0000,0.0000,0.0000,0
-4703.1636,-28634.3926,24.9425,-5235.1084,-28114.2324,21.9580,0.0000,0.0000,0.0000,0.0000,0.0000,0.0000,-3.1344,-0.1459,3.1371,0.0000,0.0000,0.0000,0
-4703.1636,-28634.3926,24.9425,-5234.9785,-28114.3594,21.9561,0.0000,0.0000,0.0000,0.0000,0.0000,0.0000,-3.1332,-0.1420,3.1356,0.0000,0.0000,0.0000,0
-4703.1636,-28634.3926,24.9425,-5234.8496,-28114.4863,21.9545,0.0000,0.0000,0.0000,0.0000,0.0000,0.0000,-3.1322,-0.1370,3.1345,0.0000,0.0000,0.0000,0
-4703.1636,-28634.3926,24.9425,-5234.7197,-28114.6094,21.9534,0.0000,0.0000,0.0000,0.0000,0.0000,0.0000,-3.1316,-0.1312,3.1339,0.0000,0.0000,0.0000,0
-4703.1636,-28634.3926,24.9425,-5234.5889,-28114.7344,21.9529,0.0000,0.0000,0.0000,0.0000,0.0000,0.0000,-3.1314,-0.1245,3.1338,0.0000,0.0000,0.0000,0
-4703.1636,-28634.3926,24.9425,-5234.4570,-28114.8574,21.9530,0.0000,0.0000,0.0000,0.0000,0.0000,0.0000,-3.1316,-0.1172,3.1342,0.0000,0.0000,0.0000,0
-4703.1636,-28634.3926,24.9425,-5234.3237,-28114.9785,21.9537,0.0000,0.0000,0.0000,0.0000,0.0000,0.0000,-3.1323,-0.1092,3.1351,0.0000,0.0000,0.0000,0
-4703.1636,-28634.3926,24.9425,-5234.1885,-28115.1016,21.9550,0.0000,0.0000,0.0000,0.0000,0.0000,0.0000,-3.1332,-0.1008,3.1363,0.0000,0.0000,0.0000,0
-4703.1636,-28634.3926,24.9425,-5234.0513,-28115.2246,21.9568,0.0000,0.0000,0.0000,0.0000,0.0000,0.0000,-3.1343,-0.0920,3.1379,0.0000,0.0000,0.0000,0
-4703.1636,-28634.3926,24.9425,-5233.9111,-28115.3477,21.9590,0.0000,0.0000,0.0000,0.0000,0.0000,0.0000,-3.1357,-0.0832,3.1397,0.0000,0.0000,0.0000,0
-4703.1636,-28634.3926,24.9425,-5233.7676,-28115.4727,21.9617,0.0000,0.0000,0.0000,0.0000,0.0000,0.0000,-3.1374,-0.0747,-3.1413,0.0000,0.0000,0.0000,0
-4703.1636,-28634.3926,24.9425,-5233.6206,-28115.5996,21.9648,0.0000,0.0000,0.0000,0.0000,0.0000,0.0000,-3.1391,-0.0665,-3.1389,0.0000,0.0000,0.0000,0
-4703.1636,-28634.3926,24.9425,-5233.4702,-28115.7285,21.9679,0.0000,0.0000,0.0000,0.0000,0.0000,0.0000,-3.1408,-0.0586,-3.1365,0.0000,0.0000,0.0000,0
-4703.1636,-28634.3926,24.9425,-5233.3164,-28115.8574,21.9709,0.0000,0.0000,0.0000,0.0000,0.0000,0.0000,3.1410,-0.0511,-3.1343,0.0000,0.0000,0.0000,0
-4703.1636,-28634.3926,24.9425,-5233.1602,-28115.9883,21.9735,0.0000,0.0000,0.0000,0.0000,0.0000,0.0000,3.1399,-0.0439,-3.1324,0.0000,0.0000,0.0000,0
-4703.1636,-28634.3926,24.9425,-5233.0015,-28116.1172,21.9757,0.0000,0.0000,0.0000,0.0000,0.0000,0.0000,3.1391,-0.0370,-3.1309,0.0000,0.0000,0.0000,0
-4703.1636,-28634.3926,24.9425,-5232.8403,-28116.2480,21.9773,0.0000,0.0000,0.0000,0.0000,0.0000,0.0000,3.1386,-0.0305,-3.1300,0.0000,0.0000,0.0000,0
-4703.1636,-28634.3926,24.9425,-5232.6777,-28116.3770,21.9784,0.0000,0.0000,0.0000,0.0000,0.0000,0.0000,3.1385,-0.0244,-3.1294,0.0000,0.0000,0.0000,0
-4703.1636,-28634.3926,24.9425,-5232.5142,-28116.5059,21.9791,0.0000,0.0000,0.0000,0.0000,0.0000,0.0000,3.1388,-0.0185,-3.1293,0.0000,0.0000,0.0000,0
-4703.1636,-28634.3926,24.9425,-5232.3486,-28116.6348,21.9791,0.0000,0.0000,0.0000,0.0000,0.0000,0.0000,3.1393,-0.0130,-3.1297,0.0000,0.0000,0.0000,0
-4703.1636,-28634.3926,24.9425,-5232.1826,-28116.7637,21.9785,0.0000,0.0000,0.0000,0.0000,0.0000,0.0000,3.1400,-0.0078,-3.1304,0.0000,0.0000,0.0000,0
-4703.1636,-28634.3926,24.9425,-5232.0161,-28116.8887,21.9771,0.0000,0.0000,0.0000,0.0000,0.0000,0.0000,3.1408,-0.0029,-3.1316,0.0000,0.0000,0.0000,0
-4703.1636,-28634.3926,24.9425,-5231.8486,-28117.0156,21.9753,0.0000,0.0000,0.0000,0.0000,0.0000,0.0000,-3.1415,0.0018,-3.1331,0.0000,0.0000,0.0000,0
-4703.1636,-28634.3926,24.9425,-5231.6812,-28117.1387,21.9731,0.0000,0.0000,0.0000,0.0000,0.0000,0.0000,-3.1405,0.0062,-3.1348,0.0000,0.0000,0.0000,0
-4703.1636,-28634.3926,24.9425,-5231.5137,-28117.2617,21.9706,0.0000,0.0000,0.0000,0.0000,0.0000,0.0000,-3.1395,0.0104,-3.1366,0.0000,0.0000,0.0000,0
-4703.1636,-28634.3926,24.9425,-5231.3467,-28117.3828,21.9681,0.0000,0.0000,0.0000,0.0000,0.0000,0.0000,-3.1385,0.0143,-3.1384,0.0000,0.0000,0.0000,0
-4703.1636,-28634.3926,24.9425,-5231.1802,-28117.5039,21.9656,0.0000,0.0000,0.0000,0.0000,0.0000,0.0000,-3.1375,0.0180,-3.1402,0.0000,0.0000,0.0000,0
-4703.1636,-28634.3926,24.9425,-5231.0142,-28117.6211,21.9633,0.0000,0.0000,0.0000,0.0000,0.0000,0.0000,-3.1366,0.0215,3.1413,0.0000,0.0000,0.0000,0
-4703.1636,-28634.3926,24.9425,-5230.8496,-28117.7383,21.9611,0.0000,0.0000,0.0000,0.0000,0.0000,0.0000,-3.1357,0.0247,3.1397,0.0000,0.0000,0.0000,0
-4703.1636,-28634.3926,24.9425,-5230.6855,-28117.8535,21.9591,0.0000,0.0000,0.0000,0.0000,0.0000,0.0000,-3.1350,0.0279,3.1382,0.0000,0.0000,0.0000,0
-4703.1636,-28634.3926,24.9425,-5230.5234,-28117.9668,21.9572,0.0000,0.0000,0.0000,0.0000,0.0000,0.0000,-3.1343,0.0312,3.1368,0.0000,0.0000,0.0000,0
-4703.1636,-28634.3926,24.9425,-5230.3633,-28118.0762,21.9556,0.0000,0.0000,0.0000,0.0000,0.0000,0.0000,-3.1335,0.0354,3.1355,0.0000,0.0000,0.0000,0
-4703.1636,-28634.3926,24.9425,-5230.2046,-28118.1836,21.9542,0.0000,0.0000,0.0000,0.0000,0.0000,0.0000,-3.1329,0.0405,3.1345,0.0000,0.0000,0.0000,0
-4703.1636,-28634.3926,24.9425,-5230.0454,-28118.2910,21.9532,0.0000,0.0000,0.0000,0.0000,0.0000,0.0000,-3.1325,0.0466,3.1339,0.0000,0.0000,0.0000,0
-4703.1636,-28634.3926,24.9425,-5229.8857,-28118.3945,21.9527,0.0000,0.0000,0.0000,0.0000,0.0000,0.0000,-3.1323,0.0537,3.1339,0.0000,0.0000,0.0000,0
-4703.1636,-28634.3926,24.9425,-5229.7251,-28118.5000,21.9529,0.0000,0.0000,0.0000,0.0000,0.0000,0.0000,-3.1325,0.0614,3.1343,0.0000,0.0000,0.0000,0
-4703.1636,-28634.3926,24.9425,-5229.5630,-28118.6016,21.9536,0.0000,0.0000,0.0000,0.0000,0.0000,0.0000,-3.1330,0.0698,3.1351,0.0000,0.0000,0.0000,0
-4703.1636,-28634.3926,24.9425,-5229.3994,-28118.7051,21.9549,0.0000,0.0000,0.0000,0.0000,0.0000,0.0000,-3.1337,0.0783,3.1364,0.0000,0.0000,0.0000,0
-4703.1636,-28634.3926,24.9425,-5229.2324,-28118.8086,21.9569,0.0000,0.0000,0.0000,0.0000,0.0000,0.0000,-3.1348,0.0867,3.1382,0.0000,0.0000,0.0000,0
-4703.1636,-28634.3926,24.9425,-5229.0625,-28118.9121,21.9594,0.0000,0.0000,0.0000,0.0000,0.0000,0.0000,-3.1360,0.0947,3.1403,0.0000,0.0000,0.0000,0
-4703.1636,-28634.3926,24.9425,-5228.8896,-28119.0156,21.9621,0.0000,0.0000,0.0000,0.0000,0.0000,0.0000,-3.1372,0.1024,-3.1407,0.0000,0.0000,0.0000,0
-4703.1636,-28634.3926,24.9425,-5228.7148,-28119.1191,21.9650,0.0000,0.0000,0.0000,0.0000,0.0000,0.0000,-3.1383,0.1097,-3.1386,0.0000,0.0000,0.0000,0
-4703.1636,-28634.3926,24.9425,-5228.5381,-28119.2227,21.9677,0.0000,0.0000,0.0000,0.0000,0.0000,0.0000,-3.1392,0.1166,-3.1367,0.0000,0.0000,0.0000,0
-4703.1636,-28634.3926,24.9425,-5228.3594,-28119.3262,21.9700,0.0000,0.0000,0.0000,0.0000,0.0000,0.0000,-3.1399,0.1232,-3.1352,0.0000,0.0000,0.0000,0
-4703.1636,-28634.3926,24.9425,-5228.1792,-28119.4297,21.9719,0.0000,0.0000,0.0000,0.0000,0.0000,0.0000,-3.1405,0.1294,-3.1340,0.0000,0.0000,0.0000,0
-4703.1636,-28634.3926,24.9425,-5227.9980,-28119.5312,21.9732,0.0000,0.0000,0.0000,0.0000,0.0000,0.0000,-3.1408,0.1352,-3.1334,0.0000,0.0000,0.0000,0
-4703.1636,-28634.3926,24.9425,-5227.8154,-28119.6309,21.9740,0.0000,0.0000,0.0000,0.0000,0.0000,0.0000,-3.1409,0.1408,-3.1331,0.0000,0.0000,0.0000,0
-4703.1636,-28634.3926,24.9425,-5227.6328,-28119.7324,21.9742,0.0000,0.0000,0.0000,0.0000,0.0000,0.0000,-3.1408,0.1460,-3.1332,0.0000,0.0000,0.0000,0
-4703.1636,-28634.3926,24.9425,-5227.4492,-28119.8301,21.9738,0.0000,0.0000,0.0000,0.0000,0.0000,0.0000,-3.1405,0.1509,-3.1337,0.0000,0.0000,0.0000,0
-4703.1636,-28634.3926,24.9425,-5227.2656,-28119.9277,21.9730,0.0000,0.0000,0.0000,0.0000,0.0000,0.0000,-3.1401,0.1556,-3.1345,0.0000,0.0000,0.0000,0
-4703.1636,-28634.3926,24.9425,-5227.0820,-28120.0254,21.9718,0.0000,0.0000,0.0000,0.0000,0.0000,0.0000,-3.1397,0.1600,-3.1356,0.0000,0.0000,0.0000,0
-4703.1636,-28634.3926,24.9425,-5226.8984,-28120.1211,21.9702,0.0000,0.0000,0.0000,0.0000,0.0000,0.0000,-3.1391,0.1641,-3.1368,0.0000,0.0000,0.0000,0
-4703.1636,-28634.3926,24.9425,-5226.7153,-28120.2148,21.9685,0.0000,0.0000,0.0000,0.0000,0.0000,0.0000,-3.1386,0.1680,-3.1381,0.0000,0.0000,0.0000,0
-4703.1636,-28634.3926,24.9425,-5226.5327,-28120.3086,21.9667,0.0000,0.0000,0.0000,0.0000,0.0000,0.0000,-3.1380,0.1717,-3.1395,0.0000,0.0000,0.0000,0
-4703.1636,-28634.3926,24.9425,-5226.3511,-28120.3984,21.9648,0.0000,0.0000,0.0000,0.0000,0.0000,0.0000,-3.1374,0.1752,-3.1410,0.0000,0.0000,0.0000,0
-4703.1636,-28634.3926,24.9425,-5226.1704,-28120.4902,21.9630,0.0000,0.0000,0.0000,0.0000,0.0000,0.0000,-3.1369,0.1785,3.1408,0.0000,0.0000,0.0000,0
-4703.1636,-28634.3926,24.9425,-5225.9907,-28120.5781,21.9612,0.0000,0.0000,0.0000,0.0000,0.0000,0.0000,-3.1364,0.1816,3.1395,0.0000,0.0000,0.0000,0
-4703.1636,-28634.3926,24.9425,-5225.8135,-28120.6660,21.9595,0.0000,0.0000,0.0000,0.0000,0.0000,0.0000,-3.1359,0.1850,3.1381,0.0000,0.0000,0.0000,0
-4703.1636,-28634.3926,24.9425,-5225.6382,-28120.7500,21.9578,0.0000,0.0000,0.0000,0.0000,0.0000,0.0000,-3.1353,0.1891,3.1368,0.0000,0.0000,0.0000,0
-4703.1636,-28634.3926,24.9425,-5225.4639,-28120.8320,21.9563,0.0000,0.0000,0.0000,0.0000,0.0000,0.0000,-3.1348,0.1943,3.1357,0.0000,0.0000,0.0000,0
-4703.1636,-28634.3926,24.9425,-5225.2900,-28120.9121,21.9552,0.0000,0.0000,0.0000,0.0000,0.0000,0.0000,-3.1343,0.2004,3.1351,0.0000,0.0000,0.0000,0
-4703.1636,-28634.3926,24.9425,-5225.1157,-28120.9922,21.9545,0.0000,0.0000,0.0000,0.0000,0.0000,0.0000,-3.1341,0.2074,3.1349,0.0000,0.0000,0.0000,0
-4703.1636,-28634.3926,24.9425,-5224.9409,-28121.0703,21.9544,0.0000,0.0000,0.0000,0.0000,0.0000,0.0000,-3.1341,0.2151,3.1351,0.0000,0.0000,0.0000,0
-4703.1636,-28634.3926,24.9425,-5224.7646,-28121.1484,21.9548,0.0000,0.0000,0.0000,0.0000,0.0000,0.0000,-3.1343,0.2235,3.1358,0.0000,0.0000,0.0000,0
-4703.1636,-28634.3926,24.9425,-5224.5869,-28121.2246,21.9557,0.0000,0.0000,0.0000,0.0000,0.0000,0.0000,-3.1347,0.2325,3.1368,0.0000,0.0000,0.0000,0
-4703.1636,-28634.3926,24.9425,-5224.4067,-28121.3008,21.9572,0.0000,0.0000,0.0000,0.0000,0.0000,0.0000,-3.1353,0.2414,3.1382,0.0000,0.0000,0.0000,0
-4703.1636,-28634.3926,24.9425,-5224.2231,-28121.3770,21.9593,0.0000,0.0000,0.0000,0.0000,0.0000,0.0000,-3.1360,0.2502,3.1401,0.0000,0.0000,0.0000,0
-4703.1636,-28634.3926,24.9425,-5224.0366,-28121.4531,21.9618,0.0000,0.0000,0.0000,0.0000,0.0000,0.0000,-3.1369,0.2585,-3.1409,0.0000,0.0000,0.0000,0
-4703.1636,-28634.3926,24.9425,-5223.8462,-28121.5293,21.9646,0.0000,0.0000,0.0000,0.0000,0.0000,0.0000,-3.1377,0.2666,-3.1386,0.0000,0.0000,0.0000,0
-4703.1636,-28634.3926,24.9425,-5223.6538,-28121.6035,21.9674,0.0000,0.0000,0.0000,0.0000,0.0000,0.0000,-3.1383,0.2742,-3.1364,0.0000,0.0000,0.0000,0
-4703.1636,-28634.3926,24.9425,-5223.4585,-28121.6797,21.9700,0.0000,0.0000,0.0000,0.0000,0.0000,0.0000,-3.1388,0.2815,-3.1345,0.0000,0.0000,0.0000,0
-4703.1636,-28634.3926,24.9425,-5223.2612,-28121.7539,21.9722,0.0000,0.0000,0.0000,0.0000,0.0000,0.0000,-3.1392,0.2885,-3.1330,0.0000,0.0000,0.0000,0
-4703.1636,-28634.3926,24.9425,-5223.0625,-28121.8262,21.9739,0.0000,0.0000,0.0000,0.0000,0.0000,0.0000,-3.1394,0.2950,-3.1319,0.0000,0.0000,0.0000,0
-4703.1636,-28634.3926,24.9425,-5222.8628,-28121.9004,21.9750,0.0000,0.0000,0.0000,0.0000,0.0000,0.0000,-3.1394,0.3012,-3.1313,0.0000,0.0000,0.0000,0
-4703.1636,-28634.3926,24.9425,-5222.6616,-28121.9707,21.9756,0.0000,0.0000,0.0000,0.0000,0.0000,0.0000,-3.1394,0.3071,-3.1312,0.0000,0.0000,0.0000,0
-4703.1636,-28634.3926,24.9425,-5222.4604,-28122.0410,21.9755,0.0000,0.0000,0.0000,0.0000,0.0000,0.0000,-3.1392,0.3126,-3.1315,0.0000,0.0000,0.0000,0
-4703.1636,-28634.3926,24.9425,-5222.2583,-28122.1094,21.9749,0.0000,0.0000,0.0000,0.0000,0.0000,0.0000,-3.1390,0.3178,-3.1322,0.0000,0.0000,0.0000,0
-4703.1636,-28634.3926,24.9425,-5222.0562,-28122.1777,21.9738,0.0000,0.0000,0.0000,0.0000,0.0000,0.0000,-3.1387,0.3228,-3.1332,0.0000,0.0000,0.0000,0
-4703.1636,-28634.3926,24.9425,-5221.8540,-28122.2441,21.9724,0.0000,0.0000,0.0000,0.0000,0.0000,0.0000,-3.1383,0.3274,-3.1345,0.0000,0.0000,0.0000,0
-4703.1636,-28634.3926,24.9425,-5221.6523,-28122.3086,21.9706,0.0000,0.0000,0.0000,0.0000,0.0000,0.0000,-3.1379,0.3318,-3.1359,0.0000,0.0000,0.0000,0
-4703.1636,-28634.3926,24.9425,-5221.4512,-28122.3730,21.9687,0.0000,0.0000,0.0000,0.0000,0.0000,0.0000,-3.1376,0.3360,-3.1375,0.0000,0.0000,0.0000,0
-4703.1636,-28634.3926,24.9425,-5221.2510,-28122.4355,21.9667,0.0000,0.0000,0.0000,0.0000,0.0000,0.0000,-3.1372,0.3399,-3.1391,0.0000,0.0000,0.0000,0
-4703.1636,-28634.3926,24.9425,-5221.0518,-28122.4980,21.9647,0.0000,0.0000,0.0000,0.0000,0.0000,0.0000,-3.1369,0.3436,-3.1408,0.0000,0.0000,0.0000,0
-4703.1636,-28634.3926,24.9425,-5220.8540,-28122.5586,21.9627,0.0000,0.0000,0.0000,0.0000,0.0000,0.0000,-3.1366,0.3471,3.1408,0.0000,0.0000,0.0000,0
-4703.1636,-28634.3926,24.9425,-5220.6572,-28122.6172,21.9608,0.0000,0.0000,0.0000,0.0000,0.0000,0.0000,-3.1364,0.3503,3.1393,0.0000,0.0000,0.0000,0
-4703.1636,-28634.3926,24.9425,-5220.4619,-28122.6738,21.9591,0.0000,0.0000,0.0000,0.0000,0.0000,0.0000,-3.1362,0.3534,3.1380,0.0000,0.0000,0.0000,0
-4703.1636,-28634.3926,24.9425,-5220.2686,-28122.7305,21.9577,0.0000,0.0000,0.0000,0.0000,0.0000,0.0000,-3.1360,0.3564,3.1368,0.0000,0.0000,0.0000,0
-4703.1636,-28634.3926,24.9425,-5220.0767,-28122.7871,21.9564,0.0000,0.0000,0.0000,0.0000,0.0000,0.0000,-3.1360,0.3591,3.1358,0.0000,0.0000,0.0000,0
-4703.1636,-28634.3926,24.9425,-5219.8867,-28122.8398,21.9554,0.0000,0.0000,0.0000,0.0000,0.0000,0.0000,-3.1359,0.3624,3.1349,0.0000,0.0000,0.0000,0
-4703.1636,-28634.3926,24.9425,-5219.6982,-28122.8926,21.9546,0.0000,0.0000,0.0000,0.0000,0.0000,0.0000,-3.1358,0.3666,3.1343,0.0000,0.0000,0.0000,0
-4703.1636,-28634.3926,24.9425,-5219.5103,-28122.9434,21.9541,0.0000,0.0000,0.0000,0.0000,0.0000,0.0000,-3.1357,0.3718,3.1340,0.0000,0.0000,0.0000,0
-4703.1636,-28634.3926,24.9425,-5219.3223,-28122.9922,21.9541,0.0000,0.0000,0.0000,0.0000,0.0000,0.0000,-3.1356,0.3781,3.1342,0.0000,0.0000,0.0000,0
-4703.1636,-28634.3926,24.9425,-5219.1328,-28123.0410,21.9546,0.0000,0.0000,0.0000,0.0000,0.0000,0.0000,-3.1358,0.3848,3.1349,0.0000,0.0000,0.0000,0
-4703.1636,-28634.3926,24.9425,-5218.9419,-28123.0879,21.9557,0.0000,0.0000,0.0000,0.0000,0.0000,0.0000,-3.1361,0.3914,3.1362,0.0000,0.0000,0.0000,0
-4703.1636,-28634.3926,24.9425,-5218.7485,-28123.1367,21.9573,0.0000,0.0000,0.0000,0.0000,0.0000,0.0000,-3.1364,0.3978,3.1377,0.0000,0.0000,0.0000,0
-4703.1636,-28634.3926,24.9425,-5218.5542,-28123.1836,21.9593,0.0000,0.0000,0.0000,0.0000,0.0000,0.0000,-3.1369,0.4038,3.1394,0.0000,0.0000,0.0000,0
-4703.1636,-28634.3926,24.9425,-5218.3584,-28123.2285,21.9614,0.0000,0.0000,0.0000,0.0000,0.0000,0.0000,-3.1373,0.4096,3.1411,0.0000,0.0000,0.0000,0
-4703.1636,-28634.3926,24.9425,-5218.1621,-28123.2734,21.9634,0.0000,0.0000,0.0000,0.0000,0.0000,0.0000,-3.1377,0.4150,-3.1406,0.0000,0.0000,0.0000,0
-4703.1636,-28634.3926,24.9425,-5217.9648,-28123.3184,21.9653,0.0000,0.0000,0.0000,0.0000,0.0000,0.0000,-3.1380,0.4201,-3.1393,0.0000,0.0000,0.0000,0
-4703.1636,-28634.3926,24.9425,-5217.7676,-28123.3633,21.9669,0.0000,0.0000,0.0000,0.0000,0.0000,0.0000,-3.1382,0.4249,-3.1383,0.0000,0.0000,0.0000,0
-4703.1636,-28634.3926,24.9425,-5217.5698,-28123.4062,21.9681,0.0000,0.0000,0.0000,0.0000,0.0000,0.0000,-3.1384,0.4295,-3.1376,0.0000,0.0000,0.0000,0
-4703.1636,-28634.3926,24.9425,-5217.3721,-28123.4473,21.9689,0.0000,0.0000,0.0000,0.0000,0.0000,0.0000,-3.1385,0.4337,-3.1372,0.0000,0.0000,0.0000,0
-4703.1636,-28634.3926,24.9425,-5217.1743,-28123.4883,21.9693,0.0000,0.0000,0.0000,0.0000,0.0000,0.0000,-3.1385,0.4378,-3.1372,0.0000,0.0000,0.0000,0
-4703.1636,-28634.3926,24.9425,-5216.9771,-28123.5293,21.9693,0.0000,0.0000,0.0000,0.0000,0.0000,0.0000,-3.1385,0.4416,-3.1374,0.0000,0.0000,0.0000,0
-4703.1636,-28634.3926,24.9425,-5216.7803,-28123.5684,21.9689,0.0000,0.0000,0.0000,0.0000,0.0000,0.0000,-3.1385,0.4452,-3.1379,0.0000,0.0000,0.0000,0
-4703.1636,-28634.3926,24.9425,-5216.5840,-28123.6074,21.9681,0.0000,0.0000,0.0000,0.0000,0.0000,0.0000,-3.1384,0.4486,-3.1386,0.0000,0.0000,0.0000,0
-4703.1636,-28634.3926,24.9425,-5216.3882,-28123.6445,21.9672,0.0000,0.0000,0.0000,0.0000,0.0000,0.0000,-3.1384,0.4518,-3.1395,0.0000,0.0000,0.0000,0
-4703.1636,-28634.3926,24.9425,-5216.1938,-28123.6816,21.9661,0.0000,0.0000,0.0000,0.0000,0.0000,0.0000,-3.1383,0.4548,-3.1405,0.0000,0.0000,0.0000,0
-4703.1636,-28634.3926,24.9425,-5216.0000,-28123.7168,21.9648,0.0000,0.0000,0.0000,0.0000,0.0000,0.0000,-3.1382,0.4576,-3.1415,0.0000,0.0000,0.0000,0
-4703.1636,-28634.3926,24.9425,-5215.8076,-28123.7520,21.9635,0.0000,0.0000,0.0000,0.0000,0.0000,0.0000,-3.1382,0.4603,3.1406,0.0000,0.0000,0.0000,0
-4703.1636,-28634.3926,24.9425,-5215.6167,-28123.7871,21.9622,0.0000,0.0000,0.0000,0.0000,0.0000,0.0000,-3.1381,0.4628,3.1395,0.0000,0.0000,0.0000,0
-4703.1636,-28634.3926,24.9425,-5215.4268,-28123.8203,21.9610,0.0000,0.0000,0.0000,0.0000,0.0000,0.0000,-3.1381,0.4651,3.1384,0.0000,0.0000,0.0000,0
-4703.1636,-28634.3926,24.9425,-5215.2388,-28123.8516,21.9598,0.0000,0.0000,0.0000,0.0000,0.0000,0.0000,-3.1380,0.4674,3.1375,0.0000,0.0000,0.0000,0
-4703.1636,-28634.3926,24.9425,-5215.0522,-28123.8848,21.9587,0.0000,0.0000,0.0000,0.0000,0.0000,0.0000,-3.1380,0.4695,3.1366,0.0000,0.0000,0.0000,0
-4703.1636,-28634.3926,24.9425,-5214.8672,-28123.9160,21.9578,0.0000,0.0000,0.0000,0.0000,0.0000,0.0000,-3.1381,0.4715,3.1358,0.0000,0.0000,0.0000,0
-4703.1636,-28634.3926,24.9425,-5214.6836,-28123.9473,21.9571,0.0000,0.0000,0.0000,0.0000,0.0000,0.0000,-3.1381,0.4733,3.1351,0.0000,0.0000,0.0000,0
-4703.1636,-28634.3926,24.9425,-5214.5020,-28123.9766,21.9565,0.0000,0.0000,0.0000,0.0000,0.0000,0.0000,-3.1382,0.4751,3.1346,0.0000,0.0000,0.0000,0
-4703.1636,-28634.3926,24.9425,-5214.3218,-28124.0059,21.9560,0.0000,0.0000,0.0000,0.0000,0.0000,0.0000,-3.1383,0.4768,3.1342,0.0000,0.0000,0.0000,0
-4703.1636,-28634.3926,24.9425,-5214.1436,-28124.0352,21.9557,0.0000,0.0000,0.0000,729.0187,-0.0483,0.0024,-3.1384,0.4783,3.1339,0.0000,0.0000,0.0000,0
-4703.1636,-28634.3926,24.9425,-5213.9668,-28124.0625,21.9556,-4698.7344,-28634.6074,23.3370,725.3381,-0.0493,0.0016,-3.1384,0.4804,3.1337,-4698.7344,-28634.6074,23.3370,1
-4703.1636,-28634.3926,24.9425,-5213.7915,-28124.0898,21.9555,-4699.1182,-28630.0840,22.3828,721.7426,-0.0494,0.0014,-3.1384,0.4835,3.1337,-4698.7480,-28634.4512,23.3040,1
-4703.1636,-28634.3926,24.9425,-5213.6167,-28124.1152,21.9557,-4692.5493,-28628.6465,29.3035,725.3301,-0.0500,0.0029,-3.1383,0.4876,3.1340,-4698.5356,-28634.2363,23.5076,1
-4703.1636,-28634.3926,24.9425,-5213.4409,-28124.1387,21.9562,-4698.0742,-28638.7754,27.4940,728.3361,-0.0467,0.0024,-3.1382,0.4927,3.1347,-4698.5005,-28634.3574,23.6612,1
-4703.1636,-28634.3926,24.9425,-5213.2651,-28124.1641,21.9570,-4700.7529,-28626.2656,25.5441,717.4813,-0.0473,0.0019,-3.1381,0.4987,3.1356,-4698.5581,-28634.0566,23.7567,1
-4703.1636,-28634.3926,24.9425,-5213.0884,-28124.1855,21.9581,-4693.0034,-28623.6348,23.8573,721.0656,-0.0478,0.0014,-3.1381,0.5052,3.1369,-4698.3521,-28633.6484,23.7964,1
-4703.1636,-28634.3926,24.9425,-5212.9102,-28124.2070,21.9595,-4685.3228,-28620.8887,31.4542,724.6504,-0.0484,0.0029,-3.1381,0.5117,3.1383,-4697.8711,-28633.1270,24.0970,1
-4703.1636,-28634.3926,24.9425,-5212.7305,-28124.2285,21.9611,-4696.8906,-28637.4336,28.0260,727.6663,-0.0430,0.0019,-3.1381,0.5179,3.1399,-4697.7622,-28633.1523,24.2937,1
-4703.1636,-28634.3926,24.9425,-5212.5493,-28124.2500,21.9628,-4689.0752,-28613.9336,26.7121,716.8201,-0.0435,0.0014,-3.1388,0.5452,3.1411,-4697.3813,-28632.3730,24.4526,1
-4703.1636,-28634.3926,24.9425,-5212.3667,-28124.2715,21.9644,-4664.3413,-28591.8594,25.4999,720.4016,-0.0441,0.0009,-3.1396,0.5874,-3.1412,-4696.1279,-28630.7949,24.5714,1
-4703.1636,-28634.3926,24.9425,-5212.1836,-28124.2930,21.9658,-4641.7686,-28570.0098,33.2149,723.9835,-0.0427,0.0024,-3.1404,0.6395,-3.1407,-4694.0337,-28628.3867,24.9556,1
-4703.1636,-28634.3926,24.9425,-5212.0000,-28124.3145,21.9669,-4669.3452,-28608.0605,27.8376,726.9891,-0.0228,0.0011,-3.1411,0.6998,-3.1403,-4692.7866,-28627.1777,25.1689,1
-4703.1636,-28634.3926,24.9425,-5211.8164,-28124.3340,21.9676,-4643.8804,-28560.5762,26.0167,716.1514,-0.0233,0.0006,3.1414,0.7693,-3.1404,-4690.6011,-28624.2773,25.3218,1
-4703.1636,-28634.3926,24.9425,-5211.6328,-28124.3555,21.9681,-4606.6001,-28514.1543,24.0991,719.7300,-0.0239,0.0001,3.1406,0.8485,-3.1409,-4687.0420,-28619.6562,25.4051,1
-4703.1636,-28634.3926,24.9425,-5211.4492,-28124.3770,21.9681,-4574.1348,-28466.3301,31.0391,723.3092,-0.0224,0.0016,3.1395,0.9375,3.1413,-4682.2188,-28613.1914,25.7211,1
-4703.1636,-28634.3926,24.9425,-5211.2666,-28124.3965,21.9679,-4651.9434,-28587.7051,27.1694,726.3065,0.0245,0.0007,3.1383,1.0332,3.1398,-4679.8818,-28610.6426,25.9106,1
-4703.1636,-28634.3926,24.9425,-5211.0845,-28124.4180,21.9675,-4615.8472,-28521.4004,24.6398,715.4775,0.0240,0.0002,3.1369,1.1333,3.1378,-4676.2539,-28605.7734,26.0102,1
-4703.1636,-28634.3926,24.9425,-5210.9033,-28124.4395,21.9669,-4578.5762,-28466.7832,21.9738,719.0533,0.0254,-0.0003,3.1352,1.2344,3.1355,-4671.2563,-28598.8965,26.0090,1
-4703.1636,-28634.3926,24.9425,-5210.7236,-28124.4609,21.9662,-4545.3970,-28399.0762,23.6135,719.7739,0.0248,0.0002,3.1329,1.3353,3.1325,-4664.9609,-28589.4512,26.0509,1
-4703.1636,-28634.3926,24.9425,-5210.5449,-28124.4824,21.9654,0.0000,0.0000,0.0000,0.0000,0.0000,0.0000,3.1301,1.4296,3.1290,0.0000,0.0000,0.0000,1
-4703.1636,-28634.3926,24.9425,-5210.3672,-28124.5020,21.9645,0.0000,0.0000,0.0000,0.0000,0.0000,0.0000,3.1161,1.5237,3.1141,0.0000,0.0000,0.0000,0
-4703.1636,-28634.3926,24.9425,-5210.1909,-28124.5234,21.9637,0.0000,0.0000,0.0000,0.0000,0.0000,0.0000,0.0184,1.5237,0.0158,0.0000,0.0000,0.0000,0
-4703.1636,-28634.3926,24.9425,-5210.0166,-28124.5449,21.9628,0.0000,0.0000,0.0000,0.0000,0.0000,0.0000,0.0035,1.4299,0.0002,0.0000,0.0000,0.0000,0
-4703.1636,-28634.3926,24.9425,-5209.8428,-28124.5664,21.9620,0.0000,0.0000,0.0000,4331.4551,-0.0452,0.0008,-0.0019,1.3542,-0.0058,0.0000,0.0000,0.0000,0
-4703.1636,-28634.3926,24.9425,-5209.6704,-28124.5859,21.9612,-1620.8918,-25816.6152,17.9406,4266.8564,-0.0458,0.0003,-0.0048,1.2869,-0.0091,-1620.8918,-25816.6152,17.9406,1
-4703.1636,-28634.3926,24.9425,-5209.4995,-28124.6055,21.9604,-1729.4425,-25619.1191,4.9854,4288.1875,-0.0443,-0.0002,-0.0061,1.2253,-0.0109,-1621.9774,-25814.6406,17.8111,1
-4703.1636,-28634.3926,24.9425,-5209.3301,-28124.6250,21.9597,-1863.7679,-25430.8945,8.4941,4295.2471,-0.0439,-0.0001,-0.0067,1.1687,-0.0119,-1624.5027,-25810.6074,17.7051,1
-4703.1636,-28634.3926,24.9425,-5209.1621,-28124.6426,21.9591,-1390.5311,-26082.8047,30.5191,4330.2534,-0.0039,0.0010,-0.0059,1.1042,-0.0115,-1622.5098,-25812.7539,17.8112,1
-4703.1636,-28634.3926,24.9425,-5208.9951,-28124.6602,21.9586,-1508.3840,-26003.0195,17.4095,4265.6636,-0.0024,0.0005,-0.0070,1.0656,-0.0128,-1621.4833,-25814.3516,17.7978,1
-4703.1636,-28634.3926,24.9425,-5208.8291,-28124.6758,21.9580,-1517.5818,-25944.6035,5.2773,4286.9917,-0.0030,-0.0000,-0.0094,1.0561,-0.0154,-1620.4459,-25815.5391,17.6629,1
-4703.1636,-28634.3926,24.9425,-5208.6646,-28124.6914,21.9575,-1521.0703,-25896.9688,46.0210,4308.3223,-0.0036,0.0015,-0.0107,1.0496,-0.0169,-1619.3510,-25816.3652,17.9244,1
-4703.1636,-28634.3926,24.9425,-5208.5015,-28124.7051,21.9571,-1279.9203,-26306.1816,30.0217,4329.0659,0.0148,0.0011,-0.0109,1.0440,-0.0174,-1615.7571,-25821.3555,18.0513,1
-4703.1636,-28634.3926,24.9425,-5208.3403,-28124.7168,21.9568,-1368.0449,-26270.5527,14.6703,4264.4849,0.0163,0.0006,-0.0090,1.0186,-0.0159,-1612.7446,-25826.4258,18.0355,1
-4703.1636,-28634.3926,24.9425,-5208.1807,-28124.7305,21.9567,-1428.6385,-26104.1484,0.0237,4285.8101,0.0157,0.0001,-0.0067,0.9810,-0.0139,-1610.1235,-25830.2266,17.8700,1
-4703.1636,-28634.3926,24.9425,-5208.0225,-28124.7422,21.9567,-1514.2418,-25909.5371,40.0744,4307.1377,0.0152,0.0016,-0.0047,0.9352,-0.0122,-1608.2032,-25832.3145,18.0888,1
-4703.1636,-28634.3926,24.9425,-5207.8657,-28124.7539,21.9568,-1308.9973,-26225.4961,25.2601,4336.8579,0.0343,0.0011,-0.0042,0.9020,-0.0117,-1604.1558,-25837.6191,18.1792,1
-4703.1636,-28634.3926,24.9425,-5207.7104,-28124.7656,21.9570,-1437.3931,-26134.6328,19.1545,4263.3208,0.0343,0.0008,-0.0040,0.8698,-0.0113,-1601.1375,-25842.3516,18.2148,1
-4703.1636,-28634.3926,24.9425,-5207.5566,-28124.7754,21.9572,-1493.3093,-25988.8184,6.9499,4284.6426,0.0337,0.0003,-0.0037,0.8371,-0.0108,-1598.5448,-25845.8691,18.1289,1
-4703.1636,-28634.3926,24.9425,-5207.4043,-28124.7871,21.9574,-1556.4008,-25842.0547,48.6981,4305.9678,0.0332,0.0018,-0.0033,0.8036,-0.0103,-1596.5038,-25848.0273,18.4502,1
-4703.1636,-28634.3926,24.9425,-5207.2529,-28124.7969,21.9577,-3739.4099,-27370.0879,23.0085,1650.4967,0.0504,0.0010,-0.0033,0.7793,-0.0100,-1627.3112,-25873.2617,18.5648,1
-4703.1636,-28634.3926,24.9425,-5207.1030,-28124.8066,21.9579,-3779.1938,-27347.3027,18.4039,1625.8678,0.0498,0.0005,-0.0033,0.7591,-0.0098,-1661.9471,-25900.3711,18.6146,1
-4703.1636,-28634.3926,24.9425,-5206.9541,-28124.8145,21.9581,-3788.3176,-27314.0352,13.6820,1634.0015,0.0493,-0.0000,-0.0033,0.7420,-0.0096,-1699.2839,-25928.6719,18.5912,1
-4703.1636,-28634.3926,24.9425,-5206.8066,-28124.8242,21.9583,-3791.9597,-27292.7891,14.1654,1641.3822,0.0496,-0.0000,-0.0033,0.7278,-0.0094,-1739.1581,-25958.2383,18.5682,1
-4703.1636,-28634.3926,24.9425,-5206.6597,-28124.8320,21.9584,0.0000,0.0000,0.0000,0.0000,0.0000,0.0000,-0.0036,0.7268,-0.0096,0.0000,0.0000,0.0000,1
-4703.1636,-28634.3926,24.9425,-5206.5142,-28124.8379,21.9585,0.0000,0.0000,0.0000,0.0000,0.0000,0.0000,-0.0039,0.7332,-0.0098,0.0000,0.0000,0.0000,0
-4703.1636,-28634.3926,24.9425,-5206.3696,-28124.8457,21.9586,0.0000,0.0000,0.0000,0.0000,0.0000,0.0000,-0.0042,0.7462,-0.0100,0.0000,0.0000,0.0000,0
-4703.1636,-28634.3926,24.9425,-5206.2266,-28124.8516,21.9586,0.0000,0.0000,0.0000,0.0000,0.0000,0.0000,-0.0045,0.7657,-0.0102,0.0000,0.0000,0.0000,0
-4703.1636,-28634.3926,24.9425,-5206.0840,-28124.8555,21.9585,0.0000,0.0000,0.0000,0.0000,0.0000,0.0000,-0.0052,0.8003,-0.0109,0.0000,0.0000,0.0000,0
-4703.1636,-28634.3926,24.9425,-5205.9429,-28124.8594,21.9585,0.0000,0.0000,0.0000,0.0000,0.0000,0.0000,-0.0060,0.8460,-0.0117,0.0000,0.0000,0.0000,0
-4703.1636,-28634.3926,24.9425,-5205.8027,-28124.8633,21.9584,0.0000,0.0000,0.0000,0.0000,0.0000,0.0000,-0.0070,0.9015,-0.0128,0.0000,0.0000,0.0000,0
-4703.1636,-28634.3926,24.9425,-5205.6636,-28124.8652,21.9583,0.0000,0.0000,0.0000,0.0000,0.0000,0.0000,-0.0082,0.9672,-0.0142,0.0000,0.0000,0.0000,0
-4703.1636,-28634.3926,24.9425,-5205.5264,-28124.8672,21.9583,0.0000,0.0000,0.0000,4323.3701,0.0288,0.0011,-0.0081,1.0181,-0.0143,0.0000,0.0000,0.0000,0
-4703.1636,-28634.3926,24.9425,-5205.3906,-28124.8691,21.9584,-1206.5201,-26659.7500,13.0955,4258.8262,0.0283,0.0006,-0.0059,1.0421,-0.0123,-1206.5201,-26659.7500,13.0955,1
-4703.1636,-28634.3926,24.9425,-5205.2559,-28124.8711,21.9586,-1170.3358,-26697.1250,-1.9133,4280.1406,0.0297,0.0001,-0.0028,1.0441,-0.0095,-1206.1583,-26660.1250,12.9454,1
-4703.1636,-28634.3926,24.9425,-5205.1230,-28124.8711,21.9588,-1153.1366,-26681.3730,38.1205,4301.4531,0.0291,0.0016,-0.0010,1.0454,-0.0076,-1205.5923,-26660.3730,13.1823,1
-4703.1636,-28634.3926,24.9425,-5204.9907,-28124.8730,21.9590,-1263.7604,-26350.4141,30.5377,4322.2725,0.0161,0.0012,-0.0001,1.0464,-0.0067,-1206.0857,-26657.3320,13.3660,1
-4703.1636,-28634.3926,24.9425,-5204.8599,-28124.8770,21.9593,-1327.4795,-26365.8320,17.4797,4257.7363,0.0156,0.0007,0.0002,1.0470,-0.0062,-1207.2689,-26654.1680,13.4344,1
-4703.1636,-28634.3926,24.9425,-5204.7300,-28124.8789,21.9595,-1291.3397,-26394.1758,4.4108,4279.0483,0.0170,0.0002,0.0003,1.0474,-0.0059,-1208.1993,-26651.0312,13.3754,1
-4703.1636,-28634.3926,24.9425,-5204.6011,-28124.8809,21.9597,-1277.2955,-26373.0684,45.3535,4300.3579,0.0165,0.0017,0.0004,1.0477,-0.0057,-1209.0630,-26647.4570,13.7175,1
-4703.1636,-28634.3926,24.9425,-5204.4731,-28124.8828,21.9598,-1268.0930,-26342.3027,30.8267,4321.1948,0.0155,0.0012,0.0004,1.0479,-0.0056,-1209.8943,-26643.3379,13.9426,1
-4703.1636,-28634.3926,24.9425,-5204.3462,-28124.8848,21.9599,-1307.8422,-26411.2734,18.0905,4256.6660,0.0150,0.0007,-0.0005,1.0623,-0.0064,-1211.1730,-26639.6465,14.0549,1
-4703.1636,-28634.3926,24.9425,-5204.2202,-28124.8867,21.9599,-1213.2540,-26482.1035,23.4504,4315.8462,0.0153,0.0009,-0.0016,1.0841,-0.0074,-1211.5896,-26636.4746,14.2238,1
-4703.1636,-28634.3926,24.9425,-5204.0952,-28124.8887,21.9599,-1179.5048,-26612.9414,45.6896,4299.2827,0.0159,0.0017,-0.0027,1.1116,-0.0084,-1211.6663,-26634.4863,14.6225,1
-4703.1636,-28634.3926,24.9425,-5203.9712,-28124.8906,21.9599,-1225.5402,-26440.9688,30.0626,4320.1323,0.0052,0.0011,-0.0032,1.1380,-0.0089,-1212.1704,-26630.7773,14.8921,1
-4703.1636,-28634.3926,24.9425,-5203.8481,-28124.8906,21.9598,-1224.3218,-26617.0566,15.9374,4255.6099,0.0066,0.0006,-0.0036,1.1671,-0.0094,-1212.6705,-26628.6758,15.0329,1
-4703.1636,-28634.3926,24.9425,-5203.7266,-28124.8926,21.9597,-1161.2864,-26728.3594,1.9812,4276.9175,0.0060,0.0001,-0.0042,1.2002,-0.0100,-1212.5471,-26627.6973,15.0337,1
-4703.1636,-28634.3926,24.9425,-5203.6055,-28124.8926,21.9596,-1086.9440,-26844.2891,43.3285,4311.2944,0.0052,0.0016,-0.0050,1.2364,-0.0108,-1211.6302,-26627.9902,15.4348,1
-4703.1636,-28634.3926,24.9425,-5203.4854,-28124.8926,21.9596,-1207.2648,-26486.4023,29.6480,4319.0811,-0.0149,0.0011,-0.0059,1.2755,-0.0118,-1211.8010,-26624.9160,15.7230,1
-4703.1636,-28634.3926,24.9425,-5203.3667,-28124.8926,21.9595,-1189.5862,-26713.9121,15.3100,4254.5659,-0.0135,0.0006,-0.0071,1.3175,-0.0131,-1211.7887,-26624.0078,15.8789,1
-4703.1636,-28634.3926,24.9425,-5203.2490,-28124.8906,21.9595,-1113.7432,-26876.4570,1.1915,4275.8711,-0.0140,0.0001,-0.0089,1.3628,-0.0149,-1210.9960,-26624.8262,15.8915,1
-4703.1636,-28634.3926,24.9425,-5203.1323,-28124.8906,21.9595,-1040.6787,-27057.4805,40.9657,4297.1738,-0.0146,0.0016,-0.0119,1.4115,-0.0180,-1209.3832,-26627.6973,16.2870,1
-4703.1636,-28634.3926,24.9425,-5203.0166,-28124.8887,21.9595,-1198.3635,-26509.8867,29.3147,4318.0439,-0.0430,0.0011,-0.0155,1.4578,-0.0216,-1209.1947,-26625.4941,16.5867,1
-4703.1636,-28634.3926,24.9425,-5202.9019,-28124.8887,21.9596,-1173.7014,-26761.7773,14.8830,4253.5352,-0.0416,0.0006,-0.0249,1.5058,-0.0310,-1208.7507,-26625.7148,16.7518,1
-4703.1636,-28634.3926,24.9425,-5202.7886,-28124.8867,21.9596,-1095.1090,-26941.3496,0.8123,4274.8379,-0.0421,0.0001,-0.0946,1.5549,-0.1007,-1207.4901,-26627.8672,16.7727,1
-4703.1636,-28634.3926,24.9425,-5202.6758,-28124.8848,21.9597,-1023.5967,-27128.9980,40.7300,4296.1382,-0.0427,0.0016,-3.1014,1.5365,-3.1075,-1205.4147,-26632.1855,17.1766,1
-4703.1636,-28634.3926,24.9425,-5202.5645,-28124.8828,21.9598,2233.1294,-26383.2773,28.9434,7636.9321,-0.0485,0.0010,-3.1292,1.4961,-3.1352,-1170.6108,-26629.5020,17.4822,1
-4703.1636,-28634.3926,24.9425,-5202.4536,-28124.8809,21.9598,2176.9912,-26663.2344,4.5047,7522.8252,-0.0491,0.0005,-3.1372,1.4580,3.1401,-1133.3127,-26629.3984,17.5518,1
-4703.1636,-28634.3926,24.9425,-5202.3442,-28124.8789,21.9599,2256.7190,-26891.2207,-19.6997,7560.5073,-0.0496,0.0000,-3.1406,1.4229,3.1367,-1092.2800,-26631.6094,17.3655,1
-4703.1636,-28634.3926,24.9425,-5202.2354,-28124.8770,21.9600,2326.4480,-27099.9180,51.5587,7598.1851,-0.0502,0.0015,3.1408,1.3908,3.1350,-1047.6113,-26636.1465,17.8567,1
-4703.1636,-28634.3926,24.9425,-5202.1274,-28124.8750,21.9600,0.0000,0.0000,0.0000,0.0000,0.0000,0.0000,3.1374,1.3751,3.1317,0.0000,0.0000,0.0000,1
-4703.1636,-28634.3926,24.9425,-5202.0205,-28124.8750,21.9600,0.0000,0.0000,0.0000,0.0000,0.0000,0.0000,3.1341,1.3693,3.1285,0.0000,0.0000,0.0000,0
-4703.1636,-28634.3926,24.9425,-5201.9141,-28124.8730,21.9600,0.0000,0.0000,0.0000,0.0000,0.0000,0.0000,3.1312,1.3721,3.1256,0.0000,0.0000,0.0000,0
-4703.1636,-28634.3926,24.9425,-5201.8086,-28124.8730,21.9600,0.0000,0.0000,0.0000,0.0000,0.0000,0.0000,3.1281,1.3836,3.1226,0.0000,0.0000,0.0000,0
-4703.1636,-28634.3926,24.9425,-5201.7041,-28124.8750,21.9600,0.0000,0.0000,0.0000,0.0000,0.0000,0.0000,3.1234,1.4068,3.1178,0.0000,0.0000,0.0000,0
-4703.1636,-28634.3926,24.9425,-5201.6006,-28124.8750,21.9599,0.0000,0.0000,0.0000,0.0000,0.0000,0.0000,3.1157,1.4402,3.1101,0.0000,0.0000,0.0000,0
-4703.1636,-28634.3926,24.9425,-5201.4980,-28124.8770,21.9599,0.0000,0.0000,0.0000,0.0000,0.0000,0.0000,3.0989,1.4837,3.0931,0.0000,0.0000,0.0000,0
-4703.1636,-28634.3926,24.9425,-5201.3960,-28124.8809,21.9598,0.0000,0.0000,0.0000,0.0000,0.0000,0.0000,3.0207,1.5376,3.0148,0.0000,0.0000,0.0000,0
-4703.1636,-28634.3926,24.9425,-5201.2954,-28124.8848,21.9598,0.0000,0.0000,0.0000,7632.4956,-0.0490,0.0012,0.5353,1.5641,0.5293,0.0000,0.0000,0.0000,0
-4703.1636,-28634.3926,24.9425,-5201.1953,-28124.8867,21.9599,1910.8624,-25686.6543,10.4382,7518.4067,-0.0495,0.0007,0.1034,1.5516,0.0975,1910.8624,-25686.6543,10.4382,1
-4703.1636,-28634.3926,24.9425,-5201.0962,-28124.8906,21.9599,1933.9921,-25638.1445,-9.7043,7556.0825,-0.0501,0.0002,0.0290,1.5501,0.0231,1911.0938,-25686.1699,10.2368,1
-4703.1636,-28634.3926,24.9425,-5200.9980,-28124.8945,21.9599,2014.7584,-25603.9766,43.9633,7643.4673,-0.0500,0.0013,-0.0085,1.5490,-0.0143,1912.1532,-25685.2988,10.5541,1
-4703.1636,-28634.3926,24.9425,-5200.9004,-28124.8965,21.9599,1791.9723,-25974.5449,31.8894,7316.0322,-0.0439,0.0011,-0.0239,1.5481,-0.0298,1911.0769,-25688.0625,10.7809,1
-4703.1636,-28634.3926,24.9425,-5200.8037,-28124.8984,21.9599,1678.7288,-25978.3105,9.5656,7206.6592,-0.0444,0.0006,-0.0291,1.5475,-0.0349,1908.7599,-25691.1211,10.8033,1
-4703.1636,-28634.3926,24.9425,-5200.7080,-28124.9004,21.9599,1731.4934,-26027.0020,-13.2091,7242.7778,-0.0430,0.0001,-0.0301,1.5470,-0.0359,1906.7635,-25694.9258,10.5965,1
-4703.1636,-28634.3926,24.9425,-5200.6128,-28124.9023,21.9600,1758.0081,-25989.7637,55.3963,7278.8921,-0.0435,0.0016,-0.0293,1.5466,-0.0351,1904.8771,-25698.6504,11.0541,1
-4703.1636,-28634.3926,24.9425,-5200.5190,-28124.9043,21.9600,1789.1655,-25968.9141,30.9899,7314.6440,-0.0437,0.0010,-0.0277,1.5463,-0.0334,1903.1742,-25702.4199,11.3073,1
-4703.1636,-28634.3926,24.9425,-5200.4253,-28124.9062,21.9600,1628.0363,-25825.3574,7.0973,7205.2764,-0.0443,0.0005,0.0014,1.5242,-0.0044,1899.7631,-25704.9844,11.3388,1
-4703.1636,-28634.3926,24.9425,-5200.3330,-28124.9082,21.9601,1593.7839,-25619.6758,-17.5893,7241.3931,-0.0428,0.0000,0.0123,1.4867,0.0065,1895.7717,-25705.5840,11.1188,1
-4703.1636,-28634.3926,24.9425,-5200.2417,-28124.9121,21.9601,1490.6040,-25262.3965,49.2689,7277.5059,-0.0434,0.0015,0.0139,1.4392,0.0081,1890.4866,-25702.5215,11.5409,1
-4703.1636,-28634.3926,24.9425,-5200.1509,-28124.9160,21.9602,-1378.5328,-26129.5352,29.1490,4311.1865,-0.0470,0.0012,0.0125,1.3849,0.0067,1856.1631,-25707.7207,11.7953,1
-4703.1636,-28634.3926,24.9425,-5200.0610,-28124.9199,21.9603,-1492.1803,-25892.9277,43.7877,4327.8862,-0.0466,0.0018,0.0107,1.3216,0.0049,1817.8115,-25710.9219,12.2109,1
-4703.1636,-28634.3926,24.9425,-5199.9722,-28124.9238,21.9604,-1702.6506,-25678.6543,2.0669,4268.0073,-0.0461,0.0002,0.0092,1.2501,0.0033,1774.4288,-25712.1309,12.2368,1
-4703.1636,-28634.3926,24.9425,-5199.8843,-28124.9297,21.9606,-1903.6641,-25380.3730,42.7500,4289.2944,-0.0467,0.0017,0.0078,1.1697,0.0020,1725.9928,-25710.3125,12.6590,1
-4703.1636,-28634.3926,24.9425,-5199.7974,-28124.9355,21.9608,-1454.5696,-25991.4844,29.9037,4310.2642,-0.0043,0.0012,0.0067,1.0802,0.0009,1678.9023,-25714.2930,12.9786,1
-4703.1636,-28634.3926,24.9425,-5199.7114,-28124.9434,21.9610,-1707.8984,-25709.5645,17.2805,4245.7998,-0.0029,0.0007,0.0057,0.9838,-0.0001,1626.6161,-25715.6914,13.1858,1
-4703.1636,-28634.3926,24.9425,-5199.6265,-28124.9512,21.9613,-1951.3507,-25357.9141,5.6806,4267.0884,-0.0034,0.0002,0.0044,0.8869,-0.0012,1569.0836,-25713.5547,13.2789,1
-4703.1636,-28634.3926,24.9425,-5199.5425,-28124.9590,21.9615,-2232.6238,-25028.6914,48.7010,4288.3740,-0.0040,0.0017,0.0033,0.7892,-0.0021,1505.7933,-25707.7891,13.7938,1
-4703.1636,-28634.3926,24.9425,-5199.4590,-28124.9668,21.9617,-3784.0562,-27201.8047,23.0049,1689.8483,0.0482,0.0008,0.0023,0.6897,-0.0027,1398.6630,-25730.2949,14.1246,1
-4703.1636,-28634.3926,24.9425,-5199.3760,-28124.9766,21.9619,-3893.2278,-27093.1016,18.7232,1664.5712,0.0497,0.0003,0.0014,0.5900,-0.0032,1282.6544,-25753.3418,14.4013,1
-4703.1636,-28634.3926,24.9425,-5199.2939,-28124.9863,21.9621,-4000.6755,-26957.9766,14.5569,1672.9186,0.0491,-0.0002,0.0007,0.4900,-0.0035,1159.3934,-25775.9375,14.6178,1
-4703.1636,-28634.3926,24.9425,-5199.2129,-28124.9961,21.9622,-4122.6821,-26833.6191,31.5426,1681.2649,0.0486,0.0013,0.0001,0.3896,-0.0037,1028.8279,-25798.0234,15.0836,1
-4703.1636,-28634.3926,24.9425,-5199.1318,-28125.0039,21.9621,0.0000,0.0000,0.0000,0.0000,0.0000,0.0000,-0.0007,0.3035,-0.0040,0.0000,0.0000,0.0000,1
-4703.1636,-28634.3926,24.9425,-5199.0513,-28125.0137,21.9620,0.0000,0.0000,0.0000,0.0000,0.0000,0.0000,-0.0013,0.2193,-0.0042,0.0000,0.0000,0.0000,0
-4703.1636,-28634.3926,24.9425,-5198.9712,-28125.0215,21.9619,0.0000,0.0000,0.0000,0.0000,0.0000,0.0000,-0.0016,0.1350,-0.0043,0.0000,0.0000,0.0000,0
-4703.1636,-28634.3926,24.9425,-5198.8916,-28125.0312,21.9616,0.0000,0.0000,0.0000,0.0000,0.0000,0.0000,-0.0018,0.0505,-0.0043,0.0000,0.0000,0.0000,0
-4703.1636,-28634.3926,24.9425,-5198.8125,-28125.0391,21.9613,0.0000,0.0000,0.0000,0.0000,0.0000,0.0000,-0.0022,-0.0116,-0.0045,0.0000,0.0000,0.0000,0
-4703.1636,-28634.3926,24.9425,-5198.7329,-28125.0449,21.9609,0.0000,0.0000,0.0000,0.0000,0.0000,0.0000,-0.0027,-0.0577,-0.0048,0.0000,0.0000,0.0000,0
-4703.1636,-28634.3926,24.9425,-5198.6543,-28125.0488,21.9604,0.0000,0.0000,0.0000,0.0000,0.0000,0.0000,-0.0029,-0.0940,-0.0051,0.0000,0.0000,0.0000,0
-4703.1636,-28634.3926,24.9425,-5198.5762,-28125.0547,21.9599,0.0000,0.0000,0.0000,0.0000,0.0000,0.0000,-0.0030,-0.1208,-0.0055,0.0000,0.0000,0.0000,0
-4703.1636,-28634.3926,24.9425,-5198.4990,-28125.0586,21.9595,0.0000,0.0000,0.0000,0.0000,0.0000,0.0000,-0.0027,-0.1627,-0.0057,0.0000,0.0000,0.0000,0
-4703.1636,-28634.3926,24.9425,-5198.4219,-28125.0625,21.9591,0.0000,0.0000,0.0000,0.0000,0.0000,0.0000,-0.0026,-0.1805,-0.0061,0.0000,0.0000,0.0000,0
-4703.1636,-28634.3926,24.9425,-5198.3452,-28125.0645,21.9587,0.0000,0.0000,0.0000,0.0000,0.0000,0.0000,-0.0026,-0.1852,-0.0064,0.0000,0.0000,0.0000,0
-4703.1636,-28634.3926,24.9425,-5198.2695,-28125.0664,21.9583,0.0000,0.0000,0.0000,0.0000,0.0000,0.0000,-0.0025,-0.1892,-0.0067,0.0000,0.0000,0.0000,0
-4703.1636,-28634.3926,24.9425,-5198.1943,-28125.0684,21.9581,0.0000,0.0000,0.0000,0.0000,0.0000,0.0000,-0.0022,-0.1925,-0.0070,0.0000,0.0000,0.0000,0
-4703.1636,-28634.3926,24.9425,-5198.1206,-28125.0703,21.9580,0.0000,0.0000,0.0000,0.0000,0.0000,0.0000,-0.0020,-0.1954,-0.0071,0.0000,0.0000,0.0000,0
-4703.1636,-28634.3926,24.9425,-5198.0474,-28125.0723,21.9579,0.0000,0.0000,0.0000,0.0000,0.0000,0.0000,-0.0018,-0.1979,-0.0071,0.0000,0.0000,0.0000,0
-4703.1636,-28634.3926,24.9425,-5197.9746,-28125.0742,21.9580,0.0000,0.0000,0.0000,0.0000,0.0000,0.0000,-0.0015,-0.2001,-0.0071,0.0000,0.0000,0.0000,0
-4703.1636,-28634.3926,24.9425,-5197.9028,-28125.0762,21.9581,0.0000,0.0000,0.0000,0.0000,0.0000,0.0000,-0.0013,-0.2021,-0.0070,0.0000,0.0000,0.0000,0
-4703.1636,-28634.3926,24.9425,-5197.8320,-28125.0762,21.9583,0.0000,0.0000,0.0000,0.0000,0.0000,0.0000,-0.0011,-0.2039,-0.0069,0.0000,0.0000,0.0000,0
-4703.1636,-28634.3926,24.9425,-5197.7617,-28125.0781,21.9585,0.0000,0.0000,0.0000,0.0000,0.0000,0.0000,-0.0010,-0.2055,-0.0067,0.0000,0.0000,0.0000,0
-4703.1636,-28634.3926,24.9425,-5197.6919,-28125.0801,21.9588,0.0000,0.0000,0.0000,0.0000,0.0000,0.0000,-0.0009,-0.2069,-0.0065,0.0000,0.0000,0.0000,0
-4703.1636,-28634.3926,24.9425,-5197.6230,-28125.0820,21.9591,0.0000,0.0000,0.0000,0.0000,0.0000,0.0000,-0.0008,-0.2082,-0.0063,0.0000,0.0000,0.0000,0
-4703.1636,-28634.3926,24.9425,-5197.5547,-28125.0840,21.9594,0.0000,0.0000,0.0000,0.0000,0.0000,0.0000,-0.0007,-0.2094,-0.0060,0.0000,0.0000,0.0000,0
-4703.1636,-28634.3926,24.9425,-5197.4868,-28125.0840,21.9597,0.0000,0.0000,0.0000,0.0000,0.0000,0.0000,-0.0006,-0.2105,-0.0058,0.0000,0.0000,0.0000,0
-4703.1636,-28634.3926,24.9425,-5197.4199,-28125.0859,21.9600,0.0000,0.0000,0.0000,0.0000,0.0000,0.0000,-0.0005,-0.2115,-0.0056,0.0000,0.0000,0.0000,0
-4703.1636,-28634.3926,24.9425,-5197.3530,-28125.0879,21.9602,0.0000,0.0000,0.0000,0.0000,0.0000,0.0000,-0.0005,-0.2124,-0.0054,0.0000,0.0000,0.0000,0
-4703.1636,-28634.3926,24.9425,-5197.2871,-28125.0898,21.9604,0.0000,0.0000,0.0000,0.0000,0.0000,0.0000,-0.0005,-0.2133,-0.0052,0.0000,0.0000,0.0000,0
-4703.1636,-28634.3926,24.9425,-5197.2217,-28125.0918,21.9606,0.0000,0.0000,0.0000,0.0000,0.0000,0.0000,-0.0004,-0.2141,-0.0051,0.0000,0.0000,0.0000,0
-4703.1636,-28634.3926,24.9425,-5197.1567,-28125.0918,21.9608,0.0000,0.0000,0.0000,0.0000,0.0000,0.0000,-0.0004,-0.2148,-0.0049,0.0000,0.0000,0.0000,0
-4703.1636,-28634.3926,24.9425,-5197.0923,-28125.0938,21.9609,0.0000,0.0000,0.0000,0.0000,0.0000,0.0000,-0.0004,-0.2155,-0.0049,0.0000,0.0000,0.0000,0
-4703.1636,-28634.3926,24.9425,-5197.0278,-28125.0957,21.9610,0.0000,0.0000,0.0000,0.0000,0.0000,0.0000,-0.0004,-0.2162,-0.0048,0.0000,0.0000,0.0000,0
-4703.1636,-28634.3926,24.9425,-5196.9644,-28125.0977,21.9611,0.0000,0.0000,0.0000,0.0000,0.0000,0.0000,-0.0004,-0.2168,-0.0047,0.0000,0.0000,0.0000,0
-4703.1636,-28634.3926,24.9425,-5196.9014,-28125.0977,21.9611,0.0000,0.0000,0.0000,0.0000,0.0000,0.0000,-0.0004,-0.2174,-0.0047,0.0000,0.0000,0.0000,0
-4703.1636,-28634.3926,24.9425,-5196.8389,-28125.0996,21.9611,0.0000,0.0000,0.0000,0.0000,0.0000,0.0000,-0.0004,-0.2179,-0.0047,0.0000,0.0000,0.0000,0
-4703.1636,-28634.3926,24.9425,-5196.7769,-28125.1016,21.9611,0.0000,0.0000,0.0000,0.0000,0.0000,0.0000,-0.0004,-0.2184,-0.0047,0.0000,0.0000,0.0000,0
-4703.1636,-28634.3926,24.9425,-5196.7153,-28125.1016,21.9610,0.0000,0.0000,0.0000,0.0000,0.0000,0.0000,-0.0004,-0.2189,-0.0047,0.0000,0.0000,0.0000,0
-4703.1636,-28634.3926,24.9425,-5196.6543,-28125.1035,21.9610,0.0000,0.0000,0.0000,0.0000,0.0000,0.0000,-0.0004,-0.2193,-0.0048,0.0000,0.0000,0.0000,0
-4703.1636,-28634.3926,24.9425,-5196.5938,-28125.1055,21.9609,0.0000,0.0000,0.0000,0.0000,0.0000,0.0000,-0.0004,-0.2198,-0.0048,0.0000,0.0000,0.0000,0
-4703.1636,-28634.3926,24.9425,-5196.5337,-28125.1074,21.9609,0.0000,0.0000,0.0000,0.0000,0.0000,0.0000,-0.0004,-0.2202,-0.0048,0.0000,0.0000,0.0000,0
-4703.1636,-28634.3926,24.9425,-5196.4741,-28125.1074,21.9608,0.0000,0.0000,0.0000,0.0000,0.0000,0.0000,-0.0004,-0.2206,-0.0049,0.0000,0.0000,0.0000,0
-4703.1636,-28634.3926,24.9425,-5196.4155,-28125.1094,21.9608,0.0000,0.0000,0.0000,0.0000,0.0000,0.0000,-0.0004,-0.2209,-0.0049,0.0000,0.0000,0.0000,0
-4703.1636,-28634.3926,24.9425,-5196.3569,-28125.1113,21.9607,0.0000,0.0000,0.0000,0.0000,0.0000,0.0000,-0.0004,-0.2212,-0.0050,0.0000,0.0000,0.0000,0
-4703.1636,-28634.3926,24.9425,-5196.2988,-28125.1113,21.9607,0.0000,0.0000,0.0000,0.0000,0.0000,0.0000,-0.0004,-0.2216,-0.0050,0.0000,0.0000,0.0000,0
-4703.1636,-28634.3926,24.9425,-5196.2412,-28125.1133,21.9606,0.0000,0.0000,0.0000,0.0000,0.0000,0.0000,-0.0003,-0.2219,-0.0051,0.0000,0.0000,0.0000,0
-4703.1636,-28634.3926,24.9425,-5196.1841,-28125.1133,21.9606,0.0000,0.0000,0.0000,0.0000,0.0000,0.0000,-0.0003,-0.2222,-0.0051,0.0000,0.0000,0.0000,0
-4703.1636,-28634.3926,24.9425,-5196.1274,-28125.1152,21.9605,0.0000,0.0000,0.0000,0.0000,0.0000,0.0000,-0.0003,-0.2224,-0.0051,0.0000,0.0000,0.0000,0
-4703.1636,-28634.3926,24.9425,-5196.0713,-28125.1172,21.9605,0.0000,0.0000,0.0000,0.0000,0.0000,0.0000,-0.0003,-0.2227,-0.0051,0.0000,0.0000,0.0000,0
-4703.1636,-28634.3926,24.9425,-5196.0161,-28125.1172,21.9605,0.0000,0.0000,0.0000,0.0000,0.0000,0.0000,-0.0003,-0.2229,-0.0051,0.0000,0.0000,0.0000,0
-4703.1636,-28634.3926,24.9425,-5195.9609,-28125.1191,21.9605,0.0000,0.0000,0.0000,0.0000,0.0000,0.0000,-0.0003,-0.2232,-0.0051,0.0000,0.0000,0.0000,0
-4703.1636,-28634.3926,24.9425,-5195.9062,-28125.1191,21.9605,0.0000,0.0000,0.0000,0.0000,0.0000,0.0000,-0.0003,-0.2234,-0.0051,0.0000,0.0000,0.0000,0
-4703.1636,-28634.3926,24.9425,-5195.8521,-28125.1211,21.9605,0.0000,0.0000,0.0000,0.0000,0.0000,0.0000,-0.0003,-0.2236,-0.0051,0.0000,0.0000,0.0000,0
-4703.1636,-28634.3926,24.9425,-5195.7983,-28125.1230,21.9605,0.0000,0.0000,0.0000,0.0000,0.0000,0.0000,-0.0003,-0.2238,-0.0051,0.0000,0.0000,0.0000,0
-4703.1636,-28634.3926,24.9425,-5195.7451,-28125.1230,21.9606,0.0000,0.0000,0.0000,0.0000,0.0000,0.0000,-0.0003,-0.2240,-0.0051,0.0000,0.0000,0.0000,0
-4703.1636,-28634.3926,24.9425,-5195.6924,-28125.1250,21.9606,0.0000,0.0000,0.0000,0.0000,0.0000,0.0000,-0.0003,-0.2242,-0.0051,0.0000,0.0000,0.0000,0
-4703.1636,-28634.3926,24.9425,-5195.6401,-28125.1250,21.9606,0.0000,0.0000,0.0000,0.0000,0.0000,0.0000,-0.0003,-0.2243,-0.0051,0.0000,0.0000,0.0000,0
-4703.1636,-28634.3926,24.9425,-5195.5884,-28125.1270,21.9606,0.0000,0.0000,0.0000,0.0000,0.0000,0.0000,-0.0003,-0.2245,-0.0050,0.0000,0.0000,0.0000,0
-4703.1636,-28634.3926,24.9425,-5195.5371,-28125.1270,21.9607,0.0000,0.0000,0.0000,0.0000,0.0000,0.0000,-0.0003,-0.2246,-0.0050,0.0000,0.0000,0.0000,0
-4703.1636,-28634.3926,24.9425,-5195.4858,-28125.1289,21.9607,0.0000,0.0000,0.0000,0.0000,0.0000,0.0000,-0.0003,-0.2248,-0.0050,0.0000,0.0000,0.0000,0
-4703.1636,-28634.3926,24.9425,-5195.4355,-28125.1289,21.9607,0.0000,0.0000,0.0000,0.0000,0.0000,0.0000,-0.0003,-0.2249,-0.0050,0.0000,0.0000,0.0000,0
-4703.1636,-28634.3926,24.9425,-5195.3853,-28125.1309,21.9607,0.0000,0.0000,0.0000,0.0000,0.0000,0.0000,-0.0003,-0.2251,-0.0049,0.0000,0.0000,0.0000,0
-4703.1636,-28634.3926,24.9425,-5195.3354,-28125.1309,21.9608,0.0000,0.0000,0.0000,0.0000,0.0000,0.0000,-0.0003,-0.2252,-0.0049,0.0000,0.0000,0.0000,0
-4703.1636,-28634.3926,24.9425,-5195.2861,-28125.1328,21.9608,0.0000,0.0000,0.0000,0.0000,0.0000,0.0000,-0.0003,-0.2253,-0.0049,0.0000,0.0000,0.0000,0
-4703.1636,-28634.3926,24.9425,-5195.2373,-28125.1328,21.9608,0.0000,0.0000,0.0000,0.0000,0.0000,0.0000,-0.0003,-0.2254,-0.0049,0.0000,0.0000,0.0000,0
-4703.1636,-28634.3926,24.9425,-5195.1890,-28125.1348,21.9608,0.0000,0.0000,0.0000,0.0000,0.0000,0.0000,-0.0003,-0.2255,-0.0049,0.0000,0.0000,0.0000,0
-4703.1636,-28634.3926,24.9425,-5195.1411,-28125.1348,21.9608,0.0000,0.0000,0.0000,0.0000,0.0000,0.0000,-0.0003,-0.2256,-0.0049,0.0000,0.0000,0.0000,0
-4703.1636,-28634.3926,24.9425,-5195.0933,-28125.1367,21.9608,0.0000,0.0000,0.0000,0.0000,0.0000,0.0000,-0.0003,-0.2257,-0.0048,0.0000,0.0000,0.0000,0
-4703.1636,-28634.3926,24.9425,-5195.0464,-28125.1367,21.9606,0.0000,0.0000,0.0000,0.0000,0.0000,0.0000,-0.0003,-0.2258,-0.0048,0.0000,0.0000,0.0000,0
-4703.1636,-28634.3926,24.9425,-5194.9995,-28125.1387,21.9605,0.0000,0.0000,0.0000,0.0000,0.0000,0.0000,-0.0003,-0.2259,-0.0048,0.0000,0.0000,0.0000,0
-4703.1636,-28634.3926,24.9425,-5194.9531,-28125.1387,21.9604,0.0000,0.0000,0.0000,0.0000,0.0000,0.0000,-0.0003,-0.2260,-0.0048,0.0000,0.0000,0.0000,0
-4703.1636,-28634.3926,24.9425,-5194.9067,-28125.1406,21.9604,0.0000,0.0000,0.0000,0.0000,0.0000,0.0000,-0.0003,-0.2260,-0.0048,0.0000,0.0000,0.0000,0
-4703.1636,-28634.3926,24.9425,-5194.8613,-28125.1406,21.9604,0.0000,0.0000,0.0000,0.0000,0.0000,0.0000,-0.0003,-0.2261,-0.0048,0.0000,0.0000,0.0000,0
-4703.1636,-28634.3926,24.9425,-5194.8159,-28125.1426,21.9604,0.0000,0.0000,0.0000,0.0000,0.0000,0.0000,-0.0003,-0.2262,-0.0048,0.0000,0.0000,0.0000,0
-4703.1636,-28634.3926,24.9425,-5194.7710,-28125.1426,21.9605,0.0000,0.0000,0.0000,0.0000,0.0000,0.0000,-0.0003,-0.2263,-0.0048,0.0000,0.0000,0.0000,0
-4703.1636,-28634.3926,24.9425,-5194.7266,-28125.1445,21.9605,0.0000,0.0000,0.0000,0.0000,0.0000,0.0000,-0.0003,-0.2263,-0.0048,0.0000,0.0000,0.0000,0
-4703.1636,-28634.3926,24.9425,-5194.6826,-28125.1445,21.9605,0.0000,0.0000,0.0000,0.0000,0.0000,0.0000,-0.0003,-0.2264,-0.0048,0.0000,0.0000,0.0000,0
-4703.1636,-28634.3926,24.9425,-5194.6387,-28125.1445,21.9606,0.0000,0.0000,0.0000,0.0000,0.0000,0.0000,-0.0003,-0.2264,-0.0048,0.0000,0.0000,0.0000,0
