0.0000,0.0000,0.0000,0.0000,0.0000,0.0000,0.0000,0.0000,0.0000,0.0000,0.0000,0.0000,0.0000,0.0000,0.0000,0.0000,0.0000,0.0000,0.0000,0.0000,0
0.0000,0.0000,0.0000,0.0000,0.0000,0.0000,0.0000,0.0000,0.0000,0.0000,0.0000,0.0000,0.0000,0.0000,0.0000,0.0000,0.0000,0.0000,0.0000,0.0000,0
0.0000,0.0000,0.0000,0.0000,0.0000,0.0000,0.0000,0.0000,0.0000,0.0000,0.0000,0.0000,0.0000,0.0000,0.0000,0.0000,0.0000,0.0000,0.0000,0.0000,0
0.0000,0.0000,0.0000,0.0000,0.0000,0.0000,0.0000,0.0000,0.0000,0.0000,0.0000,0.0000,0.0000,0.0000,0.0000,0.0000,0.0000,0.0000,0.0000,0.0000,0
0.0000,0.0000,0.0000,0.0000,0.0000,0.0000,0.0000,0.0000,0.0000,0.0000,0.0000,0.0000,0.0000,0.0000,0.0000,0.0000,0.0000,0.0000,0.0000,0.0000,0
0.0000,0.0000,0.0000,0.0000,0.0000,0.0000,0.0000,0.0000,0.0000,0.0000,0.0000,0.0000,0.0000,0.0000,0.0000,0.0000,0.0000,0.0000,0.0000,0.0000,0
0.0000,0.0000,0.0000,-5252.6138,-28084.4629,22.4979,0.0000,0.0000,0.0000,0.0000,0.0000,0.0000,3.1416,0.7854,3.1416,0.0000,0.0000,0.0000,0.0000,0.0000,0
-4703.1636,-28634.3926,24.9425,-5252.6138,-28084.4629,22.4962,0.0000,0.0000,0.0000,0.0000,0.0000,0.0000,-3.1415,0.7854,-3.1416,0.0000,0.0000,0.0000,0.0000,0.0000,0
-4703.1636,-28634.3926,24.9425,-5252.6138,-28084.4629,22.4917,0.0000,0.0000,0.0000,0.0000,0.0000,0.0000,-3.1415,0.7854,-3.1416,0.0000,0.0000,0.0000,0.0000,0.0000,0
-4703.1636,-28634.3926,24.9425,-5252.6138,-28084.4629,22.4844,0.0000,0.0000,0.0000,0.0000,0.0000,0.0000,-3.1414,0.7854,-3.1415,0.0000,0.0000,0.0000,0.0000,0.0000,0
-4703.1636,-28634.3926,24.9425,-5252.6138,-28084.4629,22.4742,0.0000,0.0000,0.0000,0.0000,0.0000,0.0000,-3.1414,0.7854,-3.1415,0.0000,0.0000,0.0000,0.0000,0.0000,0
-4703.1636,-28634.3926,24.9425,-5252.6138,-28084.4629,22.4612,0.0000,0.0000,0.0000,780.3444,0.0001,-0.0001,-3.1414,0.7854,-3.1415,0.0000,0.0000,0.0000,0.0000,0.0000,0
-4703.1636,-28634.3926,24.9425,-5252.6138,-28084.4629,22.4455,-4696.5703,-28637.4062,29.7428,784.2054,-0.0004,0.0014,-3.1414,0.7854,-3.1415,-4696.5703,-28637.4062,29.7428,0.0004,0.0015,1
-4703.1636,-28634.3926,24.9425,-5252.6138,-28084.4629,22.4270,-4709.8135,-28634.1230,27.2172,772.5140,0.0010,0.0009,-3.1415,0.7854,-3.1415,-4696.9985,-28637.3008,29.6611,0.0004,0.0015,1
-4703.1636,-28634.3926,24.9425,-5252.6138,-28084.4629,22.4058,-4700.6382,-28636.4414,23.2610,780.6141,0.0000,0.0001,-3.1415,0.7854,-3.1414,-4697.1567,-28637.2637,29.4482,0.0004,0.0014,1
-4703.1636,-28634.3926,24.9425,-5252.6138,-28084.4629,22.3820,-4706.4302,-28628.8906,29.2904,771.2061,-0.0003,0.0013,-3.1414,0.7854,-3.1414,-4697.5093,-28636.9785,29.4154,0.0004,0.0014,1
-4703.1636,-28634.3926,24.9425,-5252.6138,-28084.4629,22.3554,-4695.8794,-28636.5566,29.6321,784.0964,-0.0007,0.0014,-3.1414,0.7854,-3.1414,-4697.5381,-28636.9258,29.3946,0.0004,0.0014,1
-4703.1636,-28634.3926,24.9425,-5252.6138,-28084.4629,22.3261,-4700.5190,-28640.0156,24.2153,783.2302,0.0005,0.0003,-3.1414,0.7854,-3.1414,-4697.7080,-28636.9863,29.2025,0.0003,0.0014,1
-4703.1636,-28634.3926,24.9425,-5252.6138,-28084.4629,22.2940,-4704.4858,-28634.1367,24.6222,776.2659,0.0002,0.0004,-3.1414,0.7854,-3.1414,-4698.0088,-28636.8633,29.0126,0.0003,0.0014,1
-4703.1636,-28634.3926,24.9425,-5252.6138,-28084.4629,22.2593,-4703.2295,-28630.5293,24.9471,774.6070,-0.0005,0.0005,-3.1414,0.7854,-3.1414,-4698.2803,-28636.6211,28.8253,0.0003,0.0013,1
-4703.1636,-28634.3926,24.9425,-5252.6138,-28084.4629,22.2218,-4695.2773,-28635.7930,29.5953,783.9875,-0.0009,0.0014,-3.1414,0.7854,-3.1413,-4698.3022,-28636.5371,28.7818,0.0003,0.0013,1
-4703.1636,-28634.3926,24.9425,-5252.6138,-28084.4629,22.1817,-4708.6606,-28632.6758,27.0260,772.2961,0.0006,0.0009,-3.1414,0.7852,-3.1413,-4698.7441,-28636.3535,28.6602,0.0003,0.0013,1
-4703.1636,-28634.3926,24.9425,-5252.6138,-28084.4629,22.1388,-4704.0181,-28633.5156,24.5688,776.1570,0.0000,0.0004,-3.1414,0.7852,-3.1413,-4699.0522,-28636.1914,28.4590,0.0003,0.0013,1
-4703.1636,-28634.3926,24.9425,-5252.6138,-28084.4629,22.0933,-4699.1006,-28634.0547,22.2262,780.0179,-0.0006,-0.0001,-3.1414,0.7852,-3.1413,-4699.2065,-28636.0449,28.1779,0.0003,0.0012,1
-4703.1636,-28634.3926,24.9425,-5252.6138,-28084.4629,22.0451,-4701.5508,-28642.3203,26.7198,784.1514,0.0009,0.0008,-3.1414,0.7852,-3.1413,-4699.4316,-28636.1602,28.0319,0.0002,0.0012,1
-4703.1636,-28634.3926,24.9425,-5252.6138,-28084.4629,21.9942,-4707.7222,-28631.5879,26.9898,772.1875,0.0003,0.0009,-3.1414,0.7852,-3.1413,-4699.8560,-28635.9492,27.8955,0.0002,0.0012,1
-4703.1636,-28634.3926,24.9425,-5252.6118,-28084.4629,21.9455,-4703.1123,-28632.4590,23.9878,776.0484,-0.0003,0.0004,3.1407,0.7851,3.1394,-4700.1406,-28635.7598,27.6650,0.0002,0.0013,1
-4703.1636,-28634.3926,24.9425,-5252.6074,-28084.4609,21.9045,-4698.5264,-28633.3242,21.0812,779.9083,-0.0008,0.0001,3.1396,0.7850,3.1358,-4700.2769,-28635.5938,27.3385,0.0002,0.0014,1
-4703.1636,-28634.3926,24.9425,-5252.6025,-28084.4609,21.8724,-4700.8555,-28641.1055,26.8799,783.7692,0.0006,0.0016,3.1394,0.7849,3.1327,-4700.4756,-28635.6777,27.1895,0.0002,0.0017,1
-4703.1636,-28634.3926,24.9425,-5252.5962,-28084.4609,21.8493,-4704.2046,-28636.5273,23.7585,778.1432,0.0004,0.0014,3.1399,0.7848,3.1297,-4700.7749,-28635.6289,26.9453,0.0002,0.0021,1
-4703.1636,-28634.3926,24.9425,-5252.5894,-28084.4609,21.8352,-4705.5640,-28631.8047,21.5926,773.8315,-0.0001,0.0014,3.1411,0.7847,3.1268,-4701.1182,-28635.4336,26.6295,0.0002,0.0026,1
-4703.1636,-28634.3926,24.9425,-5252.5815,-28084.4629,21.8300,-4704.9697,-28639.6016,19.3599,779.7798,0.0010,0.0016,-3.1402,0.7846,3.1242,-4701.4429,-28635.4863,26.2387,0.0001,0.0031,1
-4703.1636,-28634.3926,24.9425,-5252.5732,-28084.4648,21.8331,-4700.2646,-28640.3965,23.4746,783.6406,0.0004,0.0031,-3.1374,0.7846,3.1223,-4701.6162,-28635.5742,25.9723,0.0001,0.0037,1
-4703.1636,-28634.3926,24.9425,-5252.5659,-28084.4688,21.8431,-4706.6206,-28630.2227,17.9477,771.9495,-0.0001,0.0026,-3.1338,0.7846,3.1218,-4701.9824,-28635.3477,25.5281,0.0001,0.0042,1
-4703.1636,-28634.3926,24.9425,-5252.5601,-28084.4707,21.8579,-4701.9946,-28630.9961,12.9732,775.8103,-0.0007,0.0021,-3.1300,0.7848,3.1226,-4702.1997,-28635.1387,24.9165,0.0000,0.0046,1
-4703.1636,-28634.3926,24.9425,-5252.5566,-28084.4746,21.8752,-4704.0986,-28638.5879,20.6816,779.6348,0.0007,0.0039,-3.1265,0.7849,3.1247,-4702.4751,-28635.1680,24.5372,-0.0000,0.0048,1
-4703.1636,-28634.3926,24.9425,-5252.5552,-28084.4785,21.8926,-4699.3193,-28639.2676,27.4178,783.4954,0.0002,0.0054,-3.1238,0.7851,3.1275,-4702.5918,-28635.2305,24.3756,-0.0001,0.0049,1
-4703.1636,-28634.3926,24.9425,-5252.5562,-28084.4805,21.9085,-4705.5981,-28629.0293,25.2206,771.8048,-0.0004,0.0049,-3.1222,0.7853,3.1303,-4702.8936,-28634.9746,24.1618,-0.0001,0.0048,1
-4703.1636,-28634.3926,24.9425,-5252.5581,-28084.4824,21.9225,-4700.8872,-28629.7656,23.7332,775.6655,-0.0009,0.0044,-3.1219,0.7854,3.1323,-4703.0405,-28634.7324,23.9127,-0.0001,0.0046,1
-4703.1636,-28634.3926,24.9425,-5252.5605,-28084.4824,21.9344,-4703.4663,-28628.8516,28.3126,773.2126,-0.0007,0.0051,-3.1229,0.7856,3.1334,-4703.2563,-28634.4512,23.8214,-0.0001,0.0043,1
-4703.1636,-28634.3926,24.9425,-5252.5635,-28084.4805,21.9443,-4698.6577,-28638.3594,32.5959,783.3764,0.0001,0.0056,-3.1243,0.7857,3.1344,-4703.3110,-28634.4688,23.8847,-0.0002,0.0040,1
-4703.1636,-28634.3926,24.9425,-5252.5669,-28084.4805,21.9522,-4704.9780,-28628.1484,31.7166,771.6860,-0.0005,0.0051,-3.1256,0.7858,3.1356,-4703.5493,-28634.1719,23.9517,-0.0002,0.0036,1
-4703.1636,-28634.3926,24.9425,-5252.5713,-28084.4785,21.9581,-4707.1758,-28635.7988,31.1735,775.5466,0.0009,0.0046,-3.1271,0.7859,3.1369,-4703.8530,-28634.1113,24.0248,-0.0002,0.0033,1
-4703.1636,-28634.3926,24.9425,-5252.5757,-28084.4766,21.9621,-4702.7319,-28636.9082,24.1334,779.4224,0.0005,0.0028,-3.1287,0.7860,3.1381,-4704.0127,-28634.0957,23.8932,-0.0002,0.0028,1
-4703.1636,-28634.3926,24.9425,-5252.5801,-28084.4746,21.9644,-4698.0791,-28637.5996,33.5481,783.2831,-0.0001,0.0043,-3.1305,0.7861,3.1392,-4704.0132,-28634.1133,24.0684,-0.0003,0.0025,1
-4703.1636,-28634.3926,24.9425,-5252.5850,-28084.4727,21.9652,-4704.4258,-28627.4023,33.0511,771.5924,-0.0006,0.0038,-3.1326,0.7861,3.1402,-4704.1953,-28633.8125,24.2581,-0.0003,0.0021,1
-4703.1636,-28634.3926,24.9425,-5252.5903,-28084.4707,21.9651,-4699.1240,-28637.6016,33.0802,782.5508,0.0001,0.0033,-3.1346,0.7862,3.1412,-4704.2017,-28633.8301,24.4680,-0.0003,0.0017,1
-4703.1636,-28634.3926,24.9425,-5252.5952,-28084.4688,21.9649,-4702.0405,-28636.0645,24.1393,779.3378,0.0003,0.0011,-3.1365,0.7863,-3.1411,-4704.2822,-28633.8105,24.4138,-0.0003,0.0013,1
-4703.1636,-28634.3926,24.9425,-5252.5991,-28084.4668,21.9651,-4697.4175,-28636.7891,33.1932,783.1985,-0.0003,0.0026,-3.1383,0.7863,-3.1407,-4704.2046,-28633.8242,24.6500,-0.0003,0.0010,1
-4703.1636,-28634.3926,24.9425,-5252.6030,-28084.4629,21.9656,-4699.0645,-28641.2832,30.9160,785.1914,0.0006,0.0019,-3.1399,0.7864,-3.1405,-4704.1592,-28633.9902,24.8331,-0.0003,0.0007,1
-4703.1636,-28634.3926,24.9425,-5252.6060,-28084.4629,21.9664,-4705.9946,-28634.3223,30.5807,775.3683,0.0006,0.0016,-3.1412,0.7864,-3.1405,-4704.3193,-28633.9531,25.0216,-0.0003,0.0006,1
-4703.1636,-28634.3926,24.9425,-5252.6084,-28084.4609,21.9671,-4701.3975,-28635.2754,22.9265,779.2498,0.0001,-0.0001,3.1410,0.7864,-3.1405,-4704.3311,-28633.9492,24.9754,-0.0003,0.0004,1
-4703.1636,-28634.3926,24.9425,-5252.6099,-28084.4590,21.9678,-4696.7759,-28636.0391,30.7961,783.1107,-0.0005,0.0014,3.1403,0.7864,-3.1406,-4704.1846,-28633.9746,25.1755,-0.0003,0.0003,1
-4703.1636,-28634.3926,24.9425,-5252.6113,-28084.4590,21.9682,-4710.0186,-28632.7676,28.4852,771.4193,0.0010,0.0009,3.1399,0.7864,-3.1407,-4704.4438,-28633.9004,25.3148,-0.0003,0.0003,1
-4703.1636,-28634.3926,24.9425,-5252.6123,-28084.4570,21.9685,-4705.3779,-28633.6191,26.1173,775.2802,0.0004,0.0004,3.1398,0.7864,-3.1408,-4704.5615,-28633.8535,25.3827,-0.0004,0.0003,1
-4703.1636,-28634.3926,24.9425,-5252.6123,-28084.4570,21.9685,-4700.7231,-28634.4473,22.0253,779.1490,-0.0001,-0.0004,3.1399,0.7864,-3.1409,-4704.5278,-28633.8340,25.3189,-0.0003,0.0003,1
-4703.1636,-28634.3926,24.9425,-5252.6123,-28084.4570,21.9682,-4711.1406,-28632.7148,27.9147,770.5895,0.0011,0.0008,3.1402,0.7864,-3.1410,-4704.8188,-28633.7617,25.4361,-0.0004,0.0004,1
-4703.1636,-28634.3926,24.9425,-5252.6123,-28084.4570,21.9678,-4709.3403,-28631.9727,26.2050,771.3185,0.0008,0.0006,3.1406,0.7864,-3.1411,-4705.0610,-28633.6660,25.5016,-0.0004,0.0005,1
-4703.1636,-28634.3926,24.9425,-5252.6118,-28084.4590,21.9672,-4704.7026,-28632.8184,23.3177,775.1794,0.0002,0.0001,3.1411,0.7864,-3.1412,-4705.1587,-28633.5938,25.4737,-0.0004,0.0006,1
-4703.1636,-28634.3926,24.9425,-5252.6108,-28084.4590,21.9665,-4700.0361,-28633.6055,21.6262,779.0383,-0.0003,-0.0002,-3.1414,0.7864,-3.1413,-4705.1006,-28633.5488,25.3854,-0.0004,0.0007,1
-4703.1636,-28634.3926,24.9425,-5252.6104,-28084.4590,21.9657,-4702.3511,-28641.3340,28.4463,782.8992,0.0011,0.0013,-3.1408,0.7864,-3.1414,-4705.1021,-28633.7520,25.5059,-0.0004,0.0008,1
-4703.1636,-28634.3926,24.9425,-5252.6094,-28084.4609,21.9649,-4702.6597,-28637.7676,18.7599,780.1323,0.0006,-0.0005,-3.1401,0.7864,-3.1414,-4705.1030,-28633.8594,25.3216,-0.0004,0.0009,1
-4703.1636,-28634.3926,24.9425,-5252.6084,-28084.4609,21.9641,-4704.0103,-28631.9766,22.4345,775.0687,-0.0000,0.0003,-3.1395,0.7864,-3.1415,-4705.1387,-28633.7910,25.2391,-0.0004,0.0010,1
-4703.1636,-28634.3926,24.9425,-5252.6074,-28084.4629,21.9633,-4707.5171,-28635.8574,24.1070,775.3454,0.0011,0.0008,-3.1389,0.7864,-3.1415,-4705.2817,-28633.8438,25.2040,-0.0005,0.0011,1
-4703.1636,-28634.3926,24.9425,-5252.6064,-28084.4629,21.9626,-4701.8179,-28640.6543,28.5523,782.7844,0.0009,0.0018,-3.1383,0.7861,-3.1415,-4705.2441,-28634.0547,25.3088,-0.0004,0.0012,1
-4703.1636,-28634.3926,24.9425,-5252.6060,-28084.4629,21.9620,-4708.1284,-28630.4668,25.6431,771.0929,0.0003,0.0013,-3.1378,0.7861,-3.1416,-4705.3989,-28633.9531,25.3279,-0.0004,0.0013,1
-4703.1636,-28634.3926,24.9425,-5252.6050,-28084.4648,21.9614,-4703.4897,-28631.3008,22.8877,774.9538,-0.0002,0.0008,-3.1374,0.7861,3.1416,-4705.4067,-28633.8691,25.2583,-0.0004,0.0013,1
-4703.1636,-28634.3926,24.9425,-5252.6045,-28084.4648,21.9610,-4698.6890,-28631.9355,21.8504,778.8087,-0.0008,0.0006,-3.1371,0.7861,3.1416,-4705.2539,-28633.8008,25.1503,-0.0004,0.0014,1
-4703.1636,-28634.3926,24.9425,-5252.6040,-28084.4648,21.9607,-4701.1250,-28639.8066,29.0129,782.6696,0.0006,0.0021,-3.1368,0.7858,3.1416,-4705.1631,-28633.9824,25.2646,-0.0004,0.0014,1
-4703.1636,-28634.3926,24.9425,-5252.6035,-28084.4648,21.9605,-4707.4497,-28629.6289,26.3461,770.9783,0.0001,0.0016,-3.1366,0.7858,3.1416,-4705.2646,-28633.8477,25.3025,-0.0004,0.0015,1
-4703.1636,-28634.3926,24.9425,-5252.6030,-28084.4648,21.9604,-4706.4868,-28630.7168,22.8793,772.4178,0.0001,0.0009,-3.1365,0.7858,3.1415,-4705.3389,-28633.7402,25.2303,-0.0004,0.0015,1
-4703.1636,-28634.3926,24.9425,-5252.6030,-28084.4668,21.9603,-4705.0811,-28638.1738,22.0741,778.6967,0.0009,0.0007,-3.1365,0.7856,3.1415,-4705.3682,-28633.8652,25.1276,-0.0003,0.0015,1
-4703.1636,-28634.3926,24.9425,-5252.6030,-28084.4668,21.9603,-4700.4556,-28638.9805,29.4557,782.5575,0.0004,0.0022,-3.1365,0.7855,3.1415,-4705.2480,-28634.0254,25.2546,-0.0003,0.0015,1
-4703.1636,-28634.3926,24.9425,-5252.6030,-28084.4668,21.9604,-4706.7949,-28628.8125,26.9755,770.8663,-0.0002,0.0017,-3.1366,0.7855,3.1415,-4705.3188,-28633.8711,25.3127,-0.0003,0.0015,1
-4703.1636,-28634.3926,24.9425,-5252.6030,-28084.4668,21.9605,-4702.1528,-28629.6328,24.6412,774.7271,-0.0007,0.0012,-3.1367,0.7855,3.1415,-4705.2422,-28633.7305,25.2988,-0.0003,0.0015,1
-4703.1636,-28634.3926,24.9425,-5252.6030,-28084.4668,21.9607,-4704.2710,-28637.2168,22.1997,778.5871,0.0007,0.0007,-3.1368,0.7855,3.1415,-4705.2261,-28633.8262,25.2047,-0.0003,0.0014,1
-4703.1636,-28634.3926,24.9425,-5252.6030,-28084.4648,21.9609,-4706.1221,-28637.7129,25.9505,777.6465,0.0010,0.0015,-3.1369,0.7855,3.1415,-4705.2671,-28633.9453,25.2245,-0.0003,0.0014,1
-4703.1636,-28634.3926,24.9425,-5252.6035,-28084.4648,21.9611,-4705.9976,-28627.8516,27.2863,770.7568,-0.0004,0.0017,-3.1371,0.7855,3.1415,-4705.3052,-28633.7559,25.2895,-0.0003,0.0014,1
-4703.1636,-28634.3926,24.9425,-5252.6035,-28084.4648,21.9613,-4708.2344,-28635.5469,25.0066,774.6176,0.0010,0.0012,-3.1373,0.7855,3.1415,-4705.4165,-28633.8008,25.2851,-0.0003,0.0014,1
-4703.1636,-28634.3926,24.9425,-5252.6035,-28084.4648,21.9615,-4703.5913,-28636.3867,22.2136,778.4792,0.0004,0.0006,-3.1374,0.7855,3.1415,-4705.3838,-28633.8770,25.1901,-0.0003,0.0013,1
-4703.1636,-28634.3926,24.9425,-5252.6040,-28084.4648,21.9617,-4698.9634,-28637.1758,29.7080,782.3400,-0.0001,0.0021,-3.1376,0.7855,3.1415,-4705.1982,-28633.9844,25.3286,-0.0003,0.0013,1
-4703.1636,-28634.3926,24.9425,-5252.6040,-28084.4648,21.9619,-4705.3306,-28627.0234,27.2893,770.6487,-0.0007,0.0016,-3.1377,0.7855,3.1415,-4705.2021,-28633.7695,25.4004,-0.0003,0.0013,1
-4703.1636,-28634.3926,24.9425,-5252.6045,-28084.4648,21.9620,-4707.5562,-28634.7227,24.9790,774.5096,0.0008,0.0011,-3.1379,0.7855,3.1416,-4705.2778,-28633.7910,25.4010,-0.0003,0.0013,1
-4703.1636,-28634.3926,24.9425,-5252.6045,-28084.4648,21.9622,-4702.9116,-28635.5566,22.1573,778.3715,0.0002,0.0005,-3.1380,0.7855,3.1416,-4705.2090,-28633.8398,25.3095,-0.0003,0.0013,1
-4703.1636,-28634.3926,24.9425,-5252.6045,-28084.4648,21.9623,-4698.4111,-28636.4688,29.5979,782.2323,-0.0003,0.0020,-3.1381,0.7853,3.1416,-4704.9917,-28633.9219,25.4490,-0.0003,0.0013,1
-4703.1636,-28634.3926,24.9425,-5252.6050,-28084.4648,21.9624,-4704.7925,-28626.3281,27.1236,770.5410,-0.0009,0.0015,-3.1381,0.7853,3.1416,-4704.9644,-28633.6836,25.5191,-0.0002,0.0013,1
-4703.1636,-28634.3926,24.9425,-5252.6050,-28084.4648,21.9624,-4707.0103,-28634.0312,24.7526,774.4019,0.0006,0.0010,-3.1382,0.7853,3.1416,-4705.0088,-28633.6758,25.5150,-0.0002,0.0013,1
-4703.1636,-28634.3926,24.9425,-5252.6050,-28084.4648,21.9625,-4704.6045,-28635.8867,22.2605,777.4109,0.0005,0.0005,-3.1382,0.7853,3.1416,-4704.9810,-28633.7324,25.4285,-0.0002,0.0012,1
-4703.1636,-28634.3926,24.9425,-5252.6050,-28084.4629,21.9625,-4697.5977,-28635.4980,29.4634,782.1241,-0.0006,0.0020,-3.1383,0.7853,3.1416,-4704.7290,-28633.7793,25.5651,-0.0002,0.0013,1
-4703.1636,-28634.3926,24.9425,-5252.6050,-28084.4629,21.9625,-4710.8345,-28632.2168,26.9370,770.4329,0.0009,0.0015,-3.1383,0.7853,3.1416,-4704.8887,-28633.7246,25.6297,-0.0002,0.0013,1
-4703.1636,-28634.3926,24.9425,-5252.6050,-28084.4629,21.9625,-4706.1982,-28633.0684,24.5151,774.2938,0.0003,0.0010,-3.1382,0.7853,3.1416,-4704.9121,-28633.6953,25.6179,-0.0002,0.0013,1
-4703.1636,-28634.3926,24.9425,-5252.6050,-28084.4629,21.9625,-4702.6416,-28630.7637,21.2782,775.1791,-0.0005,0.0003,-3.1382,0.7853,3.1416,-4704.8242,-28633.5918,25.4982,-0.0002,0.0013,1
-4703.1636,-28634.3926,24.9425,-5252.6050,-28084.4629,21.9624,-4696.9219,-28634.6621,29.3684,782.0153,-0.0008,0.0020,-3.1382,0.7853,3.1416,-4704.5503,-28633.6055,25.6285,-0.0001,0.0013,1
-4703.1636,-28634.3926,24.9425,-5252.6050,-28084.4629,21.9624,-4710.1616,-28631.3984,26.8145,770.3240,0.0006,0.0014,-3.1382,0.7853,3.1416,-4704.6870,-28633.5195,25.6854,-0.0001,0.0013,1
-4703.1636,-28634.3926,24.9425,-5252.6050,-28084.4648,21.9623,-4705.5244,-28632.2461,24.3700,774.1848,0.0001,0.0009,-3.1381,0.7853,3.1416,-4704.6865,-28633.4551,25.6648,-0.0001,0.0013,1
-4703.1636,-28634.3926,24.9425,-5252.6050,-28084.4648,21.9623,-4700.8799,-28633.0586,21.9980,778.0450,-0.0005,0.0005,-3.1381,0.7853,3.1416,-4704.5400,-28633.4160,25.5644,-0.0001,0.0013,1
-4703.1636,-28634.3926,24.9425,-5252.6050,-28084.4648,21.9622,-4703.1934,-28640.7734,29.3295,781.9059,0.0010,0.0020,-3.1380,0.7853,3.1416,-4704.4609,-28633.6250,25.6906,-0.0001,0.0013,1
-4703.1636,-28634.3926,24.9425,-5252.6050,-28084.4648,21.9622,-4709.4897,-28630.5781,26.7731,770.2147,0.0004,0.0015,-3.1380,0.7853,3.1416,-4704.5845,-28633.5215,25.7432,-0.0001,0.0014,1
-4703.1636,-28634.3926,24.9425,-5252.6050,-28084.4648,21.9621,-4704.8511,-28631.4180,24.3306,774.0755,-0.0001,0.0010,-3.1380,0.7853,3.1416,-4704.5698,-28633.4414,25.7182,-0.0001,0.0014,1
-4703.1636,-28634.3926,24.9425,-5252.6045,-28084.4648,21.9621,-4700.2061,-28632.2266,21.9910,777.9355,-0.0007,0.0005,-3.1379,0.7853,3.1416,-4704.4077,-28633.3828,25.6143,-0.0001,0.0013,1
-4703.1636,-28634.3926,24.9425,-5252.6045,-28084.4648,21.9621,-4702.5078,-28639.9414,29.3308,781.7964,0.0008,0.0020,-3.1379,0.7853,3.1416,-4704.3115,-28633.5684,25.7372,-0.0001,0.0014,1
-4703.1636,-28634.3926,24.9425,-5252.6045,-28084.4648,21.9620,-4708.8188,-28629.7559,26.7864,770.1051,0.0002,0.0015,-3.1379,0.7853,3.1416,-4704.4170,-28633.4414,25.7868,-0.0001,0.0014,1
-4703.1636,-28634.3926,24.9425,-5252.6045,-28084.4648,21.9620,-4704.1792,-28630.5898,24.3577,773.9660,-0.0004,0.0010,-3.1379,0.7853,3.1416,-4704.3833,-28633.3359,25.7593,-0.0001,0.0014,1
-4703.1636,-28634.3926,24.9425,-5252.6045,-28084.4648,21.9620,-4699.5332,-28631.3906,21.9924,777.8261,-0.0009,0.0005,-3.1378,0.7853,3.1416,-4704.2007,-28633.2500,25.6522,-0.0000,0.0014,1
-4703.1636,-28634.3926,24.9425,-5252.6045,-28084.4648,21.9620,-4701.8242,-28639.1094,29.3463,781.6870,0.0005,0.0020,-3.1378,0.7853,3.1416,-4704.0835,-28633.4082,25.7723,-0.0000,0.0014,1
-4703.1636,-28634.3926,24.9425,-5252.6045,-28084.4648,21.9620,-4708.1489,-28628.9336,26.8164,769.9957,-0.0000,0.0015,-3.1378,0.7853,3.1416,-4704.1675,-28633.2520,25.8196,-0.0000,0.0014,1
-4703.1636,-28634.3926,24.9425,-5252.6045,-28084.4648,21.9620,-4706.0806,-28630.7012,26.5767,772.7071,-0.0001,0.0015,-3.1378,0.7853,3.1416,-4704.1948,-28633.1445,25.8607,-0.0000,0.0014,1
-4703.1636,-28634.3926,24.9425,-5252.6045,-28084.4648,21.9620,-4705.7681,-28637.4707,21.9924,777.7168,0.0009,0.0005,-3.1378,0.7853,3.1416,-4704.2173,-28633.2520,25.7550,-0.0000,0.0014,1
-4703.1636,-28634.3926,24.9425,-5252.6045,-28084.4648,21.9620,-4701.1416,-28638.2773,29.3562,781.5777,0.0003,0.0020,-3.1378,0.7853,3.1416,-4704.0957,-28633.3945,25.8766,-0.0000,0.0014,1
-4703.1636,-28634.3926,24.9425,-5252.6045,-28084.4648,21.9620,-4707.4810,-28628.1094,26.8360,769.8864,-0.0002,0.0015,-3.1378,0.7853,3.1416,-4704.1738,-28633.2207,25.9252,-0.0000,0.0014,1
-4703.1636,-28634.3926,24.9425,-5252.6045,-28084.4648,21.9620,-4702.8394,-28628.9297,24.4301,773.7473,-0.0008,0.0010,-3.1378,0.7853,3.1416,-4704.1094,-28633.0625,25.8972,0.0000,0.0014,1
-4703.1636,-28634.3926,24.9425,-5252.6045,-28084.4648,21.9620,-4701.7036,-28635.8711,29.6532,779.4810,0.0001,0.0021,-3.1379,0.7853,3.1416,-4704.0073,-28633.1211,26.0329,0.0000,0.0014,1
-4703.1636,-28634.3926,24.9425,-5252.6045,-28084.4648,21.9620,-4706.2339,-28626.9609,21.0792,769.9491,-0.0006,0.0003,-3.1379,0.7853,3.1416,-4704.0474,-28632.8984,25.8988,0.0000,0.0014,1
-4703.1636,-28634.3926,24.9425,-5252.6045,-28084.4648,21.9620,-4695.7871,-28638.2500,26.9240,785.3289,-0.0005,0.0015,-3.1379,0.7853,3.1416,-4703.7598,-28633.0254,25.9423,0.0001,0.0014,1
-4703.1636,-28634.3926,24.9425,-5252.6045,-28084.4648,21.9620,-4709.0459,-28634.9727,24.4318,773.6382,0.0010,0.0010,-3.1379,0.7853,3.1416,-4703.8809,-28633.0645,25.9074,0.0000,0.0014,1
-4703.1636,-28634.3926,24.9425,-5252.6045,-28084.4648,21.9621,-4704.4077,-28635.8145,21.9723,777.4987,0.0004,0.0005,-3.1379,0.7853,3.1416,-4703.8652,-28633.1348,25.7898,0.0000,0.0014,1
-4703.1636,-28634.3926,24.9425,-5252.6045,-28084.4648,21.9621,-4699.7798,-28636.6094,29.3375,781.3594,-0.0001,0.0020,-3.1379,0.7853,3.1416,-4703.7041,-28633.2344,25.8999,0.0000,0.0014,1
-4703.1636,-28634.3926,24.9425,-5252.6045,-28084.4648,21.9621,-4695.1055,-28637.4102,26.9072,785.2199,-0.0007,0.0015,-3.1379,0.7853,3.1416,-4703.3872,-28633.3691,25.9396,0.0001,0.0014,1
-4703.1636,-28634.3926,24.9425,-5252.6045,-28084.4648,21.9621,-4708.3687,-28634.1504,24.4128,773.5291,0.0008,0.0010,-3.1379,0.7853,3.1416,-4703.4795,-28633.4082,25.9008,0.0000,0.0014,1
-4703.1636,-28634.3926,24.9425,-5252.6045,-28084.4648,21.9621,-4703.7295,-28634.9863,21.9560,777.3895,0.0002,0.0005,-3.1379,0.7853,3.1416,-4703.4355,-28633.4746,25.7797,0.0000,0.0014,1
-4703.1636,-28634.3926,24.9425,-5252.6045,-28084.4648,21.9621,-4699.1006,-28635.7734,29.3168,781.2504,-0.0003,0.0020,-3.1379,0.7853,3.1416,-4703.2461,-28633.5703,25.8862,0.0001,0.0014,1
-4703.1636,-28634.3926,24.9425,-5252.6045,-28084.4648,21.9621,-4709.4980,-28630.6348,22.2064,770.2364,0.0004,0.0005,-3.1379,0.7853,3.1416,-4703.3853,-28633.5020,25.7712,0.0000,0.0014,1
-4703.1636,-28634.3926,24.9425,-5252.6045,-28084.4648,21.9621,-4707.6929,-28633.3262,24.3857,773.4199,0.0006,0.0010,-3.1379,0.7853,3.1416,-4703.4814,-28633.5156,25.7192,0.0000,0.0014,1
-4703.1636,-28634.3926,24.9425,-5252.6045,-28084.4648,21.9621,-4703.0527,-28634.1562,21.9396,777.2804,0.0000,0.0005,-3.1379,0.7853,3.1416,-4703.4390,-28633.5527,25.5861,0.0000,0.0013,1
-4703.1636,-28634.3926,24.9425,-5252.6045,-28084.4648,21.9621,-4698.4229,-28634.9375,29.2959,781.1413,-0.0006,0.0020,-3.1379,0.7853,3.1416,-4703.2480,-28633.6152,25.6818,0.0000,0.0014,1
-4703.1636,-28634.3926,24.9425,-5252.6045,-28084.4648,21.9621,-4700.7188,-28642.7051,26.8598,785.0016,0.0009,0.0015,-3.1379,0.7853,3.1416,-4703.1226,-28633.9297,25.7080,0.0000,0.0014,1
-4703.1636,-28634.3926,24.9425,-5252.6045,-28084.4648,21.9621,-4707.0181,-28632.5020,24.3604,773.3109,0.0003,0.0010,-3.1379,0.7853,3.1416,-4703.1963,-28633.9336,25.6570,0.0000,0.0013,1
-4703.1636,-28634.3926,24.9425,-5252.6045,-28084.4648,21.9621,-4702.3770,-28633.3242,21.9243,777.1713,-0.0002,0.0005,-3.1379,0.7853,3.1416,-4703.1304,-28633.9590,25.5253,0.0000,0.0013,1
-4703.1636,-28634.3926,24.9425,-5252.6045,-28084.4648,21.9621,-4697.7461,-28634.1016,29.2778,781.0321,-0.0008,0.0020,-3.1379,0.7853,3.1416,-4702.9165,-28634.0078,25.6223,0.0000,0.0013,1
-4703.1636,-28634.3926,24.9425,-5252.6045,-28084.4648,21.9621,-4700.0308,-28641.8711,26.8407,784.8926,0.0007,0.0015,-3.1379,0.7853,3.1416,-4702.7671,-28634.3008,25.6499,0.0000,0.0013,1
-4703.1636,-28634.3926,24.9425,-5252.6045,-28084.4648,21.9621,-4706.3442,-28631.6758,24.3411,773.2017,0.0001,0.0010,-3.1379,0.7853,3.1416,-4702.8169,-28634.2832,25.6004,0.0000,0.0013,1
-4703.1636,-28634.3926,24.9425,-5252.6045,-28084.4648,21.9621,-4701.7026,-28632.4941,21.9109,777.0621,-0.0004,0.0005,-3.1379,0.7853,3.1416,-4702.7275,-28634.2832,25.4704,0.0000,0.0013,1
-4703.1636,-28634.3926,24.9425,-5252.6045,-28084.4648,21.9621,-4704.0112,-28640.2012,29.2634,780.9230,0.0010,0.0020,-3.1379,0.7853,3.1416,-4702.7124,-28634.5234,25.5692,-0.0000,0.0013,1
-4703.1636,-28634.3926,24.9425,-5252.6045,-28084.4648,21.9621,-4699.3442,-28641.0371,26.8264,784.7834,0.0005,0.0015,-3.1379,0.7853,3.1416,-4702.5532,-28634.8008,25.5987,-0.0000,0.0013,1
-4703.1636,-28634.3926,24.9425,-5252.6045,-28084.4648,21.9621,-4705.6719,-28630.8496,24.3278,773.0926,-0.0001,0.0010,-3.1379,0.7853,3.1416,-4702.5928,-28634.7598,25.5511,-0.0000,0.0013,1
-4703.1636,-28634.3926,24.9425,-5252.6045,-28084.4648,21.9621,-4698.7598,-28635.8809,27.2755,781.5518,-0.0004,0.0016,-3.1379,0.7853,3.1416,-4702.4194,-28634.8711,25.5959,-0.0000,0.0013,1
-4703.1636,-28634.3926,24.9425,-5252.6045,-28084.4648,21.9621,-4701.9980,-28641.5957,27.5667,783.3169,0.0009,0.0016,-3.1379,0.7853,3.1416,-4702.3438,-28635.1621,25.6538,-0.0000,0.0013,1
-4703.1636,-28634.3926,24.9425,-5252.6045,-28084.4648,21.9621,-4698.6587,-28640.2012,26.8149,784.6742,0.0002,0.0015,-3.1379,0.7853,3.1416,-4702.1641,-28635.4199,25.6920,-0.0001,0.0014,1
-4703.1636,-28634.3926,24.9425,-5252.6045,-28084.4648,21.9621,-4705.0010,-28630.0234,24.3177,772.9834,-0.0003,0.0010,-3.1379,0.7853,3.1416,-4702.1826,-28635.3574,25.6523,-0.0001,0.0013,1
-4703.1636,-28634.3926,24.9425,-5252.6045,-28084.4648,21.9621,-4700.3579,-28630.8281,21.8865,776.8438,-0.0009,0.0005,-3.1379,0.7853,3.1416,-4702.0605,-28635.3047,25.5316,-0.0000,0.0013,1
-4703.1636,-28634.3926,24.9425,-5252.6045,-28084.4648,21.9621,-4702.7754,-28638.6719,29.2384,780.7046,0.0006,0.0020,-3.1379,0.7851,3.1416,-4702.0156,-28635.4883,25.6389,-0.0000,0.0013,1
-4703.1636,-28634.3926,24.9425,-5252.6045,-28084.4648,21.9621,-4698.1089,-28639.4980,26.8038,784.5651,0.0000,0.0015,-3.1379,0.7851,3.1416,-4701.8262,-28635.7031,25.6764,-0.0000,0.0014,1
-4703.1636,-28634.3926,24.9425,-5252.6045,-28084.4648,21.9621,-4704.4653,-28629.3301,24.3077,772.8742,-0.0005,0.0010,-3.1379,0.7851,3.1416,-4701.8354,-28635.5957,25.6360,0.0000,0.0013,1
-4703.1636,-28634.3926,24.9425,-5252.6045,-28084.4648,21.9621,-4696.0396,-28636.9688,20.2317,784.2371,-0.0006,0.0001,-3.1379,0.7850,3.1416,-4701.5840,-28635.7168,25.4633,0.0000,0.0013,1
-4703.1636,-28634.3926,24.9425,-5252.6045,-28084.4648,21.9621,-4701.9092,-28637.6562,29.2254,780.5955,0.0003,0.0020,-3.1379,0.7850,3.1416,-4701.5103,-28635.8574,25.5667,0.0000,0.0013,1
-4703.1636,-28634.3926,24.9425,-5252.6045,-28084.4648,21.9621,-4697.2407,-28638.4746,26.7914,784.4559,-0.0003,0.0015,-3.1379,0.7850,3.1416,-4701.2925,-28636.0273,25.6005,0.0000,0.0013,1
-4703.1636,-28634.3926,24.9425,-5252.6045,-28084.4648,21.9621,-4703.6133,-28628.3164,24.2962,772.7651,-0.0008,0.0010,-3.1379,0.7850,3.1416,-4701.2739,-28635.8691,25.5569,0.0000,0.0013,1
-4703.1636,-28634.3926,24.9425,-5252.6045,-28084.4648,21.9621,-4705.8569,-28636.0234,21.8616,776.6254,0.0006,0.0005,-3.1379,0.7850,3.1416,-4701.3359,-28635.9414,25.4325,0.0000,0.0013,1
-4703.1636,-28634.3926,24.9425,-5252.6045,-28084.4648,21.9621,-4701.2319,-28636.8281,29.2117,780.4863,0.0001,0.0020,-3.1379,0.7850,3.1416,-4701.2627,-28636.0352,25.5367,0.0000,0.0013,1
-4703.1636,-28634.3926,24.9425,-5252.6045,-28084.4648,21.9621,-4696.5620,-28637.6387,26.7780,784.3467,-0.0005,0.0015,-3.1379,0.7850,3.1416,-4701.0435,-28636.1543,25.5713,0.0000,0.0013,1
-4703.1636,-28634.3926,24.9425,-5252.6045,-28084.4648,21.9621,-4709.8154,-28634.3535,24.2838,772.6559,0.0010,0.0010,-3.1379,0.7850,3.1416,-4701.2446,-28636.1680,25.5286,0.0000,0.0013,1
-4703.1636,-28634.3926,24.9425,-5252.6045,-28084.4648,21.9621,-4705.1934,-28629.6055,25.2730,772.5563,-0.0004,0.0012,-3.1379,0.7850,3.1416,-4701.3179,-28636.0215,25.5153,0.0000,0.0013,1
-4703.1636,-28634.3926,24.9425,-5252.6045,-28084.4648,21.9621,-4700.5542,-28635.9961,29.1974,780.3772,-0.0001,0.0020,-3.1379,0.7850,3.1416,-4701.2524,-28636.0645,25.6275,0.0000,0.0013,1
-4703.1636,-28634.3926,24.9425,-5252.6045,-28084.4648,21.9621,-4695.8833,-28636.8008,26.7639,784.2376,-0.0007,0.0015,-3.1379,0.7850,3.1416,-4701.0381,-28636.1309,25.6694,0.0000,0.0013,1
-4703.1636,-28634.3926,24.9425,-5252.6045,-28084.4648,21.9621,-4709.1401,-28633.5312,24.2700,772.5468,0.0008,0.0010,-3.1379,0.7850,3.1416,-4701.2412,-28636.0918,25.6332,0.0000,0.0013,1
-4703.1636,-28634.3926,24.9425,-5252.6045,-28084.4648,21.9621,-4704.5039,-28634.3711,21.8352,776.4072,0.0002,0.0005,-3.1379,0.7850,3.1416,-4701.3135,-28636.0742,25.5156,0.0000,0.0013,1
-4703.1636,-28634.3926,24.9425,-5252.6045,-28084.4648,21.9621,-4699.8770,-28635.1621,29.1828,780.2680,-0.0004,0.0020,-3.1379,0.7850,3.1416,-4701.2451,-28636.0742,25.6258,0.0000,0.0013,1
-4703.1636,-28634.3926,24.9425,-5252.6045,-28084.4648,21.9621,-4695.2051,-28635.9609,26.7496,784.1284,-0.0009,0.0015,-3.1379,0.7850,3.1416,-4701.0259,-28636.0977,25.6658,0.0000,0.0013,1
-4703.1636,-28634.3926,24.9425,-5252.6045,-28084.4648,21.9621,-4708.4658,-28632.7090,24.2556,772.4376,0.0005,0.0010,-3.1379,0.7850,3.1416,-4701.2222,-28636.0156,25.6278,0.0000,0.0013,1
-4703.1636,-28634.3926,24.9425,-5252.6045,-28084.4648,21.9621,-4695.7715,-28635.8262,24.8947,783.6229,-0.0008,0.0011,-3.1379,0.7850,3.1416,-4701.0273,-28636.0254,25.6075,0.0001,0.0013,1
-4703.1636,-28634.3926,24.9425,-5252.6045,-28084.4648,21.9621,-4699.2007,-28634.3281,29.1683,780.1588,-0.0006,0.0020,-3.1379,0.7850,3.1416,-4700.9312,-28635.9863,25.7224,0.0001,0.0014,1
-4703.1636,-28634.3926,24.9425,-5252.6045,-28084.4648,21.9621,-4701.4917,-28642.0898,26.7353,784.0193,0.0009,0.0015,-3.1379,0.7850,3.1416,-4700.9067,-28636.1895,25.7665,0.0001,0.0014,1
-4703.1636,-28634.3926,24.9425,-5252.6045,-28084.4648,21.9621,-4707.7925,-28631.8867,24.2418,772.3284,0.0003,0.0010,-3.1379,0.7850,3.1416,-4701.0894,-28636.0781,25.7319,0.0000,0.0014,1
-4703.1636,-28634.3926,24.9425,-5252.6045,-28084.4648,21.9621,-4703.1548,-28632.7129,21.8088,776.1888,-0.0002,0.0005,-3.1379,0.7850,3.1416,-4701.1377,-28635.9844,25.6154,0.0001,0.0013,1
-4703.1636,-28634.3926,24.9425,-5252.6045,-28084.4648,21.9621,-4698.5254,-28633.4941,29.1541,780.0497,-0.0008,0.0020,-3.1379,0.7850,3.1416,-4701.0425,-28635.9082,25.7263,0.0001,0.0014,1
-4703.1636,-28634.3926,24.9425,-5252.6045,-28084.4648,21.9621,-4700.8052,-28641.2578,26.7212,783.9101,0.0007,0.0015,-3.1379,0.7850,3.1416,-4701.0151,-28636.0742,25.7665,0.0001,0.0014,1
-4703.1636,-28634.3926,24.9425,-5252.6045,-28084.4648,21.9621,-4701.8936,-28634.5117,28.4397,778.3743,-0.0002,0.0018,-3.1379,0.7850,3.1416,-4701.0234,-28636.0371,25.8637,0.0001,0.0014,1
-4703.1636,-28634.3926,24.9425,-5252.6045,-28084.4648,21.9621,-4702.4814,-28631.8828,21.7958,776.0797,-0.0004,0.0005,-3.1379,0.7850,3.1416,-4701.0537,-28635.9102,25.7523,0.0001,0.0014,1
-4703.1636,-28634.3926,24.9425,-5252.6045,-28084.4648,21.9621,-4704.7837,-28639.5840,29.1402,779.9406,0.0010,0.0020,-3.1379,0.7850,3.1416,-4701.1611,-28636.0215,25.8675,0.0000,0.0014,1
-4703.1636,-28634.3926,24.9425,-5252.6045,-28084.4648,21.9621,-4700.1196,-28640.4238,26.7073,783.8014,0.0004,0.0015,-3.1379,0.7850,3.1416,-4701.1274,-28636.1680,25.9114,0.0000,0.0014,1
-4703.1636,-28634.3926,24.9425,-5252.6045,-28084.4648,21.9621,-4706.4492,-28630.2383,24.2150,772.1101,-0.0001,0.0010,-3.1379,0.7850,3.1416,-4701.2959,-28635.9961,25.8759,0.0000,0.0014,1
-4703.1636,-28634.3926,24.9425,-5252.6045,-28084.4648,21.9621,-4701.8091,-28631.0527,21.7827,775.9710,-0.0007,0.0005,-3.1379,0.7850,3.1416,-4701.3257,-28635.8359,25.7579,0.0000,0.0014,1
-4703.1636,-28634.3926,24.9425,-5252.6045,-28084.4648,21.9621,-4704.1006,-28638.7559,29.1261,779.8314,0.0008,0.0020,-3.1379,0.7850,3.1416,-4701.4292,-28635.9160,25.8668,0.0000,0.0014,1
-4703.1636,-28634.3926,24.9425,-5252.6045,-28084.4648,21.9621,-4702.9443,-28636.8906,21.1505,779.2946,0.0003,0.0003,-3.1379,0.7850,3.1416,-4701.5005,-28635.9414,25.7268,0.0000,0.0014,1
-4703.1636,-28634.3926,24.9425,-5252.6045,-28084.4648,21.9621,-4705.7793,-28629.4121,24.2018,772.0010,-0.0003,0.0009,-3.1379,0.7850,3.1416,-4701.6665,-28635.7266,25.6740,0.0000,0.0013,1
-4703.1636,-28634.3926,24.9425,-5252.6045,-28084.4648,21.9621,-4701.1387,-28630.2207,21.7699,775.8619,-0.0009,0.0004,-3.1379,0.7850,3.1416,-4701.6899,-28635.5254,25.5400,0.0000,0.0013,1
-4703.1636,-28634.3926,24.9425,-5252.6045,-28084.4648,21.9621,-4703.4185,-28637.9277,29.1121,779.7222,0.0006,0.0019,-3.1379,0.7850,3.1416,-4701.7837,-28635.5625,25.6343,0.0000,0.0013,1
-4703.1636,-28634.3926,24.9425,-5252.6045,-28084.4648,21.9621,-4698.7524,-28638.7539,26.6800,783.5831,0.0000,0.0014,-3.1379,0.7850,3.1416,-4701.7300,-28635.6328,25.6588,0.0000,0.0013,1
-4703.1636,-28634.3926,24.9425,-5252.6045,-28084.4648,21.9621,-4705.1104,-28628.5859,24.1887,771.8918,-0.0005,0.0009,-3.1379,0.7850,3.1416,-4701.8726,-28635.3828,25.6056,0.0000,0.0013,1
-4703.1636,-28634.3926,24.9425,-5252.6045,-28084.4648,21.9621,-4707.3604,-28636.2832,21.7571,775.7527,0.0009,0.0004,-3.1379,0.7850,3.1416,-4702.0928,-28635.3691,25.4715,0.0000,0.0013,1
-4703.1636,-28634.3926,24.9425,-5252.6045,-28084.4648,21.9621,-4702.7378,-28637.0957,29.0980,779.6130,0.0003,0.0019,-3.1379,0.7850,3.1416,-4702.1733,-28635.3848,25.5659,-0.0000,0.0013,1
-4703.1636,-28634.3926,24.9425,-5252.6045,-28084.4648,21.9621,-4705.3179,-28634.4688,23.9966,775.9031,0.0003,0.0009,-3.1379,0.7850,3.1416,-4702.3354,-28635.3203,25.5049,-0.0000,0.0013,1
-4703.1636,-28634.3926,24.9425,-5252.6045,-28084.4648,21.9621,-4704.4434,-28627.7578,24.1754,771.7827,-0.0008,0.0009,-3.1379,0.7850,3.1416,-4702.4736,-28635.0391,25.4467,-0.0000,0.0013,1
-4703.1636,-28634.3926,24.9425,-5252.6045,-28084.4648,21.9621,-4710.7471,-28631.7422,22.4998,770.1420,0.0007,0.0006,-3.1379,0.7850,3.1416,-4702.8179,-28634.8711,25.3319,-0.0000,0.0013,1
-4703.1636,-28634.3926,24.9425,-5252.6045,-28084.4648,21.9621,-4702.0581,-28636.2656,29.0840,779.5038,0.0001,0.0019,-3.1379,0.7850,3.1416,-4702.8945,-28634.8477,25.4241,-0.0000,0.0013,1
-4703.1636,-28634.3926,24.9425,-5252.6045,-28084.4648,21.9621,-4697.3906,-28637.0801,26.6524,783.3648,-0.0004,0.0014,-3.1379,0.7850,3.1416,-4702.8159,-28634.8535,25.4472,-0.0000,0.0013,1
-4703.1636,-28634.3926,24.9425,-5252.6045,-28084.4648,21.9621,-4703.7769,-28626.9297,24.1623,771.6735,-0.0010,0.0009,-3.1379,0.7850,3.1416,-4702.9258,-28634.5410,25.3935,0.0000,0.0013,1
-4703.1636,-28634.3926,24.9425,-5252.6045,-28084.4648,21.9621,-4706.0044,-28634.6328,21.7311,775.5344,0.0005,0.0004,-3.1379,0.7850,3.1416,-4703.1055,-28634.4629,25.2594,-0.0000,0.0013,1
-4703.1636,-28634.3926,24.9425,-5252.6045,-28084.4648,21.9621,-4701.3794,-28635.4336,29.0701,779.3948,-0.0001,0.0019,-3.1379,0.7850,3.1416,-4703.1396,-28634.4160,25.3545,-0.0000,0.0013,1
-4703.1636,-28634.3926,24.9425,-5252.6045,-28084.4648,21.9621,-4696.7114,-28636.2422,26.6388,783.2556,-0.0006,0.0014,-3.1379,0.7850,3.1416,-4703.0171,-28634.3984,25.3804,0.0000,0.0013,1
-4703.1636,-28634.3926,24.9425,-5252.6045,-28084.4648,21.9621,-4709.9614,-28632.9629,24.1494,771.5643,0.0008,0.0009,-3.1379,0.7850,3.1416,-4703.3037,-28634.2832,25.3297,-0.0000,0.0013,1
-4703.1636,-28634.3926,24.9425,-5252.6045,-28084.4648,21.9621,-4705.3281,-28633.8047,21.7182,775.4252,0.0002,0.0004,-3.1379,0.7850,3.1416,-4703.4517,-28634.1953,25.1987,-0.0000,0.0013,1
-4703.1636,-28634.3926,24.9425,-5252.6045,-28084.4648,21.9621,-4700.7026,-28634.6016,29.0559,779.2856,-0.0003,0.0019,-3.1379,0.7850,3.1416,-4703.4517,-28634.1367,25.2968,-0.0000,0.0013,1
-4703.1636,-28634.3926,24.9425,-5252.6045,-28084.4648,21.9621,-4696.0332,-28635.4023,26.6249,783.1465,-0.0009,0.0014,-3.1379,0.7850,3.1416,-4703.2930,-28634.1074,25.3259,0.0000,0.0013,1
-4703.1636,-28634.3926,24.9425,-5252.6045,-28084.4648,21.9621,-4709.2876,-28632.1406,24.1360,771.4552,0.0006,0.0009,-3.1379,0.7850,3.1416,-4703.5415,-28633.9766,25.2783,-0.0000,0.0013,1
-4703.1636,-28634.3926,24.9425,-5252.6045,-28084.4648,21.9621,-4704.6528,-28632.9785,21.7052,775.3160,0.0000,0.0004,-3.1379,0.7850,3.1416,-4703.6499,-28633.8750,25.1505,-0.0000,0.0012,1
-4703.1636,-28634.3926,24.9425,-5252.6045,-28084.4648,21.9621,-4700.0264,-28633.7676,29.0418,779.1765,-0.0005,0.0019,-3.1379,0.7850,3.1416,-4703.6084,-28633.7988,25.2517,0.0000,0.0013,1
-4703.1636,-28634.3926,24.9425,-5252.6045,-28084.4648,21.9621,-4702.3130,-28641.5215,26.6113,783.0373,0.0009,0.0014,-3.1379,0.7850,3.1416,-4703.6299,-28633.9727,25.2839,-0.0000,0.0013,1
-4703.1636,-28634.3926,24.9425,-5252.6045,-28084.4648,21.9621,-4708.6143,-28631.3184,24.1227,771.3460,0.0004,0.0009,-3.1379,0.7850,3.1416,-4703.8491,-28633.8379,25.2393,-0.0000,0.0013,1
-4703.1636,-28634.3926,24.9425,-5252.6045,-28084.4648,21.9621,-4703.9790,-28632.1484,21.6922,775.2069,-0.0002,0.0004,-3.1379,0.7850,3.1416,-4703.9258,-28633.7285,25.1145,-0.0000,0.0012,1
-4703.1636,-28634.3926,24.9425,-5252.6045,-28084.4648,21.9621,-4699.3516,-28632.9336,29.0277,779.0673,-0.0007,0.0019,-3.1379,0.7850,3.1416,-4703.8516,-28633.6426,25.2187,-0.0000,0.0013,1
-4703.1636,-28634.3926,24.9425,-5252.6045,-28084.4648,21.9621,-4701.6270,-28640.6895,26.5975,782.9281,0.0007,0.0014,-3.1379,0.7850,3.1416,-4703.8374,-28633.8066,25.2538,-0.0000,0.0013,1
-4703.1636,-28634.3926,24.9425,-5252.6045,-28084.4648,21.9621,-4707.9429,-28630.4961,24.1094,771.2369,0.0001,0.0009,-3.1379,0.7850,3.1416,-4704.0195,-28633.6602,25.2121,-0.0000,0.0013,1
-4703.1636,-28634.3926,24.9425,-5252.6045,-28084.4648,21.9621,-4703.3066,-28631.3203,21.6794,775.0977,-0.0004,0.0004,-3.1379,0.7850,3.1416,-4704.0581,-28633.5371,25.0901,-0.0000,0.0012,1
-4703.1636,-28634.3926,24.9425,-5252.6045,-28084.4648,21.9621,-4698.6782,-28632.0977,29.0138,778.9581,-0.0010,0.0019,-3.1379,0.7850,3.1416,-4703.9443,-28633.4355,25.1970,0.0000,0.0013,1
-4703.1636,-28634.3926,24.9425,-5252.6045,-28084.4648,21.9621,-4700.9424,-28639.8574,26.5838,782.8190,0.0005,0.0014,-3.1379,0.7850,3.1416,-4703.8892,-28633.5801,25.2347,-0.0000,0.0013,1
-4703.1636,-28634.3926,24.9425,-5252.6045,-28084.4648,21.9621,-4707.2720,-28629.6719,24.0963,771.1277,-0.0001,0.0009,-3.1379,0.7850,3.1416,-4704.0303,-28633.4160,25.1956,0.0000,0.0013,1
-4703.1636,-28634.3926,24.9425,-5252.6045,-28084.4648,21.9621,-4707.8379,-28631.7656,20.1397,772.2126,0.0003,0.0001,-3.1379,0.7850,3.1416,-4704.1948,-28633.3125,25.0262,-0.0000,0.0012,1
-4703.1636,-28634.3926,24.9425,-5252.6045,-28084.4648,21.9621,-4704.9209,-28638.1875,29.0000,778.8490,0.0008,0.0019,-3.1379,0.7850,3.1416,-4704.2710,-28633.4141,25.1323,-0.0000,0.0012,1
-4703.1636,-28634.3926,24.9425,-5252.6045,-28084.4648,21.9621,-4700.2588,-28639.0234,26.5700,782.7098,0.0003,0.0014,-3.1379,0.7850,3.1416,-4704.1973,-28633.5527,25.1693,-0.0000,0.0012,1
-4703.1636,-28634.3926,24.9425,-5252.6045,-28084.4648,21.9621,-4706.6030,-28628.8477,24.0830,771.0186,-0.0003,0.0009,-3.1379,0.7850,3.1416,-4704.3164,-28633.3809,25.1298,-0.0000,0.0012,1
-4703.1636,-28634.3926,24.9425,-5252.6045,-28084.4648,21.9621,-4701.9648,-28629.6582,21.6534,774.8794,-0.0008,0.0004,-3.1379,0.7850,3.1416,-4704.2891,-28633.2246,25.0100,-0.0000,0.0012,1
-4703.1636,-28634.3926,24.9425,-5252.6045,-28084.4648,21.9621,-4704.2393,-28637.3594,28.9859,778.7398,0.0006,0.0019,-3.1379,0.7850,3.1416,-4704.3276,-28633.3105,25.1192,-0.0000,0.0012,1
-4703.1636,-28634.3926,24.9425,-5252.6045,-28084.4648,21.9621,-4703.8467,-28635.7988,25.6157,777.8889,0.0003,0.0012,-3.1379,0.7850,3.1416,-4704.3516,-28633.3574,25.1293,-0.0000,0.0012,1
-4703.1636,-28634.3926,24.9425,-5252.6045,-28084.4648,21.9621,-4705.9351,-28628.0215,24.0698,770.9094,-0.0005,0.0009,-3.1379,0.7850,3.1416,-4704.4404,-28633.1582,25.0907,-0.0000,0.0012,1
-4703.1636,-28634.3926,24.9425,-5252.6045,-28084.4648,21.9621,-4708.1802,-28635.7109,21.6407,774.7703,0.0009,0.0004,-3.1379,0.7850,3.1416,-4704.6035,-28633.1992,24.9719,-0.0000,0.0012,1
-4703.1636,-28634.3926,24.9425,-5252.6045,-28084.4648,21.9621,-4703.5591,-28636.5293,28.9718,778.6307,0.0004,0.0019,-3.1379,0.7850,3.1416,-4704.6230,-28633.2734,25.0822,-0.0001,0.0012,1
-4703.1636,-28634.3926,24.9425,-5252.6045,-28084.4648,21.9621,-4698.8955,-28637.3535,26.5424,782.4916,-0.0002,0.0014,-3.1379,0.7850,3.1416,-4704.4893,-28633.3828,25.1234,-0.0001,0.0012,1
-4703.1636,-28634.3926,24.9425,-5252.6045,-28084.4648,21.9621,-4705.2681,-28627.1953,24.0565,770.8003,-0.0007,0.0009,-3.1379,0.7850,3.1416,-4704.5454,-28633.1719,25.0879,-0.0000,0.0012,1
-4703.1636,-28634.3926,24.9425,-5252.6045,-28084.4648,21.9621,-4696.6738,-28636.0020,27.7873,783.1209,-0.0007,0.0017,-3.1379,0.7850,3.1416,-4704.3271,-28633.2344,25.1698,-0.0000,0.0012,1
-4703.1636,-28634.3926,24.9425,-5252.6045,-28084.4648,21.9621,-4702.8804,-28635.6992,28.9580,778.5216,0.0002,0.0019,-3.1379,0.7850,3.1416,-4704.2886,-28633.2930,25.2957,-0.0000,0.0013,1
-4703.1636,-28634.3926,24.9425,-5252.6045,-28084.4648,21.9621,-4698.2158,-28636.5176,26.5291,782.3824,-0.0004,0.0014,-3.1379,0.7850,3.1416,-4704.0981,-28633.3848,25.3510,-0.0000,0.0013,1
-4703.1636,-28634.3926,24.9425,-5252.6045,-28084.4648,21.9621,-4704.6025,-28626.3672,24.0440,770.6912,-0.0009,0.0009,-3.1379,0.7850,3.1416,-4704.0991,-28633.1562,25.3281,0.0000,0.0013,1
-4703.1636,-28634.3926,24.9425,-5252.6045,-28084.4648,21.9621,-4706.8252,-28634.0625,21.6148,774.5520,0.0005,0.0004,-3.1379,0.7850,3.1416,-4704.1738,-28633.1621,25.2233,0.0000,0.0013,1
-4703.1636,-28634.3926,24.9425,-5252.6045,-28084.4648,21.9621,-4702.2026,-28634.8691,28.9439,778.4124,-0.0001,0.0019,-3.1379,0.7850,3.1416,-4704.1055,-28633.1973,25.3462,0.0000,0.0013,1
-4703.1636,-28634.3926,24.9425,-5252.6045,-28084.4648,21.9621,-4697.5371,-28635.6797,26.5151,782.2733,-0.0006,0.0014,-3.1379,0.7850,3.1416,-4703.8848,-28633.2617,25.3984,0.0000,0.0013,1
-4703.1636,-28634.3926,24.9425,-5252.6045,-28084.4648,21.9621,-4710.7808,-28632.3926,24.0307,770.5820,0.0008,0.0009,-3.1379,0.7850,3.1416,-4704.0776,-28633.2266,25.3723,0.0000,0.0013,1
-4703.1636,-28634.3926,24.9425,-5252.6045,-28084.4648,21.9621,-4706.1499,-28633.2363,21.6017,774.4428,0.0003,0.0004,-3.1379,0.7850,3.1416,-4704.1353,-28633.2168,25.2643,0.0000,0.0013,1
-4703.1636,-28634.3926,24.9425,-5252.6045,-28084.4648,21.9621,-4701.5259,-28634.0371,28.9296,778.3032,-0.0003,0.0019,-3.1379,0.7850,3.1416,-4704.0493,-28633.2344,25.3838,0.0000,0.0013,1
-4703.1636,-28634.3926,24.9425,-5252.6045,-28084.4648,21.9621,-4696.8599,-28634.8418,26.5011,782.1641,-0.0008,0.0014,-3.1379,0.7850,3.1416,-4703.8091,-28633.2793,25.4326,0.0001,0.0013,1
-4703.1636,-28634.3926,24.9425,-5252.6045,-28084.4648,21.9621,-4710.1069,-28631.5703,24.0170,770.4728,0.0006,0.0009,-3.1379,0.7850,3.1416,-4703.9805,-28633.2227,25.4031,0.0000,0.0013,1
-4703.1636,-28634.3926,24.9425,-5252.6045,-28084.4648,21.9621,-4704.9307,-28631.7715,27.4976,774.2834,-0.0001,0.0016,-3.1379,0.7850,3.1416,-4703.9990,-28633.1680,25.4825,0.0000,0.0013,1
-4703.1636,-28634.3926,24.9425,-5252.6045,-28084.4648,21.9621,-4704.2739,-28634.5098,21.6744,776.6687,0.0002,0.0004,-3.1379,0.7850,3.1416,-4703.9985,-28633.1992,25.3781,0.0000,0.0013,1
-4703.1636,-28634.3926,24.9425,-5252.6045,-28084.4648,21.9621,-4703.1333,-28640.9512,26.4875,782.0549,0.0010,0.0014,-3.1379,0.7850,3.1416,-4703.9629,-28633.4414,25.4196,0.0000,0.0013,1
-4703.1636,-28634.3926,24.9425,-5252.6045,-28084.4648,21.9621,-4709.4351,-28630.7500,24.0037,770.3636,0.0004,0.0009,-3.1379,0.7850,3.1416,-4704.1294,-28633.3711,25.3831,-0.0000,0.0013,1
-4703.1636,-28634.3926,24.9425,-5252.6045,-28084.4648,21.9621,-4704.8022,-28631.5840,21.5758,774.2245,-0.0002,0.0004,-3.1379,0.7850,3.1416,-4704.1577,-28633.3203,25.2649,-0.0000,0.0013,1
-4703.1636,-28634.3926,24.9425,-5252.6045,-28084.4648,21.9621,-4700.1768,-28632.3711,28.9014,778.0849,-0.0007,0.0019,-3.1379,0.7850,3.1416,-4704.0381,-28633.2930,25.3747,0.0000,0.0013,1
-4703.1636,-28634.3926,24.9425,-5252.6045,-28084.4648,21.9621,-4702.4478,-28640.1211,26.4737,781.9458,0.0007,0.0014,-3.1379,0.7850,3.1416,-4703.9834,-28633.5117,25.4141,-0.0000,0.0013,1
-4703.1636,-28634.3926,24.9425,-5252.6045,-28084.4648,21.9621,-4708.7637,-28629.9277,23.9908,770.2545,0.0002,0.0009,-3.1379,0.7850,3.1416,-4704.1299,-28633.4160,25.3755,-0.0000,0.0013,1
-4703.1636,-28634.3926,24.9425,-5252.6045,-28084.4648,21.9621,-4704.1304,-28630.7559,21.5631,774.1154,-0.0004,0.0004,-3.1379,0.7850,3.1416,-4704.1362,-28633.3398,25.2554,-0.0000,0.0013,1
-4703.1636,-28634.3926,24.9425,-5252.6045,-28084.4648,21.9621,-4699.5039,-28631.5371,28.8875,777.9758,-0.0009,0.0019,-3.1379,0.7850,3.1416,-4703.9937,-28633.2812,25.3632,0.0000,0.0013,1
-4703.1636,-28634.3926,24.9425,-5252.6045,-28084.4648,21.9621,-4701.7642,-28639.2891,26.4602,781.8366,0.0005,0.0014,-3.1379,0.7850,3.1416,-4703.9141,-28633.4688,25.4008,0.0000,0.0013,1
-4703.1636,-28634.3926,24.9425,-5252.6045,-28084.4648,21.9621,-4708.0942,-28629.1055,23.9774,770.1453,-0.0000,0.0009,-3.1379,0.7850,3.1416,-4704.0347,-28633.3418,25.3604,0.0000,0.0013,1
-4703.1636,-28634.3926,24.9425,-5252.6045,-28084.4648,21.9621,-4703.8359,-28628.7871,26.4930,772.9465,-0.0007,0.0014,-3.1379,0.7850,3.1416,-4704.0264,-28633.1934,25.3984,0.0000,0.0013,1
-4703.1636,-28634.3926,24.9425,-5252.6045,-28084.4648,21.9621,-4705.7402,-28637.6172,28.8737,777.8666,0.0009,0.0019,-3.1379,0.7850,3.1416,-4704.0791,-28633.3223,25.5149,0.0000,0.0013,1
-4703.1636,-28634.3926,24.9425,-5252.6045,-28084.4648,21.9621,-4701.0811,-28638.4570,26.4462,781.7274,0.0003,0.0014,-3.1379,0.7850,3.1416,-4703.9863,-28633.4863,25.5603,-0.0000,0.0013,1
-4703.1636,-28634.3926,24.9425,-5252.6045,-28084.4648,21.9621,-4707.4258,-28628.2812,23.9641,770.0362,-0.0003,0.0009,-3.1379,0.7850,3.1416,-4704.0918,-28633.3320,25.5267,0.0000,0.0013,1
-4703.1636,-28634.3926,24.9425,-5252.6045,-28084.4648,21.9621,-4702.7905,-28629.0957,21.5372,773.8970,-0.0008,0.0004,-3.1379,0.7850,3.1416,-4704.0542,-28633.1953,25.4109,0.0000,0.0013,1
-4703.1636,-28634.3926,24.9425,-5252.6045,-28084.4648,21.9621,-4705.0596,-28636.7910,28.8598,777.7574,0.0006,0.0019,-3.1379,0.7850,3.1416,-4704.0869,-28633.2969,25.5221,0.0000,0.0013,1
-4703.1636,-28634.3926,24.9425,-5252.6045,-28084.4648,21.9621,-4700.3994,-28637.6230,26.4326,781.6183,0.0001,0.0014,-3.1379,0.7850,3.1416,-4703.9727,-28633.4316,25.5623,0.0000,0.0013,1
-4703.1636,-28634.3926,24.9425,-5252.6045,-28084.4648,21.9621,-4706.7578,-28627.4570,23.9511,769.9271,-0.0005,0.0009,-3.1379,0.7850,3.1416,-4704.0552,-28633.2480,25.5237,0.0000,0.0013,1
-4703.1636,-28634.3926,24.9425,-5252.6045,-28084.4648,21.9621,-4708.9990,-28635.1406,21.5245,773.7879,0.0010,0.0004,-3.1379,0.7850,3.1416,-4704.2158,-28633.3008,25.4030,-0.0000,0.0013,1
-4703.1636,-28634.3926,24.9425,-5252.6045,-28084.4648,21.9621,-4704.3804,-28635.9629,28.8457,777.6483,0.0004,0.0019,-3.1379,0.7850,3.1416,-4704.2378,-28633.3848,25.5096,-0.0000,0.0013,1
-4703.1636,-28634.3926,24.9425,-5252.6045,-28084.4648,21.9621,-4699.7192,-28636.7891,26.4188,781.5092,-0.0001,0.0014,-3.1379,0.7850,3.1416,-4704.1099,-28633.5000,25.5453,-0.0000,0.0013,1
-4703.1636,-28634.3926,24.9425,-5252.6045,-28084.4648,21.9621,-4706.0918,-28626.6309,23.9378,769.8179,-0.0007,0.0009,-3.1379,0.7850,3.1416,-4704.1768,-28633.2930,25.5025,-0.0000,0.0013,1
-4703.1636,-28634.3926,24.9425,-5252.6045,-28084.4648,21.9621,-4702.0024,-28631.7852,25.1383,776.3541,-0.0005,0.0011,-3.1379,0.7850,3.1416,-4704.1157,-28633.2383,25.4950,0.0000,0.0013,1
-4703.1636,-28634.3926,24.9425,-5252.6045,-28084.4648,21.9621,-4703.7021,-28635.1328,28.8317,777.5391,0.0002,0.0019,-3.1379,0.7850,3.1416,-4704.1040,-28633.2891,25.6053,0.0000,0.0013,1
-4703.1636,-28634.3926,24.9425,-5252.6045,-28084.4648,21.9621,-4699.0400,-28635.9531,26.4051,781.4000,-0.0004,0.0014,-3.1379,0.7850,3.1416,-4703.9424,-28633.3711,25.6443,0.0000,0.0013,1
-4703.1636,-28634.3926,24.9425,-5252.6045,-28084.4648,21.9621,-4702.1274,-28631.2363,26.8084,775.8865,-0.0006,0.0015,-3.1379,0.7850,3.1416,-4703.8687,-28633.3066,25.6974,0.0000,0.0014,1
-4703.1636,-28634.3926,24.9425,-5252.6045,-28084.4648,21.9621,-4707.6460,-28633.4922,21.4986,773.5696,0.0005,0.0004,-3.1379,0.7850,3.1416,-4703.9702,-28633.3105,25.5808,0.0000,0.0013,1
-4703.1636,-28634.3926,24.9425,-5252.6045,-28084.4648,21.9621,-4703.0249,-28634.3027,28.8176,777.4300,-0.0000,0.0019,-3.1379,0.7850,3.1416,-4703.9312,-28633.3398,25.6906,0.0000,0.0014,1
-4703.1636,-28634.3926,24.9425,-5252.6045,-28084.4648,21.9621,-4698.3623,-28635.1172,26.3913,781.2908,-0.0006,0.0014,-3.1379,0.7850,3.1416,-4703.7417,-28633.3984,25.7287,0.0000,0.0014,1
-4703.1636,-28634.3926,24.9425,-5252.6045,-28084.4648,21.9621,-4700.6665,-28642.8809,23.9410,785.1512,0.0009,0.0009,-3.1379,0.7850,3.1416,-4703.6152,-28633.7070,25.6895,0.0000,0.0014,1
-4703.1636,-28634.3926,24.9425,-5252.6045,-28084.4648,21.9621,-4706.9712,-28632.6680,21.4856,773.4604,0.0003,0.0004,-3.1379,0.7850,3.1416,-4703.6865,-28633.7090,25.5655,0.0000,0.0013,1
-4703.1636,-28634.3926,24.9425,-5252.6045,-28084.4648,21.9621,-4702.3491,-28633.4727,28.8036,777.3209,-0.0002,0.0019,-3.1379,0.7850,3.1416,-4703.6167,-28633.7344,25.6683,0.0000,0.0014,1
-4703.1636,-28634.3926,24.9425,-5252.6045,-28084.4648,21.9621,-4697.6860,-28634.2812,26.3776,781.1816,-0.0008,0.0014,-3.1379,0.7850,3.1416,-4703.3965,-28633.7832,25.6997,0.0000,0.0014,1
-4703.1636,-28634.3926,24.9425,-5252.6045,-28084.4648,21.9621,-4699.9785,-28642.0469,23.9275,785.0421,0.0007,0.0009,-3.1379,0.7850,3.1416,-4703.2393,-28634.0781,25.6540,0.0000,0.0013,1
-4703.1636,-28634.3926,24.9425,-5252.6045,-28084.4648,21.9621,-4706.2974,-28631.8438,21.4727,773.3513,0.0001,0.0004,-3.1379,0.7850,3.1416,-4703.2798,-28634.0645,25.5241,0.0000,0.0013,1
-4703.1636,-28634.3926,24.9425,-5252.6045,-28084.4648,21.9621,-4701.6748,-28632.6406,28.7896,777.2117,-0.0005,0.0019,-3.1379,0.7850,3.1416,-4703.1802,-28634.0684,25.6211,0.0000,0.0013,1
-4703.1636,-28634.3926,24.9425,-5252.6045,-28084.4648,21.9621,-4703.9531,-28640.3809,26.3641,781.0726,0.0010,0.0014,-3.1379,0.7850,3.1416,-4703.1528,-28634.3145,25.6472,0.0000,0.0013,1
-4703.1636,-28634.3926,24.9425,-5252.6045,-28084.4648,21.9621,-4699.2920,-28641.2109,23.9140,784.9329,0.0004,0.0009,-3.1379,0.7850,3.1416,-4702.9805,-28634.5977,25.5966,-0.0000,0.0013,1
-4703.1636,-28634.3926,24.9425,-5252.6045,-28084.4648,21.9621,-4705.6250,-28631.0156,21.4597,773.2421,-0.0001,0.0004,-3.1379,0.7850,3.1416,-4703.0059,-28634.5664,25.4620,-0.0000,0.0013,1
-4703.1636,-28634.3926,24.9425,-5252.6045,-28084.4648,21.9621,-4701.0015,-28631.8086,28.7756,777.1025,-0.0007,0.0019,-3.1379,0.7850,3.1416,-4702.8896,-28634.5488,25.5549,0.0000,0.0013,1
-4703.1636,-28634.3926,24.9425,-5252.6045,-28084.4648,21.9621,-4703.2686,-28639.5527,26.3503,780.9634,0.0008,0.0014,-3.1379,0.7850,3.1416,-4702.8452,-28634.7715,25.5771,-0.0000,0.0013,1
-4703.1636,-28634.3926,24.9425,-5252.6045,-28084.4648,21.9621,-4698.6069,-28640.3750,23.9005,784.8237,0.0002,0.0009,-3.1379,0.7850,3.1416,-4702.6548,-28635.0254,25.5229,-0.0000,0.0013,1
-4703.1636,-28634.3926,24.9425,-5252.6045,-28084.4648,21.9621,-4704.9541,-28630.1895,21.4468,773.1329,-0.0003,0.0004,-3.1379,0.7850,3.1416,-4702.6621,-28634.9629,25.3852,-0.0000,0.0013,1
-4703.1636,-28634.3926,24.9425,-5252.6045,-28084.4648,21.9621,-4700.3296,-28630.9766,28.7615,776.9933,-0.0009,0.0019,-3.1379,0.7850,3.1416,-4702.5278,-28634.9121,25.4752,0.0000,0.0013,1
-4703.1636,-28634.3926,24.9425,-5252.6045,-28084.4648,21.9621,-4702.5850,-28638.7207,26.3366,780.8542,0.0006,0.0014,-3.1379,0.7850,3.1416,-4702.4639,-28635.0957,25.4950,-0.0000,0.0013,1
-4703.1636,-28634.3926,24.9425,-5252.6045,-28084.4648,21.9621,-4697.9224,-28639.5371,23.8870,784.7147,-0.0000,0.0009,-3.1379,0.7850,3.1416,-4702.2544,-28635.3125,25.4387,-0.0000,0.0013,1
-4703.1636,-28634.3926,24.9425,-5252.6045,-28084.4648,21.9621,-4699.0752,-28631.7793,22.7668,778.4247,-0.0010,0.0007,-3.1379,0.7850,3.1416,-4702.0742,-28635.2852,25.3429,0.0000,0.0013,1
-4703.1636,-28634.3926,24.9425,-5252.6045,-28084.4648,21.9621,-4706.5596,-28637.0469,28.7478,776.8842,0.0009,0.0019,-3.1379,0.7850,3.1416,-4702.1323,-28635.4180,25.4344,-0.0000,0.0013,1
-4703.1636,-28634.3926,24.9425,-5252.6045,-28084.4648,21.9621,-4701.9033,-28637.8887,26.3228,780.7451,0.0003,0.0014,-3.1379,0.7850,3.1416,-4702.0532,-28635.5762,25.4555,-0.0000,0.0013,1
-4703.1636,-28634.3926,24.9425,-5252.6045,-28084.4648,21.9621,-4697.2397,-28638.6992,23.8735,784.6055,-0.0002,0.0009,-3.1379,0.7850,3.1416,-4701.8286,-28635.7617,25.4007,-0.0000,0.0013,1
-4703.1636,-28634.3926,24.9425,-5252.6045,-28084.4648,21.9621,-4703.6157,-28628.5332,21.4210,772.9147,-0.0008,0.0004,-3.1379,0.7850,3.1416,-4701.8008,-28635.6211,25.2627,0.0000,0.0013,1
-4703.1636,-28634.3926,24.9425,-5252.6045,-28084.4648,21.9621,-4705.8794,-28636.2207,28.7337,776.7750,0.0007,0.0019,-3.1379,0.7850,3.1416,-4701.8535,-28635.7109,25.3529,-0.0000,0.0013,1
-4703.1636,-28634.3926,24.9425,-5252.6045,-28084.4648,21.9621,-4701.2222,-28637.0566,26.3091,780.6359,0.0001,0.0014,-3.1379,0.7850,3.1416,-4701.7686,-28635.8262,25.3730,-0.0000,0.0013,1
-4703.1636,-28634.3926,24.9425,-5252.6045,-28084.4648,21.9621,-4696.5581,-28637.8613,23.8601,784.4963,-0.0004,0.0009,-3.1379,0.7850,3.1416,-4701.5366,-28635.9668,25.3174,-0.0000,0.0013,1
-4703.1636,-28634.3926,24.9425,-5252.6045,-28084.4648,21.9621,-4702.9482,-28627.7031,21.4081,772.8055,-0.0010,0.0004,-3.1379,0.7850,3.1416,-4701.5015,-28635.7793,25.1790,0.0000,0.0012,1
-4703.1636,-28634.3926,24.9425,-5252.6045,-28084.4648,21.9621,-4705.2007,-28635.3945,28.7197,776.6659,0.0005,0.0019,-3.1379,0.7850,3.1416,-4701.5449,-28635.8203,25.2689,0.0000,0.0013,1
-4703.1636,-28634.3926,24.9425,-5252.6045,-28084.4648,21.9621,-4700.5425,-28636.2246,26.2956,780.5267,-0.0001,0.0014,-3.1379,0.7850,3.1416,-4701.4497,-28635.8828,25.2891,0.0000,0.0013,1
-4703.1636,-28634.3926,24.9425,-5252.6045,-28084.4648,21.9621,-4695.8779,-28637.0215,23.8469,784.3871,-0.0007,0.0009,-3.1379,0.7850,3.1416,-4701.2065,-28635.9707,25.2338,0.0000,0.0013,1
-4703.1636,-28634.3926,24.9425,-5252.6045,-28084.4648,21.9621,-4709.1416,-28633.7461,21.3957,772.6964,0.0008,0.0004,-3.1379,0.7850,3.1416,-4701.3818,-28635.9551,25.0960,0.0000,0.0012,1
-4703.1636,-28634.3926,24.9425,-5252.6045,-28084.4648,21.9621,-4704.5234,-28634.5664,28.7060,776.5567,0.0002,0.0019,-3.1379,0.7850,3.1416,-4701.4272,-28635.9570,25.1867,0.0000,0.0012,1
-4703.1636,-28634.3926,24.9425,-5252.6045,-28084.4648,21.9621,-4699.8643,-28635.3906,26.2819,780.4176,-0.0003,0.0014,-3.1379,0.7850,3.1416,-4701.3320,-28635.9805,25.2078,0.0000,0.0013,1
-4703.1636,-28634.3926,24.9425,-5252.6045,-28084.4648,21.9621,-4695.1987,-28636.1816,23.8335,784.2780,-0.0009,0.0009,-3.1379,0.7850,3.1416,-4701.0869,-28636.0254,25.1537,0.0001,0.0012,1
-4703.1636,-28634.3926,24.9425,-5252.6045,-28084.4648,21.9621,-4708.4663,-28632.9238,21.3827,772.5872,0.0006,0.0004,-3.1379,0.7850,3.1416,-4701.2578,-28635.9648,25.0172,0.0000,0.0012,1
-4703.1636,-28634.3926,24.9425,-5252.6045,-28084.4648,21.9621,-4703.8472,-28633.7383,28.6920,776.4475,0.0000,0.0019,-3.1379,0.7850,3.1416,-4701.2974,-28635.9238,25.1095,0.0000,0.0012,1
-4703.1636,-28634.3926,24.9425,-5252.6045,-28084.4648,21.9621,-4699.1870,-28634.5547,26.2682,780.3084,-0.0005,0.0014,-3.1379,0.7850,3.1416,-4701.1948,-28635.9023,25.1324,0.0001,0.0012,1
-4703.1636,-28634.3926,24.9425,-5252.6045,-28084.4648,21.9621,-4697.1572,-28638.6270,26.5811,784.6211,-0.0002,0.0014,-3.1379,0.7850,3.1416,-4701.0249,-28636.0059,25.1680,0.0001,0.0012,1
-4703.1636,-28634.3926,24.9425,-5252.6045,-28084.4648,21.9621,-4698.4800,-28633.8379,26.9155,780.3093,-0.0007,0.0015,-3.1379,0.7850,3.1416,-4700.8906,-28635.9629,25.2181,0.0001,0.0013,1
-4703.1636,-28634.3926,24.9425,-5252.6045,-28084.4648,21.9621,-4703.1724,-28632.9082,28.6780,776.3384,-0.0002,0.0019,-3.1379,0.7850,3.1416,-4700.9038,-28635.8828,25.3292,0.0001,0.0013,1
-4703.1636,-28634.3926,24.9425,-5252.6045,-28084.4648,21.9621,-4698.5117,-28633.7188,26.2545,780.1992,-0.0008,0.0014,-3.1379,0.7850,3.1416,-4700.7744,-28635.8223,25.3692,0.0001,0.0013,1
-4703.1636,-28634.3926,24.9425,-5252.6045,-28084.4648,21.9621,-4700.8003,-28641.4766,23.8069,784.0597,0.0007,0.0009,-3.1379,0.7850,3.1416,-4700.7163,-28636.0039,25.3326,0.0001,0.0013,1
-4703.1636,-28634.3926,24.9425,-5252.6045,-28084.4648,21.9621,-4703.0708,-28638.7070,20.3824,780.4954,0.0006,0.0002,-3.1379,0.7850,3.1416,-4700.7334,-28636.1113,25.1822,0.0001,0.0012,1
-4703.1636,-28634.3926,24.9425,-5252.6045,-28084.4648,21.9621,-4702.4985,-28632.0781,28.6640,776.2292,-0.0004,0.0019,-3.1379,0.7850,3.1416,-4700.7402,-28636.0078,25.2870,0.0001,0.0013,1
-4703.1636,-28634.3926,24.9425,-5252.6045,-28084.4648,21.9621,-4697.8369,-28632.8828,26.2408,780.0901,-0.0010,0.0014,-3.1379,0.7850,3.1416,-4700.6030,-28635.9238,25.3212,0.0001,0.0013,1
-4703.1636,-28634.3926,24.9425,-5252.6045,-28084.4648,21.9621,-4700.1143,-28640.6426,23.7934,783.9505,0.0005,0.0009,-3.1379,0.7850,3.1416,-4700.5352,-28636.0781,25.2790,0.0001,0.0013,1
-4703.1636,-28634.3926,24.9425,-5252.6045,-28084.4648,21.9621,-4706.4478,-28630.4492,21.3440,772.2597,-0.0001,0.0004,-3.1379,0.7850,3.1416,-4700.6733,-28635.9160,25.1534,0.0001,0.0012,1
-4703.1636,-28634.3926,24.9425,-5252.6045,-28084.4648,21.9621,-4701.8262,-28631.2461,28.6500,776.1201,-0.0006,0.0019,-3.1379,0.7850,3.1416,-4700.6763,-28635.7676,25.2554,0.0001,0.0013,1
-4703.1636,-28634.3926,24.9425,-5252.6045,-28084.4648,21.9621,-4704.0884,-28638.9824,26.2273,779.9810,0.0008,0.0014,-3.1379,0.7850,3.1416,-4700.7559,-28635.8574,25.2870,0.0001,0.0013,1
-4703.1636,-28634.3926,24.9425,-5252.6045,-28084.4648,21.9621,-4699.4297,-28639.8086,23.7800,783.8414,0.0003,0.0009,-3.1379,0.7850,3.1416,-4700.6948,-28635.9805,25.2424,0.0001,0.0013,1
-4703.1636,-28634.3926,24.9425,-5252.6045,-28084.4648,21.9621,-4705.7773,-28629.6230,21.3311,772.1506,-0.0003,0.0004,-3.1379,0.7850,3.1416,-4700.8364,-28635.7832,25.1145,0.0001,0.0012,1
-4703.1636,-28634.3926,24.9425,-5252.6045,-28084.4648,21.9621,-4701.1548,-28630.4141,28.6360,776.0109,-0.0009,0.0019,-3.1379,0.7850,3.1416,-4700.8398,-28635.5996,25.2145,0.0001,0.0013,1
-4703.1636,-28634.3926,24.9425,-5252.6045,-28084.4648,21.9621,-4703.4058,-28638.1523,26.2136,779.8718,0.0006,0.0014,-3.1379,0.7850,3.1416,-4700.9170,-28635.6543,25.2442,0.0001,0.0013,1
-4703.1636,-28634.3926,24.9425,-5252.6045,-28084.4648,21.9621,-4698.7466,-28638.9727,23.7665,783.7322,0.0000,0.0009,-3.1379,0.7850,3.1416,-4700.8501,-28635.7402,25.1978,0.0001,0.0013,1
-4703.1636,-28634.3926,24.9425,-5252.6045,-28084.4648,21.9621,-4705.1084,-28628.7969,21.3182,772.0414,-0.0005,0.0004,-3.1379,0.7850,3.1416,-4700.9839,-28635.5078,25.0684,0.0001,0.0012,1
-4703.1636,-28634.3926,24.9425,-5252.6045,-28084.4648,21.9621,-4707.3784,-28636.4766,28.6223,775.9018,0.0009,0.0019,-3.1379,0.7850,3.1416,-4701.1987,-28635.5078,25.1671,0.0001,0.0012,1
-4703.1636,-28634.3926,24.9425,-5252.6045,-28084.4648,21.9621,-4701.7900,-28637.3789,23.5369,780.4541,0.0002,0.0008,-3.1379,0.7850,3.1416,-4701.2471,-28635.5410,25.1103,0.0001,0.0012,1
-4703.1636,-28634.3926,24.9425,-5252.6045,-28084.4648,21.9621,-4698.0645,-28638.1367,23.7531,783.6230,-0.0002,0.0009,-3.1379,0.7850,3.1416,-4701.1758,-28635.6035,25.0574,0.0001,0.0012,1
-4703.1636,-28634.3926,24.9425,-5252.6045,-28084.4648,21.9621,-4704.4404,-28627.9688,21.3053,771.9322,-0.0007,0.0004,-3.1379,0.7850,3.1416,-4701.3018,-28635.3438,24.9222,0.0001,0.0012,1
-4703.1636,-28634.3926,24.9425,-5252.6045,-28084.4648,21.9621,-4706.6992,-28635.6523,28.6083,775.7926,0.0007,0.0019,-3.1379,0.7850,3.1416,-4701.5059,-28635.3184,25.0158,0.0001,0.0012,1
-4703.1636,-28634.3926,24.9425,-5252.6045,-28084.4648,21.9621,-4702.0444,-28636.4902,26.1861,779.6534,0.0002,0.0014,-3.1379,0.7850,3.1416,-4701.5698,-28635.3203,25.0399,0.0001,0.0012,1
-4703.1636,-28634.3926,24.9425,-5252.6045,-28084.4648,21.9621,-4697.3833,-28637.2988,23.7397,783.5139,-0.0004,0.0009,-3.1379,0.7850,3.1416,-4701.4839,-28635.3535,24.9888,0.0001,0.0012,1
-4703.1636,-28634.3926,24.9425,-5252.6045,-28084.4648,21.9621,-4703.7739,-28627.1406,21.2925,771.8231,-0.0010,0.0003,-3.1379,0.7850,3.1416,-4701.5923,-28635.0625,24.8556,0.0001,0.0012,1
-4703.1636,-28634.3926,24.9425,-5252.6045,-28084.4648,21.9621,-4706.0210,-28634.8262,28.5943,775.6834,0.0005,0.0018,-3.1379,0.7850,3.1416,-4701.7759,-28635.0059,24.9512,0.0001,0.0012,1
-4703.1636,-28634.3926,24.9425,-5252.6045,-28084.4648,21.9621,-4701.3657,-28635.6582,26.1724,779.5444,-0.0001,0.0013,-3.1379,0.7850,3.1416,-4701.8169,-28634.9766,24.9775,0.0001,0.0012,1
-4703.1636,-28634.3926,24.9425,-5252.6045,-28084.4648,21.9621,-4696.7041,-28636.4609,23.7262,783.4047,-0.0006,0.0008,-3.1379,0.7850,3.1416,-4701.7056,-28634.9766,24.9286,0.0001,0.0012,1
-4703.1636,-28634.3926,24.9425,-5252.6045,-28084.4648,21.9621,-4700.1504,-28638.7012,27.8198,782.5661,0.0002,0.0017,-3.1379,0.7850,3.1416,-4701.6919,-28635.0547,25.0083,0.0001,0.0012,1
-4703.1636,-28634.3926,24.9425,-5252.6045,-28084.4648,21.9621,-4705.3442,-28633.9980,28.5803,775.5743,0.0003,0.0018,-3.1379,0.7850,3.1416,-4701.8398,-28634.9902,25.1199,0.0001,0.0012,1
-4703.1636,-28634.3926,24.9425,-5252.6045,-28084.4648,21.9621,-4700.6885,-28634.8262,26.1587,779.4352,-0.0003,0.0013,-3.1379,0.7850,3.1416,-4701.8442,-28634.9531,25.1608,0.0001,0.0012,1
-4703.1636,-28634.3926,24.9425,-5252.6045,-28084.4648,21.9621,-4696.0254,-28635.6211,23.7128,783.2955,-0.0008,0.0008,-3.1379,0.7850,3.1416,-4701.6958,-28634.9414,25.1254,0.0001,0.0012,1
-4703.1636,-28634.3926,24.9425,-5252.6045,-28084.4648,21.9621,-4709.2861,-28632.3516,21.2669,771.6047,0.0006,0.0003,-3.1379,0.7850,3.1416,-4701.9604,-28634.8281,25.0065,0.0001,0.0012,1
-4703.1636,-28634.3926,24.9425,-5252.6045,-28084.4648,21.9621,-4704.6689,-28633.1719,28.5663,775.4651,0.0001,0.0018,-3.1379,0.7850,3.1416,-4702.0903,-28634.7363,25.1152,0.0001,0.0012,1
-4703.1636,-28634.3926,24.9425,-5252.6045,-28084.4648,21.9621,-4700.0122,-28633.9922,26.1450,779.3260,-0.0005,0.0013,-3.1379,0.7850,3.1416,-4702.0737,-28634.6699,25.1534,0.0001,0.0012,1
-4703.1636,-28634.3926,24.9425,-5252.6045,-28084.4648,21.9621,-4702.3081,-28641.7402,23.6997,783.1864,0.0009,0.0008,-3.1379,0.7850,3.1416,-4702.1245,-28634.8516,25.1152,0.0001,0.0012,1
-4703.1636,-28634.3926,24.9425,-5252.6045,-28084.4648,21.9621,-4708.6128,-28631.5293,21.2541,771.4956,0.0004,0.0003,-3.1379,0.7850,3.1416,-4702.3779,-28634.7227,24.9938,0.0001,0.0012,1
-4703.1636,-28634.3926,24.9425,-5252.6045,-28084.4648,21.9621,-4706.4185,-28636.0996,20.5253,776.2871,0.0007,0.0002,-3.1379,0.7850,3.1416,-4702.5713,-28634.7344,24.8414,0.0000,0.0012,1
-4703.1636,-28634.3926,24.9425,-5252.6045,-28084.4648,21.9621,-4699.3369,-28633.1582,26.1314,779.2169,-0.0007,0.0013,-3.1379,0.7850,3.1416,-4702.5420,-28634.6562,24.8604,0.0000,0.0012,1
-4703.1636,-28634.3926,24.9425,-5252.6045,-28084.4648,21.9621,-4701.6216,-28640.9082,23.6863,783.0772,0.0007,0.0008,-3.1379,0.7850,3.1416,-4702.5767,-28634.8242,24.8049,0.0000,0.0012,1
-4703.1636,-28634.3926,24.9425,-5252.6045,-28084.4648,21.9621,-4707.9409,-28630.7070,21.2417,771.3864,0.0002,0.0003,-3.1379,0.7850,3.1416,-4702.8105,-28634.6777,24.6681,-0.0000,0.0011,1
-4703.1636,-28634.3926,24.9425,-5252.6045,-28084.4648,21.9621,-4703.3218,-28631.5137,28.5387,775.2468,-0.0004,0.0018,-3.1379,0.7850,3.1416,-4702.9028,-28634.5508,24.7606,0.0000,0.0012,1
-4703.1636,-28634.3926,24.9425,-5252.6045,-28084.4648,21.9621,-4698.6631,-28632.3223,26.1182,779.1077,-0.0009,0.0013,-3.1379,0.7850,3.1416,-4702.8438,-28634.4453,24.7844,0.0000,0.0012,1
-4703.1636,-28634.3926,24.9425,-5252.6045,-28084.4648,21.9621,-4700.9365,-28640.0742,23.6731,782.9680,0.0005,0.0008,-3.1379,0.7850,3.1416,-4702.8452,-28634.5840,24.7336,0.0000,0.0012,1
-4703.1636,-28634.3926,24.9425,-5252.6045,-28084.4648,21.9621,-4707.2700,-28629.8828,21.2288,771.2773,-0.0000,0.0003,-3.1379,0.7850,3.1416,-4703.0444,-28634.4102,24.6014,0.0000,0.0011,1
-4703.1636,-28634.3926,24.9425,-5252.6045,-28084.4648,21.9621,-4702.6499,-28630.6836,28.5248,775.1376,-0.0006,0.0018,-3.1379,0.7850,3.1416,-4703.1006,-28634.2520,24.6987,0.0000,0.0012,1
-4703.1636,-28634.3926,24.9425,-5252.6045,-28084.4648,21.9621,-4704.9082,-28638.4121,26.1047,778.9985,0.0008,0.0013,-3.1379,0.7850,3.1416,-4703.2256,-28634.3359,24.7271,-0.0000,0.0012,1
-4703.1636,-28634.3926,24.9425,-5252.6045,-28084.4648,21.9621,-4700.2524,-28639.2422,23.6597,782.8589,0.0003,0.0008,-3.1379,0.7850,3.1416,-4703.2021,-28634.4590,24.6810,-0.0000,0.0011,1
-4703.1636,-28634.3926,24.9425,-5252.6045,-28084.4648,21.9621,-4706.6006,-28629.0566,21.2159,771.1681,-0.0003,0.0003,-3.1379,0.7850,3.1416,-4703.3740,-28634.2637,24.5535,-0.0000,0.0011,1
-4703.1636,-28634.3926,24.9425,-5252.6045,-28084.4648,21.9621,-4701.9795,-28629.8516,28.5108,775.0285,-0.0008,0.0018,-3.1379,0.7850,3.1416,-4703.3999,-28634.0859,24.6552,-0.0000,0.0011,1
-4703.1636,-28634.3926,24.9425,-5252.6045,-28084.4648,21.9621,-4704.2266,-28637.5840,26.0910,778.8894,0.0006,0.0013,-3.1379,0.7850,3.1416,-4703.4927,-28634.1484,24.6881,-0.0000,0.0011,1
-4703.1636,-28634.3926,24.9425,-5252.6045,-28084.4648,21.9621,-4699.5698,-28638.4062,23.6463,782.7498,0.0001,0.0008,-3.1379,0.7850,3.1416,-4703.4351,-28634.2461,24.6463,-0.0000,0.0011,1
-4703.1636,-28634.3926,24.9425,-5252.6045,-28084.4648,21.9621,-4697.2056,-28638.7031,25.4361,784.6368,-0.0002,0.0012,-3.1379,0.7850,3.1416,-4703.2910,-28634.3652,24.6598,-0.0000,0.0011,1
-4703.1636,-28634.3926,24.9425,-5252.6045,-28084.4648,21.9621,-4695.4595,-28635.1816,22.2952,783.3881,-0.0010,0.0006,-3.1379,0.7850,3.1416,-4703.0762,-28634.3809,24.5753,0.0000,0.0011,1
-4703.1636,-28634.3926,24.9425,-5252.6045,-28084.4648,21.9621,-4703.5459,-28636.7539,26.0774,778.7802,0.0004,0.0013,-3.1379,0.7850,3.1416,-4703.1011,-28634.4492,24.6073,-0.0000,0.0011,1
-4703.1636,-28634.3926,24.9425,-5252.6045,-28084.4648,21.9621,-4698.8887,-28637.5703,23.6329,782.6406,-0.0001,0.0008,-3.1379,0.7850,3.1416,-4702.9780,-28634.5488,24.5648,-0.0000,0.0011,1
-4703.1636,-28634.3926,24.9425,-5252.6045,-28084.4648,21.9621,-4705.2651,-28627.4062,21.1902,770.9498,-0.0007,0.0003,-3.1379,0.7850,3.1416,-4703.0503,-28634.3281,24.4411,0.0000,0.0011,1
-4703.1636,-28634.3926,24.9425,-5252.6045,-28084.4648,21.9621,-4707.5181,-28635.0820,28.4832,774.8102,0.0007,0.0018,-3.1379,0.7850,3.1416,-4703.1997,-28634.3379,24.5469,-0.0000,0.0011,1
-4703.1636,-28634.3926,24.9425,-5252.6045,-28084.4648,21.9621,-4702.8667,-28635.9238,26.0637,778.6711,0.0002,0.0013,-3.1379,0.7850,3.1416,-4703.2085,-28634.3789,24.5839,-0.0000,0.0011,1
-4703.1636,-28634.3926,24.9425,-5252.6045,-28084.4648,21.9621,-4698.2085,-28636.7344,23.6195,782.5314,-0.0004,0.0008,-3.1379,0.7850,3.1416,-4703.0669,-28634.4492,24.5463,-0.0000,0.0011,1
-4703.1636,-28634.3926,24.9425,-5252.6045,-28084.4648,21.9621,-4704.5991,-28626.5781,21.1774,770.8406,-0.0009,0.0003,-3.1379,0.7850,3.1416,-4703.1187,-28634.1953,24.4273,0.0000,0.0011,1
-4703.1636,-28634.3926,24.9425,-5252.6045,-28084.4648,21.9621,-4702.5967,-28639.8477,29.0961,781.6643,0.0007,0.0019,-3.1379,0.7850,3.1416,-4703.1094,-28634.3535,24.5565,0.0000,0.0011,1
-4703.1636,-28634.3926,24.9425,-5252.6045,-28084.4648,21.9621,-4702.1890,-28635.0938,26.0500,778.5619,-0.0000,0.0013,-3.1379,0.7850,3.1416,-4703.0850,-28634.3730,24.5990,0.0000,0.0011,1
-4703.1636,-28634.3926,24.9425,-5252.6045,-28084.4648,21.9621,-4697.5298,-28635.8984,23.6061,782.4222,-0.0006,0.0008,-3.1379,0.7850,3.1416,-4702.9102,-28634.4199,24.5665,0.0000,0.0011,1
-4703.1636,-28634.3926,24.9425,-5252.6045,-28084.4648,21.9621,-4710.7798,-28632.6016,21.1648,770.7314,0.0009,0.0003,-3.1379,0.7850,3.1416,-4703.1504,-28634.3633,24.4524,-0.0000,0.0011,1
-4703.1636,-28634.3926,24.9425,-5252.6045,-28084.4648,21.9621,-4706.1650,-28633.4316,28.4552,774.5919,0.0003,0.0018,-3.1379,0.7850,3.1416,-4703.2578,-28634.3301,24.5672,-0.0000,0.0011,1
-4703.1636,-28634.3926,24.9425,-5252.6045,-28084.4648,21.9621,-4701.5122,-28634.2617,26.0363,778.4527,-0.0002,0.0013,-3.1379,0.7850,3.1416,-4703.2212,-28634.3203,24.6127,-0.0000,0.0011,1
-4703.1636,-28634.3926,24.9425,-5252.6045,-28084.4648,21.9621,-4696.8521,-28635.0605,23.5928,782.3132,-0.0008,0.0008,-3.1379,0.7850,3.1416,-4703.0312,-28634.3379,24.5829,0.0000,0.0011,1
-4703.1636,-28634.3926,24.9425,-5252.6045,-28084.4648,21.9621,-4710.1060,-28631.7812,21.1519,770.6223,0.0006,0.0003,-3.1379,0.7850,3.1416,-4703.2549,-28634.2500,24.4713,-0.0000,0.0011,1
-4703.1636,-28634.3926,24.9425,-5252.6045,-28084.4648,21.9621,-4705.4902,-28632.6035,28.4413,774.4827,0.0001,0.0018,-3.1379,0.7850,3.1416,-4703.3433,-28634.1855,24.5884,-0.0000,0.0011,1
-4703.1636,-28634.3926,24.9425,-5252.6045,-28084.4648,21.9621,-4700.8364,-28633.4277,26.0227,778.3436,-0.0005,0.0013,-3.1379,0.7850,3.1416,-4703.2856,-28634.1445,24.6359,0.0000,0.0011,1
-4703.1636,-28634.3926,24.9425,-5252.6045,-28084.4648,21.9621,-4703.1279,-28641.1699,23.5797,782.2040,0.0010,0.0008,-3.1379,0.7850,3.1416,-4703.2954,-28634.3496,24.6080,-0.0000,0.0011,1
-4703.1636,-28634.3926,24.9425,-5252.6045,-28084.4648,21.9621,-4709.4331,-28630.9590,21.1391,770.5132,0.0004,0.0003,-3.1379,0.7850,3.1416,-4703.5088,-28634.2422,24.4980,-0.0000,0.0011,1
-4703.1636,-28634.3926,24.9425,-5252.6045,-28084.4648,21.9621,-4704.8169,-28631.7773,28.4274,774.3735,-0.0001,0.0018,-3.1379,0.7850,3.1416,-4703.5840,-28634.1543,24.6165,-0.0000,0.0011,1
-4703.1636,-28634.3926,24.9425,-5252.6045,-28084.4648,21.9621,-4700.1621,-28632.5957,26.0090,778.2344,-0.0007,0.0013,-3.1379,0.7850,3.1416,-4703.5112,-28634.0898,24.6653,-0.0000,0.0011,1
-4703.1636,-28634.3926,24.9425,-5252.6045,-28084.4648,21.9621,-4702.4424,-28640.3379,23.5663,782.0948,0.0008,0.0008,-3.1379,0.7850,3.1416,-4703.5029,-28634.2695,24.6384,-0.0000,0.0011,1
-4703.1636,-28634.3926,24.9425,-5252.6045,-28084.4648,21.9621,-4705.2998,-28627.7344,23.0285,771.1558,-0.0006,0.0007,-3.1379,0.7850,3.1416,-4703.5830,-28634.0566,24.5910,-0.0000,0.0011,1
-4703.1636,-28634.3926,24.9425,-5252.6045,-28084.4648,21.9621,-4704.1450,-28630.9492,28.4134,774.2644,-0.0003,0.0018,-3.1379,0.7850,3.1416,-4703.6284,-28633.9355,24.7141,-0.0000,0.0012,1
-4703.1636,-28634.3926,24.9425,-5252.6045,-28084.4648,21.9621,-4699.4893,-28631.7598,25.9954,778.1252,-0.0009,0.0013,-3.1379,0.7850,3.1416,-4703.5244,-28633.8340,24.7669,0.0000,0.0012,1
-4703.1636,-28634.3926,24.9425,-5252.6045,-28084.4648,21.9621,-4701.7583,-28639.5078,23.5530,781.9857,0.0005,0.0008,-3.1379,0.7850,3.1416,-4703.4834,-28633.9785,24.7435,0.0000,0.0012,1
-4703.1636,-28634.3926,24.9425,-5252.6045,-28084.4648,21.9621,-4708.0918,-28629.3145,21.1134,770.2949,-0.0000,0.0003,-3.1379,0.7850,3.1416,-4703.6431,-28633.8086,24.6372,0.0000,0.0011,1
-4703.1636,-28634.3926,24.9425,-5252.6045,-28084.4648,21.9621,-4703.4736,-28630.1191,28.3997,774.1553,-0.0006,0.0018,-3.1379,0.7850,3.1416,-4703.6621,-28633.6562,24.7586,0.0000,0.0012,1
-4703.1636,-28634.3926,24.9425,-5252.6045,-28084.4648,21.9621,-4698.8447,-28640.0352,26.7999,784.4255,0.0002,0.0015,-3.1379,0.7850,3.1416,-4703.5317,-28633.8164,24.8354,0.0000,0.0012,1
-4703.1636,-28634.3926,24.9425,-5252.6045,-28084.4648,21.9621,-4701.0752,-28638.6738,23.5397,781.8765,0.0003,0.0008,-3.1379,0.7850,3.1416,-4703.4614,-28633.9473,24.8118,0.0000,0.0012,1
-4703.1636,-28634.3926,24.9425,-5252.6045,-28084.4648,21.9621,-4701.4893,-28630.4668,27.4623,775.8016,-0.0008,0.0016,-3.1379,0.7850,3.1416,-4703.3984,-28633.8262,24.9108,0.0000,0.0012,1
-4703.1636,-28634.3926,24.9425,-5252.6045,-28084.4648,21.9621,-4702.8042,-28629.2910,28.3858,774.0461,-0.0008,0.0018,-3.1379,0.7850,3.1416,-4703.3735,-28633.6602,25.0447,0.0001,0.0012,1
-4703.1636,-28634.3926,24.9425,-5252.6045,-28084.4648,21.9621,-4705.0469,-28637.0137,25.9683,777.9069,0.0007,0.0013,-3.1379,0.7850,3.1416,-4703.4199,-28633.7344,25.1066,0.0000,0.0012,1
-4703.1636,-28634.3926,24.9425,-5252.6045,-28084.4648,21.9621,-4701.3530,-28634.0312,28.5476,778.4182,-0.0003,0.0018,-3.1379,0.7850,3.1416,-4703.3516,-28633.7227,25.2519,0.0001,0.0013,1
-4703.1636,-28634.3926,24.9425,-5252.6045,-28084.4648,21.9621,-4706.7554,-28627.6660,21.0877,770.0765,-0.0004,0.0003,-3.1379,0.7850,3.1416,-4703.4536,-28633.5039,25.1616,0.0001,0.0012,1
-4703.1636,-28634.3926,24.9425,-5252.6045,-28084.4648,21.9621,-4702.1357,-28628.4590,28.3719,773.9369,-0.0010,0.0018,-3.1379,0.7850,3.1416,-4703.4131,-28633.3008,25.2965,0.0001,0.0013,1
-4703.1636,-28634.3926,24.9425,-5252.6045,-28084.4648,21.9621,-4704.3672,-28636.1855,25.9547,777.7979,0.0004,0.0013,-3.1379,0.7850,3.1416,-4703.4419,-28633.3379,25.3586,0.0001,0.0013,1
-4703.1636,-28634.3926,24.9425,-5252.6045,-28084.4648,21.9621,-4699.7129,-28637.0059,23.5132,781.6582,-0.0001,0.0008,-3.1379,0.7850,3.1416,-4703.3242,-28633.4102,25.3420,0.0001,0.0013,1
-4703.1636,-28634.3926,24.9425,-5252.6045,-28084.4648,21.9621,-4706.0894,-28626.8398,21.0752,769.9673,-0.0007,0.0003,-3.1379,0.7850,3.1416,-4703.4033,-28633.1641,25.2395,0.0001,0.0013,1
-4703.1636,-28634.3926,24.9425,-5252.6045,-28084.4648,21.9621,-4696.2661,-28635.3828,26.1075,782.9642,-0.0008,0.0013,-3.1379,0.7850,3.1416,-4703.1738,-28633.1797,25.2895,0.0002,0.0013,1
-4703.1636,-28634.3926,24.9425,-5252.6045,-28084.4648,21.9621,-4703.6885,-28635.3574,25.9413,777.6887,0.0002,0.0013,-3.1379,0.7850,3.1416,-4703.1670,-28633.2051,25.3350,0.0002,0.0013,1
-4703.1636,-28634.3926,24.9425,-5252.6045,-28084.4648,21.9621,-4699.0332,-28636.1719,23.4999,781.5490,-0.0003,0.0008,-3.1379,0.7850,3.1416,-4703.0127,-28633.2598,25.3027,0.0002,0.0013,1
-4703.1636,-28634.3926,24.9425,-5252.6045,-28084.4648,21.9621,-4705.4243,-28626.0137,21.0623,769.8582,-0.0009,0.0003,-3.1379,0.7850,3.1416,-4703.0571,-28632.9961,25.1852,0.0002,0.0013,1
-4703.1636,-28634.3926,24.9425,-5252.6045,-28084.4648,21.9621,-4707.6606,-28633.6875,28.3444,773.7191,0.0006,0.0018,-3.1379,0.7850,3.1416,-4703.1797,-28632.9668,25.2940,0.0002,0.0013,1
-4703.1636,-28634.3926,24.9425,-5252.6045,-28084.4648,21.9621,-4703.0112,-28634.5273,25.9275,777.5795,0.0000,0.0013,-3.1379,0.7850,3.1416,-4703.1626,-28632.9688,25.3309,0.0002,0.0013,1
-4703.1636,-28634.3926,24.9425,-5252.6045,-28084.4648,21.9621,-4704.9116,-28630.4277,23.0362,773.3309,-0.0003,0.0007,-3.1379,0.7850,3.1416,-4703.2075,-28632.8438,25.2749,0.0002,0.0013,1
-4703.1636,-28634.3926,24.9425,-5252.6045,-28084.4648,21.9621,-4709.2573,-28634.6035,20.6670,773.2264,0.0009,0.0002,-3.1379,0.7850,3.1416,-4703.3970,-28632.8496,25.1368,0.0002,0.0012,1
-4703.1636,-28634.3926,24.9425,-5252.6035,-28084.4648,21.9623,-4706.9854,-28632.8613,28.5743,773.6099,0.0003,0.0018,-3.1382,0.7850,3.1416,-4703.5259,-28632.8047,25.2441,0.0002,0.0012,1
-4703.1636,-28634.3926,24.9425,-5252.6001,-28084.4688,21.9628,-4702.3662,-28633.7285,26.7752,777.4703,-0.0002,0.0013,-3.1390,0.7850,3.1415,-4703.5122,-28632.7910,25.3004,0.0002,0.0011,1
-4703.1636,-28634.3926,24.9425,-5252.5933,-28084.4746,21.9639,-4697.7944,-28634.6270,25.4353,781.3312,-0.0008,0.0008,-3.1404,0.7848,3.1415,-4703.3491,-28632.8105,25.3164,0.0002,0.0009,1
-4703.1636,-28634.3926,24.9425,-5252.5835,-28084.4863,21.9655,-4700.2559,-28642.5508,22.5536,785.1768,0.0007,-0.0001,3.1408,0.7845,3.1415,-4703.2529,-28633.0859,25.2405,0.0002,0.0005,1
-4703.1636,-28634.3926,24.9425,-5252.5693,-28084.5000,21.9676,-4706.7627,-28632.4863,31.7067,773.4862,0.0001,0.0014,3.1383,0.7842,3.1415,-4703.3589,-28633.0625,25.4528,0.0003,0.0002,1
-4703.1636,-28634.3926,24.9425,-5252.5508,-28084.5195,21.9702,-4705.0347,-28628.2793,33.8409,771.7393,-0.0008,0.0014,3.1356,0.7839,3.1415,-4703.4165,-28632.9023,25.7480,0.0003,-0.0002,1
-4703.1636,-28634.3926,24.9425,-5252.5288,-28084.5410,21.9729,-4697.8550,-28634.5762,31.1540,781.2073,-0.0010,0.0004,3.1329,0.7834,3.1415,-4703.2471,-28632.9355,25.9705,0.0004,-0.0006,1
-4703.1636,-28634.3926,24.9425,-5252.5024,-28084.5684,21.9758,-4699.6938,-28641.8711,23.0869,784.9794,0.0002,-0.0017,3.1302,0.7828,3.1414,-4703.1255,-28633.2051,25.9443,0.0005,-0.0010,1
-4703.1636,-28634.3926,24.9425,-5252.4727,-28084.5996,21.9785,-4706.4561,-28632.0820,32.2456,773.2900,-0.0003,-0.0002,3.1277,0.7820,3.1414,-4703.2139,-28633.1816,26.2038,0.0006,-0.0013,1
-4703.1636,-28634.3926,24.9425,-5252.4390,-28084.6328,21.9809,-4702.2422,-28633.4062,31.4431,777.1500,-0.0009,-0.0007,3.1256,0.7811,3.1413,-4703.1738,-28633.1973,26.4472,0.0008,-0.0016,1
-4703.1636,-28634.3926,24.9425,-5252.4028,-28084.6699,21.9834,-4704.9819,-28641.6562,30.2962,781.0103,0.0006,-0.0012,3.1240,0.7803,3.1413,-4703.2197,-28633.4785,26.6605,0.0009,-0.0018,1
-4703.1636,-28634.3926,24.9425,-5252.3638,-28084.7109,21.9860,-4699.1055,-28641.1582,21.9071,784.6925,-0.0005,-0.0031,3.1228,0.7794,3.1413,-4703.0830,-28633.7598,26.6100,0.0010,-0.0020,1
-4703.1636,-28634.3926,24.9425,-5252.3232,-28084.7520,21.9885,-4705.8916,-28631.4531,29.7365,773.0059,-0.0011,-0.0016,3.1221,0.7785,3.1412,-4703.1553,-28633.7441,26.7959,0.0011,-0.0021,1
-4703.1636,-28634.3926,24.9425,-5252.2803,-28084.7969,21.9905,-4701.6592,-28632.7891,27.5039,776.8649,-0.0016,-0.0021,3.1218,0.7777,3.1412,-4703.0977,-28633.7637,26.9123,0.0013,-0.0021,1
-4703.1636,-28634.3926,24.9425,-5252.2363,-28084.8418,21.9918,-4704.3511,-28641.0176,24.8879,780.7244,-0.0002,-0.0026,3.1221,0.7769,3.1412,-4703.1235,-28634.0430,26.9420,0.0013,-0.0020,1
-4703.1636,-28634.3926,24.9425,-5252.1909,-28084.8887,21.9924,-4698.3701,-28640.2793,20.4336,784.3433,-0.0013,-0.0034,3.1227,0.7761,3.1412,-4702.9619,-28634.3105,26.8215,0.0015,-0.0020,1
-4703.1636,-28634.3926,24.9425,-5252.1445,-28084.9355,21.9919,-4705.0923,-28630.5586,26.8774,772.6603,-0.0018,-0.0019,3.1238,0.7753,3.1412,-4703.0063,-28634.2773,26.8891,0.0016,-0.0018,1
-4703.1636,-28634.3926,24.9425,-5252.0977,-28084.9844,21.9904,-4707.7158,-28638.7129,23.2700,776.5181,-0.0004,-0.0024,3.1254,0.7746,3.1412,-4703.1406,-28634.4941,26.8376,0.0016,-0.0015,1
-4703.1636,-28634.3926,24.9425,-5252.0498,-28085.0332,21.9877,-4703.4238,-28639.9883,19.3094,780.3765,-0.0009,-0.0029,3.1273,0.7739,3.1411,-4703.1470,-28634.7578,26.6494,0.0017,-0.0013,1
-4703.1636,-28634.3926,24.9425,-5252.0015,-28085.0840,21.9840,-4697.6260,-28639.3789,19.1437,783.9611,-0.0020,-0.0025,3.1296,0.7732,3.1411,-4702.9692,-28635.0098,26.4390,0.0018,-0.0009,1
-4703.1636,-28634.3926,24.9425,-5251.9521,-28085.1348,21.9792,-4704.1489,-28629.4883,24.3939,772.2821,-0.0025,-0.0010,3.1323,0.7728,3.1411,-4702.9888,-28634.9473,26.3781,0.0019,-0.0005,1
-4703.1636,-28634.3926,24.9425,-5251.9033,-28085.1855,21.9743,-4706.4888,-28637.3652,19.7654,776.1386,-0.0011,-0.0015,3.1351,0.7726,3.1411,-4703.0869,-28635.1211,26.1640,0.0019,-0.0001,1
-4703.1636,-28634.3926,24.9425,-5251.8540,-28085.2363,21.9699,-4702.1372,-28638.5430,15.1062,779.9956,-0.0016,-0.0020,3.1379,0.7720,3.1412,-4703.0527,-28635.3359,25.7878,0.0019,0.0002,1
-4703.1636,-28634.3926,24.9425,-5251.8052,-28085.2871,21.9662,-4706.4780,-28634.8613,25.9503,774.2268,-0.0016,0.0006,3.1406,0.7717,3.1412,-4703.1567,-28635.4336,25.7373,0.0020,0.0007,1
-4703.1636,-28634.3926,24.9425,-5251.7563,-28085.3379,21.9631,-4703.0874,-28628.2656,24.2443,771.8879,-0.0030,0.0007,-3.1400,0.7716,3.1412,-4703.1587,-28635.3105,25.6345,0.0020,0.0010,1
-4703.1636,-28634.3926,24.9425,-5251.7085,-28085.3867,21.9605,-4705.5459,-28636.2773,20.0863,775.7430,-0.0016,0.0002,-3.1378,0.7711,3.1413,-4703.2397,-28635.4277,25.3972,0.0020,0.0013,1
-4703.1636,-28634.3926,24.9425,-5251.6611,-28085.4375,21.9584,-4701.1309,-28637.3926,16.1228,779.5985,-0.0021,-0.0003,-3.1358,0.7707,3.1413,-4703.1836,-28635.5781,25.0248,0.0021,0.0016,1
-4703.1636,-28634.3926,24.9425,-5251.6143,-28085.4863,21.9567,-4695.8892,-28637.3203,19.6897,783.1683,-0.0029,0.0006,-3.1342,0.7707,3.1413,-4702.9551,-28635.7266,24.7517,0.0021,0.0018,1
-4703.1636,-28634.3926,24.9425,-5251.5684,-28085.5332,21.9554,-4708.9937,-28634.0000,26.0322,771.4979,-0.0015,0.0021,-3.1330,0.7709,3.1414,-4703.1328,-28635.7676,24.6753,0.0021,0.0020,1
-4703.1636,-28634.3926,24.9425,-5251.5234,-28085.5801,21.9545,-4704.3906,-28634.9648,22.8973,775.3516,-0.0020,0.0016,-3.1320,0.7707,3.1414,-4703.1748,-28635.8320,24.5056,0.0021,0.0021,1
-4703.1636,-28634.3926,24.9425,-5251.4785,-28085.6270,21.9540,-4699.7017,-28635.8145,19.9771,779.2057,-0.0026,0.0011,-3.1314,0.7707,3.1414,-4703.0684,-28635.9180,24.2439,0.0021,0.0021,1
-4703.1636,-28634.3926,24.9425,-5251.4351,-28085.6719,21.9537,-4695.2080,-28636.4707,20.6793,782.7913,-0.0031,0.0013,-3.1311,0.7707,3.1414,-4702.8115,-28636.0215,24.0011,0.0021,0.0021,1
-4703.1636,-28634.3926,24.9425,-5251.3921,-28085.7168,21.9537,-4708.2085,-28633.0410,27.9248,771.1249,-0.0017,0.0028,-3.1310,0.7711,3.1415,-4702.9565,-28636.0117,23.9901,0.0020,0.0021,1
-4703.1636,-28634.3926,24.9425,-5251.3496,-28085.7617,21.9540,-4703.4902,-28633.8828,25.6394,774.9772,-0.0022,0.0023,-3.1311,0.7712,3.1415,-4702.9614,-28636.0176,23.9192,0.0020,0.0021,1
-4703.1636,-28634.3926,24.9425,-5251.3081,-28085.8047,21.9545,-4698.6851,-28634.6133,23.4716,778.8301,-0.0028,0.0018,-3.1315,0.7714,3.1415,-4702.8135,-28636.0410,23.7876,0.0020,0.0020,1
-4703.1636,-28634.3926,24.9425,-5251.2671,-28085.8477,21.9551,-4701.2686,-28642.3633,21.2906,782.4334,-0.0012,0.0013,-3.1319,0.7718,3.1415,-4702.7402,-28636.3047,23.5906,0.0019,0.0019,1
-4703.1636,-28634.3926,24.9425,-5251.2266,-28085.8906,21.9558,-4707.4839,-28632.1465,29.0197,770.7707,-0.0018,0.0028,-3.1325,0.7719,3.1415,-4702.8657,-28636.2520,23.6434,0.0019,0.0018,1
-4703.1636,-28634.3926,24.9425,-5251.1865,-28085.9336,21.9566,-4702.6763,-28632.8887,27.1192,774.6218,-0.0023,0.0023,-3.1331,0.7722,3.1416,-4702.8462,-28636.2109,23.6509,0.0018,0.0017,1
-4703.1636,-28634.3926,24.9425,-5251.1470,-28085.9746,21.9574,-4697.7808,-28633.5195,25.2248,778.4734,-0.0029,0.0018,-3.1338,0.7726,3.1416,-4702.6704,-28636.1797,23.6091,0.0018,0.0016,1
-4703.1636,-28634.3926,24.9425,-5251.1074,-28086.0156,21.9583,-4700.5205,-28641.4648,21.4375,782.0905,-0.0013,0.0009,-3.1345,0.7731,3.1416,-4702.5723,-28636.3945,23.4533,0.0017,0.0014,1
-4703.1636,-28634.3926,24.9425,-5251.0688,-28086.0566,21.9591,-4706.6924,-28631.1973,29.2224,770.4313,-0.0018,0.0024,-3.1352,0.7733,3.1416,-4702.6709,-28636.2891,23.5487,0.0017,0.0014,1
-4703.1636,-28634.3926,24.9425,-5251.0303,-28086.0957,21.9598,-4701.8267,-28631.8691,27.3019,774.2812,-0.0024,0.0019,-3.1358,0.7736,3.1416,-4702.6216,-28636.1914,23.5973,0.0016,0.0013,1
-4703.1636,-28634.3926,24.9425,-5250.9922,-28086.1367,21.9605,-4696.8750,-28632.4336,25.3164,778.1317,-0.0029,0.0014,-3.1363,0.7741,3.1416,-4702.4126,-28636.1016,23.5927,0.0016,0.0012,1
-4703.1636,-28634.3926,24.9425,-5250.9541,-28086.1758,21.9611,-4697.2842,-28634.3105,29.6857,779.1340,-0.0026,0.0022,-3.1368,0.7743,3.1416,-4702.2061,-28636.0625,23.7345,0.0016,0.0011,1
-4703.1636,-28634.3926,24.9425,-5250.9165,-28086.2148,21.9616,-4706.1973,-28630.5488,28.8710,770.1014,-0.0018,0.0020,-3.1372,0.7746,-3.1416,-4702.2788,-28635.8965,23.8672,0.0016,0.0011,1
-4703.1636,-28634.3926,24.9425,-5250.8794,-28086.2539,21.9620,-4701.2983,-28631.1797,26.7303,773.9503,-0.0023,0.0015,-3.1376,0.7750,3.1416,-4702.2031,-28635.7402,23.9422,0.0015,0.0010,1
-4703.1636,-28634.3926,24.9425,-5250.8423,-28086.2930,21.9623,-4703.2114,-28638.6250,24.5055,777.7996,-0.0009,0.0010,-3.1378,0.7755,3.1416,-4702.1890,-28635.8125,23.9520,0.0014,0.0010,1
-4703.1636,-28634.3926,24.9425,-5250.8052,-28086.3320,21.9625,-4703.3247,-28634.6172,25.8140,774.8286,-0.0014,0.0013,-3.1380,0.7757,-3.1416,-4702.1831,-28635.7637,24.0056,0.0014,0.0010,1
-4703.1636,-28634.3926,24.9425,-5250.7686,-28086.3711,21.9626,-4705.4761,-28629.6777,28.3795,769.7774,-0.0018,0.0018,-3.1381,0.7760,-3.1416,-4702.2515,-28635.5527,24.1471,0.0014,0.0010,1
-4703.1636,-28634.3926,24.9425,-5250.7319,-28086.4082,21.9626,-4700.5547,-28630.2754,26.0114,773.6252,-0.0023,0.0013,-3.1382,0.7765,-3.1416,-4702.1689,-28635.3496,24.2205,0.0014,0.0010,1
-4703.1636,-28634.3926,24.9425,-5250.6958,-28086.4473,21.9626,-4702.4341,-28637.6953,23.5754,777.4734,-0.0009,0.0008,-3.1382,0.7771,-3.1416,-4702.1450,-28635.3770,24.2187,0.0013,0.0010,1
-4703.1636,-28634.3926,24.9425,-5250.6597,-28086.4844,21.9625,-4698.4844,-28638.9629,20.8223,781.1077,-0.0012,0.0002,-3.1381,0.7776,-3.1416,-4701.9966,-28635.4512,24.1266,0.0012,0.0010,1
-4703.1636,-28634.3926,24.9425,-5250.6240,-28086.5215,21.9624,-4704.6128,-28628.6562,28.0235,769.4583,-0.0017,0.0017,-3.1380,0.7780,-3.1416,-4702.0391,-28635.2012,24.2590,0.0012,0.0010,1
-4703.1636,-28634.3926,24.9425,-5250.5884,-28086.5586,21.9623,-4706.5420,-28636.1113,25.5236,773.3050,-0.0003,0.0012,-3.1379,0.7785,-3.1416,-4702.1514,-28635.1797,24.3180,0.0011,0.0011,1
-4703.1636,-28634.3926,24.9425,-5250.5532,-28086.5957,21.9621,-4701.9033,-28637.0059,22.9841,777.1522,-0.0009,0.0007,-3.1377,0.7784,-3.1415,-4702.1240,-28635.1934,24.2968,0.0011,0.0011,1
-4703.1636,-28634.3926,24.9425,-5250.5181,-28086.6328,21.9619,-4697.9458,-28638.2656,20.7356,780.7905,-0.0012,0.0003,-3.1375,0.7787,-3.1415,-4701.9712,-28635.2500,24.2001,0.0011,0.0011,1
-4703.1636,-28634.3926,24.9425,-5250.4834,-28086.6699,21.9617,-4704.0806,-28627.9648,27.8874,769.1442,-0.0018,0.0018,-3.1374,0.7790,-3.1415,-4702.0073,-28634.9844,24.3260,0.0010,0.0011,1
-4703.1636,-28634.3926,24.9425,-5250.4487,-28086.7051,21.9615,-4705.9951,-28635.4121,25.3637,772.9899,-0.0003,0.0013,-3.1372,0.7795,-3.1415,-4702.1113,-28634.9453,24.3771,0.0009,0.0012,1
-4703.1636,-28634.3926,24.9425,-5250.4146,-28086.7422,21.9613,-4701.3506,-28636.2930,22.8218,776.8361,-0.0009,0.0008,-3.1371,0.7795,-3.1415,-4702.0747,-28634.9375,24.3477,0.0010,0.0012,1
-4703.1636,-28634.3926,24.9425,-5250.3809,-28086.7773,21.9612,-4697.2939,-28637.4531,20.7398,780.4795,-0.0012,0.0004,-3.1369,0.7797,-3.1415,-4701.9067,-28634.9727,24.2476,0.0009,0.0012,1
-4703.1636,-28634.3926,24.9425,-5250.3472,-28086.8125,21.9610,-4703.4395,-28627.1602,27.9191,768.8362,-0.0018,0.0019,-3.1368,0.7801,-3.1415,-4701.9277,-28634.6816,24.3710,0.0009,0.0012,1
-4703.1636,-28634.3926,24.9425,-5250.3140,-28086.8477,21.9609,-4705.6343,-28634.8945,25.4387,772.6809,-0.0004,0.0014,-3.1367,0.7801,-3.1415,-4702.0234,-28634.6270,24.4212,0.0009,0.0013,1
-4703.1636,-28634.3926,24.9425,-5250.2812,-28086.8809,21.9608,-4700.9922,-28635.7676,22.9492,776.5261,-0.0009,0.0009,-3.1366,0.7800,-3.1415,-4701.9785,-28634.6035,24.3925,0.0009,0.0013,1
-4703.1636,-28634.3926,24.9425,-5250.2485,-28086.9160,21.9608,-4703.1846,-28628.2852,26.5465,769.6570,-0.0016,0.0016,-3.1366,0.7803,-3.1415,-4702.0024,-28634.3418,24.4763,0.0009,0.0013,1
-4703.1636,-28634.3926,24.9425,-5250.2163,-28086.9492,21.9607,-4709.5918,-28633.1582,28.0170,768.5351,0.0001,0.0019,-3.1365,0.7806,-3.1415,-4702.2383,-28634.2285,24.6120,0.0009,0.0013,1
-4703.1636,-28634.3926,24.9425,-5250.1841,-28086.9824,21.9607,-4704.9507,-28634.0508,25.5972,772.3788,-0.0005,0.0014,-3.1365,0.7806,-3.1415,-4702.3389,-28634.1465,24.6752,0.0009,0.0014,1
-4703.1636,-28634.3926,24.9425,-5250.1523,-28087.0156,21.9607,-4700.3047,-28634.9141,23.1658,776.2231,-0.0010,0.0009,-3.1365,0.7806,-3.1415,-4702.2949,-28634.0938,24.6606,0.0009,0.0014,1
-4703.1636,-28634.3926,24.9425,-5250.1206,-28087.0488,21.9607,-4695.9321,-28635.7637,20.8250,779.8788,-0.0015,0.0005,-3.1365,0.7808,-3.1415,-4702.1055,-28634.0742,24.5665,0.0009,0.0013,1
-4703.1636,-28634.3926,24.9425,-5250.0894,-28087.0820,21.9607,-4708.9009,-28632.3184,28.1013,768.2412,-0.0001,0.0020,-3.1365,0.7812,-3.1415,-4702.3213,-28633.9492,24.6981,0.0008,0.0014,1
-4703.1636,-28634.3926,24.9425,-5250.0586,-28087.1152,21.9607,-4704.2568,-28633.1992,25.7239,772.0840,-0.0006,0.0015,-3.1366,0.7812,-3.1415,-4702.4004,-28633.8516,24.7588,0.0008,0.0014,1
-4703.1636,-28634.3926,24.9425,-5250.0278,-28087.1465,21.9608,-4699.6069,-28634.0488,23.3285,775.9272,-0.0012,0.0010,-3.1366,0.7812,-3.1415,-4702.3325,-28633.7852,24.7431,0.0008,0.0014,1
-4703.1636,-28634.3926,24.9425,-5249.9976,-28087.1777,21.9608,-4700.3208,-28634.5215,23.3428,775.7101,-0.0009,0.0010,-3.1366,0.7816,-3.1415,-4702.2808,-28633.7363,24.7235,0.0008,0.0013,1
-4703.1636,-28634.3926,24.9425,-5249.9678,-28087.2109,21.9609,-4704.3716,-28631.7656,22.9965,770.8508,-0.0008,0.0009,-3.1367,0.7816,-3.1415,-4702.3550,-28633.6035,24.6882,0.0008,0.0013,1
-4703.1636,-28634.3926,24.9425,-5249.9380,-28087.2422,21.9609,-4703.7544,-28632.5352,25.7725,771.7960,-0.0007,0.0014,-3.1367,0.7815,-3.1415,-4702.4136,-28633.4961,24.7384,0.0008,0.0013,1
-4703.1636,-28634.3926,24.9425,-5249.9082,-28087.2715,21.9610,-4698.9722,-28633.2441,23.3861,775.6384,-0.0013,0.0009,-3.1368,0.7818,-3.1415,-4702.3198,-28633.4121,24.7131,0.0008,0.0013,1
-4703.1636,-28634.3926,24.9425,-5249.8789,-28087.3027,21.9611,-4701.4614,-28640.9785,20.8307,779.3055,0.0002,0.0004,-3.1368,0.7821,-3.1415,-4702.2988,-28633.5781,24.6024,0.0007,0.0013,1
-4703.1636,-28634.3926,24.9425,-5249.8496,-28087.3340,21.9611,-4707.7393,-28630.8496,28.1208,767.6732,-0.0003,0.0019,-3.1369,0.7821,-3.1415,-4702.4795,-28633.4375,24.7186,0.0007,0.0013,1
-4703.1636,-28634.3926,24.9425,-5249.8208,-28087.3633,21.9612,-4703.0942,-28631.7129,25.7530,771.5143,-0.0009,0.0014,-3.1369,0.7821,-3.1415,-4702.5200,-28633.3223,24.7647,0.0007,0.0013,1
-4703.1636,-28634.3926,24.9425,-5249.7925,-28087.3945,21.9612,-4698.2939,-28632.3984,23.3579,775.3558,-0.0014,0.0009,-3.1370,0.7823,-3.1415,-4702.4062,-28633.2285,24.7351,0.0007,0.0013,1
-4703.1636,-28634.3926,24.9425,-5249.7642,-28087.4238,21.9612,-4700.9731,-28640.3379,20.8071,779.0280,0.0001,0.0004,-3.1370,0.7823,-3.1415,-4702.3691,-28633.3906,24.6202,0.0007,0.0013,1
-4703.1636,-28634.3926,24.9425,-5249.7358,-28087.4531,21.9613,-4707.2622,-28630.2188,28.0815,767.3983,-0.0004,0.0019,-3.1370,0.7823,-3.1415,-4702.5327,-28633.2441,24.7317,0.0007,0.0013,1
-4703.1636,-28634.3926,24.9425,-5249.7080,-28087.4824,21.9613,-4702.6187,-28631.0762,25.7001,771.2385,-0.0010,0.0014,-3.1370,0.7823,-3.1415,-4702.5552,-28633.1211,24.7729,0.0007,0.0013,1
-4703.1636,-28634.3926,24.9425,-5249.6802,-28087.5117,21.9613,-4704.6860,-28638.6309,23.2902,775.0792,0.0004,0.0009,-3.1370,0.7826,-3.1415,-4702.6436,-28633.2402,24.7377,0.0006,0.0013,1
-4703.1636,-28634.3926,24.9425,-5249.6528,-28087.5391,21.9613,-4700.2910,-28639.5020,20.7808,778.7562,-0.0001,0.0004,-3.1371,0.7826,-3.1415,-4702.5942,-28633.4004,24.6185,0.0006,0.0013,1
-4703.1636,-28634.3926,24.9425,-5249.6260,-28087.5684,21.9613,-4706.5928,-28629.3926,28.0398,767.1288,-0.0006,0.0019,-3.1371,0.7826,-3.1415,-4702.7427,-28633.2480,24.7254,0.0006,0.0013,1
-4703.1636,-28634.3926,24.9425,-5249.5986,-28087.5957,21.9613,-4701.9482,-28630.2422,25.6469,770.9683,-0.0012,0.0014,-3.1371,0.7826,-3.1415,-4702.7480,-28633.1172,24.7616,0.0006,0.0013,1
-4703.1636,-28634.3926,24.9425,-5249.5723,-28087.6250,21.9613,-4703.9878,-28637.7773,23.2265,774.8082,0.0003,0.0009,-3.1371,0.7829,-3.1415,-4702.8159,-28633.2266,24.7211,0.0006,0.0013,1
-4703.1636,-28634.3926,24.9425,-5249.5454,-28087.6523,21.9613,-4699.6187,-28638.6758,20.7595,778.4896,-0.0002,0.0004,-3.1371,0.7829,-3.1415,-4702.7446,-28633.3750,24.5981,0.0006,0.0013,1
-4703.1636,-28634.3926,24.9425,-5249.5190,-28087.6797,21.9613,-4705.9316,-28628.5742,28.0089,766.8647,-0.0008,0.0019,-3.1371,0.7829,-3.1415,-4702.8691,-28633.2090,24.7011,0.0006,0.0013,1
-4703.1636,-28634.3926,24.9425,-5249.4932,-28087.7070,21.9613,-4708.0098,-28636.1348,25.6097,770.7033,0.0007,0.0014,-3.1371,0.7831,-3.1415,-4703.0669,-28633.2773,24.7332,0.0005,0.0013,1
-4703.1636,-28634.3926,24.9425,-5249.4673,-28087.7344,21.9613,-4703.3657,-28637.0000,23.1870,774.5424,0.0001,0.0009,-3.1371,0.7831,-3.1415,-4703.1230,-28633.3828,24.6888,0.0005,0.0013,1
-4703.1636,-28634.3926,24.9425,-5249.4419,-28087.7617,21.9613,-4698.9365,-28637.8379,20.7450,778.2283,-0.0004,0.0004,-3.1371,0.7831,-3.1415,-4703.0356,-28633.5234,24.5627,0.0005,0.0012,1
-4703.1636,-28634.3926,24.9425,-5249.4165,-28087.7871,21.9613,-4705.2637,-28627.7461,27.9908,766.6056,-0.0010,0.0019,-3.1371,0.7831,-3.1415,-4703.1411,-28633.3457,24.6629,0.0005,0.0013,1
-4703.1636,-28634.3926,24.9425,-5249.3911,-28087.8145,21.9613,-4707.3076,-28635.2832,25.5923,770.4435,0.0005,0.0014,-3.1371,0.7834,-3.1415,-4703.3164,-28633.4004,24.6923,0.0004,0.0013,1
-4703.1636,-28634.3926,24.9425,-5249.3662,-28087.8398,21.9613,-4702.6636,-28636.1387,23.1709,774.2819,-0.0001,0.0009,-3.1371,0.7834,-3.1415,-4703.3477,-28633.4863,24.6454,0.0004,0.0013,1
-4703.1636,-28634.3926,24.9425,-5249.3413,-28087.8672,21.9613,-4697.6187,-28634.7070,20.9400,776.8075,-0.0010,0.0004,-3.1370,0.7834,-3.1415,-4703.2129,-28633.5332,24.5236,0.0004,0.0012,1
-4703.1636,-28634.3926,24.9425,-5249.3169,-28087.8926,21.9613,-4704.6025,-28626.9238,27.9808,766.3517,-0.0012,0.0019,-3.1370,0.7834,-3.1415,-4703.2896,-28633.3281,24.6224,0.0004,0.0013,1
-4703.1636,-28634.3926,24.9425,-5249.2925,-28087.9180,21.9613,-4706.7852,-28634.6094,25.5858,770.1889,0.0003,0.0014,-3.1370,0.7834,-3.1415,-4703.4380,-28633.3594,24.6507,0.0004,0.0013,1
-4703.1636,-28634.3926,24.9425,-5249.2681,-28087.9434,21.9613,-4702.1445,-28635.4609,23.1686,774.0266,-0.0003,0.0009,-3.1371,0.7834,-3.1415,-4703.4419,-28633.4199,24.6029,0.0004,0.0013,1
-4703.1636,-28634.3926,24.9425,-5249.2441,-28087.9688,21.9613,-4697.5986,-28636.1816,20.7261,777.7211,-0.0008,0.0004,-3.1371,0.7834,-3.1415,-4703.2949,-28633.5098,24.4738,0.0004,0.0012,1
-4703.1636,-28634.3926,24.9425,-5249.2207,-28087.9922,21.9613,-4710.7583,-28632.9180,27.9724,766.1027,0.0006,0.0019,-3.1371,0.7834,-3.1415,-4703.5605,-28633.5000,24.5714,0.0003,0.0012,1
-4703.1636,-28634.3926,24.9425,-5249.1968,-28088.0176,21.9613,-4706.1260,-28633.7969,25.5821,769.9392,0.0001,0.0014,-3.1371,0.7834,-3.1415,-4703.6895,-28633.5156,24.5990,0.0003,0.0013,1
-4703.1636,-28634.3926,24.9425,-5249.1738,-28088.0430,21.9613,-4701.4868,-28634.6426,23.1683,773.7761,-0.0005,0.0009,-3.1371,0.7834,-3.1415,-4703.6714,-28633.5605,24.5507,0.0003,0.0012,1
-4703.1636,-28634.3926,24.9425,-5249.1504,-28088.0664,21.9613,-4696.7886,-28635.2090,20.7164,777.4748,-0.0010,0.0003,-3.1371,0.7836,-3.1415,-4703.4956,-28633.6250,24.4210,0.0003,0.0012,1
-4703.1636,-28634.3926,24.9425,-5249.1274,-28088.0898,21.9613,-4709.8018,-28631.8184,27.9627,765.8586,0.0004,0.0018,-3.1371,0.7839,-3.1415,-4703.7246,-28633.5820,24.5183,0.0002,0.0012,1
-4703.1636,-28634.3926,24.9425,-5249.1050,-28088.1152,21.9613,-4705.1646,-28632.6816,25.5750,769.6943,-0.0002,0.0013,-3.1371,0.7839,-3.1415,-4703.8145,-28633.5625,24.5457,0.0002,0.0012,1
-4703.1636,-28634.3926,24.9425,-5249.0825,-28088.1387,21.9613,-4700.5210,-28633.5137,23.1637,773.5306,-0.0007,0.0008,-3.1371,0.7839,-3.1415,-4703.7549,-28633.5684,24.4976,0.0002,0.0012,1
-4703.1636,-28634.3926,24.9425,-5249.0601,-28088.1621,21.9614,-4696.2568,-28634.5137,20.7057,777.2333,-0.0012,0.0003,-3.1371,0.7839,-3.1415,-4703.5498,-28633.6055,24.3679,0.0003,0.0012,1
-4703.1636,-28634.3926,24.9425,-5249.0376,-28088.1855,21.9614,-4709.4180,-28631.2832,27.9503,765.6190,0.0003,0.0018,-3.1371,0.7839,-3.1415,-4703.7534,-28633.5410,24.4654,0.0002,0.0012,1
-4703.1636,-28634.3926,24.9425,-5249.0151,-28088.2090,21.9615,-4704.8462,-28632.2051,25.7601,769.4541,-0.0003,0.0013,-3.1374,0.7838,-3.1415,-4703.8198,-28633.5000,24.4996,0.0002,0.0012,1
-4703.1636,-28634.3926,24.9425,-5248.9907,-28088.2344,21.9620,-4700.3970,-28633.2324,23.8510,773.2897,-0.0008,0.0008,-3.1381,0.7834,-3.1416,-4703.7427,-28633.4883,24.4750,0.0003,0.0011,1
-4703.1636,-28634.3926,24.9425,-5248.9639,-28088.2637,21.9629,-4702.6943,-28640.8086,21.6212,776.9911,0.0005,0.0002,-3.1394,0.7830,3.1415,-4703.7314,-28633.7227,24.3775,0.0003,0.0009,1
-4703.1636,-28634.3926,24.9425,-5248.9341,-28088.2949,21.9643,-4709.4746,-28631.1855,30.1664,765.3789,-0.0000,0.0017,-3.1412,0.7820,3.1414,-4703.9380,-28633.6602,24.5521,0.0005,0.0006,1
-4703.1636,-28634.3926,24.9425,-5248.9014,-28088.3301,21.9662,-4705.4443,-28632.6582,29.4459,769.2134,-0.0006,0.0012,3.1397,0.7809,3.1412,-4704.0239,-28633.6387,24.7152,0.0006,0.0003,1
-4703.1636,-28634.3926,24.9425,-5248.8647,-28088.3711,21.9685,-4701.4644,-28634.1836,28.9510,773.0483,-0.0011,0.0007,3.1372,0.7797,3.1411,-4703.9819,-28633.6641,24.8715,0.0008,-0.0000,1
-4703.1636,-28634.3926,24.9425,-5248.8257,-28088.4141,21.9710,-4697.5049,-28635.3555,27.5326,776.6146,-0.0017,-0.0000,3.1346,0.7784,3.1409,-4703.8062,-28633.7305,24.9895,0.0011,-0.0004,1
-4703.1636,-28634.3926,24.9425,-5248.7832,-28088.4590,21.9735,-4709.8657,-28631.4531,31.5987,765.0912,-0.0008,0.0005,3.1321,0.7764,3.1407,-4704.0161,-28633.6699,25.2457,0.0014,-0.0007,1
-4703.1636,-28634.3926,24.9425,-5248.7383,-28088.5098,21.9759,-4706.4932,-28633.6133,30.8348,768.9247,-0.0014,-0.0000,3.1299,0.7740,3.1405,-4704.1274,-28633.6758,25.4879,0.0017,-0.0010,1
-4703.1636,-28634.3926,24.9425,-5248.6904,-28088.5625,21.9781,-4710.0776,-28642.6270,29.8501,772.7589,0.0001,-0.0005,3.1280,0.7716,3.1404,-4704.3579,-28633.9746,25.7064,0.0020,-0.0013,1
-4703.1636,-28634.3926,24.9425,-5248.6401,-28088.6191,21.9799,-4702.9390,-28642.9160,29.4190,777.8782,-0.0013,-0.0008,3.1265,0.7692,3.1403,-4704.3691,-28634.2969,25.9158,0.0024,-0.0014,1
-4703.1636,-28634.3926,24.9425,-5248.5874,-28088.6777,21.9814,-4709.9185,-28631.4336,29.6523,764.7300,-0.0023,-0.0009,3.1254,0.7668,3.1401,-4704.6016,-28634.2656,26.1382,0.0027,-0.0015,1
-4703.1636,-28634.3926,24.9425,-5248.5332,-28088.7383,21.9826,-4706.4829,-28633.5605,27.6102,768.5623,-0.0029,-0.0014,3.1249,0.7646,3.1399,-4704.7310,-28634.2969,26.2969,0.0031,-0.0016,1
-4703.1636,-28634.3926,24.9425,-5248.4771,-28088.8008,21.9835,-4709.7607,-28642.2988,25.2068,772.3950,-0.0015,-0.0019,3.1248,0.7627,3.1397,-4704.9668,-28634.6055,26.3756,0.0033,-0.0016,1
-4703.1636,-28634.3926,24.9425,-5248.4204,-28088.8652,21.9839,-4700.0547,-28633.1777,28.0371,772.6726,-0.0045,-0.0012,3.1252,0.7610,3.1396,-4704.8960,-28634.6348,26.5384,0.0035,-0.0014,1
-4703.1636,-28634.3926,24.9425,-5248.3623,-28088.9297,21.9835,-4708.6069,-28630.0391,26.8157,764.3066,-0.0040,-0.0013,3.1261,0.7591,3.1396,-4705.0884,-28634.5527,26.6603,0.0038,-0.0013,1
-4703.1636,-28634.3926,24.9425,-5248.3037,-28088.9961,21.9823,-4704.7832,-28631.7754,23.3871,768.1374,-0.0045,-0.0018,3.1274,0.7576,3.1396,-4705.1606,-28634.5156,26.6660,0.0041,-0.0011,1
-4703.1636,-28634.3926,24.9425,-5248.2441,-28089.0645,21.9803,-4707.9648,-28640.4414,19.6593,771.9685,-0.0031,-0.0023,3.1293,0.7558,3.1398,-4705.3315,-28634.7520,26.5395,0.0043,-0.0008,1
-4703.1636,-28634.3926,24.9425,-5248.1851,-28089.1328,21.9778,-4701.0859,-28631.8340,28.2830,770.6373,-0.0056,-0.0002,3.1314,0.7544,3.1400,-4705.2817,-28634.7188,26.6732,0.0045,-0.0005,1
-4703.1636,-28634.3926,24.9425,-5248.1250,-28089.2012,21.9750,-4707.2905,-28628.6016,24.7244,763.8489,-0.0053,-0.0006,3.1337,0.7534,3.1402,-4705.4209,-28634.5703,26.6909,0.0047,-0.0001,1
-4703.1636,-28634.3926,24.9425,-5248.0654,-28089.2695,21.9723,-4709.9189,-28636.7363,20.6254,767.6779,-0.0039,-0.0011,3.1360,0.7526,3.1404,-4705.6460,-28634.6738,26.5677,0.0048,0.0002,1
-4703.1636,-28634.3926,24.9425,-5248.0063,-28089.3379,21.9695,-4702.4004,-28637.1875,14.5720,773.2325,-0.0051,-0.0020,3.1383,0.7515,3.1406,-4705.6333,-28634.7930,26.2341,0.0049,0.0005,1
-4703.1636,-28634.3926,24.9425,-5247.9468,-28089.4043,21.9669,-4699.2314,-28636.6484,18.9684,774.9686,-0.0057,-0.0008,3.1406,0.7512,3.1407,-4705.5073,-28634.8984,26.0157,0.0050,0.0008,1
-4703.1636,-28634.3926,24.9425,-5247.8882,-28089.4727,21.9645,-4705.6738,-28626.8242,24.6774,763.3785,-0.0062,0.0007,-3.1405,0.7509,3.1408,-4705.5723,-28634.6855,25.9649,0.0051,0.0011,1
-4703.1636,-28634.3926,24.9425,-5247.8301,-28089.5410,21.9623,-4700.3809,-28638.7363,17.6009,775.4594,-0.0053,-0.0004,-3.1386,0.7507,3.1410,-4705.4639,-28634.8418,25.6842,0.0051,0.0013,1
-4703.1636,-28634.3926,24.9425,-5247.7725,-28089.6074,21.9604,-4703.4551,-28635.6719,17.2001,771.0333,-0.0053,-0.0003,-3.1369,0.7504,3.1411,-4705.4409,-28634.9043,25.3721,0.0051,0.0015,1
-4703.1636,-28634.3926,24.9425,-5247.7158,-28089.6719,21.9588,-4698.2559,-28635.5098,19.5583,774.4990,-0.0061,0.0004,-3.1354,0.7506,3.1412,-4705.2446,-28634.9648,25.1213,0.0051,0.0017,1
-4703.1636,-28634.3926,24.9425,-5247.6597,-28089.7383,21.9575,-4711.1831,-28632.1641,25.9356,762.9142,-0.0046,0.0019,-3.1342,0.7509,3.1413,-4705.4517,-28634.9121,25.0676,0.0051,0.0018,1
-4703.1636,-28634.3926,24.9425,-5247.6045,-28089.8027,21.9565,-4706.5400,-28633.0762,22.8775,766.7396,-0.0052,0.0014,-3.1333,0.7509,3.1414,-4705.5181,-28634.8848,24.9194,0.0051,0.0020,1
-4703.1636,-28634.3926,24.9425,-5247.5498,-28089.8672,21.9558,-4701.7139,-28633.7754,19.9778,770.5654,-0.0057,0.0009,-3.1326,0.7512,3.1415,-4705.4287,-28634.8730,24.6764,0.0050,0.0020,1
-4703.1636,-28634.3926,24.9425,-5247.4956,-28089.9297,21.9553,-4697.4404,-28634.5293,20.3077,774.0460,-0.0062,0.0011,-3.1322,0.7517,3.1416,-4705.1924,-28634.8828,24.4382,0.0050,0.0020,1
-4703.1636,-28634.3926,24.9425,-5247.4429,-28089.9922,21.9551,-4710.1426,-28630.9609,27.3816,762.4664,-0.0047,0.0026,-3.1320,0.7524,-3.1416,-4705.3516,-28634.7734,24.4252,0.0049,0.0020,1
-4703.1636,-28634.3926,24.9425,-5247.3901,-28090.0527,21.9552,-4705.2051,-28631.5664,24.9981,766.2901,-0.0053,0.0021,-3.1319,0.7529,-3.1415,-4705.3589,-28634.6758,24.3452,0.0048,0.0020,1
-4703.1636,-28634.3926,24.9425,-5247.3389,-28090.1133,21.9554,-4700.2305,-28632.1055,22.7114,770.1143,-0.0058,0.0016,-3.1320,0.7535,-3.1414,-4705.2041,-28634.5898,24.1966,0.0047,0.0020,1
-4703.1636,-28634.3926,24.9425,-5247.2876,-28090.1738,21.9558,-4709.1138,-28630.2617,26.1158,762.4518,-0.0047,0.0022,-3.1323,0.7543,-3.1414,-4705.3276,-28634.4375,24.1602,0.0046,0.0019,1
-4703.1636,-28634.3926,24.9425,-5247.2373,-28090.2324,21.9562,-4698.5601,-28640.9863,28.4317,777.4346,-0.0046,0.0026,-3.1327,0.7548,-3.1414,-4705.1177,-28634.6230,24.2055,0.0045,0.0019,1
-4703.1636,-28634.3926,24.9425,-5247.1875,-28090.2910,21.9568,-4704.4165,-28630.5977,26.2810,765.8594,-0.0051,0.0021,-3.1331,0.7555,-3.1414,-4705.0815,-28634.4863,24.1957,0.0045,0.0018,1
-4703.1636,-28634.3926,24.9425,-5247.1382,-28090.3496,21.9574,-4699.3086,-28630.9941,24.2608,769.6819,-0.0057,0.0016,-3.1336,0.7564,-3.1414,-4704.8789,-28634.3574,24.1279,0.0044,0.0017,1
-4703.1636,-28634.3926,24.9425,-5247.0894,-28090.4062,21.9580,-4702.7212,-28639.4941,20.9835,773.1947,-0.0038,0.0009,-3.1341,0.7573,-3.1414,-4704.7754,-28634.4961,23.9574,0.0042,0.0016,1
-4703.1636,-28634.3926,24.9425,-5247.0410,-28090.4629,21.9587,-4697.7075,-28639.9648,28.6957,777.0157,-0.0043,0.0024,-3.1346,0.7580,-3.1414,-4704.5088,-28634.6602,24.0321,0.0041,0.0015,1
-4703.1636,-28634.3926,24.9425,-5246.9932,-28090.5195,21.9593,-4703.4976,-28629.5059,26.5731,765.4451,-0.0049,0.0019,-3.1351,0.7589,-3.1414,-4704.4146,-28634.4980,24.0532,0.0040,0.0014,1
-4703.1636,-28634.3926,24.9425,-5246.9458,-28090.5762,21.9598,-4698.3125,-28629.8086,24.5271,769.2661,-0.0054,0.0014,-3.1356,0.7599,-3.1414,-4704.1528,-28634.3359,24.0155,0.0039,0.0014,1
-4703.1636,-28634.3926,24.9425,-5246.8984,-28090.6309,21.9603,-4702.1709,-28638.7891,20.8955,772.7897,-0.0034,0.0005,-3.1360,0.7606,-3.1414,-4704.0068,-28634.4551,23.8636,0.0038,0.0013,1
-4703.1636,-28634.3926,24.9425,-5246.8521,-28090.6875,21.9607,-4697.1216,-28639.2188,28.4852,776.6092,-0.0040,0.0020,-3.1363,0.7614,-3.1414,-4703.6982,-28634.5977,23.9524,0.0037,0.0012,1
-4703.1636,-28634.3926,24.9425,-5246.8057,-28090.7422,21.9611,-4702.8896,-28628.7344,26.2214,765.0431,-0.0046,0.0015,-3.1367,0.7623,-3.1414,-4703.5645,-28634.4102,23.9817,0.0036,0.0012,1
-4703.1636,-28634.3926,24.9425,-5246.7598,-28090.7969,21.9614,-4704.4819,-28635.8535,24.0071,768.8627,-0.0031,0.0010,-3.1369,0.7633,-3.1414,-4703.4858,-28634.4434,23.9455,0.0035,0.0011,1
-4703.1636,-28634.3926,24.9425,-5246.7139,-28090.8496,21.9616,-4701.5620,-28638.0254,20.7086,772.3940,-0.0031,0.0003,-3.1371,0.7639,-3.1414,-4703.3198,-28634.5488,23.8043,0.0034,0.0011,1
-4703.1636,-28634.3926,24.9425,-5246.6685,-28090.9043,21.9617,-4696.4985,-28638.4336,28.1136,776.2121,-0.0037,0.0018,-3.1372,0.7647,-3.1414,-4702.9912,-28634.6758,23.8969,0.0033,0.0011,1
-4703.1636,-28634.3926,24.9425,-5246.6235,-28090.9570,21.9618,-4702.2666,-28627.9473,25.6835,764.6503,-0.0042,0.0013,-3.1373,0.7656,-3.1414,-4702.8389,-28634.4707,23.9233,0.0032,0.0011,1
-4703.1636,-28634.3926,24.9425,-5246.5791,-28091.0098,21.9619,-4703.8403,-28635.0508,23.3035,768.4684,-0.0028,0.0008,-3.1373,0.7667,-3.1414,-4702.7427,-28634.4824,23.8771,0.0030,0.0011,1
-4703.1636,-28634.3926,24.9425,-5246.5347,-28091.0625,21.9618,-4700.8945,-28637.2031,20.5472,772.0062,-0.0028,0.0003,-3.1373,0.7673,-3.1413,-4702.5586,-28634.5645,23.7416,0.0029,0.0010,1
-4703.1636,-28634.3926,24.9425,-5246.4907,-28091.1152,21.9618,-4695.8384,-28637.6113,27.8143,775.8229,-0.0034,0.0018,-3.1372,0.7681,-3.1413,-4702.2134,-28634.6660,23.8352,0.0029,0.0011,1
-4703.1636,-28634.3926,24.9425,-5246.4468,-28091.1660,21.9617,-4701.6299,-28627.1426,25.2779,764.2652,-0.0039,0.0013,-3.1371,0.7690,-3.1413,-4702.0469,-28634.4316,23.8579,0.0028,0.0011,1
-4703.1636,-28634.3926,24.9425,-5246.4038,-28091.2188,21.9616,-4703.4561,-28634.5059,22.8057,768.0820,-0.0025,0.0008,-3.1370,0.7696,-3.1413,-4701.9453,-28634.4219,23.8041,0.0027,0.0011,1
-4703.1636,-28634.3926,24.9425,-5246.3608,-28091.2695,21.9614,-4700.2451,-28636.3965,20.4648,771.6262,-0.0026,0.0003,-3.1369,0.7702,-3.1412,-4701.7490,-28634.4766,23.6732,0.0026,0.0011,1
-4703.1636,-28634.3926,24.9425,-5246.3184,-28091.3184,21.9613,-4695.2104,-28636.8145,27.6767,775.4415,-0.0031,0.0018,-3.1368,0.7709,-3.1412,-4701.3936,-28634.5469,23.7695,0.0026,0.0011,1
-4703.1636,-28634.3926,24.9425,-5246.2759,-28091.3691,21.9612,-4697.3447,-28638.3691,23.6076,774.9406,-0.0024,0.0010,-3.1367,0.7718,-3.1412,-4701.0996,-28634.6719,23.7443,0.0024,0.0011,1
-4703.1636,-28634.3926,24.9425,-5246.2339,-28091.4199,21.9610,-4702.8706,-28633.7559,22.6261,767.7034,-0.0022,0.0008,-3.1365,0.7724,-3.1412,-4700.9839,-28634.6562,23.6878,0.0024,0.0011,1
-4703.1636,-28634.3926,24.9425,-5246.1924,-28091.4688,21.9609,-4701.8369,-28633.1309,23.3206,767.9314,-0.0024,0.0010,-3.1364,0.7729,-3.1412,-4700.8462,-28634.6191,23.6524,0.0023,0.0011,1
-4703.1636,-28634.3926,24.9425,-5246.1514,-28091.5176,21.9608,-4694.5869,-28636.0215,27.6779,775.0687,-0.0029,0.0019,-3.1363,0.7736,-3.1411,-4700.4834,-28634.6699,23.7580,0.0022,0.0012,1
-4703.1636,-28634.3926,24.9425,-5246.1104,-28091.5664,21.9607,-4707.1997,-28632.4297,25.1354,763.5190,-0.0015,0.0014,-3.1362,0.7744,-3.1411,-4700.5249,-28634.6074,23.7918,0.0021,0.0012,1
-4703.1636,-28634.3926,24.9425,-5246.0698,-28091.6133,21.9606,-4702.2959,-28633.0137,22.6863,767.3331,-0.0020,0.0009,-3.1362,0.7750,-3.1411,-4700.4282,-28634.5586,23.7489,0.0021,0.0012,1
-4703.1636,-28634.3926,24.9425,-5246.0298,-28091.6621,21.9606,-4698.9463,-28634.7773,20.4827,770.8920,-0.0022,0.0004,-3.1361,0.7755,-3.1411,-4700.2334,-28634.5645,23.6328,0.0020,0.0012,1
-4703.1636,-28634.3926,24.9425,-5245.9902,-28091.7090,21.9605,-4700.8267,-28642.1094,27.7402,774.7048,-0.0007,0.0019,-3.1361,0.7761,-3.1411,-4700.1025,-28634.8066,23.7449,0.0019,0.0012,1
-4703.1636,-28634.3926,24.9425,-5245.9507,-28091.7559,21.9605,-4706.7358,-28631.8066,25.2445,763.1590,-0.0013,0.0014,-3.1360,0.7767,-3.1411,-4700.1743,-28634.7324,23.7868,0.0018,0.0012,1
-4703.1636,-28634.3926,24.9425,-5245.9116,-28091.8027,21.9605,-4701.8560,-28632.4062,22.8396,766.9718,-0.0018,0.0009,-3.1360,0.7771,-3.1411,-4700.1064,-28634.6680,23.7535,0.0017,0.0012,1
-4703.1636,-28634.3926,24.9425,-5245.8730,-28091.8477,21.9605,-4698.2939,-28633.9609,20.5124,770.5384,-0.0020,0.0004,-3.1360,0.7777,-3.1411,-4699.9316,-28634.6504,23.6430,0.0017,0.0012,1
-4703.1636,-28634.3926,24.9425,-5245.8350,-28091.8926,21.9605,-4700.1821,-28641.3066,27.8044,774.3499,-0.0006,0.0019,-3.1360,0.7783,-3.1411,-4699.8193,-28634.8691,23.7619,0.0016,0.0012,1
-4703.1636,-28634.3926,24.9425,-5245.7969,-28091.9395,21.9605,-4706.2188,-28631.1309,25.3426,762.8079,-0.0011,0.0014,-3.1360,0.7786,-3.1410,-4699.9116,-28634.7695,23.8114,0.0015,0.0012,1
-4703.1636,-28634.3926,24.9425,-5245.7593,-28091.9824,21.9605,-4701.3608,-28631.7402,22.9681,766.6194,-0.0017,0.0009,-3.1361,0.7790,-3.1410,-4699.8628,-28634.6836,23.7867,0.0015,0.0012,1
-4703.1636,-28634.3926,24.9425,-5245.7217,-28092.0273,21.9606,-4697.6499,-28633.1523,20.5256,770.1934,-0.0020,0.0004,-3.1361,0.7795,-3.1410,-4699.7012,-28634.6348,23.6809,0.0014,0.0012,1
-4703.1636,-28634.3926,24.9425,-5245.6846,-28092.0723,21.9606,-4699.8892,-28640.8574,27.8342,774.0039,-0.0005,0.0019,-3.1361,0.7795,-3.1410,-4699.6113,-28634.8340,23.8049,0.0014,0.0012,1
-4703.1636,-28634.3926,24.9425,-5245.6479,-28092.1152,21.9607,-4705.9590,-28630.7109,25.3864,762.4653,-0.0011,0.0014,-3.1362,0.7797,-3.1410,-4699.7256,-28634.7148,23.8597,0.0014,0.0012,1
-4703.1636,-28634.3926,24.9425,-5245.6118,-28092.1582,21.9607,-4701.1270,-28631.3418,23.0218,766.2758,-0.0016,0.0009,-3.1362,0.7801,-3.1410,-4699.6992,-28634.6074,23.8403,0.0013,0.0012,1
-4703.1636,-28634.3926,24.9425,-5245.5757,-28092.2012,21.9608,-4703.8374,-28639.1914,20.5150,769.8569,0.0000,0.0004,-3.1363,0.7806,-3.1411,-4699.7661,-28634.7500,23.7375,0.0012,0.0012,1
-4703.1636,-28634.3926,24.9425,-5245.5400,-28092.2441,21.9608,-4699.2319,-28640.0410,27.8252,773.6662,-0.0006,0.0019,-3.1363,0.7806,-3.1410,-4699.6958,-28634.9277,23.8643,0.0012,0.0012,1
-4703.1636,-28634.3926,24.9425,-5245.5044,-28092.2852,21.9609,-4704.0830,-28633.2188,21.3167,765.3392,-0.0008,0.0005,-3.1363,0.7808,-3.1410,-4699.7847,-28634.8965,23.7886,0.0012,0.0012,1
-4703.1636,-28634.3926,24.9425,-5245.4692,-28092.3281,21.9609,-4700.5083,-28630.5527,23.0072,765.9404,-0.0017,0.0009,-3.1364,0.7812,-3.1411,-4699.7690,-28634.7715,23.7624,0.0011,0.0011,1
-4703.1636,-28634.3926,24.9425,-5245.4346,-28092.3691,21.9609,-4696.0229,-28634.6426,21.9509,771.9525,-0.0016,0.0007,-3.1364,0.7816,-3.1411,-4699.6108,-28634.7715,23.7007,0.0011,0.0011,1
-4703.1636,-28634.3926,24.9425,-5245.3999,-28092.4102,21.9610,-4698.5605,-28639.2109,27.7943,773.3364,-0.0006,0.0019,-3.1364,0.7816,-3.1410,-4699.5288,-28634.9180,23.8243,0.0011,0.0011,1
-4703.1636,-28634.3926,24.9425,-5245.3657,-28092.4512,21.9610,-4704.6748,-28629.1035,25.3368,761.8046,-0.0012,0.0014,-3.1364,0.7818,-3.1410,-4699.6470,-28634.7441,23.8781,0.0011,0.0012,1
-4703.1636,-28634.3926,24.9425,-5245.3315,-28092.4922,21.9610,-4706.6577,-28636.5488,22.9544,765.6127,0.0003,0.0009,-3.1365,0.7822,-3.1411,-4699.8423,-28634.8027,23.8569,0.0010,0.0011,1
-4703.1636,-28634.3926,24.9425,-5245.2979,-28092.5312,21.9610,-4703.7959,-28630.7305,21.2614,763.4669,-0.0010,0.0005,-3.1365,0.7822,-3.1410,-4699.9604,-28634.6738,23.7778,0.0010,0.0011,1
-4703.1636,-28634.3926,24.9425,-5245.2646,-28092.5703,21.9610,-4698.2954,-28637.2637,20.7845,771.9235,-0.0008,0.0004,-3.1365,0.7822,-3.1410,-4699.9082,-28634.7480,23.6784,0.0010,0.0011,1
-4703.1636,-28634.3926,24.9425,-5245.2314,-28092.6113,21.9610,-4704.3940,-28628.6621,25.2936,761.4853,-0.0012,0.0013,-3.1365,0.7821,-3.1410,-4700.0518,-28634.5488,23.7197,0.0010,0.0011,1
-4703.1636,-28634.3926,24.9425,-5245.1982,-28092.6504,21.9610,-4706.3687,-28636.1016,22.9026,765.2925,0.0002,0.0008,-3.1365,0.7825,-3.1411,-4700.2686,-28634.5801,23.6866,0.0009,0.0011,1
-4703.1636,-28634.3926,24.9425,-5245.1660,-28092.6875,21.9611,-4701.8687,-28636.7676,20.4559,768.8926,-0.0003,0.0003,-3.1365,0.7829,-3.1411,-4700.3511,-28634.6367,23.5726,0.0008,0.0011,1
-4703.1636,-28634.3926,24.9425,-5245.1338,-28092.7266,21.9611,-4697.2598,-28637.5879,27.7302,772.6987,-0.0008,0.0018,-3.1365,0.7829,-3.1411,-4700.2861,-28634.7246,23.6881,0.0008,0.0011,1
-4703.1636,-28634.3926,24.9425,-5245.1016,-28092.7656,21.9611,-4707.6406,-28629.6582,25.4219,759.6859,-0.0004,0.0014,-3.1365,0.7831,-3.1411,-4700.5532,-28634.5586,23.7394,0.0008,0.0011,1
-4703.1636,-28634.3926,24.9425,-5245.0698,-28092.8027,21.9611,-4705.5435,-28635.1211,22.8668,764.9793,0.0001,0.0008,-3.1365,0.7831,-3.1410,-4700.7642,-28634.5625,23.7107,0.0007,0.0011,1
-4703.1636,-28634.3926,24.9425,-5245.0381,-28092.8398,21.9611,-4701.4097,-28636.1543,20.4424,768.5852,-0.0004,0.0003,-3.1365,0.7831,-3.1410,-4700.8486,-28634.6016,23.6015,0.0007,0.0011,1
-4703.1636,-28634.3926,24.9425,-5245.0068,-28092.8770,21.9611,-4696.8066,-28636.9727,27.7112,772.3904,-0.0010,0.0018,-3.1365,0.7831,-3.1410,-4700.7822,-28634.6719,23.7214,0.0007,0.0011,1
-4703.1636,-28634.3926,24.9425,-5244.9761,-28092.9141,21.9611,-4709.6870,-28633.6367,25.2375,760.8679,0.0005,0.0013,-3.1365,0.7834,-3.1410,-4701.1255,-28634.6387,23.7711,0.0006,0.0011,1
-4703.1636,-28634.3926,24.9425,-5244.9453,-28092.9512,21.9611,-4699.4570,-28634.8203,27.2142,768.8949,-0.0008,0.0017,-3.1365,0.7834,-3.1410,-4701.1499,-28634.6406,23.8878,0.0006,0.0011,1
-4703.1636,-28634.3926,24.9425,-5244.9150,-28092.9863,21.9611,-4701.0103,-28630.1406,27.5352,764.4533,-0.0013,0.0018,-3.1365,0.7834,-3.1410,-4701.2173,-28634.4922,24.0225,0.0006,0.0012,1
-4703.1636,-28634.3926,24.9425,-5244.8848,-28093.0234,21.9611,-4696.1377,-28636.1387,27.6993,772.0887,-0.0011,0.0018,-3.1365,0.7834,-3.1410,-4701.1235,-28634.5293,24.1684,0.0007,0.0012,1
-4703.1636,-28634.3926,24.9425,-5244.8550,-28093.0586,21.9611,-4709.1719,-28632.9707,25.2287,760.5692,0.0003,0.0013,-3.1365,0.7834,-3.1410,-4701.4424,-28634.4668,24.2412,0.0006,0.0012,1
-4703.1636,-28634.3926,24.9425,-5244.8252,-28093.0938,21.9611,-4704.5771,-28633.8359,22.8426,764.3734,-0.0003,0.0008,-3.1365,0.7834,-3.1410,-4701.6235,-28634.4297,24.2363,0.0006,0.0012,1
-4703.1636,-28634.3926,24.9425,-5244.7959,-28093.1289,21.9611,-4700.0806,-28634.5117,20.4230,767.9906,-0.0008,0.0003,-3.1365,0.7833,-3.1410,-4701.6611,-28634.4141,24.1481,0.0006,0.0012,1
-4703.1636,-28634.3926,24.9425,-5244.7666,-28093.1621,21.9611,-4695.4800,-28635.3125,27.6897,771.7938,-0.0014,0.0018,-3.1365,0.7833,-3.1410,-4701.5425,-28634.4258,24.2862,0.0006,0.0012,1
-4703.1636,-28634.3926,24.9425,-5244.7378,-28093.1973,21.9611,-4708.5166,-28632.1621,25.2223,760.2770,0.0001,0.0013,-3.1366,0.7833,-3.1410,-4701.8330,-28634.3379,24.3512,0.0006,0.0012,1
-4703.1636,-28634.3926,24.9425,-5244.7090,-28093.2305,21.9611,-4703.9224,-28633.0195,22.8393,764.0803,-0.0005,0.0008,-3.1366,0.7833,-3.1410,-4701.9839,-28634.2734,24.3384,0.0006,0.0012,1
-4703.1636,-28634.3926,24.9425,-5244.6807,-28093.2656,21.9611,-4699.2456,-28633.5137,20.4134,767.7028,-0.0010,0.0003,-3.1366,0.7836,-3.1411,-4701.9829,-28634.2227,24.2420,0.0005,0.0012,1
-4703.1636,-28634.3926,24.9425,-5244.6523,-28093.2988,21.9611,-4701.3369,-28641.0254,27.6751,771.5052,0.0004,0.0018,-3.1366,0.7839,-3.1411,-4702.0405,-28634.4160,24.3719,0.0005,0.0012,1
-4703.1636,-28634.3926,24.9425,-5244.6245,-28093.3320,21.9611,-4707.5298,-28631.0234,25.2147,759.9910,-0.0002,0.0013,-3.1366,0.7839,-3.1411,-4702.2959,-28634.2988,24.4288,0.0004,0.0012,1
-4703.1636,-28634.3926,24.9425,-5244.5967,-28093.3652,21.9611,-4702.9316,-28631.8652,22.8339,763.7934,-0.0007,0.0008,-3.1366,0.7839,-3.1411,-4702.4087,-28634.2031,24.4081,0.0004,0.0012,1
-4703.1636,-28634.3926,24.9425,-5244.5693,-28093.3984,21.9611,-4710.2354,-28632.3047,29.0856,758.9285,0.0004,0.0021,-3.1366,0.7839,-3.1410,-4702.7588,-28634.1172,24.5881,0.0004,0.0013,1
-4703.1636,-28634.3926,24.9425,-5244.5420,-28093.4297,21.9612,-4700.8047,-28640.3398,27.6630,771.2227,0.0003,0.0018,-3.1366,0.7842,-3.1411,-4702.8120,-28634.2891,24.7284,0.0003,0.0013,1
-4703.1636,-28634.3926,24.9425,-5244.5151,-28093.4629,21.9612,-4707.0078,-28630.3457,25.2037,759.7112,-0.0003,0.0013,-3.1366,0.7842,-3.1411,-4703.0586,-28634.1504,24.7937,0.0003,0.0013,1
-4703.1636,-28634.3926,24.9425,-5244.4883,-28093.4941,21.9612,-4702.4102,-28631.1797,22.8239,763.5128,-0.0008,0.0008,-3.1366,0.7842,-3.1410,-4703.1577,-28634.0312,24.7797,0.0003,0.0013,1
-4703.1636,-28634.3926,24.9425,-5244.4619,-28093.5254,21.9612,-4704.7715,-28638.7285,20.3881,767.1454,0.0007,0.0003,-3.1366,0.7844,-3.1411,-4703.3271,-28634.1523,24.6802,0.0002,0.0013,1
-4703.1636,-28634.3926,24.9425,-5244.4355,-28093.5566,21.9612,-4700.1753,-28639.5566,27.6489,770.9461,0.0001,0.0018,-3.1367,0.7844,-3.1411,-4703.3452,-28634.3125,24.8056,0.0002,0.0013,1
-4703.1636,-28634.3926,24.9425,-5244.4092,-28093.5879,21.9612,-4706.3926,-28629.5723,25.1900,759.4371,-0.0005,0.0013,-3.1367,0.7844,-3.1410,-4703.5547,-28634.1582,24.8564,0.0002,0.0013,1
-4703.1636,-28634.3926,24.9425,-5244.3833,-28093.6191,21.9612,-4701.7964,-28630.4004,22.8101,763.2378,-0.0010,0.0008,-3.1367,0.7844,-3.1410,-4703.6138,-28634.0215,24.8282,0.0002,0.0013,1
-4703.1636,-28634.3926,24.9425,-5244.3579,-28093.6484,21.9612,-4704.2402,-28638.0488,20.3761,766.8760,0.0005,0.0003,-3.1367,0.7844,-3.1410,-4703.7446,-28634.1270,24.7149,0.0002,0.0013,1
-4703.1636,-28634.3926,24.9425,-5244.3325,-28093.6797,21.9612,-4699.6494,-28638.8750,27.6333,770.6754,-0.0001,0.0018,-3.1367,0.7844,-3.1410,-4703.7222,-28634.2676,24.8269,0.0002,0.0013,1
-4703.1636,-28634.3926,24.9425,-5244.3071,-28093.7090,21.9612,-4705.8794,-28628.9004,25.1745,759.1693,-0.0006,0.0013,-3.1367,0.7844,-3.1410,-4703.8892,-28634.0938,24.8646,0.0002,0.0013,1
-4703.1636,-28634.3926,24.9425,-5244.2822,-28093.7383,21.9612,-4701.2861,-28629.7227,22.7945,762.9687,-0.0012,0.0008,-3.1367,0.7844,-3.1411,-4703.9058,-28633.9355,24.8238,0.0002,0.0013,1
-4703.1636,-28634.3926,24.9425,-5244.2573,-28093.7676,21.9612,-4703.5610,-28637.2188,20.3641,766.6115,0.0003,0.0003,-3.1367,0.7844,-3.1411,-4703.9868,-28634.0137,24.6985,0.0002,0.0013,1
-4703.1636,-28634.3926,24.9425,-5244.2329,-28093.7969,21.9613,-4698.9712,-28638.0371,27.6179,770.4100,-0.0003,0.0018,-3.1367,0.7844,-3.1411,-4703.9141,-28634.1270,24.7991,0.0002,0.0013,1
-4703.1636,-28634.3926,24.9425,-5244.2085,-28093.8262,21.9613,-4705.2158,-28628.0742,25.1598,758.9063,-0.0009,0.0013,-3.1367,0.7844,-3.1411,-4704.0298,-28633.9238,24.8258,0.0002,0.0013,1
-4703.1636,-28634.3926,24.9425,-5244.1841,-28093.8555,21.9613,-4707.2632,-28635.5547,22.7758,762.7050,0.0006,0.0008,-3.1367,0.7847,-3.1411,-4704.2119,-28633.9531,24.7744,0.0001,0.0013,1
-4703.1636,-28634.3926,24.9425,-5244.1602,-28093.8828,21.9613,-4702.8784,-28636.3848,20.3526,766.3522,0.0001,0.0003,-3.1367,0.7847,-3.1411,-4704.2539,-28634.0137,24.6393,0.0001,0.0013,1
-4703.1636,-28634.3926,24.9425,-5244.1362,-28093.9121,21.9613,-4698.2866,-28637.1953,27.6035,770.1501,-0.0005,0.0018,-3.1367,0.7847,-3.1411,-4704.1401,-28634.1074,24.7306,0.0001,0.0013,1
-4703.1636,-28634.3926,24.9425,-5244.1128,-28093.9395,21.9613,-4704.5439,-28627.2402,25.1460,758.6486,-0.0010,0.0013,-3.1368,0.7847,-3.1411,-4704.2134,-28633.8809,24.7487,0.0001,0.0013,1
-4703.1636,-28634.3926,24.9425,-5244.0894,-28093.9688,21.9613,-4706.5566,-28634.6973,22.7624,762.4465,0.0004,0.0008,-3.1368,0.7849,-3.1411,-4704.3511,-28633.8848,24.6893,0.0000,0.0013,1
-4703.1636,-28634.3926,24.9425,-5244.0664,-28093.9961,21.9613,-4702.2202,-28635.5762,20.3410,766.0981,-0.0001,0.0003,-3.1368,0.7849,-3.1411,-4704.3491,-28633.9199,24.5467,0.0000,0.0012,1
-4703.1636,-28634.3926,24.9425,-5244.0435,-28094.0234,21.9613,-4697.6284,-28636.3770,27.5894,769.8952,-0.0007,0.0018,-3.1368,0.7850,-3.1411,-4704.1904,-28633.9863,24.6311,0.0001,0.0013,1
-4703.1636,-28634.3926,24.9425,-5244.0205,-28094.0488,21.9613,-4710.6309,-28633.1738,25.1291,758.3960,0.0008,0.0013,-3.1368,0.7850,-3.1411,-4704.4404,-28633.9531,24.6428,0.0000,0.0013,1
-4703.1636,-28634.3926,24.9425,-5243.9980,-28094.0762,21.9613,-4706.0483,-28634.0312,22.7501,762.1931,0.0002,0.0008,-3.1368,0.7850,-3.1411,-4704.5513,-28633.9492,24.5777,0.0000,0.0013,1
-4703.1636,-28634.3926,24.9425,-5243.9756,-28094.1035,21.9613,-4704.8496,-28637.5195,26.1960,765.4854,0.0006,0.0015,-3.1368,0.7850,-3.1411,-4704.6230,-28634.0566,24.6216,-0.0000,0.0013,1
-4703.1636,-28634.3926,24.9425,-5243.9536,-28094.1289,21.9613,-4696.9707,-28635.5547,27.5750,769.6453,-0.0009,0.0018,-3.1368,0.7850,-3.1411,-4704.4370,-28634.1094,24.7138,0.0000,0.0013,1
-4703.1636,-28634.3926,24.9425,-5243.9316,-28094.1562,21.9613,-4709.8457,-28632.2422,25.1151,758.1483,0.0006,0.0013,-3.1368,0.7852,-3.1411,-4704.6528,-28634.0547,24.7326,-0.0001,0.0013,1
-4703.1636,-28634.3926,24.9425,-5243.9097,-28094.1816,21.9613,-4705.2612,-28633.0879,22.7372,761.9447,0.0000,0.0008,-3.1368,0.7852,-3.1411,-4704.7271,-28634.0254,24.6739,-0.0001,0.0013,1
-4703.1636,-28634.3926,24.9425,-5243.8882,-28094.2070,21.9613,-4700.8887,-28633.9297,20.3185,765.6046,-0.0005,0.0003,-3.1368,0.7852,-3.1411,-4704.6567,-28634.0215,24.5321,-0.0001,0.0012,1
-4703.1636,-28634.3926,24.9425,-5243.8667,-28094.2324,21.9614,-4696.2988,-28634.7168,27.5619,769.4004,-0.0011,0.0018,-3.1368,0.7852,-3.1411,-4704.4277,-28634.0430,24.6171,-0.0000,0.0013,1
-4703.1636,-28634.3926,24.9425,-5243.8452,-28094.2578,21.9614,-4709.3057,-28631.5508,25.1034,757.9053,0.0004,0.0013,-3.1368,0.7852,-3.1411,-4704.6045,-28633.9609,24.6295,-0.0000,0.0013,1
-4703.1636,-28634.3926,24.9425,-5243.8242,-28094.2832,21.9614,-4704.7251,-28632.3945,22.7257,761.7011,-0.0002,0.0008,-3.1368,0.7852,-3.1411,-4704.6396,-28633.9023,24.5649,-0.0000,0.0012,1
-4703.1636,-28634.3926,24.9425,-5243.8032,-28094.3086,21.9614,-4700.2314,-28633.1152,20.3069,765.3649,-0.0007,0.0002,-3.1368,0.7852,-3.1411,-4704.5264,-28633.8652,24.4177,-0.0000,0.0012,1
-4703.1636,-28634.3926,24.9425,-5243.7827,-28094.3320,21.9614,-4702.4668,-28640.7402,27.5440,769.1600,0.0007,0.0017,-3.1368,0.7852,-3.1411,-4704.4761,-28634.0742,24.4979,-0.0000,0.0012,1
-4703.1636,-28634.3926,24.9425,-5243.7622,-28094.3574,21.9614,-4708.6538,-28630.7480,25.0899,757.6670,0.0002,0.0012,-3.1369,0.7852,-3.1411,-4704.6240,-28633.9707,24.5061,-0.0000,0.0012,1
-4703.1636,-28634.3926,24.9425,-5243.7417,-28094.3809,21.9614,-4704.0742,-28631.5840,22.7129,761.4620,-0.0004,0.0007,-3.1369,0.7852,-3.1411,-4704.6294,-28633.8906,24.4379,-0.0000,0.0012,1
-4703.1636,-28634.3926,24.9425,-5243.7217,-28094.4062,21.9614,-4699.5786,-28632.3008,20.2953,765.1297,-0.0009,0.0002,-3.1369,0.7852,-3.1411,-4704.4854,-28633.8281,24.2877,0.0000,0.0012,1
-4703.1636,-28634.3926,24.9425,-5243.7017,-28094.4297,21.9614,-4701.6685,-28639.7930,27.5298,768.9241,0.0005,0.0017,-3.1369,0.7855,-3.1411,-4704.3989,-28634.0059,24.3653,-0.0001,0.0012,1
-4703.1636,-28634.3926,24.9425,-5243.6816,-28094.4531,21.9614,-4707.8682,-28629.8086,25.0767,757.4330,-0.0001,0.0012,-3.1369,0.7855,-3.1411,-4704.5093,-28633.8711,24.3716,-0.0000,0.0012,1
-4703.1636,-28634.3926,24.9425,-5243.6621,-28094.4766,21.9614,-4703.2871,-28630.6348,22.7005,761.2275,-0.0006,0.0007,-3.1369,0.7855,-3.1411,-4704.4761,-28633.7539,24.3020,-0.0000,0.0012,1
-4703.1636,-28634.3926,24.9425,-5243.6426,-28094.5000,21.9614,-4705.6870,-28638.2578,20.2801,764.8988,0.0009,0.0002,-3.1369,0.7855,-3.1411,-4704.5190,-28633.8809,24.1507,-0.0001,0.0011,1
-4703.1636,-28634.3926,24.9425,-5243.6230,-28094.5215,21.9614,-4701.1084,-28639.0801,27.5162,768.6927,0.0003,0.0017,-3.1369,0.7855,-3.1411,-4704.4150,-28634.0449,24.2279,-0.0001,0.0012,1
-4703.1636,-28634.3926,24.9425,-5243.6040,-28094.5449,21.9614,-4707.3228,-28629.1055,25.0637,757.2034,-0.0002,0.0012,-3.1369,0.7855,-3.1411,-4704.5068,-28633.8926,24.2343,-0.0001,0.0012,1
-4703.1636,-28634.3926,24.9425,-5243.5850,-28094.5684,21.9614,-4702.7437,-28629.9277,22.6878,760.9973,-0.0008,0.0007,-3.1369,0.7855,-3.1411,-4704.4546,-28633.7559,24.1652,-0.0000,0.0011,1
-4703.1636,-28634.3926,24.9425,-5243.5659,-28094.5898,21.9614,-4705.0220,-28637.4453,20.2684,764.6722,0.0006,0.0002,-3.1369,0.7855,-3.1411,-4704.4727,-28633.8594,24.0148,-0.0000,0.0011,1
-4703.1636,-28634.3926,24.9425,-5243.5474,-28094.6133,21.9614,-4700.4453,-28638.2656,27.5019,768.4654,0.0001,0.0017,-3.1369,0.7855,-3.1411,-4704.3433,-28633.9961,24.0932,-0.0000,0.0011,1
-4703.1636,-28634.3926,24.9425,-5243.5288,-28094.6348,21.9614,-4706.6733,-28628.3008,25.0502,756.9779,-0.0005,0.0012,-3.1369,0.7855,-3.1411,-4704.4092,-28633.8164,24.1013,-0.0000,0.0011,1
-4703.1636,-28634.3926,24.9425,-5243.5103,-28094.6562,21.9615,-4702.0952,-28629.1152,22.6748,760.7712,-0.0010,0.0007,-3.1369,0.7855,-3.1411,-4704.3296,-28633.6523,24.0342,0.0000,0.0011,1
-4703.1636,-28634.3926,24.9425,-5243.4922,-28094.6777,21.9615,-4701.9595,-28637.5137,23.8616,766.7641,0.0002,0.0010,-3.1369,0.7855,-3.1411,-4704.2417,-28633.7520,24.0042,0.0000,0.0011,1
-4703.1636,-28634.3926,24.9425,-5243.4741,-28094.6992,21.9615,-4699.7847,-28637.4473,27.4880,768.2422,-0.0001,0.0017,-3.1369,0.7855,-3.1411,-4704.0781,-28633.8594,24.0928,0.0000,0.0011,1
-4703.1636,-28634.3926,24.9425,-5243.4561,-28094.7207,21.9615,-4706.0269,-28627.4941,25.0370,756.7564,-0.0007,0.0012,-3.1369,0.7855,-3.1411,-4704.1108,-28633.6484,24.1107,0.0000,0.0011,1
-4703.1636,-28634.3926,24.9425,-5243.4380,-28094.7422,21.9615,-4708.1968,-28635.0703,22.6586,760.5491,0.0008,0.0007,-3.1370,0.7855,-3.1411,-4704.2197,-28633.6738,24.0528,0.0000,0.0011,1
-4703.1636,-28634.3926,24.9425,-5243.4204,-28094.7637,21.9615,-4703.7012,-28635.8281,20.2450,764.2307,0.0002,0.0002,-3.1370,0.7855,-3.1411,-4704.1909,-28633.7285,23.9135,0.0000,0.0011,1
-4703.1636,-28634.3926,24.9425,-5243.4033,-28094.7832,21.9615,-4699.1260,-28636.6309,27.4741,768.0228,-0.0003,0.0017,-3.1370,0.7855,-3.1411,-4704.0122,-28633.8145,24.0029,0.0000,0.0011,1
-4703.1636,-28634.3926,24.9425,-5243.3857,-28094.8047,21.9615,-4705.3818,-28626.6875,25.0240,756.5387,-0.0009,0.0012,-3.1370,0.7855,-3.1411,-4704.0283,-28633.5781,24.0217,0.0001,0.0011,1
-4703.1636,-28634.3926,24.9425,-5243.3687,-28094.8242,21.9615,-4707.4141,-28634.1387,22.6455,760.3309,0.0005,0.0007,-3.1370,0.7857,-3.1411,-4704.1152,-28633.5742,23.9650,0.0000,0.0011,1
-4703.1636,-28634.3926,24.9425,-5243.3516,-28094.8457,21.9615,-4703.1772,-28635.1504,20.2335,764.0157,0.0001,0.0002,-3.1370,0.7857,-3.1411,-4704.0713,-28633.6055,23.8271,0.0000,0.0011,1
-4703.1636,-28634.3926,24.9425,-5243.3345,-28094.8652,21.9615,-4698.5996,-28635.9473,27.4606,767.8073,-0.0005,0.0017,-3.1370,0.7857,-3.1411,-4703.8770,-28633.6660,23.9181,0.0000,0.0011,1
-4703.1636,-28634.3926,24.9425,-5243.3179,-28094.8848,21.9615,-4711.5820,-28632.7324,25.0076,756.3248,0.0010,0.0012,-3.1370,0.7857,-3.1411,-4704.0981,-28633.6270,23.9386,0.0000,0.0011,1
-4703.1636,-28634.3926,24.9425,-5243.3013,-28094.9043,21.9615,-4707.0146,-28633.5859,22.6336,760.1165,0.0004,0.0007,-3.1370,0.7857,-3.1411,-4704.1860,-28633.6152,23.8839,0.0000,0.0011,1
-4703.1636,-28634.3926,24.9425,-5243.2837,-28094.9258,21.9617,-4702.5127,-28634.3359,20.4593,763.8043,-0.0001,0.0002,-3.1373,0.7857,-3.1411,-4704.1328,-28633.6289,23.7560,0.0000,0.0010,1
-4703.1636,-28634.3926,24.9425,-5243.2642,-28094.9492,21.9623,-4697.9385,-28635.1250,28.3085,767.5955,-0.0007,0.0017,-3.1382,0.7857,-3.1412,-4703.9268,-28633.6680,23.8778,0.0000,0.0009,1
-4703.1636,-28634.3926,24.9425,-5243.2417,-28094.9766,21.9634,-4710.9194,-28631.9336,26.9656,756.1145,0.0007,0.0012,-3.1398,0.7857,-3.1414,-4704.1348,-28633.6074,23.9681,0.0000,0.0007,1
-4703.1636,-28634.3926,24.9425,-5243.2158,-28095.0059,21.9652,-4706.3428,-28632.7871,26.2139,759.9056,0.0002,0.0007,3.1410,0.7857,3.1415,-4704.2065,-28633.5723,24.0403,0.0000,0.0004,1
-4703.1636,-28634.3926,24.9425,-5243.1860,-28095.0410,21.9674,-4701.7588,-28629.3438,27.2583,760.6889,-0.0010,0.0005,3.1382,0.7858,3.1412,-4704.1323,-28633.4219,24.1515,0.0000,-0.0000,1
-4703.1636,-28634.3926,24.9425,-5243.1523,-28095.0820,21.9701,-4697.2705,-28634.3047,31.6095,767.3574,-0.0009,0.0009,3.1351,0.7858,3.1409,-4703.9072,-28633.4258,24.4101,0.0001,-0.0004,1
-4703.1636,-28634.3926,24.9425,-5243.1147,-28095.1270,21.9732,-4710.2427,-28631.1426,31.3610,755.8784,0.0005,0.0004,3.1319,0.7858,3.1405,-4704.0933,-28633.3281,24.6789,0.0001,-0.0009,1
-4703.1636,-28634.3926,24.9425,-5243.0732,-28095.1758,21.9763,-4705.6523,-28632.0078,31.2745,759.6688,-0.0000,-0.0001,3.1286,0.7858,3.1401,-4704.1421,-28633.2559,24.9565,0.0001,-0.0013,1
-4703.1636,-28634.3926,24.9425,-5243.0273,-28095.2305,21.9794,-4701.2041,-28632.6953,31.9532,763.2449,-0.0006,-0.0004,3.1256,0.7858,3.1398,-4704.0479,-28633.2051,25.2665,0.0001,-0.0017,1
-4703.1636,-28634.3926,24.9425,-5242.9775,-28095.2891,21.9823,-4703.3882,-28640.3477,31.5528,767.0342,0.0009,-0.0009,3.1228,0.7858,3.1395,-4704.0195,-28633.4043,25.5733,0.0001,-0.0020,1
-4703.1636,-28634.3926,24.9425,-5242.9243,-28095.3535,21.9855,-4698.7583,-28641.2168,30.9149,770.8241,0.0003,-0.0014,3.1203,0.7858,3.1392,-4703.8398,-28633.6465,25.8670,0.0001,-0.0023,1
-4703.1636,-28634.3926,24.9425,-5242.8677,-28095.4199,21.9891,-4704.9272,-28631.2930,29.8087,759.3479,-0.0002,-0.0019,3.1183,0.7858,3.1390,-4703.8501,-28633.5840,26.1322,0.0001,-0.0025,1
-4703.1636,-28634.3926,24.9425,-5242.8091,-28095.4902,21.9928,-4699.0322,-28637.5449,22.5946,767.8109,-0.0002,-0.0036,3.1168,0.7858,3.1388,-4703.6719,-28633.7188,26.1634,0.0001,-0.0028,1
-4703.1636,-28634.3926,24.9425,-5242.7485,-28095.5625,21.9963,-4702.5063,-28639.4102,29.1727,766.6127,0.0006,-0.0024,3.1158,0.7858,3.1387,-4703.5972,-28633.9219,26.3947,0.0001,-0.0029,1
-4703.1636,-28634.3926,24.9425,-5242.6865,-28095.6348,21.9993,-4702.3472,-28635.1543,30.8828,763.6333,-0.0001,-0.0021,3.1154,0.7858,3.1386,-4703.5166,-28633.9980,26.6826,0.0001,-0.0029,1
-4703.1636,-28634.3926,24.9425,-5242.6230,-28095.7109,22.0015,-4704.0444,-28630.3926,24.5822,758.9295,-0.0005,-0.0034,3.1155,0.7858,3.1386,-4703.4912,-28633.9199,26.7666,0.0001,-0.0028,1
-4703.1636,-28634.3926,24.9425,-5242.5581,-28095.7871,22.0027,-4701.0918,-28643.2617,29.1489,770.0493,0.0009,-0.0024,3.1160,0.7858,3.1387,-4703.3721,-28634.2500,26.9885,0.0000,-0.0027,1
-4703.1636,-28634.3926,24.9425,-5242.4927,-28095.8652,22.0028,-4701.8354,-28638.6426,26.1953,766.1260,0.0004,-0.0028,3.1171,0.7858,3.1388,-4703.2744,-28634.4512,27.1128,0.0000,-0.0025,1
-4703.1636,-28634.3926,24.9425,-5242.4268,-28095.9453,22.0016,-4697.1973,-28639.5195,22.6662,769.9125,-0.0002,-0.0033,3.1187,0.7858,3.1390,-4703.0249,-28634.6855,27.1140,0.0000,-0.0023,1
-4703.1636,-28634.3926,24.9425,-5242.3599,-28096.0234,21.9992,-4703.3970,-28629.6270,18.8352,758.4467,-0.0007,-0.0038,3.1208,0.7858,3.1392,-4702.9668,-28634.6035,26.9708,0.0001,-0.0020,1
-4703.1636,-28634.3926,24.9425,-5242.2925,-28096.1035,21.9955,-4705.8145,-28636.9570,27.9769,761.8237,0.0007,-0.0015,3.1233,0.7858,3.1395,-4702.9917,-28634.7480,27.1054,0.0000,-0.0016,1
-4703.1636,-28634.3926,24.9425,-5242.2251,-28096.1836,21.9907,-4701.1807,-28637.8613,23.4998,765.6075,0.0002,-0.0020,3.1263,0.7858,3.1399,-4702.8745,-28634.9238,27.0912,0.0000,-0.0012,1
-4703.1636,-28634.3926,24.9425,-5242.1567,-28096.2656,21.9847,-4696.5518,-28638.7188,18.6766,769.3919,-0.0004,-0.0025,3.1296,0.7858,3.1402,-4702.6055,-28635.1289,26.9084,0.0000,-0.0007,1
-4703.1636,-28634.3926,24.9425,-5242.0889,-28096.3457,21.9777,-4702.7812,-28628.8164,13.6923,757.9323,-0.0010,-0.0030,3.1334,0.7858,3.1407,-4702.5288,-28635.0156,26.5355,0.0001,-0.0002,1
-4703.1636,-28634.3926,24.9425,-5242.0205,-28096.4277,21.9710,-4705.1685,-28636.1797,27.0040,761.2916,0.0005,0.0003,3.1373,0.7858,3.1411,-4702.5352,-28635.1250,26.5709,0.0001,0.0003,1
-4703.1636,-28634.3926,24.9425,-5241.9526,-28096.5078,21.9654,-4700.5376,-28637.0684,22.0083,765.0734,-0.0001,-0.0002,3.1410,0.7858,3.1415,-4702.3984,-28635.2637,26.4431,0.0001,0.0008,1
-4703.1636,-28634.3926,24.9425,-5241.8857,-28096.5879,21.9610,-4695.9160,-28637.9102,17.1677,768.8556,-0.0006,-0.0007,-3.1388,0.7858,-3.1413,-4702.1108,-28635.4297,26.1480,0.0001,0.0013,1
-4703.1636,-28634.3926,24.9425,-5241.8188,-28096.6660,21.9576,-4708.8765,-28634.7559,12.7395,757.4023,0.0008,-0.0012,-3.1357,0.7858,-3.1409,-4702.2383,-28635.4961,25.6828,0.0000,0.0016,1
-4703.1636,-28634.3926,24.9425,-5241.7534,-28096.7441,21.9550,-4704.4653,-28635.3125,27.8816,760.7614,0.0002,0.0024,-3.1331,0.7858,-3.1406,-4702.2383,-28635.5742,25.6898,0.0000,0.0020,1
-4703.1636,-28634.3926,24.9425,-5241.6885,-28096.8223,21.9531,-4699.8345,-28636.1953,24.0084,764.5411,-0.0003,0.0019,-3.1310,0.7858,-3.1404,-4702.0947,-28635.6758,25.5774,0.0000,0.0023,1
-4703.1636,-28634.3926,24.9425,-5241.6250,-28096.8965,21.9518,-4695.2051,-28637.0332,20.4422,768.3213,-0.0009,0.0014,-3.1294,0.7858,-3.1402,-4701.7988,-28635.8047,25.3484,0.0001,0.0025,1
-4703.1636,-28634.3926,24.9425,-5241.5620,-28096.9727,21.9509,-4708.1455,-28633.9160,17.2726,756.8744,0.0006,0.0009,-3.1282,0.7858,-3.1401,-4701.9160,-28635.8281,25.0044,0.0001,0.0026,1
-4703.1636,-28634.3926,24.9425,-5241.5005,-28097.0449,21.9505,-4703.8442,-28634.5176,29.1866,760.2537,0.0000,0.0035,-3.1275,0.7858,-3.1400,-4701.9082,-28635.8652,25.0399,0.0001,0.0027,1
-4703.1636,-28634.3926,24.9425,-5241.4395,-28097.1172,21.9504,-4699.2173,-28635.3848,26.6011,764.0315,-0.0005,0.0030,-3.1272,0.7858,-3.1400,-4701.7563,-28635.9219,25.0036,0.0001,0.0028,1
-4703.1636,-28634.3926,24.9425,-5241.3794,-28097.1895,21.9506,-4694.5859,-28636.2207,24.2413,767.8096,-0.0011,0.0025,-3.1272,0.7858,-3.1400,-4701.4512,-28636.0039,24.8975,0.0001,0.0027,1
-4703.1636,-28634.3926,24.9425,-5241.3208,-28097.2598,21.9512,-4707.5156,-28633.1289,22.0673,756.3687,0.0004,0.0020,-3.1276,0.7858,-3.1400,-4701.5586,-28635.9805,24.7214,0.0001,0.0026,1
-4703.1636,-28634.3926,24.9425,-5241.2622,-28097.3281,21.9519,-4696.2593,-28637.5625,29.2412,767.4094,-0.0006,0.0034,-3.1281,0.7858,-3.1401,-4701.3130,-28636.0938,24.7781,0.0001,0.0026,1
-4703.1636,-28634.3926,24.9425,-5241.2051,-28097.3965,21.9528,-4704.8438,-28629.5000,25.1180,755.5239,-0.0006,0.0024,-3.1289,0.7858,-3.1402,-4701.3418,-28635.9414,24.7142,0.0001,0.0024,1
-4703.1636,-28634.3926,24.9425,-5241.1484,-28097.4629,21.9539,-4700.7695,-28642.2305,26.5061,767.3254,0.0007,0.0026,-3.1298,0.7858,-3.1403,-4701.2471,-28636.1895,24.6996,0.0001,0.0023,1
-4703.1636,-28634.3926,24.9425,-5241.0923,-28097.5293,21.9550,-4706.8936,-28632.3223,24.7482,755.8902,0.0001,0.0021,-3.1308,0.7858,-3.1404,-4701.3574,-28636.1250,24.6348,0.0001,0.0021,1
-4703.1636,-28634.3926,24.9425,-5241.0371,-28097.5957,21.9561,-4702.5200,-28632.8555,30.3598,759.3152,-0.0004,0.0031,-3.1318,0.7858,-3.1405,-4701.3379,-28636.0664,24.7579,0.0001,0.0020,1
-4703.1636,-28634.3926,24.9425,-5240.9819,-28097.6621,21.9572,-4697.9048,-28633.7031,28.6986,763.0893,-0.0010,0.0026,-3.1328,0.7858,-3.1406,-4701.1724,-28636.0273,24.8408,0.0002,0.0019,1
-4703.1636,-28634.3926,24.9425,-5240.9263,-28097.7266,21.9584,-4699.9341,-28641.2246,27.2180,766.8639,0.0005,0.0021,-3.1341,0.7860,-3.1408,-4701.0688,-28636.2285,24.8851,0.0001,0.0017,1
-4703.1636,-28634.3926,24.9425,-5240.8691,-28097.7949,21.9600,-4706.0669,-28631.3281,25.9900,755.4340,-0.0001,0.0016,-3.1358,0.7860,-3.1410,-4701.1680,-28636.1113,24.8965,0.0001,0.0015,1
-4703.1636,-28634.3926,24.9425,-5240.8096,-28097.8672,21.9620,-4701.8770,-28632.0527,31.3039,758.8661,-0.0006,0.0024,-3.1382,0.7861,-3.1412,-4701.1416,-28636.0078,25.0862,0.0001,0.0012,1
-4703.1636,-28634.3926,24.9425,-5240.7461,-28097.9414,21.9644,-4704.0259,-28639.6758,31.0588,762.6386,0.0008,0.0019,-3.1412,0.7861,-3.1416,-4701.1895,-28636.1465,25.2813,0.0001,0.0008,1
-4703.1636,-28634.3926,24.9425,-5240.6797,-28098.0215,21.9674,-4699.4072,-28640.5469,31.1239,766.4114,0.0003,0.0014,3.1385,0.7861,3.1412,-4701.0947,-28636.3184,25.4902,0.0001,0.0003,1
-4703.1636,-28634.3926,24.9425,-5240.6089,-28098.1055,21.9706,-4705.5444,-28630.6758,31.1770,754.9866,-0.0003,0.0009,3.1349,0.7861,3.1408,-4701.2002,-28636.1719,25.7150,0.0001,-0.0002,1
-4703.1636,-28634.3926,24.9425,-5240.5342,-28098.1934,21.9741,-4701.2217,-28631.2539,32.2231,758.3625,-0.0008,0.0005,3.1311,0.7861,3.1404,-4701.1738,-28636.0332,25.9837,0.0001,-0.0007,1
-4703.1636,-28634.3926,24.9425,-5240.4551,-28098.2871,21.9776,-4700.8472,-28639.9863,27.0177,764.6212,0.0004,-0.0011,3.1275,0.7861,3.1400,-4701.1362,-28636.1699,26.0918,0.0001,-0.0012,1
-4703.1636,-28634.3926,24.9425,-5240.3726,-28098.3867,21.9809,-4698.7163,-28639.7793,32.4351,765.9038,0.0001,-0.0005,3.1242,0.7861,3.1396,-4701.0298,-28636.3066,26.3754,0.0001,-0.0016,1
-4703.1636,-28634.3926,24.9425,-5240.2852,-28098.4902,21.9848,-4704.8467,-28629.9473,32.1428,754.4850,-0.0005,-0.0010,3.1209,0.7861,3.1393,-4701.1216,-28636.1270,26.6620,0.0001,-0.0020,1
-4703.1636,-28634.3926,24.9425,-5240.1943,-28098.5977,21.9893,-4700.5688,-28630.4883,31.7311,757.7626,-0.0010,-0.0015,3.1179,0.7861,3.1389,-4701.0815,-28635.9512,26.9419,0.0001,-0.0024,1
-4703.1636,-28634.3926,24.9425,-5240.1001,-28098.7090,21.9943,-4702.6655,-28638.1504,31.3434,761.5305,0.0004,-0.0020,3.1151,0.7861,3.1386,-4701.1104,-28636.0156,27.2138,0.0001,-0.0028,1
-4703.1636,-28634.3926,24.9425,-5240.0029,-28098.8242,21.9995,-4702.0186,-28633.6875,33.1495,758.7090,-0.0003,-0.0020,3.1128,0.7861,3.1383,-4701.1221,-28635.9375,27.5491,0.0002,-0.0031,1
-4703.1636,-28634.3926,24.9425,-5239.9038,-28098.9434,22.0045,-4704.1445,-28629.2637,29.3692,753.8876,-0.0007,-0.0030,3.1110,0.7861,3.1381,-4701.2075,-28635.7070,27.7662,0.0002,-0.0033,1
-4703.1636,-28634.3926,24.9425,-5239.8027,-28099.0625,22.0090,-4706.5679,-28636.4004,30.4630,757.0713,0.0007,-0.0030,3.1098,0.7861,3.1380,-4701.3794,-28635.7012,28.0157,0.0002,-0.0034,1
-4703.1636,-28634.3926,24.9425,-5239.7007,-28099.1836,22.0126,-4701.9268,-28637.3398,28.5674,760.8364,0.0002,-0.0035,3.1091,0.7861,3.1379,-4701.4092,-28635.7266,28.2008,0.0001,-0.0035,1
-4703.1636,-28634.3926,24.9425,-5239.5972,-28099.3066,22.0152,-4697.2739,-28638.2539,26.2397,764.6019,-0.0004,-0.0040,3.1090,0.7861,3.1379,-4701.2881,-28635.7891,28.3032,0.0002,-0.0035,1
-4703.1636,-28634.3926,24.9425,-5239.4927,-28099.4316,22.0166,-4703.4092,-28628.4883,23.4626,753.1993,-0.0009,-0.0045,3.1095,0.7861,3.1380,-4701.3589,-28635.5332,28.3006,0.0002,-0.0034,1
-4703.1636,-28634.3926,24.9425,-5239.3877,-28099.5566,22.0166,-4703.9688,-28626.7734,25.6504,751.4396,-0.0011,-0.0039,3.1106,0.7863,3.1381,-4701.4526,-28635.2051,28.3528,0.0002,-0.0032,1
-4703.1636,-28634.3926,24.9425,-5239.2822,-28099.6816,22.0153,-4701.0938,-28636.3984,25.3240,760.0923,-0.0001,-0.0037,3.1122,0.7863,3.1383,-4701.4565,-28635.1797,28.3833,0.0002,-0.0030,1
-4703.1636,-28634.3926,24.9425,-5239.1763,-28099.8066,22.0126,-4696.4463,-28637.2988,21.3925,763.8547,-0.0006,-0.0042,3.1144,0.7863,3.1385,-4701.3066,-28635.1895,28.2732,0.0002,-0.0027,1
-4703.1636,-28634.3926,24.9425,-5239.0698,-28099.9336,22.0085,-4709.2778,-28634.2305,17.1710,752.4617,0.0008,-0.0047,3.1171,0.7864,3.1388,-4701.5698,-28635.1055,27.9993,0.0002,-0.0023,1
-4703.1636,-28634.3926,24.9425,-5238.9634,-28100.0605,22.0030,-4705.1572,-28634.7539,27.3028,755.5679,0.0003,-0.0021,3.1204,0.7864,3.1392,-4701.7124,-28635.0391,28.0343,0.0002,-0.0018,1
-4703.1636,-28634.3926,24.9425,-5238.8569,-28100.1875,21.9963,-4700.5176,-28635.6816,22.3190,759.3265,-0.0003,-0.0026,3.1241,0.7864,3.1396,-4701.7080,-28635.0059,27.9012,0.0002,-0.0013,1
-4703.1636,-28634.3926,24.9425,-5238.7505,-28100.3125,21.9885,-4695.8887,-28636.5586,16.9534,763.0856,-0.0008,-0.0031,3.1283,0.7864,3.1401,-4701.5479,-28635.0039,27.5786,0.0002,-0.0008,1
-4703.1636,-28634.3926,24.9425,-5238.6445,-28100.4395,21.9796,-4696.9736,-28636.8809,17.0042,762.3731,-0.0006,-0.0024,3.1330,0.7864,3.1406,-4701.4097,-28635.0195,27.2328,0.0002,-0.0002,1
-4703.1636,-28634.3926,24.9425,-5238.5386,-28100.5664,21.9712,-4704.4780,-28633.9336,26.2641,754.7972,0.0001,0.0002,3.1377,0.7866,3.1411,-4701.5083,-28634.9434,27.1682,0.0002,0.0005,1
-4703.1636,-28634.3926,24.9425,-5238.4331,-28100.6914,21.9643,-4706.4546,-28634.0586,22.3961,753.3138,0.0004,0.0001,-3.1411,0.7866,-3.1415,-4701.6797,-28634.8711,26.9745,0.0002,0.0011,1
-4703.1636,-28634.3926,24.9425,-5238.3291,-28100.8145,21.9589,-4695.2173,-28635.6953,15.5036,762.3083,-0.0010,-0.0008,-3.1370,0.7866,-3.1411,-4701.4907,-28634.8535,26.5482,0.0002,0.0016,1
-4703.1636,-28634.3926,24.9425,-5238.2256,-28100.9375,21.9548,-4708.0610,-28632.6309,10.7495,750.9352,0.0004,-0.0013,-3.1334,0.7866,-3.1407,-4701.7114,-28634.7363,25.9365,0.0002,0.0020,1
-4703.1636,-28634.3926,24.9425,-5238.1240,-28101.0586,21.9516,-4704.0503,-28633.3379,27.4027,754.0372,-0.0001,0.0027,-3.1303,0.7866,-3.1403,-4701.8120,-28634.6426,25.8496,0.0002,0.0025,1
-4703.1636,-28634.3926,24.9425,-5238.0234,-28101.1777,21.9494,-4699.4175,-28634.2422,23.3333,757.7892,-0.0006,0.0022,-3.1279,0.7866,-3.1400,-4701.7632,-28634.5762,25.6375,0.0002,0.0028,1
-4703.1636,-28634.3926,24.9425,-5237.9243,-28101.2949,21.9479,-4701.5376,-28641.8867,19.6341,761.5418,0.0008,0.0017,-3.1260,0.7866,-3.1398,-4701.7783,-28634.7637,25.3051,0.0002,0.0030,1
-4703.1636,-28634.3926,24.9425,-5237.8267,-28101.4121,21.9470,-4707.6011,-28632.0762,16.4416,750.1785,0.0003,0.0012,-3.1247,0.7866,-3.1397,-4701.9937,-28634.6445,24.8572,0.0002,0.0031,1
-4703.1636,-28634.3926,24.9425,-5237.7300,-28101.5254,21.9466,-4703.2686,-28632.3711,29.0008,753.3110,-0.0003,0.0040,-3.1240,0.7866,-3.1396,-4702.0757,-28634.5332,24.8156,0.0002,0.0032,1
-4703.1636,-28634.3926,24.9425,-5237.6353,-28101.6387,21.9468,-4698.6426,-28633.2617,26.4454,757.0600,-0.0009,0.0035,-3.1237,0.7866,-3.1396,-4702.0059,-28634.4453,24.7060,0.0002,0.0032,1
-4703.1636,-28634.3926,24.9425,-5237.5415,-28101.7500,21.9475,-4700.6182,-28640.7812,24.0978,760.8094,0.0005,0.0030,-3.1238,0.7869,-3.1396,-4701.9917,-28634.6074,24.5299,0.0002,0.0032,1
-4703.1636,-28634.3926,24.9425,-5237.4492,-28101.8594,21.9485,-4706.6826,-28630.9922,21.9783,749.4555,-0.0000,0.0025,-3.1241,0.7869,-3.1396,-4702.1753,-28634.4590,24.2889,0.0002,0.0030,1
-4703.1636,-28634.3926,24.9425,-5237.3579,-28101.9688,21.9497,-4702.7144,-28631.6406,29.9517,752.6221,-0.0005,0.0040,-3.1248,0.7869,-3.1397,-4702.2349,-28634.3281,24.3150,0.0002,0.0030,1
-4703.1636,-28634.3926,24.9425,-5237.2676,-28102.0762,21.9508,-4704.8032,-28639.2461,28.2511,756.3682,0.0009,0.0035,-3.1257,0.7869,-3.1398,-4702.3628,-28634.4434,24.3034,0.0001,0.0028,1
-4703.1636,-28634.3926,24.9425,-5237.1787,-28102.1816,21.9519,-4700.1885,-28640.1484,26.7124,760.1147,0.0004,0.0030,-3.1269,0.7869,-3.1399,-4702.3418,-28634.6016,24.2553,0.0001,0.0026,1
-4703.1636,-28634.3926,24.9425,-5237.0903,-28102.2871,21.9530,-4706.2637,-28630.3789,25.1915,748.7696,-0.0002,0.0025,-3.1282,0.7869,-3.1401,-4702.5156,-28634.4473,24.1687,0.0001,0.0024,1
-4703.1636,-28634.3926,24.9425,-5237.0034,-28102.3906,21.9541,-4708.0298,-28633.7109,25.0314,749.7410,0.0006,0.0023,-3.1295,0.7869,-3.1402,-4702.7544,-28634.3984,24.0842,0.0001,0.0022,1
-4703.1636,-28634.3926,24.9425,-5236.9170,-28102.4922,21.9554,-4704.1787,-28638.4492,28.9553,755.7081,0.0007,0.0029,-3.1308,0.7869,-3.1404,-4702.8735,-28634.5039,24.1363,0.0001,0.0020,1
-4703.1636,-28634.3926,24.9425,-5236.8315,-28102.5938,21.9566,-4699.5703,-28639.3418,27.4669,759.4519,0.0002,0.0024,-3.1321,0.7869,-3.1405,-4702.8408,-28634.6504,24.1540,0.0000,0.0019,1
-4703.1636,-28634.3926,24.9425,-5236.7466,-28102.6953,21.9578,-4705.6587,-28629.5879,25.8261,748.1151,-0.0004,0.0019,-3.1332,0.7869,-3.1406,-4702.9990,-28634.4824,24.1297,0.0001,0.0017,1
-4703.1636,-28634.3926,24.9425,-5236.6626,-28102.7949,21.9589,-4701.4756,-28630.0684,30.1583,751.3306,-0.0009,0.0027,-3.1342,0.7869,-3.1408,-4703.0205,-28634.3203,24.2567,0.0001,0.0016,1
-4703.1636,-28634.3926,24.9425,-5236.5786,-28102.8945,21.9598,-4703.5488,-28637.6660,28.4282,755.0714,0.0005,0.0022,-3.1351,0.7869,-3.1409,-4703.1045,-28634.4023,24.3415,0.0001,0.0015,1
-4703.1636,-28634.3926,24.9425,-5236.4956,-28102.9922,21.9607,-4698.9458,-28638.5508,26.5827,758.8125,-0.0001,0.0017,-3.1359,0.7869,-3.1409,-4703.0352,-28634.5215,24.3761,0.0000,0.0014,1
-4703.1636,-28634.3926,24.9425,-5236.4136,-28103.0918,21.9613,-4705.0479,-28628.8125,24.5698,747.4836,-0.0006,0.0012,-3.1364,0.7869,-3.1410,-4703.1558,-28634.3262,24.3510,0.0001,0.0013,1
-4703.1636,-28634.3926,24.9425,-5236.3315,-28103.1875,21.9618,-4707.3281,-28635.7988,29.7319,750.7122,0.0008,0.0022,-3.1369,0.7869,-3.1411,-4703.3535,-28634.3535,24.4997,0.0000,0.0012,1
-4703.1636,-28634.3926,24.9425,-5236.2500,-28103.2852,21.9621,-4702.7378,-28636.7051,27.5983,754.4504,0.0002,0.0017,-3.1372,0.7869,-3.1411,-4703.4048,-28634.4141,24.5895,0.0000,0.0012,1
-4703.1636,-28634.3926,24.9425,-5236.1694,-28103.3809,21.9623,-4698.1401,-28637.5801,25.3532,758.1890,-0.0003,0.0012,-3.1373,0.7869,-3.1411,-4703.2998,-28634.5078,24.6120,0.0000,0.0012,1
-4703.1636,-28634.3926,24.9425,-5236.0894,-28103.4766,21.9624,-4704.2593,-28627.8535,22.9945,746.8679,-0.0009,0.0007,-3.1374,0.7869,-3.1411,-4703.3828,-28634.2852,24.5576,0.0000,0.0012,1
-4703.1636,-28634.3926,24.9425,-5236.0093,-28103.5703,21.9623,-4706.7026,-28635.0293,29.3826,750.1068,0.0006,0.0021,-3.1373,0.7869,-3.1411,-4703.5469,-28634.2891,24.7130,0.0000,0.0012,1
-4703.1636,-28634.3926,24.9425,-5235.9302,-28103.6660,21.9621,-4702.1162,-28635.9297,26.9553,753.8425,0.0000,0.0016,-3.1372,0.7869,-3.1411,-4703.5630,-28634.3242,24.7975,0.0000,0.0012,1
-4703.1636,-28634.3926,24.9425,-5235.8516,-28103.7578,21.9619,-4697.5234,-28636.7949,24.4596,757.5787,-0.0005,0.0011,-3.1370,0.7869,-3.1411,-4703.4219,-28634.3945,24.8036,0.0000,0.0013,1
-4703.1636,-28634.3926,24.9425,-5235.7739,-28103.8516,21.9616,-4710.2739,-28633.7246,21.9141,746.2651,0.0009,0.0006,-3.1367,0.7869,-3.1410,-4703.6895,-28634.3672,24.7227,-0.0000,0.0013,1
-4703.1636,-28634.3926,24.9425,-5235.6963,-28103.9434,21.9613,-4706.0811,-28634.2617,29.2142,749.5146,0.0003,0.0022,-3.1365,0.7869,-3.1410,-4703.8286,-28634.3555,24.8788,-0.0000,0.0014,1
-4703.1636,-28634.3926,24.9425,-5235.6196,-28104.0352,21.9610,-4701.4990,-28635.1504,26.6813,753.2479,-0.0002,0.0017,-3.1362,0.7869,-3.1410,-4703.8179,-28634.3750,24.9594,-0.0000,0.0014,1
-4703.1636,-28634.3926,24.9425,-5235.5435,-28104.1250,21.9607,-4696.9116,-28636.0059,24.1223,756.9816,-0.0008,0.0012,-3.1359,0.7869,-3.1409,-4703.6479,-28634.4238,24.9580,-0.0000,0.0015,1
-4703.1636,-28634.3926,24.9425,-5235.4683,-28104.2148,21.9603,-4709.6602,-28632.9492,21.5582,745.6754,0.0007,0.0007,-3.1356,0.7869,-3.1409,-4703.8848,-28634.3750,24.8672,-0.0000,0.0015,1
-4703.1636,-28634.3926,24.9425,-5235.3931,-28104.3027,21.9601,-4705.3867,-28633.4141,29.2069,748.9371,0.0001,0.0023,-3.1354,0.7869,-3.1409,-4703.9893,-28634.3398,25.0240,-0.0000,0.0016,1
-4703.1636,-28634.3926,24.9425,-5235.3188,-28104.3906,21.9598,-4700.8091,-28634.2910,26.7136,752.6680,-0.0004,0.0018,-3.1351,0.7869,-3.1409,-4703.9424,-28634.3301,25.1059,-0.0000,0.0016,1
-4703.1636,-28634.3926,24.9425,-5235.2456,-28104.4785,21.9596,-4696.2261,-28635.1387,24.2173,756.3994,-0.0010,0.0013,-3.1349,0.7869,-3.1408,-4703.7349,-28634.3496,25.1073,0.0000,0.0016,1
-4703.1636,-28634.3926,24.9425,-5235.1724,-28104.5664,21.9594,-4708.9727,-28632.0996,21.7298,745.1003,0.0004,0.0008,-3.1348,0.7869,-3.1408,-4703.9326,-28634.2695,25.0215,-0.0000,0.0016,1
-4703.1636,-28634.3926,24.9425,-5235.1006,-28104.6523,21.9592,-4705.1279,-28633.6367,21.7470,748.7933,0.0001,0.0009,-3.1346,0.7869,-3.1408,-4704.0117,-28634.2363,24.9285,-0.0000,0.0016,1
-4703.1636,-28634.3926,24.9425,-5235.0298,-28104.7363,21.9590,-4700.4058,-28633.7207,26.7330,752.1042,-0.0007,0.0020,-3.1344,0.7865,-3.1408,-4703.9341,-28634.2070,24.9939,0.0001,0.0017,1
-4703.1636,-28634.3926,24.9425,-5234.9609,-28104.8184,21.9586,-4703.0786,-28641.8359,23.9648,755.8334,0.0008,0.0015,-3.1339,0.7855,-3.1409,-4703.9360,-28634.4434,24.9711,0.0002,0.0018,1
-4703.1636,-28634.3926,24.9425,-5234.8945,-28104.8984,21.9580,-4709.9932,-28632.9355,21.0564,744.5411,0.0002,0.0010,-3.1332,0.7838,-3.1410,-4704.1660,-28634.4023,24.8474,0.0004,0.0019,1
-4703.1636,-28634.3926,24.9425,-5234.8301,-28104.9766,21.9573,-4705.2803,-28632.9980,28.7232,747.8389,-0.0008,0.0027,-3.1325,0.7816,-3.1411,-4704.2495,-28634.3594,24.9719,0.0008,0.0020,1
-4703.1636,-28634.3926,24.9425,-5234.7681,-28105.0547,21.9564,-4702.1802,-28635.3359,25.7275,751.5654,-0.0014,0.0022,-3.1317,0.7788,-3.1412,-4704.2300,-28634.3926,25.0045,0.0012,0.0022,1
-4703.1636,-28634.3926,24.9425,-5234.7080,-28105.1289,21.9555,-4705.9463,-28644.4668,22.7124,755.2923,0.0001,0.0017,-3.1309,0.7758,-3.1413,-4704.3291,-28634.7285,24.9385,0.0016,0.0023,1
-4703.1636,-28634.3926,24.9425,-5234.6504,-28105.2031,21.9547,-4713.8652,-28636.5508,19.7719,744.0066,-0.0005,0.0012,-3.1302,0.7722,-3.1415,-4704.6963,-28634.8242,24.7673,0.0021,0.0024,1
-4703.1636,-28634.3926,24.9425,-5234.5942,-28105.2754,21.9539,-4705.4404,-28632.9961,28.8961,747.3458,-0.0029,0.0033,-3.1296,0.7685,-3.1416,-4704.7983,-28634.8047,24.8910,0.0027,0.0025,1
-4703.1636,-28634.3926,24.9425,-5234.5396,-28105.3457,21.9534,-4709.5479,-28642.4531,26.3460,751.0703,-0.0015,0.0028,-3.1294,0.7648,3.1416,-4705.0352,-28635.0938,24.9386,0.0032,0.0026,1
-4703.1636,-28634.3926,24.9425,-5234.4854,-28105.4160,21.9531,-4706.9067,-28645.2148,23.9933,754.7953,-0.0020,0.0023,-3.1294,0.7612,3.1415,-4705.1899,-28635.4863,24.9111,0.0037,0.0026,1
-4703.1636,-28634.3926,24.9425,-5234.4326,-28105.4863,21.9532,-4714.6670,-28637.1504,21.8214,743.5154,-0.0026,0.0018,-3.1297,0.7579,3.1415,-4705.6060,-28635.6328,24.8079,0.0042,0.0025,1
-4703.1636,-28634.3926,24.9425,-5234.3804,-28105.5547,21.9535,-4704.4922,-28631.8770,29.6642,746.8874,-0.0054,0.0034,-3.1302,0.7547,3.1415,-4705.6958,-28635.6016,24.9612,0.0047,0.0025,1
-4703.1636,-28634.3926,24.9425,-5234.3291,-28105.6230,21.9540,-4703.4849,-28643.1973,28.5955,755.5207,-0.0043,0.0030,-3.1308,0.7520,3.1414,-4705.7446,-28635.9336,25.0879,0.0051,0.0024,1
-4703.1636,-28634.3926,24.9425,-5234.2788,-28105.6895,21.9548,-4705.0283,-28643.1914,25.9904,754.3334,-0.0045,0.0024,-3.1315,0.7492,3.1414,-4705.8340,-28636.2773,25.1359,0.0054,0.0023,1
-4703.1636,-28634.3926,24.9425,-5234.2290,-28105.7559,21.9556,-4708.8262,-28636.9922,30.3334,747.2045,-0.0053,0.0032,-3.1323,0.7465,3.1414,-4706.0435,-28636.4277,25.3305,0.0058,0.0022,1
-4703.1636,-28634.3926,24.9425,-5234.1802,-28105.8223,21.9566,-4703.1685,-28630.3828,29.9087,746.4495,-0.0075,0.0030,-3.1332,0.7447,3.1414,-4706.0645,-28636.3516,25.5211,0.0061,0.0021,1
-4703.1636,-28634.3926,24.9425,-5234.1313,-28105.8887,21.9575,-4706.3584,-28638.9785,28.1856,750.1707,-0.0060,0.0025,-3.1340,0.7426,3.1413,-4706.1812,-28636.5449,25.6615,0.0064,0.0020,1
-4703.1636,-28634.3926,24.9425,-5234.0835,-28105.9531,21.9584,-4702.7769,-28640.7949,26.4214,753.8922,-0.0066,0.0020,-3.1348,0.7408,3.1413,-4706.1743,-28636.7969,25.7461,0.0067,0.0019,1
-4703.1636,-28634.3926,24.9425,-5234.0361,-28106.0195,21.9593,-4709.6396,-28631.8496,24.5547,742.6227,-0.0071,0.0015,-3.1355,0.7393,3.1413,-4706.3848,-28636.7559,25.7671,0.0069,0.0018,1
-4703.1636,-28634.3926,24.9425,-5233.9893,-28106.0820,21.9601,-4701.8301,-28642.7070,21.1978,755.7490,-0.0068,0.0006,-3.1361,0.7385,3.1413,-4706.3379,-28637.0586,25.6724,0.0070,0.0017,1
-4703.1636,-28634.3926,24.9425,-5233.9424,-28106.1465,21.9608,-4704.4888,-28636.9688,27.8588,749.7452,-0.0074,0.0020,-3.1367,0.7377,3.1413,-4706.3643,-28637.1797,25.7864,0.0071,0.0016,1
-4703.1636,-28634.3926,24.9425,-5233.8965,-28106.2109,21.9613,-4700.3320,-28638.1992,25.8652,753.4653,-0.0079,0.0015,-3.1371,0.7369,3.1413,-4706.2451,-28637.3359,25.8365,0.0072,0.0016,1
-4703.1636,-28634.3926,24.9425,-5233.8506,-28106.2734,21.9618,-4706.6606,-28628.7051,23.7539,742.2006,-0.0085,0.0010,-3.1375,0.7365,3.1413,-4706.3193,-28637.1699,25.8136,0.0073,0.0015,1
-4703.1636,-28634.3926,24.9425,-5233.8052,-28106.3359,21.9621,-4702.2402,-28633.4785,29.1704,748.6531,-0.0084,0.0021,-3.1378,0.7367,3.1413,-4706.2441,-28637.1406,25.9654,0.0073,0.0015,1
-4703.1636,-28634.3926,24.9425,-5233.7603,-28106.3984,21.9623,-4702.9092,-28635.2383,27.3014,749.3296,-0.0081,0.0016,-3.1379,0.7366,3.1414,-4706.1797,-28637.1582,26.0601,0.0073,0.0015,1
-4703.1636,-28634.3926,24.9425,-5233.7158,-28106.4609,21.9625,-4698.2876,-28635.9824,25.0388,753.0480,-0.0086,0.0011,-3.1380,0.7368,3.1414,-4705.9531,-28637.1934,26.0799,0.0073,0.0015,1
-4703.1636,-28634.3926,24.9425,-5233.6714,-28106.5234,21.9625,-4710.8057,-28632.7012,22.6930,741.7880,-0.0072,0.0006,-3.1380,0.7372,3.1415,-4706.1265,-28637.1094,26.0154,0.0072,0.0014,1
-4703.1636,-28634.3926,24.9425,-5233.6274,-28106.5840,21.9624,-4706.6445,-28633.4395,29.2410,745.2051,-0.0076,0.0020,-3.1379,0.7376,3.1415,-4706.1694,-28637.0410,26.1616,0.0072,0.0015,1
-4703.1636,-28634.3926,24.9425,-5233.5840,-28106.6445,21.9623,-4701.8003,-28633.9707,26.8615,748.9216,-0.0082,0.0015,-3.1378,0.7382,3.1416,-4706.0503,-28636.9785,26.2330,0.0071,0.0015,1
-4703.1636,-28634.3926,24.9425,-5233.5405,-28106.7051,21.9622,-4696.8408,-28634.3574,24.4275,752.6385,-0.0087,0.0010,-3.1377,0.7390,-3.1415,-4705.7563,-28636.9219,26.2226,0.0070,0.0015,1
-4703.1636,-28634.3926,24.9425,-5233.4976,-28106.7656,21.9620,-4709.0352,-28630.7793,21.9549,741.3831,-0.0073,0.0005,-3.1375,0.7400,-3.1415,-4705.8496,-28636.7363,26.1218,0.0069,0.0015,1
-4703.1636,-28634.3926,24.9425,-5233.4551,-28106.8262,21.9618,-4705.6445,-28632.2891,29.1209,744.8065,-0.0074,0.0021,-3.1373,0.7410,-3.1414,-4705.8364,-28636.5879,26.2511,0.0067,0.0016,1
-4703.1636,-28634.3926,24.9425,-5233.4131,-28106.8848,21.9615,-4700.5708,-28632.5742,26.6695,748.5215,-0.0080,0.0016,-3.1370,0.7421,-3.1413,-4705.6533,-28636.4414,26.3031,0.0066,0.0016,1
-4703.1636,-28634.3926,24.9425,-5233.3711,-28106.9434,21.9613,-4695.3926,-28632.7188,24.1922,752.2370,-0.0085,0.0011,-3.1368,0.7433,-3.1413,-4705.2886,-28636.2910,26.2718,0.0065,0.0016,1
-4703.1636,-28634.3926,24.9425,-5233.3301,-28107.0020,21.9611,-4707.6221,-28629.2031,21.7062,740.9860,-0.0071,0.0006,-3.1366,0.7443,-3.1412,-4705.3105,-28636.0156,26.1493,0.0064,0.0016,1
-4703.1636,-28634.3926,24.9425,-5233.2891,-28107.0605,21.9609,-4704.9800,-28631.4707,29.1115,744.4168,-0.0070,0.0022,-3.1364,0.7454,-3.1411,-4705.2510,-28635.8027,26.2650,0.0063,0.0017,1
-4703.1636,-28634.3926,24.9425,-5233.2480,-28107.1172,21.9607,-4699.7866,-28631.6211,26.6853,748.1304,-0.0075,0.0017,-3.1362,0.7467,-3.1411,-4705.0200,-28635.5879,26.3046,0.0061,0.0017,1
-4703.1636,-28634.3926,24.9425,-5233.2080,-28107.1758,21.9605,-4701.1265,-28638.3633,24.2431,751.8444,-0.0061,0.0012,-3.1360,0.7481,-3.1410,-4704.8247,-28635.5938,26.2627,0.0059,0.0017,1
-4703.1636,-28634.3926,24.9425,-5233.1680,-28107.2324,21.9604,-4696.4741,-28631.8730,26.8640,750.5360,-0.0076,0.0018,-3.1359,0.7493,-3.1409,-4704.4692,-28635.3945,26.3024,0.0058,0.0018,1
-4703.1636,-28634.3926,24.9425,-5233.1289,-28107.2871,21.9603,-4704.2725,-28630.6035,29.1568,744.0368,-0.0064,0.0023,-3.1357,0.7505,-3.1409,-4704.3594,-28635.1445,26.4197,0.0057,0.0018,1
-4703.1636,-28634.3926,24.9425,-5233.0898,-28107.3438,21.9602,-4699.0220,-28630.6836,26.7970,747.7490,-0.0069,0.0018,-3.1357,0.7519,-3.1408,-4704.0786,-28634.8945,26.4626,0.0056,0.0018,1
-4703.1636,-28634.3926,24.9425,-5233.0508,-28107.3984,21.9602,-4700.2944,-28637.3652,24.4223,751.4617,-0.0055,0.0013,-3.1356,0.7535,-3.1408,-4703.8345,-28634.8613,26.4258,0.0053,0.0018,1
-4703.1636,-28634.3926,24.9425,-5233.0127,-28107.4531,21.9602,-4695.0967,-28637.4883,22.0478,755.1740,-0.0061,0.0008,-3.1356,0.7547,-3.1408,-4703.4160,-28634.8438,26.3051,0.0052,0.0018,1
-4703.1636,-28634.3926,24.9425,-5232.9746,-28107.5059,21.9602,-4703.6152,-28629.7871,29.2047,743.6668,-0.0058,0.0023,-3.1355,0.7560,-3.1407,-4703.2676,-28634.5781,26.4124,0.0051,0.0018,1
-4703.1636,-28634.3926,24.9425,-5232.9370,-28107.5605,21.9602,-4698.3564,-28629.8457,26.9037,747.3777,-0.0063,0.0018,-3.1355,0.7574,-3.1407,-4702.9512,-28634.3086,26.4479,0.0049,0.0018,1
-4703.1636,-28634.3926,24.9425,-5232.8999,-28107.6133,21.9602,-4699.8550,-28636.7617,24.5824,751.0891,-0.0049,0.0013,-3.1355,0.7585,-3.1407,-4702.6816,-28634.2656,26.4063,0.0048,0.0018,1
-4703.1636,-28634.3926,24.9425,-5232.8628,-28107.6660,21.9603,-4694.5518,-28636.7676,22.2527,754.8000,-0.0054,0.0008,-3.1356,0.7600,-3.1407,-4702.2383,-28634.2324,26.2829,0.0047,0.0018,1
-4703.1636,-28634.3926,24.9425,-5232.8262,-28107.7188,21.9603,-4698.8672,-28632.9004,26.7249,748.9604,-0.0052,0.0017,-3.1356,0.7612,-3.1406,-4701.9277,-28634.0820,26.2983,0.0045,0.0018,1
-4703.1636,-28634.3926,24.9425,-5232.7900,-28107.7695,21.9604,-4699.6733,-28634.8516,22.4112,749.6828,-0.0045,0.0008,-3.1357,0.7626,-3.1406,-4701.6470,-28634.0000,26.1708,0.0044,0.0017,1
-4703.1636,-28634.3926,24.9425,-5232.7539,-28107.8223,21.9605,-4699.2666,-28636.0078,24.6539,750.7263,-0.0043,0.0013,-3.1357,0.7637,-3.1406,-4701.3569,-28633.9629,26.1098,0.0042,0.0017,1
-4703.1636,-28634.3926,24.9425,-5232.7183,-28107.8730,21.9605,-4694.1060,-28636.1484,22.3394,754.4360,-0.0048,0.0008,-3.1358,0.7649,-3.1406,-4700.9014,-28633.9375,25.9697,0.0041,0.0017,1
-4703.1636,-28634.3926,24.9425,-5232.6831,-28107.9219,21.9606,-4702.3940,-28628.2441,29.2174,742.9554,-0.0046,0.0023,-3.1358,0.7661,-3.1406,-4700.7158,-28633.6582,26.0519,0.0040,0.0017,1
-4703.1636,-28634.3926,24.9425,-5232.6479,-28107.9727,21.9607,-4703.7837,-28635.0332,26.9386,746.6638,-0.0031,0.0018,-3.1359,0.7674,-3.1406,-4700.5908,-28633.5977,26.0655,0.0038,0.0017,1
-4703.1636,-28634.3926,24.9425,-5232.6133,-28108.0215,21.9607,-4700.6553,-28632.6152,23.1065,747.1115,-0.0038,0.0009,-3.1359,0.7683,-3.1406,-4700.3784,-28633.4648,25.9534,0.0037,0.0016,1
-4703.1636,-28634.3926,24.9425,-5232.5791,-28108.0723,21.9608,-4693.6401,-28635.5059,22.3204,754.0811,-0.0043,0.0008,-3.1359,0.7695,-3.1406,-4699.9434,-28633.4316,25.8105,0.0036,0.0016,1
-4703.1636,-28634.3926,24.9425,-5232.5449,-28108.1211,21.9608,-4708.3687,-28634.1172,29.1838,742.6127,-0.0021,0.0022,-3.1360,0.7705,-3.1406,-4699.9966,-28633.3613,25.8903,0.0035,0.0016,1
-4703.1636,-28634.3926,24.9425,-5232.5112,-28108.1680,21.9609,-4703.3696,-28634.4629,26.8999,746.3199,-0.0026,0.0017,-3.1360,0.7715,-3.1405,-4699.9097,-28633.3066,25.9017,0.0033,0.0016,1
-4703.1636,-28634.3926,24.9425,-5232.4775,-28108.2168,21.9609,-4698.3926,-28634.8027,24.5890,750.0276,-0.0032,0.0012,-3.1360,0.7724,-3.1405,-4699.6724,-28633.2715,25.8392,0.0032,0.0016,1
-4703.1636,-28634.3926,24.9425,-5232.4443,-28108.2637,21.9609,-4693.3379,-28635.0312,22.2501,753.7348,-0.0038,0.0007,-3.1361,0.7734,-3.1405,-4699.2739,-28633.2500,25.6973,0.0031,0.0016,1
-4703.1636,-28634.3926,24.9425,-5232.4111,-28108.3105,21.9610,-4707.7725,-28633.3730,29.1531,742.2780,-0.0017,0.0022,-3.1361,0.7744,-3.1405,-4699.3535,-28633.1816,25.7797,0.0030,0.0016,1
-4703.1636,-28634.3926,24.9425,-5232.3784,-28108.3574,21.9610,-4702.9248,-28633.8613,26.8546,745.9840,-0.0022,0.0017,-3.1361,0.7750,-3.1405,-4699.2969,-28633.1328,25.7935,0.0029,0.0016,1
-4703.1636,-28634.3926,24.9425,-5232.3462,-28108.4043,21.9610,-4697.9883,-28634.2344,24.5293,749.6906,-0.0028,0.0012,-3.1361,0.7758,-3.1405,-4699.0913,-28633.1016,25.7328,0.0028,0.0016,1
-4703.1636,-28634.3926,24.9425,-5232.3140,-28108.4512,21.9610,-4692.9883,-28634.5098,22.1773,753.3967,-0.0034,0.0007,-3.1361,0.7768,-3.1405,-4698.7241,-28633.0840,25.5925,0.0027,0.0015,1
-4703.1636,-28634.3926,24.9425,-5232.2822,-28108.4961,21.9610,-4707.4160,-28632.8672,29.1286,741.9507,-0.0014,0.0022,-3.1361,0.7772,-3.1405,-4698.8354,-28633.0176,25.6782,0.0026,0.0015,1
-4703.1636,-28634.3926,24.9425,-5232.2505,-28108.5410,21.9610,-4702.6255,-28633.4062,26.8207,745.6558,-0.0019,0.0017,-3.1361,0.7778,-3.1405,-4698.8120,-28632.9727,25.6951,0.0026,0.0015,1
-4703.1636,-28634.3926,24.9425,-5232.2192,-28108.5859,21.9610,-4697.7588,-28633.8418,24.4871,749.3611,-0.0025,0.0012,-3.1361,0.7784,-3.1405,-4698.6401,-28632.9453,25.6373,0.0025,0.0015,1
-4703.1636,-28634.3926,24.9425,-5232.1880,-28108.6309,21.9610,-4699.4600,-28640.9023,22.1209,753.0661,-0.0010,0.0007,-3.1361,0.7793,-3.1405,-4698.5293,-28633.1562,25.4994,0.0024,0.0015,1
-4703.1636,-28634.3926,24.9425,-5232.1572,-28108.6738,21.9610,-4706.8120,-28632.1133,29.1102,741.6310,-0.0012,0.0022,-3.1361,0.7796,-3.1405,-4698.6748,-28633.0957,25.5890,0.0023,0.0015,1
-4703.1636,-28634.3926,24.9425,-5232.1270,-28108.7188,21.9610,-4702.0635,-28632.6875,26.8005,745.3354,-0.0018,0.0017,-3.1361,0.7801,-3.1404,-4698.6836,-28633.0508,25.6097,0.0022,0.0015,1
-4703.1636,-28634.3926,24.9425,-5232.0967,-28108.7617,21.9610,-4697.2393,-28633.1543,24.4668,749.0392,-0.0023,0.0012,-3.1361,0.7807,-3.1404,-4698.5425,-28633.0254,25.5558,0.0021,0.0015,1
-4703.1636,-28634.3926,24.9425,-5232.0664,-28108.8047,21.9610,-4696.5894,-28634.5840,28.8228,750.4774,-0.0021,0.0021,-3.1361,0.7815,-3.1404,-4698.3813,-28633.0469,25.6454,0.0020,0.0015,1
-4703.1636,-28634.3926,24.9425,-5232.0366,-28108.8477,21.9610,-4703.1895,-28640.0586,24.3987,749.5763,-0.0002,0.0012,-3.1360,0.7818,-3.1404,-4698.4409,-28633.2559,25.5953,0.0020,0.0015,1
-4703.1636,-28634.3926,24.9425,-5232.0073,-28108.8887,21.9610,-4701.4829,-28631.9434,26.7912,745.0217,-0.0016,0.0017,-3.1360,0.7822,-3.1404,-4698.4590,-28633.2109,25.6231,0.0019,0.0015,1
-4703.1636,-28634.3926,24.9425,-5231.9780,-28108.9316,21.9610,-4703.3120,-28639.1211,24.4532,748.7245,-0.0002,0.0012,-3.1360,0.7827,-3.1404,-4698.5479,-28633.4023,25.5757,0.0018,0.0015,1
-4703.1636,-28634.3926,24.9425,-5231.9487,-28108.9727,21.9610,-4698.6914,-28639.8086,22.1018,752.4279,-0.0008,0.0007,-3.1360,0.7830,-3.1404,-4698.4961,-28633.6289,25.4483,0.0017,0.0015,1
-4703.1636,-28634.3926,24.9425,-5231.9199,-28109.0137,21.9610,-4705.5825,-28630.5781,29.0870,741.0129,-0.0011,0.0022,-3.1360,0.7832,-3.1404,-4698.6797,-28633.5586,25.5481,0.0017,0.0015,1
-4703.1636,-28634.3926,24.9425,-5231.8916,-28109.0547,21.9610,-4707.7612,-28631.6816,21.4748,740.1678,-0.0005,0.0005,-3.1361,0.7836,-3.1404,-4698.9551,-28633.5195,25.3997,0.0016,0.0015,1
-4703.1636,-28634.3926,24.9425,-5231.8633,-28109.0957,21.9610,-4702.7236,-28638.3770,24.4502,748.4171,-0.0002,0.0012,-3.1361,0.7841,-3.1404,-4699.0796,-28633.6992,25.3440,0.0014,0.0015,1
-4703.1636,-28634.3926,24.9425,-5231.8354,-28109.1348,21.9610,-4697.9751,-28638.9277,22.1022,752.1194,-0.0007,0.0007,-3.1361,0.7846,-3.1404,-4699.0537,-28633.9043,25.2096,0.0013,0.0014,1
-4703.1636,-28634.3926,24.9425,-5231.8076,-28109.1758,21.9610,-4705.0825,-28629.9238,29.0774,740.7144,-0.0010,0.0022,-3.1361,0.7846,-3.1404,-4699.2642,-28633.8184,25.3033,0.0013,0.0015,1
-4703.1636,-28634.3926,24.9425,-5231.7798,-28109.2148,21.9610,-4700.4009,-28630.5371,26.7782,744.4157,-0.0016,0.0017,-3.1361,0.7849,-3.1404,-4699.3291,-28633.7441,25.3292,0.0013,0.0015,1
-4703.1636,-28634.3926,24.9425,-5231.7524,-28109.2539,21.9610,-4702.5088,-28638.0059,24.4488,748.1165,-0.0001,0.0012,-3.1361,0.7849,-3.1404,-4699.4653,-28633.9102,25.2812,0.0012,0.0014,1
-4703.1636,-28634.3926,24.9425,-5231.7256,-28109.2930,21.9610,-4698.0215,-28638.8145,22.1042,751.8179,-0.0007,0.0007,-3.1361,0.7849,-3.1404,-4699.4575,-28634.1113,25.1544,0.0012,0.0014,1
-4703.1636,-28634.3926,24.9425,-5231.6987,-28109.3320,21.9610,-4704.3213,-28629.0039,29.0629,740.4222,-0.0012,0.0022,-3.1361,0.7851,-3.1404,-4699.6562,-28633.9902,25.2553,0.0012,0.0014,1
-4703.1636,-28634.3926,24.9425,-5231.6719,-28109.3691,21.9611,-4706.4185,-28636.4492,26.7578,744.1227,0.0002,0.0017,-3.1361,0.7851,-3.1404,-4699.9336,-28634.1094,25.2879,0.0011,0.0014,1
-4703.1636,-28634.3926,24.9425,-5231.6455,-28109.4062,21.9611,-4701.9409,-28637.2812,24.4370,747.8226,-0.0003,0.0012,-3.1361,0.7851,-3.1404,-4700.0723,-28634.2578,25.2467,0.0011,0.0014,1
-4703.1636,-28634.3926,24.9425,-5231.6191,-28109.4453,21.9611,-4697.4565,-28638.0859,22.0927,751.5230,-0.0009,0.0007,-3.1361,0.7851,-3.1404,-4700.0620,-28634.4375,25.1264,0.0010,0.0014,1
-4703.1636,-28634.3926,24.9425,-5231.5933,-28109.4824,21.9611,-4703.6929,-28628.2148,29.0490,740.1365,-0.0014,0.0021,-3.1362,0.7853,-3.1404,-4700.2524,-28634.2910,25.2336,0.0010,0.0014,1
-4703.1636,-28634.3926,24.9425,-5231.5674,-28109.5176,21.9611,-4705.5859,-28635.4648,26.7430,743.8361,0.0000,0.0016,-3.1362,0.7857,-3.1404,-4700.5098,-28634.3750,25.2722,0.0009,0.0014,1
-4703.1636,-28634.3926,24.9425,-5231.5420,-28109.5547,21.9611,-4701.1016,-28636.2812,24.4232,747.5351,-0.0005,0.0011,-3.1362,0.7856,-3.1404,-4700.6245,-28634.4844,25.2367,0.0009,0.0014,1
-4703.1636,-28634.3926,24.9425,-5231.5166,-28109.5918,21.9611,-4696.6138,-28637.0723,22.0797,751.2346,-0.0011,0.0006,-3.1362,0.7856,-3.1404,-4700.5864,-28634.6211,25.1219,0.0009,0.0014,1
-4703.1636,-28634.3926,24.9425,-5231.4917,-28109.6270,21.9611,-4700.7671,-28642.3223,26.6191,751.9617,0.0004,0.0016,-3.1362,0.7859,-3.1404,-4700.6738,-28634.9375,25.1519,0.0008,0.0014,1
-4703.1636,-28634.3926,24.9425,-5231.4668,-28109.6621,21.9611,-4705.1074,-28634.8340,26.7300,743.5557,-0.0001,0.0016,-3.1362,0.7859,-3.1404,-4700.9033,-28635.0176,25.1902,0.0007,0.0014,1
-4703.1636,-28634.3926,24.9425,-5231.4419,-28109.6973,21.9612,-4700.6270,-28635.6465,24.4096,747.2538,-0.0007,0.0011,-3.1362,0.7859,-3.1404,-4700.9883,-28635.1211,25.1548,0.0007,0.0014,1
-4703.1636,-28634.3926,24.9425,-5231.4175,-28109.7324,21.9612,-4696.1401,-28636.4316,22.0653,750.9525,-0.0012,0.0006,-3.1362,0.7859,-3.1404,-4700.9189,-28635.2461,25.0401,0.0007,0.0014,1
-4703.1636,-28634.3926,24.9425,-5231.3936,-28109.7676,21.9612,-4700.3730,-28640.0312,22.1168,750.4395,0.0000,0.0006,-3.1363,0.7862,-3.1404,-4700.9756,-28635.4922,24.9212,0.0006,0.0014,1
-4703.1636,-28634.3926,24.9425,-5231.3691,-28109.8027,21.9612,-4704.4292,-28634.0039,26.7147,743.2811,-0.0003,0.0016,-3.1363,0.7862,-3.1404,-4701.1641,-28635.5430,24.9508,0.0006,0.0014,1
-4703.1636,-28634.3926,24.9425,-5231.3457,-28109.8359,21.9612,-4699.9482,-28634.8047,24.3939,746.9785,-0.0008,0.0011,-3.1363,0.7862,-3.1404,-4701.2061,-28635.6113,24.9078,0.0005,0.0013,1
-4703.1636,-28634.3926,24.9425,-5231.3218,-28109.8691,21.9612,-4695.3306,-28635.4453,22.0490,750.6762,-0.0014,0.0006,-3.1363,0.7864,-3.1404,-4701.0879,-28635.6973,24.7866,0.0005,0.0013,1
-4703.1636,-28634.3926,24.9425,-5231.2983,-28109.9043,21.9612,-4708.4331,-28632.5508,28.9991,739.3154,0.0001,0.0021,-3.1363,0.7864,-3.1404,-4701.3940,-28635.6797,24.8943,0.0005,0.0013,1
-4703.1636,-28634.3926,24.9425,-5231.2754,-28109.9375,21.9612,-4704.4385,-28635.5781,29.6485,744.2476,-0.0000,0.0023,-3.1363,0.7864,-3.1404,-4701.5771,-28635.7520,25.0335,0.0004,0.0014,1
-4703.1636,-28634.3926,24.9425,-5231.2520,-28109.9707,21.9612,-4699.4780,-28634.1758,24.3810,746.7089,-0.0010,0.0011,-3.1363,0.7864,-3.1404,-4701.5962,-28635.7754,25.0068,0.0004,0.0014,1
-4703.1636,-28634.3926,24.9425,-5231.2290,-28110.0020,21.9612,-4701.4814,-28641.4902,22.0283,750.4058,0.0005,0.0006,-3.1363,0.7867,-3.1405,-4701.6743,-28636.0352,24.9007,0.0003,0.0013,1
-4703.1636,-28634.3926,24.9425,-5231.2065,-28110.0352,21.9612,-4707.7832,-28631.7520,28.9851,739.0529,-0.0001,0.0021,-3.1363,0.7867,-3.1404,-4701.9609,-28635.9785,25.0225,0.0003,0.0014,1
-4703.1636,-28634.3926,24.9425,-5231.1841,-28110.0664,21.9612,-4703.3081,-28632.5684,26.6885,742.7491,-0.0006,0.0016,-3.1363,0.7867,-3.1404,-4702.1055,-28635.9355,25.0758,0.0003,0.0014,1
-4703.1636,-28634.3926,24.9425,-5231.1616,-28110.0996,21.9612,-4698.8271,-28633.3574,24.3683,746.4448,-0.0012,0.0011,-3.1363,0.7867,-3.1404,-4702.0977,-28635.9082,25.0547,0.0003,0.0014,1
-4703.1636,-28634.3926,24.9425,-5231.1396,-28110.1309,21.9612,-4700.7954,-28640.6484,22.0160,750.1411,0.0003,0.0006,-3.1363,0.7870,-3.1405,-4702.1445,-28636.1172,24.9538,0.0002,0.0013,1
-4703.1636,-28634.3926,24.9425,-5231.1177,-28110.1621,21.9612,-4707.1470,-28630.9648,28.9721,738.7959,-0.0002,0.0021,-3.1363,0.7870,-3.1405,-4702.3984,-28636.0078,25.0803,0.0002,0.0014,1
-4703.1636,-28634.3926,24.9425,-5231.0962,-28110.1934,21.9613,-4702.6714,-28631.7734,26.6761,742.4913,-0.0008,0.0016,-3.1363,0.7870,-3.1404,-4702.5078,-28635.9141,25.1379,0.0002,0.0014,1
-4703.1636,-28634.3926,24.9425,-5231.0747,-28110.2246,21.9613,-4704.7954,-28639.2090,24.3491,746.1863,0.0007,0.0011,-3.1364,0.7870,-3.1404,-4702.6841,-28636.0566,25.1204,0.0001,0.0014,1
-4703.1636,-28634.3926,24.9425,-5231.0532,-28110.2539,21.9613,-4700.3179,-28640.0137,22.0062,749.8817,0.0001,0.0006,-3.1364,0.7870,-3.1404,-4702.7104,-28636.2324,25.0228,0.0001,0.0014,1
-4703.1636,-28634.3926,24.9425,-5231.0322,-28110.2852,21.9613,-4706.5166,-28630.1816,28.9583,738.5439,-0.0005,0.0021,-3.1364,0.7870,-3.1404,-4702.9360,-28636.0840,25.1522,0.0001,0.0014,1
-4703.1636,-28634.3926,24.9425,-5231.0112,-28110.3145,21.9613,-4707.8398,-28632.1309,24.3693,738.9182,0.0000,0.0011,-3.1364,0.7870,-3.1405,-4703.2095,-28635.9844,25.1348,0.0001,0.0014,1
-4703.1636,-28634.3926,24.9425,-5230.9902,-28110.3438,21.9613,-4704.0151,-28638.2773,24.3355,745.9329,0.0004,0.0011,-3.1364,0.7872,-3.1405,-4703.3589,-28636.0840,25.1144,-0.0000,0.0014,1
-4703.1636,-28634.3926,24.9425,-5230.9697,-28110.3730,21.9613,-4699.5342,-28639.0703,21.9938,749.6276,-0.0001,0.0006,-3.1364,0.7872,-3.1405,-4703.3550,-28636.2109,25.0141,-0.0000,0.0014,1
-4703.1636,-28634.3926,24.9425,-5230.9492,-28110.4023,21.9613,-4705.8750,-28629.3828,28.9458,738.2971,-0.0006,0.0021,-3.1364,0.7872,-3.1405,-4703.5493,-28636.0195,25.1408,-0.0000,0.0014,1
-4703.1636,-28634.3926,24.9425,-5230.9292,-28110.4316,21.9613,-4701.4009,-28630.1777,26.6511,741.9910,-0.0012,0.0016,-3.1364,0.7872,-3.1405,-4703.5933,-28635.8379,25.1983,0.0000,0.0014,1
-4703.1636,-28634.3926,24.9425,-5230.9087,-28110.4609,21.9613,-4703.5029,-28637.6113,24.3254,745.6844,0.0003,0.0011,-3.1364,0.7872,-3.1405,-4703.6978,-28635.8926,25.1804,-0.0000,0.0014,1
-4703.1636,-28634.3926,24.9425,-5230.8892,-28110.4902,21.9613,-4699.0264,-28638.4043,21.9841,749.3785,-0.0003,0.0006,-3.1364,0.7872,-3.1405,-4703.6479,-28635.9785,25.0822,-0.0000,0.0014,1
-4703.1636,-28634.3926,24.9425,-5230.8691,-28110.5176,21.9613,-4708.3242,-28629.6777,29.1334,736.6285,-0.0002,0.0021,-3.1364,0.7872,-3.1405,-4703.8960,-28635.7734,25.2177,-0.0000,0.0014,1
-4703.1636,-28634.3926,24.9425,-5230.8496,-28110.5449,21.9613,-4707.3315,-28636.0020,26.6300,741.7482,0.0006,0.0016,-3.1364,0.7872,-3.1405,-4704.1152,-28635.7715,25.2766,-0.0001,0.0014,1
-4703.1636,-28634.3926,24.9425,-5230.8301,-28110.5742,21.9613,-4702.8623,-28636.8184,24.3125,745.4410,0.0000,0.0011,-3.1364,0.7872,-3.1405,-4704.1865,-28635.7969,25.2601,-0.0001,0.0014,1
-4703.1636,-28634.3926,24.9425,-5230.8110,-28110.6016,21.9613,-4698.3867,-28637.6016,21.9715,749.1343,-0.0005,0.0006,-3.1364,0.7872,-3.1405,-4704.1006,-28635.8496,25.1628,-0.0001,0.0014,1
-4703.1636,-28634.3926,24.9425,-5230.7915,-28110.6289,21.9614,-4710.0010,-28633.1641,28.0746,737.7630,0.0006,0.0019,-3.1365,0.7872,-3.1405,-4704.3882,-28635.7578,25.2631,-0.0001,0.0014,1
-4703.1636,-28634.3926,24.9425,-5230.7729,-28110.6562,21.9614,-4706.5303,-28635.0547,26.6164,741.5101,0.0004,0.0016,-3.1365,0.7875,-3.1405,-4704.5659,-28635.7246,25.3199,-0.0002,0.0014,1
-4703.1636,-28634.3926,24.9425,-5230.7539,-28110.6816,21.9614,-4702.0566,-28635.8535,24.2996,745.2022,-0.0002,0.0011,-3.1365,0.7875,-3.1405,-4704.5933,-28635.7188,25.3011,-0.0002,0.0014,1
-4703.1636,-28634.3926,24.9425,-5230.7354,-28110.7090,21.9614,-4697.5786,-28636.6270,21.9597,748.8948,-0.0008,0.0006,-3.1365,0.7875,-3.1405,-4704.4609,-28635.7363,25.2015,-0.0001,0.0014,1
-4703.1636,-28634.3926,24.9425,-5230.7168,-28110.7363,21.9614,-4710.5059,-28633.5879,28.8978,737.5845,0.0007,0.0021,-3.1365,0.7875,-3.1405,-4704.7432,-28635.6562,25.3277,-0.0002,0.0014,1
-4703.1636,-28634.3926,24.9425,-5230.6987,-28110.7617,21.9614,-4706.0435,-28634.4160,26.6045,741.2765,0.0002,0.0016,-3.1365,0.7875,-3.1405,-4704.8838,-28635.5996,25.3839,-0.0002,0.0014,1
-4703.1636,-28634.3926,24.9425,-5230.6807,-28110.7871,21.9614,-4701.5742,-28635.2129,24.2878,744.9680,-0.0004,0.0011,-3.1365,0.7875,-3.1405,-4704.8721,-28635.5684,25.3642,-0.0002,0.0014,1
-4703.1636,-28634.3926,24.9425,-5230.6626,-28110.8125,21.9614,-4697.1572,-28636.0430,21.9046,748.6600,-0.0009,0.0006,-3.1364,0.7874,-3.1405,-4704.7017,-28635.5645,25.2619,-0.0001,0.0014,1
-4703.1636,-28634.3926,24.9425,-5230.6455,-28110.8379,21.9613,-4710.0146,-28632.9492,28.7817,737.3562,0.0005,0.0021,-3.1363,0.7871,-3.1405,-4704.9434,-28635.4570,25.3832,-0.0001,0.0014,1
-4703.1636,-28634.3926,24.9425,-5230.6279,-28110.8633,21.9613,-4705.7998,-28634.0195,26.5647,741.0475,-0.0001,0.0016,-3.1365,0.7866,-3.1406,-4705.0498,-28635.3828,25.4365,-0.0000,0.0014,1
-4703.1636,-28634.3926,24.9425,-5230.6089,-28110.8926,21.9617,-4701.6953,-28635.1855,24.6397,744.7385,-0.0006,0.0011,-3.1372,0.7859,-3.1408,-4705.0171,-28635.3457,25.4269,0.0001,0.0014,1
-4703.1636,-28634.3926,24.9425,-5230.5884,-28110.9219,21.9625,-4697.7212,-28636.4707,23.1251,748.4297,-0.0012,0.0006,-3.1385,0.7850,-3.1411,-4704.8408,-28635.3535,25.3643,0.0003,0.0012,1
-4703.1636,-28634.3926,24.9425,-5230.5649,-28110.9570,21.9638,-4709.8525,-28632.6406,30.0892,737.1238,-0.0001,0.0018,-3.1405,0.7837,3.1416,-4705.0542,-28635.2344,25.5312,0.0005,0.0009,1
-4703.1636,-28634.3926,24.9425,-5230.5400,-28110.9941,21.9655,-4706.2246,-28634.3047,29.2233,740.8146,-0.0007,0.0013,3.1403,0.7821,3.1410,-4705.1528,-28635.1680,25.6779,0.0007,0.0007,1
-4703.1636,-28634.3926,24.9425,-5230.5132,-28111.0352,21.9676,-4702.6973,-28636.0684,28.4476,744.5048,-0.0012,0.0008,3.1378,0.7803,3.1404,-4705.1323,-28635.1602,25.8047,0.0010,0.0004,1
-4703.1636,-28634.3926,24.9425,-5230.4839,-28111.0801,21.9697,-4705.8325,-28644.4727,27.6477,748.1955,0.0002,0.0003,3.1354,0.7785,3.1398,-4705.2090,-28635.4355,25.9087,0.0012,0.0001,1
-4703.1636,-28634.3926,24.9425,-5230.4531,-28111.1270,21.9718,-4709.4800,-28632.1406,30.2122,736.8397,-0.0014,0.0006,3.1332,0.7767,3.1393,-4705.4087,-28635.3203,26.1024,0.0015,-0.0002,1
-4703.1636,-28634.3926,24.9425,-5230.4209,-28111.1777,21.9737,-4705.8965,-28633.8711,29.0362,740.5295,-0.0019,0.0001,3.1315,0.7750,3.1389,-4705.4932,-28635.2578,26.2627,0.0018,-0.0004,1
-4703.1636,-28634.3926,24.9425,-5230.3867,-28111.2285,21.9753,-4702.2612,-28635.5488,27.5492,744.2189,-0.0025,-0.0004,3.1302,0.7734,3.1387,-4705.4536,-28635.2480,26.3758,0.0020,-0.0005,1
-4703.1636,-28634.3926,24.9425,-5230.3521,-28111.2832,21.9764,-4705.0854,-28643.6777,25.7308,747.9086,-0.0010,-0.0009,3.1294,0.7722,3.1385,-4705.4985,-28635.5117,26.4275,0.0022,-0.0006,1
-4703.1636,-28634.3926,24.9425,-5230.3159,-28111.3379,21.9770,-4706.2456,-28630.4707,27.0419,737.6833,-0.0031,-0.0006,3.1292,0.7707,3.1385,-4705.5796,-28635.3496,26.5185,0.0024,-0.0007,1
-4703.1636,-28634.3926,24.9425,-5230.2793,-28111.3945,21.9771,-4704.8979,-28632.7734,26.5380,740.1926,-0.0032,-0.0007,3.1295,0.7693,3.1386,-4705.6138,-28635.2559,26.5903,0.0027,-0.0006,1
-4703.1636,-28634.3926,24.9425,-5230.2417,-28111.4512,21.9767,-4700.9526,-28634.1387,23.7633,743.8808,-0.0037,-0.0012,3.1302,0.7683,3.1388,-4705.5112,-28635.2031,26.5657,0.0029,-0.0005,1
-4703.1636,-28634.3926,24.9425,-5230.2036,-28111.5098,21.9759,-4703.7383,-28642.2500,20.7330,747.5694,-0.0023,-0.0017,3.1313,0.7671,3.1390,-4705.4902,-28635.4199,26.4308,0.0030,-0.0004,1
-4703.1636,-28634.3926,24.9425,-5230.1650,-28111.5684,21.9747,-4706.7324,-28637.2402,26.0469,741.8425,-0.0027,-0.0004,3.1327,0.7662,3.1393,-4705.5640,-28635.4863,26.4585,0.0032,-0.0002,1
-4703.1636,-28634.3926,24.9425,-5230.1265,-28111.6289,21.9732,-4703.5674,-28631.3066,24.5961,739.8232,-0.0042,-0.0005,3.1344,0.7656,3.1397,-4705.5322,-28635.3535,26.4343,0.0033,0.0000,1
-4703.1636,-28634.3926,24.9425,-5230.0879,-28111.6875,21.9715,-4705.9146,-28638.9863,21.1347,743.5101,-0.0028,-0.0010,3.1362,0.7651,3.1401,-4705.5737,-28635.4727,26.2883,0.0033,0.0002,1
-4703.1636,-28634.3926,24.9425,-5230.0493,-28111.7480,21.9697,-4701.8296,-28640.2012,17.5783,747.1974,-0.0033,-0.0015,3.1381,0.7644,3.1405,-4705.4780,-28635.6387,26.0114,0.0034,0.0004,1
-4703.1636,-28634.3926,24.9425,-5230.0107,-28111.8066,21.9678,-4706.7339,-28629.0000,27.6263,735.7541,-0.0043,0.0009,3.1400,0.7642,3.1409,-4705.5376,-28635.4375,26.0524,0.0035,0.0007,1
-4703.1636,-28634.3926,24.9425,-5229.9722,-28111.8672,21.9660,-4702.3208,-28629.8945,24.1698,739.4400,-0.0049,0.0004,-3.1413,0.7641,3.1413,-4705.4497,-28635.2500,25.9804,0.0036,0.0009,1
-4703.1636,-28634.3926,24.9425,-5229.9341,-28111.9258,21.9642,-4704.3730,-28637.3008,20.7466,743.1255,-0.0034,-0.0001,-3.1396,0.7641,-3.1415,-4705.4238,-28635.3027,25.7899,0.0036,0.0011,1
-4703.1636,-28634.3926,24.9425,-5229.8960,-28111.9844,21.9626,-4700.8589,-28632.8828,24.8699,742.4413,-0.0047,0.0010,-3.1380,0.7639,-3.1411,-4705.2764,-28635.2109,25.7277,0.0036,0.0013,1
-4703.1636,-28634.3926,24.9425,-5229.8584,-28112.0430,21.9612,-4706.0386,-28628.1445,27.9206,735.3739,-0.0046,0.0019,-3.1365,0.7638,-3.1407,-4705.2939,-28634.9531,25.7685,0.0037,0.0015,1
-4703.1636,-28634.3926,24.9425,-5229.8218,-28112.0996,21.9599,-4707.9370,-28635.3984,24.8600,739.0585,-0.0032,0.0014,-3.1353,0.7641,-3.1405,-4705.3774,-28634.9277,25.7117,0.0036,0.0017,1
-4703.1636,-28634.3926,24.9425,-5229.7852,-28112.1562,21.9589,-4703.4512,-28636.2207,21.9116,742.7425,-0.0037,0.0009,-3.1343,0.7641,-3.1402,-4705.3154,-28634.9316,25.5550,0.0036,0.0018,1
-4703.1636,-28634.3926,24.9425,-5229.7490,-28112.2129,21.9581,-4698.8774,-28636.9258,19.0702,746.4271,-0.0043,0.0004,-3.1335,0.7643,-3.1400,-4705.0967,-28634.9648,25.2971,0.0036,0.0018,1
-4703.1636,-28634.3926,24.9425,-5229.7134,-28112.2695,21.9575,-4705.1372,-28627.0723,28.4300,735.0046,-0.0048,0.0025,-3.1329,0.7648,-3.1399,-4705.0737,-28634.6699,25.3425,0.0036,0.0019,1
-4703.1636,-28634.3926,24.9425,-5229.6782,-28112.3242,21.9571,-4706.8535,-28634.1562,25.8921,738.6878,-0.0033,0.0020,-3.1325,0.7654,-3.1398,-4705.1104,-28634.5996,25.3110,0.0035,0.0020,1
-4703.1636,-28634.3926,24.9425,-5229.6436,-28112.3789,21.9569,-4702.2056,-28634.8047,23.4580,742.3706,-0.0039,0.0015,-3.1323,0.7657,-3.1397,-4704.9946,-28634.5527,25.2010,0.0035,0.0020,1
-4703.1636,-28634.3926,24.9425,-5229.6089,-28112.4316,21.9569,-4697.3892,-28635.2539,21.1011,746.0538,-0.0044,0.0010,-3.1322,0.7664,-3.1396,-4704.7134,-28634.5234,25.0107,0.0035,0.0019,1
-4703.1636,-28634.3926,24.9425,-5229.5752,-28112.4844,21.9570,-4704.3989,-28626.1621,28.8407,734.6494,-0.0047,0.0026,-3.1323,0.7671,-3.1396,-4704.6514,-28634.1895,25.0755,0.0034,0.0019,1
-4703.1636,-28634.3926,24.9425,-5229.5420,-28112.5371,21.9573,-4706.2368,-28633.3750,26.6782,738.3314,-0.0032,0.0021,-3.1325,0.7674,-3.1396,-4704.6538,-28634.0859,25.0777,0.0034,0.0019,1
-4703.1636,-28634.3926,24.9425,-5229.5088,-28112.5879,21.9576,-4701.4961,-28633.9199,24.5636,742.0129,-0.0038,0.0016,-3.1328,0.7679,-3.1397,-4704.5015,-28634.0020,25.0142,0.0033,0.0018,1
-4703.1636,-28634.3926,24.9425,-5229.4761,-28112.6387,21.9580,-4696.6685,-28634.3496,22.4673,745.6948,-0.0043,0.0011,-3.1332,0.7686,-3.1397,-4704.1836,-28633.9375,24.8816,0.0033,0.0018,1
-4703.1636,-28634.3926,24.9425,-5229.4438,-28112.6895,21.9585,-4702.2930,-28629.2910,24.9036,738.0826,-0.0042,0.0016,-3.1336,0.7694,-3.1398,-4704.0400,-28633.7051,24.8276,0.0032,0.0017,1
-4703.1636,-28634.3926,24.9425,-5229.4121,-28112.7402,21.9589,-4704.4736,-28626.3242,25.8990,734.3950,-0.0042,0.0018,-3.1340,0.7699,-3.1399,-4703.9697,-28633.3633,24.8101,0.0032,0.0016,1
-4703.1636,-28634.3926,24.9425,-5229.3804,-28112.7891,21.9594,-4702.9238,-28631.4648,25.8809,739.0454,-0.0035,0.0017,-3.1344,0.7706,-3.1400,-4703.8521,-28633.1875,24.7965,0.0031,0.0016,1
-4703.1636,-28634.3926,24.9425,-5229.3491,-28112.8398,21.9598,-4695.7637,-28633.2598,22.8991,745.3491,-0.0042,0.0010,-3.1348,0.7714,-3.1401,-4703.4961,-28633.0723,24.6873,0.0031,0.0015,1
-4703.1636,-28634.3926,24.9425,-5229.3179,-28112.8887,21.9602,-4702.1514,-28639.8965,26.0254,745.4190,-0.0021,0.0016,-3.1352,0.7722,-3.1401,-4703.3408,-28633.1855,24.6810,0.0030,0.0014,1
-4703.1636,-28634.3926,24.9425,-5229.2871,-28112.9355,21.9606,-4704.7632,-28631.5820,26.9245,737.6549,-0.0029,0.0018,-3.1356,0.7728,-3.1402,-4703.2764,-28633.0391,24.7110,0.0029,0.0014,1
-4703.1636,-28634.3926,24.9425,-5229.2563,-28112.9844,21.9609,-4699.9341,-28632.0137,24.8179,741.3341,-0.0035,0.0013,-3.1359,0.7735,-3.1403,-4703.0571,-28632.9102,24.6764,0.0029,0.0013,1
-4703.1636,-28634.3926,24.9425,-5229.2261,-28113.0312,21.9612,-4701.5908,-28639.0059,22.6496,745.0137,-0.0020,0.0008,-3.1362,0.7743,-3.1403,-4702.8921,-28633.0156,24.5711,0.0027,0.0013,1
-4703.1636,-28634.3926,24.9425,-5229.1963,-28113.0801,21.9614,-4708.9092,-28630.2910,28.8591,733.6510,-0.0021,0.0021,-3.1364,0.7751,-3.1404,-4702.9780,-28632.8457,24.6739,0.0026,0.0013,1
-4703.1636,-28634.3926,24.9425,-5229.1660,-28113.1270,21.9616,-4704.0151,-28630.6758,26.6807,737.3295,-0.0027,0.0016,-3.1365,0.7760,-3.1404,-4702.9150,-28632.6875,24.7133,0.0025,0.0013,1
-4703.1636,-28634.3926,24.9425,-5229.1367,-28113.1719,21.9617,-4699.1860,-28631.0938,24.4505,741.0076,-0.0032,0.0011,-3.1367,0.7767,-3.1404,-4702.6963,-28632.5449,24.6827,0.0025,0.0012,1
-4703.1636,-28634.3926,24.9425,-5229.1069,-28113.2188,21.9618,-4700.8174,-28638.0723,22.1605,744.6860,-0.0018,0.0006,-3.1367,0.7775,-3.1404,-4702.5293,-28632.6348,24.5758,0.0023,0.0012,1
-4703.1636,-28634.3926,24.9425,-5229.0776,-28113.2656,21.9618,-4708.4863,-28629.7207,28.7330,733.3330,-0.0018,0.0020,-3.1367,0.7779,-3.1404,-4702.6235,-28632.4609,24.6873,0.0023,0.0012,1
-4703.1636,-28634.3926,24.9425,-5229.0488,-28113.3105,21.9618,-4703.7329,-28630.2383,26.4496,737.0104,-0.0024,0.0015,-3.1367,0.7785,-3.1404,-4702.5737,-28632.3008,24.7311,0.0022,0.0012,1
-4703.1636,-28634.3926,24.9425,-5229.0200,-28113.3555,21.9618,-4698.9023,-28630.6504,24.1233,740.6874,-0.0029,0.0010,-3.1367,0.7792,-3.1404,-4702.3667,-28632.1543,24.7005,0.0022,0.0012,1
-4703.1636,-28634.3926,24.9425,-5228.9907,-28113.4023,21.9619,-4700.7769,-28637.8750,21.9759,744.3649,-0.0015,0.0005,-3.1370,0.7796,-3.1404,-4702.2197,-28632.2520,24.5971,0.0021,0.0012,1
-4703.1636,-28634.3926,24.9425,-5228.9600,-28113.4512,21.9623,-4707.9736,-28629.0566,29.1363,733.0193,-0.0017,0.0020,-3.1378,0.7798,-3.1407,-4702.3184,-28632.0684,24.7313,0.0021,0.0011,1
-4703.1636,-28634.3926,24.9425,-5228.9277,-28113.5020,21.9631,-4703.5830,-28629.9414,27.6240,736.6957,-0.0023,0.0015,-3.1391,0.7796,-3.1411,-4702.2842,-28631.9121,24.8241,0.0022,0.0010,1
-4703.1636,-28634.3926,24.9425,-5228.8940,-28113.5566,21.9644,-4705.8892,-28637.5801,26.4169,740.3716,-0.0008,0.0010,-3.1410,0.7792,3.1415,-4702.3335,-28632.0137,24.8821,0.0022,0.0007,1
-4703.1636,-28634.3926,24.9425,-5228.8579,-28113.6152,21.9660,-4701.9814,-28638.9707,25.4779,744.0480,-0.0014,0.0005,3.1399,0.7781,3.1409,-4702.2622,-28632.1777,24.9114,0.0024,0.0004,1
-4703.1636,-28634.3926,24.9425,-5228.8198,-28113.6758,21.9681,-4697.5479,-28639.4258,30.3959,747.4809,-0.0022,0.0012,3.1372,0.7769,3.1401,-4702.0449,-28632.3730,25.1060,0.0026,0.0001,1
-4703.1636,-28634.3926,24.9425,-5228.7788,-28113.7441,21.9704,-4704.2388,-28630.4805,29.6658,736.3524,-0.0027,0.0007,3.1343,0.7756,3.1393,-4702.0454,-28632.2871,25.2896,0.0028,-0.0002,1
-4703.1636,-28634.3926,24.9425,-5228.7358,-28113.8145,21.9728,-4706.8730,-28638.4570,29.0326,740.0270,-0.0013,0.0002,3.1316,0.7746,3.1386,-4702.1421,-28632.4668,25.4593,0.0029,-0.0005,1
-4703.1636,-28634.3926,24.9425,-5228.6909,-28113.8887,21.9751,-4703.1021,-28640.0156,28.1794,743.7023,-0.0019,-0.0003,3.1292,0.7732,3.1379,-4702.1250,-28632.7129,25.6057,0.0031,-0.0008,1
-4703.1636,-28634.3926,24.9425,-5228.6440,-28113.9648,21.9771,-4707.0874,-28636.9805,23.5268,738.6309,-0.0019,-0.0016,3.1273,0.7720,3.1375,-4702.2476,-28632.8730,25.5984,0.0033,-0.0010,1
-4703.1636,-28634.3926,24.9425,-5228.5957,-28114.0430,21.9786,-4709.9805,-28636.1621,28.2790,735.9430,-0.0018,-0.0007,3.1261,0.7710,3.1371,-4702.4814,-28633.0156,25.7448,0.0034,-0.0012,1
-4703.1636,-28634.3926,24.9425,-5228.5464,-28114.1250,21.9796,-4702.1426,-28638.0859,26.1790,742.7381,-0.0029,-0.0013,3.1255,0.7695,3.1370,-4702.4673,-28633.2266,25.8229,0.0036,-0.0012,1
-4703.1636,-28634.3926,24.9425,-5228.4961,-28114.2070,21.9800,-4702.3804,-28639.2500,23.9924,743.2899,-0.0029,-0.0017,3.1255,0.7684,3.1370,-4702.4600,-28633.4863,25.8253,0.0037,-0.0012,1
-4703.1636,-28634.3926,24.9425,-5228.4453,-28114.2930,21.9798,-4696.0088,-28637.6250,28.3733,746.5979,-0.0042,-0.0007,3.1261,0.7676,3.1372,-4702.2397,-28633.7012,25.9679,0.0039,-0.0011,1
-4703.1636,-28634.3926,24.9425,-5228.3936,-28114.3770,21.9791,-4708.9141,-28635.0059,25.2963,735.4794,-0.0028,-0.0012,3.1273,0.7670,3.1374,-4702.4414,-28633.8320,26.0097,0.0039,-0.0009,1
-4703.1636,-28634.3926,24.9425,-5228.3418,-28114.4648,21.9778,-4704.9146,-28636.3457,22.0092,739.1508,-0.0033,-0.0017,3.1289,0.7661,3.1378,-4702.5225,-28634.0078,25.9360,0.0040,-0.0007,1
-4703.1636,-28634.3926,24.9425,-5228.2891,-28114.5508,21.9762,-4700.8188,-28637.5605,18.4847,742.8226,-0.0039,-0.0022,3.1308,0.7654,3.1383,-4702.4702,-28634.2266,25.7330,0.0041,-0.0005,1
-4703.1636,-28634.3926,24.9425,-5228.2368,-28114.6387,21.9743,-4695.2588,-28636.7207,27.4171,746.0994,-0.0049,-0.0000,3.1330,0.7647,3.1389,-4702.2285,-28634.4180,25.8123,0.0042,-0.0002,1
-4703.1636,-28634.3926,24.9425,-5228.1846,-28114.7266,21.9722,-4708.1465,-28634.1113,23.6457,734.9868,-0.0035,-0.0005,3.1353,0.7641,3.1395,-4702.4062,-28634.5215,25.7666,0.0043,0.0001,1
-4703.1636,-28634.3926,24.9425,-5228.1318,-28114.8125,21.9699,-4703.8379,-28635.1211,19.8830,738.6562,-0.0040,-0.0010,3.1377,0.7638,3.1401,-4702.4507,-28634.6543,25.5879,0.0043,0.0003,1
-4703.1636,-28634.3926,24.9425,-5228.0801,-28114.9004,21.9677,-4699.5010,-28636.0645,16.1055,742.3262,-0.0046,-0.0015,3.1401,0.7636,3.1407,-4702.3521,-28634.8145,25.2696,0.0044,0.0006,1
-4703.1636,-28634.3926,24.9425,-5228.0283,-28114.9883,21.9655,-4700.8174,-28642.1836,27.3720,745.5936,-0.0034,0.0012,-3.1409,0.7637,3.1413,-4702.2920,-28635.1777,25.3102,0.0043,0.0009,1
-4703.1636,-28634.3926,24.9425,-5227.9771,-28115.0742,21.9634,-4706.8760,-28632.6895,23.7344,734.4869,-0.0040,0.0007,-3.1388,0.7636,-3.1413,-4702.4341,-28635.2305,25.2339,0.0043,0.0011,1
-4703.1636,-28634.3926,24.9425,-5227.9263,-28115.1582,21.9616,-4702.3999,-28633.5137,20.2844,738.1544,-0.0046,0.0002,-3.1369,0.7636,-3.1408,-4702.4346,-28635.3008,25.0387,0.0043,0.0013,1
-4703.1636,-28634.3926,24.9425,-5227.8765,-28115.2441,21.9599,-4697.8315,-28634.2109,16.9472,741.8224,-0.0051,-0.0003,-3.1352,0.7638,-3.1403,-4702.2812,-28635.3848,24.7226,0.0043,0.0015,1
-4703.1636,-28634.3926,24.9425,-5227.8267,-28115.3281,21.9585,-4702.0654,-28640.2188,27.8337,742.9393,-0.0035,0.0022,-3.1338,0.7643,-3.1399,-4702.2603,-28635.6641,24.7582,0.0042,0.0017,1
-4703.1636,-28634.3926,24.9425,-5227.7778,-28115.4102,21.9574,-4705.8721,-28631.5156,24.8289,733.9962,-0.0042,0.0017,-3.1326,0.7645,-3.1396,-4702.3691,-28635.6523,24.7025,0.0041,0.0018,1
-4703.1636,-28634.3926,24.9425,-5227.7295,-28115.4922,21.9566,-4701.2134,-28632.1465,22.0146,737.6617,-0.0048,0.0012,-3.1317,0.7649,-3.1393,-4702.3281,-28635.6484,24.5543,0.0041,0.0019,1
-4703.1636,-28634.3926,24.9425,-5227.6816,-28115.5742,21.9560,-4694.6084,-28636.6074,17.9664,745.4237,-0.0050,0.0004,-3.1311,0.7655,-3.1391,-4702.0635,-28635.7812,24.2682,0.0040,0.0019,1
-4703.1636,-28634.3926,24.9425,-5227.6343,-28115.6543,21.9556,-4699.4360,-28640.4707,28.4964,744.6181,-0.0036,0.0027,-3.1307,0.7658,-3.1390,-4701.9448,-28636.0410,24.3245,0.0039,0.0019,1
-4703.1636,-28634.3926,24.9425,-5227.5879,-28115.7324,21.9555,-4705.2036,-28630.6738,26.0223,733.5229,-0.0042,0.0022,-3.1306,0.7662,-3.1389,-4702.0171,-28635.9766,24.3117,0.0039,0.0020,1
-4703.1636,-28634.3926,24.9425,-5227.5420,-28115.8105,21.9556,-4700.4126,-28631.1582,23.7570,737.1866,-0.0047,0.0017,-3.1306,0.7669,-3.1389,-4701.9351,-28635.9102,24.2287,0.0038,0.0019,1
-4703.1636,-28634.3926,24.9425,-5227.4966,-28115.8887,21.9558,-4702.0527,-28638.1660,21.5437,740.8508,-0.0033,0.0012,-3.1308,0.7677,-3.1389,-4701.9067,-28636.0664,24.0729,0.0036,0.0019,1
-4703.1636,-28634.3926,24.9425,-5227.4517,-28115.9648,21.9561,-4703.4517,-28636.0762,29.6183,738.3336,-0.0033,0.0029,-3.1311,0.7681,-3.1390,-4701.9272,-28636.1543,24.1876,0.0036,0.0019,1
-4703.1636,-28634.3926,24.9425,-5227.4077,-28116.0410,21.9566,-4704.4253,-28629.7207,26.7640,733.0685,-0.0041,0.0023,-3.1315,0.7688,-3.1390,-4701.9863,-28636.0215,24.2216,0.0035,0.0018,1
-4703.1636,-28634.3926,24.9425,-5227.3638,-28116.1152,21.9571,-4699.5552,-28630.1094,24.7722,736.7304,-0.0046,0.0018,-3.1320,0.7696,-3.1391,-4701.8862,-28635.8828,24.1955,0.0034,0.0017,1
-4703.1636,-28634.3926,24.9425,-5227.3203,-28116.1895,21.9576,-4701.1396,-28637.0742,22.7664,740.3929,-0.0032,0.0013,-3.1325,0.7704,-3.1393,-4701.8359,-28635.9668,24.1050,0.0033,0.0016,1
-4703.1636,-28634.3926,24.9425,-5227.2773,-28116.2637,21.9582,-4698.0176,-28638.7188,29.0210,743.7155,-0.0033,0.0025,-3.1330,0.7710,-3.1394,-4701.6802,-28636.1055,24.2238,0.0032,0.0016,1
-4703.1636,-28634.3926,24.9425,-5227.2349,-28116.3359,21.9588,-4703.6865,-28628.8105,26.9496,732.6306,-0.0039,0.0020,-3.1335,0.7718,-3.1395,-4701.7090,-28635.9121,24.2870,0.0031,0.0015,1
-4703.1636,-28634.3926,24.9425,-5227.1929,-28116.4082,21.9593,-4705.2632,-28635.7461,24.9579,736.2909,-0.0024,0.0015,-3.1340,0.7726,-3.1396,-4701.7979,-28635.9355,24.2893,0.0029,0.0015,1
-4703.1636,-28634.3926,24.9425,-5227.1509,-28116.4805,21.9598,-4700.5103,-28636.2715,22.9386,739.9517,-0.0030,0.0010,-3.1345,0.7732,-3.1397,-4701.7339,-28635.9766,24.2257,0.0028,0.0014,1
-4703.1636,-28634.3926,24.9425,-5227.1094,-28116.5508,21.9602,-4697.3799,-28637.9160,28.9332,743.2856,-0.0031,0.0022,-3.1349,0.7738,-3.1398,-4701.5635,-28636.0723,24.3619,0.0028,0.0014,1
-4703.1636,-28634.3926,24.9425,-5227.0684,-28116.6211,21.9606,-4703.0449,-28628.0020,26.7599,732.2056,-0.0037,0.0017,-3.1353,0.7746,-3.1399,-4701.5762,-28635.8320,24.4373,0.0027,0.0013,1
-4703.1636,-28634.3926,24.9425,-5227.0278,-28116.6914,21.9609,-4704.5938,-28634.9180,24.6448,735.8643,-0.0022,0.0012,-3.1356,0.7755,-3.1400,-4701.6460,-28635.8086,24.4458,0.0025,0.0013,1
-4703.1636,-28634.3926,24.9425,-5226.9873,-28116.7598,21.9611,-4699.8281,-28635.4141,22.4842,739.5234,-0.0028,0.0007,-3.1359,0.7761,-3.1400,-4701.5625,-28635.8008,24.3816,0.0025,0.0013,1
-4703.1636,-28634.3926,24.9425,-5226.9473,-28116.8301,21.9613,-4696.7178,-28637.0898,28.7714,742.8660,-0.0029,0.0021,-3.1360,0.7767,-3.1401,-4701.3716,-28635.8496,24.5250,0.0024,0.0013,1
-4703.1636,-28634.3926,24.9425,-5226.9072,-28116.8984,21.9614,-4708.8467,-28633.7344,26.4446,731.7908,-0.0014,0.0016,-3.1362,0.7775,-3.1401,-4701.5835,-28635.7852,24.6006,0.0022,0.0013,1
-4703.1636,-28634.3926,24.9425,-5226.8677,-28116.9668,21.9615,-4704.1680,-28634.3340,24.2000,735.4479,-0.0020,0.0011,-3.1362,0.7779,-3.1401,-4701.6538,-28635.7363,24.6032,0.0022,0.0013,1
-4703.1636,-28634.3926,24.9425,-5226.8286,-28117.0332,21.9615,-4699.4160,-28634.8320,21.9031,739.1055,-0.0026,0.0006,-3.1362,0.7785,-3.1401,-4701.5688,-28635.7031,24.5266,0.0021,0.0012,1
-4703.1636,-28634.3926,24.9425,-5226.7896,-28117.0996,21.9615,-4696.0884,-28636.2930,28.6342,742.4556,-0.0027,0.0020,-3.1362,0.7791,-3.1401,-4701.3677,-28635.7148,24.6706,0.0020,0.0013,1
-4703.1636,-28634.3926,24.9425,-5226.7510,-28117.1660,21.9614,-4699.1592,-28638.7852,27.8024,741.9330,-0.0018,0.0018,-3.1362,0.7799,-3.1401,-4701.2593,-28635.8145,24.7950,0.0019,0.0013,1
-4703.1636,-28634.3926,24.9425,-5226.7129,-28117.2324,21.9614,-4703.5552,-28633.5586,23.8708,735.0406,-0.0019,0.0010,-3.1361,0.7803,-3.1400,-4701.2964,-28635.7441,24.7925,0.0019,0.0013,1
-4703.1636,-28634.3926,24.9425,-5226.6748,-28117.2988,21.9613,-4698.8140,-28634.0566,21.5014,738.6967,-0.0024,0.0005,-3.1360,0.7809,-3.1400,-4701.1797,-28635.6836,24.7066,0.0018,0.0013,1
-4703.1636,-28634.3926,24.9425,-5226.6367,-28117.3633,21.9611,-4695.4653,-28635.5020,28.5655,742.0543,-0.0026,0.0020,-3.1359,0.7815,-3.1399,-4700.9468,-28635.6699,24.8510,0.0017,0.0013,1
-4703.1636,-28634.3926,24.9425,-5226.5996,-28117.4277,21.9610,-4707.8491,-28632.4336,26.1014,730.9880,-0.0012,0.0015,-3.1357,0.7818,-3.1399,-4701.1245,-28635.5527,24.9205,0.0017,0.0014,1
-4703.1636,-28634.3926,24.9425,-5226.5625,-28117.4922,21.9609,-4703.2036,-28633.0469,23.7449,734.6422,-0.0017,0.0010,-3.1356,0.7822,-3.1398,-4701.1606,-28635.4492,24.9110,0.0016,0.0014,1
-4703.1636,-28634.3926,24.9425,-5226.5259,-28117.5547,21.9608,-4698.4824,-28633.5527,21.3664,738.2968,-0.0023,0.0005,-3.1355,0.7827,-3.1398,-4701.0425,-28635.3574,24.8172,0.0016,0.0014,1
-4703.1636,-28634.3926,24.9425,-5226.4893,-28117.6172,21.9607,-4700.6040,-28635.9863,27.1088,738.4313,-0.0015,0.0018,-3.1354,0.7833,-3.1398,-4700.9917,-28635.3457,24.9091,0.0015,0.0014,1
-4703.1636,-28634.3926,24.9425,-5226.4531,-28117.6797,21.9606,-4707.1787,-28631.6074,26.1048,730.6003,-0.0011,0.0016,-3.1353,0.7837,-3.1397,-4701.1665,-28635.1895,24.9716,0.0015,0.0014,1
-4703.1636,-28634.3926,24.9425,-5226.4175,-28117.7402,21.9605,-4702.5420,-28632.2148,23.7717,734.2531,-0.0016,0.0011,-3.1352,0.7841,-3.1397,-4701.1973,-28635.0449,24.9560,0.0014,0.0015,1
-4703.1636,-28634.3926,24.9425,-5226.3818,-28117.8027,21.9604,-4697.8311,-28632.7227,21.4234,737.9062,-0.0022,0.0006,-3.1351,0.7846,-3.1397,-4701.0723,-28634.9160,24.8572,0.0014,0.0014,1
-4703.1636,-28634.3926,24.9425,-5226.3467,-28117.8633,21.9604,-4700.7495,-28640.5586,28.5620,741.2803,-0.0005,0.0021,-3.1351,0.7852,-3.1397,-4701.0391,-28635.0488,24.9913,0.0013,0.0015,1
-4703.1636,-28634.3926,24.9425,-5226.3115,-28117.9238,21.9604,-4702.8403,-28635.6641,22.5464,736.2562,-0.0009,0.0008,-3.1350,0.7854,-3.1396,-4701.0776,-28635.0293,24.9294,0.0012,0.0015,1
-4703.1636,-28634.3926,24.9425,-5226.2773,-28117.9824,21.9603,-4702.0000,-28631.5059,23.8638,733.8738,-0.0016,0.0011,-3.1350,0.7858,-3.1396,-4701.0923,-28634.8730,24.9058,0.0012,0.0015,1
-4703.1636,-28634.3926,24.9425,-5226.2432,-28118.0410,21.9603,-4703.8022,-28638.6191,21.5384,737.5256,-0.0001,0.0006,-3.1350,0.7863,-3.1396,-4701.1709,-28634.9531,24.8008,0.0011,0.0014,1
-4703.1636,-28634.3926,24.9425,-5226.2090,-28118.0996,21.9603,-4700.2363,-28639.8887,28.5828,740.9080,-0.0004,0.0021,-3.1350,0.7866,-3.1396,-4701.1353,-28635.0859,24.9264,0.0010,0.0015,1
-4703.1636,-28634.3926,24.9425,-5226.1753,-28118.1582,21.9604,-4706.1265,-28630.2383,26.2110,729.8541,-0.0010,0.0016,-3.1350,0.7869,-3.1396,-4701.2988,-28634.9023,24.9807,0.0010,0.0015,1
-4703.1636,-28634.3926,24.9425,-5226.1421,-28118.2148,21.9604,-4701.5073,-28630.8438,23.9425,733.5042,-0.0016,0.0011,-3.1351,0.7872,-3.1396,-4701.3154,-28634.7305,24.9597,0.0010,0.0015,1
-4703.1636,-28634.3926,24.9425,-5226.1089,-28118.2734,21.9604,-4703.3018,-28637.9590,21.6414,737.1547,-0.0001,0.0006,-3.1351,0.7877,-3.1396,-4701.3926,-28634.7930,24.8580,0.0009,0.0014,1
-4703.1636,-28634.3926,24.9425,-5226.0762,-28118.3281,21.9605,-4699.7705,-28639.2656,28.5898,740.5451,-0.0004,0.0021,-3.1351,0.7877,-3.1396,-4701.3540,-28634.9082,24.9837,0.0009,0.0015,1
-4703.1636,-28634.3926,24.9425,-5226.0435,-28118.3848,21.9605,-4705.8003,-28629.7559,26.2336,729.4952,-0.0010,0.0016,-3.1352,0.7877,-3.1396,-4701.5171,-28634.7109,25.0385,0.0009,0.0015,1
-4703.1636,-28634.3926,24.9425,-5226.0112,-28118.4414,21.9605,-4701.1934,-28630.3672,23.9755,733.1440,-0.0016,0.0011,-3.1352,0.7881,-3.1397,-4701.5312,-28634.5254,25.0182,0.0009,0.0015,1
-4703.1636,-28634.3926,24.9425,-5225.9795,-28118.4961,21.9606,-4703.2446,-28637.7402,21.6835,736.7932,-0.0001,0.0006,-3.1353,0.7881,-3.1397,-4701.6138,-28634.5840,24.9173,0.0008,0.0014,1
-4703.1636,-28634.3926,24.9425,-5225.9478,-28118.5508,21.9606,-4699.1411,-28638.4785,28.5781,740.1914,-0.0006,0.0021,-3.1353,0.7880,-3.1397,-4701.5591,-28634.6758,25.0420,0.0008,0.0015,1
-4703.1636,-28634.3926,24.9425,-5225.9165,-28118.6035,21.9607,-4705.1865,-28628.9785,26.2220,729.1452,-0.0012,0.0016,-3.1353,0.7880,-3.1397,-4701.7046,-28634.4531,25.0956,0.0009,0.0015,1
-4703.1636,-28634.3926,24.9425,-5225.8853,-28118.6582,21.9607,-4707.0483,-28636.1465,23.9489,732.7928,0.0003,0.0011,-3.1354,0.7884,-3.1397,-4701.9194,-28634.4668,25.0732,0.0008,0.0014,1
-4703.1636,-28634.3926,24.9425,-5225.8545,-28118.7109,21.9607,-4702.6270,-28636.9590,21.6657,736.4407,-0.0003,0.0006,-3.1354,0.7883,-3.1397,-4701.9932,-28634.5117,24.9703,0.0008,0.0014,1
-4703.1636,-28634.3926,24.9425,-5225.8237,-28118.7637,21.9608,-4698.5010,-28637.6758,28.5585,739.8461,-0.0008,0.0021,-3.1355,0.7883,-3.1397,-4701.9263,-28634.5898,25.0930,0.0008,0.0014,1
-4703.1636,-28634.3926,24.9425,-5225.7935,-28118.8164,21.9608,-4704.4414,-28628.0664,26.1952,728.8035,-0.0014,0.0016,-3.1355,0.7885,-3.1397,-4702.0518,-28634.3457,25.1440,0.0008,0.0015,1
-4703.1636,-28634.3926,24.9425,-5225.7632,-28118.8672,21.9608,-4706.2847,-28635.2266,23.9155,732.4498,0.0001,0.0011,-3.1355,0.7889,-3.1398,-4702.2432,-28634.3359,25.1186,0.0007,0.0014,1
-4703.1636,-28634.3926,24.9425,-5225.7334,-28118.9199,21.9609,-4701.8608,-28636.0254,21.6249,736.0966,-0.0005,0.0006,-3.1355,0.7889,-3.1397,-4702.2910,-28634.3555,25.0123,0.0007,0.0014,1
-4703.1636,-28634.3926,24.9425,-5225.7041,-28118.9707,21.9609,-4698.1494,-28636.2656,24.9348,738.8583,-0.0010,0.0013,-3.1356,0.7889,-3.1397,-4702.2090,-28634.3887,25.0104,0.0007,0.0014,1
-4703.1636,-28634.3926,24.9425,-5225.6743,-28119.0215,21.9609,-4703.7964,-28627.2559,26.1668,728.4699,-0.0015,0.0016,-3.1356,0.7891,-3.1398,-4702.3076,-28634.1191,25.0505,0.0007,0.0014,1
-4703.1636,-28634.3926,24.9425,-5225.6455,-28119.0703,21.9609,-4705.8096,-28634.5938,23.8816,732.1151,-0.0001,0.0011,-3.1356,0.7891,-3.1398,-4702.4756,-28634.0879,25.0149,0.0007,0.0014,1
-4703.1636,-28634.3926,24.9425,-5225.6167,-28119.1211,21.9609,-4701.3911,-28635.3906,21.5840,735.7607,-0.0006,0.0006,-3.1356,0.7891,-3.1398,-4702.4985,-28634.0859,24.8987,0.0007,0.0014,1
-4703.1636,-28634.3926,24.9425,-5225.5879,-28119.1699,21.9609,-4697.2266,-28636.0723,28.5169,739.1797,-0.0012,0.0020,-3.1356,0.7891,-3.1398,-4702.3755,-28634.1133,25.0101,0.0007,0.0014,1
-4703.1636,-28634.3926,24.9425,-5225.5596,-28119.2188,21.9609,-4709.5625,-28632.9609,26.1300,728.1440,0.0003,0.0015,-3.1356,0.7894,-3.1398,-4702.6592,-28634.0391,25.0496,0.0006,0.0014,1
-4703.1636,-28634.3926,24.9425,-5225.5317,-28119.2676,21.9609,-4705.1479,-28633.7734,23.8533,731.7880,-0.0003,0.0010,-3.1356,0.7894,-3.1398,-4702.8052,-28633.9922,25.0135,0.0006,0.0014,1
-4703.1636,-28634.3926,24.9425,-5225.5034,-28119.3164,21.9609,-4700.7295,-28634.5605,21.5533,735.4326,-0.0008,0.0005,-3.1356,0.7894,-3.1398,-4702.8022,-28633.9746,24.8967,0.0006,0.0014,1
-4703.1636,-28634.3926,24.9425,-5225.4761,-28119.3633,21.9609,-4696.4746,-28635.1504,28.5007,738.8579,-0.0013,0.0020,-3.1356,0.7897,-3.1398,-4702.6484,-28633.9785,25.0080,0.0006,0.0014,1
-4703.1636,-28634.3926,24.9425,-5225.4487,-28119.4102,21.9609,-4708.7905,-28632.0352,26.1140,727.8255,0.0001,0.0015,-3.1356,0.7900,-3.1398,-4702.8984,-28633.8809,25.0473,0.0005,0.0014,1
-4703.1636,-28634.3926,24.9425,-5225.4214,-28119.4570,21.9609,-4704.3726,-28632.8340,23.8381,731.4685,-0.0004,0.0010,-3.1356,0.7900,-3.1398,-4703.0073,-28633.8086,25.0109,0.0005,0.0014,1
-4703.1636,-28634.3926,24.9425,-5225.3945,-28119.5039,21.9609,-4699.9526,-28633.6074,21.5398,735.1119,-0.0010,0.0005,-3.1356,0.7900,-3.1398,-4702.9663,-28633.7617,24.8937,0.0005,0.0014,1
-4703.1636,-28634.3926,24.9425,-5225.3677,-28119.5508,21.9609,-4702.3467,-28640.9551,28.4765,738.5436,0.0005,0.0020,-3.1356,0.7903,-3.1398,-4702.9971,-28633.9648,25.0045,0.0004,0.0014,1
-4703.1636,-28634.3926,24.9425,-5225.3413,-28119.5957,21.9609,-4708.3281,-28631.4199,26.1053,727.5143,-0.0000,0.0015,-3.1356,0.7903,-3.1398,-4703.2295,-28633.8613,25.0436,0.0004,0.0014,1
-4703.1636,-28634.3926,24.9425,-5225.3149,-28119.6406,21.9609,-4703.9160,-28632.2168,23.8313,731.1562,-0.0006,0.0010,-3.1356,0.7903,-3.1398,-4703.3188,-28633.7812,25.0072,0.0004,0.0014,1
-4703.1636,-28634.3926,24.9425,-5225.2891,-28119.6855,21.9609,-4699.4985,-28632.9844,21.5346,734.7987,-0.0011,0.0005,-3.1357,0.7903,-3.1398,-4703.2563,-28633.7246,24.8899,0.0004,0.0014,1
-4703.1636,-28634.3926,24.9425,-5225.2632,-28119.7305,21.9610,-4701.6748,-28640.1289,28.4647,738.2364,0.0003,0.0020,-3.1357,0.7906,-3.1398,-4703.2568,-28633.9102,25.0004,0.0004,0.0014,1
-4703.1636,-28634.3926,24.9425,-5225.2373,-28119.7754,21.9610,-4707.6689,-28630.6055,26.0963,727.2101,-0.0002,0.0015,-3.1357,0.7906,-3.1398,-4703.4570,-28633.7871,25.0394,0.0004,0.0014,1
-4703.1636,-28634.3926,24.9425,-5225.2119,-28119.8184,21.9610,-4703.2573,-28631.3926,23.8252,730.8511,-0.0008,0.0010,-3.1357,0.7906,-3.1398,-4703.5122,-28633.6836,25.0028,0.0004,0.0014,1
-4703.1636,-28634.3926,24.9425,-5225.1870,-28119.8613,21.9610,-4698.8408,-28632.1523,21.5311,734.4925,-0.0013,0.0005,-3.1357,0.7906,-3.1398,-4703.4141,-28633.6035,24.8855,0.0004,0.0014,1
-4703.1636,-28634.3926,24.9425,-5225.1621,-28119.9043,21.9610,-4701.1982,-28639.5000,28.4544,737.9362,0.0002,0.0020,-3.1357,0.7906,-3.1398,-4703.3833,-28633.7695,24.9958,0.0004,0.0014,1
-4703.1636,-28634.3926,24.9425,-5225.1372,-28119.9473,21.9610,-4707.2080,-28629.9883,26.0880,726.9129,-0.0004,0.0015,-3.1357,0.7906,-3.1398,-4703.5518,-28633.6270,25.0346,0.0004,0.0014,1
-4703.1636,-28634.3926,24.9425,-5225.1128,-28119.9902,21.9610,-4702.7998,-28630.7715,23.8181,730.5529,-0.0009,0.0010,-3.1357,0.7906,-3.1398,-4703.5747,-28633.5020,24.9979,0.0004,0.0014,1
-4703.1636,-28634.3926,24.9425,-5225.0884,-28120.0312,21.9610,-4704.7197,-28637.9688,21.5126,734.1933,0.0005,0.0005,-3.1357,0.7909,-3.1398,-4703.6592,-28633.6191,24.8800,0.0003,0.0014,1
-4703.1636,-28634.3926,24.9425,-5225.0645,-28120.0723,21.9610,-4706.0942,-28628.2832,25.8423,726.3726,-0.0008,0.0015,-3.1358,0.7909,-3.1398,-4703.7920,-28633.4160,24.9024,0.0003,0.0014,1
-4703.1636,-28634.3926,24.9425,-5225.0405,-28120.1152,21.9610,-4703.2939,-28634.2305,25.9874,732.4906,-0.0003,0.0015,-3.1358,0.7909,-3.1398,-4703.8315,-28633.4062,24.9321,0.0003,0.0014,1
-4703.1636,-28634.3926,24.9425,-5225.0166,-28120.1543,21.9610,-4702.1704,-28629.9727,23.8101,730.2612,-0.0011,0.0010,-3.1358,0.7909,-3.1398,-4703.8286,-28633.2559,24.8900,0.0004,0.0014,1
-4703.1636,-28634.3926,24.9425,-5224.9932,-28120.1953,21.9611,-4704.0557,-28637.1445,21.5054,733.9008,0.0003,0.0005,-3.1358,0.7912,-3.1398,-4703.8838,-28633.3418,24.7673,0.0003,0.0013,1
-4703.1636,-28634.3926,24.9425,-5224.9697,-28120.2363,21.9611,-4699.9180,-28637.9062,28.4298,737.3556,-0.0002,0.0020,-3.1358,0.7912,-3.1398,-4703.7974,-28633.4648,24.8731,0.0003,0.0014,1
-4703.1636,-28634.3926,24.9425,-5224.9468,-28120.2754,21.9611,-4705.9517,-28628.4102,26.0664,726.3380,-0.0008,0.0015,-3.1358,0.7912,-3.1398,-4703.9058,-28633.2754,24.9081,0.0003,0.0014,1
-4703.1636,-28634.3926,24.9425,-5224.9238,-28120.3145,21.9611,-4707.9795,-28635.7129,23.7868,729.9760,0.0007,0.0010,-3.1358,0.7912,-3.1398,-4704.0859,-28633.3262,24.8676,0.0003,0.0013,1
-4703.1636,-28634.3926,24.9425,-5224.9009,-28120.3535,21.9611,-4703.5747,-28636.5039,21.4953,733.6146,0.0001,0.0005,-3.1358,0.7912,-3.1398,-4704.1226,-28633.4102,24.7469,0.0003,0.0013,1
-4703.1636,-28634.3926,24.9425,-5224.8784,-28120.3926,21.9611,-4699.2920,-28637.1191,28.4157,737.0751,-0.0004,0.0020,-3.1358,0.7912,-3.1398,-4704.0098,-28633.5215,24.8545,0.0003,0.0013,1
-4703.1636,-28634.3926,24.9425,-5224.8564,-28120.4316,21.9611,-4705.3418,-28627.6367,26.0518,726.0597,-0.0010,0.0015,-3.1359,0.7912,-3.1398,-4704.0908,-28633.3184,24.8912,0.0003,0.0014,1
-4703.1636,-28634.3926,24.9425,-5224.8340,-28120.4707,21.9611,-4707.2246,-28634.8047,23.7708,729.6973,0.0005,0.0010,-3.1359,0.7915,-3.1398,-4704.2368,-28633.3496,24.8523,0.0002,0.0013,1
-4703.1636,-28634.3926,24.9425,-5224.8120,-28120.5078,21.9611,-4702.8179,-28635.5840,21.4797,733.3346,-0.0001,0.0005,-3.1359,0.7915,-3.1398,-4704.2373,-28633.4102,24.7331,0.0002,0.0013,1
-4703.1636,-28634.3926,24.9425,-5224.7905,-28120.5449,21.9611,-4698.6509,-28636.3164,28.4029,736.8004,-0.0006,0.0020,-3.1359,0.7915,-3.1398,-4704.0913,-28633.5000,24.8424,0.0002,0.0013,1
-4703.1636,-28634.3926,24.9425,-5224.7690,-28120.5820,21.9611,-4704.7119,-28626.8418,26.0398,725.7874,-0.0012,0.0015,-3.1359,0.7915,-3.1398,-4704.1372,-28633.2715,24.8806,0.0003,0.0013,1
-4703.1636,-28634.3926,24.9425,-5224.7476,-28120.6191,21.9612,-4706.7183,-28634.1426,23.7602,729.4243,0.0003,0.0010,-3.1359,0.7915,-3.1398,-4704.2520,-28633.2812,24.8432,0.0002,0.0013,1
-4703.1636,-28634.3926,24.9425,-5224.7261,-28120.6562,21.9612,-4702.3164,-28634.9219,21.4687,733.0607,-0.0003,0.0005,-3.1359,0.7915,-3.1398,-4704.2202,-28633.3203,24.7254,0.0002,0.0013,1
-4703.1636,-28634.3926,24.9425,-5224.7051,-28120.6914,21.9612,-4698.0254,-28635.5273,28.3888,736.5313,-0.0008,0.0020,-3.1359,0.7915,-3.1398,-4704.0376,-28633.3828,24.8359,0.0003,0.0013,1
-4703.1636,-28634.3926,24.9425,-5224.6841,-28120.7285,21.9612,-4710.4917,-28632.5664,26.0147,725.5209,0.0006,0.0015,-3.1359,0.7915,-3.1398,-4704.2666,-28633.3516,24.8749,0.0002,0.0013,1
-4703.1636,-28634.3926,24.9425,-5224.6636,-28120.7637,21.9612,-4706.0977,-28633.3652,23.7467,729.1569,0.0000,0.0010,-3.1359,0.7915,-3.1398,-4704.3579,-28633.3438,24.8386,0.0002,0.0013,1
-4703.1636,-28634.3926,24.9425,-5224.6431,-28120.7988,21.9612,-4701.6973,-28634.1348,21.4558,732.7925,-0.0005,0.0005,-3.1359,0.7915,-3.1398,-4704.3013,-28633.3652,24.7218,0.0002,0.0013,1
-4703.1636,-28634.3926,24.9425,-5224.6226,-28120.8340,21.9612,-4697.4043,-28634.7402,28.3761,736.2679,-0.0011,0.0020,-3.1360,0.7915,-3.1398,-4704.0918,-28633.4062,24.8333,0.0003,0.0013,1
-4703.1636,-28634.3926,24.9425,-5224.6025,-28120.8691,21.9612,-4709.7349,-28631.6562,26.0016,725.2598,0.0004,0.0015,-3.1360,0.7918,-3.1399,-4704.2881,-28633.3477,24.8731,0.0002,0.0013,1
-4703.1636,-28634.3926,24.9425,-5224.5825,-28120.9043,21.9612,-4705.3364,-28632.4453,23.7348,728.8951,-0.0002,0.0010,-3.1360,0.7918,-3.1399,-4704.3447,-28633.3105,24.8376,0.0002,0.0013,1
-4703.1636,-28634.3926,24.9425,-5224.5630,-28120.9375,21.9612,-4700.9351,-28633.2031,21.4453,732.5298,-0.0007,0.0005,-3.1360,0.7918,-3.1399,-4704.2520,-28633.2988,24.7215,0.0002,0.0013,1
-4703.1636,-28634.3926,24.9425,-5224.5430,-28120.9707,21.9612,-4709.5308,-28632.4629,20.4489,725.8531,0.0005,0.0003,-3.1360,0.7918,-3.1399,-4704.4458,-28633.2617,24.5628,0.0002,0.0013,1
-4703.1636,-28634.3926,24.9425,-5224.5234,-28121.0059,21.9612,-4709.2358,-28631.0059,25.9912,725.0043,0.0002,0.0015,-3.1360,0.7918,-3.1399,-4704.6406,-28633.1719,24.5865,0.0002,0.0013,1
-4703.1636,-28634.3926,24.9425,-5224.5044,-28121.0391,21.9612,-4704.8428,-28631.7910,23.7246,728.6387,-0.0004,0.0010,-3.1360,0.7918,-3.1399,-4704.6929,-28633.1055,24.5365,0.0002,0.0013,1
-4703.1636,-28634.3926,24.9425,-5224.4854,-28121.0723,21.9612,-4700.4434,-28632.5469,21.4354,732.2728,-0.0009,0.0005,-3.1360,0.7918,-3.1399,-4704.5928,-28633.0645,24.4076,0.0002,0.0012,1
-4703.1636,-28634.3926,24.9425,-5224.4663,-28121.1035,21.9613,-4701.4033,-28640.5820,28.0291,737.2107,0.0005,0.0019,-3.1360,0.7920,-3.1399,-4704.5151,-28633.2949,24.4974,0.0001,0.0012,1
-4703.1636,-28634.3926,24.9425,-5224.4473,-28121.1367,21.9613,-4708.4834,-28630.0977,25.9787,724.7538,-0.0000,0.0015,-3.1360,0.7920,-3.1399,-4704.6719,-28633.1855,24.5279,0.0001,0.0013,1
-4703.1636,-28634.3926,24.9425,-5224.4287,-28121.1680,21.9613,-4704.0889,-28630.8711,23.7133,728.3875,-0.0006,0.0010,-3.1360,0.7921,-3.1399,-4704.6846,-28633.0957,24.4845,0.0001,0.0012,1
-4703.1636,-28634.3926,24.9425,-5224.4102,-28121.2012,21.9613,-4699.6890,-28631.6172,21.4248,732.0208,-0.0011,0.0005,-3.1360,0.7921,-3.1399,-4704.5444,-28633.0273,24.3620,0.0002,0.0012,1
-4703.1636,-28634.3926,24.9425,-5224.3916,-28121.2324,21.9613,-4701.9966,-28638.9648,28.3268,735.5096,0.0003,0.0020,-3.1360,0.7921,-3.1399,-4704.4712,-28633.2070,24.4690,0.0002,0.0012,1
-4703.1636,-28634.3926,24.9425,-5224.3735,-28121.2637,21.9613,-4708.0044,-28629.4629,25.9674,724.5083,-0.0002,0.0015,-3.1361,0.7921,-3.1399,-4704.5981,-28633.0742,24.5063,0.0002,0.0012,1
-4703.1636,-28634.3926,24.9425,-5224.3555,-28121.2949,21.9613,-4703.6123,-28630.2324,23.7020,728.1412,-0.0008,0.0010,-3.1361,0.7921,-3.1399,-4704.5811,-28632.9629,24.4695,0.0002,0.0012,1
-4703.1636,-28634.3926,24.9425,-5224.3379,-28121.3262,21.9613,-4705.6606,-28637.5332,21.4025,731.7739,0.0007,0.0005,-3.1361,0.7921,-3.1399,-4704.6309,-28633.0938,24.3529,0.0002,0.0012,1
-4703.1636,-28634.3926,24.9425,-5224.3198,-28121.3555,21.9613,-4701.3564,-28638.1680,28.3139,735.2668,0.0001,0.0020,-3.1361,0.7921,-3.1399,-4704.5361,-28633.2578,24.4659,0.0002,0.0012,1
-4703.1636,-28634.3926,24.9425,-5224.3022,-28121.3867,21.9613,-4707.3784,-28628.6777,25.9553,724.2676,-0.0004,0.0014,-3.1361,0.7921,-3.1399,-4704.6396,-28633.1074,24.5089,0.0002,0.0012,1
-4703.1636,-28634.3926,24.9425,-5224.2852,-28121.4160,21.9613,-4702.9873,-28629.4395,23.6904,727.9000,-0.0010,0.0009,-3.1361,0.7921,-3.1399,-4704.5977,-28632.9746,24.4774,0.0002,0.0012,1
-4703.1636,-28634.3926,24.9425,-5224.2676,-28121.4473,21.9613,-4704.8892,-28636.6055,21.3906,731.5319,0.0005,0.0004,-3.1361,0.7923,-3.1399,-4704.6172,-28633.0781,24.3659,0.0001,0.0012,1
-4703.1636,-28634.3926,24.9425,-5224.2505,-28121.4766,21.9613,-4700.7256,-28637.3809,28.3017,735.0288,-0.0001,0.0019,-3.1361,0.7923,-3.1399,-4704.4946,-28633.2168,24.4837,0.0001,0.0012,1
-4703.1636,-28634.3926,24.9425,-5224.2334,-28121.5059,21.9613,-4696.3032,-28638.1289,26.0148,738.6600,-0.0006,0.0014,-3.1361,0.7924,-3.1399,-4704.2148,-28633.3906,24.5325,0.0001,0.0012,1
-4703.1636,-28634.3926,24.9425,-5224.2168,-28121.5352,21.9613,-4708.7808,-28635.1699,23.6696,727.6633,0.0008,0.0009,-3.1361,0.7924,-3.1399,-4704.3418,-28633.4746,24.5049,0.0001,0.0012,1
-4703.1636,-28634.3926,24.9425,-5224.1997,-28121.5625,21.9614,-4704.3921,-28635.9492,21.3825,731.2946,0.0003,0.0004,-3.1361,0.7924,-3.1399,-4704.3296,-28633.5879,24.3974,0.0001,0.0012,1
-4703.1636,-28634.3926,24.9425,-5224.1836,-28121.5918,21.9614,-4700.0776,-28636.5742,28.2885,734.7955,-0.0003,0.0019,-3.1361,0.7924,-3.1399,-4704.1714,-28633.7266,24.5186,0.0001,0.0012,1
-4703.1636,-28634.3926,24.9425,-5224.1670,-28121.6191,21.9614,-4695.6577,-28637.3145,26.0014,738.4260,-0.0008,0.0014,-3.1361,0.7924,-3.1399,-4703.8555,-28633.8926,24.5707,0.0001,0.0012,1
-4703.1636,-28634.3926,24.9425,-5224.1504,-28121.6484,21.9614,-4708.1377,-28634.3750,23.6566,727.4313,0.0006,0.0009,-3.1362,0.7924,-3.1399,-4703.9478,-28633.9668,24.5459,0.0001,0.0012,1
-4703.1636,-28634.3926,24.9425,-5224.1343,-28121.6758,21.9614,-4703.7510,-28635.1484,21.3697,731.0618,0.0000,0.0004,-3.1362,0.7924,-3.1399,-4703.9014,-28634.0645,24.4408,0.0001,0.0012,1
-4703.1636,-28634.3926,24.9425,-5224.1187,-28121.7031,21.9614,-4706.8228,-28632.4766,27.3638,726.9839,0.0001,0.0017,-3.1362,0.7924,-3.1399,-4703.9614,-28634.0703,24.5343,0.0001,0.0012,1
-4703.1636,-28634.3926,24.9425,-5224.1025,-28121.7305,21.9614,-4695.0483,-28636.5371,25.9891,738.1963,-0.0011,0.0014,-3.1362,0.7924,-3.1399,-4703.6299,-28634.2090,24.5863,0.0001,0.0012,1
-4703.1636,-28634.3926,24.9425,-5224.0869,-28121.7578,21.9614,-4707.5303,-28633.6133,23.6449,727.2035,0.0004,0.0009,-3.1362,0.7924,-3.1399,-4703.7056,-28634.2500,24.5615,0.0001,0.0012,1
-4703.1636,-28634.3926,24.9425,-5224.0713,-28121.7852,21.9614,-4703.1445,-28634.3809,21.3587,730.8334,-0.0002,0.0004,-3.1362,0.7924,-3.1399,-4703.6416,-28634.3145,24.4562,0.0001,0.0012,1
-4703.1636,-28634.3926,24.9425,-5224.0557,-28121.8125,21.9614,-4698.8276,-28635.0000,28.2630,734.3417,-0.0007,0.0019,-3.1362,0.7924,-3.1399,-4703.4312,-28634.3965,24.5794,0.0001,0.0012,1
-4703.1636,-28634.3926,24.9425,-5224.0405,-28121.8379,21.9614,-4700.9092,-28642.3438,25.9660,737.9711,0.0007,0.0014,-3.1362,0.7924,-3.1399,-4703.2847,-28634.7266,24.6326,0.0001,0.0013,1
-4703.1636,-28634.3926,24.9425,-5224.0254,-28121.8633,21.9614,-4700.3813,-28635.2695,27.5256,733.3569,-0.0005,0.0018,-3.1362,0.7924,-3.1399,-4703.1167,-28634.8301,24.7420,0.0001,0.0013,1
-4703.1636,-28634.3926,24.9425,-5224.0103,-28121.8906,21.9614,-4701.6587,-28630.8164,27.8378,729.3033,-0.0010,0.0018,-3.1362,0.7924,-3.1399,-4702.9893,-28634.7793,24.8681,0.0001,0.0013,1
-4703.1636,-28634.3926,24.9425,-5223.9951,-28121.9160,21.9614,-4698.1914,-28634.1992,28.2504,734.1212,-0.0010,0.0019,-3.1362,0.7924,-3.1399,-4702.7446,-28634.8301,25.0134,0.0002,0.0013,1
-4703.1636,-28634.3926,24.9425,-5223.9805,-28121.9414,21.9614,-4700.1348,-28641.4141,25.9530,737.7499,0.0005,0.0014,-3.1362,0.7926,-3.1399,-4702.5605,-28635.1230,25.0860,0.0001,0.0013,1
-4703.1636,-28634.3926,24.9425,-5223.9658,-28121.9668,21.9614,-4706.1318,-28631.8984,23.6219,726.7606,-0.0001,0.0009,-3.1362,0.7926,-3.1399,-4702.5801,-28635.1016,25.0789,0.0001,0.0013,1
-4703.1636,-28634.3926,24.9425,-5223.9512,-28121.9922,21.9614,-4701.7451,-28632.6504,21.3372,730.3893,-0.0006,0.0004,-3.1362,0.7926,-3.1399,-4702.4619,-28635.0938,24.9887,0.0001,0.0013,1
-4703.1636,-28634.3926,24.9425,-5223.9365,-28122.0176,21.9614,-4704.0454,-28639.9941,28.2272,733.9045,0.0009,0.0019,-3.1362,0.7926,-3.1399,-4702.4243,-28635.3301,25.1240,0.0001,0.0014,1
-4703.1636,-28634.3926,24.9425,-5223.9224,-28122.0410,21.9615,-4699.6367,-28640.7598,25.9421,737.5327,0.0003,0.0014,-3.1363,0.7926,-3.1399,-4702.2446,-28635.5977,25.1871,0.0001,0.0014,1
-4703.1636,-28634.3926,24.9425,-5223.9082,-28122.0664,21.9615,-4705.6479,-28631.2578,23.6112,726.5452,-0.0003,0.0009,-3.1363,0.7927,-3.1399,-4702.2690,-28635.5488,25.1703,0.0001,0.0014,1
-4703.1636,-28634.3926,24.9425,-5223.8940,-28122.0898,21.9615,-4701.2627,-28632.0020,21.3264,730.1733,-0.0008,0.0004,-3.1363,0.7927,-3.1399,-4702.1538,-28635.5117,25.0705,0.0001,0.0013,1
-4703.1636,-28634.3926,24.9425,-5223.8799,-28122.1152,21.9615,-4703.3901,-28639.1875,28.2141,733.6918,0.0006,0.0019,-3.1363,0.7927,-3.1399,-4702.1133,-28635.7090,25.1962,0.0001,0.0014,1
-4703.1636,-28634.3926,24.9425,-5223.8662,-28122.1387,21.9615,-4698.9824,-28639.9492,25.9295,737.3195,0.0001,0.0014,-3.1363,0.7927,-3.1399,-4701.9297,-28635.9355,25.2498,0.0001,0.0014,1
-4703.1636,-28634.3926,24.9425,-5223.8525,-28122.1621,21.9615,-4705.0078,-28630.4551,23.5993,726.3335,-0.0005,0.0009,-3.1363,0.7927,-3.1399,-4701.9492,-28635.8418,25.2238,0.0001,0.0014,1
-4703.1636,-28634.3926,24.9425,-5223.8389,-28122.1855,21.9615,-4700.6235,-28631.1953,21.3150,729.9611,-0.0010,0.0004,-3.1363,0.7927,-3.1399,-4701.8281,-28635.7578,25.1147,0.0001,0.0013,1
-4703.1636,-28634.3926,24.9425,-5223.8252,-28122.2090,21.9615,-4702.7729,-28638.4180,28.2016,733.4828,0.0004,0.0019,-3.1363,0.7927,-3.1399,-4701.7817,-28635.9082,25.2315,0.0001,0.0014,1
-4703.1636,-28634.3926,24.9425,-5223.8120,-28122.2324,21.9615,-4698.3662,-28639.1738,25.9174,737.1099,-0.0001,0.0014,-3.1363,0.7927,-3.1399,-4701.5913,-28636.0879,25.2764,0.0001,0.0014,1
-4703.1636,-28634.3926,24.9425,-5223.7988,-28122.2539,21.9615,-4704.4043,-28629.6875,23.5879,726.1255,-0.0007,0.0009,-3.1363,0.7927,-3.1399,-4701.6035,-28635.9453,25.2418,0.0002,0.0014,1
-4703.1636,-28634.3926,24.9425,-5223.7856,-28122.2773,21.9615,-4706.4478,-28636.9629,21.2935,729.7527,0.0007,0.0004,-3.1363,0.7927,-3.1399,-4701.6953,-28636.0352,25.1241,0.0001,0.0013,1
-4703.1636,-28634.3926,24.9425,-5223.7725,-28122.3008,21.9615,-4704.0508,-28632.4492,25.1511,728.2625,-0.0003,0.0012,-3.1363,0.7927,-3.1400,-4701.7188,-28635.9688,25.1294,0.0001,0.0013,1
-4703.1636,-28634.3926,24.9425,-5223.7593,-28122.3223,21.9615,-4697.7178,-28638.3633,25.9055,736.9041,-0.0004,0.0014,-3.1363,0.7927,-3.1400,-4701.5347,-28636.0957,25.1600,0.0001,0.0013,1
-4703.1636,-28634.3926,24.9425,-5223.7466,-28122.3438,21.9615,-4703.7700,-28628.8887,23.5766,725.9212,-0.0009,0.0009,-3.1363,0.7927,-3.1400,-4701.5503,-28635.8984,25.1123,0.0002,0.0013,1
-4703.1636,-28634.3926,24.9425,-5223.7339,-28122.3672,21.9615,-4705.6797,-28636.0410,21.2818,729.5478,0.0005,0.0004,-3.1363,0.7929,-3.1400,-4701.6392,-28635.9316,24.9825,0.0001,0.0013,1
-4703.1636,-28634.3926,24.9425,-5223.7212,-28122.3887,21.9615,-4701.4883,-28636.8223,28.1769,733.0754,-0.0000,0.0019,-3.1363,0.7929,-3.1400,-4701.5957,-28635.9902,25.0802,0.0001,0.0013,1
-4703.1636,-28634.3926,24.9425,-5223.7090,-28122.4102,21.9615,-4697.0801,-28637.5625,25.8948,736.7015,-0.0006,0.0014,-3.1363,0.7929,-3.1400,-4701.4038,-28636.0742,25.1073,0.0001,0.0013,1
-4703.1636,-28634.3926,24.9425,-5223.6963,-28122.4316,21.9615,-4703.1440,-28628.0957,23.5671,725.7203,-0.0011,0.0009,-3.1364,0.7929,-3.1400,-4701.4111,-28635.8340,25.0564,0.0002,0.0013,1
-4703.1636,-28634.3926,24.9425,-5223.6841,-28122.4512,21.9615,-4705.1646,-28635.3691,21.2736,729.3463,0.0003,0.0004,-3.1364,0.7929,-3.1400,-4701.4937,-28635.8262,24.9237,0.0002,0.0013,1
-4703.1636,-28634.3926,24.9425,-5223.6719,-28122.4727,21.9615,-4700.8691,-28636.0449,28.1642,732.8769,-0.0002,0.0019,-3.1364,0.7929,-3.1400,-4701.4390,-28635.8398,25.0187,0.0002,0.0013,1
-4703.1636,-28634.3926,24.9425,-5223.6597,-28122.4941,21.9615,-4696.4624,-28636.7793,25.8816,736.5025,-0.0008,0.0014,-3.1364,0.7929,-3.1400,-4701.2354,-28635.8789,25.0434,0.0002,0.0013,1
-4703.1636,-28634.3926,24.9425,-5223.6479,-28122.5137,21.9615,-4708.9248,-28633.8301,23.5435,725.5227,0.0007,0.0009,-3.1364,0.7929,-3.1400,-4701.4497,-28635.8184,24.9899,0.0002,0.0013,1
-4703.1636,-28634.3926,24.9425,-5223.6362,-28122.5352,21.9616,-4704.5513,-28634.5996,21.2611,729.1483,0.0001,0.0004,-3.1364,0.7929,-3.1400,-4701.5317,-28635.7793,24.8554,0.0002,0.0013,1
-4703.1636,-28634.3926,24.9425,-5223.6240,-28122.5547,21.9616,-4706.8955,-28635.1602,28.3221,727.8766,0.0006,0.0019,-3.1364,0.7929,-3.1400,-4701.7021,-28635.7578,24.9555,0.0001,0.0013,1
-4703.1636,-28634.3926,24.9425,-5223.6123,-28122.5762,21.9616,-4695.8477,-28636.0000,25.8695,736.3068,-0.0010,0.0014,-3.1364,0.7929,-3.1400,-4701.5078,-28635.7617,24.9793,0.0002,0.0013,1
-4703.1636,-28634.3926,24.9425,-5223.6011,-28122.5957,21.9616,-4708.1816,-28632.9355,23.5310,725.3282,0.0005,0.0009,-3.1364,0.7932,-3.1400,-4701.7227,-28635.6621,24.9253,0.0001,0.0013,1
-4703.1636,-28634.3926,24.9425,-5223.5894,-28122.6152,21.9616,-4700.1567,-28631.8887,29.3606,730.3333,-0.0009,0.0021,-3.1364,0.7932,-3.1400,-4701.6763,-28635.5215,25.0682,0.0001,0.0013,1
-4703.1636,-28634.3926,24.9425,-5223.5781,-28122.6348,21.9616,-4699.5923,-28634.4453,28.1399,732.4894,-0.0006,0.0019,-3.1364,0.7932,-3.1400,-4701.6074,-28635.4609,25.1790,0.0002,0.0013,1
-4703.1636,-28634.3926,24.9425,-5223.5669,-28122.6543,21.9616,-4701.6670,-28641.7656,25.8479,736.1141,0.0008,0.0014,-3.1364,0.7932,-3.1400,-4701.6045,-28635.6484,25.2176,0.0001,0.0014,1
-4703.1636,-28634.3926,24.9425,-5223.5557,-28122.6738,21.9616,-4707.6514,-28632.2500,23.5219,725.1370,0.0003,0.0009,-3.1364,0.7932,-3.1400,-4701.8086,-28635.5254,25.1771,0.0001,0.0013,1
-4703.1636,-28634.3926,24.9425,-5223.5444,-28122.6934,21.9616,-4703.2769,-28633.0039,21.2404,728.7617,-0.0003,0.0004,-3.1364,0.7932,-3.1400,-4701.8745,-28635.4219,25.0541,0.0001,0.0013,1
-4703.1636,-28634.3926,24.9425,-5223.5337,-28122.7109,21.9616,-4698.9761,-28633.6641,28.1268,732.3002,-0.0008,0.0019,-3.1364,0.7932,-3.1400,-4701.7959,-28635.3359,25.1578,0.0002,0.0013,1
-4703.1636,-28634.3926,24.9425,-5223.5225,-28122.7305,21.9616,-4701.0410,-28640.9863,25.8348,735.9245,0.0006,0.0014,-3.1364,0.7932,-3.1400,-4701.7808,-28635.4961,25.1898,0.0001,0.0013,1
-4703.1636,-28634.3926,24.9425,-5223.5117,-28122.7500,21.9616,-4707.0396,-28631.4824,23.5094,724.9487,0.0000,0.0009,-3.1364,0.7932,-3.1400,-4701.9697,-28635.3457,25.1429,0.0001,0.0013,1
-4703.1636,-28634.3926,24.9425,-5223.5010,-28122.7676,21.9616,-4702.6655,-28632.2285,21.2281,728.5731,-0.0005,0.0004,-3.1364,0.7932,-3.1400,-4702.0190,-28635.2148,25.0139,0.0001,0.0013,1
-4703.1636,-28634.3926,24.9425,-5223.4902,-28122.7852,21.9616,-4701.3154,-28632.4336,22.9295,729.6614,-0.0007,0.0007,-3.1364,0.7932,-3.1400,-4702.0220,-28635.0840,24.9348,0.0002,0.0013,1
-4703.1636,-28634.3926,24.9425,-5223.4800,-28122.8047,21.9616,-4700.4180,-28640.2109,25.8226,735.7379,0.0004,0.0014,-3.1364,0.7932,-3.1400,-4701.9922,-28635.2148,24.9505,0.0002,0.0013,1
-4703.1636,-28634.3926,24.9425,-5223.4692,-28122.8223,21.9616,-4706.4297,-28630.7129,23.4979,724.7634,-0.0002,0.0009,-3.1364,0.7932,-3.1400,-4702.1641,-28635.0312,24.8890,0.0002,0.0013,1
-4703.1636,-28634.3926,24.9425,-5223.4590,-28122.8398,21.9616,-4702.0566,-28631.4551,21.2173,728.3873,-0.0007,0.0004,-3.1365,0.7932,-3.1400,-4702.1938,-28634.8691,24.7469,0.0002,0.0012,1
-4703.1636,-28634.3926,24.9425,-5223.4487,-28122.8574,21.9616,-4704.1929,-28638.6738,28.0914,731.9307,0.0007,0.0019,-3.1365,0.7932,-3.1400,-4702.2949,-28634.9453,24.8331,0.0002,0.0013,1
-4703.1636,-28634.3926,24.9425,-5223.4385,-28122.8750,21.9616,-4699.7969,-28639.4316,25.8108,735.5541,0.0002,0.0014,-3.1365,0.7932,-3.1400,-4702.2490,-28635.0586,24.8497,0.0001,0.0013,1
-4703.1636,-28634.3926,24.9425,-5223.4287,-28122.8926,21.9616,-4705.8223,-28629.9453,23.4866,724.5808,-0.0004,0.0009,-3.1365,0.7932,-3.1400,-4702.4023,-28634.8594,24.7894,0.0001,0.0013,1
-4703.1636,-28634.3926,24.9425,-5223.4185,-28122.9102,21.9616,-4701.4487,-28630.6797,21.2063,728.2043,-0.0009,0.0004,-3.1365,0.7932,-3.1400,-4702.4111,-28634.6738,24.6489,0.0002,0.0012,1
-4703.1636,-28634.3926,24.9425,-5223.4087,-28122.9277,21.9616,-4703.5732,-28637.9043,28.0789,731.7500,0.0005,0.0019,-3.1365,0.7932,-3.1400,-4702.4888,-28634.7305,24.7368,0.0002,0.0012,1
-4703.1636,-28634.3926,24.9425,-5223.3989,-28122.9434,21.9616,-4699.1772,-28638.6543,25.7988,735.3732,-0.0001,0.0014,-3.1365,0.7932,-3.1400,-4702.4175,-28634.8223,24.7555,0.0002,0.0012,1
-4703.1636,-28634.3926,24.9425,-5223.3892,-28122.9609,21.9616,-4705.2153,-28629.1777,23.4755,724.4009,-0.0006,0.0009,-3.1365,0.7932,-3.1400,-4702.5439,-28634.5977,24.6975,0.0002,0.0012,1
-4703.1636,-28634.3926,24.9425,-5223.3794,-28122.9785,21.9616,-4707.2539,-28636.4316,21.1853,728.0240,0.0008,0.0004,-3.1365,0.7932,-3.1400,-4702.7441,-28634.6133,24.5591,0.0001,0.0012,1
-4703.1636,-28634.3926,24.9425,-5223.3696,-28122.9941,21.9617,-4702.9062,-28637.0820,28.0667,731.5720,0.0003,0.0019,-3.1365,0.7932,-3.1400,-4702.8037,-28634.6562,24.6497,0.0001,0.0012,1
-4703.1636,-28634.3926,24.9425,-5223.3604,-28123.0098,21.9617,-4698.5107,-28637.8262,25.7869,735.1948,-0.0003,0.0013,-3.1365,0.7932,-3.1400,-4702.7114,-28634.7324,24.6710,0.0001,0.0012,1
-4703.1636,-28634.3926,24.9425,-5223.3506,-28123.0273,21.9617,-4704.5625,-28628.3594,23.4641,724.2237,-0.0008,0.0008,-3.1365,0.7932,-3.1400,-4702.8140,-28634.4922,24.6160,0.0002,0.0012,1
-4703.1636,-28634.3926,24.9425,-5223.3413,-28123.0430,21.9617,-4706.5903,-28635.6152,21.1744,727.8464,0.0006,0.0003,-3.1365,0.7932,-3.1400,-4702.9883,-28634.4883,24.4807,0.0001,0.0012,1
-4703.1636,-28634.3926,24.9425,-5223.3320,-28123.0586,21.9617,-4702.2886,-28636.3086,28.0542,731.3966,0.0000,0.0018,-3.1365,0.7932,-3.1400,-4703.0205,-28634.5117,24.5745,0.0001,0.0012,1
-4703.1636,-28634.3926,24.9425,-5223.3228,-28123.0742,21.9617,-4697.8926,-28637.0469,25.7748,735.0189,-0.0005,0.0013,-3.1365,0.7932,-3.1400,-4702.8994,-28634.5664,24.5991,0.0001,0.0012,1
-4703.1636,-28634.3926,24.9425,-5223.3140,-28123.0898,21.9617,-4703.9580,-28627.5879,23.4528,724.0490,-0.0011,0.0008,-3.1365,0.7932,-3.1400,-4702.9717,-28634.3027,24.5475,0.0002,0.0012,1
-4703.1636,-28634.3926,24.9425,-5223.3047,-28123.1055,21.9617,-4705.9751,-28634.8438,21.1635,727.6714,0.0004,0.0003,-3.1365,0.7932,-3.1400,-4703.1138,-28634.2754,24.4156,0.0001,0.0012,1
-4703.1636,-28634.3926,24.9425,-5223.2959,-28123.1211,21.9617,-4701.6719,-28635.5352,28.0418,731.2236,-0.0002,0.0018,-3.1365,0.7932,-3.1400,-4703.1128,-28634.2754,24.5128,0.0001,0.0012,1
-4703.1636,-28634.3926,24.9425,-5223.2871,-28123.1367,21.9617,-4697.2764,-28636.2676,25.7630,734.8456,-0.0007,0.0013,-3.1365,0.7932,-3.1400,-4702.9570,-28634.3047,24.5410,0.0002,0.0012,1
-4703.1636,-28634.3926,24.9425,-5223.2778,-28123.1523,21.9617,-4709.7241,-28633.3105,23.4313,723.8768,0.0007,0.0008,-3.1365,0.7932,-3.1400,-4703.2139,-28634.2402,24.4926,0.0001,0.0012,1
-4703.1636,-28634.3926,24.9425,-5223.2695,-28123.1680,21.9617,-4705.3613,-28634.0762,21.1525,727.4987,0.0002,0.0003,-3.1365,0.7932,-3.1400,-4703.3330,-28634.1992,24.3642,0.0001,0.0012,1
-4703.1636,-28634.3926,24.9425,-5223.2607,-28123.1816,21.9617,-4705.0029,-28638.9355,20.6894,731.1589,0.0009,0.0002,-3.1365,0.7932,-3.1400,-4703.4419,-28634.3262,24.2140,0.0001,0.0011,1
-4703.1636,-28634.3926,24.9425,-5223.2520,-28123.1973,21.9617,-4701.5190,-28641.3164,26.5871,735.3011,0.0007,0.0015,-3.1365,0.7932,-3.1400,-4703.4336,-28634.5469,24.2584,0.0001,0.0011,1
-4703.1636,-28634.3926,24.9425,-5223.2437,-28123.2109,21.9617,-4708.9443,-28632.3770,23.4190,723.7068,0.0005,0.0008,-3.1366,0.7935,-3.1400,-4703.6733,-28634.4766,24.2013,-0.0000,0.0011,1
-4703.1636,-28634.3926,24.9425,-5223.2349,-28123.2266,21.9617,-4704.5771,-28633.1309,21.1411,727.3285,-0.0001,0.0003,-3.1366,0.7935,-3.1400,-4703.7720,-28634.4277,24.0656,-0.0000,0.0011,1
-4703.1636,-28634.3926,24.9425,-5223.2266,-28123.2402,21.9617,-4700.4131,-28633.9551,28.0178,730.8847,-0.0006,0.0018,-3.1366,0.7935,-3.1400,-4703.7261,-28634.4043,24.1606,-0.0000,0.0011,1
-4703.1636,-28634.3926,24.9425,-5223.2183,-28123.2539,21.9617,-4702.4839,-28641.2559,25.7297,734.5060,0.0009,0.0013,-3.1366,0.7935,-3.1400,-4703.7412,-28634.6289,24.1874,-0.0000,0.0011,1
-4703.1636,-28634.3926,24.9425,-5223.2104,-28123.2695,21.9617,-4708.4683,-28631.7500,23.4096,723.5392,0.0003,0.0008,-3.1366,0.7935,-3.1400,-4703.9575,-28634.5449,24.1394,-0.0001,0.0011,1
-4703.1636,-28634.3926,24.9425,-5223.2021,-28123.2832,21.9617,-4704.1040,-28632.4980,21.1318,727.1605,-0.0002,0.0003,-3.1366,0.7935,-3.1400,-4704.0298,-28634.4785,24.0125,-0.0001,0.0011,1
-4703.1636,-28634.3926,24.9425,-5223.1938,-28123.2969,21.9617,-4699.7944,-28633.1738,28.0049,730.7186,-0.0008,0.0018,-3.1366,0.7935,-3.1400,-4703.9521,-28634.4316,24.1160,-0.0000,0.0011,1
-4703.1636,-28634.3926,24.9425,-5223.1860,-28123.3105,21.9617,-4701.8560,-28640.4785,25.7168,734.3397,0.0007,0.0013,-3.1366,0.7935,-3.1400,-4703.9331,-28634.6309,24.1511,-0.0001,0.0011,1
-4703.1636,-28634.3926,24.9425,-5223.1777,-28123.3242,21.9617,-4707.8535,-28630.9785,23.3973,723.3738,0.0001,0.0008,-3.1366,0.7935,-3.1400,-4704.1133,-28634.5176,24.1111,-0.0001,0.0011,1
-4703.1636,-28634.3926,24.9425,-5223.1699,-28123.3379,21.9617,-4703.4897,-28631.7227,21.1197,726.9948,-0.0005,0.0003,-3.1366,0.7935,-3.1400,-4704.1489,-28634.4219,23.9919,-0.0001,0.0011,1
-4703.1636,-28634.3926,24.9425,-5223.1621,-28123.3516,21.9617,-4699.1797,-28632.3945,27.9927,730.5548,-0.0010,0.0018,-3.1366,0.7935,-3.1400,-4704.0332,-28634.3457,24.1028,-0.0000,0.0011,1
-4703.1636,-28634.3926,24.9425,-5223.1543,-28123.3652,21.9617,-4701.2305,-28639.6992,25.7051,734.1755,0.0004,0.0013,-3.1366,0.7935,-3.1400,-4703.9751,-28634.5117,24.1450,-0.0001,0.0011,1
-4703.1636,-28634.3926,24.9425,-5223.1470,-28123.3789,21.9617,-4707.2422,-28630.2090,23.3860,723.2105,-0.0001,0.0008,-3.1366,0.7935,-3.1400,-4704.1157,-28634.3672,24.1118,-0.0000,0.0011,1
-4703.1636,-28634.3926,24.9425,-5223.1392,-28123.3906,21.9617,-4702.8784,-28630.9473,21.1089,726.8312,-0.0007,0.0003,-3.1366,0.7935,-3.1400,-4704.1108,-28634.2383,23.9991,-0.0000,0.0011,1
-4703.1636,-28634.3926,24.9425,-5223.1318,-28123.4043,21.9617,-4704.9375,-28638.1094,27.9704,730.3929,0.0008,0.0018,-3.1366,0.7935,-3.1400,-4704.1729,-28634.3477,24.1157,-0.0001,0.0011,1
-4703.1636,-28634.3926,24.9425,-5223.1240,-28123.4180,21.9617,-4700.5503,-28638.8633,25.6933,734.0134,0.0002,0.0013,-3.1366,0.7935,-3.1400,-4704.0850,-28634.4922,24.1636,-0.0001,0.0011,1
-4703.1636,-28634.3926,24.9425,-5223.1167,-28123.4297,21.9617,-4706.5762,-28629.3828,23.3749,723.0493,-0.0004,0.0008,-3.1366,0.7935,-3.1400,-4704.1943,-28634.3203,24.1357,-0.0001,0.0011,1
-4703.1636,-28634.3926,24.9425,-5223.1094,-28123.4434,21.9617,-4704.5337,-28627.6211,28.3256,723.2892,-0.0009,0.0019,-3.1366,0.7935,-3.1400,-4704.2373,-28634.0762,24.2773,-0.0000,0.0011,1
-4703.1636,-28634.3926,24.9425,-5223.1021,-28123.4551,21.9617,-4704.1948,-28637.2148,27.9573,730.2331,0.0005,0.0018,-3.1366,0.7938,-3.1400,-4704.2681,-28634.1504,24.4140,-0.0001,0.0012,1
-4703.1636,-28634.3926,24.9425,-5223.0947,-28123.4688,21.9618,-4699.8042,-28637.9590,25.6809,733.8533,-0.0000,0.0013,-3.1366,0.7938,-3.1400,-4704.1475,-28634.2578,24.4800,-0.0001,0.0012,1
-4703.1636,-28634.3926,24.9425,-5223.0874,-28123.4805,21.9618,-4704.2612,-28630.8203,29.3372,725.6855,-0.0005,0.0021,-3.1366,0.7938,-3.1400,-4704.1675,-28634.1289,24.6740,-0.0001,0.0012,1
-4703.1636,-28634.3926,24.9425,-5223.0806,-28123.4922,21.9618,-4707.8740,-28635.7227,21.0779,726.5102,0.0009,0.0003,-3.1366,0.7938,-3.1400,-4704.3115,-28634.1621,24.5927,-0.0001,0.0012,1
-4703.1636,-28634.3926,24.9425,-5223.0732,-28123.5039,21.9618,-4702.2891,-28638.9297,27.6574,732.7369,0.0005,0.0017,-3.1366,0.7938,-3.1400,-4704.2715,-28634.3086,24.7273,-0.0001,0.0012,1
-4703.1636,-28634.3926,24.9425,-5223.0664,-28123.5176,21.9618,-4699.3076,-28637.3047,25.6694,733.6951,-0.0002,0.0013,-3.1366,0.7938,-3.1400,-4704.1235,-28634.4102,24.7990,-0.0001,0.0012,1
-4703.1636,-28634.3926,24.9425,-5223.0596,-28123.5293,21.9618,-4705.3589,-28627.8418,23.3524,722.7327,-0.0008,0.0008,-3.1366,0.7938,-3.1400,-4704.1714,-28634.1934,24.7912,-0.0001,0.0012,1
-4703.1636,-28634.3926,24.9425,-5223.0527,-28123.5410,21.9618,-4707.3818,-28635.0801,21.0664,726.3526,0.0007,0.0003,-3.1366,0.7938,-3.1400,-4704.2910,-28634.2109,24.6998,-0.0001,0.0012,1
-4703.1636,-28634.3926,24.9425,-5223.0459,-28123.5527,21.9618,-4703.0732,-28635.7871,27.9335,729.9193,0.0001,0.0018,-3.1366,0.7938,-3.1400,-4704.2686,-28634.2559,24.8345,-0.0001,0.0012,1
-4703.1636,-28634.3926,24.9425,-5223.0391,-28123.5645,21.9618,-4698.6855,-28636.5215,25.6575,733.5390,-0.0004,0.0013,-3.1366,0.7938,-3.1400,-4704.0938,-28634.3301,24.8969,-0.0001,0.0013,1
-4703.1636,-28634.3926,24.9425,-5223.0322,-28123.5762,21.9618,-4704.7500,-28627.0664,23.3408,722.5773,-0.0010,0.0008,-3.1366,0.7938,-3.1400,-4704.1128,-28634.0820,24.8796,-0.0000,0.0013,1
-4703.1636,-28634.3926,24.9425,-5223.0259,-28123.5879,21.9618,-4706.7627,-28634.3086,21.0552,726.1969,0.0005,0.0003,-3.1366,0.7938,-3.1400,-4704.2031,-28634.0684,24.7788,-0.0000,0.0012,1
-4703.1636,-28634.3926,24.9425,-5223.0190,-28123.5977,21.9618,-4702.4526,-28635.0078,27.9212,729.7652,-0.0001,0.0018,-3.1366,0.7938,-3.1400,-4704.1509,-28634.0820,24.9042,-0.0000,0.0013,1
-4703.1636,-28634.3926,24.9425,-5223.0127,-28123.6094,21.9618,-4698.0654,-28635.7383,25.6456,733.3845,-0.0006,0.0013,-3.1366,0.7938,-3.1400,-4703.9453,-28634.1211,24.9574,-0.0000,0.0013,1
-4703.1636,-28634.3926,24.9425,-5223.0059,-28123.6211,21.9618,-4710.5005,-28632.7734,23.3198,722.4236,0.0008,0.0008,-3.1367,0.7938,-3.1400,-4704.1538,-28634.0645,24.9306,-0.0000,0.0013,1
-4703.1636,-28634.3926,24.9425,-5222.9995,-28123.6328,21.9618,-4706.1450,-28633.5352,21.0442,726.0430,0.0003,0.0003,-3.1367,0.7938,-3.1400,-4704.2261,-28634.0312,24.8209,-0.0000,0.0012,1
-4703.1636,-28634.3926,24.9425,-5222.9932,-28123.6426,21.9618,-4701.8340,-28634.2324,27.9087,729.6127,-0.0003,0.0018,-3.1367,0.7938,-3.1400,-4704.1548,-28634.0215,24.9376,-0.0000,0.0013,1
-4703.1636,-28634.3926,24.9425,-5222.9868,-28123.6543,21.9618,-4707.6206,-28630.9531,25.1849,723.1594,0.0001,0.0012,-3.1367,0.7938,-3.1400,-4704.2769,-28633.9004,24.9670,-0.0000,0.0013,1
-4703.1636,-28634.3926,24.9425,-5222.9805,-28123.6641,21.9618,-4709.8848,-28632.0059,23.3085,722.2717,0.0006,0.0008,-3.1367,0.7938,-3.1400,-4704.4854,-28633.8086,24.9311,-0.0000,0.0013,1
-4703.1636,-28634.3926,24.9425,-5222.9746,-28123.6758,21.9618,-4705.5293,-28632.7617,21.0335,725.8909,0.0000,0.0003,-3.1367,0.7938,-3.1401,-4704.5537,-28633.7422,24.8124,-0.0000,0.0012,1
-4703.1636,-28634.3926,24.9425,-5222.9683,-28123.6855,21.9618,-4701.2168,-28633.4531,27.8966,729.4620,-0.0005,0.0018,-3.1367,0.7938,-3.1401,-4704.4746,-28633.6973,24.9206,-0.0000,0.0013,1
-4703.1636,-28634.3926,24.9425,-5222.9624,-28123.6973,21.9618,-4703.2852,-28640.7422,25.6119,733.0809,0.0009,0.0013,-3.1367,0.7938,-3.1401,-4704.4585,-28633.9023,24.9568,-0.0001,0.0013,1
-4703.1636,-28634.3926,24.9425,-5222.9561,-28123.7070,21.9618,-4709.2700,-28631.2383,23.2972,722.1215,0.0004,0.0008,-3.1367,0.7938,-3.1401,-4704.6445,-28633.7988,24.9141,-0.0001,0.0013,1
-4703.1636,-28634.3926,24.9425,-5222.9502,-28123.7168,21.9618,-4704.9146,-28631.9863,21.0225,725.7404,-0.0002,0.0003,-3.1367,0.7938,-3.1401,-4704.6895,-28633.7148,24.7890,-0.0001,0.0012,1
-4703.1636,-28634.3926,24.9425,-5222.9443,-28123.7266,21.9618,-4700.6006,-28632.6738,27.8845,729.3129,-0.0007,0.0018,-3.1367,0.7938,-3.1401,-4704.5854,-28633.6543,24.8911,-0.0000,0.0012,1
-4703.1636,-28634.3926,24.9425,-5222.9385,-28123.7383,21.9618,-4702.6582,-28639.9648,25.6001,732.9315,0.0007,0.0013,-3.1367,0.7938,-3.1401,-4704.5415,-28633.8398,24.9215,-0.0001,0.0013,1
-4703.1636,-28634.3926,24.9425,-5222.9326,-28123.7480,21.9618,-4708.6567,-28630.4707,23.2860,721.9729,0.0002,0.0008,-3.1367,0.7938,-3.1401,-4704.6997,-28633.7148,24.8733,-0.0001,0.0012,1
-4703.1636,-28634.3926,24.9425,-5222.9268,-28123.7578,21.9618,-4704.3008,-28631.2129,21.0116,725.5915,-0.0004,0.0003,-3.1367,0.7938,-3.1401,-4704.7148,-28633.6094,24.7431,-0.0000,0.0012,1
-4703.1636,-28634.3926,24.9425,-5222.9209,-28123.7676,21.9618,-4699.5049,-28638.8848,25.4276,734.3809,0.0001,0.0012,-3.1367,0.7938,-3.1401,-4704.5645,-28633.7617,24.7564,-0.0000,0.0012,1
-4703.1636,-28634.3926,24.9425,-5222.9150,-28123.7773,21.9618,-4710.2407,-28633.2266,24.9751,722.7560,0.0008,0.0012,-3.1367,0.7938,-3.1401,-4704.7705,-28633.7344,24.7564,-0.0001,0.0012,1
-4703.1636,-28634.3926,24.9425,-5222.9097,-28123.7871,21.9618,-4707.9717,-28629.6270,23.2742,721.8258,-0.0001,0.0008,-3.1367,0.7938,-3.1401,-4704.9102,-28633.5820,24.6983,-0.0001,0.0012,1
-4703.1636,-28634.3926,24.9425,-5222.9038,-28123.7969,21.9618,-4703.6152,-28630.3633,21.0002,725.4443,-0.0006,0.0003,-3.1367,0.7938,-3.1401,-4704.9043,-28633.4453,24.5592,-0.0000,0.0012,1
-4703.1636,-28634.3926,24.9425,-5222.8984,-28123.8066,21.9618,-4705.7139,-28637.5801,27.8547,729.0194,0.0008,0.0018,-3.1367,0.7938,-3.1401,-4704.9663,-28633.5527,24.6484,-0.0001,0.0012,1
-4703.1636,-28634.3926,24.9425,-5222.8931,-28123.8164,21.9616,-4701.3345,-28638.3320,25.5931,732.6376,0.0003,0.0013,-3.1367,0.7938,-3.1401,-4704.8784,-28633.6953,24.6681,-0.0001,0.0012,1
-4703.1636,-28634.3926,24.9425,-5222.8872,-28123.8262,21.9614,-4707.3599,-28628.8574,23.2888,721.6803,-0.0003,0.0008,-3.1367,0.7938,-3.1401,-4704.9883,-28633.5215,24.6110,-0.0001,0.0012,1
-4703.1636,-28634.3926,24.9425,-5222.8818,-28123.8340,21.9614,-4703.0034,-28629.5859,21.0199,725.2985,-0.0009,0.0003,-3.1368,0.7938,-3.1401,-4704.9517,-28633.3652,24.4735,-0.0000,0.0011,1
-4703.1636,-28634.3926,24.9425,-5222.8765,-28123.8438,21.9613,-4705.0903,-28636.8066,27.8395,728.8750,0.0006,0.0018,-3.1368,0.7938,-3.1401,-4704.9810,-28633.4492,24.5634,-0.0001,0.0012,1
-4703.1636,-28634.3926,24.9425,-5222.8711,-28123.8535,21.9613,-4702.8149,-28635.5254,22.7193,729.5636,0.0000,0.0007,-3.1368,0.7938,-3.1401,-4704.9316,-28633.4980,24.4862,-0.0001,0.0012,1
-4703.1636,-28634.3926,24.9425,-5222.8662,-28123.8613,21.9614,-4706.7500,-28628.0840,23.2517,721.5363,-0.0005,0.0008,-3.1368,0.7938,-3.1401,-4705.0122,-28633.2969,24.4234,-0.0000,0.0011,1
-4703.1636,-28634.3926,24.9425,-5222.8608,-28123.8711,21.9614,-4702.3931,-28628.8086,20.9768,725.1542,-0.0011,0.0003,-3.1368,0.7938,-3.1401,-4704.9453,-28633.1094,24.2808,0.0000,0.0011,1
-4703.1636,-28634.3926,24.9425,-5222.8555,-28123.8809,21.9614,-4704.4683,-28636.0312,27.8244,728.7319,0.0004,0.0018,-3.1368,0.7938,-3.1401,-4704.9429,-28633.1621,24.3674,0.0000,0.0011,1
-4703.1636,-28634.3926,24.9425,-5222.8506,-28123.8887,21.9615,-4700.0884,-28636.7715,25.5498,732.3497,-0.0002,0.0013,-3.1368,0.7938,-3.1401,-4704.7896,-28633.2480,24.3850,0.0000,0.0011,1
-4703.1636,-28634.3926,24.9425,-5222.8452,-28123.8984,21.9615,-4695.7012,-28637.4844,23.2526,735.9680,-0.0007,0.0008,-3.1368,0.7938,-3.1401,-4704.4771,-28633.3672,24.3279,0.0000,0.0011,1
-4703.1636,-28634.3926,24.9425,-5222.8403,-28123.9062,21.9615,-4708.1597,-28634.5391,20.9536,725.0114,0.0007,0.0003,-3.1368,0.7938,-3.1401,-4704.5708,-28633.3984,24.1896,0.0000,0.0011,1
-4703.1636,-28634.3926,24.9425,-5222.8350,-28123.9160,21.9615,-4703.8467,-28635.2559,27.8135,728.5902,0.0002,0.0018,-3.1368,0.7938,-3.1401,-4704.5249,-28633.4551,24.2809,0.0000,0.0011,1
-4703.1636,-28634.3926,24.9425,-5222.8301,-28123.9238,21.9615,-4699.4663,-28635.9902,25.5403,732.2078,-0.0004,0.0013,-3.1368,0.7938,-3.1401,-4704.3296,-28633.5410,24.3034,0.0000,0.0011,1
-4703.1636,-28634.3926,24.9425,-5222.8252,-28123.9316,21.9615,-4695.0796,-28636.6953,23.2447,735.8258,-0.0010,0.0008,-3.1368,0.7938,-3.1401,-4703.9756,-28633.6582,24.2514,0.0001,0.0011,1
-4703.1636,-28634.3926,24.9425,-5222.8203,-28123.9414,21.9616,-4707.4136,-28633.6406,20.9458,724.8699,0.0005,0.0003,-3.1368,0.7940,-3.1401,-4704.0254,-28633.6758,24.1180,0.0000,0.0011,1
-4703.1636,-28634.3926,24.9425,-5222.8154,-28123.9492,21.9616,-4703.3457,-28634.5996,27.8021,728.4498,0.0000,0.0018,-3.1368,0.7941,-3.1401,-4703.9453,-28633.7246,24.2143,0.0000,0.0011,1
-4703.1636,-28634.3926,24.9425,-5222.8105,-28123.9570,21.9616,-4698.9629,-28635.3262,25.5302,732.0671,-0.0005,0.0013,-3.1368,0.7941,-3.1401,-4703.7168,-28633.8008,24.2418,0.0001,0.0011,1
-4703.1636,-28634.3926,24.9425,-5222.8062,-28123.9648,21.9616,-4706.6211,-28634.1641,27.6069,725.7916,0.0004,0.0017,-3.1368,0.7941,-3.1401,-4703.7432,-28633.8398,24.3448,0.0000,0.0011,1
-4703.1636,-28634.3926,24.9425,-5222.8013,-28123.9746,21.9616,-4707.0366,-28633.1113,20.9380,724.7297,0.0004,0.0003,-3.1368,0.7941,-3.1401,-4703.7935,-28633.8418,24.2257,0.0000,0.0011,1
-4703.1636,-28634.3926,24.9425,-5222.7964,-28123.9824,21.9616,-4707.3179,-28628.8145,23.1729,721.5063,-0.0003,0.0008,-3.1368,0.7941,-3.1401,-4703.8643,-28633.6914,24.1764,0.0000,0.0011,1
-4703.1636,-28634.3926,24.9425,-5222.7920,-28123.9902,21.9616,-4698.3389,-28634.5391,25.5170,731.9279,-0.0008,0.0013,-3.1368,0.7941,-3.1401,-4703.6367,-28633.7266,24.2060,0.0001,0.0011,1
-4703.1636,-28634.3926,24.9425,-5222.7871,-28123.9980,21.9616,-4700.4170,-28641.8379,23.2120,735.5455,0.0007,0.0008,-3.1368,0.7941,-3.1401,-4703.4707,-28634.0137,24.1606,0.0001,0.0011,1
-4703.1636,-28634.3926,24.9425,-5222.7827,-28124.0059,21.9616,-4706.4165,-28632.3340,20.9250,724.5907,0.0001,0.0003,-3.1368,0.7941,-3.1401,-4703.5059,-28633.9902,24.0343,0.0001,0.0010,1
-4703.1636,-28634.3926,24.9425,-5222.7783,-28124.0137,21.9616,-4702.1001,-28633.0371,27.7772,728.1728,-0.0004,0.0018,-3.1368,0.7941,-3.1401,-4703.4019,-28633.9883,24.1375,0.0001,0.0011,1
-4703.1636,-28634.3926,24.9425,-5222.7734,-28124.0215,21.9616,-4697.7178,-28633.7539,25.5051,731.7899,-0.0010,0.0013,-3.1368,0.7941,-3.1401,-4703.1479,-28634.0078,24.1717,0.0001,0.0011,1
-4703.1636,-28634.3926,24.9425,-5222.7690,-28124.0293,21.9616,-4699.7856,-28641.0547,23.2004,735.4073,0.0005,0.0008,-3.1368,0.7941,-3.1401,-4702.9561,-28634.2715,24.1308,0.0001,0.0011,1
-4703.1636,-28634.3926,24.9425,-5222.7646,-28124.0371,21.9616,-4705.7988,-28631.5586,20.9142,724.4531,-0.0001,0.0003,-3.1368,0.7941,-3.1401,-4702.9668,-28634.2266,24.0089,0.0001,0.0010,1
-4703.1636,-28634.3926,24.9425,-5222.7603,-28124.0449,21.9616,-4701.4814,-28632.2578,27.7651,728.0361,-0.0006,0.0018,-3.1368,0.7941,-3.1401,-4702.8389,-28634.1973,24.1164,0.0001,0.0011,1
-4703.1636,-28634.3926,24.9425,-5222.7559,-28124.0527,21.9616,-4703.5356,-28639.5332,25.4837,731.6530,0.0008,0.0013,-3.1368,0.7941,-3.1401,-4702.7817,-28634.4121,24.1544,0.0001,0.0011,1
-4703.1636,-28634.3926,24.9425,-5222.7515,-28124.0586,21.9616,-4699.1567,-28640.2695,23.1892,735.2703,0.0003,0.0008,-3.1368,0.7941,-3.1401,-4702.5811,-28634.6602,24.1174,0.0001,0.0011,1
-4703.1636,-28634.3926,24.9425,-5222.7476,-28124.0664,21.9616,-4701.8799,-28630.2344,22.2381,726.2966,-0.0009,0.0005,-3.1368,0.7941,-3.1401,-4702.4688,-28634.5742,24.0455,0.0001,0.0010,1
-4703.1636,-28634.3926,24.9425,-5222.7432,-28124.0742,21.9616,-4700.6890,-28631.2949,27.7532,727.9006,-0.0009,0.0017,-3.1368,0.7941,-3.1401,-4702.3179,-28634.5137,24.1595,0.0002,0.0011,1
-4703.1636,-28634.3926,24.9425,-5222.7388,-28124.0820,21.9616,-4700.2778,-28637.8574,22.9000,732.7538,0.0000,0.0007,-3.1368,0.7941,-3.1401,-4702.1543,-28634.6680,24.1156,0.0002,0.0011,1
-4703.1636,-28634.3926,24.9425,-5222.7349,-28124.0879,21.9616,-4698.3511,-28639.3027,23.1783,735.1344,-0.0000,0.0007,-3.1368,0.7941,-3.1401,-4701.9253,-28634.8750,24.0787,0.0002,0.0011,1
-4703.1636,-28634.3926,24.9425,-5222.7305,-28124.0957,21.9616,-4704.3940,-28629.8281,20.8931,724.1812,-0.0006,0.0002,-3.1368,0.7941,-3.1401,-4701.8999,-28634.7656,23.9606,0.0002,0.0010,1
-4703.1636,-28634.3926,24.9425,-5222.7266,-28124.1035,21.9616,-4706.4785,-28637.0430,27.7315,727.7662,0.0009,0.0017,-3.1368,0.7941,-3.1401,-4701.9561,-28634.8926,24.0716,0.0002,0.0011,1
-4703.1636,-28634.3926,24.9425,-5222.7227,-28124.1094,21.9616,-4702.1050,-28637.7949,25.4606,731.3828,0.0003,0.0012,-3.1368,0.7941,-3.1401,-4701.8765,-28635.0449,24.1133,0.0001,0.0011,1
-4703.1636,-28634.3926,24.9425,-5222.7183,-28124.1172,21.9616,-4702.6855,-28632.2793,24.5639,727.0935,-0.0005,0.0011,-3.1368,0.7941,-3.1401,-4701.8218,-28635.0137,24.1276,0.0002,0.0011,1
-4703.1636,-28634.3926,24.9425,-5222.7144,-28124.1230,21.9616,-4703.7808,-28629.0508,20.8824,724.0469,-0.0008,0.0002,-3.1368,0.7941,-3.1401,-4701.8101,-28634.8613,24.0159,0.0002,0.0010,1
-4703.1636,-28634.3926,24.9425,-5222.7104,-28124.1309,21.9616,-4705.8540,-28636.2676,27.7194,727.6328,0.0007,0.0017,-3.1368,0.7941,-3.1401,-4701.8774,-28634.9414,24.1327,0.0002,0.0011,1
-4703.1636,-28634.3926,24.9425,-5222.7065,-28124.1367,21.9616,-4701.4805,-28637.0137,25.4488,731.2492,0.0001,0.0012,-3.1368,0.7941,-3.1401,-4701.8071,-28635.0488,24.1797,0.0002,0.0011,1
-4703.1636,-28634.3926,24.9425,-5222.7026,-28124.1445,21.9616,-4697.0996,-28637.7324,23.1555,734.8661,-0.0005,0.0007,-3.1368,0.7941,-3.1401,-4701.5894,-28635.1836,24.1511,0.0002,0.0011,1
-4703.1636,-28634.3926,24.9425,-5222.6987,-28124.1504,21.9616,-4703.1689,-28628.2734,20.8716,723.9138,-0.0010,0.0002,-3.1368,0.7941,-3.1401,-4701.5713,-28634.9961,24.0407,0.0002,0.0010,1
-4703.1636,-28634.3926,24.9425,-5222.6948,-28124.1562,21.9616,-4704.4458,-28628.6465,20.9675,723.2513,-0.0008,0.0003,-3.1368,0.7941,-3.1401,-4701.6045,-28634.8047,23.9263,0.0002,0.0010,1
-4703.1636,-28634.3926,24.9425,-5222.6914,-28124.1641,21.9616,-4700.8569,-28636.2324,25.4370,731.1168,-0.0001,0.0012,-3.1368,0.7941,-3.1401,-4701.5234,-28634.8594,23.9597,0.0002,0.0010,1
-4703.1636,-28634.3926,24.9425,-5222.6875,-28124.1699,21.9616,-4696.4761,-28636.9434,23.1439,734.7335,-0.0007,0.0007,-3.1368,0.7941,-3.1401,-4701.2944,-28634.9414,23.9189,0.0003,0.0010,1
-4703.1636,-28634.3926,24.9425,-5222.6836,-28124.1758,21.9616,-4708.9238,-28633.9902,20.8509,723.7817,0.0008,0.0002,-3.1368,0.7941,-3.1401,-4701.4849,-28634.9258,23.7973,0.0002,0.0010,1
-4703.1636,-28634.3926,24.9425,-5222.6802,-28124.1836,21.9616,-4704.6089,-28634.7168,27.6951,727.3693,0.0002,0.0017,-3.1368,0.7941,-3.1401,-4701.5454,-28634.9316,23.9057,0.0002,0.0010,1
-4703.1636,-28634.3926,24.9425,-5222.6763,-28124.1895,21.9616,-4700.2339,-28635.4512,25.4251,730.9854,-0.0003,0.0012,-3.1368,0.7941,-3.1401,-4701.4648,-28634.9629,23.9454,0.0002,0.0010,1
-4703.1636,-28634.3926,24.9425,-5222.6729,-28124.1953,21.9616,-4695.8530,-28636.1562,23.1323,734.6020,-0.0009,0.0007,-3.1368,0.7941,-3.1401,-4701.2344,-28635.0176,23.9106,0.0003,0.0010,1
-4703.1636,-28634.3926,24.9425,-5222.6689,-28124.2012,21.9616,-4708.1841,-28633.0977,20.8389,723.6505,0.0006,0.0002,-3.1368,0.7943,-3.1401,-4701.4170,-28634.9707,23.7948,0.0002,0.0010,1
-4703.1636,-28634.3926,24.9425,-5222.6655,-28124.2070,21.9616,-4704.0405,-28633.9922,27.6834,727.2390,0.0001,0.0017,-3.1368,0.7943,-3.1401,-4701.4736,-28634.9492,23.9087,0.0002,0.0010,1
-4703.1636,-28634.3926,24.9425,-5222.6621,-28124.2148,21.9616,-4699.6641,-28634.7207,25.4144,730.8549,-0.0005,0.0012,-3.1368,0.7943,-3.1401,-4701.3872,-28634.9492,23.9535,0.0002,0.0010,1
-4703.1636,-28634.3926,24.9425,-5222.6587,-28124.2207,21.9616,-4701.7466,-28642.0059,23.1128,734.4714,0.0009,0.0007,-3.1368,0.7943,-3.1401,-4701.3696,-28635.1973,23.9233,0.0002,0.0010,1
-4703.1636,-28634.3926,24.9425,-5222.6548,-28124.2266,21.9616,-4707.7334,-28632.4961,20.8304,723.5204,0.0004,0.0002,-3.1368,0.7943,-3.1401,-4701.5610,-28635.1328,23.8121,0.0001,0.0010,1
-4703.1636,-28634.3926,24.9425,-5222.6514,-28124.2324,21.9616,-4703.4150,-28633.2090,27.6707,727.1097,-0.0002,0.0017,-3.1368,0.7943,-3.1401,-4701.6182,-28635.0879,23.9302,0.0001,0.0010,1
-4703.1636,-28634.3926,24.9425,-5222.6479,-28124.2383,21.9616,-4699.0386,-28633.9316,25.4018,730.7255,-0.0007,0.0012,-3.1368,0.7943,-3.1401,-4701.5293,-28635.0645,23.9790,0.0002,0.0010,1
-4703.1636,-28634.3926,24.9425,-5222.6445,-28124.2441,21.9616,-4701.1113,-28641.2188,23.0999,734.3417,0.0007,0.0007,-3.1368,0.7943,-3.1401,-4701.5059,-28635.2832,23.9524,0.0001,0.0010,1
-4703.1636,-28634.3926,24.9425,-5222.6411,-28124.2500,21.9616,-4707.1128,-28631.7188,20.8181,723.3912,0.0002,0.0002,-3.1368,0.7943,-3.1401,-4701.6895,-28635.1914,23.8444,0.0001,0.0010,1
-4703.1636,-28634.3926,24.9425,-5222.6382,-28124.2559,21.9616,-4702.7939,-28632.4277,27.6589,726.9813,-0.0004,0.0017,-3.1368,0.7943,-3.1401,-4701.7358,-28635.1133,23.9655,0.0001,0.0010,1
-4703.1636,-28634.3926,24.9425,-5222.6348,-28124.2617,21.9616,-4698.4180,-28633.1445,25.3899,730.5969,-0.0009,0.0012,-3.1368,0.7943,-3.1401,-4701.6343,-28635.0547,24.0170,0.0002,0.0010,1
-4703.1636,-28634.3926,24.9425,-5222.6313,-28124.2676,21.9616,-4700.4800,-28640.4355,23.0884,734.2131,0.0005,0.0007,-3.1369,0.7943,-3.1401,-4701.5962,-28635.2402,23.9928,0.0001,0.0010,1
-4703.1636,-28634.3926,24.9425,-5222.6279,-28124.2715,21.9616,-4706.4946,-28630.9434,20.8071,723.2633,-0.0000,0.0002,-3.1369,0.7943,-3.1401,-4701.7627,-28635.1113,23.8869,0.0001,0.0010,1
-4703.1636,-28634.3926,24.9425,-5222.6250,-28124.2773,21.9616,-4702.1748,-28631.6465,27.6469,726.8537,-0.0006,0.0017,-3.1369,0.7943,-3.1401,-4701.7900,-28634.9980,24.0097,0.0001,0.0010,1
-4703.1636,-28634.3926,24.9425,-5222.6216,-28124.2832,21.9616,-4704.2236,-28638.9141,25.3686,730.4697,0.0008,0.0012,-3.1369,0.7943,-3.1401,-4701.8882,-28635.1250,24.0624,0.0001,0.0010,1
-4703.1636,-28634.3926,24.9425,-5222.6187,-28124.2891,21.9616,-4699.8506,-28639.6504,23.0771,734.0853,0.0003,0.0007,-3.1369,0.7943,-3.1401,-4701.8413,-28635.2871,24.0393,0.0001,0.0010,1
-4703.1636,-28634.3926,24.9425,-5222.6152,-28124.2949,21.9616,-4705.8779,-28630.1680,20.7964,723.1359,-0.0003,0.0002,-3.1369,0.7943,-3.1401,-4701.9966,-28635.1309,23.9344,0.0001,0.0010,1
-4703.1636,-28634.3926,24.9425,-5222.6123,-28124.2988,21.9616,-4708.1855,-28635.1895,27.8519,725.0312,0.0009,0.0018,-3.1369,0.7943,-3.1401,-4702.2388,-28635.1367,24.0657,0.0000,0.0010,1
-4703.1636,-28634.3926,24.9425,-5222.6089,-28124.3047,21.9616,-4703.7290,-28631.7266,27.1222,725.7629,-0.0004,0.0016,-3.1369,0.7943,-3.1401,-4702.3394,-28635.0234,24.1803,0.0001,0.0011,1
-4703.1636,-28634.3926,24.9425,-5222.6060,-28124.3105,21.9616,-4699.2217,-28638.8652,23.0658,733.9583,0.0001,0.0007,-3.1369,0.7943,-3.1401,-4702.2861,-28635.1465,24.1617,0.0000,0.0011,1
-4703.1636,-28634.3926,24.9425,-5222.6030,-28124.3164,21.9616,-4705.2627,-28629.3926,20.7855,723.0093,-0.0005,0.0002,-3.1369,0.7943,-3.1401,-4702.4316,-28634.9531,24.0604,0.0000,0.0010,1
-4703.1636,-28634.3926,24.9425,-5222.6001,-28124.3203,21.9616,-4707.3379,-28636.5996,27.6132,726.6011,0.0010,0.0017,-3.1369,0.7943,-3.1401,-4702.6523,-28634.9961,24.1866,0.0000,0.0011,1
-4703.1636,-28634.3926,24.9425,-5222.5972,-28124.3262,21.9616,-4702.9697,-28637.3555,25.3452,730.2169,0.0004,0.0012,-3.1369,0.7943,-3.1401,-4702.7305,-28635.0703,24.2419,-0.0000,0.0011,1
-4703.1636,-28634.3926,24.9425,-5222.5942,-28124.3301,21.9616,-4698.5952,-28638.0781,23.0544,733.8322,-0.0001,0.0007,-3.1369,0.7943,-3.1401,-4702.6572,-28635.1719,24.2208,-0.0000,0.0011,1
-4703.1636,-28634.3926,24.9425,-5222.5913,-28124.3359,21.9616,-4704.6489,-28628.6133,20.7747,722.8836,-0.0007,0.0002,-3.1369,0.7943,-3.1401,-4702.7788,-28634.9551,24.1168,-0.0000,0.0011,1
-4703.1636,-28634.3926,24.9425,-5222.5884,-28124.3418,21.9616,-4701.1182,-28640.2754,28.1135,733.5851,0.0006,0.0018,-3.1369,0.7943,-3.1401,-4702.7812,-28635.1230,24.2564,-0.0000,0.0011,1
-4703.1636,-28634.3926,24.9425,-5222.5854,-28124.3457,21.9616,-4702.3438,-28636.5742,25.3334,730.0917,0.0002,0.0012,-3.1369,0.7943,-3.1401,-4702.8188,-28635.1777,24.3099,-0.0000,0.0011,1
-4703.1636,-28634.3926,24.9425,-5222.5825,-28124.3516,21.9616,-4697.9688,-28637.2930,23.0427,733.7069,-0.0004,0.0007,-3.1369,0.7943,-3.1401,-4702.7041,-28635.2598,24.2866,-0.0000,0.0011,1
-4703.1636,-28634.3926,24.9425,-5222.5796,-28124.3555,21.9616,-4704.0361,-28627.8359,20.7639,722.7587,-0.0009,0.0002,-3.1369,0.7943,-3.1401,-4702.7842,-28635.0215,24.1802,-0.0000,0.0011,1
-4703.1636,-28634.3926,24.9425,-5222.5767,-28124.3613,21.9616,-4706.0889,-28635.0508,27.5892,726.3517,0.0005,0.0017,-3.1369,0.7943,-3.1401,-4702.9355,-28635.0137,24.3010,-0.0000,0.0011,1
-4703.1636,-28634.3926,24.9425,-5222.5737,-28124.3652,21.9616,-4701.7192,-28635.7910,25.3217,729.9673,-0.0000,0.0012,-3.1369,0.7943,-3.1401,-4702.9424,-28635.0332,24.3507,-0.0000,0.0011,1
-4703.1636,-28634.3926,24.9425,-5222.5713,-28124.3711,21.9616,-4697.3442,-28636.5059,23.0314,733.5823,-0.0006,0.0007,-3.1369,0.7943,-3.1401,-4702.7954,-28635.0781,24.3237,-0.0000,0.0011,1
-4703.1636,-28634.3926,24.9425,-5222.5684,-28124.3750,21.9616,-4709.7822,-28633.5410,20.7435,722.6345,0.0009,0.0002,-3.1369,0.7943,-3.1401,-4703.0615,-28635.0234,24.2132,-0.0001,0.0011,1
-4703.1636,-28634.3926,24.9425,-5222.5659,-28124.3809,21.9616,-4705.4663,-28634.2754,27.5771,726.2281,0.0003,0.0017,-3.1369,0.7943,-3.1401,-4703.1924,-28634.9922,24.3302,-0.0001,0.0011,1
-4703.1636,-28634.3926,24.9425,-5222.5630,-28124.3848,21.9616,-4701.0962,-28635.0098,25.3099,729.8436,-0.0002,0.0012,-3.1369,0.7943,-3.1401,-4703.1753,-28634.9863,24.3762,-0.0001,0.0011,1
-4703.1636,-28634.3926,24.9425,-5222.5601,-28124.3887,21.9616,-4696.7202,-28635.7168,23.0200,733.4586,-0.0008,0.0007,-3.1369,0.7944,-3.1401,-4703.0029,-28635.0020,24.3454,-0.0000,0.0011,1
-4703.1636,-28634.3926,24.9425,-5222.5576,-28124.3945,21.9616,-4696.7563,-28634.8398,22.5965,732.8151,-0.0009,0.0006,-3.1369,0.7944,-3.1401,-4702.8149,-28634.9922,24.2965,-0.0000,0.0011,1
-4703.1636,-28634.3926,24.9425,-5222.5552,-28124.3984,21.9616,-4698.7202,-28636.0176,20.4255,732.2285,-0.0005,0.0001,-3.1369,0.7944,-3.1401,-4702.6797,-28635.0215,24.1692,0.0000,0.0011,1
-4703.1636,-28634.3926,24.9425,-5222.5522,-28124.4023,21.9616,-4700.4741,-28634.2266,25.2983,729.7206,-0.0005,0.0012,-3.1369,0.7944,-3.1401,-4702.5952,-28634.9922,24.2000,0.0000,0.0011,1
-4703.1636,-28634.3926,24.9425,-5222.5498,-28124.4082,21.9616,-4702.5547,-28641.5039,22.9991,733.3355,0.0010,0.0007,-3.1369,0.7944,-3.1401,-4702.5776,-28635.2090,24.1549,-0.0000,0.0011,1
-4703.1636,-28634.3926,24.9425,-5222.5474,-28124.4121,21.9616,-4708.5425,-28631.9980,20.7216,722.3882,0.0004,0.0002,-3.1369,0.7944,-3.1401,-4702.7681,-28635.1152,24.0281,-0.0000,0.0010,1
-4703.1636,-28634.3926,24.9425,-5222.5449,-28124.4160,21.9616,-4705.4634,-28635.2148,25.6465,726.8400,0.0005,0.0013,-3.1369,0.7944,-3.1401,-4702.8647,-28635.1230,24.0644,-0.0000,0.0010,1
-4703.1636,-28634.3926,24.9425,-5222.5420,-28124.4199,21.9616,-4699.8530,-28633.4434,25.2865,729.5984,-0.0007,0.0012,-3.1369,0.7944,-3.1401,-4702.7744,-28635.0723,24.0926,-0.0000,0.0010,1
-4703.1636,-28634.3926,24.9425,-5222.5396,-28124.4238,21.9616,-4701.9229,-28640.7207,22.9876,733.2133,0.0008,0.0007,-3.1369,0.7944,-3.1401,-4702.7485,-28635.2656,24.0454,-0.0000,0.0010,1
-4703.1636,-28634.3926,24.9425,-5222.5371,-28124.4297,21.9616,-4707.9238,-28631.2246,20.7109,722.2662,0.0002,0.0002,-3.1369,0.7944,-3.1401,-4702.9272,-28635.1445,23.9169,-0.0001,0.0010,1
-4703.1636,-28634.3926,24.9425,-5222.5347,-28124.4336,21.9616,-4703.6045,-28631.9414,27.5409,725.8617,-0.0003,0.0017,-3.1369,0.7944,-3.1401,-4702.9683,-28635.0391,24.0178,-0.0000,0.0010,1
-4703.1636,-28634.3926,24.9425,-5222.5322,-28124.4375,21.9616,-4699.2329,-28632.6602,25.2748,729.4769,-0.0009,0.0012,-3.1369,0.7944,-3.1401,-4702.8594,-28634.9512,24.0492,-0.0000,0.0010,1
-4703.1636,-28634.3926,24.9425,-5222.5298,-28124.4414,21.9616,-4701.2925,-28639.9395,22.9762,733.0915,0.0005,0.0007,-3.1369,0.7944,-3.1401,-4702.8125,-28635.1094,24.0054,-0.0000,0.0010,1
-4703.1636,-28634.3926,24.9425,-5222.5273,-28124.4453,21.9616,-4707.3066,-28630.4492,20.6999,722.1448,-0.0000,0.0002,-3.1369,0.7944,-3.1401,-4702.9697,-28634.9512,23.8802,-0.0000,0.0010,1
-4703.1636,-28634.3926,24.9425,-5222.5249,-28124.4492,21.9616,-4702.9863,-28631.1602,27.5290,725.7408,-0.0006,0.0017,-3.1369,0.7944,-3.1401,-4702.9863,-28634.8086,23.9843,-0.0000,0.0010,1
-4703.1636,-28634.3926,24.9425,-5222.5229,-28124.4531,21.9616,-4705.0322,-28638.4160,25.2535,729.3559,0.0009,0.0012,-3.1369,0.7944,-3.1401,-4703.0728,-28634.9062,24.0185,-0.0000,0.0010,1
-4703.1636,-28634.3926,24.9425,-5222.5205,-28124.4570,21.9617,-4700.6636,-28639.1543,22.9647,732.9705,0.0003,0.0007,-3.1369,0.7944,-3.1401,-4703.0137,-28635.0391,23.9777,-0.0000,0.0010,1
-4703.1636,-28634.3926,24.9425,-5222.5181,-28124.4629,21.9617,-4706.6909,-28629.6758,20.6890,722.0240,-0.0002,0.0002,-3.1369,0.7944,-3.1401,-4703.1553,-28634.8555,23.8556,-0.0000,0.0010,1
-4703.1636,-28634.3926,24.9425,-5222.5156,-28124.4668,21.9617,-4702.3691,-28630.3809,27.5170,725.6207,-0.0008,0.0017,-3.1369,0.7944,-3.1401,-4703.1553,-28634.6836,23.9625,-0.0000,0.0010,1
-4703.1636,-28634.3926,24.9425,-5222.5137,-28124.4707,21.9617,-4704.4048,-28637.6406,25.2418,729.2356,0.0007,0.0012,-3.1369,0.7944,-3.1401,-4703.2217,-28634.7539,23.9997,-0.0000,0.0010,1
-4703.1636,-28634.3926,24.9425,-5222.5112,-28124.4746,21.9617,-4700.0347,-28638.3711,22.9533,732.8502,0.0001,0.0007,-3.1369,0.7944,-3.1401,-4703.1401,-28634.8574,23.9616,-0.0000,0.0010,1
