0.0000,0.0000,0.0000,0.0000,0.0000,0.0000,0.0000,0.0000,0.0000,0.0000,0.0000,0.0000,0.0000,0.0000,0.0000,0.0000,0.0000,0.0000,0.0000,0.0000,0
0.0000,0.0000,0.0000,0.0000,0.0000,0.0000,0.0000,0.0000,0.0000,0.0000,0.0000,0.0000,0.0000,0.0000,0.0000,0.0000,0.0000,0.0000,0.0000,0.0000,0
0.0000,0.0000,0.0000,0.0000,0.0000,0.0000,0.0000,0.0000,0.0000,0.0000,0.0000,0.0000,0.0000,0.0000,0.0000,0.0000,0.0000,0.0000,0.0000,0.0000,0
0.0000,0.0000,0.0000,0.0000,0.0000,0.0000,0.0000,0.0000,0.0000,0.0000,0.0000,0.0000,0.0000,0.0000,0.0000,0.0000,0.0000,0.0000,0.0000,0.0000,0
0.0000,0.0000,0.0000,0.0000,0.0000,0.0000,0.0000,0.0000,0.0000,0.0000,0.0000,0.0000,0.0000,0.0000,0.0000,0.0000,0.0000,0.0000,0.0000,0.0000,0
0.0000,0.0000,0.0000,0.0000,0.0000,0.0000,0.0000,0.0000,0.0000,0.0000,0.0000,0.0000,0.0000,0.0000,0.0000,0.0000,0.0000,0.0000,0.0000,0.0000,0
0.0000,0.0000,0.0000,-5252.6138,-28084.4629,22.4979,0.0000,0.0000,0.0000,0.0000,0.0000,0.0000,3.1416,0.7854,3.1416,0.0000,0.0000,0.0000,0.0000,0.0000,0
-4703.1636,-28634.3926,24.9425,-5252.6138,-28084.4629,22.4962,0.0000,0.0000,0.0000,0.0000,0.0000,0.0000,-3.1415,0.7854,-3.1416,0.0000,0.0000,0.0000,0.0000,0.0000,0
-4703.1636,-28634.3926,24.9425,-5252.6138,-28084.4629,22.4917,0.0000,0.0000,0.0000,0.0000,0.0000,0.0000,-3.1415,0.7854,-3.1416,0.0000,0.0000,0.0000,0.0000,0.0000,0
-4703.1636,-28634.3926,24.9425,-5252.6138,-28084.4629,22.4844,0.0000,0.0000,0.0000,0.0000,0.0000,0.0000,-3.1414,0.7854,-3.1415,0.0000,0.0000,0.0000,0.0000,0.0000,0
-4703.1636,-28634.3926,24.9425,-5252.6138,-28084.4629,22.4742,0.0000,0.0000,0.0000,0.0000,0.0000,0.0000,-3.1414,0.7854,-3.1415,0.0000,0.0000,0.0000,0.0000,0.0000,0
-4703.1636,-28634.3926,24.9425,-5252.6138,-28084.4629,22.4612,0.0000,0.0000,0.0000,776.7650,-0.0003,-0.0003,-3.1414,0.7854,-3.1415,0.0000,0.0000,0.0000,0.0000,0.0000,0
-4703.1636,-28634.3926,24.9425,-5252.6138,-28084.4629,22.4455,-4710.6880,-28631.8965,27.0630,770.3141,0.0008,0.0009,-3.1414,0.7854,-3.1415,-4710.6880,-28631.8965,27.0630,-0.0002,0.0003,1
-4703.1636,-28634.3926,24.9425,-5252.6138,-28084.4629,22.4270,-4699.8789,-28641.1426,26.3013,784.4863,0.0006,0.0007,-3.1415,0.7854,-3.1415,-4710.3433,-28632.1914,27.0387,-0.0002,0.0002,1
-4703.1636,-28634.3926,24.9425,-5252.6138,-28084.4629,22.4058,-4706.2012,-28630.9473,23.8105,772.7949,0.0000,0.0002,-3.1415,0.7854,-3.1414,-4710.1763,-28632.1797,26.9319,-0.0000,0.0001,1
-4703.1636,-28634.3926,24.9425,-5252.6138,-28084.4629,22.3820,-4701.5591,-28631.7578,21.3019,776.6560,-0.0005,-0.0003,-3.1414,0.7854,-3.1414,-4709.8530,-28632.1895,26.7383,0.0002,-0.0001,1
-4703.1636,-28634.3926,24.9425,-5252.6138,-28084.4629,22.3554,-4700.9258,-28641.7168,28.4754,784.1704,0.0008,0.0011,-3.1414,0.7854,-3.1414,-4709.4961,-28632.5156,26.7639,-0.0002,0.0003,1
-4703.1636,-28634.3926,24.9425,-5252.6138,-28084.4629,22.3261,-4699.1851,-28640.2988,26.1562,784.3773,0.0003,0.0007,-3.1414,0.7854,-3.1414,-4709.0688,-28632.8164,26.7204,-0.0001,0.0002,1
-4703.1636,-28634.3926,24.9425,-5252.6138,-28084.4629,22.2940,-4705.5239,-28630.1152,23.6463,772.6859,-0.0002,0.0002,-3.1414,0.7854,-3.1414,-4708.8247,-28632.8027,26.5954,0.0001,0.0001,1
-4703.1636,-28634.3926,24.9425,-5252.6138,-28084.4629,22.2593,-4700.9604,-28631.0000,21.2760,776.5472,-0.0007,-0.0003,-3.1414,0.7854,-3.1414,-4708.4331,-28632.8105,26.3892,0.0002,-0.0001,1
-4703.1636,-28634.3926,24.9425,-5252.6138,-28084.4629,22.2218,-4703.2446,-28638.7148,28.5854,780.4076,0.0007,0.0012,-3.1414,0.7854,-3.1413,-4708.1055,-28633.0586,26.4086,-0.0002,0.0004,1
-4703.1636,-28634.3926,24.9425,-5252.6138,-28084.4629,22.1817,-4699.6729,-28636.3887,25.4880,781.2648,-0.0001,0.0006,-3.1414,0.7854,-3.1413,-4707.6606,-28633.2422,26.3356,0.0000,0.0002,1
-4703.1636,-28634.3926,24.9425,-5252.6138,-28084.4629,22.1388,-4703.5430,-28629.8516,20.1374,773.9084,-0.0005,-0.0005,-3.1414,0.7854,-3.1413,-4707.3286,-28633.2188,26.0896,0.0002,-0.0002,1
-4703.1636,-28634.3926,24.9425,-5252.6138,-28084.4629,22.0933,-4707.1919,-28637.0664,21.2541,776.4385,0.0010,-0.0003,-3.1414,0.7854,-3.1413,-4707.1147,-28633.4160,25.8693,-0.0003,-0.0001,1
-4703.1636,-28634.3926,24.9425,-5252.6138,-28084.4629,22.0451,-4702.5659,-28637.8867,28.5579,780.2990,0.0005,0.0012,-3.1414,0.7854,-3.1413,-4706.7622,-28633.6445,25.8766,-0.0001,0.0004,1
-4703.1636,-28634.3926,24.9425,-5252.6138,-28084.4629,21.9942,-4697.8989,-28638.7051,26.0780,784.1599,-0.0001,0.0007,-3.1414,0.7854,-3.1413,-4706.2612,-28633.9043,25.8136,0.0000,0.0002,1
-4703.1636,-28634.3926,24.9425,-5252.6123,-28084.4629,21.9468,-4704.2812,-28628.5586,22.9595,772.4684,-0.0006,0.0002,-3.1416,0.7854,3.1406,-4705.9546,-28633.8438,25.6534,0.0002,0.0001,1
-4703.1636,-28634.3926,24.9425,-5252.6094,-28084.4629,21.9077,-4696.2544,-28635.9863,21.3684,783.3951,-0.0007,0.0001,-3.1413,0.7853,3.1389,-4705.3989,-28634.0059,25.4407,0.0002,0.0000,1
-4703.1636,-28634.3926,24.9425,-5252.6055,-28084.4648,21.8776,-4701.8555,-28637.0605,25.7102,780.1891,0.0002,0.0014,-3.1403,0.7853,3.1373,-4705.0132,-28634.2031,25.3612,-0.0001,0.0004,1
-4703.1636,-28634.3926,24.9425,-5252.6011,-28084.4648,21.8565,-4697.2231,-28637.9023,21.1042,784.0500,-0.0003,0.0009,-3.1386,0.7852,3.1358,-4704.4849,-28634.4297,25.1393,0.0001,0.0003,1
-4703.1636,-28634.3926,24.9425,-5252.5952,-28084.4688,21.8443,-4703.6523,-28627.7637,16.1162,772.3586,-0.0009,0.0004,-3.1363,0.7852,3.1344,-4704.1577,-28634.3301,24.7491,0.0003,0.0001,1
-4703.1636,-28634.3926,24.9425,-5252.5889,-28084.4707,21.8410,-4705.8281,-28635.4082,18.2948,776.1993,0.0005,0.0014,-3.1333,0.7849,3.1332,-4703.9126,-28634.4609,24.4161,-0.0002,0.0004,1
-4703.1636,-28634.3926,24.9425,-5252.5825,-28084.4746,21.8457,-4701.1377,-28636.2129,22.4561,780.0596,-0.0000,0.0029,-3.1298,0.7850,3.1324,-4703.5337,-28634.6133,24.2097,0.0000,0.0009,1
-4703.1636,-28634.3926,24.9425,-5252.5767,-28084.4785,21.8566,-4706.9932,-28632.1348,15.8246,773.0556,0.0002,0.0021,-3.1261,0.7850,3.1324,-4703.3511,-28634.6348,23.7908,-0.0001,0.0006,1
-4703.1636,-28634.3926,24.9425,-5252.5723,-28084.4844,21.8715,-4709.7373,-28633.6602,12.7173,772.2294,0.0009,0.0019,-3.1229,0.7851,3.1331,-4703.2783,-28634.6953,23.2603,-0.0003,0.0006,1
-4703.1636,-28634.3926,24.9425,-5252.5693,-28084.4863,21.8878,-4705.1948,-28634.6309,20.0911,776.0557,0.0004,0.0037,-3.1206,0.7852,3.1342,-4703.0840,-28634.7812,22.9537,-0.0001,0.0011,1
-4703.1636,-28634.3926,24.9425,-5252.5684,-28084.4883,21.9035,-4706.8838,-28635.7207,24.4103,775.6372,0.0008,0.0046,-3.1194,0.7853,3.1355,-4702.9600,-28634.8984,22.7890,-0.0002,0.0014,1
-4703.1636,-28634.3926,24.9425,-5252.5684,-28084.4902,21.9174,-4695.7891,-28636.1367,25.3246,783.7766,-0.0007,0.0047,-3.1193,0.7854,3.1367,-4702.4995,-28635.0273,22.6655,0.0002,0.0014,1
-4703.1636,-28634.3926,24.9425,-5252.5698,-28084.4902,21.9294,-4709.0205,-28632.8398,24.0161,772.0860,0.0007,0.0042,-3.1203,0.7854,3.1373,-4702.4600,-28635.0469,22.5155,-0.0002,0.0013,1
-4703.1636,-28634.3926,24.9425,-5252.5718,-28084.4883,21.9397,-4704.4502,-28633.7285,22.6417,775.9406,0.0002,0.0036,-3.1218,0.7855,3.1377,-4702.2974,-28635.0879,22.3326,-0.0001,0.0011,1
-4703.1636,-28634.3926,24.9425,-5252.5742,-28084.4863,21.9482,-4699.8101,-28634.4629,31.5337,779.8007,-0.0004,0.0051,-3.1234,0.7855,3.1382,-4702.0000,-28635.1445,22.4435,0.0001,0.0015,1
-4703.1636,-28634.3926,24.9425,-5252.5771,-28084.4863,21.9549,-4702.0957,-28642.1953,30.8108,783.6613,0.0011,0.0046,-3.1251,0.7855,3.1388,-4701.7803,-28635.4453,22.5572,-0.0003,0.0014,1
-4703.1636,-28634.3926,24.9425,-5252.5806,-28084.4844,21.9597,-4706.5601,-28635.0039,30.3179,775.4095,0.0007,0.0042,-3.1270,0.7856,3.1394,-4701.7153,-28635.5254,22.6821,-0.0002,0.0013,1
-4703.1636,-28634.3926,24.9425,-5252.5840,-28084.4805,21.9628,-4703.8120,-28632.9316,23.1026,775.8473,-0.0000,0.0023,-3.1290,0.7856,3.1400,-4701.5811,-28635.5352,22.5963,0.0000,0.0007,1
-4703.1636,-28634.3926,24.9425,-5252.5879,-28084.4785,21.9643,-4699.1924,-28633.6660,32.4321,779.7075,-0.0006,0.0038,-3.1312,0.7856,3.1405,-4701.3125,-28635.5586,22.8149,0.0002,0.0011,1
-4703.1636,-28634.3926,24.9425,-5252.5923,-28084.4766,21.9646,-4705.3057,-28629.7031,27.0131,772.5333,-0.0003,0.0023,-3.1335,0.7857,3.1409,-4701.2446,-28635.4473,22.8857,0.0001,0.0007,1
-4703.1636,-28634.3926,24.9425,-5252.5962,-28084.4727,21.9645,-4707.7783,-28631.1816,31.4938,771.8774,0.0003,0.0028,-3.1358,0.7857,3.1413,-4701.2739,-28635.3652,23.1136,-0.0001,0.0008,1
-4703.1636,-28634.3926,24.9425,-5252.6001,-28084.4707,21.9647,-4703.0830,-28632.0469,22.9228,775.7620,-0.0002,0.0007,-3.1379,0.7857,3.1415,-4701.1733,-28635.3027,23.0841,0.0001,0.0002,1
-4703.1636,-28634.3926,24.9425,-5252.6035,-28084.4668,21.9652,-4698.4702,-28632.7949,31.6981,779.6223,-0.0008,0.0022,-3.1396,0.7857,-3.1415,-4700.9351,-28635.2539,23.3367,0.0002,0.0007,1
-4703.1636,-28634.3926,24.9425,-5252.6060,-28084.4648,21.9658,-4700.8804,-28640.6855,30.4229,783.4831,0.0007,0.0017,-3.1410,0.7855,-3.1414,-4700.7754,-28635.4512,23.5663,-0.0002,0.0005,1
-4703.1636,-28634.3926,24.9425,-5252.6084,-28084.4629,21.9666,-4707.1987,-28630.4961,28.7263,771.7920,0.0001,0.0012,3.1411,0.7855,-3.1414,-4700.8276,-28635.3320,23.7587,-0.0000,0.0004,1
-4703.1636,-28634.3926,24.9425,-5252.6104,-28084.4609,21.9672,-4702.4224,-28631.2305,21.7964,775.6714,-0.0005,-0.0004,3.1404,0.7855,-3.1413,-4700.7456,-28635.2246,23.7366,0.0001,-0.0001,1
-4703.1636,-28634.3926,24.9425,-5252.6118,-28084.4609,21.9678,-4704.7241,-28638.9316,29.4909,779.5319,0.0010,0.0011,3.1399,0.7855,-3.1413,-4700.7461,-28635.3535,23.9556,-0.0003,0.0003,1
-4703.1636,-28634.3926,24.9425,-5252.6128,-28084.4590,21.9681,-4700.0625,-28639.7676,27.2056,783.3928,0.0004,0.0006,3.1398,0.7855,-3.1413,-4700.6113,-28635.5176,24.1112,-0.0001,0.0002,1
-4703.1636,-28634.3926,24.9425,-5252.6133,-28084.4590,21.9682,-4706.4009,-28629.5898,24.6675,771.7014,-0.0001,0.0001,3.1398,0.7855,-3.1414,-4700.6855,-28635.3613,24.1904,0.0000,0.0000,1
-4703.1636,-28634.3926,24.9425,-5252.6133,-28084.4590,21.9681,-4701.7588,-28630.4102,20.9992,775.5688,-0.0007,-0.0006,3.1400,0.7855,-3.1414,-4700.6265,-28635.2188,24.1497,0.0002,-0.0002,1
-4703.1636,-28634.3926,24.9425,-5252.6133,-28084.4590,21.9678,-4704.0386,-28638.1230,28.0186,779.4293,0.0007,0.0009,3.1404,0.7855,-3.1414,-4700.6465,-28635.3145,24.3251,-0.0002,0.0003,1
-4703.1636,-28634.3926,24.9425,-5252.6128,-28084.4609,21.9673,-4703.1553,-28635.9062,22.6033,778.4573,0.0003,-0.0001,3.1409,0.7855,-3.1414,-4700.6494,-28635.3438,24.3326,-0.0001,-0.0000,1
-4703.1636,-28634.3926,24.9425,-5252.6123,-28084.4609,21.9666,-4705.7329,-28628.7832,22.2399,771.5988,-0.0004,-0.0001,3.1415,0.7855,-3.1415,-4700.7456,-28635.1426,24.3213,0.0001,-0.0000,1
-4703.1636,-28634.3926,24.9425,-5252.6118,-28084.4609,21.9659,-4701.0977,-28629.5879,20.6728,775.4576,-0.0009,-0.0003,-3.1411,0.7855,-3.1415,-4700.7051,-28634.9551,24.2528,0.0003,-0.0001,1
-4703.1636,-28634.3926,24.9425,-5252.6108,-28084.4629,21.9651,-4703.3618,-28637.3086,27.4833,779.3180,0.0005,0.0012,-3.1404,0.7855,-3.1415,-4700.7402,-28635.0039,24.3937,-0.0002,0.0004,1
-4703.1636,-28634.3926,24.9425,-5252.6104,-28084.4629,21.9644,-4698.6992,-28638.1309,24.5267,783.1789,-0.0000,0.0007,-3.1398,0.7854,-3.1415,-4700.6338,-28635.0859,24.4446,0.0000,0.0002,1
-4703.1636,-28634.3926,24.9425,-5252.6094,-28084.4629,21.9636,-4705.0698,-28627.9648,21.5825,771.4875,-0.0006,0.0002,-3.1391,0.7854,-3.1416,-4700.7305,-28634.8477,24.3984,0.0002,0.0001,1
-4703.1636,-28634.3926,24.9425,-5252.6084,-28084.4648,21.9629,-4707.3179,-28635.6582,20.7136,775.3428,0.0009,0.0001,-3.1386,0.7854,-3.1416,-4700.9106,-28634.8418,24.3165,-0.0003,0.0000,1
-4703.1636,-28634.3926,24.9425,-5252.6079,-28084.4648,21.9623,-4702.6875,-28636.4805,27.6404,779.2032,0.0003,0.0016,-3.1381,0.7854,-3.1416,-4700.9565,-28634.8672,24.4481,-0.0001,0.0005,1
-4703.1636,-28634.3926,24.9425,-5252.6069,-28084.4648,21.9617,-4698.0229,-28637.2969,24.8510,783.0641,-0.0002,0.0011,-3.1376,0.7854,3.1416,-4700.8569,-28634.9238,24.4959,0.0001,0.0003,1
-4703.1636,-28634.3926,24.9425,-5252.6064,-28084.4668,21.9613,-4704.4062,-28627.1406,22.1013,771.3727,-0.0008,0.0006,-3.1373,0.7854,3.1416,-4700.9575,-28634.6562,24.4540,0.0002,0.0002,1
-4703.1636,-28634.3926,24.9425,-5252.6060,-28084.4668,21.9609,-4697.1885,-28634.9121,26.8704,781.9808,-0.0007,0.0016,-3.1370,0.7854,3.1416,-4700.8335,-28634.6250,24.5589,0.0002,0.0005,1
-4703.1636,-28634.3926,24.9425,-5252.6055,-28084.4668,21.9607,-4702.0132,-28635.6465,28.0871,779.0891,0.0001,0.0019,-3.1368,0.7854,3.1416,-4700.8564,-28634.6211,24.7070,-0.0000,0.0006,1
-4703.1636,-28634.3926,24.9425,-5252.6050,-28084.4668,21.9605,-4711.6963,-28632.2617,20.3370,769.8458,0.0010,0.0004,-3.1366,0.7854,3.1416,-4701.1973,-28634.5117,24.6104,-0.0003,0.0001,1
-4703.1636,-28634.3926,24.9425,-5252.6050,-28084.4688,21.9604,-4710.5957,-28633.1660,23.0093,771.2586,0.0010,0.0009,-3.1365,0.7854,3.1416,-4701.5249,-28634.4277,24.5895,-0.0003,0.0003,1
-4703.1636,-28634.3926,24.9425,-5252.6050,-28084.4688,21.9604,-4705.9668,-28634.0098,21.1274,775.1170,0.0004,0.0005,-3.1365,0.7854,3.1416,-4701.7202,-28634.3691,24.5034,-0.0001,0.0002,1
-4703.1636,-28634.3926,24.9425,-5252.6045,-28084.4688,21.9605,-4706.6265,-28635.8320,28.8563,775.9708,0.0008,0.0021,-3.1366,0.7854,3.1416,-4701.9438,-28634.3711,24.6581,-0.0002,0.0006,1
-4703.1636,-28634.3926,24.9425,-5252.6045,-28084.4688,21.9606,-4696.6719,-28635.6172,26.1163,782.8382,-0.0007,0.0015,-3.1366,0.7854,3.1416,-4701.8555,-28634.3711,24.7324,0.0002,0.0005,1
-4703.1636,-28634.3926,24.9425,-5252.6050,-28084.4688,21.9607,-4709.9233,-28632.3438,23.7226,771.1470,0.0008,0.0010,-3.1368,0.7854,3.1416,-4702.1797,-28634.2695,24.7316,-0.0002,0.0003,1
-4703.1636,-28634.3926,24.9425,-5252.6050,-28084.4688,21.9609,-4705.2910,-28633.1816,21.2327,775.0078,0.0002,0.0005,-3.1369,0.7854,3.1416,-4702.3667,-28634.1934,24.6471,-0.0001,0.0001,1
-4703.1636,-28634.3926,24.9425,-5252.6050,-28084.4668,21.9611,-4700.6636,-28633.9766,28.6831,778.8681,-0.0003,0.0020,-3.1371,0.7854,3.1416,-4702.4077,-28634.1426,24.7937,0.0001,0.0006,1
-4703.1636,-28634.3926,24.9425,-5252.6050,-28084.4668,21.9612,-4709.2378,-28629.9902,21.2233,769.9628,0.0003,0.0004,-3.1372,0.7852,3.1416,-4702.7183,-28633.9629,24.7071,-0.0001,0.0001,1
-4703.1636,-28634.3926,24.9425,-5252.6055,-28084.4668,21.9614,-4699.5693,-28636.2207,21.6889,781.2027,-0.0002,0.0005,-3.1374,0.7852,3.1416,-4702.7271,-28633.9785,24.6283,0.0001,0.0002,1
-4703.1636,-28634.3926,24.9425,-5252.6055,-28084.4668,21.9616,-4704.4829,-28632.2188,21.2353,774.8998,-0.0001,0.0004,-3.1375,0.7852,3.1416,-4702.8818,-28633.8730,24.5270,0.0000,0.0001,1
-4703.1636,-28634.3926,24.9425,-5252.6060,-28084.4668,21.9618,-4699.8564,-28633.0098,28.6800,778.7602,-0.0006,0.0019,-3.1377,0.7852,3.1416,-4702.8867,-28633.7910,24.6578,0.0002,0.0006,1
-4703.1636,-28634.3926,24.9425,-5252.6060,-28084.4668,21.9620,-4702.1357,-28640.7637,26.3533,782.6210,0.0008,0.0014,-3.1378,0.7852,3.1416,-4702.9546,-28633.9590,24.7224,-0.0002,0.0004,1
-4703.1636,-28634.3926,24.9425,-5252.6060,-28084.4668,21.9621,-4708.4482,-28630.5664,23.9599,770.9298,0.0003,0.0009,-3.1379,0.7852,3.1416,-4703.2207,-28633.8145,24.7131,-0.0001,0.0003,1
-4703.1636,-28634.3926,24.9425,-5252.6064,-28084.4668,21.9622,-4703.8145,-28631.3945,21.1774,774.7919,-0.0003,0.0003,-3.1380,0.7852,3.1416,-4703.3438,-28633.6934,24.6120,0.0001,0.0001,1
-4703.1636,-28634.3926,24.9425,-5252.6064,-28084.4668,21.9623,-4699.3374,-28639.5820,25.9922,783.7538,0.0002,0.0013,-3.1381,0.7852,3.1416,-4703.3208,-28633.8301,24.6577,-0.0001,0.0004,1
-4703.1636,-28634.3926,24.9425,-5252.6064,-28084.4668,21.9624,-4701.4521,-28639.9355,26.1847,782.5132,0.0006,0.0013,-3.1382,0.7852,3.1416,-4703.3521,-28633.9941,24.7124,-0.0002,0.0004,1
-4703.1636,-28634.3926,24.9425,-5252.6064,-28084.4668,21.9624,-4707.7788,-28629.7461,23.7368,770.8219,0.0000,0.0008,-3.1382,0.7852,3.1416,-4703.5791,-28633.8438,24.6914,-0.0000,0.0002,1
-4703.1636,-28634.3926,24.9425,-5252.6069,-28084.4668,21.9625,-4703.0303,-28628.7754,24.4284,773.5028,-0.0008,0.0009,-3.1382,0.7852,3.1416,-4703.6582,-28633.6543,24.6902,0.0002,0.0003,1
-4703.1636,-28634.3926,24.9425,-5252.6069,-28084.4668,21.9625,-4705.4287,-28638.2656,28.4430,778.5440,0.0009,0.0018,-3.1382,0.7852,3.1416,-4703.8086,-28633.7598,24.8172,-0.0003,0.0005,1
-4703.1636,-28634.3926,24.9425,-5252.6069,-28084.4668,21.9625,-4700.7690,-28639.1035,26.0084,782.4049,0.0004,0.0013,-3.1382,0.7852,3.1416,-4703.8096,-28633.9043,24.8733,-0.0001,0.0004,1
-4703.1636,-28634.3926,24.9425,-5252.6069,-28084.4668,21.9625,-4707.1099,-28628.9238,23.5192,770.7136,-0.0002,0.0008,-3.1382,0.7852,3.1416,-4704.0034,-28633.7344,24.8509,0.0001,0.0002,1
-4703.1636,-28634.3926,24.9425,-5252.6069,-28084.4668,21.9624,-4704.2300,-28627.5703,25.7988,771.8073,-0.0008,0.0012,-3.1382,0.7852,3.1416,-4704.1074,-28633.5098,24.8985,0.0002,0.0004,1
-4703.1636,-28634.3926,24.9425,-5252.6069,-28084.4668,21.9624,-4704.7471,-28637.4395,28.3587,778.4351,0.0007,0.0018,-3.1382,0.7852,3.1416,-4704.2236,-28633.5918,25.0293,-0.0002,0.0005,1
-4703.1636,-28634.3926,24.9425,-5252.6069,-28084.4668,21.9623,-4708.6704,-28632.1523,28.1074,771.9174,0.0005,0.0017,-3.1381,0.7852,3.1416,-4704.4644,-28633.5137,25.1592,-0.0002,0.0005,1
-4703.1636,-28634.3926,24.9425,-5252.6069,-28084.4668,21.9623,-4706.4414,-28628.0996,23.3937,770.6047,-0.0004,0.0008,-3.1381,0.7852,3.1416,-4704.6377,-28633.3027,25.1414,0.0001,0.0002,1
-4703.1636,-28634.3926,24.9425,-5252.6064,-28084.4668,21.9622,-4701.9585,-28636.2637,28.2162,779.5663,0.0001,0.0017,-3.1381,0.7852,3.1416,-4704.6655,-28633.3457,25.2733,-0.0000,0.0005,1
-4703.1636,-28634.3926,24.9425,-5252.6064,-28084.4668,21.9622,-4704.0664,-28636.6113,28.3269,778.3257,0.0005,0.0018,-3.1380,0.7852,3.1416,-4704.7505,-28633.4082,25.4139,-0.0001,0.0005,1
-4703.1636,-28634.3926,24.9425,-5252.6064,-28084.4668,21.9622,-4699.4048,-28637.4355,25.8665,782.1866,-0.0001,0.0013,-3.1380,0.7852,3.1416,-4704.6807,-28633.5059,25.4798,0.0000,0.0004,1
-4703.1636,-28634.3926,24.9425,-5252.6064,-28084.4668,21.9621,-4705.2803,-28629.9141,28.1814,772.7274,-0.0003,0.0018,-3.1379,0.7852,3.1416,-4704.7832,-28633.3711,25.6193,0.0001,0.0005,1
-4703.1636,-28634.3926,24.9425,-5252.6064,-28084.4668,21.9621,-4708.0122,-28634.9629,21.0260,774.3558,0.0008,0.0003,-3.1379,0.7852,3.1416,-4704.9712,-28633.3926,25.5309,-0.0002,0.0001,1
-4703.1636,-28634.3926,24.9425,-5252.6064,-28084.4668,21.9620,-4703.3877,-28635.7812,28.3301,778.2162,0.0003,0.0018,-3.1379,0.7852,3.1416,-4705.0132,-28633.4453,25.6656,-0.0001,0.0005,1
-4703.1636,-28634.3926,24.9425,-5252.6064,-28084.4668,21.9620,-4698.7251,-28636.5996,25.8822,782.0771,-0.0003,0.0013,-3.1379,0.7852,3.1416,-4704.8989,-28633.5312,25.7254,0.0001,0.0004,1
-4703.1636,-28634.3926,24.9425,-5252.6064,-28084.4668,21.9620,-4706.4814,-28628.6992,29.6224,771.0312,-0.0003,0.0021,-3.1378,0.7852,3.1416,-4705.0161,-28633.3672,25.9046,0.0001,0.0006,1
-4703.1636,-28634.3926,24.9425,-5252.6064,-28084.4668,21.9620,-4707.3354,-28634.1367,21.0272,774.2464,0.0006,0.0003,-3.1378,0.7852,3.1416,-4705.1611,-28633.3711,25.8114,-0.0002,0.0001,1
-4703.1636,-28634.3926,24.9425,-5252.6064,-28084.4668,21.9620,-4702.7100,-28634.9512,28.3442,778.1068,0.0001,0.0018,-3.1378,0.7852,3.1416,-4705.1592,-28633.4023,25.9411,-0.0000,0.0005,1
-4703.1636,-28634.3926,24.9425,-5252.6064,-28084.4668,21.9620,-4698.0469,-28635.7637,25.9104,781.9677,-0.0005,0.0013,-3.1378,0.7852,3.1416,-4704.9995,-28633.4648,25.9956,0.0002,0.0004,1
-4703.1636,-28634.3926,24.9425,-5252.6064,-28084.4668,21.9620,-4711.2881,-28632.4648,23.4355,770.2764,0.0009,0.0008,-3.1378,0.7852,3.1416,-4705.2485,-28633.4258,25.9672,-0.0003,0.0002,1
-4703.1636,-28634.3926,24.9425,-5252.6064,-28084.4668,21.9620,-4706.6602,-28633.3125,21.0258,774.1371,0.0004,0.0003,-3.1378,0.7852,3.1416,-4705.3584,-28633.4141,25.8535,-0.0001,0.0001,1
-4703.1636,-28634.3926,24.9425,-5252.6064,-28084.4668,21.9620,-4702.0337,-28634.1191,28.3516,777.9975,-0.0002,0.0018,-3.1378,0.7852,3.1416,-4705.3188,-28633.4277,25.9637,0.0001,0.0005,1
-4703.1636,-28634.3926,24.9425,-5252.6064,-28084.4668,21.9620,-4697.3696,-28634.9258,25.9268,781.8584,-0.0007,0.0013,-3.1378,0.7852,3.1416,-4705.1211,-28633.4688,25.9997,0.0002,0.0004,1
-4703.1636,-28634.3926,24.9425,-5252.6064,-28084.4668,21.9620,-4710.6147,-28631.6445,23.4587,770.1671,0.0007,0.0008,-3.1378,0.7852,3.1416,-4705.3306,-28633.4062,25.9539,-0.0002,0.0002,1
-4703.1636,-28634.3926,24.9425,-5252.6064,-28084.4668,21.9620,-4705.9854,-28632.4863,21.0179,774.0281,0.0002,0.0003,-3.1379,0.7852,3.1416,-4705.3999,-28633.3691,25.8226,-0.0001,0.0001,1
-4703.1636,-28634.3926,24.9425,-5252.6064,-28084.4668,21.9620,-4701.3579,-28633.2871,28.3464,777.8885,-0.0004,0.0018,-3.1379,0.7852,3.1416,-4705.3193,-28633.3555,25.9161,0.0001,0.0005,1
-4703.1636,-28634.3926,24.9425,-5252.6064,-28084.4668,21.9620,-4696.6934,-28634.0879,25.9238,781.7493,-0.0009,0.0013,-3.1379,0.7852,3.1416,-4705.0796,-28633.3672,25.9364,0.0003,0.0004,1
-4703.1636,-28634.3926,24.9425,-5252.6064,-28084.4668,21.9620,-4709.9424,-28630.8242,23.4566,770.0580,0.0005,0.0008,-3.1379,0.7852,3.1416,-4705.2461,-28633.2773,25.8757,-0.0002,0.0002,1
-4703.1636,-28634.3926,24.9425,-5252.6064,-28084.4668,21.9621,-4705.3120,-28631.6602,21.0046,773.9189,-0.0000,0.0003,-3.1379,0.7852,3.1416,-4705.2725,-28633.2090,25.7301,0.0000,0.0001,1
-4703.1636,-28634.3926,24.9425,-5252.6064,-28084.4668,21.9621,-4700.6841,-28632.4551,28.3305,777.7794,-0.0006,0.0018,-3.1379,0.7852,3.1416,-4705.1489,-28633.1621,25.8100,0.0002,0.0005,1
-4703.1636,-28634.3926,24.9425,-5252.6064,-28084.4668,21.9621,-4703.0342,-28635.4785,29.8728,778.2639,0.0002,0.0021,-3.1379,0.7852,3.1416,-4705.0903,-28633.2148,25.9451,-0.0001,0.0006,1
-4703.1636,-28634.3926,24.9425,-5252.6064,-28084.4668,21.9621,-4709.2710,-28630.0039,23.4367,769.9489,0.0003,0.0008,-3.1379,0.7852,3.1416,-4705.2290,-28633.0938,25.8807,-0.0001,0.0002,1
-4703.1636,-28634.3926,24.9425,-5252.6064,-28084.4668,21.9621,-4704.6401,-28630.8320,20.9885,773.8098,-0.0003,0.0003,-3.1379,0.7852,3.1416,-4705.2256,-28632.9961,25.7316,0.0001,0.0001,1
-4703.1636,-28634.3926,24.9425,-5252.6064,-28084.4668,21.9621,-4700.0112,-28631.6211,28.3105,777.6702,-0.0008,0.0018,-3.1379,0.7852,3.1416,-4705.0718,-28632.9180,25.8081,0.0002,0.0005,1
-4703.1636,-28634.3926,24.9425,-5252.6064,-28084.4668,21.9621,-4702.2744,-28639.3691,25.8827,781.5311,0.0006,0.0013,-3.1379,0.7852,3.1416,-4704.9795,-28633.0898,25.8121,-0.0002,0.0004,1
-4703.1636,-28634.3926,24.9425,-5252.6064,-28084.4668,21.9621,-4708.6011,-28629.1816,23.4108,769.8398,0.0001,0.0008,-3.1379,0.7852,3.1416,-4705.0859,-28632.9453,25.7360,-0.0000,0.0002,1
-4703.1636,-28634.3926,24.9425,-5252.6064,-28084.4668,21.9621,-4703.9692,-28630.0039,20.9729,773.7007,-0.0005,0.0003,-3.1379,0.7852,3.1416,-4705.0503,-28632.8242,25.5764,0.0001,0.0001,1
-4703.1636,-28634.3926,24.9425,-5252.6064,-28084.4668,21.9621,-4706.2480,-28637.6953,28.2905,777.5612,0.0010,0.0018,-3.1379,0.7852,3.1416,-4705.0854,-28632.9434,25.6431,-0.0003,0.0005,1
-4703.1636,-28634.3926,24.9425,-5252.6064,-28084.4668,21.9621,-4701.5913,-28638.5371,25.8603,781.4220,0.0004,0.0013,-3.1379,0.7852,3.1416,-4704.9741,-28633.1016,25.6383,-0.0001,0.0004,1
-4703.1636,-28634.3926,24.9425,-5252.6064,-28084.4668,21.9621,-4696.9277,-28639.3457,23.4055,785.2823,-0.0001,0.0008,-3.1379,0.7852,3.1416,-4704.7080,-28633.2969,25.5562,0.0000,0.0002,1
-4703.1636,-28634.3926,24.9425,-5252.6064,-28084.4668,21.9621,-4703.9551,-28627.6758,28.8336,772.0966,-0.0008,0.0019,-3.1379,0.7852,3.1416,-4704.6484,-28633.1309,25.6446,0.0002,0.0006,1
-4703.1636,-28634.3926,24.9425,-5252.6064,-28084.4668,21.9621,-4705.5674,-28636.8691,28.2734,777.4520,0.0007,0.0018,-3.1379,0.7852,3.1416,-4704.6411,-28633.2480,25.7220,-0.0002,0.0005,1
-4703.1636,-28634.3926,24.9425,-5252.6064,-28084.4668,21.9621,-4700.9097,-28637.7051,25.8426,781.3128,0.0002,0.0013,-3.1379,0.7852,3.1416,-4704.4883,-28633.4004,25.7269,-0.0001,0.0004,1
-4703.1636,-28634.3926,24.9425,-5252.6064,-28084.4668,21.9621,-4696.2451,-28638.5078,23.3873,785.1733,-0.0004,0.0008,-3.1379,0.7852,3.1416,-4704.1812,-28633.5879,25.6538,0.0001,0.0002,1
-4703.1636,-28634.3926,24.9425,-5252.6064,-28084.4668,21.9621,-4702.6313,-28628.3438,20.9449,773.4824,-0.0009,0.0003,-3.1379,0.7852,3.1416,-4704.0615,-28633.4570,25.4958,0.0003,0.0001,1
-4703.1636,-28634.3926,24.9425,-5252.6064,-28084.4668,21.9621,-4696.3291,-28635.1367,29.4697,782.7689,-0.0008,0.0020,-3.1379,0.7852,3.1416,-4703.7412,-28633.5312,25.6023,0.0003,0.0006,1
-4703.1636,-28634.3926,24.9425,-5252.6064,-28084.4668,21.9621,-4700.2290,-28636.8711,25.8287,781.2037,-0.0000,0.0013,-3.1379,0.7852,3.1416,-4703.5327,-28633.6660,25.6017,0.0000,0.0004,1
-4703.1636,-28634.3926,24.9425,-5252.6064,-28084.4668,21.9621,-4695.5640,-28637.6680,23.3742,785.0641,-0.0006,0.0008,-3.1379,0.7852,3.1416,-4703.1729,-28633.8301,25.5236,0.0002,0.0002,1
-4703.1636,-28634.3926,24.9425,-5252.6064,-28084.4668,21.9621,-4708.8320,-28634.3906,20.9329,773.3732,0.0009,0.0003,-3.1379,0.7852,3.1416,-4703.2266,-28633.8965,25.3614,-0.0003,0.0001,1
-4703.1636,-28634.3926,24.9425,-5252.6064,-28084.4668,21.9621,-4704.2090,-28635.2129,28.2464,777.2336,0.0003,0.0018,-3.1379,0.7852,3.1416,-4703.1489,-28633.9883,25.4261,-0.0001,0.0005,1
-4703.1636,-28634.3926,24.9425,-5252.6064,-28084.4668,21.9621,-4699.5498,-28636.0352,25.8171,781.0944,-0.0002,0.0013,-3.1379,0.7852,3.1416,-4702.9282,-28634.1074,25.4199,0.0001,0.0004,1
-4703.1636,-28634.3926,24.9425,-5252.6064,-28084.4668,21.9621,-4694.8838,-28636.8262,23.3639,784.9549,-0.0008,0.0008,-3.1379,0.7852,3.1416,-4702.5571,-28634.2520,25.3372,0.0002,0.0002,1
-4703.1636,-28634.3926,24.9425,-5252.6064,-28084.4668,21.9621,-4696.4727,-28635.0293,23.3840,782.5609,-0.0008,0.0008,-3.1379,0.7852,3.1416,-4702.2246,-28634.3438,25.2515,0.0003,0.0002,1
-4703.1636,-28634.3926,24.9425,-5252.6064,-28084.4668,21.9621,-4703.5322,-28634.3848,28.2341,777.1245,0.0001,0.0018,-3.1379,0.7852,3.1416,-4702.1113,-28634.4141,25.3184,-0.0000,0.0005,1
-4703.1636,-28634.3926,24.9425,-5252.6064,-28084.4668,21.9621,-4703.6548,-28631.5000,22.9873,774.9783,-0.0003,0.0007,-3.1379,0.7852,3.1416,-4702.0122,-28634.3867,25.2238,0.0001,0.0002,1
-4703.1636,-28634.3926,24.9425,-5252.6064,-28084.4668,21.9621,-4701.5049,-28637.3262,20.8814,780.6194,0.0002,0.0003,-3.1379,0.7852,3.1416,-4701.8535,-28634.5371,25.0583,-0.0001,0.0001,1
-4703.1636,-28634.3926,24.9425,-5252.6064,-28084.4668,21.9621,-4707.4810,-28632.7441,20.9087,773.1549,0.0004,0.0003,-3.1379,0.7852,3.1416,-4701.8936,-28634.5449,24.8846,-0.0001,0.0001,1
-4703.1636,-28634.3926,24.9425,-5252.6064,-28084.4668,21.9621,-4702.8564,-28633.5547,28.2213,777.0153,-0.0001,0.0018,-3.1379,0.7852,3.1416,-4701.8022,-28634.5723,24.9399,0.0000,0.0005,1
-4703.1636,-28634.3926,24.9425,-5252.6064,-28084.4668,21.9621,-4698.1953,-28634.3652,25.7937,780.8762,-0.0007,0.0013,-3.1379,0.7852,3.1416,-4701.5688,-28634.6211,24.9263,0.0002,0.0004,1
-4703.1636,-28634.3926,24.9425,-5252.6064,-28084.4668,21.9621,-4700.4917,-28642.1250,23.3420,784.7365,0.0008,0.0008,-3.1379,0.7852,3.1416,-4701.4072,-28634.9141,24.8381,-0.0002,0.0002,1
-4703.1636,-28634.3926,24.9425,-5252.6064,-28084.4668,21.9621,-4698.8706,-28632.6172,26.2331,779.1691,-0.0008,0.0014,-3.1379,0.7852,3.1416,-4701.1968,-28634.9160,24.8407,0.0003,0.0004,1
-4703.1636,-28634.3926,24.9425,-5252.6064,-28084.4668,21.9621,-4702.1816,-28632.7227,28.2076,776.9061,-0.0003,0.0018,-3.1379,0.7852,3.1416,-4701.0928,-28634.9141,24.9118,0.0001,0.0005,1
-4703.1636,-28634.3926,24.9425,-5252.6064,-28084.4668,21.9621,-4697.5200,-28633.5273,25.7804,780.7670,-0.0009,0.0013,-3.1379,0.7852,3.1416,-4700.8481,-28634.9297,24.9134,0.0003,0.0004,1
-4703.1636,-28634.3926,24.9425,-5252.6064,-28084.4668,21.9621,-4699.8052,-28641.2910,23.3289,784.6274,0.0005,0.0008,-3.1379,0.7852,3.1416,-4700.6753,-28635.1875,24.8397,-0.0002,0.0002,1
-4703.1636,-28634.3926,24.9425,-5252.6064,-28084.4668,21.9621,-4706.1343,-28631.0918,20.8831,772.9366,-0.0000,0.0003,-3.1379,0.7852,3.1416,-4700.7104,-28635.1289,24.6839,0.0000,0.0001,1
-4703.1636,-28634.3926,24.9425,-5252.6064,-28084.4668,21.9621,-4701.5083,-28631.8926,28.1935,776.7969,-0.0006,0.0018,-3.1379,0.7852,3.1416,-4700.6138,-28635.0859,24.7571,0.0002,0.0005,1
-4703.1636,-28634.3926,24.9425,-5252.6064,-28084.4668,21.9621,-4703.7783,-28639.6309,25.7666,780.6578,0.0009,0.0013,-3.1379,0.7852,3.1416,-4700.5972,-28635.2812,24.7610,-0.0003,0.0004,1
-4703.1636,-28634.3926,24.9425,-5252.6064,-28084.4668,21.9621,-4699.1196,-28640.4551,23.3150,784.5182,0.0003,0.0008,-3.1379,0.7852,3.1416,-4700.4434,-28635.5098,24.6901,-0.0001,0.0002,1
-4703.1636,-28634.3926,24.9425,-5252.6064,-28084.4668,21.9621,-4705.4634,-28630.2656,20.8701,772.8275,-0.0002,0.0003,-3.1379,0.7852,3.1416,-4700.4961,-28635.4180,24.5375,0.0001,0.0001,1
-4703.1636,-28634.3926,24.9425,-5252.6064,-28084.4668,21.9621,-4700.8359,-28631.0586,28.1791,776.6878,-0.0008,0.0018,-3.1379,0.7852,3.1416,-4700.4141,-28635.3379,24.6142,0.0002,0.0005,1
-4703.1636,-28634.3926,24.9425,-5252.6064,-28084.4668,21.9621,-4703.0952,-28638.8008,25.7523,780.5486,0.0007,0.0013,-3.1379,0.7852,3.1416,-4700.4097,-28635.4941,24.6220,-0.0002,0.0004,1
-4703.1636,-28634.3926,24.9425,-5252.6064,-28084.4668,21.9621,-4698.4351,-28639.6191,23.3009,784.4091,0.0001,0.0008,-3.1379,0.7852,3.1416,-4700.2656,-28635.6836,24.5551,-0.0000,0.0002,1
-4703.1636,-28634.3926,24.9425,-5252.6064,-28084.4668,21.9621,-4704.7930,-28629.4395,20.8570,772.7183,-0.0004,0.0003,-3.1379,0.7852,3.1416,-4700.3262,-28635.5488,24.4069,0.0001,0.0001,1
-4703.1636,-28634.3926,24.9425,-5252.6064,-28084.4668,21.9621,-4707.0669,-28637.1250,28.1650,776.5787,0.0010,0.0018,-3.1379,0.7852,3.1416,-4700.4727,-28635.6484,24.4882,-0.0003,0.0005,1
-4703.1636,-28634.3926,24.9425,-5252.6064,-28084.4668,21.9621,-4702.4131,-28637.9688,25.7381,780.4395,0.0004,0.0013,-3.1379,0.7852,3.1416,-4700.4858,-28635.7734,24.5007,-0.0001,0.0004,1
-4703.1636,-28634.3926,24.9425,-5252.6064,-28084.4668,21.9621,-4702.3047,-28632.5820,21.7911,776.6982,-0.0004,0.0005,-3.1379,0.7852,3.1416,-4700.5024,-28635.7305,24.3902,0.0001,0.0001,1
-4703.1636,-28634.3926,24.9425,-5252.6064,-28084.4668,21.9621,-4704.1245,-28628.6113,20.8441,772.6091,-0.0007,0.0003,-3.1379,0.7852,3.1416,-4700.5840,-28635.5469,24.2441,0.0002,0.0001,1
-4703.1636,-28634.3926,24.9425,-5252.6064,-28084.4668,21.9621,-4706.3867,-28636.2988,28.1510,776.4695,0.0008,0.0018,-3.1379,0.7852,3.1416,-4700.7466,-28635.5977,24.3278,-0.0002,0.0005,1
-4703.1636,-28634.3926,24.9425,-5252.6064,-28084.4668,21.9621,-4699.8984,-28632.1895,21.0896,778.1292,-0.0008,0.0003,-3.1379,0.7852,3.1416,-4700.7139,-28635.5137,24.1944,0.0002,0.0001,1
-4703.1636,-28634.3926,24.9425,-5252.6064,-28084.4668,21.9621,-4697.0703,-28637.9434,23.2733,784.1907,-0.0003,0.0008,-3.1379,0.7852,3.1416,-4700.5898,-28635.6074,24.1260,0.0001,0.0002,1
-4703.1636,-28634.3926,24.9425,-5252.6064,-28084.4668,21.9621,-4703.4570,-28627.7812,20.8313,772.4999,-0.0009,0.0003,-3.1379,0.7852,3.1416,-4700.6631,-28635.3789,23.9781,0.0003,0.0001,1
-4703.1636,-28634.3926,24.9425,-5252.6064,-28084.4668,21.9621,-4705.7080,-28635.4727,28.1371,776.3604,0.0006,0.0018,-3.1379,0.7852,3.1416,-4700.8154,-28635.3789,24.0609,-0.0002,0.0005,1
-4703.1636,-28634.3926,24.9425,-5252.6064,-28084.4668,21.9621,-4701.0522,-28636.3047,25.7107,780.2212,0.0000,0.0013,-3.1379,0.7852,3.1416,-4700.8291,-28635.4082,24.0762,-0.0000,0.0004,1
-4703.1636,-28634.3926,24.9425,-5252.6064,-28084.4668,21.9621,-4696.3901,-28637.1055,23.2602,784.0815,-0.0005,0.0008,-3.1379,0.7852,3.1416,-4700.6938,-28635.4648,24.0183,0.0002,0.0002,1
-4703.1636,-28634.3926,24.9425,-5252.6064,-28084.4668,21.9621,-4709.6509,-28633.8184,20.8190,772.3908,0.0009,0.0003,-3.1379,0.7852,3.1416,-4700.9766,-28635.4180,23.8808,-0.0003,0.0001,1
-4703.1636,-28634.3926,24.9425,-5252.6064,-28084.4668,21.9621,-4703.2500,-28638.5137,25.3586,780.2344,0.0006,0.0012,-3.1379,0.7852,3.1416,-4701.0698,-28635.5176,23.8846,-0.0002,0.0004,1
-4703.1636,-28634.3926,24.9425,-5252.6064,-28084.4668,21.9621,-4700.3740,-28635.4707,25.6976,780.1120,-0.0002,0.0013,-3.1379,0.7852,3.1416,-4701.0752,-28635.5273,23.9043,0.0001,0.0004,1
-4703.1636,-28634.3926,24.9425,-5252.6064,-28084.4668,21.9621,-4695.7104,-28636.2656,23.2472,783.9725,-0.0008,0.0008,-3.1379,0.7852,3.1416,-4700.9292,-28635.5625,23.8511,0.0002,0.0002,1
-4703.1636,-28634.3926,24.9425,-5252.6064,-28084.4668,21.9621,-4708.9756,-28632.9961,20.8063,772.2816,0.0007,0.0002,-3.1379,0.7852,3.1416,-4701.1982,-28635.4922,23.7187,-0.0002,0.0001,1
-4703.1636,-28634.3926,24.9425,-5252.6064,-28084.4668,21.9621,-4704.3540,-28633.8184,28.1098,776.1420,0.0001,0.0017,-3.1379,0.7852,3.1416,-4701.3330,-28635.4434,23.8172,-0.0000,0.0005,1
-4703.1636,-28634.3926,24.9425,-5252.6064,-28084.4668,21.9621,-4699.6968,-28634.6367,25.6841,780.0029,-0.0004,0.0012,-3.1379,0.7852,3.1416,-4701.3232,-28635.4180,23.8483,0.0001,0.0004,1
-4703.1636,-28634.3926,24.9425,-5252.6064,-28084.4668,21.9621,-4695.0327,-28635.4258,23.2341,783.8633,-0.0010,0.0007,-3.1379,0.7852,3.1416,-4701.1597,-28635.4141,23.8062,0.0003,0.0002,1
-4703.1636,-28634.3926,24.9425,-5252.6064,-28084.4668,21.9621,-4708.3013,-28632.1738,20.7934,772.1725,0.0005,0.0002,-3.1379,0.7852,3.1416,-4701.4082,-28635.3066,23.6845,-0.0001,0.0001,1
-4703.1636,-28634.3926,24.9425,-5252.6064,-28084.4668,21.9621,-4703.6787,-28632.9883,28.0958,776.0329,-0.0001,0.0017,-3.1379,0.7852,3.1416,-4701.5205,-28635.2188,23.7934,0.0000,0.0005,1
-4703.1636,-28634.3926,24.9425,-5252.6064,-28084.4668,21.9621,-4699.0205,-28633.8027,25.6704,779.8937,-0.0006,0.0012,-3.1379,0.7852,3.1416,-4701.4863,-28635.1543,23.8345,0.0002,0.0004,1
-4703.1636,-28634.3926,24.9425,-5252.6064,-28084.4668,21.9621,-4701.3130,-28641.5566,23.2208,783.7542,0.0008,0.0007,-3.1379,0.7852,3.1416,-4701.5181,-28635.3340,23.8019,-0.0002,0.0002,1
-4703.1636,-28634.3926,24.9425,-5252.6064,-28084.4668,21.9621,-4707.6284,-28631.3496,20.7805,772.0634,0.0002,0.0002,-3.1379,0.7852,3.1416,-4701.7524,-28635.2012,23.6894,-0.0001,0.0001,1
-4703.1636,-28634.3926,24.9425,-5252.6064,-28084.4668,21.9621,-4703.0049,-28632.1602,28.0820,775.9237,-0.0003,0.0017,-3.1379,0.7852,3.1416,-4701.8481,-28635.0859,23.8070,0.0001,0.0005,1
-4703.1636,-28634.3926,24.9425,-5252.6064,-28084.4668,21.9621,-4698.3457,-28632.9668,25.6569,779.7846,-0.0009,0.0012,-3.1379,0.7852,3.1416,-4701.7939,-28634.9922,23.8563,0.0003,0.0004,1
-4703.1636,-28634.3926,24.9425,-5252.6064,-28084.4668,21.9621,-4700.6270,-28640.7227,23.2076,783.6450,0.0006,0.0007,-3.1379,0.7852,3.1416,-4701.8032,-28635.1445,23.8315,-0.0002,0.0002,1
-4703.1636,-28634.3926,24.9425,-5252.6064,-28084.4668,21.9621,-4706.9565,-28630.5254,20.7678,771.9542,0.0000,0.0002,-3.1379,0.7852,3.1416,-4702.0127,-28634.9805,23.7263,-0.0000,0.0001,1
-4703.1636,-28634.3926,24.9425,-5252.6064,-28084.4668,21.9621,-4707.9854,-28633.6641,21.2766,773.4515,0.0006,0.0003,-3.1379,0.7852,3.1416,-4702.2637,-28634.9102,23.6315,-0.0002,0.0001,1
-4703.1636,-28634.3926,24.9425,-5252.6064,-28084.4668,21.9621,-4703.9131,-28639.0957,28.5066,780.1999,0.0008,0.0018,-3.1379,0.7852,3.1416,-4702.3926,-28635.0117,23.7647,-0.0002,0.0005,1
-4703.1636,-28634.3926,24.9425,-5252.6064,-28084.4668,21.9621,-4699.9419,-28639.8887,23.1941,783.5358,0.0004,0.0007,-3.1379,0.7852,3.1416,-4702.3945,-28635.1484,23.7389,-0.0001,0.0002,1
-4703.1636,-28634.3926,24.9425,-5252.6064,-28084.4668,21.9621,-4700.9663,-28630.3398,22.3379,776.0675,-0.0009,0.0006,-3.1379,0.7852,3.1416,-4702.4199,-28634.9902,23.6845,0.0003,0.0002,1
-4703.1636,-28634.3926,24.9425,-5252.6064,-28084.4668,21.9621,-4701.6606,-28630.4980,28.0542,775.7054,-0.0007,0.0017,-3.1379,0.7852,3.1416,-4702.4614,-28634.8281,23.8118,0.0002,0.0005,1
-4703.1636,-28634.3926,24.9425,-5252.6064,-28084.4668,21.9621,-4703.9155,-28638.2305,25.6298,779.5662,0.0007,0.0012,-3.1379,0.7852,3.1416,-4702.5708,-28634.9043,23.8705,-0.0002,0.0004,1
-4703.1636,-28634.3926,24.9425,-5252.6064,-28084.4668,21.9621,-4699.2583,-28639.0527,23.1808,783.4267,0.0001,0.0007,-3.1379,0.7852,3.1416,-4702.5317,-28635.0156,23.8544,-0.0000,0.0002,1
-4703.1636,-28634.3926,24.9425,-5252.6064,-28084.4668,21.9621,-4705.6167,-28628.8730,20.7422,771.7358,-0.0004,0.0002,-3.1379,0.7852,3.1416,-4702.6870,-28634.8086,23.7573,0.0001,0.0001,1
-4703.1636,-28634.3926,24.9425,-5252.6064,-28084.4668,21.9621,-4700.9907,-28629.6660,28.0403,775.5963,-0.0010,0.0017,-3.1379,0.7852,3.1416,-4702.6968,-28634.6172,23.8893,0.0003,0.0005,1
-4703.1636,-28634.3926,24.9425,-5252.6064,-28084.4668,21.9621,-4703.2344,-28637.4004,25.6161,779.4572,0.0005,0.0012,-3.1379,0.7852,3.1416,-4702.7720,-28634.6641,23.9520,-0.0001,0.0004,1
-4703.1636,-28634.3926,24.9425,-5252.6064,-28084.4668,21.9621,-4698.5762,-28638.2168,23.1674,783.3175,-0.0001,0.0007,-3.1379,0.7852,3.1416,-4702.6973,-28634.7441,23.9396,0.0000,0.0002,1
-4703.1636,-28634.3926,24.9425,-5252.6064,-28084.4668,21.9621,-4704.9487,-28628.0469,20.7294,771.6267,-0.0006,0.0002,-3.1379,0.7852,3.1416,-4702.8154,-28634.5039,23.8457,0.0002,0.0001,1
-4703.1636,-28634.3926,24.9425,-5252.6064,-28084.4668,21.9621,-4707.2061,-28635.7285,28.0266,775.4871,0.0008,0.0017,-3.1379,0.7852,3.1416,-4703.0088,-28634.5000,23.9803,-0.0002,0.0005,1
-4703.1636,-28634.3926,24.9425,-5252.6064,-28084.4668,21.9621,-4702.5542,-28636.5703,25.6025,779.3480,0.0003,0.0012,-3.1379,0.7852,3.1416,-4703.0591,-28634.5293,24.0452,-0.0001,0.0004,1
-4703.1636,-28634.3926,24.9425,-5252.6064,-28084.4668,21.9621,-4697.8950,-28637.3809,23.1541,783.2083,-0.0003,0.0007,-3.1379,0.7852,3.1416,-4702.9570,-28634.5879,24.0345,0.0001,0.0002,1
-4703.1636,-28634.3926,24.9425,-5252.6064,-28084.4668,21.9621,-4704.2822,-28627.2188,20.7166,771.5175,-0.0008,0.0002,-3.1379,0.7852,3.1416,-4703.0454,-28634.3281,23.9418,0.0003,0.0001,1
-4703.1636,-28634.3926,24.9425,-5252.6064,-28084.4668,21.9621,-4706.5278,-28634.9043,28.0127,775.3779,0.0006,0.0017,-3.1379,0.7852,3.1416,-4703.2070,-28634.3008,24.0772,-0.0002,0.0005,1
-4703.1636,-28634.3926,24.9425,-5252.6064,-28084.4668,21.9621,-4701.8750,-28635.7383,25.5889,779.2388,0.0000,0.0012,-3.1379,0.7852,3.1416,-4703.2241,-28634.3047,24.1425,-0.0000,0.0004,1
-4703.1636,-28634.3926,24.9425,-5252.6064,-28084.4668,21.9621,-4697.2153,-28636.5430,23.1408,783.0992,-0.0005,0.0007,-3.1379,0.7852,3.1416,-4703.0869,-28634.3379,24.1319,0.0002,0.0002,1
-4703.1636,-28634.3926,24.9425,-5252.6064,-28084.4668,21.9621,-4710.4697,-28633.2461,20.7043,771.4084,0.0009,0.0002,-3.1379,0.7852,3.1416,-4703.3613,-28634.2734,24.0387,-0.0003,0.0001,1
-4703.1636,-28634.3926,24.9425,-5252.6064,-28084.4668,21.9621,-4705.8511,-28634.0781,27.9992,775.2688,0.0004,0.0017,-3.1379,0.7852,3.1416,-4703.4995,-28634.2324,24.1733,-0.0001,0.0005,1
-4703.1636,-28634.3926,24.9425,-5252.6064,-28084.4668,21.9621,-4701.1973,-28634.9062,25.5758,779.1296,-0.0002,0.0012,-3.1379,0.7852,3.1416,-4703.4907,-28634.2207,24.2375,0.0001,0.0004,1
-4703.1636,-28634.3926,24.9425,-5252.6064,-28084.4668,21.9621,-4696.5371,-28635.7031,23.1282,782.9900,-0.0007,0.0007,-3.1379,0.7852,3.1416,-4703.3257,-28634.2383,24.2254,0.0002,0.0002,1
-4703.1636,-28634.3926,24.9425,-5252.6064,-28084.4668,21.9621,-4709.7954,-28632.4258,20.6913,771.2992,0.0007,0.0002,-3.1379,0.7852,3.1416,-4703.5703,-28634.1523,24.1304,-0.0002,0.0001,1
-4703.1636,-28634.3926,24.9425,-5252.6064,-28084.4668,21.9621,-4705.1753,-28633.2500,27.9851,775.1596,0.0002,0.0017,-3.1379,0.7852,3.1416,-4703.6768,-28634.0918,24.2629,-0.0000,0.0005,1
-4703.1636,-28634.3926,24.9425,-5252.6064,-28084.4668,21.9621,-4700.9712,-28639.1152,26.1323,782.2705,0.0004,0.0013,-3.1379,0.7852,3.1416,-4703.6489,-28634.2188,24.3428,-0.0001,0.0004,1
-4703.1636,-28634.3926,24.9425,-5252.6064,-28084.4668,21.9621,-4695.8599,-28634.8652,23.1144,782.8808,-0.0009,0.0007,-3.1379,0.7852,3.1416,-4703.4502,-28634.2227,24.3293,0.0003,0.0002,1
-4703.1636,-28634.3926,24.9425,-5252.6064,-28084.4668,21.9621,-4709.1216,-28631.6035,20.6785,771.1901,0.0005,0.0002,-3.1379,0.7852,3.1416,-4703.6587,-28634.1230,24.2324,-0.0001,0.0001,1
-4703.1636,-28634.3926,24.9425,-5252.6064,-28084.4668,21.9621,-4704.5010,-28632.4238,27.9711,775.0504,-0.0001,0.0017,-3.1379,0.7852,3.1416,-4703.7285,-28634.0430,24.3628,0.0000,0.0005,1
-4703.1636,-28634.3926,24.9425,-5252.6064,-28084.4668,21.9621,-4699.8457,-28633.2402,25.5481,778.9114,-0.0006,0.0012,-3.1379,0.7852,3.1416,-4703.6484,-28633.9902,24.4222,0.0002,0.0004,1
-4703.1636,-28634.3926,24.9425,-5252.6064,-28084.4668,21.9621,-4702.1338,-28640.9863,23.1011,782.7717,0.0008,0.0007,-3.1379,0.7852,3.1416,-4703.6318,-28634.1816,24.4047,-0.0003,0.0002,1
-4703.1636,-28634.3926,24.9425,-5252.6064,-28084.4668,21.9621,-4708.4497,-28630.7812,20.6656,771.0809,0.0003,0.0002,-3.1379,0.7852,3.1416,-4703.8149,-28634.0645,24.3038,-0.0001,0.0001,1
-4703.1636,-28634.3926,24.9425,-5252.6064,-28084.4668,21.9621,-4703.8276,-28631.5938,27.9571,774.9413,-0.0003,0.0017,-3.1379,0.7852,3.1416,-4703.8569,-28633.9648,24.4299,0.0001,0.0005,1
-4703.1636,-28634.3926,24.9425,-5252.6064,-28084.4668,21.9621,-4699.1719,-28632.4043,25.5348,778.8022,-0.0008,0.0012,-3.1379,0.7852,3.1416,-4703.7476,-28633.8887,24.4850,0.0002,0.0004,1
-4703.1636,-28634.3926,24.9425,-5252.6064,-28084.4668,21.9621,-4701.4482,-28640.1543,23.0880,782.6625,0.0006,0.0007,-3.1379,0.7852,3.1416,-4703.7002,-28634.0566,24.4632,-0.0002,0.0002,1
-4703.1636,-28634.3926,24.9425,-5252.6064,-28084.4668,21.9621,-4707.7783,-28629.9570,20.6531,770.9717,0.0001,0.0002,-3.1379,0.7852,3.1416,-4703.8506,-28633.9141,24.3578,-0.0000,0.0001,1
-4703.1636,-28634.3926,24.9425,-5252.6064,-28084.4668,21.9621,-4703.1558,-28630.7656,27.9436,774.8322,-0.0005,0.0017,-3.1379,0.7852,3.1416,-4703.8594,-28633.7871,24.4795,0.0001,0.0005,1
-4703.1636,-28634.3926,24.9425,-5252.6064,-28084.4668,21.9621,-4705.4175,-28638.4883,25.5214,778.6930,0.0010,0.0012,-3.1379,0.7852,3.1416,-4703.9380,-28633.9043,24.5300,-0.0003,0.0004,1
-4703.1636,-28634.3926,24.9425,-5252.6064,-28084.4668,21.9621,-4700.7642,-28639.3203,23.0747,782.5534,0.0004,0.0007,-3.1379,0.7852,3.1416,-4703.8696,-28634.0586,24.5036,-0.0001,0.0002,1
-4703.1636,-28634.3926,24.9425,-5252.6064,-28084.4668,21.9621,-4707.1089,-28629.1328,20.6404,770.8626,-0.0002,0.0002,-3.1379,0.7852,3.1416,-4703.9971,-28633.8984,24.3936,0.0000,0.0001,1
-4703.1636,-28634.3926,24.9425,-5252.6064,-28084.4668,21.9621,-4702.4854,-28629.9355,27.9297,774.7230,-0.0007,0.0017,-3.1379,0.7852,3.1416,-4703.9810,-28633.7539,24.5107,0.0002,0.0005,1
-4703.1636,-28634.3926,24.9425,-5252.6064,-28084.4668,21.9621,-4704.7354,-28637.6602,25.5078,778.5839,0.0007,0.0012,-3.1379,0.7852,3.1416,-4704.0327,-28633.8496,24.5568,-0.0002,0.0004,1
-4703.1636,-28634.3926,24.9425,-5252.6064,-28084.4668,21.9621,-4700.0815,-28638.4863,23.0613,782.4442,0.0002,0.0007,-3.1379,0.7852,3.1416,-4703.9355,-28633.9824,24.5259,-0.0001,0.0002,1
-4703.1636,-28634.3926,24.9425,-5252.6064,-28084.4668,21.9621,-4701.8818,-28629.2480,26.7825,774.6617,-0.0009,0.0015,-3.1379,0.7852,3.1416,-4703.8862,-28633.8262,24.6108,0.0003,0.0004,1
-4703.1636,-28634.3926,24.9425,-5252.6064,-28084.4668,21.9621,-4701.8159,-28629.1035,27.9159,774.6138,-0.0009,0.0017,-3.1379,0.7852,3.1416,-4703.8296,-28633.6582,24.7364,0.0003,0.0005,1
-4703.1636,-28634.3926,24.9425,-5252.6064,-28084.4668,21.9621,-4704.0552,-28636.8320,25.4942,778.4747,0.0005,0.0012,-3.1379,0.7852,3.1416,-4703.8403,-28633.7285,24.7898,-0.0002,0.0004,1
-4703.1636,-28634.3926,24.9425,-5252.6064,-28084.4668,21.9621,-4699.3999,-28637.6523,23.0480,782.3350,-0.0000,0.0007,-3.1379,0.7852,3.1416,-4703.7026,-28633.8320,24.7651,0.0000,0.0002,1
-4703.1636,-28634.3926,24.9425,-5252.6064,-28084.4668,21.9621,-4705.7729,-28627.4824,20.6149,770.6443,-0.0006,0.0002,-3.1379,0.7852,3.1416,-4703.7603,-28633.6172,24.6557,0.0002,0.0001,1
-4703.1636,-28634.3926,24.9425,-5252.6064,-28084.4668,21.9621,-4708.0244,-28635.1582,27.9021,774.5051,0.0009,0.0017,-3.1379,0.7852,3.1416,-4703.8950,-28633.6387,24.7723,-0.0003,0.0005,1
-4703.1636,-28634.3926,24.9425,-5252.6064,-28084.4668,21.9621,-4698.0308,-28639.1191,23.7446,784.3412,-0.0000,0.0009,-3.1379,0.7852,3.1416,-4703.7183,-28633.7910,24.7614,0.0000,0.0003,1
-4703.1636,-28634.3926,24.9425,-5252.6064,-28084.4668,21.9621,-4698.7192,-28636.8164,23.0346,782.2264,-0.0003,0.0007,-3.1379,0.7852,3.1416,-4703.5508,-28633.8809,24.7246,0.0001,0.0002,1
-4703.1636,-28634.3926,24.9425,-5252.6064,-28084.4668,21.9621,-4705.1069,-28626.6543,20.6020,770.5351,-0.0008,0.0002,-3.1379,0.7852,3.1416,-4703.5781,-28633.6504,24.6036,0.0002,0.0001,1
-4703.1636,-28634.3926,24.9425,-5252.6064,-28084.4668,21.9621,-4707.3472,-28634.3340,27.8882,774.3960,0.0006,0.0017,-3.1379,0.7852,3.1416,-4703.6816,-28633.6523,24.7093,-0.0002,0.0005,1
-4703.1636,-28634.3926,24.9425,-5252.6064,-28084.4668,21.9621,-4702.6973,-28635.1719,25.4669,778.2564,0.0001,0.0012,-3.1379,0.7852,3.1416,-4703.6440,-28633.6855,24.7436,-0.0000,0.0004,1
-4703.1636,-28634.3926,24.9425,-5252.6064,-28084.4668,21.9621,-4698.0405,-28635.9805,23.0213,782.1172,-0.0005,0.0007,-3.1379,0.7852,3.1416,-4703.4561,-28633.7461,24.7007,0.0001,0.0002,1
-4703.1636,-28634.3926,24.9425,-5252.6064,-28084.4668,21.9621,-4711.2886,-28632.6738,20.5895,770.4260,0.0010,0.0002,-3.1379,0.7852,3.1416,-4703.6841,-28633.7070,24.5740,-0.0003,0.0001,1
-4703.1636,-28634.3926,24.9425,-5252.6064,-28084.4668,21.9621,-4706.6709,-28633.5098,27.8744,774.2869,0.0004,0.0017,-3.1379,0.7852,3.1416,-4703.7793,-28633.6934,24.6742,-0.0001,0.0005,1
-4703.1636,-28634.3926,24.9425,-5252.6064,-28084.4668,21.9621,-4702.0205,-28634.3418,25.4533,778.1472,-0.0001,0.0012,-3.1379,0.7852,3.1416,-4703.7310,-28633.7051,24.7033,0.0000,0.0004,1
-4703.1636,-28634.3926,24.9425,-5252.6064,-28084.4668,21.9621,-4697.3628,-28635.1426,23.0080,782.0081,-0.0007,0.0007,-3.1379,0.7852,3.1416,-4703.5298,-28633.7441,24.6556,0.0002,0.0002,1
-4703.1636,-28634.3926,24.9425,-5252.6064,-28084.4668,21.9621,-4710.6147,-28631.8535,20.5767,770.3168,0.0008,0.0002,-3.1379,0.7852,3.1416,-4703.7427,-28633.6816,24.5243,-0.0002,0.0001,1
-4703.1636,-28634.3926,24.9425,-5252.6064,-28084.4668,21.9621,-4705.9961,-28632.6836,27.8605,774.1777,0.0002,0.0017,-3.1379,0.7852,3.1416,-4703.8208,-28633.6406,24.6203,-0.0001,0.0005,1
-4703.1636,-28634.3926,24.9425,-5252.6064,-28084.4668,21.9621,-4701.3447,-28633.5098,25.4398,778.0380,-0.0004,0.0012,-3.1379,0.7852,3.1416,-4703.7534,-28633.6270,24.6455,0.0001,0.0004,1
-4703.1636,-28634.3926,24.9425,-5252.6064,-28084.4668,21.9621,-4696.6860,-28634.3047,22.9948,781.8989,-0.0009,0.0007,-3.1379,0.7852,3.1416,-4703.5317,-28633.6367,24.5942,0.0003,0.0002,1
-4703.1636,-28634.3926,24.9425,-5252.6064,-28084.4668,21.9621,-4709.9419,-28631.0332,20.5639,770.2076,0.0005,0.0002,-3.1379,0.7852,3.1416,-4703.7222,-28633.5430,24.4597,-0.0002,0.0001,1
-4703.1636,-28634.3926,24.9425,-5252.6064,-28084.4668,21.9621,-4705.3223,-28631.8574,27.8467,774.0685,-0.0000,0.0017,-3.1379,0.7852,3.1416,-4703.7769,-28633.4727,24.5527,0.0000,0.0005,1
-4703.1636,-28634.3926,24.9425,-5252.6064,-28084.4668,21.9621,-4700.6704,-28632.6758,25.4262,777.9289,-0.0006,0.0012,-3.1379,0.7852,3.1416,-4703.6846,-28633.4238,24.5753,0.0002,0.0004,1
-4703.1636,-28634.3926,24.9425,-5252.6064,-28084.4668,21.9621,-4702.9536,-28640.4160,22.9817,781.7897,0.0009,0.0007,-3.1379,0.7852,3.1416,-4703.6592,-28633.6250,24.5216,-0.0003,0.0002,1
-4703.1636,-28634.3926,24.9425,-5252.6064,-28084.4668,21.9621,-4709.2705,-28630.2109,20.5512,770.0985,0.0003,0.0002,-3.1379,0.7852,3.1416,-4703.8374,-28633.5117,24.3851,-0.0001,0.0001,1
-4703.1636,-28634.3926,24.9425,-5252.6064,-28084.4668,21.9621,-4704.6499,-28631.0293,27.8328,773.9594,-0.0002,0.0017,-3.1379,0.7852,3.1416,-4703.8770,-28633.4180,24.4765,0.0001,0.0005,1
-4703.1636,-28634.3926,24.9425,-5252.6064,-28084.4668,21.9621,-4699.9971,-28631.8438,25.4127,777.8197,-0.0008,0.0012,-3.1379,0.7852,3.1416,-4703.7681,-28633.3477,24.4976,0.0002,0.0004,1
-4703.1636,-28634.3926,24.9425,-5252.6064,-28084.4668,21.9621,-4702.2690,-28639.5859,22.9684,781.6807,0.0007,0.0007,-3.1379,0.7852,3.1416,-4703.7236,-28633.5215,24.4428,-0.0002,0.0002,1
-4703.1636,-28634.3926,24.9425,-5252.6064,-28084.4668,21.9621,-4708.6001,-28629.3887,20.5384,769.9893,0.0001,0.0002,-3.1379,0.7852,3.1416,-4703.8809,-28633.3828,24.3055,-0.0000,0.0001,1
-4703.1636,-28634.3926,24.9425,-5252.6064,-28084.4668,21.9621,-4703.9790,-28630.2012,27.8190,773.8502,-0.0005,0.0017,-3.1379,0.7852,3.1416,-4703.8984,-28633.2617,24.3963,0.0001,0.0005,1
-4703.1636,-28634.3926,24.9425,-5252.6064,-28084.4668,21.9621,-4706.1167,-28628.1367,21.3669,770.8602,-0.0004,0.0004,-3.1379,0.7852,3.1416,-4703.9849,-28633.0664,24.2866,0.0001,0.0001,1
-4703.1636,-28634.3926,24.9425,-5252.6064,-28084.4668,21.9621,-4703.7285,-28627.0449,21.5177,771.7871,-0.0010,0.0004,-3.1379,0.7852,3.1416,-4703.9976,-28632.8281,24.1762,0.0003,0.0001,1
-4703.1636,-28634.3926,24.9425,-5252.6064,-28084.4668,21.9621,-4707.9312,-28628.5664,20.5257,769.8801,-0.0001,0.0002,-3.1379,0.7852,3.1416,-4704.1450,-28632.6270,24.0285,0.0000,0.0001,1
-4703.1636,-28634.3926,24.9425,-5252.6064,-28084.4668,21.9621,-4703.3091,-28629.3711,27.8052,773.7410,-0.0007,0.0017,-3.1379,0.7852,3.1416,-4704.1504,-28632.4473,24.1102,0.0002,0.0005,1
-4703.1636,-28634.3926,24.9425,-5252.6064,-28084.4668,21.9621,-4705.5557,-28637.0918,25.3858,777.6014,0.0008,0.0012,-3.1379,0.7852,3.1416,-4704.2246,-28632.5137,24.1233,-0.0002,0.0004,1
-4703.1636,-28634.3926,24.9425,-5252.6064,-28084.4668,21.9621,-4700.9038,-28637.9199,22.9418,781.4623,0.0002,0.0007,-3.1379,0.7852,3.1416,-4704.1514,-28632.6172,24.0619,-0.0001,0.0002,1
-4703.1636,-28634.3926,24.9425,-5252.6064,-28084.4668,21.9621,-4696.2461,-28638.7168,20.4736,785.3227,-0.0003,0.0002,-3.1379,0.7852,3.1416,-4703.9224,-28632.7617,23.9208,0.0001,0.0001,1
-4703.1636,-28634.3926,24.9425,-5252.6064,-28084.4668,21.9621,-4702.6401,-28628.5430,27.7914,773.6319,-0.0009,0.0017,-3.1379,0.7852,3.1416,-4703.8784,-28632.5938,24.0082,0.0003,0.0005,1
-4703.1636,-28634.3926,24.9425,-5252.6064,-28084.4668,21.9621,-4704.8755,-28636.2637,25.3722,777.4923,0.0006,0.0012,-3.1379,0.7852,3.1416,-4703.9043,-28632.6680,24.0271,-0.0002,0.0004,1
-4703.1636,-28634.3926,24.9425,-5252.6064,-28084.4668,21.9621,-4700.2231,-28637.0859,22.9285,781.3531,0.0000,0.0007,-3.1379,0.7852,3.1416,-4703.7832,-28632.7773,23.9714,-0.0000,0.0002,1
-4703.1636,-28634.3926,24.9425,-5252.6064,-28084.4668,21.9621,-4702.7812,-28628.1758,21.4934,773.2560,-0.0009,0.0004,-3.1379,0.7852,3.1416,-4703.7363,-28632.6113,23.8677,0.0003,0.0001,1
-4703.1636,-28634.3926,24.9425,-5252.6064,-28084.4668,21.9621,-4708.8428,-28634.5879,27.7781,773.5227,0.0009,0.0017,-3.1379,0.7852,3.1416,-4703.8843,-28632.6426,23.9631,-0.0003,0.0005,1
-4703.1636,-28634.3926,24.9425,-5252.6064,-28084.4668,21.9621,-4704.1968,-28635.4355,25.3589,777.3831,0.0003,0.0012,-3.1379,0.7852,3.1416,-4703.8931,-28632.7070,23.9896,-0.0001,0.0004,1
-4703.1636,-28634.3926,24.9425,-5252.6064,-28084.4668,21.9621,-4699.5439,-28636.2520,22.9155,781.2440,-0.0002,0.0007,-3.1379,0.7852,3.1416,-4703.7534,-28632.8047,23.9414,0.0001,0.0002,1
-4703.1636,-28634.3926,24.9425,-5252.6064,-28084.4668,21.9621,-4703.9775,-28626.9746,22.9078,771.5602,-0.0009,0.0007,-3.1379,0.7852,3.1416,-4703.7471,-28632.6094,23.8910,0.0003,0.0002,1
-4703.1636,-28634.3926,24.9425,-5252.6064,-28084.4668,21.9621,-4708.1660,-28633.7637,27.7642,773.4135,0.0007,0.0017,-3.1379,0.7852,3.1416,-4703.8774,-28632.6230,23.9963,-0.0002,0.0005,1
-4703.1636,-28634.3926,24.9425,-5252.6064,-28084.4668,21.9621,-4703.5195,-28634.6055,25.3454,777.2739,0.0001,0.0012,-3.1379,0.7852,3.1416,-4703.8667,-28632.6680,24.0321,-0.0000,0.0004,1
-4703.1636,-28634.3926,24.9425,-5252.6064,-28084.4668,21.9621,-4703.8242,-28630.5312,23.9723,774.1763,-0.0004,0.0009,-3.1379,0.7852,3.1416,-4703.8657,-28632.5859,24.0269,0.0001,0.0003,1
-4703.1636,-28634.3926,24.9425,-5252.6064,-28084.4668,21.9621,-4694.2051,-28636.1953,20.4349,784.9952,-0.0010,0.0002,-3.1379,0.7852,3.1416,-4703.5581,-28632.6816,23.9091,0.0003,0.0001,1
-4703.1636,-28634.3926,24.9425,-5252.6064,-28084.4668,21.9621,-4707.4907,-28632.9414,27.7504,773.3044,0.0005,0.0017,-3.1379,0.7852,3.1416,-4703.6553,-28632.6816,24.0188,-0.0001,0.0005,1
-4703.1636,-28634.3926,24.9425,-5252.6064,-28084.4668,21.9621,-4702.8433,-28633.7754,25.3318,777.1648,-0.0001,0.0012,-3.1379,0.7852,3.1416,-4703.6118,-28632.7090,24.0588,0.0000,0.0004,1
-4703.1636,-28634.3926,24.9425,-5252.6064,-28084.4668,21.9621,-4698.1885,-28634.5801,22.8890,781.0257,-0.0007,0.0007,-3.1379,0.7852,3.1416,-4703.4189,-28632.7656,24.0232,0.0002,0.0002,1
-4703.1636,-28634.3926,24.9425,-5252.6064,-28084.4668,21.9621,-4700.4941,-28642.3340,20.4221,784.8860,0.0008,0.0002,-3.1379,0.7852,3.1416,-4703.2896,-28633.0723,23.9068,-0.0002,0.0001,1
-4703.1636,-28634.3926,24.9425,-5252.6064,-28084.4668,21.9621,-4706.8169,-28632.1152,27.7365,773.1953,0.0002,0.0017,-3.1379,0.7852,3.1416,-4703.3594,-28633.0723,24.0178,-0.0001,0.0005,1
-4703.1636,-28634.3926,24.9425,-5252.6064,-28084.4668,21.9621,-4703.2207,-28628.1230,28.7149,772.9309,-0.0009,0.0019,-3.1379,0.7852,3.1416,-4703.3218,-28632.9414,24.1690,0.0003,0.0006,1
-4703.1636,-28634.3926,24.9425,-5252.6050,-28084.4668,21.9623,-4697.5112,-28633.7422,23.1222,780.9165,-0.0009,0.0007,-3.1382,0.7852,3.1416,-4703.1030,-28632.9785,24.1495,0.0003,0.0002,1
-4703.1636,-28634.3926,24.9425,-5252.6016,-28084.4707,21.9628,-4699.8013,-28641.5020,21.0556,784.7751,0.0006,0.0001,-3.1390,0.7852,3.1416,-4702.9473,-28633.2656,24.0615,-0.0002,0.0000,1
-4703.1636,-28634.3926,24.9425,-5252.5947,-28084.4785,21.9640,-4706.1406,-28631.2871,29.5097,773.0845,0.0000,0.0016,-3.1405,0.7852,3.1416,-4702.9907,-28633.2422,24.2386,-0.0000,0.0005,1
-4703.1636,-28634.3926,24.9425,-5252.5835,-28084.4883,21.9657,-4701.4824,-28632.1113,28.7392,776.9448,-0.0005,0.0011,3.1406,0.7852,3.1416,-4702.8931,-28633.2402,24.4014,0.0002,0.0003,1
-4703.1636,-28634.3926,24.9425,-5252.5688,-28084.5039,21.9679,-4703.7446,-28639.8535,28.2512,780.8057,0.0009,0.0006,3.1381,0.7852,3.1416,-4702.8667,-28633.4805,24.5564,-0.0003,0.0002,1
-4703.1636,-28634.3926,24.9425,-5252.5508,-28084.5215,21.9704,-4699.0874,-28640.6680,22.4338,784.6180,0.0004,-0.0010,3.1355,0.7852,3.1416,-4702.6968,-28633.7598,24.5320,-0.0001,-0.0003,1
-4703.1636,-28634.3926,24.9425,-5252.5293,-28084.5430,21.9730,-4705.4414,-28630.4570,31.5911,772.9279,-0.0002,0.0005,3.1331,0.7852,3.1416,-4702.7246,-28633.7246,24.7965,0.0001,0.0002,1
-4703.1636,-28634.3926,24.9425,-5252.5049,-28084.5684,21.9754,-4700.7661,-28631.2910,30.8080,776.7881,-0.0008,0.0000,3.1310,0.7852,3.1416,-4702.6099,-28633.7070,25.0477,0.0002,0.0000,1
-4703.1636,-28634.3926,24.9425,-5252.4785,-28084.5938,21.9775,-4702.9990,-28639.0527,29.6411,780.6487,0.0007,-0.0005,3.1294,0.7852,3.1416,-4702.5654,-28633.9297,25.2705,-0.0002,-0.0001,1
-4703.1636,-28634.3926,24.9425,-5252.4497,-28084.6230,21.9791,-4698.3770,-28639.8262,21.2173,784.3840,0.0001,-0.0024,3.1283,0.7852,3.1416,-4702.3770,-28634.1855,25.2303,-0.0000,-0.0007,1
-4703.1636,-28634.3926,24.9425,-5252.4189,-28084.6523,21.9801,-4704.7144,-28629.6543,28.9016,772.6959,-0.0004,-0.0009,3.1278,0.7853,3.1416,-4702.3857,-28634.1250,25.4243,0.0001,-0.0003,1
-4703.1636,-28634.3926,24.9425,-5252.3867,-28084.6855,21.9805,-4700.0264,-28630.4961,26.4598,776.5554,-0.0010,-0.0014,3.1279,0.7853,3.1416,-4702.2505,-28634.0781,25.5435,0.0003,-0.0004,1
-4703.1636,-28634.3926,24.9425,-5252.3535,-28084.7188,21.9803,-4702.2417,-28638.2656,23.6029,780.4153,0.0005,-0.0019,3.1284,0.7853,3.1416,-4702.1846,-28634.2695,25.5692,-0.0001,-0.0006,1
-4703.1636,-28634.3926,24.9425,-5252.3188,-28084.7539,21.9795,-4697.8687,-28639.1680,19.6087,784.0972,-0.0000,-0.0025,3.1294,0.7853,3.1416,-4701.9824,-28634.4961,25.4598,0.0000,-0.0008,1
-4703.1636,-28634.3926,24.9425,-5252.2832,-28084.7891,21.9783,-4704.1943,-28629.0312,25.8958,772.4117,-0.0006,-0.0010,3.1307,0.7853,3.1416,-4701.9771,-28634.4023,25.5352,0.0002,-0.0003,1
-4703.1636,-28634.3926,24.9425,-5252.2471,-28084.8242,21.9766,-4706.4023,-28636.7676,22.2181,776.2703,0.0009,-0.0015,3.1323,0.7853,3.1416,-4702.0503,-28634.5449,25.4901,-0.0003,-0.0005,1
-4703.1636,-28634.3926,24.9425,-5252.2104,-28084.8613,21.9747,-4701.7271,-28637.6250,18.3503,780.1295,0.0003,-0.0020,3.1341,0.7853,3.1416,-4701.9854,-28634.7148,25.3119,-0.0001,-0.0006,1
-4703.1636,-28634.3926,24.9425,-5252.1733,-28084.8984,21.9726,-4701.3921,-28629.6719,21.6116,774.6888,-0.0009,-0.0011,3.1361,0.7853,3.1416,-4701.9116,-28634.6328,25.2203,0.0003,-0.0003,1
-4703.1636,-28634.3926,24.9425,-5252.1362,-28084.9355,21.9704,-4703.5093,-28628.2012,24.6648,772.0988,-0.0008,-0.0001,3.1380,0.7853,3.1416,-4701.9072,-28634.4883,25.2182,0.0002,-0.0000,1
-4703.1636,-28634.3926,24.9425,-5252.0991,-28084.9727,21.9682,-4705.7090,-28635.9375,20.7348,775.9564,0.0006,-0.0006,3.1399,0.7853,3.1416,-4701.9795,-28634.5781,25.0877,-0.0002,-0.0002,1
-4703.1636,-28634.3926,24.9425,-5252.0620,-28085.0098,21.9661,-4701.0400,-28636.7832,16.8337,779.8146,0.0001,-0.0011,-3.1414,0.7853,3.1416,-4701.9121,-28634.6953,24.8229,-0.0000,-0.0003,1
-4703.1636,-28634.3926,24.9425,-5252.0249,-28085.0469,21.9641,-4696.4893,-28637.4727,19.0096,783.4568,-0.0005,-0.0004,-3.1397,0.7853,3.1416,-4701.6987,-28634.8379,24.6115,0.0001,-0.0001,1
-4703.1636,-28634.3926,24.9425,-5251.9888,-28085.0840,21.9623,-4709.6958,-28634.2227,25.1458,771.7776,0.0010,0.0011,-3.1382,0.7853,3.1416,-4701.9014,-28634.8789,24.5854,-0.0003,0.0003,1
-4703.1636,-28634.3926,24.9425,-5251.9526,-28085.1191,21.9607,-4707.1689,-28635.2617,22.8128,774.2365,0.0008,0.0008,-3.1368,0.7853,3.1416,-4702.0410,-28634.9492,24.4870,-0.0002,0.0003,1
-4703.1636,-28634.3926,24.9425,-5251.9170,-28085.1543,21.9594,-4700.3535,-28635.9453,18.3492,779.4912,-0.0001,0.0001,-3.1357,0.7853,3.1416,-4701.9736,-28635.0410,24.2439,0.0000,0.0000,1
-4703.1636,-28634.3926,24.9425,-5251.8818,-28085.1895,21.9583,-4695.8071,-28636.6270,19.6305,783.1384,-0.0007,0.0005,-3.1348,0.7853,3.1416,-4701.7578,-28635.1523,24.0320,0.0002,0.0002,1
-4703.1636,-28634.3926,24.9425,-5251.8472,-28085.2246,21.9575,-4709.0215,-28633.3887,26.4133,771.4622,0.0008,0.0020,-3.1341,0.7853,3.1416,-4701.9561,-28635.1602,24.0312,-0.0002,0.0006,1
-4703.1636,-28634.3926,24.9425,-5251.8130,-28085.2578,21.9570,-4704.3506,-28634.2637,23.6260,775.3178,0.0002,0.0015,-3.1336,0.7853,3.1416,-4702.0190,-28635.1895,23.9486,-0.0001,0.0005,1
-4703.1636,-28634.3926,24.9425,-5251.7793,-28085.2910,21.9567,-4699.6748,-28635.1055,20.9626,779.1738,-0.0003,0.0010,-3.1334,0.7853,3.1416,-4701.9370,-28635.2422,23.7829,0.0001,0.0003,1
-4703.1636,-28634.3926,24.9425,-5251.7466,-28085.3242,21.9566,-4695.1284,-28635.7832,20.2433,782.8324,-0.0009,0.0009,-3.1333,0.7853,3.1416,-4701.7061,-28635.3145,23.5916,0.0003,0.0003,1
-4703.1636,-28634.3926,24.9425,-5251.7139,-28085.3574,21.9566,-4702.1562,-28639.1660,27.7049,780.2175,0.0006,0.0024,-3.1333,0.7853,3.1416,-4701.6860,-28635.4922,23.6353,-0.0002,0.0007,1
-4703.1636,-28634.3926,24.9425,-5251.6816,-28085.3887,21.9569,-4703.6826,-28633.4238,25.3002,775.0138,-0.0000,0.0019,-3.1335,0.7853,3.1416,-4701.7178,-28635.4922,23.6148,0.0000,0.0006,1
-4703.1636,-28634.3926,24.9425,-5251.6499,-28085.4219,21.9572,-4699.0059,-28634.2637,23.0790,778.8688,-0.0006,0.0014,-3.1338,0.7853,3.1416,-4701.6045,-28635.5117,23.5295,0.0002,0.0004,1
-4703.1636,-28634.3926,24.9425,-5251.6187,-28085.4531,21.9576,-4701.4019,-28641.8984,20.5901,782.5392,0.0009,0.0008,-3.1341,0.7853,3.1416,-4701.5640,-28635.7695,23.3668,-0.0003,0.0002,1
-4703.1636,-28634.3926,24.9425,-5251.5879,-28085.4824,21.9581,-4707.6836,-28631.7227,28.1923,770.8688,0.0003,0.0023,-3.1345,0.7853,3.1416,-4701.7280,-28635.7129,23.4463,-0.0001,0.0007,1
-4703.1636,-28634.3926,24.9425,-5251.5576,-28085.5137,21.9587,-4703.0156,-28632.5859,26.1210,774.7225,-0.0002,0.0018,-3.1349,0.7853,3.1416,-4701.7549,-28635.6719,23.4718,0.0001,0.0005,1
-4703.1636,-28634.3926,24.9425,-5251.5273,-28085.5430,21.9592,-4705.9390,-28628.4551,31.0542,769.7327,-0.0004,0.0028,-3.1354,0.7853,3.1416,-4701.8804,-28635.4863,23.6665,0.0001,0.0008,1
-4703.1636,-28634.3926,24.9425,-5251.4971,-28085.5742,21.9598,-4700.7173,-28641.0625,20.6451,782.2562,0.0007,0.0006,-3.1358,0.7853,3.1416,-4701.8462,-28635.6914,23.5428,-0.0002,0.0002,1
-4703.1636,-28634.3926,24.9425,-5251.4678,-28085.6035,21.9603,-4707.0137,-28630.8984,28.2524,770.5883,0.0001,0.0021,-3.1362,0.7853,3.1416,-4702.0127,-28635.5781,23.6594,-0.0000,0.0006,1
-4703.1636,-28634.3926,24.9425,-5251.4380,-28085.6328,21.9607,-4702.3462,-28631.7539,26.1417,774.4412,-0.0004,0.0016,-3.1366,0.7853,3.1416,-4702.0391,-28635.4824,23.7187,0.0001,0.0005,1
-4703.1636,-28634.3926,24.9425,-5251.4092,-28085.6621,21.9611,-4704.5879,-28639.4941,23.9773,778.2944,0.0010,0.0011,-3.1370,0.7853,3.1416,-4702.1372,-28635.6250,23.7142,-0.0003,0.0003,1
-4703.1636,-28634.3926,24.9425,-5251.3799,-28085.6914,21.9615,-4700.0347,-28640.2266,20.5199,781.9796,0.0004,0.0003,-3.1373,0.7853,3.1416,-4702.0942,-28635.7988,23.6002,-0.0001,0.0001,1
-4703.1636,-28634.3926,24.9425,-5251.3511,-28085.7188,21.9618,-4706.3428,-28630.0742,27.9925,770.3143,-0.0001,0.0018,-3.1375,0.7853,3.1416,-4702.2490,-28635.6543,23.7212,0.0000,0.0005,1
-4703.1636,-28634.3926,24.9425,-5251.3228,-28085.7480,21.9620,-4701.6772,-28630.9238,25.7323,774.1663,-0.0007,0.0013,-3.1377,0.7853,3.1416,-4702.2607,-28635.5254,23.7786,0.0002,0.0004,1
-4703.1636,-28634.3926,24.9425,-5251.2939,-28085.7754,21.9622,-4703.9077,-28638.6621,23.4102,778.0187,0.0008,0.0008,-3.1378,0.7853,3.1416,-4702.3418,-28635.6328,23.7657,-0.0002,0.0002,1
-4703.1636,-28634.3926,24.9425,-5251.2661,-28085.8047,21.9623,-4698.7065,-28632.1660,23.3709,777.0652,-0.0009,0.0008,-3.1379,0.7853,3.1416,-4702.2578,-28635.5391,23.7507,0.0003,0.0002,1
-4703.1636,-28634.3926,24.9425,-5251.2378,-28085.8320,21.9623,-4705.6738,-28629.2520,27.6737,770.0447,-0.0003,0.0017,-3.1380,0.7853,3.1416,-4702.3896,-28635.3398,23.8746,0.0001,0.0005,1
-4703.1636,-28634.3926,24.9425,-5251.2100,-28085.8613,21.9623,-4704.2656,-28635.2402,24.1180,775.2192,0.0003,0.0009,-3.1380,0.7853,3.1416,-4702.4819,-28635.3242,23.8914,-0.0001,0.0003,1
-4703.1636,-28634.3926,24.9425,-5251.1821,-28085.8887,21.9623,-4703.3589,-28637.9609,22.8217,777.7476,0.0006,0.0007,-3.1380,0.7851,3.1416,-4702.5469,-28635.3945,23.8666,-0.0002,0.0002,1
-4703.1636,-28634.3926,24.9425,-5251.1548,-28085.9160,21.9622,-4698.6157,-28638.4980,20.2271,781.4395,-0.0000,0.0001,-3.1379,0.7851,3.1416,-4702.4604,-28635.4883,23.7563,0.0000,0.0000,1
-4703.1636,-28634.3926,24.9425,-5251.1274,-28085.9434,21.9621,-4704.9517,-28628.3730,27.4574,769.7789,-0.0006,0.0016,-3.1378,0.7851,3.1416,-4702.5679,-28635.2617,23.8712,0.0002,0.0005,1
-4703.1636,-28634.3926,24.9425,-5251.1001,-28085.9707,21.9620,-4707.1592,-28636.0859,24.9821,773.6293,0.0008,0.0011,-3.1378,0.7851,3.1416,-4702.7505,-28635.2695,23.9136,-0.0003,0.0003,1
-4703.1636,-28634.3926,24.9425,-5251.0732,-28085.9961,21.9619,-4702.5000,-28636.9453,22.4741,777.4802,0.0003,0.0006,-3.1377,0.7851,3.1416,-4702.7900,-28635.3086,23.8772,-0.0001,0.0002,1
-4703.1636,-28634.3926,24.9425,-5251.0469,-28086.0234,21.9618,-4697.9448,-28637.6680,20.1764,781.1755,-0.0003,0.0002,-3.1376,0.7851,3.1416,-4702.6816,-28635.3730,23.7640,0.0001,0.0001,1
-4703.1636,-28634.3926,24.9425,-5251.0200,-28086.0508,21.9617,-4704.2920,-28627.5527,27.3830,769.5173,-0.0008,0.0017,-3.1375,0.7851,3.1416,-4702.7651,-28635.1172,23.8753,0.0002,0.0005,1
-4703.1636,-28634.3926,24.9425,-5250.9941,-28086.0762,21.9615,-4706.4888,-28635.2637,24.9008,773.3669,0.0006,0.0012,-3.1374,0.7851,3.1416,-4702.9209,-28635.0938,23.9136,-0.0002,0.0004,1
-4703.1636,-28634.3926,24.9425,-5250.9678,-28086.1016,21.9614,-4701.8296,-28636.1172,22.3988,777.2170,0.0001,0.0007,-3.1373,0.7851,3.1416,-4702.9326,-28635.1016,23.8732,-0.0000,0.0002,1
-4703.1636,-28634.3926,24.9425,-5250.9419,-28086.1270,21.9613,-4697.2710,-28636.8340,20.1806,780.9163,-0.0005,0.0002,-3.1372,0.7851,3.1416,-4702.7939,-28635.1328,23.7585,0.0001,0.0001,1
-4703.1636,-28634.3926,24.9425,-5250.9165,-28086.1543,21.9613,-4710.4688,-28633.5625,27.4094,769.2603,0.0010,0.0017,-3.1371,0.7851,3.1416,-4703.0679,-28635.0664,23.8691,-0.0003,0.0005,1
-4703.1636,-28634.3926,24.9425,-5250.8911,-28086.1777,21.9612,-4705.8179,-28634.4395,24.9585,773.1092,0.0004,0.0012,-3.1371,0.7851,3.1416,-4703.2051,-28635.0234,23.9079,-0.0001,0.0004,1
-4703.1636,-28634.3926,24.9425,-5250.8662,-28086.2031,21.9611,-4701.1602,-28635.2852,22.4926,776.9586,-0.0001,0.0007,-3.1370,0.7851,3.1416,-4703.1958,-28635.0078,23.8694,0.0000,0.0002,1
-4703.1636,-28634.3926,24.9425,-5250.8413,-28086.2285,21.9611,-4696.5986,-28635.9980,20.2063,780.6624,-0.0007,0.0003,-3.1370,0.7851,3.1416,-4703.0337,-28635.0176,23.7545,0.0002,0.0001,1
-4703.1636,-28634.3926,24.9425,-5250.8164,-28086.2539,21.9611,-4709.7983,-28632.7441,27.4700,769.0085,0.0007,0.0018,-3.1370,0.7851,3.1416,-4703.2817,-28634.9258,23.8664,-0.0002,0.0005,1
-4703.1636,-28634.3926,24.9425,-5250.7920,-28086.2773,21.9611,-4705.1484,-28633.6133,25.0573,772.8567,0.0002,0.0013,-3.1370,0.7851,3.1416,-4703.3916,-28634.8574,23.9078,-0.0001,0.0004,1
-4703.1636,-28634.3926,24.9425,-5250.7681,-28086.3027,21.9611,-4700.4912,-28634.4551,22.6282,776.7053,-0.0004,0.0008,-3.1370,0.7851,3.1416,-4703.3525,-28634.8145,23.8732,0.0001,0.0002,1
-4703.1636,-28634.3926,24.9425,-5250.7437,-28086.3262,21.9611,-4704.6343,-28626.1309,20.6775,767.8694,-0.0010,0.0004,-3.1370,0.7851,3.1416,-4703.4385,-28634.5000,23.7716,0.0003,0.0001,1
-4703.1636,-28634.3926,24.9425,-5250.7202,-28086.3496,21.9611,-4701.8281,-28639.2246,21.0219,779.0717,0.0005,0.0004,-3.1370,0.7851,3.1416,-4703.4351,-28634.5957,23.6758,-0.0002,0.0001,1
-4703.1636,-28634.3926,24.9425,-5250.6968,-28086.3730,21.9611,-4704.5454,-28632.8535,25.0819,772.6094,-0.0000,0.0013,-3.1370,0.7849,3.1415,-4703.5132,-28634.4961,23.7052,0.0000,0.0004,1
-4703.1636,-28634.3926,24.9425,-5250.6743,-28086.3965,21.9610,-4700.0586,-28633.8555,22.5611,776.4574,-0.0006,0.0008,-3.1369,0.7846,3.1415,-4703.4473,-28634.4297,23.6569,0.0002,0.0002,1
-4703.1636,-28634.3926,24.9425,-5250.6523,-28086.4180,21.9609,-4702.5107,-28641.5820,20.0665,780.1713,0.0008,0.0003,-3.1367,0.7841,3.1414,-4703.4512,-28634.6094,23.5270,-0.0002,0.0001,1
-4703.1636,-28634.3926,24.9425,-5250.6309,-28086.4395,21.9607,-4709.1470,-28631.7852,27.1732,768.5215,0.0003,0.0018,-3.1366,0.7835,3.1414,-4703.6670,-28634.4922,23.6199,-0.0001,0.0005,1
-4703.1636,-28634.3926,24.9425,-5250.6104,-28086.4609,21.9605,-4702.4307,-28636.2871,21.1687,776.4062,-0.0002,0.0006,-3.1364,0.7827,3.1413,-4703.6753,-28634.5156,23.5270,0.0001,0.0002,1
-4703.1636,-28634.3926,24.9425,-5250.5898,-28086.4824,21.9603,-4700.6772,-28634.3066,22.0733,776.2157,-0.0009,0.0008,-3.1363,0.7819,3.1413,-4703.6221,-28634.4805,23.4588,0.0003,0.0002,1
-4703.1636,-28634.3926,24.9425,-5250.5698,-28086.5039,21.9602,-4701.9717,-28640.8926,20.1386,779.9402,0.0002,0.0004,-3.1362,0.7812,3.1413,-4703.6030,-28634.6582,23.3267,-0.0001,0.0001,1
-4703.1636,-28634.3926,24.9425,-5250.5498,-28086.5234,21.9601,-4708.6343,-28631.1152,27.4019,768.2924,-0.0004,0.0019,-3.1362,0.7805,3.1413,-4703.7949,-28634.5352,23.4237,0.0001,0.0006,1
-4703.1636,-28634.3926,24.9425,-5250.5303,-28086.5449,21.9601,-4704.3530,-28632.3340,25.0277,772.1385,-0.0009,0.0014,-3.1362,0.7798,3.1413,-4703.8564,-28634.4453,23.4533,0.0003,0.0004,1
-4703.1636,-28634.3926,24.9425,-5250.5107,-28086.5645,21.9601,-4706.9639,-28640.3828,22.6637,775.9852,0.0005,0.0009,-3.1363,0.7792,3.1414,-4704.0015,-28634.6113,23.4108,-0.0002,0.0003,1
-4703.1636,-28634.3926,24.9425,-5250.4917,-28086.5859,21.9602,-4701.2192,-28639.9902,20.2713,779.7165,-0.0005,0.0004,-3.1364,0.7786,3.1414,-4703.9658,-28634.7754,23.2909,0.0001,0.0001,1
-4703.1636,-28634.3926,24.9425,-5250.4727,-28086.6055,21.9604,-4707.8262,-28630.1523,27.6443,768.0703,-0.0010,0.0019,-3.1365,0.7781,3.1414,-4704.1362,-28634.6348,23.4039,0.0003,0.0006,1
-4703.1636,-28634.3926,24.9425,-5250.4541,-28086.6250,21.9605,-4703.4756,-28631.2949,25.3581,771.9160,-0.0016,0.0014,-3.1366,0.7775,3.1414,-4704.1709,-28634.5234,23.4526,0.0005,0.0004,1
-4703.1636,-28634.3926,24.9425,-5250.4355,-28086.6445,21.9607,-4706.0044,-28639.2793,23.0552,775.7621,-0.0001,0.0009,-3.1368,0.7770,3.1415,-4704.2832,-28634.6602,23.4315,0.0000,0.0003,1
-4703.1636,-28634.3926,24.9425,-5250.4170,-28086.6641,21.9609,-4700.4746,-28639.0957,20.2937,779.4981,-0.0011,0.0003,-3.1369,0.7765,3.1415,-4704.2192,-28634.8027,23.3214,0.0003,0.0001,1
-4703.1636,-28634.3926,24.9425,-5250.3989,-28086.6836,21.9611,-4707.0391,-28629.2109,27.6773,767.8535,-0.0016,0.0018,-3.1371,0.7761,3.1415,-4704.3564,-28634.6348,23.4442,0.0005,0.0005,1
-4703.1636,-28634.3926,24.9425,-5250.3809,-28086.7012,21.9613,-4702.6318,-28630.2871,25.3862,771.6987,-0.0022,0.0013,-3.1372,0.7756,3.1415,-4704.3545,-28634.4883,23.5020,0.0006,0.0004,1
-4703.1636,-28634.3926,24.9425,-5250.3628,-28086.7207,21.9614,-4705.0928,-28638.2207,23.0619,775.5443,-0.0007,0.0008,-3.1373,0.7752,3.1415,-4704.4263,-28634.5918,23.4889,0.0002,0.0002,1
-4703.1636,-28634.3926,24.9425,-5250.3452,-28086.7402,21.9616,-4699.7456,-28638.2129,20.2470,779.2836,-0.0016,0.0002,-3.1374,0.7748,3.1415,-4704.3257,-28634.7012,23.3846,0.0005,0.0001,1
-4703.1636,-28634.3926,24.9425,-5250.3271,-28086.7578,21.9617,-4706.1455,-28628.1582,27.5858,767.6406,-0.0021,0.0017,-3.1375,0.7747,3.1415,-4704.4194,-28634.4941,23.5111,0.0006,0.0005,1
-4703.1636,-28634.3926,24.9425,-5250.3101,-28086.7773,21.9618,-4708.3462,-28635.8301,25.2454,771.4852,-0.0007,0.0012,-3.1376,0.7747,3.1415,-4704.5859,-28634.5215,23.5703,0.0002,0.0004,1
-4703.1636,-28634.3926,24.9425,-5250.2925,-28086.7949,21.9618,-4703.8828,-28636.8652,22.8667,775.3303,-0.0012,0.0007,-3.1376,0.7744,3.1415,-4704.6147,-28634.5879,23.5560,0.0004,0.0002,1
-4703.1636,-28634.3926,24.9425,-5250.2749,-28086.8125,21.9619,-4698.8877,-28637.1973,20.1794,779.0723,-0.0019,0.0002,-3.1377,0.7743,3.1416,-4704.4795,-28634.6680,23.4537,0.0006,0.0000,1
-4703.1636,-28634.3926,24.9425,-5250.2578,-28086.8301,21.9619,-4705.1875,-28627.0391,27.4638,767.4309,-0.0025,0.0017,-3.1377,0.7744,3.1416,-4704.5327,-28634.4238,23.5799,0.0007,0.0005,1
-4703.1636,-28634.3926,24.9425,-5250.2407,-28086.8496,21.9619,-4707.2563,-28634.5996,25.0713,771.2750,-0.0010,0.0012,-3.1377,0.7746,3.1415,-4704.6528,-28634.4102,23.6365,0.0003,0.0003,1
-4703.1636,-28634.3926,24.9425,-5250.2241,-28086.8672,21.9619,-4702.7515,-28635.5801,22.6453,775.1196,-0.0016,0.0007,-3.1377,0.7744,3.1416,-4704.6313,-28634.4297,23.6173,0.0005,0.0002,1
-4703.1636,-28634.3926,24.9425,-5250.2070,-28086.8848,21.9619,-4698.1089,-28636.2617,20.1251,778.8640,-0.0021,0.0001,-3.1377,0.7745,3.1416,-4704.4556,-28634.4727,23.5148,0.0006,0.0000,1
-4703.1636,-28634.3926,24.9425,-5250.1904,-28086.9023,21.9619,-4704.3247,-28626.0137,27.3724,767.2240,-0.0027,0.0016,-3.1377,0.7748,3.1416,-4704.4644,-28634.1895,23.6390,0.0008,0.0005,1
-4703.1636,-28634.3926,24.9425,-5250.1738,-28086.9180,21.9618,-4698.4009,-28635.1016,28.9870,777.8159,-0.0022,0.0020,-3.1376,0.7746,3.1416,-4704.2817,-28634.1836,23.8217,0.0007,0.0006,1
-4703.1636,-28634.3926,24.9425,-5250.1572,-28086.9355,21.9618,-4701.7217,-28634.6895,22.0768,775.1205,-0.0018,0.0006,-3.1376,0.7747,3.1416,-4704.1924,-28634.1680,23.7927,0.0005,0.0002,1
-4703.1636,-28634.3926,24.9425,-5250.1411,-28086.9531,21.9618,-4697.3618,-28635.3516,20.0959,778.6584,-0.0023,0.0002,-3.1376,0.7749,3.1416,-4703.9585,-28634.1758,23.6954,0.0007,0.0000,1
-4703.1636,-28634.3926,24.9425,-5250.1250,-28086.9707,21.9617,-4710.3247,-28631.8691,27.3309,767.0200,-0.0009,0.0017,-3.1375,0.7753,3.1416,-4704.1304,-28634.0742,23.8236,0.0003,0.0005,1
-4703.1636,-28634.3926,24.9425,-5250.1089,-28086.9863,21.9617,-4705.6455,-28632.6855,24.9047,770.8631,-0.0014,0.0012,-3.1375,0.7754,3.1416,-4704.1646,-28633.9961,23.8796,0.0004,0.0003,1
-4703.1636,-28634.3926,24.9425,-5250.0933,-28087.0039,21.9616,-4700.8843,-28633.3945,22.4557,774.7066,-0.0020,0.0007,-3.1375,0.7756,3.1416,-4704.0483,-28633.9395,23.8578,0.0006,0.0002,1
-4703.1636,-28634.3926,24.9425,-5250.0771,-28087.0195,21.9616,-4696.6577,-28634.4395,29.8703,778.4561,-0.0024,0.0022,-3.1374,0.7760,3.1416,-4703.7910,-28633.9180,24.0703,0.0007,0.0007,1
-4703.1636,-28634.3926,24.9425,-5250.0615,-28087.0352,21.9616,-4709.5483,-28630.9434,27.3281,766.8189,-0.0009,0.0017,-3.1374,0.7765,3.1416,-4703.9355,-28633.7852,24.2143,0.0003,0.0005,1
-4703.1636,-28634.3926,24.9425,-5250.0459,-28087.0527,21.9616,-4704.6895,-28631.5742,24.9123,770.6616,-0.0015,0.0012,-3.1374,0.7769,3.1416,-4703.9355,-28633.6680,24.2845,0.0004,0.0004,1
-4703.1636,-28634.3926,24.9425,-5250.0308,-28087.0684,21.9615,-4699.8730,-28632.2168,22.4757,774.5048,-0.0020,0.0007,-3.1374,0.7772,-3.1416,-4703.7832,-28633.5703,24.2752,0.0006,0.0002,1
-4703.1636,-28634.3926,24.9425,-5250.0156,-28087.0840,21.9615,-4702.8506,-28640.4766,29.8683,778.2568,-0.0003,0.0022,-3.1374,0.7777,-3.1416,-4703.7192,-28633.7363,24.4977,0.0001,0.0007,1
-4703.1636,-28634.3926,24.9425,-5250.0005,-28087.0996,21.9615,-4709.1523,-28630.3945,27.3406,766.6210,-0.0009,0.0017,-3.1373,0.7776,-3.1416,-4703.8599,-28633.5938,24.6500,0.0003,0.0005,1
-4703.1636,-28634.3926,24.9425,-5249.9854,-28087.1152,21.9615,-4704.3867,-28631.1133,24.9390,770.4633,-0.0014,0.0012,-3.1373,0.7778,-3.1416,-4703.8584,-28633.4707,24.7272,0.0004,0.0004,1
-4703.1636,-28634.3926,24.9425,-5249.9707,-28087.1309,21.9615,-4699.5405,-28631.7227,22.5159,774.3059,-0.0020,0.0007,-3.1373,0.7782,-3.1416,-4703.7021,-28633.3633,24.7237,0.0006,0.0002,1
-4703.1636,-28634.3926,24.9425,-5249.9561,-28087.1465,21.9615,-4702.4565,-28641.4570,26.5461,779.1202,-0.0001,0.0015,-3.1373,0.7787,-3.1416,-4703.6318,-28633.5684,24.8422,0.0000,0.0005,1
-4703.1636,-28634.3926,24.9425,-5249.9414,-28087.1621,21.9615,-4708.4536,-28629.5449,27.3490,766.4263,-0.0009,0.0017,-3.1373,0.7786,-3.1415,-4703.7554,-28633.4082,24.9888,0.0003,0.0005,1
-4703.1636,-28634.3926,24.9425,-5249.9268,-28087.1758,21.9615,-4703.6685,-28630.2344,24.9576,770.2681,-0.0015,0.0012,-3.1373,0.7789,-3.1415,-4703.7349,-28633.2637,25.0597,0.0004,0.0004,1
-4703.1636,-28634.3926,24.9425,-5249.9126,-28087.1914,21.9615,-4698.8032,-28630.8164,22.5429,774.1104,-0.0021,0.0007,-3.1374,0.7793,-3.1416,-4703.5576,-28633.1328,25.0494,0.0006,0.0002,1
-4703.1636,-28634.3926,24.9425,-5249.8984,-28087.2070,21.9616,-4703.9355,-28640.5312,27.9664,777.3484,0.0001,0.0018,-3.1374,0.7793,-3.1415,-4703.5366,-28633.3125,25.2053,-0.0000,0.0005,1
-4703.1636,-28634.3926,24.9425,-5249.8843,-28087.2207,21.9616,-4708.0732,-28629.0098,27.3460,766.2347,-0.0010,0.0017,-3.1374,0.7792,-3.1415,-4703.6533,-28633.1387,25.3454,0.0003,0.0005,1
-4703.1636,-28634.3926,24.9425,-5249.8701,-28087.2363,21.9616,-4703.2881,-28629.6953,24.9581,770.0760,-0.0015,0.0012,-3.1374,0.7795,-3.1415,-4703.6245,-28632.9785,25.4090,0.0005,0.0004,1
-4703.1636,-28634.3926,24.9425,-5249.8564,-28087.2500,21.9616,-4705.2891,-28637.1582,22.5452,773.9179,-0.0001,0.0007,-3.1374,0.7799,-3.1416,-4703.6606,-28633.0566,25.3905,0.0000,0.0002,1
-4703.1636,-28634.3926,24.9425,-5249.8428,-28087.2637,21.9616,-4701.0796,-28638.2539,29.8430,777.6779,-0.0006,0.0022,-3.1374,0.7799,-3.1415,-4703.5654,-28633.1797,25.5976,0.0002,0.0007,1
-4703.1636,-28634.3926,24.9425,-5249.8291,-28087.2793,21.9616,-4707.3945,-28628.1777,27.3319,766.0459,-0.0011,0.0017,-3.1374,0.7798,-3.1415,-4703.6699,-28632.9902,25.7312,0.0003,0.0005,1
-4703.1636,-28634.3926,24.9425,-5249.8154,-28087.2930,21.9616,-4695.4639,-28635.0645,26.6929,779.3424,-0.0018,0.0015,-3.1374,0.7801,-3.1415,-4703.3989,-28633.0137,25.8436,0.0005,0.0005,1
-4703.1636,-28634.3926,24.9425,-5249.8022,-28087.3066,21.9617,-4704.5713,-28636.2891,22.5284,773.7283,-0.0002,0.0007,-3.1375,0.7806,-3.1416,-4703.4038,-28633.0840,25.8198,0.0001,0.0002,1
-4703.1636,-28634.3926,24.9425,-5249.7886,-28087.3203,21.9617,-4700.3950,-28637.4180,29.8257,777.4906,-0.0007,0.0022,-3.1375,0.7806,-3.1415,-4703.2778,-28633.1992,26.0206,0.0002,0.0006,1
-4703.1636,-28634.3926,24.9425,-5249.7754,-28087.3340,21.9617,-4706.7178,-28627.3418,27.3124,765.8598,-0.0012,0.0017,-3.1375,0.7805,-3.1415,-4703.3521,-28632.9961,26.1462,0.0004,0.0005,1
-4703.1636,-28634.3926,24.9425,-5249.7627,-28087.3477,21.9617,-4708.7451,-28634.8301,24.9198,769.7004,0.0002,0.0012,-3.1375,0.7809,-3.1415,-4703.5010,-28633.0273,26.1927,-0.0001,0.0003,1
-4703.1636,-28634.3926,24.9425,-5249.7495,-28087.3613,21.9617,-4704.1294,-28635.6934,22.5032,773.5414,-0.0003,0.0007,-3.1375,0.7808,-3.1415,-4703.5117,-28633.0898,26.1549,0.0001,0.0002,1
-4703.1636,-28634.3926,24.9425,-5249.7368,-28087.3750,21.9617,-4699.7222,-28636.5898,29.8077,777.3060,-0.0008,0.0022,-3.1375,0.7808,-3.1415,-4703.3828,-28633.1895,26.3412,0.0003,0.0006,1
-4703.1636,-28634.3926,24.9425,-5249.7241,-28087.3867,21.9617,-4694.9312,-28637.2715,27.3895,781.1467,-0.0014,0.0017,-3.1375,0.7810,-3.1415,-4703.0933,-28633.3164,26.4540,0.0004,0.0005,1
-4703.1636,-28634.3926,24.9425,-5249.7114,-28087.4004,21.9617,-4707.8970,-28633.8340,24.8970,769.5165,0.0000,0.0012,-3.1375,0.7814,-3.1416,-4703.2041,-28633.3418,26.4849,-0.0000,0.0003,1
-4703.1636,-28634.3926,24.9425,-5249.6987,-28087.4141,21.9617,-4703.2754,-28634.6855,22.4782,773.3572,-0.0005,0.0007,-3.1375,0.7814,-3.1415,-4703.1772,-28633.3965,26.4308,0.0002,0.0002,1
-4703.1636,-28634.3926,24.9425,-5249.6865,-28087.4258,21.9617,-4699.0366,-28635.7461,29.7911,777.1239,-0.0010,0.0021,-3.1375,0.7814,-3.1415,-4703.0156,-28633.4863,26.6009,0.0003,0.0006,1
-4703.1636,-28634.3926,24.9425,-5249.6738,-28087.4395,21.9617,-4694.2261,-28636.4043,27.3717,780.9643,-0.0015,0.0016,-3.1375,0.7817,-3.1415,-4702.6934,-28633.6016,26.6971,0.0005,0.0005,1
-4703.1636,-28634.3926,24.9425,-5249.6616,-28087.4512,21.9617,-4707.4185,-28633.2051,24.8788,769.3352,-0.0001,0.0011,-3.1375,0.7817,-3.1415,-4702.7788,-28633.6191,26.7111,0.0000,0.0003,1
-4703.1636,-28634.3926,24.9425,-5249.6499,-28087.4648,21.9617,-4702.7979,-28634.0508,22.4593,773.1755,-0.0006,0.0006,-3.1375,0.7816,-3.1415,-4702.7275,-28633.6621,26.6399,0.0002,0.0002,1
-4703.1636,-28634.3926,24.9425,-5249.6377,-28087.4766,21.9617,-4698.3662,-28634.9180,29.7758,776.9443,-0.0012,0.0021,-3.1375,0.7816,-3.1415,-4702.5361,-28633.7344,26.7930,0.0003,0.0006,1
-4703.1636,-28634.3926,24.9425,-5249.6260,-28087.4883,21.9617,-4700.4634,-28642.4863,27.3560,780.7842,0.0003,0.0016,-3.1375,0.7819,-3.1415,-4702.4053,-28634.0469,26.8723,-0.0001,0.0005,1
-4703.1636,-28634.3926,24.9425,-5249.6138,-28087.5020,21.9617,-4701.2964,-28635.7930,26.0086,775.4253,-0.0006,0.0014,-3.1375,0.7819,-3.1415,-4702.2998,-28634.1641,26.9066,0.0002,0.0004,1
-4703.1636,-28634.3926,24.9425,-5249.6021,-28087.5137,21.9617,-4702.1030,-28633.1973,22.4456,772.9962,-0.0008,0.0006,-3.1375,0.7819,-3.1415,-4702.2212,-28634.1973,26.8210,0.0002,0.0002,1
-4703.1636,-28634.3926,24.9425,-5249.5908,-28087.5254,21.9617,-4697.6982,-28634.0879,29.7619,776.7672,-0.0013,0.0021,-3.1375,0.7819,-3.1415,-4702.0034,-28634.2559,26.9596,0.0004,0.0006,1
-4703.1636,-28634.3926,24.9425,-5249.5791,-28087.5371,21.9617,-4701.7251,-28638.4219,28.1269,776.9479,-0.0001,0.0018,-3.1375,0.7822,-3.1415,-4701.9097,-28634.4492,27.0497,0.0000,0.0005,1
-4703.1636,-28634.3926,24.9425,-5249.5679,-28087.5488,21.9617,-4706.0405,-28631.5215,24.8529,768.9798,-0.0004,0.0011,-3.1375,0.7822,-3.1415,-4701.9590,-28634.4258,27.0337,0.0001,0.0003,1
-4703.1636,-28634.3926,24.9425,-5249.5562,-28087.5605,21.9617,-4701.4150,-28632.3496,22.4354,772.8194,-0.0010,0.0006,-3.1375,0.7822,-3.1415,-4701.8706,-28634.4199,26.9327,0.0003,0.0002,1
-4703.1636,-28634.3926,24.9425,-5249.5449,-28087.5723,21.9617,-4703.7720,-28640.0000,29.7478,776.5922,0.0005,0.0021,-3.1375,0.7825,-3.1415,-4701.8604,-28634.6543,27.0561,-0.0002,0.0006,1
-4703.1636,-28634.3926,24.9425,-5249.5342,-28087.5840,21.9617,-4699.1206,-28640.8457,27.3308,780.4315,-0.0001,0.0016,-3.1375,0.7825,-3.1415,-4701.7080,-28634.9238,27.1060,0.0000,0.0005,1
-4703.1636,-28634.3926,24.9425,-5249.5229,-28087.5957,21.9617,-4710.3511,-28630.9980,24.2585,765.5015,0.0002,0.0010,-3.1375,0.7825,-3.1415,-4701.9180,-28634.8848,27.0544,-0.0000,0.0003,1
-4703.1636,-28634.3926,24.9425,-5249.5122,-28087.6074,21.9617,-4700.7827,-28631.5547,22.4256,772.6449,-0.0012,0.0006,-3.1375,0.7825,-3.1415,-4701.8374,-28634.8535,26.9365,0.0003,0.0002,1
-4703.1636,-28634.3926,24.9425,-5249.5010,-28087.6191,21.9617,-4703.0718,-28639.1562,29.7338,776.4196,0.0003,0.0021,-3.1375,0.7828,-3.1415,-4701.8301,-28635.0566,27.0435,-0.0001,0.0006,1
-4703.1636,-28634.3926,24.9425,-5249.4902,-28087.6289,21.9617,-4698.4189,-28639.9902,27.3176,780.2585,-0.0002,0.0016,-3.1375,0.7828,-3.1415,-4701.6782,-28635.2910,27.0778,0.0001,0.0005,1
-4703.1636,-28634.3926,24.9425,-5249.4795,-28087.6406,21.9617,-4704.7192,-28629.8867,24.8300,768.6335,-0.0008,0.0011,-3.1375,0.7828,-3.1415,-4701.7251,-28635.2070,27.0306,0.0002,0.0003,1
-4703.1636,-28634.3926,24.9425,-5249.4692,-28087.6523,21.9617,-4700.0923,-28630.7012,22.4145,772.4725,-0.0013,0.0006,-3.1375,0.7828,-3.1415,-4701.6299,-28635.1348,26.8997,0.0004,0.0002,1
-4703.1636,-28634.3926,24.9425,-5249.4585,-28087.6621,21.9617,-4702.5684,-28638.5020,29.7197,776.2491,0.0002,0.0021,-3.1375,0.7828,-3.1415,-4701.6133,-28635.3008,26.9944,-0.0000,0.0006,1
-4703.1636,-28634.3926,24.9425,-5249.4468,-28087.6738,21.9619,-4697.9170,-28639.3340,27.5489,780.0878,-0.0004,0.0016,-3.1378,0.7828,-3.1415,-4701.4517,-28635.4980,27.0247,0.0001,0.0005,1
-4703.1636,-28634.3926,24.9425,-5249.4331,-28087.6895,21.9625,-4704.2271,-28629.2422,25.6884,768.4637,-0.0010,0.0011,-3.1387,0.7828,-3.1416,-4701.4878,-28635.3730,26.9954,0.0003,0.0003,1
-4703.1636,-28634.3926,24.9425,-5249.4160,-28087.7070,21.9637,-4706.3027,-28636.7754,24.4303,772.3024,0.0005,0.0006,-3.1402,0.7830,3.1416,-4701.5991,-28635.4785,26.9221,-0.0001,0.0002,1
-4703.1636,-28634.3926,24.9425,-5249.3965,-28087.7266,21.9652,-4701.8730,-28637.6543,31.1581,776.0653,-0.0000,0.0017,3.1411,0.7830,3.1416,-4701.5786,-28635.6094,27.0601,0.0000,0.0005,1
-4703.1636,-28634.3926,24.9425,-5249.3735,-28087.7500,21.9671,-4697.2114,-28638.4785,30.3513,779.9037,-0.0006,0.0012,3.1390,0.7830,3.1415,-4701.4111,-28635.7695,27.1804,0.0002,0.0004,1
-4703.1636,-28634.3926,24.9425,-5249.3486,-28087.7754,21.9691,-4703.5215,-28628.4023,29.3246,768.2807,-0.0011,0.0007,3.1370,0.7830,3.1415,-4701.4390,-28635.6074,27.2749,0.0003,0.0002,1
-4703.1636,-28634.3926,24.9425,-5249.3218,-28087.8047,21.9711,-4705.5479,-28635.9277,28.2814,772.1190,0.0003,0.0002,3.1352,0.7833,3.1414,-4701.5381,-28635.6680,27.3387,-0.0001,0.0001,1
-4703.1636,-28634.3926,24.9425,-5249.2930,-28087.8340,21.9729,-4705.9360,-28638.2168,25.1423,773.4158,0.0007,-0.0007,3.1338,0.7834,3.1414,-4701.6597,-28635.8027,27.3016,-0.0002,-0.0002,1
-4703.1636,-28634.3926,24.9425,-5249.2622,-28087.8652,21.9743,-4696.5088,-28637.6699,29.1348,779.6617,-0.0007,-0.0000,3.1328,0.7834,3.1414,-4701.4883,-28635.9238,27.3870,0.0002,-0.0000,1
-4703.1636,-28634.3926,24.9425,-5249.2305,-28087.8984,21.9753,-4709.6450,-28634.4395,27.0498,768.0408,0.0007,-0.0005,3.1323,0.7834,3.1414,-4701.7314,-28635.9395,27.4080,-0.0002,-0.0002,1
-4703.1636,-28634.3926,24.9425,-5249.1978,-28087.9316,21.9758,-4704.9971,-28635.3164,24.7547,771.8784,0.0001,-0.0010,3.1321,0.7834,3.1414,-4701.8408,-28635.9785,27.3525,-0.0000,-0.0003,1
-4703.1636,-28634.3926,24.9425,-5249.1641,-28087.9668,21.9759,-4700.5078,-28636.0371,29.4686,775.5383,-0.0004,-0.0000,3.1324,0.7834,3.1414,-4701.8115,-28636.0371,27.4424,0.0001,-0.0000,1
-4703.1636,-28634.3926,24.9425,-5249.1289,-28088.0039,21.9754,-4695.8267,-28636.8750,26.5748,779.3751,-0.0010,-0.0005,3.1330,0.7834,3.1414,-4701.6294,-28636.1191,27.4427,0.0003,-0.0002,1
-4703.1636,-28634.3926,24.9425,-5249.0938,-28088.0391,21.9746,-4708.8208,-28633.5195,23.3962,767.7568,0.0005,-0.0010,3.1339,0.7836,3.1414,-4701.8545,-28636.0918,27.3359,-0.0001,-0.0003,1
-4703.1636,-28634.3926,24.9425,-5249.0576,-28088.0762,21.9735,-4704.1758,-28634.3809,20.0860,771.5936,-0.0001,-0.0015,3.1351,0.7837,3.1414,-4701.9434,-28636.0840,27.1129,0.0000,-0.0005,1
-4703.1636,-28634.3926,24.9425,-5249.0215,-28088.1133,21.9721,-4699.8301,-28635.2168,28.6273,775.2265,-0.0006,0.0005,3.1364,0.7837,3.1415,-4701.8955,-28636.0996,27.1508,0.0002,0.0001,1
-4703.1636,-28634.3926,24.9425,-5248.9854,-28088.1523,21.9705,-4695.1475,-28636.0508,25.0875,779.0623,-0.0011,-0.0000,3.1379,0.7837,3.1415,-4701.6929,-28636.1367,27.0784,0.0003,-0.0000,1
-4703.1636,-28634.3926,24.9425,-5248.9487,-28088.1895,21.9689,-4707.5200,-28631.2402,18.6511,766.8539,-0.0000,-0.0011,3.1394,0.7837,3.1415,-4701.8755,-28636.0156,26.7913,0.0000,-0.0003,1
-4703.1636,-28634.3926,24.9425,-5248.9121,-28088.2266,21.9672,-4701.1836,-28632.6406,23.5175,772.2659,-0.0008,0.0001,3.1409,0.7837,3.1416,-4701.8643,-28635.9297,26.6464,0.0002,0.0000,1
-4703.1636,-28634.3926,24.9425,-5248.8760,-28088.2656,21.9655,-4709.4668,-28634.6055,27.1684,767.7707,0.0007,0.0011,-3.1408,0.7837,3.1416,-4702.1206,-28635.8984,26.6149,-0.0002,0.0003,1
-4703.1636,-28634.3926,24.9425,-5248.8398,-28088.3027,21.9639,-4699.8428,-28640.8652,26.5449,778.9344,0.0002,0.0012,-3.1395,0.7837,-3.1416,-4702.0806,-28636.0664,26.5663,-0.0001,0.0004,1
-4703.1636,-28634.3926,24.9425,-5248.8042,-28088.3398,21.9625,-4707.6182,-28632.0352,21.6688,767.1277,0.0001,0.0004,-3.1382,0.7837,-3.1415,-4702.2861,-28635.9570,26.3608,-0.0000,0.0001,1
-4703.1636,-28634.3926,24.9425,-5248.7686,-28088.3750,21.9612,-4702.9834,-28632.8828,18.4078,770.9625,-0.0005,-0.0001,-3.1371,0.7837,-3.1415,-4702.3511,-28635.8672,26.0422,0.0001,-0.0000,1
-4703.1636,-28634.3926,24.9425,-5248.7334,-28088.4121,21.9601,-4698.4912,-28633.5547,28.9147,774.5867,-0.0010,0.0022,-3.1362,0.7837,-3.1415,-4702.2705,-28635.7930,26.0500,0.0003,0.0007,1
-4703.1636,-28634.3926,24.9425,-5248.6987,-28088.4473,21.9592,-4700.5713,-28641.1562,25.9122,778.4204,0.0004,0.0017,-3.1354,0.7839,-3.1415,-4702.2471,-28635.9570,25.9707,-0.0001,0.0005,1
-4703.1636,-28634.3926,24.9425,-5248.6646,-28088.4824,21.9586,-4706.8091,-28631.0664,23.0014,766.8115,-0.0001,0.0012,-3.1348,0.7839,-3.1415,-4702.4214,-28635.8086,25.7997,0.0000,0.0004,1
-4703.1636,-28634.3926,24.9425,-5248.6309,-28088.5176,21.9581,-4702.1694,-28631.9082,20.2567,770.6451,-0.0007,0.0007,-3.1344,0.7839,-3.1415,-4702.4531,-28635.6758,25.5373,0.0002,0.0002,1
-4703.1636,-28634.3926,24.9425,-5248.5977,-28088.5527,21.9578,-4704.6938,-28639.5820,29.4045,774.2789,0.0008,0.0026,-3.1341,0.7839,-3.1415,-4702.5635,-28635.7832,25.5632,-0.0002,0.0008,1
-4703.1636,-28634.3926,24.9425,-5248.5649,-28088.5859,21.9576,-4702.1836,-28638.4395,21.4752,775.1556,0.0003,0.0010,-3.1340,0.7839,-3.1415,-4702.5962,-28635.8633,25.3458,-0.0001,0.0003,1
-4703.1636,-28634.3926,24.9425,-5248.5322,-28088.6191,21.9576,-4703.4492,-28633.7246,21.8304,770.8754,-0.0002,0.0011,-3.1340,0.7840,-3.1415,-4702.6670,-28635.7969,25.1346,0.0001,0.0003,1
-4703.1636,-28634.3926,24.9425,-5248.5005,-28088.6523,21.9578,-4701.6396,-28631.2109,22.0766,770.3378,-0.0009,0.0011,-3.1341,0.7840,-3.1415,-4702.6787,-28635.6445,24.9285,0.0003,0.0003,1
-4703.1636,-28634.3926,24.9425,-5248.4688,-28088.6855,21.9580,-4703.9189,-28638.6543,29.7395,773.9822,0.0006,0.0026,-3.1343,0.7842,-3.1415,-4702.7603,-28635.7227,24.9688,-0.0002,0.0008,1
-4703.1636,-28634.3926,24.9425,-5248.4380,-28088.7188,21.9583,-4699.2544,-28639.5098,27.5247,777.8135,0.0000,0.0021,-3.1346,0.7842,-3.1415,-4702.6924,-28635.8359,24.9524,-0.0000,0.0006,1
-4703.1636,-28634.3926,24.9425,-5248.4067,-28088.7500,21.9587,-4704.5337,-28632.4160,24.1118,769.0050,-0.0002,0.0014,-3.1349,0.7842,-3.1415,-4702.7852,-28635.7285,24.8358,0.0001,0.0004,1
-4703.1636,-28634.3926,24.9425,-5248.3765,-28088.7812,21.9591,-4705.8315,-28627.7148,24.7035,764.7258,-0.0007,0.0015,-3.1352,0.7842,-3.1415,-4702.9233,-28635.4590,24.7407,0.0002,0.0004,1
-4703.1636,-28634.3926,24.9425,-5248.3462,-28088.8125,21.9595,-4703.3418,-28637.9258,29.8448,773.6957,0.0004,0.0025,-3.1355,0.7842,-3.1415,-4702.9844,-28635.5039,24.8157,-0.0001,0.0007,1
-4703.1636,-28634.3926,24.9425,-5248.3164,-28088.8438,21.9599,-4698.6812,-28638.7754,27.7001,777.5261,-0.0001,0.0020,-3.1359,0.7842,-3.1415,-4702.8945,-28635.5859,24.8356,0.0000,0.0006,1
-4703.1636,-28634.3926,24.9425,-5248.2866,-28088.8730,21.9603,-4704.9585,-28628.7168,25.4636,765.9261,-0.0007,0.0015,-3.1362,0.7842,-3.1415,-4702.9961,-28635.3477,24.7933,0.0002,0.0004,1
-4703.1636,-28634.3926,24.9425,-5248.2573,-28088.9043,21.9607,-4707.1577,-28636.3887,23.2918,769.7565,0.0007,0.0010,-3.1365,0.7842,-3.1415,-4703.1719,-28635.3457,24.6844,-0.0002,0.0003,1
-4703.1636,-28634.3926,24.9425,-5248.2285,-28088.9336,21.9610,-4702.7070,-28637.1387,29.7791,773.4164,0.0002,0.0023,-3.1368,0.7842,-3.1415,-4703.2095,-28635.3711,24.7851,-0.0001,0.0007,1
-4703.1636,-28634.3926,24.9425,-5248.1992,-28088.9648,21.9613,-4698.0474,-28637.9844,27.5572,777.2459,-0.0004,0.0018,-3.1370,0.7842,-3.1415,-4703.0942,-28635.4297,24.8271,0.0001,0.0005,1
-4703.1636,-28634.3926,24.9425,-5248.1709,-28088.9941,21.9616,-4704.6865,-28631.2383,29.7709,767.7596,-0.0004,0.0022,-3.1372,0.7842,-3.1415,-4703.1802,-28635.2754,24.9501,0.0001,0.0007,1
-4703.1636,-28634.3926,24.9425,-5248.1421,-28089.0234,21.9617,-4706.5283,-28635.6074,22.9452,769.4781,0.0005,0.0008,-3.1374,0.7842,-3.1415,-4703.3276,-28635.2559,24.8631,-0.0002,0.0002,1
-4703.1636,-28634.3926,24.9425,-5248.1138,-28089.0527,21.9619,-4701.9937,-28636.2754,29.6465,773.1423,-0.0000,0.0021,-3.1375,0.7842,-3.1415,-4703.3330,-28635.2598,24.9899,0.0000,0.0006,1
-4703.1636,-28634.3926,24.9425,-5248.0859,-28089.0820,21.9620,-4697.3354,-28637.1133,27.3046,776.9710,-0.0006,0.0016,-3.1376,0.7842,-3.1415,-4703.1841,-28635.2930,25.0519,0.0002,0.0005,1
-4703.1636,-28634.3926,24.9425,-5248.0581,-28089.1113,21.9620,-4710.4443,-28633.8770,24.8633,765.3762,0.0009,0.0011,-3.1377,0.7842,-3.1415,-4703.4458,-28635.2285,25.0405,-0.0003,0.0003,1
-4703.1636,-28634.3926,24.9425,-5248.0303,-28089.1387,21.9621,-4705.8203,-28634.7461,22.4707,769.2049,0.0003,0.0006,-3.1377,0.7842,-3.1415,-4703.5698,-28635.1895,24.9513,-0.0001,0.0002,1
-4703.1636,-28634.3926,24.9425,-5248.0024,-28089.1680,21.9620,-4701.3232,-28635.4531,29.5306,772.8727,-0.0002,0.0021,-3.1377,0.7842,-3.1415,-4703.5513,-28635.1719,25.0857,0.0001,0.0006,1
-4703.1636,-28634.3926,24.9425,-5247.9756,-28089.1953,21.9620,-4696.6665,-28636.2812,27.0996,776.7007,-0.0008,0.0016,-3.1377,0.7842,-3.1415,-4703.3760,-28635.1855,25.1514,0.0002,0.0005,1
-4703.1636,-28634.3926,24.9425,-5247.9482,-28089.2246,21.9619,-4709.7769,-28633.0645,24.5869,765.1082,0.0006,0.0011,-3.1376,0.7842,-3.1415,-4703.6094,-28635.0957,25.1400,-0.0002,0.0003,1
-4703.1636,-28634.3926,24.9425,-5247.9214,-28089.2520,21.9619,-4705.1548,-28633.9258,22.1323,768.9361,0.0001,0.0006,-3.1375,0.7842,-3.1415,-4703.7036,-28635.0312,25.0474,-0.0000,0.0002,1
-4703.1636,-28634.3926,24.9425,-5247.8945,-28089.2793,21.9618,-4700.6558,-28634.6289,29.4677,772.6074,-0.0005,0.0021,-3.1375,0.7842,-3.1415,-4703.6533,-28634.9883,25.1861,0.0001,0.0006,1
-4703.1636,-28634.3926,24.9425,-5247.8682,-28089.3066,21.9617,-4695.9995,-28635.4512,27.0028,776.4346,-0.0010,0.0016,-3.1374,0.7842,-3.1415,-4703.4453,-28634.9727,25.2541,0.0003,0.0005,1
-4703.1636,-28634.3926,24.9425,-5247.8418,-28089.3340,21.9616,-4709.1123,-28632.2480,24.4710,764.8444,0.0004,0.0011,-3.1373,0.7842,-3.1415,-4703.6440,-28634.8555,25.2436,-0.0001,0.0003,1
-4703.1636,-28634.3926,24.9425,-5247.8159,-28089.3613,21.9615,-4704.4907,-28633.1055,22.0068,768.6716,-0.0001,0.0006,-3.1373,0.7842,-3.1415,-4703.7036,-28634.7617,25.1508,0.0000,0.0002,1
-4703.1636,-28634.3926,24.9425,-5247.7900,-28089.3887,21.9614,-4709.1616,-28634.7188,21.5766,766.4878,0.0008,0.0005,-3.1372,0.7842,-3.1415,-4703.9155,-28634.7188,25.0362,-0.0002,0.0002,1
-4703.1636,-28634.3926,24.9425,-5247.7642,-28089.4141,21.9613,-4702.2290,-28641.5176,26.9979,776.1733,0.0008,0.0016,-3.1371,0.7842,-3.1415,-4703.9116,-28634.8965,25.0902,-0.0002,0.0005,1
-4703.1636,-28634.3926,24.9425,-5247.7388,-28089.4414,21.9613,-4708.4492,-28631.4355,24.4838,764.5854,0.0002,0.0011,-3.1371,0.7842,-3.1415,-4704.1045,-28634.7637,25.0674,-0.0001,0.0003,1
-4703.1636,-28634.3926,24.9425,-5247.7139,-28089.4668,21.9612,-4702.1240,-28631.5195,22.5062,769.0808,-0.0007,0.0007,-3.1370,0.7842,-3.1415,-4704.0986,-28634.6270,24.9792,0.0002,0.0002,1
-4703.1636,-28634.3926,24.9425,-5247.6890,-28089.4922,21.9612,-4699.3257,-28632.9785,29.4643,772.0916,-0.0009,0.0022,-3.1370,0.7842,-3.1415,-4703.9956,-28634.5332,25.1116,0.0003,0.0007,1
-4703.1636,-28634.3926,24.9425,-5247.6641,-28089.5176,21.9612,-4701.4233,-28640.5625,27.0376,775.9172,0.0005,0.0017,-3.1370,0.7844,-3.1415,-4703.9487,-28634.6836,25.1750,-0.0002,0.0005,1
-4703.1636,-28634.3926,24.9425,-5247.6396,-28089.5430,21.9611,-4707.6572,-28630.4883,24.5523,764.3316,-0.0000,0.0012,-3.1369,0.7844,-3.1415,-4704.0972,-28634.5195,25.1619,0.0000,0.0004,1
-4703.1636,-28634.3926,24.9425,-5247.6152,-28089.5684,21.9611,-4703.0352,-28631.3262,22.1404,768.1572,-0.0006,0.0007,-3.1369,0.7845,-3.1415,-4704.1016,-28634.3789,25.0689,0.0002,0.0002,1
-4703.1636,-28634.3926,24.9425,-5247.5913,-28089.5938,21.9611,-4698.6621,-28632.1523,29.4771,771.8414,-0.0011,0.0022,-3.1369,0.7845,-3.1415,-4703.9600,-28634.2578,25.2073,0.0003,0.0007,1
-4703.1636,-28634.3926,24.9425,-5247.5674,-28089.6172,21.9611,-4700.8784,-28639.8652,27.0767,775.6663,0.0004,0.0017,-3.1369,0.7845,-3.1415,-4703.8779,-28634.3848,25.2771,-0.0001,0.0005,1
-4703.1636,-28634.3926,24.9425,-5247.5435,-28089.6426,21.9611,-4701.7632,-28631.2168,26.8984,768.8920,-0.0008,0.0016,-3.1370,0.7845,-3.1415,-4703.8169,-28634.2461,25.3451,0.0002,0.0005,1
-4703.1636,-28634.3926,24.9425,-5247.5200,-28089.6660,21.9612,-4700.0088,-28642.4277,22.8093,778.0176,0.0006,0.0008,-3.1370,0.7845,-3.1415,-4703.6953,-28634.4629,25.2838,-0.0002,0.0002,1
-4703.1636,-28634.3926,24.9425,-5247.4971,-28089.6914,21.9612,-4704.8462,-28638.1855,29.4780,771.5964,0.0007,0.0022,-3.1370,0.7845,-3.1415,-4703.7212,-28634.5645,25.4317,-0.0002,0.0007,1
-4703.1636,-28634.3926,24.9425,-5247.4741,-28089.7148,21.9612,-4700.2036,-28639.0371,27.0918,775.4207,0.0001,0.0017,-3.1370,0.7845,-3.1415,-4703.6006,-28634.7012,25.5102,-0.0000,0.0005,1
-4703.1636,-28634.3926,24.9425,-5247.4512,-28089.7383,21.9612,-4706.4648,-28628.9805,24.6392,763.8392,-0.0004,0.0012,-3.1370,0.7845,-3.1415,-4703.6763,-28634.5195,25.5115,0.0001,0.0004,1
-4703.1636,-28634.3926,24.9425,-5247.4287,-28089.7617,21.9613,-4701.8462,-28629.8086,22.2550,767.6635,-0.0010,0.0007,-3.1371,0.7845,-3.1415,-4703.6074,-28634.3535,25.4321,0.0003,0.0002,1
-4703.1636,-28634.3926,24.9425,-5247.4062,-28089.7852,21.9613,-4704.0352,-28637.2266,29.4665,771.3562,0.0005,0.0022,-3.1371,0.7847,-3.1415,-4703.6069,-28634.4219,25.5790,-0.0001,0.0006,1
-4703.1636,-28634.3926,24.9425,-5247.3838,-28089.8086,21.9613,-4699.3901,-28638.0684,27.0820,775.1798,-0.0001,0.0017,-3.1371,0.7847,-3.1415,-4703.4580,-28634.5215,25.6560,0.0000,0.0005,1
-4703.1636,-28634.3926,24.9425,-5247.3618,-28089.8301,21.9614,-4705.6655,-28628.0215,24.6287,763.6003,-0.0006,0.0012,-3.1371,0.7847,-3.1415,-4703.5039,-28634.3027,25.6551,0.0002,0.0003,1
-4703.1636,-28634.3926,24.9425,-5247.3398,-28089.8535,21.9614,-4707.8618,-28635.6621,22.2413,767.4240,0.0008,0.0007,-3.1372,0.7847,-3.1415,-4703.6274,-28634.3223,25.5731,-0.0002,0.0002,1
-4703.1636,-28634.3926,24.9425,-5247.3184,-28089.8750,21.9614,-4703.4941,-28636.5352,29.4470,771.1205,0.0003,0.0021,-3.1372,0.7847,-3.1415,-4703.6187,-28634.3711,25.7166,-0.0001,0.0006,1
-4703.1636,-28634.3926,24.9425,-5247.2969,-28089.8984,21.9614,-4698.8516,-28637.3730,27.0569,774.9435,-0.0002,0.0016,-3.1372,0.7847,-3.1415,-4703.4595,-28634.4551,25.7898,0.0001,0.0005,1
-4703.1636,-28634.3926,24.9425,-5247.2754,-28089.9199,21.9614,-4705.1401,-28627.3359,24.5978,763.3659,-0.0008,0.0011,-3.1372,0.7847,-3.1415,-4703.4946,-28634.2168,25.7844,0.0002,0.0003,1
-4703.1636,-28634.3926,24.9425,-5247.2544,-28089.9414,21.9615,-4707.3291,-28634.9766,22.2039,767.1890,0.0006,0.0006,-3.1372,0.7847,-3.1415,-4703.6055,-28634.2148,25.6972,-0.0002,0.0002,1
-4703.1636,-28634.3926,24.9425,-5247.2334,-28089.9629,21.9615,-4702.8213,-28635.7109,29.4252,770.8890,0.0001,0.0021,-3.1372,0.7847,-3.1415,-4703.5781,-28634.2383,25.8359,-0.0000,0.0006,1
-4703.1636,-28634.3926,24.9425,-5247.2124,-28089.9844,21.9615,-4698.1797,-28636.5410,27.0287,774.7115,-0.0005,0.0016,-3.1372,0.7847,-3.1415,-4703.3994,-28634.2930,25.9036,0.0001,0.0005,1
-4703.1636,-28634.3926,24.9425,-5247.1919,-28090.0059,21.9615,-4704.4829,-28626.5156,24.5644,763.1357,-0.0010,0.0011,-3.1372,0.7847,-3.1415,-4703.4136,-28634.0273,25.8923,0.0003,0.0003,1
-4703.1636,-28634.3926,24.9425,-5247.1699,-28090.0293,21.9617,-4706.6592,-28634.1582,22.4049,766.9581,0.0004,0.0006,-3.1376,0.7847,-3.1415,-4703.5020,-28633.9941,25.8066,-0.0001,0.0002,1
-4703.1636,-28634.3926,24.9425,-5247.1465,-28090.0527,21.9623,-4706.5269,-28637.2422,22.4496,769.2091,0.0009,0.0005,-3.1384,0.7847,-3.1415,-4703.5933,-28634.0645,25.7140,-0.0003,0.0001,1
-4703.1636,-28634.3926,24.9425,-5247.1196,-28090.0801,21.9634,-4697.5078,-28635.7090,28.7932,774.4818,-0.0007,0.0016,-3.1399,0.7847,-3.1416,-4703.3994,-28634.0938,25.8192,0.0002,0.0005,1
-4703.1636,-28634.3926,24.9425,-5247.0889,-28090.1133,21.9651,-4710.5879,-28632.4824,27.9288,762.9080,0.0008,0.0011,3.1411,0.7847,3.1416,-4703.6187,-28634.0215,25.9036,-0.0002,0.0003,1
-4703.1636,-28634.3926,24.9425,-5247.0542,-28090.1484,21.9674,-4705.9648,-28633.3516,27.5381,766.7297,0.0002,0.0006,3.1385,0.7847,3.1415,-4703.7017,-28633.9746,25.9787,-0.0001,0.0002,1
-4703.1636,-28634.3926,24.9425,-5247.0151,-28090.1895,21.9701,-4701.4683,-28634.0547,31.6108,770.3882,-0.0003,0.0009,3.1355,0.7848,3.1414,-4703.6431,-28633.9512,26.1881,0.0001,0.0003,1
-4703.1636,-28634.3926,24.9425,-5246.9717,-28090.2344,21.9731,-4696.8135,-28634.8770,31.5501,774.2092,-0.0009,0.0004,3.1325,0.7848,3.1414,-4703.4292,-28633.9570,26.4052,0.0003,0.0001,1
-4703.1636,-28634.3926,24.9425,-5246.9243,-28090.2832,21.9763,-4705.5283,-28637.9297,31.3849,770.1398,0.0009,-0.0001,3.1294,0.7850,3.1413,-4703.4824,-28634.0625,26.6270,-0.0003,-0.0000,1
-4703.1636,-28634.3926,24.9425,-5246.8726,-28090.3359,21.9793,-4705.1050,-28632.4277,31.0183,766.4588,-0.0000,-0.0006,3.1267,0.7850,3.1412,-4703.5273,-28634.0000,26.8453,0.0000,-0.0002,1
-4703.1636,-28634.3926,24.9425,-5246.8179,-28090.3926,21.9820,-4700.8159,-28633.2852,31.1039,770.0252,-0.0005,-0.0009,3.1244,0.7850,3.1412,-4703.4365,-28633.9629,27.0714,0.0002,-0.0003,1
-4703.1636,-28634.3926,24.9425,-5246.7598,-28090.4531,21.9847,-4703.0137,-28641.0020,30.0657,773.8450,0.0009,-0.0014,3.1226,0.7851,3.1411,-4703.4116,-28634.1738,27.2682,-0.0003,-0.0004,1
-4703.1636,-28634.3926,24.9425,-5246.6997,-28090.5156,21.9876,-4709.1812,-28630.9688,28.5093,762.2773,0.0004,-0.0019,3.1214,0.7851,3.1411,-4703.5884,-28634.0742,27.4170,-0.0001,-0.0006,1
-4703.1636,-28634.3926,24.9425,-5246.6372,-28090.5801,21.9904,-4704.5225,-28631.8594,26.6896,766.0970,-0.0002,-0.0024,3.1206,0.7851,3.1411,-4703.6250,-28633.9980,27.5039,0.0001,-0.0007,1
-4703.1636,-28634.3926,24.9425,-5246.5732,-28090.6465,21.9927,-4700.1108,-28632.4668,29.5322,769.5813,-0.0007,-0.0019,3.1204,0.7851,3.1411,-4703.5200,-28633.9355,27.6766,0.0002,-0.0006,1
-4703.1636,-28634.3926,24.9425,-5246.5083,-28090.7129,21.9944,-4702.2852,-28640.1953,26.9340,773.3993,0.0007,-0.0024,3.1206,0.7851,3.1411,-4703.4775,-28634.1230,27.7644,-0.0002,-0.0007,1
-4703.1636,-28634.3926,24.9425,-5246.4419,-28090.7812,21.9950,-4708.4604,-28630.1836,23.9159,761.8368,0.0002,-0.0029,3.1214,0.7851,3.1411,-4703.6353,-28633.9961,27.7461,-0.0000,-0.0009,1
-4703.1636,-28634.3926,24.9425,-5246.3750,-28090.8516,21.9947,-4703.8096,-28631.0664,20.6116,765.6548,-0.0004,-0.0034,3.1226,0.7851,3.1411,-4703.6504,-28633.8926,27.6075,0.0001,-0.0010,1
-4703.1636,-28634.3926,24.9425,-5246.3071,-28090.9219,21.9931,-4699.4238,-28631.6445,28.1038,769.0947,-0.0009,-0.0016,3.1242,0.7851,3.1412,-4703.5234,-28633.8008,27.6942,0.0003,-0.0005,1
-4703.1636,-28634.3926,24.9425,-5246.2388,-28090.9922,21.9904,-4701.5835,-28639.3789,24.1391,772.9109,0.0005,-0.0021,3.1263,0.7851,3.1412,-4703.4575,-28633.9570,27.6504,-0.0001,-0.0006,1
-4703.1636,-28634.3926,24.9425,-5246.1694,-28091.0625,21.9866,-4707.7778,-28629.3730,19.8761,761.3540,-0.0001,-0.0026,3.1287,0.7851,3.1413,-4703.5903,-28633.7988,27.4542,0.0000,-0.0008,1
-4703.1636,-28634.3926,24.9425,-5246.1006,-28091.1348,21.9815,-4703.1465,-28630.2324,15.3097,765.1702,-0.0006,-0.0031,3.1316,0.7851,3.1413,-4703.5806,-28633.6621,27.0910,0.0002,-0.0009,1
-4703.1636,-28634.3926,24.9425,-5246.0308,-28091.2070,21.9763,-4705.5732,-28637.6562,27.0366,768.5875,0.0008,-0.0002,3.1346,0.7851,3.1414,-4703.6484,-28633.7578,27.0841,-0.0003,-0.0000,1
-4703.1636,-28634.3926,24.9425,-5245.9619,-28091.2773,21.9716,-4700.8999,-28638.5508,22.3290,772.4016,0.0003,-0.0007,3.1376,0.7851,3.1415,-4703.5688,-28633.8945,26.9249,-0.0001,-0.0002,1
-4703.1636,-28634.3926,24.9425,-5245.8926,-28091.3496,21.9674,-4707.1143,-28628.5547,17.7503,760.8508,-0.0003,-0.0012,3.1405,0.7851,3.1415,-4703.6860,-28633.7148,26.6033,0.0001,-0.0003,1
-4703.1636,-28634.3926,24.9425,-5245.8242,-28091.4199,21.9638,-4702.4932,-28629.3984,13.2690,764.6650,-0.0008,-0.0017,-3.1399,0.7851,-3.1416,-4703.6592,-28633.5527,26.1183,0.0002,-0.0005,1
-4703.1636,-28634.3926,24.9425,-5245.7563,-28091.4902,21.9608,-4704.9014,-28636.8301,27.4477,768.0769,0.0006,0.0017,-3.1375,0.7851,-3.1415,-4703.7075,-28633.6250,26.0711,-0.0002,0.0005,1
-4703.1636,-28634.3926,24.9425,-5245.6895,-28091.5586,21.9583,-4700.2310,-28637.7188,23.4147,771.8890,0.0001,0.0012,-3.1353,0.7851,-3.1415,-4703.6064,-28633.7324,25.8999,-0.0000,0.0004,1
-4703.1636,-28634.3926,24.9425,-5245.6235,-28091.6270,21.9564,-4706.4526,-28627.7402,19.6646,760.3442,-0.0005,0.0007,-3.1335,0.7851,-3.1414,-4703.7012,-28633.5254,25.6025,0.0001,0.0002,1
-4703.1636,-28634.3926,24.9425,-5245.5581,-28091.6953,21.9548,-4708.6128,-28635.3789,16.1675,764.1564,0.0010,0.0002,-3.1321,0.7852,-3.1414,-4703.8716,-28633.5566,25.1829,-0.0003,0.0001,1
-4703.1636,-28634.3926,24.9425,-5245.4937,-28091.7617,21.9538,-4704.2397,-28636.0020,28.4816,767.5823,0.0004,0.0029,-3.1310,0.7852,-3.1414,-4703.9087,-28633.6133,25.1510,-0.0001,0.0009,1
-4703.1636,-28634.3926,24.9425,-5245.4302,-28091.8281,21.9530,-4699.5737,-28636.8848,25.5323,771.3926,-0.0002,0.0024,-3.1303,0.7852,-3.1414,-4703.7944,-28633.7031,25.0362,0.0000,0.0007,1
-4703.1636,-28634.3926,24.9425,-5245.3677,-28091.8926,21.9527,-4702.6675,-28638.1699,20.5178,770.0248,0.0005,0.0014,-3.1299,0.7852,-3.1414,-4703.7700,-28633.8438,24.7653,-0.0001,0.0004,1
-4703.1636,-28634.3926,24.9425,-5245.3062,-28091.9551,21.9527,-4707.9429,-28634.5664,20.2969,763.6639,0.0007,0.0014,-3.1298,0.7852,-3.1413,-4703.9150,-28633.8770,24.4822,-0.0002,0.0004,1
-4703.1636,-28634.3926,24.9425,-5245.2456,-28092.0176,21.9529,-4703.5815,-28635.1758,29.3707,767.1111,0.0002,0.0033,-3.1299,0.7852,-3.1414,-4703.9253,-28633.9316,24.4925,-0.0001,0.0010,1
-4703.1636,-28634.3926,24.9425,-5245.1855,-28092.0801,21.9533,-4698.9214,-28636.0449,27.2308,770.9196,-0.0004,0.0028,-3.1302,0.7852,-3.1414,-4703.7832,-28634.0156,24.4495,0.0001,0.0008,1
-4703.1636,-28634.3926,24.9425,-5245.1265,-28092.1406,21.9540,-4694.2544,-28636.8828,25.1938,774.7285,-0.0009,0.0023,-3.1307,0.7852,-3.1414,-4703.4800,-28634.1289,24.3521,0.0003,0.0007,1
-4703.1636,-28634.3926,24.9425,-5245.0679,-28092.2012,21.9547,-4707.2896,-28633.7422,23.2114,763.1945,0.0005,0.0018,-3.1313,0.7852,-3.1414,-4703.5791,-28634.1465,24.1973,-0.0002,0.0005,1
-4703.1636,-28634.3926,24.9425,-5245.0103,-28092.2617,21.9556,-4702.9219,-28634.3535,29.7844,766.6617,-0.0000,0.0030,-3.1320,0.7852,-3.1414,-4703.5449,-28634.1836,24.2600,0.0000,0.0009,1
-4703.1636,-28634.3926,24.9425,-5244.9531,-28092.3203,21.9564,-4698.2671,-28635.2129,27.9565,770.4684,-0.0006,0.0025,-3.1328,0.7852,-3.1414,-4703.3584,-28634.2461,24.2796,0.0002,0.0008,1
-4703.1636,-28634.3926,24.9425,-5244.8965,-28092.3789,21.9573,-4700.4785,-28642.9277,26.1173,774.2756,0.0009,0.0020,-3.1335,0.7852,-3.1414,-4703.2339,-28634.5586,24.2516,-0.0003,0.0006,1
-4703.1636,-28634.3926,24.9425,-5244.8403,-28092.4375,21.9582,-4706.6377,-28632.9219,24.2124,762.7468,0.0003,0.0015,-3.1343,0.7852,-3.1414,-4703.3057,-28634.5625,24.1698,-0.0001,0.0005,1
-4703.1636,-28634.3926,24.9425,-5244.7852,-28092.4941,21.9590,-4702.2612,-28633.5352,29.7657,766.2285,-0.0003,0.0026,-3.1349,0.7852,-3.1415,-4703.2427,-28634.5820,24.2729,0.0001,0.0008,1
-4703.1636,-28634.3926,24.9425,-5244.7300,-28092.5508,21.9598,-4697.6094,-28634.3867,27.8582,770.0336,-0.0008,0.0021,-3.1356,0.7852,-3.1415,-4703.0283,-28634.6250,24.3285,0.0002,0.0006,1
-4703.1636,-28634.3926,24.9425,-5244.6753,-28092.6074,21.9604,-4699.8105,-28642.0996,25.8756,773.8392,0.0006,0.0016,-3.1361,0.7852,-3.1415,-4702.8755,-28634.9141,24.3297,-0.0002,0.0005,1
-4703.1636,-28634.3926,24.9425,-5244.6206,-28092.6641,21.9610,-4700.2754,-28633.0508,29.0657,767.0527,-0.0006,0.0022,-3.1366,0.7852,-3.1415,-4702.7324,-28634.9238,24.4408,0.0002,0.0006,1
-4703.1636,-28634.3926,24.9425,-5244.5669,-28092.7188,21.9614,-4701.6006,-28632.7188,29.5248,765.8063,-0.0005,0.0022,-3.1370,0.7852,-3.1415,-4702.6299,-28634.9141,24.5790,0.0001,0.0007,1
-4703.1636,-28634.3926,24.9425,-5244.5132,-28092.7754,21.9618,-4703.7896,-28640.4043,27.3697,769.6099,0.0010,0.0017,-3.1373,0.7852,-3.1415,-4702.5991,-28635.1484,24.6583,-0.0003,0.0005,1
-4703.1636,-28634.3926,24.9425,-5244.4600,-28092.8301,21.9620,-4700.2080,-28636.5176,29.0518,769.3152,-0.0001,0.0020,-3.1375,0.7852,-3.1415,-4702.4575,-28635.2656,24.7987,0.0000,0.0006,1
-4703.1636,-28634.3926,24.9425,-5244.4072,-28092.8848,21.9622,-4705.3291,-28631.2910,22.7995,761.8947,-0.0001,0.0007,-3.1377,0.7852,-3.1415,-4702.4810,-28635.2109,24.7445,0.0000,0.0002,1
-4703.1636,-28634.3926,24.9425,-5244.3550,-28092.9395,21.9623,-4709.7129,-28633.7715,29.0386,760.5143,0.0009,0.0020,-3.1377,0.7852,-3.1415,-4702.6582,-28635.2246,24.8906,-0.0003,0.0006,1
-4703.1636,-28634.3926,24.9425,-5244.3027,-28092.9922,21.9623,-4703.1206,-28639.5859,26.8862,769.1944,0.0008,0.0015,-3.1377,0.7852,-3.1415,-4702.6367,-28635.4238,24.9740,-0.0002,0.0005,1
-4703.1636,-28634.3926,24.9425,-5244.2510,-28093.0469,21.9622,-4698.4761,-28640.4531,24.4411,772.9970,0.0002,0.0010,-3.1377,0.7852,-3.1415,-4702.4673,-28635.6543,24.9813,-0.0001,0.0003,1
-4703.1636,-28634.3926,24.9425,-5244.1997,-28093.0996,21.9621,-4704.6777,-28630.4766,21.9491,761.4824,-0.0004,0.0005,-3.1376,0.7852,-3.1415,-4702.4927,-28635.5703,24.9043,0.0001,0.0002,1
-4703.1636,-28634.3926,24.9425,-5244.1484,-28093.1523,21.9619,-4710.8623,-28632.5977,20.7344,758.5481,0.0009,0.0003,-3.1375,0.7852,-3.1415,-4702.7290,-28635.5391,24.7795,-0.0003,0.0001,1
-4703.1636,-28634.3926,24.9425,-5244.0981,-28093.2051,21.9618,-4702.4551,-28638.7715,26.6099,768.7869,0.0005,0.0015,-3.1373,0.7852,-3.1415,-4702.7075,-28635.6992,24.8382,-0.0002,0.0005,1
-4703.1636,-28634.3926,24.9425,-5244.0479,-28093.2559,21.9616,-4699.8638,-28638.1270,29.1987,770.1059,0.0001,0.0021,-3.1372,0.7852,-3.1415,-4702.6021,-28635.8438,24.9847,-0.0000,0.0006,1
-4703.1636,-28634.3926,24.9425,-5243.9980,-28093.3086,21.9614,-4704.0288,-28629.6621,21.5358,761.0778,-0.0006,0.0005,-3.1370,0.7852,-3.1415,-4702.6270,-28635.7129,24.8900,0.0002,0.0002,1
-4703.1636,-28634.3926,24.9425,-5243.9482,-28093.3594,21.9612,-4706.4243,-28637.0723,29.0593,764.5887,0.0009,0.0021,-3.1368,0.7852,-3.1415,-4702.7339,-28635.8105,25.0336,-0.0003,0.0006,1
-4703.1636,-28634.3926,24.9425,-5243.8994,-28093.4102,21.9610,-4701.7920,-28637.9531,26.5565,768.3878,0.0003,0.0016,-3.1367,0.7852,-3.1415,-4702.6987,-28635.9355,25.1036,-0.0001,0.0005,1
-4703.1636,-28634.3926,24.9425,-5243.8496,-28093.4609,21.9610,-4697.1523,-28638.8008,24.2780,772.1874,-0.0002,0.0011,-3.1369,0.7852,-3.1415,-4702.5112,-28636.0898,25.1019,0.0001,0.0003,1
-4703.1636,-28634.3926,24.9425,-5243.7979,-28093.5137,21.9614,-4703.3760,-28628.8496,22.3798,760.6816,-0.0008,0.0006,-3.1376,0.7852,-3.1415,-4702.5146,-28635.9219,25.0345,0.0002,0.0002,1
-4703.1636,-28634.3926,24.9425,-5243.7432,-28093.5703,21.9624,-4705.7598,-28636.2559,30.2172,764.1943,0.0007,0.0020,-3.1390,0.7852,-3.1416,-4702.5991,-28635.9785,25.2171,-0.0002,0.0006,1
-4703.1636,-28634.3926,24.9425,-5243.6851,-28093.6309,21.9641,-4701.1235,-28637.1289,29.4229,767.9921,0.0001,0.0015,-3.1410,0.7852,3.1416,-4702.5396,-28636.0625,25.3834,-0.0000,0.0005,1
-4703.1636,-28634.3926,24.9425,-5243.6235,-28093.6953,21.9662,-4696.4736,-28637.9785,28.9189,771.7902,-0.0005,0.0010,3.1397,0.7852,3.1415,-4702.3271,-28636.1738,25.5401,0.0001,0.0003,1
-4703.1636,-28634.3926,24.9425,-5243.5591,-28093.7617,21.9687,-4709.4507,-28634.8066,28.3709,760.2888,0.0010,0.0005,3.1371,0.7852,3.1415,-4702.5269,-28636.1816,25.6859,-0.0003,0.0002,1
-4703.1636,-28634.3926,24.9425,-5243.4922,-28093.8301,21.9712,-4705.0776,-28635.4414,30.9706,763.7480,0.0004,0.0007,3.1346,0.7852,3.1414,-4702.5986,-28636.2070,25.9199,-0.0001,0.0002,1
-4703.1636,-28634.3926,24.9425,-5243.4224,-28093.9023,21.9736,-4700.4297,-28636.3203,30.1638,767.5441,-0.0001,0.0002,3.1326,0.7852,3.1414,-4702.5249,-28636.2578,26.1351,0.0000,0.0001,1
-4703.1636,-28634.3926,24.9425,-5243.3511,-28093.9766,21.9757,-4695.7666,-28637.1777,28.9859,771.3405,-0.0007,-0.0003,3.1310,0.7852,3.1413,-4702.2959,-28636.3340,26.3168,0.0002,-0.0001,1
-4703.1636,-28634.3926,24.9425,-5243.2783,-28094.0508,21.9773,-4708.7275,-28634.0391,27.2957,759.8442,0.0008,-0.0008,3.1299,0.7852,3.1413,-4702.4761,-28636.3066,26.4460,-0.0002,-0.0002,1
-4703.1636,-28634.3926,24.9425,-5243.2041,-28094.1289,21.9783,-4704.3867,-28634.6406,29.5166,763.2409,0.0002,-0.0004,3.1294,0.7852,3.1413,-4702.5283,-28636.2930,26.6454,-0.0001,-0.0001,1
-4703.1636,-28634.3926,24.9425,-5243.1284,-28094.2070,21.9787,-4699.7280,-28635.5273,27.1169,767.0349,-0.0003,-0.0009,3.1294,0.7852,3.1413,-4702.4331,-28636.3027,26.7681,0.0001,-0.0003,1
-4703.1636,-28634.3926,24.9425,-5243.0522,-28094.2852,21.9785,-4695.0610,-28636.3848,24.3163,770.8295,-0.0009,-0.0014,3.1300,0.7852,3.1413,-4702.1812,-28636.3379,26.7959,0.0003,-0.0004,1
-4703.1636,-28634.3926,24.9425,-5242.9751,-28094.3652,21.9778,-4708.0225,-28633.2637,21.1880,759.3392,0.0006,-0.0019,3.1309,0.7852,3.1413,-4702.3379,-28636.2676,26.7095,-0.0002,-0.0006,1
-4703.1636,-28634.3926,24.9425,-5242.8975,-28094.4453,21.9766,-4703.7070,-28633.8359,28.1335,762.6977,0.0000,-0.0003,3.1322,0.7852,3.1414,-4702.3657,-28636.2090,26.8353,-0.0000,-0.0001,1
-4703.1636,-28634.3926,24.9425,-5242.8198,-28094.5254,21.9750,-4699.0488,-28634.7188,24.5510,766.4896,-0.0006,-0.0008,3.1338,0.7852,3.1414,-4702.2456,-28636.1738,26.8433,0.0002,-0.0002,1
-4703.1636,-28634.3926,24.9425,-5242.7417,-28094.6055,21.9732,-4701.2310,-28642.4121,20.7863,770.2819,0.0009,-0.0013,3.1356,0.7852,3.1414,-4702.1899,-28636.3848,26.7210,-0.0003,-0.0004,1
-4703.1636,-28634.3926,24.9425,-5242.6636,-28094.6875,21.9711,-4707.3599,-28632.4531,17.0076,758.7982,0.0003,-0.0018,3.1375,0.7852,3.1415,-4702.3350,-28636.2832,26.4552,-0.0001,-0.0005,1
-4703.1636,-28634.3926,24.9425,-5242.5859,-28094.7676,21.9690,-4703.0420,-28633.0254,27.6516,762.1403,-0.0002,0.0007,3.1394,0.7852,3.1415,-4702.3496,-28636.1914,26.5170,0.0001,0.0002,1
-4703.1636,-28634.3926,24.9425,-5242.5088,-28094.8477,21.9668,-4698.3872,-28633.9004,23.8312,765.9299,-0.0008,0.0002,3.1413,0.7852,3.1416,-4702.2144,-28636.1230,26.4554,0.0002,0.0001,1
-4703.1636,-28634.3926,24.9425,-5242.4316,-28094.9258,21.9647,-4696.8774,-28638.2031,22.8865,769.9208,-0.0004,0.0003,-3.1400,0.7852,-3.1416,-4702.0225,-28636.1875,26.3567,0.0001,0.0001,1
-4703.1636,-28634.3926,24.9425,-5242.3555,-28095.0059,21.9628,-4706.7041,-28631.6406,16.4318,758.2430,0.0001,-0.0008,-3.1383,0.7852,-3.1415,-4702.1416,-28636.0410,26.0353,-0.0000,-0.0002,1
-4703.1636,-28634.3926,24.9425,-5242.2798,-28095.0840,21.9611,-4702.3877,-28632.2109,27.9530,761.5872,-0.0004,0.0019,-3.1368,0.7852,-3.1415,-4702.1299,-28635.9043,26.0723,0.0001,0.0006,1
-4703.1636,-28634.3926,24.9425,-5242.2051,-28095.1602,21.9595,-4709.4165,-28630.5215,19.2697,755.3022,0.0004,0.0003,-3.1355,0.7852,-3.1415,-4702.3525,-28635.7031,25.8276,-0.0001,0.0001,1
-4703.1636,-28634.3926,24.9425,-5242.1309,-28095.2383,21.9582,-4699.8984,-28640.7656,21.3363,769.1625,0.0005,0.0009,-3.1344,0.7852,-3.1415,-4702.2773,-28635.8281,25.6406,-0.0001,0.0003,1
-4703.1636,-28634.3926,24.9425,-5242.0576,-28095.3125,21.9572,-4706.0488,-28630.8320,18.3103,757.6922,-0.0001,0.0004,-3.1335,0.7852,-3.1414,-4702.3989,-28635.6406,25.3441,0.0000,0.0001,1
-4703.1636,-28634.3926,24.9425,-5241.9854,-28095.3887,21.9564,-4701.7402,-28631.3945,28.5720,761.0502,-0.0007,0.0026,-3.1329,0.7852,-3.1414,-4702.3867,-28635.4629,25.3729,0.0002,0.0008,1
-4703.1636,-28634.3926,24.9425,-5241.9136,-28095.4629,21.9559,-4703.8828,-28639.0547,25.8497,764.8354,0.0008,0.0021,-3.1324,0.7852,-3.1414,-4702.4424,-28635.5273,25.3225,-0.0002,0.0006,1
-4703.1636,-28634.3926,24.9425,-5241.8428,-28095.5352,21.9556,-4699.2437,-28639.9355,23.2468,768.6212,0.0002,0.0016,-3.1321,0.7852,-3.1414,-4702.3501,-28635.6309,25.1914,-0.0001,0.0005,1
-4703.1636,-28634.3926,24.9425,-5241.7729,-28095.6074,21.9555,-4705.4023,-28630.0215,20.7838,757.1574,-0.0003,0.0011,-3.1321,0.7852,-3.1414,-4702.4521,-28635.4219,24.9766,0.0001,0.0003,1
-4703.1636,-28634.3926,24.9425,-5241.7036,-28095.6797,21.9556,-4701.0942,-28630.5781,29.0989,760.5336,-0.0009,0.0029,-3.1321,0.7852,-3.1414,-4702.4189,-28635.2188,25.0296,0.0003,0.0009,1
-4703.1636,-28634.3926,24.9425,-5241.6353,-28095.7500,21.9558,-4703.2295,-28638.2324,26.8644,764.3168,0.0006,0.0024,-3.1323,0.7852,-3.1414,-4702.4517,-28635.2598,25.0214,-0.0002,0.0007,1
-4703.1636,-28634.3926,24.9425,-5241.5674,-28095.8203,21.9562,-4698.5938,-28639.1055,24.6851,768.1005,0.0000,0.0019,-3.1326,0.7852,-3.1414,-4702.3354,-28635.3379,24.9489,-0.0000,0.0006,1
-4703.1636,-28634.3926,24.9425,-5241.5005,-28095.8887,21.9566,-4704.7627,-28629.2051,22.5399,756.6429,-0.0005,0.0014,-3.1329,0.7852,-3.1414,-4702.4126,-28635.0996,24.8076,0.0002,0.0004,1
-4703.1636,-28634.3926,24.9425,-5241.4341,-28095.9570,21.9571,-4707.1987,-28636.5195,29.3473,760.0364,0.0009,0.0027,-3.1333,0.7852,-3.1414,-4702.5747,-28635.0938,24.8882,-0.0003,0.0008,1
-4703.1636,-28634.3926,24.9425,-5241.3687,-28096.0254,21.9577,-4702.5752,-28637.4141,27.3111,763.8176,0.0004,0.0022,-3.1338,0.7852,-3.1414,-4702.5942,-28635.1211,24.9143,-0.0001,0.0007,1
-4703.1636,-28634.3926,24.9425,-5241.3037,-28096.0918,21.9582,-4697.9434,-28638.2793,25.2617,767.5994,-0.0002,0.0017,-3.1342,0.7852,-3.1414,-4702.4624,-28635.1816,24.8806,0.0001,0.0005,1
-4703.1636,-28634.3926,24.9425,-5241.2393,-28096.1602,21.9587,-4704.1250,-28628.3926,23.1719,756.1477,-0.0008,0.0012,-3.1347,0.7852,-3.1415,-4702.5220,-28634.9277,24.7809,0.0002,0.0004,1
-4703.1636,-28634.3926,24.9425,-5241.1753,-28096.2246,21.9592,-4706.5405,-28635.7129,29.3394,759.5553,0.0007,0.0025,-3.1351,0.7852,-3.1415,-4702.6646,-28634.9023,24.8829,-0.0002,0.0007,1
-4703.1636,-28634.3926,24.9425,-5241.1118,-28096.2910,21.9597,-4701.9199,-28636.5996,27.2648,763.3347,0.0001,0.0020,-3.1355,0.7852,-3.1415,-4702.6626,-28634.9102,24.9279,-0.0000,0.0006,1
-4703.1636,-28634.3926,24.9425,-5241.0488,-28096.3555,21.9601,-4697.2915,-28637.4570,25.1379,767.1146,-0.0004,0.0015,-3.1358,0.7852,-3.1415,-4702.5073,-28634.9512,24.9098,0.0001,0.0004,1
-4703.1636,-28634.3926,24.9425,-5240.9868,-28096.4199,21.9605,-4703.4863,-28627.5801,22.9440,755.6685,-0.0010,0.0010,-3.1361,0.7852,-3.1415,-4702.5425,-28634.6738,24.8207,0.0003,0.0003,1
-4703.1636,-28634.3926,24.9425,-5240.9248,-28096.4844,21.9607,-4705.8828,-28634.9102,29.1943,759.0869,0.0005,0.0022,-3.1364,0.7852,-3.1415,-4702.6582,-28634.6230,24.9348,-0.0001,0.0007,1
-4703.1636,-28634.3926,24.9425,-5240.8633,-28096.5469,21.9610,-4701.2651,-28635.7871,26.9767,762.8645,-0.0001,0.0017,-3.1366,0.7852,-3.1415,-4702.6289,-28634.6074,24.9861,0.0000,0.0005,1
-4703.1636,-28634.3926,24.9425,-5240.8022,-28096.6113,21.9611,-4704.9155,-28627.4395,25.2254,754.2922,-0.0008,0.0013,-3.1367,0.7852,-3.1415,-4702.7168,-28634.3184,24.9851,0.0002,0.0004,1
-4703.1636,-28634.3926,24.9425,-5240.7422,-28096.6738,21.9612,-4702.0415,-28632.4160,23.9321,759.7482,-0.0005,0.0011,-3.1368,0.7852,-3.1415,-4702.7134,-28634.1816,24.9424,0.0001,0.0003,1
-4703.1636,-28634.3926,24.9425,-5240.6821,-28096.7344,21.9613,-4705.2271,-28634.1055,29.0346,758.6295,0.0003,0.0021,-3.1369,0.7852,-3.1415,-4702.8125,-28634.1016,25.0659,-0.0001,0.0006,1
-4703.1636,-28634.3926,24.9425,-5240.6226,-28096.7969,21.9613,-4700.6128,-28634.9766,26.6825,762.4053,-0.0003,0.0016,-3.1369,0.7852,-3.1415,-4702.7646,-28634.0527,25.1208,0.0001,0.0005,1
-4703.1636,-28634.3926,24.9425,-5240.5635,-28096.8574,21.9613,-4695.9912,-28635.8164,24.2823,766.1816,-0.0009,0.0011,-3.1369,0.7852,-3.1415,-4702.5610,-28634.0371,25.1005,0.0003,0.0003,1
-4703.1636,-28634.3926,24.9425,-5240.5044,-28096.9180,21.9612,-4708.9033,-28632.6836,21.8493,754.7463,0.0006,0.0006,-3.1369,0.7852,-3.1415,-4702.7661,-28633.9258,24.9970,-0.0002,0.0002,1
-4703.1636,-28634.3926,24.9425,-5240.4463,-28096.9785,21.9612,-4705.6431,-28637.6445,21.1667,760.4809,0.0008,0.0005,-3.1368,0.7852,-3.1415,-4702.8765,-28633.9766,24.8649,-0.0003,0.0001,1
-4703.1636,-28634.3926,24.9425,-5240.3887,-28097.0391,21.9611,-4699.9619,-28634.1641,26.5081,761.9564,-0.0005,0.0016,-3.1367,0.7852,-3.1415,-4702.8057,-28633.9258,24.9005,0.0002,0.0005,1
-4703.1636,-28634.3926,24.9425,-5240.3301,-28097.0996,21.9612,-4702.1450,-28641.8027,24.2903,765.7311,0.0009,0.0011,-3.1369,0.7852,-3.1415,-4702.7993,-28634.1250,24.8677,-0.0003,0.0003,1
-4703.1636,-28634.3926,24.9425,-5240.2700,-28097.1602,21.9616,-4708.2510,-28631.8828,22.4327,754.3008,0.0004,0.0006,-3.1377,0.7852,-3.1415,-4702.9927,-28634.0215,24.7724,-0.0001,0.0002,1
-4703.1636,-28634.3926,24.9425,-5240.2070,-28097.2266,21.9626,-4703.9204,-28632.4941,30.0122,757.7394,-0.0002,0.0020,-3.1391,0.7852,-3.1416,-4703.0537,-28633.9336,24.9230,0.0001,0.0006,1
-4703.1636,-28634.3926,24.9425,-5240.1401,-28097.2949,21.9643,-4699.3057,-28633.3477,29.2261,761.5119,-0.0007,0.0015,-3.1412,0.7852,3.1416,-4702.9634,-28633.8711,25.0591,0.0002,0.0004,1
-4703.1636,-28634.3926,24.9425,-5240.0698,-28097.3691,21.9665,-4701.4658,-28640.9902,28.8283,765.2850,0.0007,0.0010,3.1394,0.7852,3.1415,-4702.9346,-28634.0605,25.1907,-0.0002,0.0003,1
-4703.1636,-28634.3926,24.9425,-5239.9951,-28097.4453,21.9691,-4707.5659,-28631.0957,28.5028,753.8598,0.0002,0.0005,3.1365,0.7852,3.1415,-4703.1035,-28633.9414,25.3209,-0.0000,0.0001,1
-4703.1636,-28634.3926,24.9425,-5239.9175,-28097.5254,21.9721,-4703.2490,-28631.6816,31.1448,757.2434,-0.0004,0.0006,3.1336,0.7852,3.1414,-4703.1387,-28633.8379,25.5438,0.0001,0.0002,1
-4703.1636,-28634.3926,24.9425,-5239.8359,-28097.6094,21.9749,-4698.6221,-28632.5410,30.7933,761.0140,-0.0010,0.0001,3.1309,0.7852,3.1413,-4703.0205,-28633.7598,25.7651,0.0003,0.0000,1
-4703.1636,-28634.3926,24.9425,-5239.7524,-28097.6953,21.9776,-4700.7539,-28640.1973,30.1026,764.7850,0.0005,-0.0004,3.1287,0.7852,3.1413,-4702.9614,-28633.9297,25.9718,-0.0001,-0.0001,1
-4703.1636,-28634.3926,24.9425,-5239.6665,-28097.7852,21.9797,-4706.8472,-28630.3379,28.8174,753.3658,-0.0001,-0.0009,3.1271,0.7853,3.1412,-4703.0986,-28633.7910,26.1439,0.0000,-0.0003,1
-4703.1636,-28634.3926,24.9425,-5239.5786,-28097.8750,21.9813,-4702.5640,-28630.8867,29.6584,756.6698,-0.0006,-0.0009,3.1261,0.7853,3.1412,-4703.1011,-28633.6660,26.3459,0.0002,-0.0003,1
-4703.1636,-28634.3926,24.9425,-5239.4888,-28097.9688,21.9825,-4704.6729,-28638.5234,27.5898,760.4381,0.0008,-0.0014,3.1257,0.7853,3.1412,-4703.1714,-28633.7871,26.4827,-0.0002,-0.0004,1
-4703.1636,-28634.3926,24.9425,-5239.3979,-28098.0625,21.9833,-4700.0308,-28639.4277,25.0966,764.2067,0.0003,-0.0019,3.1259,0.7853,3.1412,-4703.0918,-28633.9473,26.5360,-0.0001,-0.0006,1
-4703.1636,-28634.3926,24.9425,-5239.3066,-28098.1562,21.9835,-4706.1343,-28629.5840,22.1872,752.7946,-0.0003,-0.0024,3.1265,0.7853,3.1412,-4703.2056,-28633.7969,26.4844,0.0001,-0.0007,1
-4703.1636,-28634.3926,24.9425,-5239.2139,-28098.2520,21.9829,-4701.8916,-28630.0898,28.0511,756.0476,-0.0008,-0.0010,3.1277,0.7853,3.1413,-4703.1846,-28633.6562,26.6139,0.0003,-0.0003,1
-4703.1636,-28634.3926,24.9425,-5239.1211,-28098.3477,21.9813,-4703.9849,-28637.7285,24.4798,759.8132,0.0006,-0.0015,3.1293,0.7853,3.1413,-4703.2290,-28633.7598,26.6254,-0.0002,-0.0005,1
-4703.1636,-28634.3926,24.9425,-5239.0273,-28098.4453,21.9791,-4708.6572,-28634.2559,18.9692,753.9268,0.0008,-0.0024,3.1313,0.7853,3.1413,-4703.4292,-28633.7578,26.4453,-0.0002,-0.0007,1
-4703.1636,-28634.3926,24.9425,-5238.9341,-28098.5410,21.9764,-4705.4795,-28628.7793,16.6406,752.1750,-0.0005,-0.0025,3.1335,0.7853,3.1414,-4703.5347,-28633.5781,26.1676,0.0001,-0.0008,1
-4703.1636,-28634.3926,24.9425,-5238.8408,-28098.6387,21.9736,-4707.9458,-28636.0020,27.1585,755.4041,0.0009,0.0001,3.1358,0.7853,3.1414,-4703.7241,-28633.6270,26.2165,-0.0003,0.0000,1
-4703.1636,-28634.3926,24.9425,-5238.7476,-28098.7344,21.9707,-4703.3174,-28636.9219,23.0090,759.1671,0.0004,-0.0004,3.1382,0.7853,3.1415,-4703.7681,-28633.7129,26.1300,-0.0001,-0.0001,1
-4703.1636,-28634.3926,24.9425,-5238.6548,-28098.8301,21.9679,-4698.6934,-28637.8027,18.8476,762.9306,-0.0002,-0.0009,3.1405,0.7853,3.1415,-4703.6567,-28633.8340,25.8999,0.0000,-0.0003,1
-4703.1636,-28634.3926,24.9425,-5238.5625,-28098.9258,21.9653,-4704.2480,-28628.8164,22.2533,752.5131,-0.0007,0.0001,-3.1404,0.7853,-3.1416,-4703.7144,-28633.6680,25.7642,0.0002,0.0000,1
-4703.1636,-28634.3926,24.9425,-5238.4712,-28099.0195,21.9628,-4707.2871,-28635.1973,27.3421,754.7611,0.0007,0.0015,-3.1383,0.7853,-3.1415,-4703.8726,-28633.7031,25.7903,-0.0002,0.0005,1
-4703.1636,-28634.3926,24.9425,-5238.3804,-28099.1133,21.9606,-4702.6636,-28636.1094,23.5929,758.5214,0.0002,0.0010,-3.1365,0.7853,-3.1415,-4703.8828,-28633.7734,25.6972,-0.0001,0.0003,1
-4703.1636,-28634.3926,24.9425,-5238.2910,-28099.2070,21.9587,-4698.0420,-28636.9844,19.9925,762.2822,-0.0004,0.0005,-3.1349,0.7853,-3.1415,-4703.7373,-28633.8770,25.4827,0.0001,0.0002,1
-4703.1636,-28634.3926,24.9425,-5238.2021,-28099.2988,21.9572,-4704.1934,-28627.1719,16.6727,750.8939,-0.0009,0.0000,-3.1335,0.7853,-3.1414,-4703.7793,-28633.6602,25.1442,0.0003,0.0000,1
-4703.1636,-28634.3926,24.9425,-5238.1143,-28099.3887,21.9559,-4706.6372,-28634.3906,28.0683,754.1349,0.0005,0.0026,-3.1325,0.7853,-3.1414,-4703.9023,-28633.6719,25.1682,-0.0002,0.0008,1
-4703.1636,-28634.3926,24.9425,-5238.0273,-28099.4785,21.9550,-4702.0200,-28635.2930,25.1131,757.8926,-0.0000,0.0021,-3.1317,0.7853,-3.1414,-4703.8770,-28633.7129,25.1038,0.0000,0.0006,1
-4703.1636,-28634.3926,24.9425,-5237.9419,-28099.5664,21.9544,-4697.3999,-28636.1621,22.3217,761.6509,-0.0006,0.0016,-3.1311,0.7853,-3.1414,-4703.6943,-28633.7871,24.9505,0.0002,0.0005,1
-4703.1636,-28634.3926,24.9425,-5237.8569,-28099.6543,21.9540,-4710.2168,-28633.0410,19.7352,750.2704,0.0008,0.0011,-3.1308,0.7853,-3.1414,-4703.9209,-28633.7656,24.7068,-0.0003,0.0003,1
-4703.1636,-28634.3926,24.9425,-5237.7734,-28099.7422,21.9540,-4704.1680,-28638.9531,22.7341,758.6014,0.0008,0.0018,-3.1307,0.7853,-3.1414,-4703.9595,-28633.9355,24.5560,-0.0002,0.0005,1
-4703.1636,-28634.3926,24.9425,-5237.6904,-28099.8262,21.9541,-4701.3813,-28634.4746,26.4955,757.2883,-0.0003,0.0025,-3.1308,0.7853,-3.1414,-4703.9048,-28633.9688,24.5291,0.0001,0.0008,1
-4703.1636,-28634.3926,24.9425,-5237.6084,-28099.9121,21.9544,-4696.7646,-28635.3379,24.3054,761.0440,-0.0008,0.0020,-3.1310,0.7853,-3.1414,-4703.6924,-28634.0312,24.4382,0.0002,0.0006,1
-4703.1636,-28634.3926,24.9425,-5237.5278,-28099.9941,21.9549,-4709.5767,-28632.2363,22.1893,749.6711,0.0006,0.0015,-3.1314,0.7853,-3.1414,-4703.8872,-28633.9941,24.2800,-0.0002,0.0005,1
-4703.1636,-28634.3926,24.9425,-5237.4478,-28100.0781,21.9554,-4705.3467,-28632.7812,29.1721,752.9554,0.0001,0.0029,-3.1319,0.7853,-3.1414,-4703.9536,-28633.9688,24.3532,-0.0000,0.0009,1
-4703.1636,-28634.3926,24.9425,-5237.3682,-28100.1602,21.9561,-4700.7422,-28633.6621,27.2128,756.7084,-0.0005,0.0024,-3.1324,0.7853,-3.1414,-4703.8701,-28633.9707,24.3753,0.0001,0.0007,1
-4703.1636,-28634.3926,24.9425,-5237.2896,-28100.2402,21.9567,-4702.8867,-28641.2715,25.2580,760.4618,0.0010,0.0019,-3.1329,0.7853,-3.1414,-4703.8496,-28634.2207,24.3420,-0.0003,0.0006,1
-4703.1636,-28634.3926,24.9425,-5237.2119,-28100.3223,21.9574,-4708.9399,-28631.4336,23.2754,749.0959,0.0004,0.0014,-3.1335,0.7853,-3.1414,-4704.0278,-28634.1602,24.2477,-0.0001,0.0004,1
-4703.1636,-28634.3926,24.9425,-5237.1348,-28100.4004,21.9581,-4704.7007,-28631.9805,29.2254,752.3982,-0.0001,0.0026,-3.1341,0.7853,-3.1414,-4704.0752,-28634.1113,24.3518,0.0000,0.0008,1
-4703.1636,-28634.3926,24.9425,-5237.0581,-28100.4805,21.9587,-4700.1016,-28632.8535,27.2700,756.1489,-0.0007,0.0021,-3.1346,0.7853,-3.1415,-4703.9707,-28634.0879,24.4038,0.0002,0.0006,1
-4703.1636,-28634.3926,24.9425,-5236.9824,-28100.5586,21.9593,-4705.9062,-28634.2285,30.8098,752.9340,0.0004,0.0028,-3.1351,0.7853,-3.1415,-4704.0483,-28634.1035,24.5819,-0.0001,0.0008,1
-4703.1636,-28634.3926,24.9425,-5236.9072,-28100.6367,21.9598,-4708.3022,-28630.6309,23.1797,748.5410,0.0002,0.0011,-3.1355,0.7853,-3.1415,-4704.2100,-28634.0000,24.5215,-0.0001,0.0003,1
-4703.1636,-28634.3926,24.9425,-5236.8325,-28100.7129,21.9602,-4704.0557,-28631.1836,29.0722,751.8569,-0.0004,0.0023,-3.1359,0.7853,-3.1415,-4704.2383,-28633.9082,24.6549,0.0001,0.0007,1
-4703.1636,-28634.3926,24.9425,-5236.7588,-28100.7891,21.9605,-4699.4609,-28632.0469,26.9541,755.6054,-0.0009,0.0018,-3.1362,0.7853,-3.1415,-4704.1123,-28633.8398,24.7279,0.0003,0.0005,1
-4703.1636,-28634.3926,24.9425,-5236.6851,-28100.8652,21.9608,-4701.5859,-28639.6484,24.7656,759.3544,0.0005,0.0013,-3.1364,0.7853,-3.1415,-4704.0454,-28634.0176,24.7335,-0.0002,0.0004,1
-4703.1636,-28634.3926,24.9425,-5236.6123,-28100.9414,21.9610,-4707.6650,-28629.8320,22.5080,748.0020,-0.0000,0.0008,-3.1366,0.7853,-3.1415,-4704.1748,-28633.8828,24.6636,0.0000,0.0002,1
-4703.1636,-28634.3926,24.9425,-5236.5386,-28101.0176,21.9614,-4703.4126,-28630.3867,29.1034,751.3289,-0.0006,0.0021,-3.1370,0.7853,-3.1415,-4704.1694,-28633.7578,24.8085,0.0002,0.0006,1
-4703.1636,-28634.3926,24.9425,-5236.4634,-28101.0957,21.9620,-4699.3735,-28640.3633,29.7151,761.1343,0.0003,0.0021,-3.1379,0.7853,-3.1415,-4704.0288,-28633.9551,24.9811,-0.0001,0.0006,1
-4703.1636,-28634.3926,24.9425,-5236.3853,-28101.1758,21.9631,-4700.9287,-28638.8418,26.1802,758.8222,0.0003,0.0011,-3.1394,0.7853,-3.1416,-4703.9282,-28634.1172,25.0475,-0.0001,0.0003,1
-4703.1636,-28634.3926,24.9425,-5236.3037,-28101.2598,21.9648,-4707.0078,-28629.0449,25.3607,747.4761,-0.0002,0.0006,-3.1415,0.7853,3.1416,-4704.0229,-28633.9648,25.0884,0.0001,0.0002,1
-4703.1636,-28634.3926,24.9425,-5236.2183,-28101.3477,21.9671,-4702.7627,-28629.5820,30.7336,750.7838,-0.0008,0.0013,3.1390,0.7853,3.1415,-4703.9829,-28633.8184,25.3073,0.0002,0.0004,1
-4703.1636,-28634.3926,24.9425,-5236.1289,-28101.4395,21.9697,-4704.8525,-28637.1523,30.5432,754.5281,0.0006,0.0008,3.1361,0.7853,3.1414,-4704.0093,-28633.9160,25.5296,-0.0002,0.0003,1
-4703.1636,-28634.3926,24.9425,-5236.0366,-28101.5371,21.9726,-4700.2471,-28638.0430,30.3689,758.2727,0.0001,0.0003,3.1332,0.7853,3.1414,-4703.8857,-28634.0488,25.7540,-0.0000,0.0001,1
-4703.1636,-28634.3926,24.9425,-5235.9409,-28101.6348,21.9754,-4702.8711,-28630.1250,29.4406,750.6802,-0.0007,-0.0002,3.1306,0.7853,3.1413,-4703.8408,-28633.9297,25.9562,0.0002,-0.0001,1
-4703.1636,-28634.3926,24.9425,-5235.8423,-28101.7363,21.9779,-4708.7573,-28635.4551,30.3284,750.1639,0.0010,-0.0004,3.1285,0.7853,3.1413,-4703.9897,-28633.9766,26.1921,-0.0003,-0.0001,1
-4703.1636,-28634.3926,24.9425,-5235.7422,-28101.8398,21.9799,-4704.1514,-28636.3770,29.1192,753.9056,0.0004,-0.0009,3.1270,0.7853,3.1412,-4703.9966,-28634.0586,26.3923,-0.0001,-0.0003,1
-4703.1636,-28634.3926,24.9425,-5235.6401,-28101.9453,21.9817,-4699.5308,-28637.2773,27.4779,757.6477,-0.0001,-0.0014,3.1260,0.7853,3.1412,-4703.8516,-28634.1758,26.5393,0.0000,-0.0004,1
-4703.1636,-28634.3926,24.9425,-5235.5366,-28102.0527,21.9833,-4705.6021,-28627.5410,25.3427,746.3160,-0.0007,-0.0019,3.1256,0.7853,3.1412,-4703.8979,-28633.9746,26.6123,0.0002,-0.0006,1
-4703.1636,-28634.3926,24.9425,-5235.4321,-28102.1602,21.9843,-4708.0752,-28634.6719,28.6358,749.4821,0.0008,-0.0012,3.1258,0.7853,3.1412,-4704.0308,-28633.9961,26.7875,-0.0002,-0.0004,1
-4703.1636,-28634.3926,24.9425,-5235.3267,-28102.2695,21.9846,-4703.4629,-28635.5996,25.8070,753.2209,0.0002,-0.0017,3.1264,0.7854,3.1412,-4704.0190,-28634.0508,26.8678,-0.0001,-0.0005,1
-4703.1636,-28634.3926,24.9425,-5235.2202,-28102.3789,21.9840,-4698.8447,-28636.4941,22.5907,756.9601,-0.0003,-0.0022,3.1276,0.7854,3.1412,-4703.8530,-28634.1367,26.8347,0.0001,-0.0007,1
-4703.1636,-28634.3926,24.9425,-5235.1138,-28102.4902,21.9825,-4704.9351,-28626.7656,19.0631,745.6376,-0.0009,-0.0027,3.1292,0.7854,3.1413,-4703.8779,-28633.9023,26.6672,0.0003,-0.0008,1
-4703.1636,-28634.3926,24.9425,-5235.0068,-28102.5996,21.9798,-4707.4058,-28633.8848,27.2178,748.7700,0.0005,-0.0006,3.1312,0.7854,3.1413,-4703.9878,-28633.8926,26.7522,-0.0002,-0.0002,1
-4703.1636,-28634.3926,24.9425,-5234.9004,-28102.7109,21.9766,-4702.7974,-28634.8066,23.1525,752.5062,-0.0000,-0.0011,3.1335,0.7854,3.1414,-4703.9521,-28633.9121,26.7001,0.0000,-0.0003,1
-4703.1636,-28634.3926,24.9425,-5234.7935,-28102.8203,21.9733,-4702.9395,-28634.3672,22.3090,751.9413,-0.0001,-0.0009,3.1360,0.7854,3.1414,-4703.9185,-28633.9199,26.6092,0.0000,-0.0003,1
-4703.1636,-28634.3926,24.9425,-5234.6870,-28102.9297,21.9702,-4700.3413,-28643.2793,14.6619,759.9782,0.0009,-0.0021,3.1385,0.7854,3.1415,-4703.7974,-28634.2227,26.2564,-0.0003,-0.0006,1
-4703.1636,-28634.3926,24.9425,-5234.5815,-28103.0391,21.9672,-4706.7524,-28633.0898,26.8937,748.0494,0.0003,0.0008,3.1409,0.7854,3.1416,-4703.8813,-28634.2090,26.2794,-0.0001,0.0003,1
-4703.1636,-28634.3926,24.9425,-5234.4761,-28103.1484,21.9644,-4702.1494,-28634.0020,22.8215,751.7825,-0.0002,0.0003,-3.1399,0.7854,-3.1416,-4703.8188,-28634.2227,26.1682,0.0001,0.0001,1
-4703.1636,-28634.3926,24.9425,-5234.3721,-28103.2559,21.9619,-4697.5513,-28634.8730,18.8478,755.5153,-0.0008,-0.0002,-3.1378,0.7854,-3.1415,-4703.6011,-28634.2637,25.9185,0.0002,-0.0000,1
-4703.1636,-28634.3926,24.9425,-5234.2686,-28103.3633,21.9597,-4696.7300,-28636.1562,20.2123,756.8469,-0.0007,0.0004,-3.1358,0.7854,-3.1415,-4703.3438,-28634.3477,25.6992,0.0002,0.0001,1
-4703.1636,-28634.3926,24.9425,-5234.1665,-28103.4688,21.9578,-4706.1104,-28632.2930,27.4719,747.3412,0.0001,0.0022,-3.1342,0.7854,-3.1414,-4703.3843,-28634.3047,25.7100,-0.0000,0.0007,1
-4703.1636,-28634.3926,24.9425,-5234.0654,-28103.5723,21.9563,-4701.5137,-28633.1953,24.1219,751.0714,-0.0004,0.0017,-3.1328,0.7854,-3.1414,-4703.2798,-28634.2871,25.6149,0.0001,0.0005,1
-4703.1636,-28634.3926,24.9425,-5233.9653,-28103.6758,21.9551,-4696.9165,-28634.0605,20.9540,754.8010,-0.0010,0.0012,-3.1318,0.7854,-3.1414,-4703.0210,-28634.2969,25.4138,0.0003,0.0004,1
-4703.1636,-28634.3926,24.9425,-5233.8662,-28103.7793,21.9542,-4699.0342,-28641.6562,17.9647,758.5311,0.0004,0.0007,-3.1310,0.7854,-3.1414,-4702.8223,-28634.5547,25.1072,-0.0001,0.0002,1
-4703.1636,-28634.3926,24.9425,-5233.7686,-28103.8789,21.9536,-4705.4751,-28631.4941,28.2840,746.6577,-0.0001,0.0030,-3.1304,0.7854,-3.1414,-4702.8315,-28634.4902,25.1297,0.0000,0.0009,1
-4703.1636,-28634.3926,24.9425,-5233.6719,-28103.9805,21.9533,-4700.8857,-28632.3867,25.7467,750.3849,-0.0007,0.0025,-3.1302,0.7854,-3.1414,-4702.6973,-28634.4473,25.0777,0.0002,0.0007,1
-4703.1636,-28634.3926,24.9425,-5233.5762,-28104.0781,21.9533,-4702.9834,-28639.9551,23.3461,754.1117,0.0008,0.0020,-3.1301,0.7854,-3.1414,-4702.6318,-28634.6523,24.9506,-0.0002,0.0006,1
-4703.1636,-28634.3926,24.9425,-5233.4814,-28104.1758,21.9535,-4698.3940,-28640.8398,21.0639,757.8390,0.0002,0.0015,-3.1302,0.7854,-3.1414,-4702.4189,-28634.8945,24.7482,-0.0001,0.0004,1
-4703.1636,-28634.3926,24.9425,-5233.3882,-28104.2734,21.9538,-4704.8408,-28630.6992,28.8659,746.0020,-0.0003,0.0031,-3.1305,0.7854,-3.1414,-4702.4146,-28634.8105,24.8006,0.0001,0.0009,1
-4703.1636,-28634.3926,24.9425,-5233.2959,-28104.3672,21.9544,-4700.2598,-28631.5781,26.8426,749.7265,-0.0009,0.0026,-3.1309,0.7854,-3.1414,-4702.2661,-28634.7461,24.7975,0.0003,0.0008,1
-4703.1636,-28634.3926,24.9425,-5233.2041,-28104.4629,21.9550,-4702.3477,-28639.1406,24.8641,753.4506,0.0006,0.0021,-3.1314,0.7854,-3.1414,-4702.1860,-28634.9238,24.7361,-0.0002,0.0006,1
-4703.1636,-28634.3926,24.9425,-5233.1138,-28104.5566,21.9556,-4697.7622,-28640.0195,22.9115,757.1750,0.0000,0.0016,-3.1320,0.7854,-3.1414,-4701.9590,-28635.1367,24.6133,-0.0000,0.0005,1
-4703.1636,-28634.3926,24.9425,-5233.0239,-28104.6484,21.9564,-4704.2065,-28629.9043,29.0723,745.3713,-0.0005,0.0028,-3.1326,0.7854,-3.1414,-4701.9399,-28635.0234,24.6953,0.0002,0.0008,1
-4703.1636,-28634.3926,24.9425,-5232.9351,-28104.7402,21.9571,-4706.2837,-28637.4336,27.1877,749.0931,0.0009,0.0023,-3.1332,0.7854,-3.1414,-4701.9995,-28635.1465,24.7263,-0.0003,0.0007,1
-4703.1636,-28634.3926,24.9425,-5232.8467,-28104.8320,21.9578,-4701.7104,-28638.3320,25.2732,752.8146,0.0003,0.0018,-3.1337,0.7854,-3.1414,-4701.9194,-28635.3047,24.7010,-0.0001,0.0005,1
-4703.1636,-28634.3926,24.9425,-5232.7593,-28104.9219,21.9584,-4697.1299,-28639.1992,23.3143,756.5364,-0.0002,0.0013,-3.1343,0.7854,-3.1415,-4701.6904,-28635.4922,24.6140,0.0001,0.0004,1
-4703.1636,-28634.3926,24.9425,-5232.6729,-28105.0117,21.9590,-4703.5728,-28629.1152,28.9886,744.7609,-0.0008,0.0025,-3.1348,0.7854,-3.1415,-4701.6689,-28635.3516,24.7159,0.0002,0.0007,1
-4703.1636,-28634.3926,24.9425,-5232.5864,-28105.1016,21.9595,-4705.6392,-28636.6406,26.9911,748.4802,0.0007,0.0020,-3.1352,0.7854,-3.1415,-4701.7236,-28635.4434,24.7617,-0.0002,0.0006,1
-4703.1636,-28634.3926,24.9425,-5232.5015,-28105.1895,21.9600,-4700.2334,-28634.3379,26.0418,750.5435,-0.0005,0.0017,-3.1356,0.7854,-3.1415,-4701.6104,-28635.4609,24.7819,0.0001,0.0005,1
-4703.1636,-28634.3926,24.9425,-5232.4165,-28105.2754,21.9603,-4696.4966,-28638.3867,22.7907,755.9185,-0.0004,0.0010,-3.1359,0.7854,-3.1415,-4701.3735,-28635.6074,24.6980,0.0001,0.0003,1
-4703.1636,-28634.3926,24.9425,-5232.3325,-28105.3633,21.9606,-4702.9395,-28628.3262,28.7842,744.1668,-0.0010,0.0022,-3.1362,0.7854,-3.1415,-4701.3428,-28635.4219,24.8111,0.0003,0.0007,1
-4703.1636,-28634.3926,24.9425,-5232.2495,-28105.4492,21.9608,-4704.9971,-28635.8457,26.5920,747.8837,0.0005,0.0017,-3.1363,0.7854,-3.1415,-4701.3882,-28635.4688,24.8601,-0.0001,0.0005,1
-4703.1636,-28634.3926,24.9425,-5232.1665,-28105.5352,21.9609,-4700.4341,-28636.7266,24.3329,751.6002,-0.0001,0.0012,-3.1364,0.7854,-3.1415,-4701.2920,-28635.5449,24.8379,0.0000,0.0004,1
-4703.1636,-28634.3926,24.9425,-5232.0845,-28105.6191,21.9610,-4695.8652,-28637.5742,22.0100,755.3170,-0.0006,0.0007,-3.1365,0.7854,-3.1415,-4701.0464,-28635.6504,24.7380,0.0002,0.0002,1
-4703.1636,-28634.3926,24.9425,-5232.0029,-28105.7031,21.9610,-4708.9077,-28634.1523,28.5985,743.5872,0.0008,0.0021,-3.1365,0.7854,-3.1415,-4701.2275,-28635.6445,24.8525,-0.0002,0.0006,1
-4703.1636,-28634.3926,24.9425,-5231.9224,-28105.7871,21.9609,-4704.3564,-28635.0547,26.2559,747.3018,0.0002,0.0016,-3.1365,0.7854,-3.1415,-4701.2764,-28635.6641,24.8969,-0.0001,0.0005,1
-4703.1636,-28634.3926,24.9425,-5231.8418,-28105.8711,21.9609,-4699.7988,-28635.9238,23.8654,751.0158,-0.0003,0.0011,-3.1364,0.7854,-3.1415,-4701.1816,-28635.7090,24.8647,0.0001,0.0003,1
-4703.1636,-28634.3926,24.9425,-5231.7622,-28105.9531,21.9607,-4695.2354,-28636.7637,21.4325,754.7304,-0.0009,0.0006,-3.1363,0.7853,-3.1415,-4700.9351,-28635.7812,24.7497,0.0003,0.0002,1
-4703.1636,-28634.3926,24.9425,-5231.6836,-28106.0332,21.9606,-4708.2661,-28633.3691,28.4982,743.0218,0.0006,0.0021,-3.1362,0.7853,-3.1415,-4701.1143,-28635.7383,24.8635,-0.0002,0.0006,1
-4703.1636,-28634.3926,24.9425,-5231.6050,-28106.1152,21.9605,-4703.7183,-28634.2617,26.0940,746.7340,0.0000,0.0016,-3.1361,0.7853,-3.1415,-4701.1582,-28635.7207,24.9048,-0.0000,0.0005,1
-4703.1636,-28634.3926,24.9425,-5231.5273,-28106.1953,21.9603,-4699.1660,-28635.1211,23.6627,750.4457,-0.0005,0.0011,-3.1360,0.7853,-3.1415,-4701.0576,-28635.7266,24.8675,0.0002,0.0003,1
-4703.1636,-28634.3926,24.9425,-5231.4507,-28106.2754,21.9602,-4701.3062,-28642.6562,21.2077,754.1581,0.0009,0.0006,-3.1359,0.7853,-3.1415,-4701.0259,-28635.9805,24.7462,-0.0003,0.0002,1
-4703.1636,-28634.3926,24.9425,-5231.3740,-28106.3535,21.9600,-4707.6265,-28632.5840,28.4785,742.4710,0.0004,0.0022,-3.1358,0.7853,-3.1415,-4701.2095,-28635.9121,24.8602,-0.0001,0.0007,1
-4703.1636,-28634.3926,24.9425,-5231.2983,-28106.4316,21.9599,-4703.0835,-28633.4668,26.0867,746.1810,-0.0002,0.0017,-3.1357,0.7853,-3.1415,-4701.2554,-28635.8633,24.9019,0.0001,0.0005,1
-4703.1636,-28634.3926,24.9425,-5231.2231,-28106.5098,21.9598,-4698.5356,-28634.3184,23.6806,749.8906,-0.0007,0.0012,-3.1356,0.7853,-3.1415,-4701.1543,-28635.8379,24.8657,0.0002,0.0004,1
-4703.1636,-28634.3926,24.9425,-5231.1489,-28106.5859,21.9597,-4700.6660,-28641.8477,21.2608,753.6005,0.0007,0.0007,-3.1355,0.7853,-3.1415,-4701.1191,-28636.0586,24.7467,-0.0002,0.0002,1
-4703.1636,-28634.3926,24.9425,-5231.0752,-28106.6621,21.9596,-4706.9893,-28631.7988,28.5027,741.9352,0.0001,0.0023,-3.1354,0.7853,-3.1415,-4701.2969,-28635.9531,24.8623,-0.0000,0.0007,1
-4703.1636,-28634.3926,24.9425,-5231.0020,-28106.7383,21.9596,-4702.4507,-28632.6738,26.1573,745.6431,-0.0004,0.0018,-3.1354,0.7853,-3.1415,-4701.3345,-28635.8691,24.9071,0.0001,0.0005,1
-4703.1636,-28634.3926,24.9425,-5230.9297,-28106.8125,21.9596,-4697.9072,-28633.5156,23.8003,749.3505,-0.0010,0.0013,-3.1354,0.7853,-3.1415,-4701.2227,-28635.8047,24.8757,0.0003,0.0004,1
-4703.1636,-28634.3926,24.9425,-5230.8579,-28106.8867,21.9595,-4700.0278,-28641.0410,21.4298,753.0584,0.0005,0.0008,-3.1354,0.7853,-3.1415,-4701.1748,-28635.9844,24.7632,-0.0001,0.0002,1
-4703.1636,-28634.3926,24.9425,-5230.7866,-28106.9609,21.9595,-4706.3535,-28631.0156,28.5326,741.4145,-0.0001,0.0023,-3.1354,0.7853,-3.1415,-4701.3374,-28635.8398,24.8811,0.0000,0.0007,1
-4703.1636,-28634.3926,24.9425,-5230.7158,-28107.0332,21.9596,-4701.8193,-28631.8789,26.2312,745.1202,-0.0006,0.0018,-3.1354,0.7853,-3.1415,-4701.3584,-28635.7129,24.9297,0.0002,0.0005,1
-4703.1636,-28634.3926,24.9425,-5230.6460,-28107.1055,21.9596,-4697.5239,-28634.3379,22.8197,749.7922,-0.0009,0.0010,-3.1354,0.7853,-3.1415,-4701.2373,-28635.6602,24.8669,0.0003,0.0003,1
-4703.1636,-28634.3926,24.9425,-5230.5767,-28107.1777,21.9596,-4700.3252,-28639.9277,24.1153,751.6558,0.0004,0.0013,-3.1354,0.7853,-3.1415,-4701.2012,-28635.7910,24.8426,-0.0001,0.0004,1
-4703.1636,-28634.3926,24.9425,-5230.5078,-28107.2480,21.9597,-4705.7197,-28630.2305,28.5452,740.9082,-0.0003,0.0023,-3.1355,0.7853,-3.1415,-4701.3447,-28635.6074,24.9657,0.0001,0.0007,1
-4703.1636,-28634.3926,24.9425,-5230.4399,-28107.3184,21.9597,-4708.3267,-28631.2227,23.7801,739.6448,0.0003,0.0012,-3.1355,0.7853,-3.1415,-4701.5869,-28635.4434,24.9360,-0.0001,0.0004,1
-4703.1636,-28634.3926,24.9425,-5230.3721,-28107.3887,21.9598,-4698.9795,-28637.2617,24.1802,750.4274,-0.0002,0.0013,-3.1356,0.7853,-3.1415,-4701.5288,-28635.4746,24.9172,0.0001,0.0004,1
-4703.1636,-28634.3926,24.9425,-5230.3052,-28107.4590,21.9598,-4698.7554,-28639.4277,21.6493,752.0190,0.0000,0.0008,-3.1356,0.7853,-3.1415,-4701.4565,-28635.5820,24.8123,-0.0000,0.0002,1
-4703.1636,-28634.3926,24.9425,-5230.2388,-28107.5273,21.9599,-4705.0874,-28629.4453,28.5366,740.4159,-0.0005,0.0022,-3.1357,0.7853,-3.1415,-4701.5898,-28635.3652,24.9314,0.0002,0.0007,1
-4703.1636,-28634.3926,24.9425,-5230.1729,-28107.5957,21.9600,-4707.1709,-28636.9062,26.2625,744.1177,0.0009,0.0017,-3.1357,0.7853,-3.1415,-4701.7998,-28635.3867,24.9816,-0.0003,0.0005,1
-4703.1636,-28634.3926,24.9425,-5230.1074,-28107.6621,21.9600,-4702.6489,-28637.7773,23.9641,747.8191,0.0004,0.0012,-3.1358,0.7853,-3.1415,-4701.8687,-28635.4434,24.9573,-0.0001,0.0004,1
-4703.1636,-28634.3926,24.9425,-5230.0430,-28107.7285,21.9601,-4698.1206,-28638.6211,21.6408,751.5210,-0.0002,0.0007,-3.1358,0.7853,-3.1415,-4701.7866,-28635.5312,24.8533,0.0001,0.0002,1
-4703.1636,-28634.3926,24.9425,-5229.9785,-28107.7949,21.9601,-4704.4561,-28628.6602,28.5142,739.9368,-0.0007,0.0022,-3.1359,0.7853,-3.1415,-4701.9067,-28635.2930,24.9726,0.0002,0.0007,1
-4703.1636,-28634.3926,24.9425,-5229.9150,-28107.8613,21.9602,-4706.5308,-28636.1172,26.2316,743.6368,0.0007,0.0017,-3.1359,0.7853,-3.1415,-4702.1006,-28635.2930,25.0225,-0.0002,0.0005,1
-4703.1636,-28634.3926,24.9425,-5229.8521,-28107.9258,21.9602,-4702.0122,-28636.9805,23.9237,747.3363,0.0002,0.0012,-3.1359,0.7853,-3.1415,-4702.1504,-28635.3242,24.9974,-0.0001,0.0004,1
-4703.1636,-28634.3926,24.9425,-5229.7891,-28107.9922,21.9602,-4697.4873,-28637.8164,21.5899,751.0363,-0.0004,0.0007,-3.1360,0.7853,-3.1415,-4702.0469,-28635.3867,24.8918,0.0001,0.0002,1
-4703.1636,-28634.3926,24.9425,-5229.7271,-28108.0547,21.9602,-4703.6470,-28627.6934,28.4873,739.4703,-0.0010,0.0022,-3.1360,0.7853,-3.1415,-4702.1372,-28635.1152,25.0102,0.0003,0.0007,1
-4703.1636,-28634.3926,24.9425,-5229.6655,-28108.1191,21.9603,-4705.7095,-28635.1484,26.1945,743.1685,0.0004,0.0017,-3.1360,0.7853,-3.1415,-4702.2979,-28635.0801,25.0587,-0.0001,0.0005,1
-4703.1636,-28634.3926,24.9425,-5229.6045,-28108.1816,21.9603,-4701.1943,-28636.0020,23.8766,746.8661,-0.0001,0.0012,-3.1360,0.7853,-3.1415,-4702.3130,-28635.0762,25.0314,0.0000,0.0004,1
-4703.1636,-28634.3926,24.9425,-5229.5439,-28108.2441,21.9603,-4696.6724,-28636.8262,21.5337,750.5643,-0.0007,0.0007,-3.1361,0.7853,-3.1415,-4702.1729,-28635.1016,24.9233,0.0002,0.0002,1
-4703.1636,-28634.3926,24.9425,-5229.4844,-28108.3066,21.9603,-4709.5781,-28633.4824,28.4626,739.0159,0.0008,0.0022,-3.1361,0.7853,-3.1415,-4702.4521,-28635.0215,25.0400,-0.0002,0.0006,1
-4703.1636,-28634.3926,24.9425,-5229.4248,-28108.3691,21.9603,-4705.0723,-28634.3594,26.1639,742.7123,0.0002,0.0017,-3.1361,0.7853,-3.1415,-4702.5928,-28634.9668,25.0864,-0.0001,0.0005,1
-4703.1636,-28634.3926,24.9425,-5229.3657,-28108.4297,21.9603,-4700.5605,-28635.2051,23.8408,746.4082,-0.0003,0.0012,-3.1361,0.7853,-3.1415,-4702.5854,-28634.9434,25.0569,0.0001,0.0003,1
-4703.1636,-28634.3926,24.9425,-5229.3071,-28108.4902,21.9603,-4696.0425,-28636.0215,21.4940,750.1047,-0.0009,0.0007,-3.1361,0.7853,-3.1415,-4702.4204,-28634.9473,24.9461,0.0003,0.0002,1
-4703.1636,-28634.3926,24.9425,-5229.2490,-28108.5488,21.9603,-4708.9390,-28632.7012,28.4438,738.5733,0.0006,0.0022,-3.1361,0.7853,-3.1415,-4702.6724,-28634.8438,25.0608,-0.0002,0.0006,1
-4703.1636,-28634.3926,24.9425,-5229.1919,-28108.6094,21.9603,-4704.4365,-28633.5703,26.1440,742.2680,0.0000,0.0017,-3.1361,0.7853,-3.1415,-4702.7842,-28634.7656,25.1052,-0.0000,0.0005,1
-4703.1636,-28634.3926,24.9425,-5229.1348,-28108.6680,21.9603,-4701.2856,-28640.8125,20.5163,749.5344,0.0006,0.0004,-3.1361,0.7853,-3.1415,-4702.7915,-28634.9297,24.9634,-0.0002,0.0001,1
-4703.1636,-28634.3926,24.9425,-5229.0781,-28108.7266,21.9604,-4702.0713,-28641.8789,21.4739,749.6570,0.0009,0.0007,-3.1361,0.7853,-3.1415,-4702.8188,-28635.1426,24.8433,-0.0003,0.0002,1
-4703.1636,-28634.3926,24.9425,-5229.0220,-28108.7852,21.9604,-4703.3242,-28639.1816,22.2151,746.7766,0.0007,0.0008,-3.1361,0.7853,-3.1415,-4702.8848,-28635.2812,24.7405,-0.0002,0.0002,1
-4703.1636,-28634.3926,24.9425,-5228.9668,-28108.8418,21.9604,-4703.8027,-28632.7812,26.1320,741.8351,-0.0002,0.0016,-3.1361,0.7853,-3.1415,-4702.9653,-28635.2148,24.7642,0.0001,0.0005,1
-4703.1636,-28634.3926,24.9425,-5228.9116,-28108.8984,21.9604,-4699.2969,-28633.6094,23.8118,745.5276,-0.0008,0.0011,-3.1361,0.7853,-3.1415,-4702.8940,-28635.1699,24.7139,0.0002,0.0003,1
-4703.1636,-28634.3926,24.9425,-5228.8569,-28108.9551,21.9604,-4701.4302,-28641.0801,21.4684,749.2208,0.0007,0.0006,-3.1362,0.7853,-3.1415,-4702.8848,-28635.3711,24.5845,-0.0002,0.0002,1
-4703.1636,-28634.3926,24.9425,-5228.8027,-28109.0117,21.9604,-4707.6660,-28631.1406,28.4170,737.7219,0.0001,0.0021,-3.1362,0.7853,-3.1415,-4703.0811,-28635.2500,24.6830,-0.0000,0.0006,1
-4703.1636,-28634.3926,24.9425,-5228.7490,-28109.0664,21.9604,-4703.1694,-28631.9922,26.1232,741.4133,-0.0004,0.0016,-3.1362,0.7853,-3.1415,-4703.1333,-28635.1484,24.7132,0.0001,0.0005,1
-4703.1636,-28634.3926,24.9425,-5228.6958,-28109.1211,21.9604,-4698.6670,-28632.8125,23.8068,745.1044,-0.0010,0.0011,-3.1362,0.7853,-3.1415,-4703.0322,-28635.0684,24.6693,0.0003,0.0003,1
-4703.1636,-28634.3926,24.9425,-5228.6431,-28109.1758,21.9604,-4700.7905,-28640.2793,21.4670,748.7959,0.0005,0.0006,-3.1362,0.7853,-3.1415,-4702.9912,-28635.2324,24.5462,-0.0001,0.0002,1
-4703.1636,-28634.3926,24.9425,-5228.5908,-28109.2305,21.9604,-4707.0322,-28630.3594,28.4047,737.3123,-0.0001,0.0021,-3.1362,0.7853,-3.1415,-4703.1543,-28635.0742,24.6507,0.0000,0.0006,1
-4703.1636,-28634.3926,24.9425,-5228.5386,-28109.2832,21.9605,-4702.5381,-28631.2012,26.1141,741.0023,-0.0006,0.0016,-3.1362,0.7853,-3.1415,-4703.1729,-28634.9336,24.6868,0.0002,0.0005,1
-4703.1636,-28634.3926,24.9425,-5228.4873,-28109.3379,21.9605,-4704.6484,-28638.6406,23.8000,744.6918,0.0008,0.0011,-3.1362,0.7853,-3.1415,-4703.2588,-28635.0371,24.6486,-0.0002,0.0003,1
-4703.1636,-28634.3926,24.9425,-5228.4360,-28109.3906,21.9605,-4700.1519,-28639.4785,21.4634,748.3818,0.0002,0.0006,-3.1363,0.7853,-3.1415,-4703.1958,-28635.1758,24.5311,-0.0001,0.0002,1
-4703.1636,-28634.3926,24.9425,-5228.3857,-28109.4414,21.9605,-4706.3989,-28629.5762,28.3913,736.9132,-0.0003,0.0021,-3.1363,0.7853,-3.1415,-4703.3350,-28634.9922,24.6408,0.0001,0.0006,1
-4703.1636,-28634.3926,24.9425,-5228.3354,-28109.4941,21.9605,-4701.9082,-28630.4121,26.1025,740.6017,-0.0009,0.0016,-3.1363,0.7853,-3.1415,-4703.3271,-28634.8242,24.6818,0.0003,0.0005,1
-4703.1636,-28634.3926,24.9425,-5228.2847,-28109.5469,21.9607,-4704.0073,-28637.8477,24.0193,744.2897,0.0006,0.0011,-3.1366,0.7853,-3.1415,-4703.3848,-28634.8965,24.6561,-0.0002,0.0003,1
-4703.1636,-28634.3926,24.9425,-5228.2319,-28109.6016,21.9613,-4699.5088,-28638.6816,22.2882,747.9783,0.0000,0.0006,-3.1375,0.7853,-3.1415,-4703.2925,-28635.0059,24.5714,-0.0000,0.0002,1
-4703.1636,-28634.3926,24.9425,-5228.1763,-28109.6582,21.9625,-4705.7651,-28628.7910,29.4598,736.5180,-0.0005,0.0019,-3.1390,0.7853,-3.1416,-4703.3999,-28634.7891,24.7242,0.0002,0.0006,1
-4703.1636,-28634.3926,24.9425,-5228.1172,-28109.7188,21.9642,-4698.6162,-28640.5469,30.7742,749.8117,0.0002,0.0018,-3.1411,0.7853,3.1416,-4703.2725,-28634.9570,24.9290,-0.0001,0.0006,1
-4703.1636,-28634.3926,24.9425,-5228.0537,-28109.7852,21.9665,-4703.3462,-28637.0605,28.4290,743.8916,0.0004,0.0009,3.1393,0.7853,3.1415,-4703.2905,-28635.0195,25.0691,-0.0001,0.0003,1
-4703.1636,-28634.3926,24.9425,-5227.9863,-28109.8535,21.9693,-4698.8320,-28637.8984,28.3307,747.5786,-0.0002,0.0004,3.1363,0.7853,3.1414,-4703.1572,-28635.1172,25.2118,0.0001,0.0001,1
-4703.1636,-28634.3926,24.9425,-5227.9150,-28109.9277,21.9724,-4705.1123,-28628.0020,30.6483,736.0685,-0.0007,0.0004,3.1332,0.7853,3.1414,-4703.2251,-28634.8848,25.4401,0.0002,0.0001,1
-4703.1636,-28634.3926,24.9425,-5227.8394,-28110.0059,21.9757,-4707.1665,-28635.4199,30.6644,739.7538,0.0007,-0.0001,3.1300,0.7853,3.1413,-4703.3657,-28634.8887,25.6776,-0.0002,-0.0000,1
-4703.1636,-28634.3926,24.9425,-5227.7598,-28110.0879,21.9788,-4698.5127,-28640.7949,34.4005,749.6033,0.0002,0.0003,3.1272,0.7853,3.1412,-4703.2246,-28635.0742,26.0458,-0.0001,0.0001,1
-4703.1636,-28634.3926,24.9425,-5227.6772,-28110.1738,21.9815,-4698.1182,-28637.1426,29.8188,747.1240,-0.0004,-0.0011,3.1249,0.7853,3.1412,-4703.0581,-28635.1504,26.2763,0.0001,-0.0003,1
-4703.1636,-28634.3926,24.9425,-5227.5923,-28110.2617,21.9843,-4704.4434,-28627.2285,29.5977,735.5291,-0.0010,-0.0013,3.1231,0.7853,3.1412,-4703.0933,-28634.8945,26.5042,0.0003,-0.0004,1
-4703.1636,-28634.3926,24.9425,-5227.5049,-28110.3516,21.9871,-4706.4648,-28634.6660,28.1931,739.2122,0.0005,-0.0019,3.1219,0.7853,3.1411,-4703.1997,-28634.8750,26.6858,-0.0001,-0.0006,1
-4703.1636,-28634.3926,24.9425,-5227.4160,-28110.4434,21.9898,-4701.9365,-28635.5469,26.3658,742.8948,-0.0001,-0.0024,3.1213,0.7853,3.1411,-4703.1611,-28634.8848,26.8033,0.0000,-0.0007,1
-4703.1636,-28634.3926,24.9425,-5227.3257,-28110.5371,21.9919,-4703.1304,-28629.3691,24.7821,737.5546,-0.0008,-0.0027,3.1211,0.7853,3.1411,-4703.1597,-28634.6875,26.8603,0.0002,-0.0008,1
-4703.1636,-28634.3926,24.9425,-5227.2344,-28110.6328,21.9933,-4710.3091,-28632.9922,28.0408,734.9254,0.0008,-0.0019,3.1215,0.7853,3.1411,-4703.4023,-28634.5996,27.0177,-0.0002,-0.0006,1
-4703.1636,-28634.3926,24.9425,-5227.1421,-28110.7266,21.9937,-4705.7881,-28633.8984,25.1082,738.6060,0.0003,-0.0024,3.1224,0.7853,3.1411,-4703.5059,-28634.5430,27.0726,-0.0001,-0.0007,1
-4703.1636,-28634.3926,24.9425,-5227.0488,-28110.8223,21.9930,-4701.2632,-28634.7734,21.8023,742.2862,-0.0003,-0.0029,3.1237,0.7853,3.1412,-4703.4609,-28634.5156,27.0068,0.0001,-0.0009,1
-4703.1636,-28634.3926,24.9425,-5226.9556,-28110.9199,21.9911,-4696.7383,-28635.6152,18.1359,745.9668,-0.0008,-0.0034,3.1255,0.7854,3.1412,-4703.2583,-28634.5176,26.8026,0.0003,-0.0010,1
-4703.1636,-28634.3926,24.9425,-5226.8618,-28111.0176,21.9880,-4709.6499,-28632.2168,26.6987,734.2917,0.0006,-0.0013,3.1278,0.7854,3.1413,-4703.4766,-28634.4082,26.8621,-0.0002,-0.0004,1
-4703.1636,-28634.3926,24.9425,-5226.7676,-28111.1133,21.9837,-4705.1328,-28633.1172,22.4839,737.9697,0.0001,-0.0018,3.1304,0.7854,3.1413,-4703.5547,-28634.3281,26.7757,-0.0000,-0.0005,1
-4703.1636,-28634.3926,24.9425,-5226.6733,-28111.2109,21.9782,-4700.6221,-28633.9766,17.9380,741.6472,-0.0005,-0.0023,3.1334,0.7854,3.1414,-4703.4824,-28634.2754,26.5245,0.0002,-0.0007,1
-4703.1636,-28634.3926,24.9425,-5226.5796,-28111.3086,21.9728,-4702.7402,-28641.4160,13.2473,745.3251,0.0009,-0.0028,3.1366,0.7854,3.1415,-4703.4746,-28634.4727,26.0965,-0.0003,-0.0008,1
-4703.1636,-28634.3926,24.9425,-5226.4858,-28111.4062,21.9680,-4709.0034,-28631.4395,26.0438,733.6464,0.0004,0.0005,3.1397,0.7854,3.1415,-4703.6772,-28634.3516,26.0688,-0.0001,0.0001,1
-4703.1636,-28634.3926,24.9425,-5226.3926,-28111.5020,21.9640,-4704.4922,-28632.3320,21.6036,737.3216,-0.0002,-0.0000,-3.1406,0.7854,3.1416,-4703.7373,-28634.2539,25.8916,0.0001,-0.0000,1
-4703.1636,-28634.3926,24.9425,-5226.3003,-28111.5977,21.9607,-4699.9888,-28633.1797,17.2990,740.9964,-0.0007,-0.0005,-3.1379,0.7854,-3.1415,-4703.6455,-28634.1836,25.5617,0.0002,-0.0002,1
-4703.1636,-28634.3926,24.9425,-5226.2090,-28111.6914,21.9580,-4702.0957,-28640.6152,13.1805,744.6717,0.0007,-0.0010,-3.1355,0.7854,-3.1415,-4703.6152,-28634.3633,25.0785,-0.0002,-0.0003,1
-4703.1636,-28634.3926,24.9425,-5226.1187,-28111.7852,21.9559,-4708.3711,-28630.6562,26.8063,733.0093,0.0002,0.0022,-3.1335,0.7854,-3.1414,-4703.7939,-28634.2207,25.0307,-0.0001,0.0007,1
-4703.1636,-28634.3926,24.9425,-5226.0293,-28111.8770,21.9542,-4703.8638,-28631.5410,23.3110,736.6819,-0.0004,0.0017,-3.1318,0.7854,-3.1414,-4703.8286,-28634.1016,24.8727,0.0001,0.0005,1
-4703.1636,-28634.3926,24.9425,-5225.9414,-28111.9688,21.9530,-4699.3579,-28632.3887,20.0594,740.3541,-0.0009,0.0012,-3.1305,0.7854,-3.1414,-4703.7095,-28634.0078,24.6062,0.0003,0.0004,1
-4703.1636,-28634.3926,24.9425,-5225.8545,-28112.0586,21.9522,-4701.4404,-28639.8320,17.0457,744.0267,0.0005,0.0007,-3.1296,0.7854,-3.1413,-4703.6499,-28634.1621,24.2339,-0.0002,0.0002,1
-4703.1636,-28634.3926,24.9425,-5225.7686,-28112.1465,21.9517,-4707.7456,-28629.8711,27.8585,732.3973,-0.0000,0.0031,-3.1291,0.7854,-3.1413,-4703.7988,-28633.9941,24.2164,0.0000,0.0009,1
-4703.1636,-28634.3926,24.9425,-5225.6836,-28112.2344,21.9516,-4703.2446,-28630.7461,25.3981,736.0673,-0.0006,0.0026,-3.1288,0.7854,-3.1413,-4703.8027,-28633.8477,24.1292,0.0002,0.0008,1
-4703.1636,-28634.3926,24.9425,-5225.6001,-28112.3203,21.9518,-4706.1040,-28630.4121,24.7506,733.6839,-0.0002,0.0025,-3.1289,0.7854,-3.1413,-4703.9014,-28633.6855,24.0286,0.0001,0.0007,1
-4703.1636,-28634.3926,24.9425,-5225.5176,-28112.4062,21.9522,-4700.8052,-28639.0352,20.9749,743.4070,0.0003,0.0016,-3.1291,0.7854,-3.1413,-4703.8252,-28633.8086,23.8078,-0.0001,0.0005,1
-4703.1636,-28634.3926,24.9425,-5225.4360,-28112.4902,21.9527,-4707.1216,-28629.0879,28.5726,731.8135,-0.0003,0.0032,-3.1296,0.7854,-3.1413,-4703.9551,-28633.6074,23.8441,0.0001,0.0010,1
-4703.1636,-28634.3926,24.9425,-5225.3555,-28112.5742,21.9535,-4702.6284,-28629.9512,26.7256,735.4811,-0.0008,0.0027,-3.1302,0.7854,-3.1414,-4703.9380,-28633.4297,23.8331,0.0002,0.0008,1
-4703.1636,-28634.3926,24.9425,-5225.2754,-28112.6562,21.9543,-4704.6797,-28637.3672,24.9309,739.1484,0.0006,0.0022,-3.1309,0.7854,-3.1414,-4703.9863,-28633.4980,23.7721,-0.0002,0.0007,1
-4703.1636,-28634.3926,24.9425,-5225.1968,-28112.7383,21.9553,-4700.1812,-28638.2305,23.1636,742.8160,0.0001,0.0017,-3.1317,0.7854,-3.1414,-4703.8838,-28633.6074,23.6584,-0.0000,0.0005,1
-4703.1636,-28634.3926,24.9425,-5225.1172,-28112.8203,21.9564,-4706.4961,-28628.3086,29.0165,731.2540,-0.0005,0.0028,-3.1328,0.7854,-3.1414,-4703.9858,-28633.3906,23.7476,0.0001,0.0008,1
-4703.1636,-28634.3926,24.9425,-5225.0361,-28112.9023,21.9579,-4702.0063,-28629.1602,27.8883,734.9193,-0.0010,0.0023,-3.1344,0.7854,-3.1415,-4703.9395,-28633.1953,23.8135,0.0003,0.0007,1
-4703.1636,-28634.3926,24.9425,-5224.9531,-28112.9883,21.9599,-4704.0449,-28636.5742,27.2100,738.5842,0.0004,0.0018,-3.1366,0.7854,-3.1415,-4703.9575,-28633.2441,23.8681,-0.0001,0.0005,1
-4703.1636,-28634.3926,24.9425,-5224.8662,-28113.0781,21.9624,-4699.5400,-28637.4336,26.9862,742.2495,-0.0001,0.0013,-3.1394,0.7854,-3.1416,-4703.8232,-28633.3320,23.9247,0.0000,0.0004,1
-4703.1636,-28634.3926,24.9425,-5224.7754,-28113.1719,21.9655,-4705.8608,-28627.5254,30.6071,730.6835,-0.0007,0.0016,3.1404,0.7854,3.1415,-4703.8926,-28633.0938,24.1157,0.0002,0.0005,1
-4703.1636,-28634.3926,24.9425,-5224.6812,-28113.2695,21.9689,-4707.8813,-28634.9102,30.8676,734.3465,0.0007,0.0011,3.1369,0.7854,3.1415,-4704.0352,-28633.0977,24.3305,-0.0002,0.0003,1
-4703.1636,-28634.3926,24.9425,-5224.5830,-28113.3711,21.9724,-4703.3813,-28635.7949,31.0926,738.0090,0.0002,0.0006,3.1335,0.7854,3.1414,-4704.0327,-28633.1387,24.5669,-0.0001,0.0002,1
-4703.1636,-28634.3926,24.9425,-5224.4819,-28113.4746,21.9757,-4698.8633,-28636.6582,31.0340,741.6721,-0.0004,0.0001,3.1304,0.7854,3.1413,-4703.8755,-28633.2148,24.8143,0.0001,0.0000,1
-4703.1636,-28634.3926,24.9425,-5224.3784,-28113.5820,21.9786,-4705.2031,-28626.7578,29.9951,730.0397,-0.0009,-0.0005,3.1279,0.7854,3.1413,-4703.9214,-28632.9648,25.0417,0.0003,-0.0001,1
-4703.1636,-28634.3926,24.9425,-5224.2729,-28113.6914,21.9810,-4707.0688,-28634.0391,29.0285,733.7001,0.0005,-0.0010,3.1261,0.7857,3.1412,-4704.0332,-28632.9512,25.2440,-0.0002,-0.0003,1
-4703.1636,-28634.3926,24.9425,-5224.1655,-28113.8027,21.9831,-4702.5459,-28634.9316,27.5998,737.3599,-0.0000,-0.0015,3.1249,0.7857,3.1412,-4703.9976,-28632.9727,25.4027,0.0000,-0.0004,1
-4703.1636,-28634.3926,24.9425,-5224.0566,-28113.9141,21.9850,-4698.0142,-28635.8027,25.7196,741.0202,-0.0006,-0.0020,3.1244,0.7857,3.1412,-4703.8057,-28633.0293,25.4988,0.0002,-0.0006,1
-4703.1636,-28634.3926,24.9425,-5223.9468,-28114.0293,21.9865,-4711.0723,-28632.5293,28.1967,729.3337,0.0009,-0.0015,3.1243,0.7857,3.1412,-4704.0449,-28632.9824,25.6765,-0.0003,-0.0004,1
-4703.1636,-28634.3926,24.9425,-5223.8364,-28114.1426,21.9872,-4706.5635,-28633.4531,25.5374,732.9910,0.0004,-0.0020,3.1249,0.7857,3.1412,-4704.1450,-28632.9688,25.7648,-0.0001,-0.0006,1
-4703.1636,-28634.3926,24.9425,-5223.7251,-28114.2578,21.9870,-4702.0488,-28634.3457,22.4854,736.6479,-0.0002,-0.0025,3.1259,0.7857,3.1412,-4704.0967,-28632.9863,25.7449,0.0001,-0.0007,1
-4703.1636,-28634.3926,24.9425,-5223.6133,-28114.3730,21.9858,-4697.5322,-28635.2070,19.0504,740.3051,-0.0007,-0.0030,3.1274,0.7857,3.1412,-4703.8901,-28633.0371,25.5983,0.0002,-0.0009,1
-4703.1636,-28634.3926,24.9425,-5223.5010,-28114.4883,21.9834,-4710.4155,-28631.7598,26.7564,728.5973,0.0007,-0.0010,3.1294,0.7857,3.1413,-4704.1079,-28632.9766,25.6945,-0.0002,-0.0003,1
-4703.1636,-28634.3926,24.9425,-5223.3887,-28114.6055,21.9799,-4705.9106,-28632.6797,22.7467,732.2514,0.0001,-0.0015,3.1318,0.7857,3.1413,-4704.1846,-28632.9473,25.6534,-0.0000,-0.0004,1
-4703.1636,-28634.3926,24.9425,-5223.2769,-28114.7207,21.9759,-4703.2925,-28630.5566,18.0166,732.4581,-0.0006,-0.0021,3.1344,0.7857,3.1414,-4704.1753,-28632.8438,25.4418,0.0002,-0.0006,1
-4703.1636,-28634.3926,24.9425,-5223.1650,-28114.8359,21.9721,-4696.9175,-28634.3926,14.1931,739.5592,-0.0010,-0.0025,3.1371,0.7857,3.1415,-4703.9482,-28632.8691,25.0848,0.0003,-0.0007,1
-4703.1636,-28634.3926,24.9425,-5223.0537,-28114.9512,21.9685,-4699.4033,-28641.4160,26.2874,742.5574,0.0005,0.0005,3.1398,0.7857,3.1415,-4703.7891,-28633.1328,25.1114,-0.0001,0.0002,1
-4703.1636,-28634.3926,24.9425,-5222.9434,-28115.0645,21.9653,-4705.2764,-28631.8984,22.0587,731.5025,-0.0001,0.0000,-3.1408,0.7857,3.1416,-4703.8193,-28633.0957,24.9974,0.0000,0.0000,1
-4703.1636,-28634.3926,24.9425,-5222.8335,-28115.1777,21.9624,-4700.7842,-28632.7656,17.9982,735.1529,-0.0006,-0.0005,-3.1383,0.7857,-3.1415,-4703.7007,-28633.0859,24.7397,0.0002,-0.0001,1
-4703.1636,-28634.3926,24.9425,-5222.7251,-28115.2910,21.9599,-4702.8516,-28640.1680,14.0726,738.8038,0.0008,-0.0010,-3.1362,0.7857,-3.1415,-4703.6465,-28633.3262,24.3363,-0.0002,-0.0003,1
-4703.1636,-28634.3926,24.9425,-5222.6172,-28115.4023,21.9578,-4698.7700,-28640.6191,26.8702,741.8104,0.0003,0.0021,-3.1343,0.7857,-3.1414,-4703.4546,-28633.5938,24.3450,-0.0001,0.0006,1
-4703.1636,-28634.3926,24.9425,-5222.5107,-28115.5117,21.9560,-4704.6543,-28631.1152,23.3704,730.7651,-0.0003,0.0016,-3.1327,0.7857,-3.1414,-4703.4521,-28633.5566,24.2442,0.0001,0.0005,1
-4703.1636,-28634.3926,24.9425,-5222.4053,-28115.6211,21.9546,-4706.1860,-28629.5000,17.3975,728.4034,-0.0003,0.0005,-3.1315,0.7857,-3.1414,-4703.5073,-28633.4551,23.9395,0.0001,0.0001,1
-4703.1636,-28634.3926,24.9425,-5222.3013,-28115.7285,21.9536,-4702.2095,-28639.3867,17.1357,738.0601,0.0006,0.0006,-3.1305,0.7857,-3.1414,-4703.4341,-28633.6797,23.6175,-0.0002,0.0002,1
-4703.1636,-28634.3926,24.9425,-5222.1982,-28115.8340,21.9529,-4698.1436,-28639.8203,27.7647,741.0899,0.0000,0.0030,-3.1299,0.7857,-3.1413,-4703.2227,-28633.9277,23.6448,-0.0000,0.0009,1
-4703.1636,-28634.3926,24.9425,-5222.0967,-28115.9395,21.9526,-4704.0405,-28630.3301,25.1301,730.0536,-0.0005,0.0025,-3.1295,0.7857,-3.1413,-4703.2012,-28633.8672,23.5982,0.0002,0.0007,1
-4703.1636,-28634.3926,24.9425,-5221.9961,-28116.0430,21.9525,-4706.0664,-28637.7109,22.7549,733.6979,0.0009,0.0020,-3.1294,0.7857,-3.1413,-4703.2524,-28634.0488,23.4781,-0.0003,0.0006,1
-4703.1636,-28634.3926,24.9425,-5221.8970,-28116.1465,21.9526,-4701.5830,-28638.5957,20.5147,737.3427,0.0004,0.0015,-3.1295,0.7857,-3.1413,-4703.1597,-28634.2637,23.2848,-0.0001,0.0004,1
-4703.1636,-28634.3926,24.9425,-5221.7988,-28116.2480,21.9530,-4697.5195,-28639.0254,28.4261,740.3995,-0.0002,0.0031,-3.1298,0.7857,-3.1413,-4702.9277,-28634.5000,23.3570,0.0001,0.0009,1
-4703.1636,-28634.3926,24.9425,-5221.7017,-28116.3477,21.9536,-4703.4307,-28629.5449,26.3529,729.3720,-0.0007,0.0026,-3.1302,0.7857,-3.1414,-4702.8857,-28634.4199,23.3766,0.0002,0.0008,1
-4703.1636,-28634.3926,24.9425,-5221.6050,-28116.4473,21.9536,-4705.4692,-28636.9434,24.3662,733.0134,0.0007,0.0021,-3.1310,0.7857,3.1413,-4702.9170,-28634.5781,23.3382,-0.0002,0.0006,1
-4703.1636,-28634.3926,24.9425,-5221.5073,-28116.5449,21.9514,-4701.0376,-28637.8691,21.9983,736.6552,0.0002,0.0016,-3.1325,0.7856,3.1390,-4702.8062,-28634.7695,23.2248,-0.0000,0.0005,1
-4703.1636,-28634.3926,24.9425,-5221.4106,-28116.6406,21.9490,-4696.9937,-28638.3398,28.0385,739.7347,-0.0004,0.0030,-3.1338,0.7855,3.1370,-4702.5566,-28634.9805,23.3160,0.0001,0.0009,1
-4703.1636,-28634.3926,24.9425,-5221.3154,-28116.7383,21.9480,-4702.9443,-28628.9062,25.6099,728.7156,-0.0009,0.0025,-3.1341,0.7854,3.1365,-4702.4985,-28634.8711,23.3400,0.0003,0.0007,1
-4703.1636,-28634.3926,24.9425,-5221.2217,-28116.8340,21.9482,-4704.9683,-28636.2871,23.4071,732.3541,0.0005,0.0020,-3.1339,0.7854,3.1369,-4702.5142,-28634.9980,23.2959,-0.0001,0.0006,1
-4703.1636,-28634.3926,24.9425,-5221.1294,-28116.9297,21.9493,-4700.4946,-28637.1523,21.2484,735.9932,-0.0001,0.0015,-3.1336,0.7854,3.1376,-4702.3857,-28635.1543,23.1808,0.0000,0.0004,1
-4703.1636,-28634.3926,24.9425,-5221.0381,-28117.0254,21.9507,-4696.2100,-28637.3887,28.4293,739.0873,-0.0007,0.0030,-3.1333,0.7855,3.1384,-4702.1108,-28635.3184,23.3066,0.0002,0.0009,1
-4703.1636,-28634.3926,24.9425,-5220.9482,-28117.1191,21.9523,-4708.5933,-28634.4004,26.3836,728.0763,0.0008,0.0025,-3.1333,0.7855,3.1391,-4702.2485,-28635.3809,23.3785,-0.0002,0.0007,1
-4703.1636,-28634.3926,24.9425,-5220.8589,-28117.2109,21.9539,-4707.0454,-28636.9629,21.7954,730.8491,0.0009,0.0014,-3.1333,0.7855,3.1398,-4702.3501,-28635.5234,23.3011,-0.0003,0.0004,1
-4703.1636,-28634.3926,24.9425,-5220.7705,-28117.3027,21.9553,-4702.2266,-28630.0586,25.9964,729.2550,-0.0009,0.0022,-3.1336,0.7856,3.1403,-4702.3003,-28635.4316,23.3655,0.0003,0.0007,1
-4703.1636,-28634.3926,24.9425,-5220.6821,-28117.3965,21.9568,-4695.5229,-28636.5312,28.8295,738.4626,-0.0009,0.0027,-3.1342,0.7856,3.1407,-4702.0254,-28635.5430,23.5316,0.0003,0.0008,1
-4703.1636,-28634.3926,24.9425,-5220.5918,-28117.4902,21.9584,-4707.9023,-28633.5586,27.4584,727.4594,0.0006,0.0022,-3.1353,0.7856,3.1410,-4702.1602,-28635.5508,23.6659,-0.0002,0.0006,1
-4703.1636,-28634.3926,24.9425,-5220.4990,-28117.5859,21.9604,-4703.4282,-28634.4219,26.6587,731.0928,0.0000,0.0017,-3.1372,0.7857,3.1412,-4702.1572,-28635.5820,23.7806,-0.0000,0.0005,1
-4703.1636,-28634.3926,24.9425,-5220.4033,-28117.6875,21.9628,-4698.9424,-28635.2676,26.3137,734.7265,-0.0005,0.0012,-3.1397,0.7857,3.1413,-4702.0059,-28635.6367,23.8889,0.0002,0.0003,1
-4703.1636,-28634.3926,24.9425,-5220.3032,-28117.7910,21.9657,-4701.5767,-28642.4316,30.4673,737.8279,0.0010,0.0016,3.1404,0.7857,3.1414,-4701.9395,-28635.9297,24.1420,-0.0003,0.0005,1
-4703.1636,-28634.3926,24.9425,-5220.1992,-28117.8984,21.9686,-4707.2969,-28632.8242,30.4928,726.8326,0.0004,0.0010,3.1369,0.7859,3.1412,-4702.0713,-28635.9062,24.4116,-0.0001,0.0003,1
-4703.1636,-28634.3926,24.9425,-5220.0903,-28118.0078,21.9700,-4702.4263,-28632.7500,36.0856,730.1549,-0.0003,0.0017,3.1320,0.7862,3.1393,-4702.0493,-28635.8711,24.8830,0.0001,0.0005,1
-4703.1636,-28634.3926,24.9425,-5219.9775,-28118.1211,21.9714,-4699.9136,-28632.4590,33.1350,731.5275,-0.0007,0.0005,3.1274,0.7863,3.1375,-4701.9438,-28635.8164,25.2743,0.0002,0.0002,1
-4703.1636,-28634.3926,24.9425,-5219.8613,-28118.2402,21.9737,-4702.4072,-28633.7559,29.2463,730.4591,-0.0001,-0.0008,3.1240,0.7864,3.1370,-4701.9209,-28635.7949,25.5453,0.0000,-0.0002,1
-4703.1636,-28634.3926,24.9425,-5219.7427,-28118.3613,21.9766,-4704.2256,-28634.1367,31.0736,729.2933,0.0002,-0.0008,3.1219,0.7865,3.1372,-4701.9629,-28635.7812,25.8812,-0.0001,-0.0002,1
-4703.1636,-28634.3926,24.9425,-5219.6216,-28118.4863,21.9797,-4699.6899,-28634.9883,29.9902,732.9210,-0.0003,-0.0013,3.1205,0.7866,3.1376,-4701.8564,-28635.7891,26.1841,0.0001,-0.0004,1
-4703.1636,-28634.3926,24.9425,-5219.4985,-28118.6133,21.9827,-4695.1494,-28635.8301,28.3904,736.5492,-0.0009,-0.0018,3.1197,0.7866,3.1378,-4701.5928,-28635.8242,26.4331,0.0003,-0.0005,1
-4703.1636,-28634.3926,24.9425,-5219.3745,-28118.7422,21.9855,-4708.1313,-28632.5742,29.6871,724.8851,0.0006,-0.0015,3.1195,0.7867,3.1379,-4701.7612,-28635.7441,26.7243,-0.0002,-0.0005,1
-4703.1636,-28634.3926,24.9425,-5219.2490,-28118.8711,21.9878,-4703.6201,-28633.4746,27.2578,728.5098,0.0001,-0.0020,3.1200,0.7867,3.1383,-4701.7900,-28635.6875,26.9299,-0.0000,-0.0006,1
-4703.1636,-28634.3926,24.9425,-5219.1230,-28119.0020,21.9893,-4699.1040,-28634.3496,24.4294,732.1342,-0.0005,-0.0025,3.1210,0.7868,3.1387,-4701.6699,-28635.6543,27.0312,0.0001,-0.0008,1
-4703.1636,-28634.3926,24.9425,-5218.9961,-28119.1328,21.9897,-4701.1104,-28641.7422,21.2436,735.7590,0.0010,-0.0030,3.1226,0.7868,3.1392,-4701.6143,-28635.8711,27.0105,-0.0003,-0.0009,1
-4703.1636,-28634.3926,24.9425,-5218.8691,-28119.2656,21.9889,-4707.4980,-28631.8320,28.2349,724.0639,0.0004,-0.0012,3.1246,0.7869,3.1396,-4701.7793,-28635.7598,27.2073,-0.0001,-0.0004,1
-4703.1636,-28634.3926,24.9425,-5218.7422,-28119.3965,21.9868,-4702.9980,-28632.7383,24.4578,727.6851,-0.0001,-0.0017,3.1270,0.7869,3.1401,-4701.8032,-28635.6699,27.2694,0.0000,-0.0005,1
-4703.1636,-28634.3926,24.9425,-5218.6147,-28119.5293,21.9834,-4698.5034,-28633.6113,20.3478,731.3058,-0.0007,-0.0022,3.1297,0.7869,3.1405,-4701.6768,-28635.6055,27.1781,0.0002,-0.0007,1
-4703.1636,-28634.3926,24.9425,-5218.4878,-28119.6602,21.9790,-4697.5645,-28636.4824,16.6737,733.8297,-0.0004,-0.0026,3.1330,0.7869,3.1411,-4701.5122,-28635.6328,26.9408,0.0001,-0.0008,1
-4703.1636,-28634.3926,24.9425,-5218.3613,-28119.7930,21.9744,-4706.8711,-28631.0781,27.2887,723.2300,0.0002,0.0002,3.1363,0.7869,-3.1415,-4701.6602,-28635.4766,27.0371,-0.0001,0.0001,1
-4703.1636,-28634.3926,24.9425,-5218.2354,-28119.9238,21.9700,-4702.3857,-28631.9824,22.8913,726.8475,-0.0003,-0.0003,3.1394,0.7869,-3.1412,-4701.6655,-28635.3418,26.9789,0.0001,-0.0001,1
-4703.1636,-28634.3926,24.9425,-5218.1099,-28120.0527,21.9661,-4703.1743,-28631.9492,23.2147,726.0827,-0.0002,0.0002,-3.1408,0.7869,-3.1411,-4701.7012,-28635.1973,26.9188,0.0001,0.0001,1
-4703.1636,-28634.3926,24.9425,-5217.9854,-28120.1816,21.9627,-4699.9419,-28640.2227,14.2518,734.0822,0.0005,-0.0013,-3.1381,0.7869,-3.1410,-4701.6299,-28635.3320,26.5434,-0.0002,-0.0004,1
-4703.1636,-28634.3926,24.9425,-5217.8618,-28120.3105,21.9598,-4706.8364,-28637.0254,23.2214,726.7304,0.0011,0.0010,-3.1357,0.7869,-3.1410,-4701.7920,-28635.3711,26.4427,-0.0003,0.0003,1
-4703.1636,-28634.3926,24.9425,-5217.7393,-28120.4355,21.9573,-4701.8032,-28631.2344,23.9004,726.0174,-0.0006,0.0015,-3.1336,0.7869,-3.1410,-4701.7930,-28635.2148,26.3576,0.0002,0.0005,1
-4703.1636,-28634.3926,24.9425,-5217.6182,-28120.5605,21.9553,-4703.8081,-28638.5977,20.3298,729.6309,0.0009,0.0010,-3.1319,0.7869,-3.1410,-4701.8628,-28635.3027,26.1449,-0.0003,0.0003,1
-4703.1636,-28634.3926,24.9425,-5217.4980,-28120.6855,21.9537,-4699.3535,-28639.4844,16.9826,733.2448,0.0003,0.0005,-3.1305,0.7868,-3.1410,-4701.7847,-28635.4297,25.8066,-0.0001,0.0002,1
-4703.1636,-28634.3926,24.9425,-5217.3799,-28120.8066,21.9525,-4705.6694,-28629.5645,28.6186,721.6031,-0.0002,0.0032,-3.1295,0.7868,-3.1411,-4701.9180,-28635.2246,25.8482,0.0001,0.0010,1
-4703.1636,-28634.3926,24.9425,-5217.2627,-28120.9277,21.9518,-4701.2095,-28630.4590,25.8421,725.2136,-0.0008,0.0027,-3.1288,0.7868,-3.1411,-4701.9058,-28635.0371,25.8024,0.0002,0.0008,1
-4703.1636,-28634.3926,24.9425,-5217.1470,-28121.0469,21.9513,-4699.9346,-28637.5137,25.3739,730.9210,0.0001,0.0027,-3.1284,0.7868,-3.1411,-4701.8477,-28635.0859,25.7427,-0.0000,0.0008,1
-4703.1636,-28634.3926,24.9425,-5217.0322,-28121.1641,21.9513,-4698.7437,-28638.6992,20.8575,732.4340,0.0001,0.0017,-3.1283,0.7868,-3.1412,-4701.7446,-28635.1797,25.5301,-0.0000,0.0005,1
-4703.1636,-28634.3926,24.9425,-5216.9194,-28121.2812,21.9514,-4705.1494,-28628.8809,29.4395,720.8362,-0.0005,0.0036,-3.1284,0.7865,-3.1412,-4701.8550,-28634.9453,25.6044,0.0001,0.0011,1
-4703.1636,-28634.3926,24.9425,-5216.8076,-28121.3965,21.9519,-4707.1333,-28636.2109,27.4134,724.4434,0.0010,0.0031,-3.1287,0.7865,-3.1412,-4702.0415,-28634.9531,25.6195,-0.0003,0.0009,1
-4703.1636,-28634.3926,24.9425,-5216.6968,-28121.5117,21.9525,-4702.6885,-28637.1191,25.4863,728.0500,0.0004,0.0026,-3.1292,0.7864,-3.1413,-4702.0850,-28634.9941,25.5741,-0.0001,0.0008,1
-4703.1636,-28634.3926,24.9425,-5216.5874,-28121.6230,21.9532,-4698.2354,-28637.9961,23.6279,731.6570,-0.0001,0.0021,-3.1298,0.7864,-3.1413,-4701.9771,-28635.0723,25.4670,0.0000,0.0006,1
-4703.1636,-28634.3926,24.9425,-5216.4790,-28121.7363,21.9540,-4704.4072,-28627.9785,29.8293,720.1008,-0.0007,0.0034,-3.1305,0.7864,-3.1413,-4702.0718,-28634.8105,25.5720,0.0002,0.0010,1
-4703.1636,-28634.3926,24.9425,-5216.3716,-28121.8457,21.9549,-4706.3745,-28635.2930,28.1045,723.7048,0.0007,0.0029,-3.1312,0.7864,-3.1414,-4702.2388,-28634.7891,25.6282,-0.0002,0.0009,1
-4703.1636,-28634.3926,24.9425,-5216.2651,-28121.9551,21.9558,-4701.9331,-28636.1836,26.3742,727.3082,0.0001,0.0024,-3.1320,0.7864,-3.1414,-4702.2607,-28634.8008,25.6314,-0.0000,0.0007,1
-4703.1636,-28634.3926,24.9425,-5216.1597,-28122.0645,21.9566,-4697.4829,-28637.0488,24.6165,730.9121,-0.0004,0.0019,-3.1327,0.7864,-3.1414,-4702.1284,-28634.8477,25.5771,0.0001,0.0006,1
-4703.1636,-28634.3926,24.9425,-5216.0557,-28122.1719,21.9575,-4710.2090,-28633.6348,29.8193,719.3915,0.0010,0.0029,-3.1334,0.7864,-3.1414,-4702.4243,-28634.7832,25.7018,-0.0003,0.0009,1
-4703.1636,-28634.3926,24.9425,-5215.9517,-28122.2793,21.9582,-4705.7793,-28634.5449,28.0330,722.9924,0.0005,0.0024,-3.1340,0.7864,-3.1415,-4702.5820,-28634.7480,25.7743,-0.0001,0.0007,1
-4703.1636,-28634.3926,24.9425,-5215.8491,-28122.3848,21.9589,-4701.3423,-28635.4258,26.1795,726.5928,-0.0001,0.0019,-3.1346,0.7863,-3.1415,-4702.5918,-28634.7441,25.7880,0.0000,0.0006,1
-4703.1636,-28634.3926,24.9425,-5215.7471,-28122.4902,21.9595,-4696.8970,-28636.2793,24.2512,730.1938,-0.0006,0.0014,-3.1351,0.7863,-3.1415,-4702.4443,-28634.7715,25.7364,0.0002,0.0004,1
-4703.1636,-28634.3926,24.9425,-5215.6460,-28122.5938,21.9599,-4709.4268,-28632.7207,29.6009,718.7029,0.0008,0.0025,-3.1355,0.7863,-3.1415,-4702.7153,-28634.6816,25.8668,-0.0002,0.0008,1
-4703.1636,-28634.3926,24.9425,-5215.5454,-28122.6973,21.9603,-4705.0010,-28633.6191,27.5920,722.3009,0.0002,0.0020,-3.1358,0.7863,-3.1415,-4702.8457,-28634.6191,25.9356,-0.0001,0.0006,1
-4703.1636,-28634.3926,24.9425,-5215.4458,-28122.8008,21.9606,-4700.4438,-28631.7578,28.0107,724.0801,-0.0008,0.0021,-3.1361,0.7863,-3.1415,-4702.8208,-28634.4902,26.0219,0.0002,0.0006,1
-4703.1636,-28634.3926,24.9425,-5215.3472,-28122.9023,21.9607,-4696.1284,-28635.3281,23.3393,729.4963,-0.0009,0.0010,-3.1362,0.7863,-3.1415,-4702.6411,-28634.4805,25.9513,0.0003,0.0003,1
-4703.1636,-28634.3926,24.9425,-5215.2490,-28123.0039,21.9608,-4708.9380,-28632.0957,29.3616,718.0320,0.0005,0.0024,-3.1363,0.7861,-3.1415,-4702.8867,-28634.3633,26.0823,-0.0002,0.0007,1
-4703.1636,-28634.3926,24.9425,-5215.1519,-28123.1035,21.9608,-4704.5229,-28632.9922,27.1451,721.6271,-0.0000,0.0019,-3.1363,0.7860,-3.1415,-4702.9907,-28634.2734,26.1426,0.0000,0.0006,1
-4703.1636,-28634.3926,24.9425,-5215.0552,-28123.2031,21.9608,-4700.0981,-28633.8535,24.8680,725.2217,-0.0006,0.0014,-3.1363,0.7860,-3.1415,-4702.9434,-28634.2129,26.1255,0.0002,0.0004,1
-4703.1636,-28634.3926,24.9425,-5214.9590,-28123.3027,21.9607,-4702.1328,-28641.1699,22.5367,728.8168,0.0009,0.0009,-3.1362,0.7860,-3.1415,-4702.9575,-28634.4043,26.0245,-0.0003,0.0003,1
-4703.1636,-28634.3926,24.9425,-5214.8638,-28123.4004,21.9606,-4708.3408,-28631.3613,29.2090,717.3777,0.0003,0.0024,-3.1361,0.7860,-3.1415,-4703.1836,-28634.2734,26.1455,-0.0001,0.0007,1
-4703.1636,-28634.3926,24.9425,-5214.7695,-28123.4980,21.9604,-4703.9253,-28632.2422,26.8843,720.9701,-0.0002,0.0019,-3.1360,0.7860,-3.1415,-4703.2656,-28634.1699,26.1916,0.0001,0.0006,1
-4703.1636,-28634.3926,24.9425,-5214.6763,-28123.5938,21.9602,-4699.5049,-28633.0918,24.5256,724.5620,-0.0008,0.0014,-3.1359,0.7860,-3.1415,-4703.1938,-28634.0938,26.1569,0.0002,0.0004,1
-4703.1636,-28634.3926,24.9425,-5214.5830,-28123.6895,21.9601,-4701.5303,-28640.4004,22.1377,728.1543,0.0007,0.0009,-3.1357,0.7860,-3.1415,-4703.1812,-28634.2676,26.0358,-0.0002,0.0003,1
-4703.1636,-28634.3926,24.9425,-5214.4912,-28123.7852,21.9599,-4707.7373,-28630.6152,29.1608,716.7406,0.0001,0.0024,-3.1356,0.7860,-3.1415,-4703.3789,-28634.1172,26.1482,-0.0000,0.0007,1
-4703.1636,-28634.3926,24.9425,-5214.3999,-28123.8789,21.9597,-4703.3262,-28631.4863,26.8279,720.3303,-0.0004,0.0019,-3.1354,0.7860,-3.1415,-4703.4302,-28633.9941,26.1856,0.0001,0.0006,1
-4703.1636,-28634.3926,24.9425,-5214.3096,-28123.9727,21.9595,-4705.3394,-28638.7637,24.4790,723.9195,0.0010,0.0014,-3.1353,0.7860,-3.1415,-4703.5483,-28634.1172,26.1425,-0.0003,0.0004,1
-4703.1636,-28634.3926,24.9425,-5214.2197,-28124.0645,21.9594,-4700.9268,-28639.6270,22.1180,727.5091,0.0004,0.0009,-3.1352,0.7860,-3.1415,-4703.5166,-28634.2793,26.0143,-0.0001,0.0003,1
-4703.1636,-28634.3926,24.9425,-5214.1309,-28124.1562,21.9593,-4707.1328,-28629.8652,29.1814,716.1212,-0.0001,0.0025,-3.1351,0.7860,-3.1415,-4703.6914,-28634.1191,26.1214,0.0000,0.0008,1
-4703.1636,-28634.3926,24.9425,-5214.0425,-28124.2480,21.9592,-4702.7271,-28630.7285,26.8964,719.7083,-0.0007,0.0020,-3.1350,0.7860,-3.1415,-4703.7183,-28633.9805,26.1555,0.0002,0.0006,1
-4703.1636,-28634.3926,24.9425,-5213.9551,-28124.3379,21.9591,-4704.7305,-28637.9980,24.6020,723.2949,0.0008,0.0015,-3.1349,0.7860,-3.1415,-4703.8091,-28634.0859,26.1116,-0.0002,0.0005,1
-4703.1636,-28634.3926,24.9425,-5213.8687,-28124.4277,21.9591,-4699.8721,-28634.3223,28.6025,724.0286,-0.0006,0.0024,-3.1349,0.7859,-3.1415,-4703.7319,-28634.0762,26.2020,0.0002,0.0007,1
-4703.1636,-28634.3926,24.9425,-5213.7827,-28124.5156,21.9590,-4706.5288,-28629.1152,29.2212,715.5197,-0.0003,0.0026,-3.1349,0.7859,-3.1415,-4703.8745,-28633.8848,26.3202,0.0001,0.0008,1
-4703.1636,-28634.3926,24.9425,-5213.6973,-28124.6035,21.9590,-4702.1279,-28629.9668,26.9932,719.1042,-0.0009,0.0021,-3.1349,0.7859,-3.1415,-4703.8677,-28633.7148,26.3663,0.0003,0.0006,1
-4703.1636,-28634.3926,24.9425,-5213.6133,-28124.6914,21.9591,-4704.1226,-28637.2305,24.7529,722.6884,0.0006,0.0016,-3.1349,0.7859,-3.1415,-4703.9233,-28633.7891,26.3351,-0.0002,0.0005,1
-4703.1636,-28634.3926,24.9425,-5213.5293,-28124.7773,21.9591,-4699.7192,-28638.0762,22.5008,726.2729,0.0000,0.0011,-3.1349,0.7859,-3.1415,-4703.8257,-28633.9023,26.2220,-0.0000,0.0003,1
-4703.1636,-28634.3926,24.9425,-5213.4468,-28124.8633,21.9591,-4705.9253,-28628.3652,29.2468,714.9357,-0.0005,0.0026,-3.1350,0.7859,-3.1415,-4703.9321,-28633.6895,26.3337,0.0002,0.0008,1
-4703.1636,-28634.3926,24.9425,-5213.3643,-28124.9473,21.9592,-4707.9058,-28635.5977,27.0552,718.5179,0.0009,0.0021,-3.1350,0.7859,-3.1415,-4704.1094,-28633.7168,26.3749,-0.0003,0.0006,1
-4703.1636,-28634.3926,24.9425,-5213.2827,-28125.0312,21.9593,-4704.4277,-28638.3828,25.2228,722.8187,0.0008,0.0016,-3.1351,0.7859,-3.1415,-4704.1729,-28633.8477,26.3533,-0.0002,0.0005,1
-4703.1636,-28634.3926,24.9425,-5213.2021,-28125.1152,21.9593,-4699.1157,-28637.3008,22.6194,725.6817,-0.0002,0.0010,-3.1351,0.7859,-3.1415,-4704.0513,-28633.9512,26.2388,0.0001,0.0003,1
-4703.1636,-28634.3926,24.9425,-5213.1221,-28125.1973,21.9594,-4705.3218,-28627.6113,29.2469,714.3687,-0.0008,0.0025,-3.1352,0.7859,-3.1415,-4704.1304,-28633.7246,26.3457,0.0002,0.0008,1
-4703.1636,-28634.3926,24.9425,-5213.0425,-28125.2793,21.9595,-4707.2939,-28634.8398,27.0664,717.9484,0.0007,0.0020,-3.1353,0.7859,-3.1415,-4704.2793,-28633.7402,26.3825,-0.0002,0.0006,1
-4703.1636,-28634.3926,24.9425,-5212.9639,-28125.3613,21.9595,-4702.9067,-28635.6973,24.8636,721.5278,0.0001,0.0015,-3.1353,0.7859,-3.1415,-4704.2808,-28633.7871,26.3438,-0.0000,0.0005,1
-4703.1636,-28634.3926,24.9425,-5212.8857,-28125.4414,21.9596,-4698.5127,-28636.5254,22.6371,725.1076,-0.0004,0.0010,-3.1354,0.7859,-3.1415,-4704.1255,-28633.8672,26.2247,0.0001,0.0003,1
-4703.1636,-28634.3926,24.9425,-5212.8086,-28125.5215,21.9597,-4704.7197,-28626.8594,29.2262,713.8175,-0.0010,0.0025,-3.1354,0.7859,-3.1415,-4704.1704,-28633.6172,26.3261,0.0003,0.0007,1
-4703.1636,-28634.3926,24.9425,-5212.7319,-28125.5996,21.9597,-4706.6826,-28634.0801,27.0389,717.3950,0.0005,0.0020,-3.1355,0.7859,-3.1415,-4704.2832,-28633.6035,26.3574,-0.0001,0.0006,1
-4703.1636,-28634.3926,24.9425,-5212.6558,-28125.6777,21.9598,-4702.2998,-28634.9277,24.8269,720.9722,-0.0001,0.0015,-3.1355,0.7859,-3.1415,-4704.2480,-28633.6230,26.3130,0.0000,0.0004,1
-4703.1636,-28634.3926,24.9425,-5212.5801,-28125.7559,21.9598,-4697.9102,-28635.7480,22.5891,724.5496,-0.0006,0.0010,-3.1356,0.7859,-3.1415,-4704.0562,-28633.6758,26.1881,0.0002,0.0003,1
-4703.1636,-28634.3926,24.9425,-5212.5054,-28125.8340,21.9599,-4710.4443,-28632.4551,29.1964,713.2814,0.0008,0.0024,-3.1356,0.7859,-3.1415,-4704.2852,-28633.6191,26.2846,-0.0002,0.0007,1
-4703.1636,-28634.3926,24.9425,-5212.4312,-28125.9102,21.9599,-4706.0718,-28633.3223,26.9971,716.8568,0.0002,0.0019,-3.1356,0.7859,-3.1415,-4704.3740,-28633.5898,26.3108,-0.0001,0.0006,1
-4703.1636,-28634.3926,24.9425,-5212.3579,-28125.9863,21.9599,-4701.6934,-28634.1621,24.7724,720.4321,-0.0003,0.0014,-3.1357,0.7859,-3.1415,-4704.3135,-28633.5898,26.2611,0.0001,0.0004,1
-4703.1636,-28634.3926,24.9425,-5212.2847,-28126.0605,21.9599,-4697.3081,-28634.9707,22.5223,724.0070,-0.0009,0.0009,-3.1357,0.7859,-3.1415,-4704.0942,-28633.6211,26.1306,0.0003,0.0003,1
-4703.1636,-28634.3926,24.9425,-5212.2124,-28126.1348,21.9600,-4709.8306,-28631.7031,29.1685,712.7604,0.0006,0.0024,-3.1357,0.7859,-3.1415,-4704.2949,-28633.5430,26.2232,-0.0002,0.0007,1
-4703.1636,-28634.3926,24.9425,-5212.1406,-28126.2090,21.9600,-4705.4624,-28632.5625,26.9597,716.3333,0.0000,0.0019,-3.1357,0.7859,-3.1415,-4704.3540,-28633.4902,26.2455,-0.0000,0.0006,1
-4703.1636,-28634.3926,24.9425,-5212.0698,-28126.2832,21.9600,-4701.0879,-28633.3945,24.7264,719.9065,-0.0005,0.0014,-3.1357,0.7859,-3.1415,-4704.2632,-28633.4648,26.1919,0.0002,0.0004,1
-4703.1636,-28634.3926,24.9425,-5211.9990,-28126.3555,21.9600,-4703.1294,-28640.6309,22.4689,723.4794,0.0009,0.0009,-3.1357,0.7859,-3.1415,-4704.2349,-28633.6914,26.0572,-0.0003,0.0003,1
-4703.1636,-28634.3926,24.9425,-5211.9292,-28126.4277,21.9600,-4709.0444,-28630.7793,29.1465,712.2531,0.0003,0.0024,-3.1358,0.7859,-3.1415,-4704.4111,-28633.5918,26.1473,-0.0001,0.0007,1
-4703.1636,-28634.3926,24.9425,-5211.8599,-28126.5000,21.9600,-4704.6797,-28631.6289,26.9342,715.8239,-0.0002,0.0019,-3.1358,0.7859,-3.1415,-4704.4438,-28633.5156,26.1672,0.0001,0.0006,1
-4703.1636,-28634.3926,24.9425,-5211.7910,-28126.5703,21.9600,-4700.3086,-28632.4492,24.6992,719.3951,-0.0008,0.0014,-3.1358,0.7859,-3.1415,-4704.3237,-28633.4648,26.1114,0.0002,0.0004,1
-4703.1636,-28634.3926,24.9425,-5211.7231,-28126.6406,21.9600,-4702.3389,-28639.6816,22.4409,722.9658,0.0006,0.0009,-3.1358,0.7859,-3.1415,-4704.2651,-28633.6641,25.9747,-0.0002,0.0003,1
-4703.1636,-28634.3926,24.9425,-5211.6553,-28126.7109,21.9600,-4708.4336,-28630.0293,29.1305,711.7594,0.0001,0.0024,-3.1358,0.7859,-3.1415,-4704.4146,-28633.5391,26.0637,-0.0000,0.0007,1
-4703.1636,-28634.3926,24.9425,-5211.5884,-28126.7793,21.9600,-4704.0728,-28630.8691,26.9200,715.3282,-0.0005,0.0019,-3.1358,0.7858,-3.1415,-4704.4194,-28633.4375,26.0828,0.0001,0.0006,1
-4703.1636,-28634.3926,24.9425,-5211.5220,-28126.8477,21.9600,-4701.6455,-28638.2246,22.9365,722.1332,0.0003,0.0010,-3.1358,0.7858,-3.1415,-4704.3394,-28633.5859,25.9661,-0.0001,0.0003,1
-4703.1636,-28634.3926,24.9425,-5211.4561,-28126.9160,21.9600,-4698.4971,-28635.3945,21.2400,722.2701,-0.0006,0.0006,-3.1358,0.7858,-3.1415,-4704.1436,-28633.6484,25.7843,0.0002,0.0002,1
-4703.1636,-28634.3926,24.9425,-5211.3911,-28126.9824,21.9601,-4707.8252,-28629.2754,29.1178,711.2791,-0.0001,0.0024,-3.1358,0.7858,-3.1415,-4704.2593,-28633.5000,25.8677,0.0000,0.0007,1
-4703.1636,-28634.3926,24.9425,-5211.3262,-28127.0508,21.9601,-4703.4678,-28630.1094,26.9114,714.8459,-0.0007,0.0019,-3.1358,0.7858,-3.1415,-4704.2310,-28633.3711,25.8822,0.0002,0.0006,1
-4703.1636,-28634.3926,24.9425,-5211.2617,-28127.1172,21.9601,-4705.4751,-28637.3105,24.6827,718.4133,0.0008,0.0014,-3.1359,0.7858,-3.1415,-4704.2710,-28633.4863,25.8223,-0.0002,0.0004,1
-4703.1636,-28634.3926,24.9425,-5211.1982,-28127.1816,21.9601,-4701.1157,-28638.1367,22.4328,721.9802,0.0002,0.0009,-3.1359,0.7858,-3.1415,-4704.1626,-28633.6406,25.6830,-0.0001,0.0003,1
-4703.1636,-28634.3926,24.9425,-5211.1353,-28127.2461,21.9601,-4697.0356,-28638.6523,29.2400,725.1734,-0.0003,0.0024,-3.1359,0.7858,-3.1415,-4703.9072,-28633.8203,25.7726,0.0001,0.0007,1
-4703.1636,-28634.3926,24.9425,-5211.0728,-28127.3125,21.9601,-4702.8638,-28629.3496,26.9034,714.3765,-0.0009,0.0019,-3.1359,0.7858,-3.1415,-4703.8374,-28633.6895,25.7915,0.0003,0.0006,1
-4703.1636,-28634.3926,24.9425,-5211.0107,-28127.3750,21.9601,-4704.8618,-28636.5449,24.6783,717.9421,0.0005,0.0014,-3.1359,0.7858,-3.1415,-4703.8364,-28633.7969,25.7361,-0.0002,0.0004,1
-4703.1636,-28634.3926,24.9425,-5210.9492,-28127.4395,21.9602,-4700.5059,-28637.3652,22.4321,721.5071,-0.0000,0.0009,-3.1359,0.7858,-3.1415,-4703.6890,-28633.9395,25.6015,0.0000,0.0003,1
-4703.1636,-28634.3926,24.9425,-5210.8882,-28127.5020,21.9602,-4696.4204,-28637.8828,29.2265,724.7112,-0.0006,0.0024,-3.1360,0.7858,-3.1415,-4703.3950,-28634.1055,25.6957,0.0002,0.0007,1
-4703.1636,-28634.3926,24.9425,-5210.8276,-28127.5645,21.9602,-4708.5967,-28634.9395,26.8920,713.9197,0.0009,0.0019,-3.1360,0.7858,-3.1415,-4703.5103,-28634.1777,25.7191,-0.0003,0.0006,1
-4703.1636,-28634.3926,24.9425,-5210.7676,-28127.6270,21.9602,-4704.2495,-28635.7812,24.6701,717.4834,0.0003,0.0014,-3.1360,0.7858,-3.1415,-4703.4878,-28634.2793,25.6685,-0.0001,0.0004,1
-4703.1636,-28634.3926,24.9425,-5210.7085,-28127.6875,21.9602,-4699.8970,-28636.5918,22.4257,721.0467,-0.0002,0.0009,-3.1360,0.7858,-3.1415,-4703.3184,-28634.4082,25.5386,0.0001,0.0003,1
-4703.1636,-28634.3926,24.9425,-5210.6494,-28127.7480,21.9603,-4695.8071,-28637.1094,29.2116,724.2611,-0.0008,0.0024,-3.1360,0.7858,-3.1415,-4703.0024,-28634.5586,25.6373,0.0002,0.0007,1
-4703.1636,-28634.3926,24.9425,-5210.5908,-28127.8086,21.9603,-4707.9824,-28634.1836,26.8785,713.4748,0.0007,0.0019,-3.1360,0.7858,-3.1415,-4703.0962,-28634.6113,25.6653,-0.0002,0.0006,1
-4703.1636,-28634.3926,24.9425,-5210.5332,-28127.8691,21.9603,-4703.6387,-28635.0176,24.6574,717.0368,0.0001,0.0014,-3.1361,0.7858,-3.1415,-4703.0522,-28634.6895,25.6191,-0.0000,0.0004,1
-4703.1636,-28634.3926,24.9425,-5210.4756,-28127.9277,21.9603,-4699.2896,-28635.8203,22.4137,720.5984,-0.0004,0.0009,-3.1361,0.7858,-3.1415,-4702.8613,-28634.7910,25.4936,0.0001,0.0003,1
-4703.1636,-28634.3926,24.9425,-5210.4185,-28127.9863,21.9603,-4695.1938,-28636.3379,29.1956,723.8229,-0.0010,0.0023,-3.1361,0.7858,-3.1415,-4702.5244,-28634.9121,25.5966,0.0003,0.0007,1
-4703.1636,-28634.3926,24.9425,-5210.3623,-28128.0449,21.9603,-4707.3696,-28633.4277,26.8633,713.0417,0.0004,0.0018,-3.1361,0.7858,-3.1415,-4702.5981,-28634.9297,25.6289,-0.0001,0.0006,1
-4703.1636,-28634.3926,24.9425,-5210.3062,-28128.1016,21.9604,-4703.0288,-28634.2520,24.6421,716.6021,-0.0001,0.0013,-3.1361,0.7858,-3.1415,-4702.5342,-28634.9707,25.5867,0.0000,0.0004,1
-4703.1636,-28634.3926,24.9425,-5210.2505,-28128.1602,21.9604,-4698.6826,-28635.0488,22.3987,720.1619,-0.0007,0.0008,-3.1361,0.7858,-3.1415,-4702.3242,-28635.0352,25.4651,0.0002,0.0003,1
-4703.1636,-28634.3926,24.9425,-5210.1958,-28128.2168,21.9604,-4700.9990,-28642.0059,29.1789,723.3962,0.0008,0.0023,-3.1362,0.7858,-3.1415,-4702.1899,-28635.3379,25.5720,-0.0002,0.0007,1
-4703.1636,-28634.3926,24.9425,-5210.1411,-28128.2734,21.9604,-4706.7578,-28632.6719,26.8474,712.6198,0.0002,0.0018,-3.1362,0.7858,-3.1415,-4702.2588,-28635.3281,25.6079,-0.0001,0.0005,1
-4703.1636,-28634.3926,24.9425,-5210.0869,-28128.3281,21.9604,-4699.0327,-28638.2188,20.7509,721.9172,-0.0001,0.0005,-3.1362,0.7858,-3.1415,-4702.0723,-28635.5020,25.4354,0.0000,0.0001,1
-4703.1636,-28634.3926,24.9425,-5210.0332,-28128.3848,21.9604,-4702.6226,-28636.8145,28.2252,718.3278,0.0002,0.0021,-3.1362,0.7858,-3.1415,-4702.0068,-28635.6289,25.5119,-0.0001,0.0006,1
-4703.1636,-28634.3926,24.9425,-5209.9800,-28128.4395,21.9604,-4700.2583,-28641.1230,29.1628,722.9804,0.0006,0.0023,-3.1362,0.7860,-3.1415,-4701.8647,-28635.9043,25.6273,-0.0002,0.0007,1
-4703.1636,-28634.3926,24.9425,-5209.9272,-28128.4941,21.9605,-4706.0273,-28631.7930,26.8324,712.2087,0.0000,0.0018,-3.1362,0.7860,-3.1415,-4701.9248,-28635.8633,25.6711,-0.0000,0.0005,1
-4703.1636,-28634.3926,24.9425,-5209.8750,-28128.5469,21.9605,-4701.6904,-28632.5996,24.6122,715.7659,-0.0005,0.0013,-3.1362,0.7860,-3.1415,-4701.8457,-28635.8359,25.6396,0.0002,0.0004,1
-4703.1636,-28634.3926,24.9425,-5209.8232,-28128.6016,21.9605,-4703.7319,-28639.7773,22.3686,719.3226,0.0009,0.0008,-3.1363,0.7860,-3.1415,-4701.8403,-28636.0488,25.5278,-0.0003,0.0002,1
-4703.1636,-28634.3926,24.9425,-5209.7720,-28128.6543,21.9605,-4699.8047,-28640.5215,29.1478,722.5753,0.0004,0.0023,-3.1363,0.7860,-3.1415,-4701.7061,-28636.2891,25.6439,-0.0001,0.0007,1
-4703.1636,-28634.3926,24.9425,-5209.7207,-28128.7070,21.9605,-4705.5864,-28631.2051,26.8180,711.8081,-0.0002,0.0018,-3.1363,0.7860,-3.1415,-4701.7729,-28636.2129,25.6882,0.0000,0.0005,1
-4703.1636,-28634.3926,24.9425,-5209.6704,-28128.7578,21.9605,-4701.2539,-28632.0039,24.5984,715.3638,-0.0007,0.0013,-3.1363,0.7860,-3.1415,-4701.6997,-28636.1484,25.6571,0.0002,0.0004,1
-4703.1636,-28634.3926,24.9425,-5209.6201,-28128.8105,21.9605,-4703.2891,-28639.1797,22.3560,718.9191,0.0007,0.0008,-3.1363,0.7860,-3.1415,-4701.6982,-28636.3203,25.5456,-0.0002,0.0002,1
-4703.1636,-28634.3926,24.9425,-5209.5703,-28128.8613,21.9605,-4699.1816,-28639.7500,29.1328,722.1805,0.0002,0.0023,-3.1363,0.7860,-3.1415,-4701.5610,-28636.5156,25.6619,-0.0001,0.0007,1
-4703.1636,-28634.3926,24.9425,-5209.5210,-28128.9121,21.9606,-4704.9761,-28630.4453,26.8043,711.4178,-0.0004,0.0018,-3.1363,0.7860,-3.1415,-4701.6230,-28636.3887,25.7063,0.0001,0.0005,1
-4703.1636,-28634.3926,24.9425,-5209.4722,-28128.9629,21.9606,-4700.6470,-28631.2383,24.5856,714.9720,-0.0009,0.0013,-3.1363,0.7860,-3.1415,-4701.5430,-28636.2734,25.6751,0.0003,0.0004,1
-4703.1636,-28634.3926,24.9425,-5209.4238,-28129.0137,21.9606,-4702.6729,-28638.4121,22.3442,718.5258,0.0005,0.0008,-3.1364,0.7860,-3.1415,-4701.5342,-28636.3945,25.5634,-0.0002,0.0002,1
-4703.1636,-28634.3926,24.9425,-5209.3760,-28129.0625,21.9606,-4698.5615,-28638.9805,29.1179,721.7957,-0.0000,0.0023,-3.1364,0.7860,-3.1415,-4701.3872,-28636.5371,25.6794,0.0000,0.0007,1
-4703.1636,-28634.3926,24.9425,-5209.3281,-28129.1113,21.9606,-4704.3687,-28629.6855,26.7908,711.0371,-0.0006,0.0018,-3.1364,0.7860,-3.1415,-4701.4385,-28636.3574,25.7233,0.0002,0.0005,1
-4703.1636,-28634.3926,24.9425,-5209.2812,-28129.1602,21.9606,-4706.3818,-28636.8320,24.5727,714.5900,0.0009,0.0013,-3.1364,0.7860,-3.1415,-4701.5693,-28636.4121,25.6917,-0.0003,0.0004,1
-4703.1636,-28634.3926,24.9425,-5209.2344,-28129.2090,21.9606,-4702.0586,-28637.6426,22.3327,718.1424,0.0003,0.0008,-3.1364,0.7860,-3.1415,-4701.5610,-28636.4922,25.5793,-0.0001,0.0002,1
-4703.1636,-28634.3926,24.9425,-5209.1880,-28129.2559,21.9606,-4707.2700,-28636.2441,25.6696,713.4186,0.0009,0.0015,-3.1364,0.7860,-3.1415,-4701.7378,-28636.5254,25.5757,-0.0003,0.0005,1
-4703.1636,-28634.3926,24.9425,-5209.1421,-28129.3047,21.9607,-4703.7632,-28628.9277,26.7773,710.6660,-0.0008,0.0018,-3.1364,0.7860,-3.1415,-4701.8057,-28636.2988,25.6116,0.0002,0.0005,1
-4703.1636,-28634.3926,24.9425,-5209.0962,-28129.3516,21.9607,-4705.7666,-28636.0723,24.5601,714.2175,0.0006,0.0013,-3.1364,0.7860,-3.1415,-4701.9478,-28636.3066,25.5726,-0.0002,0.0004,1
-4703.1636,-28634.3926,24.9425,-5209.0513,-28129.3984,21.9607,-4701.4463,-28636.8750,22.3211,717.7686,0.0001,0.0008,-3.1365,0.7860,-3.1415,-4701.9468,-28636.3379,25.4537,-0.0000,0.0002,1
-4703.1636,-28634.3926,24.9425,-5209.0063,-28129.4434,21.9607,-4697.3267,-28637.4434,29.0885,721.0545,-0.0005,0.0023,-3.1365,0.7860,-3.1415,-4701.8018,-28636.3926,25.5631,0.0001,0.0007,1
-4703.1636,-28634.3926,24.9425,-5208.9619,-28129.4902,21.9607,-4709.4653,-28634.4844,26.7632,710.3040,0.0010,0.0018,-3.1365,0.7860,-3.1415,-4702.0703,-28636.3438,25.6012,-0.0003,0.0005,1
-4703.1636,-28634.3926,24.9425,-5208.9175,-28129.5352,21.9607,-4696.4663,-28638.2383,27.6180,722.0853,-0.0005,0.0019,-3.1365,0.7860,-3.1415,-4701.9014,-28636.4199,25.6709,0.0001,0.0006,1
-4703.1636,-28634.3926,24.9425,-5208.8740,-28129.5801,21.9607,-4700.8345,-28636.1055,22.3092,717.4040,-0.0001,0.0008,-3.1365,0.7860,-3.1415,-4701.8706,-28636.4277,25.5605,0.0000,0.0002,1
-4703.1636,-28634.3926,24.9425,-5208.8306,-28129.6250,21.9607,-4709.4683,-28634.0078,28.2527,709.7847,0.0009,0.0021,-3.1365,0.7860,-3.1415,-4702.1406,-28636.3594,25.6506,-0.0003,0.0006,1
-4703.1636,-28634.3926,24.9425,-5208.7876,-28129.6699,21.9608,-4708.8506,-28633.7324,26.7494,709.9509,0.0008,0.0018,-3.1365,0.7860,-3.1415,-4702.4048,-28636.2734,25.6938,-0.0002,0.0005,1
-4703.1636,-28634.3926,24.9425,-5208.7451,-28129.7129,21.9608,-4701.7163,-28635.4375,28.9766,716.1527,-0.0001,0.0022,-3.1365,0.7860,-3.1415,-4702.4316,-28636.2441,25.8166,0.0000,0.0007,1
-4703.1636,-28634.3926,24.9425,-5208.7026,-28129.7578,21.9608,-4700.2241,-28635.3379,22.2971,717.0483,-0.0004,0.0008,-3.1365,0.7860,-3.1415,-4702.4023,-28636.2090,25.7130,0.0001,0.0002,1
-4703.1636,-28634.3926,24.9425,-5208.6606,-28129.8008,21.9608,-4696.0972,-28635.9062,29.0592,720.3494,-0.0009,0.0022,-3.1366,0.7860,-3.1415,-4702.2231,-28636.1914,25.8361,0.0003,0.0007,1
-4703.1636,-28634.3926,24.9425,-5208.6191,-28129.8438,21.9608,-4708.2368,-28632.9785,26.7357,709.6063,0.0005,0.0017,-3.1366,0.7860,-3.1415,-4702.4531,-28636.0703,25.8860,-0.0002,0.0005,1
-4703.1636,-28634.3926,24.9425,-5208.5781,-28129.8848,21.9608,-4703.9292,-28633.7871,24.5214,713.1541,-0.0000,0.0012,-3.1366,0.7860,-3.1415,-4702.5430,-28635.9727,25.8591,0.0000,0.0004,1
-4703.1636,-28634.3926,24.9425,-5208.5371,-28129.9277,21.9608,-4699.6147,-28634.5684,22.2847,716.7014,-0.0006,0.0007,-3.1366,0.7860,-3.1415,-4702.4834,-28635.8965,25.7504,0.0002,0.0002,1
-4703.1636,-28634.3926,24.9425,-5208.4971,-28129.9688,21.9608,-4701.8735,-28641.5410,29.0439,720.0094,0.0009,0.0022,-3.1366,0.7860,-3.1415,-4702.4941,-28636.0625,25.8686,-0.0003,0.0007,1
-4703.1636,-28634.3926,24.9425,-5208.4565,-28130.0117,21.9608,-4707.6250,-28632.2246,26.7219,709.2700,0.0003,0.0017,-3.1366,0.7860,-3.1415,-4702.7046,-28635.9160,25.9135,-0.0001,0.0005,1
-4703.1636,-28634.3926,24.9425,-5208.4170,-28130.0527,21.9608,-4703.3193,-28633.0273,24.5083,712.8165,-0.0002,0.0012,-3.1366,0.7860,-3.1415,-4702.7729,-28635.7910,25.8817,0.0001,0.0004,1
-4703.1636,-28634.3926,24.9425,-5208.3774,-28130.0918,21.9609,-4699.0073,-28633.7988,22.2725,716.3626,-0.0008,0.0007,-3.1366,0.7860,-3.1415,-4702.6899,-28635.6875,25.7682,0.0002,0.0002,1
-4703.1636,-28634.3926,24.9425,-5208.3384,-28130.1328,21.9609,-4701.2500,-28640.7773,29.0294,719.6776,0.0007,0.0022,-3.1366,0.7860,-3.1415,-4702.6748,-28635.8262,25.8817,-0.0002,0.0007,1
-4703.1636,-28634.3926,24.9425,-5208.2993,-28130.1738,21.9609,-4707.0146,-28631.4688,26.7083,708.9417,0.0001,0.0017,-3.1366,0.7860,-3.1415,-4702.8574,-28635.6504,25.9219,-0.0000,0.0005,1
-4703.1636,-28634.3926,24.9425,-5208.2612,-28130.2129,21.9609,-4702.7109,-28632.2656,24.4955,712.4871,-0.0005,0.0012,-3.1367,0.7860,-3.1415,-4702.8960,-28635.4941,25.8856,0.0001,0.0004,1
-4703.1636,-28634.3926,24.9425,-5208.2231,-28130.2520,21.9609,-4704.7593,-28639.3984,22.2598,716.0320,0.0010,0.0007,-3.1367,0.7860,-3.1415,-4703.0039,-28635.5840,25.7678,-0.0003,0.0002,1
-4703.1636,-28634.3926,24.9425,-5208.1851,-28130.2910,21.9609,-4700.4521,-28639.8379,29.0148,719.3537,0.0004,0.0022,-3.1367,0.7860,-3.1415,-4702.9639,-28635.6973,25.8771,-0.0001,0.0007,1
-4703.1636,-28634.3926,24.9425,-5208.1475,-28130.3301,21.9609,-4706.2329,-28630.5410,26.6949,708.6211,-0.0002,0.0017,-3.1367,0.7860,-3.1415,-4703.1187,-28635.4961,25.9133,0.0001,0.0005,1
-4703.1636,-28634.3926,24.9425,-5208.1104,-28130.3672,21.9609,-4701.9302,-28631.3262,24.4828,712.1654,-0.0007,0.0012,-3.1367,0.7860,-3.1415,-4703.1270,-28635.3145,25.8731,0.0002,0.0004,1
-4703.1636,-28634.3926,24.9425,-5208.0737,-28130.4062,21.9609,-4703.9668,-28638.4609,22.2476,715.7092,0.0007,0.0007,-3.1367,0.7860,-3.1415,-4703.2017,-28635.3730,25.7515,-0.0002,0.0002,1
-4703.1636,-28634.3926,24.9425,-5208.0371,-28130.4434,21.9609,-4699.8325,-28639.0723,29.0003,719.0373,0.0002,0.0022,-3.1367,0.7860,-3.1415,-4703.1318,-28635.4629,25.8572,-0.0000,0.0007,1
-4703.1636,-28634.3926,24.9425,-5208.0010,-28130.4805,21.9610,-4705.6255,-28629.7852,26.6813,708.3080,-0.0004,0.0017,-3.1367,0.7860,-3.1415,-4703.2554,-28635.2383,25.8901,0.0001,0.0005,1
-4703.1636,-28634.3926,24.9425,-5207.9648,-28130.5176,21.9610,-4703.8101,-28628.0156,25.3555,708.2953,-0.0010,0.0014,-3.1367,0.7860,-3.1415,-4703.3184,-28634.9375,25.8777,0.0003,0.0004,1
-4703.1636,-28634.3926,24.9425,-5207.9292,-28130.5547,21.9610,-4703.3511,-28637.6973,22.2355,715.3939,0.0005,0.0007,-3.1367,0.7860,-3.1415,-4703.3643,-28634.9648,25.7551,-0.0001,0.0002,1
-4703.1636,-28634.3926,24.9425,-5207.8940,-28130.5918,21.9610,-4699.2139,-28638.3086,28.9860,718.7282,-0.0001,0.0022,-3.1368,0.7860,-3.1415,-4703.2642,-28635.0234,25.8597,0.0000,0.0007,1
-4703.1636,-28634.3926,24.9425,-5207.8589,-28130.6270,21.9610,-4708.3228,-28633.9824,24.2031,709.1559,0.0007,0.0011,-3.1368,0.7860,-3.1415,-4703.4727,-28634.9395,25.8045,-0.0002,0.0003,1
-4703.1636,-28634.3926,24.9425,-5207.8242,-28130.6641,21.9610,-4707.0322,-28636.1367,24.4567,711.5442,0.0008,0.0012,-3.1368,0.7860,-3.1415,-4703.6440,-28634.9336,25.7547,-0.0003,0.0004,1
-4703.1636,-28634.3926,24.9425,-5207.7896,-28130.6992,21.9610,-4702.7368,-28636.9336,22.2235,715.0859,0.0003,0.0007,-3.1368,0.7860,-3.1415,-4703.6704,-28634.9590,25.6243,-0.0001,0.0002,1
-4703.1636,-28634.3926,24.9425,-5207.7559,-28130.7344,21.9610,-4698.5962,-28637.5410,28.9720,718.4263,-0.0003,0.0022,-3.1368,0.7860,-3.1415,-4703.5483,-28635.0098,25.7219,0.0001,0.0007,1
-4703.1636,-28634.3926,24.9425,-5207.7217,-28130.7695,21.9610,-4704.4141,-28628.2734,26.6550,707.7030,-0.0008,0.0017,-3.1368,0.7860,-3.1415,-4703.6152,-28634.7441,25.7476,0.0002,0.0005,1
-4703.1636,-28634.3926,24.9425,-5207.6885,-28130.8047,21.9610,-4706.4180,-28635.3789,24.4443,711.2442,0.0006,0.0012,-3.1368,0.7860,-3.1415,-4703.7524,-28634.7168,25.6977,-0.0002,0.0004,1
-4703.1636,-28634.3926,24.9425,-5207.6548,-28130.8379,21.9610,-4700.3428,-28633.2363,29.4659,714.0140,-0.0007,0.0023,-3.1368,0.7860,-3.1415,-4703.6812,-28634.6172,25.8213,0.0002,0.0007,1
-4703.1636,-28634.3926,24.9425,-5207.6221,-28130.8730,21.9611,-4697.9800,-28636.7773,28.9579,718.1310,-0.0005,0.0022,-3.1368,0.7860,-3.1415,-4703.5181,-28634.6387,25.9349,0.0001,0.0007,1
-4703.1636,-28634.3926,24.9425,-5207.5894,-28130.9062,21.9611,-4703.8105,-28627.5176,26.6417,707.4108,-0.0010,0.0017,-3.1368,0.7860,-3.1415,-4703.5444,-28634.3438,25.9748,0.0003,0.0005,1
-4703.1636,-28634.3926,24.9425,-5207.5566,-28130.9395,21.9611,-4700.2349,-28636.5039,21.4640,716.2189,-0.0002,0.0005,-3.1368,0.7860,-3.1415,-4703.4458,-28634.3516,25.8345,0.0001,0.0002,1
-4703.1636,-28634.3926,24.9425,-5207.5249,-28130.9727,21.9611,-4701.5122,-28635.4043,22.1997,714.4907,-0.0002,0.0007,-3.1369,0.7860,-3.1415,-4703.3838,-28634.3281,25.7090,0.0000,0.0002,1
-4703.1636,-28634.3926,24.9425,-5207.4927,-28131.0059,21.9611,-4697.3647,-28636.0098,28.9437,717.8425,-0.0007,0.0022,-3.1369,0.7860,-3.1415,-4703.1729,-28634.3320,25.8110,0.0002,0.0007,1
-4703.1636,-28634.3926,24.9425,-5207.4614,-28131.0391,21.9611,-4709.4775,-28633.0586,26.6278,707.1249,0.0007,0.0017,-3.1369,0.7860,-3.1415,-4703.3745,-28634.2363,25.8403,-0.0002,0.0005,1
-4703.1636,-28634.3926,24.9425,-5207.4297,-28131.0703,21.9611,-4705.1919,-28633.8633,24.4188,710.6642,0.0002,0.0012,-3.1369,0.7860,-3.1415,-4703.4390,-28634.1719,25.7935,-0.0001,0.0004,1
-4703.1636,-28634.3926,24.9425,-5207.3989,-28131.1016,21.9611,-4700.9014,-28634.6387,22.1877,714.2031,-0.0004,0.0007,-3.1369,0.7860,-3.1415,-4703.3569,-28634.1348,25.6656,0.0001,0.0002,1
-4703.1636,-28634.3926,24.9425,-5207.3682,-28131.1348,21.9611,-4696.7515,-28635.2422,28.9293,717.5603,-0.0009,0.0022,-3.1369,0.7860,-3.1415,-4703.1245,-28634.1230,25.7655,0.0003,0.0007,1
-4703.1636,-28634.3926,24.9425,-5207.3374,-28131.1660,21.9611,-4708.7441,-28632.1855,26.6144,706.8455,0.0005,0.0017,-3.1369,0.7862,-3.1415,-4703.2993,-28634.0078,25.7929,-0.0002,0.0005,1
-4703.1636,-28634.3926,24.9425,-5207.3071,-28131.1973,21.9611,-4704.4556,-28632.9785,24.4060,710.3839,-0.0000,0.0012,-3.1369,0.7862,-3.1415,-4703.3350,-28633.9180,25.7443,0.0000,0.0004,1
-4703.1636,-28634.3926,24.9425,-5207.2759,-28131.2285,21.9613,-4700.1621,-28633.7461,22.3961,713.9219,-0.0006,0.0007,-3.1372,0.7862,-3.1415,-4703.2231,-28633.8574,25.6226,0.0002,0.0002,1
-4703.1636,-28634.3926,24.9425,-5207.2427,-28131.2637,21.9619,-4702.5464,-28640.9004,29.4936,717.2826,0.0009,0.0021,-3.1381,0.7862,-3.1415,-4703.1885,-28634.0469,25.7418,-0.0003,0.0006,1
-4703.1636,-28634.3926,24.9425,-5207.2065,-28131.3008,21.9630,-4708.2925,-28631.5957,28.2113,706.5704,0.0004,0.0016,-3.1396,0.7862,-3.1416,-4703.3555,-28633.9297,25.8267,-0.0001,0.0005,1
-4703.1636,-28634.3926,24.9425,-5207.1665,-28131.3418,21.9648,-4698.3535,-28636.7148,32.6299,717.2139,-0.0004,0.0022,3.1415,0.7862,3.1416,-4703.1851,-28633.9883,26.0699,0.0001,0.0007,1
-4703.1636,-28634.3926,24.9425,-5207.1230,-28131.3867,21.9670,-4699.6934,-28633.1641,27.0793,713.6450,-0.0008,0.0006,3.1389,0.7863,3.1415,-4703.0498,-28633.9316,26.1340,0.0002,0.0002,1
-4703.1636,-28634.3926,24.9425,-5207.0762,-28131.4355,21.9695,-4701.9062,-28640.1289,30.7468,716.9648,0.0007,0.0010,3.1363,0.7863,3.1415,-4702.9854,-28634.1152,26.3267,-0.0002,0.0003,1
-4703.1636,-28634.3926,24.9425,-5207.0269,-28131.4863,21.9720,-4707.6523,-28630.8457,30.0944,706.2559,0.0001,0.0005,3.1339,0.7863,3.1414,-4703.1230,-28633.9902,26.5069,-0.0000,0.0002,1
-4703.1636,-28634.3926,24.9425,-5206.9751,-28131.5391,21.9745,-4703.3467,-28631.6484,29.3505,709.7924,-0.0004,0.0000,3.1318,0.7863,3.1413,-4703.1191,-28633.8867,26.6662,0.0001,0.0000,1
-4703.1636,-28634.3926,24.9425,-5206.9209,-28131.5957,21.9765,-4699.0259,-28632.4336,28.2552,713.3284,-0.0010,-0.0005,3.1302,0.7863,3.1413,-4702.9648,-28633.8066,26.7899,0.0003,-0.0001,1
-4703.1636,-28634.3926,24.9425,-5206.8652,-28131.6523,21.9781,-4701.2534,-28639.3730,29.6203,716.5770,0.0005,-0.0004,3.1292,0.7863,3.1413,-4702.8809,-28633.9688,26.9611,-0.0001,-0.0001,1
-4703.1636,-28634.3926,24.9425,-5206.8081,-28131.7129,21.9791,-4706.9961,-28630.1191,27.6283,705.8724,-0.0001,-0.0009,3.1287,0.7863,3.1413,-4702.9966,-28633.8184,27.0658,0.0000,-0.0003,1
-4703.1636,-28634.3926,24.9425,-5206.7495,-28131.7734,21.9794,-4702.6812,-28630.9297,25.3824,709.4075,-0.0006,-0.0014,3.1287,0.7863,3.1413,-4702.9702,-28633.6895,27.0886,0.0002,-0.0004,1
-4703.1636,-28634.3926,24.9425,-5206.6899,-28131.8340,21.9792,-4704.6807,-28638.0586,22.7649,712.9421,0.0008,-0.0019,3.1293,0.7863,3.1413,-4703.0137,-28633.8066,27.0124,-0.0002,-0.0006,1
-4703.1636,-28634.3926,24.9425,-5206.6294,-28131.8965,21.9785,-4700.6104,-28638.6172,28.1695,716.1432,0.0003,-0.0005,3.1303,0.7863,3.1413,-4702.9194,-28633.9531,27.1125,-0.0001,-0.0002,1
-4703.1636,-28634.3926,24.9425,-5206.5684,-28131.9590,21.9772,-4706.3584,-28629.3809,24.9289,705.4436,-0.0003,-0.0010,3.1316,0.7863,3.1413,-4703.0234,-28633.7871,27.0979,0.0001,-0.0003,1
-4703.1636,-28634.3926,24.9425,-5206.5068,-28132.0234,21.9756,-4706.7334,-28629.9863,26.4651,705.5227,-0.0001,-0.0004,3.1333,0.7863,3.1414,-4703.1484,-28633.6309,27.1299,0.0000,-0.0001,1
-4703.1636,-28634.3926,24.9425,-5206.4448,-28132.0859,21.9737,-4704.0474,-28637.3027,18.0602,712.5099,0.0006,-0.0020,3.1351,0.7863,3.1414,-4703.1865,-28633.7266,26.8633,-0.0002,-0.0006,1
-4703.1636,-28634.3926,24.9425,-5206.3828,-28132.1504,21.9716,-4699.9810,-28637.8535,27.4948,715.6865,0.0000,0.0004,3.1370,0.7863,3.1415,-4703.0840,-28633.8516,26.9055,-0.0000,0.0001,1
-4703.1636,-28634.3926,24.9425,-5206.3213,-28132.2148,21.9694,-4705.7407,-28628.6309,23.8409,704.9922,-0.0005,-0.0001,3.1390,0.7863,3.1415,-4703.1772,-28633.6602,26.8189,0.0002,-0.0000,1
-4703.1636,-28634.3926,24.9425,-5206.2598,-28132.2773,21.9673,-4707.7231,-28635.7266,20.2745,708.5239,0.0009,-0.0006,3.1409,0.7863,3.1416,-4703.3452,-28633.7090,26.5992,-0.0003,-0.0002,1
-4703.1636,-28634.3926,24.9425,-5206.1987,-28132.3418,21.9652,-4703.4297,-28636.5371,16.7351,712.0551,0.0004,-0.0011,-3.1405,0.7863,-3.1416,-4703.3711,-28633.7930,26.2417,-0.0001,-0.0003,1
-4703.1636,-28634.3926,24.9425,-5206.1377,-28132.4043,21.9632,-4699.3633,-28637.0859,27.6400,715.2268,-0.0002,0.0016,-3.1388,0.7863,-3.1415,-4703.2539,-28633.9023,26.2461,0.0001,0.0005,1
-4703.1636,-28634.3926,24.9425,-5206.0776,-28132.4668,21.9615,-4705.1353,-28627.8750,24.2887,704.5380,-0.0007,0.0011,-3.1373,0.7863,-3.1415,-4703.3301,-28633.6914,26.1375,0.0002,0.0003,1
-4703.1636,-28634.3926,24.9425,-5206.0181,-28132.5273,21.9599,-4707.1064,-28634.9707,21.1470,708.0678,0.0007,0.0006,-3.1359,0.7863,-3.1415,-4703.4790,-28633.7207,25.9161,-0.0002,0.0002,1
-4703.1636,-28634.3926,24.9425,-5205.9590,-28132.5879,21.9586,-4702.8115,-28635.7773,18.1256,711.5972,0.0002,0.0001,-3.1348,0.7863,-3.1415,-4703.4839,-28633.7832,25.5807,-0.0000,0.0000,1
-4703.1636,-28634.3926,24.9425,-5205.9009,-28132.6484,21.9576,-4698.7534,-28636.3164,28.1975,714.7781,-0.0004,0.0025,-3.1339,0.7863,-3.1414,-4703.3438,-28633.8672,25.5849,0.0001,0.0007,1
-4703.1636,-28634.3926,24.9425,-5205.8433,-28132.7070,21.9568,-4704.5381,-28627.1152,25.4342,704.0944,-0.0010,0.0020,-3.1333,0.7863,-3.1414,-4703.3955,-28633.6309,25.5023,0.0003,0.0006,1
-4703.1636,-28634.3926,24.9425,-5205.7861,-28132.7656,21.9563,-4704.7163,-28634.4609,19.6100,709.0632,0.0002,0.0007,-3.1328,0.7863,-3.1414,-4703.4551,-28633.6426,25.2179,-0.0001,0.0002,1
-4703.1636,-28634.3926,24.9425,-5205.7300,-28132.8242,21.9560,-4702.2002,-28635.0137,20.4830,711.1501,-0.0001,0.0010,-3.1325,0.7863,-3.1414,-4703.4287,-28633.6738,24.9557,0.0000,0.0003,1
-4703.1636,-28634.3926,24.9425,-5205.6748,-28132.8809,21.9559,-4698.1460,-28635.5469,28.7434,714.3466,-0.0006,0.0028,-3.1325,0.7863,-3.1414,-4703.2568,-28633.7285,24.9777,0.0002,0.0009,1
-4703.1636,-28634.3926,24.9425,-5205.6201,-28132.9375,21.9560,-4710.1841,-28632.6191,26.4770,703.6678,0.0008,0.0023,-3.1325,0.7863,-3.1414,-4703.4976,-28633.6855,24.9348,-0.0002,0.0007,1
-4703.1636,-28634.3926,24.9425,-5205.5659,-28132.9941,21.9562,-4705.8940,-28633.4473,24.4029,707.1943,0.0003,0.0018,-3.1327,0.7863,-3.1414,-4703.6011,-28633.6680,24.8263,-0.0001,0.0005,1
-4703.1636,-28634.3926,24.9425,-5205.5122,-28133.0488,21.9566,-4701.5972,-28634.2461,22.3783,710.7203,-0.0003,0.0013,-3.1330,0.7863,-3.1414,-4703.5576,-28633.6797,24.6498,0.0001,0.0004,1
-4703.1636,-28634.3926,24.9425,-5205.4595,-28133.1035,21.9570,-4697.5386,-28634.7793,29.0478,713.9323,-0.0008,0.0028,-3.1334,0.7863,-3.1414,-4703.3662,-28633.7109,24.7063,0.0003,0.0008,1
-4703.1636,-28634.3926,24.9425,-5205.4072,-28133.1582,21.9575,-4709.5781,-28631.8672,27.0230,703.2583,0.0006,0.0023,-3.1338,0.7863,-3.1414,-4703.5859,-28633.6426,24.7074,-0.0002,0.0007,1
-4703.1636,-28634.3926,24.9425,-5205.3550,-28133.2109,21.9581,-4705.2905,-28632.6875,25.1318,706.7833,0.0001,0.0018,-3.1342,0.7863,-3.1414,-4703.6665,-28633.5996,24.6502,-0.0000,0.0005,1
-4703.1636,-28634.3926,24.9425,-5205.3037,-28133.2637,21.9586,-4700.9966,-28633.4785,23.2273,710.3077,-0.0005,0.0013,-3.1347,0.7863,-3.1415,-4703.5986,-28633.5840,24.5303,0.0001,0.0004,1
-4703.1636,-28634.3926,24.9425,-5205.2529,-28133.3164,21.9592,-4703.2627,-28640.3613,29.0897,713.5324,0.0009,0.0025,-3.1351,0.7863,-3.1415,-4703.6030,-28633.8086,24.6164,-0.0003,0.0007,1
-4703.1636,-28634.3926,24.9425,-5205.2026,-28133.3691,21.9597,-4708.9707,-28631.1172,27.0715,702.8629,0.0004,0.0020,-3.1355,0.7863,-3.1415,-4703.8091,-28633.7227,24.6464,-0.0001,0.0006,1
-4703.1636,-28634.3926,24.9425,-5205.1523,-28133.4199,21.9601,-4704.6865,-28631.9297,25.1422,706.3862,-0.0002,0.0015,-3.1359,0.7863,-3.1415,-4703.8735,-28633.6602,24.6159,0.0000,0.0004,1
-4703.1636,-28634.3926,24.9425,-5205.1030,-28133.4707,21.9605,-4700.3950,-28632.7148,23.1637,709.9093,-0.0007,0.0010,-3.1363,0.7863,-3.1415,-4703.7866,-28633.6211,24.5190,0.0002,0.0003,1
-4703.1636,-28634.3926,24.9425,-5205.0537,-28133.5215,21.9609,-4702.6436,-28639.6035,28.9717,713.1433,0.0007,0.0022,-3.1366,0.7863,-3.1415,-4703.7705,-28633.8242,24.6251,-0.0002,0.0007,1
-4703.1636,-28634.3926,24.9425,-5205.0049,-28133.5723,21.9612,-4708.3638,-28630.3691,26.8346,702.4781,0.0002,0.0017,-3.1368,0.7863,-3.1415,-4703.9531,-28633.7129,24.6694,-0.0001,0.0005,1
-4703.1636,-28634.3926,24.9425,-5204.9561,-28133.6230,21.9614,-4704.0815,-28631.1758,24.7705,706.0001,-0.0004,0.0012,-3.1370,0.7863,-3.1415,-4703.9927,-28633.6230,24.6467,0.0001,0.0004,1
-4703.1636,-28634.3926,24.9425,-5204.9082,-28133.6719,21.9615,-4699.7939,-28631.9531,22.6501,709.5217,-0.0009,0.0007,-3.1371,0.7863,-3.1415,-4703.8794,-28633.5547,24.5508,0.0003,0.0002,1
-4703.1636,-28634.3926,24.9425,-5204.8604,-28133.7227,21.9616,-4702.0264,-28638.8477,28.8156,712.7628,0.0005,0.0021,-3.1372,0.7863,-3.1415,-4703.8345,-28633.7266,24.6684,-0.0002,0.0006,1
-4703.1636,-28634.3926,24.9425,-5204.8130,-28133.7715,21.9617,-4707.7583,-28629.6250,26.5476,702.1018,-0.0000,0.0016,-3.1373,0.7863,-3.1415,-4703.9878,-28633.5840,24.7181,0.0000,0.0005,1
-4703.1636,-28634.3926,24.9425,-5204.7656,-28133.8203,21.9617,-4703.4790,-28630.4219,24.3574,705.6224,-0.0006,0.0011,-3.1373,0.7863,-3.1415,-4703.9966,-28633.4629,24.6949,0.0002,0.0003,1
-4703.1636,-28634.3926,24.9425,-5204.7188,-28133.8672,21.9617,-4705.4829,-28637.5039,22.1217,709.1426,0.0008,0.0006,-3.1373,0.7863,-3.1415,-4704.0737,-28633.5840,24.5927,-0.0003,0.0002,1
-4703.1636,-28634.3926,24.9425,-5204.6724,-28133.9160,21.9616,-4701.4106,-28638.0898,28.7017,712.3902,0.0003,0.0021,-3.1372,0.7863,-3.1415,-4704.0098,-28633.7344,24.7167,-0.0001,0.0006,1
-4703.1636,-28634.3926,24.9425,-5204.6265,-28133.9629,21.9615,-4707.1548,-28628.8770,26.3545,701.7333,-0.0003,0.0016,-3.1372,0.7863,-3.1415,-4704.1416,-28633.5703,24.7691,0.0001,0.0005,1
-4703.1636,-28634.3926,24.9425,-5204.5806,-28134.0098,21.9614,-4702.1162,-28634.4434,27.6289,709.1742,-0.0002,0.0019,-3.1371,0.7863,-3.1415,-4704.1006,-28633.5938,24.8697,0.0001,0.0006,1
-4703.1636,-28634.3926,24.9425,-5204.5356,-28134.0566,21.9613,-4704.7070,-28627.3926,28.4483,702.3121,-0.0009,0.0021,-3.1370,0.7863,-3.1415,-4704.1455,-28633.3672,25.0065,0.0003,0.0006,1
-4703.1636,-28634.3926,24.9425,-5204.4907,-28134.1035,21.9612,-4700.7979,-28637.3320,28.6534,712.0256,0.0001,0.0021,-3.1369,0.7863,-3.1415,-4704.0532,-28633.4805,25.1562,-0.0000,0.0006,1
-4703.1636,-28634.3926,24.9425,-5204.4458,-28134.1484,21.9611,-4696.4941,-28638.1074,26.3661,715.5432,-0.0005,0.0016,-3.1368,0.7863,-3.1415,-4703.8022,-28633.6289,25.2322,0.0001,0.0005,1
-4703.1636,-28634.3926,24.9425,-5204.4019,-28134.1953,21.9610,-4708.5361,-28635.1836,24.0270,704.8906,0.0010,0.0011,-3.1367,0.7863,-3.1415,-4703.9580,-28633.6875,25.2268,-0.0003,0.0003,1
-4703.1636,-28634.3926,24.9425,-5204.3579,-28134.2402,21.9609,-4704.2656,-28635.9902,21.7479,708.4082,0.0004,0.0006,-3.1366,0.7863,-3.1415,-4703.9727,-28633.7773,25.1367,-0.0001,0.0002,1
-4703.1636,-28634.3926,24.9425,-5204.3145,-28134.2852,21.9608,-4700.1865,-28636.5742,28.6541,711.6696,-0.0001,0.0022,-3.1366,0.7863,-3.1415,-4703.8447,-28633.8906,25.2807,0.0000,0.0007,1
-4703.1636,-28634.3926,24.9425,-5204.2715,-28134.3301,21.9607,-4695.8857,-28637.3438,26.3907,715.1859,-0.0007,0.0017,-3.1365,0.7863,-3.1415,-4703.5586,-28634.0371,25.3515,0.0002,0.0005,1
-4703.1636,-28634.3926,24.9425,-5204.2285,-28134.3730,21.9606,-4707.9272,-28634.4316,24.0801,704.5372,0.0007,0.0012,-3.1364,0.7863,-3.1415,-4703.6792,-28634.0879,25.3418,-0.0002,0.0004,1
-4703.1636,-28634.3926,24.9425,-5204.1865,-28134.4180,21.9606,-4703.6597,-28635.2324,21.8340,708.0535,0.0002,0.0007,-3.1364,0.7863,-3.1415,-4703.6592,-28634.1660,25.2485,-0.0001,0.0002,1
-4703.1636,-28634.3926,24.9425,-5204.1445,-28134.4609,21.9606,-4699.5767,-28635.8145,28.6740,711.3224,-0.0004,0.0022,-3.1364,0.7863,-3.1415,-4703.4971,-28634.2656,25.3870,0.0001,0.0007,1
-4703.1636,-28634.3926,24.9425,-5204.1025,-28134.5039,21.9605,-4695.2778,-28636.5781,26.4462,714.8375,-0.0009,0.0017,-3.1364,0.7863,-3.1415,-4703.1768,-28634.3926,25.4536,0.0003,0.0005,1
-4703.1636,-28634.3926,24.9425,-5204.0615,-28134.5469,21.9605,-4707.3208,-28633.6816,24.1691,704.1925,0.0005,0.0012,-3.1364,0.7863,-3.1415,-4703.2642,-28634.4199,25.4407,-0.0002,0.0004,1
-4703.1636,-28634.3926,24.9425,-5204.0205,-28134.5879,21.9605,-4703.0547,-28634.4746,21.9560,707.7076,-0.0000,0.0007,-3.1364,0.7863,-3.1415,-4703.2119,-28634.4707,25.3455,0.0000,0.0002,1
-4703.1636,-28634.3926,24.9425,-5203.9800,-28134.6289,21.9606,-4698.9683,-28635.0547,28.6889,710.9840,-0.0006,0.0022,-3.1364,0.7863,-3.1415,-4703.0176,-28634.5410,25.4787,0.0002,0.0007,1
-4703.1636,-28634.3926,24.9425,-5203.9399,-28134.6719,21.9606,-4701.0098,-28642.1719,26.4871,714.4978,0.0009,0.0017,-3.1364,0.7863,-3.1415,-4702.8887,-28634.8594,25.5407,-0.0003,0.0005,1
-4703.1636,-28634.3926,24.9425,-5203.9004,-28134.7129,21.9606,-4706.7153,-28632.9316,24.2324,703.8565,0.0003,0.0012,-3.1364,0.7863,-3.1415,-4702.9600,-28634.8672,25.5240,-0.0001,0.0004,1
-4703.1636,-28634.3926,24.9425,-5203.8608,-28134.7539,21.9607,-4702.0601,-28631.3867,28.6785,706.0328,-0.0007,0.0022,-3.1365,0.7863,-3.1415,-4702.8774,-28634.8125,25.6606,0.0002,0.0007,1
-4703.1636,-28634.3926,24.9425,-5203.8218,-28134.7930,21.9607,-4698.3613,-28634.2969,28.6884,710.6541,-0.0008,0.0022,-3.1365,0.7863,-3.1415,-4702.6655,-28634.8496,25.8025,0.0002,0.0007,1
-4703.1636,-28634.3926,24.9425,-5203.7832,-28134.8340,21.9607,-4700.3931,-28641.4102,26.4974,714.1668,0.0006,0.0017,-3.1365,0.7863,-3.1415,-4702.5181,-28635.1309,25.8720,-0.0002,0.0005,1
-4703.1636,-28634.3926,24.9425,-5203.7446,-28134.8730,21.9608,-4706.1113,-28632.1797,24.2493,703.5289,0.0001,0.0012,-3.1366,0.7863,-3.1415,-4702.5713,-28635.1016,25.8612,-0.0000,0.0004,1
-4703.1636,-28634.3926,24.9425,-5203.7065,-28134.9121,21.9608,-4701.8491,-28632.9590,22.0588,707.0416,-0.0005,0.0007,-3.1366,0.7863,-3.1415,-4702.4844,-28635.0879,25.7674,0.0001,0.0002,1
-4703.1636,-28634.3926,24.9425,-5203.6685,-28134.9512,21.9609,-4704.0601,-28639.8555,28.6732,710.3321,0.0010,0.0022,-3.1366,0.7863,-3.1415,-4702.4771,-28635.3125,25.8968,-0.0003,0.0007,1
-4703.1636,-28634.3926,24.9425,-5203.6313,-28134.9902,21.9609,-4699.7778,-28640.6504,26.4807,713.8437,0.0004,0.0017,-3.1367,0.7863,-3.1415,-4702.3262,-28635.5684,25.9540,-0.0001,0.0005,1
-4703.1636,-28634.3926,24.9425,-5203.5942,-28135.0273,21.9609,-4699.5020,-28634.4453,25.6726,709.6021,-0.0006,0.0015,-3.1367,0.7863,-3.1415,-4702.1616,-28635.6172,25.9822,0.0002,0.0004,1
-4703.1636,-28634.3926,24.9425,-5203.5571,-28135.0664,21.9610,-4701.2476,-28632.2012,22.0327,706.7207,-0.0007,0.0007,-3.1367,0.7863,-3.1415,-4702.0557,-28635.5781,25.8791,0.0002,0.0002,1
-4703.1636,-28634.3926,24.9425,-5203.5205,-28135.1035,21.9610,-4703.4443,-28639.1016,28.6516,710.0176,0.0008,0.0021,-3.1367,0.7863,-3.1415,-4702.0288,-28635.7734,25.9995,-0.0002,0.0006,1
-4703.1636,-28634.3926,24.9425,-5203.4844,-28135.1406,21.9610,-4699.1631,-28639.8887,26.4516,713.5282,0.0002,0.0016,-3.1368,0.7863,-3.1415,-4701.8584,-28635.9980,26.0471,-0.0001,0.0005,1
-4703.1636,-28634.3926,24.9425,-5203.4487,-28135.1777,21.9610,-4704.9062,-28630.6777,24.1927,702.8968,-0.0003,0.0011,-3.1368,0.7863,-3.1415,-4701.8877,-28635.9023,26.0140,0.0001,0.0003,1
-4703.1636,-28634.3926,24.9425,-5203.4131,-28135.2148,21.9610,-4700.6479,-28631.4414,21.9888,706.4073,-0.0009,0.0006,-3.1368,0.7863,-3.1415,-4701.7769,-28635.8184,25.8977,0.0003,0.0002,1
-4703.1636,-28634.3926,24.9425,-5203.3779,-28135.2520,21.9610,-4702.8301,-28638.3477,28.6296,709.7103,0.0005,0.0021,-3.1368,0.7863,-3.1415,-4701.7432,-28635.9648,26.0059,-0.0002,0.0006,1
-4703.1636,-28634.3926,24.9425,-5203.3428,-28135.2871,21.9611,-4698.5508,-28639.1270,26.4229,713.2198,-0.0000,0.0016,-3.1368,0.7863,-3.1415,-4701.5654,-28636.1426,26.0416,0.0000,0.0005,1
-4703.1636,-28634.3926,24.9425,-5203.3081,-28135.3242,21.9611,-4704.3062,-28629.9277,24.1585,702.5915,-0.0006,0.0011,-3.1368,0.7863,-3.1415,-4701.5869,-28635.9961,25.9969,0.0002,0.0003,1
-4703.1636,-28634.3926,24.9425,-5203.2734,-28135.3594,21.9611,-4706.3130,-28636.9688,21.9490,706.1011,0.0009,0.0006,-3.1368,0.7863,-3.1415,-4701.6885,-28636.0840,25.8690,-0.0003,0.0002,1
-4703.1636,-28634.3926,24.9425,-5203.2393,-28135.3945,21.9611,-4702.2163,-28637.5938,28.6109,709.4100,0.0003,0.0021,-3.1368,0.7863,-3.1415,-4701.6587,-28636.1934,25.9671,-0.0001,0.0006,1
-4703.1636,-28634.3926,24.9425,-5203.2056,-28135.4297,21.9611,-4697.9385,-28638.3672,26.4012,712.9185,-0.0002,0.0016,-3.1368,0.7863,-3.1415,-4701.4824,-28636.3301,25.9931,0.0001,0.0005,1
-4703.1636,-28634.3926,24.9425,-5203.1719,-28135.4629,21.9611,-4706.3315,-28630.2227,25.8638,701.1752,-0.0002,0.0015,-3.1368,0.7863,-3.1415,-4701.5972,-28636.1777,26.0005,0.0001,0.0005,1
-4703.1636,-28634.3926,24.9425,-5203.1387,-28135.4980,21.9611,-4705.7041,-28636.2148,21.9243,705.8018,0.0007,0.0006,-3.1368,0.7863,-3.1415,-4701.7021,-28636.2246,25.8676,-0.0002,0.0002,1
-4703.1636,-28634.3926,24.9425,-5203.1060,-28135.5312,21.9611,-4701.6050,-28636.8379,28.5961,709.1163,0.0001,0.0021,-3.1368,0.7863,-3.1415,-4701.6729,-28636.2910,25.9611,-0.0000,0.0006,1
-4703.1636,-28634.3926,24.9425,-5203.0732,-28135.5664,21.9611,-4697.3286,-28637.6055,26.3867,712.6240,-0.0004,0.0016,-3.1368,0.7863,-3.1415,-4701.4946,-28636.3828,25.9828,0.0001,0.0005,1
-4703.1636,-28634.3926,24.9425,-5203.0405,-28135.5996,21.9611,-4703.1084,-28628.4219,24.1220,702.0016,-0.0010,0.0011,-3.1368,0.7863,-3.1415,-4701.5117,-28636.1484,25.9245,0.0003,0.0003,1
-4703.1636,-28634.3926,24.9425,-5203.0083,-28135.6328,21.9611,-4705.0967,-28635.4629,21.9128,705.5092,0.0004,0.0006,-3.1369,0.7863,-3.1415,-4701.6045,-28636.1465,25.7839,-0.0001,0.0002,1
-4703.1636,-28634.3926,24.9425,-5202.9766,-28135.6660,21.9611,-4700.9941,-28636.0840,28.5837,708.8293,-0.0001,0.0021,-3.1369,0.7863,-3.1415,-4701.5615,-28636.1621,25.8705,0.0000,0.0006,1
-4703.1636,-28634.3926,24.9425,-5202.9448,-28135.6973,21.9611,-4696.7192,-28636.8418,26.3766,712.3359,-0.0007,0.0016,-3.1369,0.7863,-3.1415,-4701.3682,-28636.2051,25.8857,0.0002,0.0005,1
-4703.1636,-28634.3926,24.9425,-5202.9136,-28135.7305,21.9611,-4708.7329,-28633.9199,24.1141,701.7164,0.0008,0.0011,-3.1369,0.7863,-3.1415,-4701.5913,-28636.1445,25.8218,-0.0002,0.0003,1
-4703.1636,-28634.3926,24.9425,-5202.8828,-28135.7617,21.9611,-4699.6914,-28633.6797,28.8209,707.9266,-0.0007,0.0022,-3.1369,0.7863,-3.1415,-4701.5107,-28636.0703,25.9209,0.0002,0.0007,1
-4703.1636,-28634.3926,24.9425,-5202.8516,-28135.7949,21.9611,-4700.3848,-28635.3281,28.5719,708.5486,-0.0003,0.0021,-3.1369,0.7863,-3.1415,-4701.4512,-28636.0469,26.0179,0.0001,0.0006,1
-4703.1636,-28634.3926,24.9425,-5202.8213,-28135.8262,21.9611,-4696.1113,-28636.0801,26.3673,712.0543,-0.0009,0.0016,-3.1369,0.7863,-3.1415,-4701.2402,-28636.0488,26.0426,0.0003,0.0005,1
-4703.1636,-28634.3926,24.9425,-5202.7910,-28135.8574,21.9611,-4703.1924,-28640.7559,23.4578,710.2950,0.0010,0.0010,-3.1369,0.7863,-3.1415,-4701.2681,-28636.2168,25.9651,-0.0003,0.0003,1
-4703.1636,-28634.3926,24.9425,-5202.7607,-28135.8887,21.9611,-4703.8853,-28633.9551,21.9040,704.9433,0.0000,0.0006,-3.1369,0.7863,-3.1415,-4701.3267,-28636.1543,25.8256,-0.0000,0.0002,1
-4703.1636,-28634.3926,24.9425,-5202.7310,-28135.9180,21.9611,-4699.7769,-28634.5723,28.5595,708.2741,-0.0005,0.0021,-3.1369,0.7863,-3.1415,-4701.2476,-28636.1074,25.9127,0.0002,0.0006,1
-4703.1636,-28634.3926,24.9425,-5202.7017,-28135.9492,21.9611,-4701.8198,-28641.6523,26.3564,711.7791,0.0009,0.0016,-3.1369,0.7863,-3.1415,-4701.2383,-28636.3066,25.9282,-0.0003,0.0005,1
-4703.1636,-28634.3926,24.9425,-5202.6724,-28135.9785,21.9612,-4707.5215,-28632.4238,24.0989,701.1648,0.0003,0.0011,-3.1369,0.7863,-3.1415,-4701.4351,-28636.1895,25.8645,-0.0001,0.0003,1
-4703.1636,-28634.3926,24.9425,-5202.6436,-28136.0098,21.9611,-4703.3555,-28633.2754,21.8434,704.6697,-0.0002,0.0006,-3.1369,0.7861,-3.1415,-4701.4980,-28636.0957,25.7170,0.0001,0.0002,1
-4703.1636,-28634.3926,24.9425,-5202.6157,-28136.0391,21.9610,-4709.4922,-28633.4375,22.7028,700.4090,0.0007,0.0008,-3.1367,0.7857,-3.1416,-4701.7847,-28636.0000,25.5909,-0.0002,0.0002,1
-4703.1636,-28634.3926,24.9425,-5202.5889,-28136.0664,21.9608,-4701.6157,-28641.3027,26.0275,711.5100,0.0006,0.0016,-3.1365,0.7851,3.1416,-4701.8081,-28636.1758,25.5776,-0.0002,0.0005,1
-4703.1636,-28634.3926,24.9425,-5202.5625,-28136.0938,21.9605,-4707.7432,-28632.4961,23.5545,700.8984,0.0001,0.0011,-3.1363,0.7843,3.1415,-4702.0479,-28636.0527,25.4787,-0.0000,0.0003,1
-4703.1636,-28634.3926,24.9425,-5202.5376,-28136.1211,21.9602,-4704.0278,-28633.7891,21.1108,704.4024,-0.0005,0.0006,-3.1360,0.7832,3.1414,-4702.1660,-28635.9668,25.2903,0.0001,0.0002,1
-4703.1636,-28634.3926,24.9425,-5202.5127,-28136.1484,21.9599,-4699.0557,-28633.5547,28.2911,707.7513,-0.0015,0.0023,-3.1357,0.7820,3.1414,-4702.1104,-28635.8691,25.3484,0.0005,0.0007,1
-4703.1636,-28634.3926,24.9425,-5202.4893,-28136.1738,21.9595,-4701.7817,-28641.3145,25.8602,711.2546,-0.0001,0.0018,-3.1354,0.7806,3.1413,-4702.1416,-28636.0391,25.3294,0.0000,0.0005,1
-4703.1636,-28634.3926,24.9425,-5202.4663,-28136.1992,21.9592,-4708.1982,-28632.7949,23.4368,700.6453,-0.0006,0.0013,-3.1352,0.7792,3.1413,-4702.3989,-28635.9219,25.2271,0.0002,0.0004,1
-4703.1636,-28634.3926,24.9425,-5202.4434,-28136.2246,21.9590,-4704.6631,-28634.2637,21.1342,704.1485,-0.0012,0.0008,-3.1351,0.7778,3.1413,-4702.5410,-28635.8496,25.0410,0.0003,0.0002,1
-4703.1636,-28634.3926,24.9425,-5202.4214,-28136.2500,21.9589,-4704.7930,-28639.1484,28.4974,707.5121,-0.0006,0.0024,-3.1350,0.7765,3.1413,-4702.6890,-28635.9473,25.1088,0.0002,0.0007,1
-4703.1636,-28634.3926,24.9425,-5202.3994,-28136.2734,21.9589,-4701.1812,-28640.5664,26.3404,711.0146,-0.0011,0.0019,-3.1351,0.7752,3.1413,-4702.7109,-28636.1035,25.1104,0.0003,0.0006,1
-4703.1636,-28634.3926,24.9425,-5202.3779,-28136.2988,21.9589,-4707.5029,-28631.9512,24.1821,700.4074,-0.0017,0.0014,-3.1352,0.7740,3.1414,-4702.9507,-28635.9629,25.0402,0.0005,0.0004,1
-4703.1636,-28634.3926,24.9425,-5202.3564,-28136.3223,21.9591,-4703.8428,-28633.2910,22.1212,703.9100,-0.0022,0.0009,-3.1354,0.7729,3.1414,-4703.0669,-28635.8633,24.8968,0.0007,0.0003,1
-4703.1636,-28634.3926,24.9425,-5202.3354,-28136.3457,21.9594,-4703.8770,-28638.0957,28.6748,707.2823,-0.0016,0.0024,-3.1356,0.7721,3.1414,-4703.1821,-28635.9277,24.9812,0.0005,0.0007,1
-4703.1636,-28634.3926,24.9425,-5202.3149,-28136.3691,21.9597,-4700.1367,-28639.3770,26.6648,710.7842,-0.0021,0.0019,-3.1359,0.7711,3.1415,-4703.1631,-28636.0410,25.0048,0.0006,0.0006,1
-4703.1636,-28634.3926,24.9425,-5202.2944,-28136.3926,21.9600,-4706.3599,-28630.6582,24.6007,700.1790,-0.0027,0.0014,-3.1361,0.7701,3.1415,-4703.3540,-28635.8535,24.9609,0.0008,0.0004,1
-4703.1636,-28634.3926,24.9425,-5202.2739,-28136.4160,21.9603,-4708.7173,-28637.9863,22.5999,703.6809,-0.0013,0.0009,-3.1364,0.7695,3.1415,-4703.6309,-28635.9160,24.8466,0.0004,0.0003,1
-4703.1636,-28634.3926,24.9425,-5202.2539,-28136.4395,21.9607,-4703.3218,-28637.4023,28.6824,707.0590,-0.0024,0.0022,-3.1366,0.7686,3.1416,-4703.7236,-28635.9629,24.9442,0.0007,0.0007,1
-4703.1636,-28634.3926,24.9425,-5202.2339,-28136.4609,21.9610,-4699.3530,-28638.4512,26.6625,710.5607,-0.0029,0.0017,-3.1369,0.7680,3.1416,-4703.6714,-28636.0488,24.9801,0.0009,0.0005,1
-4703.1636,-28634.3926,24.9425,-5202.2139,-28136.4844,21.9613,-4701.3755,-28641.5352,21.8234,711.2753,-0.0022,0.0006,-3.1371,0.7676,3.1416,-4703.6758,-28636.2480,24.8508,0.0006,0.0002,1
-4703.1636,-28634.3926,24.9425,-5202.1943,-28136.5059,21.9615,-4707.4219,-28636.5625,22.5042,703.4587,-0.0020,0.0007,-3.1373,0.7674,3.1416,-4703.8848,-28636.2852,24.7386,0.0006,0.0002,1
-4703.1636,-28634.3926,24.9425,-5202.1748,-28136.5273,21.9617,-4702.4302,-28636.3711,28.5951,706.8401,-0.0029,0.0020,-3.1375,0.7671,-3.1416,-4703.9214,-28636.3145,24.8386,0.0009,0.0006,1
-4703.1636,-28634.3926,24.9425,-5202.1553,-28136.5508,21.9619,-4698.2529,-28637.2031,26.4908,710.3412,-0.0034,0.0015,-3.1376,0.7670,-3.1416,-4703.8037,-28636.3730,24.8739,0.0010,0.0005,1
-4703.1636,-28634.3926,24.9425,-5202.1357,-28136.5723,21.9620,-4704.0239,-28628.0176,24.3043,699.7392,-0.0040,0.0010,-3.1377,0.7670,-3.1416,-4703.8730,-28636.1035,24.8367,0.0012,0.0003,1
-4703.1636,-28634.3926,24.9425,-5202.1167,-28136.5938,21.9621,-4706.1543,-28635.1621,22.1534,703.2403,-0.0026,0.0005,-3.1378,0.7667,-3.1415,-4704.0151,-28636.0703,24.7227,0.0008,0.0002,1
-4703.1636,-28634.3926,24.9425,-5202.0977,-28136.6152,21.9622,-4701.6567,-28635.4570,28.4909,706.6243,-0.0032,0.0020,-3.1378,0.7667,-3.1415,-4704.0005,-28636.0449,24.8284,0.0010,0.0006,1
-4703.1636,-28634.3926,24.9425,-5202.0786,-28136.6367,21.9622,-4697.3203,-28636.1211,26.2999,710.1248,-0.0038,0.0015,-3.1378,0.7669,-3.1415,-4703.8247,-28636.0430,24.8659,0.0011,0.0004,1
-4703.1636,-28634.3926,24.9425,-5202.0596,-28136.6582,21.9622,-4709.3037,-28633.1719,24.0377,699.5245,-0.0023,0.0010,-3.1378,0.7669,-3.1415,-4704.0562,-28635.9355,24.8271,0.0007,0.0003,1
-4703.1636,-28634.3926,24.9425,-5202.0410,-28136.6777,21.9621,-4705.0708,-28633.9375,21.8170,703.0251,-0.0029,0.0005,-3.1378,0.7669,-3.1415,-4704.1465,-28635.8496,24.7082,0.0009,0.0001,1
-4703.1636,-28634.3926,24.9425,-5202.0225,-28136.6992,21.9621,-4706.7544,-28635.4121,22.9722,702.8537,-0.0023,0.0007,-3.1377,0.7672,-3.1415,-4704.2964,-28635.8125,24.6245,0.0007,0.0002,1
-4703.1636,-28634.3926,24.9425,-5202.0039,-28136.7207,21.9620,-4696.4644,-28635.1113,26.1773,709.9114,-0.0040,0.0014,-3.1377,0.7676,-3.1415,-4704.0859,-28635.7637,24.6514,0.0012,0.0004,1
-4703.1636,-28634.3926,24.9425,-5201.9854,-28136.7402,21.9619,-4708.1846,-28631.9160,23.8793,699.3128,-0.0025,0.0009,-3.1376,0.7682,-3.1415,-4704.2700,-28635.6016,24.6018,0.0008,0.0003,1
-4703.1636,-28634.3926,24.9425,-5201.9673,-28136.7617,21.9619,-4699.7109,-28631.8203,23.8194,705.2256,-0.0039,0.0009,-3.1376,0.7684,-3.1415,-4704.1597,-28635.4297,24.5497,0.0012,0.0003,1
-4703.1636,-28634.3926,24.9425,-5201.9492,-28136.7812,21.9618,-4700.2173,-28633.7246,28.3873,706.2016,-0.0034,0.0020,-3.1375,0.7689,-3.1415,-4704.0552,-28635.3203,24.6588,0.0010,0.0006,1
-4703.1636,-28634.3926,24.9425,-5201.9316,-28136.8008,21.9617,-4701.9619,-28640.4824,26.1377,709.7010,-0.0019,0.0015,-3.1374,0.7695,-3.1415,-4704.0024,-28635.4473,24.6976,0.0006,0.0004,1
-4703.1636,-28634.3926,24.9425,-5201.9136,-28136.8223,21.9616,-4707.5391,-28631.1309,23.8424,699.1041,-0.0025,0.0010,-3.1373,0.7697,-3.1414,-4704.1426,-28635.2559,24.6589,0.0008,0.0003,1
-4703.1636,-28634.3926,24.9425,-5201.8960,-28136.8418,21.9616,-4703.1104,-28631.6816,21.6012,702.6036,-0.0031,0.0005,-3.1373,0.7702,-3.1414,-4704.1318,-28635.0762,24.5392,0.0009,0.0001,1
-4703.1636,-28634.3926,24.9425,-5201.8784,-28136.8613,21.9615,-4699.6724,-28633.0332,28.3867,705.9952,-0.0033,0.0020,-3.1372,0.7705,-3.1414,-4703.9956,-28634.9414,24.6542,0.0010,0.0006,1
-4703.1636,-28634.3926,24.9425,-5201.8613,-28136.8809,21.9615,-4701.3530,-28639.7363,26.1543,709.4942,-0.0019,0.0015,-3.1372,0.7712,-3.1414,-4703.9087,-28635.0410,24.6992,0.0006,0.0005,1
-4703.1636,-28634.3926,24.9425,-5201.8442,-28136.9004,21.9614,-4706.8896,-28630.3379,23.8789,698.8989,-0.0024,0.0010,-3.1371,0.7716,-3.1414,-4704.0127,-28634.8203,24.6672,0.0007,0.0003,1
-4703.1636,-28634.3926,24.9425,-5201.8271,-28136.9180,21.9614,-4702.3203,-28630.7383,21.6599,702.3978,-0.0030,0.0005,-3.1371,0.7723,-3.1414,-4703.9600,-28634.6094,24.5547,0.0009,0.0002,1
-4703.1636,-28634.3926,24.9425,-5201.8105,-28136.9375,21.9614,-4698.9116,-28632.1191,28.3960,705.7927,-0.0032,0.0020,-3.1371,0.7729,-3.1414,-4703.7827,-28634.4395,24.6751,0.0010,0.0006,1
-4703.1636,-28634.3926,24.9425,-5201.7935,-28136.9570,21.9614,-4700.7798,-28639.0215,26.1874,709.2912,-0.0018,0.0015,-3.1371,0.7732,-3.1414,-4703.6616,-28634.5137,24.7261,0.0005,0.0005,1
-4703.1636,-28634.3926,24.9425,-5201.7769,-28136.9746,21.9614,-4707.1211,-28629.9531,27.9225,698.3831,-0.0021,0.0019,-3.1371,0.7736,-3.1414,-4703.7598,-28634.2793,24.8433,0.0006,0.0006,1
-4703.1636,-28634.3926,24.9425,-5201.7607,-28136.9922,21.9614,-4701.8047,-28630.0703,21.7356,702.1959,-0.0029,0.0005,-3.1371,0.7742,-3.1414,-4703.6768,-28634.0430,24.7465,0.0009,0.0002,1
-4703.1636,-28634.3926,24.9425,-5201.7441,-28137.0117,21.9614,-4704.5410,-28637.6309,28.3991,705.5940,-0.0011,0.0020,-3.1371,0.7748,-3.1414,-4703.6875,-28634.0703,24.8789,0.0003,0.0006,1
-4703.1636,-28634.3926,24.9425,-5201.7280,-28137.0293,21.9614,-4700.1338,-28638.2324,26.2083,709.0919,-0.0017,0.0015,-3.1371,0.7752,-3.1414,-4703.5454,-28634.1328,24.9412,0.0005,0.0005,1
-4703.1636,-28634.3926,24.9425,-5201.7124,-28137.0469,21.9614,-4705.6611,-28628.8145,23.9676,698.4997,-0.0022,0.0010,-3.1371,0.7756,-3.1414,-4703.5928,-28633.8711,24.9261,0.0007,0.0003,1
-4703.1636,-28634.3926,24.9425,-5201.6963,-28137.0645,21.9614,-4701.1470,-28629.2578,21.7806,701.9976,-0.0028,0.0005,-3.1371,0.7762,-3.1414,-4703.4849,-28633.6191,24.8301,0.0008,0.0002,1
-4703.1636,-28634.3926,24.9425,-5201.6807,-28137.0820,21.9615,-4703.9229,-28636.8750,28.3937,705.3989,-0.0010,0.0020,-3.1371,0.7769,-3.1414,-4703.4717,-28633.6328,24.9615,0.0003,0.0006,1
-4703.1636,-28634.3926,24.9425,-5201.6650,-28137.0996,21.9615,-4699.5122,-28637.4648,26.2088,708.8964,-0.0016,0.0015,-3.1372,0.7772,-3.1414,-4703.3047,-28633.6777,25.0227,0.0005,0.0005,1
-4703.1636,-28634.3926,24.9425,-5201.6494,-28137.1172,21.9615,-4705.0703,-28628.0762,23.9716,698.3056,-0.0021,0.0010,-3.1372,0.7776,-3.1414,-4703.3281,-28633.4023,25.0062,0.0006,0.0003,1
-4703.1636,-28634.3926,24.9425,-5201.6343,-28137.1348,21.9615,-4706.7700,-28634.7695,21.7841,701.8030,-0.0007,0.0005,-3.1372,0.7782,-3.1414,-4703.4170,-28633.3574,24.9087,0.0002,0.0002,1
-4703.1636,-28634.3926,24.9425,-5201.6191,-28137.1504,21.9616,-4703.5356,-28636.3477,28.3801,705.2071,-0.0009,0.0020,-3.1372,0.7785,-3.1413,-4703.3999,-28633.3750,25.0378,0.0003,0.0006,1
-4703.1636,-28634.3926,24.9425,-5201.6040,-28137.1680,21.9616,-4699.1294,-28636.9375,26.1930,708.7040,-0.0015,0.0015,-3.1372,0.7788,-3.1413,-4703.2290,-28633.4238,25.0963,0.0004,0.0005,1
-4703.1636,-28634.3926,24.9425,-5201.5889,-28137.1836,21.9616,-4704.6768,-28627.5332,23.9526,698.1146,-0.0020,0.0010,-3.1372,0.7792,-3.1413,-4703.2461,-28633.1504,25.0768,0.0006,0.0003,1
-4703.1636,-28634.3926,24.9425,-5201.5742,-28137.2012,21.9616,-4696.1577,-28635.1230,22.9058,709.4860,-0.0021,0.0008,-3.1373,0.7798,-3.1414,-4702.9668,-28633.1367,25.0175,0.0006,0.0002,1
-4703.1636,-28634.3926,24.9425,-5201.5596,-28137.2168,21.9616,-4704.3706,-28637.7383,23.1869,705.4904,-0.0003,0.0008,-3.1373,0.7800,-3.1413,-4702.9639,-28633.2246,24.9622,0.0001,0.0002,1
-4703.1636,-28634.3926,24.9425,-5201.5449,-28137.2344,21.9616,-4698.5200,-28636.1816,26.1698,708.5150,-0.0014,0.0015,-3.1373,0.7804,-3.1413,-4702.7593,-28633.2715,25.0080,0.0004,0.0004,1
-4703.1636,-28634.3926,24.9425,-5201.5308,-28137.2500,21.9616,-4704.0840,-28626.7891,23.9247,697.9269,-0.0020,0.0010,-3.1373,0.7808,-3.1413,-4702.7451,-28632.9902,24.9765,0.0006,0.0003,1
-4703.1636,-28634.3926,24.9425,-5201.5161,-28137.2656,21.9616,-4706.0796,-28633.7930,21.7287,701.4235,-0.0006,0.0005,-3.1373,0.7808,-3.1413,-4702.8071,-28632.9512,24.8642,0.0002,0.0001,1
-4703.1636,-28634.3926,24.9425,-5201.5020,-28137.2812,21.9617,-4702.4302,-28634.9609,28.3437,704.8327,-0.0010,0.0020,-3.1373,0.7808,-3.1413,-4702.7495,-28632.9570,24.9798,0.0003,0.0006,1
-4703.1636,-28634.3926,24.9425,-5201.4878,-28137.2969,21.9617,-4698.0410,-28635.5547,26.1469,708.3289,-0.0015,0.0015,-3.1373,0.7811,-3.1413,-4702.5386,-28632.9902,25.0252,0.0005,0.0004,1
-4703.1636,-28634.3926,24.9425,-5201.4736,-28137.3125,21.9617,-4709.8071,-28632.3965,23.8965,697.7421,-0.0001,0.0010,-3.1373,0.7815,-3.1413,-4702.7383,-28632.9219,24.9930,0.0000,0.0003,1
-4703.1636,-28634.3926,24.9425,-5201.4600,-28137.3281,21.9617,-4705.3730,-28632.9434,21.6987,701.2382,-0.0006,0.0005,-3.1373,0.7820,-3.1413,-4702.7979,-28632.8730,24.8796,0.0002,0.0001,1
-4703.1636,-28634.3926,24.9425,-5201.4463,-28137.3438,21.9617,-4706.6328,-28635.6465,25.7471,702.2487,0.0000,0.0014,-3.1373,0.7819,-3.1413,-4702.9097,-28632.9219,24.9033,-0.0000,0.0004,1
-4703.1636,-28634.3926,24.9425,-5201.4326,-28137.3574,21.9617,-4697.4160,-28634.7773,26.1298,708.1456,-0.0016,0.0015,-3.1373,0.7822,-3.1413,-4702.7041,-28632.9492,24.9424,0.0005,0.0004,1
-4703.1636,-28634.3926,24.9425,-5201.4189,-28137.3730,21.9617,-4704.7856,-28630.2695,25.8141,699.7138,-0.0010,0.0014,-3.1373,0.7827,-3.1413,-4702.7485,-28632.8223,24.9736,0.0003,0.0004,1
-4703.1636,-28634.3926,24.9425,-5201.4058,-28137.3887,21.9617,-4702.6699,-28633.7715,29.2397,703.6877,-0.0008,0.0022,-3.1373,0.7827,-3.1413,-4702.7231,-28632.8145,25.1283,0.0002,0.0007,1
-4703.1636,-28634.3926,24.9425,-5201.3921,-28137.4023,21.9617,-4701.2012,-28633.4414,28.3145,704.4699,-0.0011,0.0020,-3.1373,0.7827,-3.1413,-4702.6470,-28632.8008,25.2590,0.0003,0.0006,1
-4703.1636,-28634.3926,24.9425,-5201.3789,-28137.4180,21.9617,-4703.0791,-28640.3105,26.1147,707.9651,0.0003,0.0015,-3.1373,0.7830,-3.1413,-4702.6348,-28633.0312,25.3175,-0.0001,0.0004,1
-4703.1636,-28634.3926,24.9425,-5201.3662,-28137.4316,21.9616,-4708.7944,-28631.1055,23.8668,697.3809,-0.0002,0.0010,-3.1373,0.7830,-3.1413,-4702.8301,-28632.9551,25.2963,0.0001,0.0003,1
-4703.1636,-28634.3926,24.9425,-5201.3530,-28137.4473,21.9616,-4704.5957,-28631.8789,21.6699,700.8762,-0.0008,0.0005,-3.1373,0.7829,-3.1413,-4702.8892,-28632.9023,25.1924,0.0002,0.0001,1
-4703.1636,-28634.3926,24.9425,-5201.3403,-28137.4609,21.9616,-4700.5928,-28632.6875,28.3023,704.2925,-0.0013,0.0020,-3.1373,0.7829,-3.1413,-4702.8101,-28632.8770,25.3154,0.0004,0.0006,1
-4703.1636,-28634.3926,24.9425,-5201.3276,-28137.4746,21.9617,-4702.4565,-28639.5508,26.1040,707.7875,0.0002,0.0015,-3.1373,0.7833,-3.1413,-4702.7920,-28633.0938,25.3663,-0.0001,0.0004,1
-4703.1636,-28634.3926,24.9425,-5201.3149,-28137.4883,21.9617,-4708.0654,-28630.2344,23.8580,697.2044,-0.0004,0.0010,-3.1373,0.7835,-3.1413,-4702.9746,-28632.9961,25.3376,0.0001,0.0003,1
-4703.1636,-28634.3926,24.9425,-5201.3022,-28137.5039,21.9617,-4703.8613,-28630.9961,21.6628,700.6993,-0.0009,0.0005,-3.1373,0.7835,-3.1413,-4703.0176,-28632.9180,25.2264,0.0003,0.0001,1
-4703.1636,-28634.3926,24.9425,-5201.2896,-28137.5176,21.9617,-4699.8613,-28631.8066,28.2907,704.1180,-0.0014,0.0020,-3.1373,0.7837,-3.1413,-4702.9204,-28632.8672,25.3421,0.0004,0.0006,1
-4703.1636,-28634.3926,24.9425,-5201.2773,-28137.5312,21.9617,-4701.8862,-28638.8438,26.0947,707.6125,0.0000,0.0015,-3.1373,0.7837,-3.1413,-4702.8872,-28633.0625,25.3861,-0.0000,0.0004,1
-4703.1636,-28634.3926,24.9425,-5201.2651,-28137.5449,21.9617,-4707.6245,-28629.6543,23.8504,697.0306,-0.0005,0.0010,-3.1373,0.7837,-3.1413,-4703.0571,-28632.9434,25.3507,0.0002,0.0003,1
-4703.1636,-28634.3926,24.9425,-5201.2529,-28137.5566,21.9617,-4703.4229,-28630.4082,21.6566,700.5251,-0.0011,0.0005,-3.1373,0.7837,-3.1413,-4703.0864,-28632.8457,25.2330,0.0003,0.0001,1
-4703.1636,-28634.3926,24.9425,-5201.2412,-28137.5703,21.9617,-4705.4731,-28637.2930,28.2768,703.9460,0.0004,0.0020,-3.1373,0.7840,-3.1413,-4703.1885,-28632.9883,25.3423,-0.0001,0.0006,1
-4703.1636,-28634.3926,24.9425,-5201.2290,-28137.5840,21.9617,-4701.2456,-28638.0625,26.0833,707.4402,-0.0002,0.0015,-3.1373,0.7840,-3.1413,-4703.1450,-28633.1680,25.3801,0.0000,0.0004,1
-4703.1636,-28634.3926,24.9425,-5201.2173,-28137.5977,21.9617,-4706.9961,-28628.8809,23.8406,696.8593,-0.0007,0.0010,-3.1373,0.7839,-3.1413,-4703.3018,-28633.0312,25.3388,0.0002,0.0003,1
-4703.1636,-28634.3926,24.9425,-5201.2056,-28137.6094,21.9617,-4702.7930,-28629.6270,21.6478,700.3535,-0.0013,0.0005,-3.1373,0.7839,-3.1413,-4703.3149,-28632.9102,25.2155,0.0004,0.0001,1
-4703.1636,-28634.3926,24.9425,-5201.1938,-28137.6230,21.9617,-4704.8423,-28636.5273,28.2645,703.7764,0.0002,0.0020,-3.1373,0.7843,-3.1413,-4703.3984,-28633.0293,25.3195,-0.0001,0.0006,1
-4703.1636,-28634.3926,24.9425,-5201.1826,-28137.6348,21.9617,-4700.6138,-28637.2871,26.0718,707.2703,-0.0003,0.0015,-3.1373,0.7843,-3.1413,-4703.3340,-28633.1816,25.3522,0.0001,0.0004,1
-4703.1636,-28634.3926,24.9425,-5201.1709,-28137.6484,21.9617,-4706.3750,-28628.1133,23.8294,696.6905,-0.0009,0.0010,-3.1373,0.7842,-3.1413,-4703.4673,-28633.0176,25.3062,0.0003,0.0003,1
-4703.1636,-28634.3926,24.9425,-5201.1597,-28137.6602,21.9617,-4708.2588,-28634.9629,21.6349,700.1843,0.0006,0.0005,-3.1373,0.7845,-3.1413,-4703.6729,-28633.0859,25.1783,-0.0002,0.0001,1
-4703.1636,-28634.3926,24.9425,-5201.1484,-28137.6738,21.9617,-4704.3828,-28635.9297,28.2518,703.6093,0.0001,0.0020,-3.1373,0.7845,-3.1413,-4703.7485,-28633.1934,25.2781,-0.0000,0.0006,1
-4703.1636,-28634.3926,24.9425,-5201.1372,-28137.6855,21.9617,-4700.1548,-28636.6855,26.0592,707.1028,-0.0005,0.0015,-3.1373,0.7845,-3.1413,-4703.6733,-28633.3320,25.3069,0.0001,0.0004,1
-4703.1636,-28634.3926,24.9425,-5201.1265,-28137.6973,21.9617,-4702.5127,-28630.6348,23.6883,701.1426,-0.0011,0.0009,-3.1373,0.7845,-3.1413,-4703.6714,-28633.2637,25.2531,0.0003,0.0003,1
-4703.1636,-28634.3926,24.9425,-5201.1152,-28137.7090,21.9617,-4707.7803,-28634.3457,21.6227,700.0175,0.0004,0.0005,-3.1374,0.7848,-3.1413,-4703.8525,-28633.3203,25.1217,-0.0001,0.0001,1
-4703.1636,-28634.3926,24.9425,-5201.1045,-28137.7227,21.9617,-4703.7808,-28635.1895,28.2384,703.4444,-0.0001,0.0020,-3.1374,0.7848,-3.1413,-4703.8984,-28633.4082,25.2182,0.0000,0.0006,1
-4703.1636,-28634.3926,24.9425,-5201.0938,-28137.7344,21.9617,-4699.5518,-28635.9375,26.0460,706.9376,-0.0006,0.0015,-3.1374,0.7848,-3.1413,-4703.7920,-28633.5254,25.2441,0.0002,0.0004,1
-4703.1636,-28634.3926,24.9425,-5201.0830,-28137.7461,21.9617,-4695.3174,-28636.6582,23.8315,710.4303,-0.0012,0.0009,-3.1374,0.7848,-3.1413,-4703.5259,-28633.6699,25.1939,0.0004,0.0003,1
-4703.1636,-28634.3926,24.9425,-5201.0728,-28137.7578,21.9617,-4707.3228,-28633.7480,21.6102,699.8530,0.0003,0.0004,-3.1374,0.7848,-3.1413,-4703.6641,-28633.7188,25.0606,-0.0001,0.0001,1
-4703.1636,-28634.3926,24.9425,-5201.0620,-28137.7695,21.9617,-4703.1636,-28634.4297,28.2252,703.2819,-0.0003,0.0019,-3.1374,0.7847,-3.1413,-4703.6621,-28633.7891,25.1556,0.0001,0.0006,1
-4703.1636,-28634.3926,24.9425,-5201.0518,-28137.7812,21.9617,-4698.9360,-28635.1758,26.0328,706.7747,-0.0009,0.0014,-3.1374,0.7847,-3.1413,-4703.5088,-28633.8867,25.1801,0.0003,0.0004,1
-4703.1636,-28634.3926,24.9425,-5201.0415,-28137.7910,21.9617,-4700.8784,-28642.0898,23.8163,710.2670,0.0006,0.0009,-3.1374,0.7850,-3.1413,-4703.4141,-28634.2266,25.1287,-0.0002,0.0003,1
-4703.1636,-28634.3926,24.9425,-5201.0312,-28137.8027,21.9617,-4706.5859,-28632.8711,21.5973,699.6907,0.0000,0.0004,-3.1374,0.7850,-3.1413,-4703.5156,-28634.2559,24.9946,-0.0000,0.0001,1
-4703.1636,-28634.3926,24.9425,-5201.0210,-28137.8145,21.9617,-4702.5532,-28633.6758,28.2125,703.1214,-0.0005,0.0019,-3.1374,0.7850,-3.1413,-4703.4814,-28634.3086,25.0890,0.0001,0.0006,1
-4703.1636,-28634.3926,24.9425,-5201.0107,-28137.8262,21.9617,-4698.3242,-28634.4141,26.0204,706.6139,-0.0010,0.0014,-3.1374,0.7850,-3.1413,-4703.2954,-28634.3809,25.1132,0.0003,0.0004,1
-4703.1636,-28634.3926,24.9425,-5201.0010,-28137.8359,21.9617,-4700.2402,-28641.3145,23.8043,710.1060,0.0004,0.0009,-3.1374,0.7853,-3.1413,-4703.1665,-28634.6953,25.0617,-0.0001,0.0003,1
-4703.1636,-28634.3926,24.9425,-5200.9912,-28137.8477,21.9617,-4705.9600,-28632.1035,21.5860,699.5306,-0.0001,0.0004,-3.1374,0.7853,-3.1413,-4703.2354,-28634.6934,24.9277,0.0000,0.0001,1
-4703.1636,-28634.3926,24.9425,-5200.9814,-28137.8594,21.9618,-4701.9424,-28632.9219,28.1997,702.9630,-0.0007,0.0019,-3.1374,0.7853,-3.1413,-4703.1680,-28634.7129,25.0224,0.0002,0.0006,1
-4703.1636,-28634.3926,24.9425,-5200.9717,-28137.8691,21.9618,-4697.7124,-28633.6504,26.0080,706.4553,-0.0012,0.0014,-3.1374,0.7853,-3.1413,-4702.9497,-28634.7500,25.0471,0.0004,0.0004,1
-4703.1636,-28634.3926,24.9425,-5200.9619,-28137.8789,21.9618,-4699.7554,-28640.6895,23.7925,709.9470,0.0002,0.0009,-3.1374,0.7853,-3.1413,-4702.7939,-28635.0293,24.9963,-0.0001,0.0003,1
-4703.1636,-28634.3926,24.9425,-5200.9521,-28137.8906,21.9618,-4705.4878,-28631.4883,21.5747,699.3725,-0.0003,0.0004,-3.1374,0.7853,-3.1413,-4702.8364,-28634.9902,24.8632,0.0001,0.0001,1
-4703.1636,-28634.3926,24.9425,-5200.9429,-28137.9004,21.9618,-4701.3384,-28632.1699,28.1868,702.8067,-0.0009,0.0019,-3.1374,0.7853,-3.1413,-4702.7393,-28634.9668,24.9590,0.0003,0.0006,1
-4703.1636,-28634.3926,24.9425,-5200.9336,-28137.9121,21.9618,-4703.2485,-28639.0684,25.9936,706.2986,0.0006,0.0014,-3.1374,0.7855,-3.1413,-4702.7090,-28635.1758,24.9848,-0.0002,0.0004,1
-4703.1636,-28634.3926,24.9425,-5200.9243,-28137.9219,21.9618,-4699.0195,-28639.8125,23.7803,709.7901,0.0000,0.0009,-3.1374,0.7855,-3.1413,-4702.5327,-28635.4180,24.9354,-0.0000,0.0003,1
-4703.1636,-28634.3926,24.9425,-5200.9150,-28137.9316,21.9618,-4704.7651,-28630.6191,21.5633,699.2164,-0.0005,0.0004,-3.1374,0.7855,-3.1413,-4702.5547,-28635.3379,24.8037,0.0002,0.0001,1
-4703.1636,-28634.3926,24.9425,-5200.9058,-28137.9414,21.9618,-4709.5728,-28632.4531,23.5181,697.1000,0.0005,0.0009,-3.1374,0.7855,-3.1413,-4702.7573,-28635.3105,24.7351,-0.0002,0.0003,1
-4703.1636,-28634.3926,24.9425,-5200.8970,-28137.9512,21.9618,-4702.6040,-28638.2852,25.9813,706.1439,0.0004,0.0014,-3.1374,0.7858,-3.1413,-4702.7271,-28635.4785,24.7525,-0.0001,0.0004,1
-4703.1636,-28634.3926,24.9425,-5200.8877,-28137.9629,21.9618,-4705.9551,-28636.7246,21.5407,702.6519,0.0007,0.0004,-3.1374,0.7858,-3.1413,-4702.8174,-28635.5977,24.6162,-0.0002,0.0001,1
-4703.1636,-28634.3926,24.9425,-5200.8789,-28137.9727,21.9618,-4704.1313,-28629.8379,21.5521,699.0623,-0.0007,0.0004,-3.1374,0.7858,-3.1413,-4702.8511,-28635.4668,24.4738,0.0002,0.0001,1
-4703.1636,-28634.3926,24.9425,-5200.8701,-28137.9824,21.9618,-4706.3462,-28636.9043,28.1598,702.4998,0.0008,0.0019,-3.1374,0.7858,-3.1413,-4702.9673,-28635.5742,24.5621,-0.0002,0.0006,1
-4703.1636,-28634.3926,24.9425,-5200.8613,-28137.9922,21.9618,-4702.1240,-28637.6680,25.9693,705.9912,0.0002,0.0014,-3.1374,0.7858,-3.1413,-4702.9409,-28635.7070,24.5822,-0.0001,0.0004,1
-4703.1636,-28634.3926,24.9425,-5200.8525,-28138.0000,21.9618,-4697.8965,-28638.4004,23.7568,709.4821,-0.0003,0.0009,-3.1374,0.7858,-3.1413,-4702.7637,-28635.8691,24.5287,0.0001,0.0003,1
-4703.1636,-28634.3926,24.9425,-5200.8438,-28138.0098,21.9618,-4704.3003,-28628.3887,25.7611,697.8788,-0.0009,0.0014,-3.1374,0.7858,-3.1413,-4702.8022,-28635.6758,24.5459,0.0003,0.0004,1
-4703.1636,-28634.3926,24.9425,-5200.8354,-28138.0195,21.9618,-4705.7324,-28636.1543,28.1468,702.3491,0.0006,0.0019,-3.1374,0.7858,-3.1413,-4702.8955,-28635.7402,24.6518,-0.0002,0.0006,1
-4703.1636,-28634.3926,24.9425,-5200.8267,-28138.0293,21.9618,-4702.9790,-28635.9043,26.4306,704.0919,0.0001,0.0015,-3.1374,0.7858,-3.1413,-4702.8979,-28635.7949,24.7053,-0.0000,0.0005,1
-4703.1636,-28634.3926,24.9425,-5200.8184,-28138.0391,21.9618,-4697.2842,-28637.6426,23.7446,709.3309,-0.0006,0.0009,-3.1374,0.7858,-3.1413,-4702.6997,-28635.9082,24.6680,0.0002,0.0003,1
-4703.1636,-28634.3926,24.9425,-5200.8101,-28138.0488,21.9618,-4703.0674,-28628.4766,21.5294,698.7596,-0.0011,0.0004,-3.1374,0.7858,-3.1413,-4702.6934,-28635.6953,24.5490,0.0003,0.0001,1
-4703.1636,-28634.3926,24.9425,-5200.8018,-28138.0566,21.9618,-4705.1221,-28635.4062,28.1342,702.2001,0.0003,0.0019,-3.1374,0.7858,-3.1413,-4702.7617,-28635.7129,24.6593,-0.0001,0.0006,1
-4703.1636,-28634.3926,24.9425,-5200.7935,-28138.0664,21.9618,-4700.9009,-28636.1602,25.9444,705.6910,-0.0002,0.0014,-3.1374,0.7858,-3.1413,-4702.6865,-28635.7559,24.7000,0.0001,0.0004,1
-4703.1636,-28634.3926,24.9425,-5200.7856,-28138.0742,21.9618,-4696.6743,-28636.8848,23.7326,709.1815,-0.0008,0.0009,-3.1374,0.7858,-3.1413,-4702.4590,-28635.8223,24.6655,0.0002,0.0003,1
-4703.1636,-28634.3926,24.9425,-5200.7773,-28138.0840,21.9618,-4708.6626,-28633.9492,21.5163,698.6110,0.0007,0.0004,-3.1374,0.7858,-3.1413,-4702.6450,-28635.7871,24.5491,-0.0002,0.0001,1
-4703.1636,-28634.3926,24.9425,-5200.7695,-28138.0938,21.9618,-4704.5142,-28634.6621,28.1215,702.0529,0.0001,0.0019,-3.1374,0.7858,-3.1413,-4702.6978,-28635.7715,24.6618,-0.0000,0.0006,1
-4703.1636,-28634.3926,24.9425,-5200.7617,-28138.1016,21.9618,-4700.2930,-28635.4082,25.9320,705.5436,-0.0004,0.0014,-3.1374,0.7858,-3.1413,-4702.6050,-28635.7773,24.7048,0.0001,0.0004,1
-4703.1636,-28634.3926,24.9425,-5200.7539,-28138.1094,21.9618,-4696.0659,-28636.1250,23.7205,709.0338,-0.0010,0.0009,-3.1374,0.7858,-3.1413,-4702.3589,-28635.8086,24.6724,0.0003,0.0003,1
-4703.1636,-28634.3926,24.9425,-5200.7461,-28138.1191,21.9618,-4707.9297,-28633.0801,21.5045,698.4640,0.0005,0.0004,-3.1375,0.7861,-3.1413,-4702.5210,-28635.7305,24.5580,-0.0001,0.0001,1
-4703.1636,-28634.3926,24.9425,-5200.7383,-28138.1270,21.9618,-4703.9321,-28633.9375,28.1088,701.9073,-0.0001,0.0019,-3.1375,0.7861,-3.1413,-4702.5532,-28635.6758,24.6725,0.0000,0.0006,1
-4703.1636,-28634.3926,24.9425,-5200.7305,-28138.1367,21.9618,-4699.7085,-28634.6777,25.9200,705.3977,-0.0006,0.0014,-3.1375,0.7861,-3.1413,-4702.4399,-28635.6445,24.7171,0.0002,0.0004,1
-4703.1636,-28634.3926,24.9425,-5200.7231,-28138.1445,21.9618,-4701.7681,-28641.6992,23.7074,708.8877,0.0008,0.0009,-3.1375,0.7861,-3.1413,-4702.3940,-28635.8574,24.6862,-0.0003,0.0003,1
-4703.1636,-28634.3926,24.9425,-5200.7153,-28138.1523,21.9618,-4707.4727,-28632.4824,21.4938,698.3187,0.0003,0.0004,-3.1375,0.7861,-3.1413,-4702.5518,-28635.7559,24.5731,-0.0001,0.0001,1
-4703.1636,-28634.3926,24.9425,-5200.7080,-28138.1602,21.9618,-4703.3203,-28633.1836,28.0962,701.7632,-0.0003,0.0019,-3.1375,0.7861,-3.1413,-4702.5728,-28635.6738,24.6887,0.0001,0.0006,1
-4703.1636,-28634.3926,24.9425,-5200.7007,-28138.1699,21.9618,-4699.0977,-28633.9199,25.9075,705.2535,-0.0008,0.0014,-3.1375,0.7861,-3.1413,-4702.4458,-28635.6113,24.7343,0.0002,0.0004,1
-4703.1636,-28634.3926,24.9425,-5200.6934,-28138.1777,21.9618,-4703.5010,-28636.8809,28.2368,704.2267,0.0003,0.0019,-3.1375,0.7861,-3.1413,-4702.4678,-28635.6504,24.8651,-0.0001,0.0006,1
-4703.1636,-28634.3926,24.9425,-5200.6860,-28138.1855,21.9618,-4706.8662,-28631.7363,21.4820,698.1749,0.0001,0.0004,-3.1375,0.7861,-3.1413,-4702.6138,-28635.5078,24.7624,-0.0000,0.0001,1
-4703.1636,-28634.3926,24.9425,-5200.6787,-28138.1934,21.9618,-4702.7129,-28632.4336,28.0833,701.6208,-0.0005,0.0019,-3.1375,0.7861,-3.1413,-4702.6211,-28635.3828,24.8872,0.0001,0.0006,1
-4703.1636,-28634.3926,24.9425,-5200.6714,-28138.2012,21.9618,-4698.4902,-28633.1621,25.8950,705.1108,-0.0010,0.0014,-3.1375,0.7861,-3.1413,-4702.4785,-28635.2773,24.9407,0.0003,0.0004,1
-4703.1636,-28634.3926,24.9425,-5200.6646,-28138.2090,21.9618,-4700.5308,-28640.1875,23.6828,708.6003,0.0004,0.0009,-3.1375,0.7861,-3.1413,-4702.3994,-28635.4180,24.9173,-0.0001,0.0003,1
-4703.1636,-28634.3926,24.9425,-5200.6577,-28138.2168,21.9618,-4706.2622,-28630.9883,21.4705,698.0326,-0.0002,0.0004,-3.1375,0.7861,-3.1413,-4702.5215,-28635.2441,24.8103,0.0000,0.0001,1
-4703.1636,-28634.3926,24.9425,-5200.6504,-28138.2246,21.9618,-4702.1074,-28631.6816,28.0707,701.4799,-0.0007,0.0019,-3.1375,0.7861,-3.1413,-4702.5034,-28635.0859,24.9308,0.0002,0.0006,1
-4703.1636,-28634.3926,24.9425,-5200.6436,-28138.2324,21.9618,-4704.1348,-28638.6836,25.8811,704.9695,0.0007,0.0014,-3.1375,0.7861,-3.1413,-4702.5566,-28635.1699,24.9800,-0.0002,0.0004,1
-4703.1636,-28634.3926,24.9425,-5200.6367,-28138.2402,21.9618,-4699.9155,-28639.4316,23.6710,708.4589,0.0002,0.0009,-3.1375,0.7861,-3.1413,-4702.4648,-28635.2910,24.9523,-0.0001,0.0003,1
-4703.1636,-28634.3926,24.9425,-5200.6299,-28138.2480,21.9618,-4705.6597,-28630.2441,21.4593,697.8918,-0.0004,0.0004,-3.1375,0.7861,-3.1413,-4702.5713,-28635.0957,24.8409,0.0001,0.0001,1
-4703.1636,-28634.3926,24.9425,-5200.6230,-28138.2539,21.9618,-4701.5039,-28630.9297,28.0582,701.3403,-0.0009,0.0019,-3.1375,0.7861,-3.1413,-4702.5366,-28634.9141,24.9571,0.0003,0.0006,1
-4703.1636,-28634.3926,24.9425,-5200.6167,-28138.2617,21.9618,-4703.3999,-28637.8125,25.8686,704.8298,0.0005,0.0014,-3.1375,0.7863,-3.1413,-4702.5669,-28634.9707,25.0021,-0.0002,0.0004,1
-4703.1636,-28634.3926,24.9425,-5200.6099,-28138.2695,21.9618,-4699.1772,-28638.5527,23.6588,708.3189,-0.0000,0.0009,-3.1375,0.7863,-3.1413,-4702.4497,-28635.0625,24.9702,0.0000,0.0003,1
-4703.1636,-28634.3926,24.9425,-5200.6035,-28138.2773,21.9619,-4704.9346,-28629.3711,21.4479,697.7524,-0.0006,0.0004,-3.1375,0.7863,-3.1413,-4702.5298,-28634.8340,24.8547,0.0002,0.0001,1
-4703.1636,-28634.3926,24.9425,-5200.5967,-28138.2832,21.9619,-4707.1206,-28636.4160,28.0439,701.2020,0.0009,0.0019,-3.1375,0.7863,-3.1413,-4702.6934,-28634.8496,24.9668,-0.0003,0.0006,1
-4703.1636,-28634.3926,24.9425,-5200.5903,-28138.2910,21.9619,-4702.9058,-28637.1816,25.8566,704.6914,0.0003,0.0014,-3.1375,0.7863,-3.1413,-4702.7163,-28634.8965,25.0078,-0.0001,0.0004,1
-4703.1636,-28634.3926,24.9425,-5200.5840,-28138.2988,21.9619,-4698.6855,-28637.9180,23.6471,708.1803,-0.0002,0.0009,-3.1375,0.7863,-3.1413,-4702.5898,-28634.9746,24.9721,0.0001,0.0003,1
-4703.1636,-28634.3926,24.9425,-5200.5776,-28138.3047,21.9619,-4704.4546,-28628.7422,21.4365,697.6145,-0.0008,0.0004,-3.1375,0.7863,-3.1413,-4702.6587,-28634.7344,24.8529,0.0002,0.0001,1
-4703.1636,-28634.3926,24.9425,-5200.5713,-28138.3125,21.9619,-4706.5063,-28635.6699,28.0311,701.0652,0.0007,0.0019,-3.1375,0.7863,-3.1413,-4702.8047,-28634.7285,24.9615,-0.0002,0.0006,1
-4703.1636,-28634.3926,24.9425,-5200.5649,-28138.3184,21.9619,-4702.2920,-28636.4258,25.8441,704.5543,0.0001,0.0014,-3.1375,0.7863,-3.1413,-4702.8081,-28634.7539,24.9990,-0.0000,0.0004,1
-4703.1636,-28634.3926,24.9425,-5200.5591,-28138.3262,21.9619,-4698.0718,-28637.1582,23.6352,708.0432,-0.0004,0.0009,-3.1375,0.7863,-3.1413,-4702.6602,-28634.8105,24.9600,0.0001,0.0003,1
-4703.1636,-28634.3926,24.9425,-5200.5527,-28138.3320,21.9619,-4703.8535,-28627.9922,21.4251,697.4778,-0.0010,0.0004,-3.1375,0.7863,-3.1413,-4702.7061,-28634.5469,24.8376,0.0003,0.0001,1
-4703.1636,-28634.3926,24.9425,-5200.5469,-28138.3398,21.9619,-4705.8950,-28634.9219,28.0185,700.9297,0.0005,0.0019,-3.1375,0.7863,-3.1413,-4702.8271,-28634.5176,24.9432,-0.0001,0.0006,1
-4703.1636,-28634.3926,24.9425,-5200.5405,-28138.3457,21.9619,-4701.6802,-28635.6738,25.8319,704.4187,-0.0001,0.0014,-3.1375,0.7863,-3.1413,-4702.8047,-28634.5176,24.9779,0.0000,0.0004,1
-4703.1636,-28634.3926,24.9425,-5200.5347,-28138.3516,21.9619,-4700.8496,-28636.8867,26.0937,705.8554,-0.0000,0.0014,-3.1375,0.7863,-3.1413,-4702.7490,-28634.5645,25.0235,0.0000,0.0004,1
-4703.1636,-28634.3926,24.9425,-5200.5288,-28138.3594,21.9619,-4709.4380,-28633.4531,21.4119,697.3425,0.0008,0.0004,-3.1375,0.7863,-3.1413,-4702.9961,-28634.4961,24.9039,-0.0002,0.0001,1
-4703.1636,-28634.3926,24.9425,-5200.5229,-28138.3652,21.9619,-4705.2856,-28634.1738,28.0058,700.7953,0.0002,0.0019,-3.1375,0.7863,-3.1413,-4703.1079,-28634.4531,25.0118,-0.0001,0.0006,1
-4703.1636,-28634.3926,24.9425,-5200.5171,-28138.3711,21.9619,-4701.0708,-28634.9199,25.8195,704.2841,-0.0003,0.0014,-3.1375,0.7863,-3.1413,-4703.0732,-28634.4375,25.0484,0.0001,0.0004,1
-4703.1636,-28634.3926,24.9425,-5200.5112,-28138.3789,21.9619,-4696.8501,-28635.6406,23.6112,707.7726,-0.0009,0.0009,-3.1375,0.7863,-3.1413,-4702.8833,-28634.4492,25.0083,0.0003,0.0003,1
-4703.1636,-28634.3926,24.9425,-5200.5059,-28138.3848,21.9619,-4708.8311,-28632.7090,21.4005,697.2084,0.0006,0.0004,-3.1375,0.7863,-3.1413,-4703.1050,-28634.3613,24.8845,-0.0002,0.0001,1
-4703.1636,-28634.3926,24.9425,-5200.5000,-28138.3906,21.9619,-4704.6777,-28633.4258,27.9935,700.6622,0.0000,0.0019,-3.1375,0.7863,-3.1413,-4703.1899,-28634.2969,24.9884,-0.0000,0.0006,1
-4703.1636,-28634.3926,24.9425,-5200.4941,-28138.3965,21.9619,-4700.4624,-28634.1660,25.8072,704.1509,-0.0005,0.0014,-3.1375,0.7863,-3.1413,-4703.1274,-28634.2578,25.0213,0.0002,0.0004,1
-4703.1636,-28634.3926,24.9425,-5200.4888,-28138.4043,21.9619,-4702.5205,-28641.1777,23.5976,707.6391,0.0009,0.0009,-3.1375,0.7863,-3.1413,-4703.1299,-28634.4688,24.9776,-0.0003,0.0003,1
-4703.1636,-28634.3926,24.9425,-5200.4834,-28138.4102,21.9619,-4708.2256,-28631.9668,21.3892,697.0754,0.0004,0.0004,-3.1375,0.7863,-3.1413,-4703.3345,-28634.3672,24.8505,-0.0001,0.0001,1
-4703.1636,-28634.3926,24.9425,-5200.4775,-28138.4160,21.9619,-4704.0703,-28632.6777,27.9806,700.5303,-0.0002,0.0019,-3.1375,0.7863,-3.1413,-4703.3999,-28634.2891,24.9514,0.0001,0.0006,1
-4703.1636,-28634.3926,24.9425,-5200.4722,-28138.4219,21.9619,-4699.8550,-28633.4141,25.7950,704.0188,-0.0007,0.0014,-3.1375,0.7863,-3.1413,-4703.3149,-28634.2344,24.9815,0.0002,0.0004,1
-4703.1636,-28634.3926,24.9425,-5200.4668,-28138.4277,21.9619,-4701.9028,-28640.4258,23.5855,707.5068,0.0007,0.0009,-3.1375,0.7863,-3.1413,-4703.2935,-28634.4258,24.9352,-0.0002,0.0003,1
-4703.1636,-28634.3926,24.9425,-5200.4614,-28138.4336,21.9619,-4707.6211,-28631.2227,21.3776,696.9437,0.0001,0.0004,-3.1375,0.7863,-3.1413,-4703.4722,-28634.3047,24.8058,-0.0000,0.0001,1
-4703.1636,-28634.3926,24.9425,-5200.4561,-28138.4395,21.9619,-4703.4648,-28631.9297,27.9682,700.3996,-0.0004,0.0019,-3.1375,0.7863,-3.1413,-4703.5098,-28634.2031,24.9046,0.0001,0.0006,1
-4703.1636,-28634.3926,24.9425,-5200.4512,-28138.4453,21.9619,-4699.2495,-28632.6582,25.7827,703.8879,-0.0010,0.0014,-3.1375,0.7863,-3.1413,-4703.3955,-28634.1250,24.9327,0.0003,0.0004,1
-4703.1636,-28634.3926,24.9425,-5200.4458,-28138.4512,21.9619,-4701.2871,-28639.6719,23.5736,707.3758,0.0005,0.0009,-3.1375,0.7863,-3.1413,-4703.3433,-28634.2910,24.8847,-0.0001,0.0003,1
-4703.1636,-28634.3926,24.9425,-5200.4404,-28138.4570,21.9619,-4707.0176,-28630.4766,21.3662,696.8131,-0.0001,0.0004,-3.1375,0.7863,-3.1413,-4703.4897,-28634.1445,24.7539,0.0000,0.0001,1
-4703.1636,-28634.3926,24.9425,-5200.4355,-28138.4629,21.9619,-4702.8608,-28631.1797,27.9556,700.2699,-0.0006,0.0019,-3.1375,0.7863,-3.1413,-4703.4946,-28634.0156,24.8515,0.0002,0.0006,1
-4703.1636,-28634.3926,24.9425,-5200.4302,-28138.4688,21.9619,-4704.8848,-28638.1699,25.7688,703.7581,0.0008,0.0014,-3.1375,0.7863,-3.1413,-4703.5688,-28634.1309,24.8787,-0.0002,0.0004,1
-4703.1636,-28634.3926,24.9425,-5200.4253,-28138.4727,21.9619,-4700.6724,-28638.9180,23.5616,707.2457,0.0003,0.0009,-3.1375,0.7863,-3.1413,-4703.4956,-28634.2812,24.8299,-0.0001,0.0003,1
-4703.1636,-28634.3926,24.9425,-5200.4204,-28138.4785,21.9619,-4706.4160,-28629.7305,21.3551,696.6835,-0.0003,0.0004,-3.1375,0.7863,-3.1413,-4703.6191,-28634.1152,24.6985,0.0001,0.0001,1
-4703.1636,-28634.3926,24.9425,-5200.4155,-28138.4844,21.9619,-4702.2578,-28630.4277,27.9434,700.1412,-0.0008,0.0019,-3.1375,0.7863,-3.1413,-4703.5991,-28633.9668,24.7957,0.0003,0.0006,1
-4703.1636,-28634.3926,24.9425,-5200.4106,-28138.4902,21.9619,-4704.2715,-28637.4219,25.7567,703.6292,0.0006,0.0014,-3.1375,0.7863,-3.1413,-4703.6465,-28634.0605,24.8227,-0.0002,0.0004,1
-4703.1636,-28634.3926,24.9425,-5200.4058,-28138.4961,21.9619,-4704.2939,-28631.8301,25.6040,699.6524,-0.0003,0.0013,-3.1375,0.7863,-3.1413,-4703.6953,-28633.9629,24.8468,0.0001,0.0004,1
-4703.1636,-28634.3926,24.9425,-5200.4009,-28138.5000,21.9619,-4701.3779,-28641.0312,20.9597,708.2101,0.0007,0.0003,-3.1375,0.7863,-3.1413,-4703.6411,-28634.1875,24.7085,-0.0002,0.0001,1
-4703.1636,-28634.3926,24.9425,-5200.3960,-28138.5059,21.9619,-4700.2520,-28641.5762,21.4650,709.3816,0.0006,0.0004,-3.1375,0.7863,-3.1413,-4703.5410,-28634.4473,24.5799,-0.0002,0.0001,1
-4703.1636,-28634.3926,24.9425,-5200.3911,-28138.5117,21.9619,-4703.6592,-28636.6719,25.7444,703.5013,0.0004,0.0014,-3.1375,0.7863,-3.1413,-4703.5527,-28634.5508,24.5962,-0.0001,0.0004,1
-4703.1636,-28634.3926,24.9425,-5200.3867,-28138.5156,21.9619,-4699.4463,-28637.4082,23.5380,706.9888,-0.0002,0.0009,-3.1376,0.7863,-3.1413,-4703.4150,-28634.6816,24.5380,0.0001,0.0003,1
-4703.1636,-28634.3926,24.9425,-5200.3818,-28138.5215,21.9619,-4705.2153,-28628.2383,21.3324,696.4275,-0.0007,0.0004,-3.1376,0.7863,-3.1413,-4703.4736,-28634.4922,24.3988,0.0002,0.0001,1
-4703.1636,-28634.3926,24.9425,-5200.3774,-28138.5273,21.9619,-4707.2568,-28635.1621,27.9165,699.8869,0.0007,0.0019,-3.1376,0.7863,-3.1413,-4703.6084,-28634.5352,24.4896,-0.0002,0.0006,1
-4703.1636,-28634.3926,24.9425,-5200.3726,-28138.5312,21.9619,-4703.0483,-28635.9219,25.7323,703.3746,0.0002,0.0014,-3.1376,0.7863,-3.1413,-4703.6016,-28634.6035,24.5114,-0.0000,0.0004,1
-4703.1636,-28634.3926,24.9425,-5200.3682,-28138.5371,21.9619,-4703.6948,-28631.8535,23.4028,700.0314,-0.0004,0.0008,-3.1376,0.7863,-3.1413,-4703.6157,-28634.5312,24.4541,0.0001,0.0002,1
-4703.1636,-28634.3926,24.9425,-5200.3638,-28138.5410,21.9619,-4704.6167,-28627.4902,21.3211,696.3010,-0.0009,0.0004,-3.1376,0.7863,-3.1413,-4703.6631,-28634.2930,24.3203,0.0003,0.0001,1
-4703.1636,-28634.3926,24.9425,-5200.3594,-28138.5469,21.9619,-4706.6475,-28634.4180,27.9040,699.7611,0.0005,0.0019,-3.1376,0.7863,-3.1413,-4703.7842,-28634.2871,24.4165,-0.0001,0.0006,1
-4703.1636,-28634.3926,24.9425,-5200.3545,-28138.5508,21.9619,-4702.4385,-28635.1699,25.7201,703.2487,-0.0001,0.0013,-3.1376,0.7863,-3.1413,-4703.7607,-28634.3086,24.4438,0.0000,0.0004,1
-4703.1636,-28634.3926,24.9425,-5200.3501,-28138.5566,21.9619,-4698.2246,-28635.8965,23.5143,706.7358,-0.0006,0.0008,-3.1376,0.7863,-3.1413,-4703.5845,-28634.3594,24.3965,0.0002,0.0003,1
-4703.1636,-28634.3926,24.9425,-5200.3457,-28138.5605,21.9619,-4710.1929,-28632.9414,21.3081,696.1754,0.0008,0.0003,-3.1376,0.7863,-3.1413,-4703.8223,-28634.3086,24.2683,-0.0003,0.0001,1
-4703.1636,-28634.3926,24.9425,-5200.3418,-28138.5664,21.9619,-4706.0391,-28633.6719,27.8915,699.6364,0.0003,0.0018,-3.1376,0.7863,-3.1413,-4703.9243,-28634.2793,24.3700,-0.0001,0.0006,1
-4703.1636,-28634.3926,24.9425,-5200.3374,-28138.5703,21.9619,-4701.8301,-28634.4199,25.7079,703.1238,-0.0003,0.0013,-3.1376,0.7863,-3.1413,-4703.8809,-28634.2773,24.4026,0.0001,0.0004,1
-4703.1636,-28634.3926,24.9425,-5200.3330,-28138.5762,21.9619,-4697.6152,-28635.1406,23.5024,706.6108,-0.0008,0.0008,-3.1376,0.7863,-3.1413,-4703.6821,-28634.3008,24.3606,0.0002,0.0003,1
-4703.1636,-28634.3926,24.9425,-5200.3291,-28138.5801,21.9619,-4709.5874,-28632.1992,21.2967,696.0507,0.0006,0.0003,-3.1376,0.7863,-3.1413,-4703.8955,-28634.2207,24.2375,-0.0002,0.0001,1
-4703.1636,-28634.3926,24.9425,-5200.3247,-28138.5840,21.9619,-4705.4316,-28632.9238,27.8789,699.5125,0.0001,0.0018,-3.1376,0.7863,-3.1413,-4703.9722,-28634.1641,24.3441,-0.0000,0.0006,1
-4703.1636,-28634.3926,24.9425,-5200.3208,-28138.5898,21.9619,-4701.2231,-28633.6680,25.6957,702.9998,-0.0005,0.0013,-3.1376,0.7863,-3.1413,-4703.9009,-28634.1309,24.3816,0.0001,0.0004,1
-4703.1636,-28634.3926,24.9425,-5200.3164,-28138.5938,21.9619,-4697.0073,-28634.3809,23.4904,706.4866,-0.0010,0.0008,-3.1376,0.7863,-3.1413,-4703.6743,-28634.1230,24.3442,0.0003,0.0003,1
-4703.1636,-28634.3926,24.9425,-5200.3125,-28138.5977,21.9619,-4708.9824,-28631.4570,21.2853,695.9269,0.0004,0.0003,-3.1376,0.7863,-3.1413,-4703.8579,-28634.0117,24.2255,-0.0001,0.0001,1
-4703.1636,-28634.3926,24.9425,-5200.3081,-28138.6035,21.9619,-4704.8257,-28632.1777,27.8663,699.3894,-0.0002,0.0018,-3.1376,0.7863,-3.1413,-4703.9043,-28633.9199,24.3363,0.0000,0.0006,1
-4703.1636,-28634.3926,24.9425,-5200.3042,-28138.6074,21.9619,-4700.6162,-28632.9141,25.6834,702.8766,-0.0007,0.0013,-3.1376,0.7863,-3.1413,-4703.8022,-28633.8535,24.3777,0.0002,0.0004,1
