0.0000,0.0000,0.0000,0.0000,0.0000,0.0000,0.0000,0.0000,0.0000,0.0000,0.0000,0.0000,0.0000,0.0000,0.0000,0.0000,0.0000,0.0000,0
0.0000,0.0000,0.0000,0.0000,0.0000,0.0000,0.0000,0.0000,0.0000,0.0000,0.0000,0.0000,0.0000,0.0000,0.0000,0.0000,0.0000,0.0000,0
0.0000,0.0000,0.0000,0.0000,0.0000,0.0000,0.0000,0.0000,0.0000,0.0000,0.0000,0.0000,0.0000,0.0000,0.0000,0.0000,0.0000,0.0000,0
0.0000,0.0000,0.0000,0.0000,0.0000,0.0000,0.0000,0.0000,0.0000,0.0000,0.0000,0.0000,0.0000,0.0000,0.0000,0.0000,0.0000,0.0000,0
0.0000,0.0000,0.0000,0.0000,0.0000,0.0000,0.0000,0.0000,0.0000,0.0000,0.0000,0.0000,0.0000,0.0000,0.0000,0.0000,0.0000,0.0000,0
0.0000,0.0000,0.0000,-5252.6138,-28084.4629,22.4979,0.0000,0.0000,0.0000,0.0000,0.0000,0.0000,3.1416,0.7854,3.1416,0.0000,0.0000,0.0000,0
-4703.1636,-28634.3926,24.9425,-5252.6138,-28084.4629,22.4962,0.0000,0.0000,0.0000,0.0000,0.0000,0.0000,-3.1415,0.7854,-3.1416,0.0000,0.0000,0.0000,0
-4703.1636,-28634.3926,24.9425,-5252.6138,-28084.4629,22.4917,0.0000,0.0000,0.0000,0.0000,0.0000,0.0000,-3.1415,0.7854,-3.1416,0.0000,0.0000,0.0000,0
-4703.1636,-28634.3926,24.9425,-5252.6138,-28084.4629,22.4844,0.0000,0.0000,0.0000,0.0000,0.0000,0.0000,-3.1414,0.7854,-3.1415,0.0000,0.0000,0.0000,0
-4703.1636,-28634.3926,24.9425,-5252.6138,-28084.4629,22.4742,0.0000,0.0000,0.0000,0.0000,0.0000,0.0000,-3.1414,0.7854,-3.1415,0.0000,0.0000,0.0000,0
-4703.1636,-28634.3926,24.9425,-5252.6138,-28084.4629,22.4612,0.0000,0.0000,0.0000,779.8940,-0.0007,0.0008,-3.1414,0.7854,-3.1415,0.0000,0.0000,0.0000,0
-4703.1636,-28634.3926,24.9425,-5252.6138,-28084.4629,22.4455,-4698.5918,-28637.0879,28.7514,782.5390,-0.0002,0.0012,-3.1414,0.7854,-3.1415,-4698.5918,-28637.0879,28.7514,1
-4703.1636,-28634.3926,24.9425,-5252.6138,-28084.4629,22.4270,-4704.9614,-28626.9316,26.2465,770.8481,-0.0008,0.0007,-3.1415,0.7854,-3.1415,-4698.7988,-28636.7578,28.6702,1
-4703.1636,-28634.3926,24.9425,-5252.6138,-28084.4629,22.4058,-4707.1851,-28634.6270,23.8156,774.7085,0.0007,0.0002,-3.1415,0.7854,-3.1414,-4699.0894,-28636.6562,28.5057,1
-4703.1636,-28634.3926,24.9425,-5252.6138,-28084.4629,22.3820,-4702.5420,-28635.4512,21.3009,778.5696,0.0001,-0.0003,-3.1414,0.7854,-3.1414,-4699.2461,-28636.5801,28.2513,1
-4703.1636,-28634.3926,24.9425,-5252.6138,-28084.4629,22.3554,-4694.6377,-28636.0566,21.6168,784.5989,-0.0009,-0.0002,-3.1414,0.7854,-3.1414,-4699.1562,-28636.5215,27.9946,1
-4703.1636,-28634.3926,24.9425,-5252.6138,-28084.4629,22.3261,-4705.9185,-28629.6211,27.5564,772.0718,-0.0002,0.0010,-3.1414,0.7854,-3.1414,-4699.4175,-28636.2539,27.9148,1
-4703.1636,-28634.3926,24.9425,-5252.6138,-28084.4629,22.2940,-4706.5024,-28633.7949,23.6511,774.5995,0.0005,0.0002,-3.1414,0.7854,-3.1414,-4699.7095,-28636.1094,27.7104,1
-4703.1636,-28634.3926,24.9425,-5252.6138,-28084.4629,22.2593,-4701.9385,-28634.6953,21.2748,778.4608,-0.0001,-0.0003,-3.1414,0.7854,-3.1414,-4699.8662,-28635.9922,27.4238,1
-4703.1636,-28634.3926,24.9425,-5252.6138,-28084.4629,22.2218,-4697.2993,-28635.4785,28.6039,782.3213,-0.0006,0.0012,-3.1414,0.7854,-3.1413,-4699.8760,-28635.8984,27.3619,1
-4703.1636,-28634.3926,24.9425,-5252.6138,-28084.4629,22.1817,-4710.5400,-28632.1992,26.0545,770.6303,0.0008,0.0007,-3.1414,0.7854,-3.1413,-4700.3057,-28635.7012,27.2238,1
-4703.1636,-28634.3926,24.9425,-5252.6138,-28084.4629,22.1388,-4705.9053,-28633.0469,23.5977,774.4908,0.0003,0.0002,-3.1414,0.7854,-3.1413,-4700.6035,-28635.5254,27.0073,1
-4703.1636,-28634.3926,24.9425,-5252.6138,-28084.4629,22.0933,-4701.2632,-28633.8652,21.2550,778.3522,-0.0003,-0.0003,-3.1414,0.7854,-3.1413,-4700.7588,-28635.3750,26.7121,1
-4703.1636,-28634.3926,24.9425,-5252.6138,-28084.4629,22.0451,-4696.6255,-28634.6426,28.5769,782.2126,-0.0008,0.0012,-3.1414,0.7854,-3.1413,-4700.7622,-28635.2500,26.6436,1
-4703.1636,-28634.3926,24.9425,-5252.6138,-28084.4629,21.9942,-4700.9414,-28638.3301,22.0597,781.7356,0.0003,-0.0001,-3.1414,0.7854,-3.1413,-4700.8906,-28635.2441,26.3752,1
-4703.1636,-28634.3926,24.9425,-5252.6123,-28084.4629,21.9468,-4705.2495,-28632.2422,22.9660,774.3821,0.0001,0.0002,-3.1416,0.7854,3.1406,-4701.1538,-28635.0527,26.1295,1
-4703.1636,-28634.3926,24.9425,-5252.6094,-28084.4629,21.9077,-4700.5605,-28633.0059,20.0447,778.2423,-0.0005,-0.0001,-3.1413,0.7853,3.1389,-4701.2705,-28634.8828,25.7882,1
-4703.1636,-28634.3926,24.9425,-5252.6055,-28084.4648,21.8776,-4702.8677,-28640.7598,25.7316,782.1027,0.0009,0.0014,-3.1403,0.7853,3.1373,-4701.4551,-28634.9629,25.6221,1
-4703.1636,-28634.3926,24.9425,-5252.6011,-28084.4648,21.8565,-4709.2031,-28630.5938,21.1424,770.4118,0.0004,0.0009,-3.1386,0.7852,3.1358,-4701.8447,-28634.7305,25.3128,1
-4703.1636,-28634.3926,24.9425,-5252.5952,-28084.4688,21.8443,-4704.6157,-28631.4473,16.1205,774.2722,-0.0002,0.0004,-3.1363,0.7852,3.1344,-4702.0962,-28634.5195,24.8386,1
-4703.1636,-28634.3926,24.9425,-5252.5889,-28084.4707,21.8410,-4699.7759,-28632.0586,18.2481,778.1129,-0.0008,0.0014,-3.1333,0.7852,3.1332,-4702.1914,-28634.3262,24.4212,1
-4703.1636,-28634.3926,24.9425,-5252.5825,-28084.4746,21.8457,-4702.0054,-28639.7773,22.4798,781.9732,0.0007,0.0029,-3.1298,0.7852,3.1324,-4702.3481,-28634.3789,24.1336,1
-4703.1636,-28634.3926,24.9425,-5252.5767,-28084.4785,21.8566,-4708.3306,-28629.5684,17.2293,770.2826,0.0001,0.0024,-3.1261,0.7853,3.1324,-4702.7031,-28634.1191,23.6789,1
-4703.1636,-28634.3926,24.9425,-5252.5723,-28084.4844,21.8715,-4704.4248,-28630.9121,14.3420,774.0114,-0.0003,0.0023,-3.1229,0.7854,3.1331,-4702.9385,-28633.8965,23.1257,1
-4703.1636,-28634.3926,24.9425,-5252.5693,-28084.4863,21.8878,-4694.8979,-28637.2812,24.5712,785.2164,-0.0007,0.0046,-3.1206,0.7854,3.1342,-4702.8667,-28633.8750,22.8915,1
-4703.1636,-28634.3926,24.9425,-5252.5684,-28084.4883,21.9035,-4703.1152,-28639.4004,24.7092,780.9044,0.0008,0.0047,-3.1194,0.7855,3.1355,-4703.0337,-28633.9336,22.6750,1
-4703.1636,-28634.3926,24.9425,-5252.5684,-28084.4902,21.9174,-4707.7231,-28628.7969,25.2876,770.1393,-0.0000,0.0047,-3.1192,0.7856,3.1367,-4703.3452,-28633.6660,22.4917,1
-4703.1636,-28634.3926,24.9425,-5252.5698,-28084.4902,21.9294,-4703.0605,-28629.5879,24.0032,773.9994,-0.0006,0.0042,-3.1203,0.7857,3.1374,-4703.5093,-28633.4199,22.2814,1
-4703.1636,-28634.3926,24.9425,-5252.5718,-28084.4883,21.9397,-4705.4126,-28637.3809,22.6544,777.8541,0.0009,0.0036,-3.1218,0.7857,3.1377,-4703.7422,-28633.4180,22.0398,1
-4703.1636,-28634.3926,24.9425,-5252.5742,-28084.4863,21.9482,-4709.6450,-28631.9199,31.9395,771.0578,0.0007,0.0052,-3.1234,0.7858,3.1382,-4704.1108,-28633.2539,22.1093,1
-4703.1636,-28634.3926,24.9425,-5252.5771,-28084.4863,21.9549,-4707.1064,-28627.9434,30.6557,770.0242,-0.0002,0.0046,-3.1251,0.7858,3.1388,-4704.4033,-28632.9609,22.1671,1
-4703.1636,-28634.3926,24.9425,-5252.5806,-28084.4844,21.9597,-4702.4561,-28628.7402,30.0275,773.8843,-0.0008,0.0041,-3.1270,0.7858,3.1394,-4704.5444,-28632.6895,22.2289,1
-4703.1636,-28634.3926,24.9425,-5252.5840,-28084.4805,21.9628,-4704.7798,-28636.5977,23.1113,777.7609,0.0007,0.0023,-3.1290,0.7859,3.1400,-4704.7495,-28632.6660,22.0904,1
-4703.1636,-28634.3926,24.9425,-5252.5879,-28084.4785,21.9643,-4700.1572,-28637.3438,32.4621,781.6210,0.0001,0.0038,-3.1312,0.7859,3.1405,-4704.8003,-28632.6777,22.2584,1
-4703.1636,-28634.3926,24.9425,-5252.5923,-28084.4766,21.9646,-4706.9072,-28632.1348,35.1644,773.2115,0.0004,0.0040,-3.1335,0.7859,3.1409,-4705.0508,-28632.5391,22.5447,1
-4703.1636,-28634.3926,24.9425,-5252.5962,-28084.4727,21.9645,-4708.7402,-28634.8320,31.5202,773.7910,0.0010,0.0028,-3.1358,0.7860,3.1413,-4705.3584,-28632.4902,22.7445,1
-4703.1636,-28634.3926,24.9425,-5252.6001,-28084.4707,21.9647,-4704.0791,-28635.7480,22.9272,777.6755,0.0005,0.0007,-3.1379,0.7860,3.1415,-4705.5166,-28632.4805,22.6885,1
-4703.1636,-28634.3926,24.9425,-5252.6035,-28084.4668,21.9652,-4706.7134,-28635.7832,23.7302,775.8512,0.0009,0.0006,-3.1396,0.7860,-3.1415,-4705.7500,-28632.4805,22.6610,1
-4703.1636,-28634.3926,24.9425,-5252.6060,-28084.4648,21.9658,-4705.8350,-28626.3516,30.2885,769.8452,-0.0006,0.0017,-3.1410,0.7860,-3.1414,-4705.9507,-28632.1875,22.8510,1
-4703.1636,-28634.3926,24.9425,-5252.6084,-28084.4629,21.9666,-4708.0513,-28634.0430,28.7446,773.7056,0.0008,0.0012,3.1411,0.7860,-3.1414,-4706.2163,-28632.1348,23.0080,1
-4703.1636,-28634.3926,24.9425,-5252.6104,-28084.4609,21.9672,-4703.4146,-28634.9336,21.7977,777.5850,0.0003,-0.0004,3.1404,0.7860,-3.1413,-4706.3296,-28632.1172,22.9541,1
-4703.1636,-28634.3926,24.9425,-5252.6118,-28084.4609,21.9678,-4698.7881,-28635.7188,29.5129,781.4455,-0.0003,0.0011,3.1399,0.7860,-3.1413,-4706.2827,-28632.1348,23.1453,1
-4703.1636,-28634.3926,24.9425,-5252.6128,-28084.4590,21.9681,-4694.1138,-28636.5098,27.2216,785.3063,-0.0008,0.0006,3.1398,0.7860,-3.1413,-4706.0654,-28632.1875,23.2768,1
-4703.1636,-28634.3926,24.9425,-5252.6133,-28084.4590,21.9682,-4707.5176,-28633.4082,24.6757,773.6150,0.0006,0.0001,3.1398,0.7858,-3.1413,-4706.2446,-28632.1543,23.3362,1
-4703.1636,-28634.3926,24.9425,-5252.6133,-28084.4590,21.9681,-4702.7305,-28634.0996,20.9985,777.4825,0.0000,-0.0006,3.1400,0.7858,-3.1414,-4706.2681,-28632.1484,23.2796,1
-4703.1636,-28634.3926,24.9425,-5252.6133,-28084.4590,21.9678,-4698.0967,-28634.8906,28.0366,781.3429,-0.0005,0.0009,3.1404,0.7858,-3.1414,-4706.1313,-28632.1738,23.4431,1
-4703.1636,-28634.3926,24.9425,-5252.6128,-28084.4609,21.9673,-4700.3955,-28642.6660,25.1832,785.2038,0.0009,0.0004,3.1409,0.7857,-3.1414,-4706.0479,-28632.4551,23.5245,1
-4703.1636,-28634.3926,24.9425,-5252.6123,-28084.4609,21.9666,-4700.7500,-28634.8535,22.7749,779.4131,-0.0002,0.0000,3.1415,0.7857,-3.1415,-4705.9590,-28632.5098,23.5316,1
-4703.1636,-28634.3926,24.9425,-5252.6118,-28084.4609,21.9659,-4702.0679,-28633.2812,20.6713,777.3712,-0.0002,-0.0003,-3.1411,0.7857,-3.1415,-4705.8984,-28632.5215,23.4685,1
-4703.1636,-28634.3926,24.9425,-5252.6108,-28084.4629,21.9651,-4697.4272,-28634.0723,27.4993,781.2316,-0.0007,0.0012,-3.1404,0.7857,-3.1415,-4705.6797,-28632.5605,23.6173,1
-4703.1636,-28634.3926,24.9425,-5252.6104,-28084.4629,21.9644,-4699.7144,-28641.8438,24.5350,785.0925,0.0007,0.0007,-3.1398,0.7857,-3.1415,-4705.5156,-28632.8496,23.6787,1
-4703.1636,-28634.3926,24.9425,-5252.6094,-28084.4629,21.9636,-4706.0371,-28631.6465,21.5835,773.4011,0.0001,0.0002,-3.1391,0.7857,-3.1416,-4705.5396,-28632.8320,23.6459,1
-4703.1636,-28634.3926,24.9425,-5252.6084,-28084.4648,21.9629,-4701.4009,-28632.4590,20.7127,777.2564,-0.0004,0.0001,-3.1386,0.7857,-3.1416,-4705.4155,-28632.8379,23.5799,1
-4703.1636,-28634.3926,24.9425,-5252.6079,-28084.4648,21.9623,-4706.7793,-28632.0762,25.8126,773.1852,0.0003,0.0012,-3.1381,0.7857,-3.1416,-4705.4556,-28632.8320,23.6711,1
-4703.1636,-28634.3926,24.9425,-5252.6069,-28084.4648,21.9617,-4699.0337,-28641.0117,24.8602,784.9777,0.0005,0.0011,-3.1376,0.7857,3.1416,-4705.2510,-28633.1074,23.7350,1
-4703.1636,-28634.3926,24.9425,-5252.6064,-28084.4668,21.9613,-4705.3691,-28630.8242,22.1038,773.2864,-0.0001,0.0006,-3.1373,0.7857,3.1416,-4705.2354,-28633.0723,23.7118,1
-4703.1636,-28634.3926,24.9425,-5252.6060,-28084.4668,21.9609,-4700.7310,-28631.6289,20.9236,777.1422,-0.0006,0.0004,-3.1370,0.7857,3.1416,-4705.0713,-28633.0586,23.6465,1
-4703.1636,-28634.3926,24.9425,-5252.6055,-28084.4668,21.9607,-4703.0195,-28639.3477,28.1045,781.0026,0.0008,0.0019,-3.1368,0.7857,3.1416,-4704.9727,-28633.2891,23.8048,1
-4703.1636,-28634.3926,24.9425,-5252.6050,-28084.4668,21.9605,-4698.3530,-28640.1738,25.5506,784.8635,0.0003,0.0014,-3.1366,0.7857,3.1416,-4704.7227,-28633.5547,23.8898,1
-4703.1636,-28634.3926,24.9425,-5252.6050,-28084.4688,21.9604,-4704.7012,-28629.9961,23.0135,773.1722,-0.0003,0.0009,-3.1365,0.7857,3.1416,-4704.6621,-28633.5078,23.8961,1
-4703.1636,-28634.3926,24.9425,-5252.6050,-28084.4688,21.9604,-4700.0605,-28630.7949,21.1270,777.0306,-0.0008,0.0005,-3.1365,0.7857,3.1416,-4704.4546,-28633.4785,23.8388,1
-4703.1636,-28634.3926,24.9425,-5252.6045,-28084.4688,21.9605,-4702.3398,-28638.5156,28.5053,780.8909,0.0006,0.0020,-3.1366,0.7857,3.1416,-4704.3135,-28633.6875,24.0113,1
-4703.1636,-28634.3926,24.9425,-5252.6045,-28084.4688,21.9606,-4697.6724,-28639.3340,26.1282,784.7518,0.0000,0.0015,-3.1366,0.7857,3.1416,-4704.0220,-28633.9316,24.1162,1
-4703.1636,-28634.3926,24.9425,-5252.6050,-28084.4688,21.9607,-4704.0337,-28629.1660,23.7286,773.0605,-0.0005,0.0010,-3.1368,0.7857,3.1416,-4703.9224,-28633.8594,24.1475,1
-4703.1636,-28634.3926,24.9425,-5252.6050,-28084.4688,21.9609,-4706.2881,-28636.8691,21.2327,776.9214,0.0009,0.0005,-3.1369,0.7857,3.1416,-4703.8984,-28634.0215,24.0963,1
-4703.1636,-28634.3926,24.9425,-5252.6050,-28084.4668,21.9611,-4701.6592,-28637.6797,28.7014,780.7817,0.0004,0.0020,-3.1370,0.7857,3.1416,-4703.7349,-28634.2148,24.2770,1
-4703.1636,-28634.3926,24.9425,-5252.6050,-28084.4668,21.9612,-4696.9907,-28638.4922,26.3898,784.6426,-0.0002,0.0015,-3.1372,0.7857,3.1416,-4703.4209,-28634.4375,24.3918,1
-4703.1636,-28634.3926,24.9425,-5252.6055,-28084.4668,21.9614,-4706.7222,-28628.8301,21.9812,770.9191,-0.0002,0.0006,-3.1374,0.7857,3.1416,-4703.4092,-28634.3535,24.3675,1
-4703.1636,-28634.3926,24.9425,-5252.6055,-28084.4668,21.9616,-4705.6079,-28636.0410,21.2354,776.8134,0.0007,0.0004,-3.1375,0.7857,3.1416,-4703.3711,-28634.4902,24.3127,1
-4703.1636,-28634.3926,24.9425,-5252.6060,-28084.4668,21.9618,-4700.9785,-28636.8457,28.6983,780.6737,0.0002,0.0019,-3.1377,0.7857,3.1416,-4703.1934,-28634.6504,24.4894,1
-4703.1636,-28634.3926,24.9425,-5252.6060,-28084.4668,21.9620,-4696.3086,-28637.6543,26.3657,784.5347,-0.0004,0.0014,-3.1378,0.7857,3.1416,-4702.8657,-28634.8398,24.5988,1
-4703.1636,-28634.3926,24.9425,-5252.6060,-28084.4668,21.9621,-4709.5649,-28634.3711,23.9667,772.8433,0.0011,0.0009,-3.1379,0.7857,3.1416,-4702.9531,-28634.9277,24.6337,1
-4703.1636,-28634.3926,24.9425,-5252.6064,-28084.4668,21.9622,-4698.1875,-28635.6562,28.3836,781.8066,-0.0004,0.0018,-3.1380,0.7857,3.1416,-4702.6929,-28635.0508,24.8067,1
-4703.1636,-28634.3926,24.9425,-5252.6064,-28084.4668,21.9623,-4706.4565,-28635.9512,23.7726,776.1536,0.0008,0.0008,-3.1381,0.7857,3.1416,-4702.6919,-28635.1816,24.8380,1
-4703.1636,-28634.3926,24.9425,-5252.6064,-28084.4668,21.9624,-4695.6270,-28636.8145,26.1966,784.4268,-0.0006,0.0013,-3.1382,0.7857,3.1416,-4702.3564,-28635.3398,24.9424,1
-4703.1636,-28634.3926,24.9425,-5252.6064,-28084.4668,21.9624,-4708.8872,-28633.5488,23.7430,772.7355,0.0008,0.0008,-3.1382,0.7857,3.1416,-4702.4360,-28635.3906,24.9688,1
-4703.1636,-28634.3926,24.9425,-5252.6069,-28084.4668,21.9625,-4704.2510,-28634.3848,21.1072,776.5972,0.0003,0.0003,-3.1382,0.7857,3.1416,-4702.3838,-28635.4629,24.9056,1
-4703.1636,-28634.3926,24.9425,-5252.6069,-28084.4668,21.9625,-4703.8599,-28632.0898,24.3341,775.2518,-0.0001,0.0009,-3.1382,0.7857,3.1416,-4702.3267,-28635.4531,24.9361,1
-4703.1636,-28634.3926,24.9425,-5252.6069,-28084.4668,21.9625,-4694.9473,-28635.9746,26.0198,784.3185,-0.0008,0.0013,-3.1382,0.7857,3.1416,-4701.9917,-28635.5586,25.0177,1
-4703.1636,-28634.3926,24.9425,-5252.6069,-28084.4668,21.9625,-4708.3467,-28632.8594,23.5248,772.6272,0.0006,0.0008,-3.1382,0.7855,3.1416,-4702.0752,-28635.5625,25.0195,1
-4703.1636,-28634.3926,24.9425,-5252.6069,-28084.4668,21.9624,-4703.5562,-28633.5371,21.0561,776.4883,0.0000,0.0003,-3.1382,0.7855,3.1416,-4702.0210,-28635.5801,24.9373,1
-4703.1636,-28634.3926,24.9425,-5252.6069,-28084.4668,21.9624,-4698.9248,-28634.3281,28.3764,780.3486,-0.0005,0.0018,-3.1382,0.7855,3.1416,-4701.8247,-28635.6152,25.0803,1
-4703.1636,-28634.3926,24.9425,-5252.6069,-28084.4668,21.9623,-4701.2178,-28642.0918,25.9109,784.2095,0.0009,0.0013,-3.1381,0.7855,3.1416,-4701.6992,-28635.8926,25.1502,1
-4703.1636,-28634.3926,24.9425,-5252.6069,-28084.4668,21.9623,-4707.5239,-28631.8887,23.3992,772.5182,0.0004,0.0008,-3.1381,0.7855,3.1416,-4701.7803,-28635.8535,25.1394,1
-4703.1636,-28634.3926,24.9425,-5252.6064,-28084.4668,21.9622,-4702.8872,-28632.7129,21.0314,776.3790,-0.0002,0.0003,-3.1381,0.7855,3.1416,-4701.7266,-28635.8301,25.0473,1
-4703.1636,-28634.3926,24.9425,-5252.6064,-28084.4668,21.9622,-4698.2529,-28633.4961,28.3445,780.2394,-0.0008,0.0018,-3.1380,0.7855,3.1416,-4701.5298,-28635.8242,25.1802,1
-4703.1636,-28634.3926,24.9425,-5252.6064,-28084.4668,21.9622,-4700.5342,-28641.2617,25.8782,784.1002,0.0007,0.0013,-3.1380,0.7855,3.1416,-4701.4019,-28636.0586,25.2399,1
-4703.1636,-28634.3926,24.9425,-5252.6064,-28084.4668,21.9621,-4701.6704,-28633.7500,28.5050,777.9949,-0.0002,0.0018,-3.1379,0.7855,3.1416,-4701.3120,-28636.0605,25.3843,1
-4703.1636,-28634.3926,24.9425,-5252.6064,-28084.4668,21.9621,-4702.2163,-28631.8848,21.0257,776.2694,-0.0004,0.0003,-3.1379,0.7855,3.1416,-4701.2437,-28635.9961,25.2934,1
-4703.1636,-28634.3926,24.9425,-5252.6064,-28084.4668,21.9620,-4704.5132,-28639.5918,28.3480,780.1298,0.0010,0.0018,-3.1379,0.7855,3.1416,-4701.2539,-28636.1680,25.4270,1
-4703.1636,-28634.3926,24.9425,-5252.6064,-28084.4668,21.9620,-4699.8506,-28640.4277,25.8940,783.9906,0.0005,0.0013,-3.1379,0.7855,3.1416,-4701.1250,-28636.3711,25.4870,1
-4703.1636,-28634.3926,24.9425,-5252.6064,-28084.4668,21.9620,-4706.1836,-28630.2422,23.4002,772.2994,-0.0001,0.0008,-3.1378,0.7855,3.1416,-4701.2007,-28636.2539,25.4658,1
-4703.1636,-28634.3926,24.9425,-5252.6064,-28084.4668,21.9620,-4701.5454,-28631.0527,21.0267,776.1600,-0.0006,0.0003,-3.1378,0.7855,3.1416,-4701.1401,-28636.1465,25.3625,1
-4703.1636,-28634.3926,24.9425,-5252.6064,-28084.4668,21.9620,-4703.8311,-28638.7637,28.3621,780.0204,0.0008,0.0018,-3.1378,0.7855,3.1416,-4701.1558,-28636.2754,25.4844,1
-4703.1636,-28634.3926,24.9425,-5252.6064,-28084.4668,21.9620,-4699.1670,-28639.5938,25.9222,783.8813,0.0003,0.0013,-3.1378,0.7855,3.1416,-4701.0303,-28636.4336,25.5333,1
-4703.1636,-28634.3926,24.9425,-5252.6064,-28084.4668,21.9620,-4705.5146,-28629.4160,23.4409,772.1900,-0.0003,0.0008,-3.1378,0.7855,3.1416,-4701.1074,-28636.2695,25.5018,1
-4703.1636,-28634.3926,24.9425,-5252.6064,-28084.4668,21.9620,-4700.8750,-28630.2207,21.0253,776.0507,-0.0009,0.0003,-3.1378,0.7855,3.1416,-4701.0464,-28636.1152,25.3871,1
-4703.1636,-28634.3926,24.9425,-5252.6064,-28084.4668,21.9620,-4697.5444,-28636.5859,20.3044,782.8987,-0.0005,0.0002,-3.1378,0.7852,3.1416,-4700.8804,-28636.1504,25.2403,1
-4703.1636,-28634.3926,24.9425,-5252.6064,-28084.4668,21.9620,-4698.6201,-28638.8926,25.9386,783.7720,0.0000,0.0013,-3.1378,0.7852,3.1416,-4700.7432,-28636.2617,25.2622,1
-4703.1636,-28634.3926,24.9425,-5252.6064,-28084.4668,21.9620,-4704.9814,-28628.7246,23.4641,772.0807,-0.0005,0.0008,-3.1378,0.7852,3.1416,-4700.8086,-28636.0488,25.2059,1
-4703.1636,-28634.3926,24.9425,-5252.6064,-28084.4668,21.9620,-4706.9663,-28636.1582,21.0176,775.9416,0.0008,0.0003,-3.1379,0.7852,3.1416,-4700.9487,-28636.0586,25.0672,1
-4703.1636,-28634.3926,24.9425,-5252.6064,-28084.4668,21.9620,-4700.7988,-28631.9531,21.9510,777.3217,-0.0007,0.0005,-3.1379,0.7852,3.1416,-4700.9053,-28635.9355,24.9501,1
-4703.1636,-28634.3926,24.9425,-5252.6064,-28084.4668,21.9620,-4697.6743,-28637.7910,25.9355,783.6628,-0.0003,0.0013,-3.1379,0.7852,3.1416,-4700.7632,-28635.9883,24.9551,1
-4703.1636,-28634.3926,24.9425,-5252.6064,-28084.4668,21.9620,-4704.0532,-28627.6348,23.4622,771.9716,-0.0008,0.0008,-3.1379,0.7852,3.1416,-4700.8208,-28635.7188,24.8834,1
-4703.1636,-28634.3926,24.9425,-5252.6064,-28084.4668,21.9621,-4706.2915,-28635.3359,21.0043,775.8325,0.0006,0.0003,-3.1379,0.7852,3.1416,-4700.9585,-28635.6816,24.7305,1
-4703.1636,-28634.3926,24.9425,-5252.6064,-28084.4668,21.9621,-4701.6631,-28636.1465,28.3484,779.6929,0.0001,0.0018,-3.1379,0.7852,3.1416,-4700.9600,-28635.6699,24.8065,1
-4703.1636,-28634.3926,24.9425,-5252.6064,-28084.4668,21.9621,-4696.9966,-28636.9570,25.9177,783.5538,-0.0005,0.0013,-3.1379,0.7852,3.1416,-4700.8145,-28635.6855,24.8134,1
-4703.1636,-28634.3926,24.9425,-5252.6064,-28084.4668,21.9621,-4710.2476,-28633.6660,23.4427,771.8625,0.0010,0.0008,-3.1379,0.7852,3.1416,-4701.0884,-28635.5996,24.7439,1
-4703.1636,-28634.3926,24.9425,-5252.6064,-28084.4668,21.9621,-4705.6162,-28634.5117,20.9883,775.7234,0.0004,0.0003,-3.1379,0.7852,3.1416,-4701.2329,-28635.5371,24.5936,1
-4703.1636,-28634.3926,24.9425,-5252.6064,-28084.4668,21.9621,-4700.9863,-28635.3164,28.3277,779.5839,-0.0001,0.0018,-3.1379,0.7852,3.1416,-4701.2378,-28635.5000,24.6724,1
-4703.1636,-28634.3926,24.9425,-5252.6064,-28084.4668,21.9621,-4696.3188,-28636.1191,25.8941,783.4446,-0.0007,0.0013,-3.1379,0.7852,3.1416,-4701.0923,-28635.4883,24.6822,1
-4703.1636,-28634.3926,24.9425,-5252.6064,-28084.4668,21.9621,-4709.5737,-28632.8477,23.4163,771.7534,0.0007,0.0008,-3.1379,0.7852,3.1416,-4701.3638,-28635.3730,24.6159,1
-4703.1636,-28634.3926,24.9425,-5252.6064,-28084.4668,21.9621,-4704.9409,-28633.6855,20.9721,775.6143,0.0002,0.0003,-3.1379,0.7852,3.1416,-4701.5020,-28635.2812,24.4692,1
-4703.1636,-28634.3926,24.9425,-5252.6064,-28084.4668,21.9621,-4700.3101,-28634.4844,28.3077,779.4747,-0.0004,0.0018,-3.1379,0.7852,3.1416,-4701.4980,-28635.2129,24.5518,1
-4703.1636,-28634.3926,24.9425,-5252.6064,-28084.4668,21.9621,-4695.6416,-28635.2812,25.8716,783.3356,-0.0009,0.0013,-3.1379,0.7852,3.1416,-4701.3418,-28635.1719,24.5655,1
-4703.1636,-28634.3926,24.9425,-5252.6064,-28084.4668,21.9621,-4708.9004,-28632.0254,23.3922,771.6443,0.0005,0.0008,-3.1379,0.7852,3.1416,-4701.5986,-28635.0254,24.5032,1
-4703.1636,-28634.3926,24.9425,-5252.6064,-28084.4668,21.9621,-4704.2671,-28632.8574,20.9575,775.5051,-0.0000,0.0003,-3.1379,0.7852,3.1416,-4701.7207,-28634.9004,24.3611,1
-4703.1636,-28634.3926,24.9425,-5252.6064,-28084.4668,21.9621,-4699.6348,-28633.6504,28.2905,779.3655,-0.0006,0.0018,-3.1379,0.7852,3.1416,-4701.6978,-28634.8008,24.4483,1
-4703.1636,-28634.3926,24.9425,-5252.6064,-28084.4668,21.9621,-4701.9209,-28641.4062,25.8538,783.2264,0.0009,0.0013,-3.1379,0.7852,3.1416,-4701.7427,-28634.9453,24.4666,1
-4703.1636,-28634.3926,24.9425,-5252.6064,-28084.4668,21.9621,-4708.2280,-28631.2031,23.3742,771.5352,0.0003,0.0008,-3.1379,0.7852,3.1416,-4701.9907,-28634.7812,24.4091,1
-4703.1636,-28634.3926,24.9425,-5252.6064,-28084.4668,21.9621,-4703.5938,-28632.0293,20.9442,775.3960,-0.0002,0.0003,-3.1379,0.7852,3.1416,-4702.1006,-28634.6367,24.2720,1
-4703.1636,-28634.3926,24.9425,-5252.6064,-28084.4668,21.9621,-4698.9609,-28632.8164,28.2761,779.2564,-0.0008,0.0018,-3.1379,0.7852,3.1416,-4702.0630,-28634.5156,24.3642,1
-4703.1636,-28634.3926,24.9425,-5252.6064,-28084.4668,21.9621,-4701.2354,-28640.5723,25.8400,783.1172,0.0006,0.0013,-3.1379,0.7852,3.1416,-4702.0898,-28634.6387,24.3877,1
-4703.1636,-28634.3926,24.9425,-5252.6064,-28084.4668,21.9621,-4707.5571,-28630.3809,23.3612,771.4260,0.0001,0.0008,-3.1379,0.7852,3.1416,-4702.3174,-28634.4512,24.3355,1
-4703.1636,-28634.3926,24.9425,-5252.6064,-28084.4668,21.9621,-4702.9219,-28631.1992,20.9319,775.2868,-0.0005,0.0003,-3.1379,0.7852,3.1416,-4702.4043,-28634.2812,24.2036,1
-4703.1636,-28634.3926,24.9425,-5252.6064,-28084.4668,21.9621,-4704.8252,-28638.8535,29.3458,779.3925,0.0009,0.0020,-3.1379,0.7852,3.1416,-4702.5508,-28634.3555,24.3358,1
-4703.1636,-28634.3926,24.9425,-5252.6064,-28084.4668,21.9621,-4703.9702,-28637.1602,28.2892,778.7831,0.0006,0.0018,-3.1379,0.7852,3.1416,-4702.6729,-28634.3867,24.4461,1
-4703.1636,-28634.3926,24.9425,-5252.6064,-28084.4668,21.9621,-4702.4380,-28632.5605,23.3028,776.5886,-0.0003,0.0008,-3.1379,0.7852,3.1416,-4702.7456,-28634.2773,24.4050,1
-4703.1636,-28634.3926,24.9425,-5252.6064,-28084.4668,21.9621,-4702.2510,-28630.3691,20.9200,775.1777,-0.0007,0.0003,-3.1379,0.7852,3.1416,-4702.8091,-28634.0957,24.2847,1
-4703.1636,-28634.3926,24.9425,-5252.6064,-28084.4668,21.9621,-4704.5298,-28638.0742,28.2514,779.0381,0.0008,0.0018,-3.1379,0.7852,3.1416,-4702.9424,-28634.1562,24.3933,1
-4703.1636,-28634.3926,24.9425,-5252.6064,-28084.4668,21.9621,-4699.8682,-28638.9062,25.8172,782.8989,0.0002,0.0013,-3.1379,0.7852,3.1416,-4702.9268,-28634.2520,24.4325,1
-4703.1636,-28634.3926,24.9425,-5252.6064,-28084.4668,21.9621,-4706.2183,-28628.7305,23.3413,771.2076,-0.0003,0.0008,-3.1379,0.7852,3.1416,-4703.1064,-28634.0332,24.3952,1
-4703.1636,-28634.3926,24.9425,-5252.6064,-28084.4668,21.9621,-4701.5811,-28629.5391,20.9080,775.0685,-0.0009,0.0003,-3.1379,0.7852,3.1416,-4703.1406,-28633.8301,24.2774,1
-4703.1636,-28634.3926,24.9425,-5252.6064,-28084.4668,21.9621,-4703.8486,-28637.2461,28.2389,778.9289,0.0005,0.0018,-3.1379,0.7852,3.1416,-4703.2412,-28633.8691,24.3884,1
-4703.1636,-28634.3926,24.9425,-5252.6064,-28084.4668,21.9621,-4699.1860,-28638.0703,25.8052,782.7897,-0.0000,0.0013,-3.1379,0.7852,3.1416,-4703.1919,-28633.9434,24.4298,1
-4703.1636,-28634.3926,24.9425,-5252.6064,-28084.4668,21.9621,-4705.5503,-28627.9043,23.3298,771.0984,-0.0006,0.0008,-3.1379,0.7852,3.1416,-4703.3354,-28633.6992,24.3947,1
-4703.1636,-28634.3926,24.9425,-5252.6064,-28084.4668,21.9621,-4707.7954,-28635.5957,20.8956,774.9594,0.0009,0.0003,-3.1379,0.7852,3.1416,-4703.5542,-28633.6953,24.2789,1
-4703.1636,-28634.3926,24.9425,-5252.6064,-28084.4668,21.9621,-4703.1689,-28636.4160,28.2252,778.8197,0.0003,0.0018,-3.1379,0.7852,3.1416,-4703.6299,-28633.7227,24.3918,1
-4703.1636,-28634.3926,24.9425,-5252.6064,-28084.4668,21.9621,-4698.5054,-28637.2344,25.7918,782.6806,-0.0002,0.0013,-3.1379,0.7852,3.1416,-4703.5527,-28633.7832,24.4350,1
-4703.1636,-28634.3926,24.9425,-5252.6064,-28084.4668,21.9621,-4704.8838,-28627.0781,23.3170,770.9893,-0.0008,0.0008,-3.1379,0.7852,3.1416,-4703.6665,-28633.5254,24.4016,1
-4703.1636,-28634.3926,24.9425,-5252.6064,-28084.4668,21.9621,-4707.1177,-28634.7715,20.8824,774.8502,0.0007,0.0003,-3.1379,0.7852,3.1416,-4703.8521,-28633.5039,24.2874,1
-4703.1636,-28634.3926,24.9425,-5252.6064,-28084.4668,21.9621,-4702.4902,-28635.5859,28.2109,778.7106,0.0001,0.0018,-3.1379,0.7852,3.1416,-4703.8936,-28633.5137,24.4017,1
-4703.1636,-28634.3926,24.9425,-5252.6064,-28084.4668,21.9621,-4697.8262,-28636.3984,25.7777,782.5714,-0.0004,0.0013,-3.1379,0.7852,3.1416,-4703.7803,-28633.5566,24.4462,1
-4703.1636,-28634.3926,24.9425,-5252.6064,-28084.4668,21.9621,-4704.2188,-28626.2500,23.3032,770.8802,-0.0010,0.0008,-3.1379,0.7852,3.1416,-4703.8560,-28633.2773,24.4139,1
-4703.1636,-28634.3926,24.9425,-5252.6064,-28084.4668,21.9621,-4706.4414,-28633.9453,20.8695,774.7410,0.0004,0.0003,-3.1379,0.7852,3.1416,-4704.0020,-28633.2344,24.3008,1
-4703.1636,-28634.3926,24.9425,-5252.6064,-28084.4668,21.9621,-4701.8125,-28634.7539,28.1967,778.6014,-0.0001,0.0018,-3.1379,0.7852,3.1416,-4704.0024,-28633.2227,24.4160,1
-4703.1636,-28634.3926,24.9425,-5252.6064,-28084.4668,21.9621,-4697.1479,-28635.5605,25.7636,782.4622,-0.0007,0.0013,-3.1379,0.7852,3.1416,-4703.8467,-28633.2402,24.4613,1
-4703.1636,-28634.3926,24.9425,-5252.6064,-28084.4668,21.9621,-4710.3960,-28632.2793,23.2896,770.7710,0.0008,0.0008,-3.1379,0.7852,3.1416,-4704.1016,-28633.1582,24.4297,1
-4703.1636,-28634.3926,24.9425,-5252.6064,-28084.4668,21.9621,-4705.7661,-28633.1191,20.8564,774.6318,0.0002,0.0003,-3.1379,0.7852,3.1416,-4704.2178,-28633.1055,24.3172,1
-4703.1636,-28634.3926,24.9425,-5252.6064,-28084.4668,21.9621,-4701.8848,-28638.8789,26.9780,781.4633,0.0005,0.0015,-3.1379,0.7852,3.1416,-4704.2104,-28633.2383,24.3938,1
-4703.1636,-28634.3926,24.9425,-5252.6064,-28084.4668,21.9621,-4696.4707,-28634.7227,25.7493,782.3531,-0.0009,0.0013,-3.1379,0.7852,3.1416,-4704.0234,-28633.2500,24.4370,1
-4703.1636,-28634.3926,24.9425,-5252.6064,-28084.4668,21.9621,-4709.7227,-28631.4570,23.2759,770.6618,0.0006,0.0008,-3.1379,0.7852,3.1416,-4704.2441,-28633.1621,24.4033,1
-4703.1636,-28634.3926,24.9425,-5252.6064,-28084.4668,21.9621,-4705.0918,-28632.2930,20.8435,774.5227,0.0000,0.0003,-3.1379,0.7852,3.1416,-4704.3252,-28633.0996,24.2888,1
-4703.1636,-28634.3926,24.9425,-5252.6064,-28084.4668,21.9621,-4700.4614,-28633.0898,28.1683,778.3831,-0.0005,0.0018,-3.1379,0.7852,3.1416,-4704.2573,-28633.0625,24.4026,1
-4703.1636,-28634.3926,24.9425,-5252.6064,-28084.4668,21.9621,-4702.7432,-28640.8379,25.7358,782.2439,0.0009,0.0013,-3.1379,0.7852,3.1416,-4704.2529,-28633.2734,24.4466,1
-4703.1636,-28634.3926,24.9425,-5252.6064,-28084.4668,21.9621,-4709.0508,-28630.6367,23.2627,770.5527,0.0003,0.0008,-3.1379,0.7852,3.1416,-4704.4478,-28633.1738,24.4136,1
-4703.1636,-28634.3926,24.9425,-5252.6064,-28084.4668,21.9621,-4704.4189,-28631.4648,20.8306,774.4136,-0.0002,0.0003,-3.1379,0.7852,3.1416,-4704.5010,-28633.0977,24.2997,1
-4703.1636,-28634.3926,24.9425,-5252.6064,-28084.4668,21.9621,-4709.3047,-28632.4277,24.1965,771.6466,0.0006,0.0009,-3.1379,0.7852,3.1416,-4704.7104,-28633.0488,24.2868,1
-4703.1636,-28634.3926,24.9425,-5252.6064,-28084.4668,21.9621,-4702.0581,-28640.0059,25.7221,782.1348,0.0007,0.0013,-3.1379,0.7852,3.1416,-4704.6948,-28633.2422,24.3229,1
-4703.1636,-28634.3926,24.9425,-5252.6064,-28084.4668,21.9621,-4708.3799,-28629.8125,23.2495,770.4435,0.0001,0.0008,-3.1379,0.7852,3.1416,-4704.8745,-28633.1230,24.2828,1
-4703.1636,-28634.3926,24.9425,-5252.6064,-28084.4668,21.9621,-4703.7476,-28630.6367,20.8179,774.3044,-0.0004,0.0003,-3.1379,0.7852,3.1416,-4704.9097,-28633.0254,24.1623,1
-4703.1636,-28634.3926,24.9425,-5252.6064,-28084.4668,21.9621,-4699.1152,-28631.4199,28.1404,778.1648,-0.0010,0.0018,-3.1379,0.7852,3.1416,-4704.7915,-28632.9473,24.2706,1
-4703.1636,-28634.3926,24.9425,-5252.6064,-28084.4668,21.9621,-4701.3740,-28639.1738,25.7086,782.0256,0.0005,0.0013,-3.1379,0.7852,3.1416,-4704.7319,-28633.1152,24.3096,1
-4703.1636,-28634.3926,24.9425,-5252.6064,-28084.4668,21.9621,-4707.7104,-28628.9902,23.2366,770.3344,-0.0001,0.0008,-3.1379,0.7852,3.1416,-4704.8677,-28632.9707,24.2722,1
-4703.1636,-28634.3926,24.9425,-5252.6064,-28084.4668,21.9621,-4703.0771,-28629.8066,20.8050,774.1952,-0.0006,0.0003,-3.1379,0.7852,3.1416,-4704.8579,-28632.8438,24.1543,1
-4703.1636,-28634.3926,24.9425,-5252.6064,-28084.4668,21.9621,-4705.3501,-28637.5059,28.1268,778.0556,0.0008,0.0017,-3.1379,0.7852,3.1416,-4704.9165,-28632.9590,24.2652,1
-4703.1636,-28634.3926,24.9425,-5252.6064,-28084.4668,21.9621,-4700.6919,-28638.3398,25.6950,781.9164,0.0002,0.0012,-3.1379,0.7852,3.1416,-4704.8252,-28633.1113,24.3066,1
-4703.1636,-28634.3926,24.9425,-5252.6064,-28084.4668,21.9621,-4707.0420,-28628.1660,23.2235,770.2252,-0.0003,0.0007,-3.1379,0.7852,3.1416,-4704.9277,-28632.9492,24.2716,1
-4703.1636,-28634.3926,24.9425,-5252.6064,-28084.4668,21.9621,-4702.4077,-28628.9766,20.7921,774.0861,-0.0009,0.0002,-3.1379,0.7852,3.1416,-4704.8838,-28632.8027,24.1559,1
-4703.1636,-28634.3926,24.9425,-5252.6064,-28084.4668,21.9621,-4704.6699,-28636.6777,28.1128,777.9464,0.0006,0.0017,-3.1379,0.7852,3.1416,-4704.9067,-28632.8965,24.2689,1
-4703.1636,-28634.3926,24.9425,-5252.6064,-28084.4668,21.9621,-4700.0103,-28637.5059,25.6815,781.8074,0.0000,0.0012,-3.1379,0.7852,3.1416,-4704.7788,-28633.0254,24.3123,1
-4703.1636,-28634.3926,24.9425,-5252.6064,-28084.4668,21.9621,-4706.3750,-28627.3398,23.2106,770.1160,-0.0005,0.0007,-3.1379,0.7852,3.1416,-4704.8442,-28632.8359,24.2791,1
-4703.1636,-28634.3926,24.9425,-5252.6064,-28084.4668,21.9621,-4708.6157,-28635.0254,20.7796,773.9769,0.0009,0.0002,-3.1379,0.7852,3.1416,-4704.9844,-28632.8848,24.1652,1
-4703.1636,-28634.3926,24.9425,-5252.6064,-28084.4668,21.9621,-4698.9443,-28638.8867,24.5957,783.5339,0.0001,0.0010,-3.1379,0.7852,3.1416,-4704.8218,-28633.0605,24.1671,1
-4703.1636,-28634.3926,24.9425,-5252.6064,-28084.4668,21.9621,-4699.3306,-28636.6719,25.6678,781.6982,-0.0002,0.0012,-3.1379,0.7852,3.1416,-4704.6577,-28633.1797,24.2046,1
-4703.1636,-28634.3926,24.9425,-5252.6064,-28084.4668,21.9621,-4705.7085,-28626.5156,23.1974,770.0074,-0.0007,0.0007,-3.1379,0.7852,3.1416,-4704.6865,-28632.9785,24.1661,1
-4703.1636,-28634.3926,24.9425,-5252.6064,-28084.4668,21.9621,-4707.9385,-28634.2012,20.7666,773.8677,0.0007,0.0002,-3.1379,0.7852,3.1416,-4704.7891,-28633.0117,24.0474,1
-4703.1636,-28634.3926,24.9425,-5252.6064,-28084.4668,21.9621,-4703.3120,-28635.0195,28.0849,777.7286,0.0001,0.0017,-3.1379,0.7852,3.1416,-4704.7495,-28633.0742,24.1576,1
-4703.1636,-28634.3926,24.9425,-5252.6064,-28084.4668,21.9621,-4705.5859,-28632.6250,21.9127,774.4074,0.0001,0.0005,-3.1379,0.7852,3.1416,-4704.7798,-28633.0625,24.0782,1
-4703.1636,-28634.3926,24.9425,-5252.6064,-28084.4668,21.9621,-4705.0439,-28625.6895,23.1844,769.8982,-0.0010,0.0007,-3.1379,0.7852,3.1416,-4704.7944,-28632.8262,24.0353,1
-4703.1636,-28634.3926,24.9425,-5252.6064,-28084.4668,21.9621,-4707.2627,-28633.3770,20.7537,773.7586,0.0005,0.0002,-3.1379,0.7852,3.1416,-4704.8809,-28632.8223,23.9126,1
-4703.1636,-28634.3926,24.9425,-5252.6064,-28084.4668,21.9621,-4702.6353,-28634.1895,28.0713,777.6194,-0.0001,0.0017,-3.1379,0.7852,3.1416,-4704.8232,-28632.8477,24.0195,1
-4703.1636,-28634.3926,24.9425,-5252.6064,-28084.4668,21.9621,-4697.9741,-28635.0000,25.6406,781.4799,-0.0006,0.0012,-3.1379,0.7852,3.1416,-4704.6113,-28632.9023,24.0575,1
-4703.1636,-28634.3926,24.9425,-5252.6064,-28084.4668,21.9621,-4711.2148,-28631.7070,23.1717,769.7890,0.0008,0.0007,-3.1379,0.7852,3.1416,-4704.8120,-28632.8555,24.0199,1
-4703.1636,-28634.3926,24.9425,-5252.6064,-28084.4668,21.9621,-4706.5879,-28632.5527,20.7413,773.6494,0.0003,0.0002,-3.1379,0.7852,3.1416,-4704.8765,-28632.8340,23.9024,1
-4703.1636,-28634.3926,24.9425,-5252.6064,-28084.4668,21.9621,-4701.9600,-28633.3594,28.0574,777.5103,-0.0003,0.0017,-3.1379,0.7852,3.1416,-4704.7949,-28632.8379,24.0143,1
-4703.1636,-28634.3926,24.9425,-5252.6064,-28084.4668,21.9621,-4697.2979,-28634.1621,25.6271,781.3707,-0.0008,0.0012,-3.1379,0.7852,3.1416,-4704.5586,-28632.8691,24.0571,1
-4703.1636,-28634.3926,24.9425,-5252.6064,-28084.4668,21.9621,-4700.3887,-28633.6992,23.2862,778.8449,-0.0005,0.0008,-3.1379,0.7852,3.1416,-4704.4048,-28632.8887,24.0287,1
-4703.1636,-28634.3926,24.9425,-5252.6064,-28084.4668,21.9621,-4705.9146,-28631.7266,20.7283,773.5403,0.0000,0.0002,-3.1379,0.7852,3.1416,-4704.4209,-28632.8477,23.9159,1
-4703.1636,-28634.3926,24.9425,-5252.6064,-28084.4668,21.9621,-4701.2856,-28632.5273,28.0433,777.4011,-0.0005,0.0017,-3.1379,0.7852,3.1416,-4704.2920,-28632.8281,24.0322,1
-4703.1636,-28634.3926,24.9425,-5252.6064,-28084.4668,21.9621,-4703.5635,-28640.2676,25.6136,781.2616,0.0009,0.0012,-3.1379,0.7852,3.1416,-4704.2314,-28633.0586,24.0793,1
-4703.1636,-28634.3926,24.9425,-5252.6064,-28084.4668,21.9621,-4698.9033,-28641.0918,23.1590,785.1224,0.0004,0.0007,-3.1379,0.7852,3.1416,-4704.0220,-28633.3281,24.0514,1
-4703.1636,-28634.3926,24.9425,-5252.6064,-28084.4668,21.9621,-4705.2427,-28630.8984,20.7155,773.4311,-0.0002,0.0002,-3.1379,0.7852,3.1416,-4704.0054,-28633.2891,23.9421,1
-4703.1636,-28634.3926,24.9425,-5252.6064,-28084.4668,21.9621,-4700.6128,-28631.6934,28.0294,777.2920,-0.0007,0.0017,-3.1379,0.7852,3.1416,-4703.8442,-28633.2676,24.0617,1
-4703.1636,-28634.3926,24.9425,-5252.6064,-28084.4668,21.9621,-4702.8789,-28639.4375,25.5998,781.1524,0.0007,0.0012,-3.1379,0.7852,3.1416,-4703.7510,-28633.4922,24.1118,1
-4703.1636,-28634.3926,24.9425,-5252.6064,-28084.4668,21.9621,-4698.2183,-28640.2559,23.1458,785.0132,0.0002,0.0007,-3.1379,0.7852,3.1416,-4703.5093,-28633.7520,24.0867,1
-4703.1636,-28634.3926,24.9425,-5252.6064,-28084.4668,21.9621,-4704.5718,-28630.0723,20.7027,773.3220,-0.0004,0.0002,-3.1379,0.7852,3.1416,-4703.4619,-28633.6992,23.9799,1
-4703.1636,-28634.3926,24.9425,-5252.6064,-28084.4668,21.9621,-4707.0234,-28627.9043,22.2054,770.0529,-0.0003,0.0005,-3.1379,0.7852,3.1416,-4703.4990,-28633.5645,23.9143,1
-4703.1636,-28634.3926,24.9425,-5252.6064,-28084.4668,21.9621,-4702.1963,-28638.6055,25.5862,781.0432,0.0005,0.0012,-3.1379,0.7852,3.1416,-4703.3901,-28633.7617,23.9544,1
-4703.1636,-28634.3926,24.9425,-5252.6064,-28084.4668,21.9621,-4697.5342,-28639.4180,23.1325,784.9041,-0.0001,0.0007,-3.1379,0.7852,3.1416,-4703.1328,-28633.9941,23.9199,1
-4703.1636,-28634.3926,24.9425,-5252.6064,-28084.4668,21.9621,-4703.9019,-28629.2422,20.6898,773.2128,-0.0006,0.0002,-3.1379,0.7852,3.1416,-4703.0688,-28633.9082,23.8047,1
-4703.1636,-28634.3926,24.9425,-5252.6064,-28084.4668,21.9621,-4706.1694,-28636.9355,28.0020,777.0737,0.0008,0.0017,-3.1379,0.7852,3.1416,-4703.0830,-28634.0605,23.9189,1
-4703.1636,-28634.3926,24.9425,-5252.6064,-28084.4668,21.9621,-4701.5142,-28637.7734,25.5725,780.9341,0.0003,0.0012,-3.1379,0.7852,3.1416,-4702.9565,-28634.2422,23.9641,1
-4703.1636,-28634.3926,24.9425,-5252.6064,-28084.4668,21.9621,-4696.8516,-28638.5801,23.1190,784.7949,-0.0003,0.0007,-3.1379,0.7852,3.1416,-4702.6816,-28634.4531,23.9346,1
-4703.1636,-28634.3926,24.9425,-5252.6064,-28084.4668,21.9621,-4703.2334,-28628.4141,20.6770,773.1036,-0.0008,0.0002,-3.1379,0.7852,3.1416,-4702.6001,-28634.3457,23.8241,1
-4703.1636,-28634.3926,24.9425,-5252.6064,-28084.4668,21.9621,-4705.4897,-28636.1094,27.9880,776.9645,0.0006,0.0017,-3.1379,0.7852,3.1416,-4702.5957,-28634.4707,23.9427,1
-4703.1636,-28634.3926,24.9425,-5252.6064,-28084.4668,21.9621,-4700.8335,-28636.9414,25.5589,780.8249,0.0001,0.0012,-3.1379,0.7852,3.1416,-4702.4517,-28634.6230,23.9921,1
-4703.1636,-28634.3926,24.9425,-5252.6064,-28084.4668,21.9621,-4696.1704,-28637.7422,23.1057,784.6857,-0.0005,0.0007,-3.1379,0.7852,3.1416,-4702.1582,-28634.8027,23.9666,1
-4703.1636,-28634.3926,24.9425,-5252.6064,-28084.4668,21.9621,-4709.4346,-28634.4531,20.6645,772.9944,0.0010,0.0002,-3.1379,0.7852,3.1416,-4702.2817,-28634.8809,23.8597,1
-4703.1636,-28634.3926,24.9425,-5252.6064,-28084.4668,21.9621,-4704.8115,-28635.2812,27.9740,776.8553,0.0004,0.0017,-3.1379,0.7852,3.1416,-4702.2739,-28634.9824,23.9817,1
-4703.1636,-28634.3926,24.9425,-5252.6064,-28084.4668,21.9621,-4700.1543,-28636.1074,25.5453,780.7157,-0.0002,0.0012,-3.1379,0.7852,3.1416,-4702.1255,-28635.1074,24.0342,1
-4703.1636,-28634.3926,24.9425,-5252.6064,-28084.4668,21.9621,-4695.4902,-28636.9023,23.0923,784.5766,-0.0007,0.0007,-3.1379,0.7852,3.1416,-4701.8267,-28635.2578,24.0115,1
-4703.1636,-28634.3926,24.9425,-5252.6064,-28084.4668,21.9621,-4708.7583,-28633.6309,20.6516,772.8853,0.0007,0.0002,-3.1379,0.7852,3.1416,-4701.9438,-28635.3027,23.9072,1
-4703.1636,-28634.3926,24.9425,-5252.6064,-28084.4668,21.9621,-4703.9907,-28637.5254,24.5964,779.0090,0.0006,0.0010,-3.1379,0.7852,3.1416,-4701.9243,-28635.4668,23.9231,1
-4703.1636,-28634.3926,24.9425,-5252.6064,-28084.4668,21.9621,-4699.4761,-28635.2734,25.5316,780.6066,-0.0004,0.0012,-3.1379,0.7852,3.1416,-4701.7671,-28635.5605,23.9706,1
-4703.1636,-28634.3926,24.9425,-5252.6064,-28084.4668,21.9621,-4694.8110,-28636.0605,23.0791,784.4674,-0.0009,0.0007,-3.1379,0.7852,3.1416,-4701.4595,-28635.6738,23.9432,1
-4703.1636,-28634.3926,24.9425,-5252.6064,-28084.4668,21.9621,-4708.0830,-28632.8066,20.6388,772.7762,0.0005,0.0002,-3.1379,0.7852,3.1416,-4701.5669,-28635.6816,23.8346,1
-4703.1636,-28634.3926,24.9425,-5252.6064,-28084.4668,21.9621,-4705.1792,-28636.3086,26.0146,777.3134,0.0006,0.0013,-3.1379,0.7852,3.1416,-4701.5967,-28635.7910,23.8926,1
-4703.1636,-28634.3926,24.9425,-5252.6064,-28084.4668,21.9621,-4698.7993,-28634.4375,25.5180,780.4974,-0.0006,0.0012,-3.1379,0.7852,3.1416,-4701.4326,-28635.8398,23.9394,1
-4703.1636,-28634.3926,24.9425,-5252.6064,-28084.4668,21.9621,-4701.0986,-28642.1934,23.0658,784.3582,0.0009,0.0007,-3.1379,0.7852,3.1416,-4701.3389,-28636.1309,23.9113,1
-4703.1636,-28634.3926,24.9425,-5252.6064,-28084.4668,21.9621,-4707.4097,-28631.9824,20.6260,772.6670,0.0003,0.0002,-3.1379,0.7852,3.1416,-4701.4517,-28636.1035,23.8021,1
-4703.1636,-28634.3926,24.9425,-5252.6064,-28084.4668,21.9621,-4704.1343,-28627.8867,29.5481,772.1236,-0.0008,0.0021,-3.1379,0.7852,3.1416,-4701.4741,-28635.9297,23.9749,1
-4703.1636,-28634.3926,24.9425,-5252.6064,-28084.4668,21.9621,-4698.1240,-28633.6016,25.5044,780.3882,-0.0008,0.0012,-3.1379,0.7852,3.1416,-4701.3110,-28635.9238,24.0288,1
-4703.1636,-28634.3926,24.9425,-5252.6064,-28084.4668,21.9621,-4700.4116,-28641.3594,23.0525,784.2491,0.0006,0.0007,-3.1379,0.7852,3.1416,-4701.2163,-28636.1562,24.0072,1
-4703.1636,-28634.3926,24.9425,-5252.6064,-28084.4668,21.9621,-4706.7368,-28631.1582,20.6132,772.5579,0.0001,0.0002,-3.1379,0.7852,3.1416,-4701.3262,-28636.0703,23.9039,1
-4703.1636,-28634.3926,24.9425,-5252.6064,-28084.4668,21.9621,-4702.1099,-28631.9629,27.9184,776.4187,-0.0005,0.0017,-3.1379,0.7852,3.1416,-4701.3003,-28636.0000,24.0291,1
-4703.1636,-28634.3926,24.9425,-5252.6064,-28084.4668,21.9621,-4704.3833,-28639.6973,25.4911,780.2791,0.0010,0.0012,-3.1379,0.7852,3.1416,-4701.3506,-28636.1660,24.0843,1
-4703.1636,-28634.3926,24.9425,-5252.6064,-28084.4668,21.9621,-4699.7261,-28640.5254,23.0391,784.1400,0.0004,0.0007,-3.1379,0.7852,3.1416,-4701.2603,-28636.3633,24.0639,1
-4703.1636,-28634.3926,24.9425,-5252.6064,-28084.4668,21.9621,-4706.0654,-28630.3320,20.6004,772.4487,-0.0001,0.0002,-3.1379,0.7852,3.1416,-4701.3721,-28636.2402,23.9615,1
-4703.1636,-28634.3926,24.9425,-5252.6064,-28084.4668,21.9621,-4701.4375,-28631.1328,27.9045,776.3096,-0.0007,0.0017,-3.1379,0.7852,3.1416,-4701.3457,-28636.1289,24.0872,1
-4703.1636,-28634.3926,24.9425,-5252.6064,-28084.4668,21.9621,-4703.6997,-28638.8672,25.4774,780.1699,0.0008,0.0012,-3.1379,0.7852,3.1416,-4701.3931,-28636.2539,24.1428,1
-4703.1636,-28634.3926,24.9425,-5252.6064,-28084.4668,21.9621,-4700.3804,-28634.1289,21.2231,779.1543,-0.0004,0.0003,-3.1379,0.7852,3.1416,-4701.3398,-28636.2305,24.0645,1
-4703.1636,-28634.3926,24.9425,-5252.6064,-28084.4668,21.9621,-4705.3955,-28629.5059,20.5879,772.3395,-0.0003,0.0002,-3.1379,0.7852,3.1416,-4701.4473,-28636.0508,23.9582,1
-4703.1636,-28634.3926,24.9425,-5252.6064,-28084.4668,21.9621,-4700.7666,-28630.2988,27.8909,776.2004,-0.0009,0.0017,-3.1379,0.7852,3.1416,-4701.4141,-28635.8828,24.0802,1
-4703.1636,-28634.3926,24.9425,-5252.6064,-28084.4668,21.9621,-4703.0176,-28638.0371,25.4641,780.0609,0.0005,0.0012,-3.1379,0.7852,3.1416,-4701.4521,-28635.9531,24.1321,1
-4703.1636,-28634.3926,24.9425,-5252.6064,-28084.4668,21.9621,-4701.5732,-28632.9238,22.6486,777.4581,-0.0004,0.0006,-3.1379,0.7852,3.1416,-4701.4482,-28635.8613,24.0963,1
-4703.1636,-28634.3926,24.9425,-5252.6064,-28084.4668,21.9621,-4702.9160,-28628.1562,23.0015,773.1464,-0.0009,0.0007,-3.1379,0.7852,3.1416,-4701.4878,-28635.6094,24.0681,1
-4703.1636,-28634.3926,24.9425,-5252.6064,-28084.4668,21.9621,-4706.9888,-28636.3652,27.8773,776.0912,0.0009,0.0017,-3.1379,0.7852,3.1416,-4701.6621,-28635.6055,24.1945,1
-4703.1636,-28634.3926,24.9425,-5252.6064,-28084.4668,21.9621,-4702.3364,-28637.2070,25.4505,779.9517,0.0003,0.0012,-3.1379,0.7852,3.1416,-4701.6978,-28635.6309,24.2504,1
-4703.1636,-28634.3926,24.9425,-5252.6064,-28084.4668,21.9621,-4697.6768,-28638.0176,22.9994,783.8124,-0.0002,0.0007,-3.1379,0.7852,3.1416,-4701.5854,-28635.6875,24.2299,1
-4703.1636,-28634.3926,24.9425,-5252.6064,-28084.4668,21.9621,-4704.0591,-28627.8516,20.5623,772.1212,-0.0008,0.0002,-3.1379,0.7852,3.1416,-4701.6689,-28635.4219,24.1267,1
-4703.1636,-28634.3926,24.9425,-5252.6064,-28084.4668,21.9621,-4706.3101,-28635.5410,27.8634,775.9821,0.0007,0.0017,-3.1379,0.7852,3.1416,-4701.8301,-28635.3887,24.2511,1
-4703.1636,-28634.3926,24.9425,-5252.6064,-28084.4668,21.9621,-4701.6567,-28636.3750,25.4369,779.8425,0.0001,0.0012,-3.1379,0.7852,3.1416,-4701.8501,-28635.3828,24.3047,1
-4703.1636,-28634.3926,24.9425,-5252.6064,-28084.4668,21.9621,-4696.9961,-28637.1797,22.9861,783.7034,-0.0004,0.0007,-3.1379,0.7852,3.1416,-4701.7207,-28635.4082,24.2819,1
-4703.1636,-28634.3926,24.9425,-5252.6064,-28084.4668,21.9621,-4710.2539,-28633.8809,20.5498,772.0121,0.0010,0.0002,-3.1379,0.7852,3.1416,-4702.0068,-28635.3301,24.1762,1
-4703.1636,-28634.3926,24.9425,-5252.6064,-28084.4668,21.9621,-4708.0781,-28634.7812,27.2013,774.1943,0.0008,0.0016,-3.1379,0.7852,3.1416,-4702.2397,-28635.2793,24.2773,1
-4703.1636,-28634.3926,24.9425,-5252.6064,-28084.4668,21.9621,-4706.1890,-28626.8809,28.8426,769.9504,-0.0006,0.0019,-3.1379,0.7852,3.1416,-4702.4238,-28634.9727,24.4383,1
-4703.1636,-28634.3926,24.9425,-5252.6064,-28084.4668,21.9621,-4705.1602,-28629.2988,26.8888,772.3708,-0.0004,0.0015,-3.1379,0.7852,3.1416,-4702.5801,-28634.7285,24.5448,1
-4703.1636,-28634.3926,24.9425,-5252.6064,-28084.4668,21.9621,-4695.4585,-28635.4766,27.3117,783.6108,-0.0009,0.0016,-3.1379,0.7852,3.1416,-4702.4292,-28634.6758,24.6678,1
-4703.1636,-28634.3926,24.9425,-5252.6064,-28084.4668,21.9621,-4703.7129,-28637.6387,27.6417,779.2991,0.0006,0.0016,-3.1379,0.7852,3.1416,-4702.5244,-28634.6953,24.8063,1
-4703.1636,-28634.3926,24.9425,-5252.6064,-28084.4668,21.9630,-4700.3008,-28634.7090,25.4106,779.6241,-0.0003,0.0012,-3.1379,0.7852,3.1416,-4702.5112,-28634.6289,24.8780,1
-4703.1636,-28634.3926,24.9425,-5252.6064,-28084.4668,21.9646,-4695.6387,-28635.5000,22.9746,783.4850,-0.0009,0.0007,-3.1379,0.7852,3.1416,-4702.3423,-28634.5918,24.8712,1
-4703.1636,-28634.3926,24.9425,-5252.6064,-28084.4668,21.9654,-4708.9038,-28632.2363,20.5643,771.7938,0.0006,0.0002,-3.1380,0.7852,3.1416,-4702.5845,-28634.4531,24.7796,1
-4703.1636,-28634.3926,24.9425,-5252.6064,-28084.4668,21.9656,-4704.2812,-28633.0586,27.9224,775.6547,0.0000,0.0017,-3.1380,0.7852,3.1416,-4702.6890,-28634.3379,24.9151,1
-4703.1636,-28634.3926,24.9425,-5252.6064,-28084.4668,21.9653,-4699.6255,-28633.8750,25.5629,779.5150,-0.0005,0.0012,-3.1381,0.7852,3.1416,-4702.6455,-28634.2480,24.9798,1
-4703.1636,-28634.3926,24.9425,-5252.6069,-28084.4668,21.9648,-4701.9204,-28641.6250,23.1713,783.3760,0.0009,0.0007,-3.1382,0.7852,3.1416,-4702.6680,-28634.4082,24.9679,1
-4703.1636,-28634.3926,24.9425,-5252.6069,-28084.4668,21.9643,-4708.2310,-28631.4141,20.5522,771.6852,0.0003,0.0001,-3.1383,0.7852,3.1416,-4702.8911,-28634.2598,24.8650,1
-4703.1636,-28634.3926,24.9425,-5252.6069,-28084.4648,21.9637,-4703.6069,-28632.2285,27.8704,775.5461,-0.0002,0.0016,-3.1383,0.7852,3.1416,-4702.9741,-28634.1328,24.9879,1
-4703.1636,-28634.3926,24.9425,-5252.6069,-28084.4648,21.9632,-4698.9502,-28633.0391,25.4480,779.4066,-0.0008,0.0011,-3.1383,0.7852,3.1416,-4702.9072,-28634.0293,25.0381,1
-4703.1636,-28634.3926,24.9425,-5252.6069,-28084.4648,21.9629,-4701.2339,-28640.7910,22.9848,783.2674,0.0007,0.0006,-3.1383,0.7852,3.1416,-4702.9033,-28634.1758,25.0093,1
-4703.1636,-28634.3926,24.9425,-5252.6069,-28084.4648,21.9626,-4707.5591,-28630.5898,20.4719,771.5764,0.0001,0.0001,-3.1382,0.7852,3.1416,-4703.0986,-28634.0098,24.8925,1
-4703.1636,-28634.3926,24.9425,-5252.6069,-28084.4668,21.9624,-4702.9336,-28631.4004,27.7309,775.4373,-0.0004,0.0016,-3.1382,0.7852,3.1416,-4703.1519,-28633.8652,24.9999,1
-4703.1636,-28634.3926,24.9425,-5252.6069,-28084.4668,21.9622,-4698.2764,-28632.2051,25.2635,779.2977,-0.0010,0.0011,-3.1381,0.7852,3.1416,-4703.0537,-28633.7422,25.0331,1
-4703.1636,-28634.3926,24.9425,-5252.6069,-28084.4668,21.9621,-4700.5488,-28639.9590,22.7691,783.1585,0.0005,0.0006,-3.1381,0.7852,3.1416,-4703.0161,-28633.8672,24.9863,1
-4703.1636,-28634.3926,24.9425,-5252.6064,-28084.4668,21.9621,-4700.2339,-28630.6797,23.1513,776.8284,-0.0009,0.0007,-3.1380,0.7852,3.1416,-4702.9614,-28633.7109,24.9456,1
-4703.1636,-28634.3926,24.9425,-5252.6064,-28084.4668,21.9620,-4702.2617,-28630.5703,27.6952,775.3278,-0.0006,0.0017,-3.1380,0.7852,3.1416,-4702.9648,-28633.5449,25.0469,1
-4703.1636,-28634.3926,24.9425,-5252.6064,-28084.4668,21.9620,-4704.5200,-28638.2988,25.2327,779.1881,0.0008,0.0012,-3.1379,0.7852,3.1416,-4703.0386,-28633.6250,25.0740,1
-4703.1636,-28634.3926,24.9425,-5252.6064,-28084.4668,21.9620,-4699.8647,-28639.1250,22.7505,783.0490,0.0002,0.0007,-3.1379,0.7852,3.1416,-4702.9658,-28633.7422,25.0215,1
-4703.1636,-28634.3926,24.9425,-5252.6064,-28084.4668,21.9620,-4706.2192,-28628.9414,20.4468,771.3572,-0.0003,0.0002,-3.1379,0.7852,3.1416,-4703.0898,-28633.5449,24.8877,1
-4703.1636,-28634.3926,24.9425,-5252.6064,-28084.4668,21.9619,-4705.1509,-28634.8105,24.7944,776.2651,0.0004,0.0011,-3.1378,0.7852,3.1416,-4703.1851,-28633.5293,24.8847,1
-4703.1636,-28634.3926,24.9425,-5252.6064,-28084.4668,21.9619,-4703.8389,-28637.4707,25.2790,779.0785,0.0006,0.0012,-3.1378,0.7852,3.1416,-4703.2407,-28633.6035,24.8971,1
-4703.1636,-28634.3926,24.9425,-5252.6064,-28084.4668,21.9619,-4699.1826,-28638.2891,22.8198,782.9393,0.0000,0.0007,-3.1378,0.7852,3.1416,-4703.1484,-28633.7129,24.8317,1
-4703.1636,-28634.3926,24.9425,-5252.6064,-28084.4668,21.9619,-4705.5513,-28628.1152,20.4554,771.2478,-0.0005,0.0002,-3.1378,0.7852,3.1416,-4703.2505,-28633.5059,24.6844,1
-4703.1636,-28634.3926,24.9425,-5252.6064,-28084.4668,21.9619,-4707.8081,-28635.7949,27.7467,775.1086,0.0009,0.0017,-3.1378,0.7852,3.1416,-4703.4292,-28633.5371,24.7640,1
-4703.1636,-28634.3926,24.9425,-5252.6064,-28084.4668,21.9619,-4703.1587,-28636.6387,25.3252,778.9690,0.0004,0.0012,-3.1378,0.7852,3.1416,-4703.4663,-28633.6016,24.7724,1
-4703.1636,-28634.3926,24.9425,-5252.6064,-28084.4668,21.9619,-4698.5020,-28637.4531,22.8822,782.8300,-0.0002,0.0007,-3.1378,0.7852,3.1416,-4703.3530,-28633.6992,24.7043,1
-4703.1636,-28634.3926,24.9425,-5252.6064,-28084.4668,21.9620,-4704.8843,-28627.2871,20.4555,771.1385,-0.0007,0.0002,-3.1378,0.7852,3.1416,-4703.4321,-28633.4785,24.5529,1
-4703.1636,-28634.3926,24.9425,-5252.6064,-28084.4668,21.9620,-4707.1304,-28634.9707,27.7563,774.9994,0.0007,0.0017,-3.1378,0.7852,3.1416,-4703.5854,-28633.4922,24.6294,1
-4703.1636,-28634.3926,24.9425,-5252.6064,-28084.4668,21.9620,-4702.3589,-28635.3945,28.2135,778.6681,0.0001,0.0018,-3.1378,0.7852,3.1416,-4703.5918,-28633.5254,24.7276,1
-4703.1636,-28634.3926,24.9425,-5252.6064,-28084.4668,21.9620,-4697.8218,-28636.6152,22.9059,782.7207,-0.0004,0.0007,-3.1378,0.7852,3.1416,-4703.4492,-28633.5996,24.6638,1
-4703.1636,-28634.3926,24.9425,-5252.6064,-28084.4668,21.9620,-4704.2188,-28626.4590,20.4461,771.0295,-0.0010,0.0002,-3.1379,0.7852,3.1416,-4703.4976,-28633.3555,24.5159,1
-4703.1636,-28634.3926,24.9425,-5252.6064,-28084.4668,21.9620,-4706.4531,-28634.1465,27.7467,774.8904,0.0005,0.0017,-3.1379,0.7852,3.1416,-4703.6191,-28633.3457,24.5957,1
-4703.1636,-28634.3926,24.9425,-5252.6064,-28084.4668,21.9621,-4701.8018,-28634.9766,25.3335,778.7508,-0.0001,0.0012,-3.1379,0.7852,3.1416,-4703.5957,-28633.3652,24.6051,1
-4703.1636,-28634.3926,24.9425,-5252.6064,-28084.4668,21.9621,-4697.1431,-28635.7773,22.8948,782.6116,-0.0006,0.0007,-3.1379,0.7852,3.1416,-4703.4189,-28633.4141,24.5385,1
-4703.1636,-28634.3926,24.9425,-5252.6064,-28084.4668,21.9621,-4710.3979,-28632.4883,20.4306,770.9205,0.0008,0.0002,-3.1379,0.7852,3.1416,-4703.6548,-28633.3633,24.3882,1
-4703.1636,-28634.3926,24.9425,-5252.6064,-28084.4668,21.9621,-4705.7773,-28633.3203,27.7260,774.7814,0.0003,0.0017,-3.1379,0.7852,3.1416,-4703.7544,-28633.3398,24.4659,1
-4703.1636,-28634.3926,24.9425,-5252.6064,-28084.4668,21.9621,-4701.1250,-28634.1445,25.3081,778.6417,-0.0003,0.0012,-3.1379,0.7852,3.1416,-4703.7075,-28633.3418,24.4734,1
-4703.1636,-28634.3926,24.9425,-5252.6064,-28084.4668,21.9621,-4696.4658,-28634.9395,22.8644,782.5026,-0.0008,0.0007,-3.1379,0.7852,3.1416,-4703.5059,-28633.3730,24.4052,1
-4703.1636,-28634.3926,24.9425,-5252.6064,-28084.4668,21.9621,-4709.7246,-28631.6660,20.4127,770.8114,0.0006,0.0002,-3.1379,0.7852,3.1416,-4703.7144,-28633.3008,24.2540,1
-4703.1636,-28634.3926,24.9425,-5252.6064,-28084.4668,21.9621,-4705.1030,-28632.4922,27.7020,774.6722,0.0000,0.0017,-3.1379,0.7852,3.1416,-4703.7856,-28633.2539,24.3311,1
-4703.1636,-28634.3926,24.9425,-5252.6064,-28084.4668,21.9621,-4700.4497,-28633.3125,25.2795,778.5327,-0.0005,0.0012,-3.1379,0.7852,3.1416,-4703.7095,-28633.2324,24.3382,1
-4703.1636,-28634.3926,24.9425,-5252.6064,-28084.4668,21.9621,-4702.7407,-28641.0547,22.8321,782.3935,0.0009,0.0007,-3.1379,0.7852,3.1416,-4703.6987,-28633.4590,24.2698,1
-4703.1636,-28634.3926,24.9425,-5252.6064,-28084.4668,21.9621,-4709.0522,-28630.8457,20.3961,770.7023,0.0004,0.0002,-3.1379,0.7852,3.1416,-4703.8892,-28633.3750,24.1193,1
-4703.1636,-28634.3926,24.9425,-5252.6064,-28084.4668,21.9621,-4702.2251,-28634.8203,22.4667,778.3358,-0.0000,0.0006,-3.1379,0.7852,3.1416,-4703.8696,-28633.4141,24.0292,1
-4703.1636,-28634.3926,24.9425,-5252.6064,-28084.4668,21.9621,-4699.7759,-28632.4785,25.2560,778.4235,-0.0007,0.0012,-3.1379,0.7852,3.1416,-4703.7671,-28633.3828,24.0267,1
-4703.1636,-28634.3926,24.9425,-5252.6064,-28084.4668,21.9621,-4702.0552,-28640.2227,22.8066,782.2844,0.0007,0.0007,-3.1379,0.7852,3.1416,-4703.7280,-28633.5957,23.9496,1
-4703.1636,-28634.3926,24.9425,-5252.6064,-28084.4668,21.9621,-4708.3809,-28630.0215,20.3819,770.5931,0.0002,0.0002,-3.1379,0.7852,3.1416,-4703.8896,-28633.4961,23.7922,1
-4703.1636,-28634.3926,24.9425,-5252.6064,-28084.4668,21.9621,-4703.7578,-28630.8359,27.6648,774.4539,-0.0004,0.0017,-3.1379,0.7852,3.1416,-4703.9102,-28633.4141,23.8645,1
-4703.1636,-28634.3926,24.9425,-5252.6064,-28084.4668,21.9621,-4699.1030,-28631.6426,25.2394,778.3143,-0.0009,0.0012,-3.1379,0.7852,3.1416,-4703.7808,-28633.3535,23.8682,1
-4703.1636,-28634.3926,24.9425,-5252.6064,-28084.4668,21.9621,-4701.3711,-28639.3906,22.7903,782.1752,0.0005,0.0007,-3.1379,0.7852,3.1416,-4703.7129,-28633.5371,23.7976,1
-4703.1636,-28634.3926,24.9425,-5252.6064,-28084.4668,21.9621,-4707.7109,-28629.1992,20.3696,770.4839,-0.0001,0.0002,-3.1379,0.7852,3.1416,-4703.8447,-28633.4043,23.6471,1
-4703.1636,-28634.3926,24.9425,-5252.6064,-28084.4668,21.9621,-4703.0869,-28630.0078,27.6520,774.3448,-0.0006,0.0017,-3.1379,0.7852,3.1416,-4703.8350,-28633.2910,23.7265,1
-4703.1636,-28634.3926,24.9425,-5252.6064,-28084.4668,21.9621,-4705.3403,-28637.7285,25.2280,778.2052,0.0008,0.0012,-3.1379,0.7852,3.1416,-4703.8955,-28633.4180,23.7375,1
-4703.1636,-28634.3926,24.9425,-5252.6064,-28084.4668,21.9621,-4700.6880,-28638.5566,22.7799,782.0660,0.0003,0.0007,-3.1379,0.7852,3.1416,-4703.8101,-28633.5820,23.6744,1
-4703.1636,-28634.3926,24.9425,-5252.6064,-28084.4668,21.9621,-4707.0425,-28628.3750,20.3580,770.3747,-0.0003,0.0002,-3.1379,0.7852,3.1416,-4703.9214,-28633.4277,23.5314,1
-4703.1636,-28634.3926,24.9425,-5252.6064,-28084.4668,21.9621,-4702.4175,-28629.1758,27.6404,774.2356,-0.0008,0.0017,-3.1379,0.7852,3.1416,-4703.8901,-28633.2891,23.6185,1
-4703.1636,-28634.3926,24.9425,-5252.6064,-28084.4668,21.9621,-4704.6597,-28636.9004,25.2181,778.0959,0.0006,0.0012,-3.1379,0.7852,3.1416,-4703.9268,-28633.3906,23.6372,1
-4703.1636,-28634.3926,24.9425,-5252.6064,-28084.4668,21.9621,-4700.0063,-28637.7227,22.7715,781.9568,0.0001,0.0007,-3.1379,0.7852,3.1416,-4703.8164,-28633.5254,23.5820,1
-4703.1636,-28634.3926,24.9425,-5252.6064,-28084.4668,21.9621,-4706.3750,-28627.5488,20.3463,770.2655,-0.0005,0.0002,-3.1379,0.7852,3.1416,-4703.9019,-28633.3398,23.4468,1
-4703.1636,-28634.3926,24.9425,-5252.6064,-28084.4668,21.9621,-4708.6270,-28635.2246,27.6290,774.1264,0.0010,0.0017,-3.1379,0.7852,3.1416,-4704.0649,-28633.3926,23.5417,1
-4703.1636,-28634.3926,24.9425,-5252.6064,-28084.4668,21.9621,-4703.9800,-28636.0723,25.2076,777.9868,0.0004,0.0012,-3.1379,0.7852,3.1416,-4704.0874,-28633.4766,23.5682,1
-4703.1636,-28634.3926,24.9425,-5252.6064,-28084.4668,21.9621,-4699.3262,-28636.8887,22.7619,781.8477,-0.0002,0.0007,-3.1379,0.7852,3.1416,-4703.9600,-28633.5898,23.5207,1
-4703.1636,-28634.3926,24.9425,-5252.6064,-28084.4668,21.9621,-4705.7090,-28626.7227,20.3343,770.1564,-0.0007,0.0002,-3.1379,0.7852,3.1416,-4704.0264,-28633.3828,23.3931,1
-4703.1636,-28634.3926,24.9425,-5252.6064,-28084.4668,21.9621,-4707.9492,-28634.4004,27.6162,774.0172,0.0007,0.0017,-3.1379,0.7852,3.1416,-4704.1689,-28633.4102,23.4954,1
-4703.1636,-28634.3926,24.9425,-5252.6064,-28084.4668,21.9621,-4703.3018,-28635.2422,25.1953,777.8776,0.0002,0.0012,-3.1379,0.7852,3.1416,-4704.1685,-28633.4668,23.5292,1
-4703.1636,-28634.3926,24.9425,-5252.6064,-28084.4668,21.9621,-4698.6470,-28636.0527,22.7502,781.7385,-0.0004,0.0006,-3.1379,0.7852,3.1416,-4704.0171,-28633.5527,23.4888,1
-4703.1636,-28634.3926,24.9425,-5252.6064,-28084.4668,21.9621,-4705.0439,-28625.8965,20.3214,770.0472,-0.0009,0.0001,-3.1379,0.7852,3.1416,-4704.0581,-28633.3145,23.3682,1
-4703.1636,-28634.3926,24.9425,-5252.6064,-28084.4668,21.9621,-4708.8701,-28635.2910,20.8456,773.9869,0.0010,0.0003,-3.1379,0.7852,3.1416,-4704.2246,-28633.3652,23.2590,1
-4703.1636,-28634.3926,24.9425,-5252.6064,-28084.4668,21.9621,-4702.6250,-28634.4121,25.1816,777.7684,-0.0000,0.0011,-3.1379,0.7852,3.1416,-4704.1987,-28633.3926,23.2853,1
-4703.1636,-28634.3926,24.9425,-5252.6064,-28084.4668,21.9621,-4704.5747,-28629.5508,23.2201,772.9508,-0.0005,0.0007,-3.1379,0.7852,3.1416,-4704.2319,-28633.2637,23.2538,1
-4703.1636,-28634.3926,24.9425,-5252.6064,-28084.4668,21.9621,-4711.2173,-28631.9160,20.3089,769.9381,0.0009,0.0001,-3.1379,0.7852,3.1416,-4704.4810,-28633.2051,23.1287,1
-4703.1636,-28634.3926,24.9425,-5252.6064,-28084.4668,21.9621,-4706.5981,-28632.7520,27.5880,773.7989,0.0003,0.0016,-3.1379,0.7852,3.1416,-4704.5933,-28633.1719,23.2341,1
-4703.1636,-28634.3926,24.9425,-5252.6064,-28084.4668,21.9621,-4701.9492,-28633.5801,25.1674,777.6594,-0.0003,0.0011,-3.1379,0.7852,3.1416,-4704.5586,-28633.1621,23.2717,1
-4703.1636,-28634.3926,24.9425,-5252.6064,-28084.4668,21.9621,-4697.2925,-28634.3789,22.7222,781.5202,-0.0008,0.0006,-3.1379,0.7852,3.1416,-4704.3682,-28633.1816,23.2356,1
-4703.1636,-28634.3926,24.9425,-5252.6064,-28084.4668,21.9621,-4710.5444,-28631.0957,20.2958,769.8290,0.0006,0.0001,-3.1379,0.7852,3.1416,-4704.5879,-28633.0977,23.1200,1
-4703.1636,-28634.3926,24.9425,-5252.6064,-28084.4668,21.9621,-4705.9243,-28631.9258,27.5736,773.6898,0.0001,0.0016,-3.1379,0.7852,3.1416,-4704.6699,-28633.0391,23.2346,1
-4703.1636,-28634.3926,24.9425,-5252.6064,-28084.4668,21.9621,-4701.2744,-28632.7480,25.1530,777.5502,-0.0005,0.0011,-3.1379,0.7852,3.1416,-4704.6035,-28633.0039,23.2810,1
-4703.1636,-28634.3926,24.9425,-5252.6064,-28084.4668,21.9621,-4695.9395,-28638.1016,26.1039,785.1111,-0.0005,0.0013,-3.1379,0.7852,3.1416,-4704.3594,-28633.1387,23.3616,1
-4703.1636,-28634.3926,24.9425,-5252.6064,-28084.4668,21.9621,-4698.9072,-28641.3027,20.2389,785.2715,0.0004,0.0001,-3.1379,0.7852,3.1416,-4704.1909,-28633.3867,23.2616,1
-4703.1636,-28634.3926,24.9425,-5252.6064,-28084.4668,21.9621,-4705.2520,-28631.0996,27.5595,773.5807,-0.0001,0.0016,-3.1379,0.7852,3.1416,-4704.2139,-28633.3281,23.3903,1
-4703.1636,-28634.3926,24.9425,-5252.6064,-28084.4668,21.9621,-4700.6011,-28631.9160,25.1389,777.4411,-0.0007,0.0011,-3.1379,0.7852,3.1416,-4704.0894,-28633.2891,23.4499,1
-4703.1636,-28634.3926,24.9425,-5252.6064,-28084.4668,21.9621,-4702.8760,-28639.6543,22.6945,781.3019,0.0008,0.0006,-3.1379,0.7852,3.1416,-4704.0312,-28633.4961,23.4344,1
-4703.1636,-28634.3926,24.9425,-5252.6064,-28084.4668,21.9621,-4698.2217,-28640.4668,20.2259,785.1622,0.0002,0.0001,-3.1379,0.7852,3.1416,-4703.8232,-28633.7402,23.3386,1
-4703.1636,-28634.3926,24.9425,-5252.6064,-28084.4668,21.9621,-4704.5806,-28630.2715,27.5459,773.4715,-0.0004,0.0016,-3.1379,0.7852,3.1416,-4703.8066,-28633.6719,23.4711,1
-4703.1636,-28634.3926,24.9425,-5252.6064,-28084.4668,21.9621,-4699.9292,-28631.0820,25.1257,777.3318,-0.0009,0.0011,-3.1379,0.7852,3.1416,-4703.6436,-28633.6211,23.5339,1
-4703.1636,-28634.3926,24.9425,-5252.6064,-28084.4668,21.9621,-4702.1929,-28638.8223,22.6813,781.1927,0.0005,0.0006,-3.1379,0.7852,3.1416,-4703.5464,-28633.8125,23.5214,1
-4703.1636,-28634.3926,24.9425,-5252.6064,-28084.4668,21.9621,-4697.5376,-28639.6289,20.2132,785.0530,-0.0000,0.0001,-3.1379,0.7852,3.1416,-4703.3003,-28634.0371,23.4281,1
-4703.1636,-28634.3926,24.9425,-5252.6064,-28084.4668,21.9621,-4703.9106,-28629.4434,27.5322,773.3623,-0.0006,0.0016,-3.1379,0.7852,3.1416,-4703.2471,-28633.9473,23.5626,1
-4703.1636,-28634.3926,24.9425,-5252.6064,-28084.4668,21.9621,-4706.1602,-28637.1582,25.1126,777.2227,0.0009,0.0011,-3.1379,0.7852,3.1416,-4703.2700,-28634.0938,23.6272,1
-4703.1636,-28634.3926,24.9425,-5252.6064,-28084.4668,21.9621,-4701.5107,-28637.9902,22.6683,781.0835,0.0003,0.0006,-3.1379,0.7852,3.1416,-4703.1519,-28634.2734,23.6159,1
-4703.1636,-28634.3926,24.9425,-5252.6064,-28084.4668,21.9621,-4700.8535,-28629.7168,20.9265,775.7120,-0.0010,0.0003,-3.1379,0.7852,3.1416,-4703.0107,-28634.1914,23.5457,1
-4703.1636,-28634.3926,24.9425,-5252.6064,-28084.4668,21.9621,-4696.3779,-28634.7910,27.5201,782.4769,-0.0009,0.0016,-3.1379,0.7852,3.1416,-4702.7251,-28634.2617,23.6806,1
-4703.1636,-28634.3926,24.9425,-5252.6064,-28084.4668,21.9621,-4705.4805,-28636.3320,25.0993,777.1135,0.0007,0.0011,-3.1379,0.7852,3.1416,-4702.7197,-28634.3809,23.7465,1
-4703.1636,-28634.3926,24.9425,-5252.6064,-28084.4668,21.9621,-4700.8301,-28637.1562,22.6554,780.9744,0.0001,0.0006,-3.1379,0.7852,3.1416,-4702.5737,-28634.5293,23.7361,1
-4703.1636,-28634.3926,24.9425,-5252.6064,-28084.4668,21.9621,-4696.1729,-28637.9512,20.1874,784.8348,-0.0005,0.0001,-3.1379,0.7852,3.1416,-4702.2793,-28634.7051,23.6442,1
-4703.1636,-28634.3926,24.9425,-5252.6064,-28084.4668,21.9621,-4709.4453,-28634.6523,27.5051,773.1440,0.0010,0.0016,-3.1379,0.7852,3.1416,-4702.4009,-28634.7812,23.7792,1
-4703.1636,-28634.3926,24.9425,-5252.6064,-28084.4668,21.9621,-4704.8013,-28635.5039,25.0858,777.0043,0.0004,0.0011,-3.1379,0.7852,3.1416,-4702.3906,-28634.8828,23.8434,1
-4703.1636,-28634.3926,24.9425,-5252.6064,-28084.4668,21.9621,-4700.1504,-28636.3242,22.6425,780.8652,-0.0001,0.0006,-3.1379,0.7852,3.1416,-4702.2388,-28635.0078,23.8311,1
-4703.1636,-28634.3926,24.9425,-5252.6064,-28084.4668,21.9621,-4695.4927,-28637.1113,20.1746,784.7256,-0.0007,0.0001,-3.1379,0.7852,3.1416,-4701.9375,-28635.1582,23.7370,1
-4703.1636,-28634.3926,24.9425,-5252.6064,-28084.4668,21.9621,-4708.7686,-28633.8301,27.4914,773.0349,0.0008,0.0016,-3.1379,0.7852,3.1416,-4702.0518,-28635.2051,23.8694,1
-4703.1636,-28634.3926,24.9425,-5252.6064,-28084.4668,21.9621,-4704.1240,-28634.6758,25.0724,776.8952,0.0002,0.0011,-3.1379,0.7852,3.1416,-4702.0332,-28635.2734,23.9309,1
-4703.1636,-28634.3926,24.9425,-5252.6064,-28084.4668,21.9621,-4699.4722,-28635.4883,22.6292,780.7561,-0.0003,0.0006,-3.1379,0.7852,3.1416,-4701.8726,-28635.3633,23.9156,1
-4703.1636,-28634.3926,24.9425,-5252.6064,-28084.4668,21.9621,-4694.8135,-28636.2715,20.1617,784.6165,-0.0009,0.0001,-3.1379,0.7852,3.1416,-4701.5615,-28635.4766,23.8183,1
-4703.1636,-28634.3926,24.9425,-5252.6064,-28084.4668,21.9621,-4708.0933,-28633.0078,27.4777,772.9257,0.0006,0.0016,-3.1379,0.7852,3.1416,-4701.6650,-28635.4844,23.9473,1
-4703.1636,-28634.3926,24.9425,-5252.6064,-28084.4668,21.9621,-4703.4478,-28633.8457,25.0590,776.7861,-0.0000,0.0011,-3.1379,0.7852,3.1416,-4701.6357,-28635.5098,24.0051,1
-4703.1636,-28634.3926,24.9425,-5252.6064,-28084.4668,21.9621,-4698.7949,-28634.6523,22.6160,780.6469,-0.0006,0.0006,-3.1379,0.7852,3.1416,-4701.4634,-28635.5547,23.9861,1
-4703.1636,-28634.3926,24.9425,-5252.6064,-28084.4668,21.9621,-4701.1030,-28642.4043,20.1488,784.5073,0.0009,0.0001,-3.1379,0.7852,3.1416,-4701.3623,-28635.8438,23.8849,1
-4703.1636,-28634.3926,24.9425,-5252.6064,-28084.4668,21.9621,-4707.4189,-28632.1836,27.4637,772.8165,0.0003,0.0016,-3.1379,0.7852,3.1416,-4701.4678,-28635.8164,24.0098,1
-4703.1636,-28634.3926,24.9425,-5252.6064,-28084.4668,21.9621,-4702.7725,-28633.0156,25.0453,776.6769,-0.0002,0.0011,-3.1379,0.7852,3.1416,-4701.4390,-28635.8047,24.0635,1
-4703.1636,-28634.3926,24.9425,-5252.6064,-28084.4668,21.9621,-4698.1191,-28633.8164,22.6026,780.5377,-0.0008,0.0006,-3.1379,0.7852,3.1416,-4701.2656,-28635.8125,24.0402,1
-4703.1636,-28634.3926,24.9425,-5252.6064,-28084.4668,21.9621,-4695.7896,-28634.6289,28.0766,782.7845,-0.0010,0.0017,-3.1379,0.7852,3.1416,-4701.0137,-28635.8379,24.1880,1
-4703.1636,-28634.3926,24.9425,-5252.6064,-28084.4668,21.9621,-4706.7461,-28631.3594,27.4500,772.7073,0.0001,0.0016,-3.1379,0.7852,3.1416,-4701.1055,-28635.7539,24.3249,1
-4703.1636,-28634.3926,24.9425,-5252.6064,-28084.4668,21.9621,-4702.0986,-28632.1855,25.0318,776.5677,-0.0004,0.0011,-3.1379,0.7852,3.1416,-4701.0620,-28635.6836,24.3890,1
-4703.1636,-28634.3926,24.9425,-5252.6064,-28084.4668,21.9621,-4706.6924,-28627.2422,29.0408,769.8493,-0.0005,0.0020,-3.1379,0.7852,3.1416,-4701.1729,-28635.4453,24.5836,1
-4703.1636,-28634.3926,24.9425,-5252.6064,-28084.4668,21.9621,-4699.7300,-28640.7344,20.1229,784.2890,0.0005,0.0001,-3.1379,0.7852,3.1416,-4701.0728,-28635.6211,24.4994,1
-4703.1636,-28634.3926,24.9425,-5252.6064,-28084.4668,21.9621,-4700.3931,-28641.7559,25.1363,784.5482,0.0007,0.0011,-3.1379,0.7852,3.1416,-4700.9927,-28635.8398,24.5637,1
-4703.1636,-28634.3926,24.9425,-5252.6064,-28084.4668,21.9621,-4704.2783,-28634.4727,29.5206,776.6698,0.0002,0.0020,-3.1379,0.7852,3.1416,-4701.0381,-28635.8398,24.7691,1
-4703.1636,-28634.3926,24.9425,-5252.6064,-28084.4668,21.9621,-4703.6973,-28639.0840,22.5764,780.3195,0.0008,0.0006,-3.1379,0.7852,3.1416,-4701.0737,-28635.9824,24.7600,1
-4703.1636,-28634.3926,24.9425,-5252.6064,-28084.4668,21.9621,-4699.0454,-28639.9004,20.1100,784.1798,0.0002,0.0001,-3.1379,0.7852,3.1416,-4700.9673,-28636.1562,24.6659,1
-4703.1636,-28634.3926,24.9425,-5252.6064,-28084.4668,21.9621,-4705.4038,-28629.7070,27.4224,772.4890,-0.0003,0.0016,-3.1379,0.7852,3.1416,-4701.0635,-28636.0078,24.7948,1
-4703.1636,-28634.3926,24.9425,-5252.6064,-28084.4668,21.9621,-4700.7549,-28630.5215,25.0049,776.3494,-0.0009,0.0011,-3.1379,0.7852,3.1416,-4701.0200,-28635.8711,24.8497,1
-4703.1636,-28634.3926,24.9425,-5252.6064,-28084.4668,21.9621,-4703.0146,-28638.2539,22.5632,780.2103,0.0006,0.0006,-3.1379,0.7852,3.1416,-4701.0493,-28635.9707,24.8251,1
-4703.1636,-28634.3926,24.9425,-5252.6064,-28084.4668,21.9621,-4698.3618,-28639.0625,20.0970,784.0707,0.0000,0.0001,-3.1379,0.7852,3.1416,-4700.9355,-28636.0996,24.7157,1
-4703.1636,-28634.3926,24.9425,-5252.6064,-28084.4668,21.9621,-4704.7344,-28628.8789,27.4087,772.3799,-0.0005,0.0016,-3.1379,0.7852,3.1416,-4701.0225,-28635.9043,24.8295,1
-4703.1636,-28634.3926,24.9425,-5252.6064,-28084.4668,21.9621,-4706.9795,-28636.5879,24.9917,776.2403,0.0009,0.0011,-3.1379,0.7852,3.1416,-4701.1899,-28635.9434,24.8698,1
-4703.1636,-28634.3926,24.9425,-5252.6064,-28084.4668,21.9621,-4702.3330,-28637.4219,22.5500,780.1011,0.0004,0.0006,-3.1379,0.7852,3.1416,-4701.2212,-28636.0098,24.8308,1
-4703.1636,-28634.3926,24.9425,-5252.6064,-28084.4668,21.9621,-4697.7021,-28638.2031,29.9360,783.9615,-0.0002,0.0021,-3.1379,0.7852,3.1416,-4701.1069,-28636.1035,25.0217,1
-4703.1636,-28634.3926,24.9425,-5252.6064,-28084.4668,21.9621,-4704.0664,-28628.0508,27.3951,772.2708,-0.0008,0.0016,-3.1379,0.7852,3.1416,-4701.1895,-28635.8730,25.1423,1
-4703.1636,-28634.3926,24.9425,-5252.6064,-28084.4668,21.9621,-4706.3003,-28635.7617,24.9783,776.1311,0.0007,0.0011,-3.1379,0.7852,3.1416,-4701.3506,-28635.8750,25.1881,1
-4703.1636,-28634.3926,24.9425,-5252.6064,-28084.4668,21.9621,-4700.4199,-28633.4043,25.0319,778.6180,-0.0005,0.0011,-3.1379,0.7852,3.1416,-4701.3330,-28635.8008,25.2335,1
-4703.1636,-28634.3926,24.9425,-5252.6064,-28084.4668,21.9621,-4697.0215,-28637.3652,29.9217,783.8523,-0.0004,0.0021,-3.1379,0.7852,3.1416,-4701.2051,-28635.8477,25.4328,1
-4703.1636,-28634.3926,24.9425,-5252.6064,-28084.4668,21.9621,-4703.3994,-28627.2227,27.3814,772.1616,-0.0010,0.0016,-3.1379,0.7852,3.1416,-4701.2720,-28635.5684,25.5599,1
-4703.1636,-28634.3926,24.9425,-5252.6064,-28084.4668,21.9621,-4705.6226,-28634.9355,24.9648,776.0220,0.0005,0.0011,-3.1379,0.7852,3.1416,-4701.4150,-28635.5234,25.6107,1
-4703.1636,-28634.3926,24.9425,-5252.6064,-28084.4668,21.9621,-4700.9741,-28635.7578,22.5241,779.8828,-0.0001,0.0006,-3.1379,0.7852,3.1416,-4701.4175,-28635.5039,25.5796,1
-4703.1636,-28634.3926,24.9425,-5252.6064,-28084.4668,21.9621,-4696.3418,-28636.5273,29.9077,783.7432,-0.0006,0.0021,-3.1379,0.7852,3.1416,-4701.2710,-28635.5098,25.7757,1
-4703.1636,-28634.3926,24.9425,-5252.6064,-28084.4668,21.9621,-4709.5874,-28633.2598,27.3681,772.0524,0.0008,0.0016,-3.1379,0.7852,3.1416,-4701.5396,-28635.4141,25.8985,1
-4703.1636,-28634.3926,24.9425,-5252.6064,-28084.4668,21.9621,-4704.9458,-28634.1074,24.9516,775.9128,0.0003,0.0011,-3.1379,0.7852,3.1416,-4701.6748,-28635.3418,25.9440,1
-4703.1636,-28634.3926,24.9425,-5252.6064,-28084.4668,21.9621,-4700.2964,-28634.9238,22.5109,779.7737,-0.0003,0.0006,-3.1379,0.7852,3.1416,-4701.6665,-28635.2949,25.9068,1
-4703.1636,-28634.3926,24.9425,-5252.6064,-28084.4668,21.9621,-4695.6631,-28635.6875,29.8933,783.6340,-0.0009,0.0021,-3.1379,0.7852,3.1416,-4701.5063,-28635.2715,26.0959,1
-4703.1636,-28634.3926,24.9425,-5252.6064,-28084.4668,21.9621,-4708.4263,-28630.7402,22.7338,771.0671,0.0003,0.0006,-3.1379,0.7852,3.1416,-4701.7437,-28635.0898,26.0609,1
-4703.1636,-28634.3926,24.9425,-5252.6064,-28084.4668,21.9621,-4704.2700,-28633.2793,24.9380,775.8036,0.0000,0.0011,-3.1379,0.7852,3.1416,-4701.8599,-28634.9844,26.0880,1
-4703.1636,-28634.3926,24.9425,-5252.6064,-28084.4668,21.9621,-4699.6201,-28634.0898,22.4975,779.6645,-0.0005,0.0006,-3.1379,0.7852,3.1416,-4701.8306,-28634.9023,26.0324,1
-4703.1636,-28634.3926,24.9425,-5252.6064,-28084.4668,21.9621,-4701.9458,-28641.8105,29.8793,783.5250,0.0009,0.0021,-3.1379,0.7852,3.1416,-4701.8696,-28635.0664,26.2034,1
-4703.1636,-28634.3926,24.9425,-5252.6064,-28084.4668,21.9621,-4708.2393,-28631.6152,27.3405,771.8341,0.0004,0.0016,-3.1379,0.7852,3.1416,-4702.1113,-28634.9199,26.3001,1
-4703.1636,-28634.3926,24.9425,-5252.6064,-28084.4668,21.9621,-4703.5957,-28632.4512,24.9246,775.6945,-0.0002,0.0011,-3.1379,0.7852,3.1416,-4702.2144,-28634.7949,26.3191,1
-4703.1636,-28634.3926,24.9425,-5252.6064,-28084.4668,21.9621,-4705.1919,-28628.5879,20.9609,771.8346,-0.0005,0.0003,-3.1379,0.7852,3.1416,-4702.3706,-28634.5410,26.2043,1
-4703.1636,-28634.3926,24.9425,-5252.6064,-28084.4668,21.9621,-4701.2593,-28640.9785,29.8650,783.4158,0.0007,0.0021,-3.1379,0.7852,3.1416,-4702.4043,-28634.6738,26.3630,1
-4703.1636,-28634.3926,24.9425,-5252.6064,-28084.4668,21.9621,-4707.5669,-28630.7910,27.3267,771.7249,0.0002,0.0016,-3.1379,0.7852,3.1416,-4702.6367,-28634.4961,26.4472,1
-4703.1636,-28634.3926,24.9425,-5252.6064,-28084.4668,21.9621,-4702.9229,-28631.6211,24.9111,775.5853,-0.0004,0.0011,-3.1379,0.7852,3.1416,-4702.7275,-28634.3398,26.4535,1
-4703.1636,-28634.3926,24.9425,-5252.6064,-28084.4668,21.9621,-4698.2710,-28632.4180,22.4712,779.4462,-0.0010,0.0006,-3.1379,0.7852,3.1416,-4702.6665,-28634.2051,26.3767,1
-4703.1636,-28634.3926,24.9425,-5252.6064,-28084.4668,21.9621,-4700.5742,-28640.1445,29.8507,783.3066,0.0005,0.0021,-3.1379,0.7852,3.1416,-4702.6675,-28634.3164,26.5259,1
-4703.1636,-28634.3926,24.9425,-5252.6064,-28084.4668,21.9621,-4706.8960,-28629.9668,27.3130,771.6158,-0.0001,0.0016,-3.1379,0.7852,3.1416,-4702.8657,-28634.1152,26.6003,1
-4703.1636,-28634.3926,24.9425,-5252.6064,-28084.4668,21.9621,-4702.2505,-28630.7910,24.8977,775.4766,-0.0006,0.0011,-3.1379,0.7852,3.1416,-4702.9199,-28633.9336,26.5967,1
-4703.1636,-28634.3926,24.9425,-5252.6064,-28084.4668,21.9621,-4704.5176,-28638.5137,22.4583,779.3370,0.0008,0.0006,-3.1379,0.7852,3.1416,-4703.0435,-28633.9980,26.5098,1
-4703.1636,-28634.3926,24.9425,-5252.6064,-28084.4668,21.9621,-4699.8901,-28639.3105,29.8364,783.1979,0.0003,0.0021,-3.1379,0.7852,3.1416,-4703.0195,-28634.0977,26.6487,1
-4703.1636,-28634.3926,24.9425,-5252.6064,-28084.4668,21.9621,-4706.2266,-28629.1426,27.2993,771.5066,-0.0003,0.0016,-3.1379,0.7852,3.1416,-4703.1904,-28633.8848,26.7128,1
-4703.1636,-28634.3926,24.9425,-5252.6064,-28084.4668,21.9621,-4701.5801,-28629.9590,24.8842,775.3675,-0.0008,0.0011,-3.1379,0.7852,3.1416,-4703.2148,-28633.6895,26.6987,1
-4703.1636,-28634.3926,24.9425,-5252.6064,-28084.4668,21.9621,-4697.7446,-28635.9336,25.2362,782.2990,-0.0005,0.0012,-3.1379,0.7852,3.1416,-4703.1118,-28633.6816,26.6910,1
-4703.1636,-28634.3926,24.9425,-5252.6064,-28084.4668,21.9621,-4699.2075,-28638.4766,29.8221,783.0887,0.0001,0.0021,-3.1379,0.7852,3.1416,-4703.0410,-28633.7617,26.8253,1
-4703.1636,-28634.3926,24.9425,-5252.6064,-28084.4668,21.9621,-4705.5581,-28628.3164,27.2855,771.3975,-0.0005,0.0016,-3.1379,0.7852,3.1416,-4703.1646,-28633.5293,26.8841,1
-4703.1636,-28634.3926,24.9425,-5252.6064,-28084.4668,21.9621,-4707.7988,-28636.0156,24.8710,775.2583,0.0009,0.0011,-3.1379,0.7852,3.1416,-4703.3638,-28633.5332,26.8645,1
-4703.1636,-28634.3926,24.9425,-5252.6064,-28084.4668,21.9621,-4703.1553,-28636.8535,22.4319,779.1187,0.0004,0.0006,-3.1379,0.7852,3.1416,-4703.4214,-28633.5742,26.7610,1
-4703.1636,-28634.3926,24.9425,-5252.6064,-28084.4668,21.9621,-4698.5259,-28637.6406,29.8079,782.9796,-0.0002,0.0021,-3.1379,0.7852,3.1416,-4703.3281,-28633.6484,26.8832,1
-4703.1636,-28634.3926,24.9425,-5252.6064,-28084.4668,21.9621,-4705.5142,-28630.7559,20.3716,773.1378,-0.0001,0.0002,-3.1379,0.7852,3.1416,-4703.4468,-28633.5117,26.7069,1
-4703.1636,-28634.3926,24.9425,-5252.6064,-28084.4668,21.9621,-4698.8218,-28638.2988,27.7482,783.2197,-0.0000,0.0017,-3.1379,0.7852,3.1416,-4703.3535,-28633.6113,26.7539,1
-4703.1636,-28634.3926,24.9425,-5252.6064,-28084.4668,21.9621,-4702.4756,-28636.0234,22.4187,779.0095,0.0002,0.0006,-3.1379,0.7852,3.1416,-4703.3657,-28633.6523,26.6317,1
-4703.1636,-28634.3926,24.9425,-5252.6064,-28084.4668,21.9621,-4697.8457,-28636.8027,29.7936,782.8704,-0.0004,0.0021,-3.1379,0.7852,3.1416,-4703.2266,-28633.7227,26.7361,1
-4703.1636,-28634.3926,24.9425,-5252.6064,-28084.4668,21.9621,-4704.2246,-28626.6602,27.2581,771.1791,-0.0009,0.0016,-3.1379,0.7852,3.1416,-4703.2788,-28633.4746,26.7662,1
-4703.1636,-28634.3926,24.9425,-5252.6064,-28084.4668,21.9621,-4706.4429,-28634.3672,24.8441,775.0400,0.0005,0.0011,-3.1379,0.7852,3.1416,-4703.4043,-28633.4609,26.7190,1
-4703.1636,-28634.3926,24.9425,-5252.6064,-28084.4668,21.9621,-4701.7979,-28635.1914,22.4055,778.9004,-0.0000,0.0006,-3.1379,0.7852,3.1416,-4703.3857,-28633.4785,26.5893,1
-4703.1636,-28634.3926,24.9425,-5252.6064,-28084.4668,21.9621,-4697.1665,-28635.9668,29.7794,782.7612,-0.0006,0.0021,-3.1379,0.7852,3.1416,-4703.2148,-28633.5234,26.6864,1
-4703.1636,-28634.3926,24.9425,-5252.6064,-28084.4668,21.9621,-4710.4058,-28632.6895,27.2446,771.0700,0.0008,0.0016,-3.1379,0.7852,3.1416,-4703.4565,-28633.4707,26.7097,1
-4703.1636,-28634.3926,24.9425,-5252.6064,-28084.4668,21.9621,-4705.7671,-28633.5410,24.8307,774.9308,0.0003,0.0011,-3.1379,0.7852,3.1416,-4703.5620,-28633.4453,26.6560,1
-4703.1636,-28634.3926,24.9425,-5252.6064,-28084.4668,21.9621,-4701.1211,-28634.3594,22.3924,778.7912,-0.0003,0.0006,-3.1379,0.7852,3.1416,-4703.5220,-28633.4473,26.5202,1
-4703.1636,-28634.3926,24.9425,-5252.6064,-28084.4668,21.9621,-4696.4888,-28635.1270,29.7652,782.6522,-0.0008,0.0021,-3.1379,0.7852,3.1416,-4703.3276,-28633.4746,26.6116,1
-4703.1636,-28634.3926,24.9425,-5252.6064,-28084.4668,21.9621,-4709.7319,-28631.8672,27.2309,770.9608,0.0006,0.0016,-3.1379,0.7852,3.1416,-4703.5439,-28633.4043,26.6295,1
-4703.1636,-28634.3926,24.9425,-5252.6064,-28084.4668,21.9621,-4705.0918,-28632.7129,24.8172,774.8217,0.0001,0.0011,-3.1379,0.7852,3.1416,-4703.6226,-28633.3574,26.5708,1
-4703.1636,-28634.3926,24.9425,-5252.6064,-28084.4668,21.9621,-4700.4453,-28633.5273,22.3792,778.6820,-0.0005,0.0006,-3.1379,0.7852,3.1416,-4703.5542,-28633.3359,26.4304,1
-4703.1636,-28634.3926,24.9425,-5252.6064,-28084.4668,21.9621,-4702.7656,-28641.2422,29.7512,782.5430,0.0010,0.0021,-3.1379,0.7852,3.1416,-4703.5522,-28633.5625,26.5176,1
-4703.1636,-28634.3926,24.9425,-5252.6064,-28084.4668,21.9621,-4709.0596,-28631.0469,27.2172,770.8517,0.0004,0.0016,-3.1379,0.7852,3.1416,-4703.7520,-28633.4785,26.5317,1
-4703.1636,-28634.3926,24.9425,-5252.6064,-28084.4668,21.9621,-4704.4185,-28631.8848,24.8038,774.7125,-0.0001,0.0011,-3.1379,0.7852,3.1416,-4703.8115,-28633.4180,26.4696,1
-4703.1636,-28634.3926,24.9425,-5252.6064,-28084.4668,21.9621,-4699.7710,-28632.6934,22.3661,778.5729,-0.0007,0.0006,-3.1379,0.7852,3.1416,-4703.7222,-28633.3809,26.3262,1
-4703.1636,-28634.3926,24.9425,-5252.6064,-28084.4668,21.9621,-4702.0796,-28640.4102,29.7369,782.4338,0.0007,0.0021,-3.1379,0.7852,3.1416,-4703.6968,-28633.5879,26.4107,1
-4703.1636,-28634.3926,24.9425,-5252.6064,-28084.4668,21.9621,-4708.3882,-28630.2246,27.2035,770.7425,0.0002,0.0016,-3.1379,0.7852,3.1416,-4703.8716,-28633.4844,26.4227,1
-4703.1636,-28634.3926,24.9425,-5252.6064,-28084.4668,21.9621,-4704.7612,-28632.2676,25.0454,774.7405,-0.0000,0.0011,-3.1379,0.7852,3.1416,-4703.9370,-28633.4395,26.3670,1
-4703.1636,-28634.3926,24.9425,-5252.6064,-28084.4668,21.9621,-4699.0977,-28631.8574,22.3533,778.4637,-0.0009,0.0006,-3.1379,0.7852,3.1416,-4703.8213,-28633.3789,26.2225,1
-4703.1636,-28634.3926,24.9425,-5252.6064,-28084.4668,21.9621,-4701.3955,-28639.5781,29.7229,782.3246,0.0005,0.0021,-3.1379,0.7852,3.1416,-4703.7681,-28633.5625,26.3065,1
-4703.1636,-28634.3926,24.9425,-5252.6064,-28084.4668,21.9621,-4702.6074,-28630.7480,27.7390,775.2085,-0.0006,0.0017,-3.1379,0.7852,3.1416,-4703.7476,-28633.4785,26.3356,1
-4703.1636,-28634.3926,24.9425,-5252.6064,-28084.4668,21.9621,-4703.0752,-28630.2266,24.7773,774.4943,-0.0006,0.0011,-3.1379,0.7852,3.1416,-4703.7388,-28633.3691,26.2728,1
-4703.1636,-28634.3926,24.9425,-5252.6064,-28084.4668,21.9621,-4705.3379,-28637.9434,22.3404,778.3547,0.0009,0.0006,-3.1379,0.7852,3.1416,-4703.8013,-28633.5020,26.1292,1
-4703.1636,-28634.3926,24.9425,-5252.6064,-28084.4668,21.9621,-4699.2207,-28641.2188,26.7102,784.9995,0.0004,0.0015,-3.1379,0.7852,3.1416,-4703.6714,-28633.7480,26.1182,1
-4703.1636,-28634.3926,24.9425,-5252.6064,-28084.4668,21.9621,-4707.0488,-28628.5762,27.1764,770.5242,-0.0002,0.0016,-3.1379,0.7852,3.1416,-4703.7827,-28633.6055,26.1249,1
-4703.1636,-28634.3926,24.9425,-5252.6064,-28084.4668,21.9621,-4702.4053,-28629.3965,24.7639,774.3851,-0.0008,0.0011,-3.1379,0.7852,3.1416,-4703.7505,-28633.4766,26.0568,1
-4703.1636,-28634.3926,24.9425,-5252.6064,-28084.4668,21.9621,-4697.4668,-28636.0410,28.2946,782.5891,-0.0005,0.0018,-3.1379,0.7852,3.1416,-4703.5581,-28633.5527,26.0999,1
-4703.1636,-28634.3926,24.9425,-5252.6064,-28084.4668,21.9621,-4700.0303,-28637.9102,29.6946,782.1063,0.0001,0.0021,-3.1379,0.7852,3.1416,-4703.4336,-28633.6953,26.1934,1
-4703.1636,-28634.3926,24.9425,-5252.6064,-28084.4668,21.9621,-4706.2808,-28632.7656,26.7252,774.0276,0.0003,0.0015,-3.1379,0.7852,3.1416,-4703.5034,-28633.6816,26.2004,1
-4703.1636,-28634.3926,24.9425,-5252.6064,-28084.4668,21.9621,-4697.3369,-28637.9160,23.5464,783.9819,-0.0003,0.0008,-3.1379,0.7852,3.1416,-4703.2935,-28633.8301,26.1073,1
-4703.1636,-28634.3926,24.9425,-5252.6064,-28084.4668,21.9621,-4703.7217,-28627.7520,21.1008,772.2906,-0.0008,0.0003,-3.1379,0.7852,3.1416,-4703.2749,-28633.6602,25.9286,1
-4703.1636,-28634.3926,24.9425,-5252.6064,-28084.4668,21.9621,-4705.9741,-28635.4414,28.4057,776.1516,0.0006,0.0018,-3.1379,0.7852,3.1416,-4703.3311,-28633.7246,25.9761,1
-4703.1636,-28634.3926,24.9425,-5252.6064,-28084.4668,21.9621,-4701.3188,-28636.2734,25.9815,780.0119,0.0000,0.0013,-3.1379,0.7852,3.1416,-4703.2441,-28633.8184,25.9518,1
-4703.1636,-28634.3926,24.9425,-5252.6064,-28084.4668,21.9621,-4696.6567,-28637.0762,23.5329,783.8728,-0.0005,0.0008,-3.1379,0.7852,3.1416,-4703.0059,-28633.9434,25.8503,1
-4703.1636,-28634.3926,24.9425,-5252.6064,-28084.4668,21.9621,-4709.9155,-28633.7852,21.0881,772.1815,0.0009,0.0003,-3.1379,0.7852,3.1416,-4703.1807,-28633.9688,25.6644,1
-4703.1636,-28634.3926,24.9425,-5252.6064,-28084.4668,21.9621,-4705.2969,-28634.6133,28.3916,776.0424,0.0004,0.0018,-3.1379,0.7852,3.1416,-4703.2217,-28634.0195,25.7057,1
-4703.1636,-28634.3926,24.9425,-5252.6064,-28084.4668,21.9621,-4700.6406,-28635.4414,25.9675,779.9028,-0.0002,0.0013,-3.1379,0.7852,3.1416,-4703.1187,-28634.0957,25.6761,1
-4703.1636,-28634.3926,24.9425,-5252.6064,-28084.4668,21.9621,-4695.9775,-28636.2383,23.5192,783.7636,-0.0007,0.0008,-3.1379,0.7852,3.1416,-4702.8628,-28634.2012,25.5703,1
-4703.1636,-28634.3926,24.9425,-5252.6064,-28084.4668,21.9621,-4696.1914,-28635.5156,27.8575,783.1215,-0.0008,0.0017,-3.1379,0.7852,3.1416,-4702.5996,-28634.2852,25.5998,1
-4703.1636,-28634.3926,24.9425,-5252.6064,-28084.4668,21.9621,-4704.6201,-28633.7852,28.3774,775.9332,0.0002,0.0018,-3.1379,0.7852,3.1416,-4702.5942,-28634.3164,25.6530,1
-4703.1636,-28634.3926,24.9425,-5252.6064,-28084.4668,21.9621,-4705.7524,-28632.8867,28.5067,774.4980,0.0002,0.0018,-3.1379,0.7852,3.1416,-4702.6318,-28634.3145,25.7176,1
-4703.1636,-28634.3926,24.9425,-5252.6064,-28084.4668,21.9621,-4695.2993,-28635.3984,23.5057,783.6544,-0.0009,0.0008,-3.1379,0.7852,3.1416,-4702.3442,-28634.3887,25.6285,1
-4703.1636,-28634.3926,24.9425,-5252.6064,-28084.4668,21.9621,-4708.5659,-28632.1426,21.0620,771.9632,0.0005,0.0003,-3.1379,0.7852,3.1416,-4702.4692,-28634.3594,25.4553,1
-4703.1636,-28634.3926,24.9425,-5252.6064,-28084.4668,21.9621,-4703.9453,-28632.9570,28.3638,775.8240,-0.0001,0.0018,-3.1379,0.7852,3.1416,-4702.4600,-28634.3516,25.5095,1
-4703.1636,-28634.3926,24.9425,-5252.6064,-28084.4668,21.9621,-4707.1968,-28634.6641,26.9416,774.7301,0.0007,0.0015,-3.1379,0.7852,3.1416,-4702.5605,-28634.3926,25.5254,1
-4703.1636,-28634.3926,24.9425,-5252.6064,-28084.4668,21.9621,-4701.5791,-28641.5254,23.4928,783.5453,0.0008,0.0008,-3.1379,0.7852,3.1416,-4702.4927,-28634.6523,25.4348,1
-4703.1636,-28634.3926,24.9425,-5252.6064,-28084.4668,21.9621,-4707.8931,-28631.3184,21.0492,771.8540,0.0003,0.0003,-3.1379,0.7852,3.1416,-4702.6274,-28634.5996,25.2608,1
-4703.1636,-28634.3926,24.9425,-5252.6064,-28084.4668,21.9621,-4703.2715,-28632.1289,28.3499,775.7149,-0.0003,0.0018,-3.1379,0.7852,3.1416,-4702.6255,-28634.5645,25.3147,1
-4703.1636,-28634.3926,24.9425,-5252.6064,-28084.4668,21.9621,-4698.6128,-28632.9375,25.9267,779.5753,-0.0008,0.0013,-3.1379,0.7852,3.1416,-4702.4761,-28634.5469,25.2985,1
-4703.1636,-28634.3926,24.9425,-5252.6064,-28084.4668,21.9621,-4700.8931,-28640.6914,23.4794,783.4362,0.0006,0.0008,-3.1379,0.7852,3.1416,-4702.3921,-28634.7754,25.2067,1
-4703.1636,-28634.3926,24.9425,-5252.6064,-28084.4668,21.9621,-4699.7656,-28631.9219,22.3172,778.0342,-0.0008,0.0006,-3.1379,0.7852,3.1416,-4702.2700,-28634.7324,25.0745,1
-4703.1636,-28634.3926,24.9425,-5252.6064,-28084.4668,21.9621,-4702.5986,-28631.2969,28.3359,775.6057,-0.0005,0.0018,-3.1379,0.7852,3.1416,-4702.2344,-28634.6621,25.1314,1
-4703.1636,-28634.3926,24.9425,-5252.6064,-28084.4668,21.9621,-4698.3193,-28640.2852,23.0346,784.9624,0.0002,0.0007,-3.1379,0.7852,3.1416,-4702.0649,-28634.8711,25.0268,1
-4703.1636,-28634.3926,24.9425,-5252.6064,-28084.4668,21.9621,-4700.2085,-28639.8574,23.4660,783.3270,0.0004,0.0008,-3.1379,0.7852,3.1416,-4701.9492,-28635.0781,24.9328,1
-4703.1636,-28634.3926,24.9425,-5252.6064,-28084.4668,21.9621,-4706.5508,-28629.6699,21.0235,771.6357,-0.0002,0.0003,-3.1379,0.7852,3.1416,-4702.0361,-28634.9648,24.7573,1
-4703.1636,-28634.3926,24.9425,-5252.6064,-28084.4668,21.9621,-4701.9272,-28630.4668,28.3220,775.4966,-0.0007,0.0018,-3.1379,0.7852,3.1416,-4701.9849,-28634.8652,24.8112,1
-4703.1636,-28634.3926,24.9425,-5252.6064,-28084.4668,21.9621,-4704.1821,-28638.1992,25.8996,779.3569,0.0007,0.0013,-3.1379,0.7852,3.1416,-4702.0073,-28635.0039,24.7965,1
-4703.1636,-28634.3926,24.9425,-5252.6064,-28084.4668,21.9621,-4699.5249,-28639.0234,23.4526,783.2178,0.0002,0.0008,-3.1379,0.7852,3.1416,-4701.8872,-28635.1738,24.7075,1
-4703.1636,-28634.3926,24.9425,-5252.6064,-28084.4668,21.9621,-4705.8813,-28628.8438,21.0106,771.5266,-0.0004,0.0003,-3.1379,0.7852,3.1416,-4701.9683,-28635.0215,24.5376,1
-4703.1636,-28634.3926,24.9425,-5252.6064,-28084.4668,21.9621,-4701.2573,-28629.6348,28.3081,775.3875,-0.0009,0.0018,-3.1379,0.7852,3.1416,-4701.9097,-28634.8809,24.5976,1
-4703.1636,-28634.3926,24.9425,-5252.6064,-28084.4668,21.9621,-4703.5010,-28637.3691,25.8859,779.2478,0.0005,0.0013,-3.1379,0.7852,3.1416,-4701.9229,-28634.9785,24.5893,1
-4703.1636,-28634.3926,24.9425,-5252.6064,-28084.4668,21.9621,-4698.8428,-28638.1875,23.4392,783.1086,-0.0000,0.0008,-3.1379,0.7852,3.1416,-4701.7920,-28635.1055,24.5072,1
-4703.1636,-28634.3926,24.9425,-5252.6064,-28084.4668,21.9621,-4705.2134,-28628.0176,20.9978,771.4174,-0.0006,0.0003,-3.1379,0.7852,3.1416,-4701.8604,-28634.9102,24.3446,1
-4703.1636,-28634.3926,24.9425,-5252.6064,-28084.4668,21.9621,-4700.5972,-28641.4375,26.9814,784.1870,0.0007,0.0015,-3.1379,0.7852,3.1416,-4701.7891,-28635.1289,24.3690,1
-4703.1636,-28634.3926,24.9425,-5252.6064,-28084.4668,21.9621,-4702.8208,-28636.5391,25.8724,779.1386,0.0003,0.0013,-3.1379,0.7852,3.1416,-4701.7871,-28635.2070,24.3659,1
-4703.1636,-28634.3926,24.9425,-5252.6064,-28084.4668,21.9621,-4698.1616,-28637.3516,23.4260,782.9996,-0.0003,0.0008,-3.1379,0.7852,3.1416,-4701.6396,-28635.3105,24.2893,1
-4703.1636,-28634.3926,24.9425,-5252.6064,-28084.4668,21.9621,-4704.5469,-28627.1895,20.9851,771.3082,-0.0008,0.0003,-3.1379,0.7852,3.1416,-4701.6909,-28635.0898,24.1330,1
-4703.1636,-28634.3926,24.9425,-5252.6064,-28084.4668,21.9621,-4706.7939,-28634.8711,28.2804,775.1691,0.0006,0.0018,-3.1379,0.7852,3.1416,-4701.8218,-28635.1016,24.2073,1
-4703.1636,-28634.3926,24.9425,-5252.6064,-28084.4668,21.9621,-4704.2690,-28634.6895,24.5795,776.8007,0.0002,0.0010,-3.1379,0.7852,3.1416,-4701.8828,-28635.1035,24.1729,1
-4703.1636,-28634.3926,24.9425,-5252.6064,-28084.4668,21.9621,-4704.3726,-28633.2148,28.6330,775.7064,0.0000,0.0019,-3.1379,0.7852,3.1416,-4701.9531,-28635.0586,24.2716,1
-4703.1636,-28634.3926,24.9425,-5252.6064,-28084.4668,21.9621,-4710.7344,-28633.2129,20.9724,771.1991,0.0010,0.0003,-3.1379,0.7852,3.1416,-4702.2358,-28635.0078,24.1337,1
-4703.1636,-28634.3926,24.9425,-5252.6064,-28084.4668,21.9621,-4706.1172,-28634.0449,28.2665,775.0599,0.0004,0.0018,-3.1379,0.7852,3.1416,-4702.3862,-28634.9805,24.2258,1
-4703.1636,-28634.3926,24.9425,-5252.6064,-28084.4668,21.9621,-4701.4644,-28634.8770,25.8450,778.9203,-0.0001,0.0013,-3.1379,0.7852,3.1416,-4702.3945,-28634.9766,24.2495,1
-4703.1636,-28634.3926,24.9425,-5252.6064,-28084.4668,21.9621,-4696.8037,-28635.6758,23.3992,782.7812,-0.0007,0.0008,-3.1379,0.7852,3.1416,-4702.2505,-28634.9980,24.1993,1
-4703.1636,-28634.3926,24.9425,-5252.6064,-28084.4668,21.9621,-4710.0596,-28632.3926,20.9596,771.0899,0.0008,0.0003,-3.1379,0.7852,3.1416,-4702.5205,-28634.9160,24.0686,1
-4703.1636,-28634.3926,24.9425,-5252.6064,-28084.4668,21.9621,-4705.4419,-28633.2188,28.2526,774.9508,0.0002,0.0018,-3.1379,0.7852,3.1416,-4702.6562,-28634.8555,24.1679,1
-4703.1636,-28634.3926,24.9425,-5252.6064,-28084.4668,21.9621,-4700.7881,-28634.0430,25.8313,778.8112,-0.0004,0.0013,-3.1379,0.7852,3.1416,-4702.6470,-28634.8184,24.1988,1
-4703.1636,-28634.3926,24.9425,-5252.6064,-28084.4668,21.9621,-4696.1265,-28634.8379,23.3858,782.6721,-0.0009,0.0008,-3.1379,0.7852,3.1416,-4702.4834,-28634.8047,24.1555,1
-4703.1636,-28634.3926,24.9425,-5252.6064,-28084.4668,21.9621,-4709.3862,-28631.5723,20.9467,770.9808,0.0005,0.0003,-3.1379,0.7852,3.1416,-4702.7314,-28634.6855,24.0317,1
-4703.1636,-28634.3926,24.9425,-5252.6064,-28084.4668,21.9621,-4704.7676,-28632.3906,28.2387,774.8416,-0.0000,0.0018,-3.1379,0.7852,3.1416,-4702.8428,-28634.5879,24.1377,1
-4703.1636,-28634.3926,24.9425,-5252.6064,-28084.4668,21.9621,-4700.1128,-28633.2109,25.8177,778.7020,-0.0006,0.0013,-3.1379,0.7852,3.1416,-4702.8071,-28634.5137,24.1751,1
-4703.1636,-28634.3926,24.9425,-5252.6064,-28084.4668,21.9621,-4702.3999,-28640.9551,23.3727,782.5629,0.0009,0.0008,-3.1379,0.7852,3.1416,-4702.8379,-28634.6836,24.1382,1
-4703.1636,-28634.3926,24.9425,-5252.6064,-28084.4668,21.9621,-4708.7139,-28630.7500,20.9339,770.8716,0.0003,0.0003,-3.1379,0.7852,3.1416,-4703.0703,-28634.5410,24.0206,1
-4703.1636,-28634.3926,24.9425,-5252.6064,-28084.4668,21.9621,-4704.0942,-28631.5625,28.2247,774.7325,-0.0002,0.0018,-3.1379,0.7852,3.1416,-4703.1636,-28634.4180,24.1325,1
-4703.1636,-28634.3926,24.9425,-5252.6064,-28084.4668,21.9621,-4699.4390,-28632.3750,25.8041,778.5928,-0.0008,0.0013,-3.1379,0.7852,3.1416,-4703.1074,-28634.3164,24.1757,1
-4703.1636,-28634.3926,24.9425,-5252.6064,-28084.4668,21.9621,-4701.7148,-28640.1230,23.3593,782.4537,0.0007,0.0008,-3.1379,0.7852,3.1416,-4703.1143,-28634.4590,24.1443,1
-4703.1636,-28634.3926,24.9425,-5252.6064,-28084.4668,21.9621,-4708.0430,-28629.9258,20.9211,770.7625,0.0001,0.0003,-3.1379,0.7852,3.1416,-4703.3213,-28634.2871,24.0320,1
-4703.1636,-28634.3926,24.9425,-5252.6064,-28084.4668,21.9621,-4703.4224,-28630.7344,28.2108,774.6233,-0.0005,0.0018,-3.1379,0.7852,3.1416,-4703.3872,-28634.1328,24.1490,1
-4703.1636,-28634.3926,24.9425,-5252.6064,-28084.4668,21.9621,-4705.6846,-28638.4570,25.7907,778.4836,0.0010,0.0013,-3.1379,0.7852,3.1416,-4703.5234,-28634.2227,24.1970,1
-4703.1636,-28634.3926,24.9425,-5252.6064,-28084.4668,21.9621,-4701.0308,-28639.2910,23.3459,782.3446,0.0004,0.0008,-3.1379,0.7852,3.1416,-4703.5132,-28634.3477,24.1701,1
-4703.1636,-28634.3926,24.9425,-5252.6064,-28084.4668,21.9621,-4700.6802,-28630.8301,26.7732,776.6285,-0.0008,0.0015,-3.1379,0.7852,3.1416,-4703.4834,-28634.2148,24.2516,1
-4703.1636,-28634.3926,24.9425,-5252.6064,-28084.4668,21.9621,-4702.7520,-28629.9043,28.1970,774.5142,-0.0007,0.0018,-3.1379,0.7852,3.1416,-4703.5122,-28634.0430,24.3848,1
-4703.1636,-28634.3926,24.9425,-5252.6064,-28084.4668,21.9621,-4701.3423,-28634.6953,22.2051,778.8714,-0.0002,0.0005,-3.1379,0.7852,3.1416,-4703.4927,-28634.0195,24.3330,1
-4703.1636,-28634.3926,24.9425,-5252.6064,-28084.4668,21.9621,-4700.3481,-28638.4570,23.3329,782.2354,0.0002,0.0008,-3.1379,0.7852,3.1416,-4703.4355,-28634.1191,24.3123,1
-4703.1636,-28634.3926,24.9425,-5252.6064,-28084.4668,21.9621,-4706.7051,-28628.2773,20.8957,770.5441,-0.0003,0.0003,-3.1379,0.7852,3.1416,-4703.5747,-28633.9004,24.2097,1
-4703.1636,-28634.3926,24.9425,-5252.6064,-28084.4668,21.9621,-4702.0825,-28629.0742,28.1834,774.4050,-0.0009,0.0018,-3.1379,0.7852,3.1416,-4703.5698,-28633.6973,24.3354,1
-4703.1636,-28634.3926,24.9425,-5252.6064,-28084.4668,21.9621,-4704.3218,-28636.8008,25.7637,778.2654,0.0006,0.0013,-3.1379,0.7852,3.1416,-4703.6328,-28633.7363,24.3911,1
-4703.1636,-28634.3926,24.9425,-5252.6064,-28084.4668,21.9621,-4699.6665,-28637.6230,23.3195,782.1262,-0.0000,0.0008,-3.1379,0.7852,3.1416,-4703.5469,-28633.8086,24.3711,1
-4703.1636,-28634.3926,24.9425,-5252.6064,-28084.4668,21.9621,-4706.0371,-28627.4531,20.8830,770.4354,-0.0006,0.0003,-3.1379,0.7852,3.1416,-4703.6562,-28633.5625,24.2688,1
-4703.1636,-28634.3926,24.9425,-5252.6064,-28084.4668,21.9621,-4708.2910,-28635.1250,28.1697,774.2958,0.0009,0.0018,-3.1379,0.7852,3.1416,-4703.8418,-28633.5527,24.3947,1
-4703.1636,-28634.3926,24.9425,-5252.6064,-28084.4668,21.9621,-4703.6421,-28635.9727,25.7501,778.1567,0.0003,0.0013,-3.1379,0.7852,3.1416,-4703.8862,-28633.5762,24.4503,1
-4703.1636,-28634.3926,24.9425,-5252.6064,-28084.4668,21.9621,-4698.9863,-28636.7871,23.3062,782.0171,-0.0002,0.0008,-3.1379,0.7852,3.1416,-4703.7793,-28633.6309,24.4300,1
-4703.1636,-28634.3926,24.9425,-5252.6064,-28084.4668,21.9621,-4705.3711,-28626.6270,20.8702,770.3263,-0.0008,0.0003,-3.1379,0.7852,3.1416,-4703.8652,-28633.3672,24.3272,1
-4703.1636,-28634.3926,24.9425,-5252.6064,-28084.4668,21.9621,-4707.6138,-28634.3008,28.1558,774.1867,0.0007,0.0018,-3.1379,0.7852,3.1416,-4704.0259,-28633.3398,24.4523,1
-4703.1636,-28634.3926,24.9425,-5252.6064,-28084.4668,21.9621,-4702.9639,-28635.1426,25.7365,778.0475,0.0001,0.0013,-3.1379,0.7852,3.1416,-4704.0425,-28633.3418,24.5070,1
-4703.1636,-28634.3926,24.9425,-5252.6064,-28084.4668,21.9621,-4698.3076,-28635.9512,23.2929,781.9079,-0.0004,0.0008,-3.1379,0.7852,3.1416,-4703.9067,-28633.3750,24.4855,1
-4703.1636,-28634.3926,24.9425,-5252.6064,-28084.4668,21.9621,-4704.7065,-28625.7988,20.8574,770.2171,-0.0010,0.0003,-3.1379,0.7852,3.1416,-4703.9619,-28633.0879,24.3813,1
-4703.1636,-28634.3926,24.9425,-5252.6064,-28084.4668,21.9621,-4706.9375,-28633.4766,28.1419,774.0775,0.0005,0.0018,-3.1379,0.7852,3.1416,-4704.0903,-28633.0352,24.5049,1
-4703.1636,-28634.3926,24.9425,-5252.6064,-28084.4668,21.9621,-4702.2871,-28634.3105,25.7229,777.9384,-0.0001,0.0013,-3.1379,0.7852,3.1416,-4704.0732,-28633.0117,24.5579,1
-4703.1636,-28634.3926,24.9425,-5252.6064,-28084.4668,21.9621,-4697.6299,-28635.1133,23.2795,781.7988,-0.0007,0.0008,-3.1379,0.7852,3.1416,-4703.9028,-28633.0195,24.5346,1
-4703.1636,-28634.3926,24.9425,-5252.6064,-28084.4668,21.9621,-4710.8784,-28631.8223,20.8448,770.1080,0.0008,0.0003,-3.1379,0.7852,3.1416,-4704.1445,-28632.9277,24.4284,1
-4703.1636,-28634.3926,24.9425,-5252.6064,-28084.4668,21.9621,-4703.8545,-28637.9277,24.4838,779.3898,0.0006,0.0010,-3.1379,0.7852,3.1416,-4704.1724,-28633.0312,24.4322,1
-4703.1636,-28634.3926,24.9425,-5252.6064,-28084.4668,21.9621,-4701.6113,-28633.4805,25.7093,777.8293,-0.0003,0.0013,-3.1379,0.7852,3.1416,-4704.1265,-28633.0059,24.4754,1
-4703.1636,-28634.3926,24.9425,-5252.6064,-28084.4668,21.9621,-4696.9531,-28634.2754,23.2662,781.6896,-0.0009,0.0008,-3.1379,0.7852,3.1416,-4703.9253,-28633.0059,24.4428,1
-4703.1636,-28634.3926,24.9425,-5252.6064,-28084.4668,21.9621,-4710.2061,-28631.0020,20.8320,769.9988,0.0006,0.0003,-3.1379,0.7852,3.1416,-4704.1348,-28632.9062,24.3279,1
-4703.1636,-28634.3926,24.9425,-5252.6064,-28084.4668,21.9621,-4705.5894,-28631.8262,28.1141,773.8592,0.0000,0.0018,-3.1379,0.7852,3.1416,-4704.2075,-28632.8301,24.4412,1
-4703.1636,-28634.3926,24.9425,-5252.6064,-28084.4668,21.9621,-4698.4370,-28634.6660,29.6315,780.9421,-0.0006,0.0021,-3.1379,0.7852,3.1416,-4704.0527,-28632.8438,24.6102,1
-4703.1636,-28634.3926,24.9425,-5252.6064,-28084.4668,21.9621,-4703.2207,-28640.3848,23.2531,781.5804,0.0009,0.0008,-3.1379,0.7852,3.1416,-4704.0381,-28633.0469,24.5857,1
-4703.1636,-28634.3926,24.9425,-5252.6064,-28084.4668,21.9621,-4709.5347,-28630.1797,20.8192,769.8896,0.0004,0.0003,-3.1379,0.7852,3.1416,-4704.2261,-28632.9375,24.4780,1
-4703.1636,-28634.3926,24.9425,-5252.6064,-28084.4668,21.9621,-4704.9170,-28630.9980,28.1002,773.7501,-0.0002,0.0018,-3.1379,0.7852,3.1416,-4704.2749,-28632.8516,24.5978,1
-4703.1636,-28634.3926,24.9425,-5252.6064,-28084.4668,21.9621,-4700.2637,-28631.8145,25.6821,777.6109,-0.0008,0.0012,-3.1379,0.7852,3.1416,-4704.1748,-28632.7871,24.6468,1
-4703.1636,-28634.3926,24.9425,-5252.6064,-28084.4668,21.9621,-4702.5361,-28639.5547,23.2398,781.4713,0.0007,0.0007,-3.1379,0.7852,3.1416,-4704.1387,-28632.9707,24.6192,1
-4703.1636,-28634.3926,24.9425,-5252.6064,-28084.4668,21.9621,-4697.8794,-28640.3672,20.7730,785.3322,0.0001,0.0002,-3.1379,0.7852,3.1416,-4703.9502,-28633.1934,24.5097,1
-4703.1636,-28634.3926,24.9425,-5252.6064,-28084.4668,21.9621,-4704.2461,-28630.1699,28.0864,773.6409,-0.0004,0.0017,-3.1379,0.7852,3.1416,-4703.9517,-28633.1055,24.6264,1
-4703.1636,-28634.3926,24.9425,-5252.6064,-28084.4668,21.9621,-4699.5918,-28630.9805,25.6685,777.5017,-0.0010,0.0012,-3.1379,0.7852,3.1416,-4703.8042,-28633.0391,24.6722,1
-4703.1636,-28634.3926,24.9425,-5252.6064,-28084.4668,21.9621,-4701.8530,-28638.7227,23.2265,781.3621,0.0005,0.0007,-3.1379,0.7852,3.1416,-4703.7207,-28633.2148,24.6415,1
-4703.1636,-28634.3926,24.9425,-5252.6064,-28084.4668,21.9621,-4697.1953,-28639.5293,20.7599,785.2230,-0.0001,0.0002,-3.1379,0.7852,3.1416,-4703.4863,-28633.4277,24.5289,1
-4703.1636,-28634.3926,24.9425,-5252.6064,-28084.4668,21.9621,-4703.5762,-28629.3418,28.0725,773.5317,-0.0006,0.0017,-3.1379,0.7852,3.1416,-4703.4424,-28633.3281,24.6424,1
-4703.1636,-28634.3926,24.9425,-5252.6064,-28084.4668,21.9621,-4705.8218,-28637.0586,25.6551,777.3926,0.0008,0.0012,-3.1379,0.7852,3.1416,-4703.4727,-28633.4648,24.6850,1
-4703.1636,-28634.3926,24.9425,-5252.6064,-28084.4668,21.9621,-4701.1709,-28637.8906,23.2131,781.2529,0.0003,0.0007,-3.1379,0.7852,3.1416,-4703.3599,-28633.6367,24.6511,1
-4703.1636,-28634.3926,24.9425,-5252.6064,-28084.4668,21.9621,-4696.5127,-28638.6895,20.7469,785.1139,-0.0003,0.0002,-3.1379,0.7852,3.1416,-4703.0962,-28633.8418,24.5354,1
-4703.1636,-28634.3926,24.9425,-5252.6064,-28084.4668,21.9621,-4702.9077,-28628.5117,28.0587,773.4225,-0.0009,0.0017,-3.1379,0.7852,3.1416,-4703.0229,-28633.7285,24.6458,1
-4703.1636,-28634.3926,24.9425,-5252.6064,-28084.4668,21.9621,-4705.1421,-28636.2324,25.6415,777.2834,0.0006,0.0012,-3.1379,0.7852,3.1416,-4703.0239,-28633.8516,24.6854,1
-4703.1636,-28634.3926,24.9425,-5252.6064,-28084.4668,21.9621,-4700.4902,-28637.0566,23.1998,781.1439,0.0000,0.0007,-3.1379,0.7852,3.1416,-4702.8823,-28634.0039,24.6484,1
-4703.1636,-28634.3926,24.9425,-5252.6064,-28084.4668,21.9621,-4695.8311,-28637.8496,20.7339,785.0047,-0.0005,0.0002,-3.1379,0.7852,3.1416,-4702.5898,-28634.1855,24.5298,1
-4703.1636,-28634.3926,24.9425,-5252.6064,-28084.4668,21.9621,-4709.1099,-28634.5547,28.0450,773.3134,0.0009,0.0017,-3.1379,0.7852,3.1416,-4702.7109,-28634.2695,24.6373,1
-4703.1636,-28634.3926,24.9425,-5252.6064,-28084.4668,21.9621,-4701.3066,-28636.8965,23.6072,780.4547,0.0001,0.0008,-3.1379,0.7852,3.1416,-4702.5972,-28634.4258,24.6093,1
-4703.1636,-28634.3926,24.9425,-5252.6064,-28084.4668,21.9621,-4699.8105,-28636.2227,23.1865,781.0347,-0.0002,0.0007,-3.1379,0.7852,3.1416,-4702.4351,-28634.5625,24.5654,1
-4703.1636,-28634.3926,24.9425,-5252.6064,-28084.4668,21.9621,-4695.1509,-28637.0098,20.7209,784.8955,-0.0007,0.0002,-3.1379,0.7852,3.1416,-4702.1216,-28634.7266,24.4403,1
-4703.1636,-28634.3926,24.9425,-5252.6064,-28084.4668,21.9621,-4708.4331,-28633.7324,28.0312,773.2042,0.0007,0.0017,-3.1379,0.7852,3.1416,-4702.2222,-28634.7871,24.5419,1
-4703.1636,-28634.3926,24.9425,-5252.6064,-28084.4668,21.9621,-4702.4492,-28641.6172,27.2581,783.0132,0.0010,0.0016,-3.1379,0.7852,3.1416,-4702.1460,-28635.0957,24.6253,1
-4703.1636,-28634.3926,24.9425,-5252.6064,-28084.4668,21.9621,-4699.1328,-28635.3867,23.1732,780.9255,-0.0004,0.0007,-3.1379,0.7852,3.1416,-4701.9668,-28635.2148,24.5840,1
-4703.1636,-28634.3926,24.9425,-5252.6064,-28084.4668,21.9621,-4694.4717,-28636.1680,20.7079,784.7864,-0.0010,0.0002,-3.1379,0.7852,3.1416,-4701.6362,-28635.3555,24.4612,1
-4703.1636,-28634.3926,24.9425,-5252.6064,-28084.4668,21.9621,-4702.3857,-28639.2578,26.1114,781.3749,0.0006,0.0013,-3.1379,0.7852,3.1416,-4701.5459,-28635.5938,24.5026,1
-4703.1636,-28634.3926,24.9425,-5252.6064,-28084.4668,21.9621,-4703.1099,-28633.7461,25.6011,776.9559,-0.0001,0.0012,-3.1379,0.7852,3.1416,-4701.4844,-28635.6582,24.5318,1
-4703.1636,-28634.3926,24.9425,-5252.6064,-28084.4668,21.9621,-4698.4556,-28634.5508,23.1602,780.8163,-0.0006,0.0007,-3.1379,0.7852,3.1416,-4701.2808,-28635.7422,24.4852,1
-4703.1636,-28634.3926,24.9425,-5252.6064,-28084.4668,21.9621,-4700.7607,-28642.3047,20.6954,784.6772,0.0008,0.0002,-3.1379,0.7852,3.1416,-4701.1489,-28636.0664,24.3574,1
-4703.1636,-28634.3926,24.9425,-5252.6064,-28084.4668,21.9621,-4703.5762,-28638.0391,27.5306,779.6792,0.0006,0.0016,-3.1379,0.7852,3.1416,-4701.1099,-28636.2656,24.4406,1
-4703.1636,-28634.3926,24.9425,-5252.6064,-28084.4668,21.9621,-4702.4351,-28632.9160,25.5875,776.8468,-0.0003,0.0012,-3.1379,0.7852,3.1416,-4701.0435,-28636.2969,24.4687,1
-4703.1636,-28634.3926,24.9425,-5252.6064,-28084.4668,21.9621,-4697.7798,-28633.7148,23.1470,780.7072,-0.0008,0.0007,-3.1379,0.7852,3.1416,-4700.8345,-28636.3438,24.4213,1
-4703.1636,-28634.3926,24.9425,-5252.6064,-28084.4668,21.9621,-4700.0732,-28641.4707,20.6823,784.5681,0.0006,0.0002,-3.1379,0.7852,3.1416,-4700.6963,-28636.6289,24.2929,1
-4703.1636,-28634.3926,24.9425,-5252.6064,-28084.4668,21.9621,-4706.4106,-28631.2578,27.9899,772.8768,0.0001,0.0017,-3.1379,0.7852,3.1416,-4700.7646,-28636.5918,24.3918,1
-4703.1636,-28634.3926,24.9425,-5252.6064,-28084.4668,21.9621,-4701.7617,-28632.0840,25.5739,776.7376,-0.0005,0.0012,-3.1379,0.7852,3.1416,-4700.6987,-28636.5664,24.4208,1
-4703.1636,-28634.3926,24.9425,-5252.6064,-28084.4668,21.9621,-4704.0405,-28639.8145,23.1339,780.5981,0.0009,0.0007,-3.1379,0.7852,3.1416,-4700.7114,-28636.7754,24.3742,1
-4703.1636,-28634.3926,24.9425,-5252.6064,-28084.4668,21.9621,-4699.3877,-28640.6367,20.6693,784.4589,0.0004,0.0002,-3.1379,0.7852,3.1416,-4700.5854,-28637.0137,24.2468,1
-4703.1636,-28634.3926,24.9425,-5252.6064,-28084.4668,21.9621,-4705.7393,-28630.4316,27.9760,772.7676,-0.0002,0.0017,-3.1379,0.7852,3.1416,-4700.6646,-28636.9277,24.3467,1
-4703.1636,-28634.3926,24.9425,-5252.6064,-28084.4668,21.9621,-4701.0889,-28631.2520,25.5604,776.6285,-0.0007,0.0012,-3.1379,0.7852,3.1416,-4700.6069,-28636.8496,24.3768,1
-4703.1636,-28634.3926,24.9425,-5252.6064,-28084.4668,21.9621,-4703.3569,-28638.9844,23.1206,780.4889,0.0007,0.0007,-3.1379,0.7852,3.1416,-4700.6255,-28637.0059,24.3314,1
-4703.1636,-28634.3926,24.9425,-5252.6064,-28084.4668,21.9621,-4698.7031,-28639.8008,20.6563,784.3497,0.0002,0.0002,-3.1379,0.7852,3.1416,-4700.5029,-28637.1875,24.2052,1
-4703.1636,-28634.3926,24.9425,-5252.6064,-28084.4668,21.9621,-4705.0688,-28629.6055,27.9624,772.6584,-0.0004,0.0017,-3.1379,0.7852,3.1416,-4700.5845,-28637.0449,24.3064,1
-4703.1636,-28634.3926,24.9425,-5252.6064,-28084.4668,21.9621,-4700.4180,-28630.4180,25.5468,776.5193,-0.0009,0.0012,-3.1379,0.7852,3.1416,-4700.5269,-28636.9082,24.3378,1
-4703.1636,-28634.3926,24.9425,-5252.6064,-28084.4668,21.9621,-4702.6748,-28638.1543,23.1073,780.3797,0.0005,0.0007,-3.1379,0.7852,3.1416,-4700.5430,-28637.0059,24.2938,1
-4703.1636,-28634.3926,24.9425,-5252.6064,-28084.4668,21.9621,-4698.0200,-28638.9629,20.6433,784.2406,-0.0000,0.0002,-3.1379,0.7852,3.1416,-4700.4170,-28637.1289,24.1690,1
-4703.1636,-28634.3926,24.9425,-5252.6064,-28084.4668,21.9621,-4704.3999,-28628.7773,27.9485,772.5493,-0.0006,0.0017,-3.1379,0.7852,3.1416,-4700.4927,-28636.9258,24.2716,1
-4703.1636,-28634.3926,24.9425,-5252.6064,-28084.4668,21.9621,-4699.5049,-28641.6309,24.8713,785.0839,0.0006,0.0011,-3.1379,0.7852,3.1416,-4700.4204,-28637.1152,24.2829,1
-4703.1636,-28634.3926,24.9425,-5252.6064,-28084.4668,21.9621,-4701.9937,-28637.3223,23.0942,780.2706,0.0003,0.0007,-3.1379,0.7852,3.1416,-4700.4272,-28637.1758,24.2389,1
-4703.1636,-28634.3926,24.9425,-5252.6064,-28084.4668,21.9621,-4697.3379,-28638.1270,20.6303,784.1314,-0.0003,0.0002,-3.1379,0.7852,3.1416,-4700.2900,-28637.2617,24.1143,1
-4703.1636,-28634.3926,24.9425,-5252.6064,-28084.4668,21.9621,-4703.7319,-28627.9492,27.9347,772.4401,-0.0008,0.0017,-3.1379,0.7852,3.1416,-4700.3535,-28637.0176,24.2173,1
-4703.1636,-28634.3926,24.9425,-5252.6064,-28084.4668,21.9621,-4705.9624,-28635.6621,25.5199,776.3010,0.0006,0.0012,-3.1379,0.7852,3.1416,-4700.4971,-28637.0020,24.2506,1
-4703.1636,-28634.3926,24.9425,-5252.6050,-28084.4668,21.9623,-4701.3120,-28636.4902,23.3267,780.1614,0.0001,0.0007,-3.1382,0.7852,3.1416,-4700.5039,-28637.0098,24.2165,1
-4703.1636,-28634.3926,24.9425,-5252.6016,-28084.4707,21.9628,-4702.4883,-28628.6680,26.7932,773.8170,-0.0009,0.0013,-3.1390,0.7852,3.1416,-4700.5513,-28636.7637,24.2923,1
-4703.1636,-28634.3926,24.9425,-5252.5947,-28084.4785,21.9640,-4709.9243,-28633.9805,29.0699,772.3248,0.0010,0.0015,-3.1405,0.7852,3.1416,-4700.8438,-28636.6699,24.4476,1
-4703.1636,-28634.3926,24.9425,-5252.5835,-28084.4883,21.9657,-4705.2725,-28634.8340,28.2980,776.1856,0.0004,0.0010,3.1406,0.7852,3.1416,-4701.0054,-28636.5977,24.5873,1
-4703.1636,-28634.3926,24.9425,-5252.5684,-28084.5039,21.9679,-4700.6060,-28635.6641,27.8632,780.0460,-0.0001,0.0005,3.1380,0.7852,3.1416,-4701.0254,-28636.5488,24.7199,1
-4703.1636,-28634.3926,24.9425,-5252.5493,-28084.5234,21.9706,-4695.9233,-28636.4707,27.6342,783.9069,-0.0007,0.0000,3.1352,0.7852,3.1416,-4700.8936,-28636.5254,24.8505,1
-4703.1636,-28634.3926,24.9425,-5252.5254,-28084.5469,21.9735,-4709.2207,-28633.1484,30.1711,772.1469,0.0007,0.0001,3.1323,0.7852,3.1416,-4701.1787,-28636.3965,25.0693,1
-4703.1636,-28634.3926,24.9425,-5252.4976,-28084.5742,21.9766,-4704.5518,-28634.0078,30.0265,776.0073,0.0002,-0.0004,3.1294,0.7852,3.1416,-4701.3286,-28636.2871,25.2921,1
-4703.1636,-28634.3926,24.9425,-5252.4644,-28084.6074,21.9796,-4699.8638,-28634.8438,29.7750,779.8674,-0.0004,-0.0009,3.1266,0.7853,3.1416,-4701.3335,-28636.2012,25.5141,1
-4703.1636,-28634.3926,24.9425,-5252.4272,-28084.6445,21.9830,-4704.8193,-28626.2422,37.4228,770.3502,-0.0009,0.0003,3.1239,0.7853,3.1416,-4701.4937,-28635.8359,25.9926,1
-4703.1636,-28634.3926,24.9425,-5252.3848,-28084.6875,21.9871,-4708.6821,-28632.5039,29.9183,771.8717,0.0006,-0.0017,3.1213,0.7853,3.1416,-4701.7847,-28635.6523,26.2488,1
-4703.1636,-28634.3926,24.9425,-5252.3384,-28084.7344,21.9918,-4703.9902,-28633.3750,29.5065,775.7314,0.0000,-0.0022,3.1187,0.7853,3.1416,-4701.9355,-28635.4941,26.4947,1
-4703.1636,-28634.3926,24.9425,-5252.2876,-28084.7852,21.9968,-4697.8740,-28639.4414,35.3085,784.3483,0.0000,-0.0014,3.1162,0.7853,3.1416,-4701.8931,-28635.5293,26.9264,1
-4703.1636,-28634.3926,24.9425,-5252.2319,-28084.8398,22.0021,-4694.9507,-28636.2871,28.3978,784.0361,-0.0008,-0.0032,3.1138,0.7853,3.1416,-4701.7461,-28635.4746,27.1507,1
-4703.1636,-28634.3926,24.9425,-5252.1719,-28084.9004,22.0076,-4708.0220,-28631.7344,29.7639,771.4938,0.0004,-0.0033,3.1113,0.7854,3.1416,-4702.0015,-28635.2754,27.4167,1
-4703.1636,-28634.3926,24.9425,-5252.1074,-28084.9648,22.0131,-4703.3096,-28632.6152,29.2324,775.3522,-0.0002,-0.0038,3.1089,0.7854,3.1416,-4702.1157,-28635.1016,27.6642,1
-4703.1636,-28634.3926,24.9425,-5252.0386,-28085.0332,22.0185,-4701.6978,-28632.8359,33.2913,776.5991,-0.0004,-0.0034,3.1065,0.7854,-3.1416,-4702.1777,-28634.9336,28.0394,1
-4703.1636,-28634.3926,24.9425,-5251.9648,-28085.1055,22.0237,-4700.7754,-28641.2773,28.0671,783.0684,0.0007,-0.0048,3.1042,0.7854,-3.1416,-4702.2075,-28635.0332,28.2513,1
-4703.1636,-28634.3926,24.9425,-5251.8882,-28085.1836,22.0287,-4707.2734,-28630.8770,29.4811,771.0152,0.0002,-0.0048,3.1021,0.7855,-3.1416,-4702.4414,-28634.8164,28.5014,1
-4703.1636,-28634.3926,24.9425,-5251.8076,-28085.2637,22.0333,-4707.4888,-28630.8750,25.4567,770.7241,0.0002,-0.0060,3.1004,0.7855,-3.1416,-4702.6904,-28634.5918,28.6161,1
-4703.1636,-28634.3926,24.9425,-5251.7246,-28085.3457,22.0373,-4702.3931,-28641.1133,33.4719,781.5345,0.0009,-0.0046,3.0989,0.7855,-3.1416,-4702.7817,-28634.6934,28.9748,1
-4703.1636,-28634.3926,24.9425,-5251.6377,-28085.4336,22.0409,-4699.8843,-28632.5312,31.0115,777.0793,-0.0006,-0.0052,3.0978,0.7856,-3.1416,-4702.7881,-28634.5371,29.2580,1
-4703.1636,-28634.3926,24.9425,-5251.5479,-28085.5215,22.0443,-4706.5786,-28630.0684,28.5258,770.4504,-0.0000,-0.0059,3.0969,0.7856,-3.1416,-4703.0015,-28634.2988,29.4574,1
-4703.1636,-28634.3926,24.9425,-5251.4551,-28085.6152,22.0473,-4701.8320,-28630.9688,26.6099,774.3046,-0.0006,-0.0064,3.0963,0.7856,-3.1416,-4703.0654,-28634.0840,29.5857,1
-4703.1636,-28634.3926,24.9425,-5251.3594,-28085.7109,22.0498,-4703.9741,-28638.7578,24.5080,778.1583,0.0009,-0.0069,3.0958,0.7857,-3.1416,-4703.1924,-28634.1152,29.6333,1
-4703.1636,-28634.3926,24.9425,-5251.2603,-28085.8086,22.0519,-4699.2124,-28639.6602,22.2397,782.0125,0.0003,-0.0074,3.0956,0.7857,-3.1416,-4703.1655,-28634.1914,29.5912,1
-4703.1636,-28634.3926,24.9425,-5251.1587,-28085.9102,22.0535,-4704.1230,-28638.6328,23.1271,777.6798,0.0009,-0.0072,3.0955,0.7857,-3.1416,-4703.2842,-28634.2480,29.5541,1
-4703.1636,-28634.3926,24.9425,-5251.0537,-28086.0156,22.0545,-4701.1152,-28630.1484,25.4145,773.6649,-0.0008,-0.0067,3.0956,0.7858,-3.1416,-4703.3047,-28634.0449,29.5703,1
-4703.1636,-28634.3926,24.9425,-5250.9458,-28086.1230,22.0550,-4703.2324,-28637.9434,22.8133,777.5161,0.0007,-0.0072,3.0958,0.7858,-3.1416,-4703.3857,-28634.0879,29.4897,1
-4703.1636,-28634.3926,24.9425,-5250.8350,-28086.2344,22.0548,-4698.4653,-28638.8477,20.0834,781.3676,0.0001,-0.0077,3.0962,0.7858,-3.1416,-4703.3110,-28634.1680,29.3039,1
-4703.1636,-28634.3926,24.9425,-5250.7212,-28086.3477,22.0541,-4705.2021,-28628.4512,27.4474,769.1078,-0.0004,-0.0061,3.0967,0.7859,-3.1416,-4703.4399,-28633.9258,29.3291,1
-4703.1636,-28634.3926,24.9425,-5250.6045,-28086.4648,22.0527,-4707.2949,-28636.2266,24.5672,772.9564,0.0010,-0.0066,3.0973,0.7859,-3.1416,-4703.6377,-28633.9277,29.2546,1
-4703.1636,-28634.3926,24.9425,-5250.4849,-28086.5840,22.0508,-4702.5308,-28637.1621,21.5546,776.8044,0.0005,-0.0071,3.0980,0.7859,-3.1416,-4703.6875,-28633.9648,29.0712,1
-4703.1636,-28634.3926,24.9425,-5250.3623,-28086.7051,22.0483,-4697.7607,-28638.0664,18.3793,780.6530,-0.0001,-0.0076,3.0989,0.7859,-3.1416,-4703.5786,-28634.0391,28.7690,1
-4703.1636,-28634.3926,24.9425,-5250.2373,-28086.8301,22.0452,-4704.5249,-28627.6504,26.8899,768.3352,-0.0006,-0.0057,3.1001,0.7860,-3.1415,-4703.6719,-28633.7891,28.7147,1
-4703.1636,-28634.3926,24.9425,-5250.1104,-28086.9570,22.0414,-4706.5986,-28635.4336,23.2739,772.1805,0.0008,-0.0062,3.1017,0.7860,-3.1415,-4703.8320,-28633.7793,28.5396,1
-4703.1636,-28634.3926,24.9425,-5249.9814,-28087.0859,22.0367,-4701.8379,-28636.3711,19.2771,776.0252,0.0003,-0.0067,3.1037,0.7860,-3.1415,-4703.8423,-28633.8047,28.2251,1
-4703.1636,-28634.3926,24.9425,-5249.8516,-28087.2148,22.0311,-4697.0815,-28637.2656,14.8617,779.8705,-0.0003,-0.0072,3.1062,0.7860,-3.1415,-4703.6934,-28633.8652,27.7518,1
-4703.1636,-28634.3926,24.9425,-5249.7202,-28087.3457,22.0245,-4703.8584,-28626.8535,25.4827,767.5074,-0.0008,-0.0046,3.1092,0.7861,-3.1415,-4703.7456,-28633.5977,27.5917,1
-4703.1636,-28634.3926,24.9425,-5249.5879,-28087.4766,22.0170,-4706.0503,-28634.7598,20.3529,771.3490,0.0006,-0.0051,3.1127,0.7859,-3.1415,-4703.8672,-28633.5762,27.2640,1
-4703.1636,-28634.3926,24.9425,-5249.4551,-28087.6094,22.0088,-4701.3188,-28635.6855,14.7911,775.1902,0.0001,-0.0056,3.1167,0.7859,-3.1415,-4703.8394,-28633.5859,26.7462,1
-4703.1636,-28634.3926,24.9425,-5249.3213,-28087.7422,22.0000,-4696.6040,-28636.5508,8.8056,779.0318,-0.0005,-0.0061,3.1212,0.7859,-3.1415,-4703.6533,-28633.6309,26.0164,1
-4703.1636,-28634.3926,24.9425,-5249.1875,-28087.8770,21.9903,-4709.9951,-28632.8613,23.9805,766.6492,0.0009,-0.0022,3.1261,0.7859,-3.1415,-4703.8833,-28633.5664,25.7408,1
-4703.1636,-28634.3926,24.9425,-5249.0537,-28088.0098,21.9799,-4704.4600,-28631.0352,21.8916,769.0690,-0.0001,-0.0017,3.1314,0.7859,-3.1416,-4703.9453,-28633.4414,25.4008,1
-4703.1636,-28634.3926,24.9425,-5248.9199,-28088.1426,21.9704,-4700.5527,-28634.7070,10.8596,774.3245,-0.0002,-0.0032,3.1367,0.7859,-3.1416,-4703.8809,-28633.4297,24.7049,1
-4703.1636,-28634.3926,24.9425,-5248.7871,-28088.2754,21.9627,-4695.8706,-28635.5371,4.4671,778.1624,-0.0007,-0.0037,-3.1415,0.7859,-3.1416,-4703.6577,-28633.4512,23.7835,1
-4703.1636,-28634.3926,24.9425,-5248.6553,-28088.4062,21.9568,-4709.3345,-28632.0566,24.2835,765.7822,0.0007,0.0011,-3.1370,0.7859,3.1416,-4703.8525,-28633.3652,23.4668,1
-4703.1636,-28634.3926,24.9425,-5248.5249,-28088.5371,21.9523,-4704.6025,-28633.0098,18.8304,769.6163,0.0002,0.0006,-3.1330,0.7859,3.1416,-4703.9038,-28633.3105,22.9858,1
-4703.1636,-28634.3926,24.9425,-5248.3965,-28088.6660,21.9490,-4699.8848,-28633.9121,13.8214,773.4499,-0.0004,0.0001,-3.1297,0.7859,3.1416,-4703.8032,-28633.2852,22.3456,1
-4703.1636,-28634.3926,24.9425,-5248.2695,-28088.7910,21.9467,-4702.0786,-28641.6777,9.2894,777.2840,0.0011,-0.0004,-3.1271,0.7859,3.1415,-4703.7646,-28633.5117,21.5540,1
-4703.1636,-28634.3926,24.9425,-5248.1440,-28088.9160,21.9451,-4708.6577,-28631.2148,26.2378,764.9420,0.0005,0.0034,-3.1252,0.7860,3.1415,-4703.9360,-28633.4199,21.2963,1
-4703.1636,-28634.3926,24.9425,-5248.0205,-28089.0391,21.9445,-4703.9277,-28632.1660,22.7258,768.7725,-0.0001,0.0029,-3.1237,0.7860,3.1415,-4703.9624,-28633.3535,20.9480,1
-4703.1636,-28634.3926,24.9425,-5247.8984,-28089.1621,21.9448,-4699.1978,-28633.0820,19.4955,772.6024,-0.0006,0.0024,-3.1227,0.7860,3.1415,-4703.8350,-28633.3164,20.5120,1
-4703.1636,-28634.3926,24.9425,-5247.7783,-28089.2812,21.9457,-4701.3540,-28640.8691,16.5288,776.4328,0.0008,0.0019,-3.1220,0.7860,3.1415,-4703.7666,-28633.5312,19.9914,1
-4703.1636,-28634.3926,24.9425,-5247.6592,-28089.4004,21.9471,-4708.0205,-28630.4141,27.4812,764.1437,0.0003,0.0042,-3.1217,0.7860,3.1415,-4703.9097,-28633.4238,19.8331,1
-4703.1636,-28634.3926,24.9425,-5247.5415,-28089.5176,21.9486,-4703.2998,-28631.3555,25.0966,767.9706,-0.0003,0.0037,-3.1217,0.7860,3.1415,-4703.9072,-28633.3418,19.6261,1
-4703.1636,-28634.3926,24.9425,-5247.4258,-28089.6328,21.9502,-4698.5742,-28632.2637,22.9117,771.7971,-0.0008,0.0032,-3.1220,0.7860,3.1415,-4703.7500,-28633.2852,19.3719,1
-4703.1636,-28634.3926,24.9425,-5247.3110,-28089.7461,21.9516,-4700.8442,-28640.1816,20.9123,775.6241,0.0006,0.0027,-3.1226,0.7857,3.1415,-4703.6548,-28633.4824,19.0723,1
-4703.1636,-28634.3926,24.9425,-5247.1978,-28089.8594,21.9528,-4707.3506,-28629.5781,28.3203,763.3820,0.0000,0.0041,-3.1234,0.7857,3.1415,-4703.7651,-28633.3516,19.0321,1
-4703.1636,-28634.3926,24.9425,-5247.0845,-28089.9727,21.9539,-4702.6426,-28630.5098,26.9643,767.2057,-0.0005,0.0036,-3.1247,0.7857,3.1415,-4703.7300,-28633.2441,18.9779,1
-4703.1636,-28634.3926,24.9425,-5246.9707,-28090.0859,21.9551,-4704.7681,-28638.2637,26.1547,771.0289,0.0009,0.0031,-3.1268,0.7857,3.1415,-4703.7612,-28633.3828,18.9238,1
-4703.1636,-28634.3926,24.9425,-5246.8545,-28090.2012,21.9564,-4700.0469,-28639.1953,26.0620,774.8526,0.0004,0.0026,-3.1298,0.7857,3.1415,-4703.6426,-28633.5605,18.8908,1
-4703.1636,-28634.3926,24.9425,-5246.7358,-28090.3203,21.9583,-4706.6919,-28628.7539,30.5607,762.6387,-0.0002,0.0030,-3.1336,0.7857,3.1415,-4703.7319,-28633.4121,19.0333,1
-4703.1636,-28634.3926,24.9425,-5246.6133,-28090.4414,21.9612,-4704.8647,-28637.4980,29.8100,769.9435,0.0008,0.0021,-3.1379,0.7857,3.1415,-4703.7681,-28633.5391,19.1808,1
-4703.1636,-28634.3926,24.9425,-5246.4863,-28090.5684,21.9649,-4704.0977,-28637.4141,32.6376,770.2793,0.0007,0.0020,3.1408,0.7857,3.1416,-4703.7812,-28633.6719,19.4497,1
-4703.1636,-28634.3926,24.9425,-5246.3569,-28090.6973,21.9690,-4699.6777,-28638.6426,33.6427,774.0998,0.0002,0.0015,3.1363,0.7852,3.1415,-4703.6523,-28633.8516,19.7831,1
-4703.1636,-28634.3926,24.9425,-5246.2256,-28090.8301,21.9730,-4706.6777,-28628.6230,30.5677,761.8427,-0.0005,0.0003,3.1324,0.7837,3.1413,-4703.7427,-28633.7148,20.0567,1
-4703.1636,-28634.3926,24.9425,-5246.0918,-28090.9648,21.9767,-4710.4014,-28634.4863,33.5080,763.2236,0.0005,0.0004,3.1291,0.7814,3.1410,-4703.9609,-28633.7578,20.4515,1
-4703.1636,-28634.3926,24.9425,-5245.9565,-28091.1035,21.9799,-4702.8569,-28639.0938,27.7484,771.5507,-0.0004,-0.0012,3.1264,0.7782,3.1407,-4703.9468,-28633.9512,20.6850,1
-4703.1636,-28634.3926,24.9425,-5245.8188,-28091.2441,21.9828,-4704.5161,-28643.4375,29.1722,773.2935,-0.0002,-0.0012,3.1241,0.7742,3.1400,-4703.9834,-28634.2949,20.9792,1
-4703.1636,-28634.3926,24.9425,-5245.6792,-28091.3867,21.9855,-4707.8022,-28629.6504,28.7370,760.9810,-0.0024,-0.0015,3.1221,0.7697,3.1393,-4704.1289,-28634.2090,21.2805,1
-4703.1636,-28634.3926,24.9425,-5245.5366,-28091.5332,21.9884,-4704.1963,-28643.8359,23.7281,773.3715,-0.0016,-0.0028,3.1203,0.7651,3.1387,-4704.1626,-28634.5723,21.4305,1
-4703.1636,-28634.3926,24.9425,-5245.3906,-28091.6855,21.9915,-4710.0732,-28643.1953,26.1764,768.6072,-0.0016,-0.0025,3.1186,0.7607,3.1383,-4704.3867,-28634.9336,21.6631,1
-4703.1636,-28634.3926,24.9425,-5245.2402,-28091.8418,21.9946,-4707.6157,-28646.4316,24.9953,772.4204,-0.0021,-0.0030,3.1169,0.7566,3.1381,-4704.5420,-28635.4141,21.8640,1
-4703.1636,-28634.3926,24.9425,-5245.0864,-28092.0020,21.9978,-4706.7573,-28628.4922,28.9037,760.0518,-0.0055,-0.0025,3.1151,0.7527,3.1380,-4704.6753,-28635.3301,22.1986,1
-4703.1636,-28634.3926,24.9425,-5244.9292,-28092.1680,22.0011,-4710.8447,-28638.2344,27.8929,763.8610,-0.0040,-0.0030,3.1134,0.7490,3.1380,-4704.9443,-28635.5469,22.5101,1
-4703.1636,-28634.3926,24.9425,-5244.7676,-28092.3379,22.0045,-4710.1152,-28641.2832,30.8295,766.3446,-0.0043,-0.0026,3.1116,0.7454,3.1381,-4705.1997,-28635.8652,22.9243,1
-4703.1636,-28634.3926,24.9425,-5244.6030,-28092.5117,22.0081,-4709.8096,-28643.0586,27.0818,767.5606,-0.0046,-0.0037,3.1099,0.7421,3.1381,-4705.4521,-28636.2480,23.2283,1
-4703.1636,-28634.3926,24.9425,-5244.4341,-28092.6895,22.0117,-4701.8086,-28635.9277,27.5658,767.8537,-0.0072,-0.0039,3.1080,0.7394,3.1381,-4705.4507,-28636.4062,23.5506,1
-4703.1636,-28634.3926,24.9425,-5244.2617,-28092.8730,22.0153,-4708.8862,-28636.2305,28.0390,762.8364,-0.0066,-0.0041,3.1062,0.7367,3.1381,-4705.6680,-28636.5703,23.8919,1
-4703.1636,-28634.3926,24.9425,-5244.0859,-28093.0625,22.0190,-4705.5254,-28638.6289,27.0338,766.6405,-0.0071,-0.0046,3.1044,0.7342,3.1381,-4705.7788,-28636.8047,24.2021,1
-4703.1636,-28634.3926,24.9425,-5243.9067,-28093.2539,22.0226,-4706.4370,-28646.6934,25.8828,771.4979,-0.0062,-0.0051,3.1027,0.7317,3.1380,-4705.9150,-28637.2988,24.4736,1
-4703.1636,-28634.3926,24.9425,-5243.7246,-28093.4512,22.0260,-4700.3091,-28641.3223,26.0459,771.6895,-0.0082,-0.0053,3.1010,0.7298,3.1378,-4705.8496,-28637.6328,24.7462,1
-4703.1636,-28634.3926,24.9425,-5243.5400,-28093.6523,22.0292,-4707.4736,-28634.7578,27.3551,761.7191,-0.0084,-0.0052,3.0996,0.7277,3.1376,-4706.0015,-28637.7539,25.0576,1
-4703.1636,-28634.3926,24.9425,-5243.3525,-28093.8555,22.0321,-4704.3784,-28643.4023,32.5493,769.8222,-0.0079,-0.0043,3.0985,0.7258,3.1375,-4706.0518,-28638.1426,25.5342,1
-4703.1636,-28634.3926,24.9425,-5243.1631,-28094.0625,22.0347,-4707.7837,-28633.4004,32.0046,760.0241,-0.0092,-0.0045,3.0976,0.7240,3.1372,-4706.2065,-28638.2109,26.0031,1
-4703.1636,-28634.3926,24.9425,-5242.9712,-28094.2715,22.0369,-4709.5337,-28635.7852,23.9107,760.1481,-0.0087,-0.0063,3.0969,0.7229,3.1368,-4706.4189,-28638.3379,26.2101,1
-4703.1636,-28634.3926,24.9425,-5242.7764,-28094.4863,22.0386,-4705.7451,-28632.9551,25.7559,760.5222,-0.0099,-0.0059,3.0963,0.7219,3.1363,-4706.5103,-28638.3594,26.4634,1
-4703.1636,-28634.3926,24.9425,-5242.5796,-28094.7012,22.0399,-4701.4399,-28634.4355,23.3948,764.3158,-0.0105,-0.0064,3.0959,0.7211,3.1359,-4706.4551,-28638.4121,26.6290,1
-4703.1636,-28634.3926,24.9425,-5242.3804,-28094.9219,22.0407,-4703.1289,-28642.7207,22.6679,768.7055,-0.0091,-0.0066,3.0957,0.7202,3.1354,-4706.4409,-28638.7207,26.7555,1
-4703.1636,-28634.3926,24.9425,-5242.1792,-28095.1445,22.0409,-4701.3018,-28634.4570,22.0098,763.8314,-0.0107,-0.0067,3.0957,0.7198,3.1350,-4706.3564,-28638.7617,26.8423,1
-4703.1636,-28634.3926,24.9425,-5241.9756,-28095.3711,22.0406,-4699.4600,-28635.3984,28.6770,765.5209,-0.0108,-0.0052,3.0958,0.7196,3.1346,-4706.1982,-28638.8203,27.1285,1
-4703.1636,-28634.3926,24.9425,-5241.7700,-28095.5996,22.0399,-4699.6035,-28632.5039,21.8281,763.0475,-0.0113,-0.0065,3.0962,0.7194,3.1343,-4706.0273,-28638.7676,27.1861,1
-4703.1636,-28634.3926,24.9425,-5241.5620,-28095.8320,22.0386,-4703.0518,-28634.1055,22.3712,761.4214,-0.0105,-0.0063,3.0968,0.7195,3.1341,-4705.9536,-28638.7500,27.2418,1
-4703.1636,-28634.3926,24.9425,-5241.3516,-28096.0684,22.0368,-4707.8965,-28629.0996,26.9285,754.1523,-0.0105,-0.0052,3.0975,0.7197,3.1340,-4706.0322,-28638.5508,27.4290,1
-4703.1636,-28634.3926,24.9425,-5241.1396,-28096.3066,22.0346,-4697.4136,-28639.5781,24.0486,768.6436,-0.0104,-0.0057,3.0985,0.7203,3.1341,-4705.7725,-28638.6719,27.5152,1
-4703.1636,-28634.3926,24.9425,-5240.9253,-28096.5488,22.0320,-4705.6514,-28628.4141,18.1303,754.6159,-0.0108,-0.0067,3.0998,0.7211,3.1343,-4705.7617,-28638.4238,27.3891,1
-4703.1636,-28634.3926,24.9425,-5240.7090,-28096.7949,22.0289,-4699.3828,-28637.9980,17.3133,765.4987,-0.0102,-0.0067,3.1012,0.7217,3.1347,-4705.5469,-28638.4688,27.2142,1
-4703.1636,-28634.3926,24.9425,-5240.4902,-28097.0430,22.0255,-4703.6709,-28634.2422,27.0631,759.4760,-0.0099,-0.0045,3.1029,0.7227,3.1352,-4705.4580,-28638.3867,27.3310,1
-4703.1636,-28634.3926,24.9425,-5240.2695,-28097.2969,22.0217,-4706.4224,-28633.9238,22.0809,756.9588,-0.0094,-0.0053,3.1046,0.7236,3.1357,-4705.4565,-28638.2832,27.2785,1
-4703.1636,-28634.3926,24.9425,-5240.0459,-28097.5527,22.0177,-4703.7886,-28633.4707,25.4997,758.1642,-0.0098,-0.0044,3.1064,0.7244,3.1363,-4705.3721,-28638.1523,27.3235,1
-4703.1636,-28634.3926,24.9425,-5239.8198,-28097.8145,22.0138,-4701.2871,-28633.1582,19.4475,759.3696,-0.0101,-0.0054,3.1080,0.7251,3.1368,-4705.2026,-28638.0020,27.1620,1
-4703.1636,-28634.3926,24.9425,-5239.5898,-28098.0781,22.0101,-4706.8818,-28633.6328,21.9716,755.3937,-0.0091,-0.0047,3.1093,0.7258,3.1372,-4705.2104,-28637.8555,27.0625,1
-4703.1636,-28634.3926,24.9425,-5239.3569,-28098.3477,22.0068,-4702.6489,-28632.9219,26.4420,757.5370,-0.0097,-0.0036,3.1105,0.7265,3.1373,-4705.0835,-28637.6758,27.0975,1
-4703.1636,-28634.3926,24.9425,-5239.1211,-28098.6230,22.0040,-4700.3989,-28639.7695,26.1724,763.6067,-0.0089,-0.0035,3.1115,0.7273,3.1373,-4704.8794,-28637.7109,27.1205,1
-4703.1636,-28634.3926,24.9425,-5238.8818,-28098.9023,22.0015,-4700.3589,-28639.1582,19.0205,762.8338,-0.0089,-0.0049,3.1122,0.7281,3.1371,-4704.6665,-28637.7344,26.9053,1
-4703.1636,-28634.3926,24.9425,-5238.6392,-28099.1855,21.9995,-4700.2764,-28639.2617,25.9959,762.5927,-0.0087,-0.0033,3.1128,0.7289,3.1368,-4704.4434,-28637.7637,26.8998,1
-4703.1636,-28634.3926,24.9425,-5238.3940,-28099.4746,21.9979,-4707.0601,-28633.8164,24.0360,753.5638,-0.0084,-0.0036,3.1132,0.7297,3.1363,-4704.4375,-28637.6152,26.8262,1
-4703.1636,-28634.3926,24.9425,-5238.1460,-28099.7676,21.9967,-4701.7847,-28634.4062,21.1861,757.3254,-0.0090,-0.0041,3.1133,0.7307,3.1357,-4704.2656,-28637.4824,26.6522,1
-4703.1636,-28634.3926,24.9425,-5237.8955,-28100.0645,21.9958,-4696.3896,-28634.8457,18.3744,761.0875,-0.0095,-0.0046,3.1132,0.7319,3.1348,-4703.9146,-28637.3574,26.3744,1
-4703.1636,-28634.3926,24.9425,-5237.6426,-28100.3672,21.9953,-4693.9624,-28636.1094,27.2172,763.3136,-0.0095,-0.0027,3.1128,0.7330,3.1336,-4703.4717,-28637.2695,26.3698,1
-4703.1636,-28634.3926,24.9425,-5237.3877,-28100.6758,21.9950,-4705.8521,-28632.5312,24.5267,751.9448,-0.0081,-0.0032,3.1122,0.7345,3.1322,-4703.4028,-28637.0605,26.2791,1
-4703.1636,-28634.3926,24.9425,-5237.1318,-28100.9883,21.9948,-4700.3203,-28632.8691,21.7028,755.6988,-0.0086,-0.0037,3.1118,0.7359,3.1308,-4703.1606,-28636.8555,26.0925,1
-4703.1636,-28634.3926,24.9425,-5236.8760,-28101.3027,21.9944,-4694.7222,-28633.0996,18.6093,759.4534,-0.0092,-0.0042,3.1119,0.7375,3.1297,-4702.7334,-28636.6543,25.7964,1
-4703.1636,-28634.3926,24.9425,-5236.6201,-28101.6191,21.9937,-4699.0869,-28640.3008,26.0800,761.0181,-0.0072,-0.0024,3.1127,0.7392,3.1290,-4702.4380,-28636.6836,25.7323,1
-4703.1636,-28634.3926,24.9425,-5236.3647,-28101.9355,21.9923,-4700.6123,-28636.4453,20.5698,756.8018,-0.0073,-0.0033,3.1142,0.7409,3.1288,-4702.1909,-28636.5957,25.4895,1
-4703.1636,-28634.3926,24.9425,-5236.1104,-28102.2559,21.9901,-4699.0518,-28631.4570,18.8844,753.9974,-0.0080,-0.0033,3.1164,0.7428,3.1290,-4701.8950,-28636.3457,25.1820,1
-4703.1636,-28634.3926,24.9425,-5235.8574,-28102.5742,21.9869,-4693.2202,-28631.3906,14.4945,757.7440,-0.0085,-0.0038,3.1194,0.7449,3.1295,-4701.4072,-28636.0879,24.7200,1
-4703.1636,-28634.3926,24.9425,-5235.6055,-28102.8945,21.9829,-4698.8677,-28640.7324,25.3395,759.8511,-0.0059,-0.0011,3.1231,0.7471,3.1306,-4701.0952,-28636.1289,24.5972,1
-4703.1636,-28634.3926,24.9425,-5235.3555,-28103.2148,21.9783,-4703.7793,-28630.2012,20.5427,748.5307,-0.0065,-0.0016,3.1275,0.7490,3.1324,-4700.9492,-28635.8359,24.3212,1
-4703.1636,-28634.3926,24.9425,-5235.1074,-28103.5332,21.9731,-4697.9863,-28630.1816,15.6142,752.2688,-0.0070,-0.0021,3.1325,0.7511,3.1346,-4700.6245,-28635.5332,23.8785,1
-4703.1636,-28634.3926,24.9425,-5234.8613,-28103.8516,21.9680,-4698.7769,-28636.7871,10.6454,756.0073,-0.0056,-0.0026,3.1373,0.7533,3.1367,-4700.3281,-28635.4414,23.2602,1
-4703.1636,-28634.3926,24.9425,-5234.6167,-28104.1660,21.9635,-4698.4331,-28640.1191,24.9987,758.1181,-0.0049,0.0009,-3.1413,0.7550,3.1384,-4700.0259,-28635.4688,23.0950,1
-4703.1636,-28634.3926,24.9425,-5234.3740,-28104.4805,21.9596,-4703.4233,-28629.6797,20.2630,746.8220,-0.0054,0.0004,-3.1373,0.7568,3.1396,-4699.8940,-28635.1621,22.7840,1
-4703.1636,-28634.3926,24.9425,-5234.1328,-28104.7910,21.9563,-4697.7163,-28629.7168,15.7493,750.5521,-0.0060,-0.0001,-3.1337,0.7587,3.1407,-4699.5879,-28634.8496,22.3251,1
-4703.1636,-28634.3926,24.9425,-5233.8940,-28105.0996,21.9535,-4698.5781,-28636.3867,11.4555,754.2826,-0.0045,-0.0006,-3.1306,0.7607,3.1415,-4699.3145,-28634.7520,21.7183,1
-4703.1636,-28634.3926,24.9425,-5233.6577,-28105.4043,21.9512,-4697.9492,-28639.4414,25.9028,756.4265,-0.0039,0.0028,-3.1280,0.7622,-3.1409,-4699.0273,-28634.7656,21.5760,1
-4703.1636,-28634.3926,24.9425,-5233.4233,-28105.7070,21.9493,-4703.0459,-28629.1230,22.2349,745.1540,-0.0045,0.0023,-3.1258,0.7638,-3.1403,-4698.9165,-28634.4492,21.3320,1
-4703.1636,-28634.3926,24.9425,-5233.1909,-28106.0059,21.9481,-4697.4604,-28629.2715,18.8571,748.8762,-0.0050,0.0018,-3.1242,0.7654,-3.1400,-4698.6357,-28634.1309,20.9862,1
-4703.1636,-28634.3926,24.9425,-5232.9609,-28106.3027,21.9474,-4698.6475,-28636.2852,15.6290,752.5989,-0.0036,0.0013,-3.1229,0.7668,-3.1397,-4698.4004,-28634.0410,20.5379,1
-4703.1636,-28634.3926,24.9425,-5232.7329,-28106.5977,21.9474,-4697.4736,-28638.7676,26.8282,754.7938,-0.0032,0.0038,-3.1219,0.7680,-3.1394,-4698.1348,-28634.0430,20.4596,1
-4703.1636,-28634.3926,24.9425,-5232.5073,-28106.8887,21.9479,-4704.3511,-28630.8613,22.2468,743.9643,-0.0032,0.0030,-3.1210,0.7693,-3.1392,-4698.1064,-28633.7988,20.2542,1
-4703.1636,-28634.3926,24.9425,-5232.2837,-28107.1758,21.9486,-4703.8740,-28635.5625,21.2406,747.2589,-0.0023,0.0028,-3.1204,0.7707,-3.1390,-4698.0830,-28633.7090,20.0284,1
-4703.1636,-28634.3926,24.9425,-5232.0625,-28107.4629,21.9495,-4698.5850,-28636.0117,18.6704,750.9740,-0.0029,0.0023,-3.1200,0.7719,-3.1388,-4697.9028,-28633.6445,19.7284,1
-4703.1636,-28634.3926,24.9425,-5231.8428,-28107.7461,21.9504,-4696.9600,-28638.0586,27.3896,753.2205,-0.0027,0.0042,-3.1198,0.7728,-3.1387,-4697.6768,-28633.6562,19.7244,1
-4703.1636,-28634.3926,24.9425,-5231.6255,-28108.0254,21.9512,-4702.3267,-28628.0293,25.0245,741.9926,-0.0032,0.0037,-3.1198,0.7739,-3.1386,-4697.6367,-28633.3477,19.6702,1
-4703.1636,-28634.3926,24.9425,-5231.4106,-28108.3027,21.9520,-4703.5913,-28635.0762,22.8207,745.7001,-0.0018,0.0032,-3.1200,0.7751,-3.1385,-4697.6553,-28633.2695,19.5611,1
-4703.1636,-28634.3926,24.9425,-5231.1973,-28108.5781,21.9526,-4698.4292,-28635.6289,20.7229,749.4081,-0.0023,0.0027,-3.1203,0.7760,-3.1385,-4697.5200,-28633.2168,19.3960,1
-4703.1636,-28634.3926,24.9425,-5230.9858,-28108.8516,21.9531,-4696.4199,-28637.3242,27.8074,751.7032,-0.0023,0.0041,-3.1208,0.7768,-3.1386,-4697.3252,-28633.2305,19.4763,1
-4703.1636,-28634.3926,24.9425,-5230.7769,-28109.1211,21.9534,-4698.8247,-28637.2402,21.3393,749.5799,-0.0018,0.0026,-3.1214,0.7776,-3.1386,-4697.2139,-28633.2539,19.3667,1
-4703.1636,-28634.3926,24.9425,-5230.5693,-28109.3887,21.9536,-4702.9580,-28630.4961,21.6550,741.5628,-0.0021,0.0026,-3.1222,0.7782,-3.1387,-4697.2515,-28633.0645,19.2788,1
-4703.1636,-28634.3926,24.9425,-5230.3638,-28109.6543,21.9536,-4698.4951,-28635.4668,22.3144,747.8979,-0.0019,0.0026,-3.1231,0.7789,-3.1388,-4697.1567,-28633.0391,19.2231,1
-4703.1636,-28634.3926,24.9425,-5230.1606,-28109.9160,21.9536,-4695.8691,-28636.5762,28.1394,750.2396,-0.0021,0.0037,-3.1241,0.7796,-3.1389,-4696.9814,-28633.0605,19.3734,1
-4703.1636,-28634.3926,24.9425,-5229.9590,-28110.1758,21.9535,-4707.9487,-28633.3379,26.4794,739.0531,-0.0006,0.0032,-3.1252,0.7804,-3.1391,-4697.2168,-28632.9863,19.4963,1
-4703.1636,-28634.3926,24.9425,-5229.7593,-28110.4336,21.9533,-4703.0532,-28634.1289,25.0023,742.7469,-0.0012,0.0027,-3.1265,0.7808,-3.1393,-4697.3140,-28632.9395,19.5877,1
-4703.1636,-28634.3926,24.9425,-5229.5610,-28110.6895,21.9534,-4698.1006,-28634.8379,23.4869,746.4413,-0.0017,0.0022,-3.1277,0.7814,-3.1395,-4697.2598,-28632.9238,19.6426,1
-4703.1636,-28634.3926,24.9425,-5229.3647,-28110.9434,21.9538,-4695.2930,-28635.8105,28.1589,748.8267,-0.0019,0.0030,-3.1288,0.7820,-3.1396,-4697.1167,-28632.9473,19.8640,1
-4703.1636,-28634.3926,24.9425,-5229.1699,-28111.1953,21.9544,-4707.5288,-28632.7559,26.3797,737.6597,-0.0005,0.0025,-3.1298,0.7824,-3.1398,-4697.3862,-28632.8770,20.0497,1
-4703.1636,-28634.3926,24.9425,-5228.9771,-28111.4434,21.9551,-4702.6265,-28633.5098,24.6155,741.3472,-0.0010,0.0020,-3.1306,0.7830,-3.1399,-4697.5142,-28632.8340,20.1900,1
-4703.1636,-28634.3926,24.9425,-5228.7852,-28111.6914,21.9559,-4697.7344,-28634.2520,22.7386,745.0350,-0.0016,0.0015,-3.1313,0.7834,-3.1400,-4697.4897,-28632.8184,20.2768,1
-4703.1636,-28634.3926,24.9425,-5228.5952,-28111.9375,21.9566,-4701.3101,-28641.6934,27.7552,747.4575,0.0001,0.0025,-3.1318,0.7840,-3.1401,-4697.5864,-28633.0586,20.5364,1
-4703.1636,-28634.3926,24.9425,-5228.4062,-28112.1797,21.9572,-4707.1260,-28632.1934,25.6335,736.3094,-0.0004,0.0020,-3.1322,0.7840,-3.1401,-4697.8916,-28633.0000,20.7431,1
-4703.1636,-28634.3926,24.9425,-5228.2192,-28112.4219,21.9577,-4702.3647,-28633.0645,23.5146,739.9906,-0.0010,0.0015,-3.1325,0.7843,-3.1402,-4698.0557,-28632.9727,20.8870,1
-4703.1636,-28634.3926,24.9425,-5228.0337,-28112.6621,21.9580,-4697.5269,-28633.8301,21.2996,743.6722,-0.0015,0.0010,-3.1327,0.7847,-3.1402,-4698.0654,-28632.9707,20.9600,1
-4703.1636,-28634.3926,24.9425,-5227.8496,-28112.9004,21.9582,-4700.6846,-28640.9004,27.4285,746.1272,0.0001,0.0023,-3.1328,0.7852,-3.1402,-4698.1787,-28633.2070,21.2370,1
-4703.1636,-28634.3926,24.9425,-5227.6665,-28113.1348,21.9582,-4706.5166,-28631.4238,25.0402,734.9974,-0.0005,0.0018,-3.1327,0.7852,-3.1402,-4698.4961,-28633.1445,21.4473,1
-4703.1636,-28634.3926,24.9425,-5227.4854,-28113.3691,21.9581,-4701.7866,-28632.2949,22.6808,738.6725,-0.0010,0.0013,-3.1327,0.7855,-3.1402,-4698.6689,-28633.1074,21.5823,1
-4703.1636,-28634.3926,24.9425,-5227.3057,-28113.6016,21.9580,-4696.9824,-28633.0625,20.2606,742.3481,-0.0016,0.0008,-3.1325,0.7859,-3.1402,-4698.6836,-28633.0957,21.6347,1
-4703.1636,-28634.3926,24.9425,-5227.1270,-28113.8320,21.9578,-4700.2700,-28640.3145,27.2459,744.8352,0.0000,0.0023,-3.1323,0.7859,-3.1401,-4698.8032,-28633.3281,21.9154,1
-4703.1636,-28634.3926,24.9425,-5226.9502,-28114.0605,21.9576,-4706.1318,-28630.8770,24.7379,733.7227,-0.0005,0.0018,-3.1321,0.7859,-3.1401,-4699.1240,-28633.2559,22.1217,1
-4703.1636,-28634.3926,24.9425,-5226.7749,-28114.2871,21.9573,-4701.5361,-28631.8574,22.2915,737.3925,-0.0011,0.0013,-3.1319,0.7859,-3.1400,-4699.3003,-28633.2129,22.2466,1
-4703.1636,-28634.3926,24.9425,-5226.6006,-28114.5117,21.9571,-4703.3198,-28639.2500,19.8078,741.0618,0.0004,0.0008,-3.1317,0.7863,-3.1400,-4699.5386,-28633.4160,22.2836,1
-4703.1636,-28634.3926,24.9425,-5226.4282,-28114.7344,21.9568,-4699.6392,-28639.5117,27.2068,743.5812,-0.0002,0.0024,-3.1315,0.7863,-3.1400,-4699.6572,-28633.6406,22.5601,1
-4703.1636,-28634.3926,24.9425,-5226.2573,-28114.9551,21.9566,-4696.9863,-28637.9160,27.3952,744.0654,-0.0008,0.0025,-3.1313,0.7863,-3.1399,-4699.6826,-28633.8242,22.8491,1
-4703.1636,-28634.3926,24.9425,-5226.0879,-28115.1738,21.9564,-4700.8203,-28630.9434,22.2952,736.1499,-0.0013,0.0014,-3.1311,0.7865,-3.1399,-4699.8271,-28633.7793,22.9721,1
-4703.1636,-28634.3926,24.9425,-5225.9194,-28115.3906,21.9562,-4702.6040,-28638.2930,29.1608,739.8135,0.0002,0.0029,-3.1310,0.7869,-3.1399,-4700.0308,-28633.9746,23.3207,1
-4703.1636,-28634.3926,24.9425,-5225.7529,-28115.6074,21.9561,-4699.0039,-28638.7012,27.2553,742.3657,-0.0003,0.0025,-3.1309,0.7869,-3.1399,-4700.1143,-28634.1934,23.6125,1
-4703.1636,-28634.3926,24.9425,-5225.5879,-28115.8203,21.9560,-4704.8916,-28629.2949,24.8336,731.2869,-0.0009,0.0020,-3.1308,0.7869,-3.1398,-4700.3921,-28634.0977,23.8257,1
-4703.1636,-28634.3926,24.9425,-5225.4238,-28116.0312,21.9559,-4706.6997,-28636.6816,22.4923,734.9456,0.0006,0.0015,-3.1307,0.7872,-3.1398,-4700.7363,-28634.2422,23.9552,1
-4703.1636,-28634.3926,24.9425,-5225.2617,-28116.2402,21.9559,-4702.1519,-28637.6328,29.4412,738.6037,0.0000,0.0030,-3.1307,0.7872,-3.1398,-4700.9341,-28634.4219,24.3109,1
-4703.1636,-28634.3926,24.9425,-5225.1006,-28116.4492,21.9559,-4698.3823,-28637.9004,27.3210,741.1886,-0.0005,0.0026,-3.1307,0.7872,-3.1398,-4701.0024,-28634.6152,24.5998,1
-4703.1636,-28634.3926,24.9425,-5224.9409,-28116.6543,21.9559,-4704.2852,-28628.5156,24.9777,730.1259,-0.0011,0.0021,-3.1307,0.7872,-3.1398,-4701.2603,-28634.4941,24.8091,1
-4703.1636,-28634.3926,24.9425,-5224.7827,-28116.8594,21.9560,-4706.0649,-28635.8691,22.7107,733.7792,0.0004,0.0016,-3.1308,0.7875,-3.1398,-4701.5796,-28634.6074,24.9347,1
-4703.1636,-28634.3926,24.9425,-5224.6260,-28117.0625,21.9560,-4701.5288,-28636.8027,29.7129,737.4320,-0.0002,0.0031,-3.1309,0.7875,-3.1399,-4701.7490,-28634.7520,25.2862,1
-4703.1636,-28634.3926,24.9425,-5224.4707,-28117.2617,21.9561,-4708.3081,-28633.7207,24.8512,730.1738,0.0004,0.0020,-3.1310,0.7875,-3.1399,-4702.1436,-28634.7949,25.4757,1
-4703.1636,-28634.3926,24.9425,-5224.3164,-28117.4609,21.9562,-4703.7627,-28634.6895,22.6252,733.8215,-0.0002,0.0015,-3.1311,0.7875,-3.1399,-4702.3901,-28634.8652,25.5810,1
-4703.1636,-28634.3926,24.9425,-5224.1636,-28117.6582,21.9563,-4707.9351,-28636.0078,23.1799,731.5550,0.0007,0.0016,-3.1312,0.7875,-3.1399,-4702.7759,-28634.9785,25.6912,1
-4703.1636,-28634.3926,24.9425,-5224.0122,-28117.8555,21.9565,-4694.6694,-28636.5391,27.4324,741.1175,-0.0013,0.0025,-3.1313,0.7876,-3.1399,-4702.7158,-28635.1074,25.9336,1
-4703.1636,-28634.3926,24.9425,-5223.8618,-28118.0488,21.9566,-4700.3608,-28636.9629,23.7442,737.1027,-0.0004,0.0017,-3.1314,0.7876,-3.1399,-4702.8228,-28635.2520,26.0481,1
-4703.1636,-28634.3926,24.9425,-5223.7129,-28118.2402,21.9567,-4703.0249,-28633.7773,22.6398,732.7258,-0.0004,0.0015,-3.1315,0.7878,-3.1400,-4703.0078,-28635.2891,26.1128,1
-4703.1636,-28634.3926,24.9425,-5223.5654,-28118.4316,21.9568,-4698.5068,-28634.6758,29.6537,736.3691,-0.0010,0.0030,-3.1316,0.7878,-3.1400,-4703.0332,-28635.3516,26.4021,1
-4703.1636,-28634.3926,24.9425,-5223.4189,-28118.6211,21.9569,-4700.4780,-28642.1973,27.4235,740.0119,0.0005,0.0025,-3.1317,0.7878,-3.1400,-4703.1099,-28635.6621,26.6168,1
-4703.1636,-28634.3926,24.9425,-5223.2739,-28118.8086,21.9570,-4707.0303,-28632.1465,24.8333,728.0259,-0.0001,0.0019,-3.1318,0.7878,-3.1400,-4703.3984,-28635.6445,26.7383,1
-4703.1636,-28634.3926,24.9425,-5223.1299,-28118.9941,21.9571,-4702.5068,-28633.0859,22.6056,731.6639,-0.0006,0.0014,-3.1319,0.7878,-3.1400,-4703.5342,-28635.6465,26.7734,1
-4703.1636,-28634.3926,24.9425,-5222.9873,-28119.1777,21.9572,-4698.0083,-28633.9805,29.5907,735.3024,-0.0012,0.0029,-3.1320,0.7878,-3.1400,-4703.5093,-28635.6719,27.0312,1
-4703.1636,-28634.3926,24.9425,-5222.8457,-28119.3613,21.9573,-4699.8286,-28641.3457,27.3425,738.9405,0.0003,0.0024,-3.1321,0.7881,-3.1401,-4703.5293,-28635.9395,27.2125,1
-4703.1636,-28634.3926,24.9425,-5222.7056,-28119.5430,21.9573,-4702.6147,-28634.6543,26.3898,732.0133,-0.0003,0.0022,-3.1322,0.7881,-3.1401,-4703.6299,-28635.9902,27.3556,1
-4703.1636,-28634.3926,24.9425,-5222.5664,-28119.7227,21.9574,-4704.1587,-28634.2871,26.7672,730.4347,-0.0002,0.0023,-3.1322,0.7881,-3.1401,-4703.7759,-28636.0215,27.5033,1
-4703.1636,-28634.3926,24.9425,-5222.4282,-28119.9004,21.9574,-4703.8779,-28639.7188,29.5003,734.2682,0.0006,0.0028,-3.1323,0.7881,-3.1401,-4703.9092,-28636.2305,27.7367,1
-4703.1636,-28634.3926,24.9425,-5222.2915,-28120.0762,21.9575,-4699.3418,-28640.6582,27.2464,737.9017,0.0001,0.0023,-3.1323,0.7881,-3.1401,-4703.8838,-28636.4766,27.8915,1
-4703.1636,-28634.3926,24.9425,-5222.1562,-28120.2520,21.9575,-4705.7788,-28630.5859,24.7724,726.0070,-0.0005,0.0018,-3.1324,0.7881,-3.1401,-4704.0630,-28636.3828,27.9532,1
-4703.1636,-28634.3926,24.9425,-5222.0215,-28120.4258,21.9575,-4701.2739,-28631.5000,22.5144,729.6359,-0.0011,0.0013,-3.1324,0.7881,-3.1401,-4704.0874,-28636.3047,27.9251,1
-4703.1636,-28634.3926,24.9425,-5221.8882,-28120.5977,21.9576,-4703.1313,-28638.7930,29.4358,733.2654,0.0004,0.0028,-3.1324,0.7884,-3.1401,-4704.1650,-28636.4629,28.1163,1
-4703.1636,-28634.3926,24.9425,-5221.7559,-28120.7695,21.9576,-4701.9941,-28639.5156,23.7594,734.3339,0.0003,0.0016,-3.1325,0.7884,-3.1401,-4704.1982,-28636.6484,28.1121,1
-4703.1636,-28634.3926,24.9425,-5221.6250,-28120.9375,21.9576,-4706.0137,-28637.2637,26.3683,729.6971,0.0006,0.0021,-3.1325,0.7884,-3.1401,-4704.3599,-28636.7598,28.1817,1
-4703.1636,-28634.3926,24.9425,-5221.4951,-28121.1055,21.9576,-4700.6572,-28630.7031,22.4924,728.6677,-0.0013,0.0013,-3.1325,0.7884,-3.1401,-4704.3374,-28636.6445,28.1097,1
-4703.1636,-28634.3926,24.9425,-5221.3662,-28121.2715,21.9576,-4702.6367,-28638.1172,29.4011,732.2928,0.0002,0.0028,-3.1325,0.7884,-3.1401,-4704.3721,-28636.7676,28.2576,1
-4703.1636,-28634.3926,24.9425,-5221.2383,-28121.4375,21.9577,-4698.1191,-28639.0332,27.1401,735.9175,-0.0004,0.0023,-3.1326,0.7884,-3.1401,-4704.2461,-28636.9199,28.3275,1
-4703.1636,-28634.3926,24.9425,-5221.1118,-28121.6016,21.9577,-4704.5400,-28629.0332,24.7414,724.1081,-0.0009,0.0018,-3.1326,0.7884,-3.1401,-4704.3218,-28636.7324,28.3074,1
-4703.1636,-28634.3926,24.9425,-5220.9858,-28121.7637,21.9577,-4706.3604,-28636.3086,22.4742,727.7291,0.0005,0.0013,-3.1326,0.7887,-3.1401,-4704.4580,-28636.7754,28.1984,1
-4703.1636,-28634.3926,24.9425,-5220.8613,-28121.9238,21.9577,-4701.8950,-28637.1953,29.3859,731.3496,-0.0000,0.0028,-3.1326,0.7887,-3.1401,-4704.4434,-28636.8457,28.3107,1
-4703.1636,-28634.3926,24.9425,-5220.7378,-28122.0840,21.9578,-4697.3833,-28638.0938,27.1312,734.9705,-0.0006,0.0023,-3.1327,0.7887,-3.1401,-4704.2676,-28636.9453,28.3461,1
-4703.1636,-28634.3926,24.9425,-5220.6157,-28122.2422,21.9578,-4703.9292,-28628.2617,24.7339,723.2015,-0.0011,0.0018,-3.1327,0.7887,-3.1401,-4704.2964,-28636.7051,28.2925,1
-4703.1636,-28634.3926,24.9425,-5220.4941,-28122.3984,21.9578,-4697.7593,-28635.9277,22.8992,732.7748,-0.0008,0.0013,-3.1327,0.7890,-3.1401,-4704.1128,-28636.7109,28.1674,1
-4703.1636,-28634.3926,24.9425,-5220.3740,-28122.5547,21.9578,-4701.2578,-28636.3750,29.3806,730.4349,-0.0002,0.0027,-3.1328,0.7890,-3.1401,-4704.0332,-28636.7285,28.2500,1
-4703.1636,-28634.3926,24.9425,-5220.2544,-28122.7090,21.9579,-4696.7529,-28637.2598,27.1326,734.0518,-0.0008,0.0022,-3.1328,0.7890,-3.1401,-4703.7935,-28636.7734,28.2568,1
-4703.1636,-28634.3926,24.9425,-5220.1362,-28122.8613,21.9579,-4709.6968,-28633.9395,24.7170,722.3220,0.0007,0.0017,-3.1328,0.7890,-3.1402,-4703.9824,-28636.7051,28.1754,1
-4703.1636,-28634.3926,24.9425,-5220.0190,-28123.0117,21.9580,-4705.2339,-28634.8555,22.4723,725.9350,0.0001,0.0012,-3.1329,0.7890,-3.1402,-4704.0293,-28636.6621,28.0080,1
-4703.1636,-28634.3926,24.9425,-5219.9023,-28123.1621,21.9580,-4700.7935,-28635.7266,29.3734,729.5475,-0.0004,0.0027,-3.1329,0.7890,-3.1402,-4703.9268,-28636.6426,28.0648,1
-4703.1636,-28634.3926,24.9425,-5219.7871,-28123.3125,21.9580,-4696.2998,-28636.6055,27.1302,733.1606,-0.0010,0.0022,-3.1330,0.7890,-3.1402,-4703.6646,-28636.6523,28.0475,1
-4703.1636,-28634.3926,24.9425,-5219.6729,-28123.4590,21.9581,-4708.9326,-28633.0293,24.7068,721.4689,0.0004,0.0017,-3.1330,0.7893,-3.1402,-4703.8193,-28636.5371,27.9431,1
-4703.1636,-28634.3926,24.9425,-5219.5596,-28123.6055,21.9581,-4701.3398,-28634.0957,24.5161,727.4275,-0.0006,0.0017,-3.1330,0.7893,-3.1402,-4703.7241,-28636.4512,27.8255,1
-4703.1636,-28634.3926,24.9425,-5219.4473,-28123.7500,21.9581,-4700.0332,-28634.7793,29.3604,728.6871,-0.0007,0.0027,-3.1331,0.7893,-3.1402,-4703.5796,-28636.3848,27.8669,1
-4703.1636,-28634.3926,24.9425,-5219.3354,-28123.8945,21.9582,-4695.5454,-28635.6426,27.1199,732.2963,-0.0012,0.0022,-3.1331,0.7893,-3.1402,-4703.2754,-28636.3438,27.8353,1
-4703.1636,-28634.3926,24.9425,-5219.2251,-28124.0371,21.9582,-4708.4268,-28632.3770,24.6960,720.6412,0.0002,0.0017,-3.1332,0.7893,-3.1402,-4703.3975,-28636.1875,27.7179,1
-4703.1636,-28634.3926,24.9425,-5219.1157,-28124.1797,21.9583,-4703.9795,-28633.2715,22.4568,724.2469,-0.0003,0.0012,-3.1332,0.7893,-3.1402,-4703.3784,-28636.0566,27.5172,1
-4703.1636,-28634.3926,24.9425,-5219.0068,-28124.3203,21.9583,-4699.5542,-28634.1191,29.3412,727.8521,-0.0009,0.0027,-3.1332,0.7893,-3.1402,-4703.2100,-28635.9492,27.5434,1
-4703.1636,-28634.3926,24.9425,-5218.8994,-28124.4590,21.9583,-4701.5322,-28641.5137,27.0928,731.4578,0.0006,0.0022,-3.1333,0.7893,-3.1402,-4703.1030,-28636.0918,27.4977,1
-4703.1636,-28634.3926,24.9425,-5218.7925,-28124.5957,21.9584,-4707.8096,-28631.6113,24.6832,719.8382,0.0000,0.0017,-3.1333,0.7893,-3.1402,-4703.2114,-28635.9082,27.3682,1
-4703.1636,-28634.3926,24.9425,-5218.6865,-28124.7324,21.9584,-4703.3701,-28632.4922,22.4444,723.4403,-0.0006,0.0012,-3.1334,0.7893,-3.1402,-4703.1782,-28635.7461,27.1570,1
-4703.1636,-28634.3926,24.9425,-5218.5815,-28124.8691,21.9584,-4698.9521,-28633.3320,29.3194,727.0421,-0.0011,0.0027,-3.1334,0.7893,-3.1402,-4702.9946,-28635.6094,27.1741,1
-4703.1636,-28634.3926,24.9425,-5218.4775,-28125.0039,21.9585,-4700.7812,-28640.5762,27.0709,730.6442,0.0003,0.0022,-3.1334,0.7896,-3.1403,-4702.8667,-28635.7168,27.1206,1
-4703.1636,-28634.3926,24.9425,-5218.3740,-28125.1367,21.9585,-4707.1748,-28630.8262,24.6703,719.0588,-0.0002,0.0016,-3.1335,0.7896,-3.1403,-4702.9570,-28635.5000,26.9853,1
-4703.1636,-28634.3926,24.9425,-5218.2720,-28125.2695,21.9585,-4702.7393,-28631.6934,22.4324,722.6576,-0.0007,0.0011,-3.1335,0.7896,-3.1403,-4702.9048,-28635.3066,26.7697,1
-4703.1636,-28634.3926,24.9425,-5218.1704,-28125.4004,21.9585,-4704.7393,-28639.0098,29.2895,726.2559,0.0007,0.0026,-3.1335,0.7896,-3.1403,-4702.9229,-28635.3594,26.7832,1
-4703.1636,-28634.3926,24.9425,-5218.0698,-28125.5293,21.9586,-4700.2837,-28639.8926,27.0511,729.8547,0.0001,0.0021,-3.1336,0.7896,-3.1403,-4702.7935,-28635.4531,26.7279,1
-4703.1636,-28634.3926,24.9425,-5217.9702,-28125.6582,21.9586,-4703.5122,-28633.6172,21.4081,722.9692,-0.0003,0.0009,-3.1336,0.7896,-3.1403,-4702.7705,-28635.3438,26.4805,1
-4703.1636,-28634.3926,24.9425,-5217.8711,-28125.7871,21.9586,-4702.1445,-28630.9277,22.4199,721.8979,-0.0010,0.0011,-3.1336,0.7896,-3.1403,-4702.7036,-28635.1367,26.2589,1
-4703.1636,-28634.3926,24.9425,-5217.7729,-28125.9141,21.9587,-4704.0112,-28638.1133,29.2680,725.4929,0.0005,0.0026,-3.1337,0.7899,-3.1403,-4702.7021,-28635.1719,26.2683,1
-4703.1636,-28634.3926,24.9425,-5217.6758,-28126.0391,21.9587,-4699.5532,-28638.9746,27.0307,729.0884,-0.0001,0.0021,-3.1337,0.7899,-3.1403,-4702.5513,-28635.2461,26.2105,1
-4703.1636,-28634.3926,24.9425,-5217.5796,-28126.1641,21.9587,-4705.9517,-28629.2949,24.6453,717.5681,-0.0006,0.0016,-3.1337,0.7899,-3.1403,-4702.6172,-28634.9941,26.0749,1
-4703.1636,-28634.3926,24.9425,-5217.4839,-28126.2871,21.9587,-4701.5303,-28630.1406,22.4094,721.1604,-0.0012,0.0011,-3.1337,0.7899,-3.1403,-4702.5386,-28634.7617,25.8617,1
-4703.1636,-28634.3926,24.9425,-5217.3892,-28126.4082,21.9588,-4703.5112,-28637.4414,29.2504,724.7523,0.0003,0.0026,-3.1338,0.7899,-3.1403,-4702.5273,-28634.7734,25.8805,1
-4703.1636,-28634.3926,24.9425,-5217.2949,-28126.5312,21.9588,-4699.0684,-28638.3047,27.0144,728.3446,-0.0003,0.0021,-3.1338,0.7899,-3.1403,-4702.3677,-28634.8242,25.8330,1
-4703.1636,-28634.3926,24.9425,-5217.2017,-28126.6504,21.9588,-4705.3301,-28628.5156,24.6334,716.8553,-0.0009,0.0016,-3.1338,0.7899,-3.1403,-4702.4185,-28634.5449,25.7088,1
-4703.1636,-28634.3926,24.9425,-5217.1094,-28126.7695,21.9589,-4698.7974,-28634.1543,22.2955,725.3146,-0.0010,0.0010,-3.1339,0.7899,-3.1403,-4702.2510,-28634.4512,25.5050,1
-4703.1636,-28634.3926,24.9425,-5217.0181,-28126.8887,21.9589,-4702.8882,-28636.6465,29.2325,724.0333,0.0000,0.0026,-3.1339,0.7899,-3.1403,-4702.2188,-28634.4453,25.5365,1
-4703.1636,-28634.3926,24.9425,-5216.9272,-28127.0059,21.9589,-4698.4521,-28637.4980,26.9984,727.6226,-0.0005,0.0021,-3.1339,0.7899,-3.1403,-4702.0376,-28634.4766,25.5023,1
-4703.1636,-28634.3926,24.9425,-5216.8369,-28127.1230,21.9589,-4704.7168,-28627.7461,24.6217,716.1630,-0.0011,0.0016,-3.1340,0.7899,-3.1403,-4702.0669,-28634.1797,25.3923,1
-4703.1636,-28634.3926,24.9425,-5216.7476,-28127.2383,21.9590,-4706.5186,-28634.8906,22.3805,719.7493,0.0004,0.0011,-3.1340,0.7902,-3.1403,-4702.1665,-28634.1172,25.2057,1
-4703.1636,-28634.3926,24.9425,-5216.6592,-28127.3516,21.9590,-4702.1304,-28635.7148,29.2153,723.3351,-0.0002,0.0026,-3.1340,0.7902,-3.1403,-4702.1250,-28634.0898,25.2524,1
-4703.1636,-28634.3926,24.9425,-5216.5713,-28127.4648,21.9590,-4706.3008,-28633.7500,26.4059,718.8267,0.0001,0.0019,-3.1340,0.7902,-3.1403,-4702.2305,-28634.0000,25.2145,1
-4703.1636,-28634.3926,24.9425,-5216.4844,-28127.5781,21.9590,-4710.4229,-28633.3730,24.6023,715.4908,0.0007,0.0015,-3.1341,0.7902,-3.1403,-4702.4912,-28633.9004,25.1191,1
-4703.1636,-28634.3926,24.9425,-5216.3979,-28127.6895,21.9591,-4706.0283,-28634.2422,22.3712,719.0743,0.0002,0.0010,-3.1341,0.7902,-3.1403,-4702.6162,-28633.8320,24.9478,1
-4703.1636,-28634.3926,24.9425,-5216.3125,-28127.7988,21.9591,-4701.6548,-28635.0664,29.1990,722.6573,-0.0004,0.0025,-3.1341,0.7902,-3.1403,-4702.5967,-28633.7969,25.0102,1
-4703.1636,-28634.3926,24.9425,-5216.2275,-28127.9082,21.9591,-4697.2300,-28635.8965,26.9683,726.2407,-0.0009,0.0020,-3.1341,0.7902,-3.1404,-4702.4224,-28633.7949,25.0073,1
-4703.1636,-28634.3926,24.9425,-5216.1436,-28128.0176,21.9591,-4709.6875,-28632.4941,24.5900,714.8380,0.0005,0.0015,-3.1342,0.7905,-3.1404,-4702.6694,-28633.6816,24.9293,1
-4703.1636,-28634.3926,24.9425,-5216.0601,-28128.1250,21.9592,-4705.2910,-28633.3418,22.3605,718.4187,-0.0001,0.0010,-3.1342,0.7905,-3.1404,-4702.7778,-28633.5996,24.7752,1
-4703.1636,-28634.3926,24.9425,-5215.9775,-28128.2324,21.9592,-4700.9204,-28634.1543,29.1819,721.9989,-0.0006,0.0025,-3.1342,0.7905,-3.1404,-4702.7397,-28633.5469,24.8547,1
-4703.1636,-28634.3926,24.9425,-5215.8955,-28128.3379,21.9592,-4696.4995,-28634.9727,26.9525,725.5797,-0.0012,0.0020,-3.1343,0.7905,-3.1404,-4702.5444,-28633.5254,24.8689,1
-4703.1636,-28634.3926,24.9425,-5215.8145,-28128.4434,21.9592,-4709.1792,-28631.8398,24.5788,714.2038,0.0003,0.0015,-3.1343,0.7905,-3.1404,-4702.7754,-28633.4004,24.8079,1
-4703.1636,-28634.3926,24.9425,-5215.7339,-28128.5469,21.9593,-4704.7959,-28632.6875,22.3503,717.7818,-0.0003,0.0010,-3.1343,0.7905,-3.1404,-4702.8672,-28633.3066,24.6705,1
-4703.1636,-28634.3926,24.9425,-5215.6538,-28128.6504,21.9593,-4700.4326,-28633.4922,29.1644,721.3593,-0.0008,0.0025,-3.1343,0.7905,-3.1404,-4702.8110,-28633.2402,24.7665,1
-4703.1636,-28634.3926,24.9425,-5215.5747,-28128.7520,21.9593,-4702.4121,-28640.7891,26.9284,724.9374,0.0006,0.0020,-3.1344,0.7905,-3.1404,-4702.8169,-28633.4277,24.7965,1
-4703.1636,-28634.3926,24.9425,-5215.4961,-28128.8535,21.9593,-4701.0376,-28635.9219,21.5968,722.3453,-0.0003,0.0008,-3.1344,0.7905,-3.1404,-4702.7739,-28633.4688,24.6485,1
-4703.1636,-28634.3926,24.9425,-5215.4180,-28128.9551,21.9594,-4704.1875,-28631.9180,22.3395,717.1630,-0.0005,0.0010,-3.1344,0.7905,-3.1404,-4702.8354,-28633.3770,24.5203,1
-4703.1636,-28634.3926,24.9425,-5215.3408,-28129.0547,21.9594,-4699.8296,-28632.7129,29.1473,720.7380,-0.0010,0.0025,-3.1344,0.7905,-3.1404,-4702.7480,-28633.3105,24.6254,1
-4703.1636,-28634.3926,24.9425,-5215.2642,-28129.1543,21.9594,-4701.6670,-28639.8730,26.9121,724.3134,0.0004,0.0020,-3.1345,0.7908,-3.1404,-4702.7178,-28633.4922,24.6646,1
-4703.1636,-28634.3926,24.9425,-5215.1885,-28129.2520,21.9594,-4707.9365,-28630.2988,24.5551,712.9889,-0.0001,0.0015,-3.1345,0.7908,-3.1404,-4702.9043,-28633.3574,24.6289,1
-4703.1636,-28634.3926,24.9425,-5215.1133,-28129.3496,21.9595,-4702.5371,-28640.5273,29.1804,723.9321,0.0006,0.0025,-3.1345,0.7908,-3.1404,-4702.9126,-28633.5703,24.7539,1
-4703.1636,-28634.3926,24.9425,-5215.0386,-28129.4453,21.9595,-4705.7700,-28637.5938,26.5836,719.4316,0.0007,0.0019,-3.1345,0.7908,-3.1404,-4703.0317,-28633.7012,24.8005,1
-4703.1636,-28634.3926,24.9425,-5214.9644,-28129.5410,21.9595,-4701.1650,-28639.1953,26.8978,723.7073,0.0002,0.0020,-3.1346,0.7908,-3.1404,-4702.9966,-28633.8945,24.8623,1
-4703.1636,-28634.3926,24.9425,-5214.8911,-28129.6348,21.9595,-4703.2686,-28633.6992,24.2331,718.2181,-0.0003,0.0014,-3.1346,0.7908,-3.1404,-4703.0288,-28633.9102,24.8367,1
-4703.1636,-28634.3926,24.9425,-5214.8184,-28129.7305,21.9595,-4702.9697,-28630.3691,22.3187,715.9775,-0.0009,0.0009,-3.1346,0.7908,-3.1404,-4703.0503,-28633.8066,24.7430,1
-4703.1636,-28634.3926,24.9425,-5214.7461,-28129.8223,21.9596,-4704.8438,-28637.4727,29.1059,719.5477,0.0005,0.0024,-3.1346,0.7910,-3.1404,-4703.1362,-28633.9434,24.8803,1
-4703.1636,-28634.3926,24.9425,-5214.6748,-28129.9160,21.9596,-4700.4458,-28638.2988,26.8813,723.1181,-0.0000,0.0019,-3.1347,0.7911,-3.1404,-4703.0728,-28634.1172,24.9500,1
-4703.1636,-28634.3926,24.9425,-5214.6040,-28130.0059,21.9596,-4706.7310,-28628.7871,24.5318,711.8414,-0.0005,0.0014,-3.1347,0.7911,-3.1404,-4703.2217,-28633.9648,24.9424,1
-4703.1636,-28634.3926,24.9425,-5214.5337,-28130.0977,21.9596,-4702.3657,-28629.5957,22.3086,715.4095,-0.0011,0.0009,-3.1347,0.7911,-3.1404,-4703.2241,-28633.8301,24.8560,1
-4703.1636,-28634.3926,24.9425,-5214.4639,-28130.1875,21.9596,-4704.3462,-28636.8125,29.0903,718.9773,0.0004,0.0024,-3.1347,0.7911,-3.1404,-4703.2930,-28633.9375,25.0000,1
-4703.1636,-28634.3926,24.9425,-5214.3945,-28130.2773,21.9597,-4699.9595,-28637.6367,26.8668,722.5455,-0.0002,0.0019,-3.1347,0.7911,-3.1404,-4703.2109,-28634.0781,25.0756,1
-4703.1636,-28634.3926,24.9425,-5214.3262,-28130.3652,21.9597,-4706.1113,-28628.0117,24.5200,711.2914,-0.0008,0.0014,-3.1348,0.7911,-3.1404,-4703.3350,-28633.8906,25.0732,1
-4703.1636,-28634.3926,24.9425,-5214.2583,-28130.4531,21.9597,-4708.0542,-28635.2129,22.2902,714.8574,0.0007,0.0009,-3.1348,0.7911,-3.1405,-4703.5317,-28633.9414,24.9911,1
-4703.1636,-28634.3926,24.9425,-5214.1909,-28130.5410,21.9597,-4703.7227,-28636.0254,29.0735,718.4229,0.0001,0.0024,-3.1348,0.7911,-3.1405,-4703.5859,-28634.0234,25.1390,1
-4703.1636,-28634.3926,24.9425,-5214.1240,-28130.6270,21.9597,-4699.3408,-28636.8398,26.8511,721.9888,-0.0004,0.0019,-3.1348,0.7911,-3.1405,-4703.4873,-28634.1367,25.2178,1
-4703.1636,-28634.3926,24.9425,-5214.0576,-28130.7129,21.9598,-4705.4980,-28627.2441,24.5082,710.7568,-0.0010,0.0014,-3.1349,0.7911,-3.1405,-4703.5918,-28633.9199,25.2179,1
-4703.1636,-28634.3926,24.9425,-5213.9922,-28130.7969,21.9598,-4707.3096,-28634.3145,22.2794,714.3206,0.0004,0.0009,-3.1349,0.7913,-3.1405,-4703.7622,-28633.9355,25.1377,1
-4703.1636,-28634.3926,24.9425,-5213.9272,-28130.8809,21.9598,-4704.9604,-28638.0703,28.8642,718.5581,0.0007,0.0024,-3.1349,0.7913,-3.1405,-4703.8569,-28634.0840,25.2800,1
-4703.1636,-28634.3926,24.9425,-5213.8623,-28130.9648,21.9598,-4698.5938,-28635.9102,26.8363,721.4476,-0.0007,0.0019,-3.1349,0.7913,-3.1405,-4703.7310,-28634.1641,25.3590,1
-4703.1636,-28634.3926,24.9425,-5213.7983,-28131.0469,21.9598,-4704.9102,-28626.4961,24.4968,710.2368,-0.0012,0.0014,-3.1349,0.7913,-3.1405,-4703.8115,-28633.9180,25.3589,1
-4703.1636,-28634.3926,24.9425,-5213.7349,-28131.1289,21.9599,-4698.6670,-28635.0098,20.8090,720.5474,-0.0008,0.0006,-3.1350,0.7913,-3.1405,-4703.6758,-28633.9512,25.2282,1
-4703.1636,-28634.3926,24.9425,-5213.6719,-28131.2109,21.9599,-4702.5088,-28634.4785,29.0417,717.3596,-0.0003,0.0024,-3.1350,0.7914,-3.1405,-4703.6606,-28633.9707,25.3730,1
-4703.1636,-28634.3926,24.9425,-5213.6099,-28131.2910,21.9599,-4707.3628,-28632.7930,21.5018,712.5922,0.0002,0.0007,-3.1350,0.7914,-3.1405,-4703.8120,-28633.9316,25.2618,1
-4703.1636,-28634.3926,24.9425,-5213.5479,-28131.3711,21.9599,-4710.4326,-28631.9629,24.4774,709.7308,0.0006,0.0014,-3.1350,0.7916,-3.1405,-4704.0791,-28633.8613,25.2456,1
-4703.1636,-28634.3926,24.9425,-5213.4863,-28131.4492,21.9599,-4699.7354,-28640.3535,26.9678,723.1463,0.0002,0.0019,-3.1350,0.7916,-3.1405,-4703.9849,-28634.0781,25.3139,1
-4703.1636,-28634.3926,24.9425,-5213.4258,-28131.5293,21.9600,-4701.7646,-28633.5625,29.0256,716.8497,-0.0005,0.0024,-3.1351,0.7916,-3.1405,-4703.9492,-28634.0742,25.4578,1
-4703.1636,-28634.3926,24.9425,-5213.3652,-28131.6055,21.9600,-4697.3931,-28634.3457,26.8067,720.4094,-0.0011,0.0019,-3.1351,0.7916,-3.1405,-4703.7559,-28634.0957,25.5315,1
-4703.1636,-28634.3926,24.9425,-5213.3057,-28131.6836,21.9600,-4699.6348,-28641.2852,24.5062,723.5692,0.0004,0.0014,-3.1351,0.7919,-3.1405,-4703.6250,-28634.3555,25.5274,1
-4703.1636,-28634.3926,24.9425,-5213.2461,-28131.7598,21.9600,-4705.4639,-28632.0000,22.2478,712.7964,-0.0002,0.0009,-3.1351,0.7919,-3.1405,-4703.6875,-28634.3105,25.4402,1
-4703.1636,-28634.3926,24.9425,-5213.1875,-28131.8359,21.9600,-4701.1440,-28632.7695,29.0099,716.3537,-0.0007,0.0024,-3.1351,0.7919,-3.1405,-4703.6035,-28634.2852,25.5814,1
-4703.1636,-28634.3926,24.9425,-5213.1294,-28131.9121,21.9600,-4703.1201,-28639.9961,26.7851,719.9113,0.0007,0.0019,-3.1352,0.7919,-3.1405,-4703.5820,-28634.5059,25.6517,1
-4703.1636,-28634.3926,24.9425,-5213.0713,-28131.9863,21.9601,-4699.1553,-28640.6504,24.4948,723.0827,0.0002,0.0013,-3.1352,0.7919,-3.1405,-4703.4233,-28634.7617,25.6442,1
-4703.1636,-28634.3926,24.9425,-5213.0142,-28132.0605,21.9601,-4705.0024,-28631.3828,22.2374,712.3157,-0.0003,0.0008,-3.1352,0.7919,-3.1405,-4703.4580,-28634.7051,25.5532,1
-4703.1636,-28634.3926,24.9425,-5212.9575,-28132.1328,21.9601,-4700.6890,-28632.1465,28.9940,715.8710,-0.0009,0.0023,-3.1352,0.7919,-3.1405,-4703.3462,-28634.6660,25.6902,1
-4703.1636,-28634.3926,24.9425,-5212.9009,-28132.2070,21.9601,-4702.5356,-28639.2441,26.7697,719.4268,0.0006,0.0018,-3.1352,0.7922,-3.1405,-4703.2935,-28634.8672,25.7562,1
-4703.1636,-28634.3926,24.9425,-5212.8452,-28132.2773,21.9601,-4698.5127,-28639.8457,24.4831,722.6093,0.0000,0.0013,-3.1353,0.7922,-3.1405,-4703.1011,-28635.0977,25.7441,1
-4703.1636,-28634.3926,24.9425,-5212.7900,-28132.3496,21.9601,-4704.3716,-28630.5879,22.2274,711.8478,-0.0005,0.0008,-3.1353,0.7922,-3.1405,-4703.1025,-28635.0137,25.6481,1
-4703.1636,-28634.3926,24.9425,-5212.7349,-28132.4199,21.9602,-4700.0596,-28631.3438,28.9791,715.4013,-0.0011,0.0023,-3.1353,0.7922,-3.1405,-4702.9580,-28634.9434,25.7801,1
-4703.1636,-28634.3926,24.9425,-5212.6807,-28132.4902,21.9602,-4701.6079,-28638.3770,26.7573,719.1178,0.0003,0.0018,-3.1353,0.7922,-3.1405,-4702.8623,-28635.1074,25.8408,1
-4703.1636,-28634.3926,24.9425,-5212.6265,-28132.5605,21.9602,-4697.9185,-28639.0918,24.4711,722.1483,-0.0002,0.0013,-3.1353,0.7922,-3.1405,-4702.6382,-28635.3027,25.8233,1
-4703.1636,-28634.3926,24.9425,-5212.5732,-28132.6289,21.9602,-4703.7915,-28629.8457,22.2161,711.3923,-0.0007,0.0008,-3.1353,0.7922,-3.1405,-4702.6094,-28635.1816,25.7218,1
-4703.1636,-28634.3926,24.9425,-5212.5200,-28132.6992,21.9602,-4705.7808,-28637.0020,28.9564,714.9440,0.0007,0.0023,-3.1354,0.7922,-3.1405,-4702.6548,-28635.2969,25.8479,1
-4703.1636,-28634.3926,24.9425,-5212.4673,-28132.7656,21.9602,-4701.4336,-28637.8066,26.7412,718.4962,0.0001,0.0018,-3.1354,0.7922,-3.1405,-4702.5581,-28635.4414,25.9027,1
-4703.1636,-28634.3926,24.9425,-5212.4150,-28132.8340,21.9603,-4704.1489,-28632.6777,28.3196,712.8875,-0.0002,0.0022,-3.1354,0.7922,-3.1405,-4702.5557,-28635.4102,26.0142,1
-4703.1636,-28634.3926,24.9425,-5212.3638,-28132.9004,21.9603,-4703.1748,-28629.0645,22.2055,710.9489,-0.0010,0.0008,-3.1354,0.7922,-3.1405,-4702.5249,-28635.2422,25.9151,1
-4703.1636,-28634.3926,24.9425,-5212.3125,-28132.9668,21.9603,-4705.0322,-28636.0938,28.9406,714.4988,0.0005,0.0023,-3.1354,0.7924,-3.1406,-4702.5625,-28635.3066,26.0427,1
-4703.1636,-28634.3926,24.9425,-5212.2612,-28133.0332,21.9603,-4700.6807,-28636.8848,26.7266,718.0493,-0.0001,0.0018,-3.1354,0.7925,-3.1406,-4702.4556,-28635.3984,26.0984,1
-4703.1636,-28634.3926,24.9425,-5212.2109,-28133.0977,21.9603,-4696.6572,-28637.5020,24.4478,721.2628,-0.0006,0.0013,-3.1355,0.7925,-3.1406,-4702.2065,-28635.5137,26.0753,1
-4703.1636,-28634.3926,24.9425,-5212.1611,-28133.1621,21.9603,-4702.6592,-28634.5215,25.1666,714.8126,-0.0002,0.0015,-3.1355,0.7925,-3.1406,-4702.1553,-28635.5273,26.0719,1
-4703.1636,-28634.3926,24.9425,-5212.1104,-28133.2266,21.9605,-4704.5239,-28635.4258,29.1396,714.0653,0.0003,0.0023,-3.1358,0.7925,-3.1406,-4702.1729,-28635.5703,26.2046,1
-4703.1636,-28634.3926,24.9425,-5212.0586,-28133.2949,21.9611,-4700.1816,-28636.2168,27.4867,717.6141,-0.0003,0.0018,-3.1367,0.7925,-3.1408,-4702.0464,-28635.6367,26.2848,1
-4703.1636,-28634.3926,24.9425,-5212.0039,-28133.3652,21.9622,-4696.0645,-28636.7500,25.4597,720.8313,-0.0008,0.0011,-3.1384,0.7925,-3.1410,-4701.7754,-28635.7227,26.2959,1
-4703.1636,-28634.3926,24.9425,-5211.9463,-28133.4395,21.9639,-4708.2158,-28633.9180,24.6663,710.0904,0.0006,0.0006,-3.1407,0.7925,-3.1414,-4701.9189,-28635.7109,26.2754,1
-4703.1636,-28634.3926,24.9425,-5211.8857,-28133.5176,21.9661,-4703.9424,-28634.6719,33.1474,713.6371,0.0001,0.0021,3.1397,0.7925,3.1413,-4701.9287,-28635.7188,26.5473,1
-4703.1636,-28634.3926,24.9425,-5211.8228,-28133.5996,21.9686,-4699.5962,-28635.4648,32.7499,717.1843,-0.0005,0.0016,3.1368,0.7925,3.1408,-4701.7930,-28635.7500,26.8178,1
-4703.1636,-28634.3926,24.9425,-5211.7578,-28133.6836,21.9711,-4695.4263,-28635.9668,26.0867,720.3506,-0.0011,-0.0002,3.1342,0.7925,3.1403,-4701.5103,-28635.7969,26.8674,1
-4703.1636,-28634.3926,24.9425,-5211.6909,-28133.7695,21.9735,-4707.5684,-28633.1699,25.2143,709.6154,0.0004,-0.0007,3.1319,0.7925,3.1400,-4701.6411,-28635.7461,26.8814,1
-4703.1636,-28634.3926,24.9425,-5211.6221,-28133.8574,21.9755,-4703.2812,-28633.9258,33.0230,713.1603,-0.0002,0.0008,3.1302,0.7925,3.1397,-4701.6362,-28635.7129,27.1631,1
-4703.1636,-28634.3926,24.9425,-5211.5522,-28133.9492,21.9770,-4698.9233,-28634.7363,31.5308,716.7056,-0.0007,0.0003,3.1291,0.7925,3.1395,-4701.4854,-28635.7031,27.4024,1
-4703.1636,-28634.3926,24.9425,-5211.4810,-28134.0410,21.9780,-4701.1484,-28641.6582,24.7328,719.8118,0.0007,-0.0013,3.1285,0.7925,3.1394,-4701.4087,-28635.9316,27.4110,1
-4703.1636,-28634.3926,24.9425,-5211.4092,-28134.1328,21.9784,-4706.9448,-28632.4355,22.4231,709.0831,0.0001,-0.0018,3.1286,0.7925,3.1394,-4701.5376,-28635.8496,27.3272,1
-4703.1636,-28634.3926,24.9425,-5211.3364,-28134.2266,21.9781,-4702.6235,-28633.2246,28.7509,712.6257,-0.0004,-0.0003,3.1292,0.7925,3.1395,-4701.5288,-28635.7871,27.4518,1
-4703.1636,-28634.3926,24.9425,-5211.2632,-28134.3223,21.9774,-4698.2666,-28634.0352,25.8480,716.1689,-0.0010,-0.0008,3.1303,0.7925,3.1397,-4701.3716,-28635.7461,27.4751,1
-4703.1636,-28634.3926,24.9425,-5211.1895,-28134.4180,21.9762,-4699.3291,-28637.1152,24.9771,717.4380,-0.0003,-0.0008,3.1318,0.7927,3.1399,-4701.2466,-28635.8086,27.4617,1
-4703.1636,-28634.3926,24.9425,-5211.1157,-28134.5117,21.9746,-4706.2153,-28631.5645,20.1194,708.5175,-0.0001,-0.0017,3.1335,0.7927,3.1402,-4701.3613,-28635.6777,27.2676,1
-4703.1636,-28634.3926,24.9425,-5211.0420,-28134.6074,21.9727,-4701.8774,-28632.3672,25.5815,712.0578,-0.0006,-0.0002,3.1355,0.7927,3.1406,-4701.3359,-28635.5664,27.2481,1
-4703.1636,-28634.3926,24.9425,-5210.9683,-28134.7031,21.9707,-4698.9644,-28640.6836,22.2949,719.8376,0.0002,-0.0006,3.1376,0.7927,3.1409,-4701.2119,-28635.7363,27.1100,1
-4703.1636,-28634.3926,24.9425,-5210.8945,-28134.7988,21.9685,-4699.9067,-28640.1250,23.0339,718.6542,0.0003,-0.0001,3.1397,0.7927,3.1413,-4701.1167,-28635.9004,26.9853,1
-4703.1636,-28634.3926,24.9425,-5210.8218,-28134.8926,21.9664,-4701.7271,-28631.8594,24.8712,711.4487,-0.0008,0.0006,-3.1414,0.7927,-3.1416,-4701.0845,-28635.7832,26.9144,1
-4703.1636,-28634.3926,24.9425,-5210.7490,-28134.9863,21.9644,-4701.3926,-28631.7285,24.9461,711.4778,-0.0008,0.0009,-3.1394,0.7927,-3.1412,-4701.0439,-28635.6523,26.8415,1
-4703.1636,-28634.3926,24.9425,-5210.6768,-28135.0801,21.9625,-4703.3389,-28638.9238,21.5534,715.0162,0.0006,0.0004,-3.1376,0.7927,-3.1409,-4701.0742,-28635.7637,26.6462,1
-4703.1636,-28634.3926,24.9425,-5210.6055,-28135.1719,21.9607,-4699.2964,-28639.3516,23.3245,718.0752,0.0000,0.0010,-3.1360,0.7927,-3.1406,-4700.9702,-28635.8984,26.5023,1
-4703.1636,-28634.3926,24.9425,-5210.5347,-28135.2637,21.9592,-4704.6567,-28630.4629,20.6300,707.9078,-0.0005,0.0006,-3.1345,0.7927,-3.1404,-4701.0522,-28635.7266,26.2556,1
-4703.1636,-28634.3926,24.9425,-5210.4648,-28135.3535,21.9580,-4700.8057,-28630.9570,26.1455,710.9036,-0.0011,0.0020,-3.1334,0.7927,-3.1402,-4701.0083,-28635.5605,26.1926,1
-4703.1636,-28634.3926,24.9425,-5210.3955,-28135.4434,21.9570,-4702.7378,-28638.1484,23.3125,714.4396,0.0004,0.0015,-3.1324,0.7927,-3.1400,-4701.0327,-28635.6367,26.0325,1
-4703.1636,-28634.3926,24.9425,-5210.3267,-28135.5312,21.9562,-4698.6587,-28638.5469,23.9017,717.5135,-0.0002,0.0017,-3.1317,0.7927,-3.1399,-4700.9199,-28635.7324,25.8893,1
-4703.1636,-28634.3926,24.9425,-5210.2593,-28135.6191,21.9557,-4704.4956,-28629.3730,21.3578,706.8131,-0.0007,0.0012,-3.1312,0.7927,-3.1398,-4701.0083,-28635.5117,25.6533,1
-4703.1636,-28634.3926,24.9425,-5210.1924,-28135.7051,21.9555,-4706.4478,-28636.5156,27.8641,710.3464,0.0007,0.0027,-3.1309,0.7927,-3.1398,-4701.1738,-28635.5312,25.6402,1
-4703.1636,-28634.3926,24.9425,-5210.1250,-28135.7930,21.9556,-4702.1128,-28637.3340,25.8060,713.8803,0.0001,0.0022,-3.1312,0.7927,-3.1398,-4701.1997,-28635.5801,25.5628,1
-4703.1636,-28634.3926,24.9425,-5210.0566,-28135.8809,21.9562,-4698.0566,-28637.7812,24.9456,716.9718,-0.0004,0.0019,-3.1322,0.7927,-3.1400,-4701.0864,-28635.6484,25.4590,1
-4703.1636,-28634.3926,24.9425,-5209.9858,-28135.9727,21.9576,-4703.8984,-28628.6250,23.8221,706.2780,-0.0010,0.0014,-3.1340,0.7927,-3.1403,-4701.1714,-28635.4004,25.3170,1
-4703.1636,-28634.3926,24.9425,-5209.9126,-28136.0664,21.9596,-4705.7437,-28635.6172,32.1818,709.8091,0.0005,0.0029,-3.1367,0.7930,-3.1408,-4701.3276,-28635.3828,25.4694,1
-4703.1636,-28634.3926,24.9425,-5209.8369,-28136.1641,21.9623,-4703.3657,-28636.2227,28.5224,711.7631,0.0002,0.0016,-3.1398,0.7930,-3.1413,-4701.4102,-28635.3887,25.5109,1
-4703.1636,-28634.3926,24.9425,-5209.7583,-28136.2656,21.9652,-4697.4502,-28637.0254,26.4045,716.4055,-0.0006,0.0007,3.1401,0.7930,3.1413,-4701.2896,-28635.4258,25.4869,1
-4703.1636,-28634.3926,24.9425,-5209.6782,-28136.3691,21.9683,-4709.5117,-28634.2207,26.0621,705.7186,0.0008,0.0002,3.1370,0.7930,3.1408,-4701.5850,-28635.3691,25.4554,1
-4703.1636,-28634.3926,24.9425,-5209.5962,-28136.4746,21.9712,-4705.2485,-28634.9902,34.4635,709.2475,0.0003,0.0017,3.1343,0.7930,3.1404,-4701.7466,-28635.3359,25.7231,1
-4703.1636,-28634.3926,24.9425,-5209.5132,-28136.5820,21.9737,-4700.9023,-28635.8164,33.6508,712.7768,-0.0003,0.0012,3.1321,0.7930,3.1400,-4701.7617,-28635.3320,25.9822,1
-4703.1636,-28634.3926,24.9425,-5209.4287,-28136.6914,21.9757,-4696.8071,-28636.2402,25.3038,715.7828,-0.0008,-0.0009,3.1305,0.7930,3.1397,-4701.6304,-28635.3457,25.9664,1
-4703.1636,-28634.3926,24.9425,-5209.3428,-28136.8027,21.9771,-4708.8594,-28633.4707,23.6277,705.1037,0.0006,-0.0014,3.1296,0.7930,3.1396,-4701.9111,-28635.2637,25.8891,1
-4703.1636,-28634.3926,24.9425,-5209.2568,-28136.9141,21.9778,-4704.5601,-28634.2734,30.4915,708.6300,0.0000,0.0001,3.1293,0.7930,3.1395,-4702.0542,-28635.2070,26.0490,1
-4703.1636,-28634.3926,24.9425,-5209.1694,-28137.0273,21.9779,-4700.2085,-28635.1113,28.1030,712.1567,-0.0005,-0.0004,3.1296,0.7930,3.1396,-4702.0479,-28635.1797,26.1344,1
-4703.1636,-28634.3926,24.9425,-5209.0820,-28137.1387,21.9774,-4696.2197,-28635.5020,23.7847,715.1239,-0.0011,-0.0013,3.1304,0.7930,3.1397,-4701.8960,-28635.1641,26.0724,1
-4703.1636,-28634.3926,24.9425,-5208.9946,-28137.2520,21.9764,-4708.2681,-28632.7500,20.7766,704.4532,0.0004,-0.0018,3.1316,0.7930,3.1399,-4702.1538,-28635.0547,25.8966,1
-4703.1636,-28634.3926,24.9425,-5208.9067,-28137.3672,21.9750,-4703.9463,-28633.5781,26.4324,707.9767,-0.0002,-0.0003,3.1333,0.7930,3.1402,-4702.2710,-28634.9707,25.9095,1
-4703.1636,-28634.3926,24.9425,-5208.8188,-28137.4805,21.9732,-4699.6050,-28634.4004,23.0422,711.5007,-0.0007,-0.0008,3.1351,0.7930,3.1405,-4702.2368,-28634.9141,25.8046,1
-4703.1636,-28634.3926,24.9425,-5208.7300,-28137.5938,21.9714,-4701.9014,-28641.1406,23.2290,714.4495,0.0007,-0.0005,3.1368,0.7930,3.1408,-4702.2754,-28635.0918,25.7006,1
-4703.1636,-28634.3926,24.9425,-5208.6396,-28137.7109,21.9698,-4701.9663,-28630.4961,27.4535,706.8109,-0.0010,0.0006,3.1380,0.7930,3.1410,-4702.3140,-28634.9121,25.7401,1
-4703.1636,-28634.3926,24.9425,-5208.5474,-28137.8301,21.9687,-4703.3315,-28632.8281,26.5845,707.3082,-0.0004,0.0005,3.1385,0.7930,3.1411,-4702.3975,-28634.8047,25.7535,1
-4703.1636,-28634.3926,24.9425,-5208.4517,-28137.9531,21.9683,-4707.7876,-28632.1055,26.3577,703.4684,0.0002,0.0004,3.1382,0.7930,3.1410,-4702.6401,-28634.6680,25.7614,1
-4703.1636,-28634.3926,24.9425,-5208.3530,-28138.0820,21.9686,-4701.1406,-28640.2441,24.9365,713.7501,0.0004,-0.0001,3.1372,0.7932,3.1408,-4702.6572,-28634.8145,25.7211,1
-4703.1636,-28634.3926,24.9425,-5208.2510,-28138.2129,21.9695,-4706.8794,-28631.1289,23.6078,703.0969,-0.0001,-0.0006,3.1357,0.7932,3.1406,-4702.8716,-28634.6523,25.6319,1
-4703.1636,-28634.3926,24.9425,-5208.1465,-28138.3477,21.9708,-4702.5767,-28631.9258,31.3448,706.6147,-0.0007,0.0009,3.1339,0.7932,3.1403,-4702.9395,-28634.5137,25.8126,1
-4703.1636,-28634.3926,24.9425,-5208.0400,-28138.4863,21.9724,-4704.4692,-28639.1250,30.1805,710.1329,0.0008,0.0004,3.1323,0.7932,3.1400,-4703.0703,-28634.6230,25.9646,1
-4703.1636,-28634.3926,24.9425,-5207.9316,-28138.6250,21.9739,-4700.6470,-28639.6152,25.1264,712.9822,0.0003,-0.0009,3.1310,0.7932,3.1398,-4703.0674,-28634.7617,25.9483,1
-4703.1636,-28634.3926,24.9425,-5207.8218,-28138.7676,21.9752,-4706.2832,-28630.4297,23.4504,702.3391,-0.0003,-0.0014,3.1300,0.7934,3.1396,-4703.2554,-28634.5879,25.8696,1
-4703.1636,-28634.3926,24.9425,-5207.7109,-28138.9121,21.9762,-4701.9614,-28631.2305,30.3890,705.8535,-0.0009,0.0001,3.1296,0.7935,3.1395,-4703.2939,-28634.4355,26.0312,1
-4703.1636,-28634.3926,24.9425,-5207.5986,-28139.0566,21.9766,-4703.8311,-28638.4375,28.1754,709.3684,0.0006,-0.0004,3.1296,0.7935,3.1396,-4703.3926,-28634.5312,26.1238,1
-4703.1636,-28634.3926,24.9425,-5207.4863,-28139.2012,21.9766,-4700.0049,-28638.8340,23.9291,712.1647,0.0000,-0.0013,3.1301,0.7935,3.1397,-4703.3545,-28634.6504,26.0710,1
-4703.1636,-28634.3926,24.9425,-5207.3735,-28139.3477,21.9761,-4705.7593,-28629.7773,21.0957,701.5322,-0.0005,-0.0018,3.1311,0.7935,3.1398,-4703.5098,-28634.4590,25.9104,1
-4703.1636,-28634.3926,24.9425,-5207.2603,-28139.4941,21.9751,-4701.4248,-28630.6055,26.8934,705.0432,-0.0011,-0.0003,3.1325,0.7935,3.1400,-4703.5132,-28634.2891,25.9449,1
-4703.1636,-28634.3926,24.9425,-5207.1470,-28139.6387,21.9738,-4700.8560,-28638.8613,20.5002,711.0291,0.0002,-0.0015,3.1341,0.7935,3.1403,-4703.4897,-28634.4023,25.7563,1
-4703.1636,-28634.3926,24.9425,-5207.0342,-28139.7852,21.9721,-4699.4106,-28638.0820,23.0735,711.3270,-0.0002,-0.0007,3.1360,0.7935,3.1406,-4703.4072,-28634.5000,25.6465,1
-4703.1636,-28634.3926,24.9425,-5206.9214,-28139.9316,21.9702,-4705.1753,-28629.0410,19.6151,700.7055,-0.0007,-0.0012,3.1380,0.7935,3.1410,-4703.5171,-28634.2871,25.4067,1
-4703.1636,-28634.3926,24.9425,-5206.8081,-28140.0781,21.9684,-4707.0342,-28636.1973,25.1579,704.2128,0.0007,0.0003,3.1397,0.7935,3.1413,-4703.6943,-28634.3184,25.3526,1
-4703.1636,-28634.3926,24.9425,-5206.6934,-28140.2246,21.9669,-4702.6929,-28637.0664,22.2014,707.7205,0.0001,-0.0002,3.1409,0.7935,3.1415,-4703.7236,-28634.3848,25.1954,1
-4703.1636,-28634.3926,24.9425,-5206.5771,-28140.3770,21.9659,-4698.8013,-28637.3184,23.9879,710.4858,-0.0004,0.0003,3.1413,0.7935,3.1416,-4703.6113,-28634.4668,25.0963,1
-4703.1636,-28634.3926,24.9425,-5206.4575,-28140.5293,21.9657,-4704.5615,-28628.3047,22.0523,699.8755,-0.0010,-0.0002,3.1409,0.7935,3.1415,-4703.6890,-28634.2363,24.9272,1
-4703.1636,-28634.3926,24.9425,-5206.3354,-28140.6875,21.9662,-4706.3091,-28635.3242,29.4601,703.3791,0.0005,0.0013,3.1396,0.7937,3.1412,-4703.8291,-28634.2422,25.0176,1
-4703.1636,-28634.3926,24.9425,-5206.2100,-28140.8496,21.9675,-4701.9487,-28636.1934,28.4638,706.8831,-0.0001,0.0008,3.1377,0.7937,3.1409,-4703.8184,-28634.2832,25.0846,1
-4703.1636,-28634.3926,24.9425,-5206.0811,-28141.0176,21.9693,-4698.1870,-28636.5586,25.6873,709.6001,-0.0006,-0.0002,3.1353,0.7937,3.1405,-4703.6694,-28634.3418,25.0629,1
-4703.1636,-28634.3926,24.9425,-5205.9492,-28141.1875,21.9715,-4705.4414,-28636.8867,30.1165,704.4778,0.0006,0.0005,3.1328,0.7937,3.1401,-4703.7622,-28634.4180,25.2014,1
-4703.1636,-28634.3926,24.9425,-5205.8154,-28141.3594,21.9738,-4697.5933,-28638.3125,31.5690,710.8732,-0.0005,0.0005,3.1305,0.7937,3.1397,-4703.5811,-28634.5488,25.4021,1
-4703.1636,-28634.3926,24.9425,-5205.6792,-28141.5352,21.9760,-4701.4429,-28635.5840,32.0115,706.0013,-0.0003,0.0003,3.1287,0.7937,3.1394,-4703.5200,-28634.5938,25.6345,1
-4703.1636,-28634.3926,24.9425,-5205.5420,-28141.7129,21.9777,-4697.5713,-28635.8008,25.0152,708.6408,-0.0009,-0.0014,3.1274,0.7937,3.1392,-4703.3179,-28634.6484,25.6336,1
-4703.1636,-28634.3926,24.9425,-5205.4033,-28141.8926,21.9790,-4709.4634,-28633.1309,23.2040,698.0550,0.0006,-0.0019,3.1267,0.7937,3.1391,-4703.5249,-28634.6094,25.5653,1
-4703.1636,-28634.3926,24.9425,-5205.2637,-28142.0742,21.9796,-4705.1436,-28633.9980,29.8253,701.5505,0.0000,-0.0004,3.1267,0.7937,3.1391,-4703.5913,-28634.5977,25.7274,1
-4703.1636,-28634.3926,24.9425,-5205.1230,-28142.2539,21.9796,-4700.7803,-28634.8965,27.2738,705.0464,-0.0005,-0.0009,3.1273,0.7937,3.1392,-4703.5054,-28634.6172,25.8072,1
-4703.1636,-28634.3926,24.9425,-5204.9824,-28142.4355,21.9789,-4696.9624,-28635.0371,23.4806,707.6365,-0.0011,-0.0016,3.1284,0.7937,3.1394,-4703.2788,-28634.6406,25.7551,1
-4703.1636,-28634.3926,24.9425,-5204.8418,-28142.6191,21.9777,-4708.8452,-28632.3887,20.2922,697.0643,0.0003,-0.0021,3.1300,0.7937,3.1396,-4703.4604,-28634.5703,25.5813,1
-4703.1636,-28634.3926,24.9425,-5204.7007,-28142.8008,21.9760,-4704.5068,-28633.2773,25.6499,700.5553,-0.0002,-0.0006,3.1320,0.7937,3.1400,-4703.4990,-28634.5273,25.5868,1
-4703.1636,-28634.3926,24.9425,-5204.5605,-28142.9824,21.9740,-4700.1577,-28634.1602,22.0460,704.0467,-0.0008,-0.0011,3.1343,0.7937,3.1404,-4703.3853,-28634.5137,25.4644,1
-4703.1636,-28634.3926,24.9425,-5204.4194,-28143.1641,21.9718,-4702.5845,-28640.6250,22.8839,706.6180,0.0006,-0.0006,3.1364,0.7937,3.1407,-4703.3506,-28634.7266,25.3643,1
-4703.1636,-28634.3926,24.9425,-5204.2769,-28143.3477,21.9699,-4708.2417,-28631.6484,19.6824,696.0594,0.0001,-0.0011,3.1380,0.7937,3.1410,-4703.5171,-28634.6328,25.1426,1
-4703.1636,-28634.3926,24.9425,-5204.1328,-28143.5352,21.9685,-4703.9072,-28632.5410,25.6994,699.5460,-0.0005,0.0004,3.1389,0.7937,3.1411,-4703.5386,-28634.5664,25.1253,1
-4703.1636,-28634.3926,24.9425,-5203.9858,-28143.7246,21.9677,-4699.5542,-28633.4199,23.4534,703.0329,-0.0010,-0.0001,3.1390,0.7937,3.1412,-4703.4062,-28634.5254,25.0307,1
-4703.1636,-28634.3926,24.9425,-5203.8369,-28143.9160,21.9675,-4698.7676,-28637.3613,22.8249,706.1057,-0.0005,-0.0003,3.1385,0.7939,3.1411,-4703.2373,-28634.6211,24.9119,1
-4703.1636,-28634.3926,24.9425,-5203.6860,-28144.1113,21.9678,-4707.4873,-28630.7949,22.7158,695.0373,-0.0002,-0.0005,3.1378,0.7939,3.1409,-4703.3696,-28634.4902,24.7848,1
-4703.1636,-28634.3926,24.9425,-5203.5342,-28144.3086,21.9684,-4703.1719,-28631.6582,29.7821,698.5192,-0.0007,0.0010,3.1370,0.7939,3.1408,-4703.3569,-28634.3809,24.9080,1
-4703.1636,-28634.3926,24.9425,-5203.3809,-28144.5059,21.9692,-4698.8091,-28632.5430,28.0223,702.0015,-0.0013,0.0005,3.1363,0.7939,3.1407,-4703.1890,-28634.2988,24.9808,1
-4703.1636,-28634.3926,24.9425,-5203.2271,-28144.7051,21.9699,-4701.3481,-28639.1035,24.4327,704.4996,0.0002,-0.0004,3.1359,0.7939,3.1406,-4703.1016,-28634.4453,24.9340,1
-4703.1636,-28634.3926,24.9425,-5203.0732,-28144.9043,21.9704,-4707.0015,-28630.1914,22.2977,693.9698,-0.0004,-0.0009,3.1358,0.7939,3.1406,-4703.2139,-28634.2852,24.8100,1
-4703.1636,-28634.3926,24.9425,-5202.9189,-28145.1035,21.9706,-4702.6826,-28631.0586,28.7433,697.4468,-0.0009,0.0006,3.1360,0.7939,3.1406,-4703.1807,-28634.1484,24.9128,1
-4703.1636,-28634.3926,24.9425,-5202.7646,-28145.3027,21.9706,-4699.2559,-28640.1113,24.6995,705.9500,0.0000,-0.0002,3.1365,0.7942,3.1407,-4703.0254,-28634.3262,24.8809,1
-4703.1636,-28634.3926,24.9425,-5202.6108,-28145.5020,21.9702,-4700.7363,-28638.3359,23.6537,703.3978,-0.0000,-0.0003,3.1373,0.7942,3.1409,-4702.9141,-28634.4570,24.8122,1
-4703.1636,-28634.3926,24.9425,-5202.4570,-28145.6992,21.9694,-4702.6968,-28636.9336,23.8084,700.7675,0.0000,-0.0001,3.1384,0.7942,3.1410,-4702.8691,-28634.5469,24.7472,1
-4703.1636,-28634.3926,24.9425,-5202.3037,-28145.8984,21.9684,-4702.0713,-28630.3145,26.5802,696.3550,-0.0012,0.0007,3.1396,0.7942,3.1413,-4702.8027,-28634.4043,24.7805,1
-4703.1636,-28634.3926,24.9425,-5202.1514,-28146.0957,21.9672,-4703.7192,-28637.3418,23.5281,699.8276,0.0003,0.0002,3.1411,0.7945,3.1415,-4702.7949,-28634.5039,24.7097,1
-4703.1636,-28634.3926,24.9425,-5202.0000,-28146.2910,21.9658,-4700.1304,-28637.5664,23.2146,702.2995,-0.0003,0.0003,-3.1406,0.7945,-3.1414,-4702.6626,-28634.6191,24.6262,1
-4703.1636,-28634.3926,24.9425,-5201.8491,-28146.4863,21.9643,-4705.7988,-28628.6855,20.0895,691.7997,-0.0008,-0.0002,-3.1391,0.7945,-3.1412,-4702.7300,-28634.4199,24.4270,1
-4703.1636,-28634.3926,24.9425,-5201.6992,-28146.6797,21.9628,-4707.5869,-28635.8027,25.6903,695.2668,0.0006,0.0013,-3.1375,0.7945,-3.1409,-4702.8691,-28634.4648,24.4214,1
-4703.1636,-28634.3926,24.9425,-5201.5508,-28146.8711,21.9613,-4703.2573,-28636.7051,22.6072,698.7344,0.0001,0.0008,-3.1361,0.7945,-3.1406,-4702.8647,-28634.5449,24.3101,1
-4703.1636,-28634.3926,24.9425,-5201.4033,-28147.0625,21.9599,-4703.2358,-28633.1699,26.8053,696.0504,-0.0005,0.0020,-3.1347,0.7945,-3.1404,-4702.8613,-28634.5039,24.3472,1
-4703.1636,-28634.3926,24.9425,-5201.2573,-28147.2500,21.9586,-4705.2271,-28627.9492,20.3531,690.7361,-0.0011,0.0006,-3.1335,0.7945,-3.1402,-4702.9316,-28634.2695,24.1590,1
-4703.1636,-28634.3926,24.9425,-5201.1123,-28147.4375,21.9574,-4706.8887,-28634.9277,26.2089,694.1984,0.0004,0.0021,-3.1324,0.7947,-3.1400,-4703.0669,-28634.2734,24.1754,1
-4703.1636,-28634.3926,24.9425,-5200.9683,-28147.6230,21.9564,-4702.5571,-28635.8066,23.4676,697.6611,-0.0002,0.0016,-3.1314,0.7948,-3.1399,-4703.0552,-28634.3105,24.0999,1
-4703.1636,-28634.3926,24.9425,-5200.8262,-28147.8086,21.9557,-4698.9604,-28636.0488,23.6627,700.1735,-0.0007,0.0018,-3.1307,0.7948,-3.1397,-4702.9141,-28634.3594,24.0319,1
-4703.1636,-28634.3926,24.9425,-5200.6841,-28147.9922,21.9552,-4704.6465,-28627.2012,21.3278,689.7025,-0.0013,0.0013,-3.1304,0.7948,-3.1397,-4702.9673,-28634.0938,23.8802,1
-4703.1636,-28634.3926,24.9425,-5200.5410,-28148.1758,21.9554,-4706.4316,-28634.2832,28.1212,693.1602,0.0002,0.0028,-3.1309,0.7948,-3.1397,-4703.0894,-28634.0703,23.9702,1
-4703.1636,-28634.3926,24.9425,-5200.3970,-28148.3613,21.9562,-4702.1128,-28635.1641,26.7753,696.6182,-0.0004,0.0023,-3.1322,0.7948,-3.1400,-4703.0630,-28634.0781,24.0229,1
-4703.1636,-28634.3926,24.9425,-5200.2510,-28148.5508,21.9577,-4698.3604,-28635.2812,25.4713,699.1465,-0.0009,0.0017,-3.1344,0.7948,-3.1404,-4702.9004,-28634.0957,24.0365,1
-4703.1636,-28634.3926,24.9425,-5200.1016,-28148.7441,21.9601,-4709.9785,-28632.5508,25.0854,688.6895,0.0005,0.0012,-3.1375,0.7950,-3.1409,-4703.1465,-28634.0176,24.0417,1
-4703.1636,-28634.3926,24.9425,-5199.9492,-28148.9414,21.9631,-4705.7310,-28633.3789,33.8506,692.1425,-0.0001,0.0027,-3.1411,0.7950,-3.1415,-4703.2539,-28633.9668,24.3668,1
-4703.1636,-28634.3926,24.9425,-5199.7939,-28149.1406,21.9666,-4701.4146,-28634.2520,34.1249,695.5959,-0.0006,0.0022,3.1381,0.7950,3.1410,-4703.2104,-28633.9473,24.7225,1
-4703.1636,-28634.3926,24.9425,-5199.6362,-28149.3457,21.9703,-4697.7720,-28634.5449,26.4692,698.0739,-0.0012,-0.0001,3.1343,0.7950,3.1403,-4703.0322,-28633.9395,24.8240,1
-4703.1636,-28634.3926,24.9425,-5199.4761,-28149.5527,21.9738,-4709.3491,-28631.8301,26.3270,687.6313,0.0003,-0.0006,3.1308,0.7953,3.1397,-4703.2598,-28633.8359,24.9233,1
-4703.1636,-28634.3926,24.9425,-5199.3145,-28149.7617,21.9770,-4705.0928,-28632.6504,34.5518,691.0795,-0.0003,0.0009,3.1280,0.7953,3.1392,-4703.3457,-28633.7598,25.3215,1
-4703.1636,-28634.3926,24.9425,-5199.1509,-28149.9727,21.9795,-4700.7627,-28633.5469,33.6499,694.5281,-0.0008,0.0004,3.1260,0.7953,3.1389,-4703.2793,-28633.7148,25.7045,1
-4703.1636,-28634.3926,24.9425,-5198.9863,-28150.1855,21.9812,-4703.2964,-28640.0781,24.8229,696.9353,0.0006,-0.0018,3.1248,0.7953,3.1387,-4703.2969,-28633.9043,25.7848,1
-4703.1636,-28634.3926,24.9425,-5198.8213,-28150.3984,21.9825,-4700.0786,-28636.9316,23.8248,696.7580,-0.0004,-0.0021,3.1244,0.7953,3.1386,-4703.1982,-28633.9961,25.8229,1
-4703.1636,-28634.3926,24.9425,-5198.6558,-28150.6133,21.9832,-4704.5806,-28632.1387,29.2177,689.9518,-0.0005,-0.0008,3.1247,0.7953,3.1387,-4703.2544,-28633.9238,26.0471,1
-4703.1636,-28634.3926,24.9425,-5198.4897,-28150.8281,21.9833,-4700.2549,-28633.0449,26.5038,693.3949,-0.0010,-0.0013,3.1256,0.7953,3.1389,-4703.1567,-28633.8789,26.1763,1
-4703.1636,-28634.3926,24.9425,-5198.3232,-28151.0430,21.9823,-4702.5703,-28639.2090,23.1485,695.7628,0.0004,-0.0019,3.1271,0.7956,3.1391,-4703.1362,-28634.0566,26.1814,1
-4703.1636,-28634.3926,24.9425,-5198.1577,-28151.2578,21.9803,-4698.2456,-28640.0879,19.6517,699.2006,-0.0002,-0.0024,3.1292,0.7956,3.1395,-4702.9595,-28634.2754,26.0510,1
-4703.1636,-28634.3926,24.9425,-5197.9917,-28151.4707,21.9776,-4703.8389,-28631.2969,24.6510,688.7898,-0.0007,-0.0009,3.1318,0.7956,3.1399,-4702.9727,-28634.1914,26.0803,1
-4703.1636,-28634.3926,24.9425,-5197.8267,-28151.6836,21.9746,-4699.5303,-28632.1758,20.7849,692.2275,-0.0013,-0.0014,3.1346,0.7956,3.1404,-4702.8330,-28634.1309,25.9640,1
-4703.1636,-28634.3926,24.9425,-5197.6626,-28151.8965,21.9714,-4702.0801,-28638.5605,22.2827,694.5842,0.0002,-0.0006,3.1375,0.7956,3.1409,-4702.7783,-28634.2969,25.8877,1
-4703.1636,-28634.3926,24.9425,-5197.4990,-28152.1074,21.9683,-4697.7749,-28639.4316,18.2689,698.0165,-0.0004,-0.0011,3.1405,0.7956,3.1414,-4702.5693,-28634.5039,25.6581,1
-4703.1636,-28634.3926,24.9425,-5197.3369,-28152.3184,21.9652,-4703.3760,-28630.6777,23.0666,687.6219,-0.0009,0.0004,-3.1398,0.7956,-3.1413,-4702.5513,-28634.4043,25.5807,1
-4703.1636,-28634.3926,24.9425,-5197.1758,-28152.5254,21.9623,-4705.0317,-28637.6465,19.2376,691.0543,0.0005,-0.0001,-3.1371,0.7958,-3.1408,-4702.5972,-28634.5469,25.3589,1
-4703.1636,-28634.3926,24.9425,-5197.0161,-28152.7324,21.9597,-4700.8081,-28635.4121,26.2950,692.2514,-0.0005,0.0019,-3.1346,0.7959,-3.1404,-4702.4971,-28634.6152,25.3782,1
-4703.1636,-28634.3926,24.9425,-5196.8579,-28152.9375,21.9573,-4697.1782,-28638.6484,18.9958,696.8506,-0.0006,0.0005,-3.1324,0.7959,-3.1400,-4702.2651,-28634.8008,25.1380,1
-4703.1636,-28634.3926,24.9425,-5196.7007,-28153.1406,21.9553,-4702.7988,-28629.9082,24.3755,686.4720,-0.0011,0.0020,-3.1305,0.7959,-3.1397,-4702.2246,-28634.6758,25.0771,1
-4703.1636,-28634.3926,24.9425,-5196.5454,-28153.3398,21.9537,-4704.4102,-28636.8379,21.2607,689.8991,0.0003,0.0015,-3.1289,0.7961,-3.1394,-4702.2466,-28634.7910,24.9030,1
-4703.1636,-28634.3926,24.9425,-5196.3916,-28153.5391,21.9524,0.0000,0.0000,0.0000,0.0000,0.0000,0.0000,-3.1277,0.7962,-3.1392,0.0000,0.0000,0.0000,1
-4703.1636,-28634.3926,24.9425,-5196.2397,-28153.7363,21.9515,0.0000,0.0000,0.0000,0.0000,0.0000,0.0000,-3.1268,0.7962,-3.1390,0.0000,0.0000,0.0000,0
-4703.1636,-28634.3926,24.9425,-5196.0889,-28153.9316,21.9509,0.0000,0.0000,0.0000,0.0000,0.0000,0.0000,-3.1263,0.7962,-3.1389,0.0000,0.0000,0.0000,0
-4703.1636,-28634.3926,24.9425,-5195.9399,-28154.1230,21.9507,0.0000,0.0000,0.0000,0.0000,0.0000,0.0000,-3.1260,0.7962,-3.1389,0.0000,0.0000,0.0000,0
-4703.1636,-28634.3926,24.9425,-5195.7925,-28154.3145,21.9507,0.0000,0.0000,0.0000,0.0000,0.0000,0.0000,-3.1260,0.7962,-3.1389,0.0000,0.0000,0.0000,0
-4703.1636,-28634.3926,24.9425,-5195.6465,-28154.5039,21.9509,0.0000,0.0000,0.0000,0.0000,0.0000,0.0000,-3.1262,0.7962,-3.1389,0.0000,0.0000,0.0000,0
-4703.1636,-28634.3926,24.9425,-5195.5020,-28154.6895,21.9513,0.0000,0.0000,0.0000,0.0000,0.0000,0.0000,-3.1265,0.7964,-3.1390,0.0000,0.0000,0.0000,0
-4703.1636,-28634.3926,24.9425,-5195.3589,-28154.8750,21.9519,0.0000,0.0000,0.0000,0.0000,0.0000,0.0000,-3.1271,0.7965,-3.1391,0.0000,0.0000,0.0000,0
-4703.1636,-28634.3926,24.9425,-5195.2168,-28155.0586,21.9526,0.0000,0.0000,0.0000,0.0000,0.0000,0.0000,-3.1277,0.7965,-3.1392,0.0000,0.0000,0.0000,0
-4703.1636,-28634.3926,24.9425,-5195.0757,-28155.2402,21.9535,0.0000,0.0000,0.0000,0.0000,0.0000,0.0000,-3.1287,0.7965,-3.1393,0.0000,0.0000,0.0000,0
-4703.1636,-28634.3926,24.9425,-5194.9336,-28155.4238,21.9549,0.0000,0.0000,0.0000,0.0000,0.0000,0.0000,-3.1303,0.7965,-3.1396,0.0000,0.0000,0.0000,0
-4703.1636,-28634.3926,24.9425,-5194.7900,-28155.6113,21.9567,0.0000,0.0000,0.0000,0.0000,0.0000,0.0000,-3.1326,0.7965,-3.1400,0.0000,0.0000,0.0000,0
-4703.1636,-28634.3926,24.9425,-5194.6440,-28155.7988,21.9592,0.0000,0.0000,0.0000,689.1573,-0.0009,0.0016,-3.1356,0.7965,-3.1405,0.0000,0.0000,0.0000,0
-4703.1636,-28634.3926,24.9425,-5194.4951,-28155.9922,21.9622,-4700.9585,-28641.8496,25.9110,692.5652,0.0005,0.0011,-3.1393,0.7965,-3.1412,-4700.9585,-28641.8496,25.9110,1
-4703.1636,-28634.3926,24.9425,-5194.3428,-28156.1875,21.9657,-4706.5664,-28633.0312,34.7664,682.2446,-0.0000,0.0026,3.1397,0.7965,3.1413,-4701.1636,-28641.5273,26.2355,1
-4703.1636,-28634.3926,24.9425,-5194.1875,-28156.3887,21.9696,-4702.3105,-28633.8906,35.3009,685.6525,-0.0006,0.0021,3.1354,0.7965,3.1405,-4701.2256,-28641.2168,26.5973,1
-4703.1636,-28634.3926,24.9425,-5194.0283,-28156.5957,21.9736,-4698.5752,-28634.0566,26.6215,688.0889,-0.0012,-0.0005,3.1310,0.7965,3.1398,-4701.1528,-28640.8984,26.6612,1
-4703.1636,-28634.3926,24.9425,-5193.8662,-28156.8047,21.9775,-4700.3447,-28641.1270,26.9396,691.4920,0.0003,-0.0010,3.1270,0.7965,3.1391,-4701.1382,-28640.8242,26.7342,1
-4703.1636,-28634.3926,24.9425,-5193.7012,-28157.0176,21.9810,-4705.9424,-28632.3379,35.3189,681.1859,-0.0003,0.0005,3.1236,0.7965,3.1385,-4701.3257,-28640.4316,27.1128,1
-4703.1636,-28634.3926,24.9425,-5193.5337,-28157.2344,21.9846,-4701.6719,-28633.2266,34.8756,684.5891,-0.0008,-0.0000,3.1208,0.7965,3.1380,-4701.3672,-28640.0566,27.4900,1
-4703.1636,-28634.3926,24.9425,-5193.3652,-28157.4531,21.9884,-4704.0015,-28639.5156,25.2485,686.9374,0.0006,-0.0025,3.1188,0.7965,3.1376,-4701.4927,-28639.9004,27.5291,1
-4703.1636,-28634.3926,24.9425,-5193.1953,-28157.6719,21.9920,-4699.7295,-28640.4121,23.9077,690.3354,0.0000,-0.0030,3.1174,0.7965,3.1374,-4701.4673,-28639.7812,27.5104,1
-4703.1636,-28634.3926,24.9425,-5193.0244,-28157.8926,21.9952,-4705.2832,-28631.6934,30.6738,680.0450,-0.0005,-0.0015,3.1168,0.7964,3.1373,-4701.6401,-28639.3496,27.7260,1
-4703.1636,-28634.3926,24.9425,-5192.8530,-28158.1133,21.9975,-4701.0088,-28632.5938,28.5459,683.4430,-0.0011,-0.0020,3.1168,0.7964,3.1373,-4701.6626,-28638.9395,27.8662,1
-4703.1636,-28634.3926,24.9425,-5192.6816,-28158.3359,21.9988,-4703.2827,-28638.6582,23.5896,685.7378,0.0003,-0.0031,3.1174,0.7967,3.1374,-4701.7651,-28638.7422,27.8230,1
-4703.1636,-28634.3926,24.9425,-5192.5103,-28158.5586,21.9988,-4699.0083,-28639.5352,20.6384,689.1302,-0.0002,-0.0036,3.1187,0.7967,3.1376,-4701.7144,-28638.5840,27.6596,1
-4703.1636,-28634.3926,24.9425,-5192.3384,-28158.7793,21.9974,-4704.5376,-28630.8730,25.9271,678.8565,-0.0008,-0.0021,3.1206,0.7967,3.1380,-4701.8574,-28638.1152,27.6675,1
-4703.1636,-28634.3926,24.9425,-5192.1670,-28159.0020,21.9947,-4700.2769,-28631.7559,22.3179,682.2490,-0.0014,-0.0026,3.1231,0.7967,3.1384,-4701.8486,-28637.6719,27.5369,1
-4703.1636,-28634.3926,24.9425,-5191.9961,-28159.2227,21.9905,-4702.8110,-28638.0371,22.1687,684.5250,0.0001,-0.0022,3.1261,0.7967,3.1389,-4701.9268,-28637.4531,27.3871,1
-4703.1636,-28634.3926,24.9425,-5191.8257,-28159.4434,21.9850,-4698.5601,-28638.9043,17.8585,687.9119,-0.0005,-0.0027,3.1297,0.7967,3.1395,-4701.8511,-28637.2773,27.0680,1
-4703.1636,-28634.3926,24.9425,-5191.6553,-28159.6621,21.9781,-4704.0850,-28630.2852,21.8995,677.6549,-0.0010,-0.0012,3.1337,0.7967,3.1402,-4701.9678,-28636.7949,26.8710,1
-4703.1636,-28634.3926,24.9425,-5191.4863,-28159.8809,21.9714,-4705.6953,-28637.1602,17.2428,681.0419,0.0004,-0.0017,3.1379,0.7970,3.1410,-4702.1470,-28636.5605,26.4929,1
-4703.1636,-28634.3926,24.9425,-5191.3184,-28160.0996,21.9656,-4702.2134,-28637.2773,21.5093,683.3174,-0.0001,-0.0002,-3.1412,0.7970,-3.1415,-4702.2051,-28636.3418,26.2520,1
-4703.1636,-28634.3926,24.9425,-5191.1514,-28160.3145,21.9608,-4704.7754,-28627.3418,22.5240,674.2956,-0.0014,0.0006,-3.1373,0.7970,-3.1408,-4702.3555,-28635.7656,26.0379,1
-4703.1636,-28634.3926,24.9425,-5190.9858,-28160.5273,21.9569,-4703.5073,-28629.5312,21.3993,676.4586,-0.0012,0.0008,-3.1338,0.7970,-3.1402,-4702.4624,-28635.2617,25.7775,1
-4703.1636,-28634.3926,24.9425,-5190.8223,-28160.7402,21.9538,-4705.0762,-28636.3594,17.4183,679.8400,0.0002,0.0003,-3.1307,0.7973,-3.1397,-4702.6270,-28635.0078,25.3650,1
-4703.1636,-28634.3926,24.9425,-5190.6602,-28160.9492,21.9514,-4701.6343,-28636.5254,22.4134,682.1375,-0.0003,0.0019,-3.1281,0.7973,-3.1392,-4702.6675,-28634.7734,25.1224,1
-4703.1636,-28634.3926,24.9425,-5190.4995,-28161.1562,21.9495,-4697.3901,-28637.3594,19.0199,685.5135,-0.0009,0.0014,-3.1261,0.7973,-3.1389,-4702.5488,-28634.5840,24.7555,1
-4703.1636,-28634.3926,24.9425,-5190.3408,-28161.3613,21.9482,-4708.7632,-28634.7578,24.5017,675.2894,0.0006,0.0029,-3.1245,0.7975,-3.1386,-4702.8335,-28634.3184,24.5810,1
-4703.1636,-28634.3926,24.9425,-5190.1841,-28161.5645,21.9474,-4704.5283,-28635.6270,21.7542,678.6655,0.0000,0.0024,-3.1235,0.7976,-3.1384,-4702.9727,-28634.0938,24.3114,1
-4703.1636,-28634.3926,24.9425,-5190.0293,-28161.7656,21.9472,-4701.0669,-28635.7812,23.5444,681.0035,-0.0005,0.0029,-3.1228,0.7976,-3.1383,-4702.9849,-28633.8906,24.1083,1
-4703.1636,-28634.3926,24.9425,-5189.8755,-28161.9629,21.9475,-4696.6855,-28636.4551,21.1829,684.3745,-0.0011,0.0024,-3.1224,0.7979,-3.1382,-4702.8301,-28633.7246,23.8244,1
-4703.1636,-28634.3926,24.9425,-5189.7236,-28162.1602,21.9482,-4708.0371,-28633.8203,27.4913,674.1660,0.0004,0.0039,-3.1223,0.7982,-3.1382,-4703.0757,-28633.4805,23.7738,1
-4703.1636,-28634.3926,24.9425,-5189.5737,-28162.3535,21.9491,-4701.7847,-28636.8164,24.7317,680.4752,-0.0002,0.0032,-3.1225,0.7982,-3.1382,-4703.0996,-28633.3555,23.6361,1
-4703.1636,-28634.3926,24.9425,-5189.4248,-28162.5469,21.9500,-4700.4966,-28635.0352,24.1920,679.9169,-0.0007,0.0030,-3.1229,0.7982,-3.1383,-4703.0703,-28633.1816,23.4878,1
-4703.1636,-28634.3926,24.9425,-5189.2778,-28162.7363,21.9510,-4696.2681,-28635.8398,22.4394,683.2830,-0.0012,0.0025,-3.1235,0.7982,-3.1384,-4702.8784,-28633.0508,23.2831,1
-4703.1636,-28634.3926,24.9425,-5189.1323,-28162.9258,21.9519,-4707.7598,-28633.3438,29.2610,673.0892,0.0002,0.0040,-3.1244,0.7982,-3.1386,-4703.0928,-28632.8438,23.3359,1
-4703.1636,-28634.3926,24.9425,-5188.9878,-28163.1113,21.9526,-4703.5474,-28634.1953,27.7758,676.4553,-0.0003,0.0035,-3.1254,0.7983,-3.1387,-4703.1597,-28632.6777,23.3527,1
-4703.1636,-28634.3926,24.9425,-5188.8452,-28163.2969,21.9531,-4699.9307,-28634.2910,24.6358,678.8728,-0.0009,0.0026,-3.1266,0.7983,-3.1389,-4703.0923,-28632.5273,23.2690,1
-4703.1636,-28634.3926,24.9425,-5188.7041,-28163.4785,21.9537,-4696.0610,-28636.6445,28.6387,683.0916,-0.0011,0.0034,-3.1278,0.7985,-3.1392,-4702.8745,-28632.4727,23.3396,1
-4703.1636,-28634.3926,24.9425,-5188.5640,-28163.6602,21.9544,-4707.0859,-28632.4707,30.2479,672.0547,-0.0000,0.0036,-3.1290,0.7985,-3.1394,-4703.0464,-28632.2852,23.4901,1
-4703.1636,-28634.3926,24.9425,-5188.4248,-28163.8398,21.9553,-4702.8823,-28633.3086,28.8215,675.4160,-0.0006,0.0031,-3.1301,0.7985,-3.1396,-4703.0703,-28632.1348,23.6061,1
-4703.1636,-28634.3926,24.9425,-5188.2871,-28164.0176,21.9561,-4699.3662,-28633.5508,24.5176,677.8662,-0.0011,0.0019,-3.1311,0.7986,-3.1397,-4702.9629,-28632.0020,23.5777,1
-4703.1636,-28634.3926,24.9425,-5188.1504,-28164.1953,21.9570,-4700.9785,-28640.3613,22.9048,681.2231,0.0003,0.0014,-3.1320,0.7988,-3.1399,-4702.9062,-28632.1309,23.4944,1
-4703.1636,-28634.3926,24.9425,-5188.0146,-28164.3691,21.9578,-4706.5024,-28631.7207,29.6674,671.0573,-0.0002,0.0029,-3.1328,0.7989,-3.1400,-4703.0493,-28631.9688,23.6636,1
-4703.1636,-28634.3926,24.9425,-5187.8804,-28164.5449,21.9585,-4702.3081,-28632.5488,27.9524,674.4141,-0.0008,0.0024,-3.1334,0.7989,-3.1401,-4703.0435,-28631.8418,23.7842,1
-4703.1636,-28634.3926,24.9425,-5187.7466,-28164.7168,21.9591,-4698.8022,-28632.8125,24.2010,676.8893,-0.0013,0.0015,-3.1339,0.7989,-3.1402,-4702.9058,-28631.7305,23.7767,1
-4703.1636,-28634.3926,24.9425,-5187.6143,-28164.8887,21.9595,-4708.0547,-28633.2207,25.6698,670.3118,0.0003,0.0018,-3.1342,0.7991,-3.1403,-4703.1021,-28631.6445,23.8259,1
-4703.1636,-28634.3926,24.9425,-5187.4824,-28165.0586,21.9598,-4705.5806,-28635.2188,28.1528,673.2822,0.0002,0.0023,-3.1345,0.7992,-3.1403,-4703.2163,-28631.6406,23.9721,1
-4703.1636,-28634.3926,24.9425,-5187.3521,-28165.2266,21.9600,-4706.2300,-28632.7383,22.4668,670.8521,-0.0001,0.0010,-3.1346,0.7992,-3.1403,-4703.3599,-28631.5605,23.9171,1
-4703.1636,-28634.3926,24.9425,-5187.2227,-28165.3945,21.9600,-4704.0288,-28638.0664,23.9139,675.9386,0.0005,0.0013,-3.1346,0.7994,-3.1404,-4703.4268,-28631.6816,23.9126,1
-4703.1636,-28634.3926,24.9425,-5187.0938,-28165.5605,21.9600,-4699.8413,-28638.8672,21.7590,679.2868,-0.0001,0.0008,-3.1346,0.7994,-3.1403,-4703.3389,-28631.8516,23.8290,1
-4703.1636,-28634.3926,24.9425,-5186.9663,-28165.7246,21.9599,-4705.3813,-28630.2754,28.0095,669.1471,-0.0006,0.0023,-3.1345,0.7994,-3.1403,-4703.4463,-28631.7227,23.9732,1
-4703.1636,-28634.3926,24.9425,-5186.8398,-28165.8887,21.9597,-4701.2065,-28631.0801,25.8277,672.4953,-0.0012,0.0018,-3.1343,0.7995,-3.1403,-4703.4014,-28631.6250,24.0453,1
-4703.1636,-28634.3926,24.9425,-5186.7144,-28166.0508,21.9594,-4703.4355,-28637.3125,23.7651,675.0135,0.0003,0.0013,-3.1341,0.7998,-3.1403,-4703.4331,-28631.7598,24.0446,1
-4703.1636,-28634.3926,24.9425,-5186.5898,-28166.2129,21.9592,-4699.2554,-28638.1016,21.5079,678.3577,-0.0003,0.0008,-3.1339,0.7998,-3.1402,-4703.3096,-28631.9375,23.9598,1
-4703.1636,-28634.3926,24.9425,-5186.4668,-28166.3711,21.9589,-4704.8052,-28629.5254,27.6842,668.2304,-0.0008,0.0023,-3.1337,0.7998,-3.1402,-4703.3809,-28631.8145,24.0989,1
-4703.1636,-28634.3926,24.9425,-5186.3442,-28166.5293,21.9587,-4706.5049,-28636.3828,25.4562,671.5745,0.0006,0.0018,-3.1334,0.7998,-3.1401,-4703.5181,-28631.9414,24.1625,1
-4703.1636,-28634.3926,24.9425,-5186.2227,-28166.6875,21.9584,-4702.9990,-28636.7188,23.7447,674.1149,0.0001,0.0015,-3.1332,0.7998,-3.1401,-4703.5308,-28632.0938,24.1649,1
-4703.1636,-28634.3926,24.9425,-5186.1025,-28166.8438,21.9582,-4698.8379,-28637.5059,21.5032,677.4549,-0.0005,0.0010,-3.1330,0.7998,-3.1400,-4703.3872,-28632.2852,24.0830,1
-4703.1636,-28634.3926,24.9425,-5185.9829,-28166.9980,21.9580,-4704.3984,-28628.9473,27.7040,667.3398,-0.0010,0.0025,-3.1328,0.7998,-3.1400,-4703.4385,-28632.1719,24.2255,1
-4703.1636,-28634.3926,24.9425,-5185.8647,-28167.1504,21.9578,-4705.9707,-28635.6680,25.5263,670.6799,0.0004,0.0020,-3.1327,0.8001,-3.1400,-4703.5493,-28632.3008,24.2938,1
-4703.1636,-28634.3926,24.9425,-5185.7476,-28167.3008,21.9577,-4702.4189,-28635.9727,23.7965,673.2431,-0.0001,0.0016,-3.1326,0.8001,-3.1400,-4703.5332,-28632.4492,24.2998,1
-4703.1636,-28634.3926,24.9425,-5185.6313,-28167.4512,21.9576,-4698.2637,-28636.7461,21.6274,676.5793,-0.0007,0.0011,-3.1325,0.8001,-3.1400,-4703.3599,-28632.6328,24.2237,1
-4703.1636,-28634.3926,24.9425,-5185.5151,-28167.6016,21.9578,-4703.8369,-28628.1992,28.0855,666.4758,-0.0012,0.0026,-3.1328,0.8001,-3.1400,-4703.3809,-28632.5059,24.3815,1
-4703.1636,-28634.3926,24.9425,-5185.3979,-28167.7539,21.9583,-4705.5195,-28635.0371,26.4996,669.8121,0.0002,0.0021,-3.1336,0.8001,-3.1402,-4703.4648,-28632.6250,24.4875,1
-4703.1636,-28634.3926,24.9425,-5185.2793,-28167.9082,21.9593,-4701.8604,-28635.2578,24.7987,672.3926,-0.0003,0.0014,-3.1352,0.8001,-3.1404,-4703.4175,-28632.7559,24.5335,1
-4703.1636,-28634.3926,24.9425,-5185.1577,-28168.0645,21.9611,-4697.7056,-28636.0332,24.0845,675.7252,-0.0009,0.0009,-3.1376,0.8001,-3.1409,-4703.2124,-28632.9180,24.5522,1
-4703.1636,-28634.3926,24.9425,-5185.0332,-28168.2246,21.9634,-4709.0117,-28633.3887,32.1040,665.6330,0.0005,0.0024,-3.1407,0.8004,-3.1414,-4703.4165,-28632.9902,24.8695,1
-4703.1636,-28634.3926,24.9425,-5184.9053,-28168.3906,21.9663,-4704.8628,-28634.2012,32.1298,668.9655,-0.0000,0.0019,3.1390,0.8004,3.1411,-4703.4775,-28633.0898,25.2017,1
-4703.1636,-28634.3926,24.9425,-5184.7744,-28168.5605,21.9697,-4701.2734,-28634.5312,26.1014,671.5050,-0.0006,-0.0000,3.1351,0.8004,3.1404,-4703.4077,-28633.2031,25.3219,1
-4703.1636,-28634.3926,24.9425,-5184.6396,-28168.7344,21.9732,-4705.6328,-28633.3223,27.6710,667.3245,-0.0000,-0.0002,3.1312,0.8004,3.1397,-4703.4951,-28633.2715,25.4995,1
-4703.1636,-28634.3926,24.9425,-5184.5010,-28168.9141,21.9768,-4708.3921,-28632.6582,34.7102,664.7533,0.0003,0.0010,3.1274,0.8006,3.1390,-4703.6914,-28633.3125,25.9437,1
-4703.1636,-28634.3926,24.9425,-5184.3599,-28169.0957,21.9801,-4704.2329,-28633.4824,34.5483,668.0819,-0.0002,0.0005,3.1242,0.8007,3.1385,-4703.7417,-28633.3809,26.3964,1
-4703.1636,-28634.3926,24.9425,-5184.2168,-28169.2812,21.9835,-4700.6997,-28633.8301,25.3818,670.5334,-0.0008,-0.0021,3.1215,0.8007,3.1380,-4703.6602,-28633.4609,26.5198,1
-4703.1636,-28634.3926,24.9425,-5184.0713,-28169.4688,21.9871,-4702.4180,-28640.7188,24.4750,673.8577,0.0007,-0.0026,3.1195,0.8006,3.1376,-4703.6348,-28633.7930,26.6010,1
-4703.1636,-28634.3926,24.9425,-5183.9248,-28169.6582,21.9906,-4707.8813,-28632.1582,31.4785,663.7906,0.0001,-0.0011,3.1182,0.8006,3.1374,-4703.8110,-28633.8203,26.9338,1
-4703.1636,-28634.3926,24.9425,-5183.7773,-28169.8496,21.9936,-4703.7227,-28633.0156,29.8146,667.1148,-0.0004,-0.0016,3.1175,0.8006,3.1373,-4703.8394,-28633.8730,27.2080,1
-4703.1636,-28634.3926,24.9425,-5183.6294,-28170.0410,21.9959,-4700.1260,-28633.1152,23.8389,669.4987,-0.0010,-0.0030,3.1175,0.8006,3.1373,-4703.7314,-28633.9258,27.2582,1
-4703.1636,-28634.3926,24.9425,-5183.4805,-28170.2324,21.9972,-4701.8306,-28640.0020,21.3983,672.8182,0.0004,-0.0035,3.1181,0.8006,3.1374,-4703.6787,-28634.2285,27.2037,1
-4703.1636,-28634.3926,24.9425,-5183.3315,-28170.4258,21.9973,-4707.2681,-28631.4980,26.9623,662.7653,-0.0001,-0.0020,3.1193,0.8006,3.1376,-4703.8247,-28634.2227,27.3362,1
-4703.1636,-28634.3926,24.9425,-5183.1826,-28170.6191,21.9960,-4703.1187,-28632.3477,23.8508,666.0848,-0.0007,-0.0025,3.1210,0.8006,3.1379,-4703.8223,-28634.2402,27.3457,1
-4703.1636,-28634.3926,24.9425,-5183.0337,-28170.8105,21.9935,-4699.5566,-28632.3848,22.4468,668.4399,-0.0013,-0.0025,3.1234,0.8006,3.1383,-4703.6836,-28634.2520,27.2896,1
-4703.1636,-28634.3926,24.9425,-5182.8848,-28171.0039,21.9896,-4701.2544,-28639.2598,18.6637,671.7546,0.0002,-0.0030,3.1262,0.8006,3.1389,-4703.5991,-28634.5137,27.0776,1
-4703.1636,-28634.3926,24.9425,-5182.7363,-28171.1953,21.9844,-4706.6846,-28630.7988,22.9964,661.7162,-0.0004,-0.0015,3.1296,0.8006,3.1395,-4703.7124,-28634.4648,27.0011,1
-4703.1636,-28634.3926,24.9425,-5182.5884,-28171.3867,21.9780,-4702.5557,-28631.6211,18.6535,665.0310,-0.0009,-0.0020,3.1335,0.8006,3.1402,-4703.6772,-28634.4355,26.7499,1
-4703.1636,-28634.3926,24.9425,-5182.4404,-28171.5781,21.9716,-4704.7202,-28637.5977,21.4570,667.3781,0.0005,-0.0008,3.1375,0.8009,3.1409,-4703.7202,-28634.6211,26.5838,1
-4703.1636,-28634.3926,24.9425,-5182.2939,-28171.7676,21.9661,-4700.5825,-28638.4004,17.0363,670.6882,-0.0001,-0.0013,3.1414,0.8009,3.1416,-4703.6113,-28634.8398,26.2408,1
-4703.1636,-28634.3926,24.9425,-5182.1484,-28171.9551,21.9615,-4706.0210,-28629.9727,21.2039,660.6642,-0.0006,0.0002,-3.1380,0.8009,-3.1409,-4703.6987,-28634.7461,26.0289,1
-4703.1636,-28634.3926,24.9425,-5182.0044,-28172.1426,21.9578,-4701.9019,-28630.7695,17.1554,663.9742,-0.0012,-0.0003,-3.1347,0.8009,-3.1403,-4703.6362,-28634.6699,25.6551,1
-4703.1636,-28634.3926,24.9425,-5181.8613,-28172.3262,21.9548,-4698.9912,-28636.5566,24.2055,669.8284,-0.0006,0.0018,-3.1317,0.8012,-3.1398,-4703.4619,-28634.8008,25.5294,1
-4703.1636,-28634.3926,24.9425,-5181.7202,-28172.5098,21.9525,-4699.9858,-28637.6328,18.5059,669.6379,-0.0003,0.0008,-3.1292,0.8012,-3.1394,-4703.3140,-28634.9707,25.1906,1
-4703.1636,-28634.3926,24.9425,-5181.5801,-28172.6914,21.9508,-4705.4492,-28629.2168,23.6290,659.6283,-0.0008,0.0023,-3.1272,0.8012,-3.1390,-4703.3647,-28634.8281,25.0299,1
-4703.1636,-28634.3926,24.9425,-5181.4419,-28172.8691,21.9495,-4707.1069,-28636.0039,20.6619,662.9335,0.0006,0.0018,-3.1257,0.8012,-3.1387,-4703.4834,-28634.9258,24.7584,1
-4703.1636,-28634.3926,24.9425,-5181.3052,-28173.0469,21.9487,-4703.6836,-28636.2363,23.1794,665.3249,0.0001,0.0025,-3.1246,0.8012,-3.1385,-4703.4819,-28635.0332,24.5767,1
-4703.1636,-28634.3926,24.9425,-5181.1699,-28173.2207,21.9483,-4707.1753,-28630.5918,25.3801,658.6788,-0.0003,0.0031,-3.1240,0.8012,-3.1384,-4703.6143,-28634.9277,24.4797,1
-4703.1636,-28634.3926,24.9425,-5181.0366,-28173.3945,21.9483,-4705.0513,-28628.6113,26.8292,658.6297,-0.0010,0.0035,-3.1238,0.8012,-3.1384,-4703.6738,-28634.7344,24.4449,1
-4703.1636,-28634.3926,24.9425,-5180.9043,-28173.5645,21.9487,-4706.5757,-28635.2676,24.7841,661.9304,0.0004,0.0030,-3.1238,0.8014,-3.1384,-4703.7944,-28634.7773,24.3426,1
-4703.1636,-28634.3926,24.9425,-5180.7734,-28173.7344,21.9494,-4703.1050,-28635.4883,23.9631,664.3607,-0.0001,0.0028,-3.1242,0.8015,-3.1384,-4703.7896,-28634.8281,24.2150,1
-4703.1636,-28634.3926,24.9425,-5180.6436,-28173.9023,21.9504,-4698.9834,-28636.2656,22.4038,667.6572,-0.0007,0.0023,-3.1251,0.8015,-3.1386,-4703.6284,-28634.9102,24.0328,1
-4703.1636,-28634.3926,24.9425,-5180.5127,-28174.0723,21.9518,-4709.1392,-28632.7832,30.5384,657.7736,0.0004,0.0040,-3.1267,0.8015,-3.1389,-4703.8389,-28634.8613,24.1597,1
-4703.1636,-28634.3926,24.9425,-5180.3804,-28174.2422,21.9538,-4706.1362,-28634.6113,28.9484,660.9707,0.0002,0.0033,-3.1292,0.8015,-3.1394,-4703.9473,-28634.8770,24.2446,1
-4703.1636,-28634.3926,24.9425,-5180.2456,-28174.4160,21.9565,-4702.5571,-28634.7812,25.7005,663.4217,-0.0004,0.0020,-3.1326,0.8015,-3.1400,-4703.9243,-28634.8965,24.2211,1
-4703.1636,-28634.3926,24.9425,-5180.1084,-28174.5938,21.9598,-4698.4385,-28635.5625,25.9867,666.7139,-0.0009,0.0015,-3.1366,0.8015,-3.1407,-4703.7432,-28634.9434,24.2145,1
-4703.1636,-28634.3926,24.9425,-5179.9683,-28174.7754,21.9635,-4709.6128,-28632.9570,34.6063,656.7438,0.0005,0.0030,-3.1410,0.8018,-3.1415,-4703.9712,-28634.8926,24.5439,1
-4703.1636,-28634.3926,24.9425,-5179.8257,-28174.9590,21.9674,-4705.5029,-28633.7676,35.0621,660.0359,-0.0000,0.0025,3.1379,0.8018,3.1409,-4704.0557,-28634.8691,24.9145,1
-4703.1636,-28634.3926,24.9425,-5179.6816,-28175.1465,21.9712,-4703.2690,-28632.6367,24.6597,660.5109,-0.0006,-0.0005,3.1340,0.8018,3.1402,-4704.0571,-28634.7988,24.9154,1
-4703.1636,-28634.3926,24.9425,-5179.5356,-28175.3340,21.9746,-4697.8701,-28634.8691,25.7908,665.7263,-0.0011,-0.0007,3.1308,0.8018,3.1396,-4703.8535,-28634.8066,24.9579,1
-4703.1636,-28634.3926,24.9425,-5179.3887,-28175.5254,21.9774,-4709.1089,-28632.4121,33.3320,655.7697,0.0003,0.0008,3.1283,0.8018,3.1392,-4704.0601,-28634.7207,25.2899,1
-4703.1636,-28634.3926,24.9425,-5179.2402,-28175.7168,21.9795,-4704.9941,-28633.2578,32.2462,659.0574,-0.0002,0.0003,3.1267,0.8018,3.1389,-4704.1211,-28634.6621,25.5972,1
-4703.1636,-28634.3926,24.9425,-5179.0908,-28175.9102,21.9808,-4701.4307,-28633.3848,24.1906,661.4027,-0.0008,-0.0018,3.1259,0.8018,3.1388,-4704.0479,-28634.6055,25.6127,1
-4703.1636,-28634.3926,24.9425,-5178.9414,-28176.1035,21.9815,-4703.1079,-28640.1953,22.1393,664.6859,0.0006,-0.0023,3.1259,0.8018,3.1388,-4704.0312,-28634.8027,25.5454,1
-4703.1636,-28634.3926,24.9425,-5178.7910,-28176.2988,21.9815,-4708.4946,-28631.7891,27.9326,654.7433,0.0001,-0.0008,3.1266,0.8018,3.1389,-4704.2173,-28634.6953,25.6870,1
-4703.1636,-28634.3926,24.9425,-5178.6411,-28176.4922,21.9807,-4704.3857,-28632.6348,25.1438,658.0264,-0.0005,-0.0013,3.1279,0.8018,3.1391,-4704.2554,-28634.6133,25.7254,1
-4703.1636,-28634.3926,24.9425,-5178.4907,-28176.6855,21.9791,-4700.8696,-28632.6680,22.6780,660.3403,-0.0011,-0.0016,3.1297,0.8018,3.1395,-4704.1592,-28634.5273,25.6668,1
-4703.1636,-28634.3926,24.9425,-5178.3408,-28176.8809,21.9770,-4702.4233,-28639.3496,19.3038,663.6185,0.0004,-0.0021,3.1319,0.8020,3.1398,-4704.1138,-28634.6914,25.4726,1
-4703.1636,-28634.3926,24.9425,-5178.1914,-28177.0742,21.9745,-4698.2891,-28640.1504,24.0977,666.8973,-0.0002,-0.0006,3.1344,0.8020,3.1403,-4703.9087,-28634.8945,25.4434,1
-4703.1636,-28634.3926,24.9425,-5178.0430,-28177.2656,21.9717,-4703.6992,-28631.7969,20.4622,656.9689,-0.0007,-0.0011,3.1371,0.8020,3.1408,-4703.8931,-28634.7969,25.2711,1
-4703.1636,-28634.3926,24.9425,-5177.8950,-28177.4570,21.9689,-4700.3169,-28631.9492,22.1445,659.2761,-0.0013,-0.0003,3.1399,0.8020,3.1413,-4703.7490,-28634.6953,25.1514,1
-4703.1636,-28634.3926,24.9425,-5177.7466,-28177.6484,21.9662,-4700.5981,-28633.3301,24.4804,659.7877,-0.0010,0.0006,-3.1409,0.8020,-3.1415,-4703.6079,-28634.6406,25.1135,1
-4703.1636,-28634.3926,24.9425,-5177.5981,-28177.8418,21.9641,-4697.8550,-28639.5410,23.9448,665.8235,-0.0004,0.0007,-3.1392,0.8020,-3.1411,-4703.3594,-28634.8164,25.0548,1
-4703.1636,-28634.3926,24.9425,-5177.4473,-28178.0352,21.9626,-4703.2642,-28631.2109,21.4046,655.9097,-0.0010,0.0002,-3.1384,0.8020,-3.1410,-4703.3022,-28634.6895,24.8966,1
-4703.1636,-28634.3926,24.9425,-5177.2949,-28178.2324,21.9620,-4697.7778,-28637.6484,27.4207,664.0956,-0.0007,0.0016,-3.1386,0.8023,-3.1411,-4703.0405,-28634.7969,24.9593,1
-4703.1636,-28634.3926,24.9425,-5177.1396,-28178.4336,21.9624,-4698.8203,-28633.8066,28.3618,660.4443,-0.0012,0.0017,-3.1397,0.8023,-3.1413,-4702.8071,-28634.7676,25.0650,1
-4703.1636,-28634.3926,24.9425,-5176.9810,-28178.6387,21.9636,-4697.1860,-28638.6855,29.8368,664.7554,-0.0007,0.0017,3.1414,0.8023,3.1416,-4702.5073,-28634.9180,25.2339,1
-4703.1636,-28634.3926,24.9425,-5176.8198,-28178.8477,21.9656,-4702.5874,-28630.3945,29.0922,654.8562,-0.0012,0.0012,3.1389,0.8023,3.1411,-4702.4019,-28634.7637,25.3879,1
-4703.1636,-28634.3926,24.9425,-5176.6562,-28179.0586,21.9680,-4704.7871,-28636.3613,25.2413,657.1132,0.0002,-0.0001,3.1363,0.8026,3.1406,-4702.3848,-28634.8242,25.4031,1
-4703.1636,-28634.3926,24.9425,-5176.4907,-28179.2734,21.9706,-4700.5669,-28637.0781,24.6105,660.3768,-0.0003,-0.0006,3.1338,0.8028,3.1401,-4702.2173,-28634.9180,25.3934,1
-4703.1636,-28634.3926,24.9425,-5176.3237,-28179.4902,21.9730,-4696.4780,-28637.8242,32.0850,663.6409,-0.0009,0.0009,3.1317,0.8028,3.1398,-4701.8960,-28635.0430,25.6627,1
-4703.1636,-28634.3926,24.9425,-5176.1553,-28179.7070,21.9750,-4707.5635,-28635.4961,30.7747,653.7569,0.0006,0.0004,3.1301,0.8028,3.1395,-4701.9873,-28635.0859,25.8996,1
-4703.1636,-28634.3926,24.9425,-5175.9863,-28179.9258,21.9766,-4704.3462,-28635.7949,24.2344,655.9506,0.0001,-0.0013,3.1292,0.8028,3.1393,-4701.9731,-28635.1387,25.8963,1
-4703.1636,-28634.3926,24.9425,-5175.8164,-28180.1445,21.9775,-4700.1187,-28636.5000,22.3254,659.2089,-0.0005,-0.0018,3.1289,0.8031,3.1393,-4701.8081,-28635.2207,25.8146,1
-4703.1636,-28634.3926,24.9425,-5175.6465,-28180.3652,21.9777,-4696.0034,-28637.2715,28.3672,662.4676,-0.0010,-0.0003,3.1292,0.8031,3.1393,-4701.4873,-28635.3320,25.9515,1
-4703.1636,-28634.3926,24.9425,-5175.4766,-28180.5859,21.9773,-4706.9531,-28634.8496,25.7186,652.5997,0.0004,-0.0008,3.1301,0.8034,3.1395,-4701.5747,-28635.3555,25.9922,1
-4703.1636,-28634.3926,24.9425,-5175.3062,-28180.8047,21.9763,-4703.7720,-28635.0742,22.8974,654.7607,-0.0001,-0.0013,3.1316,0.8034,3.1398,-4701.5571,-28635.3848,25.9226,1
-4703.1636,-28634.3926,24.9425,-5175.1367,-28181.0254,21.9748,-4699.6738,-28635.8945,19.7973,658.0136,-0.0007,-0.0018,3.1334,0.8034,3.1401,-4701.3926,-28635.4434,25.7270,1
-4703.1636,-28634.3926,24.9425,-5174.9673,-28181.2441,21.9729,-4708.6670,-28633.1172,20.2299,649.3328,0.0004,-0.0014,3.1355,0.8035,3.1405,-4701.5732,-28635.3945,25.5298,1
-4703.1636,-28634.3926,24.9425,-5174.7988,-28181.4609,21.9708,-4706.6221,-28634.3945,21.4228,651.4155,0.0002,-0.0008,3.1378,0.8035,3.1409,-4701.6948,-28635.3867,25.3663,1
-4703.1636,-28634.3926,24.9425,-5174.6313,-28181.6797,21.9684,-4703.2305,-28634.3770,22.3173,653.5707,-0.0003,-0.0002,3.1402,0.8035,3.1413,-4701.7002,-28635.3770,25.2286,1
-4703.1636,-28634.3926,24.9425,-5174.4648,-28181.8945,21.9660,-4699.1450,-28635.1816,18.8696,656.8181,-0.0009,-0.0007,-3.1406,0.8035,-3.1414,-4701.5557,-28635.3926,24.9544,1
-4703.1636,-28634.3926,24.9425,-5174.2993,-28182.1094,21.9637,-4700.6768,-28641.8574,23.7179,660.0660,0.0005,0.0008,-3.1383,0.8037,-3.1410,-4701.4658,-28635.6621,24.8523,1
-4703.1636,-28634.3926,24.9425,-5174.1338,-28182.3223,21.9616,-4705.9834,-28633.5820,20.5877,650.2311,-0.0000,0.0003,-3.1364,0.8037,-3.1406,-4701.5801,-28635.6289,24.6287,1
-4703.1636,-28634.3926,24.9425,-5173.9683,-28182.5371,21.9600,-4702.6777,-28633.6641,23.0163,652.4005,-0.0006,0.0010,-3.1352,0.8037,-3.1404,-4701.5791,-28635.5918,24.4917,1
-4703.1636,-28634.3926,24.9425,-5173.8013,-28182.7520,21.9592,-4703.8218,-28639.2598,24.6338,655.1962,0.0006,0.0014,-3.1350,0.8037,-3.1404,-4701.6265,-28635.7637,24.4163,1
-4703.1636,-28634.3926,24.9425,-5173.6318,-28182.9707,21.9592,-4700.2275,-28641.2246,27.4750,658.8850,0.0003,0.0020,-3.1358,0.8037,-3.1405,-4701.5435,-28636.0156,24.4524,1
-4703.1636,-28634.3926,24.9425,-5173.4604,-28183.1934,21.9602,-4705.5332,-28632.9922,26.3538,649.0664,-0.0002,0.0015,-3.1375,0.8037,-3.1408,-4701.6621,-28635.9629,24.4571,1
-4703.1636,-28634.3926,24.9425,-5173.2856,-28183.4199,21.9621,-4702.1230,-28632.9629,25.1394,651.2210,-0.0008,0.0009,-3.1401,0.8037,-3.1413,-4701.6597,-28635.9004,24.4221,1
-4703.1636,-28634.3926,24.9425,-5173.1084,-28183.6484,21.9646,-4698.0312,-28633.7695,24.8263,654.4576,-0.0014,0.0004,3.1400,0.8037,3.1413,-4701.5024,-28635.8613,24.3791,1
-4703.1636,-28634.3926,24.9425,-5172.9287,-28183.8809,21.9675,-4702.3457,-28639.1973,31.8369,654.8682,0.0003,0.0016,3.1369,0.8037,3.1407,-4701.5029,-28636.0234,24.6070,1
-4703.1636,-28634.3926,24.9425,-5172.7471,-28184.1172,21.9705,-4704.9844,-28632.2949,32.2549,647.8924,-0.0005,0.0014,3.1340,0.8037,3.1402,-4701.6089,-28635.9238,24.8730,1
-4703.1636,-28634.3926,24.9425,-5172.5640,-28184.3535,21.9732,-4701.5684,-28632.2695,25.0103,649.9825,-0.0011,-0.0008,3.1316,0.8037,3.1398,-4701.5923,-28635.8164,24.8776,1
-4703.1636,-28634.3926,24.9425,-5172.3804,-28184.5918,21.9755,-4703.1519,-28639.0176,23.9823,653.2134,0.0004,-0.0013,3.1298,0.8037,3.1394,-4701.6362,-28635.9570,24.8432,1
-4703.1636,-28634.3926,24.9425,-5172.1953,-28184.8301,21.9772,-4699.0884,-28639.8164,30.7881,656.4448,-0.0002,0.0002,3.1287,0.8037,3.1392,-4701.5298,-28636.1348,25.0662,1
-4703.1636,-28634.3926,24.9425,-5172.0103,-28185.0703,21.9782,-4704.3853,-28631.6660,28.8328,646.6598,-0.0007,-0.0003,3.1284,0.8037,3.1392,-4701.6211,-28636.0059,25.2301,1
-4703.1636,-28634.3926,24.9425,-5171.8247,-28185.3105,21.9785,-4701.0259,-28631.5801,23.4675,648.7034,-0.0013,-0.0015,3.1287,0.8037,3.1392,-4701.5898,-28635.8613,25.1945,1
-4703.1636,-28634.3926,24.9425,-5171.6392,-28185.5508,21.9780,-4702.4619,-28638.1816,20.9041,651.9284,0.0001,-0.0020,3.1296,0.8040,3.1394,-4701.6128,-28635.9609,25.0556,1
-4703.1636,-28634.3926,24.9425,-5171.4536,-28185.7891,21.9770,-4698.3633,-28638.9902,26.2356,655.1538,-0.0005,-0.0005,3.1310,0.8040,3.1397,-4701.4814,-28636.0957,25.1103,1
-4703.1636,-28634.3926,24.9425,-5171.2686,-28186.0293,21.9754,-4703.6709,-28630.8574,23.0868,645.3867,-0.0010,-0.0010,3.1329,0.8040,3.1400,-4701.5474,-28635.9238,25.0459,1
-4703.1636,-28634.3926,24.9425,-5171.0835,-28186.2695,21.9736,-4706.0024,-28636.6465,22.5842,647.4130,0.0004,-0.0009,3.1348,0.8043,3.1403,-4701.7085,-28635.9629,24.9573,1
-4703.1636,-28634.3926,24.9425,-5170.8970,-28186.5098,21.9718,-4701.9243,-28637.4824,19.6543,650.6320,-0.0001,-0.0014,3.1364,0.8043,3.1406,-4701.7227,-28636.0332,24.7507,1
-4703.1636,-28634.3926,24.9425,-5170.7090,-28186.7539,21.9704,-4697.8340,-28638.3086,25.2577,653.8516,-0.0007,0.0001,3.1373,0.8043,3.1408,-4701.5806,-28636.1406,24.7478,1
-4703.1636,-28634.3926,24.9425,-5170.5186,-28187.0000,21.9694,-4703.1431,-28630.1992,23.0563,644.1025,-0.0012,-0.0004,3.1376,0.8043,3.1409,-4701.6333,-28635.9355,24.6617,1
-4703.1636,-28634.3926,24.9425,-5170.3252,-28187.2500,21.9692,-4705.4126,-28635.9238,23.9256,646.1088,0.0002,-0.0003,3.1370,0.8046,3.1407,-4701.7773,-28635.9414,24.6066,1
-4703.1636,-28634.3926,24.9425,-5170.1289,-28187.5039,21.9697,-4701.3237,-28636.7676,22.5743,649.3218,-0.0003,-0.0008,3.1358,0.8046,3.1405,-4701.7720,-28635.9766,24.4991,1
-4703.1636,-28634.3926,24.9425,-5169.9302,-28187.7617,21.9707,-4697.2568,-28637.5703,29.6245,652.5353,-0.0009,0.0007,3.1342,0.8046,3.1402,-4701.6094,-28636.0469,24.6588,1
-4703.1636,-28634.3926,24.9425,-5169.7290,-28188.0215,21.9721,-4702.4600,-28629.4023,28.4322,642.8045,-0.0014,0.0002,3.1325,0.8048,3.1399,-4701.6362,-28635.8008,24.7879,1
-4703.1636,-28634.3926,24.9425,-5169.5259,-28188.2852,21.9736,-4704.9683,-28635.3574,24.4479,644.7454,0.0000,-0.0010,3.1311,0.8048,3.1396,-4701.7627,-28635.7734,24.7712,1
-4703.1636,-28634.3926,24.9425,-5169.3218,-28188.5488,21.9749,-4701.2837,-28639.2539,24.8825,649.7747,0.0001,-0.0010,3.1300,0.8049,3.1394,-4701.7534,-28635.8945,24.7708,1
-4703.1636,-28634.3926,24.9425,-5169.1162,-28188.8145,21.9760,-4698.0308,-28636.0215,29.7248,649.5965,-0.0010,0.0001,3.1294,0.8049,3.1393,-4701.6177,-28635.8984,24.9571,1
-4703.1636,-28634.3926,24.9425,-5168.9106,-28189.0801,21.9766,-4707.5605,-28634.7031,27.3838,641.4476,0.0004,-0.0005,3.1294,0.8051,3.1393,-4701.8433,-28635.8535,25.0658,1
-4703.1636,-28634.3926,24.9425,-5168.7051,-28189.3457,21.9766,-4704.4126,-28634.6621,23.3195,643.3358,-0.0002,-0.0014,3.1299,0.8051,3.1394,-4701.9590,-28635.8027,25.0210,1
-4703.1636,-28634.3926,24.9425,-5168.4990,-28189.6133,21.9762,-4700.3418,-28635.5156,20.7033,646.5359,-0.0007,-0.0019,3.1310,0.8051,3.1396,-4701.9219,-28635.7832,24.8705,1
-4703.1636,-28634.3926,24.9425,-5168.2935,-28189.8789,21.9752,-4696.2593,-28636.3359,25.9720,649.7365,-0.0013,-0.0004,3.1324,0.8051,3.1399,-4701.7236,-28635.7949,24.9132,1
-4703.1636,-28634.3926,24.9425,-5168.0884,-28190.1445,21.9737,-4706.9658,-28634.0137,22.8797,640.0448,0.0002,-0.0009,3.1343,0.8055,3.1402,-4701.9268,-28635.7188,24.8382,1
-4703.1636,-28634.3926,24.9425,-5167.8838,-28190.4082,21.9719,-4703.8706,-28633.9688,22.4146,641.9161,-0.0004,-0.0007,3.1364,0.8055,3.1406,-4702.0205,-28635.6367,24.7406,1
-4703.1636,-28634.3926,24.9425,-5167.6807,-28190.6719,21.9698,-4699.8120,-28634.8027,19.0847,645.1096,-0.0009,-0.0012,3.1388,0.8055,3.1411,-4701.9604,-28635.5840,24.5092,1
-4703.1636,-28634.3926,24.9425,-5167.4771,-28190.9355,21.9677,-4701.2568,-28641.4160,24.0027,648.3035,0.0005,0.0003,3.1408,0.8057,3.1415,-4701.9502,-28635.7852,24.4563,1
-4703.1636,-28634.3926,24.9425,-5167.2734,-28191.1992,21.9659,-4706.4531,-28633.3457,21.1063,638.6318,-0.0001,-0.0002,-3.1408,0.8057,-3.1414,-4702.1406,-28635.6875,24.2901,1
-4703.1636,-28634.3926,24.9425,-5167.0684,-28191.4648,21.9646,-4703.3384,-28633.2852,23.1646,640.5074,-0.0006,0.0004,-3.1400,0.8058,-3.1413,-4702.2188,-28635.5820,24.1987,1
-4703.1636,-28634.3926,24.9425,-5166.8608,-28191.7324,21.9639,-4699.2778,-28634.1211,21.1900,643.6944,-0.0012,-0.0001,-3.1401,0.8058,-3.1413,-4702.1401,-28635.5059,24.0303,1
-4703.1636,-28634.3926,24.9425,-5166.6514,-28192.0039,21.9642,-4700.7012,-28640.6895,27.8302,646.8818,0.0003,0.0014,-3.1411,0.8060,-3.1415,-4702.1089,-28635.6816,24.1145,1
-4703.1636,-28634.3926,24.9425,-5166.4390,-28192.2793,21.9652,-4705.8848,-28632.6582,26.7453,637.2299,-0.0003,0.0009,3.1403,0.8061,3.1413,-4702.2764,-28635.5566,24.1695,1
-4703.1636,-28634.3926,24.9425,-5166.2231,-28192.5586,21.9670,-4702.7920,-28632.5996,24.9416,639.0720,-0.0008,0.0001,3.1379,0.8061,3.1409,-4702.3296,-28635.4238,24.1616,1
-4703.1636,-28634.3926,24.9425,-5166.0049,-28192.8398,21.9693,-4698.7275,-28633.4453,24.4435,642.2523,-0.0014,-0.0004,3.1351,0.8061,3.1404,-4702.2246,-28635.3184,24.1375,1
-4703.1636,-28634.3926,24.9425,-5165.7842,-28193.1270,21.9719,-4700.2769,-28640.1055,32.0607,645.4330,0.0001,0.0011,3.1324,0.8061,3.1399,-4702.1704,-28635.4688,24.4106,1
-4703.1636,-28634.3926,24.9425,-5165.5615,-28193.4141,21.9744,-4705.4629,-28632.1270,31.2158,635.8014,-0.0005,0.0006,3.1301,0.8061,3.1394,-4702.3140,-28635.3184,24.6739,1
-4703.1636,-28634.3926,24.9425,-5165.3374,-28193.7051,21.9766,-4702.2480,-28631.9219,24.5855,637.5714,-0.0011,-0.0013,3.1282,0.8061,3.1391,-4702.3379,-28635.1562,24.6919,1
-4703.1636,-28634.3926,24.9425,-5165.1128,-28193.9961,21.9783,-4703.6279,-28638.4922,23.2211,640.7447,0.0003,-0.0018,3.1271,0.8063,3.1389,-4702.4141,-28635.2422,24.6556,1
-4703.1636,-28634.3926,24.9425,-5164.8867,-28194.2871,21.9794,-4699.5718,-28639.3203,29.5237,643.9183,-0.0002,-0.0003,3.1267,0.8063,3.1388,-4702.3345,-28635.3711,24.8601,1
-4703.1636,-28634.3926,24.9425,-5164.6611,-28194.5801,21.9797,-4704.7534,-28631.3867,27.2537,634.3080,-0.0008,-0.0008,3.1270,0.8063,3.1389,-4702.4502,-28635.1992,24.9880,1
-4703.1636,-28634.3926,24.9425,-5164.4351,-28194.8730,21.9794,-4701.7129,-28631.2383,23.0396,636.0308,-0.0013,-0.0017,3.1279,0.8063,3.1391,-4702.4502,-28635.0137,24.9539,1
-4703.1636,-28634.3926,24.9425,-5164.2085,-28195.1660,21.9785,-4698.7280,-28639.0840,20.2800,643.2316,-0.0004,-0.0023,3.1292,0.8066,3.1393,-4702.3320,-28635.1270,24.8072,1
-4703.1636,-28634.3926,24.9425,-5163.9805,-28195.4609,21.9775,-4698.9839,-28638.6211,25.7537,642.3633,-0.0004,-0.0007,3.1303,0.8067,3.1395,-4702.2139,-28635.2324,24.8614,1
-4703.1636,-28634.3926,24.9425,-5163.7505,-28195.7578,21.9764,-4704.1704,-28630.7109,23.2553,632.7748,-0.0010,-0.0012,3.1312,0.8067,3.1396,-4702.2910,-28635.0391,24.8188,1
-4703.1636,-28634.3926,24.9425,-5163.5181,-28196.0586,21.9756,-4706.5737,-28636.2285,23.3735,634.4713,0.0004,-0.0012,3.1315,0.8069,3.1397,-4702.4668,-28635.0527,24.7765,1
-4703.1636,-28634.3926,24.9425,-5163.2827,-28196.3633,21.9751,-4702.5161,-28637.1113,21.4792,637.6300,-0.0001,-0.0017,3.1313,0.8069,3.1397,-4702.4922,-28635.1035,24.6564,1
-4703.1636,-28634.3926,24.9425,-5163.0454,-28196.6719,21.9750,-4698.4634,-28637.9648,27.7536,640.7891,-0.0007,-0.0002,3.1309,0.8069,3.1396,-4702.3584,-28635.1953,24.7739,1
-4703.1636,-28634.3926,24.9425,-5162.8062,-28196.9805,21.9752,-4703.6406,-28630.0977,25.9441,631.2228,-0.0012,-0.0007,3.1304,0.8069,3.1395,-4702.4175,-28634.9824,24.8286,1
-4703.1636,-28634.3926,24.9425,-5162.5654,-28197.2930,21.9754,-4705.9951,-28635.5254,23.6985,632.8599,0.0002,-0.0013,3.1301,0.8072,3.1394,-4702.5718,-28634.9746,24.7967,1
-4703.1636,-28634.3926,24.9425,-5162.3242,-28197.6055,21.9755,-4699.2710,-28633.2578,25.7205,635.7887,-0.0014,-0.0008,3.1302,0.8073,3.1394,-4702.4688,-28634.8809,24.8414,1
-4703.1636,-28634.3926,24.9425,-5162.0825,-28197.9180,21.9754,-4705.6924,-28635.4746,25.7310,632.2692,0.0001,-0.0007,3.1307,0.8073,3.1395,-4702.6099,-28634.8711,24.8884,1
-4703.1636,-28634.3926,24.9425,-5161.8408,-28198.2305,21.9749,-4703.0610,-28629.4277,24.8519,629.6193,-0.0015,-0.0008,3.1316,0.8073,3.1397,-4702.6543,-28634.6230,24.9021,1
-4703.1636,-28634.3926,24.9425,-5161.5991,-28198.5430,21.9741,-4705.5767,-28634.9707,22.8351,631.2142,-0.0000,-0.0011,3.1329,0.8073,3.1400,-4702.7979,-28634.5840,24.8352,1
-4703.1636,-28634.3926,24.9425,-5161.3579,-28198.8555,21.9730,-4701.5435,-28635.8574,19.9268,634.3579,-0.0006,-0.0016,3.1346,0.8073,3.1403,-4702.7871,-28634.5840,24.6489,1
-4703.1636,-28634.3926,24.9425,-5161.1167,-28199.1680,21.9717,-4697.4937,-28636.7207,25.0216,637.5014,-0.0011,-0.0001,3.1362,0.8073,3.1406,-4702.6133,-28634.6230,24.6519,1
-4703.1636,-28634.3926,24.9425,-5160.8750,-28199.4805,21.9704,-4698.4604,-28639.7422,24.1403,638.4849,-0.0004,-0.0001,3.1375,0.8075,3.1408,-4702.4648,-28634.7871,24.6218,1
-4703.1636,-28634.3926,24.9425,-5160.6313,-28199.7969,21.9694,-4705.0244,-28634.2773,23.1486,629.5665,-0.0003,-0.0003,3.1382,0.8075,3.1410,-4702.5645,-28634.7480,24.5513,1
-4703.1636,-28634.3926,24.9425,-5160.3862,-28200.1133,21.9688,-4701.2812,-28631.3594,27.4915,629.9034,-0.0014,0.0008,3.1383,0.8078,3.1410,-4702.5215,-28634.5957,24.6504,1
-4703.1636,-28634.3926,24.9425,-5160.1392,-28200.4336,21.9687,-4696.8149,-28635.8594,27.3090,635.8381,-0.0014,0.0007,3.1379,0.8079,3.1409,-4702.3003,-28634.6113,24.7487,1
-4703.1636,-28634.3926,24.9425,-5159.8911,-28200.7559,21.9689,-4707.2563,-28633.6699,25.5526,626.3422,0.0001,0.0002,3.1374,0.8082,3.1408,-4702.4795,-28634.5469,24.7845,1
-4703.1636,-28634.3926,24.9425,-5159.6421,-28201.0762,21.9693,-4704.4761,-28633.5898,23.7866,627.8925,-0.0004,-0.0003,3.1369,0.8082,3.1407,-4702.5596,-28634.4785,24.7517,1
-4703.1636,-28634.3926,24.9425,-5159.3931,-28201.3984,21.9696,-4700.4434,-28634.4688,21.9520,631.0206,-0.0010,-0.0008,3.1367,0.8082,3.1407,-4702.4839,-28634.4434,24.6437,1
-4703.1636,-28634.3926,24.9425,-5159.1445,-28201.7227,21.9699,-4701.7983,-28640.9785,27.9101,634.1484,0.0005,0.0007,3.1367,0.8085,3.1407,-4702.4570,-28634.6660,24.7649,1
-4703.1636,-28634.3926,24.9425,-5158.8955,-28202.0430,21.9699,-4706.8530,-28633.1641,25.6717,624.6763,-0.0001,0.0002,3.1371,0.8085,3.1407,-4702.6304,-28634.5977,24.8059,1
-4703.1636,-28634.3926,24.9425,-5158.6475,-28202.3652,21.9697,-4703.9658,-28632.9336,23.1566,626.2007,-0.0007,-0.0004,3.1378,0.8085,3.1409,-4702.6982,-28634.5156,24.7482,1
-4703.1636,-28634.3926,24.9425,-5158.4004,-28202.6855,21.9691,-4705.4951,-28630.3555,26.5771,622.9310,-0.0008,0.0007,3.1388,0.8088,3.1410,-4702.8301,-28634.3262,24.8235,1
-4703.1636,-28634.3926,24.9425,-5158.1533,-28203.0059,21.9684,-4701.1147,-28640.1367,26.0735,632.4406,0.0002,0.0006,3.1397,0.8091,3.1412,-4702.7925,-28634.5195,24.8818,1
-4703.1636,-28634.3926,24.9425,-5157.9053,-28203.3262,21.9678,-4706.1714,-28632.3418,23.7240,622.9928,-0.0003,0.0001,3.1403,0.8092,3.1413,-4702.9512,-28634.4160,24.8489,1
-4703.1636,-28634.3926,24.9425,-5157.6562,-28203.6484,21.9674,-4703.4331,-28632.2500,23.4834,624.5160,-0.0008,0.0001,3.1404,0.8092,3.1414,-4703.0073,-28634.3066,24.8033,1
-4703.1636,-28634.3926,24.9425,-5157.4053,-28203.9727,21.9675,-4699.4170,-28633.1133,21.8148,627.6282,-0.0014,-0.0004,3.1398,0.8092,3.1413,-4702.9023,-28634.2266,24.6881,1
-4703.1636,-28634.3926,24.9425,-5157.1528,-28204.3008,21.9679,-4700.8447,-28639.7090,28.2507,630.7400,0.0001,0.0011,3.1389,0.8092,3.1411,-4702.8452,-28634.4082,24.8217,1
-4703.1636,-28634.3926,24.9425,-5156.8989,-28204.6289,21.9686,-4705.9072,-28631.9688,26.7524,621.3162,-0.0005,0.0006,3.1379,0.8092,3.1409,-4702.9844,-28634.2949,24.9053,1
-4703.1636,-28634.3926,24.9425,-5156.6450,-28204.9590,21.9693,-4702.9146,-28631.5898,23.9871,622.8083,-0.0011,-0.0002,3.1370,0.8092,3.1407,-4703.0098,-28634.1602,24.8818,1
-4703.1636,-28634.3926,24.9425,-5156.3906,-28205.2871,21.9701,-4704.3105,-28638.1699,22.3592,625.9125,0.0003,-0.0007,3.1364,0.8092,3.1406,-4703.0898,-28634.2871,24.7908,1
-4703.1636,-28634.3926,24.9425,-5156.1357,-28205.6172,21.9706,-4702.5713,-28638.6172,25.8559,627.0763,0.0001,0.0001,3.1362,0.8092,3.1406,-4703.1016,-28634.4395,24.8334,1
-4703.1636,-28634.3926,24.9425,-5155.8818,-28205.9453,21.9708,-4705.3804,-28631.3340,26.2925,619.6169,-0.0008,0.0003,3.1363,0.8092,3.1406,-4703.2241,-28634.3105,24.8964,1
-4703.1636,-28634.3926,24.9425,-5155.6284,-28206.2734,21.9707,-4702.3970,-28630.9180,23.2090,621.0834,-0.0014,-0.0005,3.1369,0.8092,3.1407,-4703.2300,-28634.1602,24.8382,1
-4703.1636,-28634.3926,24.9425,-5155.3755,-28206.6016,21.9702,-4703.6562,-28637.3496,20.7531,624.1794,0.0001,-0.0010,3.1378,0.8095,3.1409,-4703.2827,-28634.2598,24.6778,1
-4703.1636,-28634.3926,24.9425,-5155.1230,-28206.9297,21.9695,-4699.6484,-28638.2090,26.1532,627.2750,-0.0005,0.0005,3.1388,0.8096,3.1411,-4703.1753,-28634.4023,24.7241,1
-4703.1636,-28634.3926,24.9425,-5154.8696,-28207.2578,21.9688,-4704.7153,-28630.5293,23.8055,617.9003,-0.0011,0.0000,3.1394,0.8096,3.1412,-4703.2607,-28634.2441,24.6802,1
-4703.1636,-28634.3926,24.9425,-5154.6147,-28207.5859,21.9684,-4707.1235,-28635.7949,23.4270,619.3651,0.0004,-0.0000,3.1395,0.8098,3.1412,-4703.4458,-28634.2930,24.6192,1
-4703.1636,-28634.3926,24.9425,-5154.3584,-28207.9180,21.9683,-4703.1274,-28636.6797,21.7183,622.4529,-0.0002,-0.0005,3.1391,0.8098,3.1411,-4703.4771,-28634.3789,24.4876,1
-4703.1636,-28634.3926,24.9425,-5154.0996,-28208.2539,21.9688,-4699.1455,-28637.5352,28.2075,625.5403,-0.0007,0.0010,3.1380,0.8098,3.1409,-4703.3467,-28634.5039,24.6100,1
-4703.1636,-28634.3926,24.9425,-5153.8379,-28208.5938,21.9699,-4704.2065,-28629.8984,27.0995,616.1904,-0.0013,0.0005,3.1362,0.8098,3.1406,-4703.4072,-28634.3301,24.6991,1
-4703.1636,-28634.3926,24.9425,-5153.5737,-28208.9355,21.9713,-4706.5615,-28635.1094,24.5442,617.6185,0.0001,-0.0005,3.1343,0.8101,3.1402,-4703.5640,-28634.3555,24.6906,1
-4703.1636,-28634.3926,24.9425,-5153.3081,-28209.2793,21.9730,-4702.5625,-28635.9980,23.6119,620.6980,-0.0004,-0.0010,3.1324,0.8102,3.1398,-4703.5649,-28634.4199,24.6444,1
-4703.1636,-28634.3926,24.9425,-5153.0410,-28209.6250,21.9746,-4698.5938,-28636.8359,30.3177,623.7772,-0.0010,0.0005,3.1308,0.8102,3.1395,-4703.4028,-28634.5195,24.8649,1
-4703.1636,-28634.3926,24.9425,-5152.7729,-28209.9727,21.9759,-4703.5518,-28629.1445,28.8123,614.4522,-0.0015,0.0000,3.1298,0.8104,3.1393,-4703.4268,-28634.3125,25.0404,1
-4703.1636,-28634.3926,24.9425,-5152.5049,-28210.3184,21.9768,-4706.1416,-28634.5664,23.7224,615.8207,-0.0001,-0.0014,3.1294,0.8104,3.1392,-4703.5557,-28634.3164,25.0172,1
-4703.1636,-28634.3926,24.9425,-5152.2363,-28210.6660,21.9772,-4703.2134,-28630.5527,25.7061,614.7706,-0.0014,-0.0008,3.1296,0.8104,3.1393,-4703.5703,-28634.1543,25.0702,1
-4703.1636,-28634.3926,24.9425,-5151.9683,-28211.0137,21.9770,-4698.1826,-28636.3242,27.1038,621.9624,-0.0012,-0.0004,3.1304,0.8104,3.1394,-4703.3813,-28634.2207,25.1796,1
-4703.1636,-28634.3926,24.9425,-5151.7007,-28211.3613,21.9762,-4708.4004,-28634.2461,24.4078,612.6633,0.0003,-0.0009,3.1317,0.8107,3.1397,-4703.5928,-28634.2090,25.1834,1
-4703.1636,-28634.3926,24.9425,-5151.4341,-28211.7070,21.9749,-4700.2554,-28635.1504,21.2750,618.7661,-0.0010,-0.0014,3.1335,0.8107,3.1400,-4703.4839,-28634.2324,25.0577,1
-4703.1636,-28634.3926,24.9425,-5151.1680,-28212.0508,21.9731,-4701.1587,-28631.7344,20.4092,615.3460,-0.0015,-0.0013,3.1357,0.8107,3.1405,-4703.4028,-28634.1211,24.8857,1
-4703.1636,-28634.3926,24.9425,-5150.9038,-28212.3926,21.9710,-4697.6709,-28635.6426,23.9503,620.1321,-0.0014,-0.0001,3.1381,0.8107,3.1409,-4703.1758,-28634.1641,24.8467,1
-4703.1636,-28634.3926,24.9425,-5150.6396,-28212.7344,21.9687,-4707.8540,-28633.5508,20.8078,610.8592,0.0000,-0.0006,3.1404,0.8111,3.1414,-4703.3491,-28634.1250,24.6765,1
-4703.1636,-28634.3926,24.9425,-5150.3755,-28213.0781,21.9667,-4705.0869,-28633.2207,22.5182,612.2104,-0.0005,0.0001,-3.1410,0.8111,-3.1415,-4703.4204,-28634.0723,24.5677,1
-4703.1636,-28634.3926,24.9425,-5150.1104,-28213.4199,21.9651,-4701.0112,-28633.9609,20.0061,615.2643,-0.0011,-0.0004,-3.1399,0.8114,-3.1413,-4703.3296,-28634.0488,24.3532,1
-4703.1636,-28634.3926,24.9425,-5149.8447,-28213.7637,21.9640,-4702.2549,-28640.3457,25.5033,618.3178,0.0004,0.0011,-3.1393,0.8117,-3.1412,-4703.2837,-28634.2852,24.3529,1
-4703.1636,-28634.3926,24.9425,-5149.5791,-28214.1094,21.9633,-4707.1997,-28632.7598,23.4220,609.0706,-0.0002,0.0006,-3.1391,0.8117,-3.1411,-4703.4380,-28634.2266,24.2726,1
-4703.1636,-28634.3926,24.9425,-5149.3135,-28214.4531,21.9630,-4704.4907,-28632.4746,23.4163,610.4168,-0.0007,0.0006,-3.1390,0.8119,-3.1411,-4703.4897,-28634.1543,24.1919,1
-4703.1636,-28634.3926,24.9425,-5149.0483,-28214.7969,21.9629,-4700.3970,-28633.1836,21.4584,613.4622,-0.0013,0.0001,-3.1389,0.8123,-3.1411,-4703.3770,-28634.1055,24.0317,1
-4703.1636,-28634.3926,24.9425,-5148.7842,-28215.1387,21.9629,-4701.6099,-28639.5156,27.1809,616.5071,0.0002,0.0016,-3.1387,0.8126,-3.1411,-4703.3062,-28634.3145,24.1001,1
-4703.1636,-28634.3926,24.9425,-5148.5210,-28215.4785,21.9629,-4706.5503,-28631.9551,25.0691,607.2857,-0.0004,0.0011,-3.1385,0.8127,-3.1410,-4703.4336,-28634.2266,24.0932,1
-4703.1636,-28634.3926,24.9425,-5148.2588,-28215.8184,21.9628,-4704.0708,-28631.9043,23.2515,608.6288,-0.0008,0.0007,-3.1381,0.8127,-3.1409,-4703.4668,-28634.1309,24.0159,1
-4703.1636,-28634.3926,24.9425,-5147.9980,-28216.1562,21.9626,-4700.0386,-28632.6504,21.0430,611.6657,-0.0014,0.0002,-3.1375,0.8130,-3.1408,-4703.3359,-28634.0605,23.8485,1
-4703.1636,-28634.3926,24.9425,-5147.7373,-28216.4941,21.9624,-4701.3696,-28639.1035,26.6277,614.7021,0.0000,0.0017,-3.1371,0.8130,-3.1407,-4703.2520,-28634.2520,23.9041,1
-4703.1636,-28634.3926,24.9425,-5147.4771,-28216.8320,21.9624,-4706.3247,-28631.5859,24.6843,605.5065,-0.0005,0.0012,-3.1372,0.8130,-3.1407,-4703.3672,-28634.1465,23.8901,1
-4703.1636,-28634.3926,24.9425,-5147.2153,-28217.1699,21.9627,-4703.5703,-28631.2500,23.7979,606.8638,-0.0011,0.0009,-3.1378,0.8130,-3.1408,-4703.3760,-28634.0215,23.8433,1
-4703.1636,-28634.3926,24.9425,-5146.9521,-28217.5117,21.9635,-4704.7744,-28637.5703,22.5700,609.8923,0.0004,0.0004,-3.1391,0.8133,-3.1411,-4703.4346,-28634.1504,23.7479,1
-4703.1636,-28634.3926,24.9425,-5146.6875,-28217.8535,21.9647,-4700.8579,-28638.4043,29.2216,612.9204,-0.0002,0.0019,-3.1408,0.8133,-3.1414,-4703.3359,-28634.3203,23.9231,1
-4703.1636,-28634.3926,24.9425,-5146.4224,-28218.1973,21.9661,-4696.9067,-28639.2617,28.2419,615.9489,-0.0008,0.0014,3.1406,0.8134,3.1414,-4703.0718,-28634.5352,24.0720,1
-4703.1636,-28634.3926,24.9425,-5146.1562,-28218.5430,21.9676,-4703.0679,-28630.6055,24.2666,605.0852,-0.0013,0.0001,3.1391,0.8134,3.1411,-4703.0430,-28634.4043,24.0705,1
-4703.1636,-28634.3926,24.9425,-5145.8906,-28218.8867,21.9689,-4706.0332,-28635.9902,25.1924,606.1844,0.0003,0.0002,3.1378,0.8137,3.1409,-4703.1382,-28634.4863,24.1081,1
-4703.1636,-28634.3926,24.9425,-5145.6245,-28219.2305,21.9700,-4700.3320,-28637.7285,29.1954,611.1249,-0.0004,0.0011,3.1370,0.8137,3.1407,-4703.0068,-28634.6426,24.3120,1
-4703.1636,-28634.3926,24.9425,-5145.3594,-28219.5742,21.9708,-4696.3882,-28638.5859,27.4709,614.1449,-0.0010,0.0006,3.1367,0.8137,3.1406,-4702.7104,-28634.8398,24.4563,1
-4703.1636,-28634.3926,24.9425,-5145.0947,-28219.9180,21.9710,-4702.4751,-28629.8535,23.3635,603.2933,-0.0016,-0.0004,3.1368,0.8139,3.1407,-4702.6475,-28634.6836,24.4391,1
-4703.1636,-28634.3926,24.9425,-5144.8306,-28220.2598,21.9708,-4703.7505,-28636.2520,21.1485,606.3048,-0.0001,-0.0009,3.1375,0.8140,3.1408,-4702.6392,-28634.7793,24.3269,1
-4703.1636,-28634.3926,24.9425,-5144.5679,-28220.5996,21.9702,-4704.0845,-28636.7090,20.9585,605.9509,0.0000,-0.0008,3.1385,0.8140,3.1410,-4702.6499,-28634.8965,24.1984,1
-4703.1636,-28634.3926,24.9425,-5144.3052,-28220.9414,21.9693,-4695.9199,-28637.9453,23.9054,612.3275,-0.0012,0.0001,3.1395,0.8140,3.1412,-4702.3320,-28635.0664,24.1835,1
-4703.1636,-28634.3926,24.9425,-5144.0420,-28221.2812,21.9685,-4707.1240,-28634.7051,23.0469,601.5132,0.0002,-0.0000,3.1402,0.8143,3.1413,-4702.4614,-28635.1074,24.1323,1
-4703.1636,-28634.3926,24.9425,-5143.7778,-28221.6230,21.9679,-4703.2197,-28635.5625,21.0219,604.5162,-0.0004,-0.0005,3.1405,0.8143,3.1414,-4702.4429,-28635.1797,23.9951,1
-4703.1636,-28634.3926,24.9425,-5143.5122,-28221.9688,21.9677,-4699.3252,-28636.4043,26.9290,607.5189,-0.0009,0.0010,3.1401,0.8143,3.1413,-4702.2681,-28635.2871,24.0949,1
-4703.1636,-28634.3926,24.9425,-5143.2451,-28222.3145,21.9678,-4695.4053,-28637.2441,25.4067,610.5219,-0.0015,0.0005,3.1394,0.8143,3.1412,-4701.9277,-28635.4277,24.1394,1
-4703.1636,-28634.3926,24.9425,-5142.9771,-28222.6621,21.9682,-4706.5806,-28634.0312,23.8611,599.7253,-0.0000,-0.0000,3.1386,0.8146,3.1410,-4702.0361,-28635.4375,24.1238,1
-4703.1636,-28634.3926,24.9425,-5142.7090,-28223.0098,21.9688,-4702.6782,-28634.8867,22.3389,602.7198,-0.0006,-0.0005,3.1379,0.8147,3.1409,-4701.9961,-28635.4785,24.0447,1
-4703.1636,-28634.3926,24.9425,-5142.4404,-28223.3574,21.9694,-4698.7979,-28635.7109,28.2850,605.7140,-0.0012,0.0010,3.1374,0.8147,3.1408,-4701.8003,-28635.5469,24.2075,1
-4703.1636,-28634.3926,24.9425,-5142.1719,-28223.7051,21.9697,-4699.9990,-28642.0234,26.4665,608.7086,0.0003,0.0005,3.1373,0.8150,3.1407,-4701.6504,-28635.8750,24.3049,1
-4703.1636,-28634.3926,24.9425,-5141.9043,-28224.0508,21.9699,-4701.5610,-28638.9375,22.1729,605.0087,-0.0000,-0.0006,3.1375,0.8150,3.1408,-4701.5635,-28636.0859,24.2304,1
-4703.1636,-28634.3926,24.9425,-5141.6372,-28224.3965,21.9697,-4702.3188,-28634.3730,21.1006,600.9040,-0.0008,-0.0008,3.1381,0.8150,3.1409,-4701.5122,-28636.1133,24.1052,1
-4703.1636,-28634.3926,24.9425,-5141.3716,-28224.7422,21.9691,-4698.4414,-28635.2051,26.2870,603.8896,-0.0013,0.0007,3.1391,0.8150,3.1411,-4701.3052,-28636.1660,24.1880,1
-4703.1636,-28634.3926,24.9425,-5141.1055,-28225.0859,21.9684,-4699.6143,-28641.4746,23.9141,606.8755,0.0001,0.0002,3.1400,0.8153,3.1413,-4701.1440,-28636.4707,24.1779,1
-4703.1636,-28634.3926,24.9425,-5140.8394,-28225.4316,21.9678,-4705.6880,-28632.8633,23.0974,596.1198,-0.0005,0.0000,3.1407,0.8154,3.1414,-4701.2368,-28636.4277,24.1327,1
-4703.1636,-28634.3926,24.9425,-5140.5718,-28225.7773,21.9674,-4701.8193,-28633.7129,21.1593,599.0971,-0.0010,-0.0005,3.1408,0.8154,3.1414,-4701.1821,-28636.4062,24.0044,1
-4703.1636,-28634.3926,24.9425,-5140.3037,-28226.1250,21.9672,-4697.8550,-28634.4297,26.9165,602.0742,-0.0016,0.0010,3.1406,0.8156,3.1414,-4700.9678,-28636.4043,24.1093,1
-4703.1636,-28634.3926,24.9425,-5140.0352,-28226.4727,21.9672,-4699.1226,-28640.8105,25.2033,605.0515,-0.0001,0.0005,3.1403,0.8156,3.1413,-4700.8018,-28636.6602,24.1500,1
-4703.1636,-28634.3926,24.9425,-5139.7666,-28226.8203,21.9673,-4705.1924,-28632.2285,23.5413,594.3167,-0.0007,0.0001,3.1400,0.8157,3.1413,-4700.8906,-28636.5625,24.1243,1
-4703.1636,-28634.3926,24.9425,-5139.4980,-28227.1680,21.9674,-4703.8311,-28636.0586,22.0966,597.4932,-0.0002,-0.0003,3.1399,0.8157,3.1413,-4700.9351,-28636.6133,24.0369,1
-4703.1636,-28634.3926,24.9425,-5139.2300,-28227.5156,21.9674,-4703.3604,-28638.6543,26.1889,599.1931,0.0002,0.0008,3.1401,0.8159,3.1413,-4700.9702,-28636.7676,24.1160,1
-4703.1636,-28634.3926,24.9425,-5138.9629,-28227.8613,21.9673,-4698.6162,-28640.1289,25.1851,603.2228,-0.0004,0.0006,3.1405,0.8160,3.1414,-4700.8169,-28636.9844,24.1583,1
-4703.1636,-28634.3926,24.9425,-5138.6968,-28228.2070,21.9669,-4704.6997,-28631.5879,23.0549,592.5119,-0.0009,0.0001,3.1412,0.8160,3.1415,-4700.9155,-28636.8457,24.1140,1
-4703.1636,-28634.3926,24.9425,-5138.4321,-28228.5508,21.9663,-4703.7827,-28629.1660,27.3270,591.1313,-0.0016,0.0014,-3.1410,0.8162,-3.1415,-4700.9873,-28636.5898,24.2477,1
-4703.1636,-28634.3926,24.9425,-5138.1675,-28228.8926,21.9656,-4700.8818,-28639.3301,27.2438,599.7492,-0.0001,0.0015,-3.1402,0.8166,-3.1413,-4700.9458,-28636.7402,24.3834,1
-4703.1636,-28634.3926,24.9425,-5137.9028,-28229.2363,21.9650,-4698.0103,-28639.3164,23.7943,601.3922,-0.0006,0.0006,-3.1397,0.8166,-3.1412,-4700.7861,-28636.8945,24.3816,1
-4703.1636,-28634.3926,24.9425,-5137.6367,-28229.5801,21.9648,-4704.2041,-28630.9434,23.4701,590.7253,-0.0011,0.0005,-3.1398,0.8166,-3.1412,-4700.8813,-28636.7012,24.3633,1
-4703.1636,-28634.3926,24.9425,-5137.3696,-28229.9277,21.9651,-4705.4487,-28637.2324,22.0068,593.6770,0.0003,0.0000,-3.1406,0.8166,-3.1414,-4701.0386,-28636.7559,24.2805,1
-4703.1636,-28634.3926,24.9425,-5137.1011,-28230.2754,21.9657,-4701.6270,-28638.0684,28.2178,596.6284,-0.0002,0.0015,3.1414,0.8166,3.1416,-4701.0469,-28636.8457,24.4524,1
-4703.1636,-28634.3926,24.9425,-5136.8315,-28230.6250,21.9667,-4697.7681,-28638.9121,27.0152,599.5800,-0.0008,0.0010,3.1401,0.8167,3.1413,-4700.8960,-28636.9727,24.5820,1
-4703.1636,-28634.3926,24.9425,-5136.5615,-28230.9746,21.9677,-4703.7134,-28630.3125,23.9766,588.9242,-0.0014,0.0001,3.1390,0.8167,3.1411,-4700.9883,-28636.7383,24.5891,1
-4703.1636,-28634.3926,24.9425,-5136.2915,-28231.3242,21.9687,-4704.8076,-28636.4492,22.5661,591.8673,0.0000,-0.0004,3.1381,0.8170,3.1409,-4701.1343,-28636.7461,24.5339,1
-4703.1636,-28634.3926,24.9425,-5136.0220,-28231.6738,21.9695,-4702.8154,-28637.6387,24.4598,593.7009,-0.0001,-0.0000,3.1376,0.8170,3.1408,-4701.2046,-28636.8027,24.5527,1
-4703.1636,-28634.3926,24.9425,-5135.7529,-28232.0215,21.9699,-4697.1265,-28638.0957,26.6111,597.7532,-0.0011,0.0005,3.1375,0.8170,3.1408,-4701.0410,-28636.8809,24.6603,1
-4703.1636,-28634.3926,24.9425,-5135.4844,-28232.3691,21.9700,-4703.1367,-28629.5762,23.2205,587.1116,-0.0017,-0.0003,3.1379,0.8173,3.1408,-4701.1206,-28636.5977,24.6287,1
-4703.1636,-28634.3926,24.9425,-5135.2168,-28232.7168,21.9697,-4704.3408,-28635.8262,20.9998,590.0461,-0.0002,-0.0008,3.1386,0.8173,3.1410,-4701.2559,-28636.5645,24.4986,1
-4703.1636,-28634.3926,24.9425,-5134.9502,-28233.0625,21.9690,-4700.5244,-28636.6543,26.0259,592.9802,-0.0008,0.0007,3.1397,0.8173,3.1412,-4701.2373,-28636.5625,24.5718,1
-4703.1636,-28634.3926,24.9425,-5134.6851,-28233.4062,21.9679,-4696.6899,-28637.4766,23.4679,595.9147,-0.0013,0.0002,3.1411,0.8173,3.1415,-4701.0552,-28636.5957,24.5405,1
-4703.1636,-28634.3926,24.9425,-5134.4214,-28233.7461,21.9666,-4707.6343,-28634.3047,22.5888,585.3149,0.0001,0.0002,-3.1405,0.8176,-3.1414,-4701.3271,-28636.4980,24.4676,1
-4703.1636,-28634.3926,24.9425,-5134.1597,-28234.0859,21.9650,-4703.8271,-28635.1289,19.8607,588.2408,-0.0005,-0.0003,-3.1388,0.8177,-3.1410,-4701.4512,-28636.4297,24.2743,1
-4703.1636,-28634.3926,24.9425,-5133.8994,-28234.4238,21.9632,-4700.0210,-28635.9531,24.4947,591.1664,-0.0010,0.0012,-3.1369,0.8177,-3.1406,-4701.4185,-28636.3945,24.2673,1
-4703.1636,-28634.3926,24.9425,-5133.6406,-28234.7598,21.9615,-4696.1128,-28636.6523,21.7034,594.0923,-0.0016,0.0007,-3.1351,0.8179,-3.1403,-4701.2168,-28636.3867,24.1441,1
-4703.1636,-28634.3926,24.9425,-5133.3843,-28235.0918,21.9597,-4707.1094,-28633.6250,22.4864,583.5544,-0.0001,0.0011,-3.1333,0.8183,-3.1399,-4701.4697,-28636.2520,24.0474,1
-4703.1636,-28634.3926,24.9425,-5133.1299,-28235.4219,21.9579,-4701.4629,-28635.7559,25.8204,588.7357,-0.0007,0.0023,-3.1316,0.8183,-3.1396,-4701.4937,-28636.2051,24.0904,1
-4703.1636,-28634.3926,24.9425,-5132.8774,-28235.7480,21.9563,-4699.5244,-28635.2305,24.5527,589.3890,-0.0012,0.0021,-3.1300,0.8184,-3.1392,-4701.4346,-28636.1328,24.0851,1
-4703.1636,-28634.3926,24.9425,-5132.6270,-28236.0723,21.9549,-4700.6699,-28641.3457,21.9887,592.3065,0.0002,0.0016,-3.1286,0.8186,-3.1390,-4701.4189,-28636.3203,23.9736,1
-4703.1636,-28634.3926,24.9425,-5132.3789,-28236.3945,21.9536,-4706.7578,-28633.1250,22.7835,581.8438,-0.0003,0.0020,-3.1274,0.8187,-3.1387,-4701.6611,-28636.1699,23.8912,1
-4703.1636,-28634.3926,24.9425,-5132.1318,-28236.7148,21.9528,-4702.9888,-28633.9258,20.6211,584.7532,-0.0008,0.0015,-3.1268,0.8187,-3.1386,-4701.7529,-28636.0488,23.7153,1
-4703.1636,-28634.3926,24.9425,-5131.8857,-28237.0332,21.9525,-4699.1445,-28634.6191,26.1916,587.6622,-0.0014,0.0030,-3.1269,0.8189,-3.1386,-4701.6826,-28635.9551,23.7713,1
-4703.1636,-28634.3926,24.9425,-5131.6396,-28237.3516,21.9527,-4700.2461,-28640.6836,24.6764,590.5715,0.0000,0.0025,-3.1275,0.8193,-3.1387,-4701.6514,-28636.1152,23.7705,1
-4703.1636,-28634.3926,24.9425,-5131.3945,-28237.6699,21.9534,-4706.2681,-28632.4844,23.8965,580.1783,-0.0005,0.0022,-3.1286,0.8193,-3.1389,-4701.8735,-28635.9375,23.7408,1
-4703.1636,-28634.3926,24.9425,-5131.1499,-28237.9863,21.9545,-4702.5068,-28633.2754,22.6949,583.0798,-0.0010,0.0017,-3.1298,0.8194,-3.1392,-4701.9434,-28635.7871,23.6614,1
-4703.1636,-28634.3926,24.9425,-5130.9062,-28238.3027,21.9557,-4698.6738,-28633.9199,28.8677,585.9809,-0.0016,0.0032,-3.1311,0.8196,-3.1395,-4701.8491,-28635.6621,23.8449,1
-4703.1636,-28634.3926,24.9425,-5130.6641,-28238.6172,21.9570,-4699.8926,-28640.1094,27.6543,588.8824,-0.0001,0.0027,-3.1323,0.8197,-3.1397,-4701.7974,-28635.7969,23.9893,1
-4703.1636,-28634.3926,24.9425,-5130.4229,-28238.9297,21.9583,-4705.8018,-28631.8691,23.8996,578.5347,-0.0007,0.0015,-3.1334,0.8197,-3.1399,-4701.9937,-28635.5918,23.9838,1
-4703.1636,-28634.3926,24.9425,-5130.1826,-28239.2402,21.9594,-4702.0581,-28632.6504,22.5116,581.4283,-0.0013,0.0010,-3.1343,0.8197,-3.1401,-4702.0361,-28635.4141,23.9184,1
-4703.1636,-28634.3926,24.9425,-5129.9443,-28239.5508,21.9603,-4703.2021,-28638.6641,28.3297,584.3217,0.0002,0.0025,-3.1349,0.8200,-3.1402,-4702.1260,-28635.4902,24.0991,1
-4703.1636,-28634.3926,24.9425,-5129.7061,-28239.8594,21.9611,-4699.4282,-28639.4414,26.8763,587.2152,-0.0004,0.0020,-3.1357,0.8201,-3.1404,-4702.0557,-28635.6074,24.2273,1
-4703.1636,-28634.3926,24.9425,-5129.4673,-28240.1680,21.9620,-4705.3179,-28631.2344,23.8638,576.9191,-0.0009,0.0011,-3.1367,0.8201,-3.1406,-4702.2300,-28635.3848,24.2328,1
-4703.1636,-28634.3926,24.9425,-5129.2275,-28240.4785,21.9631,-4701.4995,-28631.9180,22.7895,579.8051,-0.0015,0.0005,-3.1382,0.8203,-3.1409,-4702.2451,-28635.1836,24.1902,1
-4703.1636,-28634.3926,24.9425,-5128.9868,-28240.7910,21.9644,-4702.6040,-28637.8848,29.1240,582.6907,-0.0000,0.0020,-3.1399,0.8207,-3.1412,-4702.3042,-28635.2344,24.4156,1
-4703.1636,-28634.3926,24.9425,-5128.7456,-28241.1035,21.9658,-4698.8350,-28638.6504,28.1766,585.5767,-0.0006,0.0015,3.1416,0.8207,3.1416,-4702.2007,-28635.3262,24.6100,1
-4703.1636,-28634.3926,24.9425,-5128.5044,-28241.4160,21.9671,-4704.8369,-28630.6133,24.0903,575.3021,-0.0011,0.0002,3.1401,0.8207,3.1413,-4702.3457,-28635.0820,24.6364,1
-4703.1636,-28634.3926,24.9425,-5128.2632,-28241.7285,21.9683,-4705.9365,-28636.6094,22.8592,578.1804,0.0003,-0.0003,3.1389,0.8210,3.1410,-4702.5420,-28635.0879,24.6062,1
-4703.1636,-28634.3926,24.9425,-5128.0220,-28242.0410,21.9692,-4702.2207,-28637.3652,28.6999,581.0583,-0.0002,0.0012,3.1382,0.8210,3.1409,-4702.5845,-28635.1328,24.8215,1
-4703.1636,-28634.3926,24.9425,-5127.7812,-28242.3535,21.9698,-4698.4731,-28638.1484,27.0421,583.9366,-0.0008,0.0007,3.1379,0.8211,3.1408,-4702.4624,-28635.2188,24.9724,1
-4703.1636,-28634.3926,24.9425,-5127.5410,-28242.6641,21.9699,-4704.3647,-28629.9941,23.2723,573.6770,-0.0014,-0.0003,3.1380,0.8211,3.1409,-4702.5825,-28634.9609,24.9629,1
-4703.1636,-28634.3926,24.9425,-5127.3018,-28242.9746,21.9697,-4699.3716,-28635.6523,25.4124,580.8013,-0.0011,0.0004,3.1386,0.8214,3.1410,-4702.4893,-28634.9375,25.0395,1
-4703.1636,-28634.3926,24.9425,-5127.0625,-28243.2852,21.9692,-4701.7144,-28636.7168,26.3337,579.4178,-0.0005,0.0007,3.1392,0.8214,3.1411,-4702.4878,-28634.9648,25.1543,1
-4703.1636,-28634.3926,24.9425,-5126.8228,-28243.5957,21.9687,-4703.5415,-28634.3516,24.8929,576.0761,-0.0006,0.0004,3.1396,0.8214,3.1412,-4702.5615,-28634.8965,25.2069,1
-4703.1636,-28634.3926,24.9425,-5126.5815,-28243.9082,21.9685,-4703.8042,-28629.2793,23.3881,572.0603,-0.0016,-0.0000,3.1395,0.8217,3.1412,-4702.6484,-28634.6074,25.1900,1
-4703.1636,-28634.3926,24.9425,-5126.3394,-28244.2227,21.9684,-4704.9688,-28635.3516,21.7469,574.9231,-0.0001,-0.0005,3.1392,0.8217,3.1411,-4702.7866,-28634.5723,25.0950,1
-4703.1636,-28634.3926,24.9425,-5126.0962,-28244.5371,21.9684,-4701.2705,-28636.1152,27.3940,577.7856,-0.0007,0.0010,3.1387,0.8217,3.1410,-4702.7681,-28634.5762,25.2346,1
-4703.1636,-28634.3926,24.9425,-5125.8530,-28244.8535,21.9686,-4697.5435,-28636.8887,25.7398,580.6485,-0.0013,0.0005,3.1384,0.8217,3.1410,-4702.5840,-28634.6172,25.3059,1
-4703.1636,-28634.3926,24.9425,-5125.6099,-28245.1680,21.9687,-4708.1729,-28633.9238,23.3944,570.4277,0.0002,-0.0002,3.1383,0.8220,3.1409,-4702.8477,-28634.5391,25.2735,1
-4703.1636,-28634.3926,24.9425,-5125.3672,-28245.4824,21.9687,-4704.3779,-28634.6074,21.5064,573.2828,-0.0004,-0.0007,3.1385,0.8223,3.1409,-4702.9565,-28634.4922,25.1523,1
-4703.1636,-28634.3926,24.9425,-5125.1250,-28245.7969,21.9685,-4700.6743,-28635.3574,26.7017,576.1375,-0.0009,0.0008,3.1390,0.8223,3.1411,-4702.9062,-28634.4805,25.2468,1
-4703.1636,-28634.3926,24.9425,-5124.8833,-28246.1094,21.9681,-4696.9546,-28636.1152,24.5250,578.9927,-0.0015,0.0003,3.1397,0.8223,3.1412,-4702.6880,-28634.5039,25.2492,1
-4703.1636,-28634.3926,24.9425,-5124.6431,-28246.4219,21.9674,-4707.6675,-28633.2793,22.8431,568.7943,-0.0000,-0.0000,3.1408,0.8227,3.1414,-4702.9209,-28634.4121,25.1738,1
-4703.1636,-28634.3926,24.9425,-5124.4023,-28246.7324,21.9666,-4703.9717,-28634.0430,20.6017,571.6417,-0.0006,-0.0005,-3.1415,0.8227,-3.1416,-4703.0015,-28634.3516,24.9940,1
-4703.1636,-28634.3926,24.9425,-5124.1616,-28247.0449,21.9660,-4700.2827,-28634.7988,25.7377,574.4886,-0.0011,0.0010,-3.1410,0.8227,-3.1415,-4702.9224,-28634.3262,25.0273,1
-4703.1636,-28634.3926,24.9425,-5123.9204,-28247.3574,21.9655,-4701.3848,-28640.7773,23.7973,577.3360,0.0003,0.0005,-3.1407,0.8230,-3.1414,-4702.8833,-28634.5625,24.9781,1
-4703.1636,-28634.3926,24.9425,-5123.6792,-28247.6699,21.9651,-4707.2998,-28632.7832,23.2619,567.1718,-0.0002,0.0004,-3.1405,0.8230,-3.1414,-4703.0991,-28634.4668,24.9014,1
-4703.1636,-28634.3926,24.9425,-5123.4385,-28247.9824,21.9649,-4703.6240,-28633.5566,21.4047,570.0114,-0.0008,-0.0001,-3.1404,0.8231,-3.1413,-4703.1616,-28634.4043,24.7397,1
-4703.1636,-28634.3926,24.9425,-5123.1982,-28248.2949,21.9647,-4699.9541,-28634.3066,26.6929,572.8506,-0.0013,0.0014,-3.1402,0.8231,-3.1413,-4703.0635,-28634.3711,24.8020,1
-4703.1636,-28634.3926,24.9425,-5122.9585,-28248.6055,21.9644,-4698.7500,-28638.7168,22.3306,576.3151,-0.0006,0.0002,-3.1398,0.8234,-3.1412,-4702.9043,-28634.5332,24.6802,1
-4703.1636,-28634.3926,24.9425,-5122.7197,-28248.9141,21.9641,-4706.8247,-28632.1641,23.0869,565.5519,-0.0004,0.0005,-3.1393,0.8234,-3.1411,-4703.0879,-28634.4180,24.5849,1
-4703.1636,-28634.3926,24.9425,-5122.4824,-28249.2227,21.9637,-4703.1611,-28632.9277,20.9874,568.3838,-0.0010,-0.0000,-3.1387,0.8234,-3.1410,-4703.1177,-28634.3340,24.3952,1
-4703.1636,-28634.3926,24.9425,-5122.2461,-28249.5293,21.9631,-4699.4087,-28633.5664,25.9782,571.2154,-0.0016,0.0015,-3.1379,0.8237,-3.1408,-4702.9819,-28634.2734,24.4180,1
-4703.1636,-28634.3926,24.9425,-5122.0103,-28249.8340,21.9626,-4700.5786,-28639.6094,23.9031,574.0472,-0.0001,0.0010,-3.1373,0.8237,-3.1407,-4702.8887,-28634.4766,24.3559,1
-4703.1636,-28634.3926,24.9425,-5121.7739,-28250.1406,21.9623,-4706.3618,-28631.5566,23.2550,563.9534,-0.0007,0.0008,-3.1372,0.8237,-3.1407,-4703.0435,-28634.3418,24.2655,1
-4703.1636,-28634.3926,24.9425,-5121.5361,-28250.4492,21.9624,-4697.3994,-28635.6582,24.2070,572.9568,-0.0015,0.0010,-3.1377,0.8237,-3.1408,-4702.8135,-28634.3809,24.2168,1
-4703.1636,-28634.3926,24.9425,-5121.2974,-28250.7578,21.9631,-4703.7939,-28638.1992,27.6771,569.6017,0.0002,0.0018,-3.1389,0.8240,-3.1410,-4702.8486,-28634.5352,24.3225,1
-4703.1636,-28634.3926,24.9425,-5121.0566,-28251.0703,21.9642,-4700.1074,-28638.9570,26.6924,572.4260,-0.0003,0.0013,-3.1405,0.8241,-3.1414,-4702.7251,-28634.7305,24.3946,1
-4703.1636,-28634.3926,24.9425,-5120.8154,-28251.3828,21.9655,-4705.8901,-28630.9512,24.1479,562.3506,-0.0009,0.0004,3.1409,0.8241,3.1415,-4702.8506,-28634.5840,24.3623,1
-4703.1636,-28634.3926,24.9425,-5120.5737,-28251.6973,21.9670,-4702.1606,-28631.6230,23.1460,565.1672,-0.0015,-0.0001,3.1393,0.8243,3.1411,-4702.8188,-28634.4570,24.2861,1
-4703.1636,-28634.3926,24.9425,-5120.3311,-28252.0117,21.9684,-4703.2075,-28637.4570,29.1313,567.9836,-0.0000,0.0014,3.1380,0.8246,3.1408,-4702.8315,-28634.5820,24.4720,1
-4703.1636,-28634.3926,24.9425,-5120.0889,-28252.3242,21.9696,-4699.5215,-28638.2070,27.7991,570.8003,-0.0006,0.0009,3.1371,0.8247,3.1406,-4702.6836,-28634.7461,24.6109,1
-4703.1636,-28634.3926,24.9425,-5119.8472,-28252.6387,21.9704,-4705.4204,-28630.3418,23.5150,560.7255,-0.0011,-0.0004,3.1367,0.8247,3.1406,-4702.7891,-28634.5703,24.5691,1
-4703.1636,-28634.3926,24.9425,-5119.6055,-28252.9512,21.9708,-4701.6572,-28630.9551,21.7240,563.5344,-0.0017,-0.0009,3.1367,0.8250,3.1406,-4702.7339,-28634.4121,24.4453,1
-4703.1636,-28634.3926,24.9425,-5119.3647,-28253.2637,21.9707,-4701.5312,-28638.4258,26.6198,568.2900,-0.0002,0.0006,3.1372,0.8251,3.1407,-4702.6714,-28634.5742,24.5312,1
-4703.1636,-28634.3926,24.9425,-5119.1235,-28253.5762,21.9704,-4699.1318,-28637.6777,24.7786,569.1519,-0.0008,0.0001,3.1378,0.8251,3.1408,-4702.5010,-28634.7129,24.5416,1
-4703.1636,-28634.3926,24.9425,-5118.8828,-28253.8887,21.9698,-4704.9634,-28629.7402,22.9686,559.1025,-0.0013,-0.0003,3.1385,0.8251,3.1409,-4702.5815,-28634.5078,24.4718,1
-4703.1636,-28634.3926,24.9425,-5118.6426,-28254.2012,21.9691,-4705.9785,-28635.5684,20.8225,561.9037,0.0001,-0.0008,3.1393,0.8254,3.1411,-4702.7139,-28634.5488,24.3033,1
-4703.1636,-28634.3926,24.9425,-5118.4028,-28254.5117,21.9681,-4702.3374,-28636.3105,25.6646,564.7045,-0.0005,0.0007,3.1403,0.8255,3.1413,-4702.6929,-28634.6270,24.3418,1
-4703.1636,-28634.3926,24.9425,-5118.1636,-28254.8203,21.9671,-4698.6895,-28637.0547,23.3612,567.5057,-0.0010,0.0002,3.1414,0.8255,3.1416,-4702.5107,-28634.7402,24.2828,1
-4703.1636,-28634.3926,24.9425,-5117.9258,-28255.1289,21.9659,-4704.4189,-28629.0332,22.7014,557.4875,-0.0016,0.0002,-3.1405,0.8257,-3.1414,-4702.5737,-28634.5020,24.1920,1
-4703.1636,-28634.3926,24.9425,-5117.6890,-28255.4375,21.9646,-4705.3965,-28634.8145,20.2924,560.2811,-0.0001,-0.0003,-3.1392,0.8261,-3.1411,-4702.6851,-28634.5078,23.9915,1
-4703.1636,-28634.3926,24.9425,-5117.4536,-28255.7422,21.9633,-4701.7617,-28635.5430,24.8981,563.0742,-0.0007,0.0012,-3.1377,0.8261,-3.1408,-4702.6416,-28634.5469,23.9886,1
-4703.1636,-28634.3926,24.9425,-5117.2188,-28256.0469,21.9621,-4698.1260,-28636.2695,22.5874,565.8677,-0.0012,0.0007,-3.1366,0.8262,-3.1405,-4702.4360,-28634.6211,23.8877,1
-4703.1636,-28634.3926,24.9425,-5116.9839,-28256.3516,21.9612,-4708.6577,-28633.5684,23.0076,555.8965,0.0002,0.0009,-3.1360,0.8265,-3.1404,-4702.6904,-28634.5801,23.8034,1
-4703.1636,-28634.3926,24.9425,-5116.7476,-28256.6582,21.9609,-4705.0405,-28634.3145,21.3309,558.6824,-0.0003,0.0004,-3.1361,0.8265,-3.1404,-4702.7974,-28634.5684,23.6444,1
-4703.1636,-28634.3926,24.9425,-5116.5112,-28256.9648,21.9611,-4701.4404,-28635.0449,26.9183,561.4680,-0.0009,0.0019,-3.1368,0.8265,-3.1406,-4702.7485,-28634.5898,23.7314,1
-4703.1636,-28634.3926,24.9425,-5116.2739,-28257.2715,21.9616,-4697.7310,-28635.6836,25.6140,564.2539,-0.0014,0.0014,-3.1377,0.8267,-3.1408,-4702.5322,-28634.6406,23.7703,1
-4703.1636,-28634.3926,24.9425,-5116.0366,-28257.5801,21.9624,-4708.1582,-28632.9375,23.7415,554.3084,0.0000,0.0008,-3.1387,0.8271,-3.1410,-4702.7705,-28634.5703,23.7327,1
-4703.1636,-28634.3926,24.9425,-5115.7998,-28257.8867,21.9633,-4699.9990,-28640.6113,23.1997,565.1267,0.0001,0.0005,-3.1396,0.8272,-3.1412,-4702.6567,-28634.8359,23.6728,1
-4703.1636,-28634.3926,24.9425,-5115.5635,-28258.1934,21.9642,-4700.9590,-28634.3867,28.0079,559.8647,-0.0011,0.0018,-3.1403,0.8272,-3.1413,-4702.5776,-28634.8418,23.8280,1
-4703.1636,-28634.3926,24.9425,-5115.3276,-28258.4980,21.9649,-4697.2383,-28635.0000,26.4643,562.6431,-0.0016,0.0013,-3.1407,0.8274,-3.1414,-4702.3306,-28634.8711,23.9254,1
-4703.1636,-28634.3926,24.9425,-5115.0918,-28258.8047,21.9655,-4707.8105,-28632.4629,23.4911,552.7194,-0.0002,0.0004,-3.1411,0.8275,-3.1415,-4702.5454,-28634.7852,23.8973,1
-4703.1636,-28634.3926,24.9425,-5114.8545,-28259.1113,21.9662,-4700.5459,-28632.2598,24.9971,557.5825,-0.0016,0.0007,3.1414,0.8275,3.1416,-4702.4468,-28634.6836,23.9363,1
-4703.1636,-28634.3926,24.9425,-5114.6162,-28259.4219,21.9671,-4700.6421,-28633.9219,27.8545,558.2606,-0.0013,0.0014,3.1403,0.8275,3.1413,-4702.3486,-28634.6523,24.1062,1
-4703.1636,-28634.3926,24.9425,-5114.3770,-28259.7324,21.9681,-4701.6597,-28639.7344,26.7212,561.0314,0.0002,0.0009,3.1390,0.8278,3.1410,-4702.2930,-28634.8770,24.2340,1
-4703.1636,-28634.3926,24.9425,-5114.1362,-28260.0430,21.9691,-4707.3462,-28631.8711,23.8643,551.1240,-0.0004,-0.0001,3.1377,0.8278,3.1408,-4702.4941,-28634.7598,24.2395,1
-4703.1636,-28634.3926,24.9425,-5113.8955,-28260.3555,21.9700,-4703.7617,-28632.6172,22.5964,553.8871,-0.0009,-0.0006,3.1367,0.8279,3.1406,-4702.5454,-28634.6719,24.1860,1
-4703.1636,-28634.3926,24.9425,-5113.6543,-28260.6680,21.9708,-4700.1060,-28633.2285,28.1506,556.6500,-0.0015,0.0009,3.1361,0.8281,3.1404,-4702.4355,-28634.6035,24.3775,1
-4703.1636,-28634.3926,24.9425,-5113.4131,-28260.9805,21.9713,-4701.0786,-28639.0078,26.5310,559.4131,-0.0000,0.0004,3.1358,0.8285,3.1403,-4702.3638,-28634.7930,24.5041,1
-4703.1636,-28634.3926,24.9425,-5113.1719,-28261.2949,21.9716,-4705.6294,-28633.9004,26.8464,552.2205,-0.0003,0.0005,3.1357,0.8285,3.1403,-4702.4951,-28634.7617,24.6496,1
-4703.1636,-28634.3926,24.9425,-5112.9287,-28261.6094,21.9718,-4703.1719,-28631.8691,21.7091,552.2642,-0.0011,-0.0010,3.1355,0.8289,3.1403,-4702.5234,-28634.6387,24.5659,1
-4703.1636,-28634.3926,24.9425,-5112.6841,-28261.9277,21.9721,-4704.1729,-28637.6133,27.2036,555.0193,0.0003,0.0005,3.1349,0.8292,3.1401,-4702.5981,-28634.7656,24.7211,1
-4703.1636,-28634.3926,24.9425,-5112.4370,-28262.2480,21.9727,-4700.5605,-28638.3535,25.9240,557.7748,-0.0002,-0.0000,3.1339,0.8292,3.1399,-4702.5146,-28634.9336,24.8227,1
-4703.1636,-28634.3926,24.9425,-5112.1885,-28262.5703,21.9734,-4706.4272,-28630.6973,23.7804,547.8734,-0.0008,-0.0008,3.1328,0.8292,3.1397,-4702.6919,-28634.7617,24.8277,1
-4703.1636,-28634.3926,24.9425,-5111.9380,-28262.8945,21.9741,-4702.8525,-28631.4434,22.5138,550.6210,-0.0013,-0.0013,3.1318,0.8292,3.1395,-4702.7153,-28634.6152,24.7704,1
-4703.1636,-28634.3926,24.9425,-5111.6865,-28263.2207,21.9748,-4703.8369,-28637.1719,28.0510,553.3684,0.0001,0.0002,3.1311,0.8296,3.1393,-4702.7822,-28634.7207,24.9561,1
-4703.1636,-28634.3926,24.9425,-5111.4351,-28263.5469,21.9752,-4700.2285,-28637.9180,26.4448,556.1160,-0.0004,-0.0003,3.1309,0.8296,3.1393,-4702.6890,-28634.8633,25.0746,1
-4703.1636,-28634.3926,24.9425,-5111.1831,-28263.8730,21.9753,-4703.2656,-28632.0918,28.1220,549.5620,-0.0011,0.0002,3.1311,0.8296,3.1393,-4702.7251,-28634.7520,25.2709,1
-4703.1636,-28634.3926,24.9425,-5110.9302,-28264.2012,21.9752,-4702.3223,-28630.7598,21.2403,548.9369,-0.0015,-0.0017,3.1315,0.8299,3.1394,-4702.7197,-28634.5723,25.1579,1
-4703.1636,-28634.3926,24.9425,-5110.6758,-28264.5312,21.9750,-4703.3823,-28636.6055,26.2817,551.6762,-0.0001,-0.0002,3.1319,0.8299,3.1395,-4702.7607,-28634.6484,25.2617,1
-4703.1636,-28634.3926,24.9425,-5110.4209,-28264.8633,21.9747,-4699.7954,-28637.3633,24.3858,554.4158,-0.0007,-0.0007,3.1322,0.8299,3.1396,-4702.6406,-28634.7637,25.2796,1
-4703.1636,-28634.3926,24.9425,-5110.1650,-28265.1953,21.9742,-4697.3418,-28636.8887,23.0439,555.5034,-0.0013,-0.0010,3.1327,0.8299,3.1397,-4702.4028,-28634.8652,25.2324,1
-4703.1636,-28634.3926,24.9425,-5109.9087,-28265.5273,21.9736,-4706.1060,-28633.0918,26.9899,546.0624,-0.0003,0.0002,3.1335,0.8302,3.1398,-4702.5508,-28634.7988,25.3564,1
-4703.1636,-28634.3926,24.9425,-5109.6528,-28265.8594,21.9728,-4698.7109,-28634.0312,27.3547,551.7712,-0.0016,0.0005,3.1345,0.8302,3.1400,-4702.3711,-28634.7695,25.4979,1
-4703.1636,-28634.3926,24.9425,-5109.3975,-28266.1895,21.9717,-4699.3242,-28636.7402,23.3608,552.6949,-0.0009,-0.0005,3.1358,0.8302,3.1403,-4702.2109,-28634.8613,25.4607,1
-4703.1636,-28634.3926,24.9425,-5109.1426,-28266.5195,21.9705,-4696.8271,-28636.1719,22.5468,553.7590,-0.0015,-0.0005,3.1373,0.8305,3.1407,-4701.9326,-28634.9316,25.3791,1
-4703.1636,-28634.3926,24.9425,-5108.8877,-28266.8516,21.9692,-4705.9185,-28634.5176,27.0226,545.5128,-0.0001,0.0010,3.1388,0.8308,3.1410,-4702.0571,-28634.9297,25.4915,1
-4703.1636,-28634.3926,24.9425,-5108.6323,-28267.1816,21.9681,-4702.3379,-28635.2598,24.8237,548.2357,-0.0006,0.0005,3.1398,0.8309,3.1412,-4702.0293,-28634.9609,25.5053,1
-4703.1636,-28634.3926,24.9425,-5108.3755,-28267.5156,21.9673,-4698.7676,-28635.9941,22.8857,550.9590,-0.0012,-0.0000,3.1403,0.8309,3.1413,-4701.8423,-28635.0234,25.4275,1
-4703.1636,-28634.3926,24.9425,-5108.1182,-28267.8496,21.9669,-4701.0312,-28640.6797,23.2219,552.0175,0.0003,0.0001,3.1404,0.8312,3.1413,-4701.7524,-28635.3008,25.3571,1
-4703.1636,-28634.3926,24.9425,-5107.8599,-28268.1836,21.9667,-4703.1162,-28639.0586,24.6210,548.9726,0.0003,0.0005,3.1403,0.8312,3.1413,-4701.7578,-28635.5176,25.3434,1
-4703.1636,-28634.3926,24.9425,-5107.6021,-28268.5195,21.9667,-4701.8848,-28634.6465,26.7314,546.5108,-0.0008,0.0011,3.1402,0.8315,3.1413,-4701.7134,-28635.5391,25.4235,1
-4703.1636,-28634.3926,24.9425,-5107.3438,-28268.8535,21.9668,-4698.3062,-28635.3652,25.0186,549.2259,-0.0014,0.0006,3.1402,0.8316,3.1413,-4701.5093,-28635.5879,25.4276,1
-4703.1636,-28634.3926,24.9425,-5107.0864,-28269.1875,21.9668,-4700.5581,-28640.0273,23.1619,550.2620,0.0001,0.0001,3.1405,0.8319,3.1413,-4701.4019,-28635.8477,25.3454,1
-4703.1636,-28634.3926,24.9425,-5106.8296,-28269.5215,21.9666,-4705.0894,-28633.4004,28.0559,542.0656,-0.0005,0.0016,3.1409,0.8320,3.1414,-4701.5044,-28635.8086,25.4811,1
-4703.1636,-28634.3926,24.9425,-5106.5728,-28269.8535,21.9665,-4701.5371,-28634.1465,26.2039,544.7721,-0.0010,0.0010,3.1413,0.8320,3.1415,-4701.4546,-28635.7969,25.5369,1
-4703.1636,-28634.3926,24.9425,-5106.3149,-28270.1875,21.9664,-4697.8950,-28634.7734,24.4790,547.4790,-0.0016,0.0005,3.1413,0.8322,3.1415,-4701.2412,-28635.8066,25.5143,1
-4703.1636,-28634.3926,24.9425,-5106.0571,-28270.5234,21.9665,-4700.2192,-28639.5215,23.3264,548.5118,-0.0001,0.0002,3.1412,0.8323,3.1415,-4701.1284,-28636.0273,25.4356,1
-4703.1636,-28634.3926,24.9425,-5105.7993,-28270.8574,21.9666,-4704.7627,-28632.9355,28.4909,540.3403,-0.0007,0.0017,3.1410,0.8323,3.1415,-4701.2261,-28635.9531,25.5883,1
-4703.1636,-28634.3926,24.9425,-5105.5415,-28271.1914,21.9667,-4701.2227,-28633.6797,26.8536,543.0386,-0.0012,0.0012,3.1409,0.8323,3.1415,-4701.1719,-28635.9023,25.6714,1
-4703.1636,-28634.3926,24.9425,-5105.2842,-28271.5254,21.9667,-4702.1660,-28639.3809,25.1216,545.7372,0.0002,0.0007,3.1410,0.8326,3.1415,-4701.1641,-28636.1055,25.6764,1
-4703.1636,-28634.3926,24.9425,-5105.0273,-28271.8594,21.9666,-4699.7817,-28638.9023,23.1150,546.7589,-0.0004,0.0001,3.1413,0.8326,3.1415,-4701.0518,-28636.2910,25.5870,1
-4703.1636,-28634.3926,24.9425,-5104.7710,-28272.1914,21.9665,-4704.3232,-28632.3496,28.0812,538.6124,-0.0009,0.0016,3.1415,0.8326,3.1416,-4701.1484,-28636.1797,25.7192,1
-4703.1636,-28634.3926,24.9425,-5104.5137,-28272.5254,21.9664,-4700.7188,-28633.0000,26.4415,541.3024,-0.0015,0.0011,3.1414,0.8328,3.1416,-4701.0884,-28636.0859,25.7799,1
-4703.1636,-28634.3926,24.9425,-5104.2549,-28272.8613,21.9667,-4701.6230,-28638.6602,25.0180,543.9929,-0.0000,0.0006,3.1408,0.8332,3.1414,-4701.0713,-28636.2422,25.7753,1
-4703.1636,-28634.3926,24.9425,-5103.9951,-28273.1973,21.9672,-4699.3364,-28638.2793,23.6285,545.0096,-0.0006,0.0001,3.1400,0.8333,3.1412,-4700.9521,-28636.3848,25.7038,1
-4703.1636,-28634.3926,24.9425,-5103.7349,-28273.5352,21.9679,-4704.0977,-28633.1465,26.6460,537.6324,-0.0008,0.0009,3.1391,0.8333,3.1411,-4701.0518,-28636.2930,25.7650,1
-4703.1636,-28634.3926,24.9425,-5103.4741,-28273.8730,21.9685,-4704.8008,-28637.4199,27.7251,539.5698,0.0003,0.0011,3.1384,0.8335,3.1409,-4701.1929,-28636.3887,25.8774,1
-4703.1636,-28634.3926,24.9425,-5103.2134,-28274.2129,21.9691,-4701.2656,-28638.1621,26.2518,542.2516,-0.0002,0.0006,3.1380,0.8336,3.1408,-4701.1807,-28636.5195,25.9247,1
-4703.1636,-28634.3926,24.9425,-5102.9536,-28274.5488,21.9694,-4698.9170,-28637.6797,23.2917,543.2425,-0.0008,-0.0003,3.1379,0.8336,3.1408,-4701.0610,-28636.6289,25.8351,1
-4703.1636,-28634.3926,24.9425,-5102.6929,-28274.8867,21.9696,-4703.4536,-28631.1914,28.3483,535.1458,-0.0014,0.0012,3.1378,0.8336,3.1408,-4701.1475,-28636.4355,25.9724,1
-4703.1636,-28634.3926,24.9425,-5102.4312,-28275.2266,21.9699,-4704.3442,-28636.8281,26.7861,537.8196,0.0001,0.0007,3.1376,0.8339,3.1407,-4701.2812,-28636.4902,26.0412,1
-4703.1636,-28634.3926,24.9425,-5102.1689,-28275.5664,21.9701,-4700.8174,-28637.5605,25.2325,540.4930,-0.0005,0.0002,3.1373,0.8339,3.1406,-4701.2598,-28636.5781,26.0383,1
-4703.1636,-28634.3926,24.9425,-5101.9067,-28275.9082,21.9702,-4698.4863,-28637.0703,23.3289,541.4697,-0.0011,-0.0003,3.1371,0.8339,3.1406,-4701.1294,-28636.6426,25.9439,1
-4703.1636,-28634.3926,24.9425,-5101.6440,-28276.2480,21.9702,-4703.0195,-28630.6152,28.3285,533.3983,-0.0016,0.0012,3.1372,0.8339,3.1406,-4701.2031,-28636.4043,26.0743,1
-4703.1636,-28634.3926,24.9425,-5101.3818,-28276.5879,21.9701,-4704.0039,-28636.3613,26.5360,536.0637,-0.0002,0.0007,3.1375,0.8340,3.1407,-4701.3276,-28636.4199,26.1251,1
-4703.1636,-28634.3926,24.9425,-5101.1201,-28276.9277,21.9697,-4702.0186,-28635.7480,23.9135,536.6909,-0.0007,-0.0000,3.1381,0.8340,3.1408,-4701.3667,-28636.4062,26.0532,1
-4703.1636,-28634.3926,24.9425,-5100.8584,-28277.2676,21.9692,-4698.0659,-28636.4629,22.9749,539.6896,-0.0014,-0.0002,3.1387,0.8340,3.1410,-4701.2231,-28636.4219,25.9318,1
-4703.1636,-28634.3926,24.9425,-5100.5957,-28277.6094,21.9688,-4701.1724,-28640.6602,24.3535,539.7686,0.0002,0.0002,3.1390,0.8342,3.1410,-4701.2158,-28636.6328,25.8661,1
-4703.1636,-28634.3926,24.9425,-5100.3325,-28277.9492,21.9685,-4703.4531,-28635.6504,26.0944,534.3007,-0.0005,0.0008,3.1392,0.8343,3.1411,-4701.3149,-28636.6191,25.8773,1
-4703.1636,-28634.3926,24.9425,-5100.0693,-28278.2910,21.9683,-4699.9570,-28636.3809,24.3531,536.9574,-0.0010,0.0003,3.1394,0.8343,3.1411,-4701.2563,-28636.6367,25.8078,1
-4703.1636,-28634.3926,24.9425,-5099.8066,-28278.6328,21.9680,-4697.5654,-28635.7676,23.1210,537.9074,-0.0016,-0.0001,3.1396,0.8345,3.1412,-4701.0835,-28636.6230,25.6777,1
-4703.1636,-28634.3926,24.9425,-5099.5439,-28278.9727,21.9676,-4706.4014,-28634.2031,27.9128,529.8868,-0.0002,0.0014,3.1400,0.8349,3.1412,-4701.3169,-28636.5312,25.7660,1
-4703.1636,-28634.3926,24.9425,-5099.2822,-28279.3125,21.9672,-4702.9033,-28634.9316,25.9772,532.5355,-0.0007,0.0009,3.1407,0.8349,3.1414,-4701.3975,-28636.4688,25.7688,1
-4703.1636,-28634.3926,24.9425,-5099.0215,-28279.6523,21.9666,-4699.4165,-28635.6523,23.9268,535.1838,-0.0013,0.0004,3.1415,0.8349,3.1416,-4701.3184,-28636.4355,25.6767,1
-4703.1636,-28634.3926,24.9425,-5098.7617,-28279.9883,21.9658,-4701.6201,-28640.1465,22.7585,536.1294,0.0002,0.0002,-3.1406,0.8352,-3.1414,-4701.3369,-28636.6094,25.5264,1
-4703.1636,-28634.3926,24.9425,-5098.5034,-28280.3242,21.9648,-4706.0522,-28633.7168,27.1870,528.1342,-0.0004,0.0017,-3.1393,0.8353,-3.1411,-4701.5659,-28636.4902,25.5779,1
-4703.1636,-28634.3926,24.9425,-5098.2466,-28280.6562,21.9637,-4702.5825,-28634.4453,24.9387,530.7745,-0.0009,0.0012,-3.1380,0.8353,-3.1408,-4701.6406,-28636.3984,25.5283,1
-4703.1636,-28634.3926,24.9425,-5097.9912,-28280.9883,21.9625,-4699.0386,-28635.0645,22.6319,533.4144,-0.0015,0.0007,-3.1365,0.8355,-3.1405,-4701.5503,-28636.3320,25.3703,1
-4703.1636,-28634.3926,24.9425,-5097.7373,-28281.3184,21.9612,-4701.1631,-28639.4980,22.5697,534.3797,-0.0001,0.0009,-3.1351,0.8359,-3.1401,-4701.5518,-28636.4688,25.2041,1
-4703.1636,-28634.3926,24.9425,-5097.4858,-28281.6445,21.9598,-4701.9639,-28632.9355,22.9536,528.9985,-0.0014,0.0012,-3.1336,0.8359,-3.1398,-4701.5894,-28636.3066,25.0503,1
-4703.1636,-28634.3926,24.9425,-5097.2358,-28281.9688,21.9585,-4702.1421,-28633.8008,24.6181,529.0416,-0.0012,0.0019,-3.1322,0.8359,-3.1395,-4701.6348,-28636.1758,24.9726,1
-4703.1636,-28634.3926,24.9425,-5096.9878,-28282.2910,21.9572,-4705.2480,-28632.3066,25.5992,525.3344,-0.0009,0.0024,-3.1308,0.8362,-3.1392,-4701.8291,-28635.9668,24.9434,1
-4703.1636,-28634.3926,24.9425,-5096.7417,-28282.6094,21.9560,-4700.8545,-28639.0078,22.6845,532.6743,-0.0003,0.0017,-3.1296,0.8363,-3.1389,-4701.8213,-28636.0684,24.7815,1
-4703.1636,-28634.3926,24.9425,-5096.4980,-28282.9258,21.9549,-4705.3120,-28632.6348,27.1556,524.7283,-0.0008,0.0032,-3.1285,0.8363,-3.1386,-4702.0215,-28635.8789,24.8289,1
-4703.1636,-28634.3926,24.9425,-5096.2563,-28283.2402,21.9540,-4701.8750,-28633.3301,25.1169,527.3524,-0.0014,0.0027,-3.1276,0.8363,-3.1384,-4702.0640,-28635.7148,24.7879,1
-4703.1636,-28634.3926,24.9425,-5096.0166,-28283.5508,21.9532,-4702.7627,-28638.8418,23.1142,529.9760,0.0001,0.0022,-3.1268,0.8366,-3.1383,-4702.1455,-28635.8086,24.6559,1
-4703.1636,-28634.3926,24.9425,-5095.7788,-28283.8594,21.9526,-4700.4326,-28638.3906,22.9573,531.0220,-0.0005,0.0022,-3.1262,0.8366,-3.1381,-4702.1162,-28635.8906,24.5156,1
-4703.1636,-28634.3926,24.9425,-5095.5435,-28284.1641,21.9521,-4704.8022,-28631.9199,27.6914,523.0996,-0.0011,0.0037,-3.1258,0.8370,-3.1380,-4702.2886,-28635.6719,24.5997,1
-4703.1636,-28634.3926,24.9425,-5095.3101,-28284.4668,21.9518,-4701.2847,-28632.4844,25.9443,525.7159,-0.0016,0.0032,-3.1255,0.8372,-3.1379,-4702.2964,-28635.4746,24.6108,1
-4703.1636,-28634.3926,24.9425,-5095.0791,-28284.7676,21.9517,-4702.2598,-28638.0820,24.2256,528.3318,-0.0002,0.0027,-3.1253,0.8373,-3.1379,-4702.3452,-28635.5391,24.5460,1
-4703.1636,-28634.3926,24.9425,-5094.8496,-28285.0645,21.9516,-4700.0244,-28637.7852,23.2143,529.4259,-0.0007,0.0024,-3.1253,0.8373,-3.1379,-4702.2861,-28635.5977,24.4350,1
-4703.1636,-28634.3926,24.9425,-5094.6226,-28285.3594,21.9517,-4704.5068,-28631.4434,28.1627,521.5263,-0.0012,0.0039,-3.1254,0.8373,-3.1379,-4702.4321,-28635.3594,24.5599,1
-4703.1636,-28634.3926,24.9425,-5094.3975,-28285.6523,21.9519,-4701.0039,-28631.9883,26.6290,524.1351,-0.0018,0.0034,-3.1256,0.8376,-3.1379,-4702.4136,-28635.1426,24.6221,1
-4703.1636,-28634.3926,24.9425,-5094.1743,-28285.9414,21.9522,-4701.9741,-28637.5625,25.0958,526.7435,-0.0004,0.0029,-3.1259,0.8377,-3.1380,-4702.4355,-28635.1855,24.6176,1
-4703.1636,-28634.3926,24.9425,-5093.9531,-28286.2285,21.9525,-4699.6157,-28637.1797,23.3580,527.8850,-0.0009,0.0023,-3.1262,0.8377,-3.1381,-4702.3428,-28635.2207,24.5332,1
-4703.1636,-28634.3926,24.9425,-5093.7339,-28286.5137,21.9528,-4704.0312,-28630.7676,28.4013,520.0073,-0.0015,0.0038,-3.1265,0.8379,-3.1381,-4702.4517,-28634.9551,24.6889,1
-4703.1636,-28634.3926,24.9425,-5093.5166,-28286.7949,21.9532,-4704.8779,-28636.1738,26.9399,522.6087,-0.0000,0.0033,-3.1269,0.8383,-3.1382,-4702.6030,-28634.9434,24.7842,1
-4703.1636,-28634.3926,24.9425,-5093.3013,-28287.0742,21.9536,-4701.4775,-28636.8125,25.4828,525.2100,-0.0006,0.0028,-3.1273,0.8383,-3.1383,-4702.5957,-28634.9668,24.8154,1
-4703.1636,-28634.3926,24.9425,-5093.0874,-28287.3516,21.9540,-4699.2046,-28636.5703,23.3820,526.3959,-0.0011,0.0021,-3.1277,0.8384,-3.1384,-4702.4756,-28634.9863,24.7484,1
-4703.1636,-28634.3926,24.9425,-5092.8760,-28287.6270,21.9543,-4703.6128,-28630.1582,28.4136,518.5393,-0.0017,0.0036,-3.1280,0.8386,-3.1385,-4702.5562,-28634.7051,24.9197,1
-4703.1636,-28634.3926,24.9425,-5092.6660,-28287.9004,21.9547,-4704.4370,-28635.5273,26.9408,521.1339,-0.0002,0.0031,-3.1284,0.8391,-3.1386,-4702.6768,-28634.6738,25.0281,1
-4703.1636,-28634.3926,24.9425,-5092.4575,-28288.1699,21.9550,-4701.7729,-28635.2441,26.9257,522.5994,-0.0008,0.0031,-3.1287,0.8391,-3.1386,-4702.6724,-28634.6328,25.1395,1
-4703.1636,-28634.3926,24.9425,-5092.2510,-28288.4375,21.9552,-4698.7974,-28635.9668,23.3328,524.9553,-0.0013,0.0019,-3.1289,0.8392,-3.1387,-4702.5225,-28634.6328,25.0827,1
-4703.1636,-28634.3926,24.9425,-5092.0464,-28288.7031,21.9554,-4700.1382,-28632.7480,22.9055,521.4915,-0.0017,0.0018,-3.1292,0.8395,-3.1387,-4702.4253,-28634.4863,24.9991,1
-4703.1636,-28634.3926,24.9425,-5091.8433,-28288.9668,21.9556,-4704.1411,-28635.0430,26.7686,519.7069,-0.0004,0.0029,-3.1294,0.8395,-3.1388,-4702.5137,-28634.4473,25.0950,1
-4703.1636,-28634.3926,24.9425,-5091.6421,-28289.2285,21.9558,-4700.7832,-28635.6660,25.2218,522.2944,-0.0010,0.0024,-3.1295,0.8396,-3.1388,-4702.4448,-28634.4414,25.1200,1
-4703.1636,-28634.3926,24.9425,-5091.4424,-28289.4883,21.9559,-4704.5317,-28630.7285,27.5224,515.9124,-0.0013,0.0031,-3.1297,0.8398,-3.1388,-4702.5518,-28634.2051,25.2557,1
-4703.1636,-28634.3926,24.9425,-5091.2446,-28289.7441,21.9560,-4706.9907,-28633.7109,28.1440,515.7439,-0.0001,0.0033,-3.1298,0.8402,-3.1389,-4702.7822,-28634.1074,25.4260,1
-4703.1636,-28634.3926,24.9425,-5091.0483,-28290.0000,21.9560,-4702.6802,-28636.5684,28.1099,520.5444,-0.0003,0.0033,-3.1298,0.8403,-3.1389,-4702.8130,-28634.1504,25.5984,1
-4703.1636,-28634.3926,24.9425,-5090.8535,-28290.2520,21.9560,-4700.2920,-28634.9297,24.9806,520.9061,-0.0012,0.0023,-3.1299,0.8403,-3.1389,-4702.7271,-28634.1230,25.6244,1
-4703.1636,-28634.3926,24.9425,-5090.6602,-28290.5020,21.9560,-4697.9058,-28634.6699,23.2165,522.2092,-0.0017,0.0018,-3.1299,0.8406,-3.1389,-4702.5200,-28634.0879,25.5616,1
-4703.1636,-28634.3926,24.9425,-5090.4688,-28290.7520,21.9560,-4706.5615,-28633.1094,28.0464,514.4119,-0.0003,0.0033,-3.1299,0.8410,-3.1389,-4702.7178,-28633.9844,25.7236,1
-4703.1636,-28634.3926,24.9425,-5090.2788,-28290.9980,21.9560,-4703.2197,-28633.7070,26.4514,516.9868,-0.0008,0.0028,-3.1299,0.8410,-3.1389,-4702.7622,-28633.9082,25.8113,1
-4703.1636,-28634.3926,24.9425,-5090.0908,-28291.2422,21.9560,-4699.8892,-28634.2969,24.8370,519.5615,-0.0014,0.0023,-3.1299,0.8411,-3.1389,-4702.6465,-28633.8652,25.8201,1
-4703.1636,-28634.3926,24.9425,-5089.9043,-28291.4844,21.9559,-4701.8418,-28638.9746,23.1851,520.9006,0.0001,0.0018,-3.1299,0.8414,-3.1389,-4702.6167,-28634.0488,25.7445,1
-4703.1636,-28634.3926,24.9425,-5089.7192,-28291.7246,21.9559,-4706.2744,-28632.6621,28.0064,513.1218,-0.0004,0.0033,-3.1299,0.8414,-3.1388,-4702.8003,-28633.9453,25.8933,1
-4703.1636,-28634.3926,24.9425,-5089.5356,-28291.9629,21.9559,-4704.4810,-28635.1465,23.3362,515.7879,-0.0002,0.0018,-3.1298,0.8414,-3.1388,-4702.9038,-28633.9590,25.8183,1
-4703.1636,-28634.3926,24.9425,-5089.3535,-28292.1992,21.9559,-4699.5591,-28633.7441,24.8016,518.2592,-0.0015,0.0023,-3.1298,0.8417,-3.1388,-4702.7725,-28633.9121,25.8061,1
-4703.1636,-28634.3926,24.9425,-5089.1733,-28292.4316,21.9559,-4701.3926,-28638.3359,23.1871,519.6338,-0.0001,0.0018,-3.1298,0.8421,-3.1388,-4702.7207,-28634.0859,25.7122,1
-4703.1636,-28634.3926,24.9425,-5088.9946,-28292.6641,21.9558,-4705.8296,-28632.0352,28.0058,511.8727,-0.0006,0.0033,-3.1298,0.8422,-3.1388,-4702.8804,-28633.9688,25.8441,1
-4703.1636,-28634.3926,24.9425,-5088.8169,-28292.8945,21.9559,-4702.5269,-28632.6191,26.4265,514.4357,-0.0012,0.0028,-3.1298,0.8422,-3.1388,-4702.8857,-28633.8750,25.9028,1
-4703.1636,-28634.3926,24.9425,-5088.6411,-28293.1230,21.9559,-4703.4282,-28637.9375,24.8218,516.9984,0.0003,0.0023,-3.1299,0.8425,-3.1388,-4702.9326,-28634.0391,25.8836,1
-4703.1636,-28634.3926,24.9425,-5088.4668,-28293.3496,21.9559,-4701.1035,-28637.8789,23.1984,518.4076,-0.0002,0.0018,-3.1299,0.8425,-3.1388,-4702.8677,-28634.2090,25.7820,1
-4703.1636,-28634.3926,24.9425,-5088.2939,-28293.5742,21.9559,-4705.5591,-28631.6055,28.0194,510.6637,-0.0008,0.0033,-3.1299,0.8425,-3.1388,-4703.0137,-28634.0840,25.9069,1
-4703.1636,-28634.3926,24.9425,-5088.1226,-28293.7969,21.9560,-4706.2788,-28633.6992,25.2793,511.2161,-0.0001,0.0024,-3.1300,0.8426,-3.1389,-4703.2007,-28634.0566,25.9020,1
-4703.1636,-28634.3926,24.9425,-5087.9526,-28294.0156,21.9560,-4703.1582,-28637.4668,24.8696,515.7780,0.0001,0.0023,-3.1301,0.8429,-3.1389,-4703.2407,-28634.2109,25.8746,1
-4703.1636,-28634.3926,24.9425,-5087.7847,-28294.2344,21.9561,-4700.6953,-28637.2852,23.2067,517.2206,-0.0004,0.0017,-3.1301,0.8429,-3.1389,-4703.1592,-28634.3652,25.7635,1
-4703.1636,-28634.3926,24.9425,-5087.6172,-28294.4512,21.9561,-4702.7310,-28637.5117,27.6651,515.6064,0.0000,0.0031,-3.1302,0.8430,-3.1389,-4703.1685,-28634.5371,25.8612,1
-4703.1636,-28634.3926,24.9425,-5087.4517,-28294.6660,21.9562,-4701.8003,-28631.4922,26.4768,512.0452,-0.0015,0.0027,-3.1302,0.8432,-3.1389,-4703.1294,-28634.4219,25.9055,1
-4703.1636,-28634.3926,24.9425,-5087.2876,-28294.8789,21.9562,-4702.7822,-28636.8789,24.9006,514.5966,-0.0001,0.0022,-3.1303,0.8433,-3.1389,-4703.1338,-28634.5605,25.8737,1
-4703.1636,-28634.3926,24.9425,-5087.1250,-28295.0918,21.9563,-4700.3027,-28636.7090,23.2081,516.0717,-0.0007,0.0017,-3.1304,0.8433,-3.1389,-4703.0161,-28634.6953,25.7569,1
-4703.1636,-28634.3926,24.9425,-5086.9634,-28295.3008,21.9564,-4704.7754,-28630.4668,28.0208,508.3606,-0.0012,0.0032,-3.1305,0.8433,-3.1390,-4703.1089,-28634.5273,25.8681,1
-4703.1636,-28634.3926,24.9425,-5086.8037,-28295.5078,21.9564,-4705.7593,-28635.8320,26.4648,510.9070,0.0002,0.0027,-3.1305,0.8433,-3.1390,-4703.2529,-28634.6113,25.9079,1
-4703.1636,-28634.3926,24.9425,-5086.6450,-28295.7148,21.9565,-4702.5005,-28636.3984,24.9040,513.4532,-0.0003,0.0022,-3.1306,0.8433,-3.1390,-4703.2432,-28634.7246,25.8723,1
-4703.1636,-28634.3926,24.9425,-5086.4873,-28295.9180,21.9566,-4702.7808,-28632.3848,27.6082,510.3559,-0.0012,0.0030,-3.1307,0.8433,-3.1390,-4703.2437,-28634.6445,25.9658,1
-4703.1636,-28634.3926,24.9425,-5086.3315,-28296.1211,21.9566,-4707.9272,-28634.2930,27.8329,507.5178,0.0003,0.0031,-3.1308,0.8433,-3.1390,-4703.4951,-28634.6504,26.0744,1
-4703.1636,-28634.3926,24.9425,-5086.1768,-28296.3203,21.9567,-4701.0664,-28638.0820,28.1780,514.9163,-0.0002,0.0032,-3.1308,0.8437,-3.1390,-4703.4199,-28634.8379,26.2018,1
-4703.1636,-28634.3926,24.9425,-5086.0234,-28296.5195,21.9567,-4701.9893,-28635.6582,24.8864,512.3461,-0.0006,0.0022,-3.1309,0.8437,-3.1391,-4703.3818,-28634.9160,26.1725,1
-4703.1636,-28634.3926,24.9425,-5085.8716,-28296.7168,21.9568,-4699.4976,-28635.5293,23.1954,513.8823,-0.0011,0.0016,-3.1309,0.8437,-3.1391,-4703.2173,-28634.9863,26.0562,1
-4703.1636,-28634.3926,24.9425,-5085.7207,-28296.9141,21.9568,-4708.1050,-28633.9902,27.9703,506.2018,0.0003,0.0031,-3.1310,0.8440,-3.1391,-4703.4653,-28634.9805,26.1654,1
-4703.1636,-28634.3926,24.9425,-5085.5713,-28297.1074,21.9569,-4704.8618,-28634.5430,26.4249,508.7381,-0.0003,0.0026,-3.1311,0.8440,-3.1391,-4703.5630,-28634.9980,26.2017,1
-4703.1636,-28634.3926,24.9425,-5085.4229,-28297.2988,21.9569,-4701.6226,-28635.0820,24.8630,511.2742,-0.0008,0.0021,-3.1311,0.8440,-3.1391,-4703.5039,-28635.0391,26.1610,1
-4703.1636,-28634.3926,24.9425,-5085.2759,-28297.4902,21.9570,-4699.0156,-28634.8496,23.1865,512.8392,-0.0014,0.0016,-3.1312,0.8443,-3.1391,-4703.3115,-28635.0664,26.0343,1
-4703.1636,-28634.3926,24.9425,-5085.1304,-28297.6797,21.9570,-4707.6934,-28633.4102,27.9485,505.1732,0.0001,0.0031,-3.1312,0.8443,-3.1391,-4703.5342,-28635.0195,26.1335,1
-4703.1636,-28634.3926,24.9425,-5084.9858,-28297.8672,21.9571,-4702.7407,-28636.5742,23.5693,510.7156,-0.0002,0.0017,-3.1313,0.8443,-3.1391,-4703.5215,-28635.1230,26.0214,1
-4703.1636,-28634.3926,24.9425,-5084.8428,-28298.0527,21.9571,-4701.2397,-28634.4883,24.8402,510.2361,-0.0010,0.0021,-3.1313,0.8443,-3.1391,-4703.4321,-28635.1270,25.9649,1
-4703.1636,-28634.3926,24.9425,-5084.7007,-28298.2363,21.9571,-4698.6260,-28634.2695,23.1794,511.8290,-0.0016,0.0016,-3.1314,0.8446,-3.1392,-4703.2090,-28635.1172,25.8248,1
-4703.1636,-28634.3926,24.9425,-5084.5601,-28298.4199,21.9572,-4707.2954,-28632.8457,27.9296,504.1770,-0.0001,0.0031,-3.1314,0.8446,-3.1392,-4703.4009,-28635.0312,25.9122,1
-4703.1636,-28634.3926,24.9425,-5084.4204,-28298.6016,21.9572,-4704.0791,-28633.3828,26.3848,506.7040,-0.0007,0.0026,-3.1314,0.8446,-3.1392,-4703.4429,-28634.9668,25.9285,1
-4703.1636,-28634.3926,24.9425,-5084.2817,-28298.7812,21.9573,-4700.8618,-28633.8984,24.8240,509.2306,-0.0013,0.0021,-3.1315,0.8447,-3.1392,-4703.3281,-28634.9238,25.8696,1
-4703.1636,-28634.3926,24.9425,-5084.1445,-28298.9590,21.9573,-4702.4512,-28638.4922,23.1633,510.8506,0.0002,0.0015,-3.1315,0.8450,-3.1392,-4703.2847,-28635.1016,25.7273,1
-4703.1636,-28634.3926,24.9425,-5084.0083,-28299.1348,21.9573,-4700.7715,-28637.1855,26.0704,511.0357,-0.0005,0.0024,-3.1316,0.8450,-3.1392,-4703.1572,-28635.2246,25.7216,1
-4703.1636,-28634.3926,24.9425,-5083.8735,-28299.3105,21.9574,-4701.1304,-28632.3477,26.9702,507.3685,-0.0015,0.0027,-3.1316,0.8450,-3.1392,-4703.0415,-28635.1113,25.7625,1
-4703.1636,-28634.3926,24.9425,-5083.7397,-28299.4844,21.9574,-4700.3862,-28633.1973,24.8135,508.2569,-0.0015,0.0020,-3.1317,0.8452,-3.1392,-4702.8853,-28635.0332,25.7010,1
-4703.1636,-28634.3926,24.9425,-5083.6069,-28299.6562,21.9574,-4702.0225,-28637.8848,23.1590,509.9029,0.0000,0.0015,-3.1317,0.8456,-3.1392,-4702.8052,-28635.1816,25.5573,1
-4703.1636,-28634.3926,24.9425,-5083.4756,-28299.8262,21.9575,-4706.4507,-28631.6543,27.9016,502.2776,-0.0005,0.0030,-3.1317,0.8457,-3.1392,-4702.9448,-28635.0254,25.6431,1
-4703.1636,-28634.3926,24.9425,-5083.3452,-28299.9961,21.9575,-4703.2520,-28632.1660,26.3624,504.7957,-0.0011,0.0025,-3.1318,0.8457,-3.1392,-4702.9360,-28634.8887,25.6591,1
-4703.1636,-28634.3926,24.9425,-5083.2158,-28300.1641,21.9576,-4698.4424,-28637.9473,26.6436,512.0168,-0.0007,0.0026,-3.1318,0.8460,-3.1393,-4702.6938,-28635.0273,25.6910,1
-4703.1636,-28634.3926,24.9425,-5083.0874,-28300.3301,21.9576,-4701.7300,-28637.4297,23.1553,508.9849,-0.0001,0.0015,-3.1319,0.8460,-3.1393,-4702.6030,-28635.1504,25.5550,1
-4703.1636,-28634.3926,24.9425,-5082.9604,-28300.4941,21.9576,-4706.1733,-28631.2207,27.8893,501.3723,-0.0007,0.0030,-3.1319,0.8460,-3.1393,-4702.7334,-28634.9707,25.6481,1
-4703.1636,-28634.3926,24.9425,-5082.8345,-28300.6582,21.9577,-4702.8750,-28631.5977,26.3521,503.8863,-0.0013,0.0025,-3.1320,0.8464,-3.1393,-4702.7100,-28634.7988,25.6710,1
-4703.1636,-28634.3926,24.9425,-5082.7095,-28300.8203,21.9577,-4703.7607,-28636.7324,24.7894,506.3999,0.0002,0.0020,-3.1320,0.8467,-3.1393,-4702.7319,-28634.8770,25.6187,1
-4703.1636,-28634.3926,24.9425,-5082.5854,-28300.9824,21.9577,-4701.3218,-28636.8438,23.1511,508.0957,-0.0003,0.0015,-3.1320,0.8468,-3.1393,-4702.6382,-28634.9629,25.4845,1
-4703.1636,-28634.3926,24.9425,-5082.4629,-28301.1406,21.9578,-4705.7720,-28630.6465,27.8771,500.4953,-0.0009,0.0030,-3.1321,0.8468,-3.1393,-4702.7637,-28634.7480,25.5797,1
-4703.1636,-28634.3926,24.9425,-5082.3408,-28301.2988,21.9578,-4702.5137,-28631.0469,26.3427,503.0052,-0.0014,0.0025,-3.1321,0.8470,-3.1393,-4702.7354,-28634.5430,25.6049,1
-4703.1636,-28634.3926,24.9425,-5082.2202,-28301.4551,21.9579,-4703.5029,-28636.2930,24.7829,505.5148,0.0000,0.0020,-3.1322,0.8471,-3.1393,-4702.7559,-28634.5898,25.5551,1
-4703.1636,-28634.3926,24.9425,-5082.1006,-28301.6113,21.9579,-4700.9360,-28636.2812,23.1456,507.2341,-0.0005,0.0014,-3.1322,0.8471,-3.1393,-4702.6528,-28634.6445,25.4234,1
-4703.1636,-28634.3926,24.9425,-5081.9819,-28301.7656,21.9579,-4697.7881,-28636.7324,27.9719,509.7398,-0.0011,0.0029,-3.1322,0.8471,-3.1393,-4702.3921,-28634.7246,25.5242,1
-4703.1636,-28634.3926,24.9425,-5081.8643,-28301.9180,21.9580,-4706.2954,-28635.2246,26.3203,502.1516,0.0004,0.0024,-3.1323,0.8474,-3.1393,-4702.5420,-28634.7383,25.5516,1
-4703.1636,-28634.3926,24.9425,-5081.7476,-28302.0703,21.9580,-4703.1196,-28635.7148,24.7722,504.6573,-0.0002,0.0019,-3.1323,0.8474,-3.1394,-4702.5449,-28634.7754,25.5047,1
-4703.1636,-28634.3926,24.9425,-5081.6318,-28302.2188,21.9580,-4700.5361,-28635.6992,23.1401,506.3994,-0.0007,0.0014,-3.1324,0.8474,-3.1394,-4702.4229,-28634.8164,25.3759,1
-4703.1636,-28634.3926,24.9425,-5081.5171,-28302.3691,21.9581,-4697.3965,-28636.1445,27.9577,508.9013,-0.0013,0.0029,-3.1324,0.8474,-3.1394,-4702.1436,-28634.8809,25.4798,1
-4703.1636,-28634.3926,24.9425,-5081.4033,-28302.5156,21.9581,-4705.8867,-28634.6328,26.3083,501.3245,0.0002,0.0024,-3.1325,0.8478,-3.1394,-4702.2749,-28634.8750,25.5102,1
-4703.1636,-28634.3926,24.9425,-5081.2900,-28302.6621,21.9581,-4702.7183,-28635.1113,24.7620,503.8264,-0.0004,0.0019,-3.1325,0.8478,-3.1394,-4702.2593,-28634.8906,25.4662,1
-4703.1636,-28634.3926,24.9425,-5081.1782,-28302.8066,21.9582,-4700.1450,-28635.1309,23.1345,505.5905,-0.0009,0.0014,-3.1325,0.8478,-3.1394,-4702.1196,-28634.9082,25.3406,1
-4703.1636,-28634.3926,24.9425,-5081.0674,-28302.9512,21.9582,-4698.9644,-28637.0039,24.5181,507.5378,-0.0007,0.0018,-3.1326,0.8480,-3.1394,-4701.9189,-28635.0176,25.2788,1
-4703.1636,-28634.3926,24.9425,-5080.9575,-28303.0938,21.9582,-4705.5156,-28634.0859,26.2964,500.5230,-0.0000,0.0024,-3.1326,0.8481,-3.1394,-4702.0391,-28634.9883,25.3046,1
-4703.1636,-28634.3926,24.9425,-5080.8486,-28303.2363,21.9583,-4702.3628,-28634.5625,24.7520,503.0213,-0.0006,0.0019,-3.1326,0.8481,-3.1394,-4702.0127,-28634.9785,25.2571,1
-4703.1636,-28634.3926,24.9425,-5080.7407,-28303.3750,21.9583,-4699.7544,-28634.5586,23.1286,504.8067,-0.0011,0.0014,-3.1327,0.8481,-3.1394,-4701.8604,-28634.9668,25.1291,1
-4703.1636,-28634.3926,24.9425,-5080.6333,-28303.5156,21.9583,-4700.7329,-28639.6777,27.9195,507.3015,0.0003,0.0029,-3.1327,0.8484,-3.1394,-4701.7539,-28635.2070,25.2341,1
-4703.1636,-28634.3926,24.9425,-5080.5269,-28303.6523,21.9584,-4705.1099,-28633.4961,26.2841,499.7463,-0.0002,0.0024,-3.1328,0.8484,-3.1394,-4701.8662,-28635.1523,25.2674,1
-4703.1636,-28634.3926,24.9425,-5080.4219,-28303.7891,21.9584,-4701.9653,-28633.9629,24.7413,502.2411,-0.0008,0.0019,-3.1328,0.8484,-3.1394,-4701.8311,-28635.1133,25.2271,1
-4703.1636,-28634.3926,24.9425,-5080.3174,-28303.9258,21.9584,-4699.3608,-28633.9844,23.1229,504.0470,-0.0013,0.0013,-3.1328,0.8484,-3.1395,-4701.6694,-28635.0742,25.1061,1
-4703.1636,-28634.3926,24.9425,-5080.2139,-28304.0586,21.9585,-4700.4258,-28639.1953,27.9065,506.5383,0.0001,0.0028,-3.1329,0.8484,-3.1395,-4701.5576,-28635.2871,25.2179,1
-4703.1636,-28634.3926,24.9425,-5080.1108,-28304.1934,21.9585,-4704.8174,-28633.0371,26.2729,498.9935,-0.0005,0.0023,-3.1329,0.8485,-3.1395,-4701.6646,-28635.2051,25.2575,1
-4703.1636,-28634.3926,24.9425,-5080.0093,-28304.3242,21.9585,-4701.6821,-28633.4961,24.7314,501.4849,-0.0010,0.0018,-3.1329,0.8485,-3.1395,-4701.6255,-28635.1387,25.2232,1
-4703.1636,-28634.3926,24.9425,-5079.9082,-28304.4551,21.9586,-4703.0547,-28638.0801,23.1078,503.3106,0.0004,0.0013,-3.1330,0.8487,-3.1395,-4701.6562,-28635.2949,25.1076,1
-4703.1636,-28634.3926,24.9425,-5079.8081,-28304.5859,21.9586,-4699.9429,-28638.5156,27.8931,505.7986,-0.0002,0.0028,-3.1330,0.8487,-3.1395,-4701.5386,-28635.4785,25.2249,1
-4703.1636,-28634.3926,24.9425,-5079.7090,-28304.7148,21.9586,-4704.3433,-28632.3672,26.2616,498.2638,-0.0007,0.0023,-3.1330,0.8487,-3.1395,-4701.6377,-28635.3633,25.2694,1
-4703.1636,-28634.3926,24.9425,-5079.6104,-28304.8418,21.9586,-4705.2954,-28632.0918,27.5698,497.2189,-0.0006,0.0027,-3.1331,0.8488,-3.1395,-4701.7935,-28635.2246,25.3821,1
-4703.1636,-28634.3926,24.9425,-5079.5127,-28304.9688,21.9587,-4702.6367,-28637.4922,23.1021,502.5968,0.0002,0.0013,-3.1331,0.8491,-3.1395,-4701.8252,-28635.3457,25.2774,1
-4703.1636,-28634.3926,24.9425,-5079.4160,-28305.0938,21.9587,-4699.5308,-28637.9121,27.8802,505.0817,-0.0004,0.0028,-3.1331,0.8491,-3.1395,-4701.7061,-28635.4922,25.4040,1
-4703.1636,-28634.3926,24.9425,-5079.3203,-28305.2188,21.9587,-4703.9390,-28631.7773,26.2510,497.5565,-0.0009,0.0023,-3.1332,0.8491,-3.1395,-4701.8008,-28635.3379,25.4564,1
-4703.1636,-28634.3926,24.9425,-5079.2251,-28305.3418,21.9588,-4704.8809,-28636.8633,24.7041,500.0414,0.0005,0.0018,-3.1332,0.8493,-3.1395,-4701.9487,-28635.4277,25.4328,1
-4703.1636,-28634.3926,24.9425,-5079.1309,-28305.4648,21.9588,-4702.3276,-28637.0234,23.0974,501.9048,0.0000,0.0013,-3.1332,0.8493,-3.1396,-4701.9766,-28635.5273,25.3269,1
-4703.1636,-28634.3926,24.9425,-5079.0371,-28305.5859,21.9588,-4699.2339,-28637.4434,27.8684,504.3866,-0.0005,0.0028,-3.1333,0.8494,-3.1396,-4701.8511,-28635.6504,25.4522,1
-4703.1636,-28634.3926,24.9425,-5078.9443,-28305.7070,21.9588,-4703.6489,-28631.3184,26.2406,496.8707,-0.0011,0.0023,-3.1333,0.8494,-3.1396,-4701.9385,-28635.4707,25.5029,1
-4703.1636,-28634.3926,24.9425,-5078.8525,-28305.8262,21.9589,-4704.6597,-28636.4785,24.6957,499.3525,0.0004,0.0018,-3.1333,0.8494,-3.1396,-4702.0806,-28635.5391,25.4774,1
-4703.1636,-28634.3926,24.9425,-5078.7612,-28305.9434,21.9589,-4701.9395,-28636.4629,23.0913,501.2339,-0.0002,0.0013,-3.1334,0.8494,-3.1396,-4702.0923,-28635.6055,25.3695,1
-4703.1636,-28634.3926,24.9425,-5078.6709,-28306.0605,21.9589,-4704.7700,-28630.3398,22.9692,494.9304,-0.0011,0.0012,-3.1334,0.8494,-3.1396,-4702.2446,-28635.3672,25.2491,1
-4703.1636,-28634.3926,24.9425,-5078.5815,-28306.1777,21.9589,-4703.2788,-28630.7656,26.2290,496.2058,-0.0013,0.0023,-3.1334,0.8494,-3.1396,-4702.3271,-28635.1387,25.2864,1
-4703.1636,-28634.3926,24.9425,-5078.4927,-28306.2930,21.9590,-4704.2832,-28635.9180,24.6857,498.6846,0.0001,0.0018,-3.1335,0.8494,-3.1396,-4702.4604,-28635.1543,25.2494,1
-4703.1636,-28634.3926,24.9425,-5078.4043,-28306.4062,21.9590,-4701.5396,-28635.8906,23.0854,500.5832,-0.0005,0.0013,-3.1335,0.8494,-3.1396,-4702.4590,-28635.1738,25.1315,1
-4703.1636,-28634.3926,24.9425,-5078.3174,-28306.5195,21.9590,-4698.4619,-28636.2969,27.8428,503.0592,-0.0010,0.0028,-3.1335,0.8494,-3.1396,-4702.3008,-28635.2148,25.2462,1
-4703.1636,-28634.3926,24.9425,-5078.2305,-28306.6328,21.9591,-4706.9116,-28634.7969,26.2096,495.5610,0.0004,0.0022,-3.1336,0.8496,-3.1396,-4702.5522,-28635.1855,25.2872,1
-4703.1636,-28634.3926,24.9425,-5078.1445,-28306.7441,21.9591,-4703.8081,-28635.2422,24.6765,498.0370,-0.0001,0.0017,-3.1336,0.8497,-3.1396,-4702.6577,-28635.1777,25.2541,1
-4703.1636,-28634.3926,24.9425,-5078.0596,-28306.8535,21.9591,-4701.1489,-28635.3242,23.0798,499.9523,-0.0007,0.0012,-3.1336,0.8497,-3.1396,-4702.6309,-28635.1758,25.1400,1
-4703.1636,-28634.3926,24.9425,-5077.9751,-28306.9648,21.9591,-4697.9961,-28635.6309,27.8303,502.4255,-0.0012,0.0027,-3.1336,0.8499,-3.1397,-4702.4414,-28635.1875,25.2582,1
-4703.1636,-28634.3926,24.9425,-5077.8916,-28307.0723,21.9592,-4706.4175,-28634.1152,26.1993,494.9357,0.0002,0.0022,-3.1337,0.8502,-3.1397,-4702.6592,-28635.1270,25.3023,1
-4703.1636,-28634.3926,24.9425,-5077.8086,-28307.1797,21.9592,-4703.3159,-28634.5469,24.6679,497.4089,-0.0003,0.0017,-3.1337,0.8503,-3.1397,-4702.7300,-28635.0859,25.2721,1
-4703.1636,-28634.3926,24.9425,-5077.7261,-28307.2871,21.9592,-4700.7539,-28634.7559,23.0741,499.3404,-0.0008,0.0012,-3.1337,0.8503,-3.1397,-4702.6719,-28635.0527,25.1608,1
