0.0000,0.0000,0.0000,0.0000,0.0000,0.0000,0.0000,0.0000,0.0000,0.0000,0.0000,0.0000,0.0000,0.0000,0.0000,0.0000,0.0000,0.0000,0
0.0000,0.0000,0.0000,0.0000,0.0000,0.0000,0.0000,0.0000,0.0000,0.0000,0.0000,0.0000,0.0000,0.0000,0.0000,0.0000,0.0000,0.0000,0
0.0000,0.0000,0.0000,0.0000,0.0000,0.0000,0.0000,0.0000,0.0000,0.0000,0.0000,0.0000,0.0000,0.0000,0.0000,0.0000,0.0000,0.0000,0
0.0000,0.0000,0.0000,0.0000,0.0000,0.0000,0.0000,0.0000,0.0000,0.0000,0.0000,0.0000,0.0000,0.0000,0.0000,0.0000,0.0000,0.0000,0
0.0000,0.0000,0.0000,0.0000,0.0000,0.0000,0.0000,0.0000,0.0000,0.0000,0.0000,0.0000,0.0000,0.0000,0.0000,0.0000,0.0000,0.0000,0
0.0000,0.0000,0.0000,-5252.6138,-28084.4629,22.4979,0.0000,0.0000,0.0000,0.0000,0.0000,0.0000,3.1416,0.7854,3.1416,0.0000,0.0000,0.0000,0
-4703.1636,-28634.3926,24.9425,-5252.6138,-28084.4629,22.4962,0.0000,0.0000,0.0000,0.0000,0.0000,0.0000,-3.1415,0.7854,-3.1416,0.0000,0.0000,0.0000,0
-4703.1636,-28634.3926,24.9425,-5252.6138,-28084.4629,22.4917,0.0000,0.0000,0.0000,0.0000,0.0000,0.0000,-3.1415,0.7854,-3.1416,0.0000,0.0000,0.0000,0
-4703.1636,-28634.3926,24.9425,-5252.6138,-28084.4629,22.4844,0.0000,0.0000,0.0000,0.0000,0.0000,0.0000,-3.1414,0.7854,-3.1415,0.0000,0.0000,0.0000,0
-4703.1636,-28634.3926,24.9425,-5252.6138,-28084.4629,22.4742,0.0000,0.0000,0.0000,0.0000,0.0000,0.0000,-3.1414,0.7854,-3.1415,0.0000,0.0000,0.0000,0
-4703.1636,-28634.3926,24.9425,-5252.6138,-28084.4629,22.4612,0.0000,0.0000,0.0000,781.0730,-0.0006,0.0007,-3.1414,0.7854,-3.1415,0.0000,0.0000,0.0000,0
-4703.1636,-28634.3926,24.9425,-5252.6138,-28084.4629,22.4455,-4707.4771,-28629.2617,29.2439,770.7266,-0.0000,0.0013,-3.1414,0.7854,-3.1415,-4707.4771,-28629.2617,29.2439,1
-4703.1636,-28634.3926,24.9425,-5252.6138,-28084.4629,22.4270,-4702.8267,-28630.0859,26.8457,774.5870,-0.0006,0.0008,-3.1415,0.7854,-3.1415,-4707.3267,-28629.2891,29.1665,1
-4703.1636,-28634.3926,24.9425,-5252.6138,-28084.4629,22.4058,-4705.0801,-28637.8027,24.4060,778.4479,0.0008,0.0003,-3.1415,0.7854,-3.1414,-4707.2402,-28629.5645,29.0061,1
-4703.1636,-28634.3926,24.9425,-5252.6138,-28084.4629,22.3820,-4700.4272,-28638.6250,21.8821,782.3086,0.0003,-0.0002,-3.1414,0.7854,-3.1414,-4707.0010,-28629.8828,28.7562,1
-4703.1636,-28634.3926,24.9425,-5252.6138,-28084.4629,22.3554,-4706.7974,-28628.4258,29.1335,770.6176,-0.0003,0.0013,-3.1414,0.7854,-3.1414,-4706.9521,-28629.8926,28.7242,1
-4703.1636,-28634.3926,24.9425,-5252.6138,-28084.4629,22.3261,-4702.1484,-28629.2461,26.7013,774.4780,-0.0008,0.0008,-3.1414,0.7854,-3.1414,-4706.7539,-28629.9238,28.6160,1
-4703.1636,-28634.3926,24.9425,-5252.6138,-28084.4629,22.2940,-4704.3926,-28636.9688,24.2411,778.3390,0.0006,0.0003,-3.1414,0.7854,-3.1414,-4706.6201,-28630.2012,28.4264,1
-4703.1636,-28634.3926,24.9425,-5252.6138,-28084.4629,22.2593,-4699.8198,-28637.8652,21.8564,782.1998,0.0001,-0.0002,-3.1414,0.7854,-3.1414,-4706.3379,-28630.5176,28.1539,1
-4703.1636,-28634.3926,24.9425,-5252.6138,-28084.4629,22.2218,-4706.2051,-28627.6758,29.0950,770.5088,-0.0005,0.0013,-3.1414,0.7854,-3.1413,-4706.2476,-28630.5195,28.1018,1
-4703.1636,-28634.3926,24.9425,-5252.6138,-28084.4629,22.1817,-4708.4370,-28635.3750,26.6537,774.3693,0.0010,0.0008,-3.1414,0.7854,-3.1413,-4706.2324,-28630.7637,27.9757,1
-4703.1636,-28634.3926,24.9425,-5252.6138,-28084.4629,22.1388,-4703.7920,-28636.2188,24.1881,778.2302,0.0004,0.0003,-3.1414,0.7854,-3.1413,-4706.0752,-28631.0391,27.7703,1
-4703.1636,-28634.3926,24.9425,-5252.6138,-28084.4629,22.0933,-4699.1401,-28637.0332,21.8372,782.0911,-0.0001,-0.0002,-3.1414,0.7854,-3.1413,-4705.7676,-28631.3477,27.4854,1
-4703.1636,-28634.3926,24.9425,-5252.6138,-28084.4629,22.0451,-4705.5420,-28626.8516,29.0656,770.4001,-0.0007,0.0013,-3.1414,0.7854,-3.1413,-4705.6528,-28631.3379,27.4235,1
-4703.1636,-28634.3926,24.9425,-5252.6138,-28084.4629,21.9942,-4700.5278,-28639.5801,21.2930,782.9146,0.0004,-0.0002,-3.1414,0.7854,-3.1413,-4705.3813,-28631.7227,27.1198,1
-4703.1636,-28634.3926,24.9425,-5252.6123,-28084.4629,21.9468,-4703.1313,-28635.4102,23.5548,778.1215,0.0002,0.0003,-3.1416,0.7854,3.1406,-4705.1860,-28631.9863,26.8787,1
-4703.1636,-28634.3926,24.9425,-5252.6094,-28084.4629,21.9077,-4698.4316,-28636.1699,20.6234,781.9813,-0.0004,-0.0000,-3.1413,0.7853,3.1389,-4704.8398,-28632.2773,26.5415,1
-4703.1636,-28634.3926,24.9425,-5252.6055,-28084.4648,21.8776,-4709.2681,-28634.5020,19.2734,773.1512,0.0010,0.0001,-3.1403,0.7853,3.1373,-4704.8330,-28632.5195,26.1504,1
-4703.1636,-28634.3926,24.9425,-5252.6011,-28084.4648,21.8565,-4707.0869,-28633.7637,21.7224,774.1507,0.0005,0.0010,-3.1386,0.7852,3.1358,-4704.7700,-28632.7363,25.8291,1
-4703.1636,-28634.3926,24.9425,-5252.5952,-28084.4688,21.8443,-4702.4878,-28634.6133,16.6799,778.0117,-0.0000,0.0005,-3.1363,0.7852,3.1344,-4704.5679,-28632.9746,25.3435,1
-4703.1636,-28634.3926,24.9425,-5252.5889,-28084.4707,21.8410,-4697.6396,-28635.2168,18.8214,781.8517,-0.0006,0.0016,-3.1333,0.7852,3.1332,-4704.2114,-28633.2324,24.9154,1
-4703.1636,-28634.3926,24.9425,-5252.5825,-28084.4746,21.8457,-4710.8408,-28631.9023,23.0624,770.1611,0.0008,0.0031,-3.1298,0.7852,3.1324,-4704.2705,-28633.3789,24.6164,1
-4703.1636,-28634.3926,24.9425,-5252.5767,-28084.4785,21.8566,-4706.2056,-28632.7344,17.7919,774.0214,0.0003,0.0026,-3.1261,0.7853,3.1324,-4704.1982,-28633.5449,24.1520,1
-4703.1636,-28634.3926,24.9425,-5252.5723,-28084.4844,21.8715,-4701.5610,-28633.5039,13.1993,777.8822,-0.0003,0.0021,-3.1229,0.7854,3.1331,-4703.9849,-28633.7266,23.5355,1
-4703.1636,-28634.3926,24.9425,-5252.5693,-28084.4863,21.8878,-4708.2212,-28630.8516,27.8039,771.2583,0.0003,0.0053,-3.1206,0.7854,3.1342,-4703.9863,-28633.8164,23.3762,1
-4703.1636,-28634.3926,24.9425,-5252.5684,-28084.4883,21.9035,-4710.2705,-28631.1445,27.7108,770.0178,0.0007,0.0053,-3.1194,0.7855,3.1355,-4704.0679,-28633.9023,23.2336,1
-4703.1636,-28634.3926,24.9425,-5252.5684,-28084.4902,21.9174,-4705.5996,-28631.9570,25.8867,773.8779,0.0001,0.0048,-3.1192,0.7856,3.1367,-4704.0151,-28634.0039,23.0505,1
-4703.1636,-28634.3926,24.9425,-5252.5698,-28084.4902,21.9294,-4700.9277,-28632.7441,24.5988,777.7385,-0.0004,0.0043,-3.1203,0.7857,3.1374,-4703.8188,-28634.1211,22.8406,1
-4703.1636,-28634.3926,24.9425,-5252.5718,-28084.4883,21.9397,-4703.3110,-28640.5605,23.2463,781.5927,0.0010,0.0037,-3.1218,0.7857,3.1377,-4703.6958,-28634.4805,22.5995,1
-4703.1636,-28634.3926,24.9425,-5252.5742,-28084.4863,21.9482,-4709.6304,-28630.2754,32.0104,769.9027,0.0005,0.0052,-3.1234,0.7858,3.1382,-4703.7812,-28634.5176,22.6532,1
-4703.1636,-28634.3926,24.9425,-5252.5771,-28084.4863,21.9549,-4704.9824,-28631.0996,31.2794,773.7628,-0.0001,0.0047,-3.1251,0.7858,3.1388,-4703.7314,-28634.5664,22.7103,1
-4703.1636,-28634.3926,24.9425,-5252.5806,-28084.4844,21.9597,-4700.3228,-28631.8926,30.6506,777.6235,-0.0006,0.0042,-3.1270,0.7858,3.1394,-4703.5371,-28634.6270,22.7717,1
-4703.1636,-28634.3926,24.9425,-5252.5840,-28084.4805,21.9628,-4702.6748,-28639.7734,23.7036,781.4995,0.0009,0.0024,-3.1290,0.7859,3.1400,-4703.4146,-28634.9316,22.6329,1
-4703.1636,-28634.3926,24.9425,-5252.5879,-28084.4785,21.9643,-4709.0293,-28629.5020,32.8911,769.8093,0.0003,0.0039,-3.1312,0.7859,3.1405,-4703.4995,-28634.9082,22.8010,1
-4703.1636,-28634.3926,24.9425,-5252.5923,-28084.4766,21.9646,-4704.3872,-28630.3145,32.5761,773.6694,-0.0003,0.0034,-3.1335,0.7859,3.1409,-4703.4487,-28634.8984,22.9845,1
-4703.1636,-28634.3926,24.9425,-5252.5962,-28084.4727,21.9645,-4707.8262,-28628.5781,36.6589,770.0788,-0.0000,0.0039,-3.1358,0.7860,3.1413,-4703.5146,-28634.8145,23.3271,1
-4703.1636,-28634.3926,24.9425,-5252.6001,-28084.4707,21.9647,-4702.2930,-28639.2422,23.5179,781.4143,0.0006,0.0008,-3.1379,0.7854,3.1415,-4703.4131,-28635.0586,23.2752,1
-4703.1636,-28634.3926,24.9425,-5252.6035,-28084.4668,21.9652,-4697.7876,-28640.1113,32.3594,785.2751,0.0001,0.0023,-3.1396,0.7852,-3.1415,-4703.1685,-28635.3340,23.5071,1
-4703.1636,-28634.3926,24.9425,-5252.6060,-28084.4648,21.9658,-4704.2441,-28630.0469,30.9086,773.5840,-0.0005,0.0018,-3.1410,0.7850,-3.1414,-4703.1201,-28635.2930,23.7172,1
-4703.1636,-28634.3926,24.9425,-5252.6084,-28084.4629,21.9666,-4706.6133,-28637.8730,29.3599,777.4449,0.0010,0.0013,3.1411,0.7848,-3.1414,-4703.1528,-28635.4902,23.8928,1
-4703.1636,-28634.3926,24.9425,-5252.6104,-28084.4609,21.9672,-4701.5068,-28638.3125,22.3823,781.3240,0.0003,-0.0002,3.1404,0.7846,-3.1413,-4703.0322,-28635.7012,23.8561,1
-4703.1636,-28634.3926,24.9425,-5252.6118,-28084.4609,21.9678,-4706.6748,-28634.7812,30.4695,775.2196,0.0005,0.0014,3.1399,0.7844,-3.1413,-4703.0762,-28635.8008,24.0764,1
-4703.1636,-28634.3926,24.9425,-5252.6128,-28084.4590,21.9681,-4703.4668,-28629.1621,27.7321,773.4935,-0.0008,0.0008,3.1398,0.7842,-3.1413,-4703.0273,-28635.7129,24.2222,1
-4703.1636,-28634.3926,24.9425,-5252.6133,-28084.4590,21.9682,-4699.6973,-28637.8535,23.0265,782.2812,-0.0002,-0.0002,3.1398,0.7840,-3.1414,-4702.8608,-28635.8867,24.2229,1
-4703.1636,-28634.3926,24.9425,-5252.6133,-28084.4590,21.9681,-4700.7515,-28637.4082,21.5794,781.2214,-0.0001,-0.0005,3.1400,0.7838,-3.1414,-4702.7231,-28636.0469,24.1735,1
-4703.1636,-28634.3926,24.9425,-5252.6133,-28084.4590,21.9678,-4696.2271,-28638.3086,28.6543,785.0824,-0.0007,0.0010,3.1404,0.7835,-3.1414,-4702.4399,-28636.2344,24.3430,1
-4703.1636,-28634.3926,24.9425,-5252.6128,-28084.4590,21.9673,-4709.5962,-28635.1445,25.7244,773.3909,0.0008,0.0005,3.1409,0.7833,-3.1414,-4702.5747,-28636.3203,24.4282,1
-4703.1636,-28634.3926,24.9425,-5252.6123,-28084.4609,21.9666,-4705.0732,-28636.1133,22.8264,777.2518,0.0002,0.0000,3.1415,0.7831,-3.1415,-4702.5815,-28636.4316,24.4215,1
-4703.1636,-28634.3926,24.9425,-5252.6118,-28084.4609,21.9659,-4700.0757,-28636.5801,21.2508,781.1102,-0.0005,-0.0002,-3.1411,0.7829,-3.1415,-4702.4355,-28636.5547,24.3596,1
-4703.1636,-28634.3926,24.9425,-5252.6108,-28084.4609,21.9651,-4695.5464,-28637.4785,28.1142,784.9710,-0.0010,0.0013,-3.1404,0.7827,-3.1415,-4702.1431,-28636.7012,24.5089,1
-4703.1636,-28634.3926,24.9425,-5252.6104,-28084.4629,21.9644,-4708.9199,-28634.3320,25.0860,773.2796,0.0004,0.0008,-3.1398,0.7825,-3.1415,-4702.2681,-28636.7441,24.5687,1
-4703.1636,-28634.3926,24.9425,-5252.6094,-28084.4629,21.9636,-4704.3975,-28635.2930,22.1644,777.1405,-0.0001,0.0003,-3.1392,0.7823,-3.1416,-4702.2642,-28636.8105,24.5342,1
-4703.1636,-28634.3926,24.9425,-5252.6084,-28084.4648,21.9629,-4699.3911,-28635.7402,21.2922,780.9953,-0.0008,0.0002,-3.1386,0.7820,-3.1416,-4702.1060,-28636.8828,24.4656,1
-4703.1636,-28634.3926,24.9425,-5252.6079,-28084.4648,21.9623,-4694.8618,-28636.6309,28.2721,784.8561,-0.0014,0.0017,-3.1381,0.7818,3.1416,-4701.8008,-28636.9785,24.6119,1
-4703.1636,-28634.3926,24.9425,-5252.6069,-28084.4648,21.9617,-4708.2383,-28633.5020,25.4062,773.1649,0.0001,0.0012,-3.1376,0.7816,3.1416,-4701.9126,-28636.9688,24.6743,1
-4703.1636,-28634.3926,24.9425,-5252.6064,-28084.4668,21.9613,-4703.1919,-28634.1680,24.7453,777.1927,-0.0006,0.0012,-3.1373,0.7814,3.1416,-4701.8774,-28636.9707,24.7157,1
-4703.1636,-28634.3926,24.9425,-5252.6060,-28084.4668,21.9609,-4698.7134,-28634.9043,21.5040,780.8811,-0.0012,0.0005,-3.1370,0.7812,3.1415,-4701.7046,-28636.9863,24.6520,1
-4703.1636,-28634.3926,24.9425,-5252.6055,-28084.4668,21.9607,-4700.8394,-28642.4434,28.7223,784.7420,0.0003,0.0020,-3.1368,0.7815,3.1415,-4701.5952,-28637.2363,24.8108,1
-4703.1636,-28634.3926,24.9425,-5252.6050,-28084.4668,21.9605,-4707.1445,-28632.2539,26.0861,773.0507,-0.0003,0.0015,-3.1367,0.7815,3.1415,-4701.6909,-28637.1660,24.8936,1
-4703.1636,-28634.3926,24.9425,-5252.6050,-28084.4668,21.9604,-4702.5063,-28633.0879,23.6011,776.9116,-0.0008,0.0010,-3.1366,0.7815,3.1415,-4701.6509,-28637.1113,24.8974,1
-4703.1636,-28634.3926,24.9425,-5252.6045,-28084.4688,21.9604,-4697.9277,-28633.9570,21.7083,780.7695,-0.0014,0.0007,-3.1366,0.7815,3.1415,-4701.4683,-28637.0742,24.8365,1
-4703.1636,-28634.3926,24.9425,-5252.6045,-28084.4688,21.9605,-4699.8188,-28641.2754,29.1250,784.6303,0.0001,0.0022,-3.1366,0.7823,3.1415,-4701.3408,-28637.2617,25.0044,1
-4703.1636,-28634.3926,24.9425,-5252.6045,-28084.4688,21.9606,-4705.9951,-28630.9473,26.6549,772.9390,-0.0005,0.0017,-3.1367,0.7825,3.1415,-4701.4116,-28637.1230,25.1021,1
-4703.1636,-28634.3926,24.9425,-5252.6050,-28084.4688,21.9607,-4701.2036,-28631.6211,24.3192,776.7999,-0.0010,0.0012,-3.1368,0.7828,3.1415,-4701.3403,-28636.9922,25.1263,1
-4703.1636,-28634.3926,24.9425,-5252.6050,-28084.4688,21.9609,-4703.6763,-28639.5469,21.8146,780.6602,0.0006,0.0006,-3.1369,0.7837,3.1415,-4701.3496,-28637.1035,25.0670,1
-4703.1636,-28634.3926,24.9425,-5252.6050,-28084.4668,21.9611,-4702.6494,-28633.7344,27.3928,777.2816,-0.0003,0.0017,-3.1371,0.7842,3.1415,-4701.3335,-28637.0312,25.1781,1
-4703.1636,-28634.3926,24.9425,-5252.6055,-28084.4668,21.9612,-4704.8306,-28629.6191,26.9124,772.8298,-0.0005,0.0016,-3.1372,0.7847,3.1415,-4701.3931,-28636.8184,25.2777,1
-4703.1636,-28634.3926,24.9425,-5252.6055,-28084.4668,21.9614,-4699.9062,-28630.1504,24.6168,776.6907,-0.0010,0.0011,-3.1374,0.7852,3.1415,-4701.3027,-28636.6055,25.3052,1
-4703.1636,-28634.3926,24.9425,-5252.6055,-28084.4668,21.9616,-4702.6475,-28638.3711,21.8172,780.5522,0.0007,0.0005,-3.1376,0.7865,3.1415,-4701.2988,-28636.6445,25.2400,1
-4703.1636,-28634.3926,24.9425,-5252.6060,-28084.4668,21.9618,-4697.5815,-28638.7305,29.3186,784.4131,0.0002,0.0020,-3.1377,0.7873,3.1415,-4701.1377,-28636.6992,25.4056,1
-4703.1636,-28634.3926,24.9425,-5252.6060,-28084.4668,21.9620,-4703.5176,-28628.1426,26.8884,772.7219,-0.0004,0.0015,-3.1378,0.7881,3.1415,-4701.1611,-28636.4160,25.5016,1
-4703.1636,-28634.3926,24.9425,-5252.6064,-28084.4668,21.9621,-4698.1245,-28628.1836,24.5582,776.5827,-0.0009,0.0010,-3.1379,0.7894,3.1415,-4701.0166,-28636.1191,25.5238,1
-4703.1636,-28634.3926,24.9425,-5252.6064,-28084.4668,21.9622,-4702.2690,-28637.8418,21.7586,780.4445,0.0012,0.0004,-3.1380,0.7904,3.1416,-4701.0015,-28636.1152,25.4527,1
-4703.1636,-28634.3926,24.9425,-5252.6069,-28084.4668,21.9623,-4697.0815,-28638.0762,29.2062,784.3053,0.0007,0.0019,-3.1381,0.7914,3.1416,-4700.8247,-28636.1250,25.6099,1
-4703.1636,-28634.3926,24.9425,-5252.6069,-28084.4668,21.9624,-4702.9121,-28627.3789,26.7220,772.6140,0.0001,0.0014,-3.1381,0.7924,3.1416,-4700.8286,-28635.7949,25.6950,1
-4703.1636,-28634.3926,24.9425,-5252.6069,-28084.4668,21.9624,-4704.2632,-28634.2227,24.3337,776.4749,0.0016,0.0009,-3.1382,0.7940,3.1416,-4700.8823,-28635.6719,25.7035,1
-4703.1636,-28634.3926,24.9425,-5252.6069,-28084.4668,21.9625,-4701.4663,-28636.8887,21.6883,780.3361,0.0017,0.0004,-3.1382,0.7952,3.1416,-4700.8555,-28635.6309,25.6229,1
-4703.1636,-28634.3926,24.9425,-5252.6069,-28084.4668,21.9625,-4696.1577,-28636.9961,29.0797,784.1970,0.0012,0.0019,-3.1382,0.7964,-3.1416,-4700.6616,-28635.6016,25.7684,1
-4703.1636,-28634.3926,24.9425,-5252.6074,-28084.4668,21.9625,-4706.5493,-28629.2246,24.6610,771.3259,0.0018,0.0010,-3.1382,0.7976,-3.1416,-4700.7939,-28635.3242,25.7785,1
-4703.1636,-28634.3926,24.9425,-5252.6074,-28084.4668,21.9625,-4703.4307,-28633.2383,24.1148,776.3666,0.0021,0.0009,-3.1382,0.7988,-3.1416,-4700.8394,-28635.1680,25.7672,1
-4703.1636,-28634.3926,24.9425,-5252.6074,-28084.4668,21.9624,-4701.1650,-28636.4336,21.6367,780.2272,0.0023,0.0004,-3.1381,0.7994,-3.1415,-4700.8184,-28635.1113,25.6718,1
-4703.1636,-28634.3926,24.9425,-5252.6074,-28084.4668,21.9624,-4695.9854,-28636.6680,28.9950,784.0881,0.0017,0.0019,-3.1381,0.8003,-3.1415,-4700.6343,-28635.0703,25.8019,1
-4703.1636,-28634.3926,24.9425,-5252.6074,-28084.4668,21.9623,-4708.7007,-28632.8730,26.4400,772.3973,0.0032,0.0014,-3.1380,0.8013,-3.1415,-4700.8501,-28634.9121,25.8567,1
-4703.1636,-28634.3926,24.9425,-5252.6074,-28084.4668,21.9623,-4704.0088,-28633.6621,23.9882,776.2577,0.0026,0.0009,-3.1380,0.8014,-3.1415,-4700.9326,-28634.7793,25.8327,1
-4703.1636,-28634.3926,24.9425,-5252.6069,-28084.4668,21.9622,-4700.9458,-28636.0605,21.6117,780.1183,0.0025,0.0004,-3.1379,0.8011,-3.1414,-4700.9233,-28634.7227,25.7276,1
-4703.1636,-28634.3926,24.9425,-5252.6069,-28084.4668,21.9622,-4705.3008,-28631.2695,23.4594,773.6509,0.0024,0.0008,-3.1379,0.8007,-3.1414,-4701.0552,-28634.5195,25.6713,1
-4703.1636,-28634.3926,24.9425,-5252.6069,-28084.4668,21.9622,-4703.7085,-28642.1426,21.2347,782.4898,0.0036,0.0003,-3.1378,0.7998,-3.1414,-4701.1440,-28634.6602,25.5394,1
-4703.1636,-28634.3926,24.9425,-5252.6069,-28084.4668,21.9621,-4699.6494,-28636.3633,21.3610,781.2493,0.0019,0.0004,-3.1378,0.7984,-3.1414,-4701.1084,-28634.6348,25.4018,1
-4703.1636,-28634.3926,24.9425,-5252.6069,-28084.4668,21.9621,-4701.4180,-28643.5293,28.8448,785.1098,0.0029,0.0019,-3.1377,0.7964,-3.1414,-4701.1260,-28634.8438,25.4946,1
-4703.1636,-28634.3926,24.9425,-5252.6064,-28084.4668,21.9620,-4702.2271,-28644.0117,26.2029,784.8687,0.0027,0.0014,-3.1377,0.7943,-3.1414,-4701.1694,-28635.0898,25.5110,1
-4703.1636,-28634.3926,24.9425,-5252.6064,-28084.4668,21.9620,-4706.0513,-28637.1348,23.8539,777.2794,0.0018,0.0009,-3.1377,0.7910,-3.1414,-4701.3384,-28635.1387,25.4537,1
-4703.1636,-28634.3926,24.9425,-5252.6064,-28084.4668,21.9620,-4703.4175,-28639.9609,21.3903,781.1398,0.0012,0.0004,-3.1377,0.7873,-3.1414,-4701.4321,-28635.2812,25.3145,1
-4703.1636,-28634.3926,24.9425,-5252.6064,-28084.4668,21.9620,-4701.8955,-28643.8457,28.8449,785.0004,0.0009,0.0019,-3.1377,0.7833,-3.1414,-4701.4805,-28635.5586,25.4053,1
-4703.1636,-28634.3926,24.9425,-5252.6060,-28084.4668,21.9620,-4710.6592,-28636.0898,26.3110,773.3091,0.0003,0.0014,-3.1377,0.7787,-3.1414,-4701.8120,-28635.6055,25.4239,1
-4703.1636,-28634.3926,24.9425,-5252.6060,-28084.4668,21.9620,-4709.1660,-28640.0449,23.8824,777.1699,-0.0002,0.0009,-3.1377,0.7731,-3.1414,-4702.1118,-28635.7812,25.3664,1
-4703.1636,-28634.3926,24.9425,-5252.6055,-28084.4648,21.9620,-4714.6499,-28650.6934,21.4316,781.0303,0.0012,0.0004,-3.1377,0.7676,-3.1415,-4702.5991,-28636.3027,25.2279,1
-4703.1636,-28634.3926,24.9425,-5252.6055,-28084.4648,21.9620,-4702.5195,-28644.3066,28.8428,784.8911,-0.0025,0.0019,-3.1377,0.7612,-3.1415,-4702.7212,-28636.6504,25.3182,1
-4703.1636,-28634.3926,24.9425,-5252.6055,-28084.4648,21.9620,-4712.5977,-28637.8340,26.3196,773.1998,-0.0030,0.0014,-3.1378,0.7542,-3.1415,-4703.1646,-28636.8047,25.3370,1
-4703.1636,-28634.3926,24.9425,-5252.6050,-28084.4648,21.9620,-4711.8188,-28642.4746,23.9006,777.0607,-0.0036,0.0009,-3.1378,0.7473,3.1416,-4703.5977,-28637.1055,25.2805,1
-4703.1636,-28634.3926,24.9425,-5252.6050,-28084.4648,21.9620,-4718.2197,-28653.9141,21.4587,780.9211,-0.0021,0.0004,-3.1379,0.7403,3.1415,-4704.2466,-28637.7812,25.1433,1
-4703.1636,-28634.3926,24.9425,-5252.6045,-28084.4648,21.9620,-4701.9170,-28643.5605,28.8346,784.7820,-0.0070,0.0019,-3.1380,0.7337,3.1414,-4704.3979,-28638.1523,25.2343,1
-4703.1636,-28634.3926,24.9425,-5252.6045,-28084.4648,21.9620,-4713.7988,-28640.0391,26.1417,773.9407,-0.0068,0.0014,-3.1380,0.7271,3.1413,-4704.9194,-28638.4199,25.2484,1
-4703.1636,-28634.3926,24.9425,-5252.6045,-28084.4648,21.9620,-4717.8945,-28648.1484,23.9008,776.9516,-0.0061,0.0009,-3.1381,0.7205,3.1413,-4705.5835,-28638.9434,25.1928,1
-4703.1636,-28634.3926,24.9425,-5252.6040,-28084.4648,21.9621,-4717.4121,-28653.0059,21.4599,780.8120,-0.0067,0.0004,-3.1381,0.7132,3.1412,-4706.2485,-28639.6328,25.0569,1
-4703.1636,-28634.3926,24.9425,-5252.6040,-28084.4648,21.9621,-4700.6235,-28642.1309,28.8200,784.6729,-0.0115,0.0019,-3.1382,0.7077,3.1411,-4706.3911,-28639.9961,25.1488,1
-4703.1636,-28634.3926,24.9425,-5252.6040,-28084.4629,21.9621,-4709.5107,-28634.4980,26.2998,772.9817,-0.0121,0.0014,-3.1383,0.7030,3.1410,-4706.7954,-28640.1074,25.1698,1
-4703.1636,-28634.3926,24.9425,-5252.6035,-28084.4629,21.9621,-4713.9624,-28644.2402,23.8826,776.8425,-0.0107,0.0009,-3.1384,0.6992,3.1409,-4707.3384,-28640.5137,25.1158,1
-4703.1636,-28634.3926,24.9425,-5252.6035,-28084.4629,21.9621,-4711.5293,-28647.2578,21.4375,780.7029,-0.0112,0.0004,-3.1384,0.6953,3.1409,-4707.8062,-28641.0137,24.9815,1
-4703.1636,-28634.3926,24.9425,-5252.6035,-28084.4629,21.9621,-4697.2949,-28638.6602,28.7996,784.5639,-0.0146,0.0019,-3.1385,0.6946,3.1407,-4707.8164,-28641.2422,25.0752,1
-4703.1636,-28634.3926,24.9425,-5252.6035,-28084.4629,21.9621,-4703.3643,-28628.2051,26.2725,772.8726,-0.0152,0.0014,-3.1386,0.6951,3.1406,-4707.9844,-28641.1152,25.0979,1
-4703.1636,-28634.3926,24.9425,-5252.6040,-28084.4629,21.9621,-4704.7671,-28635.0898,23.8491,776.7334,-0.0137,0.0009,-3.1386,0.6966,3.1406,-4708.1777,-28641.1758,25.0455,1
-4703.1636,-28634.3926,24.9425,-5252.6040,-28084.4648,21.9621,-4698.4355,-28634.2148,21.3958,780.5938,-0.0143,0.0004,-3.1386,0.6997,3.1405,-4708.1519,-28641.1855,24.9125,1
-4703.1636,-28634.3926,24.9425,-5252.6040,-28084.4648,21.9621,-4693.8901,-28635.0742,28.7788,784.4547,-0.0141,0.0019,-3.1386,0.7039,3.1405,-4707.9526,-28641.2031,25.0084,1
-4703.1636,-28634.3926,24.9425,-5252.6045,-28084.4648,21.9621,-4703.2368,-28625.9766,23.8170,771.3876,-0.0134,0.0009,-3.1386,0.7084,3.1406,-4708.0098,-28640.9023,24.9545,1
-4703.1636,-28634.3926,24.9425,-5252.6050,-28084.4648,21.9621,-4697.9331,-28624.2754,25.7899,773.9931,-0.0138,0.0013,-3.1385,0.7124,3.1407,-4707.8789,-28640.5098,24.9624,1
-4703.1636,-28634.3926,24.9425,-5252.6050,-28084.4648,21.9621,-4695.3652,-28618.4961,26.7981,771.8298,-0.0143,0.0015,-3.1384,0.7167,3.1408,-4707.6357,-28639.8867,25.0056,1
-4703.1636,-28634.3926,24.9425,-5252.6055,-28084.4648,21.9621,-4692.4321,-28633.4336,28.7661,784.3455,-0.0116,0.0019,-3.1384,0.7223,3.1409,-4707.2739,-28639.7051,25.1149,1
-4703.1636,-28634.3926,24.9425,-5252.6055,-28084.4648,21.9621,-4702.5005,-28627.0215,26.2407,772.6542,-0.0102,0.0014,-3.1383,0.7282,3.1409,-4707.1948,-28639.2969,25.1524,1
-4703.1636,-28634.3926,24.9425,-5252.6060,-28084.4668,21.9621,-4694.9224,-28624.8047,23.8149,776.5151,-0.0108,0.0009,-3.1383,0.7336,3.1410,-4706.8604,-28638.7910,25.1140,1
-4703.1636,-28634.3926,24.9425,-5252.6064,-28084.4668,21.9621,-4690.7896,-28616.9824,22.7667,774.0861,-0.0116,0.0007,-3.1382,0.7393,3.1411,-4706.3628,-28638.0059,25.0386,1
-4703.1636,-28634.3926,24.9425,-5252.6064,-28084.4668,21.9621,-4698.6880,-28639.5918,28.7566,784.2363,-0.0063,0.0019,-3.1381,0.7449,3.1412,-4706.0898,-28637.9043,25.1502,1
-4703.1636,-28634.3926,24.9425,-5252.6069,-28084.4668,21.9621,-4702.1099,-28626.4707,26.2322,772.5450,-0.0068,0.0014,-3.1381,0.7503,3.1413,-4705.9092,-28637.3906,25.1898,1
-4703.1636,-28634.3926,24.9425,-5252.6069,-28084.4668,21.9621,-4693.8027,-28623.9160,23.8420,776.7020,-0.0075,0.0009,-3.1380,0.7558,3.1414,-4705.4551,-28636.7754,25.1544,1
-4703.1636,-28634.3926,24.9425,-5252.6074,-28084.4668,21.9621,-4686.6968,-28621.6484,21.3628,780.2668,-0.0079,0.0004,-3.1380,0.7616,3.1414,-4704.7520,-28636.0703,25.0366,1
-4703.1636,-28634.3926,24.9425,-5252.6074,-28084.4668,21.9621,-4698.4790,-28639.2285,28.7436,784.1271,-0.0029,0.0019,-3.1379,0.7664,3.1415,-4704.3921,-28635.9023,25.1468,1
-4703.1636,-28634.3926,24.9425,-5252.6074,-28084.4668,21.9621,-4702.5283,-28626.7402,26.2217,772.4364,-0.0035,0.0014,-3.1379,0.7706,-3.1416,-4704.1533,-28635.3477,25.1850,1
-4703.1636,-28634.3926,24.9425,-5252.6079,-28084.4668,21.9621,-4695.4775,-28625.0625,23.8005,776.2968,-0.0040,0.0009,-3.1378,0.7750,-3.1415,-4703.6904,-28634.7324,25.1472,1
-4703.1636,-28634.3926,24.9425,-5252.6079,-28084.4688,21.9621,-4688.2549,-28623.1270,21.3548,780.1576,-0.0046,0.0004,-3.1378,0.7798,-3.1415,-4702.9854,-28634.0430,25.0281,1
-4703.1636,-28634.3926,24.9425,-5252.6079,-28084.4688,21.9621,-4698.2651,-28638.8613,28.7295,784.0179,-0.0003,0.0019,-3.1378,0.7837,-3.1415,-4702.5771,-28633.8457,25.1369,1
-4703.1636,-28634.3926,24.9425,-5252.6079,-28084.4688,21.9621,-4701.6860,-28625.7285,26.2078,772.3272,-0.0008,0.0014,-3.1378,0.7891,-3.1415,-4702.2773,-28633.2480,25.1737,1
-4703.1636,-28634.3926,24.9425,-5252.6084,-28084.4688,21.9621,-4693.2065,-28622.5566,23.7851,776.1876,-0.0014,0.0009,-3.1379,0.7962,-3.1416,-4701.7119,-28632.5430,25.1344,1
-4703.1636,-28634.3926,24.9425,-5252.6084,-28084.4688,21.9621,-4690.5859,-28625.4004,21.3372,780.0484,0.0001,0.0004,-3.1379,0.8050,3.1415,-4701.0547,-28631.9219,25.0139,1
-4703.1636,-28634.3926,24.9425,-5252.6084,-28084.4688,21.9621,-4695.5918,-28636.0215,28.7150,783.9089,0.0035,0.0019,-3.1379,0.8125,3.1415,-4700.5464,-28631.6406,25.1212,1
-4703.1636,-28634.3926,24.9425,-5252.6089,-28084.4688,21.9621,-4697.4526,-28621.2285,26.1926,772.2181,0.0030,0.0014,-3.1379,0.8209,3.1416,-4700.0967,-28630.9043,25.1567,1
-4703.1636,-28634.3926,24.9425,-5252.6089,-28084.4688,21.9621,-4687.7480,-28616.6641,23.7701,776.0785,0.0024,0.0009,-3.1379,0.8304,3.1416,-4699.3403,-28630.0156,25.1162,1
-4703.1636,-28634.3926,24.9425,-5252.6094,-28084.4688,21.9621,-4684.1489,-28618.4727,21.3238,779.9394,0.0039,0.0004,-3.1379,0.8409,-3.1416,-4698.4575,-28629.1719,24.9945,1
-4703.1636,-28634.3926,24.9425,-5252.6094,-28084.4688,21.9621,-4694.1641,-28634.4180,28.7007,783.7997,0.0090,0.0019,-3.1378,0.8498,-3.1415,-4697.8789,-28628.8320,25.1008,1
-4703.1636,-28634.3926,24.9425,-5252.6094,-28084.4688,21.9621,-4695.4072,-28620.9062,21.4669,773.4583,0.0087,0.0004,-3.1377,0.8587,-3.1413,-4697.3457,-28628.0859,24.9829,1
-4703.1636,-28634.3926,24.9425,-5252.6099,-28084.4688,21.9621,-4685.9751,-28614.6152,23.7587,775.9693,0.0079,0.0009,-3.1376,0.8684,-3.1412,-4696.5195,-28627.1387,24.9316,1
-4703.1636,-28634.3926,24.9425,-5252.6099,-28084.4707,21.9621,-4678.0566,-28613.7109,20.1145,781.1586,0.0082,0.0001,-3.1376,0.8777,-3.1411,-4695.4346,-28626.1562,24.7618,1
-4703.1636,-28634.3926,24.9425,-5252.6104,-28084.4707,21.9621,-4694.3945,-28634.4980,28.6860,783.6906,0.0147,0.0019,-3.1374,0.8849,-3.1409,-4694.8521,-28625.8281,24.8565,1
-4703.1636,-28634.3926,24.9425,-5252.6104,-28084.4707,21.9621,-4697.1265,-28620.5781,26.1654,771.9998,0.0141,0.0014,-3.1373,0.8918,-3.1408,-4694.3750,-28625.0938,24.8807,1
-4703.1636,-28634.3926,24.9425,-5252.6104,-28084.4707,21.9621,-4695.6807,-28624.6465,23.7418,775.8602,0.0156,0.0009,-3.1372,0.8984,-3.1407,-4693.8755,-28624.5000,24.8299,1
-4703.1636,-28634.3926,24.9425,-5252.6104,-28084.4707,21.9621,-4688.1553,-28622.3906,21.2959,779.7211,0.0150,0.0003,-3.1371,0.9037,-3.1406,-4693.1558,-28623.8516,24.6990,1
-4703.1636,-28634.3926,24.9425,-5252.6104,-28084.4707,21.9621,-4696.8076,-28636.7812,28.6689,783.5815,0.0186,0.0019,-3.1370,0.9053,-3.1403,-4692.7202,-28623.6797,24.7971,1
-4703.1636,-28634.3926,24.9425,-5252.6104,-28084.4707,21.9621,-4707.6807,-28629.6758,22.2483,770.8395,0.0191,0.0005,-3.1368,0.9054,-3.1401,-4692.6665,-28623.3320,24.6983,1
-4703.1636,-28634.3926,24.9425,-5252.6104,-28084.4707,21.9621,-4706.0684,-28635.0000,23.7134,775.7511,0.0195,0.0008,-3.1367,0.9041,-3.1400,-4692.6079,-28623.1855,24.6424,1
-4703.1636,-28634.3926,24.9425,-5252.6099,-28084.4707,21.9621,-4703.0674,-28637.4629,21.2614,779.6119,0.0189,0.0003,-3.1367,0.9012,-3.1400,-4692.4966,-28623.1602,24.5069,1
-4703.1636,-28634.3926,24.9425,-5252.6099,-28084.4688,21.9621,-4699.9395,-28639.7598,28.6512,783.4722,0.0180,0.0019,-3.1367,0.8959,-3.1400,-4692.3208,-28623.2520,24.6016,1
-4703.1636,-28634.3926,24.9425,-5252.6094,-28084.4688,21.9621,-4716.0234,-28639.1855,26.1205,771.7815,0.0194,0.0014,-3.1367,0.8908,-3.1400,-4692.6997,-28623.3828,24.6262,1
-4703.1636,-28634.3926,24.9425,-5252.6089,-28084.4688,21.9620,-4714.6338,-28643.2207,23.6952,775.6419,0.0189,0.0009,-3.1368,0.8849,-3.1402,-4693.0938,-28623.6875,24.5765,1
-4703.1636,-28634.3926,24.9425,-5252.6084,-28084.4688,21.9620,-4713.1987,-28647.1973,21.2476,779.5027,0.0183,0.0003,-3.1369,0.8792,-3.1404,-4693.4946,-28624.1719,24.4471,1
-4703.1636,-28634.3926,24.9425,-5252.6079,-28084.4688,21.9620,-4700.2925,-28639.9590,28.6417,783.3630,0.0143,0.0019,-3.1370,0.8721,-3.1405,-4693.5308,-28624.4766,24.5481,1
-4703.1636,-28634.3926,24.9425,-5252.6079,-28084.4668,21.9620,-4717.6172,-28640.5723,26.1180,771.6722,0.0157,0.0014,-3.1371,0.8647,-3.1406,-4694.1523,-28624.8516,24.5792,1
-4703.1636,-28634.3926,24.9425,-5252.6074,-28084.4668,21.9620,-4713.6230,-28646.4668,25.4573,778.6877,0.0147,0.0012,-3.1372,0.8571,-3.1408,-4694.6943,-28625.4473,24.5926,1
-4703.1636,-28634.3926,24.9425,-5252.6069,-28084.4668,21.9620,-4716.8184,-28650.4941,21.2552,779.3935,0.0146,0.0004,-3.1374,0.8497,-3.1409,-4695.3818,-28626.2227,24.4735,1
-4703.1636,-28634.3926,24.9425,-5252.6064,-28084.4668,21.9620,-4699.6245,-28639.1406,28.6327,783.2538,0.0093,0.0018,-3.1375,0.8425,-3.1411,-4695.5640,-28626.6836,24.5839,1
-4703.1636,-28634.3926,24.9425,-5252.6060,-28084.4668,21.9620,-4717.1235,-28639.9473,26.1161,771.5630,0.0108,0.0013,-3.1376,0.8348,-3.1412,-4696.3218,-28627.2012,24.6241,1
-4703.1636,-28634.3926,24.9425,-5252.6055,-28084.4648,21.9621,-4716.7114,-28644.9121,23.6997,775.4234,0.0102,0.0008,-3.1377,0.8273,-3.1413,-4697.1064,-28627.9004,24.5897,1
-4703.1636,-28634.3926,24.9425,-5252.6055,-28084.4648,21.9621,-4716.2358,-28649.7910,21.2595,779.2843,0.0097,0.0003,-3.1377,0.8199,-3.1414,-4697.9102,-28628.7871,24.4754,1
-4703.1636,-28634.3926,24.9425,-5252.6050,-28084.4648,21.9621,-4705.2324,-28644.5215,28.6212,783.1447,0.0064,0.0018,-3.1379,0.8140,-3.1416,-4698.3931,-28629.5410,24.5900,1
-4703.1636,-28634.3926,24.9425,-5252.6050,-28084.4648,21.9621,-4708.9004,-28637.4492,28.8478,775.5287,0.0049,0.0019,-3.1379,0.8076,3.1415,-4699.0024,-28630.0957,24.7223,1
-4703.1636,-28634.3926,24.9425,-5252.6045,-28084.4648,21.9621,-4713.7412,-28641.9043,23.6908,775.3143,0.0053,0.0008,-3.1380,0.8015,3.1415,-4699.7803,-28630.8008,24.6974,1
-4703.1636,-28634.3926,24.9425,-5252.6045,-28084.4648,21.9621,-4712.4648,-28646.0391,21.2501,779.1751,0.0047,0.0003,-3.1380,0.7956,3.1414,-4700.5352,-28631.6484,24.5920,1
-4703.1636,-28634.3926,24.9425,-5252.6045,-28084.4648,21.9621,-4704.4839,-28643.6367,28.6062,783.0356,0.0023,0.0018,-3.1380,0.7898,3.1414,-4701.0469,-28632.4355,24.7145,1
-4703.1636,-28634.3926,24.9425,-5252.6040,-28084.4648,21.9621,-4713.2480,-28635.8789,26.0908,771.3448,0.0017,0.0013,-3.1381,0.7852,3.1413,-4701.8394,-28632.9883,24.7660,1
-4703.1636,-28634.3926,24.9425,-5252.6040,-28084.4648,21.9621,-4711.0117,-28639.1016,23.6724,775.2051,0.0012,0.0008,-3.1381,0.7809,3.1413,-4702.5688,-28633.6348,24.7418,1
-4703.1636,-28634.3926,24.9425,-5252.6040,-28084.4648,21.9621,-4716.7334,-28649.9629,21.2312,779.0660,0.0026,0.0003,-3.1381,0.7750,3.1413,-4703.4849,-28634.6270,24.6369,1
-4703.1636,-28634.3926,24.9425,-5252.6040,-28084.4648,21.9621,-4703.8594,-28642.8730,28.5895,782.9265,-0.0012,0.0018,-3.1381,0.7691,3.1413,-4704.0005,-28635.4082,24.7598,1
-4703.1636,-28634.3926,24.9425,-5252.6040,-28084.4629,21.9621,-4713.5664,-28636.0352,26.0722,771.2357,-0.0018,0.0013,-3.1381,0.7629,3.1414,-4704.8135,-28635.9688,24.8114,1
-4703.1636,-28634.3926,24.9425,-5252.6040,-28084.4629,21.9621,-4713.0381,-28640.9199,23.6516,775.0961,-0.0023,0.0008,-3.1380,0.7555,3.1414,-4705.6104,-28636.6699,24.7870,1
-4703.1636,-28634.3926,24.9425,-5252.6035,-28084.4629,21.9621,-4720.0430,-28652.9297,21.2073,778.9569,-0.0009,0.0003,-3.1380,0.7474,3.1414,-4706.6294,-28637.7461,24.6815,1
-4703.1636,-28634.3926,24.9425,-5252.6035,-28084.4629,21.9621,-4704.1675,-28643.0195,28.5736,782.8173,-0.0058,0.0018,-3.1380,0.7397,3.1414,-4707.1494,-28638.5195,24.8041,1
-4703.1636,-28634.3926,24.9425,-5252.6035,-28084.4629,21.9621,-4714.7339,-28637.0234,26.0564,771.1265,-0.0064,0.0013,-3.1380,0.7319,3.1414,-4707.9844,-28639.0879,24.8550,1
-4703.1636,-28634.3926,24.9425,-5252.6035,-28084.4629,21.9621,-4714.4639,-28642.1484,23.6363,774.9869,-0.0069,0.0008,-3.1381,0.7240,3.1413,-4708.8042,-28639.7988,24.8298,1
-4703.1636,-28634.3926,24.9425,-5252.6030,-28084.4629,21.9621,-4715.6025,-28652.1738,23.1612,781.4486,-0.0068,0.0007,-3.1381,0.7151,3.1413,-4709.6509,-28640.8125,24.7868,1
-4703.1636,-28634.3926,24.9425,-5252.6030,-28084.4629,21.9621,-4703.2563,-28641.9727,28.5591,782.7082,-0.0112,0.0018,-3.1382,0.7079,3.1412,-4710.0952,-28641.5059,24.9124,1
-4703.1636,-28634.3926,24.9425,-5252.6030,-28084.4629,21.9621,-4713.2402,-28635.4121,26.0422,771.0173,-0.0117,0.0013,-3.1382,0.7011,3.1411,-4710.8232,-28641.9648,24.9658,1
-4703.1636,-28634.3926,24.9425,-5252.6030,-28084.4629,21.9621,-4718.9937,-28646.3320,23.6238,774.8777,-0.0103,0.0008,-3.1383,0.6950,3.1410,-4711.7212,-28642.7402,24.9428,1
-4703.1636,-28634.3926,24.9425,-5252.6030,-28084.4629,21.9621,-4718.2847,-28650.9785,21.1793,778.7386,-0.0108,0.0003,-3.1383,0.6881,3.1410,-4712.5898,-28643.6523,24.8380,1
-4703.1636,-28634.3926,24.9425,-5252.6030,-28084.4629,21.9621,-4700.5586,-28639.1465,28.5437,782.5990,-0.0157,0.0018,-3.1384,0.6844,3.1408,-4712.8813,-28644.1797,24.9607,1
-4703.1636,-28634.3926,24.9425,-5252.6025,-28084.4629,21.9621,-4708.0923,-28630.1719,26.0244,770.9082,-0.0162,0.0013,-3.1385,0.6823,3.1407,-4713.3628,-28644.3789,25.0109,1
-4703.1636,-28634.3926,24.9425,-5252.6030,-28084.4629,21.9621,-4710.7056,-28638.1914,23.6044,774.7686,-0.0148,0.0008,-3.1386,0.6816,3.1406,-4713.8965,-28644.7871,24.9845,1
-4703.1636,-28634.3926,24.9425,-5252.6030,-28084.4629,21.9621,-4705.6958,-28638.6816,21.1552,778.6295,-0.0154,0.0003,-3.1386,0.6823,3.1405,-4714.2422,-28645.1777,24.8761,1
-4703.1636,-28634.3926,24.9425,-5252.6030,-28084.4629,21.9621,-4695.7417,-28634.1562,28.5236,782.4898,-0.0168,0.0018,-3.1387,0.6862,3.1404,-4714.2334,-28645.3926,24.9952,1
-4703.1636,-28634.3926,24.9425,-5252.6035,-28084.4629,21.9621,-4701.7114,-28633.2480,26.4688,777.5995,-0.0154,0.0014,-3.1387,0.6903,3.1404,-4714.3535,-28645.5332,25.0565,1
-4703.1636,-28634.3926,24.9425,-5252.6035,-28084.4629,21.9621,-4700.0435,-28627.3965,23.5806,774.6594,-0.0159,0.0008,-3.1386,0.6941,3.1405,-4714.3735,-28645.4375,25.0273,1
-4703.1636,-28634.3926,24.9425,-5252.6040,-28084.4648,21.9620,-4692.6323,-28622.1895,27.3985,776.3613,-0.0171,0.0016,-3.1386,0.6981,3.1406,-4714.1094,-28645.1211,25.1174,1
-4703.1636,-28634.3926,24.9425,-5252.6045,-28084.4648,21.9620,-4693.9321,-28632.1602,28.5122,782.3806,-0.0145,0.0018,-3.1385,0.7040,3.1406,-4713.8315,-28645.0664,25.2469,1
-4703.1636,-28634.3926,24.9425,-5252.6045,-28084.4648,21.9620,-4703.8281,-28625.5723,25.9974,770.6898,-0.0131,0.0013,-3.1385,0.7102,3.1407,-4713.8101,-28644.7520,25.3028,1
-4703.1636,-28634.3926,24.9425,-5252.6050,-28084.4648,21.9620,-4696.0854,-28623.1816,23.5770,774.5502,-0.0136,0.0008,-3.1384,0.7159,3.1408,-4713.5088,-28644.3105,25.2809,1
-4703.1636,-28634.3926,24.9425,-5252.6055,-28084.4648,21.9620,-4688.2056,-28620.5410,21.1342,778.4110,-0.0142,0.0003,-3.1383,0.7219,3.1409,-4712.9106,-28643.7344,25.1760,1
-4703.1636,-28634.3926,24.9425,-5252.6060,-28084.4648,21.9620,-4706.9873,-28628.2520,29.1456,770.3538,-0.0093,0.0020,-3.1383,0.7285,3.1410,-4712.8535,-28643.3438,25.3201,1
-4703.1636,-28634.3926,24.9425,-5252.6060,-28084.4668,21.9620,-4702.8403,-28624.4141,25.9918,770.5806,-0.0095,0.0013,-3.1382,0.7346,3.1411,-4712.6445,-28642.7949,25.3696,1
-4703.1636,-28634.3926,24.9425,-5252.6064,-28084.4668,21.9621,-4694.7778,-28621.6699,23.5757,774.4410,-0.0101,0.0008,-3.1381,0.7410,3.1412,-4712.1519,-28642.1152,25.3414,1
-4703.1636,-28634.3926,24.9425,-5252.6069,-28084.4668,21.9621,-4686.4688,-28618.5469,21.1359,778.3018,-0.0106,0.0003,-3.1381,0.7478,3.1413,-4711.3555,-28641.2969,25.2303,1
-4703.1636,-28634.3926,24.9425,-5252.6069,-28084.4668,21.9621,-4699.5166,-28637.4902,28.4926,782.1623,-0.0051,0.0018,-3.1380,0.7537,3.1414,-4710.9253,-28641.0410,25.3455,1
-4703.1636,-28634.3926,24.9425,-5252.6074,-28084.4668,21.9621,-4702.9849,-28624.4043,25.9824,770.4714,-0.0056,0.0013,-3.1379,0.7590,3.1415,-4710.5796,-28640.3535,25.3871,1
-4703.1636,-28634.3926,24.9425,-5252.6074,-28084.4668,21.9621,-4695.3438,-28622.0996,23.5680,774.3318,-0.0062,0.0008,-3.1379,0.7646,3.1416,-4709.9746,-28639.5664,25.3512,1
-4703.1636,-28634.3926,24.9425,-5252.6079,-28084.4668,21.9621,-4687.5928,-28619.5762,21.1293,778.1927,-0.0067,0.0003,-3.1379,0.7703,-3.1416,-4709.0957,-28638.6699,25.2327,1
-4703.1636,-28634.3926,24.9425,-5252.6079,-28084.4688,21.9621,-4698.8345,-28637.3398,22.2835,782.5140,-0.0016,0.0006,-3.1379,0.7760,-3.1416,-4708.5386,-28638.3105,25.1424,1
-4703.1636,-28634.3926,24.9425,-5252.6079,-28084.4688,21.9621,-4701.2295,-28622.4570,25.9669,770.3622,-0.0022,0.0013,-3.1379,0.7836,3.1416,-4708.0410,-28637.4766,25.1640,1
-4703.1636,-28634.3926,24.9425,-5252.6084,-28084.4688,21.9621,-4694.2856,-28620.8438,23.5525,774.2227,-0.0028,0.0008,-3.1378,0.7879,-3.1415,-4707.3149,-28636.5723,25.1094,1
-4703.1636,-28634.3926,24.9425,-5252.6084,-28084.4688,21.9621,-4693.9971,-28626.1035,21.1114,778.0836,-0.0014,0.0003,-3.1377,0.7923,-3.1414,-4706.5625,-28635.8184,24.9733,1
-4703.1636,-28634.3926,24.9425,-5252.6084,-28084.4688,21.9621,-4699.5747,-28637.2402,28.4624,781.9440,0.0016,0.0018,-3.1377,0.7956,-3.1413,-4705.9741,-28635.4141,25.0648,1
-4703.1636,-28634.3926,24.9425,-5252.6084,-28084.4688,21.9621,-4700.1802,-28630.1660,24.0611,776.5060,0.0014,0.0009,-3.1377,0.8002,-3.1413,-4705.4028,-28634.8008,25.0233,1
-4703.1636,-28634.3926,24.9425,-5252.6084,-28084.4688,21.9621,-4695.6616,-28622.1152,23.5340,774.1136,0.0005,0.0008,-3.1377,0.8060,-3.1414,-4704.6860,-28633.9316,24.9629,1
-4703.1636,-28634.3926,24.9425,-5252.6084,-28084.4688,21.9621,-4693.8027,-28625.7461,21.0907,777.9744,0.0019,0.0003,-3.1378,0.8134,-3.1415,-4703.9053,-28633.1719,24.8216,1
-4703.1636,-28634.3926,24.9425,-5252.6089,-28084.4688,21.9621,-4697.5083,-28635.0098,28.4472,781.8349,0.0047,0.0018,-3.1378,0.8192,-3.1415,-4703.2368,-28632.7090,24.9087,1
-4703.1636,-28634.3926,24.9425,-5252.6089,-28084.4688,21.9621,-4696.4219,-28630.8594,24.1069,779.6702,0.0050,0.0009,-3.1378,0.8257,-3.1414,-4702.5366,-28632.1367,24.8654,1
-4703.1636,-28634.3926,24.9425,-5252.6089,-28084.4688,21.9621,-4696.4619,-28617.7227,25.8087,770.4985,0.0042,0.0013,-3.1378,0.8330,-3.1414,-4701.8379,-28631.1504,24.8760,1
-4703.1636,-28634.3926,24.9425,-5252.6089,-28084.4688,21.9621,-4690.2168,-28621.8613,21.0748,777.8653,0.0051,0.0003,-3.1377,0.8400,-3.1414,-4700.9453,-28630.2910,24.7369,1
-4703.1636,-28634.3926,24.9425,-5252.6089,-28084.4688,21.9621,-4696.9531,-28634.2949,28.4327,781.7257,0.0087,0.0018,-3.1377,0.8456,-3.1413,-4700.2642,-28629.8301,24.8264,1
-4703.1636,-28634.3926,24.9425,-5252.6094,-28084.4688,21.9621,-4700.4531,-28621.1875,25.9207,770.0349,0.0082,0.0013,-3.1376,0.8510,-3.1412,-4699.7065,-28628.9766,24.8447,1
-4703.1636,-28634.3926,24.9425,-5252.6094,-28084.4688,21.9621,-4699.3887,-28625.6367,23.5030,773.8953,0.0096,0.0008,-3.1376,0.8569,-3.1411,-4699.1348,-28628.2695,24.7876,1
-4703.1636,-28634.3926,24.9425,-5252.6094,-28084.4688,21.9621,-4686.6851,-28621.2852,27.6344,780.0428,0.0080,0.0016,-3.1375,0.8617,-3.1411,-4698.1748,-28627.4375,24.8610,1
-4703.1636,-28634.3926,24.9425,-5252.6094,-28084.4688,21.9621,-4697.7734,-28634.9668,28.4183,781.6165,0.0120,0.0018,-3.1374,0.8646,-3.1409,-4697.5645,-28627.0508,24.9658,1
-4703.1636,-28634.3926,24.9425,-5252.6094,-28084.4688,21.9621,-4703.2085,-28623.8535,25.9059,769.9257,0.0114,0.0013,-3.1373,0.8664,-3.1408,-4697.1509,-28626.3438,24.9984,1
-4703.1636,-28634.3926,24.9425,-5252.6094,-28084.4688,21.9621,-4704.7222,-28630.8809,23.4852,773.7861,0.0129,0.0008,-3.1372,0.8676,-3.1407,-4696.8184,-28625.8809,24.9545,1
-4703.1636,-28634.3926,24.9425,-5252.6094,-28084.4688,21.9621,-4696.5366,-28629.0488,29.0425,778.3470,0.0114,0.0019,-3.1372,0.8676,-3.1407,-4696.2573,-28625.3887,25.0861,1
-4703.1636,-28634.3926,24.9425,-5252.6089,-28084.4688,21.9621,-4700.4360,-28637.4844,28.4020,781.5074,0.0127,0.0018,-3.1371,0.8644,-3.1405,-4695.8403,-28625.1934,25.2052,1
-4703.1636,-28634.3926,24.9425,-5252.6089,-28084.4688,21.9621,-4716.1919,-28636.6152,25.8833,769.8166,0.0141,0.0013,-3.1370,0.8598,-3.1405,-4695.9653,-28625.0215,25.2504,1
-4703.1636,-28634.3926,24.9425,-5252.6084,-28084.4688,21.9621,-4715.4893,-28641.3184,23.4607,773.6769,0.0136,0.0008,-3.1370,0.8527,-3.1404,-4696.1255,-28625.0410,25.2178,1
-4703.1636,-28634.3926,24.9425,-5252.6079,-28084.4688,21.9621,-4715.3755,-28646.5605,21.0146,777.5378,0.0130,0.0003,-3.1370,0.8446,-3.1404,-4696.3369,-28625.2812,25.1022,1
-4703.1636,-28634.3926,24.9425,-5252.6079,-28084.4688,21.9621,-4700.5815,-28637.4766,28.3909,781.3981,0.0088,0.0018,-3.1372,0.8400,-3.1407,-4696.1260,-28625.2871,25.2139,1
-4703.1636,-28634.3926,24.9425,-5252.6074,-28084.4668,21.9621,-4705.4434,-28647.7012,25.9475,785.2590,0.0103,0.0013,-3.1374,0.8355,-3.1409,-4696.0898,-28625.6543,25.2539,1
-4703.1636,-28634.3926,24.9425,-5252.6069,-28084.4668,21.9621,-4714.4609,-28640.1719,23.4636,773.5676,0.0097,0.0008,-3.1375,0.8304,-3.1411,-4696.3813,-28625.8477,25.2148,1
-4703.1636,-28634.3926,24.9425,-5252.6069,-28084.4668,21.9621,-4712.3657,-28643.5156,21.0251,777.4285,0.0092,0.0003,-3.1376,0.8259,-3.1412,-4696.6509,-28626.1875,25.0932,1
-4703.1636,-28634.3926,24.9425,-5252.6064,-28084.4668,21.9621,-4700.1055,-28636.8457,28.3791,781.2889,0.0056,0.0018,-3.1377,0.8208,-3.1413,-4696.5679,-28626.3555,25.1984,1
-4703.1636,-28634.3926,24.9425,-5252.6060,-28084.4668,21.9621,-4705.5757,-28647.6797,25.9404,785.1498,0.0071,0.0013,-3.1377,0.8152,-3.1414,-4696.6724,-28626.8945,25.2323,1
-4703.1636,-28634.3926,24.9425,-5252.6060,-28084.4668,21.9621,-4714.7944,-28640.3438,23.4577,773.4585,0.0065,0.0008,-3.1378,0.8098,-3.1415,-4697.1040,-28627.2559,25.1874,1
-4703.1636,-28634.3926,24.9425,-5252.6055,-28084.4648,21.9621,-4713.0928,-28644.0645,21.0200,777.3194,0.0060,0.0003,-3.1378,0.8046,-3.1415,-4697.5215,-28627.7656,25.0603,1
-4703.1636,-28634.3926,24.9425,-5252.6055,-28084.4648,21.9621,-4706.5659,-28643.0801,28.3664,781.1798,0.0040,0.0018,-3.1379,0.7992,-3.1416,-4697.7642,-28628.2773,25.1600,1
-4703.1636,-28634.3926,24.9425,-5252.6055,-28084.4648,21.9621,-4705.5830,-28642.9336,21.7285,781.7408,0.0032,0.0004,-3.1379,0.7950,3.1415,-4697.9956,-28628.8145,25.0544,1
-4703.1636,-28634.3926,24.9425,-5252.6050,-28084.4648,21.9621,-4711.5879,-28647.3145,26.4645,780.7122,0.0037,0.0014,-3.1379,0.7891,3.1415,-4698.4365,-28629.5195,25.0931,1
-4703.1636,-28634.3926,24.9425,-5252.6050,-28084.4648,21.9621,-4716.9946,-28639.8281,24.9537,771.5639,0.0023,0.0011,-3.1379,0.7818,3.1416,-4699.0859,-28630.0254,25.0865,1
-4703.1636,-28634.3926,24.9425,-5252.6045,-28084.4648,21.9621,-4706.8916,-28643.2461,28.3515,781.0707,0.0002,0.0018,-3.1379,0.7746,3.1416,-4699.4414,-28630.6504,25.1885,1
-4703.1636,-28634.3926,24.9425,-5252.6045,-28084.4648,21.9621,-4707.3237,-28649.0684,25.9124,784.9316,-0.0004,0.0013,-3.1379,0.7655,-3.1416,-4699.8223,-28631.4805,25.2192,1
-4703.1636,-28634.3926,24.9425,-5252.6045,-28084.4648,21.9621,-4719.1509,-28644.2227,23.4294,773.2403,-0.0009,0.0008,-3.1379,0.7554,-3.1415,-4700.6011,-28632.1895,25.1711,1
-4703.1636,-28634.3926,24.9425,-5252.6040,-28084.4648,21.9621,-4720.7954,-28651.0918,20.9904,777.1011,-0.0015,0.0003,-3.1379,0.7443,-3.1415,-4701.4639,-28633.1367,25.0408,1
-4703.1636,-28634.3926,24.9425,-5252.6040,-28084.4629,21.9621,-4708.4736,-28644.6348,28.3361,780.9615,-0.0060,0.0018,-3.1379,0.7331,3.1416,-4701.9644,-28633.9004,25.1375,1
-4703.1636,-28634.3926,24.9425,-5252.6035,-28084.4629,21.9621,-4710.3345,-28651.8086,25.8981,784.8224,-0.0066,0.0013,-3.1380,0.7215,3.1415,-4702.5278,-28634.9004,25.1631,1
-4703.1636,-28634.3926,24.9425,-5252.6030,-28084.4629,21.9621,-4723.4819,-28648.1699,23.4169,773.1311,-0.0071,0.0008,-3.1380,0.7090,3.1414,-4703.5264,-28635.8125,25.1104,1
-4703.1636,-28634.3926,24.9425,-5252.6030,-28084.4629,21.9621,-4733.1768,-28662.3164,20.9807,776.9919,-0.0057,0.0003,-3.1381,0.6965,3.1414,-4704.8667,-28637.1895,24.9758,1
-4703.1636,-28634.3926,24.9425,-5252.6025,-28084.4629,21.9621,-4710.5796,-28644.5195,28.1809,779.4120,-0.0134,0.0018,-3.1382,0.6849,3.1412,-4705.5269,-28638.0293,25.0640,1
-4703.1636,-28634.3926,24.9425,-5252.6025,-28084.4629,21.9621,-4709.9663,-28651.3066,25.8861,784.7133,-0.0144,0.0013,-3.1382,0.6732,3.1411,-4706.1616,-28639.0762,25.0856,1
-4703.1636,-28634.3926,24.9425,-5252.6021,-28084.4629,21.9621,-4722.6582,-28647.2461,23.4059,773.0221,-0.0149,0.0008,-3.1383,0.6615,3.1410,-4707.2007,-28640.0059,25.0292,1
-4703.1636,-28634.3926,24.9425,-5252.6021,-28084.4609,21.9621,-4731.4121,-28660.5762,20.9719,776.8829,-0.0135,0.0003,-3.1384,0.6506,3.1409,-4708.5352,-28641.3555,24.8913,1
-4703.1636,-28634.3926,24.9425,-5252.6016,-28084.4609,21.9621,-4705.3369,-28641.2656,28.3073,780.7433,-0.0214,0.0018,-3.1385,0.6425,3.1407,-4709.0620,-28642.1016,24.9808,1
-4703.1636,-28634.3926,24.9425,-5252.6016,-28084.4609,21.9621,-4704.3569,-28645.7305,25.8665,784.6042,-0.0219,0.0013,-3.1386,0.6359,3.1405,-4709.5293,-28642.9648,24.9998,1
-4703.1636,-28634.3926,24.9425,-5252.6016,-28084.4609,21.9621,-4707.8569,-28649.1914,20.5090,784.6446,-0.0217,0.0002,-3.1387,0.6309,3.1404,-4710.0767,-28643.9180,24.8502,1
-4703.1636,-28634.3926,24.9425,-5252.6016,-28084.4609,21.9621,-4718.1855,-28648.1777,20.9430,776.7739,-0.0210,0.0003,-3.1388,0.6266,3.1403,-4710.9312,-28644.8281,24.7041,1
-4703.1636,-28634.3926,24.9425,-5252.6016,-28084.4609,21.9621,-4697.8159,-28633.6172,28.2791,780.6343,-0.0254,0.0018,-3.1390,0.6309,3.1400,-4711.1284,-28645.2520,24.7862,1
-4703.1636,-28634.3926,24.9425,-5252.6016,-28084.4609,21.9621,-4690.4727,-28631.6680,25.8227,784.4951,-0.0260,0.0013,-3.1391,0.6357,3.1398,-4711.0444,-28645.5664,24.7979,1
-4703.1636,-28634.3926,24.9425,-5252.6021,-28084.4629,21.9620,-4700.9053,-28625.6270,23.3343,772.8038,-0.0245,0.0008,-3.1391,0.6410,3.1398,-4711.2251,-28645.6211,24.7326,1
-4703.1636,-28634.3926,24.9425,-5252.6025,-28084.4629,21.9620,-4688.9199,-28621.6230,22.2549,778.6371,-0.0260,0.0006,-3.1390,0.6459,3.1400,-4710.9844,-28645.4883,24.6305,1
-4703.1636,-28634.3926,24.9425,-5252.6030,-28084.4629,21.9620,-4695.1528,-28630.7578,28.2661,780.5248,-0.0225,0.0018,-3.1389,0.6538,3.1400,-4710.8818,-28645.5762,24.7169,1
-4703.1636,-28634.3926,24.9425,-5252.6035,-28084.4629,21.9620,-4688.4526,-28628.5703,29.1528,783.8114,-0.0225,0.0020,-3.1388,0.6621,3.1401,-4710.5205,-28645.5469,24.8396,1
-4703.1636,-28634.3926,24.9425,-5252.6040,-28084.4648,21.9620,-4694.8203,-28619.1953,23.3350,772.6944,-0.0217,0.0008,-3.1387,0.6704,3.1403,-4710.2964,-28645.1543,24.7859,1
-4703.1636,-28634.3926,24.9425,-5252.6045,-28084.4648,21.9620,-4685.8174,-28615.3047,20.8947,776.5553,-0.0222,0.0003,-3.1386,0.6786,3.1405,-4709.7422,-28644.5684,24.6509,1
-4703.1636,-28634.3926,24.9425,-5252.6050,-28084.4648,21.9620,-4693.4307,-28628.8379,28.2618,780.4155,-0.0176,0.0018,-3.1385,0.6885,3.1406,-4709.3760,-28644.3438,24.7448,1
-4703.1636,-28634.3926,24.9425,-5252.6055,-28084.4648,21.9620,-4690.0640,-28630.9336,25.8261,784.2764,-0.0161,0.0013,-3.1385,0.6986,3.1407,-4708.8662,-28644.1484,24.7687,1
-4703.1636,-28634.3926,24.9425,-5252.6060,-28084.4668,21.9620,-4691.3965,-28615.4414,23.3485,772.5851,-0.0167,0.0008,-3.1384,0.7083,3.1408,-4708.3467,-28643.4082,24.7156,1
-4703.1636,-28634.3926,24.9425,-5252.6064,-28084.4668,21.9620,-4681.2754,-28610.2520,20.9159,776.4460,-0.0172,0.0003,-3.1383,0.7187,3.1410,-4707.4658,-28642.4375,24.5816,1
-4703.1636,-28634.3926,24.9425,-5252.6069,-28084.4668,21.9620,-4693.1963,-28628.4395,28.2573,780.3064,-0.0114,0.0018,-3.1382,0.7277,3.1412,-4706.9150,-28641.9844,24.6760,1
-4703.1636,-28634.3926,24.9425,-5252.6074,-28084.4668,21.9620,-4690.4175,-28631.1406,25.8270,784.1672,-0.0100,0.0013,-3.1381,0.7368,3.1413,-4706.2515,-28641.5898,24.7008,1
-4703.1636,-28634.3926,24.9425,-5252.6079,-28084.4688,21.9621,-4692.2285,-28616.1602,23.3552,772.4760,-0.0105,0.0008,-3.1380,0.7456,3.1414,-4705.6099,-28640.6855,24.6489,1
-4703.1636,-28634.3926,24.9425,-5252.6079,-28084.4688,21.9621,-4683.7852,-28608.6875,26.5881,773.5495,-0.0114,0.0014,-3.1379,0.7546,3.1415,-4704.6733,-28639.4883,24.6990,1
-4703.1636,-28634.3926,24.9425,-5252.6084,-28084.4688,21.9621,-4700.3882,-28635.5859,28.2447,780.1973,-0.0039,0.0018,-3.1378,0.7619,-3.1415,-4704.2373,-28639.1035,24.8062,1
-4703.1636,-28634.3926,24.9425,-5252.6089,-28084.4688,21.9621,-4692.0195,-28632.6289,25.8148,784.0582,-0.0045,0.0013,-3.1378,0.7686,-3.1414,-4703.5366,-28638.6250,24.8430,1
-4703.1636,-28634.3926,24.9425,-5252.6089,-28084.4688,21.9621,-4694.7905,-28618.6895,23.3422,772.3669,-0.0050,0.0008,-3.1377,0.7755,-3.1413,-4702.9058,-28637.6875,24.8021,1
-4703.1636,-28634.3926,24.9425,-5252.6089,-28084.4688,21.9621,-4686.3486,-28615.3926,20.9107,776.2277,-0.0056,0.0003,-3.1377,0.7826,-3.1413,-4701.9980,-28636.6172,24.6798,1
-4703.1636,-28634.3926,24.9425,-5252.6094,-28084.4688,21.9621,-4701.0195,-28636.0625,28.2273,780.0881,0.0003,0.0018,-3.1377,0.7876,-3.1412,-4701.5425,-28636.1777,24.7843,1
-4703.1636,-28634.3926,24.9425,-5252.6094,-28084.4688,21.9621,-4692.9321,-28633.4043,25.7938,783.9490,-0.0002,0.0013,-3.1377,0.7938,-3.1412,-4700.8413,-28635.6680,24.8183,1
-4703.1636,-28634.3926,24.9425,-5252.6094,-28084.4688,21.9621,-4696.9565,-28620.7832,23.3175,772.2578,-0.0008,0.0008,-3.1376,0.7983,-3.1412,-4700.2646,-28634.7559,24.7747,1
-4703.1636,-28634.3926,24.9425,-5252.6094,-28084.4688,21.9621,-4689.7148,-28618.8008,20.8824,776.1187,-0.0013,0.0003,-3.1376,0.8031,-3.1412,-4699.4624,-28633.7676,24.6496,1
-4703.1636,-28634.3926,24.9425,-5252.6094,-28084.4688,21.9621,-4701.5400,-28636.4297,28.2094,779.9791,0.0034,0.0018,-3.1376,0.8059,-3.1411,-4699.0356,-28633.3320,24.7518,1
-4703.1636,-28634.3926,24.9425,-5252.6094,-28084.4688,21.9621,-4694.8179,-28635.1641,25.7722,783.8400,0.0028,0.0013,-3.1376,0.8096,-3.1411,-4698.4155,-28632.8770,24.7836,1
-4703.1636,-28634.3926,24.9425,-5252.6094,-28084.4688,21.9621,-4698.6343,-28622.3613,23.2930,772.1487,0.0023,0.0008,-3.1376,0.8144,-3.1412,-4697.9258,-28632.0312,24.7377,1
-4703.1636,-28634.3926,24.9425,-5252.6094,-28084.4688,21.9621,-4697.4819,-28626.7090,20.8527,776.0096,0.0037,0.0003,-3.1377,0.8205,-3.1413,-4697.4170,-28631.3242,24.6102,1
-4703.1636,-28634.3926,24.9425,-5252.6094,-28084.4688,21.9621,-4700.1421,-28634.8750,28.1940,779.8699,0.0059,0.0018,-3.1377,0.8246,-3.1413,-4697.0098,-28630.8867,24.7106,1
-4703.1636,-28634.3926,24.9425,-5252.6094,-28084.4688,21.9621,-4701.0928,-28622.2637,26.7024,770.3305,0.0049,0.0015,-3.1377,0.8286,-3.1413,-4696.6582,-28630.0684,24.7720,1
-4703.1636,-28634.3926,24.9425,-5252.6094,-28084.4688,21.9621,-4697.5625,-28621.0977,23.2756,772.0396,0.0048,0.0008,-3.1376,0.8326,-3.1412,-4696.2173,-28629.2148,24.7266,1
-4703.1636,-28634.3926,24.9425,-5252.6089,-28084.4688,21.9621,-4697.1348,-28626.1973,20.8359,775.9004,0.0063,0.0003,-3.1377,0.8373,-3.1413,-4695.7812,-28628.5273,24.5995,1
-4703.1636,-28634.3926,24.9425,-5252.6089,-28084.4688,21.9621,-4700.3975,-28634.9766,28.1797,779.7608,0.0084,0.0018,-3.1376,0.8397,-3.1412,-4695.4678,-28628.1348,24.7005,1
-4703.1636,-28634.3926,24.9425,-5252.6089,-28084.4688,21.9621,-4694.6348,-28634.6680,25.7409,783.6216,0.0078,0.0013,-3.1375,0.8417,-3.1411,-4694.9956,-28627.7676,24.7310,1
-4703.1636,-28634.3926,24.9425,-5252.6089,-28084.4688,21.9621,-4706.9570,-28630.4941,23.2604,771.9304,0.0093,0.0008,-3.1375,0.8434,-3.1411,-4694.9365,-28627.3027,24.6839,1
-4703.1636,-28634.3926,24.9425,-5252.6089,-28084.4688,21.9621,-4702.0737,-28631.0605,20.8220,775.7912,0.0087,0.0003,-3.1375,0.8438,-3.1410,-4694.7588,-28626.8809,24.5554,1
-4703.1636,-28634.3926,24.9425,-5252.6089,-28084.4688,21.9621,-4701.8599,-28636.2852,28.1655,779.6516,0.0092,0.0018,-3.1374,0.8423,-3.1409,-4694.6025,-28626.6523,24.6551,1
-4703.1636,-28634.3926,24.9425,-5252.6084,-28084.4688,21.9621,-4698.3701,-28638.2773,25.7266,783.5124,0.0087,0.0013,-3.1374,0.8402,-3.1409,-4694.3618,-28626.5234,24.6844,1
-4703.1636,-28634.3926,24.9425,-5252.6084,-28084.4688,21.9621,-4713.3169,-28636.6230,23.2451,771.8212,0.0101,0.0008,-3.1373,0.8371,-3.1409,-4694.6279,-28626.3906,24.6363,1
-4703.1636,-28634.3926,24.9425,-5252.6079,-28084.4688,21.9621,-4711.3955,-28640.1406,20.8061,775.6820,0.0095,0.0003,-3.1373,0.8322,-3.1408,-4694.8809,-28626.4043,24.5068,1
-4703.1636,-28634.3926,24.9425,-5252.6079,-28084.4688,21.9621,-4704.3853,-28638.6426,28.1507,779.5423,0.0071,0.0018,-3.1373,0.8248,-3.1408,-4694.9512,-28626.4121,24.6057,1
-4703.1636,-28634.3926,24.9425,-5252.6074,-28084.4668,21.9621,-4717.4834,-28638.5410,26.0158,770.3029,0.0077,0.0013,-3.1373,0.8161,-3.1408,-4695.4785,-28626.4629,24.6449,1
-4703.1636,-28634.3926,24.9425,-5252.6069,-28084.4668,21.9621,-4714.1763,-28650.9375,26.4212,781.5428,0.0072,0.0014,-3.1373,0.8050,-3.1407,-4695.9438,-28626.9395,24.6996,1
-4703.1636,-28634.3926,24.9425,-5252.6064,-28084.4668,21.9621,-4722.5464,-28652.8926,26.7515,777.2306,0.0067,0.0015,-3.1373,0.7923,-3.1408,-4696.7256,-28627.5449,24.7690,1
-4703.1636,-28634.3926,24.9425,-5252.6060,-28084.4668,21.9621,-4716.6724,-28641.3867,27.0914,772.9188,0.0018,0.0015,-3.1373,0.7776,-3.1408,-4697.3794,-28627.8457,24.8538,1
-4703.1636,-28634.3926,24.9425,-5252.6055,-28084.4648,21.9621,-4716.3545,-28656.5820,27.5157,784.1587,0.0013,0.0016,-3.1374,0.7613,-3.1409,-4698.0557,-28628.6582,24.9557,1
-4703.1636,-28634.3926,24.9425,-5252.6050,-28084.4648,21.9621,-4720.1333,-28654.2090,27.8589,779.8469,0.0008,0.0017,-3.1378,0.7567,-3.1415,-4698.8931,-28629.4629,25.0739,1
-4703.1636,-28634.3926,24.9425,-5252.6045,-28084.4648,21.9621,-4724.7651,-28652.6289,28.1946,775.5348,0.0003,0.0018,-3.1381,0.7506,3.1412,-4699.9243,-28630.2734,25.2086,1
-4703.1636,-28634.3926,24.9425,-5252.6040,-28084.4648,21.9621,-4713.2773,-28635.7168,28.5037,771.2231,-0.0048,0.0018,-3.1383,0.7441,3.1411,-4700.6348,-28630.5879,25.3591,1
-4703.1636,-28634.3926,24.9425,-5252.6040,-28084.4648,21.9621,-4708.1831,-28646.4395,28.9530,782.4631,-0.0053,0.0019,-3.1383,0.7360,3.1410,-4701.1948,-28631.2480,25.5278,1
-4703.1636,-28634.3926,24.9425,-5252.6035,-28084.4648,21.9621,-4720.7227,-28643.3086,23.2268,771.4936,-0.0054,0.0007,-3.1382,0.7268,3.1411,-4702.1685,-28631.8398,25.5181,1
-4703.1636,-28634.3926,24.9425,-5252.6035,-28084.4629,21.9621,-4721.9229,-28649.7539,20.7939,775.3545,-0.0060,0.0002,-3.1382,0.7164,3.1411,-4703.2065,-28632.6562,25.4232,1
-4703.1636,-28634.3926,24.9425,-5252.6030,-28084.4629,21.9621,-4710.1938,-28643.8730,28.1162,779.2149,-0.0099,0.0017,-3.1382,0.7075,3.1411,-4703.8921,-28633.3105,25.5521,1
-4703.1636,-28634.3926,24.9425,-5252.6030,-28084.4629,21.9621,-4719.2935,-28643.1973,24.3640,772.4011,-0.0101,0.0010,-3.1383,0.6986,3.1410,-4704.8726,-28633.9590,25.5643,1
-4703.1636,-28634.3926,24.9425,-5252.6030,-28084.4629,21.9621,-4721.4844,-28643.8809,23.2123,771.3845,-0.0110,0.0007,-3.1383,0.6901,3.1410,-4705.9390,-28634.6387,25.5349,1
-4703.1636,-28634.3926,24.9425,-5252.6025,-28084.4629,21.9621,-4721.6548,-28649.3516,20.7797,775.2454,-0.0116,0.0002,-3.1384,0.6815,3.1409,-4707.0244,-28635.5020,25.4209,1
-4703.1636,-28634.3926,24.9425,-5252.6025,-28084.4629,21.9621,-4707.7612,-28641.3516,28.1002,779.1058,-0.0157,0.0017,-3.1385,0.6758,3.1408,-4707.6743,-28636.1211,25.5312,1
-4703.1636,-28634.3926,24.9425,-5252.6025,-28084.4629,21.9621,-4708.1538,-28641.7148,21.9798,779.0717,-0.0163,0.0005,-3.1386,0.6712,3.1406,-4708.3159,-28636.7500,25.4498,1
-4703.1636,-28634.3926,24.9425,-5252.6025,-28084.4629,21.9621,-4713.7998,-28636.3320,23.1886,771.2755,-0.0168,0.0007,-3.1386,0.6678,3.1405,-4709.1191,-28637.2031,25.3979,1
-4703.1636,-28634.3926,24.9425,-5252.6025,-28084.4629,21.9621,-4710.3193,-28638.3262,20.7504,775.1363,-0.0174,0.0002,-3.1387,0.6657,3.1405,-4709.7988,-28637.7012,25.2623,1
-4703.1636,-28634.3926,24.9425,-5252.6025,-28084.4629,21.9621,-4703.1128,-28636.6113,28.0800,778.9966,-0.0185,0.0017,-3.1387,0.6671,3.1403,-4710.2266,-28638.1309,25.3525,1
-4703.1636,-28634.3926,24.9425,-5252.6025,-28084.4629,21.9621,-4696.5771,-28635.5469,25.6358,782.8576,-0.0190,0.0012,-3.1388,0.6704,3.1402,-4710.4106,-28638.5078,25.3700,1
-4703.1636,-28634.3926,24.9425,-5252.6030,-28084.4629,21.9621,-4700.8970,-28623.2773,23.1532,771.1663,-0.0196,0.0007,-3.1388,0.6743,3.1402,-4710.6777,-28638.4648,25.3074,1
-4703.1636,-28634.3926,24.9425,-5252.6035,-28084.4629,21.9621,-4700.7881,-28628.6738,20.7167,775.0271,-0.0181,0.0002,-3.1388,0.6785,3.1403,-4710.9028,-28638.5488,25.1617,1
-4703.1636,-28634.3926,24.9425,-5252.6035,-28084.4648,21.9620,-4699.9766,-28633.3184,28.0648,778.8875,-0.0166,0.0017,-3.1387,0.6844,3.1404,-4711.0630,-28638.7520,25.2429,1
-4703.1636,-28634.3926,24.9425,-5252.6040,-28084.4648,21.9620,-4691.9331,-28630.6660,25.6232,782.7483,-0.0172,0.0012,-3.1386,0.6905,3.1404,-4710.9277,-28638.8438,25.2521,1
-4703.1636,-28634.3926,24.9425,-5252.6045,-28084.4648,21.9620,-4694.9927,-28617.0059,23.1460,771.0569,-0.0177,0.0007,-3.1386,0.6970,3.1406,-4710.8262,-28638.4629,25.1820,1
-4703.1636,-28634.3926,24.9425,-5252.6050,-28084.4648,21.9620,-4693.4678,-28620.9941,20.7126,774.9178,-0.0163,0.0002,-3.1385,0.7037,3.1407,-4710.6299,-28638.1543,25.0295,1
-4703.1636,-28634.3926,24.9425,-5252.6050,-28084.4648,21.9620,-4698.5605,-28631.7324,28.0555,778.7781,-0.0128,0.0017,-3.1384,0.7109,3.1408,-4710.5508,-28638.1484,25.1043,1
-4703.1636,-28634.3926,24.9425,-5252.6055,-28084.4668,21.9620,-4689.8198,-28628.3320,25.6207,782.6390,-0.0134,0.0012,-3.1383,0.7183,3.1409,-4710.1582,-28638.0156,25.1080,1
-4703.1636,-28634.3926,24.9425,-5252.6060,-28084.4668,21.9620,-4698.9531,-28620.9668,23.1508,770.9477,-0.0119,0.0007,-3.1383,0.7261,3.1410,-4709.9995,-28637.6113,25.0334,1
-4703.1636,-28634.3926,24.9425,-5252.6064,-28084.4668,21.9620,-4681.6226,-28617.1797,26.9841,780.9119,-0.0138,0.0015,-3.1382,0.7333,3.1411,-4709.2603,-28637.0527,25.0785,1
-4703.1636,-28634.3926,24.9425,-5252.6069,-28084.4668,21.9621,-4698.1562,-28631.1680,28.0460,778.6689,-0.0083,0.0017,-3.1381,0.7400,3.1413,-4708.9844,-28636.8965,25.1626,1
-4703.1636,-28634.3926,24.9425,-5252.6069,-28084.4668,21.9621,-4689.7085,-28628.0586,25.6163,782.5298,-0.0089,0.0012,-3.1380,0.7469,3.1414,-4708.4146,-28636.6270,25.1752,1
-4703.1636,-28634.3926,24.9425,-5252.6074,-28084.4668,21.9621,-4699.1494,-28621.0098,23.1480,770.8386,-0.0075,0.0007,-3.1380,0.7541,3.1414,-4708.1001,-28636.1055,25.1089,1
-4703.1636,-28634.3926,24.9425,-5252.6074,-28084.4688,21.9621,-4690.9536,-28618.0449,20.7193,774.6995,-0.0080,0.0002,-3.1379,0.7607,3.1415,-4707.5034,-28635.4590,24.9604,1
-4703.1636,-28634.3926,24.9425,-5252.6079,-28084.4688,21.9621,-4698.2271,-28631.0840,28.0335,778.5599,-0.0042,0.0017,-3.1379,0.7660,-3.1416,-4707.1094,-28635.1992,25.0385,1
-4703.1636,-28634.3926,24.9425,-5252.6079,-28084.4688,21.9621,-4700.5215,-28627.6172,22.0032,774.4717,-0.0035,0.0005,-3.1378,0.7716,-3.1415,-4706.7715,-28634.8223,24.9295,1
-4703.1636,-28634.3926,24.9425,-5252.6084,-28084.4688,21.9621,-4701.1294,-28622.8906,23.1354,770.7294,-0.0033,0.0007,-3.1378,0.7766,-3.1414,-4706.4434,-28634.2793,24.8510,1
-4703.1636,-28634.3926,24.9425,-5252.6084,-28084.4688,21.9621,-4688.3916,-28619.3945,29.8229,777.5205,-0.0047,0.0021,-3.1378,0.7822,-3.1414,-4705.7007,-28633.6074,24.9849,1
-4703.1636,-28634.3926,24.9425,-5252.6084,-28084.4688,21.9621,-4697.6489,-28630.3418,28.0181,778.4507,-0.0010,0.0017,-3.1378,0.7874,-3.1414,-4705.2241,-28633.2656,25.0719,1
-4703.1636,-28634.3926,24.9425,-5252.6084,-28084.4688,21.9621,-4695.9951,-28634.1836,25.5854,782.3115,0.0005,0.0012,-3.1378,0.7945,-3.1415,-4704.6870,-28633.0469,25.0873,1
-4703.1636,-28634.3926,24.9425,-5252.6084,-28084.4688,21.9621,-4698.1548,-28619.6699,23.1152,770.6203,-0.0001,0.0007,-3.1379,0.8024,-3.1415,-4704.2051,-28632.3672,25.0240,1
-4703.1636,-28634.3926,24.9425,-5252.6089,-28084.4688,21.9621,-4688.3350,-28614.9551,20.6816,774.4811,-0.0007,0.0002,-3.1379,0.8121,3.1416,-4703.4028,-28631.5215,24.8783,1
-4703.1636,-28634.3926,24.9425,-5252.6089,-28084.4688,21.9621,-4694.8291,-28627.3027,28.0011,778.3416,0.0035,0.0017,-3.1379,0.8213,3.1416,-4702.7891,-28631.0469,24.9595,1
-4703.1636,-28634.3926,24.9425,-5252.6089,-28084.4688,21.9621,-4691.7896,-28629.7344,25.5686,782.2025,0.0050,0.0012,-3.1379,0.8308,-3.1416,-4702.0737,-28630.6523,24.9696,1
-4703.1636,-28634.3926,24.9425,-5252.6094,-28084.4688,21.9621,-4692.8931,-28614.0039,23.0983,770.5112,0.0044,0.0007,-3.1378,0.8410,-3.1415,-4701.3789,-28629.7598,24.9015,1
-4703.1636,-28634.3926,24.9425,-5252.6094,-28084.4707,21.9621,-4682.1133,-28608.0977,20.6651,774.3721,0.0039,0.0002,-3.1378,0.8526,-3.1415,-4700.3325,-28628.6543,24.7514,1
-4703.1636,-28634.3926,24.9425,-5252.6099,-28084.4707,21.9621,-4693.7427,-28626.0293,27.9867,778.2325,0.0098,0.0017,-3.1377,0.8625,-3.1414,-4699.6377,-28628.0996,24.8289,1
-4703.1636,-28634.3926,24.9425,-5252.6099,-28084.4707,21.9621,-4690.4985,-28628.2480,25.5549,782.0933,0.0112,0.0012,-3.1376,0.8724,-3.1412,-4698.8433,-28627.6250,24.8358,1
-4703.1636,-28634.3926,24.9425,-5252.6104,-28084.4707,21.9621,-4691.7554,-28612.6406,23.0863,770.4020,0.0107,0.0007,-3.1375,0.8824,-3.1411,-4698.0850,-28626.6641,24.7650,1
-4703.1636,-28634.3926,24.9425,-5252.6104,-28084.4707,21.9621,-4681.8623,-28607.6621,20.6555,774.2629,0.0101,0.0002,-3.1375,0.8923,-3.1410,-4697.0117,-28625.5293,24.6128,1
-4703.1636,-28634.3926,24.9425,-5252.6104,-28084.4707,21.9621,-4700.9785,-28633.2422,27.9723,778.1234,0.0179,0.0017,-3.1373,0.9003,-3.1408,-4696.5410,-28625.1973,24.6885,1
-4703.1636,-28634.3926,24.9425,-5252.6108,-28084.4707,21.9621,-4692.7686,-28630.4277,25.5392,781.9843,0.0173,0.0012,-3.1372,0.9068,-3.1406,-4695.8364,-28624.8105,24.6940,1
-4703.1636,-28634.3926,24.9425,-5252.6108,-28084.4707,21.9621,-4696.1646,-28617.1250,23.0699,770.2929,0.0168,0.0007,-3.1370,0.9126,-3.1404,-4695.2534,-28624.0254,24.6223,1
-4703.1636,-28634.3926,24.9425,-5252.6108,-28084.4707,21.9621,-4688.7324,-28614.9004,20.6375,774.1538,0.0162,0.0002,-3.1370,0.9178,-3.1403,-4694.4517,-28623.1738,24.4696,1
-4703.1636,-28634.3926,24.9425,-5252.6108,-28084.4707,21.9621,-4704.0610,-28636.1699,27.9532,778.0142,0.0217,0.0017,-3.1368,0.9190,-3.1401,-4694.1514,-28623.0059,24.5451,1
-4703.1636,-28634.3926,24.9425,-5252.6104,-28084.4707,21.9621,-4701.3950,-28638.9824,25.5121,781.8751,0.0212,0.0012,-3.1366,0.9154,-3.1398,-4693.8052,-28622.9746,24.5505,1
-4703.1636,-28634.3926,24.9425,-5252.6104,-28084.4707,21.9621,-4709.6772,-28630.7383,23.0357,770.1838,0.0206,0.0007,-3.1365,0.9118,-3.1397,-4693.7676,-28622.7363,24.4790,1
-4703.1636,-28634.3926,24.9425,-5252.6099,-28084.4707,21.9621,-4700.2432,-28641.6602,27.1644,784.5936,0.0202,0.0015,-3.1366,0.9083,-3.1398,-4693.4722,-28622.8730,24.5375,1
-4703.1636,-28634.3926,24.9425,-5252.6094,-28084.4707,21.9620,-4707.6216,-28639.5371,27.9347,777.9054,0.0200,0.0017,-3.1366,0.9018,-3.1398,-4693.4468,-28623.0039,24.6279,1
-4703.1636,-28634.3926,24.9425,-5252.6089,-28084.4688,21.9620,-4710.7368,-28640.6602,29.3622,776.5424,0.0196,0.0020,-3.1367,0.8953,-3.1400,-4693.5688,-28623.2207,24.7723,1
-4703.1636,-28634.3926,24.9425,-5252.6089,-28084.4688,21.9620,-4715.7886,-28639.0898,27.0092,771.8799,0.0191,0.0015,-3.1368,0.8890,-3.1402,-4693.9097,-28623.4375,24.8514,1
-4703.1636,-28634.3926,24.9425,-5252.6084,-28084.4688,21.9620,-4722.1787,-28648.0469,20.5902,773.9354,0.0203,0.0002,-3.1370,0.8827,-3.1404,-4694.5146,-28623.9883,24.7274,1
-4703.1636,-28634.3926,24.9425,-5252.6079,-28084.4688,21.9620,-4707.9507,-28639.7051,27.9287,777.7961,0.0157,0.0017,-3.1370,0.8744,-3.1405,-4694.7275,-28624.3262,24.8307,1
-4703.1636,-28634.3926,24.9425,-5252.6074,-28084.4668,21.9620,-4707.8896,-28645.0586,25.4970,781.6566,0.0151,0.0012,-3.1371,0.8662,-3.1406,-4694.9722,-28624.8711,24.8623,1
-4703.1636,-28634.3926,24.9425,-5252.6069,-28084.4668,21.9620,-4718.5835,-28639.1465,23.0317,769.9657,0.0146,0.0007,-3.1373,0.8581,-3.1408,-4695.6035,-28625.2793,24.8151,1
-4703.1636,-28634.3926,24.9425,-5252.6064,-28084.4668,21.9620,-4715.5947,-28651.8223,20.2202,781.2018,0.0147,0.0001,-3.1374,0.8500,-3.1410,-4696.1831,-28626.1211,24.6746,1
-4703.1636,-28634.3926,24.9425,-5252.6060,-28084.4668,21.9620,-4707.0479,-28638.6660,27.9217,777.6870,0.0103,0.0017,-3.1375,0.8421,-3.1411,-4696.5337,-28626.5977,24.7712,1
-4703.1636,-28634.3926,24.9425,-5252.6055,-28084.4668,21.9620,-4706.7603,-28643.8086,25.4952,781.5473,0.0097,0.0012,-3.1376,0.8342,-3.1413,-4696.8965,-28627.2617,24.7968,1
-4703.1636,-28634.3926,24.9425,-5252.6050,-28084.4648,21.9621,-4724.2334,-28644.3809,23.0347,769.8565,0.0112,0.0007,-3.1377,0.8266,-3.1414,-4697.8511,-28627.9824,24.7442,1
-4703.1636,-28634.3926,24.9425,-5252.6050,-28084.4648,21.9621,-4724.2266,-28649.6660,20.6096,773.7169,0.0106,0.0002,-3.1378,0.8184,-3.1415,-4698.8560,-28628.9023,24.6097,1
-4703.1636,-28634.3926,24.9425,-5252.6045,-28084.4648,21.9621,-4705.5361,-28637.0195,27.9098,777.5778,0.0050,0.0017,-3.1379,0.8119,3.1416,-4699.3057,-28629.4473,24.7019,1
-4703.1636,-28634.3926,24.9425,-5252.6045,-28084.4648,21.9621,-4704.3472,-28641.2891,25.4840,781.4382,0.0045,0.0012,-3.1380,0.8057,3.1415,-4699.7217,-28630.1367,24.7234,1
-4703.1636,-28634.3926,24.9425,-5252.6040,-28084.4648,21.9621,-4710.1519,-28652.3047,23.0362,785.2991,0.0059,0.0007,-3.1380,0.7997,3.1414,-4700.3232,-28631.1895,24.6686,1
-4703.1636,-28634.3926,24.9425,-5252.6040,-28084.4648,21.9621,-4719.6650,-28645.2188,20.5981,773.6078,0.0054,0.0002,-3.1381,0.7936,3.1413,-4701.2490,-28632.0547,24.5307,1
-4703.1636,-28634.3926,24.9425,-5252.6040,-28084.4648,21.9621,-4703.7168,-28635.0586,27.8937,777.4687,0.0009,0.0017,-3.1381,0.7892,3.1413,-4701.6885,-28632.6074,24.6198,1
-4703.1636,-28634.3926,24.9425,-5252.6035,-28084.4648,21.9621,-4709.3789,-28646.0488,25.4677,781.3291,0.0023,0.0012,-3.1381,0.7832,3.1413,-4702.3018,-28633.5000,24.6385,1
-4703.1636,-28634.3926,24.9425,-5252.6035,-28084.4648,21.9621,-4707.3765,-28649.4902,23.0143,785.1899,0.0017,0.0007,-3.1381,0.7785,3.1413,-4702.8530,-28634.5137,24.5809,1
-4703.1636,-28634.3926,24.9425,-5252.6035,-28084.4648,21.9621,-4716.0498,-28641.6094,20.5737,773.4987,0.0012,0.0002,-3.1382,0.7741,3.1412,-4703.6831,-28635.2949,24.4406,1
-4703.1636,-28634.3926,24.9425,-5252.6035,-28084.4648,21.9621,-4702.4419,-28633.6309,27.8765,777.3595,-0.0025,0.0017,-3.1382,0.7708,3.1412,-4704.0869,-28635.8125,24.5278,1
-4703.1636,-28634.3926,24.9425,-5252.6035,-28084.4648,21.9621,-4706.9111,-28643.4980,25.4479,781.2199,-0.0010,0.0012,-3.1382,0.7669,3.1412,-4704.6162,-28636.6230,24.5446,1
-4703.1636,-28634.3926,24.9425,-5252.6035,-28084.4648,21.9621,-4705.3613,-28647.3867,22.9916,785.0807,-0.0016,0.0007,-3.1381,0.7613,3.1413,-4705.0859,-28637.5527,24.4855,1
-4703.1636,-28634.3926,24.9425,-5252.6035,-28084.4648,21.9621,-4715.0996,-28640.5410,20.5492,773.3895,-0.0021,0.0002,-3.1381,0.7550,3.1414,-4705.8564,-28638.2676,24.3439,1
-4703.1636,-28634.3926,24.9425,-5252.6035,-28084.4648,21.9621,-4702.3521,-28633.3867,27.8614,777.2504,-0.0057,0.0017,-3.1381,0.7506,3.1413,-4706.2202,-28638.7344,24.4303,1
-4703.1636,-28634.3926,24.9425,-5252.6035,-28084.4648,21.9621,-4706.1631,-28639.1016,27.0161,778.6130,-0.0052,0.0015,-3.1381,0.7450,3.1413,-4706.6826,-28639.3555,24.4977,1
-4703.1636,-28634.3926,24.9425,-5252.6035,-28084.4629,21.9621,-4706.3984,-28648.2383,22.9744,784.9716,-0.0048,0.0007,-3.1381,0.7392,3.1413,-4707.1362,-28640.2461,24.4416,1
-4703.1636,-28634.3926,24.9425,-5252.6035,-28084.4629,21.9621,-4715.8306,-28641.0918,20.5328,773.2803,-0.0054,0.0002,-3.1381,0.7334,3.1413,-4707.8774,-28640.9062,24.3030,1
-4703.1636,-28634.3926,24.9425,-5252.6035,-28084.4629,21.9621,-4708.3975,-28639.2266,27.8478,777.1412,-0.0074,0.0017,-3.1381,0.7294,3.1412,-4708.3804,-28641.4844,24.3926,1
-4703.1636,-28634.3926,24.9425,-5252.6035,-28084.4629,21.9621,-4706.1499,-28642.4473,25.4163,781.0016,-0.0079,0.0012,-3.1382,0.7251,3.1412,-4708.7949,-28642.1406,24.4121,1
-4703.1636,-28634.3926,24.9425,-5252.6035,-28084.4629,21.9621,-4703.6196,-28645.3809,22.9604,784.8624,-0.0085,0.0007,-3.1382,0.7213,3.1411,-4709.1074,-28642.8711,24.3557,1
-4703.1636,-28634.3926,24.9425,-5252.6035,-28084.4629,21.9621,-4711.6250,-28636.8535,20.5192,773.1712,-0.0090,0.0002,-3.1382,0.7181,3.1411,-4709.6489,-28643.3125,24.2171,1
-4703.1636,-28634.3926,24.9425,-5252.6035,-28084.4629,21.9621,-4705.9087,-28636.6211,27.8334,777.0321,-0.0100,0.0017,-3.1383,0.7174,3.1410,-4709.9951,-28643.7109,24.3070,1
-4703.1636,-28634.3926,24.9425,-5252.6035,-28084.4648,21.9621,-4701.1738,-28637.3770,25.4005,780.8925,-0.0106,0.0012,-3.1384,0.7175,3.1409,-4710.1660,-28644.0996,24.3268,1
-4703.1636,-28634.3926,24.9425,-5252.6035,-28084.4648,21.9621,-4695.9771,-28637.6445,22.9428,784.7534,-0.0111,0.0007,-3.1384,0.7185,3.1408,-4710.1387,-28644.4648,24.2710,1
-4703.1636,-28634.3926,24.9425,-5252.6035,-28084.4648,21.9621,-4708.0068,-28633.1348,20.5030,773.0621,-0.0097,0.0002,-3.1384,0.7207,3.1408,-4710.4492,-28644.6465,24.1332,1
-4703.1636,-28634.3926,24.9425,-5252.6040,-28084.4648,21.9621,-4702.3784,-28632.9492,27.8179,776.9229,-0.0098,0.0017,-3.1385,0.7252,3.1407,-4710.5610,-28644.7793,24.2241,1
-4703.1636,-28634.3926,24.9425,-5252.6040,-28084.4648,21.9621,-4694.2925,-28630.2715,25.3823,780.7833,-0.0104,0.0012,-3.1385,0.7315,3.1407,-4710.3853,-28644.7891,24.2451,1
-4703.1636,-28634.3926,24.9425,-5252.6045,-28084.4648,21.9621,-4685.1743,-28626.3984,22.9215,784.6441,-0.0109,0.0007,-3.1385,0.7396,3.1406,-4709.8755,-28644.6289,24.1904,1
-4703.1636,-28634.3926,24.9425,-5252.6050,-28084.4648,21.9621,-4680.0674,-28618.8672,21.8146,783.1876,-0.0111,0.0005,-3.1386,0.7498,3.1406,-4709.1392,-28644.1738,24.0980,1
-4703.1636,-28634.3926,24.9425,-5252.6050,-28084.4648,21.9621,-4701.9141,-28632.3281,27.8070,776.8136,-0.0054,0.0017,-3.1383,0.7539,3.1409,-4709.0288,-28644.0801,24.1936,1
-4703.1636,-28634.3926,24.9425,-5252.6055,-28084.4668,21.9621,-4694.8999,-28630.7363,25.3782,780.6740,-0.0060,0.0012,-3.1381,0.7582,3.1412,-4708.6758,-28643.9023,24.2193,1
-4703.1636,-28634.3926,24.9425,-5252.6060,-28084.4668,21.9621,-4687.7769,-28628.9531,22.9269,784.5349,-0.0065,0.0007,-3.1380,0.7627,3.1414,-4708.0649,-28643.6348,24.1697,1
-4703.1636,-28634.3926,24.9425,-5252.6060,-28084.4668,21.9621,-4697.9736,-28622.6758,20.4906,772.8436,-0.0051,0.0002,-3.1380,0.7685,3.1414,-4707.7290,-28643.1172,24.0382,1
-4703.1636,-28634.3926,24.9425,-5252.6064,-28084.4668,21.9621,-4699.2690,-28629.5000,27.7944,776.7045,-0.0027,0.0017,-3.1380,0.7762,3.1414,-4707.4155,-28642.7734,24.1352,1
-4703.1636,-28634.3926,24.9425,-5252.6069,-28084.4668,21.9621,-4692.2642,-28627.8750,25.3683,780.5648,-0.0032,0.0012,-3.1379,0.7805,3.1415,-4706.8633,-28642.3477,24.1626,1
-4703.1636,-28634.3926,24.9425,-5252.6069,-28084.4668,21.9621,-4691.9932,-28633.1367,22.9176,784.4258,-0.0018,0.0007,-3.1378,0.7850,-3.1415,-4706.2754,-28642.0605,24.1146,1
-4703.1636,-28634.3926,24.9425,-5252.6069,-28084.4668,21.9621,-4696.0156,-28620.4922,20.4830,772.7344,-0.0023,0.0002,-3.1378,0.7896,-3.1415,-4705.7837,-28641.3398,23.9851,1
-4703.1636,-28634.3926,24.9425,-5252.6074,-28084.4688,21.9621,-4704.5869,-28633.1445,25.0387,775.4838,0.0013,0.0011,-3.1377,0.7930,-3.1414,-4705.5542,-28640.9844,23.9956,1
-4703.1636,-28634.3926,24.9425,-5252.6074,-28084.4688,21.9621,-4693.2217,-28629.0352,24.6496,780.6835,-0.0002,0.0010,-3.1377,0.7977,-3.1414,-4704.9648,-28640.4863,23.9965,1
-4703.1636,-28634.3926,24.9425,-5252.6074,-28084.4688,21.9621,-4692.4888,-28633.4883,22.9030,784.3166,0.0014,0.0007,-3.1378,0.8039,-3.1414,-4704.3354,-28640.1113,23.9437,1
-4703.1636,-28634.3926,24.9425,-5252.6079,-28084.4688,21.9621,-4695.3994,-28619.6953,20.4671,772.6252,0.0008,0.0002,-3.1378,0.8105,-3.1415,-4703.7769,-28639.2773,23.8099,1
-4703.1636,-28634.3926,24.9425,-5252.6079,-28084.4688,21.9621,-4698.7095,-28628.6211,27.7668,776.4862,0.0036,0.0017,-3.1378,0.8168,-3.1415,-4703.3169,-28638.6973,23.9052,1
-4703.1636,-28634.3926,24.9425,-5252.6079,-28084.4688,21.9621,-4697.0308,-28632.4375,25.3394,780.3466,0.0050,0.0012,-3.1378,0.8239,-3.1415,-4702.8042,-28638.2266,23.9315,1
-4703.1636,-28634.3926,24.9425,-5252.6079,-28084.4688,21.9621,-4688.5771,-28629.3105,22.8877,784.2075,0.0045,0.0007,-3.1378,0.8308,-3.1414,-4702.0205,-28637.6543,23.8831,1
-4703.1636,-28634.3926,24.9425,-5252.6084,-28084.4688,21.9621,-4691.0757,-28614.9980,20.4519,772.5162,0.0039,0.0002,-3.1378,0.8384,-3.1414,-4701.2935,-28636.6074,23.7537,1
-4703.1636,-28634.3926,24.9425,-5252.6084,-28084.4688,21.9621,-4698.1772,-28627.9219,27.7523,776.3771,0.0078,0.0017,-3.1377,0.8444,-3.1413,-4700.7871,-28635.9434,23.8534,1
-4703.1636,-28634.3926,24.9425,-5252.6084,-28084.4688,21.9621,-4696.8198,-28632.0664,25.3245,780.2374,0.0093,0.0012,-3.1376,0.8510,-3.1412,-4700.2456,-28635.4102,23.8841,1
-4703.1636,-28634.3926,24.9425,-5252.6089,-28084.4688,21.9621,-4689.0103,-28629.6016,22.8727,784.0983,0.0087,0.0007,-3.1376,0.8567,-3.1411,-4699.4619,-28634.8027,23.8400,1
-4703.1636,-28634.3926,24.9425,-5252.6089,-28084.4688,21.9621,-4692.2144,-28616.0410,20.4374,772.4070,0.0081,0.0002,-3.1375,0.8630,-3.1411,-4698.7690,-28633.7578,23.7150,1
-4703.1636,-28634.3926,24.9425,-5252.6089,-28084.4688,21.9621,-4698.4795,-28628.0742,27.7378,776.2679,0.0115,0.0017,-3.1374,0.8672,-3.1410,-4698.2798,-28633.0801,23.8190,1
-4703.1636,-28634.3926,24.9425,-5252.6089,-28084.4688,21.9621,-4699.2017,-28634.3184,25.3076,780.1283,0.0129,0.0012,-3.1373,0.8699,-3.1408,-4697.8301,-28632.6094,23.8538,1
-4703.1636,-28634.3926,24.9425,-5252.6089,-28084.4688,21.9621,-4693.4180,-28633.9668,22.8543,783.9891,0.0124,0.0007,-3.1372,0.8719,-3.1407,-4697.2144,-28632.1465,23.8136,1
-4703.1636,-28634.3926,24.9425,-5252.6089,-28084.4688,21.9621,-4699.0933,-28623.0449,20.4179,772.2979,0.0118,0.0002,-3.1372,0.8734,-3.1407,-4696.7886,-28631.3535,23.6924,1
-4703.1636,-28634.3926,24.9425,-5252.6089,-28084.4688,21.9621,-4707.8511,-28637.3125,27.7190,776.1588,0.0149,0.0017,-3.1371,0.8719,-3.1405,-4696.6655,-28631.0176,23.8002,1
-4703.1636,-28634.3926,24.9425,-5252.6084,-28084.4688,21.9621,-4705.3574,-28640.2930,25.2865,780.0191,0.0144,0.0012,-3.1370,0.8680,-3.1404,-4696.5005,-28630.8086,23.8385,1
-4703.1636,-28634.3926,24.9425,-5252.6084,-28084.4688,21.9621,-4703.7334,-28644.1172,22.8291,783.8799,0.0138,0.0007,-3.1370,0.8625,-3.1403,-4696.3159,-28630.7578,23.8017,1
-4703.1636,-28634.3926,24.9425,-5252.6079,-28084.4688,21.9621,-4713.7920,-28637.5977,20.3890,772.1887,0.0133,0.0002,-3.1370,0.8557,-3.1403,-4696.4907,-28630.5449,23.6834,1
-4703.1636,-28634.3926,24.9425,-5252.6079,-28084.4688,21.9621,-4708.7578,-28638.0527,27.7060,776.0494,0.0119,0.0017,-3.1371,0.8513,-3.1405,-4696.5503,-28630.3770,23.7946,1
-4703.1636,-28634.3926,24.9425,-5252.6074,-28084.4688,21.9621,-4707.9380,-28640.3496,22.7393,778.2450,0.0113,0.0007,-3.1372,0.8463,-3.1407,-4696.6201,-28630.3125,23.7549,1
-4703.1636,-28634.3926,24.9425,-5252.6069,-28084.4668,21.9621,-4711.8857,-28638.1777,23.0920,773.9332,0.0108,0.0007,-3.1374,0.8415,-3.1409,-4696.8535,-28630.2129,23.7244,1
-4703.1636,-28634.3926,24.9425,-5252.6064,-28084.4668,21.9621,-4720.7388,-28644.1289,20.3921,772.0795,0.0122,0.0002,-3.1375,0.8368,-3.1411,-4697.4160,-28630.3359,23.6053,1
-4703.1636,-28634.3926,24.9425,-5252.6064,-28084.4668,21.9621,-4708.8809,-28638.0195,27.6966,775.9403,0.0087,0.0017,-3.1375,0.8310,-3.1411,-4697.6499,-28630.3008,23.7156,1
-4703.1636,-28634.3926,24.9425,-5252.6060,-28084.4668,21.9621,-4708.1543,-28646.8535,22.2594,782.7542,0.0089,0.0006,-3.1376,0.8253,-3.1412,-4697.8857,-28630.5703,23.6604,1
-4703.1636,-28634.3926,24.9425,-5252.6060,-28084.4668,21.9621,-4705.8247,-28645.8574,22.8217,783.6616,0.0076,0.0007,-3.1377,0.8198,-3.1413,-4698.0728,-28630.8516,23.6205,1
-4703.1636,-28634.3926,24.9425,-5252.6055,-28084.4668,21.9621,-4722.0088,-28645.1836,20.3910,771.9703,0.0090,0.0002,-3.1377,0.8144,-3.1414,-4698.8062,-28631.1582,23.5002,1
-4703.1636,-28634.3926,24.9425,-5252.6055,-28084.4668,21.9621,-4707.6357,-28636.6426,27.6855,775.8312,0.0049,0.0017,-3.1378,0.8096,-3.1415,-4699.1235,-28631.2207,23.6092,1
-4703.1636,-28634.3926,24.9425,-5252.6050,-28084.4648,21.9621,-4710.3306,-28637.9355,25.5857,774.8535,0.0047,0.0012,-3.1379,0.8050,3.1416,-4699.5459,-28631.3418,23.6603,1
-4703.1636,-28634.3926,24.9425,-5252.6050,-28084.4648,21.9621,-4703.3599,-28643.2910,22.8130,783.5524,0.0038,0.0007,-3.1379,0.8006,3.1415,-4699.7632,-28631.6504,23.6268,1
-4703.1636,-28634.3926,24.9425,-5252.6045,-28084.4648,21.9621,-4719.3408,-28642.4961,20.3834,771.8611,0.0052,0.0002,-3.1379,0.7956,3.1415,-4700.5044,-28631.9648,23.5127,1
-4703.1636,-28634.3926,24.9425,-5252.6045,-28084.4648,21.9621,-4707.1963,-28636.0527,27.6714,775.7220,0.0017,0.0017,-3.1380,0.7903,3.1415,-4700.8882,-28632.0938,23.6276,1
-4703.1636,-28634.3926,24.9425,-5252.6045,-28084.4648,21.9621,-4706.4521,-28640.7578,25.2463,779.5824,0.0011,0.0012,-3.1379,0.7833,3.1416,-4701.2549,-28632.3809,23.6733,1
-4703.1636,-28634.3926,24.9425,-5252.6045,-28084.4648,21.9621,-4713.3730,-28652.8086,22.7970,783.4432,0.0026,0.0007,-3.1379,0.7753,-3.1416,-4701.8467,-28633.0684,23.6443,1
-4703.1636,-28634.3926,24.9425,-5252.6040,-28084.4648,21.9621,-4725.2432,-28647.9277,20.3636,771.7520,0.0020,0.0002,-3.1378,0.7650,-3.1415,-4702.8462,-28633.6504,23.5342,1
-4703.1636,-28634.3926,24.9425,-5252.6040,-28084.4648,21.9621,-4708.9922,-28637.6719,27.6560,775.6129,-0.0034,0.0017,-3.1378,0.7552,-3.1415,-4703.3589,-28633.9258,23.6530,1
-4703.1636,-28634.3926,24.9425,-5252.6035,-28084.4648,21.9621,-4710.2710,-28644.3301,25.2309,779.4733,-0.0040,0.0012,-3.1379,0.7446,-3.1416,-4703.9131,-28634.4180,23.7024,1
-4703.1636,-28634.3926,24.9425,-5252.6035,-28084.4648,21.9621,-4719.0210,-28657.9668,22.7814,783.3341,-0.0025,0.0007,-3.1379,0.7335,3.1416,-4704.7480,-28635.3594,23.6767,1
-4703.1636,-28634.3926,24.9425,-5252.6030,-28084.4629,21.9621,-4732.1782,-28654.1895,20.3504,771.6429,-0.0031,0.0002,-3.1379,0.7209,3.1415,-4706.0352,-28636.2305,23.5698,1
-4703.1636,-28634.3926,24.9425,-5252.6030,-28084.4629,21.9621,-4709.3867,-28637.9043,27.6426,775.5038,-0.0106,0.0017,-3.1380,0.7092,3.1414,-4706.6265,-28636.6055,23.6915,1
-4703.1636,-28634.3926,24.9425,-5252.6025,-28084.4629,21.9621,-4710.8984,-28652.9941,29.9376,785.3181,-0.0101,0.0021,-3.1381,0.6975,3.1413,-4707.2544,-28637.4512,23.8935,1
-4703.1636,-28634.3926,24.9425,-5252.6021,-28084.4629,21.9621,-4721.0596,-28659.7090,22.7711,783.2251,-0.0097,0.0006,-3.1381,0.6847,3.1412,-4708.1987,-28638.5352,23.8801,1
-4703.1636,-28634.3926,24.9425,-5252.6021,-28084.4629,21.9621,-4734.4219,-28656.0859,20.3427,771.5338,-0.0103,0.0001,-3.1382,0.6717,3.1412,-4709.5933,-28639.5449,23.7844,1
-4703.1636,-28634.3926,24.9425,-5252.6016,-28084.4629,21.9621,-4707.9854,-28636.3750,27.6285,775.3947,-0.0187,0.0016,-3.1383,0.6613,3.1410,-4710.1665,-28639.9375,23.9160,1
-4703.1636,-28634.3926,24.9425,-5252.6016,-28084.4609,21.9621,-4715.6274,-28649.1660,25.2059,779.2551,-0.0173,0.0011,-3.1384,0.6518,3.1408,-4710.9600,-28640.7168,23.9771,1
-4703.1636,-28634.3926,24.9425,-5252.6011,-28084.4609,21.9621,-4716.3721,-28655.1895,22.7574,783.1160,-0.0178,0.0006,-3.1385,0.6424,3.1407,-4711.7661,-28641.6895,23.9618,1
-4703.1636,-28634.3926,24.9425,-5252.6011,-28084.4609,21.9621,-4727.3013,-28649.3984,20.3272,771.4247,-0.0184,0.0001,-3.1386,0.6337,3.1406,-4712.9170,-28642.4941,23.8638,1
-4703.1636,-28634.3926,24.9425,-5252.6011,-28084.4609,21.9621,-4699.9385,-28628.1602,27.5997,775.2856,-0.0250,0.0016,-3.1389,0.6368,3.1401,-4713.1929,-28642.6074,23.9925,1
-4703.1636,-28634.3926,24.9425,-5252.6011,-28084.4609,21.9621,-4695.3740,-28637.0918,29.6985,784.8256,-0.0238,0.0021,-3.1391,0.6399,3.1399,-4713.2773,-28642.9609,24.1943,1
-4703.1636,-28634.3926,24.9425,-5252.6016,-28084.4609,21.9621,-4693.0649,-28632.2031,22.6993,783.0068,-0.0241,0.0006,-3.1391,0.6448,3.1398,-4713.2266,-28643.1289,24.1840,1
-4703.1636,-28634.3926,24.9425,-5252.6016,-28084.4629,21.9621,-4697.6460,-28620.1406,20.2571,771.3156,-0.0246,0.0001,-3.1390,0.6484,3.1399,-4713.2520,-28642.8594,24.0895,1
-4703.1636,-28634.3926,24.9425,-5252.6021,-28084.4629,21.9620,-4704.0864,-28632.1914,27.5905,775.1763,-0.0208,0.0016,-3.1390,0.6552,3.1399,-4713.4360,-28642.9180,24.2227,1
-4703.1636,-28634.3926,24.9425,-5252.6025,-28084.4629,21.9620,-4694.0283,-28629.2148,24.3430,780.2308,-0.0217,0.0010,-3.1389,0.6616,3.1401,-4713.2637,-28642.8457,24.2577,1
-4703.1636,-28634.3926,24.9425,-5252.6030,-28084.4629,21.9620,-4687.6143,-28626.4219,22.6958,782.8975,-0.0219,0.0006,-3.1388,0.6683,3.1402,-4712.8330,-28642.6465,24.2393,1
-4703.1636,-28634.3926,24.9425,-5252.6035,-28084.4648,21.9620,-4690.4775,-28612.4531,20.2621,771.2062,-0.0225,0.0001,-3.1387,0.6753,3.1404,-4712.4155,-28641.9395,24.1369,1
-4703.1636,-28634.3926,24.9425,-5252.6040,-28084.4648,21.9620,-4701.9043,-28629.8418,27.5823,775.0670,-0.0168,0.0017,-3.1386,0.6849,3.1405,-4712.3125,-28641.7246,24.2620,1
-4703.1636,-28634.3926,24.9425,-5252.6045,-28084.4648,21.9620,-4692.2188,-28625.4746,25.1540,778.9273,-0.0173,0.0012,-3.1385,0.6942,3.1406,-4711.8706,-28641.3418,24.3153,1
-4703.1636,-28634.3926,24.9425,-5252.6050,-28084.4668,21.9620,-4682.4634,-28620.8418,22.7053,782.7881,-0.0179,0.0006,-3.1384,0.7036,3.1407,-4711.0708,-28640.7754,24.2912,1
-4703.1636,-28634.3926,24.9425,-5252.6055,-28084.4668,21.9620,-4684.0591,-28605.3730,20.2797,771.0969,-0.0184,0.0001,-3.1383,0.7133,3.1409,-4710.2437,-28639.6504,24.1834,1
-4703.1636,-28634.3926,24.9425,-5252.6060,-28084.4668,21.9620,-4701.9009,-28629.6816,27.5769,774.9578,-0.0109,0.0016,-3.1382,0.7216,3.1411,-4709.9380,-28639.2422,24.3025,1
-4703.1636,-28634.3926,24.9425,-5252.6064,-28084.4668,21.9620,-4692.5127,-28625.6211,25.1580,778.8181,-0.0115,0.0011,-3.1381,0.7304,3.1412,-4709.3159,-28638.6855,24.3502,1
-4703.1636,-28634.3926,24.9425,-5252.6069,-28084.4668,21.9620,-4683.0835,-28621.3398,22.7165,782.6791,-0.0121,0.0006,-3.1380,0.7392,3.1413,-4708.3618,-28637.9707,24.3208,1
-4703.1636,-28634.3926,24.9425,-5252.6074,-28084.4688,21.9621,-4691.6069,-28613.3340,20.2940,770.9877,-0.0106,0.0001,-3.1380,0.7482,3.1414,-4707.6211,-28636.9590,24.2079,1
-4703.1636,-28634.3926,24.9425,-5252.6074,-28084.4688,21.9621,-4702.0059,-28629.6328,27.5656,774.8486,-0.0056,0.0016,-3.1379,0.7552,3.1416,-4707.1909,-28636.4336,24.3212,1
-4703.1636,-28634.3926,24.9425,-5252.6079,-28084.4688,21.9621,-4693.4692,-28626.4531,25.1490,778.7089,-0.0062,0.0011,-3.1378,0.7623,-3.1415,-4706.4844,-28635.8008,24.3632,1
-4703.1636,-28634.3926,24.9425,-5252.6079,-28084.4688,21.9621,-4684.8369,-28623.0352,22.7080,782.5699,-0.0067,0.0006,-3.1378,0.7696,-3.1415,-4705.4854,-28635.0508,24.3283,1
-4703.1636,-28634.3926,24.9425,-5252.6084,-28084.4688,21.9621,-4694.1421,-28615.8516,20.2834,770.8786,-0.0053,0.0001,-3.1378,0.7772,-3.1414,-4704.7441,-28634.0488,24.2099,1
-4703.1636,-28634.3926,24.9425,-5252.6084,-28084.4688,21.9621,-4702.5366,-28630.0137,27.5499,774.7395,-0.0012,0.0016,-3.1377,0.7819,-3.1413,-4704.2646,-28633.4785,24.3178,1
-4703.1636,-28634.3926,24.9425,-5252.6084,-28084.4688,21.9621,-4695.2070,-28628.0840,25.1309,778.5999,-0.0018,0.0011,-3.1376,0.7868,-3.1412,-4703.5605,-28632.8555,24.3544,1
-4703.1636,-28634.3926,24.9425,-5252.6089,-28084.4688,21.9621,-4694.6333,-28633.0215,22.6836,782.4608,-0.0003,0.0006,-3.1376,0.7919,-3.1412,-4702.8345,-28632.3945,24.3140,1
-4703.1636,-28634.3926,24.9425,-5252.6089,-28084.4688,21.9621,-4698.6689,-28620.4102,20.2582,770.7695,-0.0009,0.0001,-3.1376,0.7964,-3.1412,-4702.2329,-28631.5410,24.1902,1
-4703.1636,-28634.3926,24.9425,-5252.6089,-28084.4688,21.9621,-4702.4463,-28629.7676,27.5326,774.6304,0.0016,0.0016,-3.1376,0.8001,-3.1412,-4701.7617,-28630.9844,24.2931,1
-4703.1636,-28634.3926,24.9425,-5252.6089,-28084.4688,21.9621,-4702.1450,-28624.7852,27.2416,771.3443,0.0016,0.0016,-3.1376,0.8050,-3.1412,-4701.2983,-28630.2793,24.3941,1
-4703.1636,-28634.3926,24.9425,-5252.6089,-28084.4688,21.9621,-4694.9990,-28627.8496,27.6932,778.5991,0.0021,0.0017,-3.1377,0.8115,-3.1413,-4700.6230,-28629.6797,24.5147,1
-4703.1636,-28634.3926,24.9425,-5252.6089,-28084.4688,21.9621,-4686.9307,-28619.5879,22.4148,778.6797,0.0008,0.0006,-3.1378,0.8184,-3.1414,-4699.6919,-28628.8281,24.4722,1
-4703.1636,-28634.3926,24.9425,-5252.6089,-28084.4688,21.9621,-4700.6885,-28627.8320,27.5162,774.5212,0.0049,0.0016,-3.1378,0.8241,-3.1414,-4699.1919,-28628.2383,24.5888,1
-4703.1636,-28634.3926,24.9425,-5252.6089,-28084.4688,21.9621,-4692.6592,-28625.1445,25.0916,778.3817,0.0044,0.0011,-3.1377,0.8303,-3.1414,-4698.4551,-28627.5801,24.6327,1
-4703.1636,-28634.3926,24.9425,-5252.6089,-28084.4688,21.9621,-4691.7979,-28629.8105,22.6422,782.2425,0.0058,0.0006,-3.1377,0.8359,-3.1413,-4697.6958,-28627.0859,24.5983,1
-4703.1636,-28634.3926,24.9425,-5252.6089,-28084.4688,21.9621,-4695.3486,-28616.6406,20.2144,770.5512,0.0053,0.0001,-3.1377,0.8414,-3.1413,-4697.0552,-28626.1895,24.4790,1
-4703.1636,-28634.3926,24.9425,-5252.6089,-28084.4688,21.9621,-4700.5820,-28627.5684,27.5023,774.4121,0.0084,0.0016,-3.1376,0.8461,-3.1412,-4696.5986,-28625.6445,24.5857,1
-4703.1636,-28634.3926,24.9425,-5252.6089,-28084.4688,21.9621,-4700.4360,-28632.9297,25.0768,778.2725,0.0098,0.0011,-3.1375,0.8504,-3.1411,-4696.1646,-28625.2969,24.6201,1
-4703.1636,-28634.3926,24.9425,-5252.6089,-28084.4688,21.9621,-4693.7363,-28631.6406,22.6278,782.1333,0.0092,0.0006,-3.1375,0.8541,-3.1411,-4695.5430,-28624.9414,24.5764,1
-4703.1636,-28634.3926,24.9425,-5252.6089,-28084.4688,21.9621,-4697.8164,-28619.0566,20.2004,770.4421,0.0087,0.0001,-3.1375,0.8586,-3.1411,-4695.0674,-28624.2148,24.4482,1
-4703.1636,-28634.3926,24.9425,-5252.6089,-28084.4688,21.9621,-4701.5073,-28628.3535,27.4884,774.3029,0.0109,0.0016,-3.1374,0.8603,-3.1409,-4694.7349,-28623.7949,24.5464,1
-4703.1636,-28634.3926,24.9425,-5252.6089,-28084.4688,21.9621,-4703.1592,-28635.5039,25.0617,778.1633,0.0123,0.0011,-3.1373,0.8613,-3.1408,-4694.4863,-28623.6328,24.5724,1
-4703.1636,-28634.3926,24.9425,-5252.6089,-28084.4688,21.9621,-4698.8569,-28636.6680,22.6123,782.0242,0.0118,0.0006,-3.1373,0.8607,-3.1407,-4694.1353,-28623.5488,24.5208,1
-4703.1636,-28634.3926,24.9425,-5252.6084,-28084.4688,21.9621,-4706.0537,-28627.3203,20.1843,770.3329,0.0112,0.0001,-3.1372,0.8592,-3.1407,-4694.0464,-28623.2129,24.3851,1
-4703.1636,-28634.3926,24.9425,-5252.6084,-28084.4688,21.9621,-4711.0210,-28637.6738,27.4700,774.1937,0.0127,0.0016,-3.1372,0.8549,-3.1406,-4694.1577,-28623.2344,24.4760,1
-4703.1636,-28634.3926,24.9425,-5252.6079,-28084.4688,21.9621,-4710.1489,-28642.2344,25.0423,778.0541,0.0122,0.0011,-3.1371,0.8481,-3.1405,-4694.2891,-28623.4473,24.4952,1
-4703.1636,-28634.3926,24.9425,-5252.6079,-28084.4688,21.9621,-4710.2402,-28647.7012,22.5898,781.9150,0.0116,0.0006,-3.1371,0.8397,-3.1405,-4694.4678,-28623.8828,24.4371,1
-4703.1636,-28634.3926,24.9425,-5252.6074,-28084.4688,21.9621,-4721.9785,-28642.7480,20.1597,770.2238,0.0111,0.0001,-3.1371,0.8297,-3.1405,-4695.0796,-28624.2344,24.2951,1
-4703.1636,-28634.3926,24.9425,-5252.6069,-28084.4688,21.9621,-4710.3794,-28636.8945,27.4606,774.0844,0.0078,0.0016,-3.1373,0.8253,-3.1408,-4695.3799,-28624.4414,24.3808,1
-4703.1636,-28634.3926,24.9425,-5252.6064,-28084.4668,21.9621,-4708.4697,-28640.4434,25.0405,777.9448,0.0073,0.0011,-3.1375,0.8204,-3.1411,-4695.6558,-28624.7930,24.3953,1
-4703.1636,-28634.3926,24.9425,-5252.6060,-28084.4668,21.9621,-4706.4575,-28643.8809,22.5964,781.8057,0.0067,0.0006,-3.1377,0.8156,-3.1413,-4695.8970,-28625.2930,24.3333,1
-4703.1636,-28634.3926,24.9425,-5252.6060,-28084.4668,21.9621,-4715.1987,-28636.0703,20.1744,770.1144,0.0062,0.0001,-3.1378,0.8111,-3.1415,-4696.4531,-28625.5898,24.1882,1
-4703.1636,-28634.3926,24.9425,-5252.6055,-28084.4668,21.9621,-4710.1030,-28636.4688,27.4513,773.9753,0.0047,0.0016,-3.1378,0.8060,-3.1415,-4696.8848,-28625.9238,24.2704,1
-4703.1636,-28634.3926,24.9425,-5252.6055,-28084.4668,21.9621,-4709.4092,-28635.0176,24.8942,773.4148,0.0036,0.0011,-3.1379,0.8011,3.1416,-4697.3228,-28626.2344,24.2778,1
-4703.1636,-28634.3926,24.9425,-5252.6050,-28084.4668,21.9621,-4706.1650,-28643.4453,22.5881,781.6965,0.0036,0.0006,-3.1379,0.7964,3.1415,-4697.6782,-28626.8281,24.2128,1
-4703.1636,-28634.3926,24.9425,-5252.6050,-28084.4648,21.9621,-4721.8779,-28642.3496,20.1682,770.0052,0.0050,0.0001,-3.1380,0.7919,3.1415,-4698.5630,-28627.4297,24.0655,1
-4703.1636,-28634.3926,24.9425,-5252.6050,-28084.4648,21.9621,-4709.2383,-28635.4629,27.4378,773.8662,0.0014,0.0016,-3.1380,0.7871,3.1414,-4699.0835,-28627.8359,24.1457,1
-4703.1636,-28634.3926,24.9425,-5252.6045,-28084.4648,21.9621,-4707.8760,-28639.5566,25.0181,777.7266,0.0008,0.0011,-3.1380,0.7812,3.1415,-4699.5742,-28628.3828,24.1557,1
-4703.1636,-28634.3926,24.9425,-5252.6045,-28084.4648,21.9621,-4707.1401,-28644.2422,22.5734,781.5874,0.0003,0.0006,-3.1379,0.7742,3.1415,-4700.0508,-28629.0977,24.0897,1
-4703.1636,-28634.3926,24.9425,-5252.6045,-28084.4648,21.9621,-4724.8013,-28644.9648,20.1516,769.8962,0.0017,0.0001,-3.1379,0.7661,3.1416,-4701.1118,-28629.8672,23.9417,1
-4703.1636,-28634.3926,24.9425,-5252.6040,-28084.4648,21.9621,-4710.5454,-28636.5977,27.4226,773.7571,-0.0029,0.0016,-3.1379,0.7578,3.1416,-4701.7510,-28630.3887,24.0217,1
-4703.1636,-28634.3926,24.9425,-5252.6040,-28084.4648,21.9621,-4710.7217,-28642.1816,25.0026,777.6174,-0.0035,0.0011,-3.1379,0.7491,3.1415,-4702.4019,-28631.0938,24.0318,1
-4703.1636,-28634.3926,24.9425,-5252.6035,-28084.4648,21.9621,-4718.4702,-28654.9141,22.5583,781.4783,-0.0020,0.0006,-3.1380,0.7397,3.1415,-4703.3057,-28632.2148,23.9663,1
-4703.1636,-28634.3926,24.9425,-5252.6035,-28084.4648,21.9621,-4730.6519,-28650.2715,20.1361,769.7870,-0.0026,0.0001,-3.1380,0.7288,3.1415,-4704.6318,-28633.2344,23.8190,1
-4703.1636,-28634.3926,24.9425,-5252.6030,-28084.4648,21.9621,-4710.6997,-28636.5977,27.4085,773.6479,-0.0091,0.0016,-3.1380,0.7189,3.1414,-4705.3501,-28633.8301,23.9002,1
-4703.1636,-28634.3926,24.9425,-5252.6030,-28084.4629,21.9621,-4711.2803,-28642.5723,24.9891,777.5083,-0.0096,0.0011,-3.1381,0.7095,3.1413,-4706.0806,-28634.6074,23.9117,1
-4703.1636,-28634.3926,24.9425,-5252.6025,-28084.4629,21.9621,-4719.0601,-28655.3164,22.5463,781.3692,-0.0082,0.0006,-3.1382,0.7001,3.1412,-4707.0527,-28635.7930,23.8480,1
-4703.1636,-28634.3926,24.9425,-5252.6025,-28084.4629,21.9621,-4720.4292,-28661.8047,29.9461,785.2296,-0.0088,0.0021,-3.1382,0.6897,3.1411,-4708.0737,-28637.2051,24.0180,1
-4703.1636,-28634.3926,24.9425,-5252.6025,-28084.4629,21.9621,-4709.0625,-28634.8320,27.3940,773.5388,-0.0155,0.0016,-3.1383,0.6816,3.1410,-4708.7397,-28637.7930,24.1218,1
-4703.1636,-28634.3926,24.9425,-5252.6021,-28084.4629,21.9621,-4708.4399,-28639.6504,24.9733,777.3992,-0.0161,0.0011,-3.1384,0.6743,3.1409,-4709.3657,-28638.5059,24.1544,1
-4703.1636,-28634.3926,24.9425,-5252.6021,-28084.4629,21.9621,-4715.0063,-28651.3496,22.5305,781.2601,-0.0146,0.0006,-3.1384,0.6669,3.1408,-4710.1787,-28639.5742,24.1103,1
-4703.1636,-28634.3926,24.9425,-5252.6021,-28084.4629,21.9621,-4714.2007,-28655.8516,29.9271,785.1205,-0.0152,0.0021,-3.1385,0.6602,3.1407,-4710.9546,-28640.7871,24.2984,1
-4703.1636,-28634.3926,24.9425,-5252.6021,-28084.4629,21.9621,-4705.3062,-28630.9414,27.3754,773.4297,-0.0204,0.0016,-3.1386,0.6577,3.1405,-4711.4302,-28641.2109,24.4186,1
-4703.1636,-28634.3926,24.9425,-5252.6021,-28084.4629,21.9621,-4707.8086,-28638.8789,24.9531,777.2900,-0.0190,0.0011,-3.1387,0.6573,3.1404,-4711.9521,-28641.8457,24.4661,1
-4703.1636,-28634.3926,24.9425,-5252.6021,-28084.4629,21.9621,-4702.7769,-28639.3438,22.5005,781.1509,-0.0196,0.0006,-3.1388,0.6580,3.1403,-4712.2832,-28642.4668,24.4351,1
-4703.1636,-28634.3926,24.9425,-5252.6021,-28084.4629,21.9621,-4696.6670,-28638.6523,29.8866,785.0113,-0.0201,0.0021,-3.1388,0.6606,3.1402,-4712.3809,-28643.0352,24.6344,1
-4703.1636,-28634.3926,24.9425,-5252.6025,-28084.4629,21.9621,-4700.2593,-28625.6836,27.3537,773.3204,-0.0206,0.0016,-3.1389,0.6661,3.1401,-4712.5337,-28643.1504,24.7647,1
-4703.1636,-28634.3926,24.9425,-5252.6025,-28084.4629,21.9620,-4701.6328,-28630.1855,22.5099,775.4855,-0.0188,0.0006,-3.1388,0.6720,3.1402,-4712.6870,-28643.3516,24.7428,1
-4703.1636,-28634.3926,24.9425,-5252.6030,-28084.4648,21.9620,-4691.6025,-28627.8867,22.4762,781.0416,-0.0197,0.0006,-3.1388,0.6775,3.1403,-4712.4814,-28643.4355,24.7138,1
-4703.1636,-28634.3926,24.9425,-5252.6035,-28084.4648,21.9620,-4683.8276,-28625.3105,29.8657,784.9020,-0.0203,0.0021,-3.1387,0.6833,3.1404,-4711.9712,-28643.3848,24.9144,1
-4703.1636,-28634.3926,24.9425,-5252.6040,-28084.4648,21.9620,-4705.1880,-28630.5137,27.3499,773.2112,-0.0152,0.0016,-3.1386,0.6911,3.1405,-4712.0645,-28643.4395,25.0453,1
-4703.1636,-28634.3926,24.9425,-5252.6045,-28084.4648,21.9620,-4692.3867,-28628.3574,20.6481,780.8099,-0.0162,0.0002,-3.1385,0.6984,3.1406,-4711.7251,-28643.3848,24.9641,1
-4703.1636,-28634.3926,24.9425,-5252.6050,-28084.4648,21.9620,-4689.6802,-28619.3164,21.0127,776.4983,-0.0167,0.0003,-3.1384,0.7060,3.1407,-4711.2441,-28642.9883,24.8827,1
-4703.1636,-28634.3926,24.9425,-5252.6050,-28084.4668,21.9620,-4678.8340,-28619.8496,29.8757,784.7928,-0.0169,0.0021,-3.1383,0.7140,3.1409,-4710.3711,-28642.5566,25.0752,1
-4703.1636,-28634.3926,24.9425,-5252.6055,-28084.4668,21.9620,-4704.3340,-28629.5020,27.3411,773.1020,-0.0105,0.0016,-3.1383,0.7221,3.1410,-4710.2344,-28642.3652,25.1971,1
-4703.1636,-28634.3926,24.9425,-5252.6060,-28084.4668,21.9620,-4695.5957,-28626.1367,24.9245,776.9623,-0.0111,0.0011,-3.1382,0.7296,3.1411,-4709.8032,-28642.0332,25.2439,1
-4703.1636,-28634.3926,24.9425,-5252.6064,-28084.4668,21.9620,-4686.6719,-28622.4316,22.4851,780.8232,-0.0117,0.0006,-3.1381,0.7375,3.1412,-4709.0566,-28641.5449,25.2101,1
-4703.1636,-28634.3926,24.9425,-5252.6069,-28084.4668,21.9621,-4677.6631,-28618.4297,29.8830,784.6836,-0.0122,0.0021,-3.1381,0.7456,3.1413,-4707.9790,-28640.8848,25.4049,1
-4703.1636,-28634.3926,24.9425,-5252.6069,-28084.4688,21.9621,-4704.6904,-28629.7070,27.3304,772.9928,-0.0057,0.0016,-3.1380,0.7519,3.1415,-4707.6982,-28640.5293,25.5272,1
-4703.1636,-28634.3926,24.9425,-5252.6074,-28084.4688,21.9621,-4696.4346,-28626.8418,24.9162,776.8531,-0.0063,0.0011,-3.1379,0.7585,3.1416,-4707.1519,-28640.0605,25.5735,1
-4703.1636,-28634.3926,24.9425,-5252.6074,-28084.4688,21.9621,-4688.0854,-28623.7578,22.4781,780.7141,-0.0068,0.0006,-3.1379,0.7653,-3.1416,-4706.3228,-28639.4668,25.5382,1
-4703.1636,-28634.3926,24.9425,-5252.6079,-28084.4688,21.9621,-4686.5132,-28627.6465,29.8730,784.5744,-0.0054,0.0021,-3.1378,0.7722,-3.1415,-4705.4146,-28638.9688,25.7303,1
-4703.1636,-28634.3926,24.9425,-5252.6079,-28084.4688,21.9621,-4704.9707,-28629.8320,27.3153,772.8837,-0.0017,0.0016,-3.1378,0.7767,-3.1414,-4705.0635,-28638.5156,25.8488,1
-4703.1636,-28634.3926,24.9425,-5252.6079,-28084.4688,21.9621,-4699.2300,-28628.0820,24.9346,775.7228,-0.0021,0.0011,-3.1377,0.7814,-3.1413,-4704.5381,-28637.9922,25.8913,1
-4703.1636,-28634.3926,24.9425,-5252.6084,-28084.4688,21.9621,-4690.4536,-28626.0684,22.4603,780.6049,-0.0028,0.0006,-3.1377,0.7863,-3.1413,-4703.7324,-28637.3926,25.8503,1
-4703.1636,-28634.3926,24.9425,-5252.6084,-28084.4688,21.9621,-4689.8887,-28630.9863,29.8506,784.4654,-0.0014,0.0021,-3.1377,0.7914,-3.1413,-4702.8940,-28636.9336,26.0358,1
-4703.1636,-28634.3926,24.9425,-5252.6084,-28084.4688,21.9621,-4704.7456,-28629.4512,27.2991,772.7745,0.0011,0.0016,-3.1377,0.7951,-3.1413,-4702.5156,-28636.4199,26.1468,1
-4703.1636,-28634.3926,24.9425,-5252.6084,-28084.4688,21.9621,-4697.3379,-28627.4551,24.8812,776.6349,0.0006,0.0011,-3.1377,0.8001,-3.1413,-4701.9180,-28635.8359,26.1800,1
-4703.1636,-28634.3926,24.9425,-5252.6084,-28084.4688,21.9621,-4695.9565,-28631.5664,22.4369,780.4958,0.0020,0.0006,-3.1378,0.8067,-3.1414,-4701.2812,-28635.3750,26.1298,1
-4703.1636,-28634.3926,24.9425,-5252.6084,-28084.4688,21.9621,-4687.4678,-28628.3242,29.8254,784.3562,0.0015,0.0021,-3.1378,0.8137,-3.1415,-4700.3774,-28634.8164,26.3055,1
-4703.1636,-28634.3926,24.9425,-5252.6084,-28084.4688,21.9621,-4702.8105,-28627.3438,27.2835,772.6654,0.0045,0.0016,-3.1378,0.8198,-3.1415,-4699.9521,-28634.2188,26.4063,1
-4703.1636,-28634.3926,24.9425,-5252.6084,-28084.4688,21.9621,-4698.0728,-28629.5195,20.1488,777.5562,0.0051,0.0001,-3.1378,0.8263,-3.1414,-4699.3970,-28633.6895,26.2770,1
-4703.1636,-28634.3926,24.9425,-5252.6084,-28084.4688,21.9621,-4692.7520,-28628.1289,22.4201,780.3866,0.0054,0.0006,-3.1378,0.8337,-3.1414,-4698.6851,-28633.1211,26.2057,1
-4703.1636,-28634.3926,24.9425,-5252.6089,-28084.4688,21.9621,-4684.2422,-28624.7949,29.8072,784.2470,0.0048,0.0021,-3.1377,0.8408,-3.1414,-4697.7061,-28632.4473,26.3607,1
-4703.1636,-28634.3926,24.9425,-5252.6089,-28084.4688,21.9621,-4703.2354,-28630.9980,28.8239,774.9473,0.0094,0.0019,-3.1377,0.8468,-3.1413,-4697.3237,-28631.9688,26.4912,1
-4703.1636,-28634.3926,24.9425,-5252.6089,-28084.4707,21.9621,-4694.0347,-28623.7422,24.8500,776.4167,0.0080,0.0011,-3.1376,0.8533,-3.1412,-4696.6758,-28631.2695,26.4970,1
-4703.1636,-28634.3926,24.9425,-5252.6089,-28084.4707,21.9621,-4693.3149,-28628.5547,22.4064,780.2776,0.0094,0.0006,-3.1375,0.8585,-3.1411,-4696.0176,-28630.7246,26.4193,1
-4703.1636,-28634.3926,24.9425,-5252.6089,-28084.4707,21.9621,-4685.8423,-28626.3164,29.7928,784.1379,0.0089,0.0021,-3.1375,0.8637,-3.1410,-4695.1338,-28630.1172,26.5673,1
-4703.1636,-28634.3926,24.9425,-5252.6089,-28084.4707,21.9621,-4703.0005,-28627.2266,27.2555,772.4471,0.0120,0.0016,-3.1374,0.8670,-3.1409,-4694.7998,-28629.5469,26.6403,1
-4703.1636,-28634.3926,24.9425,-5252.6089,-28084.4707,21.9621,-4704.1421,-28633.8652,24.8337,776.3075,0.0134,0.0011,-3.1373,0.8689,-3.1408,-4694.5386,-28629.1992,26.6349,1
-4703.1636,-28634.3926,24.9425,-5252.6089,-28084.4707,21.9621,-4699.0400,-28634.2227,22.3892,780.1683,0.0129,0.0006,-3.1372,0.8698,-3.1407,-4694.1514,-28628.8906,26.5458,1
-4703.1636,-28634.3926,24.9425,-5252.6089,-28084.4707,21.9621,-4694.3730,-28634.9453,29.7731,784.0287,0.0123,0.0021,-3.1372,0.8698,-3.1406,-4693.6426,-28628.6289,26.6823,1
-4703.1636,-28634.3926,24.9425,-5252.6089,-28084.4688,21.9621,-4705.9810,-28630.0723,27.2396,772.3379,0.0127,0.0016,-3.1371,0.8663,-3.1405,-4693.5288,-28628.2441,26.7438,1
-4703.1636,-28634.3926,24.9425,-5252.6084,-28084.4688,21.9621,-4710.7812,-28640.2598,24.8130,776.1983,0.0142,0.0011,-3.1370,0.8618,-3.1404,-4693.6118,-28628.2031,26.7267,1
-4703.1636,-28634.3926,24.9425,-5252.6079,-28084.4688,21.9621,-4710.0547,-28644.9434,22.3649,780.0591,0.0136,0.0006,-3.1370,0.8548,-3.1404,-4693.7212,-28628.3516,26.6258,1
-4703.1636,-28634.3926,24.9425,-5252.6079,-28084.4688,21.9621,-4710.2847,-28650.4766,29.7438,783.9196,0.0131,0.0021,-3.1370,0.8462,-3.1404,-4693.8838,-28628.7207,26.7505,1
-4703.1636,-28634.3926,24.9425,-5252.6074,-28084.4688,21.9620,-4705.9590,-28629.8984,27.2291,772.2286,0.0087,0.0016,-3.1372,0.8415,-3.1406,-4693.9619,-28628.4941,26.8008,1
-4703.1636,-28634.3926,24.9425,-5252.6069,-28084.4688,21.9620,-4711.1328,-28640.4512,24.8084,776.0890,0.0102,0.0011,-3.1373,0.8362,-3.1409,-4694.2407,-28628.6172,26.7728,1
-4703.1636,-28634.3926,24.9425,-5252.6064,-28084.4668,21.9620,-4713.5854,-28639.0508,27.3527,773.3871,0.0095,0.0016,-3.1375,0.8312,-3.1411,-4694.6465,-28628.7305,26.8214,1
-4703.1636,-28634.3926,24.9425,-5252.6064,-28084.4668,21.9621,-4707.4512,-28647.5957,29.7542,783.8103,0.0091,0.0021,-3.1376,0.8263,-3.1412,-4694.8960,-28629.1426,26.9466,1
-4703.1636,-28634.3926,24.9425,-5252.6060,-28084.4668,21.9621,-4703.1157,-28643.2773,24.7880,783.7158,0.0070,0.0011,-3.1377,0.8212,-3.1413,-4695.0400,-28629.4629,26.9182,1
-4703.1636,-28634.3926,24.9425,-5252.6055,-28084.4668,21.9621,-4707.5200,-28641.5566,25.1344,779.4041,0.0065,0.0011,-3.1377,0.8156,-3.1414,-4695.3477,-28629.7637,26.8948,1
-4703.1636,-28634.3926,24.9425,-5252.6055,-28084.4668,21.9621,-4709.2759,-28643.8848,22.3633,779.8407,0.0063,0.0006,-3.1378,0.8101,-3.1415,-4695.7402,-28630.1660,26.7776,1
-4703.1636,-28634.3926,24.9425,-5252.6050,-28084.4668,21.9621,-4707.6094,-28647.5977,29.7489,783.7011,0.0057,0.0021,-3.1378,0.8049,-3.1415,-4696.1084,-28630.7168,26.8863,1
-4703.1636,-28634.3926,24.9425,-5252.6050,-28084.4668,21.9621,-4711.8433,-28635.4277,27.2051,772.0103,0.0037,0.0016,-3.1379,0.7996,3.1416,-4696.6445,-28630.9180,26.9197,1
-4703.1636,-28634.3926,24.9425,-5252.6045,-28084.4648,21.9621,-4707.3291,-28641.6621,27.5648,779.6267,0.0033,0.0016,-3.1380,0.7954,3.1415,-4697.0625,-28631.3262,26.9644,1
-4703.1636,-28634.3926,24.9425,-5252.6045,-28084.4648,21.9621,-4708.0923,-28642.5781,22.3521,779.7315,0.0026,0.0006,-3.1380,0.7896,3.1415,-4697.5249,-28631.7832,26.8424,1
-4703.1636,-28634.3926,24.9425,-5252.6045,-28084.4648,21.9621,-4714.6802,-28654.2051,29.7362,783.5920,0.0041,0.0021,-3.1379,0.7823,3.1415,-4698.2148,-28632.6309,26.9463,1
-4703.1636,-28634.3926,24.9425,-5252.6040,-28084.4648,21.9621,-4712.5986,-28636.0137,27.1901,771.9012,-0.0001,0.0016,-3.1379,0.7744,3.1416,-4698.8755,-28632.9395,26.9746,1
-4703.1636,-28634.3926,24.9425,-5252.6040,-28084.4648,21.9621,-4712.9497,-28641.7598,24.7747,775.7616,-0.0006,0.0011,-3.1379,0.7654,-3.1416,-4699.5684,-28633.4336,26.9248,1
-4703.1636,-28634.3926,24.9425,-5252.6040,-28084.4648,21.9621,-4713.9883,-28648.1211,22.3346,779.6224,-0.0012,0.0006,-3.1379,0.7553,-3.1416,-4700.3135,-28634.1406,26.7918,1
-4703.1636,-28634.3926,24.9425,-5252.6035,-28084.4648,21.9621,-4722.8550,-28661.6660,29.7157,783.4828,0.0003,0.0021,-3.1379,0.7443,-3.1416,-4701.3589,-28635.3008,26.8850,1
-4703.1636,-28634.3926,24.9425,-5252.6030,-28084.4648,21.9621,-4713.6787,-28636.9180,27.1756,771.7921,-0.0063,0.0016,-3.1379,0.7332,3.1416,-4702.1528,-28635.7188,26.9034,1
-4703.1636,-28634.3926,24.9425,-5252.6030,-28084.4648,21.9621,-4715.5000,-28644.0664,24.7608,775.6525,-0.0069,0.0011,-3.1380,0.7216,3.1415,-4703.0151,-28636.3574,26.8441,1
-4703.1636,-28634.3926,24.9425,-5252.6025,-28084.4629,21.9621,-4717.5747,-28651.3750,22.3224,779.5133,-0.0074,0.0006,-3.1380,0.7097,3.1414,-4703.9546,-28637.2324,26.7022,1
-4703.1636,-28634.3926,24.9425,-5252.6025,-28084.4629,21.9621,-4727.8071,-28666.0254,29.7040,783.3742,-0.0060,0.0021,-3.1381,0.6964,3.1414,-4705.2324,-28638.5918,26.7871,1
-4703.1636,-28634.3926,24.9425,-5252.6021,-28084.4629,21.9621,-4713.3867,-28636.4785,27.1624,771.6829,-0.0142,0.0016,-3.1381,0.6846,3.1412,-4706.0845,-28639.0488,26.7976,1
-4703.1636,-28634.3926,24.9425,-5252.6021,-28084.4629,21.9621,-4715.3257,-28643.7480,24.7487,775.5438,-0.0147,0.0011,-3.1382,0.6728,3.1411,-4706.9941,-28639.7207,26.7311,1
-4703.1636,-28634.3926,24.9425,-5252.6016,-28084.4629,21.9621,-4724.1479,-28657.3594,22.3124,779.4042,-0.0133,0.0006,-3.1383,0.6616,3.1410,-4708.1831,-28640.8184,26.5825,1
-4703.1636,-28634.3926,24.9425,-5252.6011,-28084.4629,21.9621,-4726.2578,-28664.4785,29.6939,783.2651,-0.0138,0.0021,-3.1384,0.6500,3.1409,-4709.4502,-28642.1582,26.6613,1
-4703.1636,-28634.3926,24.9425,-5252.6011,-28084.4609,21.9621,-4710.6626,-28633.6504,27.1467,771.5739,-0.0218,0.0016,-3.1385,0.6419,3.1407,-4710.2329,-28642.5371,26.6661,1
-4703.1636,-28634.3926,24.9425,-5252.6011,-28084.4609,21.9621,-4715.5610,-28637.5586,22.4677,770.9257,-0.0215,0.0006,-3.1386,0.6354,3.1405,-4711.1504,-28643.0039,26.5207,1
-4703.1636,-28634.3926,24.9425,-5252.6011,-28084.4609,21.9621,-4714.7295,-28648.3750,22.2900,779.2952,-0.0209,0.0006,-3.1387,0.6305,3.1404,-4712.0244,-28643.7852,26.3625,1
-4703.1636,-28634.3926,24.9425,-5252.6011,-28084.4609,21.9621,-4712.4829,-28651.5215,29.6627,783.1560,-0.0214,0.0020,-3.1388,0.6263,3.1403,-4712.8071,-28644.6562,26.4323,1
-4703.1636,-28634.3926,24.9425,-5252.6011,-28084.4609,21.9621,-4703.0845,-28625.9121,27.1177,771.4647,-0.0258,0.0016,-3.1390,0.6309,3.1400,-4713.2588,-28644.6953,26.4293,1
-4703.1636,-28634.3926,24.9425,-5252.6011,-28084.4629,21.9621,-4692.4365,-28634.0977,23.8755,784.7815,-0.0253,0.0009,-3.1391,0.6359,3.1398,-4713.3296,-28644.9434,26.3250,1
-4703.1636,-28634.3926,24.9425,-5252.6016,-28084.4629,21.9620,-4695.3618,-28629.0898,22.2379,779.1860,-0.0249,0.0006,-3.1391,0.6406,3.1398,-4713.4209,-28644.9863,26.1631,1
-4703.1636,-28634.3926,24.9425,-5252.6021,-28084.4629,21.9620,-4687.9971,-28626.9902,29.6020,783.0469,-0.0254,0.0021,-3.1390,0.6456,3.1400,-4713.2188,-28644.9102,26.2295,1
-4703.1636,-28634.3926,24.9425,-5252.6021,-28084.4629,21.9620,-4700.5352,-28623.1582,27.1054,771.3554,-0.0229,0.0016,-3.1389,0.6537,3.1400,-4713.3364,-28644.6484,26.2253,1
-4703.1636,-28634.3926,24.9425,-5252.6025,-28084.4648,21.9620,-4690.2427,-28627.4180,25.1614,781.6973,-0.0225,0.0012,-3.1388,0.6618,3.1401,-4713.0854,-28644.4707,26.1615,1
-4703.1636,-28634.3926,24.9425,-5252.6030,-28084.4648,21.9620,-4681.2393,-28623.2012,28.3393,785.3181,-0.0231,0.0018,-3.1387,0.6698,3.1403,-4712.4858,-28644.1113,26.1978,1
-4703.1636,-28634.3926,24.9425,-5252.6040,-28084.4648,21.9620,-4680.1924,-28618.5879,29.6125,782.9375,-0.0226,0.0021,-3.1386,0.6781,3.1405,-4711.7700,-28643.5488,26.2807,1
-4703.1636,-28634.3926,24.9425,-5252.6045,-28084.4648,21.9620,-4698.8491,-28621.2676,27.1019,771.2461,-0.0180,0.0016,-3.1385,0.6881,3.1406,-4711.5654,-28642.9980,26.2919,1
-4703.1636,-28634.3926,24.9425,-5252.6050,-28084.4668,21.9620,-4695.6206,-28623.5000,24.6898,775.1069,-0.0165,0.0011,-3.1385,0.6980,3.1407,-4711.2236,-28642.4707,26.2273,1
-4703.1636,-28634.3926,24.9425,-5252.6055,-28084.4668,21.9620,-4685.6812,-28618.6855,22.2537,778.9673,-0.0171,0.0006,-3.1384,0.7079,3.1408,-4710.5269,-28641.7480,26.0819,1
-4703.1636,-28634.3926,24.9425,-5252.6060,-28084.4668,21.9620,-4675.6558,-28613.5234,29.6335,782.8282,-0.0176,0.0021,-3.1383,0.7180,3.1410,-4709.4561,-28640.8125,26.1652,1
-4703.1636,-28634.3926,24.9425,-5252.6064,-28084.4668,21.9620,-4705.4009,-28627.7891,27.0987,771.1370,-0.0098,0.0016,-3.1382,0.7272,3.1411,-4709.2593,-28640.2715,26.1765,1
-4703.1636,-28634.3926,24.9425,-5252.6069,-28084.4688,21.9620,-4695.8428,-28623.5723,24.6909,774.9978,-0.0104,0.0011,-3.1381,0.7363,3.1413,-4708.7490,-28639.5703,26.1125,1
-4703.1636,-28634.3926,24.9425,-5252.6069,-28084.4688,21.9621,-4686.1772,-28619.0527,22.2601,778.8582,-0.0109,0.0006,-3.1380,0.7456,3.1414,-4707.9053,-28638.6992,25.9682,1
-4703.1636,-28634.3926,24.9425,-5252.6074,-28084.4688,21.9621,-4676.6509,-28614.4453,29.6421,782.7191,-0.0115,0.0021,-3.1379,0.7547,3.1415,-4706.7183,-28637.6484,26.0530,1
-4703.1636,-28634.3926,24.9425,-5252.6079,-28084.4688,21.9621,-4705.6963,-28627.9336,27.0861,771.0278,-0.0042,0.0015,-3.1378,0.7622,-3.1415,-4706.3999,-28636.9844,26.0654,1
-4703.1636,-28634.3926,24.9425,-5252.6079,-28084.4688,21.9621,-4697.3164,-28624.9336,24.6794,774.8887,-0.0048,0.0010,-3.1378,0.7690,-3.1414,-4705.8198,-28636.2168,26.0029,1
-4703.1636,-28634.3926,24.9425,-5252.6084,-28084.4688,21.9621,-4688.8472,-28621.7090,22.2482,778.7491,-0.0053,0.0005,-3.1377,0.7761,-3.1414,-4704.9604,-28635.3340,25.8603,1
-4703.1636,-28634.3926,24.9425,-5252.6084,-28084.4688,21.9621,-4687.0596,-28625.3789,29.6232,782.6099,-0.0039,0.0020,-3.1377,0.7834,-3.1413,-4704.0220,-28634.5566,25.9469,1
-4703.1636,-28634.3926,24.9425,-5252.6084,-28084.4707,21.9621,-4705.7119,-28627.7949,27.0692,770.9188,0.0001,0.0015,-3.1377,0.7896,-3.1413,-4703.6562,-28633.8496,25.9614,1
-4703.1636,-28634.3926,24.9425,-5252.6089,-28084.4707,21.9621,-4698.6064,-28626.0996,24.6590,774.7796,-0.0004,0.0010,-3.1376,0.7941,-3.1412,-4703.0796,-28633.0918,25.9011,1
-4703.1636,-28634.3926,24.9425,-5252.6089,-28084.4707,21.9621,-4691.4097,-28624.2285,22.2238,778.6400,-0.0010,0.0005,-3.1376,0.7988,-3.1411,-4702.2764,-28632.2754,25.7607,1
-4703.1636,-28634.3926,24.9425,-5252.6089,-28084.4707,21.9621,-4690.9434,-28629.2559,29.5933,782.5008,0.0005,0.0020,-3.1376,0.8037,-3.1411,-4701.4512,-28631.6230,25.8495,1
-4703.1636,-28634.3926,24.9425,-5252.6089,-28084.4707,21.9621,-4706.8296,-28628.7637,27.0517,770.8096,0.0031,0.0015,-3.1376,0.8066,-3.1411,-4701.1289,-28630.9648,25.8668,1
-4703.1636,-28634.3926,24.9425,-5252.6089,-28084.4707,21.9621,-4700.0342,-28627.4023,24.6378,774.6705,0.0026,0.0010,-3.1376,0.8105,-3.1411,-4700.6152,-28630.2793,25.8092,1
-4703.1636,-28634.3926,24.9425,-5252.6089,-28084.4707,21.9621,-4692.5977,-28625.3047,22.1985,778.5308,0.0020,0.0005,-3.1376,0.8156,-3.1412,-4699.8774,-28629.5391,25.6716,1
-4703.1636,-28634.3926,24.9425,-5252.6089,-28084.4707,21.9621,-4691.8931,-28630.0781,29.5647,782.3917,0.0035,0.0020,-3.1377,0.8210,-3.1413,-4699.1187,-28628.9609,25.7632,1
-4703.1636,-28634.3926,24.9425,-5252.6084,-28084.4707,21.9621,-4705.6265,-28627.4004,27.0362,770.7004,0.0057,0.0015,-3.1377,0.8248,-3.1413,-4698.8032,-28628.3203,25.7839,1
-4703.1636,-28634.3926,24.9425,-5252.6084,-28084.4688,21.9621,-4691.9219,-28632.1230,22.7920,783.7680,0.0050,0.0007,-3.1376,0.8287,-3.1412,-4698.0791,-28627.8477,25.6719,1
-4703.1636,-28634.3926,24.9425,-5252.6084,-28084.4688,21.9621,-4698.9751,-28631.6738,22.1800,778.4217,0.0066,0.0005,-3.1376,0.8326,-3.1412,-4697.5840,-28627.3906,25.5339,1
-4703.1636,-28634.3926,24.9425,-5252.6084,-28084.4688,21.9621,-4692.2417,-28630.2773,29.5464,782.2825,0.0060,0.0020,-3.1376,0.8364,-3.1412,-4696.8936,-28626.9160,25.6256,1
-4703.1636,-28634.3926,24.9425,-5252.6084,-28084.4688,21.9621,-4705.9521,-28627.5703,27.0224,770.5913,0.0079,0.0015,-3.1376,0.8385,-3.1411,-4696.6528,-28626.3828,25.6469,1
-4703.1636,-28634.3926,24.9425,-5252.6084,-28084.4688,21.9621,-4700.3613,-28627.4219,24.6070,774.4521,0.0074,0.0010,-3.1375,0.8402,-3.1411,-4696.2686,-28625.8633,25.5938,1
-4703.1636,-28634.3926,24.9425,-5252.6084,-28084.4688,21.9621,-4701.7456,-28634.3086,22.1659,778.3125,0.0088,0.0005,-3.1375,0.8417,-3.1411,-4695.9531,-28625.5879,25.4609,1
-4703.1636,-28634.3926,24.9425,-5252.6084,-28084.4688,21.9621,-4702.7227,-28635.0332,26.2109,778.1431,0.0091,0.0014,-3.1375,0.8420,-3.1410,-4695.6982,-28625.3730,25.4517,1
-4703.1636,-28634.3926,24.9425,-5252.6079,-28084.4688,21.9621,-4707.2949,-28628.7656,27.0086,770.4821,0.0086,0.0015,-3.1374,0.8404,-3.1409,-4695.6245,-28624.9961,25.4714,1
-4703.1636,-28634.3926,24.9425,-5252.6079,-28084.4688,21.9621,-4710.8755,-28637.7598,24.5909,774.3429,0.0100,0.0010,-3.1374,0.8380,-3.1409,-4695.7051,-28624.9316,25.4170,1
-4703.1636,-28634.3926,24.9425,-5252.6074,-28084.4688,21.9621,-4708.6250,-28640.9629,22.1503,778.2032,0.0095,0.0005,-3.1373,0.8337,-3.1408,-4695.7568,-28625.0137,25.2835,1
-4703.1636,-28634.3926,24.9425,-5252.6074,-28084.4688,21.9621,-4706.9717,-28644.7012,29.5139,782.0641,0.0089,0.0020,-3.1373,0.8284,-3.1408,-4695.7935,-28625.2598,25.3801,1
-4703.1636,-28634.3926,24.9425,-5252.6069,-28084.4688,21.9621,-4709.8755,-28631.1855,26.9947,770.3728,0.0062,0.0015,-3.1373,0.8208,-3.1408,-4695.9648,-28625.1309,25.4071,1
-4703.1636,-28634.3926,24.9425,-5252.6064,-28084.4688,21.9621,-4717.1084,-28643.6445,24.5751,774.2337,0.0077,0.0010,-3.1373,0.8119,-3.1408,-4696.4067,-28625.4277,25.3600,1
-4703.1636,-28634.3926,24.9425,-5252.6064,-28084.4668,21.9621,-4718.7871,-28650.5684,22.1345,778.0941,0.0071,0.0005,-3.1373,0.8007,-3.1408,-4696.9517,-28625.9941,25.2336,1
-4703.1636,-28634.3926,24.9425,-5252.6060,-28084.4668,21.9621,-4721.6846,-28658.5137,29.4960,781.9549,0.0065,0.0020,-3.1373,0.7875,-3.1408,-4697.6387,-28626.8711,25.3371,1
-4703.1636,-28634.3926,24.9425,-5252.6055,-28084.4668,21.9621,-4713.1001,-28634.2148,26.9819,770.2636,-0.0005,0.0015,-3.1374,0.7728,-3.1409,-4698.1133,-28627.0469,25.3710,1
-4703.1636,-28634.3926,24.9425,-5252.6050,-28084.4668,21.9621,-4717.9214,-28644.2715,24.5738,774.1245,0.0009,0.0010,-3.1378,0.7683,-3.1414,-4698.7749,-28627.5645,25.3310,1
-4703.1636,-28634.3926,24.9425,-5252.6045,-28084.4648,21.9621,-4716.6626,-28648.4062,22.1439,777.9849,0.0004,0.0005,-3.1380,0.7624,3.1414,-4699.4331,-28628.2480,25.2120,1
-4703.1636,-28634.3926,24.9425,-5252.6040,-28084.4648,21.9621,-4727.5581,-28651.8633,20.7426,773.0557,0.0013,0.0002,-3.1381,0.7550,3.1413,-4700.4814,-28629.0918,25.0409,1
-4703.1636,-28634.3926,24.9425,-5252.6040,-28084.4648,21.9621,-4715.3906,-28636.3008,26.9742,770.1545,-0.0039,0.0015,-3.1382,0.7474,3.1412,-4701.1919,-28629.4805,25.0632,1
-4703.1636,-28634.3926,24.9425,-5252.6035,-28084.4648,21.9621,-4716.0527,-28642.3281,24.5648,774.0154,-0.0045,0.0010,-3.1381,0.7379,3.1412,-4701.9443,-28630.0703,25.0129,1
-4703.1636,-28634.3926,24.9425,-5252.6030,-28084.4648,21.9621,-4717.4321,-28648.9863,22.1306,777.8758,-0.0050,0.0005,-3.1381,0.7272,3.1413,-4702.7603,-28630.8945,24.8846,1
-4703.1636,-28634.3926,24.9425,-5252.6030,-28084.4648,21.9621,-4719.5210,-28656.2070,29.4961,781.7366,-0.0056,0.0020,-3.1381,0.7154,3.1413,-4703.6616,-28631.9766,24.9875,1
-4703.1636,-28634.3926,24.9425,-5252.6025,-28084.4648,21.9621,-4715.7324,-28636.4824,26.9597,770.0454,-0.0104,0.0015,-3.1382,0.7060,3.1412,-4704.4692,-28632.4746,25.0214,1
-4703.1636,-28634.3926,24.9425,-5252.6025,-28084.4629,21.9621,-4721.5562,-28642.4336,20.4432,770.2870,-0.0102,0.0002,-3.1382,0.6966,3.1411,-4705.4761,-28633.1621,24.8490,1
-4703.1636,-28634.3926,24.9425,-5252.6021,-28084.4629,21.9621,-4716.9878,-28648.4141,22.1183,777.7667,-0.0115,0.0005,-3.1383,0.6872,3.1410,-4706.3511,-28634.0449,24.7231,1
-4703.1636,-28634.3926,24.9425,-5252.6021,-28084.4629,21.9621,-4725.3569,-28661.4453,29.4852,781.6275,-0.0101,0.0020,-3.1383,0.6770,3.1410,-4707.4980,-28635.3633,24.8290,1
-4703.1636,-28634.3926,24.9425,-5252.6021,-28084.4629,21.9621,-4714.0063,-28634.6445,26.9445,769.9363,-0.0167,0.0015,-3.1384,0.6695,3.1408,-4708.3052,-28635.8633,24.8661,1
-4703.1636,-28634.3926,24.9425,-5252.6016,-28084.4629,21.9621,-4712.9263,-28639.0000,24.5333,773.7972,-0.0173,0.0010,-3.1385,0.6631,3.1407,-4709.0688,-28636.4844,24.8305,1
-4703.1636,-28634.3926,24.9425,-5252.6016,-28084.4629,21.9621,-4711.2061,-28642.7148,22.0965,777.6575,-0.0179,0.0005,-3.1386,0.6579,3.1406,-4709.7646,-28637.2109,24.7167,1
-4703.1636,-28634.3926,24.9425,-5252.6016,-28084.4629,21.9621,-4715.8789,-28652.4883,29.4594,781.5184,-0.0164,0.0020,-3.1387,0.6540,3.1405,-4710.5923,-28638.2461,24.8342,1
-4703.1636,-28634.3926,24.9425,-5252.6016,-28084.4629,21.9621,-4707.4487,-28627.9941,26.9207,769.8271,-0.0206,0.0015,-3.1388,0.6572,3.1402,-4711.1387,-28638.5039,24.8825,1
-4703.1636,-28634.3926,24.9425,-5252.6016,-28084.4629,21.9621,-4700.9854,-28626.9688,24.4978,773.6880,-0.0212,0.0010,-3.1389,0.6606,3.1401,-4711.4468,-28638.6875,24.8573,1
-4703.1636,-28634.3926,24.9425,-5252.6021,-28084.4629,21.9621,-4694.1606,-28625.5059,22.0508,777.5484,-0.0217,0.0005,-3.1389,0.6646,3.1401,-4711.4941,-28638.7832,24.7531,1
-4703.1636,-28634.3926,24.9425,-5252.6025,-28084.4629,21.9621,-4694.3989,-28631.2383,29.4085,781.4092,-0.0203,0.0020,-3.1388,0.6682,3.1402,-4711.4941,-28639.0176,24.8793,1
-4703.1636,-28634.3926,24.9425,-5252.6025,-28084.4648,21.9620,-4701.0659,-28632.4766,26.7573,777.5127,-0.0182,0.0015,-3.1388,0.6744,3.1402,-4711.6514,-28639.2598,24.9315,1
-4703.1636,-28634.3926,24.9425,-5252.6030,-28084.4648,21.9620,-4697.0493,-28622.7793,24.4874,773.5787,-0.0191,0.0010,-3.1387,0.6809,3.1403,-4711.6377,-28639.1562,24.9149,1
-4703.1636,-28634.3926,24.9425,-5252.6035,-28084.4648,21.9620,-4695.5063,-28626.7363,22.0508,777.4391,-0.0177,0.0005,-3.1386,0.6877,3.1404,-4711.5303,-28639.1348,24.8191,1
-4703.1636,-28634.3926,24.9425,-5252.6040,-28084.4648,21.9620,-4687.4277,-28623.8711,29.4065,781.2999,-0.0183,0.0020,-3.1385,0.6940,3.1406,-4711.1187,-28638.9824,24.9533,1
-4703.1636,-28634.3926,24.9425,-5252.6045,-28084.4648,21.9620,-4692.4668,-28634.6504,26.9887,785.1603,-0.0147,0.0015,-3.1385,0.7020,3.1407,-4710.8086,-28639.1328,25.0197,1
-4703.1636,-28634.3926,24.9425,-5252.6050,-28084.4668,21.9620,-4694.4644,-28619.9414,24.4866,773.4695,-0.0152,0.0010,-3.1384,0.7103,3.1408,-4710.5059,-28638.7871,25.0104,1
-4703.1636,-28634.3926,24.9425,-5252.6055,-28084.4668,21.9620,-4691.9614,-28622.9121,22.0542,777.3299,-0.0138,0.0005,-3.1383,0.7189,3.1409,-4710.0830,-28638.4902,24.9215,1
-4703.1636,-28634.3926,24.9425,-5252.6055,-28084.4668,21.9620,-4682.9824,-28619.0156,29.4150,781.1907,-0.0144,0.0020,-3.1382,0.7269,3.1410,-4709.3311,-28638.0293,25.0623,1
-4703.1636,-28634.3926,24.9425,-5252.6060,-28084.4668,21.9620,-4702.8491,-28629.4277,29.5837,774.1211,-0.0088,0.0021,-3.1381,0.7343,3.1412,-4709.1528,-28637.8555,25.2193,1
-4703.1636,-28634.3926,24.9425,-5252.6064,-28084.4688,21.9621,-4694.4810,-28619.8008,24.4857,773.3603,-0.0102,0.0010,-3.1381,0.7420,3.1413,-4708.6895,-28637.3457,25.2206,1
-4703.1636,-28634.3926,24.9425,-5252.6069,-28084.4688,21.9621,-4692.7188,-28623.5410,22.0561,777.2207,-0.0088,0.0005,-3.1380,0.7491,3.1414,-4708.1401,-28636.9199,25.1414,1
-4703.1636,-28634.3926,24.9425,-5252.6069,-28084.4688,21.9621,-4684.0977,-28620.0430,29.4185,781.0815,-0.0093,0.0020,-3.1379,0.7565,3.1415,-4707.2861,-28636.3555,25.2911,1
-4703.1636,-28634.3926,24.9425,-5252.6074,-28084.4688,21.9621,-4692.1719,-28634.0391,26.9693,784.9420,-0.0052,0.0015,-3.1379,0.7626,-3.1416,-4706.6455,-28636.2051,25.3705,1
-4703.1636,-28634.3926,24.9425,-5252.6074,-28084.4688,21.9621,-4701.5317,-28625.6035,27.7854,772.3575,-0.0041,0.0017,-3.1378,0.7689,-3.1415,-4706.2749,-28635.7793,25.4796,1
-4703.1636,-28634.3926,24.9425,-5252.6079,-28084.4688,21.9621,-4694.4868,-28619.0645,21.5800,772.8449,-0.0051,0.0004,-3.1378,0.7746,-3.1414,-4705.6729,-28635.1211,25.3920,1
-4703.1636,-28634.3926,24.9425,-5252.6079,-28084.4688,21.9621,-4686.4399,-28622.3594,29.4040,780.9724,-0.0048,0.0020,-3.1378,0.7806,-3.1414,-4704.8008,-28634.5449,25.5466,1
-4703.1636,-28634.3926,24.9425,-5252.6079,-28084.4688,21.9621,-4691.8149,-28633.5195,26.9540,784.8329,-0.0016,0.0015,-3.1377,0.7861,-3.1414,-4704.0713,-28634.3047,25.6299,1
-4703.1636,-28634.3926,24.9425,-5252.6079,-28084.4688,21.9621,-4702.7178,-28627.9473,24.4565,773.1420,-0.0001,0.0010,-3.1377,0.7904,-3.1413,-4703.6733,-28633.8887,25.6347,1
-4703.1636,-28634.3926,24.9425,-5252.6079,-28084.4688,21.9621,-4695.1147,-28625.7051,22.0245,777.0024,-0.0007,0.0005,-3.1377,0.7959,-3.1413,-4703.0405,-28633.3965,25.5574,1
-4703.1636,-28634.3926,24.9425,-5252.6084,-28084.4688,21.9621,-4686.4810,-28622.2441,29.3792,780.8633,-0.0012,0.0020,-3.1378,0.8033,-3.1414,-4702.1270,-28632.7852,25.7073,1
-4703.1636,-28634.3926,24.9425,-5252.6084,-28084.4688,21.9621,-4697.3252,-28638.9375,26.9369,784.7237,0.0038,0.0015,-3.1378,0.8101,-3.1414,-4701.5405,-28632.6934,25.7858,1
-4703.1636,-28634.3926,24.9425,-5252.6084,-28084.4688,21.9621,-4699.7744,-28624.7949,24.4386,773.0329,0.0033,0.0010,-3.1378,0.8173,-3.1415,-4701.0371,-28632.1699,25.7852,1
-4703.1636,-28634.3926,24.9425,-5252.6084,-28084.4707,21.9621,-4690.4863,-28620.7402,22.0039,776.8933,0.0027,0.0005,-3.1378,0.8260,-3.1415,-4700.2471,-28631.5098,25.7021,1
-4703.1636,-28634.3926,24.9425,-5252.6084,-28084.4707,21.9621,-4680.7935,-28616.0352,29.3559,780.7542,0.0022,0.0020,-3.1378,0.8354,-3.1415,-4699.1421,-28630.6875,25.8458,1
-4703.1636,-28634.3926,24.9425,-5252.6089,-28084.4707,21.9621,-4696.5728,-28632.2969,23.2569,780.5691,0.0081,0.0007,-3.1378,0.8440,-3.1415,-4698.5186,-28630.3672,25.8008,1
-4703.1636,-28634.3926,24.9425,-5252.6089,-28084.4707,21.9621,-4697.7637,-28622.5762,24.4238,772.9238,0.0082,0.0010,-3.1377,0.8520,-3.1413,-4697.9473,-28629.7480,25.7861,1
-4703.1636,-28634.3926,24.9425,-5252.6089,-28084.4707,21.9621,-4688.8101,-28618.8184,21.9902,776.7842,0.0076,0.0005,-3.1376,0.8600,-3.1412,-4697.1055,-28629.0059,25.6893,1
-4703.1636,-28634.3926,24.9425,-5252.6094,-28084.4707,21.9621,-4679.5210,-28614.5000,29.3425,780.6451,0.0070,0.0020,-3.1376,0.8687,-3.1412,-4695.9683,-28628.1172,25.8198,1
-4703.1636,-28634.3926,24.9425,-5252.6094,-28084.4707,21.9621,-4696.3643,-28637.6641,26.9074,784.5054,0.0138,0.0015,-3.1375,0.8748,-3.1410,-4695.3535,-28627.9551,25.8792,1
-4703.1636,-28634.3926,24.9425,-5252.6094,-28084.4707,21.9621,-4699.6685,-28624.3770,24.4095,772.8147,0.0132,0.0010,-3.1374,0.8805,-3.1409,-4694.8691,-28627.4043,25.8597,1
-4703.1636,-28634.3926,24.9425,-5252.6094,-28084.4707,21.9621,-4692.1289,-28622.1406,21.9757,776.6750,0.0127,0.0005,-3.1373,0.8859,-3.1408,-4694.1729,-28626.7891,25.7580,1
-4703.1636,-28634.3926,24.9425,-5252.6094,-28084.4707,21.9621,-4691.5059,-28627.0156,29.3238,780.5359,0.0141,0.0020,-3.1372,0.8910,-3.1407,-4693.4727,-28626.3359,25.8834,1
-4703.1636,-28634.3926,24.9425,-5252.6094,-28084.4707,21.9621,-4698.3369,-28639.4863,26.8909,784.3962,0.0171,0.0015,-3.1371,0.8923,-3.1405,-4693.0063,-28626.2949,25.9377,1
-4703.1636,-28634.3926,24.9425,-5252.6094,-28084.4707,21.9621,-4704.8457,-28629.4727,24.3906,772.7055,0.0166,0.0010,-3.1370,0.8921,-3.1403,-4692.7852,-28625.9824,25.9129,1
-4703.1636,-28634.3926,24.9425,-5252.6089,-28084.4707,21.9621,-4701.0820,-28631.1660,21.9531,776.5659,0.0160,0.0005,-3.1369,0.8904,-3.1402,-4692.4873,-28625.7441,25.8057,1
-4703.1636,-28634.3926,24.9425,-5252.6089,-28084.4707,21.9621,-4704.9478,-28640.4297,29.2935,780.4267,0.0175,0.0020,-3.1369,0.8876,-3.1402,-4692.3491,-28625.8262,25.9253,1
-4703.1636,-28634.3926,24.9425,-5252.6084,-28084.4707,21.9621,-4701.1479,-28642.1270,26.8740,784.2870,0.0164,0.0015,-3.1368,0.8827,-3.1402,-4692.1323,-28626.0059,25.9742,1
-4703.1636,-28634.3926,24.9425,-5252.6084,-28084.4688,21.9620,-4708.6367,-28640.3438,24.8297,777.7565,0.0164,0.0011,-3.1369,0.8778,-3.1403,-4692.1943,-28626.1777,25.9590,1
-4703.1636,-28634.3926,24.9425,-5252.6079,-28084.4688,21.9620,-4715.1045,-28644.8066,21.9344,776.4566,0.0173,0.0005,-3.1370,0.8730,-3.1404,-4692.5166,-28626.5332,25.8473,1
-4703.1636,-28634.3926,24.9425,-5252.6074,-28084.4688,21.9620,-4713.5132,-28648.5859,29.2820,780.3175,0.0167,0.0020,-3.1371,0.8677,-3.1405,-4692.8462,-28627.0547,25.9627,1
-4703.1636,-28634.3926,24.9425,-5252.6069,-28084.4688,21.9620,-4701.3511,-28642.1738,26.8650,784.1778,0.0130,0.0015,-3.1372,0.8611,-3.1406,-4692.8408,-28627.4199,26.0074,1
-4703.1636,-28634.3926,24.9425,-5252.6069,-28084.4688,21.9620,-4711.1763,-28635.4570,24.3692,772.4870,0.0124,0.0010,-3.1373,0.8547,-3.1408,-4693.1846,-28627.6113,25.9731,1
-4703.1636,-28634.3926,24.9425,-5252.6064,-28084.4688,21.9620,-4717.0342,-28646.5020,21.9364,776.3474,0.0139,0.0005,-3.1374,0.8484,-3.1409,-4693.7617,-28628.1758,25.8566,1
-4703.1636,-28634.3926,24.9425,-5252.6060,-28084.4668,21.9620,-4716.3003,-28651.0859,29.2865,780.2083,0.0133,0.0020,-3.1375,0.8416,-3.1410,-4694.3677,-28628.9258,25.9674,1
-4703.1636,-28634.3926,24.9425,-5252.6055,-28084.4668,21.9620,-4700.6309,-28641.3066,26.8557,784.0685,0.0086,0.0015,-3.1375,0.8351,-3.1412,-4694.5210,-28629.4062,26.0072,1
-4703.1636,-28634.3926,24.9425,-5252.6055,-28084.4668,21.9621,-4710.5381,-28634.6758,24.3636,772.3777,0.0081,0.0010,-3.1376,0.8285,-3.1413,-4695.0132,-28629.7012,25.9682,1
-4703.1636,-28634.3926,24.9425,-5252.6050,-28084.4668,21.9621,-4716.7271,-28646.0566,21.9350,776.2382,0.0095,0.0005,-3.1377,0.8216,-3.1414,-4695.7363,-28630.3691,25.8473,1
-4703.1636,-28634.3926,24.9425,-5252.6045,-28084.4668,21.9621,-4715.9043,-28650.5625,29.2858,780.0990,0.0089,0.0020,-3.1378,0.8149,-3.1414,-4696.4736,-28631.2070,25.9540,1
-4703.1636,-28634.3926,24.9425,-5252.6045,-28084.4668,21.9621,-4710.6602,-28635.2695,24.2940,772.7148,0.0051,0.0010,-3.1379,0.8096,-3.1416,-4697.0864,-28631.5918,25.9073,1
-4703.1636,-28634.3926,24.9425,-5252.6040,-28084.4648,21.9621,-4715.3711,-28639.2441,24.3541,772.2687,0.0056,0.0010,-3.1379,0.8045,3.1415,-4697.8755,-28632.1035,25.8589,1
-4703.1636,-28634.3926,24.9425,-5252.6040,-28084.4648,21.9621,-4713.8955,-28643.1875,21.9253,776.1291,0.0050,0.0005,-3.1380,0.7988,3.1415,-4698.6460,-28632.7480,25.7292,1
-4703.1636,-28634.3926,24.9425,-5252.6040,-28084.4648,21.9621,-4712.3394,-28647.0078,29.2738,779.9899,0.0045,0.0020,-3.1380,0.7934,3.1414,-4699.3882,-28633.5273,25.8276,1
-4703.1636,-28634.3926,24.9425,-5252.6035,-28084.4648,21.9621,-4698.5977,-28638.9766,26.8280,783.8503,0.0005,0.0015,-3.1380,0.7881,3.1414,-4699.7080,-28634.0664,25.8553,1
-4703.1636,-28634.3926,24.9425,-5252.6035,-28084.4648,21.9621,-4715.4888,-28639.2051,24.3372,772.1595,0.0019,0.0010,-3.1380,0.7815,3.1414,-4700.5601,-28634.6133,25.8050,1
-4703.1636,-28634.3926,24.9425,-5252.6035,-28084.4648,21.9621,-4712.1245,-28643.9922,26.4440,777.9473,0.0007,0.0014,-3.1379,0.7725,3.1415,-4701.3213,-28635.3105,25.8197,1
-4703.1636,-28634.3926,24.9425,-5252.6030,-28084.4648,21.9621,-4717.1602,-28651.4492,29.2495,779.8807,0.0008,0.0020,-3.1379,0.7620,-3.1416,-4702.2534,-28636.2500,25.9258,1
-4703.1636,-28634.3926,24.9425,-5252.6030,-28084.4648,21.9621,-4704.7954,-28646.5293,27.1919,784.8751,-0.0033,0.0015,-3.1379,0.7519,-3.1416,-4702.8066,-28637.0488,25.9729,1
-4703.1636,-28634.3926,24.9425,-5252.6030,-28084.4648,21.9621,-4720.1382,-28643.5195,24.3190,772.0504,-0.0033,0.0010,-3.1379,0.7406,-3.1416,-4703.8462,-28637.7617,25.9300,1
-4703.1636,-28634.3926,24.9425,-5252.6025,-28084.4648,21.9621,-4722.3813,-28650.9492,21.8881,775.9108,-0.0038,0.0005,-3.1379,0.7284,3.1416,-4704.9746,-28638.7070,25.8052,1
-4703.1636,-28634.3926,24.9425,-5252.6021,-28084.4629,21.9621,-4725.1377,-28658.7305,29.2327,779.7717,-0.0044,0.0020,-3.1379,0.7155,3.1415,-4706.2080,-28639.9102,25.9080,1
-4703.1636,-28634.3926,24.9425,-5252.6021,-28084.4629,21.9621,-4707.5796,-28647.5039,26.7983,783.6321,-0.0103,0.0015,-3.1380,0.7042,3.1414,-4706.8999,-28640.7715,25.9399,1
-4703.1636,-28634.3926,24.9425,-5252.6016,-28084.4629,21.9621,-4715.5293,-28645.2715,23.0609,776.4989,-0.0115,0.0007,-3.1381,0.6918,3.1413,-4707.8281,-28641.5586,25.8534,1
-4703.1636,-28634.3926,24.9425,-5252.6016,-28084.4629,21.9621,-4723.3447,-28652.5977,28.9280,776.4851,-0.0111,0.0019,-3.1382,0.6801,3.1412,-4709.0024,-28642.5684,25.9496,1
-4703.1636,-28634.3926,24.9425,-5252.6011,-28084.4629,21.9621,-4724.7349,-28658.2109,29.2237,779.6626,-0.0120,0.0020,-3.1383,0.6684,3.1410,-4710.2280,-28643.7559,26.0615,1
-4703.1636,-28634.3926,24.9425,-5252.6011,-28084.4629,21.9621,-4706.1123,-28645.9277,26.7852,783.5230,-0.0180,0.0015,-3.1384,0.6585,3.1409,-4710.8647,-28644.5586,26.1015,1
-4703.1636,-28634.3926,24.9425,-5252.6006,-28084.4629,21.9621,-4717.4731,-28640.6680,24.2933,771.8322,-0.0186,0.0010,-3.1385,0.6492,3.1407,-4711.8311,-28645.1699,26.0621,1
-4703.1636,-28634.3926,24.9425,-5252.6006,-28084.4609,21.9621,-4717.5107,-28646.0488,21.8624,775.6926,-0.0192,0.0005,-3.1386,0.6409,3.1406,-4712.7847,-28645.9199,25.9402,1
-4703.1636,-28634.3926,24.9425,-5252.6006,-28084.4609,21.9621,-4724.1636,-28657.5352,29.2072,779.5535,-0.0177,0.0020,-3.1386,0.6336,3.1405,-4713.9355,-28647.0156,26.0452,1
-4703.1636,-28634.3926,24.9425,-5252.6006,-28084.4609,21.9621,-4698.2344,-28637.9941,26.7599,783.4139,-0.0238,0.0015,-3.1389,0.6366,3.1401,-4714.2539,-28647.4844,26.0785,1
-4703.1636,-28634.3926,24.9425,-5252.6006,-28084.4629,21.9621,-4702.6401,-28625.8496,24.2528,771.7231,-0.0244,0.0010,-3.1391,0.6402,3.1399,-4714.6450,-28647.5098,26.0319,1
-4703.1636,-28634.3926,24.9425,-5252.6011,-28084.4629,21.9621,-4695.9922,-28624.5723,21.8072,775.5834,-0.0249,0.0005,-3.1391,0.6440,3.1398,-4714.7725,-28647.4258,25.9026,1
-4703.1636,-28634.3926,24.9425,-5252.6011,-28084.4629,21.9620,-4695.9033,-28629.9707,29.1419,779.4443,-0.0235,0.0020,-3.1390,0.6481,3.1399,-4714.8354,-28647.4492,26.0001,1
-4703.1636,-28634.3926,24.9425,-5252.6016,-28084.4629,21.9620,-4695.5835,-28635.1719,26.7450,783.3045,-0.0217,0.0015,-3.1390,0.6547,3.1400,-4714.8286,-28647.5840,26.0276,1
-4703.1636,-28634.3926,24.9425,-5252.6021,-28084.4629,21.9620,-4697.8760,-28623.9219,23.3981,773.7803,-0.0219,0.0008,-3.1389,0.6616,3.1401,-4714.8271,-28647.3066,25.9486,1
-4703.1636,-28634.3926,24.9425,-5252.6025,-28084.4648,21.9620,-4696.5024,-28624.9414,21.8094,775.4741,-0.0208,0.0005,-3.1388,0.6689,3.1402,-4714.7275,-28646.9961,25.8129,1
-4703.1636,-28634.3926,24.9425,-5252.6030,-28084.4648,21.9620,-4688.1982,-28621.8359,29.1441,779.3350,-0.0214,0.0020,-3.1386,0.6757,3.1404,-4714.3091,-28646.5293,25.9046,1
-4703.1636,-28634.3926,24.9425,-5252.6035,-28084.4648,21.9620,-4693.4917,-28632.8926,26.7384,783.1952,-0.0175,0.0015,-3.1386,0.6848,3.1405,-4713.9937,-28646.3555,25.9265,1
-4703.1636,-28634.3926,24.9425,-5252.6040,-28084.4648,21.9620,-4694.8887,-28617.5430,24.2451,771.5045,-0.0181,0.0010,-3.1385,0.6943,3.1406,-4713.6577,-28645.6387,25.8698,1
-4703.1636,-28634.3926,24.9425,-5252.6045,-28084.4668,21.9620,-4691.7397,-28619.8398,21.8182,775.3649,-0.0167,0.0005,-3.1384,0.7040,3.1407,-4713.1738,-28644.9336,25.7317,1
-4703.1636,-28634.3926,24.9425,-5252.6050,-28084.4668,21.9620,-4682.1440,-28615.2441,29.1599,779.2256,-0.0172,0.0020,-3.1383,0.7133,3.1409,-4712.3315,-28644.0273,25.8216,1
-4703.1636,-28634.3926,24.9425,-5252.6055,-28084.4668,21.9620,-4693.0771,-28632.3145,26.7334,783.0861,-0.0118,0.0015,-3.1382,0.7220,3.1411,-4711.7734,-28643.6074,25.8414,1
-4703.1636,-28634.3926,24.9425,-5252.6060,-28084.4668,21.9620,-4694.8413,-28617.3359,24.2493,771.3952,-0.0123,0.0010,-3.1381,0.7308,3.1412,-4711.2217,-28642.6738,25.7833,1
-4703.1636,-28634.3926,24.9425,-5252.6064,-28084.4688,21.9620,-4692.4126,-28620.3848,21.8269,775.2556,-0.0109,0.0005,-3.1380,0.7392,3.1413,-4710.5591,-28641.7891,25.6442,1
-4703.1636,-28634.3926,24.9425,-5252.6069,-28084.4688,21.9621,-4683.1616,-28616.1758,29.1718,779.1165,-0.0114,0.0020,-3.1380,0.7478,3.1414,-4709.5649,-28640.7344,25.7336,1
-4703.1636,-28634.3926,24.9425,-5252.6069,-28084.4688,21.9621,-4693.2070,-28632.2910,26.7230,782.9769,-0.0065,0.0015,-3.1379,0.7550,3.1416,-4708.8433,-28640.1523,25.7525,1
-4703.1636,-28634.3926,24.9425,-5252.6074,-28084.4688,21.9621,-4696.6416,-28618.9121,20.9232,771.1851,-0.0068,0.0003,-3.1378,0.7624,-3.1415,-4708.1987,-28639.1270,25.5863,1
-4703.1636,-28634.3926,24.9425,-5252.6074,-28084.4688,21.9621,-4694.0996,-28621.9844,21.8164,775.1465,-0.0056,0.0005,-3.1378,0.7693,-3.1415,-4707.4570,-28638.1699,25.4399,1
-4703.1636,-28634.3926,24.9425,-5252.6079,-28084.4688,21.9621,-4685.6680,-28618.6875,29.1587,779.0074,-0.0062,0.0020,-3.1378,0.7764,-3.1414,-4706.4277,-28637.0898,25.5228,1
-4703.1636,-28634.3926,24.9425,-5252.6079,-28084.4688,21.9621,-4693.7324,-28632.6699,26.7075,782.8678,-0.0022,0.0015,-3.1377,0.7814,-3.1413,-4705.6260,-28636.4336,25.5358,1
-4703.1636,-28634.3926,24.9425,-5252.6079,-28084.4688,21.9621,-4704.1675,-28626.6191,24.2202,771.1771,-0.0007,0.0009,-3.1377,0.7866,-3.1413,-4705.1440,-28635.5898,25.4721,1
-4703.1636,-28634.3926,24.9425,-5252.6084,-28084.4707,21.9621,-4692.2124,-28624.4355,29.4924,778.2372,-0.0020,0.0020,-3.1376,0.7913,-3.1412,-4704.2910,-28634.6758,25.5761,1
-4703.1636,-28634.3926,24.9425,-5252.6084,-28084.4707,21.9621,-4689.7778,-28622.8594,29.1315,778.8983,-0.0018,0.0019,-3.1376,0.7961,-3.1412,-4703.3486,-28633.7090,25.6777,1
-4703.1636,-28634.3926,24.9425,-5252.6084,-28084.4707,21.9621,-4700.4600,-28639.2930,26.6878,782.7587,0.0027,0.0014,-3.1376,0.8003,-3.1412,-4702.7363,-28633.2637,25.7085,1
-4703.1636,-28634.3926,24.9425,-5252.6084,-28084.4707,21.9621,-4694.8247,-28630.9219,20.7637,780.8531,0.0016,0.0002,-3.1377,0.8058,-3.1413,-4701.9556,-28632.5859,25.5519,1
-4703.1636,-28634.3926,24.9425,-5252.6084,-28084.4707,21.9621,-4695.8330,-28623.4668,21.7701,774.9283,0.0016,0.0004,-3.1377,0.8119,-3.1413,-4701.2080,-28631.6816,25.4162,1
-4703.1636,-28634.3926,24.9425,-5252.6084,-28084.4707,21.9621,-4687.1514,-28619.9414,29.1021,778.7892,0.0011,0.0019,-3.1378,0.8194,-3.1414,-4700.1895,-28630.6699,25.5091,1
-4703.1636,-28634.3926,24.9425,-5252.6084,-28084.4707,21.9621,-4696.4512,-28636.3008,21.8311,783.4692,0.0058,0.0005,-3.1378,0.8259,-3.1414,-4699.4609,-28630.1777,25.3779,1
-4703.1636,-28634.3926,24.9425,-5252.6084,-28084.4707,21.9621,-4701.8091,-28623.9121,24.1832,770.9588,0.0057,0.0009,-3.1377,0.8316,-3.1414,-4698.9180,-28629.3242,25.3139,1
-4703.1636,-28634.3926,24.9425,-5252.6084,-28084.4707,21.9621,-4693.5010,-28620.8906,21.7529,774.8192,0.0051,0.0004,-3.1377,0.8384,-3.1413,-4698.1338,-28628.3848,25.1702,1
-4703.1636,-28634.3926,24.9425,-5252.6084,-28084.4707,21.9621,-4685.0669,-28617.5723,29.0839,778.6800,0.0046,0.0019,-3.1377,0.8455,-3.1413,-4697.0898,-28627.3457,25.2559,1
-4703.1636,-28634.3926,24.9425,-5252.6084,-28084.4707,21.9621,-4698.7026,-28637.2305,26.6583,782.5405,0.0102,0.0014,-3.1376,0.8504,-3.1412,-4696.4780,-28626.9375,25.2731,1
-4703.1636,-28634.3926,24.9425,-5252.6084,-28084.4707,21.9621,-4702.3804,-28624.3398,24.1692,770.8497,0.0096,0.0009,-3.1375,0.8553,-3.1411,-4696.0137,-28626.1621,25.2141,1
-4703.1636,-28634.3926,24.9425,-5252.6084,-28084.4707,21.9621,-4695.2334,-28622.5332,21.7394,774.7100,0.0091,0.0004,-3.1375,0.8600,-3.1410,-4695.3535,-28625.3477,25.0754,1
-4703.1636,-28634.3926,24.9425,-5252.6084,-28084.4707,21.9621,-4694.8906,-28627.6855,29.0683,778.5709,0.0105,0.0019,-3.1375,0.8646,-3.1410,-4694.7026,-28624.7168,25.1663,1
-4703.1636,-28634.3926,24.9425,-5252.6084,-28084.4707,21.9621,-4699.7568,-28638.1309,26.6436,782.4312,0.0130,0.0014,-3.1374,0.8664,-3.1409,-4694.2290,-28624.4492,25.1887,1
-4703.1636,-28634.3926,24.9425,-5252.6084,-28084.4707,21.9621,-4705.7524,-28627.5996,24.1544,770.7404,0.0124,0.0009,-3.1373,0.8670,-3.1407,-4693.9858,-28623.9004,25.1350,1
-4703.1636,-28634.3926,24.9425,-5252.6084,-28084.4707,21.9621,-4701.2036,-28628.4941,21.7239,774.6008,0.0119,0.0004,-3.1372,0.8669,-3.1407,-4693.6392,-28623.4082,25.0016,1
-4703.1636,-28634.3926,24.9425,-5252.6084,-28084.4707,21.9621,-4703.9551,-28636.6855,29.0485,778.4617,0.0133,0.0019,-3.1372,0.8660,-3.1406,-4693.4160,-28623.2090,25.0976,1
-4703.1636,-28634.3926,24.9425,-5252.6079,-28084.4688,21.9621,-4702.0195,-28640.2246,26.6281,782.3220,0.0130,0.0014,-3.1371,0.8624,-3.1406,-4693.1694,-28623.1719,25.1253,1
-4703.1636,-28634.3926,24.9425,-5252.6079,-28084.4688,21.9621,-4706.0063,-28645.7383,23.8078,783.4510,0.0135,0.0009,-3.1371,0.8571,-3.1405,-4693.0864,-28623.3652,25.0668,1
-4703.1636,-28634.3926,24.9425,-5252.6074,-28084.4688,21.9621,-4717.3628,-28644.2480,21.7009,774.4916,0.0139,0.0004,-3.1371,0.8503,-3.1405,-4693.4185,-28623.5840,24.9377,1
-4703.1636,-28634.3926,24.9425,-5252.6069,-28084.4688,21.9621,-4715.0195,-28647.3105,29.0305,778.3524,0.0133,0.0019,-3.1372,0.8462,-3.1407,-4693.7383,-28623.9590,25.0383,1
-4703.1636,-28634.3926,24.9425,-5252.6069,-28084.4688,21.9620,-4702.1348,-28640.1875,26.6176,782.2128,0.0096,0.0014,-3.1373,0.8412,-3.1408,-4693.7007,-28624.1641,25.0707,1
-4703.1636,-28634.3926,24.9425,-5252.6064,-28084.4688,21.9620,-4711.0991,-28632.6230,24.1321,770.5220,0.0091,0.0009,-3.1374,0.8364,-3.1410,-4693.9863,-28624.1758,25.0271,1
-4703.1636,-28634.3926,24.9425,-5252.6060,-28084.4688,21.9621,-4704.4995,-28644.4688,28.2870,783.6142,0.0091,0.0018,-3.1375,0.8317,-3.1411,-4694.0981,-28624.5898,25.1150,1
-4703.1636,-28634.3926,24.9425,-5252.6060,-28084.4668,21.9621,-4714.3442,-28646.5137,29.0347,778.2432,0.0100,0.0019,-3.1376,0.8265,-3.1412,-4694.5586,-28625.1211,25.2350,1
-4703.1636,-28634.3926,24.9425,-5252.6055,-28084.4668,21.9621,-4701.5264,-28639.4297,26.6068,782.1036,0.0063,0.0014,-3.1377,0.8213,-3.1413,-4694.6543,-28625.4766,25.2852,1
-4703.1636,-28634.3926,24.9425,-5252.6055,-28084.4668,21.9621,-4710.7905,-28632.1641,24.1236,770.4128,0.0057,0.0009,-3.1377,0.8159,-3.1414,-4695.0737,-28625.6348,25.2580,1
-4703.1636,-28634.3926,24.9425,-5252.6050,-28084.4668,21.9621,-4716.1782,-28642.8105,21.6990,774.2732,0.0072,0.0004,-3.1378,0.8104,-3.1414,-4695.7012,-28626.1543,25.1499,1
-4703.1636,-28634.3926,24.9425,-5252.6045,-28084.4668,21.9621,-4714.5703,-28646.5801,29.0289,778.1340,0.0066,0.0019,-3.1378,0.8051,-3.1415,-4696.3198,-28626.8262,25.2702,1
-4703.1636,-28634.3926,24.9425,-5252.6045,-28084.4668,21.9621,-4701.2017,-28638.9531,26.5941,781.9944,0.0027,0.0014,-3.1378,0.7993,-3.1416,-4696.5474,-28627.2949,25.3203,1
-4703.1636,-28634.3926,24.9425,-5252.6045,-28084.4668,21.9621,-4718.4648,-28639.5000,24.1115,770.3036,0.0041,0.0009,-3.1378,0.7920,-3.1415,-4697.3442,-28627.8086,25.2929,1
-4703.1636,-28634.3926,24.9425,-5252.6040,-28084.4668,21.9621,-4720.4038,-28645.4883,21.5818,773.2913,0.0038,0.0004,-3.1378,0.7829,-3.1415,-4698.2446,-28628.5352,25.1809,1
-4703.1636,-28634.3926,24.9425,-5252.6040,-28084.4648,21.9621,-4722.2075,-28652.4492,28.8985,777.1517,0.0032,0.0019,-3.1377,0.7716,-3.1414,-4699.2417,-28629.5156,25.2968,1
-4703.1636,-28634.3926,24.9425,-5252.6035,-28084.4648,21.9621,-4705.0386,-28641.3672,26.4692,781.0125,-0.0026,0.0014,-3.1378,0.7603,-3.1414,-4699.7271,-28630.1797,25.3423,1
-4703.1636,-28634.3926,24.9425,-5252.6030,-28084.4648,21.9621,-4714.3408,-28655.6914,24.0200,784.8729,-0.0012,0.0009,-3.1378,0.7482,-3.1415,-4700.5098,-28631.3125,25.3117,1
-4703.1636,-28634.3926,24.9425,-5252.6030,-28084.4648,21.9621,-4728.3779,-28652.7969,21.5657,773.1821,-0.0018,0.0004,-3.1378,0.7340,-3.1415,-4701.7720,-28632.4043,25.1981,1
-4703.1636,-28634.3926,24.9425,-5252.6025,-28084.4648,21.9621,-4732.5391,-28661.7773,28.8833,777.0425,-0.0023,0.0019,-3.1378,0.7188,-3.1415,-4703.2090,-28633.8125,25.3123,1
-4703.1636,-28634.3926,24.9425,-5252.6021,-28084.4629,21.9621,-4706.1060,-28642.2617,26.4563,780.9034,-0.0113,0.0014,-3.1379,0.7044,3.1415,-4703.8433,-28634.6367,25.3561,1
-4703.1636,-28634.3926,24.9425,-5252.6016,-28084.4629,21.9621,-4717.4839,-28658.4863,24.0092,784.7638,-0.0098,0.0009,-3.1380,0.6887,3.1414,-4704.8271,-28635.9746,25.3239,1
-4703.1636,-28634.3926,24.9425,-5252.6011,-28084.4629,21.9621,-4732.8125,-28656.7070,21.5586,773.0731,-0.0104,0.0004,-3.1381,0.6723,3.1413,-4706.3208,-28637.2949,25.2087,1
-4703.1636,-28634.3926,24.9425,-5252.6011,-28084.4629,21.9621,-4737.9932,-28666.4980,28.8793,776.9334,-0.0109,0.0019,-3.1382,0.6554,3.1412,-4708.0146,-28638.9473,25.3215,1
-4703.1636,-28634.3926,24.9425,-5252.6006,-28084.4629,21.9621,-4717.0864,-28638.0059,26.4540,770.1933,-0.0203,0.0014,-3.1383,0.6411,3.1410,-4709.0801,-28639.7168,25.3644,1
-4703.1636,-28634.3926,24.9425,-5252.6001,-28084.4609,21.9621,-4722.3848,-28649.8086,29.0349,775.1040,-0.0202,0.0019,-3.1384,0.6265,3.1408,-4710.3066,-28640.8379,25.4925,1
-4703.1636,-28634.3926,24.9425,-5252.5996,-28084.4609,21.9621,-4730.0381,-28654.0254,21.5501,772.9640,-0.0207,0.0004,-3.1385,0.6124,3.1407,-4711.7808,-28642.0898,25.3861,1
-4703.1636,-28634.3926,24.9425,-5252.5996,-28084.4609,21.9621,-4733.1606,-28662.0430,28.8688,776.8244,-0.0212,0.0019,-3.1386,0.5990,3.1406,-4713.3638,-28643.5957,25.5069,1
-4703.1636,-28634.3926,24.9425,-5252.5996,-28084.4609,21.9621,-4702.5679,-28638.4668,26.4152,780.6854,-0.0288,0.0014,-3.1390,0.6011,3.1399,-4713.9775,-28644.3535,25.5555,1
-4703.1636,-28634.3926,24.9425,-5252.5991,-28084.4609,21.9621,-4695.3970,-28636.7637,23.9441,784.5458,-0.0293,0.0009,-3.1393,0.6056,3.1395,-4714.3081,-28645.0156,25.5264,1
-4703.1636,-28634.3926,24.9425,-5252.5996,-28084.4609,21.9621,-4700.0776,-28624.8555,21.4693,772.8550,-0.0299,0.0004,-3.1394,0.6088,3.1394,-4714.7095,-28645.2402,25.4124,1
-4703.1636,-28634.3926,24.9425,-5252.5996,-28084.4609,21.9621,-4693.4961,-28623.5840,28.7627,776.7154,-0.0304,0.0019,-3.1393,0.6124,3.1395,-4714.8418,-28645.3555,25.5248,1
-4703.1636,-28634.3926,24.9425,-5252.6001,-28084.4629,21.9620,-4699.0298,-28634.7773,26.3961,780.5760,-0.0268,0.0014,-3.1392,0.6197,3.1396,-4715.0815,-28645.7578,25.5676,1
-4703.1636,-28634.3926,24.9425,-5252.6006,-28084.4629,21.9620,-4690.3076,-28631.4258,23.9285,784.4364,-0.0274,0.0009,-3.1392,0.6271,3.1397,-4714.9868,-28646.0078,25.5329,1
-4703.1636,-28634.3926,24.9425,-5252.6011,-28084.4629,21.9620,-4692.6831,-28617.0312,21.4619,772.7456,-0.0279,0.0004,-3.1390,0.6348,3.1398,-4714.8813,-28645.7285,25.4136,1
-4703.1636,-28634.3926,24.9425,-5252.6021,-28084.4629,21.9620,-4690.4517,-28620.2500,28.7711,776.6060,-0.0265,0.0019,-3.1389,0.6429,3.1400,-4714.6392,-28645.4766,25.5214,1
-4703.1636,-28634.3926,24.9425,-5252.6025,-28084.4648,21.9620,-4696.3223,-28631.8848,26.3908,780.4666,-0.0222,0.0014,-3.1388,0.6539,3.1401,-4714.5190,-28645.5254,25.5594,1
-4703.1636,-28634.3926,24.9425,-5252.6030,-28084.4648,21.9620,-4685.4854,-28626.2656,23.9357,784.3270,-0.0228,0.0009,-3.1387,0.6652,3.1403,-4714.0020,-28645.3535,25.5204,1
-4703.1636,-28634.3926,24.9425,-5252.6035,-28084.4648,21.9620,-4685.9292,-28609.6777,21.4816,772.6362,-0.0233,0.0004,-3.1386,0.6768,3.1404,-4713.4106,-28644.5820,25.3974,1
-4703.1636,-28634.3926,24.9425,-5252.6045,-28084.4668,21.9620,-4676.7637,-28615.4355,22.0409,783.2733,-0.0218,0.0005,-3.1385,0.6888,3.1406,-4712.4692,-28643.9199,25.2854,1
-4703.1636,-28634.3926,24.9425,-5252.6050,-28084.4668,21.9620,-4695.8071,-28631.2031,26.3906,780.3573,-0.0151,0.0014,-3.1384,0.6995,3.1408,-4712.0498,-28643.6895,25.3055,1
-4703.1636,-28634.3926,24.9425,-5252.6055,-28084.4668,21.9620,-4685.1758,-28625.7812,23.9508,784.2177,-0.0157,0.0009,-3.1382,0.7104,3.1410,-4711.2554,-28643.2559,25.2505,1
-4703.1636,-28634.3926,24.9425,-5252.6060,-28084.4688,21.9620,-4685.8667,-28609.4512,21.5088,772.5269,-0.0162,0.0004,-3.1381,0.7216,3.1411,-4710.4131,-28642.2422,25.1135,1
-4703.1636,-28634.3926,24.9425,-5252.6064,-28084.4688,21.9620,-4682.2046,-28611.1387,28.8300,776.3873,-0.0148,0.0019,-3.1381,0.7323,3.1413,-4709.4048,-28641.2168,25.2055,1
-4703.1636,-28634.3926,24.9425,-5252.6069,-28084.4688,21.9620,-4695.9995,-28631.2441,26.3830,780.2482,-0.0084,0.0014,-3.1379,0.7414,3.1415,-4708.7871,-28640.7754,25.2273,1
-4703.1636,-28634.3926,24.9425,-5252.6074,-28084.4688,21.9621,-4686.2515,-28626.7500,23.9477,784.1086,-0.0090,0.0009,-3.1379,0.7507,-3.1416,-4707.8398,-28640.1777,25.1742,1
-4703.1636,-28634.3926,24.9425,-5252.6079,-28084.4688,21.9621,-4694.4600,-28618.4180,21.5043,772.4178,-0.0075,0.0004,-3.1378,0.7603,-3.1415,-4707.1094,-28639.2773,25.0393,1
-4703.1636,-28634.3926,24.9425,-5252.6079,-28084.4707,21.9621,-4685.0513,-28614.0449,28.8237,776.2782,-0.0081,0.0019,-3.1378,0.7692,-3.1414,-4706.0605,-28638.2031,25.1336,1
-4703.1636,-28634.3926,24.9425,-5252.6084,-28084.4707,21.9621,-4696.7817,-28631.8848,26.3671,780.1392,-0.0028,0.0014,-3.1377,0.7757,-3.1413,-4705.3569,-28637.6602,25.1574,1
-4703.1636,-28634.3926,24.9425,-5252.6084,-28084.4707,21.9621,-4696.2212,-28627.0742,26.6855,777.1744,-0.0025,0.0015,-3.1376,0.7823,-3.1412,-4704.6294,-28636.9609,25.1947,1
-4703.1636,-28634.3926,24.9425,-5252.6084,-28084.4707,21.9621,-4698.1328,-28622.0762,21.4802,772.3088,-0.0019,0.0004,-3.1376,0.7891,-3.1412,-4703.9585,-28636.0898,25.0674,1
-4703.1636,-28634.3926,24.9425,-5252.6089,-28084.4707,21.9621,-4690.1587,-28619.3086,28.7924,776.1691,-0.0024,0.0019,-3.1376,0.7953,-3.1412,-4703.0347,-28635.1133,25.1687,1
-4703.1636,-28634.3926,24.9425,-5252.6089,-28084.4707,21.9621,-4696.6875,-28631.6328,26.3479,780.0301,0.0012,0.0014,-3.1376,0.8007,-3.1411,-4702.3101,-28634.5156,25.1995,1
-4703.1636,-28634.3926,24.9425,-5252.6089,-28084.4707,21.9621,-4694.9341,-28635.3633,23.9007,783.8904,0.0026,0.0009,-3.1376,0.8080,-3.1412,-4701.5356,-28634.0449,25.1548,1
-4703.1636,-28634.3926,24.9425,-5252.6089,-28084.4707,21.9621,-4696.9839,-28620.7305,21.4503,772.1996,0.0021,0.0004,-3.1377,0.8161,-3.1413,-4700.8281,-28633.1230,25.0276,1
-4703.1636,-28634.3926,24.9425,-5252.6089,-28084.4707,21.9621,-4687.0713,-28615.8848,28.7545,776.0601,0.0015,0.0019,-3.1378,0.8260,-3.1414,-4699.8125,-28632.0352,25.1287,1
-4703.1636,-28634.3926,24.9425,-5252.6089,-28084.4707,21.9621,-4703.1729,-28627.0117,28.0634,772.1783,0.0068,0.0017,-3.1378,0.8345,-3.1414,-4699.3076,-28631.2891,25.2165,1
-4703.1636,-28634.3926,24.9425,-5252.6089,-28084.4707,21.9621,-4691.7100,-28631.9258,23.8813,783.7813,0.0073,0.0009,-3.1377,0.8433,-3.1413,-4698.4644,-28630.7129,25.1760,1
-4703.1636,-28634.3926,24.9425,-5252.6089,-28084.4707,21.9621,-4693.3994,-28616.8340,21.4296,772.0905,0.0067,0.0004,-3.1377,0.8523,-3.1413,-4697.6777,-28629.6680,25.0525,1
-4703.1636,-28634.3926,24.9425,-5252.6094,-28084.4707,21.9621,-4683.6401,-28612.0469,28.7330,775.9509,0.0062,0.0019,-3.1377,0.8619,-3.1413,-4696.5889,-28628.4668,25.1573,1
-4703.1636,-28634.3926,24.9425,-5252.6094,-28084.4707,21.9621,-4693.8677,-28628.4395,26.3151,779.8118,0.0113,0.0014,-3.1376,0.8701,-3.1411,-4695.8232,-28627.7773,25.1920,1
-4703.1636,-28634.3926,24.9425,-5252.6094,-28084.4707,21.9621,-4692.1938,-28632.2637,23.8665,783.6722,0.0128,0.0009,-3.1375,0.8771,-3.1410,-4695.0229,-28627.2324,25.1510,1
-4703.1636,-28634.3926,24.9425,-5252.6094,-28084.4707,21.9621,-4694.9946,-28618.3457,21.4157,771.9814,0.0122,0.0004,-3.1374,0.8840,-3.1409,-4694.3286,-28626.2754,25.0272,1
-4703.1636,-28634.3926,24.9425,-5252.6094,-28084.4707,21.9621,-4686.7515,-28615.2246,28.7185,775.8418,0.0117,0.0019,-3.1373,0.8908,-3.1408,-4693.3931,-28625.2246,25.1317,1
-4703.1636,-28634.3926,24.9425,-5252.6094,-28084.4707,21.9621,-4697.2285,-28638.3125,21.1636,784.3385,0.0171,0.0003,-3.1372,0.8943,-3.1406,-4692.8027,-28624.9121,25.0022,1
-4703.1636,-28634.3926,24.9425,-5252.6094,-28084.4707,21.9621,-4696.9155,-28636.8984,23.8490,783.5629,0.0172,0.0009,-3.1370,0.8961,-3.1404,-4692.2349,-28624.6094,24.9502,1
-4703.1636,-28634.3926,24.9425,-5252.6094,-28084.4707,21.9621,-4702.9141,-28626.3418,21.3961,771.8723,0.0166,0.0004,-3.1369,0.8969,-3.1403,-4691.8975,-28624.0195,24.8164,1
-4703.1636,-28634.3926,24.9425,-5252.6094,-28084.4707,21.9621,-4698.4561,-28627.2773,28.6948,775.7326,0.0160,0.0019,-3.1369,0.8966,-3.1403,-4691.4604,-28623.4863,24.9116,1
-4703.1636,-28634.3926,24.9425,-5252.6089,-28084.4707,21.9621,-4706.0098,-28640.3340,26.2805,779.5934,0.0184,0.0014,-3.1368,0.8927,-3.1401,-4691.3018,-28623.4004,24.9379,1
-4703.1636,-28634.3926,24.9425,-5252.6084,-28084.4707,21.9620,-4703.8809,-28643.6660,23.8284,783.4538,0.0179,0.0009,-3.1368,0.8882,-3.1401,-4691.1245,-28623.4746,24.8892,1
-4703.1636,-28634.3926,24.9425,-5252.6084,-28084.4707,21.9620,-4712.5977,-28635.8398,21.3759,771.7630,0.0173,0.0004,-3.1368,0.8837,-3.1402,-4691.2827,-28623.3672,24.7587,1
-4703.1636,-28634.3926,24.9425,-5252.6079,-28084.4707,21.9620,-4717.3960,-28645.8125,28.6716,775.6234,0.0188,0.0019,-3.1370,0.8794,-3.1404,-4691.6558,-28623.6230,24.8572,1
-4703.1636,-28634.3926,24.9425,-5252.6074,-28084.4688,21.9620,-4706.7563,-28640.9141,26.2712,779.4841,0.0155,0.0014,-3.1370,0.8730,-3.1404,-4691.7544,-28623.7812,24.8872,1
-4703.1636,-28634.3926,24.9425,-5252.6069,-28084.4688,21.9620,-4707.6138,-28641.4297,24.2936,779.2449,0.0146,0.0010,-3.1371,0.8664,-3.1406,-4691.9258,-28624.0078,24.8572,1
-4703.1636,-28634.3926,24.9425,-5252.6064,-28084.4688,21.9620,-4720.0127,-28645.5293,21.2507,773.5915,0.0160,0.0003,-3.1372,0.8600,-3.1407,-4692.5464,-28624.4180,24.7280,1
-4703.1636,-28634.3926,24.9425,-5252.6064,-28084.4688,21.9620,-4721.4844,-28649.5312,28.6784,775.5141,0.0158,0.0019,-3.1373,0.8537,-3.1409,-4693.2808,-28625.0117,24.8314,1
-4703.1636,-28634.3926,24.9425,-5252.6060,-28084.4688,21.9620,-4706.7236,-28640.5605,25.4561,779.2510,0.0112,0.0012,-3.1374,0.8465,-3.1410,-4693.6045,-28625.3730,24.8399,1
-4703.1636,-28634.3926,24.9425,-5252.6055,-28084.4668,21.9620,-4705.7798,-28645.2168,23.8217,783.2353,0.0106,0.0009,-3.1375,0.8395,-3.1411,-4693.9277,-28625.9160,24.7978,1
-4703.1636,-28634.3926,24.9425,-5252.6050,-28084.4668,21.9620,-4715.8213,-28638.6738,21.3781,771.5445,0.0101,0.0004,-3.1376,0.8326,-3.1412,-4694.6099,-28626.3027,24.6743,1
-4703.1636,-28634.3926,24.9425,-5252.6045,-28084.4668,21.9621,-4722.4365,-28650.2754,28.6826,775.4048,0.0115,0.0019,-3.1377,0.8252,-3.1413,-4695.5483,-28627.0879,24.7802,1
-4703.1636,-28634.3926,24.9425,-5252.6045,-28084.4668,21.9621,-4705.2881,-28639.1641,26.2536,779.2657,0.0064,0.0014,-3.1378,0.8189,-3.1414,-4695.9888,-28627.5625,24.8167,1
-4703.1636,-28634.3926,24.9425,-5252.6040,-28084.4668,21.9621,-4703.9502,-28643.2754,23.8135,783.1261,0.0058,0.0009,-3.1378,0.8129,-3.1416,-4696.4004,-28628.1895,24.7785,1
-4703.1636,-28634.3926,24.9425,-5252.6040,-28084.4668,21.9621,-4720.7715,-28643.2773,21.3724,771.4353,0.0073,0.0004,-3.1379,0.8065,3.1416,-4697.3721,-28628.8516,24.6588,1
-4703.1636,-28634.3926,24.9425,-5252.6035,-28084.4648,21.9621,-4719.7705,-28647.6133,28.6750,775.2957,0.0067,0.0019,-3.1379,0.8001,3.1415,-4698.3521,-28629.6758,24.7684,1
-4703.1636,-28634.3926,24.9425,-5252.6035,-28084.4648,21.9621,-4703.7402,-28637.4766,26.2394,779.1566,0.0022,0.0014,-3.1380,0.7954,3.1414,-4698.8516,-28630.2031,24.8083,1
-4703.1636,-28634.3926,24.9425,-5252.6035,-28084.4648,21.9621,-4701.5562,-28640.7598,23.7978,783.0170,0.0016,0.0009,-3.1381,0.7909,3.1413,-4699.2808,-28630.8418,24.7733,1
-4703.1636,-28634.3926,24.9425,-5252.6030,-28084.4648,21.9621,-4717.1245,-28639.6309,21.3564,771.3262,0.0031,0.0004,-3.1381,0.7867,3.1413,-4700.2085,-28631.4590,24.6567,1
-4703.1636,-28634.3926,24.9425,-5252.6030,-28084.4648,21.9621,-4715.1660,-28643.0703,28.6553,775.1866,0.0025,0.0019,-3.1381,0.7819,3.1413,-4701.0952,-28632.1914,24.7692,1
-4703.1636,-28634.3926,24.9425,-5252.6030,-28084.4648,21.9621,-4702.6929,-28636.2812,26.2229,779.0474,-0.0009,0.0014,-3.1381,0.7779,3.1413,-4701.5967,-28632.7168,24.8118,1
-4703.1636,-28634.3926,24.9425,-5252.6030,-28084.4648,21.9621,-4700.7515,-28639.8086,23.7794,782.9079,-0.0015,0.0009,-3.1381,0.7730,3.1413,-4702.0229,-28633.3496,24.7794,1
-4703.1636,-28634.3926,24.9425,-5252.6030,-28084.4648,21.9621,-4717.7588,-28640.0898,21.3349,771.2171,-0.0000,0.0004,-3.1380,0.7662,3.1414,-4702.9824,-28633.9941,24.6650,1
-4703.1636,-28634.3926,24.9425,-5252.6030,-28084.4648,21.9621,-4717.5752,-28645.2285,28.6297,775.0775,-0.0006,0.0019,-3.1380,0.7583,3.1415,-4703.9507,-28634.8027,24.7795,1
-4703.1636,-28634.3926,24.9425,-5252.6025,-28084.4648,21.9621,-4703.4712,-28636.9043,26.2080,778.9384,-0.0049,0.0014,-3.1380,0.7516,3.1415,-4704.4766,-28635.3496,24.8243,1
-4703.1636,-28634.3926,24.9425,-5252.6025,-28084.4648,21.9621,-4709.6265,-28648.3379,23.7639,782.7987,-0.0035,0.0009,-3.1380,0.7448,3.1414,-4705.1792,-28636.2480,24.7938,1
-4703.1636,-28634.3926,24.9425,-5252.6025,-28084.4648,21.9621,-4720.2075,-28642.2852,21.3182,771.1079,-0.0040,0.0004,-3.1380,0.7369,3.1414,-4706.2183,-28636.9668,24.6812,1
-4703.1636,-28634.3926,24.9425,-5252.6025,-28084.4648,21.9621,-4720.2197,-28647.5898,28.6129,774.9683,-0.0046,0.0019,-3.1380,0.7287,3.1414,-4707.2676,-28637.8496,24.7973,1
-4703.1636,-28634.3926,24.9425,-5252.6021,-28084.4648,21.9621,-4712.6724,-28634.5273,22.7899,770.7725,-0.0087,0.0007,-3.1381,0.7213,3.1413,-4708.0820,-28638.3145,24.7337,1
-4703.1636,-28634.3926,24.9425,-5252.6021,-28084.4648,21.9621,-4705.1455,-28641.9121,21.9161,781.3157,-0.0098,0.0005,-3.1382,0.7148,3.1412,-4708.6426,-28638.9883,24.6387,1
-4703.1636,-28634.3926,24.9425,-5252.6021,-28084.4648,21.9621,-4719.2192,-28641.1895,21.3055,770.9988,-0.0089,0.0003,-3.1382,0.7078,3.1412,-4709.6284,-28639.6289,24.5171,1
-4703.1636,-28634.3926,24.9425,-5252.6021,-28084.4648,21.9621,-4718.5591,-28645.8652,28.5993,774.8592,-0.0095,0.0018,-3.1382,0.7008,3.1411,-4710.5903,-28640.4043,24.6249,1
-4703.1636,-28634.3926,24.9425,-5252.6021,-28084.4629,21.9621,-4707.7539,-28640.8203,26.1803,778.7200,-0.0125,0.0013,-3.1383,0.6965,3.1410,-4711.1992,-28641.0098,24.6638,1
-4703.1636,-28634.3926,24.9425,-5252.6016,-28084.4629,21.9621,-4705.4180,-28643.9473,23.7356,782.5804,-0.0130,0.0008,-3.1384,0.6923,3.1409,-4711.7036,-28641.6934,24.6279,1
-4703.1636,-28634.3926,24.9425,-5252.6016,-28084.4629,21.9621,-4713.4043,-28635.4062,21.2894,770.8896,-0.0136,0.0003,-3.1384,0.6892,3.1408,-4712.4272,-28642.0879,24.5105,1
-4703.1636,-28634.3926,24.9425,-5252.6016,-28084.4629,21.9621,-4709.9155,-28637.3594,28.5796,774.7501,-0.0142,0.0018,-3.1385,0.6871,3.1407,-4713.0181,-28642.5117,24.6223,1
-4703.1636,-28634.3926,24.9425,-5252.6021,-28084.4648,21.9621,-4704.0166,-28636.9844,26.1642,778.6108,-0.0149,0.0013,-3.1386,0.6884,3.1406,-4713.3911,-28642.8945,24.6651,1
-4703.1636,-28634.3926,24.9425,-5252.6021,-28084.4648,21.9621,-4697.3979,-28635.8359,23.7138,782.4712,-0.0154,0.0008,-3.1387,0.6919,3.1405,-4713.5122,-28643.2090,24.6327,1
-4703.1636,-28634.3926,24.9425,-5252.6021,-28084.4648,21.9621,-4701.0845,-28622.9180,21.2618,770.7805,-0.0160,0.0003,-3.1387,0.6969,3.1404,-4713.6890,-28643.0684,24.5185,1
-4703.1636,-28634.3926,24.9425,-5252.6025,-28084.4648,21.9621,-4692.6099,-28619.6680,28.5437,774.6409,-0.0165,0.0018,-3.1387,0.7041,3.1403,-4713.5483,-28642.7656,24.6330,1
-4703.1636,-28634.3926,24.9425,-5252.6030,-28084.4648,21.9620,-4701.4067,-28634.2246,26.1504,778.5016,-0.0124,0.0013,-3.1386,0.7088,3.1405,-4713.6304,-28642.8691,24.6789,1
-4703.1636,-28634.3926,24.9425,-5252.6030,-28084.4648,21.9620,-4694.0010,-28632.2383,23.7036,782.3619,-0.0129,0.0008,-3.1385,0.7138,3.1407,-4713.4355,-28642.8789,24.6496,1
-4703.1636,-28634.3926,24.9425,-5252.6035,-28084.4648,21.9620,-4697.6533,-28619.2227,21.2591,770.6713,-0.0135,0.0003,-3.1384,0.7191,3.1408,-4713.2939,-28642.4258,24.5385,1
-4703.1636,-28634.3926,24.9425,-5252.6040,-28084.4668,21.9620,-4696.8125,-28623.8750,28.5516,774.5316,-0.0121,0.0018,-3.1383,0.7246,3.1409,-4713.0820,-28642.0684,24.6563,1
-4703.1636,-28634.3926,24.9425,-5252.6045,-28084.4668,21.9620,-4700.1255,-28632.7832,26.1403,778.3925,-0.0094,0.0013,-3.1383,0.7304,3.1410,-4712.9331,-28641.9512,24.7048,1
-4703.1636,-28634.3926,24.9425,-5252.6045,-28084.4668,21.9620,-4692.1382,-28630.1758,23.6983,782.2528,-0.0099,0.0008,-3.1382,0.7365,3.1411,-4712.4946,-28641.7266,24.6780,1
-4703.1636,-28634.3926,24.9425,-5252.6050,-28084.4668,21.9621,-4695.2700,-28616.5801,21.2575,770.5620,-0.0105,0.0003,-3.1381,0.7428,3.1412,-4712.0967,-28641.0273,24.5694,1
-4703.1636,-28634.3926,24.9425,-5252.6055,-28084.4668,21.9621,-4693.8413,-28620.6367,28.5503,774.4224,-0.0090,0.0018,-3.1381,0.7494,3.1413,-4711.6138,-28640.4043,24.6894,1
-4703.1636,-28634.3926,24.9425,-5252.6055,-28084.4668,21.9621,-4700.8569,-28632.7500,20.1403,777.8452,-0.0054,0.0001,-3.1380,0.7544,3.1414,-4711.3174,-28640.1309,24.5472,1
-4703.1636,-28634.3926,24.9425,-5252.6060,-28084.4688,21.9621,-4692.3389,-28630.2266,23.6903,782.1436,-0.0062,0.0008,-3.1379,0.7597,3.1415,-4710.7261,-28639.7617,24.5097,1
-4703.1636,-28634.3926,24.9425,-5252.6060,-28084.4688,21.9621,-4702.6592,-28624.0586,21.2510,770.4529,-0.0047,0.0003,-3.1379,0.7652,3.1415,-4710.4209,-28639.1699,24.3912,1
-4703.1636,-28634.3926,24.9425,-5252.6064,-28084.4688,21.9621,-4695.3740,-28622.0742,28.5432,774.3132,-0.0053,0.0018,-3.1379,0.7701,-3.1416,-4709.8667,-28638.4883,24.5023,1
-4703.1636,-28634.3926,24.9425,-5252.6064,-28084.4688,21.9621,-4698.8618,-28631.1973,26.1153,778.1741,-0.0025,0.0013,-3.1379,0.7758,-3.1416,-4709.3979,-28638.0684,24.5442,1
-4703.1636,-28634.3926,24.9425,-5252.6064,-28084.4688,21.9621,-4694.1147,-28633.7754,29.3705,783.3866,-0.0016,0.0020,-3.1379,0.7835,3.1416,-4708.7612,-28637.7246,24.6933,1
-4703.1636,-28634.3926,24.9425,-5252.6069,-28084.4688,21.9621,-4700.8921,-28622.0938,21.2362,770.3437,-0.0017,0.0003,-3.1378,0.7879,-3.1415,-4708.3101,-28637.0000,24.5912,1
-4703.1636,-28634.3926,24.9425,-5252.6069,-28084.4688,21.9621,-4693.2910,-28619.7480,28.5262,774.2040,-0.0022,0.0018,-3.1378,0.7935,-3.1415,-4707.6050,-28636.1758,24.7174,1
-4703.1636,-28634.3926,24.9425,-5252.6069,-28084.4688,21.9621,-4698.4434,-28630.6172,26.1006,778.0650,0.0010,0.0013,-3.1378,0.7987,-3.1414,-4707.0444,-28635.6758,24.7733,1
-4703.1636,-28634.3926,24.9425,-5252.6069,-28084.4688,21.9621,-4690.1548,-28627.6602,23.6601,781.9254,0.0004,0.0008,-3.1378,0.8053,-3.1415,-4706.2104,-28635.0840,24.7535,1
-4703.1636,-28634.3926,24.9425,-5252.6074,-28084.4688,21.9621,-4699.6699,-28620.6797,21.2194,770.2346,0.0018,0.0003,-3.1378,0.8123,-3.1415,-4705.6533,-28634.2559,24.6510,1
-4703.1636,-28634.3926,24.9425,-5252.6074,-28084.4688,21.9621,-4690.6294,-28616.7930,28.5057,774.0950,0.0013,0.0018,-3.1378,0.8206,-3.1415,-4704.8037,-28633.2871,24.7766,1
-4703.1636,-28634.3926,24.9425,-5252.6074,-28084.4688,21.9621,-4696.3936,-28628.3730,26.0852,777.9558,0.0051,0.0013,-3.1378,0.8283,-3.1415,-4704.1230,-28632.6719,24.8318,1
-4703.1636,-28634.3926,24.9425,-5252.6074,-28084.4707,21.9621,-4694.3672,-28631.8340,23.6444,781.8162,0.0065,0.0008,-3.1378,0.8361,-3.1414,-4703.3760,-28632.1738,24.8110,1
-4703.1636,-28634.3926,24.9425,-5252.6079,-28084.4707,21.9621,-4696.5186,-28617.2559,21.2045,770.1254,0.0059,0.0003,-3.1377,0.8442,-3.1414,-4702.6895,-28631.2168,24.7073,1
-4703.1636,-28634.3926,24.9425,-5252.6079,-28084.4707,21.9621,-4687.2534,-28613.0488,28.4901,773.9858,0.0054,0.0018,-3.1377,0.8529,-3.1413,-4701.7070,-28630.1113,24.8316,1
-4703.1636,-28634.3926,24.9425,-5252.6079,-28084.4707,21.9621,-4695.6299,-28627.4355,26.0716,777.8466,0.0100,0.0013,-3.1376,0.8608,-3.1412,-4700.9810,-28629.4531,24.8853,1
-4703.1636,-28634.3926,24.9425,-5252.6084,-28084.4707,21.9621,-4693.4849,-28630.7754,23.6307,781.7071,0.0114,0.0008,-3.1376,0.8687,-3.1412,-4700.1929,-28628.9160,24.8629,1
-4703.1636,-28634.3926,24.9425,-5252.6084,-28084.4707,21.9621,-4696.2832,-28616.8516,21.1914,770.0163,0.0109,0.0003,-3.1375,0.8757,-3.1410,-4699.4971,-28627.9512,24.7574,1
-4703.1636,-28634.3926,24.9425,-5252.6084,-28084.4707,21.9621,-4692.2051,-28617.8652,26.8772,773.6783,0.0115,0.0015,-3.1374,0.8825,-3.1409,-4698.6816,-28627.0156,24.8281,1
-4703.1636,-28634.3926,24.9425,-5252.6084,-28084.4707,21.9621,-4703.7070,-28635.4453,26.0562,777.7376,0.0165,0.0013,-3.1373,0.8870,-3.1408,-4698.2422,-28626.6465,24.8764,1
-4703.1636,-28634.3926,24.9425,-5252.6084,-28084.4707,21.9621,-4695.9604,-28631.7051,27.6272,780.6065,0.0152,0.0016,-3.1371,0.8897,-3.1406,-4697.5859,-28626.1992,24.9771,1
-4703.1636,-28634.3926,24.9425,-5252.6084,-28084.4707,21.9621,-4703.0605,-28623.6875,21.1722,769.9072,0.0154,0.0003,-3.1370,0.8914,-3.1404,-4697.1758,-28625.5234,24.8746,1
-4703.1636,-28634.3926,24.9425,-5252.6084,-28084.4707,21.9621,-4697.9883,-28623.9883,28.4531,773.7676,0.0148,0.0018,-3.1370,0.8923,-3.1404,-4696.6328,-28624.8750,24.9992,1
-4703.1636,-28634.3926,24.9425,-5252.6084,-28084.4707,21.9621,-4707.0747,-28638.6270,26.0367,777.6284,0.0178,0.0013,-3.1369,0.8894,-3.1402,-4696.4038,-28624.7148,25.0528,1
-4703.1636,-28634.3926,24.9425,-5252.6079,-28084.4707,21.9621,-4704.6416,-28641.6602,23.5903,781.4887,0.0172,0.0008,-3.1368,0.8854,-3.1402,-4696.1367,-28624.6992,25.0294,1
-4703.1636,-28634.3926,24.9425,-5252.6079,-28084.4707,21.9621,-4713.0688,-28633.5488,21.1474,769.7980,0.0167,0.0003,-3.1369,0.8815,-3.1402,-4696.1831,-28624.4844,24.9221,1
-4703.1636,-28634.3926,24.9425,-5252.6074,-28084.4707,21.9621,-4710.8022,-28636.7031,28.4261,773.6583,0.0161,0.0018,-3.1369,0.8773,-3.1403,-4696.2070,-28624.4062,25.0418,1
-4703.1636,-28634.3926,24.9425,-5252.6069,-28084.4688,21.9620,-4708.2485,-28639.6270,26.0250,777.5191,0.0152,0.0013,-3.1370,0.8711,-3.1404,-4696.1929,-28624.4609,25.0909,1
-4703.1636,-28634.3926,24.9425,-5252.6069,-28084.4688,21.9620,-4716.1440,-28636.6875,26.8862,769.9056,0.0150,0.0015,-3.1371,0.8653,-3.1405,-4696.4785,-28624.4727,25.1696,1
-4703.1636,-28634.3926,24.9425,-5252.6064,-28084.4688,21.9620,-4705.5171,-28647.7598,21.1175,785.2403,0.0141,0.0003,-3.1372,0.8594,-3.1407,-4696.4673,-28624.8691,25.0666,1
-4703.1636,-28634.3926,24.9425,-5252.6060,-28084.4688,21.9620,-4721.9839,-28647.3066,28.4247,773.5491,0.0155,0.0018,-3.1373,0.8536,-3.1408,-4697.0220,-28625.3223,25.1886,1
-4703.1636,-28634.3926,24.9425,-5252.6055,-28084.4688,21.9620,-4707.9907,-28639.2227,26.0172,777.4099,0.0112,0.0013,-3.1374,0.8466,-3.1409,-4697.1855,-28625.5664,25.2392,1
-4703.1636,-28634.3926,24.9425,-5252.6055,-28084.4668,21.9620,-4707.1284,-28643.7871,23.5789,781.2703,0.0107,0.0008,-3.1375,0.8398,-3.1410,-4697.3496,-28625.9922,25.2125,1
-4703.1636,-28634.3926,24.9425,-5252.6050,-28084.4668,21.9620,-4706.2041,-28648.2734,21.1174,785.1312,0.0101,0.0003,-3.1376,0.8332,-3.1412,-4697.5083,-28626.6016,25.1033,1
-4703.1636,-28634.3926,24.9425,-5252.6045,-28084.4668,21.9621,-4723.0498,-28648.1582,28.4280,773.4399,0.0116,0.0018,-3.1376,0.8268,-3.1413,-4698.2383,-28627.2656,25.2192,1
-4703.1636,-28634.3926,24.9425,-5252.6045,-28084.4668,21.9621,-4706.8555,-28637.9512,26.0072,777.3007,0.0067,0.0013,-3.1377,0.8206,-3.1414,-4698.5000,-28627.6465,25.2635,1
-4703.1636,-28634.3926,24.9425,-5252.6040,-28084.4668,21.9621,-4705.5820,-28642.1230,23.5713,781.1611,0.0062,0.0008,-3.1378,0.8146,-3.1415,-4698.7383,-28628.1777,25.2306,1
-4703.1636,-28634.3926,24.9425,-5252.6040,-28084.4668,21.9621,-4711.2451,-28652.9648,21.1125,785.0220,0.0076,0.0003,-3.1379,0.8088,-3.1416,-4699.1704,-28629.0801,25.1154,1
-4703.1636,-28634.3926,24.9425,-5252.6035,-28084.4668,21.9621,-4720.8926,-28645.9746,28.4216,773.3307,0.0071,0.0018,-3.1379,0.8025,3.1416,-4699.9443,-28629.8164,25.2255,1
-4703.1636,-28634.3926,24.9425,-5252.6035,-28084.4648,21.9621,-4705.3726,-28636.3301,25.9937,777.1916,0.0027,0.0013,-3.1380,0.7978,3.1415,-4700.2588,-28630.2676,25.2637,1
-4703.1636,-28634.3926,24.9425,-5252.6030,-28084.4648,21.9621,-4703.1895,-28639.6133,23.5571,781.0520,0.0021,0.0008,-3.1380,0.7934,3.1414,-4700.5088,-28630.8281,25.2250,1
-4703.1636,-28634.3926,24.9425,-5252.6030,-28084.4648,21.9621,-4707.9512,-28649.6582,21.0980,784.9128,0.0035,0.0003,-3.1381,0.7892,3.1413,-4700.9102,-28631.7188,25.1041,1
-4703.1636,-28634.3926,24.9425,-5252.6030,-28084.4648,21.9621,-4716.7871,-28641.9062,28.4042,773.2216,0.0030,0.0018,-3.1381,0.7844,3.1413,-4701.6108,-28632.3945,25.2086,1
-4703.1636,-28634.3926,24.9425,-5252.6030,-28084.4648,21.9621,-4704.4717,-28635.2812,25.9781,777.0825,-0.0004,0.0013,-3.1381,0.7802,3.1413,-4701.9390,-28632.8633,25.2415,1
-4703.1636,-28634.3926,24.9425,-5252.6030,-28084.4648,21.9621,-4702.6675,-28638.9414,23.5396,780.9428,-0.0010,0.0008,-3.1381,0.7750,3.1414,-4702.2065,-28633.4434,25.1976,1
-4703.1636,-28634.3926,24.9425,-5252.6030,-28084.4648,21.9621,-4709.0552,-28650.5684,21.0773,784.8037,0.0005,0.0003,-3.1380,0.7679,3.1414,-4702.6709,-28634.3926,25.0715,1
-4703.1636,-28634.3926,24.9425,-5252.6025,-28084.4648,21.9621,-4719.8525,-28644.6855,28.3802,773.1124,-0.0001,0.0018,-3.1379,0.7596,3.1415,-4703.4927,-28635.1797,25.1710,1
-4703.1636,-28634.3926,24.9425,-5252.6025,-28084.4648,21.9621,-4705.4033,-28636.0547,25.9631,776.9733,-0.0046,0.0013,-3.1379,0.7524,3.1415,-4703.8730,-28635.6934,25.1993,1
-4703.1636,-28634.3926,24.9425,-5252.6025,-28084.4648,21.9621,-4711.8960,-28647.7949,23.5243,780.8337,-0.0032,0.0008,-3.1380,0.7450,3.1415,-4704.4541,-28636.5664,25.1510,1
-4703.1636,-28634.3926,24.9425,-5252.6025,-28084.4648,21.9621,-4711.4712,-28646.1660,28.1755,779.9756,-0.0048,0.0018,-3.1380,0.7364,3.1415,-4705.0269,-28637.3965,25.2481,1
-4703.1636,-28634.3926,24.9425,-5252.6021,-28084.4648,21.9621,-4723.3311,-28647.8242,28.3641,773.0032,-0.0043,0.0018,-3.1380,0.7273,3.1414,-4705.9873,-28638.2832,25.3583,1
-4703.1636,-28634.3926,24.9425,-5252.6021,-28084.4648,21.9621,-4705.1416,-28635.6406,25.9494,776.8642,-0.0100,0.0013,-3.1381,0.7194,3.1413,-4706.3843,-28638.7793,25.3966,1
-4703.1636,-28634.3926,24.9425,-5252.6021,-28084.4648,21.9621,-4715.4019,-28638.8672,24.5474,771.9763,-0.0093,0.0010,-3.1381,0.7114,3.1413,-4707.0972,-28639.3535,25.3901,1
-4703.1636,-28634.3926,24.9425,-5252.6016,-28084.4648,21.9621,-4711.8159,-28652.9062,21.0486,784.5854,-0.0091,0.0003,-3.1382,0.7034,3.1412,-4707.6948,-28640.3555,25.2700,1
-4703.1636,-28634.3926,24.9425,-5252.6016,-28084.4629,21.9621,-4722.4150,-28646.8105,28.3515,772.8942,-0.0096,0.0018,-3.1382,0.6955,3.1411,-4708.6313,-28641.1738,25.3745,1
-4703.1636,-28634.3926,24.9425,-5252.6016,-28084.4629,21.9621,-4710.0034,-28640.2734,25.9357,776.7551,-0.0133,0.0013,-3.1383,0.6901,3.1410,-4709.1807,-28641.7715,25.4070,1
-4703.1636,-28634.3926,24.9425,-5252.6016,-28084.4629,21.9621,-4708.3257,-28644.0391,23.4967,780.6154,-0.0138,0.0008,-3.1384,0.6847,3.1409,-4709.6616,-28642.4668,25.3620,1
-4703.1636,-28634.3926,24.9425,-5252.6011,-28084.4629,21.9621,-4708.9014,-28638.9668,21.2304,776.5842,-0.0151,0.0003,-3.1385,0.6810,3.1408,-4710.1406,-28642.9824,25.2392,1
