0.0000,0.0000,0.0000,0.0000,0.0000,0.0000,0.0000,0.0000,0.0000,0.0000,0.0000,0.0000,0.0000,0.0000,0.0000,0.0000,0.0000,0.0000,0
0.0000,0.0000,0.0000,0.0000,0.0000,0.0000,0.0000,0.0000,0.0000,0.0000,0.0000,0.0000,0.0000,0.0000,0.0000,0.0000,0.0000,0.0000,0
0.0000,0.0000,0.0000,0.0000,0.0000,0.0000,0.0000,0.0000,0.0000,0.0000,0.0000,0.0000,0.0000,0.0000,0.0000,0.0000,0.0000,0.0000,0
0.0000,0.0000,0.0000,0.0000,0.0000,0.0000,0.0000,0.0000,0.0000,0.0000,0.0000,0.0000,0.0000,0.0000,0.0000,0.0000,0.0000,0.0000,0
0.0000,0.0000,0.0000,0.0000,0.0000,0.0000,0.0000,0.0000,0.0000,0.0000,0.0000,0.0000,0.0000,0.0000,0.0000,0.0000,0.0000,0.0000,0
0.0000,0.0000,0.0000,-5252.6138,-28084.4629,22.4979,0.0000,0.0000,0.0000,0.0000,0.0000,0.0000,3.1416,0.7854,3.1416,0.0000,0.0000,0.0000,0
-4703.1636,-28634.3926,24.9425,-5252.6138,-28084.4629,22.4962,0.0000,0.0000,0.0000,0.0000,0.0000,0.0000,-3.1415,0.7854,-3.1416,0.0000,0.0000,0.0000,0
-4703.1636,-28634.3926,24.9425,-5252.6138,-28084.4629,22.4917,0.0000,0.0000,0.0000,0.0000,0.0000,0.0000,-3.1415,0.7854,-3.1416,0.0000,0.0000,0.0000,0
-4703.1636,-28634.3926,24.9425,-5252.6138,-28084.4629,22.4844,0.0000,0.0000,0.0000,0.0000,0.0000,0.0000,-3.1414,0.7854,-3.1415,0.0000,0.0000,0.0000,0
-4703.1636,-28634.3926,24.9425,-5252.6138,-28084.4629,22.4742,0.0000,0.0000,0.0000,0.0000,0.0000,0.0000,-3.1414,0.7854,-3.1415,0.0000,0.0000,0.0000,0
-4703.1636,-28634.3926,24.9425,-5252.6138,-28084.4629,22.4612,0.0000,0.0000,0.0000,773.5035,-0.0001,0.0014,-3.1414,0.7854,-3.1415,0.0000,0.0000,0.0000,0
-4703.1636,-28634.3926,24.9425,-5252.6138,-28084.4629,22.4455,-4700.6885,-28631.8711,27.1511,777.3640,-0.0007,0.0009,-3.1414,0.7854,-3.1415,-4700.6885,-28631.8711,27.1511,1
-4703.1636,-28634.3926,24.9425,-5252.6138,-28084.4629,22.4270,-4702.9556,-28639.6074,24.7205,781.2248,0.0008,0.0004,-3.1415,0.7854,-3.1415,-4700.7607,-28632.1191,27.0733,1
-4703.1636,-28634.3926,24.9425,-5252.6138,-28084.4629,22.4058,-4698.2944,-28640.4199,22.2504,785.0853,0.0002,-0.0001,-3.1415,0.7854,-3.1414,-4700.6895,-28632.4062,26.9122,1
-4703.1636,-28634.3926,24.9425,-5252.6138,-28084.4629,22.3820,-4704.6621,-28630.2148,29.4765,773.3945,-0.0003,0.0014,-3.1414,0.7854,-3.1414,-4700.8169,-28632.3848,26.9728,1
-4703.1636,-28634.3926,24.9425,-5252.6138,-28084.4629,22.3554,-4700.0054,-28631.0254,27.0409,777.2549,-0.0009,0.0009,-3.1414,0.7854,-3.1414,-4700.8027,-28632.3828,26.9610,1
-4703.1636,-28634.3926,24.9425,-5252.6138,-28084.4629,22.3261,-4702.2637,-28638.7676,24.5758,781.1159,0.0006,0.0004,-3.1414,0.7854,-3.1414,-4700.8584,-28632.6250,26.8711,1
-4703.1636,-28634.3926,24.9425,-5252.6138,-28084.4629,22.2940,-4697.6040,-28639.5762,22.0855,784.9763,0.0000,-0.0001,-3.1414,0.7854,-3.1414,-4700.7686,-28632.9023,26.6979,1
-4703.1636,-28634.3926,24.9425,-5252.6138,-28084.4629,22.2593,-4704.0664,-28629.4590,29.4487,773.2857,-0.0005,0.0014,-3.1414,0.7854,-3.1414,-4700.8784,-28632.8672,26.7516,1
-4703.1636,-28634.3926,24.9425,-5252.6138,-28084.4629,22.2218,-4706.3125,-28637.1777,27.0020,777.1462,0.0009,0.0009,-3.1414,0.7854,-3.1413,-4701.0669,-28633.0723,26.7334,1
-4703.1636,-28634.3926,24.9425,-5252.6138,-28084.4629,22.1817,-4701.6597,-28638.0137,24.5308,781.0071,0.0004,0.0004,-3.1414,0.7854,-3.1413,-4701.1162,-28633.3066,26.6378,1
-4703.1636,-28634.3926,24.9425,-5252.6138,-28084.4629,22.1388,-4697.0000,-28638.8184,22.0338,784.8675,-0.0002,-0.0001,-3.1414,0.7854,-3.1413,-4701.0166,-28633.5742,26.4596,1
-4703.1636,-28634.3926,24.9425,-5252.6138,-28084.4629,22.0933,-4710.6685,-28633.2422,26.6660,771.2853,0.0010,0.0008,-3.1414,0.7854,-3.1413,-4701.3481,-28633.6719,26.4210,1
-4703.1636,-28634.3926,24.9425,-5252.6138,-28084.4629,22.0451,-4705.6353,-28636.3516,26.9741,777.0375,0.0007,0.0009,-3.1414,0.7854,-3.1413,-4701.5347,-28633.8633,26.3947,1
-4703.1636,-28634.3926,24.9425,-5252.6138,-28084.4629,21.9942,-4700.9810,-28637.1836,24.4966,780.8984,0.0002,0.0004,-3.1414,0.7854,-3.1413,-4701.5781,-28634.0820,26.2921,1
-4703.1636,-28634.3926,24.9425,-5252.6123,-28084.4629,21.9468,-4696.3384,-28638.0020,21.3944,784.7589,-0.0004,-0.0001,-3.1416,0.7854,3.1406,-4701.4702,-28634.3281,26.0890,1
-4703.1636,-28634.3926,24.9425,-5252.6094,-28084.4629,21.9077,-4709.5552,-28634.6387,28.2363,773.0672,0.0010,0.0016,-3.1413,0.7853,3.1389,-4701.7734,-28634.4688,26.0968,1
-4703.1636,-28634.3926,24.9425,-5252.6055,-28084.4648,21.8776,-4704.9346,-28635.5312,24.1413,776.9276,0.0005,0.0011,-3.1403,0.7853,3.1373,-4701.9419,-28634.6348,25.9799,1
-4703.1636,-28634.3926,24.9425,-5252.6011,-28084.4648,21.8565,-4700.3188,-28636.3828,19.5479,780.7886,-0.0001,0.0006,-3.1386,0.7852,3.1358,-4701.9658,-28634.8223,25.7145,1
-4703.1636,-28634.3926,24.9425,-5252.5952,-28084.4688,21.8443,-4704.8628,-28628.8008,21.6051,772.2053,-0.0005,0.0015,-3.1363,0.7852,3.1344,-4702.1289,-28634.7637,25.5029,1
-4703.1636,-28634.3926,24.9425,-5252.5889,-28084.4707,21.8410,-4701.2407,-28642.8125,26.6445,784.6888,0.0009,0.0031,-3.1333,0.7849,3.1332,-4702.1787,-28635.1348,25.4488,1
-4703.1636,-28634.3926,24.9425,-5252.5825,-28084.4746,21.8457,-4704.2207,-28634.6816,20.9047,776.7982,0.0002,0.0026,-3.1298,0.7850,3.1324,-4702.3184,-28635.2598,25.2169,1
-4703.1636,-28634.3926,24.9425,-5252.5767,-28084.4785,21.8566,-4703.4224,-28639.0859,14.8706,780.5115,0.0007,0.0020,-3.1261,0.7850,3.1324,-4702.4331,-28635.5176,24.7867,1
-4703.1636,-28634.3926,24.9425,-5252.5723,-28084.4844,21.8715,-4694.9253,-28636.1992,10.9376,784.5193,-0.0009,0.0016,-3.1229,0.7851,3.1331,-4702.2754,-28635.6855,24.2159,1
-4703.1636,-28634.3926,24.9425,-5252.5693,-28084.4863,21.8878,-4708.3774,-28633.1680,28.2688,772.7945,0.0006,0.0054,-3.1206,0.7850,3.1342,-4702.5303,-28635.7480,24.1765,1
-4703.1636,-28634.3926,24.9425,-5252.5684,-28084.4883,21.9035,-4703.6982,-28633.9824,25.5995,776.6547,0.0000,0.0049,-3.1194,0.7850,3.1355,-4702.6440,-28635.8281,24.0668,1
-4703.1636,-28634.3926,24.9425,-5252.5684,-28084.4902,21.9174,-4699.0127,-28634.7617,23.7514,780.5153,-0.0005,0.0044,-3.1193,0.7851,3.1367,-4702.6060,-28635.9219,23.9076,1
-4703.1636,-28634.3926,24.9425,-5252.5698,-28084.4902,21.9294,-4701.2920,-28642.4844,22.4721,784.3755,0.0009,0.0039,-3.1203,0.7852,3.1373,-4702.6304,-28636.2559,23.7137,1
-4703.1636,-28634.3926,24.9425,-5252.5718,-28084.4883,21.9397,-4704.2944,-28639.2812,24.0788,779.9925,0.0009,0.0039,-3.1218,0.7852,3.1377,-4702.7451,-28636.4941,23.5749,1
-4703.1636,-28634.3926,24.9425,-5252.5742,-28084.4863,21.9482,-4702.7520,-28632.8184,29.9401,776.5396,-0.0002,0.0048,-3.1234,0.7853,3.1382,-4702.8110,-28636.5254,23.6324,1
-4703.1636,-28634.3926,24.9425,-5252.5771,-28084.4863,21.9549,-4698.0854,-28633.6055,29.1930,780.4001,-0.0008,0.0043,-3.1252,0.7853,3.1388,-4702.7241,-28636.5684,23.6848,1
-4703.1636,-28634.3926,24.9425,-5252.5806,-28084.4844,21.9597,-4700.3604,-28641.3438,28.5641,784.2603,0.0007,0.0038,-3.1270,0.7853,3.1394,-4702.6982,-28636.8457,23.7336,1
-4703.1636,-28634.3926,24.9425,-5252.5840,-28084.4805,21.9628,-4706.8657,-28631.3027,31.2603,772.5860,0.0002,0.0040,-3.1290,0.7854,3.1400,-4702.8745,-28636.8047,23.8869,1
-4703.1636,-28634.3926,24.9425,-5252.5879,-28084.4785,21.9643,-4702.2144,-28632.1055,30.8338,776.4462,-0.0004,0.0035,-3.1312,0.7854,3.1405,-4702.9067,-28636.7734,24.0450,1
-4703.1636,-28634.3926,24.9425,-5252.5923,-28084.4766,21.9646,-4704.4868,-28639.8145,30.5107,780.3069,0.0010,0.0030,-3.1336,0.7854,3.1409,-4703.0088,-28636.9727,24.2092,1
-4703.1636,-28634.3926,24.9425,-5252.5962,-28084.4727,21.9645,-4698.5601,-28634.7324,33.0964,780.9291,-0.0005,0.0031,-3.1358,0.7854,3.1413,-4702.9214,-28637.0137,24.4713,1
-4703.1636,-28634.3926,24.9425,-5252.6001,-28084.4707,21.9647,-4706.8159,-28636.9844,27.2124,776.6409,0.0010,0.0016,-3.1379,0.7855,3.1415,-4703.0874,-28637.1152,24.5650,1
-4703.1636,-28634.3926,24.9425,-5252.6035,-28084.4668,21.9652,-4701.5742,-28631.3184,30.1025,776.3609,-0.0006,0.0019,-3.1396,0.7855,-3.1415,-4703.0913,-28637.0293,24.7572,1
-4703.1636,-28634.3926,24.9425,-5252.6060,-28084.4648,21.9658,-4703.8384,-28639.0449,28.8251,780.2216,0.0009,0.0014,-3.1410,0.7855,-3.1414,-4703.1621,-28637.1758,24.9185,1
-4703.1636,-28634.3926,24.9425,-5252.6084,-28084.4629,21.9666,-4699.1763,-28639.8672,27.2535,784.0820,0.0003,0.0009,3.1411,0.7855,-3.1414,-4703.0840,-28637.3477,25.0362,1
-4703.1636,-28634.3926,24.9425,-5252.6104,-28084.4609,21.9672,-4705.5283,-28629.6777,29.9567,772.4100,-0.0003,0.0013,3.1404,0.7855,-3.1413,-4703.1987,-28637.1953,25.2453,1
-4703.1636,-28634.3926,24.9425,-5252.6118,-28084.4609,21.9678,-4709.2959,-28630.9766,28.1830,770.6520,0.0005,0.0009,3.1399,0.7855,-3.1413,-4703.4395,-28637.0625,25.4051,1
-4703.1636,-28634.3926,24.9425,-5252.6128,-28084.4590,21.9681,-4703.2690,-28638.3672,25.6212,780.1313,0.0006,0.0003,3.1398,0.7852,-3.1413,-4703.4951,-28637.1523,25.4850,1
-4703.1636,-28634.3926,24.9425,-5252.6133,-28084.4590,21.9682,-4698.6138,-28639.1895,23.1305,783.9917,0.0001,-0.0002,3.1398,0.7852,-3.1413,-4703.3999,-28637.2695,25.4826,1
-4703.1636,-28634.3926,24.9425,-5252.6133,-28084.4590,21.9681,-4704.7285,-28628.7344,29.1618,772.3074,-0.0006,0.0011,3.1400,0.7852,-3.1414,-4703.4873,-28637.0508,25.6661,1
-4703.1636,-28634.3926,24.9425,-5252.6133,-28084.4590,21.9678,-4706.9707,-28636.4492,26.4392,776.1678,0.0009,0.0006,3.1404,0.7852,-3.1414,-4703.6470,-28637.0605,25.7661,1
-4703.1636,-28634.3926,24.9425,-5252.6128,-28084.4590,21.9673,-4700.3662,-28638.9805,20.5440,782.6072,0.0003,-0.0005,3.1409,0.7852,-3.1414,-4703.6006,-28637.1504,25.6759,1
-4703.1636,-28634.3926,24.9425,-5252.6123,-28084.4609,21.9666,-4697.6694,-28638.1016,20.6647,783.8892,-0.0002,-0.0004,3.1415,0.7852,-3.1415,-4703.4585,-28637.2129,25.5754,1
-4703.1636,-28634.3926,24.9425,-5252.6118,-28084.4609,21.9659,-4704.0703,-28627.9199,28.8355,772.1961,-0.0008,0.0014,-3.1411,0.7852,-3.1415,-4703.5063,-28636.9492,25.7241,1
-4703.1636,-28634.3926,24.9425,-5252.6108,-28084.4629,21.9651,-4706.2988,-28635.6406,25.9061,776.0565,0.0007,0.0009,-3.1404,0.7852,-3.1415,-4703.6265,-28636.9121,25.7827,1
-4703.1636,-28634.3926,24.9425,-5252.6104,-28084.4629,21.9644,-4701.6499,-28636.4727,22.9541,779.9175,0.0001,0.0004,-3.1398,0.7852,-3.1415,-4703.6011,-28636.9004,25.7447,1
-4703.1636,-28634.3926,24.9425,-5252.6094,-28084.4629,21.9636,-4696.9961,-28637.2715,19.9967,783.7779,-0.0004,-0.0001,-3.1391,0.7852,-3.1416,-4703.4219,-28636.9121,25.6045,1
-4703.1636,-28634.3926,24.9425,-5252.6084,-28084.4648,21.9629,-4703.4106,-28627.0996,28.8753,772.0813,-0.0010,0.0018,-3.1386,0.7852,-3.1416,-4703.4321,-28636.5977,25.7353,1
-4703.1636,-28634.3926,24.9425,-5252.6079,-28084.4648,21.9623,-4705.6274,-28634.8184,26.0627,775.9418,0.0005,0.0013,-3.1381,0.7852,-3.1416,-4703.5132,-28636.5098,25.7806,1
-4703.1636,-28634.3926,24.9425,-5252.6069,-28084.4648,21.9617,-4700.9766,-28635.6445,23.2772,779.8026,-0.0001,0.0008,-3.1376,0.7852,3.1416,-4703.4492,-28636.4492,25.7356,1
-4703.1636,-28634.3926,24.9425,-5252.6064,-28084.4668,21.9613,-4696.3203,-28636.4395,20.5241,783.6630,-0.0007,0.0003,-3.1373,0.7852,3.1416,-4703.2310,-28636.4121,25.5965,1
-4703.1636,-28634.3926,24.9425,-5252.6060,-28084.4668,21.9609,-4709.6016,-28633.1367,29.0838,771.9672,0.0008,0.0021,-3.1370,0.7852,3.1416,-4703.4243,-28636.2695,25.7201,1
-4703.1636,-28634.3926,24.9425,-5252.6055,-28084.4668,21.9607,-4704.9556,-28633.9902,26.5079,775.8276,0.0002,0.0016,-3.1368,0.7852,3.1416,-4703.4805,-28636.1504,25.7669,1
-4703.1636,-28634.3926,24.9425,-5252.6050,-28084.4668,21.9605,-4700.3027,-28634.8105,23.9632,779.6884,-0.0003,0.0011,-3.1366,0.7852,3.1416,-4703.3906,-28636.0547,25.7327,1
-4703.1636,-28634.3926,24.9425,-5252.6050,-28084.4688,21.9604,-4695.6440,-28635.5996,21.4462,783.5489,-0.0009,0.0006,-3.1365,0.7852,3.1416,-4703.1450,-28635.9844,25.6136,1
-4703.1636,-28634.3926,24.9425,-5252.6050,-28084.4688,21.9604,-4708.9297,-28632.3145,29.2847,771.8556,0.0006,0.0022,-3.1365,0.7852,3.1416,-4703.3101,-28635.8105,25.7367,1
-4703.1636,-28634.3926,24.9425,-5252.6045,-28084.4688,21.9605,-4704.2832,-28633.1602,26.9065,775.7159,0.0000,0.0017,-3.1366,0.7852,3.1416,-4703.3379,-28635.6582,25.7901,1
-4703.1636,-28634.3926,24.9425,-5252.6045,-28084.4688,21.9606,-4699.6289,-28633.9746,24.5375,779.5768,-0.0005,0.0012,-3.1367,0.7852,3.1416,-4703.2183,-28635.5293,25.7691,1
-4703.1636,-28634.3926,24.9425,-5252.6050,-28084.4688,21.9607,-4701.9272,-28641.7227,22.1714,783.4372,0.0009,0.0007,-3.1368,0.7852,3.1416,-4703.1650,-28635.6484,25.6693,1
-4703.1636,-28634.3926,24.9425,-5252.6050,-28084.4688,21.9609,-4708.2573,-28631.4922,29.3883,771.7463,0.0004,0.0022,-3.1369,0.7852,3.1416,-4703.3140,-28635.4551,25.7934,1
-4703.1636,-28634.3926,24.9425,-5252.6050,-28084.4668,21.9611,-4703.6099,-28632.3281,27.1014,775.6067,-0.0002,0.0017,-3.1371,0.7852,3.1416,-4703.3237,-28635.2832,25.8509,1
-4703.1636,-28634.3926,24.9425,-5252.6050,-28084.4668,21.9612,-4706.6592,-28629.8691,26.7279,771.7089,-0.0001,0.0016,-3.1372,0.7852,3.1416,-4703.4326,-28635.0273,25.8984,1
-4703.1636,-28634.3926,24.9425,-5252.6055,-28084.4668,21.9614,-4701.2412,-28640.8867,22.4715,783.3279,0.0007,0.0007,-3.1374,0.7852,3.1416,-4703.3745,-28635.1191,25.8107,1
-4703.1636,-28634.3926,24.9425,-5252.6055,-28084.4668,21.9616,-4707.5845,-28630.6660,29.3897,771.6383,0.0001,0.0021,-3.1375,0.7852,3.1416,-4703.5156,-28634.8984,25.9375,1
-4703.1636,-28634.3926,24.9425,-5252.6060,-28084.4668,21.9618,-4702.9370,-28631.4980,27.0985,775.4987,-0.0004,0.0016,-3.1377,0.7852,3.1416,-4703.5146,-28634.6992,25.9968,1
-4703.1636,-28634.3926,24.9425,-5252.6060,-28084.4668,21.9620,-4697.4673,-28638.9707,29.2656,784.6637,-0.0001,0.0020,-3.1378,0.7852,3.1416,-4703.3374,-28634.7383,26.1261,1
-4703.1636,-28634.3926,24.9425,-5252.6060,-28084.4668,21.9621,-4698.6831,-28639.7070,26.2082,784.3040,0.0002,0.0013,-3.1379,0.7852,3.1416,-4703.1860,-28634.8125,26.1637,1
-4703.1636,-28634.3926,24.9425,-5252.6064,-28084.4668,21.9622,-4706.9131,-28629.8418,29.3306,771.5305,-0.0001,0.0020,-3.1380,0.7852,3.1416,-4703.2896,-28634.5840,26.3011,1
-4703.1636,-28634.3926,24.9425,-5252.6064,-28084.4668,21.9623,-4702.2637,-28630.6680,26.9876,775.3909,-0.0006,0.0015,-3.1381,0.7852,3.1416,-4703.2510,-28634.3750,26.3674,1
-4703.1636,-28634.3926,24.9425,-5252.6064,-28084.4668,21.9624,-4697.7573,-28638.8613,22.0018,784.3527,-0.0001,0.0005,-3.1382,0.7852,3.1416,-4703.0669,-28634.4238,26.2740,1
-4703.1636,-28634.3926,24.9425,-5252.6064,-28084.4668,21.9624,-4699.8711,-28639.2188,22.1864,783.1121,0.0003,0.0005,-3.1382,0.7852,3.1416,-4702.9395,-28634.4980,26.1753,1
-4703.1636,-28634.3926,24.9425,-5252.6069,-28084.4668,21.9625,-4706.2427,-28629.0176,29.2602,771.4222,-0.0003,0.0019,-3.1382,0.7852,3.1416,-4703.0117,-28634.2578,26.2939,1
-4703.1636,-28634.3926,24.9425,-5252.6069,-28084.4668,21.9625,-4701.5923,-28629.8379,26.8627,775.2826,-0.0009,0.0014,-3.1382,0.7852,3.1416,-4702.9414,-28634.0371,26.3403,1
-4703.1636,-28634.3926,24.9425,-5252.6069,-28084.4668,21.9625,-4703.8423,-28637.5684,24.4308,779.1434,0.0006,0.0009,-3.1382,0.7852,3.1416,-4702.9424,-28634.0586,26.3085,1
-4703.1636,-28634.3926,24.9425,-5252.6069,-28084.4668,21.9625,-4699.1880,-28638.3848,21.9654,783.0038,0.0000,0.0004,-3.1382,0.7852,3.1416,-4702.7974,-28634.1172,26.1930,1
-4703.1636,-28634.3926,24.9425,-5252.6069,-28084.4668,21.9624,-4705.5732,-28628.1914,29.2080,771.3132,-0.0005,0.0019,-3.1382,0.7852,3.1416,-4702.8506,-28633.8594,26.3002,1
-4703.1636,-28634.3926,24.9425,-5252.6069,-28084.4668,21.9624,-4707.8086,-28635.8945,26.7797,775.1736,0.0009,0.0014,-3.1382,0.7852,3.1416,-4702.9834,-28633.8418,26.3344,1
-4703.1636,-28634.3926,24.9425,-5252.6069,-28084.4668,21.9623,-4703.1606,-28636.7383,24.3224,779.0345,0.0004,0.0009,-3.1381,0.7852,3.1416,-4702.9775,-28633.8594,26.2899,1
-4703.1636,-28634.3926,24.9425,-5252.6069,-28084.4668,21.9623,-4698.5059,-28637.5488,21.8385,782.8949,-0.0002,0.0004,-3.1381,0.7852,3.1416,-4702.8242,-28633.9121,26.1612,1
-4703.1636,-28634.3926,24.9425,-5252.6064,-28084.4668,21.9622,-4709.4136,-28631.5645,21.4596,770.9557,0.0005,0.0004,-3.1381,0.7852,3.1416,-4703.0137,-28633.7832,26.0084,1
-4703.1636,-28634.3926,24.9425,-5252.6064,-28084.4668,21.9622,-4707.1294,-28635.0703,26.7482,775.0643,0.0007,0.0015,-3.1380,0.7852,3.1416,-4703.1431,-28633.7656,26.0170,1
-4703.1636,-28634.3926,24.9425,-5252.6064,-28084.4668,21.9622,-4702.4810,-28635.9062,24.2903,778.9252,0.0002,0.0010,-3.1380,0.7852,3.1416,-4703.1313,-28633.7793,25.9489,1
-4703.1636,-28634.3926,24.9425,-5252.6064,-28084.4668,21.9621,-4697.8252,-28636.7109,21.8102,782.7855,-0.0004,0.0005,-3.1379,0.7852,3.1416,-4702.9692,-28633.8242,25.7989,1
-4703.1636,-28634.3926,24.9425,-5252.6064,-28084.4668,21.9621,-4704.2397,-28626.5352,29.1758,771.0944,-0.0010,0.0020,-3.1379,0.7852,3.1416,-4703.0015,-28633.5508,25.8780,1
-4703.1636,-28634.3926,24.9425,-5252.6064,-28084.4668,21.9620,-4706.4526,-28634.2441,26.7515,774.9548,0.0005,0.0015,-3.1379,0.7852,3.1416,-4703.1074,-28633.5117,25.8867,1
-4703.1636,-28634.3926,24.9425,-5252.6064,-28084.4668,21.9620,-4701.8027,-28635.0742,24.3062,778.8156,-0.0001,0.0010,-3.1379,0.7852,3.1416,-4703.0713,-28633.5059,25.8196,1
-4703.1636,-28634.3926,24.9425,-5252.6064,-28084.4668,21.9620,-4697.1465,-28635.8730,21.8399,782.6761,-0.0006,0.0005,-3.1378,0.7852,3.1416,-4702.8838,-28633.5293,25.6713,1
-4703.1636,-28634.3926,24.9425,-5252.6064,-28084.4668,21.9620,-4710.4194,-28632.5625,29.1758,770.9850,0.0008,0.0020,-3.1378,0.7852,3.1416,-4703.1113,-28633.4551,25.7518,1
-4703.1636,-28634.3926,24.9425,-5252.6064,-28084.4668,21.9620,-4705.7769,-28633.4180,26.7658,774.8453,0.0003,0.0015,-3.1378,0.7852,3.1416,-4703.2046,-28633.4062,25.7628,1
-4703.1636,-28634.3926,24.9425,-5252.6064,-28084.4668,21.9620,-4705.5435,-28628.0059,26.4368,771.1843,-0.0005,0.0014,-3.1378,0.7852,3.1416,-4703.2959,-28633.1855,25.7664,1
-4703.1636,-28634.3926,24.9425,-5252.6064,-28084.4668,21.9620,-4696.4688,-28635.0332,21.8815,782.5666,-0.0008,0.0005,-3.1378,0.7852,3.1416,-4703.1006,-28633.1836,25.6264,1
-4703.1636,-28634.3926,24.9425,-5252.6064,-28084.4668,21.9620,-4702.5674,-28640.7598,27.3449,782.3207,0.0009,0.0016,-3.1378,0.7852,3.1416,-4703.0845,-28633.3691,25.6536,1
-4703.1636,-28634.3926,24.9425,-5252.6064,-28084.4668,21.9620,-4705.1021,-28632.5898,26.7734,774.7361,0.0001,0.0015,-3.1378,0.7852,3.1416,-4703.1494,-28633.3125,25.6677,1
-4703.1636,-28634.3926,24.9425,-5252.6064,-28084.4668,21.9620,-4700.4507,-28633.4082,24.3508,778.5970,-0.0005,0.0010,-3.1378,0.7852,3.1416,-4703.0684,-28633.2832,25.6072,1
-4703.1636,-28634.3926,24.9425,-5252.6064,-28084.4668,21.9620,-4702.7446,-28641.1484,21.9054,782.4573,0.0009,0.0005,-3.1378,0.7852,3.1416,-4703.0552,-28633.5020,25.4668,1
-4703.1636,-28634.3926,24.9425,-5252.6064,-28084.4668,21.9620,-4709.0732,-28630.9199,29.1642,770.7666,0.0004,0.0020,-3.1379,0.7852,3.1416,-4703.2471,-28633.4102,25.5535,1
-4703.1636,-28634.3926,24.9425,-5252.6064,-28084.4668,21.9620,-4704.4282,-28631.7617,26.7682,774.6270,-0.0002,0.0015,-3.1379,0.7852,3.1416,-4703.3003,-28633.3418,25.5715,1
-4703.1636,-28634.3926,24.9425,-5252.6064,-28084.4668,21.9620,-4699.7764,-28632.5742,24.3482,778.4878,-0.0007,0.0010,-3.1379,0.7852,3.1416,-4703.2061,-28633.2949,25.5151,1
-4703.1636,-28634.3926,24.9425,-5252.6064,-28084.4668,21.9620,-4702.0591,-28640.3164,21.9036,782.3483,0.0007,0.0005,-3.1379,0.7852,3.1416,-4703.1768,-28633.4961,25.3790,1
-4703.1636,-28634.3926,24.9425,-5252.6064,-28084.4668,21.9621,-4708.4019,-28630.0977,29.1499,770.6575,0.0002,0.0020,-3.1379,0.7852,3.1416,-4703.3506,-28633.3867,25.4697,1
-4703.1636,-28634.3926,24.9425,-5252.6064,-28084.4668,21.9621,-4703.7563,-28630.9336,26.7529,774.5179,-0.0004,0.0015,-3.1379,0.7852,3.1416,-4703.3838,-28633.2949,25.4918,1
-4703.1636,-28634.3926,24.9425,-5252.6064,-28084.4668,21.9621,-4699.1030,-28631.7383,24.3308,778.3788,-0.0009,0.0010,-3.1379,0.7852,3.1416,-4703.2676,-28633.2266,25.4394,1
-4703.1636,-28634.3926,24.9425,-5252.6064,-28084.4668,21.9621,-4701.3745,-28639.4844,21.8837,782.2391,0.0005,0.0005,-3.1379,0.7852,3.1416,-4703.2148,-28633.4023,25.3073,1
-4703.1636,-28634.3926,24.9425,-5252.6064,-28084.4668,21.9621,-4707.7314,-28629.2734,29.1327,770.5484,-0.0000,0.0020,-3.1379,0.7852,3.1416,-4703.3633,-28633.2637,25.4022,1
-4703.1636,-28634.3926,24.9425,-5252.6064,-28084.4668,21.9621,-4703.0850,-28630.1035,26.7327,774.4088,-0.0006,0.0015,-3.1379,0.7852,3.1416,-4703.3701,-28633.1445,25.4283,1
-4703.1636,-28634.3926,24.9425,-5252.6064,-28084.4668,21.9621,-4705.3418,-28637.8242,24.3075,778.2697,0.0008,0.0010,-3.1379,0.7852,3.1416,-4703.4482,-28633.2695,25.3798,1
-4703.1636,-28634.3926,24.9425,-5252.6064,-28084.4668,21.9621,-4700.6914,-28638.6504,21.8572,782.1300,0.0003,0.0005,-3.1379,0.7852,3.1416,-4703.3809,-28633.4297,25.2515,1
-4703.1636,-28634.3926,24.9425,-5252.6064,-28084.4668,21.9621,-4707.0625,-28628.4492,29.1157,770.4393,-0.0003,0.0020,-3.1379,0.7852,3.1416,-4703.5122,-28633.2734,25.3504,1
-4703.1636,-28634.3926,24.9425,-5252.6064,-28084.4668,21.9621,-4702.4155,-28629.2734,26.7130,774.2997,-0.0008,0.0015,-3.1379,0.7852,3.1416,-4703.5000,-28633.1328,25.3804,1
-4703.1636,-28634.3926,24.9425,-5252.6064,-28084.4668,21.9621,-4704.6606,-28636.9961,24.2854,778.1605,0.0006,0.0010,-3.1379,0.7852,3.1416,-4703.5571,-28633.2344,25.3357,1
-4703.1636,-28634.3926,24.9425,-5252.6064,-28084.4668,21.9621,-4700.0098,-28637.8164,21.8331,782.0210,0.0001,0.0005,-3.1379,0.7852,3.1416,-4703.4668,-28633.3711,25.2109,1
-4703.1636,-28634.3926,24.9425,-5252.6064,-28084.4668,21.9621,-4700.0840,-28630.7793,28.7470,777.0296,-0.0009,0.0019,-3.1379,0.7852,3.1416,-4703.3696,-28633.2910,25.3012,1
-4703.1636,-28634.3926,24.9425,-5252.6064,-28084.4668,21.9621,-4708.6260,-28635.3223,26.6963,774.1906,0.0010,0.0015,-3.1379,0.7852,3.1416,-4703.5405,-28633.3516,25.3341,1
-4703.1636,-28634.3926,24.9425,-5252.6064,-28084.4668,21.9621,-4707.6167,-28628.4434,26.5813,770.0255,-0.0002,0.0014,-3.1379,0.7852,3.1416,-4703.6899,-28633.1953,25.3669,1
-4703.1636,-28634.3926,24.9425,-5252.6064,-28084.4668,21.9621,-4699.3291,-28636.9824,21.8151,781.9118,-0.0001,0.0005,-3.1379,0.7852,3.1416,-4703.5806,-28633.3027,25.2497,1
-4703.1636,-28634.3926,24.9425,-5252.6064,-28084.4668,21.9621,-4705.7285,-28626.7988,29.0856,770.2210,-0.0007,0.0020,-3.1379,0.7852,3.1416,-4703.6665,-28633.0898,25.3597,1
-4703.1636,-28634.3926,24.9425,-5252.6064,-28084.4668,21.9621,-4707.9482,-28634.4980,26.6821,774.0814,0.0007,0.0015,-3.1379,0.7852,3.1416,-4703.8276,-28633.1133,25.4001,1
-4703.1636,-28634.3926,24.9425,-5252.6064,-28084.4668,21.9621,-4703.3022,-28635.3379,24.2543,777.9422,0.0002,0.0010,-3.1379,0.7852,3.1416,-4703.8462,-28633.1680,25.3651,1
-4703.1636,-28634.3926,24.9425,-5252.6064,-28084.4668,21.9621,-4698.6499,-28636.1465,21.8023,781.8026,-0.0004,0.0005,-3.1379,0.7852,3.1416,-4703.7139,-28633.2520,25.2494,1
-4703.1636,-28634.3926,24.9425,-5252.6064,-28084.4668,21.9621,-4705.0635,-28625.9727,29.0724,770.1118,-0.0009,0.0020,-3.1379,0.7852,3.1416,-4703.7744,-28633.0156,25.3608,1
-4703.1636,-28634.3926,24.9425,-5252.6064,-28084.4668,21.9621,-4707.2720,-28633.6738,26.6700,773.9722,0.0005,0.0015,-3.1379,0.7852,3.1416,-4703.9087,-28633.0137,25.4025,1
-4703.1636,-28634.3926,24.9425,-5252.6064,-28084.4668,21.9621,-4702.5137,-28633.7246,28.2120,777.3784,-0.0002,0.0018,-3.1379,0.7852,3.1416,-4703.8955,-28633.0156,25.4964,1
-4703.1636,-28634.3926,24.9425,-5252.6064,-28084.4668,21.9621,-4697.9717,-28635.3086,21.7923,781.6935,-0.0006,0.0005,-3.1379,0.7852,3.1416,-4703.7334,-28633.0703,25.3901,1
-4703.1636,-28634.3926,24.9425,-5252.6064,-28084.4668,21.9621,-4711.2368,-28631.9902,29.0595,770.0026,0.0009,0.0020,-3.1379,0.7852,3.1416,-4703.9854,-28633.0234,25.5099,1
-4703.1636,-28634.3926,24.9425,-5252.6064,-28084.4668,21.9621,-4702.3955,-28637.2910,29.3042,779.9944,0.0003,0.0020,-3.1379,0.7852,3.1416,-4703.9658,-28633.1445,25.6436,1
-4703.1636,-28634.3926,24.9425,-5252.6064,-28084.4668,21.9621,-4701.9492,-28633.6758,24.2320,777.7239,-0.0002,0.0010,-3.1379,0.7852,3.1416,-4703.9277,-28633.1602,25.6220,1
-4703.1636,-28634.3926,24.9425,-5252.6064,-28084.4668,21.9621,-4705.0308,-28627.7637,20.2413,771.3708,-0.0007,0.0001,-3.1379,0.7852,3.1416,-4703.9829,-28632.9863,25.4666,1
-4703.1636,-28634.3926,24.9425,-5252.6064,-28084.4668,21.9621,-4710.5640,-28631.1699,29.0463,769.8934,0.0006,0.0020,-3.1379,0.7852,3.1416,-4704.2197,-28632.9102,25.5848,1
-4703.1636,-28634.3926,24.9425,-5252.6064,-28084.4668,21.9621,-4705.9229,-28632.0234,26.6455,773.7538,0.0001,0.0015,-3.1379,0.7852,3.1416,-4704.3184,-28632.8594,25.6322,1
-4703.1636,-28634.3926,24.9425,-5252.6064,-28084.4668,21.9621,-4704.8809,-28631.3242,21.2974,773.9869,-0.0002,0.0004,-3.1379,0.7852,3.1416,-4704.3843,-28632.7871,25.5084,1
-4703.1636,-28634.3926,24.9425,-5252.6064,-28084.4668,21.9621,-4703.5645,-28640.5762,21.7713,781.4752,0.0010,0.0005,-3.1379,0.7852,3.1416,-4704.4077,-28633.0059,25.3914,1
-4703.1636,-28634.3926,24.9425,-5252.6064,-28084.4668,21.9621,-4698.9277,-28641.3789,29.1654,785.3359,0.0004,0.0019,-3.1379,0.7852,3.1416,-4704.2793,-28633.2695,25.5024,1
-4703.1636,-28634.3926,24.9425,-5252.6064,-28084.4668,21.9621,-4705.2500,-28631.1953,26.6321,773.6447,-0.0001,0.0014,-3.1379,0.7852,3.1416,-4704.3394,-28633.2227,25.5415,1
-4703.1636,-28634.3926,24.9425,-5252.6064,-28084.4668,21.9621,-4700.6011,-28632.0117,24.2073,777.5056,-0.0007,0.0009,-3.1379,0.7852,3.1416,-4704.2500,-28633.1992,25.5048,1
-4703.1636,-28634.3926,24.9425,-5252.6064,-28084.4668,21.9621,-4702.8794,-28639.7461,21.7585,781.3660,0.0008,0.0004,-3.1379,0.7852,3.1416,-4704.2256,-28633.4199,25.3868,1
-4703.1636,-28634.3926,24.9425,-5252.6064,-28084.4668,21.9621,-4698.2422,-28640.5410,29.1509,785.2267,0.0002,0.0019,-3.1379,0.7852,3.1416,-4704.0498,-28633.6758,25.4970,1
-4703.1636,-28634.3926,24.9425,-5252.6064,-28084.4668,21.9621,-4704.5786,-28630.3691,26.6182,773.5355,-0.0003,0.0014,-3.1379,0.7852,3.1416,-4704.0630,-28633.6211,25.5352,1
-4703.1636,-28634.3926,24.9425,-5252.6064,-28084.4668,21.9621,-4706.5776,-28634.9082,21.7390,775.3257,0.0006,0.0004,-3.1379,0.7852,3.1416,-4704.1416,-28633.7051,25.4183,1
-4703.1636,-28634.3926,24.9425,-5252.6064,-28084.4668,21.9621,-4702.1963,-28638.9160,21.7447,781.2568,0.0005,0.0004,-3.1379,0.7852,3.1416,-4704.0850,-28633.9160,25.2943,1
-4703.1636,-28634.3926,24.9425,-5252.6064,-28084.4668,21.9621,-4697.5576,-28639.7051,29.1365,785.1177,-0.0000,0.0019,-3.1379,0.7852,3.1416,-4703.8770,-28634.1602,25.3989,1
-4703.1636,-28634.3926,24.9425,-5252.6064,-28084.4668,21.9621,-4703.9087,-28629.5391,26.6042,773.4264,-0.0006,0.0014,-3.1379,0.7852,3.1416,-4703.8574,-28634.0898,25.4322,1
-4703.1636,-28634.3926,24.9425,-5252.6064,-28084.4668,21.9621,-4697.4512,-28638.6855,25.5887,784.4513,-0.0002,0.0012,-3.1379,0.7852,3.1416,-4703.6328,-28634.2969,25.4354,1
-4703.1636,-28634.3926,24.9425,-5252.6064,-28084.4668,21.9621,-4701.5137,-28638.0840,21.7309,781.1476,0.0003,0.0004,-3.1379,0.7852,3.1416,-4703.5254,-28634.4941,25.3156,1
-4703.1636,-28634.3926,24.9425,-5252.6064,-28084.4668,21.9621,-4696.8745,-28638.8672,29.1222,785.0085,-0.0002,0.0019,-3.1379,0.7852,3.1416,-4703.2681,-28634.7188,25.4240,1
-4703.1636,-28634.3926,24.9425,-5252.6064,-28084.4668,21.9621,-4703.2397,-28628.7109,26.5903,773.3172,-0.0008,0.0014,-3.1379,0.7852,3.1416,-4703.2012,-28634.6230,25.4609,1
-4703.1636,-28634.3926,24.9425,-5252.6064,-28084.4668,21.9621,-4705.4810,-28636.4258,24.1660,777.1780,0.0007,0.0009,-3.1379,0.7852,3.1416,-4703.2100,-28634.7598,25.4221,1
-4703.1636,-28634.3926,24.9425,-5252.6064,-28084.4668,21.9621,-4700.8330,-28637.2500,21.7173,781.0385,0.0001,0.0004,-3.1379,0.7852,3.1416,-4703.0767,-28634.9219,25.3022,1
-4703.1636,-28634.3926,24.9425,-5252.6064,-28084.4668,21.9621,-4696.1929,-28638.0273,29.1080,784.8993,-0.0004,0.0019,-3.1379,0.7852,3.1416,-4702.7939,-28635.1094,25.4107,1
-4703.1636,-28634.3926,24.9425,-5252.6064,-28084.4668,21.9621,-4702.5718,-28627.8809,26.5766,773.2080,-0.0010,0.0014,-3.1379,0.7852,3.1416,-4702.7031,-28634.9746,25.4476,1
-4703.1636,-28634.3926,24.9425,-5252.6064,-28084.4668,21.9621,-4704.8018,-28635.5996,24.1525,777.0689,0.0005,0.0009,-3.1379,0.7852,3.1416,-4702.6870,-28635.0684,25.4088,1
-4703.1636,-28634.3926,24.9425,-5252.6064,-28084.4668,21.9621,-4700.1533,-28636.4160,21.7041,780.9293,-0.0001,0.0004,-3.1379,0.7852,3.1416,-4702.5303,-28635.1855,25.2889,1
-4703.1636,-28634.3926,24.9425,-5252.6064,-28084.4668,21.9621,-4695.5122,-28637.1875,29.0938,784.7902,-0.0007,0.0019,-3.1379,0.7852,3.1416,-4702.2236,-28635.3281,25.3974,1
-4703.1636,-28634.3926,24.9425,-5252.6064,-28084.4668,21.9621,-4708.7671,-28633.9277,26.5631,773.0989,0.0008,0.0014,-3.1379,0.7852,3.1416,-4702.3320,-28635.3652,25.4343,1
-4703.1636,-28634.3926,24.9425,-5252.6064,-28084.4668,21.9621,-4704.1240,-28634.7695,24.1391,776.9598,0.0002,0.0009,-3.1379,0.7852,3.1416,-4702.3086,-28635.4238,25.3955,1
-4703.1636,-28634.3926,24.9425,-5252.6064,-28084.4668,21.9621,-4699.4746,-28635.5820,21.6910,780.8202,-0.0003,0.0004,-3.1379,0.7852,3.1416,-4702.1431,-28635.5039,25.2757,1
-4703.1636,-28634.3926,24.9425,-5252.6064,-28084.4668,21.9621,-4694.8330,-28636.3477,29.0798,784.6810,-0.0009,0.0019,-3.1379,0.7852,3.1416,-4701.8276,-28635.6055,25.3842,1
-4703.1636,-28634.3926,24.9425,-5252.6064,-28084.4668,21.9621,-4700.8994,-28638.6445,21.1188,781.9800,0.0003,0.0003,-3.1379,0.7852,3.1416,-4701.6938,-28635.7793,25.2471,1
-4703.1636,-28634.3926,24.9425,-5252.6064,-28084.4668,21.9621,-4703.4478,-28633.9414,24.1259,776.8506,0.0000,0.0009,-3.1379,0.7852,3.1416,-4701.6450,-28635.8047,25.1970,1
-4703.1636,-28634.3926,24.9425,-5252.6064,-28084.4668,21.9621,-4698.7974,-28634.7461,21.6781,780.7110,-0.0005,0.0004,-3.1379,0.7852,3.1416,-4701.4551,-28635.8477,25.0671,1
-4703.1636,-28634.3926,24.9425,-5252.6064,-28084.4668,21.9621,-4701.1230,-28642.4805,29.0657,784.5719,0.0009,0.0019,-3.1379,0.7852,3.1416,-4701.3384,-28636.1328,25.1666,1
-4703.1636,-28634.3926,24.9425,-5252.6064,-28084.4668,21.9621,-4707.4170,-28632.2793,26.5359,772.8806,0.0004,0.0014,-3.1379,0.7852,3.1416,-4701.4292,-28636.0996,25.1956,1
-4703.1636,-28634.3926,24.9425,-5252.6064,-28084.4668,21.9621,-4703.6753,-28634.9004,29.1295,777.3964,0.0002,0.0020,-3.1379,0.7852,3.1416,-4701.4160,-28636.1406,25.3114,1
-4703.1636,-28634.3926,24.9425,-5252.6064,-28084.4668,21.9621,-4698.1211,-28633.9102,21.6651,780.6018,-0.0008,0.0004,-3.1379,0.7852,3.1416,-4701.2334,-28636.1445,25.1962,1
-4703.1636,-28634.3926,24.9425,-5252.6064,-28084.4668,21.9621,-4700.4355,-28641.6465,29.0515,784.4627,0.0007,0.0019,-3.1379,0.7852,3.1416,-4701.1216,-28636.3867,25.3094,1
-4703.1636,-28634.3926,24.9425,-5252.6064,-28084.4668,21.9621,-4706.7441,-28631.4551,26.5222,772.7714,0.0001,0.0014,-3.1379,0.7852,3.1416,-4701.2158,-28636.3105,25.3509,1
-4703.1636,-28634.3926,24.9425,-5252.6064,-28084.4668,21.9621,-4702.0986,-28632.2793,24.0993,776.6323,-0.0004,0.0009,-3.1379,0.7852,3.1416,-4701.1753,-28636.2461,25.3167,1
-4703.1636,-28634.3926,24.9425,-5252.6064,-28084.4668,21.9621,-4697.4468,-28633.0723,21.6520,780.4927,-0.0010,0.0004,-3.1379,0.7852,3.1416,-4700.9902,-28636.1973,25.2015,1
-4703.1636,-28634.3926,24.9425,-5252.6064,-28084.4668,21.9621,-4699.7495,-28640.8105,29.0373,784.3535,0.0005,0.0019,-3.1379,0.7852,3.1416,-4700.8750,-28636.3867,25.3144,1
-4703.1636,-28634.3926,24.9425,-5252.6064,-28084.4668,21.9621,-4706.0723,-28630.6289,26.5086,772.6623,-0.0001,0.0014,-3.1379,0.7852,3.1416,-4700.9644,-28636.2559,25.3558,1
-4703.1636,-28634.3926,24.9425,-5252.6064,-28084.4668,21.9621,-4701.4258,-28631.4473,24.0859,776.5231,-0.0006,0.0009,-3.1379,0.7852,3.1416,-4700.9175,-28636.1387,25.3213,1
-4703.1636,-28634.3926,24.9425,-5252.6064,-28084.4668,21.9621,-4703.7007,-28639.1758,21.6392,780.3835,0.0008,0.0004,-3.1379,0.7852,3.1416,-4700.9473,-28636.2578,25.2056,1
-4703.1636,-28634.3926,24.9425,-5252.6064,-28084.4668,21.9621,-4704.3525,-28638.5781,26.4737,779.5089,0.0008,0.0014,-3.1379,0.7852,3.1416,-4701.0068,-28636.3633,25.2372,1
-4703.1636,-28634.3926,24.9425,-5252.6064,-28084.4668,21.9621,-4705.4019,-28629.8027,26.4950,772.5531,-0.0003,0.0014,-3.1379,0.7852,3.1416,-4701.1104,-28636.1895,25.2728,1
-4703.1636,-28634.3926,24.9425,-5252.6064,-28084.4668,21.9621,-4700.7544,-28630.6152,24.0726,776.4140,-0.0009,0.0009,-3.1379,0.7852,3.1416,-4701.0747,-28636.0254,25.2332,1
-4703.1636,-28634.3926,24.9425,-5252.6064,-28084.4668,21.9621,-4703.0176,-28638.3457,21.6261,780.2744,0.0006,0.0004,-3.1379,0.7852,3.1416,-4701.1118,-28636.0996,25.1128,1
-4703.1636,-28634.3926,24.9425,-5252.6064,-28084.4668,21.9621,-4698.3809,-28639.1406,29.0090,784.1352,0.0000,0.0019,-3.1379,0.7852,3.1416,-4701.0059,-28636.2031,25.2211,1
-4703.1636,-28634.3926,24.9425,-5252.6064,-28084.4668,21.9621,-4704.7324,-28628.9766,26.4813,772.4439,-0.0005,0.0014,-3.1379,0.7852,3.1416,-4701.0996,-28635.9844,25.2583,1
-4703.1636,-28634.3926,24.9425,-5252.6064,-28084.4668,21.9621,-4706.9805,-28636.6816,24.0595,776.3048,0.0009,0.0009,-3.1379,0.7852,3.1416,-4701.2739,-28636.0000,25.2200,1
-4703.1636,-28634.3926,24.9425,-5252.6064,-28084.4668,21.9621,-4702.3364,-28637.5156,21.6133,780.1652,0.0004,0.0004,-3.1379,0.7852,3.1416,-4701.3115,-28636.0430,25.1010,1
-4703.1636,-28634.3926,24.9425,-5252.6064,-28084.4668,21.9621,-4697.6987,-28638.3027,28.9951,784.0260,-0.0002,0.0019,-3.1379,0.7852,3.1416,-4701.2031,-28636.1152,25.2106,1
-4703.1636,-28634.3926,24.9425,-5252.6064,-28084.4668,21.9621,-4704.0645,-28628.1484,26.4680,772.3348,-0.0007,0.0014,-3.1379,0.7852,3.1416,-4701.2915,-28635.8633,25.2490,1
-4703.1636,-28634.3926,24.9425,-5252.6064,-28084.4668,21.9621,-4706.3013,-28635.8574,24.0464,776.1957,0.0007,0.0009,-3.1379,0.7852,3.1416,-4701.4575,-28635.8457,25.2119,1
-4703.1636,-28634.3926,24.9425,-5252.6064,-28084.4668,21.9621,-4701.6562,-28636.6836,21.6002,780.0560,0.0002,0.0004,-3.1379,0.7852,3.1416,-4701.4839,-28635.8535,25.0940,1
-4703.1636,-28634.3926,24.9425,-5252.6064,-28084.4668,21.9621,-4697.0176,-28637.4648,28.9810,783.9169,-0.0004,0.0019,-3.1379,0.7852,3.1416,-4701.3623,-28635.8906,25.2046,1
-4703.1636,-28634.3926,24.9425,-5252.6064,-28084.4668,21.9621,-4703.3975,-28627.3184,26.4544,772.2256,-0.0010,0.0014,-3.1379,0.7852,3.1416,-4701.4346,-28635.6016,25.2440,1
-4703.1636,-28634.3926,24.9425,-5252.6064,-28084.4668,21.9621,-4700.7378,-28634.9160,26.7654,779.4670,-0.0002,0.0015,-3.1379,0.7852,3.1416,-4701.4248,-28635.5430,25.2956,1
-4703.1636,-28634.3926,24.9425,-5252.6064,-28084.4668,21.9621,-4698.4707,-28640.7910,23.6998,785.2144,0.0003,0.0008,-3.1379,0.7852,3.1416,-4701.3413,-28635.6719,25.2522,1
-4703.1636,-28634.3926,24.9425,-5252.6064,-28084.4668,21.9621,-4696.3379,-28636.6270,28.9668,783.8077,-0.0006,0.0019,-3.1379,0.7852,3.1416,-4701.1831,-28635.6816,25.3732,1
-4703.1636,-28634.3926,24.9425,-5252.6064,-28084.4668,21.9621,-4709.5864,-28633.3574,26.4410,772.1165,0.0008,0.0014,-3.1379,0.7852,3.1416,-4701.4409,-28635.5879,25.4216,1
-4703.1636,-28634.3926,24.9425,-5252.6064,-28084.4668,21.9621,-4700.7300,-28635.1895,23.0986,779.6541,-0.0002,0.0007,-3.1379,0.7852,3.1416,-4701.4302,-28635.5488,25.3642,1
-4703.1636,-28634.3926,24.9425,-5252.6064,-28084.4668,21.9621,-4700.2993,-28635.0176,21.5741,779.8377,-0.0003,0.0004,-3.1379,0.7852,3.1416,-4701.4038,-28635.5059,25.2523,1
-4703.1636,-28634.3926,24.9425,-5252.6064,-28084.4668,21.9621,-4695.6592,-28635.7871,28.9527,783.6985,-0.0008,0.0019,-3.1379,0.7852,3.1416,-4701.2271,-28635.4863,25.3681,1
-4703.1636,-28634.3926,24.9425,-5252.6064,-28084.4668,21.9621,-4708.9116,-28632.5352,26.4274,772.0073,0.0006,0.0014,-3.1379,0.7852,3.1416,-4701.4644,-28635.3633,25.4116,1
-4703.1636,-28634.3926,24.9425,-5252.6064,-28084.4668,21.9621,-4704.2705,-28633.3750,24.0063,775.8682,0.0001,0.0009,-3.1379,0.7852,3.1416,-4701.5674,-28635.2656,25.3787,1
-4703.1636,-28634.3926,24.9425,-5252.6064,-28084.4668,21.9621,-4699.6230,-28634.1836,21.5610,779.7285,-0.0005,0.0004,-3.1379,0.7852,3.1416,-4701.5264,-28635.1895,25.2641,1
-4703.1636,-28634.3926,24.9425,-5252.6064,-28084.4668,21.9621,-4701.9434,-28641.9102,28.9388,783.5895,0.0009,0.0019,-3.1379,0.7852,3.1416,-4701.5547,-28635.3594,25.3773,1
-4703.1636,-28634.3926,24.9425,-5252.6064,-28084.4668,21.9621,-4708.2378,-28631.7109,26.4138,771.8981,0.0004,0.0014,-3.1379,0.7852,3.1416,-4701.7871,-28635.2188,25.4181,1
-4703.1636,-28634.3926,24.9425,-5252.6064,-28084.4668,21.9621,-4703.5962,-28632.5449,23.9930,775.7590,-0.0002,0.0009,-3.1379,0.7852,3.1416,-4701.8823,-28635.0977,25.3827,1
-4703.1636,-28634.3926,24.9425,-5252.6064,-28084.4668,21.9621,-4698.9478,-28633.3477,21.5480,779.6194,-0.0007,0.0004,-3.1379,0.7852,3.1416,-4701.8301,-28635.0000,25.2656,1
-4703.1636,-28634.3926,24.9425,-5252.6064,-28084.4668,21.9621,-4701.2568,-28641.0781,28.9246,783.4803,0.0007,0.0019,-3.1379,0.7852,3.1416,-4701.8438,-28635.1484,25.3762,1
-4703.1636,-28634.3926,24.9425,-5252.6064,-28084.4668,21.9621,-4707.5659,-28630.8887,26.4002,771.7890,0.0002,0.0014,-3.1379,0.7852,3.1416,-4702.0596,-28634.9824,25.4146,1
-4703.1636,-28634.3926,24.9425,-5252.6064,-28084.4668,21.9621,-4702.9229,-28631.7168,23.9797,775.6499,-0.0004,0.0009,-3.1379,0.7852,3.1416,-4702.1348,-28634.8379,25.3768,1
-4703.1636,-28634.3926,24.9425,-5252.6064,-28084.4668,21.9621,-4698.2734,-28632.5117,21.5350,779.5103,-0.0009,0.0004,-3.1379,0.7852,3.1416,-4702.0605,-28634.7129,25.2574,1
-4703.1636,-28634.3926,24.9425,-5252.6064,-28084.4668,21.9621,-4700.5713,-28640.2441,28.9104,783.3712,0.0005,0.0019,-3.1379,0.7852,3.1416,-4702.0503,-28634.8340,25.3658,1
-4703.1636,-28634.3926,24.9425,-5252.6064,-28084.4668,21.9621,-4706.8945,-28630.0645,26.3866,771.6803,-0.0000,0.0014,-3.1379,0.7852,3.1416,-4702.2393,-28634.6406,25.4021,1
-4703.1636,-28634.3926,24.9425,-5252.6064,-28084.4668,21.9621,-4702.2510,-28630.8848,23.9664,775.5407,-0.0006,0.0009,-3.1379,0.7852,3.1416,-4702.2861,-28634.4668,25.3622,1
-4703.1636,-28634.3926,24.9425,-5252.6064,-28084.4668,21.9621,-4704.5210,-28638.6074,21.5221,779.4016,0.0008,0.0004,-3.1379,0.7852,3.1416,-4702.4038,-28634.5352,25.2409,1
-4703.1636,-28634.3926,24.9425,-5252.6064,-28084.4668,21.9621,-4699.8872,-28639.4102,28.8963,783.2620,0.0003,0.0019,-3.1379,0.7852,3.1416,-4702.3760,-28634.6406,25.3474,1
-4703.1636,-28634.3926,24.9425,-5252.6064,-28084.4668,21.9621,-4706.2246,-28629.2383,26.3730,771.5711,-0.0003,0.0014,-3.1379,0.7852,3.1416,-4702.5449,-28634.4297,25.3820,1
-4703.1636,-28634.3926,24.9425,-5252.6064,-28084.4668,21.9621,-4697.8018,-28634.9141,24.3883,781.5377,-0.0007,0.0010,-3.1379,0.7852,3.1416,-4702.4487,-28634.3945,25.3547,1
-4703.1636,-28634.3926,24.9425,-5252.6064,-28084.4668,21.9621,-4703.8389,-28637.7773,21.5091,779.2924,0.0006,0.0004,-3.1379,0.7852,3.1416,-4702.5332,-28634.4551,25.2327,1
-4703.1636,-28634.3926,24.9425,-5252.6064,-28084.4668,21.9621,-4699.2046,-28638.5762,28.8822,783.1528,0.0001,0.0019,-3.1379,0.7852,3.1416,-4702.4707,-28634.5488,25.3386,1
-4703.1636,-28634.3926,24.9425,-5252.6064,-28084.4668,21.9621,-4705.5557,-28628.4121,26.3594,771.4620,-0.0005,0.0014,-3.1379,0.7852,3.1416,-4702.6040,-28634.3242,25.3725,1
-4703.1636,-28634.3926,24.9425,-5252.6064,-28084.4668,21.9621,-4707.8003,-28636.1113,23.9400,775.3224,0.0010,0.0009,-3.1379,0.7852,3.1416,-4702.8135,-28634.3398,25.3303,1
-4703.1636,-28634.3926,24.9425,-5252.6064,-28084.4668,21.9621,-4703.1582,-28636.9473,21.4960,779.1832,0.0004,0.0004,-3.1379,0.7852,3.1416,-4702.8823,-28634.3848,25.2068,1
-4703.1636,-28634.3926,24.9425,-5252.6064,-28084.4668,21.9621,-4698.5229,-28637.7402,28.8680,783.0437,-0.0001,0.0019,-3.1379,0.7852,3.1416,-4702.8018,-28634.4629,25.3113,1
-4703.1636,-28634.3926,24.9425,-5252.6064,-28084.4668,21.9621,-4704.8887,-28627.5859,26.3458,771.3528,-0.0007,0.0014,-3.1379,0.7852,3.1416,-4702.9131,-28634.2227,25.3439,1
-4703.1636,-28634.3926,24.9425,-5252.6064,-28084.4668,21.9621,-4707.1216,-28635.2871,23.9267,775.2133,0.0007,0.0009,-3.1379,0.7852,3.1416,-4703.0986,-28634.2188,25.3005,1
-4703.1636,-28634.3926,24.9425,-5252.6064,-28084.4668,21.9621,-4699.3838,-28632.9414,23.6460,779.0233,-0.0007,0.0008,-3.1379,0.7852,3.1416,-4703.0420,-28634.1406,25.2453,1
-4703.1636,-28634.3926,24.9425,-5252.6064,-28084.4668,21.9621,-4697.8428,-28636.9023,28.8539,782.9345,-0.0004,0.0019,-3.1379,0.7852,3.1416,-4702.9258,-28634.1914,25.3533,1
-4703.1636,-28634.3926,24.9425,-5252.6064,-28084.4668,21.9621,-4704.2222,-28626.7578,26.3322,771.2437,-0.0009,0.0014,-3.1379,0.7852,3.1416,-4703.0015,-28633.9199,25.3890,1
-4703.1636,-28634.3926,24.9425,-5252.6064,-28084.4668,21.9621,-4706.4443,-28634.4609,23.9133,775.1041,0.0005,0.0009,-3.1379,0.7852,3.1416,-4703.1494,-28633.8848,25.3485,1
-4703.1636,-28634.3926,24.9425,-5252.6064,-28084.4668,21.9621,-4701.8008,-28635.2852,21.4699,778.9649,-0.0000,0.0004,-3.1379,0.7852,3.1416,-4703.1533,-28633.8789,25.2263,1
-4703.1636,-28634.3926,24.9425,-5252.6064,-28084.4668,21.9621,-4697.1636,-28636.0645,28.8398,782.8253,-0.0006,0.0019,-3.1379,0.7852,3.1416,-4703.0044,-28633.9043,25.3320,1
-4703.1636,-28634.3926,24.9425,-5252.6064,-28084.4668,21.9621,-4710.4048,-28632.7852,26.3189,771.1345,0.0009,0.0014,-3.1379,0.7852,3.1416,-4703.2676,-28633.8301,25.3655,1
-4703.1636,-28634.3926,24.9425,-5252.6064,-28084.4668,21.9621,-4705.7681,-28633.6348,23.9000,774.9949,0.0003,0.0009,-3.1379,0.7852,3.1416,-4703.3945,-28633.7812,25.3229,1
-4703.1636,-28634.3926,24.9425,-5252.6064,-28084.4668,21.9621,-4701.1235,-28634.4531,21.4569,778.8557,-0.0002,0.0004,-3.1379,0.7852,3.1416,-4703.3750,-28633.7617,25.1988,1
-4703.1636,-28634.3926,24.9425,-5252.6064,-28084.4668,21.9621,-4696.4858,-28635.2266,28.8257,782.7162,-0.0008,0.0019,-3.1379,0.7852,3.1416,-4703.2007,-28633.7695,25.3026,1
-4703.1636,-28634.3926,24.9425,-5252.6064,-28084.4668,21.9621,-4700.3315,-28638.8789,27.2324,782.5600,0.0003,0.0016,-3.1379,0.7852,3.1416,-4703.1328,-28633.9004,25.3636,1
-4703.1636,-28634.3926,24.9425,-5252.6064,-28084.4668,21.9621,-4705.0933,-28632.8086,23.8870,774.8857,0.0001,0.0009,-3.1379,0.7852,3.1416,-4703.2104,-28633.8477,25.3213,1
-4703.1636,-28634.3926,24.9425,-5252.6064,-28084.4668,21.9621,-4700.4478,-28633.6191,21.4442,778.7466,-0.0005,0.0004,-3.1379,0.7852,3.1416,-4703.1421,-28633.8203,25.1974,1
-4703.1636,-28634.3926,24.9425,-5252.6064,-28084.4668,21.9621,-4702.7637,-28641.3418,28.8121,782.6070,0.0010,0.0019,-3.1379,0.7852,3.1416,-4703.1421,-28634.0391,25.3015,1
-4703.1636,-28634.3926,24.9425,-5252.6064,-28084.4668,21.9621,-4709.0581,-28631.1426,26.2920,770.9162,0.0004,0.0014,-3.1379,0.7852,3.1416,-4703.3442,-28633.9473,25.3335,1
-4703.1636,-28634.3926,24.9425,-5252.6064,-28084.4668,21.9621,-4701.8276,-28641.8613,21.9988,783.6085,0.0009,0.0005,-3.1379,0.7852,3.1416,-4703.3242,-28634.1934,25.2302,1
-4703.1636,-28634.3926,24.9425,-5252.6064,-28084.4668,21.9621,-4699.7734,-28632.7852,21.4312,778.6375,-0.0007,0.0004,-3.1379,0.7852,3.1416,-4703.2339,-28634.1680,25.1009,1
-4703.1636,-28634.3926,24.9425,-5252.6064,-28084.4668,21.9621,-4702.0776,-28640.5098,28.7980,782.4979,0.0008,0.0019,-3.1379,0.7852,3.1416,-4703.2095,-28634.3828,25.2000,1
-4703.1636,-28634.3926,24.9425,-5252.6064,-28084.4668,21.9639,-4708.3867,-28630.3203,26.2802,770.8071,0.0002,0.0014,-3.1379,0.7852,3.1416,-4703.3862,-28634.2852,25.2277,1
-4703.1636,-28634.3926,24.9425,-5252.6064,-28084.4668,21.9661,-4703.7471,-28631.1504,23.8891,774.6674,-0.0003,0.0009,-3.1379,0.7852,3.1416,-4703.4224,-28634.2031,25.1806,1
-4703.1636,-28634.3926,24.9425,-5252.6064,-28084.4668,21.9672,-4705.3599,-28626.9258,21.0973,770.5446,-0.0007,0.0003,-3.1380,0.7852,3.1416,-4703.5107,-28633.9766,25.0402,1
-4703.1636,-28634.3926,24.9425,-5252.6064,-28084.4668,21.9674,-4701.3936,-28639.6777,28.8784,782.3890,0.0005,0.0019,-3.1381,0.7852,3.1416,-4703.4746,-28634.1445,25.1421,1
-4703.1636,-28634.3926,24.9425,-5252.6069,-28084.4668,21.9669,-4707.7173,-28629.4961,26.4544,770.6981,-0.0000,0.0014,-3.1383,0.7852,3.1416,-4703.6362,-28633.9980,25.1761,1
-4703.1636,-28634.3926,24.9425,-5252.6069,-28084.4648,21.9661,-4703.0767,-28630.3203,24.1195,774.5585,-0.0006,0.0009,-3.1384,0.7852,3.1416,-4703.6558,-28633.8691,25.1377,1
-4703.1636,-28634.3926,24.9425,-5252.6069,-28084.4648,21.9652,-4705.3418,-28638.0352,21.7356,778.4194,0.0009,0.0004,-3.1384,0.7852,3.1416,-4703.7451,-28633.9824,25.0209,1
-4703.1636,-28634.3926,24.9425,-5252.6069,-28084.4648,21.9644,-4700.7100,-28638.8438,28.7974,782.2808,0.0003,0.0018,-3.1385,0.7852,3.1416,-4703.6880,-28634.1289,25.1235,1
-4703.1636,-28634.3926,24.9425,-5252.6069,-28084.4648,21.9637,-4707.0469,-28628.6719,26.2781,770.5900,-0.0002,0.0013,-3.1385,0.7852,3.1416,-4703.8267,-28633.9590,25.1549,1
-4703.1636,-28634.3926,24.9425,-5252.6069,-28084.4648,21.9632,-4706.3984,-28629.2754,23.4736,771.4661,-0.0002,0.0007,-3.1385,0.7852,3.1416,-4703.9502,-28633.7969,25.0980,1
-4703.1636,-28634.3926,24.9425,-5252.6069,-28084.4648,21.9628,-4704.6602,-28637.2070,21.3515,778.3112,0.0007,0.0003,-3.1384,0.7852,3.1416,-4704.0205,-28633.8809,24.9700,1
-4703.1636,-28634.3926,24.9425,-5252.6069,-28084.4648,21.9625,-4700.0273,-28638.0098,28.6989,782.1718,0.0001,0.0018,-3.1383,0.7852,3.1416,-4703.9424,-28634.0000,25.0700,1
-4703.1636,-28634.3926,24.9425,-5252.6069,-28084.4648,21.9623,-4706.3789,-28627.8477,26.1186,770.4809,-0.0004,0.0013,-3.1382,0.7852,3.1416,-4704.0576,-28633.7988,25.0966,1
-4703.1636,-28634.3926,24.9425,-5252.6069,-28084.4668,21.9621,-4708.6187,-28635.5410,23.6348,774.3413,0.0010,0.0008,-3.1382,0.7852,3.1416,-4704.2480,-28633.8340,25.0454,1
-4703.1636,-28634.3926,24.9425,-5252.6069,-28084.4668,21.9620,-4703.9805,-28636.3809,21.1267,778.2022,0.0004,0.0003,-3.1381,0.7852,3.1416,-4704.2964,-28633.9023,24.9109,1
-4703.1636,-28634.3926,24.9425,-5252.6064,-28084.4668,21.9620,-4699.3462,-28637.1758,28.6799,782.0619,-0.0001,0.0018,-3.1380,0.7852,3.1416,-4704.1938,-28634.0000,25.0108,1
-4703.1636,-28634.3926,24.9425,-5252.6064,-28084.4668,21.9620,-4705.7119,-28627.0234,26.1092,770.3711,-0.0007,0.0013,-3.1379,0.7852,3.1416,-4704.2822,-28633.7773,25.0378,1
-4703.1636,-28634.3926,24.9425,-5252.6064,-28084.4668,21.9619,-4707.9409,-28634.7168,23.6453,774.2314,0.0008,0.0008,-3.1379,0.7852,3.1416,-4704.4443,-28633.7891,24.9877,1
-4703.1636,-28634.3926,24.9425,-5252.6064,-28084.4668,21.9619,-4699.1011,-28633.0547,26.4891,779.3140,-0.0007,0.0014,-3.1378,0.7852,3.1416,-4704.3276,-28633.7500,25.0265,1
-4703.1636,-28634.3926,24.9425,-5252.6064,-28084.4668,21.9619,-4698.6675,-28636.3398,28.6973,781.9520,-0.0003,0.0019,-3.1378,0.7852,3.1416,-4704.1836,-28633.8164,25.1392,1
-4703.1636,-28634.3926,24.9425,-5252.6064,-28084.4668,21.9619,-4705.0474,-28626.1953,26.1594,770.2612,-0.0009,0.0014,-3.1378,0.7852,3.1416,-4704.2310,-28633.5605,25.1792,1
-4703.1636,-28634.3926,24.9425,-5252.6064,-28084.4668,21.9619,-4709.8716,-28630.8105,29.2665,770.1274,0.0005,0.0020,-3.1377,0.7852,3.1416,-4704.4355,-28633.4375,25.3218,1
-4703.1636,-28634.3926,24.9425,-5252.6060,-28084.4668,21.9619,-4702.6240,-28634.7188,21.2814,777.9825,0.0000,0.0004,-3.1377,0.7852,3.1416,-4704.4165,-28633.4375,25.2146,1
-4703.1636,-28634.3926,24.9425,-5252.6060,-28084.4668,21.9619,-4697.9888,-28635.5039,28.7130,781.8427,-0.0005,0.0019,-3.1377,0.7852,3.1416,-4704.2441,-28633.4668,25.3362,1
-4703.1636,-28634.3926,24.9425,-5252.6060,-28084.4668,21.9619,-4711.2231,-28632.2148,26.2017,770.1518,0.0009,0.0014,-3.1377,0.7852,3.1416,-4704.4834,-28633.3984,25.3848,1
-4703.1636,-28634.3926,24.9425,-5252.6060,-28084.4668,21.9619,-4706.5894,-28633.0664,23.7944,774.0122,0.0003,0.0009,-3.1377,0.7852,3.1416,-4704.5854,-28633.3535,25.3563,1
-4703.1636,-28634.3926,24.9425,-5252.6060,-28084.4668,21.9619,-4701.9478,-28633.8887,21.3662,777.8731,-0.0002,0.0004,-3.1378,0.7852,3.1416,-4704.5415,-28633.3379,25.2457,1
-4703.1636,-28634.3926,24.9425,-5252.6060,-28084.4668,21.9619,-4697.3120,-28634.6660,28.7140,781.7335,-0.0008,0.0019,-3.1378,0.7852,3.1416,-4704.3418,-28633.3477,25.3616,1
-4703.1636,-28634.3926,24.9425,-5252.6064,-28084.4668,21.9620,-4710.5508,-28631.3945,26.2142,770.0427,0.0007,0.0014,-3.1378,0.7852,3.1416,-4704.5522,-28633.2578,25.4050,1
-4703.1636,-28634.3926,24.9425,-5252.6064,-28084.4668,21.9620,-4705.9155,-28632.2402,23.8147,773.9030,0.0001,0.0009,-3.1378,0.7852,3.1416,-4704.6250,-28633.1914,25.3717,1
-4703.1636,-28634.3926,24.9425,-5252.6064,-28084.4668,21.9620,-4701.2734,-28633.0566,21.3912,777.7639,-0.0004,0.0004,-3.1378,0.7852,3.1416,-4704.5493,-28633.1523,25.2567,1
-4703.1636,-28634.3926,24.9425,-5252.6064,-28084.4668,21.9620,-4696.6362,-28633.8281,28.7011,781.6244,-0.0010,0.0019,-3.1379,0.7852,3.1416,-4704.3179,-28633.1387,25.3673,1
-4703.1636,-28634.3926,24.9425,-5252.6064,-28084.4668,21.9620,-4709.8784,-28630.5742,26.2005,769.9336,0.0005,0.0014,-3.1379,0.7852,3.1416,-4704.4951,-28633.0215,25.4053,1
-4703.1636,-28634.3926,24.9425,-5252.6064,-28084.4668,21.9621,-4705.2427,-28631.4141,23.7980,773.7940,-0.0001,0.0009,-3.1379,0.7852,3.1416,-4704.5332,-28632.9297,25.3669,1
-4703.1636,-28634.3926,24.9425,-5252.6064,-28084.4668,21.9621,-4700.5996,-28632.2227,21.3699,777.6548,-0.0006,0.0004,-3.1379,0.7852,3.1416,-4704.4229,-28632.8613,25.2467,1
-4703.1636,-28634.3926,24.9425,-5252.6064,-28084.4668,21.9621,-4702.8984,-28639.9414,28.6810,781.5154,0.0008,0.0019,-3.1379,0.7852,3.1416,-4704.3779,-28633.0410,25.3523,1
-4703.1636,-28634.3926,24.9425,-5252.6064,-28084.4668,21.9621,-4709.2075,-28629.7520,26.1737,769.8246,0.0002,0.0014,-3.1379,0.7852,3.1416,-4704.5342,-28632.9102,25.3854,1
-4703.1636,-28634.3926,24.9425,-5252.6064,-28084.4668,21.9621,-4704.5708,-28630.5859,23.7640,773.6851,-0.0003,0.0009,-3.1379,0.7852,3.1416,-4704.5493,-28632.8008,25.3420,1
-4703.1636,-28634.3926,24.9425,-5252.6064,-28084.4668,21.9621,-4699.9268,-28631.3887,21.3283,777.5459,-0.0009,0.0004,-3.1379,0.7852,3.1416,-4704.4150,-28632.7148,25.2167,1
-4703.1636,-28634.3926,24.9425,-5252.6064,-28084.4668,21.9621,-4702.2144,-28639.1094,28.6595,781.4064,0.0006,0.0018,-3.1379,0.7852,3.1416,-4704.3442,-28632.8750,25.3180,1
-4703.1636,-28634.3926,24.9425,-5252.6064,-28084.4668,21.9621,-4697.5449,-28639.9316,26.2204,785.2673,0.0000,0.0013,-3.1379,0.7852,3.1416,-4704.1206,-28633.0742,25.3488,1
-4703.1636,-28634.3926,24.9425,-5252.6064,-28084.4668,21.9621,-4703.9004,-28629.7578,23.7301,773.5760,-0.0005,0.0008,-3.1379,0.7852,3.1416,-4704.0854,-28632.9648,25.3012,1
-4703.1636,-28634.3926,24.9425,-5252.6064,-28084.4668,21.9621,-4706.1616,-28637.4648,21.2890,777.4368,0.0009,0.0003,-3.1379,0.7852,3.1416,-4704.1240,-28633.0977,25.1718,1
-4703.1636,-28634.3926,24.9425,-5252.6064,-28084.4668,21.9621,-4701.5317,-28638.2773,28.6408,781.2973,0.0004,0.0018,-3.1379,0.7852,3.1416,-4704.0195,-28633.2637,25.2699,1
-4703.1636,-28634.3926,24.9425,-5252.6064,-28084.4668,21.9621,-4696.8618,-28639.0918,26.1979,785.1581,-0.0002,0.0013,-3.1379,0.7852,3.1416,-4703.7622,-28633.4668,25.2975,1
-4703.1636,-28634.3926,24.9425,-5252.6064,-28084.4668,21.9621,-4706.9478,-28630.8457,26.9802,772.1982,0.0001,0.0015,-3.1379,0.7852,3.1416,-4703.8145,-28633.4180,25.3529,1
-4703.1636,-28634.3926,24.9425,-5252.6064,-28084.4668,21.9621,-4705.4814,-28636.6387,21.2624,777.3277,0.0007,0.0003,-3.1379,0.7852,3.1416,-4703.8276,-28633.5469,25.2275,1
-4703.1636,-28634.3926,24.9425,-5252.6064,-28084.4668,21.9621,-4700.8506,-28637.4453,28.6254,781.1881,0.0001,0.0018,-3.1379,0.7852,3.1416,-4703.6978,-28633.7090,25.3297,1
-4703.1636,-28634.3926,24.9425,-5252.6064,-28084.4668,21.9621,-4696.1797,-28638.2539,26.1822,785.0490,-0.0004,0.0013,-3.1379,0.7852,3.1416,-4703.4150,-28633.9004,25.3608,1
-4703.1636,-28634.3926,24.9425,-5252.6064,-28084.4668,21.9621,-4702.5630,-28628.0996,23.6902,773.3577,-0.0010,0.0008,-3.1379,0.7852,3.1416,-4703.3218,-28633.7754,25.3134,1
-4703.1636,-28634.3926,24.9425,-5252.6064,-28084.4668,21.9621,-4704.8022,-28635.8105,21.2481,777.2186,0.0005,0.0003,-3.1379,0.7852,3.1416,-4703.3018,-28633.8828,25.1838,1
-4703.1636,-28634.3926,24.9425,-5252.6064,-28084.4668,21.9621,-4700.1704,-28636.6113,28.6123,781.0789,-0.0001,0.0018,-3.1379,0.7852,3.1416,-4703.1392,-28634.0176,25.2822,1
-4703.1636,-28634.3926,24.9425,-5252.6064,-28084.4668,21.9621,-4707.1782,-28631.7285,28.9613,772.6751,0.0002,0.0019,-3.1379,0.7852,3.1416,-4703.1987,-28634.0000,25.4005,1
-4703.1636,-28634.3926,24.9425,-5252.6064,-28084.4668,21.9621,-4697.5024,-28637.9434,29.4122,783.9150,-0.0003,0.0020,-3.1379,0.7852,3.1416,-4702.9595,-28634.1738,25.5394,1
-4703.1636,-28634.3926,24.9425,-5252.6064,-28084.4668,21.9621,-4704.1240,-28634.9824,21.2407,777.1093,0.0003,0.0003,-3.1379,0.7852,3.1416,-4702.9229,-28634.2598,25.4242,1
-4703.1636,-28634.3926,24.9425,-5252.6064,-28084.4668,21.9621,-4699.4917,-28635.7773,28.6000,780.9697,-0.0003,0.0018,-3.1379,0.7852,3.1416,-4702.7432,-28634.3691,25.5353,1
-4703.1636,-28634.3926,24.9425,-5252.6064,-28084.4668,21.9621,-4694.8188,-28636.5723,26.1607,784.8305,-0.0008,0.0013,-3.1379,0.7852,3.1416,-4702.4111,-28634.5039,25.5743,1
-4703.1636,-28634.3926,24.9425,-5252.6064,-28084.4668,21.9621,-4708.0850,-28633.3223,23.6733,773.1392,0.0006,0.0008,-3.1379,0.7852,3.1416,-4702.4917,-28634.5371,25.5337,1
-4703.1636,-28634.3926,24.9425,-5252.6064,-28084.4668,21.9621,-4703.4478,-28634.1523,21.2349,777.0001,0.0000,0.0003,-3.1379,0.7852,3.1416,-4702.4390,-28634.5898,25.4100,1
-4703.1636,-28634.3926,24.9425,-5252.6064,-28084.4668,21.9621,-4698.8140,-28634.9414,28.5876,780.8605,-0.0005,0.0018,-3.1379,0.7852,3.1416,-4702.2432,-28634.6660,25.5127,1
-4703.1636,-28634.3926,24.9425,-5252.6064,-28084.4668,21.9621,-4701.1118,-28642.7051,26.1500,784.7213,0.0009,0.0013,-3.1379,0.7852,3.1416,-4702.1172,-28634.9863,25.5439,1
-4703.1636,-28634.3926,24.9425,-5252.6064,-28084.4668,21.9621,-4699.8638,-28635.5527,22.4400,780.5236,-0.0003,0.0006,-3.1379,0.7852,3.1416,-4701.9531,-28635.0938,25.4571,1
-4703.1636,-28634.3926,24.9425,-5252.6064,-28084.4668,21.9621,-4702.7720,-28633.3223,21.2265,776.8909,-0.0002,0.0003,-3.1379,0.7852,3.1416,-4701.8813,-28635.1250,25.3239,1
-4703.1636,-28634.3926,24.9425,-5252.6064,-28084.4668,21.9621,-4698.1377,-28634.1055,28.5742,780.7513,-0.0007,0.0018,-3.1379,0.7852,3.1416,-4701.6675,-28635.1758,25.4176,1
-4703.1636,-28634.3926,24.9425,-5252.6064,-28084.4668,21.9621,-4700.4243,-28641.8730,26.1373,784.6122,0.0007,0.0013,-3.1379,0.7852,3.1416,-4701.5234,-28635.4668,25.4404,1
-4703.1636,-28634.3926,24.9425,-5252.6064,-28084.4668,21.9621,-4706.7373,-28631.6738,23.6518,772.9209,0.0002,0.0008,-3.1379,0.7852,3.1416,-4701.5854,-28635.4414,25.3846,1
-4703.1636,-28634.3926,24.9425,-5252.6064,-28084.4668,21.9621,-4702.0977,-28632.4922,21.2149,776.7818,-0.0004,0.0003,-3.1379,0.7852,3.1416,-4701.5127,-28635.4316,25.2469,1
-4703.1636,-28634.3926,24.9425,-5252.6064,-28084.4668,21.9621,-4697.4624,-28633.2676,28.5600,780.6422,-0.0009,0.0018,-3.1379,0.7852,3.1416,-4701.2969,-28635.4375,25.3365,1
-4703.1636,-28634.3926,24.9425,-5252.6064,-28084.4668,21.9621,-4699.7378,-28641.0371,26.1231,784.5031,0.0005,0.0013,-3.1379,0.7852,3.1416,-4701.1494,-28635.6816,25.3556,1
-4703.1636,-28634.3926,24.9425,-5252.6064,-28084.4668,21.9621,-4704.0244,-28630.8613,24.6381,774.2687,-0.0003,0.0010,-3.1379,0.7852,3.1416,-4701.1406,-28635.6094,25.3290,1
-4703.1636,-28634.3926,24.9425,-5252.6064,-28084.4668,21.9621,-4698.9805,-28637.0117,27.0212,782.1927,-0.0002,0.0015,-3.1379,0.7852,3.1416,-4700.9810,-28635.7207,25.3774,1
-4703.1636,-28634.3926,24.9425,-5252.6064,-28084.4668,21.9621,-4703.7183,-28639.3711,28.5458,780.5331,0.0008,0.0018,-3.1379,0.7852,3.1416,-4700.9722,-28635.9082,25.4785,1
-4703.1636,-28634.3926,24.9425,-5252.6064,-28084.4668,21.9621,-4699.0527,-28640.2012,26.1085,784.3939,0.0003,0.0013,-3.1379,0.7852,3.1416,-4700.8242,-28636.1250,25.5080,1
-4703.1636,-28634.3926,24.9425,-5252.6064,-28084.4668,21.9621,-4705.3940,-28630.0215,23.6235,772.7026,-0.0003,0.0008,-3.1379,0.7852,3.1416,-4700.8809,-28636.0215,25.4583,1
-4703.1636,-28634.3926,24.9425,-5252.6064,-28084.4668,21.9621,-4700.7529,-28630.8281,21.1864,776.5635,-0.0008,0.0003,-3.1379,0.7852,3.1416,-4700.8008,-28635.9258,25.3260,1
-4703.1636,-28634.3926,24.9425,-5252.6064,-28084.4668,21.9621,-4703.0352,-28638.5410,28.5312,780.4239,0.0006,0.0018,-3.1379,0.7852,3.1416,-4700.7969,-28636.0645,25.4206,1
-4703.1636,-28634.3926,24.9425,-5252.6064,-28084.4668,21.9621,-4698.3687,-28639.3652,26.0939,784.2848,0.0001,0.0013,-3.1379,0.7852,3.1416,-4700.6519,-28636.2324,25.4439,1
-4703.1636,-28634.3926,24.9425,-5252.6064,-28084.4668,21.9621,-4704.7241,-28629.1934,23.6092,772.5935,-0.0005,0.0008,-3.1379,0.7852,3.1416,-4700.7100,-28636.0781,25.3885,1
-4703.1636,-28634.3926,24.9425,-5252.6064,-28084.4668,21.9621,-4706.9814,-28636.8945,21.1724,776.4543,0.0010,0.0003,-3.1379,0.7852,3.1416,-4700.8516,-28636.1523,25.2509,1
-4703.1636,-28634.3926,24.9425,-5252.6064,-28084.4668,21.9621,-4702.3530,-28637.7109,28.5170,780.3148,0.0004,0.0018,-3.1379,0.7852,3.1416,-4700.8599,-28636.2539,25.3406,1
-4703.1636,-28634.3926,24.9425,-5252.6064,-28084.4668,21.9621,-4697.6860,-28638.5293,26.0796,784.1756,-0.0002,0.0013,-3.1379,0.7852,3.1416,-4700.7236,-28636.3809,25.3595,1
-4703.1636,-28634.3926,24.9425,-5252.6064,-28084.4668,21.9621,-4704.0562,-28628.3652,23.5953,772.4844,-0.0007,0.0008,-3.1379,0.7852,3.1416,-4700.7876,-28636.1836,25.3001,1
-4703.1636,-28634.3926,24.9425,-5252.6064,-28084.4668,21.9621,-4706.3018,-28636.0684,21.1586,776.3452,0.0007,0.0003,-3.1379,0.7852,3.1416,-4700.9321,-28636.2148,25.1589,1
-4703.1636,-28634.3926,24.9425,-5252.6064,-28084.4668,21.9621,-4701.6729,-28636.8789,28.5029,780.2056,0.0002,0.0018,-3.1379,0.7852,3.1416,-4700.9404,-28636.2715,25.2455,1
-4703.1636,-28634.3926,24.9425,-5252.6064,-28084.4668,21.9621,-4697.0049,-28637.6914,26.0660,784.0665,-0.0004,0.0013,-3.1379,0.7852,3.1416,-4700.8018,-28636.3535,25.2617,1
-4703.1636,-28634.3926,24.9425,-5252.6064,-28084.4668,21.9621,-4703.3887,-28627.5371,23.5821,772.3752,-0.0009,0.0008,-3.1379,0.7852,3.1416,-4700.8608,-28636.1074,25.2000,1
-4703.1636,-28634.3926,24.9425,-5252.6064,-28084.4668,21.9621,-4705.6235,-28635.2422,21.1457,776.2360,0.0005,0.0003,-3.1379,0.7852,3.1416,-4700.9976,-28636.0918,25.0570,1
-4703.1636,-28634.3926,24.9425,-5252.6064,-28084.4668,21.9621,-4705.5610,-28636.6465,21.9184,777.2769,0.0007,0.0005,-3.1379,0.7852,3.1416,-4701.1431,-28636.1191,24.9311,1
-4703.1636,-28634.3926,24.9425,-5252.6064,-28084.4668,21.9621,-4706.8711,-28631.8711,22.2748,772.9651,0.0002,0.0006,-3.1379,0.7852,3.1416,-4701.3413,-28635.9922,24.8108,1
-4703.1636,-28634.3926,24.9425,-5252.6064,-28084.4668,21.9621,-4709.5801,-28633.5742,23.5696,772.2660,0.0009,0.0008,-3.1379,0.7852,3.1416,-4701.6382,-28635.9121,24.7284,1
-4703.1636,-28634.3926,24.9425,-5252.6064,-28084.4668,21.9621,-4704.9463,-28634.4141,21.1332,776.1269,0.0003,0.0003,-3.1379,0.7852,3.1416,-4701.8008,-28635.8535,24.5670,1
-4703.1636,-28634.3926,24.9425,-5252.6064,-28084.4668,21.9621,-4700.3154,-28635.2129,28.4750,779.9873,-0.0003,0.0018,-3.1379,0.7852,3.1416,-4701.8188,-28635.8184,24.6361,1
-4703.1636,-28634.3926,24.9425,-5252.6064,-28084.4668,21.9621,-4695.6460,-28636.0117,26.0389,783.8481,-0.0008,0.0013,-3.1379,0.7852,3.1416,-4701.6821,-28635.8066,24.6375,1
-4703.1636,-28634.3926,24.9425,-5252.6064,-28084.4668,21.9621,-4701.1021,-28630.8633,22.2690,776.3395,-0.0008,0.0006,-3.1379,0.7852,3.1416,-4701.7036,-28635.6328,24.5229,1
-4703.1636,-28634.3926,24.9425,-5252.6064,-28084.4668,21.9621,-4704.2705,-28633.5859,21.1209,776.0178,0.0001,0.0003,-3.1379,0.7852,3.1416,-4701.8242,-28635.5352,24.3680,1
-4703.1636,-28634.3926,24.9425,-5252.6064,-28084.4668,21.9621,-4699.6382,-28634.3789,28.4613,779.8781,-0.0005,0.0018,-3.1379,0.7852,3.1416,-4701.7993,-28635.4609,24.4439,1
-4703.1636,-28634.3926,24.9425,-5252.6064,-28084.4668,21.9621,-4701.9321,-28642.1367,26.0257,783.7390,0.0010,0.0013,-3.1379,0.7852,3.1416,-4701.8418,-28635.6348,24.4525,1
-4703.1636,-28634.3926,24.9425,-5252.6064,-28084.4668,21.9621,-4708.2310,-28631.9297,23.5439,772.0477,0.0004,0.0008,-3.1379,0.7852,3.1416,-4702.0864,-28635.4961,24.3867,1
-4703.1636,-28634.3926,24.9425,-5252.6064,-28084.4668,21.9621,-4703.5957,-28632.7578,21.1083,775.9086,-0.0001,0.0003,-3.1379,0.7852,3.1416,-4702.1929,-28635.3770,24.2423,1
-4703.1636,-28634.3926,24.9425,-5252.6064,-28084.4668,21.9621,-4698.9629,-28633.5430,28.4473,779.7690,-0.0007,0.0018,-3.1379,0.7852,3.1416,-4702.1504,-28635.2812,24.3286,1
-4703.1636,-28634.3926,24.9425,-5252.6064,-28084.4668,21.9621,-4701.2456,-28641.3027,26.0121,783.6298,0.0008,0.0013,-3.1379,0.7852,3.1416,-4702.1724,-28635.4297,24.3475,1
-4703.1636,-28634.3926,24.9425,-5252.6064,-28084.4668,21.9621,-4707.5586,-28631.1055,23.5306,771.9385,0.0002,0.0008,-3.1379,0.7852,3.1416,-4702.3936,-28635.2637,24.2919,1
-4703.1636,-28634.3926,24.9425,-5252.6064,-28084.4668,21.9621,-4702.9224,-28631.9277,21.0953,775.7994,-0.0004,0.0003,-3.1379,0.7852,3.1416,-4702.4741,-28635.1191,24.1575,1
-4703.1636,-28634.3926,24.9425,-5252.6064,-28084.4668,21.9621,-4698.2886,-28632.7070,28.4335,779.6598,-0.0009,0.0018,-3.1379,0.7852,3.1416,-4702.4043,-28634.9941,24.2538,1
-4703.1636,-28634.3926,24.9425,-5252.6064,-28084.4668,21.9621,-4700.5601,-28640.4707,25.9983,783.5206,0.0005,0.0013,-3.1379,0.7852,3.1416,-4702.3955,-28635.1152,24.2823,1
-4703.1636,-28634.3926,24.9425,-5252.6064,-28084.4668,21.9621,-4706.8872,-28630.2812,23.5174,771.8294,-0.0000,0.0008,-3.1379,0.7852,3.1416,-4702.5850,-28634.9219,24.2362,1
-4703.1636,-28634.3926,24.9425,-5252.6064,-28084.4668,21.9621,-4702.2500,-28631.0957,21.0824,775.6902,-0.0006,0.0003,-3.1379,0.7852,3.1416,-4702.6318,-28634.7461,24.1112,1
-4703.1636,-28634.3926,24.9425,-5252.6064,-28084.4668,21.9621,-4704.5381,-28638.8027,28.4195,779.5506,0.0009,0.0018,-3.1379,0.7852,3.1416,-4702.7485,-28634.8145,24.2164,1
-4703.1636,-28634.3926,24.9425,-5252.6064,-28084.4668,21.9621,-4699.8755,-28639.6348,25.9844,783.4116,0.0003,0.0013,-3.1379,0.7852,3.1416,-4702.7178,-28634.9199,24.2536,1
-4703.1636,-28634.3926,24.9425,-5252.6064,-28084.4668,21.9621,-4706.2168,-28629.4551,23.5041,771.7203,-0.0002,0.0008,-3.1379,0.7852,3.1416,-4702.8823,-28634.7090,24.2159,1
-4703.1636,-28634.3926,24.9425,-5252.6064,-28084.4668,21.9621,-4701.5791,-28630.2656,21.0693,775.5811,-0.0008,0.0003,-3.1379,0.7852,3.1416,-4702.9019,-28634.5156,24.0988,1
-4703.1636,-28634.3926,24.9425,-5252.6064,-28084.4668,21.9621,-4703.8555,-28637.9727,28.4054,779.4415,0.0007,0.0018,-3.1379,0.7852,3.1416,-4702.9888,-28634.5625,24.2117,1
-4703.1636,-28634.3926,24.9425,-5252.6064,-28084.4668,21.9621,-4699.1924,-28638.8008,25.9706,783.3024,0.0001,0.0013,-3.1379,0.7852,3.1416,-4702.9263,-28634.6445,24.2563,1
-4703.1636,-28634.3926,24.9425,-5252.6064,-28084.4668,21.9621,-4704.3423,-28630.8477,21.4025,774.0306,-0.0003,0.0004,-3.1379,0.7852,3.1416,-4703.0186,-28634.4844,24.1582,1
-4703.1636,-28634.3926,24.9425,-5252.6064,-28084.4668,21.9621,-4707.8008,-28636.3223,21.0566,775.4720,0.0010,0.0003,-3.1379,0.7852,3.1416,-4703.2227,-28634.4941,24.0434,1
-4703.1636,-28634.3926,24.9425,-5252.6064,-28084.4668,21.9621,-4703.1743,-28637.1426,28.3915,779.3323,0.0004,0.0018,-3.1379,0.7852,3.1416,-4703.2856,-28634.5352,24.1587,1
-4703.1636,-28634.3926,24.9425,-5252.6064,-28084.4668,21.9621,-4698.5103,-28637.9648,25.9570,783.1932,-0.0001,0.0013,-3.1379,0.7852,3.1416,-4703.1968,-28634.6113,24.2056,1
-4703.1636,-28634.3926,24.9425,-5252.6064,-28084.4668,21.9621,-4705.1113,-28637.7500,29.6720,778.4102,0.0008,0.0021,-3.1379,0.7852,3.1416,-4703.3057,-28634.6875,24.3764,1
-4703.1636,-28634.3926,24.9425,-5252.6064,-28084.4668,21.9621,-4707.1221,-28635.4980,21.0437,775.3628,0.0008,0.0003,-3.1379,0.7852,3.1416,-4703.4819,-28634.7012,24.2813,1
-4703.1636,-28634.3926,24.9425,-5252.6064,-28084.4668,21.9621,-4702.4946,-28636.3125,28.3775,779.2231,0.0002,0.0018,-3.1379,0.7852,3.1416,-4703.5146,-28634.7422,24.4144,1
-4703.1636,-28634.3926,24.9425,-5252.6064,-28084.4668,21.9621,-4697.8296,-28637.1270,25.9432,783.0840,-0.0003,0.0013,-3.1379,0.7852,3.1416,-4703.3936,-28634.8125,24.4777,1
-4703.1636,-28634.3926,24.9425,-5252.6064,-28084.4668,21.9621,-4704.2139,-28626.9746,23.4645,771.3928,-0.0009,0.0008,-3.1379,0.7852,3.1416,-4703.4619,-28634.5605,24.4638,1
-4703.1636,-28634.3926,24.9425,-5252.6064,-28084.4668,21.9621,-4706.4443,-28634.6719,21.0308,775.2537,0.0006,0.0003,-3.1379,0.7852,3.1416,-4703.6025,-28634.5410,24.3686,1
-4703.1636,-28634.3926,24.9425,-5252.6064,-28084.4668,21.9621,-4701.8159,-28635.4805,28.3636,779.1140,0.0000,0.0018,-3.1379,0.7852,3.1416,-4703.5977,-28634.5508,24.5014,1
-4703.1636,-28634.3926,24.9425,-5252.6064,-28084.4668,21.9621,-4697.1504,-28636.2910,25.9295,782.9749,-0.0006,0.0013,-3.1379,0.7852,3.1416,-4703.4385,-28634.5859,24.5640,1
-4703.1636,-28634.3926,24.9425,-5252.6064,-28084.4668,21.9621,-4710.3989,-28633.0020,23.4517,771.2836,0.0009,0.0008,-3.1379,0.7852,3.1416,-4703.6899,-28634.5215,24.5491,1
-4703.1636,-28634.3926,24.9425,-5252.6064,-28084.4668,21.9621,-4698.2319,-28633.4160,26.0353,780.1828,-0.0008,0.0013,-3.1379,0.7852,3.1416,-4703.5625,-28634.4688,24.6141,1
-4703.1636,-28634.3926,24.9425,-5252.6064,-28084.4668,21.9621,-4701.1387,-28634.6484,28.3496,779.0048,-0.0002,0.0018,-3.1379,0.7852,3.1416,-4703.5146,-28634.4531,24.7558,1
-4703.1636,-28634.3926,24.9425,-5252.6064,-28084.4668,21.9621,-4696.4722,-28635.4512,25.9158,782.8658,-0.0008,0.0013,-3.1379,0.7852,3.1416,-4703.3120,-28634.4648,24.8259,1
-4703.1636,-28634.3926,24.9425,-5252.6064,-28084.4668,21.9621,-4709.7246,-28632.1816,23.4385,771.1745,0.0007,0.0008,-3.1379,0.7852,3.1416,-4703.5195,-28634.3750,24.8171,1
-4703.1636,-28634.3926,24.9425,-5252.6064,-28084.4668,21.9621,-4705.0928,-28633.0195,21.0050,775.0353,0.0001,0.0003,-3.1379,0.7852,3.1416,-4703.5903,-28634.3066,24.7255,1
-4703.1636,-28634.3926,24.9425,-5252.6064,-28084.4668,21.9621,-4700.4629,-28633.8164,28.3356,778.8958,-0.0004,0.0018,-3.1379,0.7852,3.1416,-4703.5146,-28634.2637,24.8605,1
-4703.1636,-28634.3926,24.9425,-5252.6064,-28084.4668,21.9621,-4695.7954,-28634.6133,25.9021,782.7566,-0.0010,0.0013,-3.1379,0.7852,3.1416,-4703.2832,-28634.2461,24.9238,1
-4703.1636,-28634.3926,24.9425,-5252.6064,-28084.4668,21.9621,-4709.0518,-28631.3594,23.4253,771.0653,0.0005,0.0008,-3.1379,0.7852,3.1416,-4703.4604,-28634.1250,24.9081,1
-4703.1636,-28634.3926,24.9425,-5252.6064,-28084.4668,21.9621,-4700.6362,-28630.9980,28.8634,776.7914,-0.0008,0.0019,-3.1379,0.7852,3.1416,-4703.3784,-28633.9883,25.0631,1
-4703.1636,-28634.3926,24.9425,-5252.6064,-28084.4668,21.9621,-4699.7881,-28632.9824,28.3216,778.7866,-0.0007,0.0018,-3.1379,0.7852,3.1416,-4703.2632,-28633.9102,25.2074,1
-4703.1636,-28634.3926,24.9425,-5252.6064,-28084.4668,21.9621,-4702.0664,-28640.7344,25.8888,782.6474,0.0008,0.0013,-3.1379,0.7852,3.1416,-4703.2139,-28634.0801,25.2785,1
-4703.1636,-28634.3926,24.9425,-5252.6064,-28084.4668,21.9621,-4708.3799,-28630.5371,23.4122,770.9561,0.0002,0.0008,-3.1379,0.7852,3.1416,-4703.3667,-28633.9395,25.2687,1
-4703.1636,-28634.3926,24.9425,-5252.6064,-28084.4668,21.9621,-4703.7461,-28631.3613,20.9794,774.8170,-0.0003,0.0003,-3.1379,0.7852,3.1416,-4703.3804,-28633.8184,25.1745,1
-4703.1636,-28634.3926,24.9425,-5252.6064,-28084.4668,21.9621,-4699.1143,-28632.1465,28.3077,778.6774,-0.0009,0.0018,-3.1379,0.7852,3.1416,-4703.2461,-28633.7207,25.3053,1
-4703.1636,-28634.3926,24.9425,-5252.6064,-28084.4668,21.9621,-4701.3813,-28639.9023,25.8751,782.5383,0.0006,0.0013,-3.1379,0.7852,3.1416,-4703.1763,-28633.8691,25.3631,1
-4703.1636,-28634.3926,24.9425,-5252.6064,-28084.4668,21.9621,-4702.1709,-28637.7754,27.3061,780.4809,0.0004,0.0016,-3.1379,0.7852,3.1416,-4703.1279,-28633.9648,25.4661,1
-4703.1636,-28634.3926,24.9425,-5252.6064,-28084.4668,21.9621,-4703.0747,-28630.5332,20.9665,774.7079,-0.0005,0.0003,-3.1379,0.7852,3.1416,-4703.1069,-28633.8359,25.3672,1
-4703.1636,-28634.3926,24.9425,-5252.6064,-28084.4668,21.9621,-4705.3574,-28638.2324,28.2939,778.5683,0.0009,0.0018,-3.1379,0.7852,3.1416,-4703.1602,-28633.9512,25.4928,1
-4703.1636,-28634.3926,24.9425,-5252.6064,-28084.4668,21.9621,-4700.6978,-28639.0684,25.8616,782.4291,0.0004,0.0013,-3.1379,0.7852,3.1416,-4703.0698,-28634.0996,25.5449,1
-4703.1636,-28634.3926,24.9425,-5252.6064,-28084.4668,21.9621,-4707.0396,-28628.8887,23.3861,770.7379,-0.0002,0.0008,-3.1379,0.7852,3.1416,-4703.1797,-28633.9336,25.5158,1
-4703.1636,-28634.3926,24.9425,-5252.6064,-28084.4668,21.9621,-4702.4043,-28629.7012,20.9539,774.5987,-0.0008,0.0003,-3.1379,0.7852,3.1416,-4703.1479,-28633.7832,25.4021,1
-4703.1636,-28634.3926,24.9425,-5252.6064,-28084.4668,21.9621,-4704.6758,-28637.4043,28.2801,778.4591,0.0007,0.0018,-3.1379,0.7852,3.1416,-4703.1885,-28633.8730,25.5134,1
-4703.1636,-28634.3926,24.9425,-5252.6064,-28084.4668,21.9621,-4700.0156,-28638.2344,25.8478,782.3199,0.0001,0.0013,-3.1379,0.7852,3.1416,-4703.0830,-28633.9980,25.5517,1
-4703.1636,-28634.3926,24.9425,-5252.6064,-28084.4668,21.9621,-4706.3716,-28628.0645,23.3728,770.6287,-0.0004,0.0008,-3.1379,0.7852,3.1416,-4703.1763,-28633.8027,25.5093,1
-4703.1636,-28634.3926,24.9425,-5252.6064,-28084.4668,21.9621,-4701.7354,-28628.8711,20.9409,774.4895,-0.0010,0.0003,-3.1379,0.7852,3.1416,-4703.1265,-28633.6250,25.3829,1
-4703.1636,-28634.3926,24.9425,-5252.6064,-28084.4668,21.9621,-4703.9956,-28636.5762,28.2661,778.3499,0.0005,0.0018,-3.1379,0.7852,3.1416,-4703.1465,-28633.6836,25.4820,1
-4703.1636,-28634.3926,24.9425,-5252.6064,-28084.4668,21.9621,-4699.3345,-28637.4004,25.8341,782.2108,-0.0001,0.0013,-3.1379,0.7852,3.1416,-4703.0200,-28633.7773,25.5086,1
-4703.1636,-28634.3926,24.9425,-5252.6064,-28084.4668,21.9621,-4705.7046,-28627.2383,23.3597,770.5195,-0.0006,0.0008,-3.1379,0.7852,3.1416,-4703.0903,-28633.5508,25.4551,1
-4703.1636,-28634.3926,24.9425,-5252.6064,-28084.4668,21.9621,-4707.9419,-28634.9258,20.9282,774.3804,0.0008,0.0003,-3.1379,0.7852,3.1416,-4703.2393,-28633.5605,25.3183,1
-4703.1636,-28634.3926,24.9425,-5252.6064,-28084.4668,21.9621,-4703.3164,-28635.7461,28.2521,778.2408,0.0003,0.0018,-3.1379,0.7852,3.1416,-4703.2490,-28633.6016,25.4076,1
-4703.1636,-28634.3926,24.9425,-5252.6064,-28084.4668,21.9621,-4698.6543,-28636.5645,25.8204,782.1016,-0.0003,0.0013,-3.1379,0.7852,3.1416,-4703.1099,-28633.6738,25.4250,1
-4703.1636,-28634.3926,24.9425,-5252.6064,-28084.4668,21.9621,-4705.0386,-28626.4121,23.3465,770.4103,-0.0009,0.0008,-3.1379,0.7852,3.1416,-4703.1655,-28633.4258,25.3630,1
-4703.1636,-28634.3926,24.9425,-5252.6064,-28084.4668,21.9621,-4707.2651,-28634.1016,20.9153,774.2712,0.0006,0.0003,-3.1379,0.7852,3.1416,-4703.2974,-28633.4121,25.2182,1
-4703.1636,-28634.3926,24.9425,-5252.6064,-28084.4668,21.9621,-4702.6387,-28634.9160,28.2382,778.1315,0.0000,0.0018,-3.1379,0.7852,3.1416,-4703.2881,-28633.4277,25.3002,1
-4703.1636,-28634.3926,24.9425,-5252.6064,-28084.4668,21.9621,-4697.9756,-28635.7285,25.8067,781.9924,-0.0005,0.0013,-3.1379,0.7852,3.1416,-4703.1284,-28633.4746,25.3109,1
-4703.1636,-28634.3926,24.9425,-5252.6064,-28084.4668,21.9621,-4711.2178,-28632.4297,23.3336,770.3011,0.0009,0.0008,-3.1379,0.7852,3.1416,-4703.3843,-28633.4199,25.2429,1
-4703.1636,-28634.3926,24.9425,-5252.6064,-28084.4668,21.9621,-4706.5894,-28633.2773,20.9025,774.1620,0.0004,0.0003,-3.1379,0.7852,3.1416,-4703.5063,-28633.3926,25.0928,1
-4703.1636,-28634.3926,24.9425,-5252.6064,-28084.4668,21.9621,-4706.1914,-28635.6582,29.4044,776.1610,0.0007,0.0020,-3.1379,0.7852,3.1416,-4703.6216,-28633.4414,25.2083,1
-4703.1636,-28634.3926,24.9425,-5252.6064,-28084.4668,21.9621,-4707.5073,-28630.8809,29.7189,771.8492,0.0002,0.0021,-3.1379,0.7852,3.1416,-4703.7842,-28633.3418,25.3447,1
-4703.1636,-28634.3926,24.9425,-5252.6064,-28084.4668,21.9621,-4699.2319,-28637.7832,24.9274,782.5515,-0.0000,0.0011,-3.1379,0.7852,3.1416,-4703.6870,-28633.4609,25.3360,1
-4703.1636,-28634.3926,24.9425,-5252.6064,-28084.4668,21.9621,-4705.9150,-28632.4512,20.8896,774.0529,0.0002,0.0003,-3.1379,0.7852,3.1416,-4703.7925,-28633.4180,25.1956,1
-4703.1636,-28634.3926,24.9425,-5252.6064,-28084.4668,21.9621,-4701.2866,-28633.2520,28.2102,777.9133,-0.0004,0.0018,-3.1379,0.7852,3.1416,-4703.7524,-28633.4004,25.2818,1
-4703.1636,-28634.3926,24.9425,-5252.6064,-28084.4668,21.9621,-4696.6226,-28634.0527,25.7794,781.7740,-0.0010,0.0013,-3.1379,0.7852,3.1416,-4703.5562,-28633.4082,25.2966,1
-4703.1636,-28634.3926,24.9425,-5252.6064,-28084.4668,21.9621,-4709.8716,-28630.7891,23.3073,770.0828,0.0005,0.0008,-3.1379,0.7852,3.1416,-4703.7705,-28633.3125,25.2324,1
-4703.1636,-28634.3926,24.9425,-5252.6064,-28084.4668,21.9621,-4705.2417,-28631.6250,20.8767,773.9437,-0.0001,0.0003,-3.1379,0.7852,3.1416,-4703.8472,-28633.2383,25.0858,1
-4703.1636,-28634.3926,24.9425,-5252.6064,-28084.4668,21.9621,-4700.6128,-28632.4199,28.1963,777.8041,-0.0006,0.0018,-3.1379,0.7852,3.1416,-4703.7764,-28633.1875,25.1664,1
-4703.1636,-28634.3926,24.9425,-5252.6064,-28084.4668,21.9621,-4702.8872,-28640.1660,25.7659,781.6650,0.0008,0.0013,-3.1379,0.7852,3.1416,-4703.7705,-28633.3848,25.1761,1
-4703.1636,-28634.3926,24.9425,-5252.6064,-28084.4668,21.9621,-4709.2007,-28629.9688,23.2942,769.9737,0.0003,0.0008,-3.1379,0.7852,3.1416,-4703.9668,-28633.2695,25.1075,1
-4703.1636,-28634.3926,24.9425,-5252.6064,-28084.4668,21.9621,-4704.5698,-28630.7969,20.8639,773.8345,-0.0003,0.0003,-3.1379,0.7852,3.1416,-4704.0225,-28633.1738,24.9571,1
-4703.1636,-28634.3926,24.9425,-5252.6064,-28084.4668,21.9621,-4699.9399,-28631.5859,28.1824,777.6949,-0.0008,0.0018,-3.1379,0.7852,3.1416,-4703.9292,-28633.1016,25.0344,1
-4703.1636,-28634.3926,24.9425,-5252.6064,-28084.4668,21.9621,-4702.2031,-28639.3340,25.7522,781.5558,0.0006,0.0013,-3.1379,0.7852,3.1416,-4703.8989,-28633.2734,25.0413,1
-4703.1636,-28634.3926,24.9425,-5252.6064,-28084.4668,21.9621,-4701.3823,-28633.5000,24.6278,778.0015,-0.0003,0.0010,-3.1379,0.7852,3.1416,-4703.8369,-28633.2734,25.0144,1
-4703.1636,-28634.3926,24.9425,-5252.6064,-28084.4668,21.9621,-4703.8989,-28629.9688,20.8510,773.7253,-0.0005,0.0003,-3.1379,0.7852,3.1416,-4703.8496,-28633.1602,24.8652,1
-4703.1636,-28634.3926,24.9425,-5252.6064,-28084.4668,21.9621,-4699.9619,-28641.8652,25.3658,784.9297,0.0007,0.0012,-3.1379,0.7852,3.1416,-4703.7368,-28633.4199,24.8536,1
-4703.1636,-28634.3926,24.9425,-5252.6064,-28084.4668,21.9621,-4701.5200,-28638.5020,25.7386,781.4466,0.0004,0.0013,-3.1379,0.7852,3.1416,-4703.6650,-28633.5918,24.8563,1
-4703.1636,-28634.3926,24.9425,-5252.6064,-28084.4668,21.9621,-4696.8564,-28639.3105,23.2842,785.3071,-0.0002,0.0008,-3.1379,0.7852,3.1416,-4703.4404,-28633.8008,24.7837,1
-4703.1636,-28634.3926,24.9425,-5252.6064,-28084.4668,21.9621,-4703.2295,-28629.1387,20.8382,773.6162,-0.0007,0.0003,-3.1379,0.7852,3.1416,-4703.4048,-28633.6914,24.6292,1
-4703.1636,-28634.3926,24.9425,-5252.6064,-28084.4668,21.9621,-4705.4961,-28636.8340,28.1547,777.4766,0.0007,0.0018,-3.1379,0.7852,3.1416,-4703.4429,-28633.8203,24.7035,1
-4703.1636,-28634.3926,24.9425,-5252.6064,-28084.4668,21.9621,-4703.5986,-28636.7031,24.9458,778.7025,0.0004,0.0011,-3.1379,0.7852,3.1416,-4703.4253,-28633.9512,24.6837,1
-4703.1636,-28634.3926,24.9425,-5252.6064,-28084.4668,21.9621,-4696.1738,-28638.4707,23.2708,785.1979,-0.0004,0.0008,-3.1379,0.7852,3.1416,-4703.1733,-28634.1406,24.6122,1
-4703.1636,-28634.3926,24.9425,-5252.6064,-28084.4668,21.9621,-4702.5615,-28628.3086,20.8254,773.5071,-0.0009,0.0003,-3.1379,0.7852,3.1416,-4703.1099,-28634.0117,24.4594,1
-4703.1636,-28634.3926,24.9425,-5252.6064,-28084.4668,21.9621,-4700.2993,-28637.9922,29.5550,781.9724,0.0001,0.0020,-3.1379,0.7852,3.1416,-4702.9751,-28634.1777,24.5804,1
-4703.1636,-28634.3926,24.9425,-5252.6064,-28084.4668,21.9621,-4706.6475,-28627.8301,27.0257,770.2817,-0.0004,0.0015,-3.1379,0.7852,3.1416,-4703.0415,-28634.0234,24.6342,1
-4703.1636,-28634.3926,24.9425,-5252.6064,-28084.4668,21.9621,-4704.4258,-28634.5098,22.6955,776.5602,0.0002,0.0006,-3.1379,0.7852,3.1416,-4703.0454,-28634.0703,24.5542,1
-4703.1636,-28634.3926,24.9425,-5252.6064,-28084.4668,21.9621,-4695.7100,-28636.4902,20.1720,784.1334,-0.0007,0.0001,-3.1379,0.7852,3.1416,-4702.7754,-28634.1797,24.3911,1
-4703.1636,-28634.3926,24.9425,-5252.6064,-28084.4668,21.9621,-4699.6187,-28637.1582,29.5408,781.8633,-0.0001,0.0020,-3.1379,0.7852,3.1416,-4702.6167,-28634.3145,24.5192,1
-4703.1636,-28634.3926,24.9425,-5252.6064,-28084.4668,21.9621,-4705.9805,-28627.0059,27.0120,770.1725,-0.0006,0.0015,-3.1379,0.7852,3.1416,-4702.6587,-28634.1250,24.5799,1
-4703.1636,-28634.3926,24.9425,-5252.6064,-28084.4668,21.9621,-4708.2080,-28634.6992,24.6000,774.0329,0.0008,0.0010,-3.1379,0.7852,3.1416,-4702.7822,-28634.1680,24.5685,1
-4703.1636,-28634.3926,24.9425,-5252.6064,-28084.4668,21.9621,-4703.5674,-28635.5371,22.1634,777.8938,0.0003,0.0005,-3.1379,0.7852,3.1416,-4702.7700,-28634.2383,24.4794,1
-4703.1636,-28634.3926,24.9425,-5252.6064,-28084.4668,21.9621,-4698.9390,-28636.3223,29.5266,781.7542,-0.0003,0.0020,-3.1379,0.7852,3.1416,-4702.6128,-28634.3340,24.6216,1
-4703.1636,-28634.3926,24.9425,-5252.6064,-28084.4668,21.9621,-4705.3154,-28626.1797,26.9984,770.0634,-0.0008,0.0015,-3.1379,0.7852,3.1416,-4702.6548,-28634.1055,24.6955,1
-4703.1636,-28634.3926,24.9425,-5252.6064,-28084.4668,21.9621,-4707.5312,-28633.8750,24.5866,773.9238,0.0006,0.0010,-3.1379,0.7852,3.1416,-4702.7754,-28634.1074,24.6962,1
-4703.1636,-28634.3926,24.9425,-5252.6064,-28084.4668,21.9621,-4702.8896,-28634.7070,22.1503,777.7846,0.0000,0.0005,-3.1379,0.7852,3.1416,-4702.7578,-28634.1367,24.6182,1
-4703.1636,-28634.3926,24.9425,-5252.6064,-28084.4668,21.9621,-4708.8672,-28634.7305,24.6599,773.5925,0.0009,0.0010,-3.1379,0.7852,3.1416,-4702.9351,-28634.1660,24.6154,1
-4703.1636,-28634.3926,24.9425,-5252.6064,-28084.4668,21.9621,-4711.4912,-28632.1953,26.9850,769.9542,0.0009,0.0015,-3.1379,0.7852,3.1416,-4703.2114,-28634.1152,24.6883,1
-4703.1636,-28634.3926,24.9425,-5252.6064,-28084.4668,21.9621,-4706.8560,-28633.0508,24.5732,773.8146,0.0004,0.0010,-3.1379,0.7852,3.1416,-4703.3550,-28634.0859,24.6882,1
-4703.1636,-28634.3926,24.9425,-5252.6064,-28084.4668,21.9621,-4702.2134,-28633.8750,22.1372,777.6755,-0.0002,0.0005,-3.1379,0.7852,3.1416,-4703.3555,-28634.0820,24.6093,1
-4703.1636,-28634.3926,24.9425,-5252.6064,-28084.4668,21.9621,-4697.5835,-28634.6504,29.4982,781.5358,-0.0007,0.0020,-3.1379,0.7852,3.1416,-4703.2036,-28634.1016,24.7608,1
-4703.1636,-28634.3926,24.9425,-5252.6064,-28084.4668,21.9621,-4710.8179,-28631.3750,26.9713,769.8451,0.0007,0.0015,-3.1379,0.7852,3.1416,-4703.4653,-28634.0176,24.8430,1
-4703.1636,-28634.3926,24.9425,-5252.6064,-28084.4668,21.9621,-4701.7119,-28634.9824,26.8129,778.8245,-0.0001,0.0015,-3.1379,0.7852,3.1416,-4703.4473,-28634.0430,24.9233,1
-4703.1636,-28634.3926,24.9425,-5252.6064,-28084.4668,21.9621,-4701.5386,-28633.0430,22.1241,777.5663,-0.0004,0.0005,-3.1379,0.7852,3.1416,-4703.4180,-28634.0078,24.8564,1
-4703.1636,-28634.3926,24.9425,-5252.6064,-28084.4668,21.9621,-4696.9077,-28633.8125,29.4840,781.4266,-0.0009,0.0020,-3.1379,0.7852,3.1416,-4703.2358,-28633.9980,25.0185,1
-4703.1636,-28634.3926,24.9425,-5252.6064,-28084.4668,21.9621,-4701.5967,-28638.5527,27.9002,781.4409,0.0004,0.0017,-3.1379,0.7852,3.1416,-4703.1890,-28634.1367,25.1389,1
-4703.1636,-28634.3926,24.9425,-5252.6064,-28084.4668,21.9621,-4705.5088,-28631.3984,24.5465,773.5963,-0.0001,0.0010,-3.1379,0.7852,3.1416,-4703.2642,-28634.0586,25.1565,1
-4703.1636,-28634.3926,24.9425,-5252.6064,-28084.4668,21.9621,-4700.8647,-28632.2109,22.1110,777.4572,-0.0006,0.0005,-3.1379,0.7852,3.1416,-4703.1943,-28633.9980,25.0929,1
-4703.1636,-28634.3926,24.9425,-5252.6064,-28084.4668,21.9621,-4703.1694,-28639.9219,29.4700,781.3176,0.0008,0.0020,-3.1379,0.7852,3.1416,-4703.1934,-28634.1816,25.2574,1
-4703.1636,-28634.3926,24.9425,-5252.6064,-28084.4668,21.9621,-4698.5000,-28640.7520,27.0345,785.1784,0.0003,0.0015,-3.1379,0.7852,3.1416,-4703.0439,-28634.4043,25.3517,1
-4703.1636,-28634.3926,24.9425,-5252.6064,-28084.4668,21.9621,-4701.5039,-28634.5117,20.3165,778.6308,-0.0002,0.0002,-3.1379,0.7852,3.1416,-4702.9800,-28634.4395,25.2327,1
-4703.1636,-28634.3926,24.9425,-5252.6064,-28084.4668,21.9621,-4700.1924,-28631.3770,22.0979,777.3480,-0.0008,0.0005,-3.1379,0.7852,3.1416,-4702.8711,-28634.3750,25.1584,1
-4703.1636,-28634.3926,24.9425,-5252.6064,-28084.4668,21.9621,-4702.4858,-28639.0898,29.4558,781.2084,0.0006,0.0020,-3.1379,0.7852,3.1416,-4702.8311,-28634.5469,25.3123,1
-4703.1636,-28634.3926,24.9425,-5252.6064,-28084.4668,21.9621,-4697.8154,-28639.9160,27.0206,785.0692,0.0001,0.0015,-3.1379,0.7852,3.1416,-4702.6431,-28634.7559,25.3961,1
-4703.1636,-28634.3926,24.9425,-5252.6064,-28084.4668,21.9621,-4704.1670,-28629.7422,24.5197,773.3779,-0.0005,0.0010,-3.1379,0.7852,3.1416,-4702.6489,-28634.6465,25.4021,1
-4703.1636,-28634.3926,24.9425,-5252.6064,-28084.4668,21.9621,-4706.4268,-28637.4512,22.0851,777.2388,0.0010,0.0005,-3.1379,0.7852,3.1416,-4702.7319,-28634.7734,25.3266,1
-4703.1636,-28634.3926,24.9425,-5252.6064,-28084.4668,21.9621,-4701.8032,-28638.2598,29.4416,781.0992,0.0004,0.0020,-3.1379,0.7852,3.1416,-4702.6768,-28634.9297,25.4787,1
-4703.1636,-28634.3926,24.9425,-5252.6064,-28084.4668,21.9621,-4697.1318,-28639.0762,27.0067,784.9601,-0.0002,0.0015,-3.1379,0.7852,3.1416,-4702.4717,-28635.1172,25.5602,1
-4703.1636,-28634.3926,24.9425,-5252.6064,-28084.4668,21.9621,-4703.4976,-28628.9141,24.5064,773.2688,-0.0007,0.0010,-3.1379,0.7852,3.1416,-4702.4595,-28634.9844,25.5633,1
-4703.1636,-28634.3926,24.9425,-5252.6064,-28084.4668,21.9621,-4705.7466,-28636.6230,22.0720,777.1296,0.0007,0.0005,-3.1379,0.7852,3.1416,-4702.5239,-28635.0840,25.4843,1
-4703.1636,-28634.3926,24.9425,-5252.6064,-28084.4668,21.9621,-4701.1216,-28637.4258,29.4275,780.9901,0.0002,0.0020,-3.1379,0.7852,3.1416,-4702.4482,-28635.2090,25.6326,1
-4703.1636,-28634.3926,24.9425,-5252.6064,-28084.4668,21.9621,-4696.4497,-28638.2383,26.9928,784.8509,-0.0004,0.0015,-3.1379,0.7852,3.1416,-4702.2227,-28635.3633,25.7099,1
-4703.1636,-28634.3926,24.9425,-5252.6064,-28084.4668,21.9621,-4702.8296,-28628.0840,24.4931,773.1597,-0.0009,0.0010,-3.1379,0.7852,3.1416,-4702.1899,-28635.1953,25.7083,1
-4703.1636,-28634.3926,24.9425,-5252.6064,-28084.4668,21.9621,-4705.0674,-28635.7969,22.0589,777.0205,0.0005,0.0005,-3.1379,0.7852,3.1416,-4702.2324,-28635.2578,25.6243,1
-4703.1636,-28634.3926,24.9425,-5252.6064,-28084.4668,21.9621,-4700.4414,-28636.5938,29.4133,780.8809,-0.0000,0.0020,-3.1379,0.7852,3.1416,-4702.1348,-28635.3438,25.7672,1
-4703.1636,-28634.3926,24.9425,-5252.6064,-28084.4668,21.9621,-4695.7686,-28637.3984,26.9789,784.7418,-0.0006,0.0015,-3.1379,0.7852,3.1416,-4701.8867,-28635.4570,25.8389,1
-4703.1636,-28634.3926,24.9425,-5252.6064,-28084.4668,21.9621,-4709.0273,-28634.1289,24.4799,773.0505,0.0009,0.0010,-3.1379,0.7852,3.1416,-4702.0532,-28635.4668,25.8313,1
-4703.1636,-28634.3926,24.9425,-5252.6064,-28084.4668,21.9621,-4704.3896,-28634.9688,22.0458,776.9113,0.0003,0.0005,-3.1379,0.7852,3.1416,-4702.0874,-28635.5000,25.7411,1
-4703.1636,-28634.3926,24.9425,-5252.6064,-28084.4668,21.9621,-4699.7627,-28635.7598,29.3991,780.7718,-0.0003,0.0020,-3.1379,0.7852,3.1416,-4701.9795,-28635.5547,25.8776,1
-4703.1636,-28634.3926,24.9425,-5252.6064,-28084.4668,21.9621,-4695.0894,-28636.5586,26.9651,784.6326,-0.0008,0.0015,-3.1379,0.7852,3.1416,-4701.7197,-28635.6328,25.9428,1
-4703.1636,-28634.3926,24.9425,-5252.6064,-28084.4668,21.9621,-4708.3516,-28633.3047,24.4665,772.9413,0.0006,0.0010,-3.1379,0.7852,3.1416,-4701.8735,-28635.6074,25.9285,1
-4703.1636,-28634.3926,24.9425,-5252.6064,-28084.4668,21.9621,-4703.7129,-28634.1387,22.0327,776.8022,0.0001,0.0005,-3.1379,0.7852,3.1416,-4701.8936,-28635.6016,25.8315,1
-4703.1636,-28634.3926,24.9425,-5252.6064,-28084.4668,21.9621,-4699.0850,-28634.9238,29.3853,780.6626,-0.0005,0.0020,-3.1379,0.7852,3.1416,-4701.7705,-28635.6152,25.9612,1
-4703.1636,-28634.3926,24.9425,-5252.6064,-28084.4668,21.9621,-4701.3818,-28642.6875,26.9517,784.5234,0.0010,0.0015,-3.1379,0.7852,3.1416,-4701.7168,-28635.8730,26.0194,1
-4703.1636,-28634.3926,24.9425,-5252.6064,-28084.4668,21.9621,-4698.5859,-28634.4961,27.7359,780.7015,-0.0006,0.0017,-3.1379,0.7852,3.1416,-4701.5747,-28635.8848,26.1038,1
-4703.1636,-28634.3926,24.9425,-5252.6064,-28084.4668,21.9621,-4703.0371,-28633.3105,22.0200,776.6931,-0.0001,0.0005,-3.1379,0.7852,3.1416,-4701.5703,-28635.8516,26.0067,1
-4703.1636,-28634.3926,24.9425,-5252.6064,-28084.4668,21.9621,-4698.4087,-28634.0879,29.3711,780.5534,-0.0007,0.0020,-3.1379,0.7852,3.1416,-4701.4233,-28635.8359,26.1356,1
-4703.1636,-28634.3926,24.9425,-5252.6064,-28084.4668,21.9621,-4700.6943,-28641.8555,26.9378,784.4143,0.0008,0.0015,-3.1379,0.7852,3.1416,-4701.3452,-28636.0625,26.1924,1
-4703.1636,-28634.3926,24.9425,-5252.6064,-28084.4668,21.9621,-4707.0034,-28631.6562,24.4401,772.7230,0.0002,0.0010,-3.1379,0.7852,3.1416,-4701.4717,-28635.9727,26.1691,1
-4703.1636,-28634.3926,24.9425,-5252.6064,-28084.4668,21.9621,-4702.3628,-28632.4785,22.0069,776.5839,-0.0004,0.0005,-3.1379,0.7852,3.1416,-4701.4624,-28635.9004,26.0625,1
-4703.1636,-28634.3926,24.9425,-5252.6064,-28084.4668,21.9621,-4697.7339,-28633.2520,29.3570,780.4443,-0.0009,0.0020,-3.1379,0.7852,3.1416,-4701.3081,-28635.8418,26.1821,1
-4703.1636,-28634.3926,24.9425,-5252.6064,-28084.4668,21.9621,-4700.0078,-28641.0215,26.9239,784.3051,0.0005,0.0015,-3.1379,0.7852,3.1416,-4701.2207,-28636.0254,26.2299,1
-4703.1636,-28634.3926,24.9425,-5252.6064,-28084.4668,21.9621,-4706.3311,-28630.8320,24.4268,772.6138,-0.0000,0.0010,-3.1379,0.7852,3.1416,-4701.3364,-28635.8926,26.1977,1
-4703.1636,-28634.3926,24.9425,-5252.6064,-28084.4668,21.9621,-4701.6899,-28631.6484,21.9938,776.4747,-0.0006,0.0005,-3.1379,0.7852,3.1416,-4701.3154,-28635.7734,26.0824,1
-4703.1636,-28634.3926,24.9425,-5252.6064,-28084.4668,21.9621,-4703.9893,-28639.3516,29.3430,780.3351,0.0009,0.0020,-3.1379,0.7852,3.1416,-4701.3696,-28635.8926,26.1936,1
-4703.1636,-28634.3926,24.9425,-5252.6064,-28084.4668,21.9621,-4699.3228,-28640.1855,26.9100,784.1959,0.0003,0.0015,-3.1379,0.7852,3.1416,-4701.2822,-28636.0449,26.2332,1
-4703.1636,-28634.3926,24.9425,-5252.6064,-28084.4668,21.9621,-4705.6602,-28630.0059,24.4134,772.5047,-0.0002,0.0010,-3.1379,0.7852,3.1416,-4701.3955,-28635.8770,26.1931,1
-4703.1636,-28634.3926,24.9425,-5252.6064,-28084.4668,21.9621,-4701.0181,-28630.8145,21.9808,776.3655,-0.0008,0.0005,-3.1379,0.7852,3.1416,-4701.3687,-28635.7227,26.0702,1
-4703.1636,-28634.3926,24.9425,-5252.6064,-28084.4668,21.9621,-4703.3062,-28638.5215,29.3289,780.2259,0.0007,0.0020,-3.1379,0.7852,3.1416,-4701.4155,-28635.8066,26.1741,1
-4703.1636,-28634.3926,24.9425,-5252.6064,-28084.4668,21.9621,-4698.6387,-28639.3496,26.8962,784.0869,0.0001,0.0015,-3.1379,0.7852,3.1416,-4701.3179,-28635.9219,26.2068,1
-4703.1636,-28634.3926,24.9425,-5252.6064,-28084.4668,21.9621,-4704.9907,-28629.1777,24.4001,772.3956,-0.0005,0.0010,-3.1379,0.7852,3.1416,-4701.4189,-28635.7148,26.1600,1
-4703.1636,-28634.3926,24.9425,-5252.6064,-28084.4668,21.9621,-4707.2466,-28636.8789,21.9680,776.2564,0.0010,0.0005,-3.1379,0.7852,3.1416,-4701.6011,-28635.7441,26.0309,1
-4703.1636,-28634.3926,24.9425,-5252.6064,-28084.4668,21.9621,-4703.5610,-28639.8379,25.0648,780.9554,0.0009,0.0011,-3.1379,0.7852,3.1416,-4701.6763,-28635.8711,25.9927,1
-4703.1636,-28634.3926,24.9425,-5252.6064,-28084.4668,21.9621,-4697.9561,-28638.5137,26.8823,783.9777,-0.0001,0.0015,-3.1379,0.7852,3.1416,-4701.5757,-28635.9629,26.0109,1
-4703.1636,-28634.3926,24.9425,-5252.6064,-28084.4668,21.9621,-4704.3223,-28628.3516,24.3868,772.2864,-0.0007,0.0010,-3.1379,0.7852,3.1416,-4701.6714,-28635.7324,25.9511,1
-4703.1636,-28634.3926,24.9425,-5252.6064,-28084.4668,21.9621,-4706.5669,-28636.0527,21.9549,776.1473,0.0008,0.0005,-3.1379,0.7852,3.1416,-4701.8438,-28635.7344,25.8101,1
-4703.1636,-28634.3926,24.9425,-5252.6064,-28084.4668,21.9621,-4701.9438,-28636.8594,29.3005,780.0076,0.0002,0.0020,-3.1379,0.7852,3.1416,-4701.8774,-28635.7637,25.8974,1
-4703.1636,-28634.3926,24.9425,-5252.6064,-28084.4668,21.9621,-4697.2749,-28637.6758,26.8684,783.8685,-0.0003,0.0015,-3.1379,0.7852,3.1416,-4701.7607,-28635.8223,25.9150,1
-4703.1636,-28634.3926,24.9425,-5252.6064,-28084.4668,21.9621,-4702.6006,-28641.4414,25.3579,782.7722,0.0010,0.0012,-3.1379,0.7852,3.1416,-4701.8027,-28636.0039,25.8870,1
-4703.1636,-28634.3926,24.9425,-5252.6064,-28084.4668,21.9621,-4705.8887,-28635.2266,21.9419,776.0381,0.0006,0.0005,-3.1379,0.7852,3.1416,-4701.9521,-28636.0000,25.7481,1
-4703.1636,-28634.3926,24.9425,-5252.6064,-28084.4668,21.9621,-4705.9375,-28637.3965,27.9001,777.5634,0.0009,0.0017,-3.1379,0.7852,3.1416,-4702.1108,-28636.0605,25.7933,1
-4703.1636,-28634.3926,24.9425,-5252.6064,-28084.4668,21.9621,-4696.5947,-28636.8379,26.8546,783.7593,-0.0006,0.0015,-3.1379,0.7852,3.1416,-4701.9771,-28636.1074,25.8102,1
-4703.1636,-28634.3926,24.9425,-5252.6064,-28084.4668,21.9621,-4697.5713,-28638.8379,28.6662,784.4916,-0.0001,0.0018,-3.1379,0.7852,3.1416,-4701.8618,-28636.2188,25.8878,1
-4703.1636,-28634.3926,24.9425,-5252.6064,-28084.4668,21.9621,-4705.2114,-28634.4004,21.9288,775.9290,0.0003,0.0005,-3.1379,0.7852,3.1416,-4701.9805,-28636.1914,25.7558,1
-4703.1636,-28634.3926,24.9425,-5252.6064,-28084.4668,21.9621,-4700.5859,-28635.1953,29.2723,779.7898,-0.0002,0.0020,-3.1379,0.7852,3.1416,-4701.9570,-28636.1855,25.8518,1
-4703.1636,-28634.3926,24.9425,-5252.6064,-28084.4668,21.9621,-4695.9155,-28635.9980,26.8407,783.6501,-0.0008,0.0015,-3.1379,0.7852,3.1416,-4701.7808,-28636.2012,25.8777,1
-4703.1636,-28634.3926,24.9425,-5252.6064,-28084.4668,21.9621,-4709.1709,-28632.7344,24.3471,771.9594,0.0007,0.0010,-3.1379,0.7852,3.1416,-4702.0176,-28636.1094,25.8256,1
-4703.1636,-28634.3926,24.9425,-5252.6064,-28084.4668,21.9621,-4704.5352,-28633.5723,21.9158,775.8198,0.0001,0.0005,-3.1379,0.7852,3.1416,-4702.1196,-28636.0391,25.6924,1
-4703.1636,-28634.3926,24.9425,-5252.6064,-28084.4668,21.9621,-4699.9092,-28634.3613,29.2581,779.6806,-0.0004,0.0020,-3.1379,0.7852,3.1416,-4702.0771,-28635.9863,25.7874,1
-4703.1636,-28634.3926,24.9425,-5252.6064,-28084.4668,21.9621,-4695.2378,-28635.1582,26.8269,783.5411,-0.0010,0.0015,-3.1379,0.7852,3.1416,-4701.8804,-28635.9570,25.8125,1
-4703.1636,-28634.3926,24.9425,-5252.6064,-28084.4668,21.9621,-4708.4971,-28631.9121,24.3337,771.8502,0.0005,0.0010,-3.1379,0.7852,3.1416,-4702.0942,-28635.8203,25.7599,1
-4703.1636,-28634.3926,24.9425,-5252.6064,-28084.4668,21.9621,-4703.8608,-28632.7441,21.9027,775.7106,-0.0001,0.0005,-3.1379,0.7852,3.1416,-4702.1719,-28635.7031,25.6263,1
-4703.1636,-28634.3926,24.9425,-5252.6064,-28084.4668,21.9621,-4699.2334,-28633.5273,29.2440,779.5715,-0.0007,0.0020,-3.1379,0.7852,3.1416,-4702.1035,-28635.6055,25.7211,1
-4703.1636,-28634.3926,24.9425,-5252.6064,-28084.4668,21.9621,-4701.5151,-28641.2871,26.8132,783.4319,0.0008,0.0015,-3.1379,0.7852,3.1416,-4702.1011,-28635.7520,25.7463,1
-4703.1636,-28634.3926,24.9425,-5252.6064,-28084.4668,21.9621,-4707.8242,-28631.0898,24.3204,771.7411,0.0002,0.0010,-3.1379,0.7852,3.1416,-4702.3008,-28635.5859,25.6939,1
-4703.1636,-28634.3926,24.9425,-5252.6064,-28084.4668,21.9621,-4703.1870,-28631.9141,21.8897,775.6014,-0.0003,0.0005,-3.1379,0.7852,3.1416,-4702.3613,-28635.4375,25.5607,1
-4703.1636,-28634.3926,24.9425,-5252.6064,-28084.4668,21.9621,-4698.5591,-28632.6914,29.2299,779.4623,-0.0009,0.0020,-3.1379,0.7852,3.1416,-4702.2739,-28635.3066,25.6561,1
-4703.1636,-28634.3926,24.9425,-5252.6064,-28084.4668,21.9621,-4700.8296,-28640.4531,26.7994,783.3227,0.0006,0.0015,-3.1379,0.7852,3.1416,-4702.2500,-28635.4219,25.6820,1
-4703.1636,-28634.3926,24.9425,-5252.6064,-28084.4668,21.9621,-4707.1528,-28630.2656,24.3071,771.6319,0.0000,0.0010,-3.1379,0.7852,3.1416,-4702.4263,-28635.2227,25.6305,1
-4703.1636,-28634.3926,24.9425,-5252.6064,-28084.4668,21.9621,-4702.5151,-28631.0840,21.8767,775.4923,-0.0005,0.0005,-3.1379,0.7852,3.1416,-4702.4614,-28635.0391,25.4983,1
-4703.1636,-28634.3926,24.9425,-5252.6064,-28084.4668,21.9621,-4704.8081,-28638.7832,29.2160,779.3531,0.0009,0.0020,-3.1379,0.7852,3.1416,-4702.5688,-28635.0996,25.5948,1
-4703.1636,-28634.3926,24.9425,-5252.6064,-28084.4668,21.9621,-4700.1450,-28639.6191,26.7855,783.2136,0.0004,0.0015,-3.1379,0.7852,3.1416,-4702.5308,-28635.1953,25.6220,1
-4703.1636,-28634.3926,24.9425,-5252.6064,-28084.4668,21.9621,-4699.6616,-28641.4531,22.9672,784.8428,0.0005,0.0007,-3.1379,0.7852,3.1416,-4702.4707,-28635.3594,25.5303,1
-4703.1636,-28634.3926,24.9425,-5252.6064,-28084.4668,21.9621,-4701.8438,-28630.2520,21.8639,775.3832,-0.0008,0.0005,-3.1379,0.7852,3.1416,-4702.4727,-28635.1816,25.3970,1
-4703.1636,-28634.3926,24.9425,-5252.6064,-28084.4668,21.9621,-4704.1260,-28637.9531,29.2022,779.2440,0.0007,0.0020,-3.1379,0.7852,3.1416,-4702.5454,-28635.2402,25.4926,1
-4703.1636,-28634.3926,24.9425,-5252.6064,-28084.4668,21.9621,-4703.3896,-28636.3770,27.0302,778.6289,0.0004,0.0015,-3.1379,0.7852,3.1416,-4702.5972,-28635.2559,25.5278,1
-4703.1636,-28634.3926,24.9425,-5252.6064,-28084.4668,21.9621,-4704.7085,-28631.5996,27.3591,774.3172,-0.0001,0.0016,-3.1379,0.7852,3.1416,-4702.6919,-28635.1211,25.5776,1
-4703.1636,-28634.3926,24.9425,-5252.6064,-28084.4668,21.9621,-4701.1743,-28629.4199,21.8509,775.2740,-0.0010,0.0005,-3.1379,0.7852,3.1416,-4702.6763,-28634.9082,25.4540,1
-4703.1636,-28634.3926,24.9425,-5252.6064,-28084.4668,21.9621,-4703.4448,-28637.1250,29.1881,779.1348,0.0005,0.0020,-3.1379,0.7852,3.1416,-4702.7290,-28634.9336,25.5589,1
-4703.1636,-28634.3926,24.9425,-5252.6064,-28084.4668,21.9621,-4698.7803,-28637.9492,26.7581,782.9952,-0.0001,0.0015,-3.1379,0.7852,3.1416,-4702.6328,-28634.9922,25.5939,1
-4703.1636,-28634.3926,24.9425,-5252.6064,-28084.4668,21.9621,-4705.1460,-28627.7871,24.2675,771.3044,-0.0006,0.0010,-3.1379,0.7852,3.1416,-4702.7314,-28634.7305,25.5515,1
-4703.1636,-28634.3926,24.9425,-5252.6064,-28084.4668,21.9621,-4707.3867,-28635.4824,21.8381,775.1648,0.0008,0.0005,-3.1379,0.7852,3.1416,-4702.9067,-28634.7031,25.4281,1
-4703.1636,-28634.3926,24.9425,-5252.6064,-28084.4668,21.9621,-4702.7651,-28636.2949,29.1739,779.0256,0.0003,0.0020,-3.1379,0.7852,3.1416,-4702.9414,-28634.7070,25.5331,1
-4703.1636,-28634.3926,24.9425,-5252.6064,-28084.4668,21.9621,-4705.7783,-28633.9395,29.8480,775.2374,0.0004,0.0021,-3.1379,0.7852,3.1416,-4703.0713,-28634.6406,25.6689,1
-4703.1636,-28634.3926,24.9425,-5252.6064,-28084.4668,21.9621,-4704.4800,-28626.9609,24.2542,771.1953,-0.0009,0.0010,-3.1379,0.7852,3.1416,-4703.1636,-28634.3477,25.6332,1
-4703.1636,-28634.3926,24.9425,-5252.6064,-28084.4668,21.9621,-4706.7090,-28634.6582,21.8251,775.0557,0.0006,0.0005,-3.1379,0.7852,3.1416,-4703.3281,-28634.2910,25.5160,1
-4703.1636,-28634.3926,24.9425,-5252.6064,-28084.4668,21.9621,-4702.0864,-28635.4629,29.1598,778.9166,0.0000,0.0020,-3.1379,0.7852,3.1416,-4703.3491,-28634.2617,25.6266,1
-4703.1636,-28634.3926,24.9425,-5252.6064,-28084.4668,21.9621,-4697.4199,-28636.2754,26.7305,782.7769,-0.0005,0.0015,-3.1379,0.7852,3.1416,-4703.2163,-28634.2656,25.6669,1
-4703.1636,-28634.3926,24.9425,-5252.6064,-28084.4668,21.9621,-4710.6646,-28632.9844,24.2412,771.0861,0.0009,0.0010,-3.1379,0.7852,3.1416,-4703.4946,-28634.1699,25.6290,1
-4703.1636,-28634.3926,24.9425,-5252.6064,-28084.4668,21.9621,-4706.0327,-28633.8320,21.8121,774.9465,0.0004,0.0005,-3.1379,0.7852,3.1416,-4703.6367,-28634.1016,25.5097,1
-4703.1636,-28634.3926,24.9425,-5252.6064,-28084.4668,21.9621,-4701.4092,-28634.6309,29.1457,778.8074,-0.0002,0.0020,-3.1379,0.7852,3.1416,-4703.6323,-28634.0605,25.6182,1
-4703.1636,-28634.3926,24.9425,-5252.6064,-28084.4668,21.9621,-4696.7422,-28635.4375,26.7167,782.6677,-0.0007,0.0015,-3.1379,0.7852,3.1416,-4703.4712,-28634.0508,25.6566,1
-4703.1636,-28634.3926,24.9425,-5252.6064,-28084.4668,21.9621,-4709.9902,-28632.1641,24.2279,770.9770,0.0007,0.0010,-3.1379,0.7852,3.1416,-4703.7202,-28633.9395,25.6168,1
-4703.1636,-28634.3926,24.9425,-5252.6064,-28084.4668,21.9621,-4705.3574,-28633.0039,21.7991,774.8373,0.0002,0.0005,-3.1379,0.7852,3.1416,-4703.8301,-28633.8535,25.4957,1
-4703.1636,-28634.3926,24.9425,-5252.6064,-28084.4668,21.9621,-4700.7334,-28633.7988,29.1316,778.6982,-0.0004,0.0020,-3.1379,0.7852,3.1416,-4703.7920,-28633.7930,25.6025,1
-4703.1636,-28634.3926,24.9425,-5252.6064,-28084.4668,21.9621,-4696.0649,-28634.5977,26.7029,782.5586,-0.0010,0.0015,-3.1379,0.7852,3.1416,-4703.5962,-28633.7617,25.6391,1
-4703.1636,-28634.3926,24.9425,-5252.6064,-28084.4668,21.9621,-4699.1138,-28631.9375,29.1395,778.5369,-0.0009,0.0020,-3.1379,0.7852,3.1416,-4703.4790,-28633.6504,25.7564,1
-4703.1636,-28634.3926,24.9425,-5252.6064,-28084.4668,21.9621,-4704.8296,-28633.1309,20.8190,775.3010,0.0001,0.0003,-3.1379,0.7852,3.1416,-4703.5347,-28633.5742,25.6129,1
-4703.1636,-28634.3926,24.9425,-5252.6064,-28084.4668,21.9621,-4700.0586,-28632.9648,29.1175,778.5891,-0.0006,0.0020,-3.1379,0.7852,3.1416,-4703.4395,-28633.4941,25.7255,1
-4703.1636,-28634.3926,24.9425,-5252.6064,-28084.4668,21.9621,-4702.3359,-28640.7168,26.6893,782.4494,0.0008,0.0015,-3.1379,0.7852,3.1416,-4703.4097,-28633.6660,25.7673,1
-4703.1636,-28634.3926,24.9425,-5252.6064,-28084.4668,21.9621,-4708.6455,-28630.5215,24.2013,770.7587,0.0003,0.0009,-3.1379,0.7852,3.1416,-4703.5811,-28633.5254,25.7303,1
-4703.1636,-28634.3926,24.9425,-5252.6064,-28084.4668,21.9621,-4707.5874,-28631.8242,25.8400,772.4340,0.0003,0.0013,-3.1379,0.7852,3.1416,-4703.7290,-28633.4238,25.7425,1
-4703.1636,-28634.3926,24.9425,-5252.6064,-28084.4668,21.9621,-4699.3848,-28632.1309,29.1035,778.4799,-0.0008,0.0019,-3.1379,0.7852,3.1416,-4703.6201,-28633.3301,25.8594,1
-4703.1636,-28634.3926,24.9425,-5252.6064,-28084.4668,21.9621,-4701.6509,-28639.8848,26.6754,782.3403,0.0006,0.0014,-3.1379,0.7852,3.1416,-4703.5737,-28633.4844,25.9047,1
-4703.1636,-28634.3926,24.9425,-5252.6064,-28084.4668,21.9621,-4707.9746,-28629.6973,24.1880,770.6495,0.0001,0.0009,-3.1379,0.7852,3.1416,-4703.7271,-28633.3281,25.8706,1
-4703.1636,-28634.3926,24.9425,-5252.6064,-28084.4668,21.9621,-4703.3394,-28630.5195,21.7601,774.5098,-0.0005,0.0004,-3.1379,0.7852,3.1416,-4703.7383,-28633.1914,25.7537,1
-4703.1636,-28634.3926,24.9425,-5252.6064,-28084.4668,21.9621,-4705.6274,-28638.2129,29.0896,778.3708,0.0009,0.0019,-3.1379,0.7852,3.1416,-4703.8213,-28633.2988,25.8637,1
-4703.1636,-28634.3926,24.9425,-5252.6064,-28084.4668,21.9621,-4700.9673,-28639.0527,26.6616,782.2311,0.0004,0.0014,-3.1379,0.7852,3.1416,-4703.7583,-28633.4453,25.9023,1
-4703.1636,-28634.3926,24.9425,-5252.6064,-28084.4668,21.9621,-4707.3052,-28628.8730,24.1747,770.5403,-0.0002,0.0009,-3.1379,0.7852,3.1416,-4703.8921,-28633.2793,25.8617,1
-4703.1636,-28634.3926,24.9425,-5252.6064,-28084.4668,21.9621,-4704.5781,-28628.1484,29.3003,771.9907,-0.0007,0.0020,-3.1379,0.7852,3.1416,-4703.9443,-28633.0801,25.9829,1
-4703.1636,-28634.3926,24.9425,-5252.6064,-28084.4668,21.9621,-4701.8223,-28641.2754,29.7584,783.2307,0.0008,0.0021,-3.1379,0.7852,3.1416,-4703.9082,-28633.2930,26.1238,1
-4703.1636,-28634.3926,24.9425,-5252.6064,-28084.4668,21.9621,-4700.2852,-28638.2188,26.6478,782.1219,0.0002,0.0014,-3.1379,0.7852,3.1416,-4703.8169,-28633.4277,26.1724,1
-4703.1636,-28634.3926,24.9425,-5252.6064,-28084.4668,21.9621,-4706.6372,-28628.0488,24.1615,770.4312,-0.0004,0.0009,-3.1379,0.7852,3.1416,-4703.9214,-28633.2461,26.1402,1
-4703.1636,-28634.3926,24.9425,-5252.6064,-28084.4668,21.9621,-4702.0000,-28628.8594,21.7341,774.2916,-0.0009,0.0004,-3.1379,0.7852,3.1416,-4703.8809,-28633.0801,26.0243,1
-4703.1636,-28634.3926,24.9425,-5252.6064,-28084.4668,21.9621,-4704.2656,-28636.5566,29.0614,778.1524,0.0005,0.0019,-3.1379,0.7852,3.1416,-4703.9087,-28633.1543,26.1340,1
-4703.1636,-28634.3926,24.9425,-5252.6064,-28084.4668,21.9621,-4699.6040,-28637.3848,26.6340,782.0128,-0.0000,0.0014,-3.1379,0.7852,3.1416,-4703.7876,-28633.2637,26.1715,1
-4703.1636,-28634.3926,24.9425,-5252.6064,-28084.4668,21.9621,-4705.6001,-28630.5234,22.0713,772.9114,-0.0002,0.0005,-3.1379,0.7852,3.1416,-4703.8486,-28633.1621,26.0616,1
-4703.1636,-28634.3926,24.9425,-5252.6064,-28084.4668,21.9621,-4708.2065,-28634.9121,21.7214,774.1824,0.0008,0.0004,-3.1379,0.7852,3.1416,-4703.9980,-28633.1973,25.9310,1
-4703.1636,-28634.3926,24.9425,-5252.6064,-28084.4668,21.9621,-4703.5869,-28635.7266,29.0473,778.0433,0.0003,0.0019,-3.1379,0.7852,3.1416,-4704.0068,-28633.2637,26.0270,1
-4703.1636,-28634.3926,24.9425,-5252.6064,-28084.4668,21.9621,-4698.9238,-28636.5488,26.6202,781.9036,-0.0003,0.0014,-3.1379,0.7852,3.1416,-4703.8647,-28633.3613,26.0516,1
-4703.1636,-28634.3926,24.9425,-5252.6064,-28084.4668,21.9621,-4706.6392,-28634.8633,22.2733,775.2512,0.0006,0.0006,-3.1379,0.7852,3.1416,-4703.9585,-28633.4121,25.9372,1
-4703.1636,-28634.3926,24.9425,-5252.6064,-28084.4668,21.9621,-4707.5298,-28634.0879,21.7084,774.0732,0.0006,0.0004,-3.1379,0.7852,3.1416,-4704.0869,-28633.4414,25.7961,1
-4703.1636,-28634.3926,24.9425,-5252.6064,-28084.4668,21.9621,-4702.9092,-28634.8965,29.0332,777.9341,0.0001,0.0019,-3.1379,0.7852,3.1416,-4704.0732,-28633.4980,25.8825,1
-4703.1636,-28634.3926,24.9425,-5252.6064,-28084.4668,21.9621,-4698.2456,-28635.7129,26.6067,781.7944,-0.0005,0.0014,-3.1379,0.7852,3.1416,-4703.9067,-28633.5820,25.8983,1
-4703.1636,-28634.3926,24.9425,-5252.6064,-28084.4668,21.9621,-4711.4829,-28632.4121,24.1223,770.1037,0.0010,0.0009,-3.1379,0.7852,3.1416,-4704.1543,-28633.5664,25.8356,1
-4703.1636,-28634.3926,24.9425,-5252.6064,-28084.4668,21.9621,-4706.8540,-28633.2637,21.6957,773.9641,0.0004,0.0004,-3.1379,0.7852,3.1416,-4704.2671,-28633.5723,25.6914,1
-4703.1636,-28634.3926,24.9425,-5252.6064,-28084.4668,21.9621,-4702.2324,-28634.0664,29.0195,777.8249,-0.0001,0.0019,-3.1379,0.7852,3.1416,-4704.2354,-28633.6035,25.7750,1
-4703.1636,-28634.3926,24.9425,-5252.6064,-28084.4668,21.9621,-4697.5679,-28634.8750,26.5929,781.6854,-0.0007,0.0014,-3.1379,0.7852,3.1416,-4704.0488,-28633.6621,25.7885,1
-4703.1636,-28634.3926,24.9425,-5252.6064,-28084.4668,21.9621,-4710.8091,-28631.5938,24.1090,769.9945,0.0007,0.0009,-3.1379,0.7852,3.1416,-4704.2744,-28633.6152,25.7240,1
-4703.1636,-28634.3926,24.9425,-5252.6064,-28084.4668,21.9621,-4706.1797,-28632.4375,21.6827,773.8549,0.0002,0.0004,-3.1379,0.7852,3.1416,-4704.3628,-28633.5918,25.5784,1
-4703.1636,-28634.3926,24.9425,-5252.6064,-28084.4668,21.9621,-4707.7241,-28635.2168,27.0339,774.7519,0.0008,0.0015,-3.1379,0.7852,3.1416,-4704.5039,-28633.6543,25.5978,1
-4703.1636,-28634.3926,24.9425,-5252.6064,-28084.4668,21.9621,-4696.8916,-28634.0371,26.5792,781.5762,-0.0009,0.0014,-3.1379,0.7852,3.1416,-4704.3032,-28633.6797,25.6066,1
-4703.1636,-28634.3926,24.9425,-5252.6064,-28084.4668,21.9621,-4710.1367,-28630.7734,24.0957,769.8854,0.0005,0.0009,-3.1379,0.7852,3.1416,-4704.5112,-28633.6016,25.5382,1
-4703.1636,-28634.3926,24.9425,-5252.6064,-28084.4668,21.9621,-4700.6987,-28631.8867,28.1165,777.3679,-0.0007,0.0017,-3.1379,0.7852,3.1416,-4704.4253,-28633.5527,25.5973,1
-4703.1636,-28634.3926,24.9425,-5252.6064,-28084.4668,21.9621,-4700.8828,-28632.4023,28.9914,777.6066,-0.0006,0.0019,-3.1379,0.7852,3.1416,-4704.3354,-28633.5176,25.6910,1
-4703.1636,-28634.3926,24.9425,-5252.6064,-28084.4668,21.9621,-4703.1562,-28640.1484,26.5656,781.4670,0.0009,0.0014,-3.1379,0.7852,3.1416,-4704.3105,-28633.7266,25.7143,1
-4703.1636,-28634.3926,24.9425,-5252.6064,-28084.4668,21.9621,-4698.4932,-28640.9727,24.1152,785.3279,0.0003,0.0009,-3.1379,0.7852,3.1416,-4704.1348,-28633.9766,25.6615,1
-4703.1636,-28634.3926,24.9425,-5252.6064,-28084.4668,21.9621,-4704.8345,-28630.7832,21.6567,773.6366,-0.0002,0.0004,-3.1379,0.7852,3.1416,-4704.1484,-28633.9141,25.5252,1
-4703.1636,-28634.3926,24.9425,-5252.6064,-28084.4668,21.9621,-4700.2100,-28631.5684,28.9773,777.4975,-0.0008,0.0019,-3.1379,0.7852,3.1416,-4704.0151,-28633.8672,25.6170,1
-4703.1636,-28634.3926,24.9425,-5252.6064,-28084.4668,21.9621,-4702.4722,-28639.3164,26.5518,781.3578,0.0006,0.0014,-3.1379,0.7852,3.1416,-4703.9468,-28634.0645,25.6386,1
-4703.1636,-28634.3926,24.9425,-5252.6064,-28084.4668,21.9621,-4697.8081,-28640.1348,24.1017,785.2187,0.0001,0.0009,-3.1379,0.7852,3.1416,-4703.7280,-28634.2949,25.5844,1
-4703.1636,-28634.3926,24.9425,-5252.6064,-28084.4668,21.9621,-4704.1636,-28629.9551,21.6438,773.5275,-0.0005,0.0004,-3.1379,0.7852,3.1416,-4703.7002,-28634.2129,25.4472,1
-4703.1636,-28634.3926,24.9425,-5252.6064,-28084.4668,21.9621,-4706.4468,-28637.6426,28.9635,777.3883,0.0010,0.0019,-3.1379,0.7852,3.1416,-4703.7485,-28634.3652,25.5381,1
-4703.1636,-28634.3926,24.9425,-5252.6064,-28084.4668,21.9621,-4701.7891,-28638.4844,26.5380,781.2487,0.0004,0.0014,-3.1379,0.7852,3.1416,-4703.6548,-28634.5488,25.5592,1
-4703.1636,-28634.3926,24.9425,-5252.6064,-28084.4668,21.9621,-4701.8789,-28630.4512,25.5967,775.5037,-0.0007,0.0012,-3.1379,0.7852,3.1416,-4703.5610,-28634.4824,25.5528,1
-4703.1636,-28634.3926,24.9425,-5252.6064,-28084.4668,21.9621,-4703.4941,-28629.1270,21.6308,773.4183,-0.0007,0.0004,-3.1379,0.7852,3.1416,-4703.5176,-28634.3594,25.4186,1
-4703.1636,-28634.3926,24.9425,-5252.6064,-28084.4668,21.9621,-4705.7661,-28636.8164,28.9494,777.2792,0.0008,0.0019,-3.1379,0.7852,3.1416,-4703.5483,-28634.4727,25.5126,1
-4703.1636,-28634.3926,24.9425,-5252.6064,-28084.4668,21.9621,-4701.1079,-28637.6523,26.5242,781.1396,0.0002,0.0014,-3.1379,0.7852,3.1416,-4703.4365,-28634.6152,25.5366,1
-4703.1636,-28634.3926,24.9425,-5252.6064,-28084.4668,21.9621,-4696.4419,-28638.4590,24.0747,785.0004,-0.0003,0.0009,-3.1379,0.7852,3.1416,-4703.1729,-28634.7871,25.4850,1
-4703.1636,-28634.3926,24.9425,-5252.6064,-28084.4668,21.9621,-4702.8262,-28628.2969,21.6179,773.3091,-0.0009,0.0004,-3.1379,0.7852,3.1416,-4703.0996,-28634.6387,25.3504,1
-4703.1636,-28634.3926,24.9425,-5252.6064,-28084.4668,21.9621,-4705.0864,-28635.9883,28.9354,777.1700,0.0005,0.0019,-3.1379,0.7852,3.1416,-4703.1016,-28634.7227,25.4442,1
-4703.1636,-28634.3926,24.9425,-5252.6064,-28084.4668,21.9621,-4703.9927,-28635.4180,24.7509,777.5131,0.0003,0.0011,-3.1379,0.7852,3.1416,-4703.0752,-28634.7891,25.4119,1
-4703.1636,-28634.3926,24.9425,-5252.6064,-28084.4668,21.9621,-4695.7607,-28637.6191,24.0612,784.8912,-0.0006,0.0009,-3.1379,0.7852,3.1416,-4702.7905,-28634.9238,25.3568,1
-4703.1636,-28634.3926,24.9425,-5252.6064,-28084.4668,21.9621,-4695.6196,-28636.8320,25.4890,784.4409,-0.0007,0.0012,-3.1379,0.7852,3.1416,-4702.4883,-28635.0391,25.3449,1
-4703.1636,-28634.3926,24.9425,-5252.6064,-28084.4668,21.9621,-4703.8818,-28638.9883,25.8298,780.1292,0.0008,0.0013,-3.1379,0.7852,3.1416,-4702.4385,-28635.2246,25.3449,1
-4703.1636,-28634.3926,24.9425,-5252.6064,-28084.4668,21.9621,-4699.7480,-28635.9844,26.4967,780.9212,-0.0002,0.0014,-3.1379,0.7852,3.1416,-4702.2632,-28635.3184,25.3680,1
-4703.1636,-28634.3926,24.9425,-5252.6064,-28084.4668,21.9621,-4695.0806,-28636.7793,24.0478,784.7821,-0.0008,0.0009,-3.1379,0.7852,3.1416,-4701.9380,-28635.4355,25.3160,1
-4703.1636,-28634.3926,24.9425,-5252.6064,-28084.4668,21.9621,-4708.3501,-28633.5176,21.5922,773.0908,0.0007,0.0004,-3.1379,0.7852,3.1416,-4702.0283,-28635.4492,25.1816,1
-4703.1636,-28634.3926,24.9425,-5252.6064,-28084.4668,21.9621,-4703.7310,-28634.3320,28.9073,776.9517,0.0001,0.0019,-3.1379,0.7852,3.1416,-4701.9873,-28635.4824,25.2761,1
-4703.1636,-28634.3926,24.9425,-5252.6064,-28084.4668,21.9621,-4699.0698,-28635.1504,26.4829,780.8121,-0.0004,0.0014,-3.1379,0.7852,3.1416,-4701.8052,-28635.5352,25.3012,1
-4703.1636,-28634.3926,24.9425,-5252.6064,-28084.4668,21.9621,-4694.4019,-28635.9375,24.0343,784.6729,-0.0010,0.0009,-3.1379,0.7852,3.1416,-4701.4722,-28635.6094,25.2513,1
-4703.1636,-28634.3926,24.9425,-5252.6064,-28084.4668,21.9621,-4707.6748,-28632.6934,21.5793,772.9817,0.0004,0.0004,-3.1379,0.7852,3.1416,-4701.5547,-28635.5781,25.1192,1
-4703.1636,-28634.3926,24.9425,-5252.6064,-28084.4668,21.9621,-4703.0552,-28633.5020,28.8932,776.8425,-0.0001,0.0019,-3.1379,0.7852,3.1416,-4701.5054,-28635.5625,25.2160,1
-4703.1636,-28634.3926,24.9425,-5252.6064,-28084.4668,21.9621,-4698.3936,-28634.3145,26.4692,780.7029,-0.0007,0.0014,-3.1379,0.7852,3.1416,-4701.3145,-28635.5684,25.2435,1
-4703.1636,-28634.3926,24.9425,-5252.6064,-28084.4668,21.9621,-4700.6880,-28642.0742,24.0210,784.5638,0.0008,0.0009,-3.1379,0.7852,3.1416,-4701.1948,-28635.8164,25.1960,1
-4703.1636,-28634.3926,24.9425,-5252.6064,-28084.4668,21.9621,-4707.0015,-28631.8691,21.5663,772.8725,0.0002,0.0004,-3.1379,0.7852,3.1416,-4701.2817,-28635.7500,25.0664,1
-4703.1636,-28634.3926,24.9425,-5252.6064,-28084.4668,21.9621,-4702.3809,-28632.6719,28.8792,776.7333,-0.0003,0.0019,-3.1379,0.7852,3.1416,-4701.2363,-28635.6973,25.1657,1
-4703.1636,-28634.3926,24.9425,-5252.6064,-28084.4668,21.9621,-4697.7183,-28633.4766,26.4554,780.5938,-0.0009,0.0014,-3.1379,0.7852,3.1416,-4701.0474,-28635.6621,25.1958,1
-4703.1636,-28634.3926,24.9425,-5252.6064,-28084.4668,21.9621,-4705.8569,-28637.3574,23.2288,777.5743,0.0009,0.0007,-3.1379,0.7852,3.1416,-4701.1152,-28635.7480,25.1255,1
-4703.1636,-28634.3926,24.9425,-5252.6064,-28084.4668,21.9621,-4706.3291,-28631.0430,21.5534,772.7634,0.0000,0.0004,-3.1379,0.7852,3.1416,-4701.2139,-28635.6289,24.9969,1
-4703.1636,-28634.3926,24.9425,-5252.6064,-28084.4668,21.9621,-4708.6108,-28634.1348,21.7441,773.3461,0.0008,0.0004,-3.1379,0.7852,3.1416,-4701.3999,-28635.5996,24.8676,1
-4703.1636,-28634.3926,24.9425,-5252.6064,-28084.4668,21.9621,-4703.9761,-28639.5781,26.4419,780.4846,0.0009,0.0014,-3.1379,0.7852,3.1416,-4701.4531,-28635.7422,24.8841,1
-4703.1636,-28634.3926,24.9425,-5252.6064,-28084.4668,21.9621,-4699.3159,-28640.4062,23.9940,784.3455,0.0003,0.0009,-3.1379,0.7852,3.1416,-4701.3643,-28635.9180,24.8271,1
-4703.1636,-28634.3926,24.9425,-5252.6064,-28084.4668,21.9621,-4705.6577,-28630.2168,21.5404,772.6542,-0.0002,0.0004,-3.1379,0.7852,3.1416,-4701.4761,-28635.7734,24.6898,1
-4703.1636,-28634.3926,24.9425,-5252.6064,-28084.4668,21.9621,-4709.7944,-28632.9219,23.1579,771.6505,0.0008,0.0007,-3.1379,0.7852,3.1416,-4701.7324,-28635.7031,24.5993,1
-4703.1636,-28634.3926,24.9425,-5252.6064,-28084.4668,21.9621,-4703.2930,-28638.7480,26.4284,780.3754,0.0007,0.0014,-3.1379,0.7852,3.1416,-4701.7954,-28635.8125,24.6127,1
-4703.1636,-28634.3926,24.9425,-5252.6064,-28084.4668,21.9621,-4698.6318,-28639.5703,23.9809,784.2363,0.0001,0.0009,-3.1379,0.7852,3.1416,-4701.7119,-28635.9551,24.5537,1
-4703.1636,-28634.3926,24.9425,-5252.6064,-28084.4668,21.9621,-4702.7861,-28629.6152,24.2231,774.2664,-0.0007,0.0010,-3.1379,0.7852,3.1416,-4701.7544,-28635.7832,24.5027,1
-4703.1636,-28634.3926,24.9425,-5252.6064,-28084.4668,21.9621,-4700.3643,-28630.1738,28.8374,776.4059,-0.0010,0.0019,-3.1379,0.7852,3.1416,-4701.7207,-28635.6172,24.6015,1
-4703.1636,-28634.3926,24.9425,-5252.6064,-28084.4668,21.9621,-4702.6108,-28637.9180,26.4147,780.2664,0.0005,0.0014,-3.1379,0.7852,3.1416,-4701.7554,-28635.6855,24.6328,1
-4703.1636,-28634.3926,24.9425,-5252.6064,-28084.4668,21.9621,-4697.9487,-28638.7324,23.9674,784.1271,-0.0001,0.0009,-3.1379,0.7852,3.1416,-4701.6431,-28635.7852,24.5908,1
-4703.1636,-28634.3926,24.9425,-5252.6064,-28084.4668,21.9621,-4704.3193,-28628.5625,21.5149,772.4359,-0.0006,0.0004,-3.1379,0.7852,3.1416,-4701.7271,-28635.5645,24.4687,1
-4703.1636,-28634.3926,24.9425,-5252.6064,-28084.4668,21.9621,-4706.5854,-28636.2461,28.8236,776.2968,0.0008,0.0019,-3.1379,0.7852,3.1416,-4701.8892,-28635.5762,24.5770,1
-4703.1636,-28634.3926,24.9425,-5252.6064,-28084.4668,21.9621,-4702.5215,-28636.7461,26.3752,779.4984,0.0003,0.0014,-3.1379,0.7852,3.1416,-4701.9302,-28635.6035,24.6168,1
-4703.1636,-28634.3926,24.9425,-5252.6064,-28084.4668,21.9621,-4697.2671,-28637.8945,23.9541,784.0179,-0.0003,0.0009,-3.1379,0.7852,3.1416,-4701.8037,-28635.6719,24.5836,1
-4703.1636,-28634.3926,24.9425,-5252.6064,-28084.4668,21.9621,-4703.6519,-28627.7344,21.5020,772.3267,-0.0009,0.0004,-3.1379,0.7852,3.1416,-4701.8711,-28635.4180,24.4698,1
-4703.1636,-28634.3926,24.9425,-5252.6064,-28084.4668,21.9621,-4705.9067,-28635.4199,28.8098,776.1876,0.0006,0.0019,-3.1379,0.7852,3.1416,-4702.0146,-28635.3965,24.5862,1
-4703.1636,-28634.3926,24.9425,-5252.6064,-28084.4668,21.9621,-4701.2505,-28636.2539,26.3872,780.0480,0.0000,0.0014,-3.1379,0.7852,3.1416,-4702.0161,-28635.4004,24.6343,1
-4703.1636,-28634.3926,24.9425,-5252.6064,-28084.4668,21.9621,-4696.5869,-28637.0566,23.9407,783.9089,-0.0005,0.0009,-3.1379,0.7852,3.1416,-4701.8657,-28635.4355,24.6083,1
-4703.1636,-28634.3926,24.9425,-5252.6064,-28084.4668,21.9621,-4709.8452,-28633.7676,21.4893,772.2176,0.0009,0.0004,-3.1379,0.7852,3.1416,-4702.1304,-28635.3672,24.5013,1
-4703.1636,-28634.3926,24.9425,-5252.6064,-28084.4668,21.9621,-4705.2290,-28634.5918,28.7958,776.0784,0.0004,0.0019,-3.1379,0.7852,3.1416,-4702.2612,-28635.3223,24.6240,1
-4703.1636,-28634.3926,24.9425,-5252.6064,-28084.4668,21.9621,-4700.5718,-28635.4199,26.3735,779.9388,-0.0002,0.0014,-3.1379,0.7852,3.1416,-4702.2471,-28635.3047,24.6780,1
-4703.1636,-28634.3926,24.9425,-5252.6064,-28084.4668,21.9621,-4702.9316,-28637.3730,20.8486,779.6450,0.0004,0.0003,-3.1379,0.7852,3.1416,-4702.3037,-28635.3516,24.5586,1
-4703.1636,-28634.3926,24.9425,-5252.6064,-28084.4668,21.9621,-4709.1699,-28632.9473,21.4764,772.1084,0.0007,0.0004,-3.1379,0.7852,3.1416,-4702.5620,-28635.2598,24.4502,1
-4703.1636,-28634.3926,24.9425,-5252.6064,-28084.4668,21.9621,-4704.5527,-28633.7656,28.7817,775.9692,0.0001,0.0019,-3.1379,0.7852,3.1416,-4702.6831,-28635.1895,24.5717,1
-4703.1636,-28634.3926,24.9425,-5252.6064,-28084.4668,21.9621,-4699.8950,-28634.5859,26.3597,779.8297,-0.0004,0.0014,-3.1379,0.7852,3.1416,-4702.6562,-28635.1445,24.6247,1
-4703.1636,-28634.3926,24.9425,-5252.6064,-28084.4668,21.9621,-4695.2295,-28635.3770,23.9138,783.6905,-0.0010,0.0009,-3.1379,0.7852,3.1416,-4702.4727,-28635.1250,24.6032,1
-4703.1636,-28634.3926,24.9425,-5252.6064,-28084.4668,21.9621,-4708.4956,-28632.1230,21.4634,771.9992,0.0005,0.0004,-3.1379,0.7852,3.1416,-4702.6973,-28635.0020,24.5006,1
-4703.1636,-28634.3926,24.9425,-5252.6064,-28084.4668,21.9621,-4703.8774,-28632.9355,28.7677,775.8601,-0.0001,0.0019,-3.1379,0.7852,3.1416,-4702.7832,-28634.9004,24.6273,1
-4703.1636,-28634.3926,24.9425,-5252.6064,-28084.4668,21.9621,-4699.2188,-28633.7520,26.3460,779.7205,-0.0006,0.0014,-3.1379,0.7852,3.1416,-4702.7197,-28634.8223,24.6851,1
-4703.1636,-28634.3926,24.9425,-5252.6064,-28084.4668,21.9621,-4701.5093,-28641.5059,23.9006,783.5814,0.0008,0.0009,-3.1379,0.7852,3.1416,-4702.7207,-28634.9922,24.6680,1
-4703.1636,-28634.3926,24.9425,-5252.6064,-28084.4668,21.9621,-4707.8228,-28631.3008,21.4505,771.8901,0.0003,0.0004,-3.1379,0.7852,3.1416,-4702.9209,-28634.8496,24.5692,1
-4703.1636,-28634.3926,24.9425,-5252.6064,-28084.4668,21.9621,-4703.2036,-28632.1074,28.7537,775.7510,-0.0003,0.0019,-3.1379,0.7852,3.1416,-4702.9805,-28634.7266,24.6994,1
-4703.1636,-28634.3926,24.9425,-5252.6064,-28084.4668,21.9621,-4698.5444,-28632.9160,26.3323,779.6114,-0.0008,0.0014,-3.1379,0.7852,3.1416,-4702.8892,-28634.6270,24.7601,1
-4703.1636,-28634.3926,24.9425,-5252.6064,-28084.4668,21.9621,-4700.8232,-28640.6719,23.8871,783.4722,0.0006,0.0009,-3.1379,0.7852,3.1416,-4702.8594,-28634.7734,24.7456,1
-4703.1636,-28634.3926,24.9425,-5252.6064,-28084.4668,21.9621,-4707.1514,-28630.4766,21.4376,771.7809,0.0000,0.0004,-3.1379,0.7852,3.1416,-4703.0278,-28634.6055,24.6489,1
-4703.1636,-28634.3926,24.9425,-5252.6064,-28084.4668,21.9621,-4702.5312,-28631.2773,28.7398,775.6418,-0.0005,0.0019,-3.1379,0.7852,3.1416,-4703.0542,-28634.4570,24.7808,1
-4703.1636,-28634.3926,24.9425,-5252.6064,-28084.4668,21.9621,-4704.7959,-28639.0078,26.3188,779.5022,0.0009,0.0014,-3.1379,0.7852,3.1416,-4703.1509,-28634.5527,24.8428,1
-4703.1636,-28634.3926,24.9425,-5252.6064,-28084.4668,21.9621,-4699.9741,-28635.7109,25.5012,780.5639,-0.0002,0.0012,-3.1379,0.7852,3.1416,-4703.0942,-28634.5527,24.8812,1
-4703.1636,-28634.3926,24.9425,-5252.6064,-28084.4668,21.9621,-4706.4810,-28629.6504,21.4247,771.6718,-0.0002,0.0004,-3.1379,0.7852,3.1416,-4703.2388,-28634.3633,24.7884,1
-4703.1636,-28634.3926,24.9425,-5252.6064,-28084.4668,21.9621,-4701.8599,-28630.4453,28.7258,775.5327,-0.0007,0.0019,-3.1379,0.7852,3.1416,-4703.2393,-28634.1895,24.9234,1
-4703.1636,-28634.3926,24.9425,-5252.6064,-28084.4668,21.9621,-4704.1133,-28638.1797,26.3051,779.3930,0.0007,0.0014,-3.1379,0.7852,3.1416,-4703.3076,-28634.2578,24.9879,1
-4703.1636,-28634.3926,24.9425,-5252.6064,-28084.4668,21.9621,-4699.4551,-28639.0039,23.8602,783.2539,0.0002,0.0009,-3.1379,0.7852,3.1416,-4703.2271,-28634.3652,24.9762,1
-4703.1636,-28634.3926,24.9425,-5252.6064,-28084.4668,21.9621,-4705.8115,-28628.8242,21.4118,771.5626,-0.0004,0.0004,-3.1379,0.7852,3.1416,-4703.3403,-28634.1543,24.8811,1
-4703.1636,-28634.3926,24.9425,-5252.6064,-28084.4668,21.9621,-4701.1899,-28629.6133,28.7118,775.4235,-0.0009,0.0019,-3.1379,0.7852,3.1416,-4703.3086,-28633.9609,25.0136,1
-4703.1636,-28634.3926,24.9425,-5252.6064,-28084.4668,21.9621,-4703.4321,-28637.3496,26.2914,779.2839,0.0005,0.0014,-3.1379,0.7852,3.1416,-4703.3428,-28634.0098,25.0755,1
-4703.1636,-28634.3926,24.9425,-5252.6064,-28084.4668,21.9621,-4700.0156,-28637.3613,28.2787,781.7157,0.0000,0.0018,-3.1379,0.7852,3.1416,-4703.2671,-28634.0664,25.2025,1
-4703.1636,-28634.3926,24.9425,-5252.6064,-28084.4668,21.9621,-4702.9683,-28640.7539,21.4314,782.0204,0.0009,0.0004,-3.1379,0.7852,3.1416,-4703.2769,-28634.2422,25.1160,1
-4703.1636,-28634.3926,24.9425,-5252.6064,-28084.4668,21.9621,-4707.4043,-28635.6758,28.6980,775.3143,0.0008,0.0019,-3.1379,0.7852,3.1416,-4703.4287,-28634.2715,25.2535,1
-4703.1636,-28634.3926,24.9425,-5252.6064,-28084.4668,21.9621,-4702.7520,-28636.5195,26.2776,779.1747,0.0003,0.0014,-3.1379,0.7852,3.1416,-4703.4380,-28634.3320,25.3193,1
-4703.1636,-28634.3926,24.9425,-5252.6064,-28084.4668,21.9621,-4698.0923,-28637.3320,23.8333,783.0356,-0.0003,0.0009,-3.1379,0.7852,3.1416,-4703.2959,-28634.4219,25.3075,1
-4703.1636,-28634.3926,24.9425,-5252.6064,-28084.4668,21.9621,-4704.4771,-28627.1719,21.3861,771.3443,-0.0008,0.0004,-3.1379,0.7852,3.1416,-4703.3457,-28634.1914,25.2109,1
-4703.1636,-28634.3926,24.9425,-5252.6064,-28084.4668,21.9621,-4706.7266,-28634.8496,28.6840,775.2051,0.0006,0.0019,-3.1379,0.7852,3.1416,-4703.4702,-28634.1934,25.3408,1
-4703.1636,-28634.3926,24.9425,-5252.6064,-28084.4668,21.9621,-4702.0732,-28635.6875,26.2641,779.0656,0.0001,0.0014,-3.1379,0.7852,3.1416,-4703.4507,-28634.2246,25.3989,1
-4703.1636,-28634.3926,24.9425,-5252.6064,-28084.4668,21.9621,-4697.4126,-28636.4941,23.8202,782.9264,-0.0005,0.0009,-3.1379,0.7852,3.1416,-4703.2788,-28634.2852,25.3795,1
-4703.1636,-28634.3926,24.9425,-5252.6064,-28084.4668,21.9621,-4710.6641,-28633.1953,21.3739,771.2351,0.0010,0.0004,-3.1379,0.7852,3.1416,-4703.5200,-28634.2461,25.2753,1
-4703.1636,-28634.3926,24.9425,-5252.6064,-28084.4668,21.9621,-4706.0498,-28634.0254,28.6703,775.0960,0.0004,0.0019,-3.1379,0.7852,3.1416,-4703.6270,-28634.2305,25.3976,1
-4703.1636,-28634.3926,24.9425,-5252.6064,-28084.4668,21.9621,-4701.3955,-28634.8555,26.2507,778.9564,-0.0001,0.0014,-3.1379,0.7852,3.1416,-4703.5879,-28634.2422,25.4482,1
-4703.1636,-28634.3926,24.9425,-5252.6064,-28084.4668,21.9621,-4696.7339,-28635.6562,23.8068,782.8172,-0.0007,0.0009,-3.1379,0.7852,3.1416,-4703.3945,-28634.2812,25.4213,1
-4703.1636,-28634.3926,24.9425,-5252.6064,-28084.4668,21.9621,-4709.9897,-28632.3750,21.3610,771.1260,0.0007,0.0004,-3.1379,0.7852,3.1416,-4703.6118,-28634.2188,25.3098,1
-4703.1636,-28634.3926,24.9425,-5252.6064,-28084.4668,21.9621,-4704.1787,-28630.1504,28.4895,773.6769,-0.0004,0.0018,-3.1379,0.7852,3.1416,-4703.6548,-28634.0781,25.4196,1
-4703.1636,-28634.3926,24.9425,-5252.6064,-28084.4668,21.9621,-4699.5239,-28630.9590,26.0735,777.5378,-0.0010,0.0013,-3.1379,0.7852,3.1416,-4703.5479,-28633.9570,25.4576,1
-4703.1636,-28634.3926,24.9425,-5252.6064,-28084.4668,21.9621,-4699.3926,-28635.9570,21.7905,781.1434,-0.0003,0.0005,-3.1379,0.7852,3.1416,-4703.4277,-28633.9922,25.3591,1
-4703.1636,-28634.3926,24.9425,-5252.6064,-28084.4668,21.9621,-4700.7231,-28631.1797,22.1496,776.8316,-0.0008,0.0005,-3.1379,0.7852,3.1416,-4703.3403,-28633.8789,25.2630,1
-4703.1636,-28634.3926,24.9425,-5252.6064,-28084.4668,21.9621,-4703.5093,-28629.3203,28.4755,773.5677,-0.0006,0.0018,-3.1379,0.7852,3.1416,-4703.3369,-28633.6992,25.3639,1
-4703.1636,-28634.3926,24.9425,-5252.6064,-28084.4668,21.9621,-4705.7539,-28637.0410,26.0601,777.4286,0.0008,0.0013,-3.1379,0.7852,3.1416,-4703.4062,-28633.7617,25.3934,1
-4703.1636,-28634.3926,24.9425,-5252.6064,-28084.4668,21.9621,-4701.1016,-28637.8711,23.6200,781.2890,0.0002,0.0008,-3.1379,0.7852,3.1416,-4703.3320,-28633.8574,25.3459,1
-4703.1636,-28634.3926,24.9425,-5252.6064,-28084.4668,21.9621,-4696.4419,-28638.6719,21.1556,785.1499,-0.0003,0.0003,-3.1379,0.7852,3.1416,-4703.1050,-28633.9902,25.2161,1
-4703.1636,-28634.3926,24.9425,-5252.6064,-28084.4668,21.9621,-4702.8403,-28628.4902,28.4616,773.4586,-0.0009,0.0018,-3.1379,0.7852,3.1416,-4703.0679,-28633.8066,25.3117,1
-4703.1636,-28634.3926,24.9425,-5252.6064,-28084.4668,21.9621,-4705.0742,-28636.2129,26.0464,777.3195,0.0006,0.0013,-3.1379,0.7852,3.1416,-4703.1030,-28633.8594,25.3363,1
-4703.1636,-28634.3926,24.9425,-5252.6064,-28084.4668,21.9621,-4709.1230,-28633.2754,21.1285,772.3761,0.0007,0.0003,-3.1379,0.7852,3.1416,-4703.2754,-28633.8262,25.2033,1
-4703.1636,-28634.3926,24.9425,-5252.6064,-28084.4668,21.9621,-4695.7607,-28637.8320,21.1426,785.0407,-0.0005,0.0003,-3.1379,0.7852,3.1416,-4703.0327,-28633.9355,25.0640,1
-4703.1636,-28634.3926,24.9425,-5252.6064,-28084.4668,21.9621,-4709.0425,-28634.5352,28.4480,773.3495,0.0009,0.0018,-3.1379,0.7852,3.1416,-4703.2007,-28633.9512,25.1510,1
-4703.1636,-28634.3926,24.9425,-5252.6064,-28084.4668,21.9621,-4704.3955,-28635.3848,26.0328,777.2103,0.0004,0.0013,-3.1379,0.7852,3.1416,-4703.2314,-28633.9941,25.1679,1
-4703.1636,-28634.3926,24.9425,-5252.6064,-28084.4668,21.9621,-4699.7412,-28636.2031,23.5933,781.0707,-0.0002,0.0008,-3.1379,0.7852,3.1416,-4703.1162,-28634.0664,25.1089,1
-4703.1636,-28634.3926,24.9425,-5252.6064,-28084.4668,21.9621,-4695.0806,-28636.9922,21.1295,784.9316,-0.0007,0.0003,-3.1379,0.7852,3.1416,-4702.8462,-28634.1680,24.9687,1
-4703.1636,-28634.3926,24.9425,-5252.6064,-28084.4668,21.9621,-4701.5483,-28640.6895,26.8049,782.9844,0.0007,0.0015,-3.1379,0.7852,3.1416,-4702.7656,-28634.3945,25.0019,1
-4703.1636,-28634.3926,24.9425,-5252.6064,-28084.4668,21.9621,-4703.7183,-28634.5566,26.0191,777.1012,0.0001,0.0013,-3.1379,0.7852,3.1416,-4702.7539,-28634.4375,25.0152,1
-4703.1636,-28634.3926,24.9425,-5252.6064,-28084.4668,21.9621,-4699.0635,-28635.3691,23.5799,780.9616,-0.0004,0.0008,-3.1379,0.7852,3.1416,-4702.5967,-28634.5039,24.9532,1
-4703.1636,-28634.3926,24.9425,-5252.6064,-28084.4668,21.9621,-4705.5186,-28626.3555,27.7902,770.0486,-0.0008,0.0017,-3.1379,0.7852,3.1416,-4702.6421,-28634.2793,25.0250,1
-4703.1636,-28634.3926,24.9425,-5252.6064,-28084.4668,21.9621,-4707.6909,-28632.8887,28.4201,773.1312,0.0005,0.0018,-3.1379,0.7852,3.1416,-4702.7651,-28634.2480,25.1238,1
-4703.1636,-28634.3926,24.9425,-5252.6064,-28084.4668,21.9621,-4703.0420,-28633.7266,26.0055,776.9920,-0.0001,0.0013,-3.1379,0.7852,3.1416,-4702.7505,-28634.2402,25.1518,1
-4703.1636,-28634.3926,24.9425,-5252.6064,-28084.4668,21.9621,-4698.3862,-28634.5332,23.5666,780.8524,-0.0006,0.0008,-3.1379,0.7852,3.1416,-4702.5884,-28634.2578,25.1035,1
-4703.1636,-28634.3926,24.9425,-5252.6064,-28084.4668,21.9621,-4700.6899,-28642.2871,21.1036,784.7133,0.0008,0.0003,-3.1379,0.7852,3.1416,-4702.4922,-28634.5215,24.9736,1
-4703.1636,-28634.3926,24.9425,-5252.6064,-28084.4668,21.9621,-4707.0166,-28632.0645,28.4060,773.0220,0.0003,0.0018,-3.1379,0.7852,3.1416,-4702.5972,-28634.4746,25.0698,1
-4703.1636,-28634.3926,24.9425,-5252.6064,-28084.4668,21.9621,-4702.3672,-28632.8965,25.9918,776.8829,-0.0003,0.0013,-3.1379,0.7852,3.1416,-4702.5635,-28634.4492,25.0956,1
-4703.1636,-28634.3926,24.9425,-5252.6064,-28084.4668,21.9621,-4697.7109,-28633.6953,23.5532,780.7432,-0.0008,0.0008,-3.1379,0.7852,3.1416,-4702.3813,-28634.4434,25.0453,1
-4703.1636,-28634.3926,24.9425,-5252.6064,-28084.4668,21.9621,-4700.0029,-28641.4531,21.0905,784.6041,0.0006,0.0003,-3.1379,0.7852,3.1416,-4702.2642,-28634.6836,24.9135,1
-4703.1636,-28634.3926,24.9425,-5252.6064,-28084.4668,21.9621,-4706.3438,-28631.2383,28.3923,772.9128,0.0000,0.0018,-3.1379,0.7852,3.1416,-4702.3481,-28634.6113,25.0082,1
-4703.1636,-28634.3926,24.9425,-5252.6064,-28084.4668,21.9621,-4701.6934,-28632.0645,25.9782,776.7737,-0.0005,0.0013,-3.1379,0.7852,3.1416,-4702.2920,-28634.5566,25.0328,1
-4703.1636,-28634.3926,24.9425,-5252.6064,-28084.4668,21.9621,-4703.9712,-28639.7969,23.5401,780.6342,0.0009,0.0008,-3.1379,0.7852,3.1416,-4702.3096,-28634.7422,24.9814,1
-4703.1636,-28634.3926,24.9425,-5252.6064,-28084.4668,21.9621,-4699.3174,-28640.6191,21.0774,784.4949,0.0004,0.0003,-3.1379,0.7852,3.1416,-4702.1836,-28634.9648,24.8488,1
-4703.1636,-28634.3926,24.9425,-5252.6064,-28084.4668,21.9621,-4705.6724,-28630.4121,28.3784,772.8037,-0.0002,0.0018,-3.1379,0.7852,3.1416,-4702.2568,-28634.8691,24.9429,1
-4703.1636,-28634.3926,24.9425,-5252.6064,-28084.4668,21.9621,-4701.0210,-28631.2324,25.9646,776.6646,-0.0007,0.0013,-3.1379,0.7852,3.1416,-4702.1890,-28634.7910,24.9670,1
-4703.1636,-28634.3926,24.9425,-5252.6064,-28084.4668,21.9621,-4706.2227,-28633.2832,28.4901,774.4467,0.0003,0.0018,-3.1379,0.7852,3.1416,-4702.2876,-28634.7676,25.0752,1
-4703.1636,-28634.3926,24.9425,-5252.6064,-28084.4668,21.9621,-4698.6328,-28639.7812,21.0643,784.3857,0.0002,0.0003,-3.1379,0.7852,3.1416,-4702.1528,-28634.9473,24.9530,1
-4703.1636,-28634.3926,24.9425,-5252.6064,-28084.4668,21.9621,-4705.0020,-28629.5859,28.3645,772.6945,-0.0004,0.0018,-3.1379,0.7852,3.1416,-4702.2153,-28634.8105,25.0565,1
-4703.1636,-28634.3926,24.9425,-5252.6064,-28084.4668,21.9621,-4700.3501,-28630.3984,25.9510,776.5554,-0.0009,0.0013,-3.1379,0.7852,3.1416,-4702.1353,-28634.6855,25.0892,1
-4703.1636,-28634.3926,24.9425,-5252.6064,-28084.4668,21.9621,-4702.6055,-28638.1367,23.5133,780.4158,0.0005,0.0008,-3.1379,0.7852,3.1416,-4702.1245,-28634.8008,25.0454,1
-4703.1636,-28634.3926,24.9425,-5252.6064,-28084.4668,21.9621,-4697.9497,-28638.9453,21.0512,784.2767,-0.0001,0.0003,-3.1379,0.7852,3.1416,-4701.9673,-28634.9492,24.9197,1
-4703.1636,-28634.3926,24.9425,-5252.6064,-28084.4668,21.9621,-4704.3330,-28628.7578,28.3505,772.5854,-0.0006,0.0018,-3.1379,0.7852,3.1416,-4702.0073,-28634.7754,25.0201,1
-4703.1636,-28634.3926,24.9425,-5252.6064,-28084.4668,21.9621,-4706.5732,-28636.4707,25.9376,776.4462,0.0008,0.0013,-3.1379,0.7852,3.1416,-4702.1255,-28634.8379,25.0499,1
-4703.1636,-28634.3926,24.9425,-5252.6064,-28084.4668,21.9621,-4701.9243,-28637.3047,23.4999,780.3066,0.0003,0.0008,-3.1379,0.7852,3.1416,-4702.1050,-28634.9316,25.0033,1
-4703.1636,-28634.3926,24.9425,-5252.6064,-28084.4668,21.9621,-4697.2676,-28638.1074,21.0382,784.1675,-0.0003,0.0003,-3.1379,0.7852,3.1416,-4701.9365,-28635.0527,24.8751,1
-4703.1636,-28634.3926,24.9425,-5252.6064,-28084.4668,21.9621,-4703.6650,-28627.9297,28.3366,772.4763,-0.0008,0.0018,-3.1379,0.7852,3.1416,-4701.9629,-28634.8516,24.9731,1
-4703.1636,-28634.3926,24.9425,-5252.6064,-28084.4668,21.9621,-4705.8945,-28635.6445,25.9240,776.3371,0.0006,0.0013,-3.1379,0.7852,3.1416,-4702.0664,-28634.8848,25.0008,1
-4703.1636,-28634.3926,24.9425,-5252.6064,-28084.4668,21.9621,-4701.2441,-28636.4727,23.4866,780.1974,0.0001,0.0008,-3.1379,0.7852,3.1416,-4702.0293,-28634.9453,24.9523,1
-4703.1636,-28634.3926,24.9425,-5252.6064,-28084.4668,21.9621,-4696.5869,-28637.2695,21.0254,784.0584,-0.0005,0.0003,-3.1379,0.7852,3.1416,-4701.8423,-28635.0352,24.8225,1
-4703.1636,-28634.3926,24.9425,-5252.6064,-28084.4668,21.9621,-4709.8608,-28633.9629,28.3232,772.3671,0.0010,0.0018,-3.1379,0.7852,3.1416,-4702.0718,-28635.0215,24.9191,1
-4703.1636,-28634.3926,24.9425,-5252.6064,-28084.4668,21.9621,-4705.2168,-28634.8164,25.9106,776.2279,0.0004,0.0013,-3.1379,0.7852,3.1416,-4702.1689,-28635.0332,24.9455,1
-4703.1636,-28634.3926,24.9425,-5252.6064,-28084.4668,21.9621,-4700.5654,-28635.6387,23.4735,780.0883,-0.0002,0.0008,-3.1379,0.7852,3.1416,-4702.1230,-28635.0684,24.8960,1
-4703.1636,-28634.3926,24.9425,-5252.6064,-28084.4668,21.9621,-4695.9072,-28636.4297,21.0125,783.9492,-0.0007,0.0003,-3.1379,0.7852,3.1416,-4701.9253,-28635.1309,24.7652,1
-4703.1636,-28634.3926,24.9425,-5252.6064,-28084.4668,21.9621,-4709.1851,-28633.1426,28.3094,772.2579,0.0007,0.0018,-3.1379,0.7852,3.1416,-4702.1416,-28635.0898,24.8612,1
-4703.1636,-28634.3926,24.9425,-5252.6064,-28084.4668,21.9621,-4704.5400,-28633.9883,25.8973,776.1188,0.0002,0.0013,-3.1379,0.7852,3.1416,-4702.2231,-28635.0703,24.8871,1
-4703.1636,-28634.3926,24.9425,-5252.6064,-28084.4668,21.9621,-4699.8882,-28634.8047,23.4608,779.9792,-0.0004,0.0008,-3.1379,0.7852,3.1416,-4702.1597,-28635.0742,24.8373,1
-4703.1636,-28634.3926,24.9425,-5252.6064,-28084.4668,21.9621,-4695.2290,-28635.5898,21.0000,783.8400,-0.0009,0.0003,-3.1379,0.7852,3.1416,-4701.9429,-28635.1016,24.7065,1
-4703.1636,-28634.3926,24.9425,-5252.6064,-28084.4668,21.9621,-4708.5107,-28632.3184,28.2956,772.1487,0.0005,0.0018,-3.1379,0.7852,3.1416,-4702.1387,-28635.0254,24.8025,1
-4703.1636,-28634.3926,24.9425,-5252.6064,-28084.4668,21.9621,-4703.8647,-28633.1602,25.8835,776.0096,-0.0000,0.0013,-3.1379,0.7852,3.1416,-4702.1978,-28634.9688,24.8286,1
-4703.1636,-28634.3926,24.9425,-5252.6064,-28084.4668,21.9621,-4703.2920,-28633.3047,26.1336,776.5175,-0.0001,0.0013,-3.1379,0.7852,3.1416,-4702.2422,-28634.9141,24.8654,1
-4703.1636,-28634.3926,24.9425,-5252.6064,-28084.4668,21.9621,-4701.5112,-28641.7188,20.9868,783.7309,0.0009,0.0003,-3.1379,0.7852,3.1416,-4702.2310,-28635.1230,24.7406,1
-4703.1636,-28634.3926,24.9425,-5252.6064,-28084.4668,21.9621,-4707.8374,-28631.4961,28.2815,772.0397,0.0003,0.0018,-3.1379,0.7852,3.1416,-4702.4224,-28635.0195,24.8423,1
-4703.1636,-28634.3926,24.9425,-5252.6064,-28084.4668,21.9621,-4703.1904,-28632.3301,25.8698,775.9005,-0.0003,0.0013,-3.1379,0.7852,3.1416,-4702.4741,-28634.9355,24.8736,1
-4703.1636,-28634.3926,24.9425,-5252.6064,-28084.4668,21.9621,-4698.5371,-28633.1348,23.4336,779.7609,-0.0008,0.0008,-3.1379,0.7852,3.1416,-4702.3774,-28634.8730,24.8289,1
-4703.1636,-28634.3926,24.9425,-5252.6064,-28084.4668,21.9621,-4696.5586,-28635.0273,23.9644,782.4989,-0.0008,0.0009,-3.1379,0.7852,3.1416,-4702.2080,-28634.8672,24.7983,1
-4703.1636,-28634.3926,24.9425,-5252.6064,-28084.4668,21.9621,-4707.1655,-28630.6719,28.2676,771.9305,0.0001,0.0018,-3.1379,0.7852,3.1416,-4702.3672,-28634.7188,24.9050,1
-4703.1636,-28634.3926,24.9425,-5252.6064,-28084.4668,21.9621,-4702.5176,-28631.5000,25.8562,775.7913,-0.0005,0.0013,-3.1379,0.7852,3.1416,-4702.3862,-28634.5918,24.9409,1
-4703.1636,-28634.3926,24.9425,-5252.6064,-28084.4668,21.9621,-4704.7915,-28639.2266,23.4204,779.6517,0.0010,0.0008,-3.1379,0.7852,3.1416,-4702.4775,-28634.7070,24.9004,1
-4703.1636,-28634.3926,24.9425,-5252.6064,-28084.4668,21.9621,-4700.1401,-28640.0508,20.9603,783.5126,0.0004,0.0003,-3.1379,0.7852,3.1416,-4702.4248,-28634.8594,24.7780,1
-4703.1636,-28634.3926,24.9425,-5252.6064,-28084.4668,21.9621,-4706.4946,-28629.8477,28.2537,771.8214,-0.0001,0.0018,-3.1379,0.7852,3.1416,-4702.5708,-28634.6953,24.8817,1
-4703.1636,-28634.3926,24.9425,-5252.6064,-28084.4668,21.9621,-4701.8462,-28630.6699,25.8426,775.6822,-0.0007,0.0013,-3.1379,0.7852,3.1416,-4702.5737,-28634.5469,24.9149,1
-4703.1636,-28634.3926,24.9425,-5252.6064,-28084.4668,21.9621,-4704.1084,-28638.3965,23.4071,779.5425,0.0008,0.0008,-3.1379,0.7852,3.1416,-4702.6470,-28634.6406,24.8717,1
-4703.1636,-28634.3926,24.9425,-5252.6064,-28084.4668,21.9621,-4699.4565,-28639.2168,20.9473,783.4035,0.0002,0.0003,-3.1379,0.7852,3.1416,-4702.5737,-28634.7695,24.7468,1
-4703.1636,-28634.3926,24.9425,-5252.6064,-28084.4668,21.9621,-4705.8247,-28629.0215,28.2398,771.7122,-0.0004,0.0018,-3.1379,0.7852,3.1416,-4702.6973,-28634.5801,24.8482,1
-4703.1636,-28634.3926,24.9425,-5252.6064,-28084.4668,21.9621,-4701.1758,-28629.8379,25.8290,775.5731,-0.0009,0.0013,-3.1379,0.7852,3.1416,-4702.6768,-28634.4062,24.8792,1
-4703.1636,-28634.3926,24.9425,-5252.6064,-28084.4668,21.9621,-4703.4268,-28637.5684,23.3938,779.4335,0.0005,0.0008,-3.1379,0.7852,3.1416,-4702.7236,-28634.4707,24.8340,1
-4703.1636,-28634.3926,24.9425,-5252.6064,-28084.4668,21.9621,-4698.7739,-28638.3809,20.9343,783.2943,-0.0000,0.0003,-3.1379,0.7852,3.1416,-4702.6230,-28634.5703,24.7073,1
-4703.1636,-28634.3926,24.9425,-5252.6064,-28084.4668,21.9621,-4705.1567,-28628.1934,28.2260,771.6030,-0.0006,0.0018,-3.1379,0.7852,3.1416,-4702.7178,-28634.3516,24.8071,1
-4703.1636,-28634.3926,24.9425,-5252.6064,-28084.4668,21.9621,-4707.3931,-28635.9004,25.8157,775.4639,0.0009,0.0013,-3.1379,0.7852,3.1416,-4702.8887,-28634.3691,24.8366,1
-4703.1636,-28634.3926,24.9425,-5252.6064,-28084.4668,21.9621,-4702.7466,-28636.7363,23.3804,779.3243,0.0003,0.0008,-3.1379,0.7852,3.1416,-4702.9189,-28634.4160,24.7901,1
-4703.1636,-28634.3926,24.9425,-5252.6064,-28084.4668,21.9621,-4698.0928,-28637.5430,20.9212,783.1851,-0.0002,0.0003,-3.1379,0.7852,3.1416,-4702.7988,-28634.4961,24.6623,1
-4703.1636,-28634.3926,24.9425,-5252.6064,-28084.4668,21.9621,-4704.4893,-28627.3672,28.2122,771.4938,-0.0008,0.0018,-3.1379,0.7852,3.1416,-4702.8721,-28634.2559,24.7611,1
-4703.1636,-28634.3926,24.9425,-5252.6064,-28084.4668,21.9621,-4706.7144,-28635.0742,25.8020,775.3547,0.0007,0.0013,-3.1379,0.7852,3.1416,-4703.0190,-28634.2500,24.7897,1
-4703.1636,-28634.3926,24.9425,-5252.6064,-28084.4668,21.9621,-4700.3623,-28633.3086,23.7636,778.5882,-0.0005,0.0009,-3.1379,0.7852,3.1416,-4702.9692,-28634.1914,24.7552,1
-4703.1636,-28634.3926,24.9425,-5252.6064,-28084.4668,21.9621,-4697.4126,-28636.7070,20.9082,783.0760,-0.0005,0.0003,-3.1379,0.7852,3.1416,-4702.8184,-28634.2383,24.6277,1
-4703.1636,-28634.3926,24.9425,-5252.6064,-28084.4668,21.9621,-4710.6787,-28633.3926,28.1986,771.3847,0.0010,0.0018,-3.1379,0.7852,3.1416,-4703.0820,-28634.1875,24.7268,1
-4703.1636,-28634.3926,24.9425,-5252.6064,-28084.4668,21.9621,-4706.0376,-28634.2480,25.7884,775.2455,0.0004,0.0013,-3.1379,0.7852,3.1416,-4703.2104,-28634.1641,24.7559,1
-4703.1636,-28634.3926,24.9425,-5252.6064,-28084.4668,21.9621,-4701.3896,-28635.0742,23.3539,779.1060,-0.0001,0.0008,-3.1379,0.7852,3.1416,-4703.1943,-28634.1680,24.7092,1
-4703.1636,-28634.3926,24.9425,-5252.6064,-28084.4668,21.9621,-4696.7344,-28635.8672,20.8952,782.9668,-0.0007,0.0003,-3.1379,0.7852,3.1416,-4703.0244,-28634.1992,24.5813,1
-4703.1636,-28634.3926,24.9425,-5252.6064,-28084.4668,21.9621,-4710.0034,-28632.5703,28.1847,771.2756,0.0008,0.0018,-3.1379,0.7852,3.1416,-4703.2661,-28634.1309,24.6803,1
-4703.1636,-28634.3926,24.9425,-5252.6064,-28084.4668,21.9621,-4705.3618,-28633.4219,25.7748,775.1364,0.0002,0.0013,-3.1379,0.7852,3.1416,-4703.3711,-28634.0859,24.7093,1
-4703.1636,-28634.3926,24.9425,-5252.6064,-28084.4668,21.9621,-4700.7129,-28634.2402,23.3406,778.9968,-0.0003,0.0008,-3.1379,0.7852,3.1416,-4703.3291,-28634.0684,24.6627,1
-4703.1636,-28634.3926,24.9425,-5252.6064,-28084.4668,21.9621,-4696.0566,-28635.0293,20.8822,782.8577,-0.0009,0.0003,-3.1379,0.7852,3.1416,-4703.1313,-28634.0762,24.5350,1
-4703.1636,-28634.3926,24.9425,-5252.6064,-28084.4668,21.9621,-4709.3301,-28631.7500,28.1709,771.1664,0.0006,0.0018,-3.1379,0.7852,3.1416,-4703.3438,-28633.9805,24.6343,1
-4703.1636,-28634.3926,24.9425,-5252.6064,-28084.4668,21.9621,-4704.6870,-28632.5938,25.7613,775.0272,-0.0000,0.0013,-3.1379,0.7852,3.1416,-4703.4180,-28633.9102,24.6637,1
-4703.1636,-28634.3926,24.9425,-5252.6064,-28084.4668,21.9621,-4700.0371,-28633.4062,23.3273,778.8877,-0.0006,0.0008,-3.1379,0.7852,3.1416,-4703.3442,-28633.8633,24.6175,1
-4703.1636,-28634.3926,24.9425,-5252.6064,-28084.4668,21.9621,-4702.3325,-28641.1484,20.8694,782.7485,0.0009,0.0003,-3.1379,0.7852,3.1416,-4703.3354,-28634.0645,24.4904,1
-4703.1636,-28634.3926,24.9425,-5252.6064,-28084.4668,21.9621,-4708.6577,-28630.9277,28.1570,771.0572,0.0003,0.0018,-3.1379,0.7852,3.1416,-4703.5283,-28633.9531,24.5904,1
-4703.1636,-28634.3926,24.9425,-5252.6064,-28084.4668,21.9621,-4704.0137,-28631.7656,25.7477,774.9181,-0.0002,0.0013,-3.1379,0.7852,3.1416,-4703.5806,-28633.8652,24.6206,1
-4703.1636,-28634.3926,24.9425,-5252.6064,-28084.4668,21.9621,-4699.3633,-28632.5723,23.3144,778.7785,-0.0008,0.0008,-3.1379,0.7852,3.1416,-4703.4829,-28633.7988,24.5752,1
-4703.1636,-28634.3926,24.9425,-5252.6064,-28084.4668,21.9621,-4701.6470,-28640.3164,20.8566,782.6393,0.0007,0.0003,-3.1379,0.7852,3.1416,-4703.4487,-28633.9785,24.4490,1
-4703.1636,-28634.3926,24.9425,-5252.6064,-28084.4668,21.9621,-4707.9863,-28630.1035,28.1435,770.9481,0.0001,0.0018,-3.1379,0.7852,3.1416,-4703.6138,-28633.8438,24.5499,1
-4703.1636,-28634.3926,24.9425,-5252.6064,-28084.4668,21.9621,-4703.3418,-28630.9375,25.7344,774.8090,-0.0004,0.0013,-3.1379,0.7852,3.1416,-4703.6372,-28633.7305,24.5811,1
-4703.1636,-28634.3926,24.9425,-5252.6064,-28084.4668,21.9621,-4707.1729,-28627.7422,28.0046,769.8532,-0.0003,0.0017,-3.1379,0.7852,3.1416,-4703.7827,-28633.5078,24.6891,1
-4703.1636,-28634.3926,24.9425,-5252.6064,-28084.4668,21.9621,-4700.9629,-28639.4824,20.8436,782.5302,0.0005,0.0003,-3.1379,0.7852,3.1416,-4703.7344,-28633.6504,24.5738,1
-4703.1636,-28634.3926,24.9425,-5252.6050,-28084.4668,21.9623,-4707.3159,-28629.2793,28.3726,770.8389,-0.0001,0.0018,-3.1382,0.7852,3.1416,-4703.8828,-28633.4805,24.6926,1
-4703.1636,-28634.3926,24.9425,-5252.6016,-28084.4707,21.9628,-4702.7007,-28630.1387,26.5793,774.6998,-0.0007,0.0013,-3.1390,0.7851,3.1416,-4703.8877,-28633.3301,24.7611,1
-4703.1636,-28634.3926,24.9425,-5252.5952,-28084.4766,21.9639,-4697.5464,-28633.4297,23.3421,780.6589,-0.0009,0.0004,-3.1404,0.7850,3.1415,-4703.7236,-28633.2832,24.7290,1
-4703.1636,-28634.3926,24.9425,-5252.5850,-28084.4883,21.9655,-4700.2603,-28638.1875,27.7778,782.0964,0.0001,0.0010,3.1408,0.7847,3.1415,-4703.6313,-28633.3887,24.8353,1
-4703.1636,-28634.3926,24.9425,-5252.5708,-28084.5020,21.9676,-4707.0928,-28628.9062,29.9766,770.7018,-0.0003,0.0010,3.1383,0.7844,3.1415,-4703.7515,-28633.2090,25.0202,1
-4703.1636,-28634.3926,24.9425,-5252.5527,-28084.5215,21.9702,-4702.5928,-28629.8965,29.6835,774.5625,-0.0009,0.0005,3.1356,0.7841,3.1415,-4703.7324,-28633.0527,25.2047,1
-4703.1636,-28634.3926,24.9425,-5252.5298,-28084.5430,21.9730,-4704.9736,-28637.7773,29.5035,778.4228,0.0006,0.0000,3.1328,0.7838,3.1415,-4703.7871,-28633.1465,25.3909,1
-4703.1636,-28634.3926,24.9425,-5252.5024,-28084.5723,21.9760,-4700.4292,-28638.7617,29.3287,782.2834,0.0000,-0.0005,3.1299,0.7836,3.1415,-4703.6978,-28633.2832,25.5776,1
-4703.1636,-28634.3926,24.9425,-5252.4707,-28084.6035,21.9790,-4706.2285,-28627.9180,30.2371,770.4818,-0.0007,-0.0007,3.1271,0.7834,3.1415,-4703.7876,-28633.0859,25.8010,1
-4703.1636,-28634.3926,24.9425,-5252.4346,-28084.6406,21.9818,-4708.5488,-28635.7539,29.8319,774.3420,0.0007,-0.0012,3.1246,0.7832,3.1415,-4703.9570,-28633.1309,26.0171,1
-4703.1636,-28634.3926,24.9425,-5252.3936,-28084.6816,21.9850,-4704.0796,-28636.8496,29.2494,778.2017,0.0001,-0.0017,3.1222,0.7828,3.1415,-4703.9912,-28633.2168,26.2183,1
-4703.1636,-28634.3926,24.9425,-5252.3496,-28084.7266,21.9888,-4699.7861,-28638.1172,28.4623,782.0619,-0.0004,-0.0022,3.1201,0.7821,3.1414,-4703.8867,-28633.3535,26.3962,1
-4703.1636,-28634.3926,24.9425,-5252.3022,-28084.7754,21.9928,-4706.1118,-28627.6934,29.4301,770.1617,-0.0012,-0.0023,3.1182,0.7808,3.1412,-4703.9756,-28633.1641,26.6063,1
-4703.1636,-28634.3926,24.9425,-5252.2524,-28084.8262,21.9967,-4709.3843,-28636.5078,28.0907,774.0209,0.0002,-0.0028,3.1166,0.7788,3.1410,-4704.1738,-28633.2500,26.7740,1
-4703.1636,-28634.3926,24.9425,-5252.2002,-28084.8809,22.0005,-4706.0356,-28638.7441,26.5105,777.8795,-0.0003,-0.0033,3.1153,0.7763,3.1406,-4704.2739,-28633.4141,26.8883,1
-4703.1636,-28634.3926,24.9425,-5252.1450,-28084.9375,22.0038,-4702.7896,-28641.0840,24.7223,781.7386,-0.0009,-0.0038,3.1143,0.7737,3.1404,-4704.2720,-28633.6660,26.9394,1
-4703.1636,-28634.3926,24.9425,-5252.0874,-28084.9980,22.0064,-4706.1738,-28627.6367,28.4617,769.7631,-0.0028,-0.0031,3.1136,0.7710,3.1401,-4704.3735,-28633.4980,27.1008,1
-4703.1636,-28634.3926,24.9425,-5252.0283,-28085.0605,22.0084,-4709.8115,-28636.8359,26.1811,773.6207,-0.0013,-0.0036,3.1133,0.7684,3.1399,-4704.5952,-28633.6172,27.1865,1
-4703.1636,-28634.3926,24.9425,-5251.9678,-28085.1250,22.0094,-4706.5601,-28639.1836,23.5378,777.4778,-0.0019,-0.0041,3.1135,0.7658,3.1398,-4704.7202,-28633.8164,27.1801,1
-4703.1636,-28634.3926,24.9425,-5251.9058,-28085.1914,22.0094,-4703.2715,-28641.4844,20.5259,781.3356,-0.0024,-0.0046,3.1142,0.7632,3.1397,-4704.7412,-28634.0977,27.0653,1
-4703.1636,-28634.3926,24.9425,-5251.8428,-28085.2598,22.0084,-4712.0698,-28633.3848,27.1684,769.3088,-0.0027,-0.0030,3.1153,0.7611,3.1396,-4705.0415,-28634.1348,27.1449,1
-4703.1636,-28634.3926,24.9425,-5251.7788,-28085.3281,22.0063,-4708.6782,-28635.6074,23.5044,773.1647,-0.0032,-0.0035,3.1169,0.7587,3.1395,-4705.2432,-28634.2402,27.1027,1
-4703.1636,-28634.3926,24.9425,-5251.7144,-28085.3965,22.0031,-4706.9761,-28635.5703,23.0536,774.2397,-0.0038,-0.0033,3.1189,0.7564,3.1395,-4705.3936,-28634.3438,27.0351,1
-4703.1636,-28634.3926,24.9425,-5251.6494,-28085.4668,21.9988,-4701.7739,-28639.8438,15.0177,780.8762,-0.0043,-0.0045,3.1214,0.7542,3.1395,-4705.3760,-28634.5840,26.7000,1
-4703.1636,-28634.3926,24.9425,-5251.5845,-28085.5391,21.9934,-4710.9883,-28632.1855,25.7921,768.8236,-0.0043,-0.0018,3.1243,0.7528,3.1395,-4705.6445,-28634.5879,26.6822,1
-4703.1636,-28634.3926,24.9425,-5251.5186,-28085.6094,21.9869,-4707.2192,-28634.0215,20.7951,772.6777,-0.0049,-0.0023,3.1277,0.7511,3.1395,-4705.7983,-28634.6406,26.5005,1
-4703.1636,-28634.3926,24.9425,-5251.4526,-28085.6816,21.9795,-4703.9316,-28643.0996,21.0179,781.3470,-0.0043,-0.0017,3.1314,0.7497,3.1396,-4705.8447,-28634.9805,26.3153,1
-4703.1636,-28634.3926,24.9425,-5251.3867,-28085.7539,21.9724,-4706.3369,-28644.1113,10.0178,780.3853,-0.0040,-0.0033,3.1353,0.7484,3.1397,-4705.9595,-28635.3672,25.7666,1
-4703.1636,-28634.3926,24.9425,-5251.3218,-28085.8262,21.9665,-4710.1084,-28631.1699,25.2445,768.3227,-0.0054,0.0004,3.1390,0.7473,3.1398,-4706.1938,-28635.3535,25.6728,1
-4703.1636,-28634.3926,24.9425,-5251.2568,-28085.8984,21.9618,-4705.8940,-28632.5527,20.2389,772.1747,-0.0060,-0.0001,-3.1407,0.7465,3.1400,-4706.2949,-28635.3691,25.4194,1
-4703.1636,-28634.3926,24.9425,-5251.1934,-28085.9707,21.9581,-4707.0059,-28630.8477,21.9369,770.0828,-0.0062,0.0007,-3.1376,0.7459,3.1402,-4706.4268,-28635.3184,25.2129,1
-4703.1636,-28634.3926,24.9425,-5251.1304,-28086.0410,21.9553,-4704.0669,-28641.7441,10.9817,779.8785,-0.0051,-0.0011,-3.1349,0.7454,3.1404,-4706.4604,-28635.6055,24.6536,1
-4703.1636,-28634.3926,24.9425,-5251.0684,-28086.1094,21.9532,-4709.0415,-28629.9473,26.3955,767.8282,-0.0061,0.0024,-3.1327,0.7451,3.1405,-4706.6450,-28635.5215,24.5644,1
-4703.1636,-28634.3926,24.9425,-5251.0078,-28086.1777,21.9517,-4705.8115,-28633.1738,18.1022,772.3050,-0.0062,0.0009,-3.1309,0.7450,3.1407,-4706.7251,-28635.5273,24.2167,1
-4703.1636,-28634.3926,24.9425,-5250.9478,-28086.2461,21.9507,-4699.8472,-28631.8945,19.3823,775.5281,-0.0073,0.0014,-3.1297,0.7448,3.1408,-4706.6069,-28635.4824,23.9039,1
-4703.1636,-28634.3926,24.9425,-5250.8892,-28086.3105,21.9502,-4702.1753,-28639.7695,16.3441,779.3782,-0.0058,0.0009,-3.1288,0.7446,3.1410,-4706.5454,-28635.6797,23.4915,1
-4703.1636,-28634.3926,24.9425,-5250.8315,-28086.3770,21.9501,-4708.0840,-28628.8203,27.7375,767.3578,-0.0065,0.0032,-3.1284,0.7448,3.1411,-4706.6611,-28635.5293,23.4387,1
-4703.1636,-28634.3926,24.9425,-5250.7749,-28086.4414,21.9503,-4703.1777,-28629.4863,25.3484,771.2062,-0.0071,0.0027,-3.1284,0.7452,3.1412,-4706.6177,-28635.3828,23.3254,1
-4703.1636,-28634.3926,24.9425,-5250.7192,-28086.5039,21.9508,-4705.0781,-28636.9531,23.1616,775.0541,-0.0056,0.0022,-3.1286,0.7457,3.1413,-4706.6260,-28635.4648,23.1532,1
-4703.1636,-28634.3926,24.9425,-5250.6646,-28086.5664,21.9516,-4700.2065,-28637.6504,21.1423,778.9024,-0.0062,0.0017,-3.1291,0.7461,3.1413,-4706.4722,-28635.5703,22.9235,1
-4703.1636,-28634.3926,24.9425,-5250.6104,-28086.6270,21.9525,-4696.2231,-28638.7031,28.6641,782.4082,-0.0065,0.0032,-3.1298,0.7467,3.1414,-4706.1763,-28635.7109,22.9375,1
-4703.1636,-28634.3926,24.9425,-5250.5571,-28086.6875,21.9536,-4702.1519,-28628.2715,26.8100,770.7604,-0.0070,0.0027,-3.1306,0.7474,3.1415,-4706.0454,-28635.5195,22.9139,1
-4703.1636,-28634.3926,24.9425,-5250.5049,-28086.7480,21.9547,-4703.7812,-28635.4824,25.1184,774.6066,-0.0056,0.0022,-3.1315,0.7484,3.1415,-4705.9595,-28635.5449,22.8499,1
-4703.1636,-28634.3926,24.9425,-5250.4526,-28086.8066,21.9559,-4698.7041,-28635.9590,23.4392,778.4532,-0.0062,0.0017,-3.1325,0.7491,3.1415,-4705.7061,-28635.5840,22.7423,1
-4703.1636,-28634.3926,24.9425,-5250.4014,-28086.8652,21.9571,-4695.3940,-28637.7031,28.8310,781.9776,-0.0062,0.0026,-3.1334,0.7500,3.1415,-4705.3345,-28635.6797,22.8139,1
-4703.1636,-28634.3926,24.9425,-5250.3506,-28086.9238,21.9582,-4707.9575,-28633.9238,27.0227,770.3347,-0.0048,0.0021,-3.1343,0.7510,3.1415,-4705.3457,-28635.6543,22.8480,1
-4703.1636,-28634.3926,24.9425,-5250.2998,-28086.9824,21.9592,-4702.8486,-28634.3828,25.2737,774.1792,-0.0053,0.0016,-3.1352,0.7518,3.1416,-4705.2007,-28635.6406,22.8384,1
-4703.1636,-28634.3926,24.9425,-5250.2500,-28087.0391,21.9601,-4697.6431,-28634.7168,23.4390,778.0243,-0.0059,0.0011,-3.1359,0.7528,3.1416,-4704.8867,-28635.6348,22.7785,1
-4703.1636,-28634.3926,24.9425,-5250.2002,-28087.0957,21.9609,-4708.4590,-28632.1895,26.7866,768.5218,-0.0045,0.0017,-3.1366,0.7538,3.1416,-4704.9087,-28635.5410,22.8326,1
-4703.1636,-28634.3926,24.9425,-5250.1509,-28087.1523,21.9616,-4707.1245,-28632.9453,26.4991,769.9217,-0.0044,0.0015,-3.1372,0.7551,3.1416,-4704.8994,-28635.4668,22.8890,1
-4703.1636,-28634.3926,24.9425,-5250.1016,-28087.2090,21.9621,-4696.7568,-28638.7383,27.7396,781.2808,-0.0049,0.0017,-3.1376,0.7560,3.1416,-4704.5654,-28635.5703,22.9939,1
-4703.1636,-28634.3926,24.9425,-5250.0532,-28087.2656,21.9625,-4696.6753,-28633.5723,22.2529,777.6083,-0.0055,0.0005,-3.1379,0.7571,3.1416,-4704.2139,-28635.5176,22.9354,1
-4703.1636,-28634.3926,24.9425,-5250.0044,-28087.3203,21.9627,-4709.6074,-28630.9434,27.8421,766.5385,-0.0039,0.0017,-3.1382,0.7582,3.1416,-4704.2690,-28635.3711,23.0590,1
-4703.1636,-28634.3926,24.9425,-5249.9565,-28087.3770,21.9629,-4706.6387,-28632.3105,25.8171,769.5168,-0.0040,0.0012,-3.1383,0.7590,-3.1416,-4704.2437,-28635.2617,23.1281,1
-4703.1636,-28634.3926,24.9425,-5249.9087,-28087.4316,21.9629,-4701.4448,-28632.6582,23.4330,773.3584,-0.0045,0.0007,-3.1383,0.7600,-3.1416,-4704.0601,-28635.1582,23.1264,1
-4703.1636,-28634.3926,24.9425,-5249.8613,-28087.4863,21.9629,-4696.1616,-28632.8828,20.9666,777.2004,-0.0051,0.0002,-3.1383,0.7611,-3.1416,-4703.7046,-28635.0566,23.0464,1
-4703.1636,-28634.3926,24.9425,-5249.8140,-28087.5410,21.9627,-4700.3525,-28642.1875,27.9561,780.7478,-0.0030,0.0017,-3.1381,0.7619,-3.1415,-4703.4731,-28635.2500,23.1866,1
-4703.1636,-28634.3926,24.9425,-5249.7671,-28087.5938,21.9625,-4706.1416,-28631.6602,25.3433,769.1183,-0.0035,0.0012,-3.1380,0.7627,-3.1415,-4703.4272,-28635.1211,23.2551,1
-4703.1636,-28634.3926,24.9425,-5249.7207,-28087.6484,21.9623,-4700.9639,-28632.0137,22.7858,772.9584,-0.0041,0.0007,-3.1378,0.7636,-3.1415,-4703.2246,-28634.9980,23.2451,1
-4703.1636,-28634.3926,24.9425,-5249.6743,-28087.7012,21.9621,-4695.6938,-28632.2383,20.1845,776.7991,-0.0047,0.0002,-3.1376,0.7647,-3.1415,-4702.8530,-28634.8770,23.1503,1
-4703.1636,-28634.3926,24.9425,-5249.6284,-28087.7539,21.9618,-4699.7207,-28641.4004,27.8465,780.3522,-0.0026,0.0018,-3.1373,0.7655,-3.1414,-4702.6021,-28635.0449,23.2948,1
-4703.1636,-28634.3926,24.9425,-5249.5830,-28087.8066,21.9615,-4705.5479,-28630.9121,25.1798,768.7270,-0.0032,0.0013,-3.1371,0.7662,-3.1414,-4702.5396,-28634.8906,23.3648,1
-4703.1636,-28634.3926,24.9425,-5249.5381,-28087.8574,21.9613,-4700.3955,-28631.2754,22.5988,772.5657,-0.0037,0.0008,-3.1369,0.7671,-3.1414,-4702.3232,-28634.7402,23.3546,1
-4703.1636,-28634.3926,24.9425,-5249.4932,-28087.9102,21.9610,-4702.0327,-28638.4453,20.0000,776.4050,-0.0023,0.0003,-3.1366,0.7682,-3.1414,-4702.1621,-28634.8164,23.2585,1
-4703.1636,-28634.3926,24.9425,-5249.4492,-28087.9609,21.9608,-4699.1255,-28640.6484,27.8610,779.9652,-0.0023,0.0019,-3.1364,0.7687,-3.1413,-4701.9141,-28634.9727,23.4074,1
-4703.1636,-28634.3926,24.9425,-5249.4053,-28088.0117,21.9606,-4704.9937,-28630.1973,25.2435,768.3441,-0.0029,0.0014,-3.1363,0.7695,-3.1413,-4701.8560,-28634.8047,23.4827,1
-4703.1636,-28634.3926,24.9425,-5249.3618,-28088.0605,21.9604,-4699.8726,-28630.5820,22.7278,772.1815,-0.0034,0.0009,-3.1361,0.7703,-3.1413,-4701.6455,-28634.6387,23.4794,1
-4703.1636,-28634.3926,24.9425,-5249.3188,-28088.1113,21.9603,-4701.5322,-28637.7793,20.2046,776.0193,-0.0020,0.0004,-3.1360,0.7713,-3.1413,-4701.4912,-28634.6992,23.3925,1
-4703.1636,-28634.3926,24.9425,-5249.2759,-28088.1602,21.9602,-4698.4741,-28639.8379,27.9270,779.5880,-0.0020,0.0020,-3.1359,0.7718,-3.1412,-4701.2456,-28634.8340,23.5460,1
-4703.1636,-28634.3926,24.9425,-5249.2339,-28088.2090,21.9602,-4704.3818,-28629.4219,25.3921,767.9709,-0.0026,0.0015,-3.1358,0.7725,-3.1412,-4701.1914,-28634.6445,23.6281,1
-4703.1636,-28634.3926,24.9425,-5249.1919,-28088.2578,21.9601,-4705.4980,-28627.2402,24.2344,765.5746,-0.0026,0.0012,-3.1358,0.7733,-3.1412,-4701.1875,-28634.3711,23.6754,1
-4703.1636,-28634.3926,24.9425,-5249.1504,-28088.3047,21.9601,-4701.2227,-28637.3027,20.5170,775.6434,-0.0017,0.0005,-3.1358,0.7737,-3.1412,-4701.0601,-28634.4121,23.6027,1
-4703.1636,-28634.3926,24.9425,-5249.1094,-28088.3535,21.9601,-4697.8315,-28639.0371,27.9845,779.2207,-0.0019,0.0020,-3.1358,0.7742,-3.1412,-4700.8291,-28634.5156,23.7622,1
-4703.1636,-28634.3926,24.9425,-5249.0684,-28088.4004,21.9602,-4703.7827,-28628.6582,25.5129,767.6074,-0.0024,0.0015,-3.1358,0.7748,-3.1412,-4700.7900,-28634.2969,23.8514,1
-4703.1636,-28634.3926,24.9425,-5249.0283,-28088.4473,21.9602,-4705.5840,-28628.5703,24.0940,766.2010,-0.0021,0.0012,-3.1359,0.7756,-3.1412,-4700.8223,-28634.0625,23.8967,1
-4703.1636,-28634.3926,24.9425,-5248.9883,-28088.4922,21.9603,-4700.6768,-28636.5898,20.7420,775.2775,-0.0015,0.0005,-3.1359,0.7760,-3.1412,-4700.7100,-28634.0801,23.8325,1
-4703.1636,-28634.3926,24.9425,-5248.9482,-28088.5391,21.9604,-4706.1577,-28635.0586,26.5259,770.2715,-0.0009,0.0017,-3.1360,0.7764,-3.1412,-4700.7803,-28634.0547,23.9472,1
-4703.1636,-28634.3926,24.9425,-5248.9092,-28088.5840,21.9605,-4703.1729,-28627.8828,25.5615,767.2534,-0.0023,0.0015,-3.1361,0.7770,-3.1412,-4700.7700,-28633.8027,24.0351,1
-4703.1636,-28634.3926,24.9425,-5248.8701,-28088.6289,21.9605,-4705.0322,-28635.2715,23.2008,771.0869,-0.0008,0.0010,-3.1361,0.7776,-3.1412,-4700.8291,-28633.7793,24.0480,1
-4703.1636,-28634.3926,24.9425,-5248.8315,-28088.6738,21.9606,-4700.1782,-28635.9238,20.8195,774.9209,-0.0014,0.0005,-3.1362,0.7779,-3.1412,-4700.7432,-28633.7832,23.9807,1
-4703.1636,-28634.3926,24.9425,-5248.7935,-28088.7188,21.9607,-4696.5259,-28637.4062,27.9929,778.5139,-0.0016,0.0019,-3.1363,0.7783,-3.1412,-4700.5415,-28633.8418,24.1358,1
-4703.1636,-28634.3926,24.9425,-5248.7554,-28088.7617,21.9608,-4709.3501,-28633.9082,25.5412,766.9080,-0.0002,0.0014,-3.1363,0.7789,-3.1412,-4700.7505,-28633.7988,24.2200,1
-4703.1636,-28634.3926,24.9425,-5248.7178,-28088.8047,21.9608,-4704.4575,-28634.5371,23.1745,770.7404,-0.0008,0.0009,-3.1364,0.7793,-3.1412,-4700.8213,-28633.7773,24.2283,1
-4703.1636,-28634.3926,24.9425,-5248.6802,-28088.8496,21.9609,-4699.6216,-28635.2012,20.7796,774.5732,-0.0013,0.0004,-3.1364,0.7797,-3.1412,-4700.7456,-28633.7812,24.1555,1
-4703.1636,-28634.3926,24.9425,-5248.6431,-28088.8906,21.9609,-4696.0801,-28636.7969,27.9613,778.1732,-0.0016,0.0019,-3.1364,0.7796,-3.1411,-4700.5552,-28633.8418,24.3049,1
-4703.1636,-28634.3926,24.9425,-5248.6064,-28088.9336,21.9610,-4708.9219,-28633.3281,25.4917,766.5707,-0.0001,0.0014,-3.1365,0.7801,-3.1412,-4700.7734,-28633.7969,24.3823,1
-4703.1636,-28634.3926,24.9425,-5248.5703,-28088.9766,21.9610,-4704.2891,-28634.2109,23.1058,770.4020,-0.0007,0.0009,-3.1365,0.7801,-3.1411,-4700.8604,-28633.7832,24.3827,1
-4703.1636,-28634.3926,24.9425,-5248.5342,-28089.0176,21.9610,-4699.4771,-28634.8887,20.6909,774.2336,-0.0013,0.0004,-3.1365,0.7804,-3.1412,-4700.7998,-28633.7910,24.3009,1
-4703.1636,-28634.3926,24.9425,-5248.4980,-28089.0586,21.9610,-4695.2065,-28635.7559,27.9263,777.8400,-0.0017,0.0019,-3.1366,0.7808,-3.1412,-4700.6001,-28633.8320,24.4427,1
-4703.1636,-28634.3926,24.9425,-5248.4629,-28089.0996,21.9611,-4708.3320,-28632.5879,25.4405,766.2410,-0.0002,0.0014,-3.1366,0.7808,-3.1412,-4700.8154,-28633.7754,24.5114,1
-4703.1636,-28634.3926,24.9425,-5248.4272,-28089.1406,21.9611,-4703.7026,-28633.4648,23.0387,770.0710,-0.0008,0.0009,-3.1366,0.7808,-3.1411,-4700.8965,-28633.7441,24.5025,1
-4703.1636,-28634.3926,24.9425,-5248.3926,-28089.1816,21.9611,-4698.9038,-28634.1465,20.6097,773.9016,-0.0014,0.0004,-3.1366,0.7810,-3.1412,-4700.8296,-28633.7363,24.4105,1
-4703.1636,-28634.3926,24.9425,-5248.3579,-28089.2207,21.9611,-4701.4429,-28641.8379,27.8960,777.5143,0.0002,0.0019,-3.1366,0.7814,-3.1412,-4700.8398,-28633.9785,24.5438,1
-4703.1636,-28634.3926,24.9425,-5248.3237,-28089.2617,21.9610,-4707.6670,-28631.7715,25.4049,765.9185,-0.0004,0.0014,-3.1366,0.7814,-3.1412,-4701.0557,-28633.9121,24.6036,1
-4703.1636,-28634.3926,24.9425,-5248.2896,-28089.3008,21.9610,-4703.0371,-28632.6367,22.9964,769.7476,-0.0009,0.0009,-3.1366,0.7814,-3.1411,-4701.1343,-28633.8691,24.5854,1
-4703.1636,-28634.3926,24.9425,-5248.2559,-28089.3398,21.9610,-4698.2446,-28633.3145,20.5629,773.5770,-0.0015,0.0004,-3.1366,0.7816,-3.1412,-4701.0615,-28633.8457,24.4839,1
-4703.1636,-28634.3926,24.9425,-5248.2222,-28089.3789,21.9610,-4700.7505,-28640.9980,27.8787,777.1960,0.0001,0.0019,-3.1366,0.7820,-3.1412,-4701.0630,-28634.0703,24.6086,1
-4703.1636,-28634.3926,24.9425,-5248.1890,-28089.4160,21.9610,-4706.9854,-28630.9336,25.3876,765.6032,-0.0005,0.0014,-3.1365,0.7820,-3.1412,-4701.2661,-28633.9844,24.6600,1
-4703.1636,-28634.3926,24.9425,-5248.1562,-28089.4551,21.9610,-4703.4961,-28629.3516,21.6769,766.9021,-0.0012,0.0006,-3.1365,0.7820,-3.1411,-4701.3677,-28633.8379,24.5908,1
-4703.1636,-28634.3926,24.9425,-5248.1235,-28089.4922,21.9610,-4697.5479,-28632.4453,20.5493,773.2597,-0.0016,0.0004,-3.1365,0.7823,-3.1411,-4701.2798,-28633.7832,24.4783,1
-4703.1636,-28634.3926,24.9425,-5248.0913,-28089.5293,21.9610,-4700.2891,-28640.3809,27.8679,776.8845,-0.0000,0.0019,-3.1365,0.7823,-3.1411,-4701.2705,-28633.9824,24.5928,1
-4703.1636,-28634.3926,24.9425,-5248.0591,-28089.5664,21.9610,-4706.5366,-28630.3301,25.3811,765.2948,-0.0006,0.0014,-3.1365,0.7823,-3.1411,-4701.4624,-28633.8711,24.6344,1
-4703.1636,-28634.3926,24.9425,-5248.0273,-28089.6035,21.9610,-4701.9082,-28631.1797,22.9788,769.1218,-0.0012,0.0009,-3.1365,0.7823,-3.1411,-4701.5127,-28633.7793,24.5987,1
-4703.1636,-28634.3926,24.9425,-5247.9956,-28089.6406,21.9610,-4703.9443,-28638.6934,20.5499,772.9493,0.0003,0.0004,-3.1365,0.7826,-3.1411,-4701.6279,-28633.9258,24.4804,1
-4703.1636,-28634.3926,24.9425,-5247.9644,-28089.6758,21.9610,-4699.6069,-28639.5449,27.8582,776.5800,-0.0002,0.0019,-3.1365,0.7826,-3.1411,-4701.6069,-28634.1094,24.5890,1
-4703.1636,-28634.3926,24.9425,-5247.9336,-28089.7129,21.9610,-4705.8677,-28629.5039,25.3773,764.9933,-0.0008,0.0014,-3.1366,0.7826,-3.1411,-4701.7832,-28633.9785,24.6251,1
-4703.1636,-28634.3926,24.9425,-5247.9028,-28089.7480,21.9610,-4701.0840,-28630.1875,22.9797,768.8193,-0.0013,0.0009,-3.1366,0.7829,-3.1411,-4701.8105,-28633.8613,24.5843,1
-4703.1636,-28634.3926,24.9425,-5247.8721,-28089.7832,21.9610,-4703.0854,-28637.6777,20.5558,772.6459,0.0001,0.0004,-3.1366,0.7833,-3.1412,-4701.8989,-28633.9785,24.4614,1
-4703.1636,-28634.3926,24.9425,-5247.8423,-28089.8184,21.9610,-4698.9365,-28638.7188,27.8478,776.2822,-0.0003,0.0019,-3.1366,0.7833,-3.1411,-4701.8545,-28634.1367,24.5651,1
-4703.1636,-28634.3926,24.9425,-5247.8120,-28089.8516,21.9611,-4705.2065,-28628.6816,25.3709,764.6982,-0.0009,0.0014,-3.1366,0.7833,-3.1411,-4702.0044,-28633.9785,24.5967,1
-4703.1636,-28634.3926,24.9425,-5247.7822,-28089.8867,21.9611,-4707.2534,-28636.2012,22.9738,768.5234,0.0006,0.0009,-3.1366,0.7835,-3.1411,-4702.2261,-28634.0547,24.5517,1
-4703.1636,-28634.3926,24.9425,-5247.7529,-28089.9199,21.9611,-4697.7363,-28633.2227,29.2006,773.1348,-0.0013,0.0021,-3.1366,0.7835,-3.1411,-4702.1475,-28634.0371,24.7046,1
-4703.1636,-28634.3926,24.9425,-5247.7236,-28089.9551,21.9611,-4698.2656,-28637.8906,27.8347,775.9908,-0.0005,0.0018,-3.1366,0.7835,-3.1411,-4702.0742,-28634.1680,24.8225,1
-4703.1636,-28634.3926,24.9425,-5247.6948,-28089.9883,21.9611,-4704.5513,-28627.8652,25.3594,764.4097,-0.0011,0.0013,-3.1366,0.7835,-3.1411,-4702.1938,-28633.9805,24.8666,1
-4703.1636,-28634.3926,24.9425,-5247.6660,-28090.0215,21.9611,-4706.5659,-28635.3633,22.9630,768.2339,0.0004,0.0008,-3.1366,0.7838,-3.1411,-4702.3823,-28634.0234,24.8326,1
-4703.1636,-28634.3926,24.9425,-5247.6377,-28090.0547,21.9611,-4701.9365,-28636.2090,20.5460,772.0585,-0.0002,0.0003,-3.1367,0.7838,-3.1411,-4702.4272,-28634.0977,24.7154,1
-4703.1636,-28634.3926,24.9425,-5247.6094,-28090.0859,21.9611,-4707.2847,-28634.2129,21.2377,766.8262,0.0003,0.0005,-3.1367,0.7838,-3.1411,-4702.6431,-28634.1113,24.6099,1
-4703.1636,-28634.3926,24.9425,-5247.5815,-28090.1191,21.9612,-4703.8955,-28627.0469,25.3450,764.1271,-0.0012,0.0013,-3.1367,0.7838,-3.1411,-4702.7554,-28633.8906,24.6307,1
-4703.1636,-28634.3926,24.9425,-5247.5537,-28090.1504,21.9612,-4706.0679,-28634.7090,22.9487,767.9504,0.0002,0.0008,-3.1367,0.7838,-3.1411,-4702.9380,-28633.9043,24.5751,1
-4703.1636,-28634.3926,24.9425,-5247.5264,-28090.1836,21.9612,-4701.2822,-28635.3926,20.5308,771.7743,-0.0004,0.0003,-3.1367,0.7841,-3.1412,-4702.9688,-28633.9434,24.4380,1
-4703.1636,-28634.3926,24.9425,-5247.4990,-28090.2148,21.9612,-4696.9248,-28636.2266,27.8044,775.4266,-0.0009,0.0018,-3.1367,0.7841,-3.1411,-4702.8516,-28634.0117,24.5278,1
-4703.1636,-28634.3926,24.9425,-5247.4722,-28090.2461,21.9612,-4709.8794,-28632.8848,25.3258,763.8506,0.0006,0.0013,-3.1367,0.7844,-3.1412,-4703.1396,-28633.9766,24.5459,1
-4703.1636,-28634.3926,24.9425,-5247.4453,-28090.2773,21.9612,-4707.5308,-28636.2090,29.0081,767.8465,0.0007,0.0021,-3.1367,0.7844,-3.1411,-4703.3623,-28634.0488,24.6859,1
-4703.1636,-28634.3926,24.9425,-5247.4185,-28090.3066,21.9612,-4708.9175,-28634.6113,24.8982,765.6716,0.0007,0.0012,-3.1367,0.7844,-3.1411,-4703.6357,-28634.0723,24.7016,1
-4703.1636,-28634.3926,24.9425,-5247.3921,-28090.3379,21.9612,-4709.6260,-28631.8027,24.0356,763.1356,0.0004,0.0011,-3.1367,0.7844,-3.1411,-4703.9404,-28634.0059,24.6891,1
-4703.1636,-28634.3926,24.9425,-5247.3662,-28090.3672,21.9612,-4709.1860,-28632.0410,25.3102,763.5796,0.0004,0.0013,-3.1367,0.7847,-3.1412,-4704.2383,-28633.9414,24.7165,1
-4703.1636,-28634.3926,24.9425,-5247.3403,-28090.3984,21.9612,-4704.5649,-28632.8965,22.9163,767.4018,-0.0002,0.0008,-3.1368,0.7847,-3.1411,-4704.3901,-28633.9023,24.6669,1
-4703.1636,-28634.3926,24.9425,-5247.3145,-28090.4277,21.9612,-4699.9385,-28633.7188,20.4985,771.2234,-0.0007,0.0003,-3.1368,0.7847,-3.1411,-4704.3862,-28633.8867,24.5349,1
-4703.1636,-28634.3926,24.9425,-5247.2891,-28090.4570,21.9612,-4702.4702,-28641.4531,27.7713,774.8859,0.0008,0.0018,-3.1368,0.7847,-3.1411,-4704.4487,-28634.1211,24.6294,1
-4703.1636,-28634.3926,24.9425,-5247.2637,-28090.4863,21.9612,-4708.6831,-28631.3887,25.2963,763.3142,0.0002,0.0013,-3.1368,0.7847,-3.1411,-4704.7041,-28634.0449,24.6516,1
-4703.1636,-28634.3926,24.9425,-5247.2388,-28090.5156,21.9613,-4704.0669,-28632.2383,22.9027,767.1356,-0.0003,0.0008,-3.1368,0.7847,-3.1411,-4704.8120,-28633.9922,24.5970,1
-4703.1636,-28634.3926,24.9425,-5247.2139,-28090.5430,21.9613,-4699.4438,-28633.0566,20.4848,770.9565,-0.0009,0.0003,-3.1368,0.7847,-3.1411,-4704.7627,-28633.9609,24.4605,1
-4703.1636,-28634.3926,24.9425,-5247.1895,-28090.5723,21.9613,-4701.8003,-28640.6328,27.7567,774.6235,0.0006,0.0018,-3.1368,0.7847,-3.1411,-4704.7739,-28634.1719,24.5509,1
-4703.1636,-28634.3926,24.9425,-5247.1650,-28090.5996,21.9613,-4708.0278,-28630.5801,25.2826,763.0541,0.0000,0.0013,-3.1368,0.7847,-3.1411,-4704.9761,-28634.0723,24.5694,1
-4703.1636,-28634.3926,24.9425,-5247.1406,-28090.6289,21.9613,-4703.4131,-28631.4258,22.8897,766.8748,-0.0005,0.0008,-3.1368,0.7847,-3.1411,-4705.0298,-28633.9922,24.5115,1
-4703.1636,-28634.3926,24.9425,-5247.1167,-28090.6562,21.9613,-4698.7920,-28632.2363,20.4729,770.6948,-0.0011,0.0003,-3.1368,0.7847,-3.1411,-4704.9263,-28633.9316,24.3722,1
-4703.1636,-28634.3926,24.9425,-5247.0933,-28090.6836,21.9613,-4701.1343,-28639.8164,27.7429,774.3663,0.0004,0.0018,-3.1368,0.7847,-3.1411,-4704.8813,-28634.1133,24.4601,1
-4703.1636,-28634.3926,24.9425,-5247.0693,-28090.7109,21.9613,-4707.3755,-28629.7734,25.2697,762.7992,-0.0002,0.0013,-3.1368,0.7847,-3.1411,-4705.0278,-28633.9824,24.4765,1
-4703.1636,-28634.3926,24.9425,-5247.0459,-28090.7383,21.9613,-4702.7617,-28630.6113,22.8776,766.6190,-0.0008,0.0008,-3.1368,0.7847,-3.1412,-4705.0259,-28633.8691,24.4169,1
-4703.1636,-28634.3926,24.9425,-5247.0215,-28090.7656,21.9615,-4704.9775,-28638.2734,20.6982,770.4384,0.0007,0.0003,-3.1372,0.7847,-3.1412,-4705.0879,-28633.9980,24.2839,1
-4703.1636,-28634.3926,24.9425,-5246.9961,-28090.7969,21.9620,-4703.5972,-28637.9941,30.2534,771.2098,0.0004,0.0022,-3.1380,0.7845,-3.1413,-4705.1021,-28634.1270,24.4535,1
-4703.1636,-28634.3926,24.9425,-5246.9678,-28090.8281,21.9630,-4707.0586,-28629.3086,26.7481,762.5476,-0.0004,0.0012,-3.1393,0.7840,-3.1415,-4705.2236,-28633.9805,24.5239,1
-4703.1636,-28634.3926,24.9425,-5246.9370,-28090.8652,21.9644,-4702.8989,-28630.6152,25.6909,766.3668,-0.0010,0.0007,-3.1413,0.7831,3.1414,-4705.2104,-28633.8691,24.5645,1
-4703.1636,-28634.3926,24.9425,-5246.9033,-28090.9043,21.9663,-4705.5474,-28638.7285,24.9379,770.1854,0.0005,0.0002,3.1395,0.7823,3.1411,-4705.2759,-28634.0117,24.5828,1
-4703.1636,-28634.3926,24.9425,-5246.8667,-28090.9492,21.9686,-4700.4126,-28638.7988,29.5891,773.8244,-0.0005,0.0008,3.1369,0.7811,3.1408,-4705.1733,-28634.1699,24.7518,1
-4703.1636,-28634.3926,24.9425,-5246.8262,-28090.9980,21.9712,-4707.2002,-28633.3535,25.6596,765.0892,-0.0005,-0.0004,3.1341,0.7799,3.1405,-4705.2788,-28634.1582,24.8043,1
-4703.1636,-28634.3926,24.9425,-5246.7817,-28091.0508,21.9741,-4703.2153,-28640.5703,29.0267,772.9730,-0.0002,-0.0002,3.1311,0.7788,3.1402,-4705.2568,-28634.3809,24.9662,1
-4703.1636,-28634.3926,24.9425,-5246.7329,-28091.1074,21.9770,-4706.0308,-28639.1387,28.5970,769.8983,-0.0001,-0.0007,3.1282,0.7778,3.1400,-4705.3193,-28634.5684,25.1223,1
-4703.1636,-28634.3926,24.9425,-5246.6807,-28091.1699,21.9798,-4706.3540,-28636.1113,24.7859,767.4177,-0.0007,-0.0019,3.1254,0.7768,3.1397,-4705.3931,-28634.6680,25.1605,1
-4703.1636,-28634.3926,24.9425,-5246.6250,-28091.2363,21.9828,-4706.4434,-28628.4863,28.8977,761.8976,-0.0020,-0.0014,3.1230,0.7757,3.1395,-4705.4697,-28634.5176,25.3306,1
-4703.1636,-28634.3926,24.9425,-5246.5664,-28091.3066,21.9862,-4709.1816,-28636.7344,27.9819,765.7145,-0.0005,-0.0019,3.1209,0.7746,3.1393,-4705.6362,-28634.6211,25.4758,1
-4703.1636,-28634.3926,24.9425,-5246.5059,-28091.3789,21.9897,-4705.1084,-28638.2188,26.6972,769.5310,-0.0011,-0.0024,3.1193,0.7736,3.1391,-4705.6753,-28634.7773,25.5818,1
-4703.1636,-28634.3926,24.9425,-5246.4434,-28091.4531,21.9929,-4698.9419,-28637.0879,28.4109,772.9980,-0.0023,-0.0022,3.1183,0.7725,3.1389,-4705.5112,-28634.9023,25.7425,1
-4703.1636,-28634.3926,24.9425,-5246.3799,-28091.5293,21.9956,-4705.7256,-28627.6816,26.2742,761.4449,-0.0029,-0.0027,3.1178,0.7715,3.1388,-4705.5503,-28634.7207,25.8371,1
-4703.1636,-28634.3926,24.9425,-5246.3145,-28091.6074,21.9976,-4708.3955,-28635.8945,23.8791,765.2601,-0.0014,-0.0032,3.1178,0.7706,3.1388,-4705.6758,-28634.7910,25.8509,1
-4703.1636,-28634.3926,24.9425,-5246.2485,-28091.6875,21.9986,-4704.2627,-28637.3145,21.0759,769.0750,-0.0020,-0.0037,3.1183,0.7696,3.1388,-4705.6709,-28634.9102,25.7663,1
-4703.1636,-28634.3926,24.9425,-5246.1816,-28091.7676,21.9986,-4698.1938,-28636.2051,26.9113,772.4881,-0.0032,-0.0023,3.1193,0.7687,3.1389,-4705.4648,-28634.9941,25.8580,1
-4703.1636,-28634.3926,24.9425,-5246.1143,-28091.8496,21.9973,-4711.4312,-28633.2637,23.3901,760.9410,-0.0017,-0.0028,3.1208,0.7683,3.1389,-4705.6729,-28634.9844,25.8345,1
-4703.1636,-28634.3926,24.9425,-5246.0464,-28091.9316,21.9949,-4707.2402,-28634.6250,19.5669,764.7543,-0.0023,-0.0033,3.1227,0.7675,3.1391,-4705.7549,-28635.0137,25.6785,1
-4703.1636,-28634.3926,24.9425,-5245.9780,-28092.0137,21.9913,-4702.4248,-28631.5957,21.6927,765.9055,-0.0035,-0.0025,3.1252,0.7670,3.1393,-4705.6816,-28634.9414,25.5768,1
-4703.1636,-28634.3926,24.9425,-5245.9092,-28092.0957,21.9866,-4697.1450,-28635.0039,25.5749,771.9528,-0.0038,-0.0013,3.1280,0.7667,3.1396,-4705.4297,-28634.9707,25.5922,1
-4703.1636,-28634.3926,24.9425,-5245.8403,-28092.1797,21.9807,-4710.1782,-28631.8867,20.8150,760.4120,-0.0024,-0.0018,3.1313,0.7667,3.1398,-4705.5830,-28634.8965,25.4504,1
-4703.1636,-28634.3926,24.9425,-5245.7715,-28092.2637,21.9748,-4705.7300,-28632.9531,15.9458,764.2231,-0.0029,-0.0023,3.1347,0.7664,3.1402,-4705.6006,-28634.8496,25.1393,1
-4703.1636,-28634.3926,24.9425,-5245.7031,-28092.3457,21.9696,-4701.2056,-28633.8867,11.0709,768.0339,-0.0035,-0.0028,3.1381,0.7662,3.1406,-4705.4702,-28634.8301,24.6512,1
-4703.1636,-28634.3926,24.9425,-5245.6353,-28092.4297,21.9653,-4703.1353,-28640.8398,25.3220,771.4068,-0.0022,0.0006,3.1414,0.7664,3.1409,-4705.3931,-28635.0312,24.5988,1
-4703.1636,-28634.3926,24.9425,-5245.5679,-28092.5117,21.9617,-4709.3726,-28630.9355,20.7934,759.8727,-0.0027,0.0001,-3.1388,0.7662,3.1413,-4705.5156,-28634.9238,24.4026,1
-4703.1636,-28634.3926,24.9425,-5245.5010,-28092.5918,21.9587,-4704.7422,-28631.8125,16.5159,763.6816,-0.0033,-0.0004,-3.1361,0.7663,-3.1416,-4705.4946,-28634.8340,24.0622,1
-4703.1636,-28634.3926,24.9425,-5245.4351,-28092.6719,21.9564,-4710.9487,-28632.6035,17.7351,759.7495,-0.0022,0.0002,-3.1338,0.7666,-3.1413,-4705.6758,-28634.7637,23.7480,1
-4703.1636,-28634.3926,24.9425,-5245.3706,-28092.7520,21.9546,-4702.3096,-28639.8535,26.3049,770.8715,-0.0023,0.0023,-3.1320,0.7670,-3.1410,-4705.5854,-28634.9258,23.7061,1
-4703.1636,-28634.3926,24.9425,-5245.3066,-28092.8301,21.9533,-4708.4067,-28629.8125,22.8629,759.3438,-0.0029,0.0018,-3.1305,0.7672,-3.1408,-4705.6870,-28634.7695,23.5632,1
-4703.1636,-28634.3926,24.9425,-5245.2437,-28092.9082,21.9524,-4701.2681,-28636.0430,21.2725,768.6983,-0.0030,0.0016,-3.1295,0.7675,-3.1407,-4705.5601,-28634.8066,23.3724,1
-4703.1636,-28634.3926,24.9425,-5245.1816,-28092.9844,21.9519,-4698.7466,-28631.1387,16.8866,766.9570,-0.0040,0.0008,-3.1288,0.7679,-3.1406,-4705.3413,-28634.6855,23.0390,1
-4703.1636,-28634.3926,24.9425,-5245.1206,-28093.0586,21.9517,-4701.7935,-28639.1680,27.4066,770.3605,-0.0024,0.0030,-3.1285,0.7681,-3.1405,-4705.2075,-28634.8203,23.0399,1
-4703.1636,-28634.3926,24.9425,-5245.0601,-28093.1328,21.9519,-4707.8110,-28629.0469,24.9702,758.8387,-0.0029,0.0025,-3.1285,0.7684,-3.1404,-4705.2642,-28634.6309,22.9784,1
-4703.1636,-28634.3926,24.9425,-5245.0010,-28093.2051,21.9523,-4702.9326,-28629.6719,22.7916,762.6436,-0.0035,0.0020,-3.1288,0.7689,-3.1404,-4705.1670,-28634.4531,22.8549,1
-4703.1636,-28634.3926,24.9425,-5244.9424,-28093.2773,21.9529,-4704.9595,-28637.2148,20.7301,766.4481,-0.0020,0.0015,-3.1292,0.7691,-3.1405,-4705.1323,-28634.5117,22.6691,1
-4703.1636,-28634.3926,24.9425,-5244.8848,-28093.3477,21.9537,-4701.0679,-28638.2754,28.0592,769.8746,-0.0024,0.0029,-3.1299,0.7694,-3.1405,-4704.9722,-28634.6113,22.7225,1
-4703.1636,-28634.3926,24.9425,-5244.8276,-28093.4180,21.9546,-4707.0415,-28628.1035,26.1345,758.3586,-0.0029,0.0024,-3.1306,0.7698,-3.1405,-4705.0000,-28634.3848,22.7320,1
-4703.1636,-28634.3926,24.9425,-5244.7715,-28093.4883,21.9555,-4702.1636,-28628.7168,24.3502,762.1616,-0.0035,0.0019,-3.1314,0.7703,-3.1406,-4704.8735,-28634.1680,22.6943,1
-4703.1636,-28634.3926,24.9425,-5244.7153,-28093.5566,21.9565,-4703.9146,-28635.9980,22.5592,765.9641,-0.0021,0.0014,-3.1323,0.7710,-3.1407,-4704.8003,-28634.1797,22.6054,1
-4703.1636,-28634.3926,24.9425,-5244.6602,-28093.6250,21.9575,-4700.3560,-28637.4043,28.1883,769.4088,-0.0023,0.0024,-3.1332,0.7714,-3.1408,-4704.6113,-28634.2422,22.7031,1
-4703.1636,-28634.3926,24.9425,-5244.6055,-28093.6914,21.9584,-4706.3066,-28627.2031,26.2984,757.8980,-0.0029,0.0019,-3.1340,0.7719,-3.1408,-4704.6094,-28633.9785,22.7566,1
-4703.1636,-28634.3926,24.9425,-5244.5513,-28093.7598,21.9592,-4708.0923,-28634.4980,24.4559,761.6992,-0.0014,0.0014,-3.1347,0.7725,-3.1409,-4704.6724,-28633.9414,22.7596,1
-4703.1636,-28634.3926,24.9425,-5244.4971,-28093.8262,21.9600,-4703.2920,-28635.2051,22.5453,765.5000,-0.0020,0.0009,-3.1354,0.7728,-3.1410,-4704.5874,-28633.9316,22.7059,1
-4703.1636,-28634.3926,24.9425,-5244.4438,-28093.8906,21.9607,-4699.6636,-28636.5527,27.9843,768.9566,-0.0022,0.0020,-3.1360,0.7732,-3.1410,-4704.3838,-28633.9707,22.8308,1
-4703.1636,-28634.3926,24.9425,-5244.3906,-28093.9570,21.9612,-4694.7124,-28637.0938,25.9369,772.7557,-0.0028,0.0015,-3.1365,0.7738,-3.1411,-4704.0122,-28634.0332,22.9018,1
-4703.1636,-28634.3926,24.9425,-5244.3379,-28094.0215,21.9616,-4707.3457,-28633.5977,23.7665,761.2506,-0.0014,0.0010,-3.1369,0.7745,-3.1411,-4704.0337,-28633.9922,22.9108,1
-4703.1636,-28634.3926,24.9425,-5244.2856,-28094.0859,21.9620,-4702.5220,-28634.2676,21.5783,765.0497,-0.0019,0.0005,-3.1372,0.7749,-3.1411,-4703.9077,-28633.9727,22.8508,1
-4703.1636,-28634.3926,24.9425,-5244.2339,-28094.1504,21.9622,-4698.9849,-28635.7168,27.6906,768.5142,-0.0021,0.0017,-3.1374,0.7753,-3.1412,-4703.6675,-28634.0020,22.9879,1
-4703.1636,-28634.3926,24.9425,-5244.1821,-28094.2148,21.9623,-4694.0259,-28636.2363,25.3704,772.3117,-0.0027,0.0012,-3.1375,0.7759,-3.1412,-4703.2607,-28634.0527,23.0601,1
-4703.1636,-28634.3926,24.9425,-5244.1309,-28094.2773,21.9623,-4706.8979,-28632.9961,22.9586,760.8116,-0.0013,0.0007,-3.1375,0.7761,-3.1411,-4703.2568,-28634.0039,23.0594,1
-4703.1636,-28634.3926,24.9425,-5244.0796,-28094.3398,21.9623,-4702.0791,-28633.6562,20.5367,764.6089,-0.0018,0.0002,-3.1375,0.7765,-3.1411,-4703.1084,-28633.9766,22.9792,1
-4703.1636,-28634.3926,24.9425,-5244.0293,-28094.4023,21.9622,-4698.3188,-28634.8887,27.4721,768.0803,-0.0021,0.0017,-3.1374,0.7769,-3.1411,-4702.8398,-28633.9883,23.1197,1
-4703.1636,-28634.3926,24.9425,-5243.9790,-28094.4648,21.9620,-4700.1982,-28642.2715,24.9747,771.8760,-0.0007,0.0012,-3.1373,0.7775,-3.1411,-4702.6279,-28634.2402,23.1883,1
-4703.1636,-28634.3926,24.9425,-5243.9292,-28094.5273,21.9618,-4698.2085,-28635.7539,21.7053,768.5931,-0.0019,0.0005,-3.1371,0.7778,-3.1411,-4702.3516,-28634.3008,23.1543,1
-4703.1636,-28634.3926,24.9425,-5243.8799,-28094.5879,21.9616,-4701.4062,-28632.8125,19.9049,764.1766,-0.0018,0.0002,-3.1369,0.7782,-3.1410,-4702.1758,-28634.2676,23.0573,1
-4703.1636,-28634.3926,24.9425,-5243.8306,-28094.6484,21.9614,-4708.7490,-28631.8555,20.3001,758.2245,-0.0008,0.0003,-3.1367,0.7786,-3.1410,-4702.2466,-28634.1992,22.9653,1
-4703.1636,-28634.3926,24.9425,-5243.7822,-28094.7090,21.9612,-4698.8760,-28637.7148,20.4849,769.2718,-0.0013,0.0003,-3.1365,0.7792,-3.1410,-4702.0142,-28634.3164,22.8749,1
-4703.1636,-28634.3926,24.9425,-5243.7339,-28094.7676,21.9610,-4705.5684,-28631.3477,22.2845,759.9589,-0.0012,0.0007,-3.1363,0.7795,-3.1410,-4701.9990,-28634.2324,22.8379,1
-4703.1636,-28634.3926,24.9425,-5243.6860,-28094.8262,21.9608,-4700.7539,-28631.9863,19.7600,763.7531,-0.0017,0.0002,-3.1361,0.7799,-3.1409,-4701.8394,-28634.1641,22.7180,1
-4703.1636,-28634.3926,24.9425,-5243.6387,-28094.8848,21.9606,-4703.7998,-28640.0547,27.3880,767.2397,-0.0000,0.0018,-3.1360,0.7803,-3.1409,-4701.7817,-28634.3535,22.8415,1
-4703.1636,-28634.3926,24.9425,-5243.5918,-28094.9434,21.9604,-4699.1816,-28640.9355,24.8923,771.0325,-0.0006,0.0013,-3.1358,0.7803,-3.1409,-4701.5840,-28634.5820,22.8945,1
-4703.1636,-28634.3926,24.9425,-5243.5449,-28095.0020,21.9603,-4705.1572,-28630.7754,22.3890,759.5467,-0.0011,0.0008,-3.1357,0.7807,-3.1409,-4701.5815,-28634.4941,22.8709,1
-4703.1636,-28634.3926,24.9425,-5243.4990,-28095.0586,21.9602,-4700.3452,-28631.4062,19.9261,763.3394,-0.0017,0.0003,-3.1356,0.7811,-3.1408,-4701.4341,-28634.4160,22.7660,1
-4703.1636,-28634.3926,24.9425,-5243.4531,-28095.1152,21.9601,-4703.3931,-28639.4961,27.4400,766.8352,-0.0001,0.0019,-3.1355,0.7811,-3.1408,-4701.3882,-28634.5957,22.9007,1
-4703.1636,-28634.3926,24.9425,-5243.4077,-28095.1719,21.9601,-4698.6216,-28640.2148,25.0128,770.6264,-0.0006,0.0014,-3.1355,0.7813,-3.1408,-4701.1963,-28634.8066,22.9665,1
-4703.1636,-28634.3926,24.9425,-5243.3628,-28095.2266,21.9601,-4704.6880,-28630.1426,22.5748,759.1451,-0.0012,0.0009,-3.1355,0.7816,-3.1408,-4701.2021,-28634.6992,22.9576,1
-4703.1636,-28634.3926,24.9425,-5243.3184,-28095.2812,21.9601,-4699.8809,-28630.7676,20.1771,762.9363,-0.0017,0.0004,-3.1355,0.7820,-3.1408,-4701.0620,-28634.6016,22.8691,1
-4703.1636,-28634.3926,24.9425,-5243.2744,-28095.3359,21.9601,-4702.7227,-28638.6738,27.4843,766.4413,-0.0001,0.0019,-3.1355,0.7819,-3.1408,-4701.0161,-28634.7539,23.0135,1
-4703.1636,-28634.3926,24.9425,-5243.2305,-28095.3906,21.9601,-4698.1079,-28639.5371,25.1113,770.2311,-0.0007,0.0014,-3.1355,0.7819,-3.1408,-4700.8286,-28634.9395,23.0900,1
-4703.1636,-28634.3926,24.9425,-5243.1870,-28095.4434,21.9602,-4704.1909,-28629.4805,22.7171,758.7540,-0.0013,0.0009,-3.1356,0.7822,-3.1408,-4700.8384,-28634.8047,23.0927,1
-4703.1636,-28634.3926,24.9425,-5243.1440,-28095.4980,21.9602,-4706.1509,-28636.8965,20.3525,762.5439,0.0002,0.0004,-3.1356,0.7825,-3.1408,-4700.9238,-28634.9004,23.0164,1
-4703.1636,-28634.3926,24.9425,-5243.1016,-28095.5488,21.9603,-4702.0557,-28637.8516,27.4993,766.0577,-0.0003,0.0019,-3.1357,0.7825,-3.1408,-4700.8896,-28635.0312,23.1673,1
-4703.1636,-28634.3926,24.9425,-5243.0596,-28095.6016,21.9604,-4697.4414,-28638.7051,25.1486,769.8463,-0.0008,0.0014,-3.1357,0.7825,-3.1408,-4700.7114,-28635.1934,23.2505,1
-4703.1636,-28634.3926,24.9425,-5243.0176,-28095.6543,21.9604,-4703.5312,-28628.6543,22.7685,758.3733,-0.0014,0.0009,-3.1358,0.7828,-3.1408,-4700.7280,-28635.0312,23.2593,1
-4703.1636,-28634.3926,24.9425,-5242.9761,-28095.7051,21.9605,-4705.4741,-28636.0586,20.4123,762.1617,0.0001,0.0004,-3.1359,0.7832,-3.1409,-4700.8174,-28635.0977,23.1888,1
-4703.1636,-28634.3926,24.9425,-5242.9351,-28095.7559,21.9606,-4701.3809,-28637.0234,27.4862,765.6840,-0.0004,0.0019,-3.1359,0.7831,-3.1409,-4700.7852,-28635.1953,23.3426,1
-4703.1636,-28634.3926,24.9425,-5242.8945,-28095.8066,21.9606,-4705.3174,-28632.3223,27.8172,759.5153,-0.0005,0.0019,-3.1360,0.7831,-3.1408,-4700.8862,-28635.1406,23.5168,1
-4703.1636,-28634.3926,24.9425,-5242.8540,-28095.8555,21.9607,-4695.9453,-28636.2324,29.4077,768.8695,-0.0013,0.0022,-3.1360,0.7834,-3.1409,-4700.6929,-28635.2070,23.7492,1
-4703.1636,-28634.3926,24.9425,-5242.8140,-28095.9062,21.9607,-4704.9995,-28635.4219,20.3786,761.7892,-0.0001,0.0004,-3.1361,0.7834,-3.1409,-4700.7861,-28635.2480,23.6974,1
-4703.1636,-28634.3926,24.9425,-5242.7739,-28095.9551,21.9608,-4700.7207,-28636.2051,27.4576,765.3191,-0.0006,0.0018,-3.1361,0.7834,-3.1409,-4700.7505,-28635.3125,23.8675,1
-4703.1636,-28634.3926,24.9425,-5242.7349,-28096.0039,21.9608,-4706.4995,-28631.1328,29.1604,757.5966,-0.0005,0.0022,-3.1361,0.7834,-3.1409,-4700.9067,-28635.2109,24.1008,1
-4703.1636,-28634.3926,24.9425,-5242.6953,-28096.0527,21.9608,-4708.9106,-28633.7285,22.6811,757.6399,0.0003,0.0008,-3.1362,0.7837,-3.1409,-4701.1558,-28635.1855,24.1286,1
-4703.1636,-28634.3926,24.9425,-5242.6567,-28096.0996,21.9609,-4704.3276,-28634.5879,20.3039,761.4257,-0.0002,0.0003,-3.1362,0.7837,-3.1409,-4701.2710,-28635.1836,24.0722,1
-4703.1636,-28634.3926,24.9425,-5242.6182,-28096.1484,21.9609,-4700.0645,-28635.3906,27.4278,764.9630,-0.0008,0.0018,-3.1362,0.7837,-3.1409,-4701.2529,-28635.2070,24.2379,1
-4703.1636,-28634.3926,24.9425,-5242.5801,-28096.1953,21.9609,-4695.4526,-28636.2148,25.0442,768.7476,-0.0013,0.0013,-3.1362,0.7837,-3.1409,-4701.0811,-28635.2559,24.3301,1
-4703.1636,-28634.3926,24.9425,-5242.5425,-28096.2422,21.9609,-4708.2690,-28632.9336,22.6253,757.2862,0.0001,0.0008,-3.1362,0.7840,-3.1409,-4701.3169,-28635.1973,24.3415,1
-4703.1636,-28634.3926,24.9425,-5242.5049,-28096.2871,21.9609,-4703.6870,-28633.7832,20.2369,761.0708,-0.0004,0.0003,-3.1362,0.7840,-3.1409,-4701.4160,-28635.1621,24.2679,1
-4703.1636,-28634.3926,24.9425,-5242.4678,-28096.3340,21.9609,-4699.3955,-28634.5605,27.4037,764.6150,-0.0009,0.0018,-3.1362,0.7840,-3.1409,-4701.3784,-28635.1504,24.4179,1
-4703.1636,-28634.3926,24.9425,-5242.4312,-28096.3789,21.9609,-4701.6006,-28642.2129,25.0080,768.3984,0.0005,0.0013,-3.1362,0.7840,-3.1409,-4701.4077,-28635.3848,24.4938,1
-4703.1636,-28634.3926,24.9425,-5242.3945,-28096.4258,21.9609,-4707.7578,-28632.2676,22.5898,756.9407,-0.0001,0.0008,-3.1362,0.7840,-3.1409,-4701.6396,-28635.3086,24.4887,1
-4703.1636,-28634.3926,24.9425,-5242.3584,-28096.4688,21.9609,-4703.2080,-28633.0957,29.7576,760.7241,-0.0006,0.0023,-3.1362,0.7839,-3.1409,-4701.7334,-28635.2520,24.7128,1
-4703.1636,-28634.3926,24.9425,-5242.3223,-28096.5137,21.9609,-4708.7090,-28632.2168,23.4002,756.1208,0.0001,0.0010,-3.1362,0.7839,-3.1409,-4702.0107,-28635.1602,24.7365,1
-4703.1636,-28634.3926,24.9425,-5242.2866,-28096.5586,21.9609,-4700.7744,-28641.2363,24.9905,768.0573,0.0003,0.0013,-3.1362,0.7842,-3.1409,-4702.0391,-28635.3574,24.8067,1
-4703.1636,-28634.3926,24.9425,-5242.2515,-28096.6016,21.9609,-4700.2988,-28633.5527,24.1085,762.9084,-0.0009,0.0011,-3.1362,0.7842,-3.1409,-4702.0454,-28635.3184,24.8457,1
-4703.1636,-28634.3926,24.9425,-5242.2163,-28096.6445,21.9609,-4702.3921,-28632.1133,29.7401,760.3853,-0.0008,0.0023,-3.1362,0.7842,-3.1409,-4702.1143,-28635.2246,25.0655,1
-4703.1636,-28634.3926,24.9425,-5242.1816,-28096.6875,21.9609,-4698.0884,-28632.9258,27.3758,763.9430,-0.0013,0.0018,-3.1362,0.7842,-3.1409,-4702.0400,-28635.1523,25.2148,1
-4703.1636,-28634.3926,24.9425,-5242.1470,-28096.7305,21.9609,-4700.2705,-28640.5762,24.9835,767.7241,0.0001,0.0013,-3.1362,0.7842,-3.1409,-4702.0264,-28635.3242,25.2873,1
-4703.1636,-28634.3926,24.9425,-5242.1128,-28096.7734,21.9609,-4706.4536,-28630.6484,22.5713,756.2733,-0.0005,0.0008,-3.1362,0.7842,-3.1409,-4702.2109,-28635.1816,25.2757,1
-4703.1636,-28634.3926,24.9425,-5242.0791,-28096.8145,21.9609,-4709.6543,-28634.6445,25.8372,756.7995,0.0006,0.0015,-3.1363,0.7842,-3.1409,-4702.5083,-28635.1602,25.3627,1
-4703.1636,-28634.3926,24.9425,-5242.0454,-28096.8555,21.9609,-4704.2007,-28638.9043,27.3606,763.6185,0.0004,0.0018,-3.1363,0.7842,-3.1409,-4702.6382,-28635.2793,25.4975,1
-4703.1636,-28634.3926,24.9425,-5242.0122,-28096.8984,21.9609,-4699.6040,-28639.7520,24.9781,767.3986,-0.0001,0.0013,-3.1363,0.7842,-3.1409,-4702.6182,-28635.4316,25.5554,1
-4703.1636,-28634.3926,24.9425,-5241.9795,-28096.9375,21.9609,-4710.7925,-28632.3828,26.8716,754.2390,0.0004,0.0017,-3.1363,0.7842,-3.1409,-4702.9575,-28635.3516,25.6712,1
-4703.1636,-28634.3926,24.9425,-5241.9468,-28096.9785,21.9609,-4700.3633,-28635.5020,25.5339,763.7575,-0.0006,0.0014,-3.1363,0.7842,-3.1409,-4702.9663,-28635.3672,25.7421,1
-4703.1636,-28634.3926,24.9425,-5241.9141,-28097.0195,21.9609,-4703.3662,-28637.9219,27.3492,763.3015,0.0002,0.0018,-3.1363,0.7845,-3.1409,-4703.0640,-28635.4629,25.8687,1
-4703.1636,-28634.3926,24.9425,-5241.8823,-28097.0586,21.9609,-4698.7656,-28638.7539,24.9702,767.0806,-0.0004,0.0013,-3.1363,0.7845,-3.1409,-4703.0083,-28635.5898,25.9175,1
-4703.1636,-28634.3926,24.9425,-5241.8501,-28097.0977,21.9610,-4704.9761,-28628.8457,22.5659,755.6360,-0.0009,0.0008,-3.1363,0.7845,-3.1409,-4703.1431,-28635.3965,25.8808,1
-4703.1636,-28634.3926,24.9425,-5241.8188,-28097.1367,21.9610,-4707.1626,-28636.4004,29.7263,759.4151,0.0005,0.0023,-3.1363,0.7845,-3.1409,-4703.3506,-28635.4375,26.0699,1
-4703.1636,-28634.3926,24.9425,-5241.7876,-28097.1758,21.9610,-4702.8672,-28637.2695,27.3374,762.9916,0.0000,0.0018,-3.1363,0.7845,-3.1409,-4703.4214,-28635.5078,26.1854,1
-4703.1636,-28634.3926,24.9425,-5241.7563,-28097.2148,21.9610,-4698.2715,-28638.0996,24.9596,766.7697,-0.0005,0.0013,-3.1364,0.7845,-3.1409,-4703.3379,-28635.6094,26.2224,1
-4703.1636,-28634.3926,24.9425,-5241.7256,-28097.2520,21.9610,-4704.4941,-28628.2012,22.5562,755.3282,-0.0011,0.0008,-3.1364,0.7845,-3.1409,-4703.4429,-28635.3887,26.1731,1
-4703.1636,-28634.3926,24.9425,-5241.6948,-28097.2910,21.9610,-4706.6729,-28635.7559,29.7131,759.1063,0.0004,0.0023,-3.1364,0.7845,-3.1409,-4703.6187,-28635.4004,26.3490,1
-4703.1636,-28634.3926,24.9425,-5241.6646,-28097.3281,21.9610,-4702.2080,-28636.4570,27.3230,762.6886,-0.0002,0.0018,-3.1364,0.7845,-3.1409,-4703.6519,-28635.4355,26.4508,1
-4703.1636,-28634.3926,24.9425,-5241.6348,-28097.3652,21.9610,-4697.6143,-28637.2812,24.9455,766.4656,-0.0007,0.0013,-3.1364,0.7845,-3.1409,-4703.5283,-28635.5020,26.4737,1
-4703.1636,-28634.3926,24.9425,-5241.6050,-28097.4023,21.9611,-4703.8506,-28627.3926,22.5422,755.0272,-0.0013,0.0008,-3.1364,0.7845,-3.1409,-4703.5923,-28635.2441,26.4098,1
-4703.1636,-28634.3926,24.9425,-5241.5752,-28097.4375,21.9611,-4706.0186,-28634.9453,29.6950,758.8043,0.0001,0.0023,-3.1364,0.7845,-3.1409,-4703.7261,-28635.2188,26.5709,1
-4703.1636,-28634.3926,24.9425,-5241.5459,-28097.4746,21.9611,-4701.5513,-28635.6445,27.3084,762.3922,-0.0004,0.0018,-3.1364,0.7845,-3.1409,-4703.7158,-28635.2168,26.6577,1
-4703.1636,-28634.3926,24.9425,-5241.5171,-28097.5098,21.9611,-4696.9585,-28636.4609,24.9305,766.1684,-0.0010,0.0013,-3.1365,0.7845,-3.1409,-4703.5483,-28635.2422,26.6655,1
-4703.1636,-28634.3926,24.9425,-5241.4883,-28097.5469,21.9611,-4709.7656,-28633.1738,22.5220,754.7327,0.0005,0.0008,-3.1365,0.7847,-3.1409,-4703.7852,-28635.1621,26.5860,1
-4703.1636,-28634.3926,24.9425,-5241.4600,-28097.5820,21.9611,-4705.2285,-28633.9980,29.6759,758.5089,-0.0001,0.0023,-3.1365,0.7847,-3.1409,-4703.8833,-28635.1074,26.7316,1
-4703.1636,-28634.3926,24.9425,-5241.4316,-28097.6172,21.9611,-4700.8901,-28634.8281,27.2941,762.1022,-0.0006,0.0017,-3.1365,0.7847,-3.1409,-4703.8398,-28635.0781,26.8031,1
-4703.1636,-28634.3926,24.9425,-5241.4033,-28097.6504,21.9611,-4696.2964,-28635.6328,24.9161,765.8774,-0.0012,0.0012,-3.1365,0.7848,-3.1409,-4703.6377,-28635.0742,26.7956,1
-4703.1636,-28634.3926,24.9425,-5241.3760,-28097.6855,21.9611,-4709.0776,-28632.3340,22.5078,754.4446,0.0003,0.0007,-3.1365,0.7851,-3.1409,-4703.8379,-28634.9648,26.7010,1
-4703.1636,-28634.3926,24.9425,-5241.3472,-28097.7207,21.9613,-4704.4546,-28633.0645,29.8340,758.2198,-0.0003,0.0022,-3.1367,0.7852,-3.1409,-4703.8955,-28634.8750,26.8373,1
-4703.1636,-28634.3926,24.9425,-5241.3174,-28097.7578,21.9617,-4707.0083,-28633.2598,25.4317,756.4755,0.0002,0.0012,-3.1374,0.7857,-3.1409,-4704.0366,-28634.7871,26.8335,1
-4703.1636,-28634.3926,24.9425,-5241.2852,-28097.7949,21.9626,-4701.7061,-28640.9102,26.2052,765.5916,0.0007,0.0012,-3.1385,0.7865,-3.1410,-4704.0088,-28634.9492,26.8505,1
-4703.1636,-28634.3926,24.9425,-5241.2505,-28097.8379,21.9639,-4706.5786,-28631.0430,27.0882,755.1168,0.0002,0.0011,-3.1403,0.7877,-3.1411,-4704.1338,-28634.8008,26.8935,1
-4703.1636,-28634.3926,24.9425,-5241.2129,-28097.8828,21.9657,-4701.9312,-28630.3438,33.7153,757.9357,-0.0004,0.0022,3.1407,0.7892,-3.1413,-4704.1089,-28634.6250,27.1539,1
-4703.1636,-28634.3926,24.9425,-5241.1714,-28097.9316,21.9678,-4698.6982,-28632.3125,29.0432,761.5027,-0.0003,0.0008,3.1382,0.7908,3.1416,-4703.9712,-28634.5039,27.2725,1
-4703.1636,-28634.3926,24.9425,-5241.1270,-28097.9844,21.9703,-4699.8120,-28638.8945,28.6065,765.2760,0.0011,0.0003,3.1354,0.7927,3.1412,-4703.8574,-28634.5957,27.3780,1
-4703.1636,-28634.3926,24.9425,-5241.0796,-28098.0410,21.9729,-4705.1064,-28628.1211,27.9648,753.8489,0.0006,-0.0002,3.1328,0.7944,3.1409,-4703.9077,-28634.3457,27.4628,1
-4703.1636,-28634.3926,24.9425,-5241.0293,-28098.0996,21.9753,-4699.7417,-28627.9941,36.7386,757.6222,0.0000,0.0013,3.1305,0.7960,3.1406,-4703.7832,-28634.0781,27.8352,1
-4703.1636,-28634.3926,24.9425,-5240.9771,-28098.1621,21.9774,-4698.0596,-28631.5410,28.5063,761.1169,0.0005,-0.0007,3.1286,0.7976,3.1404,-4703.5942,-28633.9180,27.9522,1
-4703.1636,-28634.3926,24.9425,-5240.9229,-28098.2266,21.9791,-4699.3989,-28638.3887,27.0078,764.8888,0.0020,-0.0012,3.1274,0.7991,3.1402,-4703.4385,-28633.9824,28.0173,1
-4703.1636,-28634.3926,24.9425,-5240.8672,-28098.2930,21.9801,-4704.8267,-28627.7773,24.9936,753.4659,0.0014,-0.0017,3.1267,0.8005,3.1401,-4703.4526,-28633.7070,28.0086,1
-4703.1636,-28634.3926,24.9425,-5240.8096,-28098.3594,21.9807,-4699.5576,-28627.8418,32.1678,757.2379,0.0009,-0.0002,3.1267,0.8018,3.1402,-4703.2969,-28633.4277,28.2266,1
-4703.1636,-28634.3926,24.9425,-5240.7515,-28098.4297,21.9807,-4704.2695,-28637.6699,26.8784,760.6727,0.0032,-0.0012,3.1273,0.8031,3.1403,-4703.2896,-28633.4609,28.2752,1
-4703.1636,-28634.3926,24.9425,-5240.6919,-28098.4980,21.9800,-4699.1382,-28638.0176,23.7872,764.4430,0.0027,-0.0017,3.1284,0.8041,3.1405,-4703.1187,-28633.5215,28.2159,1
-4703.1636,-28634.3926,24.9425,-5240.6318,-28098.5684,21.9788,-4704.7139,-28627.5547,20.3997,753.0251,0.0021,-0.0022,3.1298,0.8052,3.1407,-4703.1235,-28633.2480,28.0284,1
-4703.1636,-28634.3926,24.9425,-5240.5713,-28098.6406,21.9772,-4708.0059,-28631.2910,17.4042,753.2430,0.0033,-0.0026,3.1316,0.8063,3.1409,-4703.2432,-28633.0918,27.7218,1
-4703.1636,-28634.3926,24.9425,-5240.5103,-28098.7109,21.9752,-4703.7349,-28636.9980,25.8047,760.1964,0.0037,-0.0005,3.1336,0.8073,3.1412,-4703.2329,-28633.1230,27.6700,1
-4703.1636,-28634.3926,24.9425,-5240.4487,-28098.7832,21.9730,-4698.8398,-28637.5762,21.8974,763.9648,0.0032,-0.0010,3.1358,0.8079,3.1414,-4703.0649,-28633.1836,27.4861,1
-4703.1636,-28634.3926,24.9425,-5240.3872,-28098.8555,21.9706,-4702.4692,-28629.2227,17.2550,755.4304,0.0025,-0.0017,3.1381,0.8085,-3.1415,-4703.0073,-28632.9844,27.1342,1
-4703.1636,-28634.3926,24.9425,-5240.3262,-28098.9258,21.9683,-4706.3525,-28634.5469,23.5593,756.3209,0.0041,-0.0000,3.1403,0.8093,-3.1412,-4703.0791,-28632.9570,26.9702,1
-4703.1636,-28634.3926,24.9425,-5240.2651,-28098.9961,21.9660,-4703.5835,-28636.6973,25.7145,759.7103,0.0040,0.0007,-3.1408,0.8094,-3.1410,-4703.0674,-28633.0059,26.8722,1
-4703.1636,-28634.3926,24.9425,-5240.2046,-28099.0664,21.9639,-4698.8989,-28637.4766,21.9381,763.4769,0.0034,0.0002,-3.1388,0.8096,-3.1407,-4702.9048,-28633.0898,26.6507,1
-4703.1636,-28634.3926,24.9425,-5240.1445,-28099.1367,21.9619,-4704.9692,-28627.5137,18.3394,752.0703,0.0029,-0.0003,-3.1370,0.8098,-3.1405,-4702.9346,-28632.8594,26.2997,1
-4703.1636,-28634.3926,24.9425,-5240.0850,-28099.2051,21.9602,-4707.1235,-28635.1543,24.3400,755.8369,0.0043,0.0012,-3.1354,0.8097,-3.1403,-4703.0415,-28632.8711,26.1344,1
-4703.1636,-28634.3926,24.9425,-5240.0264,-28099.2734,21.9588,-4703.0996,-28636.0547,26.2541,759.2318,0.0038,0.0018,-3.1341,0.8094,-3.1402,-4703.0254,-28632.9199,26.0329,1
-4703.1636,-28634.3926,24.9425,-5239.9678,-28099.3418,21.9576,-4698.5762,-28636.9883,23.1148,762.9965,0.0032,0.0013,-3.1330,0.8093,-3.1401,-4702.8623,-28633.0098,25.8337,1
-4703.1636,-28634.3926,24.9425,-5239.9102,-28099.4082,21.9567,-4701.2451,-28632.9297,18.7034,758.1650,0.0030,0.0005,-3.1322,0.8092,-3.1400,-4702.7778,-28632.9746,25.4870,1
-4703.1636,-28634.3926,24.9425,-5239.8530,-28099.4727,21.9561,-4707.1313,-28634.9766,26.8558,755.3602,0.0041,0.0023,-3.1316,0.8088,-3.1400,-4702.8857,-28633.0098,25.3996,1
-4703.1636,-28634.3926,24.9425,-5239.7969,-28099.5371,21.9557,-4702.5605,-28635.3516,26.9175,758.7701,0.0034,0.0024,-3.1313,0.8084,-3.1400,-4702.8530,-28633.0625,25.3230,1
-4703.1636,-28634.3926,24.9425,-5239.7412,-28099.6016,21.9555,-4698.1494,-28636.3867,24.4313,762.5330,0.0029,0.0019,-3.1312,0.8080,-3.1400,-4702.6768,-28633.1562,25.1737,1
-4703.1636,-28634.3926,24.9425,-5239.6860,-28099.6641,21.9556,-4711.1450,-28633.3848,22.0464,751.1373,0.0043,0.0014,-3.1312,0.8078,-3.1400,-4702.9214,-28633.1582,24.9483,1
-4703.1636,-28634.3926,24.9425,-5239.6318,-28099.7266,21.9558,-4706.9292,-28634.5742,29.2780,754.9002,0.0038,0.0029,-3.1314,0.8071,-3.1401,-4703.0449,-28633.1992,24.9620,1
-4703.1636,-28634.3926,24.9425,-5239.5781,-28099.7891,21.9561,-4701.9497,-28634.5762,27.3639,758.3268,0.0030,0.0024,-3.1317,0.8066,-3.1402,-4703.0122,-28633.2461,24.9270,1
-4703.1636,-28634.3926,24.9425,-5239.5249,-28099.8496,21.9566,-4697.5806,-28635.6406,25.2656,762.0881,0.0024,0.0019,-3.1322,0.8062,-3.1403,-4702.8345,-28633.3281,24.8331,1
-4703.1636,-28634.3926,24.9425,-5239.4722,-28099.9102,21.9571,-4710.6499,-28632.7324,23.1712,750.6975,0.0038,0.0014,-3.1326,0.8058,-3.1403,-4703.0776,-28633.3203,24.6752,1
-4703.1636,-28634.3926,24.9425,-5239.4204,-28099.9707,21.9577,-4706.4780,-28633.9355,30.6281,754.4588,0.0033,0.0029,-3.1332,0.8051,-3.1404,-4703.1987,-28633.3496,24.7660,1
-4703.1636,-28634.3926,24.9425,-5239.3687,-28100.0293,21.9582,-4701.3018,-28633.7676,27.5013,757.9000,0.0024,0.0022,-3.1337,0.8046,-3.1405,-4703.1553,-28633.3750,24.7702,1
-4703.1636,-28634.3926,24.9425,-5239.3174,-28100.0879,21.9588,-4703.6978,-28641.5977,25.4821,761.6597,0.0039,0.0017,-3.1342,0.8042,-3.1406,-4703.1855,-28633.6582,24.7174,1
-4703.1636,-28634.3926,24.9425,-5239.2666,-28100.1445,21.9594,-4710.2051,-28632.1289,23.4143,750.2739,0.0033,0.0012,-3.1347,0.8034,-3.1407,-4703.4341,-28633.6465,24.6011,1
-4703.1636,-28634.3926,24.9425,-5239.2168,-28100.2031,21.9599,-4706.0376,-28633.3262,30.8372,754.0336,0.0027,0.0027,-3.1352,0.8027,-3.1407,-4703.5571,-28633.6680,24.7318,1
-4703.1636,-28634.3926,24.9425,-5239.1665,-28100.2598,21.9603,-4700.6265,-28632.9316,27.4128,757.4856,0.0018,0.0019,-3.1356,0.8022,-3.1408,-4703.5049,-28633.6758,24.7652,1
-4703.1636,-28634.3926,24.9425,-5239.1172,-28100.3164,21.9607,-4702.9858,-28640.7344,25.2864,761.2437,0.0033,0.0014,-3.1360,0.8018,-3.1409,-4703.5225,-28633.9375,24.7365,1
-4703.1636,-28634.3926,24.9425,-5239.0679,-28100.3730,21.9610,-4709.4790,-28631.2520,23.0902,749.8625,0.0027,0.0009,-3.1363,0.8011,-3.1409,-4703.7534,-28633.8984,24.6381,1
-4703.1636,-28634.3926,24.9425,-5239.0190,-28100.4277,21.9613,-4705.2773,-28632.4102,30.3579,753.6207,0.0021,0.0024,-3.1365,0.8005,-3.1410,-4703.8555,-28633.8906,24.7796,1
-4703.1636,-28634.3926,24.9425,-5238.9707,-28100.4844,21.9615,-4699.9341,-28632.0781,27.2400,757.0807,0.0012,0.0017,-3.1367,0.8001,-3.1410,-4703.7817,-28633.8672,24.8315,1
-4703.1636,-28634.3926,24.9425,-5238.9229,-28100.5391,21.9616,-4702.4878,-28640.0840,24.9539,760.8375,0.0027,0.0012,-3.1368,0.7993,-3.1410,-4703.7812,-28634.1016,24.8145,1
-4703.1636,-28634.3926,24.9425,-5238.8750,-28100.5938,21.9617,-4708.9551,-28630.5742,22.6090,749.4608,0.0021,0.0007,-3.1369,0.7987,-3.1410,-4703.9912,-28634.0332,24.7206,1
-4703.1636,-28634.3926,24.9425,-5238.8276,-28100.6465,21.9617,-4704.7095,-28631.6875,29.7243,753.2174,0.0016,0.0022,-3.1369,0.7981,-3.1410,-4704.0688,-28633.9922,24.8595,1
-4703.1636,-28634.3926,24.9425,-5238.7803,-28100.7012,21.9617,-4705.9409,-28637.9492,27.0894,756.6844,0.0026,0.0017,-3.1369,0.7978,-3.1411,-4704.1860,-28634.1523,24.9224,1
-4703.1636,-28634.3926,24.9425,-5238.7339,-28100.7539,21.9616,-4701.7173,-28639.1582,24.6892,760.4396,0.0021,0.0012,-3.1369,0.7972,-3.1411,-4704.1655,-28634.3594,24.9112,1
-4703.1636,-28634.3926,24.9425,-5238.6875,-28100.8066,21.9615,-4703.0054,-28633.2617,29.3560,755.3206,0.0013,0.0021,-3.1368,0.7966,-3.1411,-4704.1792,-28634.3789,25.0541,1
-4703.1636,-28634.3926,24.9425,-5238.6411,-28100.8594,21.9614,-4703.8359,-28630.6543,29.2810,752.8225,0.0010,0.0022,-3.1368,0.7962,-3.1411,-4704.2153,-28634.3086,25.2045,1
-4703.1636,-28634.3926,24.9425,-5238.5957,-28100.9121,21.9613,-4705.2217,-28637.0840,27.0138,756.2963,0.0021,0.0017,-3.1367,0.7960,-3.1411,-4704.2944,-28634.4395,25.2878,1
-4703.1636,-28634.3926,24.9425,-5238.5503,-28100.9629,21.9612,-4700.9409,-28638.2266,24.5710,760.0501,0.0015,0.0012,-3.1366,0.7954,-3.1411,-4704.2324,-28634.6133,25.2932,1
-4703.1636,-28634.3926,24.9425,-5238.5054,-28101.0137,21.9611,-4707.3218,-28628.6230,22.1100,748.6821,0.0010,0.0007,-3.1365,0.7950,-3.1410,-4704.3730,-28634.4727,25.2132,1
-4703.1636,-28634.3926,24.9425,-5238.4609,-28101.0645,21.9609,-4702.9561,-28629.6035,29.1246,752.4359,0.0004,0.0022,-3.1364,0.7947,-3.1410,-4704.3726,-28634.3496,25.3589,1
-4703.1636,-28634.3926,24.9425,-5238.4170,-28101.1152,21.9608,-4704.7476,-28636.4570,27.0032,755.9170,0.0016,0.0017,-3.1363,0.7941,-3.1410,-4704.4263,-28634.4434,25.4413,1
-4703.1636,-28634.3926,24.9425,-5238.3730,-28101.1660,21.9607,-4700.4102,-28637.5371,24.5753,759.6696,0.0011,0.0012,-3.1362,0.7937,-3.1410,-4704.3359,-28634.5762,25.4457,1
-4703.1636,-28634.3926,24.9425,-5238.3296,-28101.2148,21.9606,-4706.7134,-28627.8535,22.1381,748.3055,0.0005,0.0007,-3.1361,0.7934,-3.1410,-4704.4443,-28634.3906,25.3650,1
-4703.1636,-28634.3926,24.9425,-5238.2866,-28101.2637,21.9606,-4708.8359,-28635.3359,29.1758,752.0580,0.0020,0.0022,-3.1361,0.7935,-3.1411,-4704.6265,-28634.4395,25.5103,1
-4703.1636,-28634.3926,24.9425,-5238.2437,-28101.3125,21.9605,-4704.0234,-28635.5820,27.0245,755.5471,0.0012,0.0018,-3.1360,0.7930,-3.1410,-4704.6562,-28634.4961,25.5910,1
-4703.1636,-28634.3926,24.9425,-5238.2017,-28101.3613,21.9605,-4699.6265,-28636.5898,24.6362,759.2982,0.0007,0.0013,-3.1360,0.7927,-3.1410,-4704.5376,-28634.5879,25.5947,1
-4703.1636,-28634.3926,24.9425,-5238.1597,-28101.4082,21.9605,-4695.0342,-28637.3789,22.2330,763.0498,0.0001,0.0008,-3.1360,0.7927,-3.1411,-4704.2568,-28634.7090,25.5161,1
-4703.1636,-28634.3926,24.9425,-5238.1182,-28101.4551,21.9604,-4707.8994,-28634.2422,29.3105,751.6894,0.0016,0.0023,-3.1360,0.7928,-3.1411,-4704.3779,-28634.7324,25.6628,1
-4703.1636,-28634.3926,24.9425,-5238.0771,-28101.5020,21.9605,-4703.3149,-28634.7168,27.0472,755.1863,0.0009,0.0018,-3.1360,0.7924,-3.1411,-4704.3540,-28634.7676,25.7411,1
-4703.1636,-28634.3926,24.9425,-5238.0361,-28101.5488,21.9605,-4698.8643,-28635.6621,24.6938,758.9362,0.0003,0.0013,-3.1360,0.7922,-3.1411,-4704.1812,-28634.8320,25.7431,1
-4703.1636,-28634.3926,24.9425,-5237.9956,-28101.5957,21.9605,-4701.0391,-28643.2344,22.3193,762.6866,0.0018,0.0008,-3.1360,0.7922,-3.1411,-4704.0688,-28635.1465,25.6635,1
-4703.1636,-28634.3926,24.9425,-5237.9556,-28101.6406,21.9605,-4707.3877,-28633.5703,29.4212,751.3300,0.0012,0.0023,-3.1360,0.7918,-3.1411,-4704.1602,-28635.1582,25.8098,1
-4703.1636,-28634.3926,24.9425,-5237.9160,-28101.6855,21.9606,-4702.6250,-28633.8711,27.0544,754.8347,0.0005,0.0018,-3.1361,0.7915,-3.1411,-4704.1006,-28635.1738,25.8842,1
-4703.1636,-28634.3926,24.9425,-5237.8765,-28101.7305,21.9606,-4698.0498,-28634.6797,24.7183,758.5834,-0.0000,0.0013,-3.1361,0.7916,-3.1411,-4703.8882,-28635.2109,25.8825,1
-4703.1636,-28634.3926,24.9425,-5237.8374,-28101.7754,21.9606,-4700.2139,-28642.2520,22.3570,762.3325,0.0014,0.0008,-3.1362,0.7916,-3.1411,-4703.7354,-28635.4922,25.7993,1
-4703.1636,-28634.3926,24.9425,-5237.7988,-28101.8184,21.9607,-4706.5312,-28632.5527,29.4627,750.9796,0.0009,0.0023,-3.1362,0.7913,-3.1411,-4703.7847,-28635.4668,25.9422,1
-4703.1636,-28634.3926,24.9425,-5237.7603,-28101.8633,21.9607,-4701.8237,-28632.9121,27.0445,754.4916,0.0002,0.0018,-3.1362,0.7913,-3.1411,-4703.6860,-28635.4434,26.0111,1
-4703.1636,-28634.3926,24.9425,-5237.7222,-28101.9062,21.9608,-4697.2485,-28633.7090,24.7098,758.2390,-0.0003,0.0013,-3.1363,0.7913,-3.1411,-4703.4341,-28635.4395,26.0037,1
-4703.1636,-28634.3926,24.9425,-5237.6846,-28101.9492,21.9608,-4699.5557,-28632.6055,27.2278,755.7765,-0.0002,0.0018,-3.1363,0.7909,-3.1411,-4703.2456,-28635.3926,26.0750,1
-4703.1636,-28634.3926,24.9425,-5237.6460,-28101.9922,21.9610,-4705.8115,-28631.6719,29.6014,750.6376,0.0005,0.0023,-3.1365,0.7908,-3.1411,-4703.2598,-28635.3066,26.2268,1
-4703.1636,-28634.3926,24.9425,-5237.6069,-28102.0371,21.9614,-4700.8740,-28631.7969,27.4276,754.1554,-0.0001,0.0017,-3.1371,0.7914,-3.1411,-4703.1187,-28635.2148,26.3119,1
-4703.1636,-28634.3926,24.9425,-5237.5649,-28102.0840,21.9622,-4702.4551,-28638.7988,25.8670,757.9017,0.0014,0.0012,-3.1382,0.7925,-3.1411,-4703.0278,-28635.3457,26.3457,1
-4703.1636,-28634.3926,24.9425,-5237.5205,-28102.1328,21.9634,-4697.2583,-28638.9961,24.6675,761.6486,0.0008,0.0007,-3.1397,0.7936,-3.1411,-4702.7681,-28635.4902,26.3371,1
-4703.1636,-28634.3926,24.9425,-5237.4731,-28102.1855,21.9651,-4705.1274,-28633.7559,27.6723,752.3214,0.0015,0.0010,3.1415,0.7954,-3.1412,-4702.7588,-28635.4688,26.4220,1
-4703.1636,-28634.3926,24.9425,-5237.4224,-28102.2402,21.9672,-4699.4629,-28630.2207,28.6855,753.7938,0.0004,0.0009,3.1391,0.7974,-3.1413,-4702.5708,-28635.3242,26.5413,1
-4703.1636,-28634.3926,24.9425,-5237.3682,-28102.2988,21.9696,-4700.4463,-28636.6621,28.1959,757.5389,0.0019,0.0004,3.1366,0.7995,-3.1414,-4702.4126,-28635.3809,26.6469,1
-4703.1636,-28634.3926,24.9425,-5237.3105,-28102.3633,21.9722,-4694.7397,-28636.3457,27.7960,761.2844,0.0013,-0.0001,3.1338,0.8016,3.1415,-4702.0664,-28635.4297,26.7401,1
-4703.1636,-28634.3926,24.9425,-5237.2490,-28102.4297,21.9749,-4704.2803,-28630.6035,32.5214,750.4212,0.0022,0.0005,3.1312,0.8037,3.1413,-4702.0229,-28635.2871,26.9912,1
-4703.1636,-28634.3926,24.9425,-5237.1846,-28102.4980,21.9774,-4705.4409,-28636.1230,28.6104,753.3622,0.0035,-0.0007,3.1289,0.8058,3.1411,-4702.0283,-28635.3184,27.1212,1
-4703.1636,-28634.3926,24.9425,-5237.1177,-28102.5703,21.9795,-4699.9556,-28636.0781,27.5353,757.1057,0.0030,-0.0012,3.1271,0.8075,3.1410,-4701.8638,-28635.3496,27.2153,1
-4703.1636,-28634.3926,24.9425,-5237.0488,-28102.6465,21.9812,-4694.3301,-28635.8672,26.0540,760.8496,0.0024,-0.0017,3.1260,0.8094,3.1411,-4701.5151,-28635.3750,27.2579,1
-4703.1636,-28634.3926,24.9425,-5236.9775,-28102.7227,21.9828,-4699.7734,-28625.2617,33.5490,749.5125,0.0019,-0.0002,3.1255,0.8109,3.1413,-4701.3330,-28635.0488,27.5437,1
-4703.1636,-28634.3926,24.9425,-5236.9053,-28102.8008,21.9841,-4704.9248,-28635.4941,27.0685,752.8600,0.0045,-0.0016,3.1255,0.8127,3.1414,-4701.3242,-28635.0410,27.6231,1
-4703.1636,-28634.3926,24.9425,-5236.8315,-28102.8789,21.9848,-4699.6567,-28635.6777,24.4467,756.6021,0.0039,-0.0021,3.1259,0.8140,3.1416,-4701.1548,-28635.0410,27.6106,1
-4703.1636,-28634.3926,24.9425,-5236.7563,-28102.9609,21.9847,-4694.3638,-28635.8027,21.4420,760.3435,0.0033,-0.0026,3.1269,0.8153,-3.1414,-4700.8130,-28635.0469,27.4888,1
-4703.1636,-28634.3926,24.9425,-5236.6807,-28103.0410,21.9838,-4700.0229,-28625.5176,27.5642,749.0128,0.0028,-0.0011,3.1283,0.8163,-3.1413,-4700.6479,-28634.7129,27.5517,1
-4703.1636,-28634.3926,24.9425,-5236.6045,-28103.1230,21.9818,-4704.8647,-28635.3047,25.6699,752.3185,0.0051,-0.0012,3.1301,0.8170,-3.1411,-4700.6489,-28634.6855,27.5490,1
-4703.1636,-28634.3926,24.9425,-5236.5273,-28103.2031,21.9791,-4699.9233,-28635.8125,21.7570,756.0583,0.0045,-0.0017,3.1322,0.8176,-3.1410,-4700.5015,-28634.6797,27.4104,1
-4703.1636,-28634.3926,24.9425,-5236.4497,-28103.2852,21.9759,-4694.9590,-28636.2500,17.6401,759.7976,0.0040,-0.0022,3.1344,0.8183,-3.1411,-4700.1948,-28634.6914,27.1227,1
-4703.1636,-28634.3926,24.9425,-5236.3721,-28103.3672,21.9728,-4699.8828,-28640.8340,23.0248,759.4047,0.0055,-0.0007,3.1368,0.8191,-3.1410,-4700.0439,-28634.8594,26.9900,1
-4703.1636,-28634.3926,24.9425,-5236.2949,-28103.4492,21.9698,-4704.4800,-28634.7754,25.1417,751.7604,0.0053,0.0001,3.1393,0.8192,-3.1409,-4700.0518,-28634.8418,26.9177,1
-4703.1636,-28634.3926,24.9425,-5236.2178,-28103.5293,21.9669,-4699.8091,-28635.5449,21.0346,755.4979,0.0048,-0.0004,-3.1415,0.8194,-3.1407,-4699.9204,-28634.8516,26.7063,1
-4703.1636,-28634.3926,24.9425,-5236.1411,-28103.6094,21.9643,-4702.8315,-28638.9844,19.6563,755.6804,0.0058,-0.0003,-3.1392,0.8196,-3.1406,-4699.8940,-28634.9766,26.4378,1
-4703.1636,-28634.3926,24.9425,-5236.0649,-28103.6895,21.9620,-4708.5791,-28631.9336,19.4639,746.5178,0.0056,-0.0001,-3.1372,0.8199,-3.1405,-4700.0737,-28634.8750,26.1470,1
-4703.1636,-28634.3926,24.9425,-5235.9897,-28103.7676,21.9599,-4704.0410,-28634.1777,25.6021,751.2063,0.0052,0.0015,-3.1353,0.8197,-3.1404,-4700.1235,-28634.8438,26.0497,1
-4703.1636,-28634.3926,24.9425,-5235.9150,-28103.8457,21.9582,-4699.5786,-28635.1504,22.1188,754.9416,0.0047,0.0010,-3.1338,0.8194,-3.1403,-4700.0376,-28634.8438,25.8397,1
-4703.1636,-28634.3926,24.9425,-5235.8413,-28103.9219,21.9568,-4701.8062,-28642.7988,18.8009,758.6764,0.0061,0.0005,-3.1326,0.8193,-3.1403,-4700.0269,-28635.0957,25.5163,1
-4703.1636,-28634.3926,24.9425,-5235.7681,-28103.9980,21.9557,-4708.1348,-28633.2988,25.1907,747.3658,0.0056,0.0020,-3.1316,0.8187,-3.1402,-4700.2358,-28635.0527,25.3929,1
-4703.1636,-28634.3926,24.9425,-5235.6958,-28104.0723,21.9550,-4703.5444,-28633.5176,26.3912,750.6700,0.0048,0.0024,-3.1309,0.8182,-3.1402,-4700.3105,-28635.0117,25.3140,1
-4703.1636,-28634.3926,24.9425,-5235.6245,-28104.1465,21.9545,-4699.2212,-28634.6191,23.7142,754.4031,0.0043,0.0019,-3.1305,0.8177,-3.1403,-4700.2500,-28635.0039,25.1536,1
-4703.1636,-28634.3926,24.9425,-5235.5537,-28104.2207,21.9543,-4701.7593,-28642.5879,21.1771,758.1358,0.0057,0.0014,-3.1303,0.8170,-3.1403,-4700.2725,-28635.2559,24.9113,1
-4703.1636,-28634.3926,24.9425,-5235.4844,-28104.2910,21.9543,-4708.2236,-28633.1836,28.2305,746.8317,0.0051,0.0029,-3.1304,0.8162,-3.1404,-4700.5166,-28635.2148,24.9001,1
-4703.1636,-28634.3926,24.9425,-5235.4150,-28104.3633,21.9546,-4706.7095,-28634.2910,24.4715,748.5646,0.0050,0.0021,-3.1306,0.8155,-3.1404,-4700.7271,-28635.2051,24.7759,1
-4703.1636,-28634.3926,24.9425,-5235.3472,-28104.4336,21.9550,-4698.7378,-28633.9590,24.8955,753.8871,0.0036,0.0021,-3.1309,0.8149,-3.1405,-4700.6851,-28635.1816,24.6700,1
-4703.1636,-28634.3926,24.9425,-5235.2798,-28104.5020,21.9555,-4701.3911,-28642.0469,22.8334,757.6179,0.0051,0.0016,-3.1314,0.8139,-3.1406,-4700.7251,-28635.4199,24.5013,1
-4703.1636,-28634.3926,24.9425,-5235.2129,-28104.5723,21.9561,-4707.9453,-28632.7090,30.2244,746.3199,0.0045,0.0031,-3.1320,0.8130,-3.1407,-4700.9863,-28635.3652,24.5806,1
-4703.1636,-28634.3926,24.9425,-5235.1470,-28104.6387,21.9567,-4702.3594,-28632.0039,27.2761,749.6627,0.0035,0.0024,-3.1326,0.8123,-3.1408,-4701.0742,-28635.2793,24.5781,1
-4703.1636,-28634.3926,24.9425,-5235.0815,-28104.7070,21.9574,-4704.8169,-28639.8848,25.3480,753.3918,0.0049,0.0019,-3.1332,0.8116,-3.1408,-4701.2446,-28635.4453,24.5212,1
-4703.1636,-28634.3926,24.9425,-5235.0166,-28104.7734,21.9581,-4700.7866,-28641.2754,23.4027,757.1205,0.0044,0.0014,-3.1338,0.8106,-3.1409,-4701.2871,-28635.6680,24.4053,1
-4703.1636,-28634.3926,24.9425,-5234.9521,-28104.8398,21.9588,-4707.3623,-28631.9492,30.8151,745.8284,0.0038,0.0029,-3.1344,0.8097,-3.1410,-4701.5459,-28635.5898,24.5388,1
-4703.1636,-28634.3926,24.9425,-5234.8882,-28104.9043,21.9594,-4701.7852,-28631.2715,27.2340,749.1854,0.0027,0.0020,-3.1349,0.8088,-3.1410,-4701.6279,-28635.4805,24.5692,1
-4703.1636,-28634.3926,24.9425,-5234.8252,-28104.9688,21.9599,-4704.2085,-28639.1230,25.2271,752.9127,0.0042,0.0015,-3.1354,0.8082,-3.1411,-4701.7876,-28635.6211,24.5409,1
-4703.1636,-28634.3926,24.9425,-5234.7622,-28105.0332,21.9604,-4700.1504,-28640.4746,23.1591,756.6396,0.0036,0.0010,-3.1358,0.8073,-3.1411,-4701.8149,-28635.8145,24.4480,1
-4703.1636,-28634.3926,24.9425,-5234.6997,-28105.0977,21.9608,-4706.6997,-28631.1289,30.4183,745.3531,0.0031,0.0025,-3.1362,0.8065,-3.1412,-4702.0537,-28635.7031,24.5971,1
-4703.1636,-28634.3926,24.9425,-5234.6382,-28105.1602,21.9611,-4707.6387,-28636.9844,27.0444,748.7204,0.0040,0.0017,-3.1365,0.8058,-3.1412,-4702.3301,-28635.7773,24.6478,1
-4703.1636,-28634.3926,24.9425,-5234.5767,-28105.2246,21.9613,-4703.5938,-28638.3574,24.8539,752.4460,0.0034,0.0012,-3.1367,0.8049,-3.1412,-4702.4785,-28635.8965,24.6319,1
-4703.1636,-28634.3926,24.9425,-5234.5156,-28105.2871,21.9615,-4701.6104,-28640.4785,23.0054,755.2579,0.0033,0.0008,-3.1368,0.8041,-3.1413,-4702.5591,-28636.0918,24.5563,1
-4703.1636,-28634.3926,24.9425,-5234.4546,-28105.3477,21.9616,-4705.9893,-28630.2637,29.6755,744.8900,0.0023,0.0022,-3.1370,0.8033,-3.1413,-4702.7793,-28635.9531,24.7014,1
-4703.1636,-28634.3926,24.9425,-5234.3945,-28105.4102,21.9616,-4706.9219,-28636.1250,26.8570,748.2657,0.0033,0.0016,-3.1370,0.8028,-3.1413,-4703.0322,-28635.9941,24.7638,1
-4703.1636,-28634.3926,24.9425,-5234.3350,-28105.4707,21.9616,-4702.8140,-28637.4219,24.5074,751.9896,0.0027,0.0011,-3.1370,0.8020,-3.1413,-4703.1519,-28636.0801,24.7526,1
-4703.1636,-28634.3926,24.9425,-5234.2754,-28105.5312,21.9615,-4698.6450,-28638.6406,22.1068,755.7129,0.0022,0.0006,-3.1370,0.8013,-3.1413,-4703.1270,-28636.2051,24.6617,1
-4703.1636,-28634.3926,24.9425,-5234.2168,-28105.5918,21.9614,-4705.0879,-28629.2031,29.0710,744.4371,0.0016,0.0021,-3.1369,0.8007,-3.1413,-4703.3008,-28636.0195,24.7979,1
-4703.1636,-28634.3926,24.9425,-5234.1582,-28105.6504,21.9613,-4706.4414,-28635.4961,26.7453,747.8209,0.0026,0.0016,-3.1368,0.7999,-3.1414,-4703.5190,-28636.0273,24.8657,1
-4703.1636,-28634.3926,24.9425,-5234.1006,-28105.7109,21.9612,-4702.2734,-28636.7266,24.3207,751.5430,0.0021,0.0011,-3.1367,0.7992,-3.1414,-4703.5991,-28636.0723,24.8564,1
-4703.1636,-28634.3926,24.9425,-5234.0430,-28105.7695,21.9610,-4698.0908,-28637.9199,21.8663,755.2648,0.0015,0.0006,-3.1366,0.7985,-3.1414,-4703.5332,-28636.1602,24.7645,1
-4703.1636,-28634.3926,24.9425,-5233.9858,-28105.8262,21.9609,-4711.0811,-28635.0332,28.7953,743.9940,0.0030,0.0021,-3.1365,0.7980,-3.1414,-4703.8833,-28636.1523,24.8973,1
-4703.1636,-28634.3926,24.9425,-5233.9292,-28105.8848,21.9607,-4705.7188,-28634.6250,26.7160,747.3865,0.0020,0.0017,-3.1364,0.7973,-3.1414,-4704.0649,-28636.1289,24.9686,1
-4703.1636,-28634.3926,24.9425,-5233.8730,-28105.9414,21.9606,-4701.4785,-28635.7695,24.2937,751.1070,0.0014,0.0012,-3.1363,0.7967,-3.1414,-4704.1035,-28636.1367,24.9624,1
-4703.1636,-28634.3926,24.9425,-5233.8174,-28105.9980,21.9605,-4705.9712,-28629.3320,23.6064,743.3019,0.0011,0.0011,-3.1362,0.7963,-3.1414,-4704.2808,-28635.9277,24.9307,1
-4703.1636,-28634.3926,24.9425,-5233.7627,-28106.0547,21.9604,-4710.0820,-28633.8867,28.8059,743.5613,0.0023,0.0022,-3.1361,0.7960,-3.1414,-4704.5947,-28635.8574,25.0702,1
-4703.1636,-28634.3926,24.9425,-5233.7080,-28106.1094,21.9603,-4705.0000,-28633.7520,26.7367,746.9631,0.0014,0.0018,-3.1360,0.7954,-3.1414,-4704.7446,-28635.7773,25.1477,1
-4703.1636,-28634.3926,24.9425,-5233.6538,-28106.1660,21.9602,-4700.6924,-28634.8203,24.3560,750.6820,0.0009,0.0013,-3.1360,0.7950,-3.1414,-4704.7456,-28635.7305,25.1482,1
-4703.1636,-28634.3926,24.9425,-5233.6001,-28106.2207,21.9602,-4703.0107,-28642.5039,21.9627,754.4004,0.0023,0.0008,-3.1360,0.7947,-3.1414,-4704.8091,-28635.9355,25.0665,1
-4703.1636,-28634.3926,24.9425,-5233.5469,-28106.2734,21.9602,-4709.3984,-28633.0430,28.9536,743.1395,0.0018,0.0023,-3.1359,0.7940,-3.1414,-4705.0771,-28635.8418,25.2107,1
-4703.1636,-28634.3926,24.9425,-5233.4941,-28106.3281,21.9601,-4705.1440,-28635.4023,25.9004,747.7178,0.0014,0.0016,-3.1359,0.7936,-3.1414,-4705.2065,-28635.8223,25.2596,1
-4703.1636,-28634.3926,24.9425,-5233.4419,-28106.3809,21.9601,-4699.9131,-28633.8750,24.4317,750.2680,0.0004,0.0013,-3.1359,0.7933,-3.1415,-4705.1558,-28635.7500,25.2598,1
-4703.1636,-28634.3926,24.9425,-5233.3896,-28106.4336,21.9602,-4702.1685,-28641.5059,22.0801,753.9850,0.0018,0.0008,-3.1360,0.7931,-3.1415,-4705.1636,-28635.9258,25.1791,1
-4703.1636,-28634.3926,24.9425,-5233.3384,-28106.4863,21.9602,-4708.5005,-28631.9863,29.1010,742.7286,0.0012,0.0023,-3.1360,0.7926,-3.1415,-4705.3721,-28635.7988,25.3253,1
-4703.1636,-28634.3926,24.9425,-5233.2876,-28106.5391,21.9602,-4703.5830,-28632.0273,26.7846,746.1493,0.0005,0.0018,-3.1360,0.7923,-3.1415,-4705.4175,-28635.6641,25.4009,1
-4703.1636,-28634.3926,24.9425,-5233.2373,-28106.5898,21.9603,-4699.0420,-28632.8340,24.4757,749.8652,-0.0001,0.0013,-3.1361,0.7923,-3.1415,-4705.3032,-28635.5508,25.4012,1
-4703.1636,-28634.3926,24.9425,-5233.1870,-28106.6406,21.9603,-4697.9907,-28639.5410,29.8154,755.2932,0.0007,0.0024,-3.1361,0.7918,-3.1415,-4705.1377,-28635.6543,25.5750,1
-4703.1636,-28634.3926,24.9425,-5233.1372,-28106.6914,21.9604,-4707.7285,-28631.0547,29.1769,742.3288,0.0008,0.0023,-3.1362,0.7914,-3.1415,-4705.2769,-28635.4824,25.7378,1
-4703.1636,-28634.3926,24.9425,-5233.0884,-28106.7422,21.9604,-4702.9390,-28631.2246,26.7808,745.7582,0.0000,0.0018,-3.1362,0.7911,-3.1415,-4705.2583,-28635.3105,25.8254,1
-4703.1636,-28634.3926,24.9425,-5233.0396,-28106.7910,21.9605,-4705.0474,-28638.7051,24.4775,749.4727,0.0015,0.0013,-3.1363,0.7911,-3.1415,-4705.3027,-28635.3789,25.8358,1
-4703.1636,-28634.3926,24.9425,-5232.9912,-28106.8398,21.9605,-4700.7319,-28639.7500,22.1505,753.1866,0.0009,0.0008,-3.1363,0.7907,-3.1415,-4705.2012,-28635.4922,25.7637,1
-4703.1636,-28634.3926,24.9425,-5232.9429,-28106.8887,21.9606,-4706.9741,-28630.1367,29.1751,741.9391,0.0004,0.0023,-3.1363,0.7904,-3.1415,-4705.2954,-28635.2949,25.9164,1
-4703.1636,-28634.3926,24.9425,-5232.8955,-28106.9375,21.9606,-4702.1313,-28630.2559,26.7613,745.3769,-0.0003,0.0017,-3.1364,0.7904,-3.1415,-4705.2295,-28635.0898,25.9931,1
-4703.1636,-28634.3926,24.9425,-5232.8486,-28106.9863,21.9606,-4704.2246,-28637.7324,24.4513,749.0901,0.0011,0.0012,-3.1364,0.7904,-3.1415,-4705.2251,-28635.1270,25.9921,1
-4703.1636,-28634.3926,24.9425,-5232.8018,-28107.0332,21.9607,-4699.6919,-28638.5488,22.1157,752.8027,0.0006,0.0007,-3.1365,0.7904,-3.1415,-4705.0669,-28635.1992,25.9082,1
-4703.1636,-28634.3926,24.9425,-5232.7554,-28107.0801,21.9607,-4705.7983,-28628.7949,29.1265,741.5593,0.0000,0.0022,-3.1365,0.7905,-3.1415,-4705.0991,-28634.9531,26.0484,1
-4703.1636,-28634.3926,24.9425,-5232.7095,-28107.1270,21.9607,-4701.4795,-28629.4414,26.7364,745.0049,-0.0005,0.0017,-3.1365,0.7905,-3.1415,-4704.9878,-28634.7168,26.1134,1
-4703.1636,-28634.3926,24.9425,-5232.6636,-28107.1738,21.9608,-4703.7407,-28637.0957,24.4161,748.7167,0.0009,0.0012,-3.1365,0.7902,-3.1415,-4704.9438,-28634.7285,26.1002,1
-4703.1636,-28634.3926,24.9425,-5232.6187,-28107.2188,21.9608,-4699.2158,-28637.9102,22.0702,752.4280,0.0004,0.0007,-3.1365,0.7902,-3.1415,-4704.7476,-28634.7754,26.0037,1
-4703.1636,-28634.3926,24.9425,-5232.5737,-28107.2656,21.9608,-4705.3345,-28628.1680,29.0679,741.1887,-0.0002,0.0022,-3.1366,0.7902,-3.1415,-4704.7427,-28634.5039,26.1311,1
-4703.1636,-28634.3926,24.9425,-5232.5293,-28107.3105,21.9608,-4707.4390,-28635.2852,26.7127,744.6418,0.0012,0.0017,-3.1366,0.7902,-3.1415,-4704.8110,-28634.4609,26.1843,1
-4703.1636,-28634.3926,24.9425,-5232.4854,-28107.3555,21.9608,-4703.0542,-28636.2539,24.3855,748.3523,0.0006,0.0012,-3.1366,0.7899,-3.1415,-4704.7393,-28634.4551,26.1593,1
-4703.1636,-28634.3926,24.9425,-5232.4414,-28107.4004,21.9608,-4702.6475,-28630.9531,24.0543,744.8407,-0.0002,0.0011,-3.1366,0.7900,-3.1415,-4704.6504,-28634.2793,26.1175,1
-4703.1636,-28634.3926,24.9425,-5232.3984,-28107.4434,21.9608,-4704.6655,-28627.3301,29.0224,740.8269,-0.0005,0.0022,-3.1366,0.7900,-3.1415,-4704.6260,-28633.9746,26.2371,1
-4703.1636,-28634.3926,24.9425,-5232.3555,-28107.4883,21.9608,-4706.7915,-28634.4902,26.6946,744.2874,0.0009,0.0017,-3.1366,0.7900,-3.1415,-4704.6738,-28633.9004,26.2833,1
-4703.1636,-28634.3926,24.9425,-5232.3125,-28107.5312,21.9608,-4702.2739,-28635.3164,24.3650,747.9966,0.0004,0.0012,-3.1366,0.7900,-3.1415,-4704.5762,-28633.8594,26.2510,1
-4703.1636,-28634.3926,24.9425,-5232.2705,-28107.5742,21.9608,-4697.7510,-28636.1133,22.0118,751.7054,-0.0002,0.0007,-3.1366,0.7900,-3.1415,-4704.3242,-28633.8516,26.1353,1
-4703.1636,-28634.3926,24.9425,-5232.2285,-28107.6172,21.9608,-4710.4600,-28632.9922,28.9965,740.4737,0.0013,0.0022,-3.1366,0.7900,-3.1415,-4704.4849,-28633.7480,26.2432,1
-4703.1636,-28634.3926,24.9425,-5232.1870,-28107.6582,21.9608,-4706.2915,-28633.8418,26.6808,743.9413,0.0007,0.0017,-3.1366,0.7897,-3.1415,-4704.5200,-28633.6758,26.2784,1
-4703.1636,-28634.3926,24.9425,-5232.1460,-28107.7012,21.9608,-4701.7822,-28634.6680,24.3529,747.6494,0.0002,0.0012,-3.1366,0.7897,-3.1415,-4704.4087,-28633.6348,26.2356,1
-4703.1636,-28634.3926,24.9425,-5232.1050,-28107.7422,21.9608,-4705.5181,-28628.6953,27.3423,740.7474,-0.0002,0.0018,-3.1366,0.7898,-3.1415,-4704.4180,-28633.3965,26.2881,1
-4703.1636,-28634.3926,24.9425,-5232.0645,-28107.7832,21.9608,-4709.9761,-28632.3555,28.9856,740.1289,0.0011,0.0022,-3.1366,0.7898,-3.1415,-4704.5815,-28633.2754,26.3977,1
-4703.1636,-28634.3926,24.9425,-5232.0244,-28107.8242,21.9608,-4705.5005,-28632.9004,26.6692,743.6035,0.0005,0.0017,-3.1366,0.7898,-3.1415,-4704.6064,-28633.1758,26.4339,1
-4703.1636,-28634.3926,24.9425,-5231.9849,-28107.8652,21.9608,-4700.9902,-28633.7148,24.3449,747.3102,-0.0001,0.0012,-3.1366,0.7898,-3.1415,-4704.4829,-28633.1055,26.3916,1
-4703.1636,-28634.3926,24.9425,-5231.9453,-28107.9043,21.9608,-4696.4731,-28634.4961,21.9977,751.0168,-0.0006,0.0007,-3.1366,0.7898,-3.1415,-4704.2017,-28633.0664,26.2658,1
-4703.1636,-28634.3926,24.9425,-5231.9062,-28107.9453,21.9609,-4709.3413,-28631.5664,28.9803,739.7922,0.0008,0.0022,-3.1366,0.7895,-3.1415,-4704.3354,-28632.9355,26.3636,1
-4703.1636,-28634.3926,24.9425,-5231.8672,-28107.9844,21.9609,-4704.8657,-28632.1133,26.6580,743.2735,0.0002,0.0017,-3.1367,0.7895,-3.1415,-4704.3306,-28632.8262,26.3884,1
-4703.1636,-28634.3926,24.9425,-5231.8286,-28108.0234,21.9609,-4700.3599,-28632.9219,24.3366,746.9792,-0.0003,0.0012,-3.1367,0.7895,-3.1415,-4704.1772,-28632.7441,26.3353,1
-4703.1636,-28634.3926,24.9425,-5231.7905,-28108.0625,21.9609,-4702.4956,-28640.3945,21.9918,750.6845,0.0011,0.0007,-3.1367,0.7895,-3.1415,-4704.0879,-28632.9141,26.1994,1
-4703.1636,-28634.3926,24.9425,-5231.7529,-28108.1016,21.9609,-4708.6934,-28630.7637,28.9734,739.4634,0.0006,0.0022,-3.1367,0.7893,-3.1415,-4704.2056,-28632.7852,26.2879,1
-4703.1636,-28634.3926,24.9425,-5231.7153,-28108.1387,21.9609,-4704.2129,-28631.3066,26.6455,742.9511,-0.0000,0.0017,-3.1367,0.7893,-3.1415,-4704.1831,-28632.6699,26.3037,1
-4703.1636,-28634.3926,24.9425,-5231.6782,-28108.1758,21.9609,-4699.7104,-28632.1074,24.3259,746.6558,-0.0006,0.0012,-3.1367,0.7892,-3.1415,-4704.0112,-28632.5840,26.2424,1
-4703.1636,-28634.3926,24.9425,-5231.6416,-28108.2148,21.9609,-4701.8369,-28639.5820,21.9830,750.3600,0.0008,0.0007,-3.1367,0.7893,-3.1415,-4703.9023,-28632.7480,26.0990,1
-4703.1636,-28634.3926,24.9425,-5231.6050,-28108.2520,21.9609,-4707.9199,-28629.8320,28.9617,739.1422,0.0003,0.0022,-3.1367,0.7893,-3.1415,-4703.9951,-28632.6035,26.1805,1
-4703.1636,-28634.3926,24.9425,-5231.5688,-28108.2891,21.9610,-4703.5723,-28630.5098,26.6321,742.6361,-0.0003,0.0017,-3.1368,0.7893,-3.1415,-4703.9517,-28632.4785,26.1901,1
-4703.1636,-28634.3926,24.9425,-5231.5327,-28108.3242,21.9610,-4697.5850,-28638.9336,22.5385,752.7572,0.0001,0.0008,-3.1368,0.7893,-3.1415,-4703.7100,-28632.6328,26.0647,1
-4703.1636,-28634.3926,24.9425,-5231.4971,-28108.3613,21.9610,-4701.3203,-28638.9082,21.9712,750.0429,0.0006,0.0007,-3.1368,0.7890,-3.1415,-4703.5801,-28632.8027,25.9124,1
-4703.1636,-28634.3926,24.9425,-5231.4619,-28108.3965,21.9610,-4707.4180,-28629.1719,28.9468,738.8282,0.0001,0.0022,-3.1368,0.7890,-3.1415,-4703.6528,-28632.6621,25.9863,1
-4703.1636,-28634.3926,24.9425,-5231.4268,-28108.4316,21.9610,-4708.0757,-28631.8066,23.5446,740.1458,0.0006,0.0010,-3.1368,0.7890,-3.1415,-4703.7583,-28632.6035,25.8854,1
-4703.1636,-28634.3926,24.9425,-5231.3921,-28108.4688,21.9610,-4705.0513,-28637.1719,24.2990,746.0309,0.0009,0.0011,-3.1368,0.7890,-3.1415,-4703.7725,-28632.7246,25.8060,1
-4703.1636,-28634.3926,24.9425,-5231.3579,-28108.5020,21.9610,-4700.5562,-28637.9844,21.9568,749.7330,0.0004,0.0006,-3.1368,0.7890,-3.1415,-4703.6411,-28632.8828,25.6467,1
-4703.1636,-28634.3926,24.9425,-5231.3237,-28108.5371,21.9610,-4706.6655,-28628.2578,28.9288,738.5214,-0.0002,0.0021,-3.1368,0.7890,-3.1415,-4703.7090,-28632.7266,25.7148,1
-4703.1636,-28634.3926,24.9425,-5231.2900,-28108.5723,21.9610,-4702.2905,-28628.9082,26.6039,742.0273,-0.0007,0.0016,-3.1368,0.7890,-3.1415,-4703.6372,-28632.5840,25.7131,1
-4703.1636,-28634.3926,24.9425,-5231.2563,-28108.6055,21.9611,-4704.3818,-28636.3516,24.2848,745.7289,0.0007,0.0011,-3.1368,0.7890,-3.1415,-4703.6338,-28632.6816,25.6369,1
-4703.1636,-28634.3926,24.9425,-5231.2231,-28108.6406,21.9611,-4702.5879,-28628.5371,25.0962,741.4521,-0.0008,0.0013,-3.1369,0.7890,-3.1415,-4703.5728,-28632.5273,25.5861,1
-4703.1636,-28634.3926,24.9425,-5231.1899,-28108.6738,21.9611,-4706.0098,-28627.4395,28.9113,738.2215,-0.0004,0.0021,-3.1369,0.7890,-3.1415,-4703.6270,-28632.3281,25.6648,1
-4703.1636,-28634.3926,24.9425,-5231.1572,-28108.7070,21.9611,-4708.2222,-28634.7227,26.5893,741.7329,0.0010,0.0016,-3.1369,0.7890,-3.1415,-4703.7612,-28632.3633,25.6733,1
-4703.1636,-28634.3926,24.9425,-5231.1250,-28108.7402,21.9611,-4703.7354,-28635.5527,24.2709,745.4337,0.0005,0.0011,-3.1369,0.7890,-3.1415,-4703.7554,-28632.4355,25.6070,1
-4703.1636,-28634.3926,24.9425,-5231.0928,-28108.7734,21.9611,-4699.2417,-28636.3516,21.9290,749.1339,-0.0001,0.0006,-3.1369,0.7890,-3.1415,-4703.5996,-28632.5410,25.4607,1
-4703.1636,-28634.3926,24.9425,-5231.0610,-28108.8047,21.9611,-4705.3774,-28626.6426,28.8949,737.9281,-0.0006,0.0021,-3.1369,0.7890,-3.1415,-4703.6406,-28632.3301,25.5420,1
-4703.1636,-28634.3926,24.9425,-5231.0293,-28108.8379,21.9611,-4707.5752,-28633.9316,26.5754,741.4450,0.0008,0.0016,-3.1369,0.7890,-3.1415,-4703.7598,-28632.3516,25.5535,1
-4703.1636,-28634.3926,24.9425,-5230.9980,-28108.8691,21.9611,-4702.1851,-28634.2852,27.9930,745.4741,0.0001,0.0019,-3.1369,0.7890,-3.1415,-4703.7065,-28632.3906,25.6156,1
-4703.1636,-28634.3926,24.9425,-5230.9668,-28108.9004,21.9611,-4698.5977,-28635.5449,21.9165,748.8441,-0.0003,0.0006,-3.1369,0.7890,-3.1415,-4703.5303,-28632.4785,25.4805,1
-4703.1636,-28634.3926,24.9425,-5230.9360,-28108.9316,21.9611,-4700.7852,-28642.9941,29.0087,752.5439,0.0012,0.0021,-3.1369,0.7890,-3.1415,-4703.4170,-28632.8184,25.5744,1
-4703.1636,-28634.3926,24.9425,-5230.9058,-28108.9629,21.9611,-4707.0562,-28633.2637,26.5620,741.1633,0.0006,0.0016,-3.1369,0.7888,-3.1415,-4703.5093,-28632.8594,25.5960,1
-4703.1636,-28634.3926,24.9425,-5230.8755,-28108.9941,21.9611,-4702.5762,-28634.0840,24.2448,744.8622,0.0000,0.0011,-3.1369,0.7888,-3.1415,-4703.4600,-28632.9258,25.5424,1
-4703.1636,-28634.3926,24.9425,-5230.8452,-28109.0254,21.9612,-4698.0884,-28634.8730,21.9044,748.5606,-0.0005,0.0006,-3.1369,0.7888,-3.1415,-4703.2593,-28633.0215,25.4083,1
-4703.1636,-28634.3926,24.9425,-5230.8154,-28109.0547,21.9612,-4700.2686,-28642.3223,28.9938,752.2595,0.0009,0.0021,-3.1370,0.7888,-3.1415,-4703.1221,-28633.3672,25.5033,1
-4703.1636,-28634.3926,24.9425,-5230.7861,-28109.0840,21.9612,-4706.2988,-28632.3555,26.5484,740.8875,0.0003,0.0016,-3.1370,0.7887,-3.1415,-4703.1821,-28633.3984,25.5262,1
-4703.1636,-28634.3926,24.9425,-5230.7568,-28109.1152,21.9612,-4701.8164,-28633.1660,24.2319,744.5856,-0.0002,0.0011,-3.1370,0.7887,-3.1415,-4703.1001,-28633.4512,25.4740,1
-4703.1636,-28634.3926,24.9425,-5230.7275,-28109.1445,21.9612,-4697.3281,-28633.9453,21.8925,748.2831,-0.0008,0.0006,-3.1370,0.7887,-3.1415,-4702.8672,-28633.5273,25.3415,1
-4703.1636,-28634.3926,24.9425,-5230.6987,-28109.1738,21.9612,-4699.6382,-28641.5371,28.9791,751.9811,0.0007,0.0021,-3.1370,0.7885,-3.1415,-4702.7017,-28633.8555,25.4383,1
-4703.1636,-28634.3926,24.9425,-5230.6704,-28109.2031,21.9612,-4705.6479,-28631.5566,26.5350,740.6176,0.0001,0.0016,-3.1370,0.7885,-3.1415,-4702.7334,-28633.8633,25.4631,1
-4703.1636,-28634.3926,24.9425,-5230.6421,-28109.2305,21.9612,-4701.1694,-28632.3594,24.2192,744.3148,-0.0005,0.0011,-3.1370,0.7885,-3.1415,-4702.6235,-28633.8887,25.4128,1
-4703.1636,-28634.3926,24.9425,-5230.6143,-28109.2598,21.9612,-4703.3091,-28639.8008,21.8800,748.0115,0.0010,0.0006,-3.1370,0.7885,-3.1415,-4702.5845,-28634.1562,25.2824,1
-4703.1636,-28634.3926,24.9425,-5230.5864,-28109.2871,21.9612,-4698.8418,-28640.5820,28.9643,751.7087,0.0004,0.0021,-3.1370,0.7885,-3.1415,-4702.4019,-28634.4590,25.3812,1
-4703.1636,-28634.3926,24.9425,-5230.5586,-28109.3164,21.9612,-4705.0166,-28630.7715,26.5214,740.3532,-0.0001,0.0016,-3.1370,0.7885,-3.1415,-4702.4199,-28634.4434,25.4082,1
-4703.1636,-28634.3926,24.9425,-5230.5312,-28109.3438,21.9612,-4700.5371,-28631.5664,24.2065,744.0496,-0.0007,0.0011,-3.1370,0.7885,-3.1415,-4702.2964,-28634.4414,25.3602,1
-4703.1636,-28634.3926,24.9425,-5230.5044,-28109.3711,21.9612,-4706.3901,-28635.1543,22.8302,742.3884,0.0007,0.0008,-3.1370,0.7884,-3.1415,-4702.3687,-28634.5508,25.2636,1
-4703.1636,-28634.3926,24.9425,-5230.4775,-28109.3984,21.9612,-4700.7383,-28632.8438,26.7031,744.7366,-0.0005,0.0016,-3.1370,0.7884,-3.1415,-4702.2627,-28634.5781,25.2924,1
-4703.1636,-28634.3926,24.9425,-5230.4507,-28109.4258,21.9613,-4704.3823,-28629.9824,26.5080,740.0943,-0.0004,0.0016,-3.1370,0.7884,-3.1415,-4702.2783,-28634.5020,25.3189,1
-4703.1636,-28634.3926,24.9425,-5230.4243,-28109.4531,21.9613,-4706.4966,-28637.3965,24.1932,743.7899,0.0011,0.0011,-3.1371,0.7884,-3.1415,-4702.3716,-28634.6621,25.2707,1
-4703.1636,-28634.3926,24.9425,-5230.3984,-28109.4805,21.9613,-4702.0215,-28638.2109,21.8555,747.4851,0.0005,0.0006,-3.1371,0.7884,-3.1415,-4702.3257,-28634.8516,25.1425,1
-4703.1636,-28634.3926,24.9425,-5230.3721,-28109.5059,21.9613,-4697.5552,-28638.9766,28.9344,751.1807,-0.0000,0.0021,-3.1371,0.7884,-3.1415,-4702.1323,-28635.0723,25.2439,1
-4703.1636,-28634.3926,24.9425,-5230.3467,-28109.5312,21.9613,-4703.7485,-28629.1895,26.4944,739.8405,-0.0006,0.0016,-3.1371,0.7884,-3.1415,-4702.1372,-28634.9668,25.2739,1
-4703.1636,-28634.3926,24.9425,-5230.3208,-28109.5586,21.9613,-4705.8516,-28636.6055,24.1801,743.5354,0.0009,0.0011,-3.1371,0.7884,-3.1415,-4702.2188,-28635.0957,25.2292,1
-4703.1636,-28634.3926,24.9425,-5230.2954,-28109.5840,21.9613,-4701.3774,-28637.4102,21.8430,747.2298,0.0003,0.0006,-3.1371,0.7884,-3.1415,-4702.1592,-28635.2500,25.1044,1
-4703.1636,-28634.3926,24.9425,-5230.2705,-28109.6094,21.9613,-4696.9121,-28638.1719,28.9192,750.9247,-0.0002,0.0021,-3.1371,0.7884,-3.1415,-4701.9512,-28635.4316,25.2092,1
-4703.1636,-28634.3926,24.9425,-5230.2456,-28109.6348,21.9613,-4703.1147,-28628.3984,26.4809,739.5919,-0.0008,0.0016,-3.1371,0.7884,-3.1415,-4701.9409,-28635.2871,25.2425,1
-4703.1636,-28634.3926,24.9425,-5230.2212,-28109.6602,21.9613,-4705.3413,-28635.9453,24.1672,743.2861,0.0007,0.0011,-3.1371,0.7882,-3.1415,-4702.0103,-28635.3770,25.2009,1
-4703.1636,-28634.3926,24.9425,-5230.1968,-28109.6855,21.9613,-4700.8721,-28636.7500,21.8305,746.9798,0.0001,0.0006,-3.1371,0.7882,-3.1415,-4701.9385,-28635.4941,25.0793,1
-4703.1636,-28634.3926,24.9425,-5230.1724,-28109.7090,21.9613,-4696.4102,-28637.5078,28.9041,750.6740,-0.0005,0.0021,-3.1371,0.7882,-3.1415,-4701.7173,-28635.6328,25.1871,1
-4703.1636,-28634.3926,24.9425,-5230.1484,-28109.7344,21.9613,-4708.9849,-28634.1504,26.4672,739.3481,0.0009,0.0016,-3.1371,0.7882,-3.1415,-4701.9092,-28635.6621,25.2234,1
-4703.1636,-28634.3926,24.9425,-5230.1245,-28109.7578,21.9613,-4704.5200,-28634.9727,24.1541,743.0416,0.0004,0.0011,-3.1371,0.7882,-3.1415,-4701.9673,-28635.7109,25.1847,1
-4703.1636,-28634.3926,24.9425,-5230.1006,-28109.7832,21.9613,-4700.0479,-28635.7676,21.8181,746.7346,-0.0002,0.0006,-3.1371,0.7882,-3.1415,-4701.8823,-28635.7832,25.0658,1
-4703.1636,-28634.3926,24.9425,-5230.0771,-28109.8066,21.9614,-4695.5850,-28636.5156,28.8890,750.4280,-0.0007,0.0021,-3.1371,0.7882,-3.1415,-4701.6455,-28635.8770,25.1761,1
-4703.1636,-28634.3926,24.9425,-5230.0542,-28109.8301,21.9614,-4708.3467,-28633.3672,26.4540,739.1089,0.0007,0.0016,-3.1372,0.7882,-3.1415,-4701.8257,-28635.8613,25.2149,1
-4703.1636,-28634.3926,24.9425,-5230.0312,-28109.8535,21.9614,-4703.8818,-28634.1836,24.1415,742.8018,0.0002,0.0011,-3.1372,0.7882,-3.1415,-4701.8706,-28635.8672,25.1785,1
-4703.1636,-28634.3926,24.9425,-5230.0083,-28109.8770,21.9614,-4699.4102,-28634.9688,21.8059,746.4941,-0.0004,0.0006,-3.1372,0.7882,-3.1415,-4701.7710,-28635.8906,25.0619,1
-4703.1636,-28634.3926,24.9425,-5229.9854,-28109.9004,21.9614,-4701.5972,-28642.3926,28.8742,750.1870,0.0011,0.0021,-3.1372,0.7882,-3.1415,-4701.7407,-28636.1582,25.1743,1
-4703.1636,-28634.3926,24.9425,-5229.9629,-28109.9219,21.9614,-4707.7075,-28632.5801,26.4405,738.8745,0.0005,0.0016,-3.1372,0.7881,-3.1415,-4701.9175,-28636.1094,25.2151,1
-4703.1636,-28634.3926,24.9425,-5229.9409,-28109.9453,21.9614,-4703.0474,-28633.2363,22.9022,742.5947,-0.0001,0.0008,-3.1372,0.7881,-3.1415,-4701.9502,-28636.0723,25.1393,1
-4703.1636,-28634.3926,24.9425,-5229.9189,-28109.9668,21.9614,-4703.5859,-28635.1191,20.5586,743.5139,0.0003,0.0003,-3.1372,0.7881,-3.1415,-4702.0039,-28636.0879,24.9798,1
-4703.1636,-28634.3926,24.9425,-5229.8970,-28109.9902,21.9614,-4700.9487,-28641.5938,28.8595,749.9504,0.0008,0.0021,-3.1372,0.7881,-3.1415,-4701.9727,-28636.3164,25.0888,1
-4703.1636,-28634.3926,24.9425,-5229.8750,-28110.0117,21.9614,-4707.0693,-28631.7949,26.4271,738.6443,0.0003,0.0015,-3.1372,0.7881,-3.1415,-4702.1455,-28636.2246,25.1266,1
-4703.1636,-28634.3926,24.9425,-5229.8540,-28110.0332,21.9614,-4702.5488,-28632.5391,24.0750,742.3358,-0.0003,0.0010,-3.1371,0.7883,-3.1415,-4702.1758,-28636.1484,25.0881,1
-4703.1636,-28634.3926,24.9425,-5229.8330,-28110.0547,21.9613,-4697.9302,-28633.1582,21.6414,746.0269,-0.0008,0.0005,-3.1370,0.7885,-3.1415,-4702.0518,-28636.0820,24.9661,1
-4703.1636,-28634.3926,24.9425,-5229.8125,-28110.0742,21.9611,-4699.9771,-28640.4688,28.5587,749.7184,0.0006,0.0020,-3.1368,0.7888,-3.1414,-4701.9868,-28636.2520,25.0684,1
-4703.1636,-28634.3926,24.9425,-5229.7910,-28110.0957,21.9611,-4706.1372,-28630.7090,26.4724,738.4208,0.0002,0.0016,-3.1368,0.7894,-3.1414,-4702.1250,-28636.1016,25.1103,1
-4703.1636,-28634.3926,24.9425,-5229.7686,-28110.1191,21.9615,-4701.2437,-28631.0703,24.5573,742.1117,-0.0004,0.0011,-3.1373,0.7902,-3.1413,-4702.1060,-28635.9512,25.0906,1
-4703.1636,-28634.3926,24.9425,-5229.7427,-28110.1445,21.9623,-4702.8018,-28637.9277,23.0711,745.8022,0.0011,0.0006,-3.1384,0.7913,-3.1413,-4702.1377,-28636.0195,25.0201,1
-4703.1636,-28634.3926,24.9425,-5229.7139,-28110.1719,21.9636,-4697.6670,-28637.9844,31.4188,749.4930,0.0005,0.0021,-3.1401,0.7926,-3.1412,-4701.9985,-28636.0938,25.2242,1
-4703.1636,-28634.3926,24.9425,-5229.6816,-28110.2031,21.9655,-4705.0591,-28629.4824,28.0084,738.1810,0.0006,0.0010,3.1409,0.7940,-3.1412,-4702.0977,-28635.8848,25.3299,1
-4703.1636,-28634.3926,24.9425,-5229.6455,-28110.2383,21.9678,-4699.7969,-28629.4727,27.5695,741.8713,-0.0000,0.0005,3.1384,0.7955,-3.1412,-4702.0259,-28635.6621,25.4258,1
-4703.1636,-28634.3926,24.9425,-5229.6050,-28110.2773,21.9704,-4701.0723,-28636.0977,27.2721,745.5611,0.0014,0.0000,3.1357,0.7971,-3.1413,-4701.9922,-28635.6484,25.5151,1
-4703.1636,-28634.3926,24.9425,-5229.5610,-28110.3203,21.9733,-4695.8560,-28635.9961,36.4448,749.2513,0.0009,0.0015,3.1329,0.7986,-3.1413,-4701.7822,-28635.6348,25.9128,1
-4703.1636,-28634.3926,24.9425,-5229.5127,-28110.3652,21.9761,-4704.3594,-28628.6543,28.3228,737.8705,0.0013,-0.0006,3.1302,0.8001,-3.1413,-4701.8452,-28635.3730,26.0623,1
-4703.1636,-28634.3926,24.9425,-5229.4614,-28110.4160,21.9788,-4705.6245,-28635.2676,27.6984,741.5597,0.0027,-0.0011,3.1279,0.8017,-3.1414,-4701.9565,-28635.3223,26.1922,1
-4703.1636,-28634.3926,24.9425,-5229.4067,-28110.4688,21.9810,-4700.4590,-28635.4258,26.6701,745.2484,0.0022,-0.0016,3.1262,0.8029,-3.1414,-4701.9028,-28635.2793,26.2874,1
-4703.1636,-28634.3926,24.9425,-5229.3501,-28110.5234,21.9831,-4695.2461,-28635.3848,34.6596,748.9377,0.0016,-0.0001,3.1250,0.8044,-3.1414,-4701.6729,-28635.2363,26.6465,1
-4703.1636,-28634.3926,24.9425,-5229.2910,-28110.5801,21.9851,-4703.7661,-28627.9453,26.8962,737.4790,0.0020,-0.0018,3.1243,0.8058,-3.1413,-4701.7139,-28634.9453,26.7606,1
-4703.1636,-28634.3926,24.9425,-5229.2305,-28110.6387,21.9868,-4705.0962,-28634.6543,24.7405,741.1668,0.0034,-0.0023,3.1241,0.8072,-3.1413,-4701.8057,-28634.8672,26.7974,1
-4703.1636,-28634.3926,24.9425,-5229.1685,-28110.6973,21.9879,-4700.0747,-28634.9629,22.2026,744.8541,0.0029,-0.0028,3.1244,0.8082,-3.1412,-4701.7368,-28634.8027,26.7402,1
-4703.1636,-28634.3926,24.9425,-5229.1050,-28110.7578,21.9882,-4694.9248,-28635.0820,28.7004,748.5419,0.0023,-0.0013,3.1252,0.8094,-3.1412,-4701.4927,-28634.7441,26.8864,1
-4703.1636,-28634.3926,24.9425,-5229.0410,-28110.8203,21.9876,-4703.3857,-28627.4336,25.4860,737.0375,0.0026,-0.0018,3.1265,0.8103,-3.1411,-4701.5190,-28634.4316,26.9250,1
-4703.1636,-28634.3926,24.9425,-5228.9761,-28110.8828,21.9860,-4698.6030,-28633.8906,25.1958,744.8832,0.0029,-0.0016,3.1281,0.8108,-3.1410,-4701.3896,-28634.3242,26.9472,1
-4703.1636,-28634.3926,24.9425,-5228.9102,-28110.9453,21.9832,-4703.0620,-28628.0488,18.9694,737.5178,0.0028,-0.0026,3.1302,0.8114,-3.1409,-4701.4058,-28634.0234,26.7504,1
-4703.1636,-28634.3926,24.9425,-5228.8442,-28111.0078,21.9797,-4706.0845,-28631.0645,17.3311,737.4073,0.0038,-0.0026,3.1324,0.8120,-3.1411,-4701.5298,-28633.8145,26.4776,1
-4703.1636,-28634.3926,24.9425,-5228.7773,-28111.0703,21.9759,-4702.9570,-28632.7598,27.7081,740.7289,0.0037,0.0000,3.1348,0.8125,-3.1413,-4701.5591,-28633.6621,26.5341,1
-4703.1636,-28634.3926,24.9425,-5228.7109,-28111.1348,21.9722,-4698.3794,-28633.5293,23.4927,744.4132,0.0031,-0.0005,3.1373,0.8126,-3.1413,-4701.4385,-28633.5391,26.4508,1
-4703.1636,-28634.3926,24.9425,-5228.6445,-28111.1973,21.9688,-4700.3882,-28640.8984,19.2630,748.0970,0.0046,-0.0010,3.1398,0.8128,-3.1413,-4701.3799,-28633.6680,26.2193,1
-4703.1636,-28634.3926,24.9425,-5228.5786,-28111.2598,21.9657,-4706.2705,-28631.0898,15.2319,736.9409,0.0040,-0.0015,-3.1410,0.8130,-3.1413,-4701.5186,-28633.4883,25.8319,1
-4703.1636,-28634.3926,24.9425,-5228.5132,-28111.3223,21.9630,-4702.4917,-28632.1387,27.9156,740.2548,0.0036,0.0016,-3.1388,0.8132,-3.1413,-4701.5410,-28633.3438,25.8519,1
-4703.1636,-28634.3926,24.9425,-5228.4482,-28111.3828,21.9607,-4697.9570,-28632.9395,24.1410,743.9373,0.0031,0.0011,-3.1368,0.8132,-3.1413,-4701.4131,-28633.2285,25.7514,1
-4703.1636,-28634.3926,24.9425,-5228.3838,-28111.4434,21.9587,-4700.0381,-28640.3926,20.5308,747.6193,0.0045,0.0006,-3.1351,0.8133,-3.1413,-4701.3481,-28633.3672,25.5289,1
-4703.1636,-28634.3926,24.9425,-5228.3203,-28111.5039,21.9571,-4706.1851,-28630.8672,17.2108,736.4687,0.0040,0.0001,-3.1337,0.8130,-3.1413,-4701.4893,-28633.2031,25.1824,1
-4703.1636,-28634.3926,24.9425,-5228.2578,-28111.5625,21.9559,-4702.0830,-28631.5625,28.7142,739.7928,0.0034,0.0027,-3.1326,0.8127,-3.1413,-4701.5024,-28633.0645,25.2111,1
-4703.1636,-28634.3926,24.9425,-5228.1958,-28111.6211,21.9550,-4704.2529,-28639.0977,25.8039,743.4734,0.0049,0.0022,-3.1318,0.8126,-3.1413,-4701.5903,-28633.1777,25.1532,1
-4703.1636,-28634.3926,24.9425,-5228.1348,-28111.6777,21.9545,-4700.0371,-28640.2207,23.0709,747.1536,0.0043,0.0017,-3.1313,0.8120,-3.1413,-4701.5425,-28633.3457,25.0086,1
-4703.1636,-28634.3926,24.9425,-5228.0742,-28111.7344,21.9542,-4703.4102,-28632.2148,25.8192,739.0367,0.0035,0.0024,-3.1310,0.8115,-3.1413,-4701.6050,-28633.2617,24.9554,1
-4703.1636,-28634.3926,24.9425,-5228.0151,-28111.7910,21.9542,-4701.5249,-28630.8340,29.4754,739.3508,0.0030,0.0032,-3.1310,0.8111,-3.1414,-4701.6074,-28633.1328,25.0314,1
-4703.1636,-28634.3926,24.9425,-5227.9565,-28111.8457,21.9544,-4703.7529,-28638.4277,27.2778,743.0297,0.0044,0.0027,-3.1312,0.8108,-3.1414,-4701.6846,-28633.2559,25.0458,1
-4703.1636,-28634.3926,24.9425,-5227.8984,-28111.9004,21.9548,-4699.5996,-28639.6055,25.1759,746.7083,0.0039,0.0022,-3.1315,0.8102,-3.1414,-4701.6265,-28633.4316,24.9972,1
-4703.1636,-28634.3926,24.9425,-5227.8413,-28111.9531,21.9553,-4705.9072,-28630.2695,23.1330,735.5682,0.0033,0.0017,-3.1319,0.8096,-3.1415,-4701.7769,-28633.3086,24.8820,1
-4703.1636,-28634.3926,24.9425,-5227.7847,-28112.0059,21.9560,-4707.4766,-28636.6445,29.8814,738.9283,0.0044,0.0030,-3.1325,0.8091,-3.1415,-4701.9883,-28633.3945,24.9939,1
-4703.1636,-28634.3926,24.9425,-5227.7285,-28112.0586,21.9567,-4703.1958,-28638.8047,21.3787,743.3643,0.0040,0.0011,-3.1331,0.8083,-3.1415,-4702.0664,-28633.5625,24.8321,1
-4703.1636,-28634.3926,24.9425,-5227.6733,-28112.1094,21.9574,-4699.2969,-28639.1270,26.1382,746.2827,0.0033,0.0020,-3.1337,0.8076,-3.1415,-4702.0142,-28633.7520,24.8245,1
-4703.1636,-28634.3926,24.9425,-5227.6182,-28112.1621,21.9581,-4705.6069,-28629.7988,24.2169,735.1475,0.0028,0.0015,-3.1343,0.8071,-3.1416,-4702.1675,-28633.6387,24.7574,1
-4703.1636,-28634.3926,24.9425,-5227.5640,-28112.2129,21.9589,-4706.8237,-28635.8477,29.9205,738.5218,0.0038,0.0027,-3.1349,0.8066,-3.1416,-4702.3677,-28633.7207,24.8843,1
-4703.1636,-28634.3926,24.9425,-5227.5098,-28112.2617,21.9595,-4702.7520,-28637.1035,28.0328,742.1973,0.0033,0.0022,-3.1355,0.8058,-3.1416,-4702.4380,-28633.8496,24.9601,1
-4703.1636,-28634.3926,24.9425,-5227.4561,-28112.3125,21.9601,-4708.9160,-28636.6035,30.7348,737.4473,0.0040,0.0027,-3.1360,0.8051,3.1416,-4702.7153,-28633.9688,25.1362,1
-4703.1636,-28634.3926,24.9425,-5227.4033,-28112.3613,21.9607,-4704.9517,-28628.9766,24.0475,734.7420,0.0022,0.0012,-3.1364,0.8045,3.1416,-4702.8696,-28633.8320,25.0987,1
-4703.1636,-28634.3926,24.9425,-5227.3506,-28112.4102,21.9611,-4706.3906,-28635.2676,29.7462,738.1258,0.0032,0.0023,-3.1368,0.8037,3.1416,-4703.0732,-28633.8984,25.2520,1
-4703.1636,-28634.3926,24.9425,-5227.2979,-28112.4590,21.9615,-4705.6426,-28636.6660,23.7905,739.5377,0.0032,0.0010,-3.1371,0.8029,3.1416,-4703.2549,-28634.0137,25.2138,1
-4703.1636,-28634.3926,24.9425,-5227.2461,-28112.5078,21.9617,-4698.1484,-28637.6562,25.5305,745.4742,0.0021,0.0013,-3.1374,0.8023,3.1416,-4703.1855,-28634.1680,25.2308,1
-4703.1636,-28634.3926,24.9425,-5227.1943,-28112.5566,21.9619,-4710.9780,-28634.8496,23.2983,734.3475,0.0035,0.0008,-3.1375,0.8018,3.1415,-4703.5352,-28634.2324,25.1722,1
-4703.1636,-28634.3926,24.9425,-5227.1431,-28112.6035,21.9620,-4705.6973,-28634.4316,29.5312,737.7380,0.0025,0.0022,-3.1376,0.8010,3.1415,-4703.7168,-28634.2832,25.3207,1
-4703.1636,-28634.3926,24.9425,-5227.0918,-28112.6523,21.9621,-4701.5518,-28635.6035,27.2689,741.4105,0.0020,0.0017,-3.1377,0.8004,3.1415,-4703.7578,-28634.3711,25.4014,1
-4703.1636,-28634.3926,24.9425,-5227.0410,-28112.6992,21.9621,-4708.3022,-28631.3359,25.0695,733.5380,0.0022,0.0012,-3.1377,0.7995,3.1415,-4704.0186,-28634.3145,25.4113,1
-4703.1636,-28634.3926,24.9425,-5226.9907,-28112.7461,21.9620,-4710.2764,-28634.0020,22.5691,733.9611,0.0029,0.0007,-3.1377,0.7991,3.1415,-4704.3506,-28634.3418,25.3343,1
-4703.1636,-28634.3926,24.9425,-5226.9409,-28112.7910,21.9619,-4705.0029,-28633.5898,29.3819,737.3575,0.0019,0.0021,-3.1376,0.7985,3.1415,-4704.5112,-28634.3516,25.4817,1
-4703.1636,-28634.3926,24.9425,-5226.8916,-28112.8379,21.9618,-4700.8662,-28634.7598,27.0087,741.0287,0.0014,0.0016,-3.1375,0.7978,3.1415,-4704.5264,-28634.3965,25.5565,1
-4703.1636,-28634.3926,24.9425,-5226.8423,-28112.8828,21.9616,-4703.2114,-28642.3984,24.6002,744.7003,0.0028,0.0011,-3.1374,0.7974,3.1415,-4704.6069,-28634.6992,25.5524,1
-4703.1636,-28634.3926,24.9425,-5226.7935,-28112.9297,21.9615,-4709.5552,-28633.1309,22.1646,733.5820,0.0022,0.0006,-3.1373,0.7966,3.1415,-4704.8945,-28634.7051,25.4615,1
-4703.1636,-28634.3926,24.9425,-5226.7451,-28112.9746,21.9613,-4704.3037,-28632.7422,29.3256,736.9848,0.0013,0.0022,-3.1371,0.7961,3.1414,-4705.0078,-28634.6914,25.6056,1
-4703.1636,-28634.3926,24.9425,-5226.6973,-28113.0176,21.9611,-4708.6948,-28632.8457,27.1201,733.8704,0.0019,0.0018,-3.1370,0.7957,3.1414,-4705.2632,-28634.6738,25.6827,1
-4703.1636,-28634.3926,24.9425,-5226.6494,-28113.0625,21.9610,-4702.3984,-28641.4375,24.5219,744.3250,0.0022,0.0012,-3.1369,0.7952,3.1414,-4705.3071,-28634.9395,25.6738,1
-4703.1636,-28634.3926,24.9425,-5226.6021,-28113.1074,21.9608,-4708.6909,-28632.1152,22.1010,733.2108,0.0016,0.0007,-3.1368,0.7946,3.1414,-4705.5518,-28634.9043,25.5780,1
-4703.1636,-28634.3926,24.9425,-5226.5557,-28113.1504,21.9607,-4703.6001,-28631.8828,29.3358,736.6208,0.0008,0.0023,-3.1367,0.7942,3.1414,-4705.6235,-28634.8516,25.7194,1
-4703.1636,-28634.3926,24.9425,-5226.5093,-28113.1934,21.9606,-4699.2695,-28632.8379,26.9789,740.2894,0.0002,0.0018,-3.1366,0.7939,3.1414,-4705.5391,-28634.8242,25.7879,1
-4703.1636,-28634.3926,24.9425,-5226.4634,-28113.2363,21.9605,-4701.6904,-28640.5762,24.6121,743.9584,0.0016,0.0013,-3.1366,0.7933,3.1414,-4705.5176,-28635.0488,25.7782,1
-4703.1636,-28634.3926,24.9425,-5226.4175,-28113.2773,21.9605,-4707.9302,-28631.1973,22.2375,732.8481,0.0011,0.0008,-3.1365,0.7928,3.1414,-4705.6938,-28634.9688,25.6829,1
-4703.1636,-28634.3926,24.9425,-5226.3726,-28113.3203,21.9604,-4702.8989,-28631.0254,29.3692,736.2659,0.0002,0.0023,-3.1365,0.7925,3.1414,-4705.6992,-28634.8730,25.8216,1
-4703.1636,-28634.3926,24.9425,-5226.3276,-28113.3613,21.9604,-4705.2021,-28638.6348,27.0645,739.9331,0.0017,0.0018,-3.1365,0.7921,3.1413,-4705.7725,-28635.0234,25.8891,1
-4703.1636,-28634.3926,24.9425,-5226.2832,-28113.4023,21.9604,-4705.7471,-28636.2285,27.2363,737.7830,0.0013,0.0019,-3.1365,0.7916,3.1413,-4705.8584,-28635.1016,25.9639,1
-4703.1636,-28634.3926,24.9425,-5226.2393,-28113.4434,21.9604,-4707.1743,-28630.2832,22.4132,732.4943,0.0006,0.0008,-3.1365,0.7912,3.1413,-4705.9893,-28634.9766,25.8759,1
-4703.1636,-28634.3926,24.9425,-5226.1958,-28113.4844,21.9604,-4702.1113,-28630.0781,29.3938,735.9199,-0.0002,0.0023,-3.1365,0.7912,3.1413,-4705.9468,-28634.8320,26.0164,1
-4703.1636,-28634.3926,24.9425,-5226.1528,-28113.5234,21.9605,-4704.1714,-28637.4551,27.1250,739.5860,0.0012,0.0018,-3.1366,0.7913,3.1413,-4705.9619,-28634.9277,26.0862,1
-4703.1636,-28634.3926,24.9425,-5226.1099,-28113.5645,21.9605,-4699.8877,-28638.4570,24.8361,743.2526,0.0007,0.0013,-3.1366,0.7909,3.1413,-4705.8257,-28635.0625,26.0796,1
-4703.1636,-28634.3926,24.9425,-5226.0674,-28113.6035,21.9606,-4706.0273,-28628.9727,22.5268,732.1497,0.0001,0.0008,-3.1366,0.7907,3.1413,-4705.8804,-28634.8809,25.9892,1
-4703.1636,-28634.3926,24.9425,-5226.0254,-28113.6426,21.9606,-4708.0029,-28635.8398,29.3980,735.5826,0.0015,0.0023,-3.1367,0.7907,3.1413,-4706.0000,-28634.9180,26.1239,1
-4703.1636,-28634.3926,24.9425,-5225.9839,-28113.6816,21.9607,-4703.7368,-28636.8711,27.1400,739.2476,0.0009,0.0018,-3.1367,0.7903,3.1413,-4705.9775,-28634.9941,26.1880,1
-4703.1636,-28634.3926,24.9425,-5225.9424,-28113.7188,21.9607,-4699.4263,-28637.8359,24.8592,742.9130,0.0004,0.0013,-3.1368,0.7900,3.1413,-4705.8027,-28635.1055,26.1760,1
-4703.1636,-28634.3926,24.9425,-5225.9014,-28113.7578,21.9608,-4705.0645,-28629.5625,24.2684,733.0243,-0.0000,0.0012,-3.1368,0.7900,3.1413,-4705.8018,-28634.9395,26.1388,1
-4703.1636,-28634.3926,24.9425,-5225.8608,-28113.7949,21.9608,-4707.3530,-28635.0469,29.3813,735.2535,0.0012,0.0023,-3.1369,0.7900,3.1413,-4705.8755,-28634.9492,26.2703,1
-4703.1636,-28634.3926,24.9425,-5225.8203,-28113.8320,21.9609,-4703.0342,-28636.0156,27.1188,738.9172,0.0006,0.0018,-3.1369,0.7898,3.1413,-4705.8057,-28634.9922,26.3307,1
-4703.1636,-28634.3926,24.9425,-5225.7808,-28113.8691,21.9609,-4698.5654,-28636.8125,24.8311,742.5815,0.0000,0.0013,-3.1369,0.7898,3.1413,-4705.5781,-28635.0625,26.3142,1
-4703.1636,-28634.3926,24.9425,-5225.7412,-28113.9062,21.9609,-4704.6030,-28627.2188,22.5166,731.4856,-0.0005,0.0008,-3.1370,0.7898,3.1413,-4705.5376,-28634.8086,26.2130,1
-4703.1636,-28634.3926,24.9425,-5225.7017,-28113.9434,21.9610,-4706.8921,-28634.4414,29.3548,734.9319,0.0009,0.0023,-3.1370,0.7895,3.1413,-4705.5732,-28634.7871,26.3356,1
-4703.1636,-28634.3926,24.9425,-5225.6626,-28113.9785,21.9610,-4702.4336,-28635.2617,27.0815,738.5947,0.0003,0.0018,-3.1370,0.7895,3.1413,-4705.4609,-28634.7910,26.3867,1
-4703.1636,-28634.3926,24.9425,-5225.6240,-28114.0156,21.9610,-4697.9658,-28636.0508,24.7826,742.2578,-0.0002,0.0013,-3.1370,0.7895,3.1413,-4705.1924,-28634.8223,26.3606,1
-4703.1636,-28634.3926,24.9425,-5225.5859,-28114.0508,21.9610,-4710.4966,-28632.9805,22.4596,731.1651,0.0012,0.0008,-3.1370,0.7895,3.1413,-4705.3335,-28634.7539,26.2495,1
-4703.1636,-28634.3926,24.9425,-5225.5479,-28114.0859,21.9610,-4706.2129,-28633.6152,29.3289,734.6176,0.0006,0.0022,-3.1370,0.7892,3.1413,-4705.3413,-28634.7031,26.3635,1
-4703.1636,-28634.3926,24.9425,-5225.5103,-28114.1211,21.9611,-4701.7563,-28634.4297,27.0461,738.2793,0.0001,0.0017,-3.1371,0.7892,3.1413,-4705.2007,-28634.6777,26.4057,1
-4703.1636,-28634.3926,24.9425,-5225.4727,-28114.1562,21.9611,-4697.2905,-28635.2129,24.7384,741.9414,-0.0005,0.0012,-3.1371,0.7892,3.1413,-4704.9038,-28634.6797,26.3707,1
-4703.1636,-28634.3926,24.9425,-5225.4360,-28114.1895,21.9611,-4709.8247,-28632.1602,22.4091,730.8519,0.0010,0.0007,-3.1371,0.7892,3.1413,-4705.0166,-28634.5801,26.2506,1
-4703.1636,-28634.3926,24.9425,-5225.3989,-28114.2246,21.9611,-4705.4438,-28632.6992,29.3078,734.3103,0.0004,0.0022,-3.1371,0.7893,3.1413,-4704.9922,-28634.4922,26.3568,1
-4703.1636,-28634.3926,24.9425,-5225.3628,-28114.2578,21.9611,-4706.8062,-28633.5762,28.8467,733.9147,0.0007,0.0021,-3.1371,0.7893,3.1413,-4705.0171,-28634.4336,26.4537,1
-4703.1636,-28634.3926,24.9425,-5225.3267,-28114.2910,21.9611,-4702.3486,-28635.5762,25.0303,738.4093,0.0004,0.0013,-3.1371,0.7893,3.1413,-4704.8965,-28634.4414,26.4257,1
-4703.1636,-28634.3926,24.9425,-5225.2910,-28114.3242,21.9611,-4707.3052,-28630.3906,27.7467,731.2032,0.0003,0.0019,-3.1371,0.7890,3.1413,-4704.9399,-28634.2754,26.4861,1
-4703.1636,-28634.3926,24.9425,-5225.2554,-28114.3574,21.9611,-4704.8115,-28631.9141,29.2918,734.0098,0.0001,0.0022,-3.1371,0.7890,3.1413,-4704.9053,-28634.1562,26.6011,1
-4703.1636,-28634.3926,24.9425,-5225.2202,-28114.3906,21.9611,-4700.3579,-28632.7129,27.0055,737.6696,-0.0004,0.0017,-3.1371,0.7890,3.1413,-4704.7207,-28634.0605,26.6432,1
-4703.1636,-28634.3926,24.9425,-5225.1851,-28114.4219,21.9611,-4702.4609,-28640.0898,24.6983,741.3297,0.0010,0.0012,-3.1371,0.7890,3.1413,-4704.6001,-28634.2109,26.6069,1
-4703.1636,-28634.3926,24.9425,-5225.1504,-28114.4551,21.9611,-4708.4351,-28630.4668,22.3687,730.2462,0.0005,0.0007,-3.1371,0.7890,3.1413,-4704.6797,-28634.0527,26.4844,1
-4703.1636,-28634.3926,24.9425,-5225.1162,-28114.4863,21.9611,-4704.1797,-28631.1309,29.2791,733.7159,-0.0001,0.0022,-3.1371,0.7890,3.1413,-4704.6245,-28633.9102,26.5879,1
-4703.1636,-28634.3926,24.9425,-5225.0825,-28114.5176,21.9611,-4699.7271,-28631.9199,26.9959,737.3747,-0.0006,0.0017,-3.1371,0.7890,3.1413,-4704.4189,-28633.7910,26.6191,1
-4703.1636,-28634.3926,24.9425,-5225.0483,-28114.5488,21.9611,-4701.8193,-28639.2969,24.6919,741.0338,0.0008,0.0012,-3.1371,0.7890,3.1413,-4704.2769,-28633.9199,26.5725,1
-4703.1636,-28634.3926,24.9425,-5225.0151,-28114.5801,21.9611,-4707.8071,-28629.6836,22.3659,729.9533,0.0003,0.0007,-3.1371,0.7890,3.1413,-4704.3350,-28633.7344,26.4404,1
-4703.1636,-28634.3926,24.9425,-5224.9819,-28114.6113,21.9611,-4703.5483,-28630.3457,29.2672,733.4286,-0.0003,0.0022,-3.1371,0.7890,3.1413,-4704.2583,-28633.5664,26.5346,1
-4703.1636,-28634.3926,24.9425,-5224.9492,-28114.6426,21.9611,-4705.6289,-28637.6973,26.9892,737.0864,0.0012,0.0017,-3.1371,0.7891,3.1413,-4704.2529,-28633.6445,26.5572,1
-4703.1636,-28634.3926,24.9425,-5224.9165,-28114.6719,21.9611,-4701.3037,-28638.6289,24.6865,740.7447,0.0006,0.0012,-3.1371,0.7888,3.1413,-4704.1064,-28633.7637,26.5027,1
-4703.1636,-28634.3926,24.9425,-5224.8843,-28114.7031,21.9611,-4707.3062,-28629.0273,22.3636,729.6669,0.0000,0.0007,-3.1371,0.7888,3.1413,-4704.1602,-28633.5703,26.3633,1
-4703.1636,-28634.3926,24.9425,-5224.8521,-28114.7324,21.9611,-4702.9121,-28629.5547,29.2546,733.1475,-0.0005,0.0022,-3.1371,0.7888,3.1413,-4704.0732,-28633.3867,26.4505,1
-4703.1636,-28634.3926,24.9425,-5224.8203,-28114.7617,21.9611,-4704.9844,-28636.9062,26.9789,736.8044,0.0009,0.0017,-3.1371,0.7888,3.1413,-4704.0562,-28633.4473,26.4667,1
-4703.1636,-28634.3926,24.9425,-5224.7891,-28114.7910,21.9611,-4700.5396,-28637.7109,24.6784,740.4618,0.0003,0.0012,-3.1372,0.7888,3.1413,-4703.8936,-28633.5430,26.4064,1
-4703.1636,-28634.3926,24.9425,-5224.7578,-28114.8203,21.9611,-4706.5547,-28628.1172,22.3573,729.3867,-0.0002,0.0007,-3.1372,0.7888,3.1413,-4703.9292,-28633.3242,26.2619,1
-4703.1636,-28634.3926,24.9425,-5224.7266,-28114.8477,21.9612,-4702.2734,-28628.7559,29.2404,732.8724,-0.0008,0.0022,-3.1372,0.7888,3.1413,-4703.8271,-28633.1191,26.3444,1
-4703.1636,-28634.3926,24.9425,-5224.6963,-28114.8770,21.9612,-4704.4741,-28636.2461,26.9654,736.5284,0.0007,0.0017,-3.1372,0.7886,3.1413,-4703.7988,-28633.1602,26.3565,1
-4703.1636,-28634.3926,24.9425,-5224.6655,-28114.9043,21.9612,-4700.0342,-28637.0488,24.6659,740.1850,0.0001,0.0012,-3.1372,0.7886,3.1413,-4703.6240,-28633.2383,26.2925,1
-4703.1636,-28634.3926,24.9425,-5224.6353,-28114.9336,21.9612,-4706.0625,-28627.4668,22.3454,729.1125,-0.0004,0.0007,-3.1372,0.7886,3.1413,-4703.6484,-28633.0000,26.1449,1
-4703.1636,-28634.3926,24.9425,-5224.6055,-28114.9609,21.9612,-4708.1304,-28634.4980,29.2272,732.6031,0.0010,0.0022,-3.1372,0.7886,3.1413,-4703.7510,-28632.9922,26.2249,1
-4703.1636,-28634.3926,24.9425,-5224.5757,-28114.9883,21.9612,-4703.6958,-28635.3184,26.9508,736.2584,0.0004,0.0017,-3.1372,0.7886,3.1413,-4703.7139,-28633.0195,26.2348,1
-4703.1636,-28634.3926,24.9425,-5224.5464,-28115.0156,21.9612,-4699.5972,-28635.5547,22.7942,739.2769,-0.0002,0.0008,-3.1372,0.7886,3.1413,-4703.5400,-28633.0605,26.1064,1
-4703.1636,-28634.3926,24.9425,-5224.5176,-28115.0430,21.9612,-4694.8071,-28636.8711,22.3283,743.5693,-0.0007,0.0007,-3.1372,0.7886,3.1413,-4703.1987,-28633.1523,25.9561,1
-4703.1636,-28634.3926,24.9425,-5224.4883,-28115.0703,21.9612,-4707.4878,-28633.7129,29.2118,732.3395,0.0008,0.0022,-3.1372,0.7886,3.1413,-4703.2695,-28633.1484,26.0321,1
-4703.1636,-28634.3926,24.9425,-5224.4600,-28115.0957,21.9612,-4703.0542,-28634.5254,26.9353,735.9940,0.0002,0.0017,-3.1372,0.7886,3.1413,-4703.2021,-28633.1758,26.0389,1
-4703.1636,-28634.3926,24.9425,-5224.4312,-28115.1230,21.9612,-4698.6128,-28635.3105,24.6355,739.6488,-0.0004,0.0012,-3.1373,0.7886,3.1413,-4702.9868,-28633.2324,25.9708,1
-4703.1636,-28634.3926,24.9425,-5224.4033,-28115.1484,21.9612,-4700.7544,-28642.6855,22.3144,743.3033,0.0011,0.0007,-3.1373,0.7886,3.1413,-4702.8374,-28633.5410,25.8228,1
-4703.1636,-28634.3926,24.9425,-5224.3750,-28115.1758,21.9613,-4704.2046,-28639.3574,20.8097,738.4732,0.0011,0.0004,-3.1373,0.7886,3.1413,-4702.8032,-28633.7598,25.6166,1
-4703.1636,-28634.3926,24.9425,-5224.3477,-28115.2012,21.9613,-4702.4385,-28633.7559,26.9201,735.7349,-0.0000,0.0017,-3.1373,0.7886,3.1413,-4702.7158,-28633.8008,25.6084,1
-4703.1636,-28634.3926,24.9425,-5224.3198,-28115.2266,21.9613,-4697.9980,-28634.5332,24.6205,739.3891,-0.0006,0.0012,-3.1373,0.7886,3.1413,-4702.4810,-28633.8652,25.5276,1
-4703.1636,-28634.3926,24.9425,-5224.2930,-28115.2520,21.9613,-4700.1299,-28641.9102,22.2997,743.0427,0.0009,0.0007,-3.1373,0.7886,3.1413,-4702.3120,-28634.1797,25.3689,1
-4703.1636,-28634.3926,24.9425,-5224.2656,-28115.2773,21.9613,-4706.2300,-28632.1621,29.1819,731.8282,0.0003,0.0022,-3.1373,0.7886,3.1413,-4702.3501,-28634.1777,25.4393,1
-4703.1636,-28634.3926,24.9425,-5224.2393,-28115.3008,21.9613,-4701.7988,-28632.9609,26.9058,735.4811,-0.0002,0.0017,-3.1373,0.7886,3.1413,-4702.2495,-28634.1973,25.4427,1
-4703.1636,-28634.3926,24.9425,-5224.2124,-28115.3262,21.9613,-4697.3599,-28633.7324,24.6067,739.1345,-0.0008,0.0012,-3.1373,0.7886,3.1413,-4702.0015,-28634.2363,25.3734,1
-4703.1636,-28634.3926,24.9425,-5224.1860,-28115.3496,21.9613,-4699.6138,-28641.2402,22.2860,742.7874,0.0007,0.0007,-3.1373,0.7883,3.1414,-4701.8237,-28634.5254,25.2263,1
-4703.1636,-28634.3926,24.9425,-5224.1602,-28115.3750,21.9613,-4705.7202,-28631.5020,29.1674,731.5803,0.0001,0.0022,-3.1373,0.7880,3.1414,-4701.8530,-28634.4961,25.3083,1
-4703.1636,-28634.3926,24.9425,-5224.1343,-28115.3984,21.9613,-4701.2959,-28632.3027,26.8921,735.2325,-0.0005,0.0017,-3.1373,0.7880,3.1413,-4701.7441,-28634.4863,25.3232,1
-4703.1636,-28634.3926,24.9425,-5224.1084,-28115.4219,21.9613,-4703.4092,-28639.6562,24.5954,738.8851,0.0010,0.0012,-3.1373,0.7880,3.1413,-4701.7104,-28634.7188,25.2653,1
-4703.1636,-28634.3926,24.9425,-5224.0830,-28115.4453,21.9613,-4698.9785,-28640.4512,22.2738,742.5374,0.0004,0.0007,-3.1373,0.7880,3.1413,-4701.5347,-28634.9824,25.1294,1
-4703.1636,-28634.3926,24.9425,-5224.0576,-28115.4688,21.9613,-4704.9507,-28630.5820,29.1535,731.3373,-0.0002,0.0022,-3.1373,0.7880,3.1413,-4701.5601,-28634.9219,25.2226,1
-4703.1636,-28634.3926,24.9425,-5224.0327,-28115.4922,21.9613,-4700.5229,-28631.3691,26.8787,734.9888,-0.0008,0.0017,-3.1374,0.7880,3.1413,-4701.4458,-28634.8770,25.2484,1
-4703.1636,-28634.3926,24.9425,-5224.0078,-28115.5156,21.9613,-4702.6216,-28638.7227,24.5825,738.6407,0.0007,0.0012,-3.1374,0.7880,3.1413,-4701.4043,-28635.0684,25.2011,1
-4703.1636,-28634.3926,24.9425,-5223.9834,-28115.5391,21.9613,-4700.8389,-28632.8027,25.8784,735.6976,-0.0005,0.0014,-3.1374,0.7880,3.1413,-4701.3091,-28635.0645,25.1976,1
-4703.1636,-28634.3926,24.9425,-5223.9590,-28115.5605,21.9614,-4704.3218,-28629.7988,29.1393,731.0989,-0.0004,0.0022,-3.1374,0.7880,3.1413,-4701.3350,-28634.9492,25.3084,1
-4703.1636,-28634.3926,24.9425,-5223.9351,-28115.5840,21.9614,-4706.4067,-28637.1250,26.8669,734.7498,0.0010,0.0017,-3.1374,0.7880,3.1413,-4701.4414,-28635.0703,25.3508,1
-4703.1636,-28634.3926,24.9425,-5223.9111,-28115.6055,21.9614,-4696.8496,-28635.5215,20.5288,740.3427,-0.0007,0.0003,-3.1374,0.7880,3.1413,-4701.2378,-28635.1387,25.1827,1
-4703.1636,-28634.3926,24.9425,-5223.8872,-28115.6289,21.9614,-4697.5508,-28638.7109,22.2495,742.0518,-0.0001,0.0007,-3.1374,0.7880,3.1413,-4701.0503,-28635.3125,25.0628,1
-4703.1636,-28634.3926,24.9425,-5223.8638,-28115.6504,21.9614,-4703.6919,-28629.0156,29.1249,730.8652,-0.0006,0.0021,-3.1374,0.7880,3.1413,-4701.0669,-28635.1621,25.1715,1
-4703.1636,-28634.3926,24.9425,-5223.8403,-28115.6719,21.9614,-4705.7661,-28636.3398,26.8530,734.5154,0.0008,0.0016,-3.1374,0.7880,3.1413,-4701.1621,-28635.2461,25.2123,1
-4703.1636,-28634.3926,24.9425,-5223.8169,-28115.6934,21.9614,-4701.3413,-28637.1406,24.5565,738.1660,0.0003,0.0011,-3.1374,0.7880,3.1413,-4701.1201,-28635.3555,25.1794,1
-4703.1636,-28634.3926,24.9425,-5223.7939,-28115.7148,21.9614,-4696.9111,-28637.9102,22.2369,741.8162,-0.0003,0.0006,-3.1374,0.7880,3.1413,-4700.9316,-28635.4941,25.0675,1
-4703.1636,-28634.3926,24.9425,-5223.7715,-28115.7363,21.9614,-4703.0620,-28628.2305,29.1108,730.6359,-0.0009,0.0021,-3.1374,0.7880,3.1413,-4700.9448,-28635.3047,25.1838,1
-4703.1636,-28634.3926,24.9425,-5223.7490,-28115.7559,21.9614,-4705.2500,-28635.6777,26.8393,734.2854,0.0006,0.0016,-3.1374,0.7878,3.1414,-4701.0391,-28635.3535,25.2317,1
-4703.1636,-28634.3926,24.9425,-5223.7266,-28115.7773,21.9614,-4700.8301,-28636.4766,24.5433,737.9354,0.0000,0.0011,-3.1374,0.7877,3.1413,-4700.9951,-28635.4258,25.2055,1
-4703.1636,-28634.3926,24.9425,-5223.7041,-28115.7988,21.9614,-4696.4023,-28637.2441,22.2244,741.5849,-0.0005,0.0006,-3.1374,0.7877,3.1413,-4700.8027,-28635.5273,25.0999,1
-4703.1636,-28634.3926,24.9425,-5223.6821,-28115.8184,21.9614,-4708.9292,-28633.9766,29.0982,730.4108,0.0009,0.0021,-3.1374,0.7877,3.1413,-4701.0293,-28635.5176,25.2220,1
-4703.1636,-28634.3926,24.9425,-5223.6602,-28115.8379,21.9614,-4704.5142,-28634.7930,26.8255,734.0598,0.0003,0.0016,-3.1374,0.7877,3.1413,-4701.1235,-28635.5312,25.2753,1
-4703.1636,-28634.3926,24.9425,-5223.6387,-28115.8594,21.9614,-4700.0923,-28635.5840,24.5300,737.7091,-0.0002,0.0011,-3.1374,0.7877,3.1413,-4701.0762,-28635.5684,25.2540,1
-4703.1636,-28634.3926,24.9425,-5223.6172,-28115.8789,21.9614,-4695.6641,-28636.3398,22.2114,741.3581,-0.0008,0.0006,-3.1374,0.7877,3.1413,-4700.8779,-28635.6309,25.1528,1
-4703.1636,-28634.3926,24.9425,-5223.5962,-28115.8984,21.9614,-4708.2949,-28633.1992,29.0837,730.1899,0.0007,0.0021,-3.1375,0.7877,3.1413,-4701.0986,-28635.5840,25.2790,1
-4703.1636,-28634.3926,24.9425,-5223.5752,-28115.9180,21.9614,-4703.8799,-28634.0098,26.8116,733.8382,0.0001,0.0016,-3.1375,0.7877,3.1413,-4701.1855,-28635.5586,25.3358,1
-4703.1636,-28634.3926,24.9425,-5223.5542,-28115.9375,21.9615,-4699.4580,-28634.7910,24.5165,737.4870,-0.0004,0.0011,-3.1375,0.7877,3.1413,-4701.1279,-28635.5566,25.3177,1
-4703.1636,-28634.3926,24.9425,-5223.5332,-28115.9570,21.9615,-4701.6006,-28642.1426,22.2003,741.1354,0.0010,0.0006,-3.1375,0.7877,3.1413,-4701.1392,-28635.7988,25.2194,1
-4703.1636,-28634.3926,24.9425,-5223.5127,-28115.9766,21.9615,-4707.6597,-28632.4219,29.0696,729.9728,0.0005,0.0021,-3.1375,0.7877,3.1413,-4701.3599,-28635.7246,25.3478,1
-4703.1636,-28634.3926,24.9425,-5223.4922,-28115.9941,21.9615,-4703.2446,-28633.2227,26.7979,733.6207,-0.0001,0.0016,-3.1375,0.7877,3.1413,-4701.4424,-28635.6699,25.4066,1
-4703.1636,-28634.3926,24.9425,-5223.4722,-28116.0137,21.9615,-4698.8232,-28633.9980,24.5033,737.2689,-0.0006,0.0011,-3.1375,0.7877,3.1413,-4701.3784,-28635.6348,25.3900,1
-4703.1636,-28634.3926,24.9425,-5223.4521,-28116.0312,21.9615,-4700.9561,-28641.3477,22.1874,740.9166,0.0008,0.0006,-3.1375,0.7877,3.1413,-4701.3799,-28635.8418,25.2928,1
-4703.1636,-28634.3926,24.9425,-5223.4321,-28116.0508,21.9615,-4707.0249,-28631.6406,29.0554,729.7598,0.0002,0.0021,-3.1375,0.7877,3.1413,-4701.5874,-28635.7324,25.4220,1
-4703.1636,-28634.3926,24.9425,-5223.4126,-28116.0684,21.9615,-4702.6108,-28632.4355,26.7842,733.4070,-0.0003,0.0016,-3.1375,0.7877,3.1413,-4701.6548,-28635.6387,25.4811,1
-4703.1636,-28634.3926,24.9425,-5223.3931,-28116.0879,21.9615,-4700.6992,-28642.1035,27.5798,741.5696,0.0009,0.0018,-3.1375,0.7877,3.1413,-4701.6582,-28635.8652,25.5689,1
-4703.1636,-28634.3926,24.9425,-5223.3735,-28116.1055,21.9615,-4700.4351,-28640.6797,22.1746,740.7020,0.0006,0.0006,-3.1375,0.7875,3.1414,-4701.6489,-28636.0586,25.4780,1
-4703.1636,-28634.3926,24.9425,-5223.3545,-28116.1230,21.9615,-4706.2651,-28630.7324,29.0413,729.5504,-0.0001,0.0021,-3.1375,0.7875,3.1414,-4701.8345,-28635.9199,25.6124,1
-4703.1636,-28634.3926,24.9425,-5223.3354,-28116.1406,21.9615,-4701.8530,-28631.5234,26.7707,733.1971,-0.0006,0.0016,-3.1375,0.7875,3.1413,-4701.8779,-28635.7969,25.6758,1
-4703.1636,-28634.3926,24.9425,-5223.3164,-28116.1582,21.9615,-4703.9609,-28638.8516,24.4787,736.8442,0.0008,0.0011,-3.1375,0.7875,3.1413,-4701.9902,-28635.9121,25.6625,1
-4703.1636,-28634.3926,24.9425,-5223.2979,-28116.1758,21.9615,-4699.5449,-28639.6387,22.1622,740.4910,0.0003,0.0006,-3.1375,0.7875,3.1413,-4701.9561,-28636.0586,25.5675,1
-4703.1636,-28634.3926,24.9425,-5223.2793,-28116.1934,21.9615,-4707.1968,-28635.8926,27.7099,732.4296,0.0009,0.0018,-3.1375,0.7875,3.1413,-4702.1743,-28636.0859,25.6520,1
-4703.1636,-28634.3926,24.9425,-5223.2607,-28116.2090,21.9615,-4701.2256,-28630.7363,26.7570,732.9908,-0.0008,0.0016,-3.1375,0.7875,3.1413,-4702.1982,-28635.9355,25.7080,1
-4703.1636,-28634.3926,24.9425,-5223.2427,-28116.2266,21.9615,-4703.3228,-28638.0664,24.4654,736.6374,0.0006,0.0011,-3.1375,0.7875,3.1413,-4702.2891,-28636.0234,25.6875,1
-4703.1636,-28634.3926,24.9425,-5223.2246,-28116.2441,21.9615,-4698.9067,-28638.8457,22.1493,740.2836,0.0001,0.0006,-3.1375,0.7875,3.1413,-4702.2305,-28636.1387,25.5853,1
-4703.1636,-28634.3926,24.9425,-5223.2065,-28116.2598,21.9615,-4705.0098,-28629.1738,29.0130,729.1422,-0.0005,0.0021,-3.1375,0.7874,3.1413,-4702.3691,-28635.9297,25.7084,1
-4703.1636,-28634.3926,24.9425,-5223.1890,-28116.2773,21.9615,-4699.1797,-28640.6406,29.4728,741.3428,0.0004,0.0022,-3.1376,0.7874,3.1413,-4702.3140,-28636.0957,25.8521,1
-4703.1636,-28634.3926,24.9425,-5223.1714,-28116.2930,21.9615,-4702.6841,-28637.2793,24.4523,736.4340,0.0004,0.0011,-3.1376,0.7874,3.1413,-4702.3677,-28636.1582,25.8335,1
-4703.1636,-28634.3926,24.9425,-5223.1538,-28116.3086,21.9616,-4698.2676,-28638.0508,22.1365,740.0798,-0.0002,0.0006,-3.1376,0.7874,3.1413,-4702.2710,-28636.2461,25.7325,1
-4703.1636,-28634.3926,24.9425,-5223.1367,-28116.3262,21.9616,-4704.3823,-28628.3926,28.9991,728.9432,-0.0007,0.0021,-3.1376,0.7874,3.1413,-4702.3716,-28636.0098,25.8560,1
-4703.1636,-28634.3926,24.9425,-5223.1191,-28116.3418,21.9616,-4706.4546,-28635.6953,26.7313,732.5885,0.0007,0.0016,-3.1376,0.7874,3.1413,-4702.5454,-28636.0020,25.9081,1
-4703.1636,-28634.3926,24.9425,-5223.1021,-28116.3574,21.9616,-4702.0449,-28636.4922,24.4392,736.2341,0.0002,0.0011,-3.1376,0.7874,3.1413,-4702.5757,-28636.0234,25.8829,1
-4703.1636,-28634.3926,24.9425,-5223.0854,-28116.3730,21.9616,-4697.6299,-28637.2578,22.1239,739.8793,-0.0004,0.0006,-3.1376,0.7874,3.1413,-4702.4541,-28636.0703,25.7755,1
-4703.1636,-28634.3926,24.9425,-5223.0688,-28116.3887,21.9616,-4703.7549,-28627.6094,28.9852,728.7476,-0.0009,0.0021,-3.1376,0.7874,3.1413,-4702.5273,-28635.7891,25.8927,1
-4703.1636,-28634.3926,24.9425,-5223.0522,-28116.4043,21.9616,-4705.8174,-28634.9141,26.7179,732.3923,0.0005,0.0016,-3.1376,0.7874,3.1413,-4702.6719,-28635.7402,25.9385,1
-4703.1636,-28634.3926,24.9425,-5223.0356,-28116.4199,21.9616,-4701.4077,-28635.7031,24.4260,736.0375,-0.0000,0.0011,-3.1376,0.7874,3.1413,-4702.6719,-28635.7168,25.9072,1
-4703.1636,-28634.3926,24.9425,-5223.0190,-28116.4336,21.9616,-4696.9922,-28636.4609,22.1116,739.6822,-0.0006,0.0006,-3.1376,0.7874,3.1413,-4702.5181,-28635.7207,25.7938,1
-4703.1636,-28634.3926,24.9425,-5223.0029,-28116.4492,21.9616,-4709.5825,-28633.3164,28.9729,728.5549,0.0009,0.0021,-3.1376,0.7874,3.1413,-4702.7793,-28635.6191,25.9052,1
-4703.1636,-28634.3926,24.9425,-5222.9868,-28116.4648,21.9616,-4705.1802,-28634.1309,26.7046,732.1993,0.0003,0.0016,-3.1376,0.7874,3.1413,-4702.9038,-28635.5430,25.9452,1
-4703.1636,-28634.3926,24.9425,-5222.9712,-28116.4785,21.9616,-4708.1831,-28631.5820,25.2622,728.2471,0.0004,0.0013,-3.1376,0.7874,3.1413,-4703.1343,-28635.3750,25.9370,1
-4703.1636,-28634.3926,24.9425,-5222.9556,-28116.4941,21.9616,-4696.3564,-28635.6660,22.0992,739.4883,-0.0008,0.0006,-3.1376,0.7874,3.1413,-4702.9717,-28635.3418,25.8201,1
-4703.1636,-28634.3926,24.9425,-5222.9395,-28116.5078,21.9616,-4708.9468,-28632.5391,28.9589,728.3654,0.0006,0.0021,-3.1376,0.7874,3.1413,-4703.2202,-28635.2031,25.9279,1
-4703.1636,-28634.3926,24.9425,-5222.9243,-28116.5234,21.9616,-4703.6582,-28636.0898,25.5566,734.5695,0.0004,0.0013,-3.1376,0.7874,3.1413,-4703.2979,-28635.1816,25.9257,1
-4703.1636,-28634.3926,24.9425,-5222.9087,-28116.5371,21.9616,-4700.1357,-28634.1230,24.4002,735.6536,-0.0005,0.0011,-3.1376,0.7874,3.1414,-4703.2534,-28635.0996,25.8830,1
-4703.1636,-28634.3926,24.9425,-5222.8936,-28116.5508,21.9616,-4702.2764,-28641.4512,22.0880,739.2974,0.0010,0.0006,-3.1376,0.7874,3.1414,-4703.2725,-28635.2637,25.7587,1
-4703.1636,-28634.3926,24.9425,-5222.8784,-28116.5645,21.9616,-4708.3125,-28631.7598,28.9450,728.1788,0.0004,0.0021,-3.1376,0.7874,3.1414,-4703.4937,-28635.1152,25.8596,1
-4703.1636,-28634.3926,24.9425,-5222.8633,-28116.5781,21.9616,-4703.9106,-28632.5605,26.6775,731.8222,-0.0001,0.0016,-3.1376,0.7874,3.1414,-4703.5723,-28634.9883,25.8898,1
-4703.1636,-28634.3926,24.9425,-5222.8486,-28116.5938,21.9616,-4699.5020,-28633.3320,24.3872,735.4661,-0.0007,0.0011,-3.1376,0.7874,3.1414,-4703.4985,-28634.8828,25.8436,1
-4703.1636,-28634.3926,24.9425,-5222.8340,-28116.6074,21.9616,-4701.6318,-28640.6621,22.0753,739.1096,0.0008,0.0006,-3.1376,0.7874,3.1414,-4703.4858,-28635.0254,25.7160,1
-4703.1636,-28634.3926,24.9425,-5222.8193,-28116.6191,21.9616,-4707.6792,-28630.9805,28.9311,727.9949,0.0002,0.0021,-3.1376,0.7874,3.1414,-4703.6733,-28634.8535,25.8140,1
-4703.1636,-28634.3926,24.9425,-5222.8047,-28116.6328,21.9616,-4703.2773,-28631.7754,26.6640,731.6380,-0.0004,0.0016,-3.1376,0.7874,3.1414,-4703.7168,-28634.7031,25.8415,1
-4703.1636,-28634.3926,24.9425,-5222.7905,-28116.6465,21.9616,-4698.8696,-28632.5391,24.3740,735.2815,-0.0009,0.0011,-3.1376,0.7874,3.1414,-4703.6069,-28634.5742,25.7928,1
-4703.1636,-28634.3926,24.9425,-5222.7764,-28116.6602,21.9616,-4700.9888,-28639.8711,22.0626,738.9246,0.0005,0.0006,-3.1376,0.7874,3.1414,-4703.5566,-28634.6914,25.6630,1
-4703.1636,-28634.3926,24.9425,-5222.7622,-28116.6738,21.9617,-4707.0474,-28630.2031,28.9173,727.8138,-0.0000,0.0021,-3.1377,0.7874,3.1414,-4703.7061,-28634.4922,25.7591,1
-4703.1636,-28634.3926,24.9425,-5222.7480,-28116.6855,21.9617,-4702.6460,-28630.9883,26.6506,731.4565,-0.0006,0.0016,-3.1377,0.7874,3.1414,-4703.7100,-28634.3145,25.7848,1
-4703.1636,-28634.3926,24.9425,-5222.7344,-28116.6992,21.9617,-4704.7515,-28638.2969,24.3626,735.0997,0.0009,0.0011,-3.1377,0.7874,3.1414,-4703.7817,-28634.3809,25.7347,1
-4703.1636,-28634.3926,24.9425,-5222.7202,-28116.7109,21.9617,-4700.3462,-28639.0801,22.0500,738.7422,0.0003,0.0006,-3.1377,0.7874,3.1414,-4703.7051,-28634.4863,25.6036,1
-4703.1636,-28634.3926,24.9425,-5222.7065,-28116.7246,21.9617,-4706.4165,-28629.4219,28.9035,727.6354,-0.0002,0.0021,-3.1377,0.7874,3.1414,-4703.8257,-28634.2734,25.6987,1
-4703.1636,-28634.3926,24.9425,-5222.6934,-28116.7363,21.9617,-4702.0156,-28630.2031,26.6372,731.2778,-0.0008,0.0016,-3.1377,0.7874,3.1414,-4703.7998,-28634.0781,25.7236,1
-4703.1636,-28634.3926,24.9425,-5222.6797,-28116.7500,21.9617,-4704.1104,-28637.5117,24.3495,734.9204,0.0007,0.0011,-3.1377,0.7874,3.1414,-4703.8403,-28634.1270,25.6729,1
-4703.1636,-28634.3926,24.9425,-5222.6665,-28116.7617,21.9617,-4699.7056,-28638.2871,22.0373,738.5627,0.0001,0.0006,-3.1377,0.7874,3.1414,-4703.7305,-28634.2129,25.5415,1
-4703.1636,-28634.3926,24.9425,-5222.6533,-28116.7734,21.9617,-4705.7871,-28628.6406,28.8896,727.4596,-0.0005,0.0021,-3.1377,0.7874,3.1414,-4703.8174,-28633.9805,25.6364,1
-4703.1636,-28634.3926,24.9425,-5222.6401,-28116.7871,21.9617,-4707.8687,-28635.9258,26.6253,731.1015,0.0010,0.0016,-3.1377,0.7874,3.1414,-4703.9790,-28633.9883,25.6614,1
-4703.1636,-28634.3926,24.9425,-5222.6274,-28116.7988,21.9617,-4705.4321,-28631.5879,23.0372,729.7234,-0.0000,0.0008,-3.1377,0.7874,3.1414,-4704.0649,-28633.8535,25.5661,1
-4703.1636,-28634.3926,24.9425,-5222.6143,-28116.8105,21.9617,-4705.3521,-28637.2578,28.3738,733.7969,0.0008,0.0019,-3.1377,0.7874,3.1414,-4704.1494,-28633.9102,25.6477,1
-4703.1636,-28634.3926,24.9425,-5222.6016,-28116.8223,21.9617,-4705.1592,-28627.8613,28.8757,727.2862,-0.0007,0.0021,-3.1377,0.7874,3.1414,-4704.2280,-28633.6543,25.7541,1
-4703.1636,-28634.3926,24.9425,-5222.5889,-28116.8340,21.9617,-4707.2305,-28635.1445,26.6118,730.9277,0.0008,0.0016,-3.1377,0.7874,3.1414,-4704.3774,-28633.6387,25.7896,1
-4703.1636,-28634.3926,24.9425,-5222.5767,-28116.8457,21.9617,-4702.8325,-28635.9395,24.3236,734.5697,0.0002,0.0011,-3.1377,0.7874,3.1414,-4704.3813,-28633.6562,25.7487,1
-4703.1636,-28634.3926,24.9425,-5222.5640,-28116.8574,21.9617,-4698.4277,-28636.7031,22.0122,738.2112,-0.0003,0.0005,-3.1377,0.7874,3.1414,-4704.2300,-28633.7070,25.6261,1
-4703.1636,-28634.3926,24.9425,-5222.5518,-28116.8691,21.9617,-4704.5322,-28627.0801,28.8619,727.1151,-0.0009,0.0020,-3.1377,0.7874,3.1414,-4704.2705,-28633.4375,25.7291,1
-4703.1636,-28634.3926,24.9425,-5222.5396,-28116.8789,21.9617,-4706.5933,-28634.3633,26.5986,730.7563,0.0006,0.0015,-3.1377,0.7874,3.1414,-4704.3809,-28633.4062,25.7614,1
-4703.1636,-28634.3926,24.9425,-5222.5273,-28116.8906,21.9617,-4702.1953,-28635.1523,24.3106,734.3979,0.0000,0.0010,-3.1377,0.7874,3.1414,-4704.3442,-28633.4062,25.7175,1
-4703.1636,-28634.3926,24.9425,-5222.5156,-28116.9023,21.9617,-4697.7905,-28635.9102,21.9998,738.0392,-0.0006,0.0005,-3.1377,0.7874,3.1414,-4704.1528,-28633.4375,25.5921,1
-4703.1636,-28634.3926,24.9425,-5222.5034,-28116.9141,21.9617,-4710.3486,-28632.7734,28.8496,726.9464,0.0009,0.0020,-3.1377,0.7874,3.1414,-4704.3740,-28633.3711,25.6926,1
-4703.1636,-28634.3926,24.9425,-5222.4917,-28116.9238,21.9617,-4705.9575,-28633.5820,26.5850,730.5873,0.0003,0.0015,-3.1377,0.7874,3.1414,-4704.4575,-28633.3340,25.7225,1
-4703.1636,-28634.3926,24.9425,-5222.4800,-28116.9355,21.9617,-4701.5591,-28634.3652,24.2976,734.2286,-0.0002,0.0010,-3.1377,0.7874,3.1414,-4704.3926,-28633.3242,25.6763,1
-4703.1636,-28634.3926,24.9425,-5222.4683,-28116.9453,21.9617,-4697.1548,-28635.1152,21.9870,737.8695,-0.0008,0.0005,-3.1377,0.7874,3.1414,-4704.1709,-28633.3438,25.5489,1
-4703.1636,-28634.3926,24.9425,-5222.4570,-28116.9570,21.9617,-4709.7144,-28631.9961,28.8361,726.7798,0.0007,0.0020,-3.1377,0.7874,3.1414,-4704.3613,-28633.2637,25.6476,1
-4703.1636,-28634.3926,24.9425,-5222.4453,-28116.9668,21.9617,-4705.3228,-28632.8008,26.5717,730.4204,0.0001,0.0015,-3.1377,0.7874,3.1414,-4704.4126,-28633.2109,25.6759,1
-4703.1636,-28634.3926,24.9425,-5222.4341,-28116.9785,21.9617,-4700.9243,-28633.5762,24.2846,734.0615,-0.0004,0.0010,-3.1377,0.7874,3.1414,-4704.3149,-28633.1836,25.6283,1
-4703.1636,-28634.3926,24.9425,-5222.4229,-28116.9883,21.9617,-4696.5200,-28634.3203,21.9746,737.7020,-0.0010,0.0005,-3.1377,0.7874,3.1414,-4704.0601,-28633.1855,25.4997,1
-4703.1636,-28634.3926,24.9425,-5222.4116,-28116.9980,21.9617,-4703.3052,-28639.5273,29.4529,736.5831,0.0008,0.0022,-3.1377,0.7874,3.1414,-4704.0186,-28633.3672,25.6172,1
-4703.1636,-28634.3926,24.9425,-5222.4009,-28117.0078,21.9617,-4704.6895,-28632.0176,26.5584,730.2558,-0.0001,0.0015,-3.1377,0.7874,3.1414,-4704.0229,-28633.3105,25.6459,1
-4703.1636,-28634.3926,24.9425,-5222.3901,-28117.0195,21.9617,-4700.2915,-28632.7871,24.2716,733.8965,-0.0007,0.0010,-3.1377,0.7874,3.1414,-4703.8799,-28633.2754,25.5988,1
-4703.1636,-28634.3926,24.9425,-5222.3789,-28117.0293,21.9617,-4702.4185,-28640.1016,21.9635,737.5368,0.0008,0.0005,-3.1377,0.7874,3.1414,-4703.8022,-28633.4902,25.4707,1
-4703.1636,-28634.3926,24.9425,-5222.3682,-28117.0391,21.9617,-4708.4487,-28630.4434,28.8085,726.4532,0.0002,0.0020,-3.1377,0.7874,3.1414,-4703.9297,-28633.3906,25.5689,1
-4703.1636,-28634.3926,24.9425,-5222.3564,-28117.0508,21.9620,-4704.0566,-28631.2344,26.7725,730.0933,-0.0003,0.0015,-3.1380,0.7874,3.1414,-4703.9175,-28633.3105,25.6048,1
-4703.1636,-28634.3926,24.9425,-5222.3423,-28117.0625,21.9625,-4702.6768,-28631.5801,21.6270,731.2858,-0.0005,0.0003,-3.1388,0.7874,3.1414,-4703.8589,-28633.2402,25.4675,1
-4703.1636,-28634.3926,24.9425,-5222.3247,-28117.0801,21.9637,-4701.7622,-28639.3184,23.8763,737.3736,0.0006,0.0005,-3.1403,0.7874,3.1415,-4703.7681,-28633.4277,25.3991,1
-4703.1636,-28634.3926,24.9425,-5222.3027,-28117.0996,21.9654,-4707.8110,-28629.6582,30.3347,726.2779,0.0000,0.0016,3.1409,0.7874,-3.1416,-4703.8809,-28633.3008,25.5495,1
-4703.1636,-28634.3926,24.9425,-5222.2769,-28117.1230,21.9676,-4703.4092,-28630.4434,29.9588,729.9175,-0.0005,0.0011,3.1384,0.7874,-3.1415,-4703.8521,-28633.1934,25.6978,1
-4703.1636,-28634.3926,24.9425,-5222.2466,-28117.1523,21.9703,-4705.4932,-28637.7422,29.7810,733.5576,0.0009,0.0006,3.1356,0.7874,-3.1413,-4703.8936,-28633.3281,25.8488,1
-4703.1636,-28634.3926,24.9425,-5222.2114,-28117.1836,21.9733,-4701.0674,-28638.5371,29.6896,737.1972,0.0004,0.0001,3.1328,0.7875,-3.1412,-4703.7896,-28633.5000,26.0042,1
-4703.1636,-28634.3926,24.9425,-5222.1719,-28117.2207,21.9764,-4707.1421,-28628.8652,30.9240,726.0276,-0.0002,-0.0001,3.1299,0.7875,-3.1410,-4703.8872,-28633.3535,26.2109,1
-4703.1636,-28634.3926,24.9425,-5222.1279,-28117.2617,21.9795,-4702.7188,-28629.6562,30.7295,729.6665,-0.0008,-0.0006,3.1272,0.7875,-3.1409,-4703.8413,-28633.2246,26.4190,1
-4703.1636,-28634.3926,24.9425,-5222.0786,-28117.3086,21.9830,-4704.7661,-28636.9707,30.4609,733.3058,0.0007,-0.0011,3.1246,0.7875,-3.1408,-4703.8628,-28633.3379,26.6242,1
-4703.1636,-28634.3926,24.9425,-5222.0249,-28117.3574,21.9871,-4700.3154,-28637.7734,30.1502,736.9447,0.0001,-0.0016,3.1220,0.7875,-3.1406,-4703.7354,-28633.4863,26.8238,1
-4703.1636,-28634.3926,24.9425,-5221.9663,-28117.4121,21.9918,-4706.6211,-28628.2402,30.6598,725.6781,-0.0004,-0.0018,3.1195,0.7876,-3.1405,-4703.8164,-28633.3164,27.0462,1
-4703.1636,-28634.3926,24.9425,-5221.9033,-28117.4707,21.9969,-4702.1738,-28629.0410,30.2745,729.3157,-0.0009,-0.0023,3.1170,0.7876,-3.1404,-4703.7520,-28633.1641,27.2588,1
-4703.1636,-28634.3926,24.9425,-5221.8359,-28117.5332,22.0023,-4701.1777,-28640.5762,27.6171,738.0413,0.0007,-0.0033,3.1146,0.7876,-3.1403,-4703.6509,-28633.3965,27.3822,1
-4703.1636,-28634.3926,24.9425,-5221.7637,-28117.5996,22.0078,-4699.7144,-28637.1777,29.3974,736.5914,-0.0000,-0.0034,3.1122,0.7876,-3.1401,-4703.4951,-28633.5293,27.5615,1
-4703.1636,-28634.3926,24.9425,-5221.6865,-28117.6719,22.0134,-4705.9805,-28627.4883,30.5298,725.2271,-0.0006,-0.0035,3.1099,0.7877,-3.1400,-4703.5459,-28633.3379,27.7798,1
-4703.1636,-28634.3926,24.9425,-5221.6050,-28117.7480,22.0189,-4707.9668,-28634.7930,30.0286,728.8629,0.0009,-0.0040,3.1075,0.7877,-3.1399,-4703.6719,-28633.3848,27.9813,1
-4703.1636,-28634.3926,24.9425,-5221.5190,-28117.8281,22.0242,-4704.7471,-28634.3027,25.8047,730.6411,0.0003,-0.0053,3.1053,0.7877,-3.1398,-4703.6978,-28633.4180,28.0369,1
-4703.1636,-28634.3926,24.9425,-5221.4292,-28117.9102,22.0293,-4698.9951,-28636.4551,28.7929,736.1352,-0.0002,-0.0050,3.1032,0.7878,-3.1397,-4703.5308,-28633.5273,28.1838,1
-4703.1636,-28634.3926,24.9425,-5221.3359,-28117.9980,22.0339,-4705.3066,-28626.7070,30.0441,724.6772,-0.0008,-0.0050,3.1015,0.7878,-3.1396,-4703.5693,-28633.3066,28.3700,1
-4703.1636,-28634.3926,24.9425,-5221.2393,-28118.0879,22.0380,-4707.2568,-28634.0215,28.8660,728.3109,0.0007,-0.0055,3.1001,0.7879,-3.1395,-4703.6797,-28633.3223,28.5136,1
-4703.1636,-28634.3926,24.9425,-5221.1396,-28118.1797,22.0417,-4701.9312,-28634.3145,32.2013,732.1871,-0.0001,-0.0049,3.0989,0.7879,-3.1394,-4703.6162,-28633.3516,28.7661,1
-4703.1636,-28634.3926,24.9425,-5221.0366,-28118.2754,22.0451,-4705.2573,-28627.9668,32.5433,725.2214,-0.0005,-0.0050,3.0980,0.7879,-3.1394,-4703.6631,-28633.1621,29.0333,1
-4703.1636,-28634.3926,24.9425,-5220.9307,-28118.3730,22.0482,-4711.1108,-28632.4277,29.1873,724.0476,0.0011,-0.0058,3.0974,0.7880,-3.1394,-4703.9160,-28633.1172,29.1863,1
-4703.1636,-28634.3926,24.9425,-5220.8213,-28118.4746,22.0509,-4706.6147,-28633.3066,27.2570,727.6786,0.0005,-0.0063,3.0970,0.7880,-3.1394,-4704.0298,-28633.1016,29.2662,1
-4703.1636,-28634.3926,24.9425,-5220.7090,-28118.5801,22.0531,-4699.7217,-28631.8945,28.7561,731.4319,-0.0008,-0.0060,3.0967,0.7881,-3.1393,-4703.9121,-28633.0391,29.3867,1
-4703.1636,-28634.3926,24.9425,-5220.5933,-28118.6855,22.0547,-4704.1211,-28628.8867,22.4622,726.0042,-0.0005,-0.0074,3.0967,0.7881,-3.1393,-4703.9341,-28632.8711,29.2826,1
-4703.1636,-28634.3926,24.9425,-5220.4746,-28118.7969,22.0559,-4709.2935,-28633.7129,25.8922,725.5963,0.0010,-0.0067,3.0967,0.7881,-3.1393,-4704.1343,-28632.8613,29.2753,1
-4703.1636,-28634.3926,24.9425,-5220.3530,-28118.9082,22.0564,-4705.9424,-28632.5488,26.2673,726.9754,0.0003,-0.0066,3.0969,0.7882,-3.1394,-4704.2295,-28632.8145,29.2686,1
-4703.1636,-28634.3926,24.9425,-5220.2285,-28119.0254,22.0564,-4701.4238,-28633.4082,23.7575,730.6039,-0.0002,-0.0071,3.0972,0.7882,-3.1394,-4704.1719,-28632.7988,29.1655,1
-4703.1636,-28634.3926,24.9425,-5220.1011,-28119.1426,22.0557,-4696.8975,-28634.2344,21.1284,734.2319,-0.0008,-0.0076,3.0976,0.7883,-3.1394,-4703.9531,-28632.8145,28.9580,1
-4703.1636,-28634.3926,24.9425,-5219.9702,-28119.2637,22.0545,-4699.6079,-28641.3691,28.3815,737.1818,0.0007,-0.0059,3.0982,0.7881,-3.1394,-4703.8105,-28633.0762,28.9772,1
-4703.1636,-28634.3926,24.9425,-5219.8364,-28119.3887,22.0527,-4706.5317,-28633.3770,22.2994,726.4282,0.0005,-0.0071,3.0989,0.7881,-3.1394,-4703.8940,-28633.0859,28.7838,1
-4703.1636,-28634.3926,24.9425,-5219.6997,-28119.5156,22.0504,-4700.8770,-28632.7812,22.6029,729.8296,-0.0004,-0.0069,3.0997,0.7882,-3.1395,-4703.7905,-28633.0781,28.5858,1
-4703.1636,-28634.3926,24.9425,-5219.5596,-28119.6445,22.0475,-4702.8364,-28640.1367,19.5575,733.4547,0.0010,-0.0074,3.1007,0.7882,-3.1395,-4703.7471,-28633.3184,28.2711,1
-4703.1636,-28634.3926,24.9425,-5219.4170,-28119.7773,22.0440,-4698.9575,-28640.5938,27.9492,736.3333,0.0005,-0.0054,3.1018,0.7881,-3.1396,-4703.5708,-28633.5879,28.2236,1
-4703.1636,-28634.3926,24.9425,-5219.2710,-28119.9121,22.0401,-4705.2686,-28634.4688,22.9607,727.3217,0.0005,-0.0063,3.1030,0.7881,-3.1396,-4703.6001,-28633.6660,28.0056,1
-4703.1636,-28634.3926,24.9425,-5219.1221,-28120.0508,22.0356,-4703.6382,-28632.9160,17.6851,727.1904,0.0000,-0.0072,3.1044,0.7881,-3.1397,-4703.5786,-28633.6895,27.5968,1
-4703.1636,-28634.3926,24.9425,-5218.9702,-28120.1914,22.0306,-4702.1519,-28639.3887,17.7815,732.6099,0.0008,-0.0069,3.1060,0.7882,-3.1398,-4703.5073,-28633.9297,27.1742,1
-4703.1636,-28634.3926,24.9425,-5218.8154,-28120.3359,22.0251,-4698.1616,-28639.6699,27.4467,735.4171,0.0002,-0.0045,3.1077,0.7882,-3.1399,-4703.2983,-28634.1895,27.0646,1
-4703.1636,-28634.3926,24.9425,-5218.6572,-28120.4824,22.0196,-4703.9380,-28630.2715,23.6462,724.4634,-0.0003,-0.0050,3.1097,0.7883,-3.1400,-4703.2764,-28634.1348,26.8304,1
-4703.1636,-28634.3926,24.9425,-5218.4956,-28120.6328,22.0142,-4702.5664,-28633.6348,21.4438,727.5828,0.0000,-0.0052,3.1116,0.7884,-3.1401,-4703.2104,-28634.1855,26.5192,1
-4703.1636,-28634.3926,24.9425,-5218.3291,-28120.7852,22.0092,-4701.4258,-28638.5996,16.1938,731.6978,0.0006,-0.0060,3.1134,0.7882,-3.1401,-4703.1060,-28634.4023,26.0241,1
-4703.1636,-28634.3926,24.9425,-5218.1587,-28120.9434,22.0046,-4697.5479,-28638.9258,27.4500,734.4294,0.0000,-0.0033,3.1151,0.7882,-3.1402,-4702.8682,-28634.6367,25.8981,1
-4703.1636,-28634.3926,24.9425,-5217.9839,-28121.1055,22.0004,-4703.3101,-28629.5605,23.8984,723.4889,-0.0005,-0.0038,3.1167,0.7883,-3.1403,-4702.8174,-28634.5527,25.6616,1
-4703.1636,-28634.3926,24.9425,-5217.8052,-28121.2715,21.9967,-4700.0669,-28639.7539,22.8918,732.7314,0.0006,-0.0038,3.1182,0.7884,-3.1404,-4702.6597,-28634.8047,25.3952,1
-4703.1636,-28634.3926,24.9425,-5217.6216,-28121.4414,21.9934,-4699.6367,-28633.2363,18.3178,728.2007,-0.0005,-0.0045,3.1196,0.7884,-3.1405,-4702.4839,-28634.8418,24.9736,1
-4703.1636,-28634.3926,24.9425,-5217.4341,-28121.6152,21.9905,-4696.8779,-28638.1230,27.8233,733.3512,-0.0001,-0.0023,3.1208,0.7885,-3.1405,-4702.2114,-28635.0391,24.8709,1
-4703.1636,-28634.3926,24.9425,-5217.2427,-28121.7930,21.9881,-4702.6250,-28628.7910,24.6813,722.4252,-0.0007,-0.0028,3.1218,0.7886,-3.1406,-4702.1274,-28634.9160,24.6767,1
-4703.1636,-28634.3926,24.9425,-5217.0464,-28121.9746,21.9862,-4703.1309,-28638.5801,23.1390,728.7014,0.0009,-0.0030,3.1227,0.7886,-3.1406,-4702.0659,-28635.1152,24.4382,1
-4703.1636,-28634.3926,24.9425,-5216.8467,-28122.1602,21.9846,-4699.9146,-28640.0449,25.6476,731.7424,0.0007,-0.0023,3.1235,0.7887,-3.1407,-4701.9014,-28635.3652,24.2911,1
-4703.1636,-28634.3926,24.9425,-5216.6421,-28122.3496,21.9835,-4703.9829,-28638.7012,28.9777,727.6638,0.0011,-0.0015,3.1240,0.7888,-3.1407,-4701.8760,-28635.5781,24.2702,1
-4703.1636,-28634.3926,24.9425,-5216.4336,-28122.5430,21.9827,-4708.3530,-28634.4648,25.6499,721.2714,0.0011,-0.0021,3.1244,0.7888,-3.1407,-4702.0117,-28635.6484,24.1542,1
-4703.1636,-28634.3926,24.9425,-5216.2212,-28122.7402,21.9823,-4703.7686,-28635.4023,23.2263,724.8740,0.0006,-0.0026,3.1246,0.7889,-3.1407,-4702.0063,-28635.7422,23.9652,1
-4703.1636,-28634.3926,24.9425,-5216.0044,-28122.9395,21.9823,-4699.1733,-28636.3105,20.9070,728.4771,0.0000,-0.0031,3.1247,0.7890,-3.1407,-4701.8501,-28635.8633,23.7022,1
-4703.1636,-28634.3926,24.9425,-5215.7837,-28123.1445,21.9826,-4700.7358,-28639.7598,21.5672,729.5069,0.0008,-0.0030,3.1245,0.7891,-3.1407,-4701.7437,-28636.0977,23.4630,1
-4703.1636,-28634.3926,24.9425,-5215.5586,-28123.3535,21.9833,-4702.1528,-28637.5957,25.4214,726.6714,0.0007,-0.0022,3.1243,0.7891,-3.1407,-4701.6875,-28636.2617,23.3595,1
-4703.1636,-28634.3926,24.9425,-5215.3296,-28123.5645,21.9843,-4703.0947,-28634.6719,24.7261,723.6260,0.0004,-0.0024,3.1238,0.7892,-3.1406,-4701.6680,-28636.3223,23.2447,1
-4703.1636,-28634.3926,24.9425,-5215.0962,-28123.7812,21.9856,-4698.4839,-28635.5938,22.8954,727.2233,-0.0001,-0.0029,3.1232,0.7893,-3.1406,-4701.4956,-28636.4062,23.0774,1
-4703.1636,-28634.3926,24.9425,-5214.8589,-28124.0000,21.9872,-4701.5566,-28642.3984,29.2310,729.5733,0.0014,-0.0017,3.1225,0.7892,-3.1406,-4701.4253,-28636.7188,23.1338,1
-4703.1636,-28634.3926,24.9425,-5214.6172,-28124.2246,21.9891,-4700.8491,-28640.3320,24.7261,728.2471,0.0009,-0.0028,3.1217,0.7890,-3.1405,-4701.3345,-28636.9648,23.0565,1
-4703.1636,-28634.3926,24.9425,-5214.3716,-28124.4512,21.9913,-4698.2446,-28638.1855,25.9247,728.2432,0.0002,-0.0027,3.1207,0.7890,-3.1404,-4701.1562,-28637.1426,23.0300,1
-4703.1636,-28634.3926,24.9425,-5214.1216,-28124.6836,21.9937,-4698.0566,-28635.1348,24.5575,725.8810,-0.0003,-0.0032,3.1196,0.7891,-3.1404,-4700.9678,-28637.2090,22.9689,1
-4703.1636,-28634.3926,24.9425,-5213.8677,-28124.9180,21.9963,-4700.7935,-28641.5117,29.5596,728.1354,0.0011,-0.0023,3.1184,0.7892,-3.1403,-4700.8711,-28637.4844,23.0881,1
-4703.1636,-28634.3926,24.9425,-5213.6094,-28125.1562,21.9991,-4702.2163,-28633.5469,26.9957,721.1256,0.0001,-0.0030,3.1172,0.7893,-3.1402,-4700.8281,-28637.4883,23.1397,1
-4703.1636,-28634.3926,24.9425,-5213.3472,-28125.3984,22.0020,-4697.1152,-28638.7363,32.0297,728.0948,0.0002,-0.0022,3.1158,0.7894,-3.1402,-4700.6162,-28637.6562,23.3754,1
-4703.1636,-28634.3926,24.9425,-5213.0811,-28125.6445,22.0051,-4697.1089,-28634.1426,25.7467,724.4498,-0.0005,-0.0038,3.1144,0.7895,-3.1401,-4700.3999,-28637.6641,23.4180,1
-4703.1636,-28634.3926,24.9425,-5212.8101,-28125.8965,22.0084,-4700.2964,-28640.8867,29.7556,726.6080,0.0010,-0.0032,3.1129,0.7893,-3.1400,-4700.2900,-28637.8887,23.6053,1
-4703.1636,-28634.3926,24.9425,-5212.5356,-28126.1504,22.0117,-4703.6338,-28635.9258,28.4882,720.3544,0.0008,-0.0037,3.1114,0.7893,-3.1399,-4700.3018,-28637.9434,23.7654,1
-4703.1636,-28634.3926,24.9425,-5212.2563,-28126.4082,22.0151,-4702.2065,-28634.0762,30.5765,719.6987,0.0003,-0.0035,3.1099,0.7894,-3.1398,-4700.2754,-28637.9238,24.0092,1
-4703.1636,-28634.3926,24.9425,-5211.9736,-28126.6699,22.0185,-4704.4663,-28628.4297,30.8993,713.7374,-0.0003,-0.0036,3.1083,0.7895,-3.1397,-4700.3379,-28637.6934,24.2804,1
-4703.1636,-28634.3926,24.9425,-5211.6860,-28126.9336,22.0219,-4699.6260,-28640.0859,29.8147,724.9904,0.0008,-0.0042,3.1067,0.7893,-3.1396,-4700.2441,-28637.8418,24.5241,1
-4703.1636,-28634.3926,24.9425,-5211.3955,-28127.2031,22.0252,-4704.6782,-28634.7988,29.7726,717.2827,0.0008,-0.0044,3.1054,0.7894,-3.1395,-4700.3281,-28637.8105,24.7775,1
-4703.1636,-28634.3926,24.9425,-5211.1021,-28127.4746,22.0283,-4700.2451,-28638.9238,26.4168,722.9102,0.0007,-0.0053,3.1042,0.7895,-3.1395,-4700.2705,-28637.9121,24.9215,1
-4703.1636,-28634.3926,24.9425,-5210.8057,-28127.7480,22.0310,-4702.2822,-28639.2832,25.5335,721.3198,0.0011,-0.0057,3.1033,0.7895,-3.1394,-4700.2856,-28638.0254,25.0342,1
-4703.1636,-28634.3926,24.9425,-5210.5068,-28128.0234,22.0333,-4708.8574,-28633.4668,24.1839,712.1492,0.0013,-0.0061,3.1027,0.7896,-3.1394,-4700.5400,-28637.9355,25.0967,1
-4703.1636,-28634.3926,24.9425,-5210.2046,-28128.3027,22.0353,-4704.3984,-28630.0723,27.1023,712.5039,0.0000,-0.0055,3.1022,0.7897,-3.1394,-4700.6582,-28637.7129,25.2552,1
-4703.1636,-28634.3926,24.9425,-5209.8999,-28128.5840,22.0369,-4706.1162,-28637.4219,25.0539,716.0657,0.0015,-0.0060,3.1020,0.7898,-3.1393,-4700.8447,-28637.7285,25.3420,1
-4703.1636,-28634.3926,24.9425,-5209.5928,-28128.8691,22.0381,-4701.4834,-28638.4375,22.8706,719.6279,0.0009,-0.0065,3.1019,0.7898,-3.1393,-4700.8813,-28637.7773,25.3480,1
-4703.1636,-28634.3926,24.9425,-5209.2827,-28129.1543,22.0389,-4698.2446,-28638.4434,28.5286,721.5273,0.0004,-0.0052,3.1020,0.7899,-3.1393,-4700.8066,-28637.8281,25.5406,1
-4703.1636,-28634.3926,24.9425,-5208.9697,-28129.4434,22.0393,-4705.8413,-28633.1777,20.8392,711.9818,0.0008,-0.0069,3.1022,0.7900,-3.1393,-4700.9907,-28637.6934,25.4673,1
-4703.1636,-28634.3926,24.9425,-5208.6543,-28129.7344,22.0392,-4705.4614,-28636.7051,23.5610,714.3190,0.0013,-0.0062,3.1025,0.7900,-3.1394,-4701.1719,-28637.6699,25.4753,1
-4703.1636,-28634.3926,24.9425,-5208.3359,-28130.0273,22.0386,-4700.9512,-28637.8379,20.9707,717.8732,0.0008,-0.0067,3.1030,0.7899,-3.1394,-4701.2031,-28637.6855,25.3856,1
-4703.1636,-28634.3926,24.9425,-5208.0151,-28130.3242,22.0376,-4697.7729,-28637.8340,28.1328,719.7037,0.0002,-0.0051,3.1036,0.7896,-3.1393,-4701.1221,-28637.6992,25.5323,1
-4703.1636,-28634.3926,24.9425,-5207.6914,-28130.6230,22.0360,-4703.2993,-28628.8086,25.3175,708.9676,-0.0003,-0.0056,3.1043,0.7897,-3.1394,-4701.2246,-28637.3965,25.5844,1
-4703.1636,-28634.3926,24.9425,-5207.3657,-28130.9238,22.0340,-4703.1587,-28633.2402,25.8238,711.7474,0.0003,-0.0053,3.1051,0.7894,-3.1394,-4701.3257,-28637.2285,25.6509,1
-4703.1636,-28634.3926,24.9425,-5207.0366,-28131.2266,22.0314,-4700.5391,-28637.3535,19.5569,716.0583,0.0006,-0.0066,3.1060,0.7894,-3.1394,-4701.3374,-28637.1992,25.4964,1
-4703.1636,-28634.3926,24.9425,-5206.7051,-28131.5332,22.0284,-4697.0034,-28636.9238,27.7691,717.8217,-0.0000,-0.0046,3.1070,0.7895,-3.1395,-4701.2222,-28637.1562,25.6124,1
-4703.1636,-28634.3926,24.9425,-5206.3711,-28131.8418,22.0252,-4708.7764,-28634.2148,24.5988,707.1122,0.0014,-0.0051,3.1082,0.7895,-3.1396,-4701.5103,-28637.0176,25.6206,1
-4703.1636,-28634.3926,24.9425,-5206.0347,-28132.1523,22.0217,-4702.0903,-28633.9043,20.8507,711.1551,0.0003,-0.0057,3.1095,0.7893,-3.1396,-4701.5771,-28636.8652,25.4928,1
-4703.1636,-28634.3926,24.9425,-5205.6943,-28132.4648,22.0183,-4699.7104,-28636.4492,18.2450,714.1854,0.0003,-0.0061,3.1107,0.7893,-3.1397,-4701.5596,-28636.7969,25.2624,1
-4703.1636,-28634.3926,24.9425,-5205.3501,-28132.7832,22.0151,-4696.3926,-28636.1699,27.7076,715.8806,-0.0003,-0.0038,3.1118,0.7893,-3.1398,-4701.4194,-28636.7207,25.3462,1
-4703.1636,-28634.3926,24.9425,-5205.0020,-28133.1035,22.0120,-4702.1968,-28637.8066,25.9064,712.4409,0.0009,-0.0040,3.1128,0.7894,-3.1398,-4701.4697,-28636.7031,25.3726,1
-4703.1636,-28634.3926,24.9425,-5204.6499,-28133.4277,22.0093,-4703.5117,-28634.5586,21.8756,708.7258,0.0006,-0.0048,3.1136,0.7894,-3.1399,-4701.5669,-28636.5762,25.2577,1
-4703.1636,-28634.3926,24.9425,-5204.2939,-28133.7559,22.0070,-4698.9136,-28633.5293,18.1435,710.7891,-0.0002,-0.0055,3.1143,0.7895,-3.1399,-4701.5054,-28636.4102,25.0040,1
-4703.1636,-28634.3926,24.9425,-5203.9341,-28134.0879,22.0051,-4695.7710,-28635.4043,28.0509,713.8618,-0.0004,-0.0032,3.1149,0.7895,-3.1400,-4701.3267,-28636.3086,25.0831,1
-4703.1636,-28634.3926,24.9425,-5203.5703,-28134.4238,22.0036,-4707.5991,-28632.9082,25.3903,703.2084,0.0010,-0.0037,3.1154,0.7893,-3.1400,-4701.5522,-28636.1172,25.0771,1
-4703.1636,-28634.3926,24.9425,-5203.2026,-28134.7617,22.0026,-4702.5361,-28637.2793,22.6664,709.3727,0.0009,-0.0043,3.1158,0.7893,-3.1400,-4701.6108,-28636.0781,24.9765,1
-4703.1636,-28634.3926,24.9425,-5202.8306,-28135.1035,22.0019,-4696.0034,-28639.2754,27.5973,714.9189,0.0002,-0.0031,3.1160,0.7893,-3.1400,-4701.4419,-28636.1133,25.0445,1
-4703.1636,-28634.3926,24.9425,-5202.4551,-28135.4492,22.0016,-4703.6841,-28638.3809,26.9756,708.3447,0.0013,-0.0032,3.1162,0.7894,-3.1400,-4701.5288,-28636.1289,25.0982,1
-4703.1636,-28634.3926,24.9425,-5202.0757,-28135.7988,22.0016,-4706.8076,-28632.0547,26.0801,701.1356,0.0008,-0.0034,3.1162,0.7894,-3.1400,-4701.7324,-28635.9297,25.1255,1
-4703.1636,-28634.3926,24.9425,-5201.6924,-28136.1523,22.0020,-4702.1802,-28633.1328,23.9766,704.6436,0.0002,-0.0039,3.1161,0.7895,-3.1400,-4701.7817,-28635.7617,25.0805,1
-4703.1636,-28634.3926,24.9425,-5201.3052,-28136.5078,22.0027,-4697.1606,-28636.5332,28.7020,710.1017,0.0000,-0.0029,3.1158,0.7895,-3.1399,-4701.6533,-28635.7109,25.1999,1
-4703.1636,-28634.3926,24.9425,-5200.9141,-28136.8691,22.0036,-4700.8428,-28640.2227,28.7238,709.5731,0.0012,-0.0030,3.1154,0.7896,-3.1399,-4701.6431,-28635.7969,25.3284,1
-4703.1636,-28634.3926,24.9425,-5200.5190,-28137.2324,22.0049,-4700.7114,-28638.2559,25.0837,707.7141,0.0008,-0.0039,3.1150,0.7894,-3.1399,-4701.6255,-28635.8262,25.3360,1
-4703.1636,-28634.3926,24.9425,-5200.1201,-28137.5996,22.0063,-4703.8872,-28632.2285,30.3472,700.7046,0.0004,-0.0028,3.1143,0.7894,-3.1398,-4701.7178,-28635.6504,25.5299,1
-4703.1636,-28634.3926,24.9425,-5199.7173,-28137.9688,22.0080,-4703.2720,-28632.5469,25.6981,700.7824,0.0004,-0.0039,3.1136,0.7895,-3.1398,-4701.7930,-28635.4805,25.5681,1
-4703.1636,-28634.3926,24.9425,-5199.3110,-28138.3438,22.0099,-4700.3511,-28639.5977,29.0318,707.3046,0.0010,-0.0033,3.1128,0.7893,-3.1397,-4701.7666,-28635.5566,25.7229,1
-4703.1636,-28634.3926,24.9425,-5198.9004,-28138.7207,22.0120,-4705.6602,-28630.7793,27.4162,696.7446,0.0004,-0.0038,3.1119,0.7893,-3.1396,-4701.9253,-28635.3301,25.8274,1
-4703.1636,-28634.3926,24.9425,-5198.4863,-28139.1016,22.0143,-4697.6865,-28638.1133,23.8426,706.9921,0.0003,-0.0048,3.1109,0.7893,-3.1396,-4701.8081,-28635.3574,25.8062,1
-4703.1636,-28634.3926,24.9425,-5198.0679,-28139.4863,22.0167,-4702.6250,-28639.2148,24.5674,703.7190,0.0013,-0.0048,3.1098,0.7894,-3.1395,-4701.8545,-28635.4355,25.8037,1
-4703.1636,-28634.3926,24.9425,-5197.6460,-28139.8730,22.0193,-4704.6572,-28631.6992,26.8807,696.4005,0.0004,-0.0045,3.1087,0.7892,-3.1394,-4701.9756,-28635.2559,25.8791,1
-4703.1636,-28634.3926,24.9425,-5197.2202,-28140.2656,22.0219,-4705.0103,-28630.0664,27.8429,694.4275,0.0002,-0.0045,3.1075,0.7892,-3.1393,-4702.1143,-28635.0098,25.9898,1
-4703.1636,-28634.3926,24.9425,-5196.7915,-28140.6602,22.0246,-4696.8428,-28638.9160,29.3428,705.8901,0.0003,-0.0043,3.1064,0.7892,-3.1393,-4701.9673,-28635.0742,26.1548,1
-4703.1636,-28634.3926,24.9425,-5196.3599,-28141.0547,22.0271,-4701.9526,-28638.5117,24.8924,701.3797,0.0011,-0.0055,3.1056,0.7892,-3.1392,-4701.9878,-28635.1348,26.1669,1
-4703.1636,-28634.3926,24.9425,-5195.9258,-28141.4551,22.0294,-4699.0044,-28637.9863,28.8643,702.5243,0.0006,-0.0047,3.1049,0.7893,-3.1392,-4701.9028,-28635.1875,26.3148,1
-4703.1636,-28634.3926,24.9425,-5195.4893,-28141.8555,22.0314,-4704.2671,-28629.2598,26.9528,692.0328,-0.0000,-0.0052,3.1044,0.7893,-3.1392,-4701.9985,-28634.9355,26.3984,1
-4703.1636,-28634.3926,24.9425,-5195.0503,-28142.2578,22.0329,-4705.8188,-28636.5605,25.0214,695.4971,0.0014,-0.0057,3.1040,0.7893,-3.1392,-4702.1543,-28634.9355,26.4108,1
-4703.1636,-28634.3926,24.9425,-5194.6089,-28142.6641,22.0342,-4703.6963,-28628.9707,25.3731,691.0319,-0.0002,-0.0056,3.1039,0.7891,-3.1391,-4702.2412,-28634.6680,26.4295,1
-4703.1636,-28634.3926,24.9425,-5194.1650,-28143.0703,22.0352,-4698.4233,-28637.2656,28.3961,700.0366,0.0003,-0.0050,3.1038,0.7890,-3.1391,-4702.1411,-28634.6895,26.5516,1
-4703.1636,-28634.3926,24.9425,-5193.7192,-28143.4805,22.0358,-4707.1709,-28631.9434,25.2398,689.4628,0.0009,-0.0057,3.1039,0.7890,-3.1392,-4702.3462,-28634.5273,26.5620,1
-4703.1636,-28634.3926,24.9425,-5193.2705,-28143.8926,22.0362,-4704.4863,-28629.4297,27.6864,688.9912,0.0000,-0.0051,3.1040,0.7890,-3.1392,-4702.4639,-28634.2734,26.6554,1
-4703.1636,-28634.3926,24.9425,-5192.8193,-28144.3066,22.0362,-4700.7158,-28637.1543,21.4210,696.4864,0.0007,-0.0065,3.1043,0.7888,-3.1392,-4702.4482,-28634.2891,26.5233,1
-4703.1636,-28634.3926,24.9425,-5192.3662,-28144.7227,22.0358,-4708.4390,-28633.3105,21.3317,687.6999,0.0013,-0.0064,3.1047,0.7888,-3.1392,-4702.7061,-28634.1758,26.3715,1
-4703.1636,-28634.3926,24.9425,-5191.9102,-28145.1406,22.0351,-4709.1685,-28634.0156,25.4993,687.0764,0.0015,-0.0054,3.1051,0.7887,-3.1392,-4703.0020,-28634.0918,26.3580,1
-4703.1636,-28634.3926,24.9425,-5191.4521,-28145.5605,22.0340,-4704.7197,-28635.3340,22.9689,690.5169,0.0010,-0.0059,3.1056,0.7885,-3.1392,-4703.1465,-28634.0586,26.2502,1
-4703.1636,-28634.3926,24.9425,-5190.9917,-28145.9844,22.0326,-4700.1523,-28636.5195,20.3545,693.9579,0.0004,-0.0064,3.1062,0.7884,-3.1393,-4703.1265,-28634.0742,26.0407,1
-4703.1636,-28634.3926,24.9425,-5190.5288,-28146.4082,22.0307,-4697.2114,-28635.7715,27.8113,694.9034,-0.0002,-0.0046,3.1069,0.7884,-3.1393,-4702.9893,-28634.0723,26.0868,1
-4703.1636,-28634.3926,24.9425,-5190.0640,-28146.8359,22.0286,-4705.3965,-28633.2051,26.6273,686.6573,0.0007,-0.0047,3.1077,0.7883,-3.1394,-4703.1313,-28633.9844,26.0952,1
-4703.1636,-28634.3926,24.9425,-5189.5967,-28147.2637,22.0261,-4703.9336,-28634.4824,22.2530,687.9496,0.0007,-0.0056,3.1085,0.7883,-3.1395,-4703.2222,-28633.9434,25.9464,1
-4703.1636,-28634.3926,24.9425,-5189.1265,-28147.6953,22.0235,-4699.3535,-28635.6426,19.3904,691.3782,0.0002,-0.0061,3.1094,0.7883,-3.1396,-4703.1465,-28633.9492,25.6868,1
-4703.1636,-28634.3926,24.9425,-5188.6543,-28148.1270,22.0208,-4696.7466,-28635.1621,27.5249,692.2603,-0.0004,-0.0040,3.1104,0.7880,-3.1397,-4702.9648,-28633.9434,25.7081,1
-4703.1636,-28634.3926,24.9425,-5188.1792,-28148.5645,22.0182,-4708.1597,-28632.8848,24.6178,681.9164,0.0011,-0.0045,3.1113,0.7877,-3.1398,-4703.1816,-28633.8594,25.6301,1
-4703.1636,-28634.3926,24.9425,-5187.7002,-28149.0039,22.0158,-4702.6587,-28633.4590,23.1380,685.5533,0.0003,-0.0047,3.1121,0.7876,-3.1399,-4703.2075,-28633.7969,25.4979,1
-4703.1636,-28634.3926,24.9425,-5187.2178,-28149.4453,22.0137,-4699.0439,-28635.2734,19.3369,688.7481,-0.0000,-0.0055,3.1127,0.7876,-3.1399,-4703.0986,-28633.8027,25.2247,1
-4703.1636,-28634.3926,24.9425,-5186.7314,-28149.8926,22.0120,-4702.1577,-28640.4316,27.9356,689.5586,0.0013,-0.0035,3.1131,0.7875,-3.1399,-4703.0913,-28634.0000,25.2525,1
-4703.1636,-28634.3926,24.9425,-5186.2417,-28150.3418,22.0106,-4707.2222,-28631.8984,25.5124,679.2535,0.0008,-0.0040,3.1134,0.7875,-3.1399,-4703.2666,-28633.9043,25.2021,1
-4703.1636,-28634.3926,24.9425,-5185.7485,-28150.7930,22.0097,-4702.6436,-28633.0879,23.2701,682.6563,0.0002,-0.0045,3.1136,0.7875,-3.1399,-4703.2817,-28633.8477,25.0731,1
-4703.1636,-28634.3926,24.9425,-5185.2515,-28151.2500,22.0093,-4698.0537,-28634.2559,21.0992,686.0596,-0.0003,-0.0050,3.1137,0.7875,-3.1399,-4703.1260,-28633.8340,24.8640,1
-4703.1636,-28634.3926,24.9425,-5184.7505,-28151.7090,22.0093,-4701.5488,-28639.6953,28.3010,686.7805,0.0011,-0.0033,3.1136,0.7875,-3.1399,-4703.0850,-28634.0195,24.9117,1
-4703.1636,-28634.3926,24.9425,-5184.2466,-28152.1699,22.0097,-4706.6821,-28631.3066,26.2544,676.5156,0.0006,-0.0038,3.1133,0.7873,-3.1398,-4703.2280,-28633.9141,24.8971,1
-4703.1636,-28634.3926,24.9425,-5183.7383,-28152.6367,22.0105,-4702.1167,-28632.5195,24.3958,679.9051,0.0000,-0.0043,3.1130,0.7873,-3.1398,-4703.2104,-28633.8477,24.8201,1
-4703.1636,-28634.3926,24.9425,-5183.2271,-28153.1055,22.0116,-4703.6011,-28639.7578,22.5980,683.2950,0.0015,-0.0048,3.1125,0.7873,-3.1398,-4703.2437,-28634.0430,24.6793,1
-4703.1636,-28634.3926,24.9425,-5182.7119,-28153.5781,22.0131,-4701.0586,-28639.0723,28.6435,683.9254,0.0009,-0.0035,3.1119,0.7870,-3.1397,-4703.1836,-28634.2285,24.7576,1
-4703.1636,-28634.3926,24.9425,-5182.1934,-28154.0527,22.0148,-4706.0869,-28630.6621,26.9572,673.7017,0.0003,-0.0040,3.1112,0.7870,-3.1396,-4703.3032,-28634.1152,24.7875,1
-4703.1636,-28634.3926,24.9425,-5181.6709,-28154.5332,22.0168,-4707.7783,-28635.8789,27.2566,675.5088,0.0015,-0.0041,3.1103,0.7870,-3.1396,-4703.4912,-28634.1855,24.8358,1
-4703.1636,-28634.3926,24.9425,-5181.1450,-28155.0137,22.0191,-4702.9531,-28639.0859,24.0128,680.4540,0.0012,-0.0050,3.1093,0.7870,-3.1395,-4703.5093,-28634.3770,24.7718,1
-4703.1636,-28634.3926,24.9425,-5180.6152,-28155.5000,22.0216,-4700.4365,-28638.3223,28.9398,680.9940,0.0007,-0.0040,3.1083,0.7868,-3.1395,-4703.4316,-28634.5508,24.8886,1
-4703.1636,-28634.3926,24.9425,-5180.0830,-28155.9883,22.0241,-4705.4346,-28629.9609,27.4263,670.8126,0.0001,-0.0045,3.1073,0.7868,-3.1394,-4703.5303,-28634.4219,24.9623,1
-4703.1636,-28634.3926,24.9425,-5179.5488,-28156.4766,22.0266,-4705.2686,-28630.8164,27.7205,670.8143,0.0002,-0.0046,3.1065,0.7868,-3.1394,-4703.6260,-28634.3125,25.0535,1
-4703.1636,-28634.3926,24.9425,-5179.0122,-28156.9688,22.0290,-4702.4053,-28638.5020,24.2466,677.5369,0.0010,-0.0055,3.1058,0.7865,-3.1393,-4703.6177,-28634.4805,25.0223,1
-4703.1636,-28634.3926,24.9425,-5178.4731,-28157.4629,22.0311,-4699.7661,-28637.5195,28.5306,677.9943,0.0004,-0.0046,3.1053,0.7865,-3.1393,-4703.5078,-28634.6191,25.1473,1
-4703.1636,-28634.3926,24.9425,-5177.9316,-28157.9590,22.0330,-4704.7285,-28629.2012,26.6332,667.8564,-0.0002,-0.0051,3.1049,0.7864,-3.1392,-4703.5713,-28634.4531,25.2111,1
-4703.1636,-28634.3926,24.9425,-5177.3887,-28158.4570,22.0348,-4706.2559,-28636.4922,24.7469,671.2040,0.0013,-0.0056,3.1046,0.7862,-3.1392,-4703.6929,-28634.5469,25.2072,1
-4703.1636,-28634.3926,24.9425,-5176.8428,-28158.9570,22.0363,-4701.8188,-28637.8574,22.7946,674.5520,0.0007,-0.0061,3.1044,0.7859,-3.1392,-4703.6548,-28634.6934,25.1294,1
-4703.1636,-28634.3926,24.9425,-5176.2954,-28159.4590,22.0377,-4699.1870,-28636.8066,28.2324,674.9454,0.0001,-0.0049,3.1043,0.7858,-3.1392,-4703.5137,-28634.8086,25.2471,1
-4703.1636,-28634.3926,24.9425,-5175.7456,-28159.9629,22.0389,-4704.1289,-28628.5430,26.1189,664.8516,-0.0004,-0.0054,3.1042,0.7858,-3.1392,-4703.5444,-28634.6152,25.2937,1
-4703.1636,-28634.3926,24.9425,-5175.1934,-28160.4688,22.0398,-4705.4976,-28635.6836,24.0472,668.1846,0.0010,-0.0059,3.1041,0.7858,-3.1392,-4703.6274,-28634.6738,25.2639,1
-4703.1636,-28634.3926,24.9425,-5174.6396,-28160.9766,22.0404,-4700.9351,-28636.9121,21.9377,671.5181,0.0004,-0.0064,3.1041,0.7858,-3.1392,-4703.5439,-28634.7812,25.1521,1
-4703.1636,-28634.3926,24.9425,-5174.0835,-28161.4863,22.0408,-4698.5815,-28636.0645,28.0663,671.8500,-0.0001,-0.0049,3.1042,0.7858,-3.1392,-4703.3667,-28634.8594,25.2605,1
-4703.1636,-28634.3926,24.9425,-5173.5254,-28161.9980,22.0409,-4709.3838,-28633.7148,25.8239,661.8012,0.0014,-0.0054,3.1043,0.7858,-3.1392,-4703.5830,-28634.8516,25.2922,1
-4703.1636,-28634.3926,24.9425,-5172.9648,-28162.5117,22.0408,-4704.9512,-28635.0801,23.6558,665.1194,0.0008,-0.0059,3.1044,0.7856,-3.1392,-4703.6455,-28634.8906,25.2431,1
-4703.1636,-28634.3926,24.9425,-5172.4023,-28163.0254,22.0404,-4700.4209,-28636.3281,21.4355,668.4380,0.0002,-0.0064,3.1046,0.7856,-3.1392,-4703.5410,-28634.9746,25.1069,1
-4703.1636,-28634.3926,24.9425,-5171.8379,-28163.5430,22.0398,-4698.0098,-28635.3535,27.9207,668.7096,-0.0003,-0.0048,3.1049,0.7856,-3.1392,-4703.3384,-28635.0254,25.2045,1
-4703.1636,-28634.3926,24.9425,-5171.2715,-28164.0625,22.0390,-4708.7559,-28633.0391,25.5666,658.7064,0.0011,-0.0053,3.1051,0.7856,-3.1392,-4703.5278,-28634.9863,25.2209,1
-4703.1636,-28634.3926,24.9425,-5170.7031,-28164.5840,22.0379,-4704.2202,-28634.2910,23.2755,662.0095,0.0006,-0.0058,3.1055,0.7856,-3.1392,-4703.5586,-28634.9883,25.1514,1
-4703.1636,-28634.3926,24.9425,-5170.1323,-28165.1074,22.0367,-4699.6772,-28635.5176,20.9232,665.3130,0.0000,-0.0063,3.1058,0.7856,-3.1393,-4703.4189,-28635.0332,24.9894,1
-4703.1636,-28634.3926,24.9425,-5169.5596,-28165.6309,22.0353,-4697.4370,-28634.6426,27.7487,665.5245,-0.0005,-0.0046,3.1063,0.7856,-3.1393,-4703.1870,-28635.0469,25.0746,1
-4703.1636,-28634.3926,24.9425,-5168.9844,-28166.1582,22.0337,-4698.9321,-28641.8984,25.3104,668.8127,0.0009,-0.0051,3.1068,0.7853,-3.1393,-4702.9990,-28635.3281,25.0753,1
-4703.1636,-28634.3926,24.9425,-5168.4077,-28166.6855,22.0319,-4704.9399,-28636.0586,22.6338,659.6488,0.0010,-0.0057,3.1073,0.7853,-3.1394,-4703.0283,-28635.4043,24.9755,1
-4703.1636,-28634.3926,24.9425,-5167.8286,-28167.2168,22.0300,-4699.2124,-28634.9824,20.3066,662.1436,-0.0002,-0.0061,3.1080,0.7853,-3.1394,-4702.8481,-28635.4414,24.7832,1
-4703.1636,-28634.3926,24.9425,-5167.2476,-28167.7500,22.0279,-4702.7769,-28639.8242,27.5443,662.2947,0.0013,-0.0043,3.1086,0.7853,-3.1394,-4702.7959,-28635.6562,24.8547,1
-4703.1636,-28634.3926,24.9425,-5166.6646,-28168.2832,22.0256,-4698.3320,-28641.1641,24.9616,665.5674,0.0007,-0.0048,3.1094,0.7851,-3.1395,-4702.5791,-28635.9277,24.8364,1
-4703.1636,-28634.3926,24.9425,-5166.0796,-28168.8184,22.0234,-4703.1138,-28633.0664,22.3103,655.6570,0.0002,-0.0053,3.1102,0.7850,-3.1395,-4702.5347,-28635.9023,24.7185,1
-4703.1636,-28634.3926,24.9425,-5165.4922,-28169.3574,22.0212,-4698.5972,-28634.2969,19.6357,658.9298,-0.0004,-0.0058,3.1111,0.7850,-3.1396,-4702.3237,-28635.9141,24.4951,1
-4703.1636,-28634.3926,24.9425,-5164.9019,-28169.8984,22.0192,-4702.1875,-28639.1094,27.4795,659.0205,0.0010,-0.0038,3.1118,0.7850,-3.1396,-4702.2432,-28636.0996,24.5596,1
-4703.1636,-28634.3926,24.9425,-5164.3086,-28170.4414,22.0175,-4697.6514,-28640.3516,25.0638,662.2776,0.0005,-0.0043,3.1123,0.7850,-3.1397,-4701.9951,-28636.3359,24.5415,1
-4703.1636,-28634.3926,24.9425,-5163.7119,-28170.9883,22.0162,-4702.3843,-28632.2930,22.7634,652.4147,-0.0001,-0.0048,3.1126,0.7850,-3.1397,-4701.9199,-28636.2715,24.4386,1
-4703.1636,-28634.3926,24.9425,-5163.1113,-28171.5371,22.0153,-4703.7026,-28639.3242,20.6092,655.6718,0.0014,-0.0053,3.1128,0.7851,-3.1397,-4701.8999,-28636.4629,24.2518,1
-4703.1636,-28634.3926,24.9425,-5162.5078,-28172.0898,22.0148,-4701.7109,-28638.5059,28.0032,655.6882,0.0009,-0.0035,3.1127,0.7848,-3.1397,-4701.8130,-28636.6250,24.3405,1
-4703.1636,-28634.3926,24.9425,-5161.9009,-28172.6465,22.0149,-4697.2021,-28639.7754,26.1113,658.9293,0.0003,-0.0040,3.1125,0.7848,-3.1396,-4701.5586,-28636.8359,24.3678,1
-4703.1636,-28634.3926,24.9425,-5161.2905,-28173.2051,22.0154,-4701.9048,-28631.7812,24.2744,649.1149,-0.0002,-0.0045,3.1121,0.7848,-3.1396,-4701.4766,-28636.7422,24.3314,1
-4703.1636,-28634.3926,24.9425,-5160.6772,-28173.7676,22.0164,-4703.1909,-28638.7988,22.5831,652.3560,0.0012,-0.0050,3.1116,0.7848,-3.1396,-4701.4497,-28636.9004,24.2317,1
-4703.1636,-28634.3926,24.9425,-5160.0601,-28174.3320,22.0178,-4701.1143,-28637.7852,28.4038,652.2854,0.0007,-0.0037,3.1110,0.7846,-3.1395,-4701.3516,-28637.0215,24.3529,1
-4703.1636,-28634.3926,24.9425,-5159.4395,-28174.9004,22.0196,-4696.6074,-28639.0547,26.9371,655.5101,0.0001,-0.0042,3.1101,0.7846,-3.1394,-4701.0854,-28637.1895,24.4287,1
-4703.1636,-28634.3926,24.9425,-5158.8159,-28175.4707,22.0217,-4701.2793,-28631.1191,25.4847,645.7453,-0.0005,-0.0047,3.1092,0.7846,-3.1394,-4700.9917,-28637.0508,24.4566,1
-4703.1636,-28634.3926,24.9425,-5158.1895,-28176.0449,22.0242,-4702.5605,-28638.1484,24.0992,648.9700,0.0010,-0.0052,3.1083,0.7846,-3.1392,-4700.9531,-28637.1641,24.4340,1
-4703.1636,-28634.3926,24.9425,-5157.5605,-28176.6211,22.0267,-4700.3618,-28636.9121,28.4896,648.8126,0.0004,-0.0042,3.1075,0.7848,-3.1391,-4700.8384,-28637.2285,24.5802,1
-4703.1636,-28634.3926,24.9425,-5156.9297,-28177.1973,22.0292,-4695.7485,-28638.0645,26.9640,652.0206,-0.0001,-0.0047,3.1068,0.7850,-3.1390,-4700.5503,-28637.3340,24.6767,1
-4703.1636,-28634.3926,24.9425,-5156.2969,-28177.7773,22.0315,-4706.0215,-28635.7930,25.2860,642.3064,0.0013,-0.0052,3.1063,0.7852,-3.1389,-4700.6528,-28637.3477,24.7142,1
-4703.1636,-28634.3926,24.9425,-5155.6621,-28178.3574,22.0339,-4701.5444,-28637.0957,23.6382,645.5144,0.0008,-0.0057,3.1058,0.7852,-3.1387,-4700.5991,-28637.4062,24.6884,1
-4703.1636,-28634.3926,24.9425,-5155.0254,-28178.9395,22.0362,-4699.8442,-28636.2676,28.2070,645.2877,0.0004,-0.0047,3.1054,0.7853,-3.1386,-4700.4858,-28637.4277,24.8364,1
-4703.1636,-28634.3926,24.9425,-5154.3867,-28179.5234,22.0385,-4695.2822,-28637.4609,26.4818,648.4786,-0.0002,-0.0052,3.1051,0.7855,-3.1384,-4700.1997,-28637.4902,24.9245,1
-4703.1636,-28634.3926,24.9425,-5153.7461,-28180.1094,22.0407,-4701.9243,-28635.9473,22.6007,641.8386,0.0007,-0.0062,3.1048,0.7856,-3.1383,-4700.1636,-28637.4902,24.8643,1
-4703.1636,-28634.3926,24.9425,-5153.1030,-28180.6973,22.0428,-4701.0039,-28636.4980,22.8932,642.0069,0.0007,-0.0062,3.1045,0.7857,-3.1382,-4700.1006,-28637.5059,24.8088,1
-4703.1636,-28634.3926,24.9425,-5152.4585,-28181.2871,22.0448,-4699.3037,-28635.5996,28.1039,641.7211,0.0003,-0.0050,3.1043,0.7858,-3.1380,-4699.9785,-28637.4805,24.9508,1
-4703.1636,-28634.3926,24.9425,-5151.8120,-28181.8770,22.0467,-4700.5352,-28642.5273,26.3239,644.8949,0.0017,-0.0055,3.1040,0.7858,-3.1379,-4699.9072,-28637.7188,25.0297,1
-4703.1636,-28634.3926,24.9425,-5151.1636,-28182.4688,22.0484,-4698.2642,-28637.5000,24.3950,642.0293,0.0004,-0.0060,3.1037,0.7857,-3.1378,-4699.7534,-28637.7695,25.0355,1
-4703.1636,-28634.3926,24.9425,-5150.5137,-28183.0645,22.0500,-4700.6572,-28636.0898,22.7621,638.4579,0.0006,-0.0065,3.1034,0.7856,-3.1377,-4699.6948,-28637.7617,24.9741,1
-4703.1636,-28634.3926,24.9425,-5149.8613,-28183.6602,22.0514,-4698.7993,-28634.9648,28.0892,638.1149,0.0001,-0.0052,3.1031,0.7856,-3.1376,-4699.5698,-28637.7031,25.1149,1
-4703.1636,-28634.3926,24.9425,-5149.2090,-28184.2559,22.0525,-4700.4097,-28642.2617,26.0601,641.2712,0.0015,-0.0057,3.1030,0.7848,-3.1378,-4699.5107,-28637.9199,25.1820,1
-4703.1636,-28634.3926,24.9425,-5148.5581,-28184.8516,22.0530,-4705.7773,-28635.3848,23.6292,631.7133,0.0010,-0.0062,3.1032,0.7828,-3.1383,-4699.6714,-28637.8750,25.1538,1
-4703.1636,-28634.3926,24.9425,-5147.9082,-28185.4453,22.0528,-4702.7769,-28638.0938,20.9091,634.8696,0.0004,-0.0067,3.1037,0.7796,-3.1392,-4699.7314,-28637.9297,25.0136,1
-4703.1636,-28634.3926,24.9425,-5147.2598,-28186.0410,22.0516,-4709.2217,-28633.2656,25.8503,626.0369,0.0000,-0.0052,3.1045,0.7753,-3.1405,-4700.0605,-28637.7891,25.0575,1
-4703.1636,-28634.3926,24.9425,-5146.6128,-28186.6348,22.0494,-4704.0293,-28645.6133,23.5314,637.6247,0.0004,-0.0055,3.1053,0.7697,3.1411,-4700.2036,-28638.1230,25.0113,1
-4703.1636,-28634.3926,24.9425,-5145.9673,-28187.2305,22.0460,-4711.3120,-28640.6426,20.0742,628.1198,-0.0002,-0.0060,3.1063,0.7633,3.1391,-4700.6484,-28638.2793,24.8224,1
-4703.1636,-28634.3926,24.9425,-5145.3242,-28187.8242,22.0413,-4715.5664,-28644.5020,23.2309,627.1096,0.0002,-0.0048,3.1073,0.7560,3.1368,-4701.2881,-28638.5938,24.7476,1
-4703.1636,-28634.3926,24.9425,-5144.6826,-28188.4180,22.0352,-4706.9956,-28642.7305,25.9311,630.8721,-0.0030,-0.0036,3.1085,0.7479,3.1341,-4701.6157,-28638.8457,24.7773,1
-4703.1636,-28634.3926,24.9425,-5144.0439,-28189.0137,22.0278,-4714.4883,-28639.5957,24.8056,622.5458,-0.0036,-0.0034,3.1095,0.7387,3.1310,-4702.2539,-28638.9785,24.7659,1
-4703.1636,-28634.3926,24.9425,-5143.4072,-28189.6094,22.0196,-4715.6426,-28644.6211,17.9229,624.5414,-0.0041,-0.0046,3.1105,0.7288,3.1276,-4702.9595,-28639.3086,24.4797,1
-4703.1636,-28634.3926,24.9425,-5142.7729,-28190.2090,22.0108,-4716.1274,-28650.4766,13.7316,627.6629,-0.0047,-0.0051,3.1117,0.7184,3.1242,-4703.7026,-28639.8770,24.0132,1
-4703.1636,-28634.3926,24.9425,-5142.1431,-28190.8086,22.0016,-4707.7886,-28643.3516,25.4518,627.2766,-0.0091,-0.0015,3.1130,0.7073,3.1205,-4704.1318,-28640.1816,23.9916,1
-4703.1636,-28634.3926,24.9425,-5141.5176,-28191.4141,21.9932,-4708.7778,-28649.7891,21.1359,630.3807,-0.0097,-0.0020,3.1146,0.6956,3.1172,-4704.5938,-28640.7383,23.8060,1
-4703.1636,-28634.3926,24.9425,-5140.8975,-28192.0215,21.9862,-4718.5229,-28647.1953,17.0931,620.9810,-0.0102,-0.0025,3.1165,0.6836,3.1148,-4705.4463,-28641.2090,23.4536,1
-4703.1636,-28634.3926,24.9425,-5140.2817,-28192.6328,21.9809,-4723.6650,-28652.5195,19.1536,620.5472,-0.0103,-0.0015,3.1185,0.6715,3.1130,-4706.5215,-28641.8965,23.1734,1
-4703.1636,-28634.3926,24.9425,-5139.6714,-28193.2480,21.9774,-4707.4756,-28642.9023,26.1006,623.6945,-0.0168,0.0009,3.1203,0.6598,3.1114,-4706.9668,-28642.2090,23.1687,1
-4703.1636,-28634.3926,24.9425,-5139.0649,-28193.8691,21.9754,-4708.3682,-28649.2324,22.6717,626.7812,-0.0173,0.0004,3.1219,0.6484,3.1100,-4707.4277,-28642.7617,23.0397,1
-4703.1636,-28634.3926,24.9425,-5138.4634,-28194.4922,21.9749,-4716.2095,-28653.2344,23.9189,623.4927,-0.0169,0.0010,3.1230,0.6372,3.1086,-4708.1846,-28643.4785,22.9655,1
-4703.1636,-28634.3926,24.9425,-5137.8657,-28195.1191,21.9757,-4721.6001,-28656.6484,16.0757,621.5499,-0.0171,-0.0008,3.1236,0.6262,3.1070,-4709.1572,-28644.3398,22.5838,1
-4703.1636,-28634.3926,24.9425,-5137.2729,-28195.7500,21.9777,-4706.4150,-28639.5547,21.8397,618.5439,-0.0245,0.0011,3.1237,0.6163,3.1052,-4709.5249,-28644.5254,22.4241,1
-4703.1636,-28634.3926,24.9425,-5136.6841,-28196.3848,21.9808,-4706.1318,-28646.9355,24.6653,623.1945,-0.0247,0.0019,3.1231,0.6068,3.1030,-4709.8501,-28644.9766,22.3832,1
-4703.1636,-28634.3926,24.9425,-5136.0991,-28197.0215,21.9849,-4710.3765,-28648.4492,20.6395,620.5042,-0.0252,0.0009,3.1219,0.5976,3.1005,-4710.3125,-28645.4746,22.1926,1
-4703.1636,-28634.3926,24.9425,-5135.5186,-28197.6621,21.9900,-4715.2778,-28652.9414,24.4535,619.5805,-0.0248,0.0019,3.1201,0.5887,3.0976,-4710.9507,-28646.1426,22.1585,1
-4703.1636,-28634.3926,24.9425,-5134.9424,-28198.3066,21.9960,-4704.6611,-28643.2773,21.6824,618.9799,-0.0298,0.0013,3.1180,0.5809,3.0946,-4711.1470,-28646.4180,22.0245,1
-4703.1636,-28634.3926,24.9425,-5134.3696,-28198.9531,22.0026,-4705.7617,-28646.8770,25.5622,619.9543,-0.0301,0.0022,3.1160,0.5733,3.0920,-4711.3496,-28646.8105,22.0521,1
-4703.1636,-28634.3926,24.9425,-5133.7998,-28199.6016,22.0097,-4717.0396,-28645.5508,24.7975,610.3770,-0.0295,0.0019,3.1142,0.5655,3.0901,-4711.9756,-28647.1289,22.0648,1
-4703.1636,-28634.3926,24.9425,-5133.2339,-28200.2500,22.0167,-4716.8438,-28645.4863,25.8393,609.6086,-0.0308,0.0021,3.1126,0.5576,3.0886,-4712.5850,-28647.4219,22.1321,1
-4703.1636,-28634.3926,24.9425,-5132.6704,-28200.9004,22.0235,-4703.5688,-28638.6738,28.1342,613.0253,-0.0355,0.0028,3.1109,0.5508,3.0871,-4712.6401,-28647.4141,22.3055,1
-4703.1636,-28634.3926,24.9425,-5132.1099,-28201.5527,22.0299,-4712.5630,-28641.7773,25.2306,608.1290,-0.0344,0.0018,3.1092,0.5442,3.0856,-4713.0186,-28647.4922,22.3788,1
-4703.1636,-28634.3926,24.9425,-5131.5527,-28202.2070,22.0358,-4713.2046,-28644.8633,29.2771,609.0980,-0.0347,0.0028,3.1075,0.5375,3.0840,-4713.4023,-28647.6680,22.6272,1
-4703.1636,-28634.3926,24.9425,-5130.9980,-28202.8613,22.0411,-4709.5386,-28646.8379,27.2443,612.1780,-0.0362,0.0022,3.1058,0.5307,3.0824,-4713.6162,-28647.9023,22.8086,1
-4703.1636,-28634.3926,24.9425,-5130.4463,-28203.5176,22.0459,-4705.1548,-28637.4492,27.4607,607.6102,-0.0397,0.0023,3.1042,0.5246,3.0808,-4713.6191,-28647.7344,23.0111,1
-4703.1636,-28634.3926,24.9425,-5129.8979,-28204.1758,22.0502,-4701.2188,-28641.6758,26.2984,612.5209,-0.0406,0.0019,3.1026,0.5185,3.0791,-4713.4258,-28647.7031,23.1746,1
-4703.1636,-28634.3926,24.9425,-5129.3525,-28204.8340,22.0540,-4706.2300,-28643.5625,27.4630,609.5372,-0.0403,0.0021,3.1013,0.5122,3.0775,-4713.3906,-28647.7246,23.3922,1
-4703.1636,-28634.3926,24.9425,-5128.8101,-28205.4941,22.0575,-4712.5459,-28652.0781,23.9599,610.5012,-0.0386,0.0011,3.1001,0.5060,3.0760,-4713.5840,-28648.0723,23.4735,1
-4703.1636,-28634.3926,24.9425,-5128.2705,-28206.1562,22.0605,-4704.1104,-28641.7988,26.2448,608.0347,-0.0429,0.0019,3.0992,0.5005,3.0745,-4713.4160,-28648.0000,23.6468,1
-4703.1636,-28634.3926,24.9425,-5127.7344,-28206.8184,22.0632,-4705.7710,-28645.9316,25.9572,609.0002,-0.0428,0.0018,3.0985,0.4948,3.0731,-4713.2827,-28648.0742,23.8112,1
-4703.1636,-28634.3926,24.9425,-5127.2012,-28207.4824,22.0655,-4712.5894,-28641.0645,23.8016,599.9119,-0.0433,0.0013,3.0982,0.4891,3.0720,-4713.4023,-28647.9297,23.8884,1
-4703.1636,-28634.3926,24.9425,-5126.6719,-28208.1484,22.0674,-4716.2432,-28643.7734,23.4242,598.5125,-0.0431,0.0013,3.0980,0.4834,3.0709,-4713.6641,-28647.8730,23.9454,1
-4703.1636,-28634.3926,24.9425,-5126.1455,-28208.8145,22.0690,-4701.3086,-28636.0430,27.0493,602.5153,-0.0481,0.0026,3.0982,0.4782,3.0700,-4713.3042,-28647.4824,24.1477,1
-4703.1636,-28634.3926,24.9425,-5125.6226,-28209.4824,22.0703,-4706.1714,-28634.7930,27.4960,597.3666,-0.0482,0.0029,3.0986,0.4732,3.0692,-4713.1069,-28647.0020,24.3726,1
-4703.1636,-28634.3926,24.9425,-5125.1025,-28210.1504,22.0712,-4704.4121,-28642.8613,24.4930,603.5032,-0.0479,0.0022,3.0992,0.4681,3.0686,-4712.8179,-28646.8301,24.4747,1
-4703.1636,-28634.3926,24.9425,-5124.5864,-28210.8223,22.0718,-4712.1001,-28645.5352,26.3434,599.2722,-0.0469,0.0027,3.1002,0.4625,3.0682,-4712.8237,-28646.7598,24.6487,1
-4703.1636,-28634.3926,24.9425,-5124.0737,-28211.4922,22.0721,0.0000,0.0000,0.0000,0.0000,0.0000,0.0000,3.1013,0.4574,3.0679,0.0000,0.0000,0.0000,1
-4703.1636,-28634.3926,24.9425,-5123.5645,-28212.1660,22.0721,0.0000,0.0000,0.0000,0.0000,0.0000,0.0000,3.1026,0.4523,3.0679,0.0000,0.0000,0.0000,0
-4703.1636,-28634.3926,24.9425,-5123.0591,-28212.8379,22.0718,0.0000,0.0000,0.0000,0.0000,0.0000,0.0000,3.1042,0.4471,3.0679,0.0000,0.0000,0.0000,0
-4703.1636,-28634.3926,24.9425,-5122.5571,-28213.5117,22.0712,0.0000,0.0000,0.0000,0.0000,0.0000,0.0000,3.1059,0.4417,3.0682,0.0000,0.0000,0.0000,0
-4703.1636,-28634.3926,24.9425,-5122.0586,-28214.1875,22.0703,0.0000,0.0000,0.0000,0.0000,0.0000,0.0000,3.1077,0.4370,3.0687,0.0000,0.0000,0.0000,0
-4703.1636,-28634.3926,24.9425,-5121.5640,-28214.8633,22.0691,0.0000,0.0000,0.0000,0.0000,0.0000,0.0000,3.1097,0.4324,3.0693,0.0000,0.0000,0.0000,0
-4703.1636,-28634.3926,24.9425,-5121.0728,-28215.5391,22.0677,0.0000,0.0000,0.0000,0.0000,0.0000,0.0000,3.1118,0.4276,3.0701,0.0000,0.0000,0.0000,0
-4703.1636,-28634.3926,24.9425,-5120.5859,-28216.2168,22.0660,0.0000,0.0000,0.0000,0.0000,0.0000,0.0000,3.1139,0.4224,3.0711,0.0000,0.0000,0.0000,0
-4703.1636,-28634.3926,24.9425,-5120.1025,-28216.8926,22.0641,0.0000,0.0000,0.0000,0.0000,0.0000,0.0000,3.1163,0.4088,3.0729,0.0000,0.0000,0.0000,0
-4703.1636,-28634.3926,24.9425,-5119.6226,-28217.5723,22.0618,0.0000,0.0000,0.0000,0.0000,0.0000,0.0000,3.1187,0.3929,3.0749,0.0000,0.0000,0.0000,0
-4703.1636,-28634.3926,24.9425,-5119.1465,-28218.2500,22.0592,0.0000,0.0000,0.0000,0.0000,0.0000,0.0000,3.1210,0.3762,3.0770,0.0000,0.0000,0.0000,0
-4703.1636,-28634.3926,24.9425,-5118.6748,-28218.9277,22.0563,0.0000,0.0000,0.0000,0.0000,0.0000,0.0000,3.1232,0.3592,3.0791,0.0000,0.0000,0.0000,0
-4703.1636,-28634.3926,24.9425,-5118.2065,-28219.6074,22.0530,0.0000,0.0000,0.0000,0.0000,0.0000,0.0000,3.1253,0.3419,3.0814,0.0000,0.0000,0.0000,0
-4703.1636,-28634.3926,24.9425,-5117.7422,-28220.2852,22.0495,0.0000,0.0000,0.0000,0.0000,0.0000,0.0000,3.1274,0.3244,3.0838,0.0000,0.0000,0.0000,0
-4703.1636,-28634.3926,24.9425,-5117.2817,-28220.9648,22.0458,0.0000,0.0000,0.0000,0.0000,0.0000,0.0000,3.1293,0.3067,3.0864,0.0000,0.0000,0.0000,0
-4703.1636,-28634.3926,24.9425,-5116.8257,-28221.6445,22.0418,0.0000,0.0000,0.0000,0.0000,0.0000,0.0000,3.1310,0.2888,3.0891,0.0000,0.0000,0.0000,0
-4703.1636,-28634.3926,24.9425,-5116.3735,-28222.3242,22.0376,0.0000,0.0000,0.0000,0.0000,0.0000,0.0000,3.1326,0.2707,3.0919,0.0000,0.0000,0.0000,0
-4703.1636,-28634.3926,24.9425,-5115.9253,-28223.0020,22.0331,0.0000,0.0000,0.0000,0.0000,0.0000,0.0000,3.1341,0.2523,3.0950,0.0000,0.0000,0.0000,0
-4703.1636,-28634.3926,24.9425,-5115.4814,-28223.6816,22.0284,0.0000,0.0000,0.0000,0.0000,0.0000,0.0000,3.1354,0.2337,3.0982,0.0000,0.0000,0.0000,0
-4703.1636,-28634.3926,24.9425,-5115.0415,-28224.3594,22.0233,0.0000,0.0000,0.0000,0.0000,0.0000,0.0000,3.1364,0.2149,3.1016,0.0000,0.0000,0.0000,0
-4703.1636,-28634.3926,24.9425,-5114.6060,-28225.0391,22.0180,0.0000,0.0000,0.0000,0.0000,0.0000,0.0000,3.1373,0.1958,3.1051,0.0000,0.0000,0.0000,0
-4703.1636,-28634.3926,24.9425,-5114.1743,-28225.7168,22.0124,0.0000,0.0000,0.0000,0.0000,0.0000,0.0000,3.1380,0.1765,3.1089,0.0000,0.0000,0.0000,0
-4703.1636,-28634.3926,24.9425,-5113.7471,-28226.3945,22.0064,0.0000,0.0000,0.0000,0.0000,0.0000,0.0000,3.1385,0.1573,3.1127,0.0000,0.0000,0.0000,0
-4703.1636,-28634.3926,24.9425,-5113.3242,-28227.0723,22.0003,0.0000,0.0000,0.0000,0.0000,0.0000,0.0000,3.1386,0.1386,3.1162,0.0000,0.0000,0.0000,0
-4703.1636,-28634.3926,24.9425,-5112.9067,-28227.7520,21.9941,0.0000,0.0000,0.0000,0.0000,0.0000,0.0000,3.1383,0.1203,3.1192,0.0000,0.0000,0.0000,0
-4703.1636,-28634.3926,24.9425,-5112.4951,-28228.4316,21.9881,0.0000,0.0000,0.0000,0.0000,0.0000,0.0000,3.1377,0.1026,3.1218,0.0000,0.0000,0.0000,0
-4703.1636,-28634.3926,24.9425,-5112.0894,-28229.1133,21.9824,0.0000,0.0000,0.0000,0.0000,0.0000,0.0000,3.1369,0.0854,3.1241,0.0000,0.0000,0.0000,0
-4703.1636,-28634.3926,24.9425,-5111.6890,-28229.7949,21.9777,0.0000,0.0000,0.0000,0.0000,0.0000,0.0000,3.1361,0.0687,3.1259,0.0000,0.0000,0.0000,0
-4703.1636,-28634.3926,24.9425,-5111.2939,-28230.4785,21.9747,0.0000,0.0000,0.0000,0.0000,0.0000,0.0000,3.1357,0.0524,3.1268,0.0000,0.0000,0.0000,0
-4703.1636,-28634.3926,24.9425,-5110.9038,-28231.1641,21.9733,0.0000,0.0000,0.0000,0.0000,0.0000,0.0000,3.1356,0.0366,3.1268,0.0000,0.0000,0.0000,0
-4703.1636,-28634.3926,24.9425,-5110.5200,-28231.8477,21.9733,0.0000,0.0000,0.0000,0.0000,0.0000,0.0000,3.1357,0.0212,3.1261,0.0000,0.0000,0.0000,0
-4703.1636,-28634.3926,24.9425,-5110.1416,-28232.5332,21.9743,0.0000,0.0000,0.0000,0.0000,0.0000,0.0000,3.1360,0.0064,3.1250,0.0000,0.0000,0.0000,0
-4703.1636,-28634.3926,24.9425,-5109.7700,-28233.2188,21.9761,0.0000,0.0000,0.0000,0.0000,0.0000,0.0000,3.1364,-0.0080,3.1236,0.0000,0.0000,0.0000,0
-4703.1636,-28634.3926,24.9425,-5109.4048,-28233.9043,21.9783,0.0000,0.0000,0.0000,0.0000,0.0000,0.0000,3.1368,-0.0219,3.1220,0.0000,0.0000,0.0000,0
-4703.1636,-28634.3926,24.9425,-5109.0459,-28234.5898,21.9809,0.0000,0.0000,0.0000,0.0000,0.0000,0.0000,3.1372,-0.0353,3.1203,0.0000,0.0000,0.0000,0
-4703.1636,-28634.3926,24.9425,-5108.6934,-28235.2754,21.9839,0.0000,0.0000,0.0000,0.0000,0.0000,0.0000,3.1376,-0.0483,3.1184,0.0000,0.0000,0.0000,0
-4703.1636,-28634.3926,24.9425,-5108.3477,-28235.9590,21.9872,0.0000,0.0000,0.0000,0.0000,0.0000,0.0000,3.1380,-0.0607,3.1164,0.0000,0.0000,0.0000,0
-4703.1636,-28634.3926,24.9425,-5108.0083,-28236.6426,21.9909,0.0000,0.0000,0.0000,0.0000,0.0000,0.0000,3.1385,-0.0727,3.1142,0.0000,0.0000,0.0000,0
-4703.1636,-28634.3926,24.9425,-5107.6753,-28237.3242,21.9950,0.0000,0.0000,0.0000,0.0000,0.0000,0.0000,3.1391,-0.0842,3.1117,0.0000,0.0000,0.0000,0
-4703.1636,-28634.3926,24.9425,-5107.3491,-28238.0059,21.9995,0.0000,0.0000,0.0000,0.0000,0.0000,0.0000,3.1399,-0.0952,3.1090,0.0000,0.0000,0.0000,0
-4703.1636,-28634.3926,24.9425,-5107.0283,-28238.6855,22.0044,0.0000,0.0000,0.0000,0.0000,0.0000,0.0000,3.1408,-0.1057,3.1062,0.0000,0.0000,0.0000,0
-4703.1636,-28634.3926,24.9425,-5106.7134,-28239.3652,22.0095,0.0000,0.0000,0.0000,0.0000,0.0000,0.0000,-3.1413,-0.1155,3.1034,0.0000,0.0000,0.0000,0
-4703.1636,-28634.3926,24.9425,-5106.4033,-28240.0430,22.0148,0.0000,0.0000,0.0000,0.0000,0.0000,0.0000,-3.1401,-0.1248,3.1009,0.0000,0.0000,0.0000,0
-4703.1636,-28634.3926,24.9425,-5106.0986,-28240.7207,22.0201,0.0000,0.0000,0.0000,0.0000,0.0000,0.0000,-3.1387,-0.1335,3.0985,0.0000,0.0000,0.0000,0
-4703.1636,-28634.3926,24.9425,-5105.7979,-28241.3945,22.0250,0.0000,0.0000,0.0000,0.0000,0.0000,0.0000,-3.1371,-0.1416,3.0963,0.0000,0.0000,0.0000,0
-4703.1636,-28634.3926,24.9425,-5105.5015,-28242.0664,22.0296,0.0000,0.0000,0.0000,0.0000,0.0000,0.0000,-3.1353,-0.1493,3.0944,0.0000,0.0000,0.0000,0
-4703.1636,-28634.3926,24.9425,-5105.2080,-28242.7363,22.0335,0.0000,0.0000,0.0000,0.0000,0.0000,0.0000,-3.1333,-0.1565,3.0927,0.0000,0.0000,0.0000,0
-4703.1636,-28634.3926,24.9425,-5104.9180,-28243.4023,22.0366,0.0000,0.0000,0.0000,0.0000,0.0000,0.0000,-3.1310,-0.1633,3.0914,0.0000,0.0000,0.0000,0
-4703.1636,-28634.3926,24.9425,-5104.6309,-28244.0645,22.0390,0.0000,0.0000,0.0000,0.0000,0.0000,0.0000,-3.1286,-0.1696,3.0903,0.0000,0.0000,0.0000,0
-4703.1636,-28634.3926,24.9425,-5104.3467,-28244.7246,22.0405,0.0000,0.0000,0.0000,0.0000,0.0000,0.0000,-3.1260,-0.1754,3.0893,0.0000,0.0000,0.0000,0
-4703.1636,-28634.3926,24.9425,-5104.0654,-28245.3828,22.0412,0.0000,0.0000,0.0000,0.0000,0.0000,0.0000,-3.1233,-0.1806,3.0886,0.0000,0.0000,0.0000,0
-4703.1636,-28634.3926,24.9425,-5103.7866,-28246.0352,22.0410,0.0000,0.0000,0.0000,0.0000,0.0000,0.0000,-3.1205,-0.1854,3.0880,0.0000,0.0000,0.0000,0
-4703.1636,-28634.3926,24.9425,-5103.5103,-28246.6855,22.0402,0.0000,0.0000,0.0000,0.0000,0.0000,0.0000,-3.1178,-0.1895,3.0877,0.0000,0.0000,0.0000,0
-4703.1636,-28634.3926,24.9425,-5103.2368,-28247.3301,22.0387,0.0000,0.0000,0.0000,0.0000,0.0000,0.0000,-3.1151,-0.1931,3.0877,0.0000,0.0000,0.0000,0
-4703.1636,-28634.3926,24.9425,-5102.9653,-28247.9727,22.0366,0.0000,0.0000,0.0000,0.0000,0.0000,0.0000,-3.1125,-0.1961,3.0880,0.0000,0.0000,0.0000,0
-4703.1636,-28634.3926,24.9425,-5102.6968,-28248.6113,22.0340,0.0000,0.0000,0.0000,0.0000,0.0000,0.0000,-3.1101,-0.1985,3.0885,0.0000,0.0000,0.0000,0
-4703.1636,-28634.3926,24.9425,-5102.4302,-28249.2461,22.0309,0.0000,0.0000,0.0000,0.0000,0.0000,0.0000,-3.1080,-0.2003,3.0894,0.0000,0.0000,0.0000,0
-4703.1636,-28634.3926,24.9425,-5102.1660,-28249.8770,22.0273,0.0000,0.0000,0.0000,0.0000,0.0000,0.0000,-3.1061,-0.2015,3.0906,0.0000,0.0000,0.0000,0
-4703.1636,-28634.3926,24.9425,-5101.9043,-28250.5020,22.0233,0.0000,0.0000,0.0000,0.0000,0.0000,0.0000,-3.1046,-0.2021,3.0922,0.0000,0.0000,0.0000,0
-4703.1636,-28634.3926,24.9425,-5101.6450,-28251.1250,22.0189,0.0000,0.0000,0.0000,0.0000,0.0000,0.0000,-3.1034,-0.2021,3.0941,0.0000,0.0000,0.0000,0
-4703.1636,-28634.3926,24.9425,-5101.3877,-28251.7422,22.0141,0.0000,0.0000,0.0000,0.0000,0.0000,0.0000,-3.1025,-0.2014,3.0964,0.0000,0.0000,0.0000,0
-4703.1636,-28634.3926,24.9425,-5101.1328,-28252.3574,22.0091,0.0000,0.0000,0.0000,0.0000,0.0000,0.0000,-3.1021,-0.2002,3.0991,0.0000,0.0000,0.0000,0
-4703.1636,-28634.3926,24.9425,-5100.8804,-28252.9668,22.0039,0.0000,0.0000,0.0000,0.0000,0.0000,0.0000,-3.1020,-0.1983,3.1023,0.0000,0.0000,0.0000,0
-4703.1636,-28634.3926,24.9425,-5100.6309,-28253.5723,21.9985,0.0000,0.0000,0.0000,0.0000,0.0000,0.0000,-3.1021,-0.1960,3.1057,0.0000,0.0000,0.0000,0
-4703.1636,-28634.3926,24.9425,-5100.3848,-28254.1738,21.9929,0.0000,0.0000,0.0000,0.0000,0.0000,0.0000,-3.1025,-0.1934,3.1091,0.0000,0.0000,0.0000,0
-4703.1636,-28634.3926,24.9425,-5100.1416,-28254.7715,21.9872,0.0000,0.0000,0.0000,0.0000,0.0000,0.0000,-3.1030,-0.1905,3.1124,0.0000,0.0000,0.0000,0
-4703.1636,-28634.3926,24.9425,-5099.9019,-28255.3652,21.9812,0.0000,0.0000,0.0000,0.0000,0.0000,0.0000,-3.1038,-0.1872,3.1158,0.0000,0.0000,0.0000,0
-4703.1636,-28634.3926,24.9425,-5099.6655,-28255.9551,21.9752,0.0000,0.0000,0.0000,0.0000,0.0000,0.0000,-3.1048,-0.1837,3.1192,0.0000,0.0000,0.0000,0
-4703.1636,-28634.3926,24.9425,-5099.4326,-28256.5391,21.9690,0.0000,0.0000,0.0000,0.0000,0.0000,0.0000,-3.1059,-0.1798,3.1224,0.0000,0.0000,0.0000,0
-4703.1636,-28634.3926,24.9425,-5099.2031,-28257.1211,21.9635,0.0000,0.0000,0.0000,0.0000,0.0000,0.0000,-3.1071,-0.1755,3.1248,0.0000,0.0000,0.0000,0
-4703.1636,-28634.3926,24.9425,-5098.9771,-28257.6973,21.9591,0.0000,0.0000,0.0000,0.0000,0.0000,0.0000,-3.1084,-0.1708,3.1263,0.0000,0.0000,0.0000,0
-4703.1636,-28634.3926,24.9425,-5098.7539,-28258.2695,21.9559,0.0000,0.0000,0.0000,0.0000,0.0000,0.0000,-3.1099,-0.1658,3.1270,0.0000,0.0000,0.0000,0
-4703.1636,-28634.3926,24.9425,-5098.5342,-28258.8379,21.9536,0.0000,0.0000,0.0000,0.0000,0.0000,0.0000,-3.1115,-0.1605,3.1270,0.0000,0.0000,0.0000,0
-4703.1636,-28634.3926,24.9425,-5098.3184,-28259.4023,21.9524,0.0000,0.0000,0.0000,0.0000,0.0000,0.0000,-3.1132,-0.1547,3.1265,0.0000,0.0000,0.0000,0
-4703.1636,-28634.3926,24.9425,-5098.1064,-28259.9609,21.9521,0.0000,0.0000,0.0000,0.0000,0.0000,0.0000,-3.1150,-0.1484,3.1256,0.0000,0.0000,0.0000,0
-4703.1636,-28634.3926,24.9425,-5097.8994,-28260.5156,21.9530,0.0000,0.0000,0.0000,0.0000,0.0000,0.0000,-3.1167,-0.1413,3.1245,0.0000,0.0000,0.0000,0
-4703.1636,-28634.3926,24.9425,-5097.6973,-28261.0664,21.9547,0.0000,0.0000,0.0000,0.0000,0.0000,0.0000,-3.1183,-0.1335,3.1233,0.0000,0.0000,0.0000,0
-4703.1636,-28634.3926,24.9425,-5097.5000,-28261.6113,21.9569,0.0000,0.0000,0.0000,0.0000,0.0000,0.0000,-3.1198,-0.1249,3.1221,0.0000,0.0000,0.0000,0
-4703.1636,-28634.3926,24.9425,-5097.3081,-28262.1523,21.9595,0.0000,0.0000,0.0000,0.0000,0.0000,0.0000,-3.1211,-0.1157,3.1210,0.0000,0.0000,0.0000,0
-4703.1636,-28634.3926,24.9425,-5097.1211,-28262.6895,21.9622,0.0000,0.0000,0.0000,0.0000,0.0000,0.0000,-3.1221,-0.1057,3.1199,0.0000,0.0000,0.0000,0
-4703.1636,-28634.3926,24.9425,-5096.9390,-28263.2227,21.9648,0.0000,0.0000,0.0000,0.0000,0.0000,0.0000,-3.1229,-0.0951,3.1188,0.0000,0.0000,0.0000,0
-4703.1636,-28634.3926,24.9425,-5096.7622,-28263.7520,21.9675,0.0000,0.0000,0.0000,0.0000,0.0000,0.0000,-3.1233,-0.0838,3.1177,0.0000,0.0000,0.0000,0
-4703.1636,-28634.3926,24.9425,-5096.5898,-28264.2754,21.9702,0.0000,0.0000,0.0000,0.0000,0.0000,0.0000,-3.1236,-0.0719,3.1163,0.0000,0.0000,0.0000,0
-4703.1636,-28634.3926,24.9425,-5096.4219,-28264.7949,21.9730,0.0000,0.0000,0.0000,0.0000,0.0000,0.0000,-3.1235,-0.0593,3.1148,0.0000,0.0000,0.0000,0
-4703.1636,-28634.3926,24.9425,-5096.2588,-28265.3105,21.9759,0.0000,0.0000,0.0000,0.0000,0.0000,0.0000,-3.1232,-0.0462,3.1131,0.0000,0.0000,0.0000,0
-4703.1636,-28634.3926,24.9425,-5096.1006,-28265.8223,21.9789,0.0000,0.0000,0.0000,0.0000,0.0000,0.0000,-3.1227,-0.0326,3.1114,0.0000,0.0000,0.0000,0
-4703.1636,-28634.3926,24.9425,-5095.9463,-28266.3281,21.9819,0.0000,0.0000,0.0000,0.0000,0.0000,0.0000,-3.1222,-0.0189,3.1099,0.0000,0.0000,0.0000,0
-4703.1636,-28634.3926,24.9425,-5095.7959,-28266.8301,21.9849,0.0000,0.0000,0.0000,0.0000,0.0000,0.0000,-3.1215,-0.0049,3.1083,0.0000,0.0000,0.0000,0
-4703.1636,-28634.3926,24.9425,-5095.6499,-28267.3281,21.9877,0.0000,0.0000,0.0000,0.0000,0.0000,0.0000,-3.1208,0.0093,3.1071,0.0000,0.0000,0.0000,0
-4703.1636,-28634.3926,24.9425,-5095.5068,-28267.8223,21.9903,0.0000,0.0000,0.0000,0.0000,0.0000,0.0000,-3.1202,0.0238,3.1061,0.0000,0.0000,0.0000,0
-4703.1636,-28634.3926,24.9425,-5095.3677,-28268.3125,21.9926,0.0000,0.0000,0.0000,0.0000,0.0000,0.0000,-3.1195,0.0385,3.1053,0.0000,0.0000,0.0000,0
-4703.1636,-28634.3926,24.9425,-5095.2314,-28268.7988,21.9944,0.0000,0.0000,0.0000,0.0000,0.0000,0.0000,-3.1189,0.0534,3.1046,0.0000,0.0000,0.0000,0
-4703.1636,-28634.3926,24.9425,-5095.0986,-28269.2812,21.9957,0.0000,0.0000,0.0000,0.0000,0.0000,0.0000,-3.1184,0.0686,3.1041,0.0000,0.0000,0.0000,0
-4703.1636,-28634.3926,24.9425,-5094.9688,-28269.7598,21.9965,0.0000,0.0000,0.0000,0.0000,0.0000,0.0000,-3.1178,0.0840,3.1036,0.0000,0.0000,0.0000,0
-4703.1636,-28634.3926,24.9425,-5094.8423,-28270.2344,21.9969,0.0000,0.0000,0.0000,0.0000,0.0000,0.0000,-3.1174,0.0997,3.1033,0.0000,0.0000,0.0000,0
-4703.1636,-28634.3926,24.9425,-5094.7192,-28270.7051,21.9967,0.0000,0.0000,0.0000,0.0000,0.0000,0.0000,-3.1169,0.1156,3.1031,0.0000,0.0000,0.0000,0
-4703.1636,-28634.3926,24.9425,-5094.5996,-28271.1699,21.9962,0.0000,0.0000,0.0000,0.0000,0.0000,0.0000,-3.1166,0.1317,3.1031,0.0000,0.0000,0.0000,0
-4703.1636,-28634.3926,24.9425,-5094.4829,-28271.6328,21.9953,0.0000,0.0000,0.0000,0.0000,0.0000,0.0000,-3.1163,0.1481,3.1033,0.0000,0.0000,0.0000,0
-4703.1636,-28634.3926,24.9425,-5094.3696,-28272.0898,21.9940,0.0000,0.0000,0.0000,0.0000,0.0000,0.0000,-3.1161,0.1647,3.1037,0.0000,0.0000,0.0000,0
-4703.1636,-28634.3926,24.9425,-5094.2603,-28272.5449,21.9924,0.0000,0.0000,0.0000,0.0000,0.0000,0.0000,-3.1159,0.1816,3.1044,0.0000,0.0000,0.0000,0
-4703.1636,-28634.3926,24.9425,-5094.1538,-28272.9941,21.9905,0.0000,0.0000,0.0000,0.0000,0.0000,0.0000,-3.1156,0.1987,3.1055,0.0000,0.0000,0.0000,0
-4703.1636,-28634.3926,24.9425,-5094.0508,-28273.4395,21.9884,0.0000,0.0000,0.0000,0.0000,0.0000,0.0000,-3.1154,0.2160,3.1069,0.0000,0.0000,0.0000,0
-4703.1636,-28634.3926,24.9425,-5093.9517,-28273.8809,21.9858,0.0000,0.0000,0.0000,0.0000,0.0000,0.0000,-3.1151,0.2336,3.1088,0.0000,0.0000,0.0000,0
-4703.1636,-28634.3926,24.9425,-5093.8555,-28274.3184,21.9829,0.0000,0.0000,0.0000,0.0000,0.0000,0.0000,-3.1147,0.2513,3.1110,0.0000,0.0000,0.0000,0
-4703.1636,-28634.3926,24.9425,-5093.7627,-28274.7520,21.9795,0.0000,0.0000,0.0000,0.0000,0.0000,0.0000,-3.1141,0.2693,3.1137,0.0000,0.0000,0.0000,0
-4703.1636,-28634.3926,24.9425,-5093.6733,-28275.1816,21.9756,0.0000,0.0000,0.0000,0.0000,0.0000,0.0000,-3.1134,0.2875,3.1168,0.0000,0.0000,0.0000,0
-4703.1636,-28634.3926,24.9425,-5093.5874,-28275.6074,21.9711,0.0000,0.0000,0.0000,0.0000,0.0000,0.0000,-3.1126,0.3057,3.1205,0.0000,0.0000,0.0000,0
-4703.1636,-28634.3926,24.9425,-5093.5044,-28276.0293,21.9665,0.0000,0.0000,0.0000,0.0000,0.0000,0.0000,-3.1115,0.3239,3.1241,0.0000,0.0000,0.0000,0
-4703.1636,-28634.3926,24.9425,-5093.4243,-28276.4453,21.9622,0.0000,0.0000,0.0000,0.0000,0.0000,0.0000,-3.1105,0.3418,3.1276,0.0000,0.0000,0.0000,0
-4703.1636,-28634.3926,24.9425,-5093.3462,-28276.8555,21.9583,0.0000,0.0000,0.0000,0.0000,0.0000,0.0000,-3.1094,0.3594,3.1310,0.0000,0.0000,0.0000,0
-4703.1636,-28634.3926,24.9425,-5093.2705,-28277.2598,21.9550,0.0000,0.0000,0.0000,0.0000,0.0000,0.0000,-3.1082,0.3765,3.1343,0.0000,0.0000,0.0000,0
-4703.1636,-28634.3926,24.9425,-5093.1963,-28277.6602,21.9521,0.0000,0.0000,0.0000,0.0000,0.0000,0.0000,-3.1071,0.3930,3.1376,0.0000,0.0000,0.0000,0
-4703.1636,-28634.3926,24.9425,-5093.1240,-28278.0547,21.9497,0.0000,0.0000,0.0000,0.0000,0.0000,0.0000,-3.1060,0.4090,3.1409,0.0000,0.0000,0.0000,0
-4703.1636,-28634.3926,24.9425,-5093.0527,-28278.4434,21.9478,0.0000,0.0000,0.0000,0.0000,0.0000,0.0000,-3.1050,0.4243,-3.1388,0.0000,0.0000,0.0000,0
-4703.1636,-28634.3926,24.9425,-5092.9819,-28278.8262,21.9465,0.0000,0.0000,0.0000,0.0000,0.0000,0.0000,-3.1040,0.4389,-3.1354,0.0000,0.0000,0.0000,0
-4703.1636,-28634.3926,24.9425,-5092.9106,-28279.2051,21.9459,0.0000,0.0000,0.0000,0.0000,0.0000,0.0000,-3.1031,0.4530,-3.1322,0.0000,0.0000,0.0000,0
-4703.1636,-28634.3926,24.9425,-5092.8384,-28279.5781,21.9460,0.0000,0.0000,0.0000,0.0000,0.0000,0.0000,-3.1022,0.4660,-3.1288,0.0000,0.0000,0.0000,0
-4703.1636,-28634.3926,24.9425,-5092.7656,-28279.9453,21.9464,0.0000,0.0000,0.0000,0.0000,0.0000,0.0000,-3.1015,0.4782,-3.1256,0.0000,0.0000,0.0000,0
-4703.1636,-28634.3926,24.9425,-5092.6914,-28280.3086,21.9471,0.0000,0.0000,0.0000,0.0000,0.0000,0.0000,-3.1009,0.4896,-3.1229,0.0000,0.0000,0.0000,0
-4703.1636,-28634.3926,24.9425,-5092.6167,-28280.6641,21.9481,0.0000,0.0000,0.0000,0.0000,0.0000,0.0000,-3.1005,0.5004,-3.1207,0.0000,0.0000,0.0000,0
-4703.1636,-28634.3926,24.9425,-5092.5415,-28281.0156,21.9494,0.0000,0.0000,0.0000,0.0000,0.0000,0.0000,-3.1001,0.5104,-3.1189,0.0000,0.0000,0.0000,0
-4703.1636,-28634.3926,24.9425,-5092.4653,-28281.3613,21.9509,0.0000,0.0000,0.0000,0.0000,0.0000,0.0000,-3.0998,0.5198,-3.1174,0.0000,0.0000,0.0000,0
-4703.1636,-28634.3926,24.9425,-5092.3887,-28281.7031,21.9524,0.0000,0.0000,0.0000,0.0000,0.0000,0.0000,-3.0995,0.5286,-3.1162,0.0000,0.0000,0.0000,0
-4703.1636,-28634.3926,24.9425,-5092.3110,-28282.0391,21.9539,0.0000,0.0000,0.0000,0.0000,0.0000,0.0000,-3.0993,0.5367,-3.1151,0.0000,0.0000,0.0000,0
-4703.1636,-28634.3926,24.9425,-5092.2334,-28282.3691,21.9553,0.0000,0.0000,0.0000,524.0639,-0.0473,0.0047,-3.0990,0.5442,-3.1142,0.0000,0.0000,0.0000,0
-4703.1636,-28634.3926,24.9425,-5092.1543,-28282.6934,21.9565,-4695.8862,-28629.6113,25.8991,526.6711,-0.0478,0.0042,-3.0988,0.5511,-3.1134,-4695.8862,-28629.6113,25.8991,1
-4703.1636,-28634.3926,24.9425,-5092.0752,-28283.0137,21.9576,-4697.6421,-28627.8555,23.5169,523.9120,-0.0469,0.0034,-3.0986,0.5574,-3.1128,-4695.9697,-28629.5273,25.7854,1
-4703.1636,-28634.3926,24.9425,-5091.9951,-28283.3301,21.9584,-4694.4609,-28626.4199,26.0154,525.1162,-0.0471,0.0041,-3.0983,0.5631,-3.1123,-4695.9058,-28629.3730,25.7855,1
-4703.1636,-28634.3926,24.9425,-5091.9146,-28283.6387,21.9590,-4702.0098,-28632.0352,27.0392,522.8927,-0.0435,0.0045,-3.0981,0.5681,-3.1119,-4696.1987,-28629.4785,25.8358,1
-4703.1636,-28634.3926,24.9425,-5091.8330,-28283.9453,21.9594,-4697.1890,-28630.9336,25.5344,525.4945,-0.0441,0.0040,-3.0979,0.5725,-3.1116,-4696.2749,-28629.5371,25.8177,1
-4703.1636,-28634.3926,24.9425,-5091.7515,-28284.2441,21.9596,-4693.9629,-28632.1934,26.8844,528.5018,-0.0439,0.0044,-3.0978,0.5763,-3.1114,-4696.1982,-28629.6602,25.8631,1
-4703.1636,-28634.3926,24.9425,-5091.6689,-28284.5410,21.9597,-4699.1562,-28629.8867,24.4346,522.8041,-0.0429,0.0037,-3.0976,0.5795,-3.1113,-4696.3618,-28629.6797,25.7946,1
-4703.1636,-28634.3926,24.9425,-5091.5859,-28284.8301,21.9596,-4700.7192,-28638.4609,27.2395,527.1085,-0.0403,0.0047,-3.0976,0.5821,-3.1114,-4696.6035,-28630.1074,25.8564,1
-4703.1636,-28634.3926,24.9425,-5091.5029,-28285.1172,21.9594,-4701.4717,-28627.1016,27.2524,518.7388,-0.0410,0.0047,-3.0974,0.5935,-3.1114,-4696.8921,-28630.0117,25.9236,1
-4703.1636,-28634.3926,24.9425,-5091.4194,-28285.3965,21.9591,-4692.0962,-28629.2559,23.5786,526.9616,-0.0404,0.0035,-3.0973,0.6056,-3.1115,-4696.7407,-28630.0117,25.8187,1
-4703.1636,-28634.3926,24.9425,-5091.3359,-28285.6738,21.9587,-4692.8018,-28618.3047,21.9879,519.0980,-0.0410,0.0030,-3.0971,0.6174,-3.1117,-4696.6040,-28629.4785,25.6298,1
-4703.1636,-28634.3926,24.9425,-5091.2529,-28285.9453,21.9582,-4701.5913,-28631.3926,25.6975,520.7391,-0.0346,0.0044,-3.0971,0.6280,-3.1119,-4696.8774,-28629.5469,25.6112,1
-4703.1636,-28634.3926,24.9425,-5091.1694,-28286.2109,21.9576,-4695.5044,-28623.3223,22.9749,519.7922,-0.0361,0.0035,-3.0971,0.6380,-3.1122,-4696.8682,-28629.2344,25.4632,1
-4703.1636,-28634.3926,24.9425,-5091.0859,-28286.4727,21.9570,-4689.9048,-28623.8105,21.9510,524.1486,-0.0356,0.0032,-3.0972,0.6474,-3.1126,-4696.5850,-28628.9336,25.2627,1
-4703.1636,-28634.3926,24.9425,-5091.0034,-28286.7305,21.9563,-4692.2256,-28617.3945,21.9661,518.0265,-0.0354,0.0032,-3.0974,0.6560,-3.1131,-4696.3916,-28628.3105,25.0552,1
-4703.1636,-28634.3926,24.9425,-5090.9204,-28286.9844,21.9556,-4699.9282,-28629.2852,26.9647,519.6663,-0.0300,0.0049,-3.0977,0.6635,-3.1136,-4696.5586,-28628.2383,25.0842,1
-4703.1636,-28634.3926,24.9425,-5090.8384,-28287.2324,21.9550,-4698.5845,-28632.0352,25.2463,522.2531,-0.0285,0.0044,-3.0981,0.6705,-3.1143,-4696.6685,-28628.3086,25.0387,1
-4703.1636,-28634.3926,24.9425,-5090.7563,-28287.4766,21.9543,-4697.2119,-28629.0000,22.7290,521.0602,-0.0285,0.0036,-3.0987,0.6769,-3.1151,-4696.7168,-28628.2480,24.8762,1
-4703.1636,-28634.3926,24.9425,-5090.6753,-28287.7168,21.9536,-4695.8027,-28621.4570,22.1085,517.0060,-0.0296,0.0034,-3.0994,0.6828,-3.1161,-4696.6963,-28627.8320,24.6810,1
-4703.1636,-28634.3926,24.9425,-5090.5952,-28287.9531,21.9529,-4706.2456,-28631.3242,23.3649,515.3812,-0.0246,0.0039,-3.1004,0.6871,-3.1174,-4697.1792,-28627.8828,24.5439,1
-4703.1636,-28634.3926,24.9425,-5090.5156,-28288.1855,21.9523,-4700.2832,-28633.8027,25.2941,521.2758,-0.0246,0.0045,-3.1016,0.6912,-3.1190,-4697.3916,-28628.0664,24.5016,1
-4703.1636,-28634.3926,24.9425,-5090.4370,-28288.4141,21.9516,-4695.6802,-28632.8047,23.7404,523.8584,-0.0252,0.0040,-3.1032,0.6952,-3.1210,-4697.3867,-28628.2207,24.3916,1
-4703.1636,-28634.3926,24.9425,-5090.3594,-28288.6387,21.9511,-4698.9736,-28624.9766,22.2151,516.0377,-0.0257,0.0035,-3.1050,0.6991,-3.1233,-4697.5312,-28628.0137,24.2101,1
-4703.1636,-28634.3926,24.9425,-5090.2837,-28288.8613,21.9508,-4704.9800,-28634.7227,27.0103,517.7727,-0.0219,0.0049,-3.1071,0.7021,-3.1256,-4697.9648,-28628.2734,24.2604,1
-4703.1636,-28634.3926,24.9425,-5090.2090,-28289.0820,21.9508,-4700.8525,-28634.2871,25.7231,520.3508,-0.0224,0.0044,-3.1094,0.7047,-3.1279,-4698.2104,-28628.5312,24.2598,1
-4703.1636,-28634.3926,24.9425,-5090.1362,-28289.2988,21.9509,-4696.7036,-28633.7871,24.5286,522.9293,-0.0230,0.0039,-3.1119,0.7074,-3.1302,-4698.2573,-28628.7773,24.2095,1
-4703.1636,-28634.3926,24.9425,-5090.0654,-28289.5137,21.9512,-4700.2852,-28626.3086,23.4095,515.1214,-0.0235,0.0034,-3.1146,0.7105,-3.1324,-4698.4658,-28628.6777,24.1098,1
-4703.1636,-28634.3926,24.9425,-5089.9961,-28289.7266,21.9515,-4700.9204,-28637.5039,25.9385,521.8541,-0.0205,0.0040,-3.1174,0.7127,-3.1345,-4698.7017,-28629.1094,24.1337,1
-4703.1636,-28634.3926,24.9425,-5089.9287,-28289.9375,21.9519,-4700.7915,-28634.0586,26.6270,519.4761,-0.0210,0.0040,-3.1204,0.7150,-3.1365,-4698.9292,-28629.3965,24.1992,1
-4703.1636,-28634.3926,24.9425,-5089.8633,-28290.1465,21.9522,-4696.6963,-28633.5898,25.8579,522.0505,-0.0215,0.0035,-3.1234,0.7176,-3.1385,-4698.9575,-28629.6680,24.2364,1
-4703.1636,-28634.3926,24.9425,-5089.7993,-28290.3535,21.9528,-4704.5942,-28631.0508,25.0955,514.2548,-0.0201,0.0030,-3.1263,0.7205,-3.1399,-4699.3545,-28629.8223,24.2442,1
-4703.1636,-28634.3926,24.9425,-5089.7378,-28290.5586,21.9536,-4704.3501,-28633.7637,27.8409,516.0780,-0.0192,0.0036,-3.1289,0.7229,-3.1408,-4699.7432,-28630.1074,24.3889,1
-4703.1636,-28634.3926,24.9425,-5089.6782,-28290.7617,21.9546,-4700.2979,-28633.3418,27.2681,518.6484,-0.0197,0.0031,-3.1313,0.7254,-3.1412,-4699.9380,-28630.3730,24.5151,1
-4703.1636,-28634.3926,24.9425,-5089.6196,-28290.9648,21.9560,-4696.1455,-28632.7754,26.5581,521.2191,-0.0203,0.0026,-3.1333,0.7282,-3.1416,-4699.9243,-28630.6133,24.6140,1
-4703.1636,-28634.3926,24.9425,-5089.5625,-28291.1680,21.9575,-4703.9839,-28630.1934,25.5792,513.4346,-0.0188,0.0021,-3.1350,0.7313,3.1412,-4700.2700,-28630.7246,24.6712,1
-4703.1636,-28634.3926,24.9425,-5089.5059,-28291.3672,21.9591,-4703.8291,-28633.0684,27.3721,515.2928,-0.0178,0.0024,-3.1363,0.7339,3.1408,-4700.6074,-28630.9668,24.8167,1
-4703.1636,-28634.3926,24.9425,-5089.4507,-28291.5664,21.9606,-4699.6953,-28632.5332,26.1712,517.8597,-0.0184,0.0019,-3.1373,0.7367,3.1406,-4700.7422,-28631.1797,24.9089,1
-4703.1636,-28634.3926,24.9425,-5089.3960,-28291.7656,21.9617,-4695.4756,-28631.8652,24.8342,520.4268,-0.0189,0.0014,-3.1379,0.7398,3.1404,-4700.6611,-28631.3555,24.9379,1
-4703.1636,-28634.3926,24.9425,-5089.3423,-28291.9629,21.9626,-4703.3828,-28629.3789,23.3632,512.6531,-0.0175,0.0009,-3.1383,0.7427,3.1405,-4700.9390,-28631.4043,24.8928,1
-4703.1636,-28634.3926,24.9425,-5089.2896,-28292.1582,21.9631,-4703.3682,-28632.4375,26.9036,514.5313,-0.0163,0.0020,-3.1383,0.7455,3.1406,-4701.2129,-28631.5859,25.0145,1
-4703.1636,-28634.3926,24.9425,-5089.2378,-28292.3535,21.9633,-4699.1812,-28631.8184,25.3056,517.0947,-0.0169,0.0015,-3.1381,0.7484,3.1409,-4701.2793,-28631.7324,25.0615,1
-4703.1636,-28634.3926,24.9425,-5089.1870,-28292.5488,21.9632,-4699.5073,-28633.3730,27.7022,517.7225,-0.0160,0.0023,-3.1378,0.7517,3.1412,-4701.3467,-28631.9473,25.2228,1
-4703.1636,-28634.3926,24.9425,-5089.1367,-28292.7402,21.9629,-4702.7705,-28628.5371,21.8908,511.8951,-0.0160,0.0005,-3.1372,0.7547,-3.1415,-4701.5586,-28631.9199,25.1055,1
-4703.1636,-28634.3926,24.9425,-5089.0869,-28292.9316,21.9624,-4702.9243,-28631.8184,26.6614,513.7914,-0.0148,0.0020,-3.1366,0.7576,-3.1411,-4701.7720,-28632.0371,25.2104,1
-4703.1636,-28634.3926,24.9425,-5089.0386,-28293.1211,21.9618,-4698.7173,-28631.1523,24.8883,516.3515,-0.0153,0.0015,-3.1359,0.7607,-3.1405,-4701.7754,-28632.1133,25.2308,1
-4703.1636,-28634.3926,24.9425,-5088.9902,-28293.3105,21.9611,-4698.7046,-28635.2891,23.0731,518.9119,-0.0139,0.0010,-3.1351,0.7640,-3.1400,-4701.7622,-28632.3809,25.1609,1
-4703.1636,-28634.3926,24.9425,-5088.9429,-28293.4980,21.9604,-4702.2783,-28627.8262,21.2724,511.1587,-0.0144,0.0005,-3.1343,0.7671,-3.1394,-4701.9062,-28632.2852,24.9943,1
-4703.1636,-28634.3926,24.9425,-5088.8965,-28293.6836,21.9598,-4702.5215,-28631.2422,26.6154,513.0744,-0.0132,0.0022,-3.1335,0.7700,-3.1389,-4702.0552,-28632.3379,25.0784,1
-4703.1636,-28634.3926,24.9425,-5088.8501,-28293.8672,21.9591,-4698.3281,-28630.5664,24.8484,515.6313,-0.0137,0.0017,-3.1328,0.7730,-3.1384,-4701.9951,-28632.3496,25.0799,1
-4703.1636,-28634.3926,24.9425,-5088.8052,-28294.0488,21.9586,-4698.4209,-28634.8164,23.0634,518.1884,-0.0123,0.0012,-3.1321,0.7760,-3.1379,-4701.9243,-28632.5547,24.9939,1
-4703.1636,-28634.3926,24.9425,-5088.7603,-28294.2305,21.9581,-4702.0396,-28627.4023,21.3263,510.4449,-0.0128,0.0007,-3.1315,0.7790,-3.1375,-4702.0132,-28632.4004,24.8162,1
-4703.1636,-28634.3926,24.9425,-5088.7163,-28294.4102,21.9577,-4702.1582,-28630.7031,26.6869,512.3815,-0.0116,0.0024,-3.1310,0.7818,-3.1371,-4702.1030,-28632.3906,24.8923,1
-4703.1636,-28634.3926,24.9425,-5088.6729,-28294.5879,21.9573,-4702.2598,-28634.9414,24.9918,514.9352,-0.0102,0.0019,-3.1306,0.7847,-3.1367,-4702.1929,-28632.5762,24.8908,1
-4703.1636,-28634.3926,24.9425,-5088.6299,-28294.7637,21.9571,-4698.1812,-28634.3926,23.3332,517.4893,-0.0107,0.0014,-3.1303,0.7874,-3.1364,-4702.0811,-28632.7383,24.8098,1
-4703.1636,-28634.3926,24.9425,-5088.5874,-28294.9395,21.9569,-4701.8643,-28627.0527,21.6995,509.7552,-0.0113,0.0009,-3.1301,0.7903,-3.1362,-4702.1323,-28632.5410,24.6445,1
-4703.1636,-28634.3926,24.9425,-5088.5454,-28295.1133,21.9569,-4701.8203,-28630.1934,26.7834,511.7132,-0.0102,0.0025,-3.1299,0.7929,-3.1360,-4702.1772,-28632.4805,24.7219,1
-4703.1636,-28634.3926,24.9425,-5088.5044,-28295.2832,21.9567,-4698.8770,-28634.6543,25.5943,516.7088,-0.0092,0.0022,-3.1295,0.7962,-3.1356,-4702.0757,-28632.6270,24.7473,1
-4703.1636,-28634.3926,24.9425,-5088.4634,-28295.4492,21.9563,-4697.3813,-28633.3184,23.3233,516.8151,-0.0093,0.0015,-3.1286,0.7999,-3.1349,-4701.8901,-28632.7129,24.6659,1
-4703.1636,-28634.3926,24.9425,-5088.4233,-28295.6113,21.9558,-4700.5049,-28625.3008,21.4858,509.0900,-0.0098,0.0010,-3.1274,0.8045,-3.1340,-4701.8418,-28632.4023,24.4908,1
-4703.1636,-28634.3926,24.9425,-5088.3838,-28295.7715,21.9550,-4704.8198,-28633.5078,26.4630,511.0756,-0.0063,0.0027,-3.1261,0.8096,-3.1329,-4702.0000,-28632.4746,24.5538,1
-4703.1636,-28634.3926,24.9425,-5088.3442,-28295.9258,21.9542,-4699.9058,-28631.9688,24.6141,513.6236,-0.0068,0.0022,-3.1247,0.8148,-3.1319,-4701.9248,-28632.4727,24.5330,1
-4703.1636,-28634.3926,24.9425,-5088.3052,-28296.0801,21.9535,-4694.9170,-28630.2715,22.8250,516.1719,-0.0074,0.0017,-3.1237,0.8203,-3.1310,-4701.6016,-28632.3867,24.4271,1
-4703.1636,-28634.3926,24.9425,-5088.2661,-28296.2305,21.9529,-4697.7803,-28621.8848,21.1483,508.4552,-0.0079,0.0012,-3.1230,0.8259,-3.1304,-4701.3975,-28631.8809,24.2352,1
-4703.1636,-28634.3926,24.9425,-5088.2271,-28296.3809,21.9526,-4704.3403,-28632.8418,26.7432,510.4778,-0.0032,0.0030,-3.1227,0.8312,-3.1300,-4701.5078,-28631.8887,24.3125,1
-4703.1636,-28634.3926,24.9425,-5088.1885,-28296.5273,21.9525,-4699.5234,-28631.3848,25.2660,513.0231,-0.0037,0.0025,-3.1227,0.8362,-3.1299,-4701.3916,-28631.8301,24.3258,1
-4703.1636,-28634.3926,24.9425,-5088.1499,-28296.6738,21.9526,-4695.5928,-28630.6953,26.3781,515.4437,-0.0039,0.0027,-3.1231,0.8410,-3.1300,-4701.0820,-28631.7383,24.3970,1
-4703.1636,-28634.3926,24.9425,-5088.1118,-28296.8184,21.9530,-4698.1152,-28621.8027,28.4754,507.6843,-0.0048,0.0033,-3.1237,0.8459,-3.1302,-4700.8809,-28631.2090,24.5795,1
-4703.1636,-28634.3926,24.9425,-5088.0737,-28296.9609,21.9535,-4704.3740,-28632.7617,27.0023,509.9057,-0.0003,0.0028,-3.1244,0.8499,-3.1305,-4700.9844,-28631.1973,24.6993,1
-4703.1636,-28634.3926,24.9425,-5088.0356,-28297.1016,21.9542,-4699.9253,-28631.7168,25.7267,512.4486,-0.0009,0.0023,-3.1253,0.8538,-3.1309,-4700.8818,-28631.1445,24.7617,1
-4703.1636,-28634.3926,24.9425,-5087.9976,-28297.2402,21.9550,-4695.4766,-28630.6230,24.4466,514.9918,-0.0014,0.0018,-3.1263,0.8577,-3.1315,-4700.5649,-28631.0449,24.7632,1
-4703.1636,-28634.3926,24.9425,-5087.9595,-28297.3789,21.9559,-4703.0000,-28627.7617,23.0974,507.2906,0.0000,0.0013,-3.1273,0.8616,-3.1320,-4700.6060,-28630.8066,24.6963,1
-4703.1636,-28634.3926,24.9425,-5087.9214,-28297.5156,21.9567,-4704.3477,-28632.6191,27.0261,509.3530,0.0019,0.0025,-3.1283,0.8645,-3.1326,-4700.7231,-28630.8066,24.8177,1
-4703.1636,-28634.3926,24.9425,-5087.8838,-28297.6504,21.9575,-4700.2925,-28632.0156,25.7334,511.8934,0.0013,0.0020,-3.1292,0.8672,-3.1331,-4700.6543,-28630.7852,24.8803,1
-4703.1636,-28634.3926,24.9425,-5087.8457,-28297.7852,21.9583,-4696.2549,-28631.3984,24.3983,514.4342,0.0008,0.0015,-3.1301,0.8699,-3.1337,-4700.3916,-28630.7422,24.8788,1
-4703.1636,-28634.3926,24.9425,-5087.8081,-28297.9180,21.9589,-4704.1484,-28628.9668,22.9748,506.7403,0.0022,0.0010,-3.1309,0.8727,-3.1342,-4700.5083,-28630.5840,24.8042,1
-4703.1636,-28634.3926,24.9425,-5087.7705,-28298.0508,21.9595,-4704.3247,-28632.4824,26.9118,508.8152,0.0033,0.0021,-3.1316,0.8744,-3.1346,-4700.6455,-28630.6016,24.9178,1
-4703.1636,-28634.3926,24.9425,-5087.7334,-28298.1816,21.9600,-4700.6914,-28632.3574,25.4926,511.3534,0.0028,0.0016,-3.1322,0.8759,-3.1350,-4700.6162,-28630.6191,24.9657,1
-4703.1636,-28634.3926,24.9425,-5087.6958,-28298.3105,21.9604,-4701.2178,-28637.0137,23.9935,513.8918,0.0042,0.0011,-3.1327,0.8776,-3.1353,-4700.6147,-28630.8730,24.9406,1
-4703.1636,-28634.3926,24.9425,-5087.6587,-28298.4395,21.9607,-4705.3491,-28630.2305,22.4709,506.2050,0.0036,0.0006,-3.1331,0.8789,-3.1356,-4700.8208,-28630.8145,24.8360,1
-4703.1636,-28634.3926,24.9425,-5087.6211,-28298.5684,21.9608,-4704.2085,-28632.2402,26.7637,508.2900,0.0040,0.0020,-3.1333,0.8798,-3.1358,-4700.9824,-28630.8555,24.9363,1
-4703.1636,-28634.3926,24.9425,-5087.5845,-28298.6953,21.9609,-4700.8022,-28632.3672,25.2095,510.8259,0.0034,0.0015,-3.1334,0.8806,-3.1359,-4700.9849,-28630.9062,24.9641,1
-4703.1636,-28634.3926,24.9425,-5087.5474,-28298.8203,21.9610,-4701.5459,-28637.2637,23.5891,513.3621,0.0049,0.0010,-3.1335,0.8817,-3.1360,-4701.0220,-28631.1992,24.9126,1
-4703.1636,-28634.3926,24.9425,-5087.5107,-28298.9453,21.9609,-4705.9351,-28630.7832,21.9652,505.6821,0.0043,0.0005,-3.1335,0.8822,-3.1360,-4701.2773,-28631.1934,24.7757,1
-4703.1636,-28634.3926,24.9425,-5087.4741,-28299.0684,21.9608,-4704.0195,-28631.9102,26.6605,507.7767,0.0042,0.0019,-3.1334,0.8824,-3.1360,-4701.4478,-28631.2422,24.8634,1
-4703.1636,-28634.3926,24.9425,-5087.4375,-28299.1914,21.9607,-4700.8179,-28632.2637,25.0279,510.3104,0.0037,0.0014,-3.1333,0.8827,-3.1360,-4701.4644,-28631.3066,24.8753,1
-4703.1636,-28634.3926,24.9425,-5087.4014,-28299.3145,21.9605,-4701.9497,-28637.6016,23.3472,512.8444,0.0051,0.0009,-3.1331,0.8825,-3.1359,-4701.5322,-28631.6328,24.8053,1
-4703.1636,-28634.3926,24.9425,-5087.3652,-28299.4355,21.9604,-4701.0474,-28632.3691,26.0168,509.9964,0.0037,0.0018,-3.1329,0.8824,-3.1359,-4701.5542,-28631.7188,24.8620,1
-4703.1636,-28634.3926,24.9425,-5087.3296,-28299.5547,21.9602,-4703.7612,-28631.5020,26.6184,507.2758,0.0039,0.0020,-3.1327,0.8822,-3.1358,-4701.7056,-28631.7598,24.9516,1
-4703.1636,-28634.3926,24.9425,-5087.2939,-28299.6738,21.9600,-4704.8965,-28636.8262,24.9453,509.8074,0.0054,0.0015,-3.1325,0.8821,-3.1357,-4701.9146,-28632.0566,24.9625,1
-4703.1636,-28634.3926,24.9425,-5087.2583,-28299.7910,21.9598,-4699.0566,-28636.6836,24.3087,514.0021,0.0041,0.0013,-3.1323,0.8816,-3.1356,-4701.8418,-28632.3555,24.9417,1
-4703.1636,-28634.3926,24.9425,-5087.2231,-28299.9082,21.9597,-4705.5327,-28634.0762,22.2790,507.3008,0.0047,0.0007,-3.1322,0.8812,-3.1356,-4702.0762,-28632.5332,24.8184,1
-4703.1636,-28634.3926,24.9425,-5087.1880,-28300.0234,21.9595,-4703.4438,-28631.0215,26.6261,506.7882,0.0034,0.0021,-3.1320,0.8807,-3.1355,-4702.2124,-28632.5566,24.9028,1
-4703.1636,-28634.3926,24.9425,-5087.1533,-28300.1387,21.9594,-4704.6436,-28636.4238,24.9765,509.3177,0.0049,0.0016,-3.1319,0.8803,-3.1355,-4702.4058,-28632.8379,24.9102,1
-4703.1636,-28634.3926,24.9425,-5087.1191,-28300.2520,21.9593,-4701.7588,-28637.1309,23.3447,511.8475,0.0043,0.0011,-3.1318,0.8796,-3.1355,-4702.4585,-28633.1562,24.8378,1
-4703.1636,-28634.3926,24.9425,-5087.0850,-28300.3652,21.9593,-4698.7930,-28637.7305,21.7042,514.3769,0.0038,0.0006,-3.1318,0.8792,-3.1355,-4702.3608,-28633.5039,24.6823,1
-4703.1636,-28634.3926,24.9425,-5087.0508,-28300.4766,21.9592,-4707.2456,-28635.2715,26.6285,506.3144,0.0048,0.0022,-3.1317,0.8787,-3.1355,-4702.6641,-28633.7363,24.7607,1
-4703.1636,-28634.3926,24.9425,-5087.0171,-28300.5879,21.9592,-4704.4180,-28636.0488,25.0412,508.8419,0.0043,0.0017,-3.1317,0.8778,-3.1355,-4702.8340,-28634.0020,24.7662,1
-4703.1636,-28634.3926,24.9425,-5086.9834,-28300.6973,21.9592,-4701.5171,-28636.7285,23.4442,511.3696,0.0037,0.0012,-3.1317,0.8772,-3.1356,-4702.8608,-28634.2949,24.6947,1
-4703.1636,-28634.3926,24.9425,-5086.9502,-28300.8047,21.9592,-4698.6572,-28637.4375,21.8384,513.8972,0.0032,0.0007,-3.1318,0.8764,-3.1356,-4702.7397,-28634.6172,24.5428,1
-4703.1636,-28634.3926,24.9425,-5086.9175,-28300.9141,21.9592,-4706.8477,-28634.7109,26.6492,505.8544,0.0041,0.0022,-3.1318,0.8759,-3.1357,-4703.0054,-28634.8047,24.6210,1
-4703.1636,-28634.3926,24.9425,-5086.8848,-28301.0195,21.9593,-4704.0171,-28635.4727,25.0885,508.3799,0.0035,0.0017,-3.1319,0.8750,-3.1357,-4703.1362,-28635.0176,24.6284,1
-4703.1636,-28634.3926,24.9425,-5086.8521,-28301.1250,21.9593,-4704.1226,-28633.2422,23.3641,506.7359,0.0029,0.0011,-3.1320,0.8743,-3.1358,-4703.2695,-28635.1094,24.5528,1
-4703.1636,-28634.3926,24.9425,-5086.8198,-28301.2305,21.9594,-4698.2725,-28636.8574,21.9294,513.4313,0.0024,0.0007,-3.1321,0.8736,-3.1359,-4703.1147,-28635.3652,24.4061,1
-4703.1636,-28634.3926,24.9425,-5086.7876,-28301.3340,21.9595,-4702.4526,-28637.9277,23.8195,510.8891,0.0034,0.0012,-3.1322,0.8727,-3.1360,-4703.1460,-28635.6660,24.3466,1
-4703.1636,-28634.3926,24.9425,-5086.7559,-28301.4375,21.9595,-4703.7231,-28635.0176,25.1077,507.9314,0.0028,0.0016,-3.1323,0.8719,-3.1361,-4703.2339,-28635.8184,24.3510,1
-4703.1636,-28634.3926,24.9425,-5086.7246,-28301.5410,21.9596,-4700.8506,-28635.7070,23.5419,510.4554,0.0022,0.0011,-3.1324,0.8712,-3.1361,-4703.1782,-28635.9902,24.2823,1
-4703.1636,-28634.3926,24.9425,-5086.6934,-28301.6406,21.9597,-4702.1733,-28641.1895,21.9380,512.9790,0.0037,0.0006,-3.1325,0.8706,-3.1362,-4703.1787,-28636.4199,24.1357,1
-4703.1636,-28634.3926,24.9425,-5086.6626,-28301.7422,21.9597,-4706.1182,-28633.6602,26.6502,504.9739,0.0026,0.0021,-3.1326,0.8698,-3.1363,-4703.3682,-28636.4805,24.2175,1
-4703.1636,-28634.3926,24.9425,-5086.6318,-28301.8418,21.9598,-4703.2471,-28634.3535,25.0997,507.4957,0.0020,0.0016,-3.1327,0.8691,-3.1364,-4703.4194,-28636.5547,24.2307,1
-4703.1636,-28634.3926,24.9425,-5086.6011,-28301.9395,21.9598,-4700.3291,-28634.9766,23.5311,510.0179,0.0015,0.0011,-3.1328,0.8686,-3.1364,-4703.3237,-28636.6465,24.1707,1
-4703.1636,-28634.3926,24.9425,-5086.5708,-28302.0391,21.9599,-4701.5957,-28640.4082,21.9241,512.5397,0.0029,0.0006,-3.1328,0.8681,-3.1365,-4703.2798,-28636.9883,24.0326,1
-4703.1636,-28634.3926,24.9425,-5086.5410,-28302.1348,21.9599,-4705.6748,-28633.0410,26.6361,504.5522,0.0019,0.0021,-3.1329,0.8675,-3.1365,-4703.4307,-28636.9668,24.1230,1
-4703.1636,-28634.3926,24.9425,-5086.5112,-28302.2324,21.9600,-4702.7607,-28633.6738,25.0797,507.0723,0.0013,0.0016,-3.1330,0.8669,-3.1366,-4703.4404,-28636.9551,24.1445,1
-4703.1636,-28634.3926,24.9425,-5086.4814,-28302.3262,21.9600,-4705.7148,-28630.8438,26.2102,502.9099,0.0012,0.0020,-3.1330,0.8665,-3.1366,-4703.5923,-28636.7871,24.2263,1
-4703.1636,-28634.3926,24.9425,-5086.4521,-28302.4219,21.9600,-4701.1528,-28639.7734,21.8938,512.1128,0.0022,0.0006,-3.1331,0.8657,-3.1366,-4703.5225,-28637.0352,24.1017,1
-4703.1636,-28634.3926,24.9425,-5086.4229,-28302.5156,21.9601,-4704.8398,-28635.5762,26.5813,506.5071,0.0019,0.0021,-3.1331,0.8652,-3.1367,-4703.6245,-28637.0801,24.2027,1
-4703.1636,-28634.3926,24.9425,-5086.3940,-28302.6094,21.9601,-4702.2827,-28633.0020,25.0567,506.6606,0.0007,0.0016,-3.1331,0.8648,-3.1367,-4703.6006,-28636.9863,24.2353,1
-4703.1636,-28634.3926,24.9425,-5086.3657,-28302.7012,21.9601,-4703.4663,-28638.3398,23.4563,509.1793,0.0021,0.0011,-3.1332,0.8645,-3.1367,-4703.6299,-28637.1387,24.1918,1
-4703.1636,-28634.3926,24.9425,-5086.3374,-28302.7930,21.9601,-4700.5630,-28638.9688,21.8611,511.6978,0.0016,0.0006,-3.1332,0.8639,-3.1368,-4703.5146,-28637.3203,24.0690,1
-4703.1636,-28634.3926,24.9425,-5086.3091,-28302.8828,21.9601,-4704.7969,-28631.8066,26.6079,503.7436,0.0007,0.0021,-3.1332,0.8635,-3.1368,-4703.5981,-28637.1445,24.1754,1
-4703.1636,-28634.3926,24.9425,-5086.2812,-28302.9727,21.9601,-4701.7925,-28632.3105,25.0427,506.2603,0.0001,0.0016,-3.1332,0.8632,-3.1368,-4703.5347,-28636.9785,24.2110,1
-4703.1636,-28634.3926,24.9425,-5086.2534,-28303.0625,21.9601,-4702.9443,-28637.6211,23.4416,508.7775,0.0016,0.0011,-3.1332,0.8630,-3.1368,-4703.5220,-28637.0566,24.1700,1
-4703.1636,-28634.3926,24.9425,-5086.2261,-28303.1504,21.9601,-4699.9971,-28638.1895,21.8460,511.2945,0.0010,0.0006,-3.1333,0.8625,-3.1368,-4703.3633,-28637.1621,24.0497,1
-4703.1636,-28634.3926,24.9425,-5086.1987,-28303.2383,21.9601,-4704.4004,-28631.2363,26.5997,503.3560,0.0002,0.0021,-3.1333,0.8621,-3.1368,-4703.4121,-28636.9219,24.1590,1
-4703.1636,-28634.3926,24.9425,-5086.1719,-28303.3262,21.9601,-4705.4648,-28636.4395,25.0150,505.8715,0.0016,0.0016,-3.1333,0.8621,-3.1369,-4703.5156,-28636.9238,24.1962,1
-4703.1636,-28634.3926,24.9425,-5086.1450,-28303.4121,21.9601,-4702.5093,-28637.0020,23.4368,508.3867,0.0011,0.0011,-3.1333,0.8617,-3.1369,-4703.4775,-28636.9512,24.1579,1
-4703.1636,-28634.3926,24.9425,-5086.1187,-28303.4980,21.9601,-4699.5273,-28637.5195,21.8430,510.9021,0.0005,0.0006,-3.1333,0.8614,-3.1369,-4703.2910,-28637.0020,24.0401,1
-4703.1636,-28634.3926,24.9425,-5086.0923,-28303.5820,21.9602,-4703.8784,-28630.5156,26.5911,502.9791,-0.0003,0.0021,-3.1333,0.8614,-3.1369,-4703.3086,-28636.7051,24.1517,1
-4703.1636,-28634.3926,24.9425,-5086.0659,-28303.6660,21.9602,-4704.9185,-28635.6992,25.0102,505.4930,0.0012,0.0016,-3.1334,0.8614,-3.1369,-4703.3794,-28636.6484,24.1912,1
-4703.1636,-28634.3926,24.9425,-5086.0400,-28303.7500,21.9602,-4701.9248,-28636.2070,23.4357,508.0067,0.0006,0.0011,-3.1334,0.8611,-3.1369,-4703.3071,-28636.6172,24.1552,1
-4703.1636,-28634.3926,24.9425,-5086.0146,-28303.8320,21.9602,-4698.9019,-28636.6641,21.8454,510.5206,0.0000,0.0006,-3.1334,0.8609,-3.1369,-4703.0835,-28636.6055,24.0397,1
-4703.1636,-28634.3926,24.9425,-5085.9893,-28303.9141,21.9602,-4707.6074,-28634.7188,26.5668,502.6126,0.0014,0.0020,-3.1334,0.8609,-3.1369,-4703.2803,-28636.5000,24.1523,1
-4703.1636,-28634.3926,24.9425,-5085.9639,-28303.9941,21.9602,-4701.4536,-28636.2188,24.1775,508.1561,0.0004,0.0013,-3.1334,0.8606,-3.1370,-4703.1841,-28636.4668,24.1525,1
-4703.1636,-28634.3926,24.9425,-5085.9390,-28304.0762,21.9602,-4701.6147,-28635.7266,23.4373,507.6373,0.0002,0.0010,-3.1335,0.8604,-3.1370,-4703.0918,-28636.4082,24.1165,1
-4703.1636,-28634.3926,24.9425,-5085.9141,-28304.1543,21.9602,-4698.5249,-28636.0938,21.8477,510.1497,-0.0003,0.0005,-3.1335,0.8604,-3.1370,-4702.8462,-28636.3672,24.0011,1
-4703.1636,-28634.3926,24.9425,-5085.8896,-28304.2344,21.9603,-4701.1372,-28638.3340,24.8733,509.5689,0.0007,0.0015,-3.1335,0.8604,-3.1370,-4702.7192,-28636.4375,24.0292,1
-4703.1636,-28634.3926,24.9425,-5085.8652,-28304.3125,21.9603,-4704.1968,-28634.6387,25.0055,504.7672,0.0004,0.0015,-3.1335,0.8602,-3.1370,-4702.7422,-28636.3320,24.0672,1
-4703.1636,-28634.3926,24.9425,-5085.8408,-28304.3906,21.9603,-4702.3789,-28639.1035,28.1405,509.0235,0.0011,0.0025,-3.1336,0.8602,-3.1370,-4702.6816,-28636.4434,24.2616,1
-4703.1636,-28634.3926,24.9425,-5085.8169,-28304.4668,21.9603,-4698.0171,-28635.3711,21.8472,509.7890,-0.0007,0.0005,-3.1336,0.8602,-3.1371,-4702.4092,-28636.3809,24.1566,1
-4703.1636,-28634.3926,24.9425,-5085.7930,-28304.5449,21.9603,-4706.8950,-28633.6875,26.5552,501.9094,0.0007,0.0020,-3.1336,0.8600,-3.1371,-4702.5679,-28636.2305,24.2781,1
-4703.1636,-28634.3926,24.9425,-5085.7695,-28304.6191,21.9603,-4703.8179,-28634.0840,25.0005,504.4191,0.0001,0.0015,-3.1336,0.8600,-3.1371,-4702.5874,-28636.0957,24.3272,1
-4703.1636,-28634.3926,24.9425,-5085.7461,-28304.6953,21.9604,-4704.1787,-28631.7773,26.2460,502.5811,-0.0003,0.0019,-3.1337,0.8600,-3.1371,-4702.6309,-28635.8418,24.4392,1
-4703.1636,-28634.3926,24.9425,-5085.7227,-28304.7695,21.9604,-4701.7461,-28640.2285,26.5269,509.8873,0.0012,0.0020,-3.1337,0.8600,-3.1371,-4702.5596,-28635.9980,24.5669,1
-4703.1636,-28634.3926,24.9425,-5085.6997,-28304.8438,21.9604,-4706.3804,-28632.9844,26.5460,501.5721,0.0004,0.0020,-3.1337,0.8600,-3.1371,-4702.7183,-28635.8125,24.7003,1
-4703.1636,-28634.3926,24.9425,-5085.6772,-28304.9160,21.9604,-4703.2959,-28633.3633,24.9924,504.0804,-0.0002,0.0015,-3.1337,0.8601,-3.1371,-4702.7339,-28635.6406,24.7583,1
-4703.1636,-28634.3926,24.9425,-5085.6543,-28304.9902,21.9604,-4700.2856,-28633.8125,23.4243,506.5885,-0.0007,0.0010,-3.1337,0.8598,-3.1371,-4702.6030,-28635.4883,24.7368,1
-4703.1636,-28634.3926,24.9425,-5085.6318,-28305.0605,21.9604,-4701.4067,-28639.0059,28.2175,509.0968,0.0007,0.0025,-3.1338,0.8598,-3.1372,-4702.5225,-28635.5918,24.9451,1
-4703.1636,-28634.3926,24.9425,-5085.6099,-28305.1328,21.9605,-4706.0361,-28632.4785,26.5366,501.2438,0.0001,0.0020,-3.1338,0.8598,-3.1372,-4702.6714,-28635.3848,25.0775,1
-4703.1636,-28634.3926,24.9425,-5085.5879,-28305.2031,21.9605,-4702.9551,-28632.8516,24.9830,503.7509,-0.0004,0.0015,-3.1338,0.8599,-3.1372,-4702.6758,-28635.1934,25.1326,1
-4703.1636,-28634.3926,24.9425,-5085.5659,-28305.2734,21.9605,-4704.0225,-28638.0234,23.3954,506.2576,0.0010,0.0010,-3.1338,0.8599,-3.1372,-4702.7339,-28635.2578,25.1053,1
-4703.1636,-28634.3926,24.9425,-5085.5444,-28305.3438,21.9605,-4701.0576,-28638.4805,28.2048,508.7647,0.0004,0.0025,-3.1338,0.8597,-3.1372,-4702.6499,-28635.3535,25.3071,1
-4703.1636,-28634.3926,24.9425,-5085.5229,-28305.4121,21.9605,-4704.4653,-28635.4375,22.2083,504.1028,0.0004,0.0006,-3.1339,0.8596,-3.1372,-4702.7305,-28635.3105,25.2166,1
-4703.1636,-28634.3926,24.9425,-5085.5015,-28305.4805,21.9605,-4702.5728,-28632.2891,24.9748,503.4301,-0.0007,0.0015,-3.1339,0.8597,-3.1372,-4702.7217,-28635.1152,25.2522,1
-4703.1636,-28634.3926,24.9425,-5085.4805,-28305.5488,21.9605,-4703.6338,-28637.4609,23.3874,505.9356,0.0007,0.0010,-3.1339,0.8597,-3.1372,-4702.7651,-28635.1738,25.2058,1
-4703.1636,-28634.3926,24.9425,-5085.4595,-28305.6152,21.9606,-4700.5898,-28637.8164,28.1920,508.4414,0.0001,0.0025,-3.1339,0.8597,-3.1373,-4702.6611,-28635.2559,25.3890,1
-4703.1636,-28634.3926,24.9425,-5085.4385,-28305.6836,21.9606,-4705.2461,-28631.3418,26.5207,500.6131,-0.0005,0.0020,-3.1339,0.8597,-3.1373,-4702.7827,-28635.0273,25.4952,1
-4703.1636,-28634.3926,24.9425,-5085.4180,-28305.7480,21.9606,-4702.1704,-28631.6992,24.9684,503.1177,-0.0010,0.0015,-3.1340,0.8597,-3.1373,-4702.7568,-28634.8105,25.5234,1
-4703.1636,-28634.3926,24.9425,-5085.3975,-28305.8145,21.9606,-4703.2217,-28636.8691,23.3824,505.6220,0.0004,0.0010,-3.1340,0.8597,-3.1373,-4702.7817,-28634.8457,25.4686,1
-4703.1636,-28634.3926,24.9425,-5085.3774,-28305.8789,21.9606,-4704.9624,-28637.1836,23.8363,504.4580,0.0009,0.0011,-3.1340,0.8597,-3.1373,-4702.8940,-28634.9043,25.4279,1
-4703.1636,-28634.3926,24.9425,-5085.3574,-28305.9434,21.9606,-4704.8472,-28630.7637,26.5129,500.3102,-0.0007,0.0020,-3.1340,0.8597,-3.1373,-4703.0059,-28634.6543,25.5141,1
-4703.1636,-28634.3926,24.9425,-5085.3374,-28306.0078,21.9606,-4705.8887,-28635.9121,24.9435,502.8137,0.0007,0.0015,-3.1340,0.8598,-3.1373,-4703.1729,-28634.6523,25.5223,1
-4703.1636,-28634.3926,24.9425,-5085.3179,-28306.0703,21.9606,-4704.9746,-28633.9590,26.2212,502.1791,0.0001,0.0019,-3.1340,0.8598,-3.1373,-4703.2988,-28634.5625,25.5905,1
-4703.1636,-28634.3926,24.9425,-5085.2983,-28306.1348,21.9606,-4699.7769,-28636.6250,28.1744,507.8203,-0.0004,0.0025,-3.1341,0.8598,-3.1373,-4703.1704,-28634.6055,25.7539,1
-4703.1636,-28634.3926,24.9425,-5085.2788,-28306.1973,21.9607,-4704.4502,-28630.1895,26.5049,500.0151,-0.0010,0.0020,-3.1341,0.8598,-3.1373,-4703.2617,-28634.3359,25.8392,1
-4703.1636,-28634.3926,24.9425,-5085.2593,-28306.2578,21.9607,-4705.4131,-28635.2520,24.9355,502.5175,0.0005,0.0015,-3.1341,0.8600,-3.1374,-4703.4019,-28634.3125,25.8448,1
-4703.1636,-28634.3926,24.9425,-5085.2402,-28306.3203,21.9607,-4702.3354,-28635.6074,23.3693,505.0195,-0.0001,0.0010,-3.1341,0.8600,-3.1374,-4703.3921,-28634.3145,25.7678,1
-4703.1636,-28634.3926,24.9425,-5085.2217,-28306.3809,21.9607,-4699.2964,-28635.9414,28.1654,507.5218,-0.0006,0.0025,-3.1341,0.8601,-3.1374,-4703.2275,-28634.3379,25.9192,1
-4703.1636,-28634.3926,24.9425,-5085.2026,-28306.4395,21.9607,-4704.0571,-28629.6133,26.4975,499.7277,-0.0012,0.0020,-3.1341,0.8601,-3.1374,-4703.2861,-28634.0547,25.9920,1
-4703.1636,-28634.3926,24.9425,-5085.1841,-28306.5000,21.9607,-4705.0820,-28634.7559,24.9301,502.2289,0.0003,0.0015,-3.1342,0.8601,-3.1374,-4703.3970,-28634.0195,25.9852,1
-4703.1636,-28634.3926,24.9425,-5085.1655,-28306.5586,21.9607,-4702.0132,-28635.1133,23.3642,504.7299,-0.0003,0.0010,-3.1342,0.8601,-3.1374,-4703.3574,-28634.0098,25.8957,1
-4703.1636,-28634.3926,24.9425,-5085.1475,-28306.6172,21.9607,-4698.9771,-28635.4414,28.1566,507.2311,-0.0009,0.0025,-3.1342,0.8601,-3.1374,-4703.1641,-28634.0215,26.0345,1
-4703.1636,-28634.3926,24.9425,-5085.1294,-28306.6758,21.9607,-4707.7539,-28633.8164,26.4719,499.4476,0.0006,0.0020,-3.1342,0.8601,-3.1374,-4703.3950,-28633.9590,26.0940,1
-4703.1636,-28634.3926,24.9425,-5085.1113,-28306.7344,21.9608,-4704.6899,-28634.1895,24.9222,501.9478,0.0000,0.0014,-3.1342,0.8601,-3.1374,-4703.4829,-28633.9199,26.0747,1
-4703.1636,-28634.3926,24.9425,-5085.0938,-28306.7910,21.9608,-4701.6235,-28634.5410,23.3569,504.4477,-0.0005,0.0009,-3.1342,0.8601,-3.1374,-4703.4194,-28633.9004,25.9730,1
-4703.1636,-28634.3926,24.9425,-5085.0757,-28306.8477,21.9608,-4698.5894,-28634.8633,28.1465,506.9479,-0.0011,0.0024,-3.1343,0.8601,-3.1374,-4703.2012,-28633.9023,26.0998,1
-4703.1636,-28634.3926,24.9425,-5085.0581,-28306.9043,21.9608,-4707.2744,-28633.1562,26.4629,499.1747,0.0003,0.0019,-3.1343,0.8604,-3.1375,-4703.4019,-28633.8242,26.1475,1
-4703.1636,-28634.3926,24.9425,-5085.0410,-28306.9590,21.9608,-4704.2046,-28633.5117,24.9144,501.6739,-0.0002,0.0014,-3.1343,0.8604,-3.1375,-4703.4580,-28633.7637,26.1169,1
-4703.1636,-28634.3926,24.9425,-5085.0239,-28307.0156,21.9608,-4701.1377,-28633.8535,23.3507,504.1728,-0.0008,0.0009,-3.1343,0.8605,-3.1375,-4703.3628,-28633.7246,26.0043,1
-4703.1636,-28634.3926,24.9425,-5085.0068,-28307.0703,21.9608,-4702.2451,-28639.0039,28.1208,506.6719,0.0006,0.0024,-3.1343,0.8605,-3.1375,-4703.3164,-28633.9414,26.1198,1
-4703.1636,-28634.3926,24.9425,-5084.9897,-28307.1250,21.9608,-4706.9736,-28632.7012,26.4564,498.9086,0.0001,0.0019,-3.1343,0.8605,-3.1375,-4703.5024,-28633.8613,26.1575,1
-4703.1636,-28634.3926,24.9425,-5084.9731,-28307.1777,21.9608,-4703.9131,-28633.0586,24.9081,501.4068,-0.0004,0.0014,-3.1343,0.8605,-3.1375,-4703.5439,-28633.7969,26.1174,1
-4703.1636,-28634.3926,24.9425,-5084.9565,-28307.2324,21.9609,-4700.8501,-28633.3965,23.3441,503.9047,-0.0010,0.0009,-3.1344,0.8605,-3.1375,-4703.4321,-28633.7500,25.9958,1
-4703.1636,-28634.3926,24.9425,-5084.9399,-28307.2852,21.9609,-4701.8726,-28638.4551,28.1098,506.4029,0.0004,0.0024,-3.1344,0.8607,-3.1375,-4703.3647,-28633.9551,26.1027,1
-4703.1636,-28634.3926,24.9425,-5084.9233,-28307.3379,21.9609,-4706.5752,-28632.1309,26.4487,498.6492,-0.0001,0.0019,-3.1344,0.8608,-3.1375,-4703.5269,-28633.8574,26.1325,1
-4703.1636,-28634.3926,24.9425,-5084.9072,-28307.3887,21.9609,-4703.5146,-28632.4785,24.9017,501.1464,-0.0007,0.0014,-3.1344,0.8608,-3.1375,-4703.5435,-28633.7734,26.0851,1
-4703.1636,-28634.3926,24.9425,-5084.8911,-28307.4414,21.9609,-4703.0820,-28633.7852,24.6964,502.2764,-0.0004,0.0014,-3.1344,0.8608,-3.1375,-4703.5371,-28633.7539,26.0238,1
-4703.1636,-28634.3926,24.9425,-5084.8750,-28307.4922,21.9609,-4701.5444,-28637.9551,28.1033,506.1406,0.0002,0.0024,-3.1344,0.8608,-3.1375,-4703.4526,-28633.9395,26.1278,1
-4703.1636,-28634.3926,24.9425,-5084.8594,-28307.5430,21.9609,-4706.1880,-28631.5684,26.4405,498.3961,-0.0004,0.0019,-3.1344,0.8608,-3.1375,-4703.5942,-28633.8203,26.1544,1
-4703.1636,-28634.3926,24.9425,-5084.8438,-28307.5938,21.9609,-4703.1309,-28631.9160,24.8933,500.8925,-0.0009,0.0014,-3.1345,0.8608,-3.1375,-4703.5889,-28633.7148,26.1037,1
-4703.1636,-28634.3926,24.9425,-5084.8281,-28307.6426,21.9609,-4704.1089,-28636.9668,23.3128,503.3885,0.0005,0.0009,-3.1345,0.8610,-3.1376,-4703.6299,-28633.8555,25.9712,1
-4703.1636,-28634.3926,24.9425,-5084.8125,-28307.6934,21.9609,-4703.8774,-28637.8125,24.8858,504.0768,0.0007,0.0014,-3.1345,0.8611,-3.1376,-4703.6592,-28634.0469,25.9102,1
-4703.1636,-28634.3926,24.9425,-5084.7974,-28307.7422,21.9610,-4705.7944,-28631.0000,26.4335,498.1493,-0.0006,0.0019,-3.1345,0.8611,-3.1376,-4703.7842,-28633.9082,25.9242,1
-4703.1636,-28634.3926,24.9425,-5084.7822,-28307.7910,21.9610,-4702.7378,-28631.3398,24.8873,500.6448,-0.0011,0.0014,-3.1345,0.8611,-3.1376,-4703.7603,-28633.7773,25.8630,1
-4703.1636,-28634.3926,24.9425,-5084.7671,-28307.8379,21.9610,-4703.7783,-28636.4688,23.3086,503.1399,0.0003,0.0009,-3.1345,0.8611,-3.1376,-4703.7837,-28633.8984,25.7218,1
-4703.1636,-28634.3926,24.9425,-5084.7524,-28307.8867,21.9610,-4700.7549,-28636.7988,28.0846,505.6354,-0.0002,0.0024,-3.1345,0.8611,-3.1376,-4703.6567,-28634.0410,25.8125,1
-4703.1636,-28634.3926,24.9425,-5084.7378,-28307.9336,21.9610,-4705.4126,-28630.4414,26.4249,497.9084,-0.0008,0.0019,-3.1345,0.8611,-3.1376,-4703.7524,-28633.8750,25.8285,1
-4703.1636,-28634.3926,24.9425,-5084.7231,-28307.9805,21.9610,-4699.3608,-28637.5879,26.2949,507.1068,-0.0003,0.0018,-3.1346,0.8611,-3.1376,-4703.5522,-28634.0547,25.8400,1
-4703.1636,-28634.3926,24.9425,-5084.7085,-28308.0273,21.9610,-4703.3911,-28635.9062,23.3005,502.8974,0.0001,0.0009,-3.1346,0.8611,-3.1376,-4703.5396,-28634.1602,25.7046,1
-4703.1636,-28634.3926,24.9425,-5084.6938,-28308.0742,21.9610,-4700.3687,-28636.2285,28.0740,505.3919,-0.0005,0.0024,-3.1346,0.8611,-3.1376,-4703.3774,-28634.2852,25.8008,1
-4703.1636,-28634.3926,24.9425,-5084.6797,-28308.1191,21.9610,-4705.0176,-28629.8672,26.4171,497.6734,-0.0011,0.0019,-3.1346,0.8611,-3.1376,-4703.4390,-28634.0957,25.8221,1
-4703.1636,-28634.3926,24.9425,-5084.6655,-28308.1641,21.9610,-4705.9624,-28634.8867,24.8543,500.1671,0.0004,0.0014,-3.1346,0.8614,-3.1376,-4703.5532,-28634.1445,25.7672,1
-4703.1636,-28634.3926,24.9425,-5084.6514,-28308.2090,21.9610,-4701.1802,-28633.7773,27.4230,503.0588,-0.0009,0.0022,-3.1346,0.8614,-3.1376,-4703.4355,-28634.1406,25.8385,1
-4703.1636,-28634.3926,24.9425,-5084.6377,-28308.2539,21.9610,-4699.8809,-28635.5352,28.0654,505.1544,-0.0007,0.0024,-3.1346,0.8614,-3.1376,-4703.2480,-28634.2207,25.9458,1
-4703.1636,-28634.3926,24.9425,-5084.6240,-28308.2988,21.9611,-4704.6304,-28629.3008,26.4100,497.4439,-0.0013,0.0019,-3.1346,0.8614,-3.1376,-4703.2896,-28633.9922,25.9765,1
-4703.1636,-28634.3926,24.9425,-5084.6104,-28308.3418,21.9611,-4701.0244,-28636.1230,28.1252,504.5872,-0.0004,0.0024,-3.1347,0.8614,-3.1377,-4703.1567,-28634.0918,26.0926,1
-4703.1636,-28634.3926,24.9425,-5084.5967,-28308.3867,21.9611,-4702.0679,-28633.1641,22.0251,501.8031,-0.0009,0.0005,-3.1347,0.8614,-3.1377,-4703.0718,-28634.0508,25.9095,1
-4703.1636,-28634.3926,24.9425,-5084.5830,-28308.4297,21.9611,-4699.5747,-28635.0586,28.0571,504.9225,-0.0009,0.0024,-3.1347,0.8614,-3.1377,-4702.8628,-28634.1016,26.0159,1
-4703.1636,-28634.3926,24.9425,-5084.5698,-28308.4727,21.9611,-4700.6870,-28638.3105,22.4682,506.1201,0.0001,0.0006,-3.1347,0.8617,-3.1377,-4702.7036,-28634.3125,25.8508,1
-4703.1636,-28634.3926,24.9425,-5084.5566,-28308.5156,21.9611,-4705.1812,-28633.7578,24.8403,499.7120,-0.0001,0.0014,-3.1347,0.8617,-3.1377,-4702.7661,-28634.3105,25.7936,1
-4703.1636,-28634.3926,24.9425,-5084.5435,-28308.5566,21.9611,-4701.1313,-28633.5215,23.1663,502.5991,-0.0010,0.0008,-3.1347,0.8617,-3.1377,-4702.6367,-28634.2930,25.6516,1
-4703.1636,-28634.3926,24.9425,-5084.5303,-28308.5977,21.9611,-4703.5010,-28638.0332,23.0089,503.6956,0.0006,0.0008,-3.1347,0.8617,-3.1377,-4702.6240,-28634.4961,25.4968,1
-4703.1636,-28634.3926,24.9425,-5084.5176,-28308.6406,21.9611,-4707.8252,-28632.8320,26.3766,497.0009,0.0003,0.0019,-3.1347,0.8620,-3.1377,-4702.8335,-28634.4473,25.5051,1
-4703.1636,-28634.3926,24.9425,-5084.5049,-28308.6816,21.9611,-4702.5586,-28634.5879,23.6254,502.0923,-0.0004,0.0010,-3.1348,0.8620,-3.1377,-4702.7949,-28634.4805,25.3805,1
-4703.1636,-28634.3926,24.9425,-5084.4922,-28308.7207,21.9611,-4703.6421,-28631.6191,23.8556,499.3098,-0.0009,0.0011,-3.1348,0.8620,-3.1377,-4702.8115,-28634.3633,25.2648,1
-4703.1636,-28634.3926,24.9425,-5084.4795,-28308.7617,21.9611,-4702.8159,-28638.6074,28.0232,504.4750,0.0006,0.0024,-3.1348,0.8621,-3.1377,-4702.7900,-28634.5879,25.3554,1
-4703.1636,-28634.3926,24.9425,-5084.4673,-28308.8027,21.9612,-4707.5225,-28632.3711,26.3704,496.7871,0.0001,0.0019,-3.1348,0.8621,-3.1377,-4703.0054,-28634.5078,25.3738,1
-4703.1636,-28634.3926,24.9425,-5084.4546,-28308.8418,21.9612,-4704.4771,-28632.7109,24.8267,499.2778,-0.0005,0.0014,-3.1348,0.8621,-3.1377,-4703.0806,-28634.4395,25.3193,1
-4703.1636,-28634.3926,24.9425,-5084.4424,-28308.8809,21.9612,-4704.5737,-28631.0176,24.7637,498.0718,-0.0009,0.0013,-3.1348,0.8621,-3.1377,-4703.1641,-28634.2812,25.2623,1
-4703.1636,-28634.3926,24.9425,-5084.4302,-28308.9199,21.9612,-4702.5190,-28638.1504,28.0134,504.2590,0.0004,0.0024,-3.1348,0.8621,-3.1377,-4703.1475,-28634.4688,25.3672,1
-4703.1636,-28634.3926,24.9425,-5084.4185,-28308.9590,21.9612,-4707.1338,-28631.8105,26.3623,496.5781,-0.0001,0.0019,-3.1348,0.8621,-3.1377,-4703.3589,-28634.3516,25.3989,1
-4703.1636,-28634.3926,24.9425,-5084.4062,-28308.9961,21.9612,-4704.0898,-28632.1445,24.8192,499.0682,-0.0007,0.0014,-3.1348,0.8621,-3.1377,-4703.4268,-28634.2422,25.3568,1
-4703.1636,-28634.3926,24.9425,-5084.3945,-28309.0352,21.9612,-4701.0439,-28632.4609,23.2605,501.5579,-0.0013,0.0009,-3.1348,0.8621,-3.1378,-4703.3418,-28634.1445,25.2367,1
-4703.1636,-28634.3926,24.9425,-5084.3828,-28309.0723,21.9612,-4702.1255,-28637.5762,28.0044,504.0480,0.0002,0.0024,-3.1349,0.8621,-3.1378,-4703.3037,-28634.2969,25.3487,1
-4703.1636,-28634.3926,24.9425,-5084.3711,-28309.1094,21.9612,-4704.0703,-28635.5039,26.1413,501.1721,0.0001,0.0018,-3.1349,0.8621,-3.1378,-4703.3584,-28634.3574,25.3763,1
-4703.1636,-28634.3926,24.9425,-5084.3599,-28309.1465,21.9612,-4703.6987,-28631.5723,24.8121,498.8632,-0.0009,0.0014,-3.1349,0.8621,-3.1378,-4703.3945,-28634.2227,25.3402,1
-4703.1636,-28634.3926,24.9425,-5084.3481,-28309.1836,21.9612,-4704.7388,-28636.6777,23.2382,501.3523,0.0005,0.0009,-3.1349,0.8621,-3.1378,-4703.4824,-28634.3359,25.2248,1
-4703.1636,-28634.3926,24.9425,-5084.3369,-28309.2207,21.9612,-4701.7275,-28636.9980,27.9958,503.8417,-0.0001,0.0024,-3.1349,0.8621,-3.1378,-4703.4224,-28634.4727,25.3420,1
-4703.1636,-28634.3926,24.9425,-5084.3257,-28309.2559,21.9612,-4704.9087,-28634.7891,27.0478,499.9483,0.0001,0.0021,-3.1349,0.8621,-3.1378,-4703.5151,-28634.5039,25.4203,1
-4703.1636,-28634.3926,24.9425,-5084.3145,-28309.2910,21.9612,-4703.3188,-28631.0098,24.8050,498.6628,-0.0012,0.0013,-3.1349,0.8621,-3.1378,-4703.5303,-28634.3457,25.3908,1
-4703.1636,-28634.3926,24.9425,-5084.3032,-28309.3262,21.9613,-4704.2617,-28636.0098,23.2304,501.1512,0.0003,0.0008,-3.1349,0.8624,-3.1378,-4703.5903,-28634.4297,25.2814,1
-4703.1636,-28634.3926,24.9425,-5084.2925,-28309.3613,21.9613,-4704.5254,-28637.0625,27.7561,501.6346,0.0006,0.0023,-3.1349,0.8624,-3.1378,-4703.6641,-28634.5684,25.3928,1
-4703.1636,-28634.3926,24.9425,-5084.2817,-28309.3965,21.9613,-4698.3203,-28636.5918,26.4187,506.0009,-0.0008,0.0018,-3.1349,0.8624,-3.1378,-4703.4307,-28634.6895,25.4435,1
-4703.1636,-28634.3926,24.9425,-5084.2710,-28309.4316,21.9613,-4699.1538,-28637.6016,21.9112,505.9731,-0.0004,0.0004,-3.1350,0.8624,-3.1378,-4703.2246,-28634.8633,25.2738,1
-4703.1636,-28634.3926,24.9425,-5084.2603,-28309.4668,21.9613,-4703.4673,-28638.2285,27.9436,503.1057,0.0006,0.0023,-3.1350,0.8624,-3.1378,-4703.2222,-28635.0723,25.3946,1
-4703.1636,-28634.3926,24.9425,-5084.2495,-28309.5000,21.9613,-4700.9365,-28635.8398,27.9804,503.4428,-0.0005,0.0023,-3.1350,0.8624,-3.1378,-4703.0952,-28635.1699,25.5240,1
-4703.1636,-28634.3926,24.9425,-5084.2393,-28309.5332,21.9613,-4697.9365,-28636.0254,26.4098,505.8074,-0.0011,0.0018,-3.1350,0.8625,-3.1378,-4702.8159,-28635.2715,25.5809,1
-4703.1636,-28634.3926,24.9425,-5084.2285,-28309.5664,21.9613,-4706.5200,-28634.5449,24.7738,498.2751,0.0004,0.0013,-3.1350,0.8627,-3.1378,-4702.9536,-28635.3008,25.5576,1
-4703.1636,-28634.3926,24.9425,-5084.2183,-28309.5996,21.9613,-4703.4741,-28634.8652,23.2175,500.7624,-0.0002,0.0008,-3.1350,0.8627,-3.1378,-4702.9497,-28635.3379,25.4538,1
-4703.1636,-28634.3926,24.9425,-5084.2080,-28309.6328,21.9613,-4700.4629,-28635.1660,27.9699,503.2499,-0.0007,0.0023,-3.1350,0.8628,-3.1378,-4702.7993,-28635.3867,25.5805,1
-4703.1636,-28634.3926,24.9425,-5084.1978,-28309.6660,21.9613,-4697.5361,-28635.4395,26.4027,505.6180,-0.0013,0.0018,-3.1350,0.8628,-3.1378,-4702.5015,-28635.4434,25.6347,1
-4703.1636,-28634.3926,24.9425,-5084.1880,-28309.6973,21.9613,-4706.2036,-28634.0664,24.7688,498.0876,0.0002,0.0013,-3.1350,0.8628,-3.1378,-4702.6240,-28635.4297,25.6086,1
-4703.1636,-28634.3926,24.9425,-5084.1777,-28309.7305,21.9613,-4701.8975,-28633.1973,23.9857,500.7689,-0.0009,0.0011,-3.1350,0.8628,-3.1379,-4702.5444,-28635.3652,25.5404,1
-4703.1636,-28634.3926,24.9425,-5084.1680,-28309.7617,21.9613,-4700.1562,-28634.6875,27.9619,503.0611,-0.0009,0.0023,-3.1350,0.8628,-3.1379,-4702.3794,-28635.3672,25.6657,1
-4703.1636,-28634.3926,24.9425,-5084.1582,-28309.7930,21.9613,-4700.5020,-28638.3477,24.4467,505.1164,0.0001,0.0012,-3.1351,0.8630,-3.1379,-4702.2290,-28635.5469,25.6217,1
-4703.1636,-28634.3926,24.9425,-5084.1484,-28309.8242,21.9613,-4705.7383,-28633.4141,24.7601,497.9040,-0.0000,0.0013,-3.1351,0.8630,-3.1379,-4702.3398,-28635.4863,25.5890,1
-4703.1636,-28634.3926,24.9425,-5084.1387,-28309.8555,21.9614,-4702.6992,-28633.7305,23.2048,500.3900,-0.0006,0.0008,-3.1351,0.8630,-3.1379,-4702.3101,-28635.4336,25.4760,1
-4703.1636,-28634.3926,24.9425,-5084.1294,-28309.8867,21.9614,-4699.6909,-28634.0215,27.9531,502.8763,-0.0012,0.0023,-3.1351,0.8630,-3.1379,-4702.1353,-28635.3887,25.5938,1
-4703.1636,-28634.3926,24.9425,-5084.1196,-28309.9160,21.9614,-4701.3149,-28637.6094,25.3649,503.9135,0.0001,0.0015,-3.1351,0.8633,-3.1379,-4702.0376,-28635.5176,25.5889,1
-4703.1636,-28634.3926,24.9425,-5084.1104,-28309.9473,21.9614,-4705.3320,-28632.8301,24.7531,497.7242,-0.0002,0.0013,-3.1351,0.8634,-3.1379,-4702.1426,-28635.4121,25.5524,1
-4703.1636,-28634.3926,24.9425,-5084.1011,-28309.9766,21.9614,-4702.2930,-28633.1387,23.1985,500.2097,-0.0008,0.0008,-3.1351,0.8634,-3.1379,-4702.1074,-28635.3145,25.4360,1
-4703.1636,-28634.3926,24.9425,-5084.0918,-28310.0059,21.9614,-4703.3789,-28638.2324,27.9297,502.6955,0.0006,0.0023,-3.1351,0.8634,-3.1379,-4702.1289,-28635.4648,25.5500,1
-4703.1636,-28634.3926,24.9425,-5084.0825,-28310.0352,21.9614,-4700.4717,-28638.5605,26.3637,505.0736,0.0001,0.0018,-3.1351,0.8634,-3.1379,-4702.0117,-28635.6367,25.5923,1
-4703.1636,-28634.3926,24.9425,-5084.0737,-28310.0645,21.9614,-4705.0420,-28632.3770,24.7467,497.5481,-0.0004,0.0013,-3.1351,0.8634,-3.1379,-4702.1206,-28635.5059,25.5558,1
-4703.1636,-28634.3926,24.9425,-5084.0645,-28310.0938,21.9614,-4702.0054,-28632.6855,23.1914,500.0331,-0.0010,0.0008,-3.1351,0.8634,-3.1379,-4702.0874,-28635.3809,25.4392,1
-4703.1636,-28634.3926,24.9425,-5084.0557,-28310.1230,21.9614,-4703.0029,-28637.6836,27.9191,502.5184,0.0005,0.0023,-3.1351,0.8637,-3.1379,-4702.1055,-28635.5000,25.5530,1
-4703.1636,-28634.3926,24.9425,-5084.0469,-28310.1504,21.9614,-4700.0732,-28637.9844,26.3562,504.8996,-0.0001,0.0018,-3.1351,0.8637,-3.1379,-4701.9819,-28635.6367,25.5950,1
-4703.1636,-28634.3926,24.9425,-5084.0381,-28310.1797,21.9614,-4704.6509,-28631.8086,24.7406,497.3757,-0.0006,0.0013,-3.1352,0.8637,-3.1379,-4702.0835,-28635.4707,25.5583,1
-4703.1636,-28634.3926,24.9425,-5084.0293,-28310.2070,21.9614,-4701.5776,-28638.0684,26.4164,503.7624,0.0003,0.0018,-3.1352,0.8637,-3.1379,-4702.0396,-28635.6055,25.6028,1
-4703.1636,-28634.3926,24.9425,-5084.0205,-28310.2344,21.9614,-4702.6865,-28637.2012,27.9137,502.3449,0.0003,0.0023,-3.1352,0.8637,-3.1379,-4702.0508,-28635.7051,25.7237,1
-4703.1636,-28634.3926,24.9425,-5084.0122,-28310.2617,21.9614,-4699.6792,-28637.4102,26.3480,504.7291,-0.0003,0.0018,-3.1352,0.8637,-3.1379,-4701.9160,-28635.8164,25.7713,1
-4703.1636,-28634.3926,24.9425,-5084.0034,-28310.2891,21.9614,-4704.2671,-28631.2422,24.7321,497.2066,-0.0009,0.0013,-3.1352,0.8637,-3.1379,-4702.0049,-28635.6211,25.7388,1
-4703.1636,-28634.3926,24.9425,-5083.9951,-28310.3164,21.9614,-4705.2993,-28636.3242,23.1627,499.6906,0.0006,0.0008,-3.1352,0.8637,-3.1379,-4702.1528,-28635.6680,25.6242,1
-4703.1636,-28634.3926,24.9425,-5083.9868,-28310.3438,21.9614,-4702.2974,-28636.6328,27.9032,502.1749,0.0000,0.0023,-3.1352,0.8637,-3.1379,-4702.1592,-28635.7305,25.7394,1
-4703.1636,-28634.3926,24.9425,-5083.9785,-28310.3691,21.9615,-4699.2900,-28636.8418,26.3402,504.5620,-0.0005,0.0018,-3.1352,0.8637,-3.1379,-4702.0166,-28635.8047,25.7816,1
-4703.1636,-28634.3926,24.9425,-5083.9702,-28310.3965,21.9615,-4703.8872,-28630.6816,24.7249,497.0410,-0.0011,0.0013,-3.1352,0.8637,-3.1379,-4702.0967,-28635.5723,25.7439,1
-4703.1636,-28634.3926,24.9425,-5083.9624,-28310.4219,21.9615,-4704.9121,-28635.7637,23.1560,499.5245,0.0004,0.0008,-3.1352,0.8637,-3.1380,-4702.2324,-28635.5820,25.6244,1
-4703.1636,-28634.3926,24.9425,-5083.9541,-28310.4473,21.9615,-4701.9106,-28636.0664,27.8949,502.0083,-0.0002,0.0023,-3.1352,0.8637,-3.1380,-4702.2256,-28635.6074,25.7349,1
-4703.1636,-28634.3926,24.9425,-5083.9463,-28310.4727,21.9615,-4698.8945,-28636.2637,26.3325,504.3982,-0.0008,0.0018,-3.1352,0.8637,-3.1380,-4702.0674,-28635.6426,25.7728,1
-4703.1636,-28634.3926,24.9425,-5083.9380,-28310.5000,21.9615,-4703.5000,-28630.1113,24.7179,496.8785,-0.0013,0.0013,-3.1352,0.8637,-3.1380,-4702.1304,-28635.3711,25.7309,1
-4703.1636,-28634.3926,24.9425,-5083.9302,-28310.5234,21.9615,-4704.5176,-28635.1914,23.1494,499.3615,0.0001,0.0008,-3.1352,0.8637,-3.1380,-4702.2480,-28635.3418,25.6076,1
-4703.1636,-28634.3926,24.9425,-5083.9224,-28310.5488,21.9615,-4701.5166,-28635.4902,27.8867,501.8449,-0.0004,0.0023,-3.1353,0.8637,-3.1380,-4702.2212,-28635.3281,25.7145,1
-4703.1636,-28634.3926,24.9425,-5083.9146,-28310.5742,21.9615,-4698.5005,-28635.6875,26.3248,504.2375,-0.0010,0.0018,-3.1353,0.8637,-3.1380,-4702.0430,-28635.3262,25.7491,1
-4703.1636,-28634.3926,24.9425,-5083.9072,-28310.5996,21.9615,-4707.0762,-28634.2129,24.6947,496.7192,0.0004,0.0013,-3.1353,0.8640,-3.1380,-4702.2827,-28635.2520,25.7034,1
-4703.1636,-28634.3926,24.9425,-5083.8994,-28310.6230,21.9615,-4704.0415,-28634.5234,23.1420,499.2018,-0.0001,0.0008,-3.1353,0.8640,-3.1380,-4702.3833,-28635.1914,25.5773,1
-4703.1636,-28634.3926,24.9425,-5083.8921,-28310.6465,21.9615,-4701.0396,-28634.8125,27.8785,501.6847,-0.0007,0.0023,-3.1353,0.8640,-3.1380,-4702.3369,-28635.1465,25.6818,1
-4703.1636,-28634.3926,24.9425,-5083.8848,-28310.6719,21.9615,-4698.1108,-28635.1133,26.3176,504.0799,-0.0012,0.0018,-3.1353,0.8640,-3.1380,-4702.1411,-28635.1172,25.7141,1
-4703.1636,-28634.3926,24.9425,-5083.8770,-28310.6953,21.9615,-4706.6685,-28633.6270,24.6880,496.5629,0.0002,0.0013,-3.1353,0.8643,-3.1380,-4702.3618,-28635.0156,25.6666,1
-4703.1636,-28634.3926,24.9425,-5083.8696,-28310.7188,21.9615,-4703.6328,-28633.9316,23.1359,499.0451,-0.0003,0.0008,-3.1353,0.8643,-3.1380,-4702.4404,-28634.9277,25.5390,1
-4703.1636,-28634.3926,24.9425,-5083.8623,-28310.7422,21.9615,-4700.6304,-28634.2168,27.8708,501.5275,-0.0009,0.0023,-3.1353,0.8644,-3.1380,-4702.3716,-28634.8535,25.6421,1
-4703.1636,-28634.3926,24.9425,-5083.8555,-28310.7656,21.9615,-4701.7505,-28639.2832,26.2939,503.9253,0.0006,0.0018,-3.1353,0.8646,-3.1380,-4702.3530,-28635.0312,25.6725,1
-4703.1636,-28634.3926,24.9425,-5083.8481,-28310.7871,21.9615,-4706.2998,-28633.0859,24.6817,496.4096,0.0001,0.0013,-3.1353,0.8646,-3.1380,-4702.5596,-28634.9141,25.6242,1
-4703.1636,-28634.3926,24.9425,-5083.8408,-28310.8105,21.9615,-4699.6162,-28637.8125,24.8844,504.5416,-0.0002,0.0013,-3.1353,0.8646,-3.1380,-4702.4419,-28635.0293,25.5840,1
-4703.1636,-28634.3926,24.9425,-5083.8340,-28310.8340,21.9615,-4700.2690,-28633.6738,27.8627,501.3734,-0.0010,0.0023,-3.1353,0.8646,-3.1380,-4702.3472,-28634.9453,25.6907,1
-4703.1636,-28634.3926,24.9425,-5083.8271,-28310.8555,21.9615,-4701.3418,-28638.6973,26.2855,503.7735,0.0004,0.0018,-3.1353,0.8649,-3.1380,-4702.3003,-28635.1113,25.7242,1
-4703.1636,-28634.3926,24.9425,-5083.8203,-28310.8770,21.9615,-4705.8994,-28632.5078,24.6735,496.2591,-0.0001,0.0013,-3.1353,0.8649,-3.1380,-4702.4785,-28634.9785,25.6783,1
-4703.1636,-28634.3926,24.9425,-5083.8135,-28310.9004,21.9616,-4702.8701,-28632.8086,23.1222,498.7404,-0.0007,0.0008,-3.1353,0.8649,-3.1380,-4702.5137,-28634.8535,25.5521,1
-4703.1636,-28634.3926,24.9425,-5083.8066,-28310.9219,21.9616,-4699.8691,-28633.0840,27.8534,501.2220,-0.0012,0.0023,-3.1353,0.8649,-3.1380,-4702.3989,-28634.7402,25.6563,1
-4703.1636,-28634.3926,24.9425,-5083.7998,-28310.9434,21.9616,-4701.0249,-28638.2168,26.2792,503.6245,0.0002,0.0018,-3.1354,0.8649,-3.1380,-4702.3350,-28634.8789,25.6878,1
-4703.1636,-28634.3926,24.9425,-5083.7930,-28310.9648,21.9616,-4705.5962,-28632.0410,24.6671,496.1112,-0.0003,0.0013,-3.1354,0.8649,-3.1380,-4702.4956,-28634.7207,25.6402,1
-4703.1636,-28634.3926,24.9425,-5083.7866,-28310.9863,21.9616,-4702.5688,-28632.3398,23.1151,498.5922,-0.0009,0.0008,-3.1354,0.8650,-3.1380,-4702.5127,-28634.5723,25.5124,1
-4703.1636,-28634.3926,24.9425,-5083.7798,-28311.0078,21.9616,-4703.5659,-28637.3281,27.8289,501.0734,0.0006,0.0023,-3.1354,0.8652,-3.1380,-4702.5786,-28634.6699,25.6146,1
-4703.1636,-28634.3926,24.9425,-5083.7734,-28311.0273,21.9616,-4700.6309,-28637.6465,26.2721,503.4782,0.0001,0.0018,-3.1354,0.8652,-3.1380,-4702.5000,-28634.7891,25.6450,1
-4703.1636,-28634.3926,24.9425,-5083.7671,-28311.0488,21.9616,-4703.9326,-28633.3555,23.0816,498.1508,-0.0003,0.0008,-3.1354,0.8652,-3.1380,-4702.5806,-28634.7051,25.5177,1
-4703.1636,-28634.3926,24.9425,-5083.7603,-28311.0684,21.9616,-4702.1826,-28631.7695,23.1101,498.4466,-0.0011,0.0008,-3.1354,0.8652,-3.1380,-4702.5762,-28634.5391,25.3860,1
-4703.1636,-28634.3926,24.9425,-5083.7539,-28311.0898,21.9616,-4703.1582,-28636.7402,27.8223,500.9275,0.0004,0.0023,-3.1354,0.8655,-3.1380,-4702.6182,-28634.6172,25.4850,1
-4703.1636,-28634.3926,24.9425,-5083.7480,-28311.1094,21.9616,-4700.2295,-28637.0645,26.2647,503.3345,-0.0001,0.0018,-3.1354,0.8655,-3.1380,-4702.5156,-28634.7168,25.5130,1
-4703.1636,-28634.3926,24.9425,-5083.7417,-28311.1289,21.9616,-4704.8174,-28630.9004,24.6546,495.8234,-0.0007,0.0013,-3.1354,0.8655,-3.1380,-4702.6348,-28634.5156,25.4633,1
-4703.1636,-28634.3926,24.9425,-5083.7354,-28311.1504,21.9616,-4705.8418,-28635.9648,23.0895,498.3036,0.0008,0.0008,-3.1354,0.8655,-3.1380,-4702.8105,-28634.5605,25.3338,1
-4703.1636,-28634.3926,24.9425,-5083.7295,-28311.1699,21.9616,-4702.8462,-28636.2637,27.8161,500.7841,0.0002,0.0023,-3.1354,0.8655,-3.1380,-4702.8428,-28634.6250,25.4357,1
-4703.1636,-28634.3926,24.9425,-5083.7231,-28311.1895,21.9616,-4699.8569,-28636.5156,26.2563,503.1932,-0.0004,0.0018,-3.1354,0.8656,-3.1380,-4702.7241,-28634.7051,25.4667,1
-4703.1636,-28634.3926,24.9425,-5083.7173,-28311.2090,21.9616,-4704.4546,-28630.3613,24.6458,495.6832,-0.0009,0.0013,-3.1354,0.8656,-3.1381,-4702.8262,-28634.4863,25.4198,1
-4703.1636,-28634.3926,24.9425,-5083.7109,-28311.2266,21.9616,-4705.3970,-28635.3340,23.0793,498.1631,0.0005,0.0008,-3.1354,0.8658,-3.1381,-4702.9780,-28634.5039,25.2932,1
-4703.1636,-28634.3926,24.9425,-5083.7051,-28311.2461,21.9616,-4702.3965,-28635.6230,27.8047,500.6433,-0.0000,0.0023,-3.1354,0.8658,-3.1381,-4702.9844,-28634.5410,25.3980,1
-4703.1636,-28634.3926,24.9425,-5083.6992,-28311.2656,21.9616,-4699.4629,-28635.9395,26.2493,503.0544,-0.0005,0.0017,-3.1354,0.8658,-3.1381,-4702.8413,-28634.5957,25.4319,1
-4703.1636,-28634.3926,24.9425,-5083.6934,-28311.2832,21.9616,-4704.0688,-28629.7910,24.6398,495.5454,-0.0011,0.0012,-3.1354,0.8658,-3.1381,-4702.9175,-28634.3496,25.3881,1
-4703.1636,-28634.3926,24.9425,-5083.6875,-28311.3027,21.9616,-4705.4434,-28631.2793,23.3314,495.4320,-0.0004,0.0008,-3.1354,0.8658,-3.1381,-4703.0640,-28634.1660,25.2773,1
-4703.1636,-28634.3926,24.9425,-5083.6821,-28311.3203,21.9616,-4702.0850,-28635.1445,27.7986,500.5048,-0.0002,0.0022,-3.1354,0.8658,-3.1381,-4703.0474,-28634.1719,25.3857,1
-4703.1636,-28634.3926,24.9425,-5083.6763,-28311.3398,21.9616,-4699.0728,-28635.3672,26.2410,502.9179,-0.0008,0.0017,-3.1355,0.8658,-3.1381,-4702.8770,-28634.1914,25.4228,1
-4703.1636,-28634.3926,24.9425,-5083.6709,-28311.3574,21.9616,-4707.7129,-28633.9766,24.6171,495.4099,0.0007,0.0012,-3.1355,0.8659,-3.1381,-4703.1265,-28634.1484,25.3813,1
-4703.1636,-28634.3926,24.9425,-5083.6650,-28311.3750,21.9616,-4704.6914,-28634.2891,23.0669,497.8891,0.0001,0.0007,-3.1355,0.8659,-3.1381,-4703.2354,-28634.1230,25.2605,1
-4703.1636,-28634.3926,24.9425,-5083.6597,-28311.3926,21.9616,-4701.6978,-28634.5762,27.7890,500.3686,-0.0004,0.0022,-3.1355,0.8659,-3.1381,-4703.1963,-28634.1133,25.3709,1
-4703.1636,-28634.3926,24.9425,-5083.6538,-28311.4102,21.9616,-4698.6860,-28634.7969,26.2333,502.7836,-0.0010,0.0017,-3.1355,0.8659,-3.1381,-4703.0020,-28634.1191,25.4101,1
-4703.1636,-28634.3926,24.9425,-5083.6484,-28311.4277,21.9617,-4707.2490,-28633.3281,24.6088,495.2766,0.0004,0.0012,-3.1355,0.8661,-3.1381,-4703.2222,-28634.0547,25.3704,1
-4703.1636,-28634.3926,24.9425,-5083.6431,-28311.4453,21.9617,-4704.2227,-28633.6289,23.0595,497.7554,-0.0001,0.0007,-3.1355,0.8661,-3.1381,-4703.3003,-28634.0039,25.2515,1
-4703.1636,-28634.3926,24.9425,-5083.6377,-28311.4629,21.9617,-4701.2275,-28633.9082,27.7812,500.2346,-0.0007,0.0022,-3.1355,0.8661,-3.1381,-4703.2295,-28633.9688,25.3636,1
-4703.1636,-28634.3926,24.9425,-5083.6323,-28311.4805,21.9617,-4702.3804,-28639.0371,26.2119,502.6515,0.0008,0.0017,-3.1355,0.8661,-3.1381,-4703.2095,-28634.1895,25.4037,1
-4703.1636,-28634.3926,24.9425,-5083.6274,-28311.4961,21.9617,-4706.9360,-28632.8516,24.6036,495.1454,0.0003,0.0012,-3.1355,0.8661,-3.1381,-4703.4136,-28634.1172,25.3656,1
-4703.1636,-28634.3926,24.9425,-5083.6221,-28311.5137,21.9617,-4703.9155,-28633.1562,23.0541,497.6240,-0.0003,0.0007,-3.1355,0.8661,-3.1381,-4703.4736,-28634.0566,25.2481,1
-4703.1636,-28634.3926,24.9425,-5083.6167,-28311.5293,21.9617,-4700.9219,-28633.4316,27.7735,500.1028,-0.0008,0.0022,-3.1355,0.8662,-3.1381,-4703.3833,-28634.0098,25.3615,1
-4703.1636,-28634.3926,24.9425,-5083.6118,-28311.5469,21.9617,-4701.9829,-28638.4648,26.2037,502.5215,0.0006,0.0017,-3.1355,0.8662,-3.1381,-4703.3379,-28634.2109,25.4028,1
-4703.1636,-28634.3926,24.9425,-5083.6064,-28311.5625,21.9617,-4706.5474,-28632.2871,24.5956,495.0163,0.0000,0.0012,-3.1355,0.8662,-3.1381,-4703.5156,-28634.1172,25.3657,1
-4703.1636,-28634.3926,24.9425,-5083.6016,-28311.5781,21.9617,-4703.5273,-28632.5859,23.0464,497.4946,-0.0005,0.0007,-3.1355,0.8662,-3.1381,-4703.5488,-28634.0332,25.2492,1
-4703.1636,-28634.3926,24.9425,-5083.5967,-28311.5957,21.9617,-4700.5347,-28632.8594,27.7645,499.9731,-0.0011,0.0022,-3.1355,0.8662,-3.1381,-4703.4302,-28633.9609,25.3634,1
-4703.1636,-28634.3926,24.9425,-5083.5918,-28311.6113,21.9617,-4701.5889,-28637.8945,26.1961,502.3936,0.0004,0.0017,-3.1355,0.8662,-3.1381,-4703.3555,-28634.1367,25.4054,1
-4703.1636,-28634.3926,24.9425,-5083.5869,-28311.6270,21.9617,-4706.1626,-28631.7266,24.5885,494.8892,-0.0002,0.0012,-3.1355,0.8662,-3.1381,-4703.5039,-28634.0156,25.3691,1
-4703.1636,-28634.3926,24.9425,-5083.5820,-28311.6426,21.9617,-4703.1431,-28632.0195,23.0397,497.3672,-0.0008,0.0007,-3.1355,0.8662,-3.1381,-4703.5073,-28633.9043,25.2531,1
-4703.1636,-28634.3926,24.9425,-5083.5771,-28311.6582,21.9617,-4704.2095,-28637.0801,27.7423,499.8455,0.0007,0.0022,-3.1355,0.8662,-3.1381,-4703.5620,-28634.0410,25.3671,1
-4703.1636,-28634.3926,24.9425,-5083.5723,-28311.6738,21.9617,-4700.0659,-28638.0625,22.2136,503.5917,0.0001,0.0005,-3.1355,0.8662,-3.1381,-4703.4106,-28634.2344,25.2120,1
-4703.1636,-28634.3926,24.9425,-5083.5674,-28311.6875,21.9617,-4705.7788,-28631.1621,24.5814,494.7640,-0.0004,0.0012,-3.1356,0.8662,-3.1381,-4703.5347,-28634.0938,25.1670,1
-4703.1636,-28634.3926,24.9425,-5083.5630,-28311.7031,21.9617,-4703.6138,-28631.1113,28.0568,496.4001,-0.0009,0.0023,-3.1356,0.8662,-3.1381,-4703.5557,-28633.9434,25.2952,1
-4703.1636,-28634.3926,24.9425,-5083.5581,-28311.7188,21.9617,-4705.4688,-28631.4531,23.4094,495.1579,-0.0004,0.0008,-3.1356,0.8664,-3.1381,-4703.6680,-28633.8027,25.1987,1
-4703.1636,-28634.3926,24.9425,-5083.5532,-28311.7324,21.9617,-4700.8027,-28636.7520,26.1815,502.1434,-0.0001,0.0017,-3.1356,0.8664,-3.1381,-4703.5513,-28633.9219,25.2364,1
-4703.1636,-28634.3926,24.9425,-5083.5488,-28311.7480,21.9617,-4705.3926,-28630.5977,24.5757,494.6407,-0.0006,0.0012,-3.1356,0.8664,-3.1381,-4703.6553,-28633.7422,25.1970,1
-4703.1636,-28634.3926,24.9425,-5083.5444,-28311.7617,21.9617,-4706.4131,-28635.6445,23.0139,497.1182,0.0008,0.0007,-3.1356,0.8664,-3.1381,-4703.8135,-28633.8086,25.0784,1
-4703.1636,-28634.3926,24.9425,-5083.5391,-28311.7793,21.9619,-4703.4238,-28635.9414,27.8547,499.5959,0.0003,0.0022,-3.1360,0.8664,-3.1384,-4703.8271,-28633.8965,25.1976,1
-4703.1636,-28634.3926,24.9425,-5083.5332,-28311.7969,21.9625,-4700.4062,-28636.1777,26.5042,502.0198,-0.0003,0.0017,-3.1372,0.8665,-3.1390,-4703.6875,-28634.0000,25.2565,1
-4703.1636,-28634.3926,24.9425,-5083.5264,-28311.8203,21.9635,-4705.0073,-28630.0391,25.4856,494.5179,-0.0008,0.0012,-3.1393,0.8664,-3.1402,-4703.7676,-28633.8047,25.2681,1
-4703.1636,-28634.3926,24.9425,-5083.5171,-28311.8496,21.9652,-4706.0205,-28635.1055,24.8019,496.9951,0.0006,0.0007,3.1409,0.8664,3.1413,-4703.9004,-28633.8535,25.2460,1
-4703.1636,-28634.3926,24.9425,-5083.5068,-28311.8828,21.9673,-4703.0420,-28635.3848,30.5382,499.4726,0.0000,0.0022,3.1373,0.8664,3.1393,-4703.8882,-28633.9180,25.5095,1
-4703.1636,-28634.3926,24.9425,-5083.4951,-28311.9199,21.9698,-4700.0156,-28635.6211,27.2187,501.8603,-0.0005,0.0008,3.1336,0.8664,3.1372,-4703.7212,-28634.0000,25.6188,1
-4703.1636,-28634.3926,24.9425,-5083.4824,-28311.9609,21.9722,-4706.2515,-28631.2988,29.7324,494.3037,-0.0003,0.0013,3.1302,0.8664,3.1353,-4703.8550,-28633.8711,25.8563,1
-4703.1636,-28634.3926,24.9425,-5083.4683,-28312.0059,21.9746,-4705.6362,-28634.6113,25.8615,496.8365,0.0004,-0.0002,3.1273,0.8663,3.1337,-4703.9634,-28633.9004,25.9075,1
-4703.1636,-28634.3926,24.9425,-5083.4531,-28312.0547,21.9766,-4702.6475,-28634.8867,31.2106,499.3135,-0.0002,0.0013,3.1251,0.8663,3.1324,-4703.9253,-28633.9453,26.2228,1
-4703.1636,-28634.3926,24.9425,-5083.4375,-28312.1055,21.9781,-4699.6274,-28635.0781,26.5627,501.6405,-0.0008,-0.0003,3.1236,0.8663,3.1316,-4703.7319,-28634.0020,26.3144,1
-4703.1636,-28634.3926,24.9425,-5083.4214,-28312.1582,21.9790,-4708.2612,-28633.7461,25.1672,494.1423,0.0007,-0.0008,3.1230,0.8662,3.1312,-4703.9585,-28633.9961,26.3321,1
-4703.1636,-28634.3926,24.9425,-5083.4043,-28312.2129,21.9794,-4705.2520,-28634.1191,23.5819,496.6183,0.0001,-0.0013,3.1231,0.8662,3.1313,-4704.0444,-28634.0059,26.2631,1
-4703.1636,-28634.3926,24.9425,-5083.3867,-28312.2695,21.9792,-4702.2358,-28634.4238,28.0513,499.0946,-0.0004,0.0002,3.1239,0.8662,3.1317,-4703.9814,-28634.0312,26.4070,1
-4703.1636,-28634.3926,24.9425,-5083.3687,-28312.3262,21.9784,-4699.2314,-28634.5156,25.7268,501.3805,-0.0011,-0.0005,3.1253,0.8662,3.1325,-4703.7632,-28634.0625,26.4352,1
-4703.1636,-28634.3926,24.9425,-5083.3506,-28312.3848,21.9772,-4707.8623,-28633.2051,23.6107,493.8849,0.0004,-0.0010,3.1272,0.8661,3.1336,-4703.9639,-28634.0293,26.3519,1
-4703.1636,-28634.3926,24.9425,-5083.3320,-28312.4453,21.9756,-4704.8530,-28633.5723,21.3945,496.3603,-0.0002,-0.0015,3.1294,0.8661,3.1349,-4704.0234,-28634.0117,26.1477,1
-4703.1636,-28634.3926,24.9425,-5083.3135,-28312.5039,21.9738,-4701.8267,-28633.8965,25.3501,498.8354,-0.0007,0.0000,3.1320,0.8661,3.1363,-4703.9331,-28634.0098,26.1273,1
-4703.1636,-28634.3926,24.9425,-5083.2944,-28312.5645,21.9718,-4702.9155,-28638.7578,25.3622,501.0991,0.0007,0.0003,3.1347,0.8661,3.1378,-4703.8906,-28634.2480,26.1045,1
-4703.1636,-28634.3926,24.9425,-5083.2759,-28312.6250,21.9697,-4707.4702,-28632.6504,22.9788,493.6065,0.0001,-0.0002,3.1375,0.8661,3.1394,-4704.0732,-28634.1934,25.9597,1
-4703.1636,-28634.3926,24.9425,-5083.2573,-28312.6855,21.9676,-4705.0142,-28631.5586,22.4940,494.7203,-0.0007,-0.0001,3.1402,0.8661,3.1409,-4704.1406,-28634.0781,25.7830,1
-4703.1636,-28634.3926,24.9425,-5083.2388,-28312.7441,21.9655,-4707.0991,-28634.4766,22.5360,494.9676,0.0005,0.0001,-3.1404,0.8661,-3.1409,-4704.3135,-28634.1016,25.6007,1
-4703.1636,-28634.3926,24.9425,-5083.2202,-28312.8047,21.9636,-4704.0488,-28634.4629,23.3630,497.2267,-0.0002,0.0006,-3.1380,0.8663,-3.1395,-4704.3384,-28634.1250,25.4538,1
-4703.1636,-28634.3926,24.9425,-5083.2017,-28312.8633,21.9619,-4701.0181,-28634.7871,21.1840,499.6997,-0.0007,0.0001,-3.1359,0.8663,-3.1383,-4704.2090,-28634.1660,25.1952,1
-4703.1636,-28634.3926,24.9425,-5083.1836,-28312.9219,21.9604,-4697.9980,-28635.1074,25.3781,502.1729,-0.0013,0.0016,-3.1340,0.8663,-3.1373,-4703.9199,-28634.2227,25.1395,1
-4703.1636,-28634.3926,24.9425,-5083.1655,-28312.9785,21.9592,-4701.1714,-28636.9414,20.6546,500.8708,-0.0002,0.0002,-3.1325,0.8662,-3.1364,-4703.7729,-28634.3730,24.8528,1
-4703.1636,-28634.3926,24.9425,-5083.1479,-28313.0371,21.9582,-4703.7349,-28633.9805,23.6831,496.9479,-0.0004,0.0013,-3.1312,0.8662,-3.1357,-4703.7490,-28634.3809,24.7111,1
-4703.1636,-28634.3926,24.9425,-5083.1304,-28313.0918,21.9574,-4700.7051,-28634.2988,21.8556,499.4198,-0.0009,0.0008,-3.1303,0.8662,-3.1352,-4703.5742,-28634.4023,24.4808,1
-4703.1636,-28634.3926,24.9425,-5083.1133,-28313.1484,21.9569,-4701.7681,-28639.4297,26.3745,501.8921,0.0005,0.0023,-3.1296,0.8662,-3.1348,-4703.4482,-28634.6777,24.4753,1
-4703.1636,-28634.3926,24.9425,-5083.0962,-28313.2031,21.9566,-4706.3101,-28633.3086,24.6619,494.4058,-0.0001,0.0018,-3.1293,0.8662,-3.1346,-4703.5469,-28634.6562,24.3953,1
-4703.1636,-28634.3926,24.9425,-5083.0796,-28313.2559,21.9565,-4703.3506,-28633.4102,23.9967,496.6806,-0.0007,0.0016,-3.1291,0.8662,-3.1345,-4703.5068,-28634.6348,24.2883,1
-4703.1636,-28634.3926,24.9425,-5083.0630,-28313.3086,21.9566,-4700.3198,-28633.7207,22.4651,499.1516,-0.0012,0.0011,-3.1292,0.8662,-3.1346,-4703.3169,-28634.6230,24.1094,1
-4703.1636,-28634.3926,24.9425,-5083.0469,-28313.3613,21.9568,-4701.2886,-28638.7324,27.2432,501.6228,0.0002,0.0026,-3.1295,0.8665,-3.1347,-4703.1704,-28634.8574,24.1706,1
-4703.1636,-28634.3926,24.9425,-5083.0308,-28313.4141,21.9572,-4705.8335,-28632.6133,25.7388,494.1396,-0.0003,0.0021,-3.1299,0.8665,-3.1349,-4703.2495,-28634.7930,24.1702,1
-4703.1636,-28634.3926,24.9425,-5083.0146,-28313.4648,21.9576,-4702.9658,-28632.8398,24.1731,496.4249,-0.0009,0.0016,-3.1304,0.8665,-3.1352,-4703.1948,-28634.7324,24.1002,1
-4703.1636,-28634.3926,24.9425,-5082.9990,-28313.5156,21.9581,-4699.9355,-28633.1426,22.7844,498.8950,-0.0014,0.0011,-3.1309,0.8665,-3.1355,-4702.9902,-28634.6797,23.9653,1
-4703.1636,-28634.3926,24.9425,-5082.9834,-28313.5645,21.9586,-4700.9873,-28638.2520,27.6692,501.3652,0.0000,0.0026,-3.1316,0.8665,-3.1359,-4702.8340,-28634.8770,24.0757,1
-4703.1636,-28634.3926,24.9425,-5082.9673,-28313.6172,21.9593,-4705.5449,-28632.1484,26.3467,493.8848,-0.0005,0.0021,-3.1326,0.8665,-3.1365,-4702.9048,-28634.7754,24.1337,1
-4703.1636,-28634.3926,24.9425,-5082.9507,-28313.6699,21.9604,-4704.8804,-28631.7383,26.3828,494.0833,-0.0008,0.0019,-3.1344,0.8666,-3.1375,-4702.9521,-28634.6465,24.2021,1
-4703.1636,-28634.3926,24.9425,-5082.9331,-28313.7266,21.9619,-4703.5063,-28637.2734,23.7184,498.6463,0.0003,0.0008,-3.1371,0.8668,-3.1390,-4702.9390,-28634.7852,24.1453,1
-4703.1636,-28634.3926,24.9425,-5082.9136,-28313.7910,21.9641,-4700.5107,-28637.5742,29.4837,501.1157,-0.0002,0.0023,-3.1407,0.8668,-3.1410,-4702.7803,-28634.9453,24.3771,1
-4703.1636,-28634.3926,24.9425,-5082.8926,-28313.8574,21.9666,-4705.0801,-28631.4941,28.9755,493.6379,-0.0008,0.0018,3.1384,0.8668,3.1399,-4702.8467,-28634.8047,24.5984,1
-4703.1636,-28634.3926,24.9425,-5082.8701,-28313.9297,21.9694,-4702.2041,-28631.7344,25.1661,495.8984,-0.0013,0.0002,3.1343,0.8668,3.1376,-4702.7773,-28634.6660,24.6401,1
-4703.1636,-28634.3926,24.9425,-5082.8472,-28314.0039,21.9721,-4703.1084,-28636.7402,24.6967,498.3665,0.0001,-0.0003,3.1306,0.8671,3.1355,-4702.7544,-28634.7715,24.6587,1
-4703.1636,-28634.3926,24.9425,-5082.8228,-28314.0820,21.9747,-4703.0381,-28631.2988,26.4274,494.8562,-0.0012,-0.0000,3.1274,0.8671,3.1337,-4702.7314,-28634.6094,24.7630,1
-4703.1636,-28634.3926,24.9425,-5082.7974,-28314.1641,21.9768,-4704.6782,-28630.9902,29.3322,493.3603,-0.0010,0.0007,3.1250,0.8670,3.1324,-4702.7930,-28634.4219,25.0155,1
-4703.1636,-28634.3926,24.9425,-5082.7715,-28314.2461,21.9784,-4698.9194,-28636.7402,28.2158,501.3810,-0.0008,0.0002,3.1234,0.8670,3.1315,-4702.5742,-28634.5156,25.2204,1
-4703.1636,-28634.3926,24.9425,-5082.7451,-28314.3320,21.9794,-4702.8232,-28636.3379,23.1037,498.0299,-0.0001,-0.0015,3.1227,0.8670,3.1311,-4702.5430,-28634.5938,25.1744,1
-4703.1636,-28634.3926,24.9425,-5082.7178,-28314.4199,21.9798,-4699.7969,-28636.6543,27.7832,500.4970,-0.0007,-0.0000,3.1228,0.8669,3.1311,-4702.3643,-28634.6953,25.3536,1
-4703.1636,-28634.3926,24.9425,-5082.6904,-28314.5078,21.9795,-4704.3853,-28630.6465,25.9044,493.0264,-0.0012,-0.0005,3.1236,0.8669,3.1316,-4702.4111,-28634.5000,25.4417,1
-4703.1636,-28634.3926,24.9425,-5082.6626,-28314.5977,21.9787,-4705.3550,-28635.2949,23.5793,495.1906,0.0001,-0.0012,3.1251,0.8672,3.1324,-4702.5146,-28634.5273,25.4108,1
-4703.1636,-28634.3926,24.9425,-5082.6343,-28314.6875,21.9774,-4702.3345,-28635.6680,21.4342,497.6559,-0.0004,-0.0017,3.1271,0.8672,3.1336,-4702.4766,-28634.5762,25.2644,1
-4703.1636,-28634.3926,24.9425,-5082.6060,-28314.7793,21.9757,-4699.2095,-28635.8965,25.4374,500.1214,-0.0010,-0.0002,3.1295,0.8675,3.1349,-4702.2837,-28634.6387,25.3059,1
-4703.1636,-28634.3926,24.9425,-5082.5776,-28314.8711,21.9737,-4703.8027,-28629.8887,23.0774,492.6553,-0.0015,-0.0007,3.1323,0.8675,3.1364,-4702.3149,-28634.4043,25.2276,1
-4703.1636,-28634.3926,24.9425,-5082.5493,-28314.9609,21.9715,-4700.5547,-28635.3750,22.4841,498.5851,-0.0009,-0.0006,3.1351,0.8675,3.1380,-4702.1899,-28634.4336,25.1124,1
-4703.1636,-28634.3926,24.9425,-5082.5210,-28315.0527,21.9693,-4702.0332,-28635.2031,20.7843,497.2634,-0.0006,-0.0009,3.1380,0.8675,3.1397,-4702.1377,-28634.4590,24.9047,1
-4703.1636,-28634.3926,24.9425,-5082.4927,-28315.1445,21.9671,-4699.0039,-28635.5488,24.6676,499.7273,-0.0012,0.0006,3.1409,0.8675,3.1413,-4701.9365,-28634.5020,24.8808,1
-4703.1636,-28634.3926,24.9425,-5082.4648,-28315.2344,21.9650,-4707.4980,-28634.1797,22.3181,492.2661,0.0003,0.0001,-3.1396,0.8677,-3.1404,-4702.1558,-28634.4805,24.7397,1
-4703.1636,-28634.3926,24.9425,-5082.4370,-28315.3242,21.9630,-4704.6577,-28634.2637,23.2652,494.4074,-0.0003,0.0007,-3.1371,0.8677,-3.1390,-4702.2490,-28634.4648,24.6410,1
-4703.1636,-28634.3926,24.9425,-5082.4097,-28315.4121,21.9612,-4701.6343,-28634.6133,21.0735,496.8694,-0.0009,0.0002,-3.1348,0.8677,-3.1377,-4702.1992,-28634.4648,24.4311,1
-4703.1636,-28634.3926,24.9425,-5082.3823,-28315.5000,21.9596,-4698.6187,-28634.9570,25.2228,499.3318,-0.0014,0.0017,-3.1329,0.8677,-3.1366,-4701.9985,-28634.4824,24.4226,1
-4703.1636,-28634.3926,24.9425,-5082.3550,-28315.5859,21.9583,-4707.0811,-28633.5684,23.1616,491.8755,0.0000,0.0012,-3.1313,0.8680,-3.1357,-4702.2139,-28634.4316,24.3160,1
-4703.1636,-28634.3926,24.9425,-5082.3286,-28315.6719,21.9573,-4704.2686,-28633.6875,23.6026,494.0253,-0.0005,0.0014,-3.1300,0.8681,-3.1350,-4702.3032,-28634.3867,24.2314,1
-4703.1636,-28634.3926,24.9425,-5082.3022,-28315.7578,21.9565,-4701.2412,-28634.0234,21.7816,496.4858,-0.0011,0.0009,-3.1290,0.8681,-3.1344,-4702.2461,-28634.3574,24.0574,1
-4703.1636,-28634.3926,24.9425,-5082.2764,-28315.8418,21.9560,-4702.1875,-28639.0586,26.2698,498.9465,0.0004,0.0024,-3.1284,0.8683,-3.1341,-4702.2344,-28634.5781,24.1056,1
-4703.1636,-28634.3926,24.9425,-5082.2505,-28315.9238,21.9557,-4706.7124,-28633.0000,24.5722,491.4949,-0.0002,0.0019,-3.1280,0.8683,-3.1339,-4702.4492,-28634.5098,24.0779,1
-4703.1636,-28634.3926,24.9425,-5082.2251,-28316.0059,21.9556,-4703.8940,-28633.1270,23.9308,493.6585,-0.0008,0.0017,-3.1279,0.8683,-3.1338,-4702.5342,-28634.4414,24.0226,1
-4703.1636,-28634.3926,24.9425,-5082.1997,-28316.0859,21.9557,-4700.8672,-28633.4531,22.4177,496.1175,-0.0013,0.0012,-3.1280,0.8684,-3.1339,-4702.4697,-28634.3867,23.8944,1
-4703.1636,-28634.3926,24.9425,-5082.1753,-28316.1660,21.9560,-4705.1865,-28635.9141,28.0931,494.3563,0.0002,0.0030,-3.1283,0.8687,-3.1340,-4702.6167,-28634.4531,24.0494,1
-4703.1636,-28634.3926,24.9425,-5082.1504,-28316.2461,21.9564,-4706.3237,-28632.4043,25.6924,491.1297,-0.0004,0.0022,-3.1287,0.8687,-3.1343,-4702.8257,-28634.3496,24.0975,1
-4703.1636,-28634.3926,24.9425,-5082.1265,-28316.3242,21.9568,-4703.8682,-28632.5430,27.0695,493.0430,-0.0009,0.0026,-3.1293,0.8687,-3.1346,-4702.9185,-28634.2461,24.2203,1
-4703.1636,-28634.3926,24.9425,-5082.1025,-28316.4004,21.9574,-4700.4131,-28632.7852,22.7447,495.7647,-0.0015,0.0011,-3.1299,0.8690,-3.1349,-4702.8389,-28634.1523,24.1352,1
-4703.1636,-28634.3926,24.9425,-5082.0781,-28316.4785,21.9581,-4701.4253,-28637.8887,27.7352,498.2226,-0.0001,0.0026,-3.1310,0.8690,-3.1355,-4702.8008,-28634.3125,24.2971,1
-4703.1636,-28634.3926,24.9425,-5082.0532,-28316.5586,21.9592,-4705.9707,-28631.8555,26.6305,490.7797,-0.0007,0.0021,-3.1328,0.8690,-3.1366,-4702.9844,-28634.1816,24.4130,1
-4703.1636,-28634.3926,24.9425,-5082.0269,-28316.6426,21.9608,-4703.1382,-28632.0039,24.7228,492.9633,-0.0012,0.0013,-3.1356,0.8690,-3.1381,-4703.0322,-28634.0527,24.4388,1
-4703.1636,-28634.3926,24.9425,-5081.9995,-28316.7324,21.9630,-4704.0205,-28636.9980,24.2105,495.4196,0.0002,0.0008,-3.1393,0.8693,-3.1402,-4703.1221,-28634.1680,24.4391,1
-4703.1636,-28634.3926,24.9425,-5081.9702,-28316.8262,21.9658,-4701.0337,-28637.3066,30.1642,497.8761,-0.0003,0.0023,3.1395,0.8693,3.1405,-4703.0620,-28634.3105,24.7357,1
-4703.1636,-28634.3926,24.9425,-5081.9395,-28316.9258,21.9689,-4705.5918,-28631.3066,29.8187,490.4374,-0.0009,0.0018,3.1348,0.8693,3.1378,-4703.2222,-28634.1582,25.0273,1
-4703.1636,-28634.3926,24.9425,-5081.9072,-28317.0293,21.9721,-4702.7676,-28631.4727,25.2395,492.5770,-0.0014,-0.0002,3.1301,0.8693,3.1352,-4703.2451,-28634.0098,25.0989,1
-4703.1636,-28634.3926,24.9425,-5081.8735,-28317.1387,21.9753,-4703.6304,-28636.4785,24.8950,495.0316,-0.0000,-0.0007,3.1259,0.8696,3.1328,-4703.3066,-28634.1055,25.1498,1
-4703.1636,-28634.3926,24.9425,-5081.8389,-28317.2500,21.9781,-4700.6274,-28636.7812,30.5624,497.4865,-0.0006,0.0008,3.1225,0.8695,3.1309,-4703.2163,-28634.2227,25.4797,1
-4703.1636,-28634.3926,24.9425,-5081.8032,-28317.3652,21.9803,-4705.1934,-28630.8301,29.5861,490.0526,-0.0011,0.0003,3.1200,0.8695,3.1295,-4703.3452,-28634.0508,25.7690,1
-4703.1636,-28634.3926,24.9425,-5081.7666,-28317.4824,21.9824,-4706.2764,-28635.5781,24.4138,492.1265,0.0003,-0.0015,3.1183,0.8697,3.1285,-4703.5312,-28634.1094,25.8036,1
-4703.1636,-28634.3926,24.9425,-5081.7295,-28317.6016,21.9842,-4703.2646,-28635.9824,23.0868,494.5792,-0.0003,-0.0020,3.1175,0.8697,3.1281,-4703.5703,-28634.1914,25.7620,1
-4703.1636,-28634.3926,24.9425,-5081.6919,-28317.7227,21.9855,-4700.2397,-28636.3145,27.7688,497.0323,-0.0008,-0.0005,3.1175,0.8697,3.1281,-4703.4546,-28634.2949,25.9424,1
-4703.1636,-28634.3926,24.9425,-5081.6538,-28317.8457,21.9862,-4704.8164,-28630.3945,25.9324,489.6041,-0.0014,-0.0010,3.1182,0.8697,3.1285,-4703.5562,-28634.1094,26.0302,1
-4703.1636,-28634.3926,24.9425,-5081.6157,-28317.9688,21.9859,-4705.8711,-28635.0098,23.5319,491.6362,0.0000,-0.0017,3.1196,0.8700,3.1293,-4703.7119,-28634.1426,25.9923,1
-4703.1636,-28634.3926,24.9425,-5081.5771,-28318.0938,21.9847,-4705.7852,-28631.6680,23.7070,489.4444,-0.0009,-0.0014,3.1218,0.8700,3.1305,-4703.8657,-28634.0137,25.9518,1
-4703.1636,-28634.3926,24.9425,-5081.5386,-28318.2188,21.9823,-4699.8247,-28635.7598,25.2540,496.5378,-0.0011,-0.0007,3.1245,0.8700,3.1321,-4703.7231,-28634.0820,25.9787,1
-4703.1636,-28634.3926,24.9425,-5081.4995,-28318.3438,21.9793,-4704.3345,-28629.7539,22.7666,489.1160,-0.0016,-0.0012,3.1278,0.8702,3.1339,-4703.7930,-28633.8574,25.8757,1
-4703.1636,-28634.3926,24.9425,-5081.4609,-28318.4688,21.9761,-4705.5762,-28634.5605,22.9400,491.1281,-0.0002,-0.0008,3.1313,0.8703,3.1359,-4703.9238,-28633.8633,25.7704,1
-4703.1636,-28634.3926,24.9425,-5081.4219,-28318.5938,21.9727,-4702.5684,-28634.9512,20.3627,493.5766,-0.0008,-0.0013,3.1349,0.8703,3.1379,-4703.9053,-28633.8906,25.5269,1
-4703.1636,-28634.3926,24.9425,-5081.3833,-28318.7188,21.9695,-4703.3662,-28636.0430,23.4951,493.5516,-0.0004,0.0000,3.1385,0.8702,3.1400,-4703.9209,-28633.9785,25.4261,1
-4703.1636,-28634.3926,24.9425,-5081.3452,-28318.8418,21.9665,-4707.9683,-28634.0059,21.4654,488.6101,0.0001,-0.0003,-3.1412,0.8705,-3.1413,-4704.1621,-28633.9707,25.2192,1
-4703.1636,-28634.3926,24.9425,-5081.3071,-28318.9648,21.9637,-4705.1880,-28633.9922,22.9905,490.6188,-0.0005,0.0005,-3.1379,0.8705,-3.1394,-4704.2710,-28633.9609,25.0802,1
-4703.1636,-28634.3926,24.9425,-5081.2690,-28319.0879,21.9612,-4702.1743,-28634.3633,20.6139,493.0651,-0.0010,-0.0000,-3.1349,0.8705,-3.1377,-4704.2280,-28633.9727,24.8192,1
-4703.1636,-28634.3926,24.9425,-5081.2319,-28319.2070,21.9591,-4699.0889,-28634.6387,24.5460,495.5117,-0.0016,0.0015,-3.1323,0.8708,-3.1363,-4704.0220,-28633.9980,24.7472,1
-4703.1636,-28634.3926,24.9425,-5081.1948,-28319.3262,21.9573,-4707.4771,-28633.3047,22.3515,488.1030,-0.0001,0.0010,-3.1301,0.8711,-3.1350,-4704.2202,-28633.9609,24.5686,1
-4703.1636,-28634.3926,24.9425,-5081.1582,-28319.4453,21.9559,-4704.8018,-28633.4180,23.4026,490.1229,-0.0007,0.0015,-3.1283,0.8712,-3.1340,-4704.2910,-28633.9258,24.4410,1
-4703.1636,-28634.3926,24.9425,-5081.1221,-28319.5605,21.9549,-4703.0981,-28631.2207,26.3839,489.9447,-0.0016,0.0026,-3.1270,0.8712,-3.1333,-4704.2754,-28633.7812,24.4644,1
-4703.1636,-28634.3926,24.9425,-5081.0864,-28319.6758,21.9541,-4702.7710,-28638.9043,25.8557,495.0115,0.0002,0.0025,-3.1260,0.8712,-3.1327,-4704.2373,-28634.0156,24.4705,1
-4703.1636,-28634.3926,24.9425,-5081.0513,-28319.7910,21.9537,-4707.2852,-28632.9414,24.1225,487.6093,-0.0004,0.0020,-3.1255,0.8712,-3.1324,-4704.4194,-28633.9629,24.3972,1
-4703.1636,-28634.3926,24.9425,-5081.0166,-28319.9023,21.9536,-4704.4341,-28632.8594,23.8290,489.6475,-0.0010,0.0019,-3.1252,0.8712,-3.1323,-4704.4644,-28633.9062,24.3121,1
-4703.1636,-28634.3926,24.9425,-5080.9819,-28320.0137,21.9537,-4701.3462,-28633.1152,22.3176,492.0896,-0.0015,0.0014,-3.1253,0.8714,-3.1323,-4704.3516,-28633.8574,24.1538,1
-4703.1636,-28634.3926,24.9425,-5080.9482,-28320.1230,21.9540,-4702.2158,-28638.0957,27.0394,494.5320,-0.0001,0.0029,-3.1256,0.8718,-3.1325,-4704.2725,-28634.0586,24.2310,1
-4703.1636,-28634.3926,24.9425,-5080.9146,-28320.2324,21.9544,-4706.7314,-28632.1348,25.5962,487.1360,-0.0007,0.0024,-3.1261,0.8718,-3.1328,-4704.4126,-28633.9707,24.2468,1
-4703.1636,-28634.3926,24.9425,-5080.8813,-28320.3398,21.9550,-4704.0581,-28632.2930,24.0792,489.1928,-0.0012,0.0018,-3.1268,0.8718,-3.1332,-4704.4233,-28633.8867,24.1933,1
-4703.1636,-28634.3926,24.9425,-5080.8481,-28320.4453,21.9557,-4704.6172,-28629.6875,23.2990,487.0090,-0.0017,0.0015,-3.1276,0.8722,-3.1336,-4704.4595,-28633.6680,24.1033,1
-4703.1636,-28634.3926,24.9425,-5080.8159,-28320.5508,21.9564,-4702.0586,-28637.8730,23.7545,494.1140,-0.0002,0.0016,-3.1285,0.8723,-3.1341,-4704.3667,-28633.8496,24.0370,1
-4703.1636,-28634.3926,24.9425,-5080.7837,-28320.6543,21.9571,-4706.4302,-28631.6348,26.2860,486.6833,-0.0009,0.0023,-3.1293,0.8723,-3.1346,-4704.4849,-28633.7305,24.0997,1
-4703.1636,-28634.3926,24.9425,-5080.7515,-28320.7578,21.9578,-4703.6899,-28631.7344,24.1230,488.7554,-0.0014,0.0016,-3.1302,0.8723,-3.1351,-4704.4702,-28633.6133,24.0625,1
-4703.1636,-28634.3926,24.9425,-5080.7197,-28320.8594,21.9585,-4704.5127,-28636.6797,22.7974,491.1938,0.0000,0.0011,-3.1310,0.8727,-3.1355,-4704.4927,-28633.7383,23.9616,1
-4703.1636,-28634.3926,24.9425,-5080.6885,-28320.9609,21.9591,-4701.5312,-28637.0117,27.6714,493.6324,-0.0005,0.0026,-3.1318,0.8727,-3.1360,-4704.3652,-28633.8906,24.1040,1
-4703.1636,-28634.3926,24.9425,-5080.6572,-28321.0625,21.9597,-4706.0713,-28631.0801,26.2599,486.2478,-0.0011,0.0020,-3.1325,0.8727,-3.1363,-4704.4570,-28633.7520,24.1869,1
-4703.1636,-28634.3926,24.9425,-5080.6260,-28321.1621,21.9602,-4703.2378,-28631.0742,24.0384,488.3315,-0.0016,0.0013,-3.1331,0.8730,-3.1367,-4704.4102,-28633.6074,24.1653,1
-4703.1636,-28634.3926,24.9425,-5080.5957,-28321.2617,21.9606,-4704.0371,-28635.9980,22.6256,490.7682,-0.0002,0.0008,-3.1336,0.8734,-3.1370,-4704.3994,-28633.7051,24.0736,1
-4703.1636,-28634.3926,24.9425,-5080.5649,-28321.3594,21.9609,-4701.3154,-28635.4980,25.4296,492.4636,-0.0009,0.0016,-3.1340,0.8734,-3.1372,-4704.2515,-28633.7832,24.1196,1
-4703.1636,-28634.3926,24.9425,-5080.5347,-28321.4570,21.9611,-4702.8257,-28636.4668,24.5069,491.8307,-0.0004,0.0013,-3.1343,0.8735,-3.1373,-4704.1719,-28633.9160,24.1239,1
-4703.1636,-28634.3926,24.9425,-5080.5049,-28321.5547,21.9613,-4706.7642,-28635.2148,23.9064,487.9186,0.0002,0.0011,-3.1345,0.8738,-3.1375,-4704.2861,-28633.9902,24.1001,1
-4703.1636,-28634.3926,24.9425,-5080.4751,-28321.6504,21.9613,-4703.7583,-28635.5508,22.4090,490.3535,-0.0004,0.0006,-3.1346,0.8738,-3.1375,-4704.2573,-28634.0840,24.0017,1
-4703.1636,-28634.3926,24.9425,-5080.4453,-28321.7461,21.9614,-4700.7803,-28635.8730,27.0677,492.7886,-0.0009,0.0021,-3.1346,0.8738,-3.1375,-4704.0786,-28634.1973,24.1334,1
-4703.1636,-28634.3926,24.9425,-5080.4160,-28321.8398,21.9613,-4697.6860,-28636.0957,25.5293,495.2235,-0.0015,0.0016,-3.1346,0.8741,-3.1375,-4703.7373,-28634.3242,24.1964,1
-4703.1636,-28634.3926,24.9425,-5080.3867,-28321.9355,21.9613,-4706.3691,-28634.6367,23.8222,487.5156,0.0000,0.0011,-3.1345,0.8745,-3.1375,-4703.8174,-28634.3809,24.1777,1
-4703.1636,-28634.3926,24.9425,-5080.3579,-28322.0273,21.9612,-4703.3647,-28634.9609,22.2598,489.9488,-0.0006,0.0006,-3.1344,0.8745,-3.1374,-4703.7563,-28634.4512,24.0800,1
-4703.1636,-28634.3926,24.9425,-5080.3291,-28322.1211,21.9610,-4700.3872,-28635.2773,26.8611,492.3823,-0.0011,0.0021,-3.1342,0.8745,-3.1373,-4703.5483,-28634.5352,24.2082,1
-4703.1636,-28634.3926,24.9425,-5080.3008,-28322.2129,21.9609,-4697.3706,-28635.5820,25.2838,494.8155,-0.0017,0.0016,-3.1341,0.8746,-3.1372,-4703.1841,-28634.6348,24.2645,1
-4703.1636,-28634.3926,24.9425,-5080.2725,-28322.3027,21.9607,-4706.1094,-28634.2168,23.7891,487.1226,-0.0002,0.0011,-3.1339,0.8746,-3.1371,-4703.2466,-28634.6641,24.2483,1
-4703.1636,-28634.3926,24.9425,-5080.2446,-28322.3945,21.9606,-4703.1162,-28634.5469,22.2100,489.5542,-0.0008,0.0006,-3.1337,0.8746,-3.1370,-4703.1714,-28634.7070,24.1515,1
-4703.1636,-28634.3926,24.9425,-5080.2168,-28322.4824,21.9604,-4702.2344,-28638.7578,22.1748,492.8473,0.0001,0.0006,-3.1335,0.8746,-3.1369,-4703.0566,-28634.9551,24.0481,1
-4703.1636,-28634.3926,24.9425,-5080.1895,-28322.5723,21.9603,-4700.9863,-28639.8242,25.2049,494.4176,0.0001,0.0016,-3.1334,0.8749,-3.1368,-4702.8813,-28635.2637,24.0921,1
-4703.1636,-28634.3926,24.9425,-5080.1621,-28322.6602,21.9602,-4705.7295,-28633.6543,23.7938,486.7401,-0.0004,0.0012,-3.1332,0.8750,-3.1367,-4702.9434,-28635.2715,24.0690,1
-4703.1636,-28634.3926,24.9425,-5080.1348,-28322.7480,21.9601,-4702.7373,-28633.9727,22.2337,489.1702,-0.0010,0.0007,-3.1331,0.8750,-3.1367,-4702.8672,-28635.2852,23.9678,1
-4703.1636,-28634.3926,24.9425,-5080.1084,-28322.8340,21.9600,-4699.6924,-28634.1816,26.8409,491.6005,-0.0015,0.0022,-3.1330,0.8752,-3.1366,-4702.6431,-28635.3008,24.0934,1
-4703.1636,-28634.3926,24.9425,-5080.0815,-28322.9199,21.9599,-4700.5049,-28639.1191,25.2717,494.0305,-0.0001,0.0017,-3.1329,0.8756,-3.1366,-4702.4565,-28635.5566,24.1482,1
-4703.1636,-28634.3926,24.9425,-5080.0552,-28323.0039,21.9599,-4705.3545,-28633.0918,23.8149,486.3686,-0.0006,0.0012,-3.1329,0.8757,-3.1365,-4702.5127,-28635.5156,24.1330,1
-4703.1636,-28634.3926,24.9425,-5080.0293,-28323.0898,21.9598,-4702.3633,-28633.4023,22.2831,488.7970,-0.0012,0.0007,-3.1328,0.8757,-3.1365,-4702.4316,-28635.4785,24.0404,1
-4703.1636,-28634.3926,24.9425,-5080.0034,-28323.1719,21.9598,-4699.3970,-28633.6934,26.9143,491.2259,-0.0017,0.0022,-3.1328,0.8757,-3.1365,-4702.2065,-28635.4473,24.1753,1
-4703.1636,-28634.3926,24.9425,-5079.9775,-28323.2559,21.9598,-4700.3228,-28638.7734,25.3723,493.6544,-0.0003,0.0017,-3.1328,0.8757,-3.1365,-4702.0259,-28635.6621,24.2400,1
-4703.1636,-28634.3926,24.9425,-5079.9521,-28323.3379,21.9599,-4704.9917,-28632.5449,23.8298,486.0077,-0.0009,0.0012,-3.1329,0.8757,-3.1365,-4702.0801,-28635.5703,24.2301,1
-4703.1636,-28634.3926,24.9425,-5079.9268,-28323.4180,21.9599,-4702.0054,-28632.8457,22.3174,488.4348,-0.0014,0.0007,-3.1329,0.8757,-3.1366,-4701.9976,-28635.4824,24.1429,1
-4703.1636,-28634.3926,24.9425,-5079.9019,-28323.5000,21.9599,-4699.6011,-28635.3926,23.5559,491.8372,-0.0012,0.0011,-3.1330,0.8761,-3.1366,-4701.7998,-28635.5117,24.1127,1
-4703.1636,-28634.3926,24.9425,-5079.8774,-28323.5781,21.9600,-4699.8472,-28638.0684,25.4340,493.2891,-0.0005,0.0017,-3.1330,0.8761,-3.1366,-4701.6143,-28635.6738,24.1752,1
-4703.1636,-28634.3926,24.9425,-5079.8525,-28323.6582,21.9601,-4704.6196,-28631.9824,23.8360,485.6572,-0.0011,0.0012,-3.1331,0.8761,-3.1367,-4701.6685,-28635.5332,24.1610,1
-4703.1636,-28634.3926,24.9425,-5079.8281,-28323.7363,21.9601,-4701.5552,-28632.1777,22.3319,488.0829,-0.0016,0.0007,-3.1332,0.8764,-3.1367,-4701.5825,-28635.3926,24.0707,1
-4703.1636,-28634.3926,24.9425,-5079.8042,-28323.8145,21.9602,-4702.3784,-28637.0723,26.9571,490.5088,-0.0002,0.0022,-3.1332,0.8768,-3.1367,-4701.5425,-28635.4863,24.2074,1
-4703.1636,-28634.3926,24.9425,-5079.7803,-28323.8926,21.9602,-4699.3687,-28637.3652,25.4556,492.9344,-0.0008,0.0017,-3.1333,0.8769,-3.1368,-4701.3594,-28635.5996,24.2761,1
-4703.1636,-28634.3926,24.9425,-5079.7563,-28323.9688,21.9603,-4704.2510,-28631.4219,23.8309,485.3165,-0.0012,0.0012,-3.1334,0.8769,-3.1368,-4701.4199,-28635.4180,24.2659,1
-4703.1636,-28634.3926,24.9425,-5079.7329,-28324.0449,21.9603,-4705.0645,-28636.3223,22.3068,487.7408,0.0002,0.0007,-3.1334,0.8772,-3.1369,-4701.5332,-28635.4688,24.1777,1
-4703.1636,-28634.3926,24.9425,-5079.7095,-28324.1191,21.9604,-4702.0142,-28636.5137,26.9449,490.1653,-0.0004,0.0022,-3.1335,0.8775,-3.1369,-4701.5068,-28635.5332,24.3164,1
-4703.1636,-28634.3926,24.9425,-5079.6865,-28324.1934,21.9604,-4699.0088,-28636.7988,25.4391,492.5896,-0.0009,0.0017,-3.1335,0.8776,-3.1369,-4701.3345,-28635.6113,24.3860,1
-4703.1636,-28634.3926,24.9425,-5079.6636,-28324.2676,21.9604,-4703.8101,-28630.7715,23.8178,484.9850,-0.0014,0.0011,-3.1336,0.8778,-3.1369,-4701.3994,-28635.3906,24.3761,1
-4703.1636,-28634.3926,24.9425,-5079.6406,-28324.3418,21.9605,-4704.5942,-28635.6426,22.2887,487.4080,0.0000,0.0006,-3.1336,0.8782,-3.1370,-4701.5132,-28635.4023,24.2874,1
-4703.1636,-28634.3926,24.9425,-5079.6182,-28324.4141,21.9605,-4701.6304,-28635.9297,26.9190,489.8313,-0.0005,0.0021,-3.1337,0.8783,-3.1370,-4701.4893,-28635.4277,24.4244,1
-4703.1636,-28634.3926,24.9425,-5079.5957,-28324.4863,21.9605,-4698.6304,-28636.2129,25.4072,492.2542,-0.0011,0.0016,-3.1337,0.8783,-3.1370,-4701.3169,-28635.4688,24.4914,1
-4703.1636,-28634.3926,24.9425,-5079.5737,-28324.5586,21.9605,-4703.4346,-28630.2012,23.8047,484.6625,-0.0016,0.0011,-3.1337,0.8786,-3.1370,-4701.3804,-28635.2109,24.4794,1
-4703.1636,-28634.3926,24.9425,-5079.5518,-28324.6289,21.9606,-4704.3237,-28635.2051,22.2721,487.0842,-0.0001,0.0006,-3.1337,0.8786,-3.1370,-4701.4961,-28635.1914,24.3877,1
-4703.1636,-28634.3926,24.9425,-5079.5298,-28324.6992,21.9606,-4701.3687,-28635.4941,26.8927,489.5062,-0.0007,0.0021,-3.1337,0.8786,-3.1370,-4701.4727,-28635.1875,24.5209,1
-4703.1636,-28634.3926,24.9425,-5079.5083,-28324.7695,21.9606,-4698.3735,-28635.7734,25.3759,491.9279,-0.0012,0.0016,-3.1337,0.8787,-3.1370,-4701.3003,-28635.1992,24.5833,1
-4703.1636,-28634.3926,24.9425,-5079.4868,-28324.8379,21.9606,-4706.9209,-28634.3340,23.7762,484.3484,0.0002,0.0011,-3.1338,0.8790,-3.1370,-4701.5493,-28635.1406,24.5664,1
-4703.1636,-28634.3926,24.9425,-5079.4658,-28324.9062,21.9606,-4703.9424,-28634.6289,22.2591,486.7689,-0.0003,0.0006,-3.1338,0.8790,-3.1370,-4701.6641,-28635.0977,24.4704,1
-4703.1636,-28634.3926,24.9425,-5079.4443,-28324.9746,21.9606,-4700.9897,-28634.9121,26.8743,489.1897,-0.0009,0.0021,-3.1338,0.8790,-3.1370,-4701.6372,-28635.0664,24.5986,1
-4703.1636,-28634.3926,24.9425,-5079.4238,-28325.0430,21.9606,-4706.1807,-28632.1484,22.6965,483.3447,-0.0005,0.0008,-3.1338,0.8793,-3.1370,-4701.8677,-28634.9004,24.5228,1
-4703.1636,-28634.3926,24.9425,-5079.4028,-28325.1094,21.9606,-4706.5376,-28633.7656,23.7699,484.0427,0.0001,0.0011,-3.1338,0.8797,-3.1370,-4702.1260,-28634.8086,24.4952,1
-4703.1636,-28634.3926,24.9425,-5079.3823,-28325.1758,21.9606,-4703.5591,-28634.0508,22.2544,486.4620,-0.0005,0.0006,-3.1338,0.8797,-3.1370,-4702.2446,-28634.7324,24.3894,1
-4703.1636,-28634.3926,24.9425,-5079.3618,-28325.2402,21.9606,-4697.7744,-28635.1211,22.0390,491.5617,-0.0014,0.0005,-3.1338,0.8797,-3.1370,-4702.0737,-28634.7090,24.2674,1
-4703.1636,-28634.3926,24.9425,-5079.3418,-28325.3066,21.9606,-4701.4463,-28639.2578,25.3323,491.3008,0.0004,0.0016,-3.1338,0.8800,-3.1370,-4702.0732,-28634.8965,24.3051,1
-4703.1636,-28634.3926,24.9425,-5079.3218,-28325.3711,21.9606,-4706.2744,-28633.3398,23.7667,483.7450,-0.0001,0.0011,-3.1338,0.8801,-3.1370,-4702.3105,-28634.8008,24.2679,1
-4703.1636,-28634.3926,24.9425,-5079.3018,-28325.4355,21.9606,-4703.3037,-28633.6270,22.2525,486.1632,-0.0007,0.0006,-3.1338,0.8801,-3.1370,-4702.4072,-28634.7168,24.1545,1
-4703.1636,-28634.3926,24.9425,-5079.2822,-28325.4980,21.9606,-4700.3564,-28633.8965,26.8628,488.5816,-0.0012,0.0021,-3.1338,0.8801,-3.1370,-4702.3555,-28634.6465,24.2679,1
-4703.1636,-28634.3926,24.9425,-5079.2627,-28325.5605,21.9606,-4701.2759,-28638.9297,25.3308,490.9998,0.0002,0.0016,-3.1338,0.8801,-3.1371,-4702.3418,-28634.8262,24.3121,1
-4703.1636,-28634.3926,24.9425,-5079.2432,-28325.6230,21.9606,-4705.9082,-28632.7871,23.7613,483.4551,-0.0004,0.0011,-3.1339,0.8801,-3.1371,-4702.5552,-28634.7109,24.2809,1
