0.0000,0.0000,0.0000,0.0000,0.0000,0.0000,0.0000,0.0000,0.0000,0.0000,0.0000,0.0000,0.0000,0.0000,0.0000,0
0.0000,0.0000,0.0000,0.0000,0.0000,0.0000,0.0000,0.0000,0.0000,0.0000,0.0000,0.0000,0.0000,0.0000,0.0000,0
0.0000,0.0000,0.0000,0.0000,0.0000,0.0000,0.0000,0.0000,0.0000,0.0000,0.0000,0.0000,0.0000,0.0000,0.0000,0
0.0000,0.0000,0.0000,0.0000,0.0000,0.0000,0.0000,0.0000,0.0000,0.0000,0.0000,0.0000,0.0000,0.0000,0.0000,0
0.0000,0.0000,0.0000,0.0000,0.0000,0.0000,0.0000,0.0000,0.0000,0.0000,0.0000,0.0000,0.0000,0.0000,0.0000,0
0.0000,0.0000,0.0000,-5252.6138,-28084.4629,21.8767,0.0000,0.0000,0.0000,0.0000,0.0000,0.0000,3.1416,0.7854,3.1416,0
-4703.1636,-28634.3926,24.9425,-5252.6138,-28084.4629,21.8749,0.0000,0.0000,0.0000,0.0000,0.0000,0.0000,3.1416,0.7854,3.1416,0
-4703.1636,-28634.3926,24.9425,-5252.6138,-28084.4629,21.8702,0.0000,0.0000,0.0000,0.0000,0.0000,0.0000,3.1416,0.7854,3.1416,0
-4703.1636,-28634.3926,24.9425,-5252.6138,-28084.4629,21.8628,0.0000,0.0000,0.0000,0.0000,0.0000,0.0000,3.1416,0.7854,3.1416,0
-4703.1636,-28634.3926,24.9425,-5252.6138,-28084.4629,21.8527,0.0000,0.0000,0.0000,0.0000,0.0000,0.0000,3.1416,0.7854,3.1416,0
-4703.1636,-28634.3926,24.9425,-5252.6138,-28084.4629,21.8398,0.0000,0.0000,0.0000,776.8304,-0.0009,0.0002,3.1416,0.7854,3.1416,0
-4703.1636,-28634.3926,24.9425,-5252.6138,-28084.4629,21.8241,-5082.1426,-27973.7480,-731.9389,780.6909,0.0005,-0.0003,3.1416,0.7854,3.1416,1
-4703.1636,-28634.3926,24.9425,-5252.6138,-28084.4629,21.8057,-5088.8223,-27974.6016,-737.5563,784.5518,-0.0000,0.0012,3.1416,0.7854,3.1416,1
-4703.1636,-28634.3926,24.9425,-5252.6138,-28084.4629,21.7846,-5089.2930,-27979.2793,-726.2660,772.8604,-0.0006,0.0007,3.1416,0.7854,3.1416,1
-4703.1636,-28634.3926,24.9425,-5252.6138,-28084.4629,21.7607,-5085.1992,-27972.2812,-728.3629,776.7216,0.0008,0.0002,3.1416,0.7854,3.1416,1
-4703.1636,-28634.3926,24.9425,-5252.6138,-28084.4629,21.7340,-5082.3677,-27974.7969,-732.1204,780.5820,0.0003,-0.0003,3.1416,0.7854,3.1416,1
-4703.1636,-28634.3926,24.9425,-5252.6138,-28084.4629,21.7047,-5090.8081,-27979.0273,-725.8600,772.1046,-0.0006,0.0010,3.1416,0.7854,3.1416,1
-4703.1636,-28634.3926,24.9425,-5252.6138,-28084.4629,21.6726,-6015.7202,-27976.3145,12.4805,770.7866,0.0002,-0.0000,3.1416,0.7854,-3.1416,1
-4703.1636,-28634.3926,24.9425,-5252.6138,-28084.4629,21.6378,-6021.1890,-27973.3164,13.4079,776.6127,0.0006,0.0002,3.1416,0.7854,-3.1416,1
-4703.1636,-28634.3926,24.9425,-5252.6138,-28084.4629,21.6003,-6025.4224,-27975.8379,11.3753,780.4731,0.0001,-0.0003,3.1416,0.7854,-3.1416,1
-4703.1636,-28634.3926,24.9425,-5252.6138,-28084.4629,21.5601,-6029.5098,-27976.7031,19.0298,784.3341,-0.0005,0.0012,3.1416,0.7854,-3.1416,1
-4703.1636,-28634.3926,24.9425,-5252.6138,-28084.4629,21.5172,-6016.9883,-27971.8789,15.4349,772.6427,0.0010,0.0007,3.1416,0.7854,-3.1416,1
-4703.1636,-28634.3926,24.9425,-5252.6138,-28084.4629,21.4715,-6021.2305,-27974.3457,13.5663,776.5042,0.0004,0.0003,3.1416,0.7854,-3.1416,1
-4703.1636,-28634.3926,24.9425,-5252.6089,-28084.4590,21.4342,-5114.9434,-27974.4941,-738.7790,780.3647,-0.0001,-0.0002,3.1388,0.7854,3.1377,1
-4703.1636,-28634.3926,24.9425,-5252.6064,-28084.4590,21.4316,-5112.4033,-27976.5938,-742.5870,784.2255,-0.0007,0.0013,3.1401,0.7854,3.1383,1
-4703.1636,-28634.3926,24.9425,-5252.6099,-28084.4609,21.4390,-5094.4932,-27972.8340,-726.4589,772.5341,0.0007,0.0008,3.1409,0.7852,3.1411,1
-4703.1636,-28634.3926,24.9425,-5252.6123,-28084.4609,21.4454,-6021.3472,-27976.1465,11.1925,776.3948,0.0001,0.0002,3.1414,0.7852,-3.1409,1
-4703.1636,-28634.3926,24.9425,-5252.6133,-28084.4629,21.4487,-5093.2549,-27978.3691,777.8522,780.2553,-0.0004,-0.0003,-3.1412,0.7852,-3.1401,1
-4703.1636,-28634.3926,24.9425,-5252.6138,-28084.4629,21.4491,-5090.9585,-27981.4219,781.7743,784.1161,-0.0010,0.0012,-3.1407,0.7851,-3.1396,1
-4703.1636,-28634.3926,24.9425,-5252.6133,-28084.4648,21.4473,-5094.8481,-27975.6445,769.7202,772.4247,0.0005,0.0007,-3.1405,0.7851,-3.1397,1
-4703.1636,-28634.3926,24.9425,-5252.6113,-28084.4629,21.4440,-5088.7563,-27977.8418,772.7119,776.2852,-0.0001,0.0002,-3.1411,0.7851,-3.1409,1
-4703.1636,-28634.3926,24.9425,-5252.6099,-28084.4609,21.4419,-5091.0967,-27979.5742,-734.5597,780.1456,-0.0006,-0.0003,3.1408,0.7851,3.1408,1
-4703.1636,-28634.3926,24.9425,-5252.6104,-28084.4629,21.4418,-5090.5698,-27971.3359,-737.2531,784.0065,0.0008,0.0012,3.1414,0.7851,3.1414,1
-4703.1636,-28634.3926,24.9425,-5252.6108,-28084.4629,21.4412,-5085.0898,-27977.2520,767.7097,772.3151,0.0003,0.0007,-3.1412,0.7851,-3.1412,1
-4703.1636,-28634.3926,24.9425,-5252.6104,-28084.4629,21.4416,-5085.2827,-27979.0605,772.0019,776.1747,-0.0003,0.0003,-3.1413,0.7851,-3.1414,1
-4703.1636,-28634.3926,24.9425,-5252.6104,-28084.4629,21.4421,-5086.6758,-27980.9316,-733.6744,780.0352,-0.0009,-0.0002,3.1413,0.7851,3.1413,1
-4703.1636,-28634.3926,24.9425,-5252.6104,-28084.4629,21.4416,-5090.8584,-27972.2910,-737.3426,783.8961,0.0006,0.0013,3.1414,0.7851,3.1414,1
-4703.1636,-28634.3926,24.9425,-5252.6104,-28084.4629,21.4417,-5090.3691,-27977.0781,-725.8536,772.2047,0.0000,0.0008,3.1415,0.7851,3.1415,1
-4703.1636,-28634.3926,24.9425,-5252.6104,-28084.4629,21.4415,-5086.9873,-27979.6309,-729.4640,776.0659,-0.0005,0.0003,3.1416,0.7851,3.1415,1
-4703.1636,-28634.3926,24.9425,-5252.6104,-28084.4629,21.4412,-5084.3081,-27972.3477,774.6934,779.9263,0.0009,-0.0002,-3.1415,0.7851,-3.1415,1
-4703.1636,-28634.3926,24.9425,-5252.6104,-28084.4629,21.4411,-5089.0303,-27972.5938,-726.9413,774.1746,0.0009,0.0006,3.1415,0.7851,3.1414,1
-4703.1636,-28634.3926,24.9425,-5252.6104,-28084.4629,21.4404,-5082.8779,-27979.4199,767.2909,772.0958,-0.0002,0.0008,-3.1414,0.7851,-3.1415,1
-4703.1636,-28634.3926,24.9425,-5252.6104,-28084.4629,21.4407,-5088.1592,-27980.5176,-729.7327,775.9567,-0.0007,0.0003,3.1415,0.7852,3.1414,1
-4703.1636,-28634.3926,24.9425,-5252.6108,-28084.4629,21.4397,-5086.8550,-27973.0410,775.2462,779.8171,0.0007,-0.0002,-3.1413,0.7852,-3.1413,1
-4703.1636,-28634.3926,24.9425,-5252.6104,-28084.4629,21.4409,-5078.0078,-27976.5098,777.7596,783.6780,0.0002,0.0013,-3.1414,0.7852,-3.1414,1
-4703.1636,-28634.3926,24.9425,-5252.6104,-28084.4609,21.4412,-5090.6206,-27978.9551,-725.9510,771.9866,-0.0004,0.0008,3.1415,0.7852,3.1415,1
-4703.1636,-28634.3926,24.9425,-5252.6104,-28084.4609,21.4415,-5087.7061,-27981.5527,-729.6634,775.8481,-0.0010,0.0003,3.1415,0.7852,3.1415,1
-4703.1636,-28634.3926,24.9425,-5252.6104,-28084.4609,21.4416,-5083.5605,-27974.5527,-731.7429,779.7086,0.0005,-0.0002,3.1415,0.7852,3.1415,1
-4703.1636,-28634.3926,24.9425,-5252.6104,-28084.4609,21.4418,-5090.1724,-27975.3887,-737.3102,783.5695,-0.0001,0.0013,3.1415,0.7852,3.1415,1
-4703.1636,-28634.3926,24.9425,-5252.6104,-28084.4609,21.4413,-5090.8027,-27980.0078,-726.0260,771.8781,-0.0006,0.0008,3.1415,0.7852,3.1415,1
-4703.1636,-28634.3926,24.9425,-5252.6104,-28084.4629,21.4407,-5084.7988,-27973.4434,770.6310,775.7389,0.0008,0.0003,-3.1413,0.7852,-3.1413,1
-4703.1636,-28634.3926,24.9425,-5252.6099,-28084.4609,21.4412,-5083.7129,-27975.5723,-731.8125,779.5993,0.0003,-0.0002,3.1416,0.7852,3.1414,1
-4703.1636,-28634.3926,24.9425,-5252.6104,-28084.4629,21.4407,-5078.1973,-27978.5742,777.8690,783.4603,-0.0003,0.0013,-3.1414,0.7852,-3.1414,1
-4703.1636,-28634.3926,24.9425,-5252.6099,-28084.4609,21.4416,-5091.8076,-27980.8984,-726.2537,771.7688,-0.0008,0.0008,3.1414,0.7852,3.1414,1
-4703.1636,-28634.3926,24.9425,-5252.6099,-28084.4609,21.4416,-5087.1611,-27973.9453,-728.2356,775.6297,0.0006,0.0003,3.1415,0.7852,3.1414,1
-4703.1636,-28634.3926,24.9425,-5252.6099,-28084.4609,21.4417,-5085.1128,-27976.2617,774.9944,779.4902,0.0001,-0.0002,-3.1415,0.7852,-3.1415,1
-4703.1636,-28634.3926,24.9425,-5252.6099,-28084.4609,21.4417,-5090.5078,-27977.4238,-737.4465,783.3511,-0.0005,0.0013,3.1415,0.7852,3.1415,1
-4703.1636,-28634.3926,24.9425,-5252.6099,-28084.4609,21.4418,-5081.2812,-27974.0312,765.6961,771.6596,0.0009,0.0008,-3.1415,0.7852,-3.1416,1
-4703.1636,-28634.3926,24.9425,-5252.6099,-28084.4609,21.4418,-6020.3887,-27975.7305,32.6983,775.5203,0.0004,0.0003,-3.1416,0.7852,3.1416,1
-4703.1636,-28634.3926,24.9425,-5252.6099,-28084.4609,21.4419,-5083.8120,-27977.6191,-731.9009,779.3807,-0.0002,-0.0002,3.1415,0.7852,3.1415,1
-4703.1636,-28634.3926,24.9425,-5252.6104,-28084.4629,21.4418,-5078.2969,-27980.7227,777.9645,783.2416,-0.0007,0.0013,-3.1414,0.7852,-3.1414,1
-4703.1636,-28634.3926,24.9425,-5252.6099,-28084.4609,21.4421,-5089.9731,-27973.6230,-724.5861,771.5502,0.0007,0.0008,3.1415,0.7852,3.1415,1
-4703.1636,-28634.3926,24.9425,-5252.6104,-28084.4609,21.4418,-5083.9761,-27976.7285,770.5882,775.4113,0.0002,0.0003,-3.1415,0.7852,-3.1415,1
-4703.1636,-28634.3926,24.9425,-5252.6099,-28084.4609,21.4420,-5083.7964,-27978.7383,-731.9424,779.2717,-0.0004,-0.0002,3.1416,0.7852,3.1415,1
-4703.1636,-28634.3926,24.9425,-5252.6104,-28084.4609,21.4422,-5082.1470,-27976.3711,766.3009,771.7203,0.0004,0.0007,-3.1416,0.7852,-3.1415,1
-4703.1636,-28634.3926,24.9425,-5252.6099,-28084.4609,21.4415,-6019.8667,-27979.5352,31.8381,774.4673,-0.0004,0.0001,-3.1415,0.7852,3.1415,1
-4703.1636,-28634.3926,24.9425,-5252.6099,-28084.4609,21.4415,-5084.3032,-27981.3555,-733.5881,780.4028,-0.0010,-0.0003,3.1415,0.7852,3.1415,1
-4703.1636,-28634.3926,24.9425,-5252.6099,-28084.4609,21.4416,-5089.0015,-27972.6543,-737.3782,784.2636,0.0005,0.0012,3.1416,0.7852,3.1416,1
-4703.1636,-28634.3926,24.9425,-5252.6099,-28084.4629,21.4417,-5082.4546,-27978.6777,767.5842,772.5723,-0.0001,0.0007,-3.1415,0.7852,-3.1415,1
-4703.1636,-28634.3926,24.9425,-5252.6099,-28084.4609,21.4417,-6021.9790,-27980.4805,31.9035,776.4332,-0.0006,0.0002,-3.1416,0.7852,3.1416,1
-4703.1636,-28634.3926,24.9425,-5252.6099,-28084.4609,21.4418,-5082.9541,-27972.8379,-731.9603,780.2938,0.0008,-0.0003,3.1415,0.7852,3.1415,1
-4703.1636,-28634.3926,24.9425,-5252.6099,-28084.4609,21.4416,-5089.3159,-27973.7422,-737.4929,784.1548,0.0003,0.0012,3.1416,0.7852,3.1415,1
-4703.1636,-28634.3926,24.9425,-5252.6099,-28084.4609,21.4418,-5090.2827,-27978.3750,-726.2875,772.4633,-0.0003,0.0007,3.1415,0.7852,3.1415,1
-4703.1636,-28634.3926,24.9425,-5252.6099,-28084.4609,21.4416,-5087.0708,-27980.9531,-729.9329,776.3242,-0.0008,0.0002,3.1416,0.7852,3.1415,1
-4703.1636,-28634.3926,24.9425,-5252.6099,-28084.4609,21.4417,-5083.3633,-27973.8867,-732.0938,780.1844,0.0006,-0.0003,3.1415,0.7852,3.1415,1
-4703.1636,-28634.3926,24.9425,-5252.6094,-28084.4609,21.4416,-5089.6055,-27974.8047,-737.5966,784.0454,0.0001,0.0012,3.1416,0.7852,3.1415,1
-4703.1636,-28634.3926,24.9425,-5252.6094,-28084.4609,21.4417,-5090.5083,-27979.4258,-726.3718,772.3539,-0.0005,0.0007,3.1415,0.7852,3.1415,1
-4703.1636,-28634.3926,24.9425,-5252.6094,-28084.4609,21.4416,-5088.8135,-27977.0703,-738.6642,784.9315,-0.0004,0.0010,3.1416,0.7852,3.1415,1
-4703.1636,-28634.3926,24.9425,-5252.6094,-28084.4609,21.4417,-5083.5376,-27974.9512,-732.1752,780.0753,0.0004,-0.0003,3.1415,0.7852,3.1415,1
-4703.1636,-28634.3926,24.9425,-5252.6094,-28084.4609,21.4416,-5089.7739,-27975.8730,-737.6734,783.9362,-0.0002,0.0012,3.1416,0.7852,3.1415,1
-4703.1636,-28634.3926,24.9425,-5252.6094,-28084.4609,21.4417,-5090.6704,-27980.4785,-726.4413,772.2448,-0.0007,0.0007,3.1415,0.7852,3.1415,1
-4703.1636,-28634.3926,24.9425,-5252.6094,-28084.4609,21.4416,-5086.0820,-27973.5488,-728.4308,776.1057,0.0007,0.0002,3.1416,0.7852,3.1415,1
-4703.1636,-28634.3926,24.9425,-5252.6094,-28084.4609,21.4417,-5083.6973,-27976.0137,-732.2518,779.9661,0.0002,-0.0003,3.1415,0.7852,3.1415,1
-4703.1636,-28634.3926,24.9425,-5252.6094,-28084.4609,21.4416,-5089.9326,-27976.9414,-737.7468,783.8271,-0.0004,0.0012,3.1416,0.7852,3.1415,1
-4703.1636,-28634.3926,24.9425,-5252.6094,-28084.4609,21.4417,-5090.8296,-27981.5312,-726.5087,772.1357,-0.0009,0.0007,3.1415,0.7852,3.1415,1
-4703.1636,-28634.3926,24.9425,-5252.6094,-28084.4609,21.4416,-5086.2393,-27974.6055,-728.5083,775.9966,0.0005,0.0002,3.1416,0.7852,3.1415,1
-4703.1636,-28634.3926,24.9425,-5252.6094,-28084.4609,21.4417,-5084.8643,-27981.6035,-730.4655,777.2283,-0.0009,-0.0003,3.1415,0.7852,3.1415,1
-4703.1636,-28634.3926,24.9425,-5252.6094,-28084.4609,21.4416,-5090.0918,-27978.0078,-737.8187,783.7180,-0.0006,0.0012,3.1416,0.7852,3.1415,1
-4703.1636,-28634.3926,24.9425,-5252.6094,-28084.4609,21.4417,-5084.5117,-27980.6816,-737.0841,783.8295,-0.0009,-0.0001,3.1415,0.7852,3.1415,1
-4703.1636,-28634.3926,24.9425,-5252.6094,-28084.4609,21.4416,-5086.3965,-27975.6621,-728.5842,775.8875,0.0003,0.0002,3.1416,0.7852,3.1415,1
-4703.1636,-28634.3926,24.9425,-5252.6094,-28084.4609,21.4417,-5084.0161,-27978.1367,-732.4000,779.7481,-0.0003,-0.0003,3.1415,0.7852,3.1415,1
-4703.1636,-28634.3926,24.9425,-5252.6094,-28084.4609,21.4416,-5090.2515,-27979.0742,-737.8890,783.6089,-0.0008,0.0012,3.1416,0.7852,3.1415,1
-4703.1636,-28634.3926,24.9425,-5252.6094,-28084.4609,21.4417,-5089.7969,-27974.1621,-725.0076,771.9175,0.0006,0.0007,3.1415,0.7852,3.1415,1
-4703.1636,-28634.3926,24.9425,-5252.6094,-28084.4609,21.4416,-5086.5522,-27976.7148,-728.6580,775.7785,0.0001,0.0002,3.1416,0.7852,3.1415,1
-4703.1636,-28634.3926,24.9425,-5252.6094,-28084.4609,21.4417,-5084.1729,-27979.1953,-732.4707,779.6391,-0.0005,-0.0003,3.1415,0.7852,3.1415,1
-4703.1636,-28634.3926,24.9425,-5252.6094,-28084.4609,21.4416,-5089.0498,-27970.5312,-736.2833,783.5001,0.0010,0.0012,3.1416,0.7852,3.1415,1
-4703.1636,-28634.3926,24.9425,-5252.6094,-28084.4609,21.4417,-5089.9551,-27975.2129,-725.0839,771.8086,0.0004,0.0007,3.1415,0.7852,3.1415,1
-4703.1636,-28634.3926,24.9425,-5252.6094,-28084.4609,21.4416,-5086.7109,-27977.7695,-728.7312,775.6696,-0.0001,0.0002,3.1416,0.7852,3.1415,1
-4703.1636,-28634.3926,24.9425,-5252.6094,-28084.4609,21.4417,-5084.3330,-27980.2539,-732.5411,779.5302,-0.0007,-0.0003,3.1415,0.7852,3.1415,1
-4703.1636,-28634.3926,24.9425,-5252.6094,-28084.4609,21.4416,-5086.5762,-27972.8887,-735.9714,783.3816,0.0006,0.0006,3.1416,0.7852,3.1415,1
-4703.1636,-28634.3926,24.9425,-5252.6099,-28084.4609,21.4417,-5090.1143,-27976.2617,-725.1585,771.6996,0.0002,0.0007,3.1415,0.7852,3.1415,1
-4703.1636,-28634.3926,24.9425,-5252.6099,-28084.4609,21.4416,-5086.8696,-27978.8242,-728.8026,775.5605,-0.0004,0.0002,3.1416,0.7852,3.1415,1
-4703.1636,-28634.3926,24.9425,-5252.6099,-28084.4609,21.4417,-5084.4946,-27981.3145,-732.6100,779.4211,-0.0009,-0.0003,3.1415,0.7852,3.1415,1
-4703.1636,-28634.3926,24.9425,-5252.6099,-28084.4609,21.4416,-5089.3647,-27972.6621,-736.4429,783.2820,0.0005,0.0012,3.1416,0.7852,3.1415,1
-4703.1636,-28634.3926,24.9425,-5252.6099,-28084.4609,21.4417,-5090.3579,-27975.7871,-731.0071,777.3737,0.0001,0.0010,3.1415,0.7852,3.1415,1
-4703.1636,-28634.3926,24.9425,-5252.6099,-28084.4609,21.4416,-5087.0278,-27979.8789,-728.8727,775.4515,-0.0006,0.0002,3.1416,0.7852,3.1415,1
-4703.1636,-28634.3926,24.9425,-5252.6099,-28084.4609,21.4417,-5083.2993,-27972.8184,-731.0182,779.3121,0.0009,-0.0003,3.1415,0.7852,3.1415,1
-4703.1636,-28634.3926,24.9425,-5252.6099,-28084.4609,21.4416,-5089.5225,-27973.7266,-736.5206,783.1731,0.0003,0.0012,3.1416,0.7852,3.1415,1
-4703.1636,-28634.3926,24.9425,-5252.6099,-28084.4609,21.4417,-5090.4272,-27978.3594,-725.3026,771.4817,-0.0002,0.0007,3.1415,0.7852,3.1415,1
-4703.1636,-28634.3926,24.9425,-5252.6099,-28084.4609,21.4416,-5087.1865,-27980.9336,-728.9413,775.3426,-0.0008,0.0002,3.1416,0.7852,3.1415,1
-4703.1636,-28634.3926,24.9425,-5252.6099,-28084.4609,21.4417,-5083.4570,-27973.8770,-731.0973,779.2032,0.0006,-0.0003,3.1415,0.7852,3.1415,1
-4703.1636,-28634.3926,24.9425,-5252.6099,-28084.4609,21.4416,-5089.6807,-27974.7910,-736.5967,783.0641,0.0001,0.0012,3.1416,0.7852,3.1415,1
-4703.1636,-28634.3926,24.9425,-5252.6099,-28084.4609,21.4417,-5093.4438,-27973.7715,-724.1181,770.3494,0.0006,0.0014,3.1415,0.7852,3.1415,1
-4703.1636,-28634.3926,24.9425,-5252.6099,-28084.4609,21.4416,-5091.2729,-27981.7461,-725.7472,771.2759,-0.0010,0.0009,3.1416,0.7852,3.1415,1
-4703.1636,-28634.3926,24.9425,-5252.6099,-28084.4609,21.4417,-5083.6147,-27974.9375,-731.1748,779.0942,0.0004,-0.0003,3.1415,0.7852,3.1415,1
-4703.1636,-28634.3926,24.9425,-5252.6099,-28084.4609,21.4416,-5089.8389,-27975.8555,-736.6715,782.9552,-0.0001,0.0012,3.1416,0.7852,3.1415,1
-4703.1636,-28634.3926,24.9425,-5252.6099,-28084.4590,21.4417,-5090.7417,-27980.4570,-725.4407,771.2637,-0.0007,0.0007,3.1415,0.7852,3.1415,1
-4703.1636,-28634.3926,24.9425,-5252.6099,-28084.4590,21.4416,-5086.1567,-27973.5352,-727.4299,775.1246,0.0008,0.0002,3.1416,0.7852,3.1415,1
-4703.1636,-28634.3926,24.9425,-5252.6104,-28084.4590,21.4417,-5083.7734,-27975.9941,-731.2509,778.9853,0.0002,-0.0003,3.1415,0.7852,3.1415,1
-4703.1636,-28634.3926,24.9425,-5252.6104,-28084.4590,21.4416,-5089.9990,-27976.9180,-736.7451,782.8463,-0.0003,0.0012,3.1416,0.7852,3.1415,1
-4703.1636,-28634.3926,24.9425,-5252.6104,-28084.4590,21.4417,-5090.8994,-27981.5059,-725.5077,771.1548,-0.0009,0.0007,3.1415,0.7852,3.1415,1
-4703.1636,-28634.3926,24.9425,-5252.6104,-28084.4590,21.4416,-5086.3135,-27974.5879,-727.5072,775.0157,0.0005,0.0002,3.1416,0.7852,3.1415,1
-4703.1636,-28634.3926,24.9425,-5252.6104,-28084.4590,21.4417,-5083.9316,-27977.0527,-731.3255,778.8763,-0.0000,-0.0003,3.1415,0.7852,3.1415,1
-4703.1636,-28634.3926,24.9425,-5252.6104,-28084.4590,21.4416,-5090.1577,-27977.9824,-736.8168,782.7372,-0.0006,0.0012,3.1416,0.7852,3.1415,1
-4703.1636,-28634.3926,24.9425,-5252.6104,-28084.4590,21.4417,-5086.2944,-27975.3184,-737.3652,784.4477,0.0001,0.0005,3.1415,0.7852,3.1415,1
-4703.1636,-28634.3926,24.9425,-5252.6104,-28084.4590,21.4416,-5086.4707,-27975.6406,-727.5831,774.9067,0.0003,0.0002,3.1416,0.7852,3.1415,1
-4703.1636,-28634.3926,24.9425,-5252.6104,-28084.4590,21.4417,-5084.0903,-27978.1113,-731.3986,778.7673,-0.0002,-0.0003,3.1415,0.7852,3.1415,1
-4703.1636,-28634.3926,24.9425,-5252.6104,-28084.4590,21.4416,-5089.2979,-27974.6348,-724.5490,771.5121,0.0006,0.0007,3.1416,0.7852,3.1415,1
-4703.1636,-28634.3926,24.9425,-5252.6104,-28084.4590,21.4417,-5089.8726,-27974.1484,-724.0078,770.9368,0.0007,0.0007,3.1415,0.7852,3.1415,1
-4703.1636,-28634.3926,24.9425,-5252.6104,-28084.4590,21.4416,-5086.6279,-27976.6953,-727.6576,774.7978,0.0001,0.0002,3.1416,0.7852,3.1415,1
-4703.1636,-28634.3926,24.9425,-5252.6104,-28084.4590,21.4417,-5084.2495,-27979.1699,-731.4703,778.6584,-0.0004,-0.0003,3.1415,0.7852,3.1415,1
-4703.1636,-28634.3926,24.9425,-5252.6104,-28084.4590,21.4416,-5090.4766,-27980.1113,-736.9559,782.5193,-0.0010,0.0012,3.1416,0.7852,3.1415,1
-4703.1636,-28634.3926,24.9425,-5252.6104,-28084.4590,21.4417,-5090.0283,-27975.1953,-724.0834,770.8278,0.0004,0.0007,3.1415,0.7852,3.1415,1
-4703.1636,-28634.3926,24.9425,-5252.6104,-28084.4590,21.4416,-5086.7856,-27977.7480,-727.7305,774.6888,-0.0001,0.0002,3.1416,0.7852,3.1415,1
-4703.1636,-28634.3926,24.9425,-5252.6108,-28084.4590,21.4417,-5094.4526,-27974.0312,-724.2453,770.2267,0.0006,0.0016,3.1415,0.7852,3.1415,1
-4703.1636,-28634.3926,24.9425,-5252.6108,-28084.4590,21.4416,-5089.2754,-27971.5801,-735.3622,782.4103,0.0008,0.0012,3.1416,0.7852,3.1415,1
-4703.1636,-28634.3926,24.9425,-5252.6108,-28084.4590,21.4417,-5091.0127,-27975.8730,-726.0438,772.4213,0.0002,0.0009,3.1415,0.7852,3.1415,1
-4703.1636,-28634.3926,24.9425,-5252.6108,-28084.4590,21.4416,-5086.9438,-27978.8008,-727.8021,774.5798,-0.0003,0.0002,3.1416,0.7852,3.1415,1
-4703.1636,-28634.3926,24.9425,-5252.6108,-28084.4590,21.4417,-5084.5684,-27981.2871,-731.6092,778.4405,-0.0009,-0.0003,3.1415,0.7852,3.1415,1
-4703.1636,-28634.3926,24.9425,-5252.6108,-28084.4590,21.4416,-5089.4326,-27972.6445,-735.4415,782.3015,0.0006,0.0012,3.1416,0.7852,3.1415,1
-4703.1636,-28634.3926,24.9425,-5252.6108,-28084.4590,21.4417,-5090.3408,-27977.2910,-724.2304,770.6100,0.0000,0.0007,3.1415,0.7852,3.1415,1
-4703.1636,-28634.3926,24.9425,-5252.6108,-28084.4590,21.4416,-5087.1016,-27979.8555,-727.8721,774.4709,-0.0005,0.0002,3.1416,0.7852,3.1415,1
-4703.1636,-28634.3926,24.9425,-5252.6108,-28084.4590,21.4417,-5083.3755,-27972.8027,-730.0173,778.3315,0.0009,-0.0003,3.1415,0.7852,3.1415,1
-4703.1636,-28634.3926,24.9425,-5252.6108,-28084.4590,21.4416,-5089.5898,-27973.7070,-735.5190,782.1924,0.0003,0.0012,3.1416,0.7852,3.1415,1
-4703.1636,-28634.3926,24.9425,-5252.6108,-28084.4590,21.4417,-5090.4976,-27978.3398,-724.3016,770.5010,-0.0002,0.0007,3.1415,0.7852,3.1415,1
-4703.1636,-28634.3926,24.9425,-5252.6108,-28084.4590,21.4416,-5087.2598,-27980.9082,-727.9406,774.3619,-0.0008,0.0002,3.1416,0.7852,3.1415,1
-4703.1636,-28634.3926,24.9425,-5252.6108,-28084.4590,21.4417,-5083.5327,-27973.8594,-730.0963,778.2225,0.0007,-0.0003,3.1415,0.7852,3.1415,1
-4703.1636,-28634.3926,24.9425,-5252.6108,-28084.4590,21.4416,-5089.7476,-27974.7715,-735.5952,782.0834,0.0001,0.0012,3.1416,0.7852,3.1415,1
-4703.1636,-28634.3926,24.9425,-5252.6108,-28084.4590,21.4417,-5090.6543,-27979.3867,-724.3714,770.3920,-0.0004,0.0007,3.1415,0.7852,3.1415,1
-4703.1636,-28634.3926,24.9425,-5252.6108,-28084.4590,21.4416,-5087.4185,-27981.9609,-728.0078,774.2529,-0.0010,0.0002,3.1416,0.7852,3.1415,1
-4703.1636,-28634.3926,24.9425,-5252.6113,-28084.4590,21.4417,-5083.6909,-27974.9180,-730.1737,778.1135,0.0005,-0.0003,3.1415,0.7852,3.1415,1
-4703.1636,-28634.3926,24.9425,-5252.6113,-28084.4590,21.4416,-5089.9062,-27975.8340,-735.6699,781.9745,-0.0001,0.0012,3.1416,0.7852,3.1415,1
-4703.1636,-28634.3926,24.9425,-5252.6113,-28084.4590,21.4417,-5090.8120,-27980.4336,-724.4398,770.2830,-0.0006,0.0007,3.1415,0.7852,3.1415,1
-4703.1636,-28634.3926,24.9425,-5252.6113,-28084.4590,21.4416,-5086.8706,-27977.8633,-737.2035,783.8188,-0.0005,0.0006,3.1416,0.7852,3.1415,1
-4703.1636,-28634.3926,24.9425,-5252.6113,-28084.4590,21.4417,-5083.8486,-27975.9746,-730.2499,778.0046,0.0002,-0.0003,3.1415,0.7852,3.1415,1
-4703.1636,-28634.3926,24.9425,-5252.6113,-28084.4590,21.4416,-5090.0645,-27976.8965,-735.7430,781.8655,-0.0003,0.0012,3.1416,0.7852,3.1415,1
-4703.1636,-28634.3926,24.9425,-5252.6113,-28084.4590,21.4417,-5090.9692,-27981.4824,-724.5067,770.1741,-0.0009,0.0007,3.1415,0.7852,3.1415,1
-4703.1636,-28634.3926,24.9425,-5252.6113,-28084.4590,21.4416,-5086.3877,-27974.5723,-726.5062,774.0350,0.0006,0.0002,3.1416,0.7852,3.1415,1
-4703.1636,-28634.3926,24.9425,-5252.6113,-28084.4590,21.4417,-5084.0068,-27977.0332,-730.3245,777.8957,0.0000,-0.0003,3.1415,0.7852,3.1415,1
-4703.1636,-28634.3926,24.9425,-5252.6113,-28084.4590,21.4416,-5090.2231,-27977.9590,-735.8149,781.7567,-0.0005,0.0012,3.1416,0.7852,3.1415,1
-4703.1636,-28634.3926,24.9425,-5252.6113,-28084.4590,21.4417,-5088.5723,-27977.9922,-727.9568,774.4932,-0.0002,0.0004,3.1415,0.7852,3.1415,1
-4703.1636,-28634.3926,24.9425,-5252.6113,-28084.4590,21.4416,-5086.5444,-27975.6250,-726.5821,773.9260,0.0004,0.0002,3.1416,0.7852,3.1415,1
-4703.1636,-28634.3926,24.9425,-5252.6113,-28084.4590,21.4417,-5084.1655,-27978.0898,-730.3976,777.7867,-0.0002,-0.0003,3.1415,0.7852,3.1415,1
-4703.1636,-28634.3926,24.9425,-5252.6113,-28084.4590,21.4416,-5090.3818,-27979.0234,-735.8851,781.6476,-0.0007,0.0012,3.1416,0.7852,3.1415,1
-4703.1636,-28634.3926,24.9425,-5252.6118,-28084.4590,21.4417,-5090.9614,-27974.8828,-736.8636,783.0439,0.0000,0.0014,3.1415,0.7852,3.1415,1
-4703.1636,-28634.3926,24.9425,-5252.6118,-28084.4590,21.4416,-5086.7017,-27976.6758,-726.6565,773.8171,0.0001,0.0002,3.1416,0.7852,3.1415,1
-4703.1636,-28634.3926,24.9425,-5252.6118,-28084.4590,21.4417,-5084.3247,-27979.1465,-730.4692,777.6777,-0.0004,-0.0003,3.1415,0.7852,3.1415,1
-4703.1636,-28634.3926,24.9425,-5252.6118,-28084.4590,21.4416,-5090.5415,-27980.0859,-735.9539,781.5386,-0.0010,0.0012,3.1416,0.7852,3.1415,1
-4703.1636,-28634.3926,24.9425,-5252.6118,-28084.4590,21.4417,-5090.0996,-27975.1797,-723.0823,769.8472,0.0005,0.0007,3.1415,0.7852,3.1415,1
-4703.1636,-28634.3926,24.9425,-5252.6118,-28084.4590,21.4416,-5086.8589,-27977.7285,-726.7295,773.7081,-0.0001,0.0002,3.1416,0.7852,3.1415,1
-4703.1636,-28634.3926,24.9425,-5252.6118,-28084.4570,21.4417,-5084.4834,-27980.2031,-730.5394,777.5687,-0.0006,-0.0003,3.1415,0.7852,3.1415,1
-4703.1636,-28634.3926,24.9425,-5252.6118,-28084.4570,21.4416,-5089.3418,-27971.5645,-734.3602,781.4297,0.0008,0.0012,3.1416,0.7852,3.1415,1
-4703.1636,-28634.3926,24.9425,-5252.6118,-28084.4570,21.4417,-5086.9653,-27974.0410,-738.1990,785.2906,0.0003,0.0007,3.1415,0.7852,3.1415,1
-4703.1636,-28634.3926,24.9425,-5252.6118,-28084.4570,21.4416,-5087.0166,-27978.7793,-726.8010,773.5991,-0.0003,0.0002,3.1416,0.7852,3.1415,1
-4703.1636,-28634.3926,24.9425,-5252.6118,-28084.4570,21.4417,-5084.6426,-27981.2598,-730.6085,777.4602,-0.0008,-0.0003,3.1415,0.7852,3.1415,1
-4703.1636,-28634.3926,24.9425,-5252.6118,-28084.4570,21.4416,-5089.4990,-27972.6250,-734.4393,781.3207,0.0006,0.0012,3.1416,0.7852,3.1415,1
-4703.1636,-28634.3926,24.9425,-5252.6118,-28084.4570,21.4417,-5086.6929,-27976.5645,-730.9205,777.9572,0.0000,0.0002,3.1415,0.7852,3.1415,1
-4703.1636,-28634.3926,24.9425,-5252.6118,-28084.4570,21.4416,-5087.8540,-27979.5293,-727.1396,773.6453,-0.0005,0.0003,3.1416,0.7852,3.1415,1
-4703.1636,-28634.3926,24.9425,-5252.6123,-28084.4570,21.4417,-5083.4521,-27972.7852,-729.0167,777.3513,0.0009,-0.0003,3.1415,0.7852,3.1415,1
-4703.1636,-28634.3926,24.9425,-5252.6123,-28084.4570,21.4416,-5089.6567,-27973.6875,-734.5170,781.2117,0.0004,0.0012,3.1416,0.7852,3.1415,1
-4703.1636,-28634.3926,24.9425,-5252.6123,-28084.4570,21.4417,-5087.2837,-27976.1738,-738.3503,785.0728,-0.0002,0.0007,3.1415,0.7852,3.1415,1
-4703.1636,-28634.3926,24.9425,-5252.6123,-28084.4570,21.4416,-5087.3330,-27980.8809,-726.9397,773.3812,-0.0007,0.0002,3.1416,0.7852,3.1415,1
-4703.1636,-28634.3926,24.9425,-5252.6123,-28084.4570,21.4417,-5083.6094,-27973.8418,-729.0957,777.2424,0.0007,-0.0003,3.1415,0.7852,3.1415,1
-4703.1636,-28634.3926,24.9425,-5252.6123,-28084.4570,21.4416,-5089.8145,-27974.7500,-734.5933,781.1028,0.0002,0.0012,3.1416,0.7852,3.1415,1
-4703.1636,-28634.3926,24.9425,-5252.6123,-28084.4570,21.4417,-5086.1245,-27980.1230,-729.8568,776.5651,-0.0006,-0.0000,3.1415,0.7852,3.1415,1
-4703.1636,-28634.3926,24.9425,-5252.6123,-28084.4570,21.4416,-5087.4917,-27981.9336,-727.0068,773.2723,-0.0009,0.0001,3.1416,0.7852,3.1415,1
-4703.1636,-28634.3926,24.9425,-5252.6123,-28084.4570,21.4417,-5083.7666,-27974.8984,-729.1732,777.1334,0.0005,-0.0004,3.1415,0.7852,3.1415,1
-4703.1636,-28634.3926,24.9425,-5252.6123,-28084.4570,21.4416,-5089.9722,-27975.8105,-734.6679,780.9938,-0.0001,0.0011,3.1416,0.7852,3.1415,1
-4703.1636,-28634.3926,24.9425,-5252.6123,-28084.4570,21.4417,-5087.6025,-27978.3086,-738.4956,784.8548,-0.0006,0.0006,3.1415,0.7852,3.1415,1
-4703.1636,-28634.3926,24.9425,-5252.6123,-28084.4570,21.4416,-5089.7910,-27977.4199,-738.0765,784.1106,-0.0005,0.0012,3.1416,0.7852,3.1415,1
-4703.1636,-28634.3926,24.9425,-5252.6123,-28084.4570,21.4417,-5091.8203,-27980.2891,-734.4599,779.7985,-0.0010,0.0013,3.1415,0.7852,3.1415,1
-4703.1636,-28634.3926,24.9425,-5252.6123,-28084.4570,21.4416,-5090.1304,-27976.8730,-734.7411,780.8848,-0.0003,0.0011,3.1416,0.7852,3.1415,1
-4703.1636,-28634.3926,24.9425,-5252.6128,-28084.4570,21.4417,-5093.6162,-27976.5977,-725.4213,771.1749,0.0000,0.0014,3.1415,0.7852,3.1415,1
-4703.1636,-28634.3926,24.9425,-5252.6128,-28084.4570,21.4416,-5086.4624,-27974.5547,-725.5052,773.0543,0.0006,0.0001,3.1416,0.7852,3.1415,1
-4703.1636,-28634.3926,24.9425,-5252.6128,-28084.4570,21.4417,-5085.2949,-27973.9082,-721.8983,769.9169,0.0009,-0.0003,3.1415,0.7852,3.1415,1
-4703.1636,-28634.3926,24.9425,-5252.6128,-28084.4570,21.4416,-5093.3291,-27973.7441,-727.6460,773.7911,0.0005,0.0016,3.1416,0.7852,3.1415,1
-4703.1636,-28634.3926,24.9425,-5252.6128,-28084.4570,21.4417,-5086.5601,-27970.8223,-736.9590,784.6368,0.0010,0.0006,3.1415,0.7852,3.1415,1
-4703.1636,-28634.3926,24.9425,-5252.6128,-28084.4570,21.4416,-5086.6191,-27975.6055,-725.5811,772.9453,0.0004,0.0001,3.1416,0.7852,3.1415,1
-4703.1636,-28634.3926,24.9425,-5252.6128,-28084.4570,21.4417,-5084.2412,-27978.0664,-729.3970,776.8065,-0.0002,-0.0004,3.1415,0.7852,3.1415,1
-4703.1636,-28634.3926,24.9425,-5252.6128,-28084.4570,21.4416,-5090.4478,-27978.9961,-734.8832,780.6669,-0.0007,0.0011,3.1416,0.7852,3.1415,1
-4703.1636,-28634.3926,24.9425,-5252.6128,-28084.4570,21.4417,-5086.7173,-27971.8887,-737.0399,784.5280,0.0007,0.0006,3.1415,0.7852,3.1415,1
-4703.1636,-28634.3926,24.9425,-5252.6128,-28084.4570,21.4416,-5086.7759,-27976.6562,-725.6556,772.8364,0.0002,0.0001,3.1416,0.7852,3.1415,1
-4703.1636,-28634.3926,24.9425,-5252.6128,-28084.4570,21.4417,-5084.3994,-27979.1211,-729.4686,776.6976,-0.0004,-0.0004,3.1415,0.7852,3.1415,1
-4703.1636,-28634.3926,24.9425,-5252.6128,-28084.4570,21.4416,-5090.6064,-27980.0566,-734.9521,780.5580,-0.0009,0.0011,3.1416,0.7852,3.1415,1
-4703.1636,-28634.3926,24.9425,-5252.6133,-28084.4570,21.4417,-5086.8760,-27972.9551,-737.1192,784.4189,0.0005,0.0006,3.1415,0.7852,3.1415,1
-4703.1636,-28634.3926,24.9425,-5252.6133,-28084.4570,21.4416,-5086.9331,-27977.7070,-725.7285,772.7274,-0.0000,0.0001,3.1416,0.7852,3.1415,1
-4703.1636,-28634.3926,24.9425,-5252.6133,-28084.4570,21.4417,-5084.5586,-27980.1777,-729.5388,776.5886,-0.0006,-0.0004,3.1415,0.7852,3.1415,1
-4703.1636,-28634.3926,24.9425,-5252.6133,-28084.4570,21.4416,-5089.4097,-27971.5488,-733.3582,780.4490,0.0009,0.0011,3.1416,0.7852,3.1415,1
-4703.1636,-28634.3926,24.9425,-5252.6133,-28084.4570,21.4417,-5091.7812,-27971.0605,-731.9223,778.6370,0.0009,0.0015,3.1415,0.7852,3.1415,1
-4703.1636,-28634.3926,24.9425,-5252.6133,-28084.4570,21.4416,-5087.0908,-27978.7578,-725.8000,772.6185,-0.0002,0.0001,3.1416,0.7852,3.1415,1
-4703.1636,-28634.3926,24.9425,-5252.6133,-28084.4570,21.4417,-5084.7178,-27981.2344,-729.6075,776.4796,-0.0008,-0.0004,3.1415,0.7852,3.1415,1
-4703.1636,-28634.3926,24.9425,-5252.6133,-28084.4570,21.4416,-5089.5664,-27972.6094,-733.4373,780.3400,0.0006,0.0011,3.1416,0.7852,3.1415,1
-4703.1636,-28634.3926,24.9425,-5252.6133,-28084.4570,21.4417,-5087.1924,-27975.0859,-737.2733,784.2010,0.0001,0.0006,3.1415,0.7852,3.1415,1
-4703.1636,-28634.3926,24.9425,-5252.6133,-28084.4570,21.4416,-5087.2480,-27979.8066,-725.8700,772.5095,-0.0005,0.0001,3.1416,0.7852,3.1415,1
-4703.1636,-28634.3926,24.9425,-5252.6133,-28084.4570,21.4417,-5083.5288,-27972.7695,-728.0155,776.3706,0.0010,-0.0004,3.1415,0.7852,3.1415,1
-4703.1636,-28634.3926,24.9425,-5252.6133,-28084.4570,21.4416,-5089.7236,-27973.6699,-733.5150,780.2311,0.0004,0.0011,3.1416,0.7852,3.1415,1
-4703.1636,-28634.3926,24.9425,-5252.6133,-28084.4570,21.4417,-5091.3237,-27976.1328,-730.4175,776.5533,0.0000,0.0012,3.1415,0.7852,3.1415,1
-4703.1636,-28634.3926,24.9425,-5252.6133,-28084.4570,21.4416,-5087.4062,-27980.8574,-725.9387,772.4005,-0.0007,0.0001,3.1416,0.7852,3.1415,1
-4703.1636,-28634.3926,24.9425,-5252.6138,-28084.4570,21.4417,-5093.1245,-27972.1699,-729.9204,776.2617,0.0008,0.0016,3.1415,0.7852,3.1415,1
-4703.1636,-28634.3926,24.9425,-5252.6138,-28084.4570,21.4416,-5089.8809,-27974.7305,-733.5911,780.1221,0.0002,0.0011,3.1416,0.7852,3.1415,1
-4703.1636,-28634.3926,24.9425,-5252.6138,-28084.4570,21.4417,-5087.5107,-27977.2188,-737.4215,783.9830,-0.0003,0.0006,3.1415,0.7852,3.1415,1
-4703.1636,-28634.3926,24.9425,-5252.6138,-28084.4570,21.4416,-5087.5645,-27981.9082,-726.0058,772.2916,-0.0009,0.0001,3.1416,0.7852,3.1415,1
-4703.1636,-28634.3926,24.9425,-5252.6138,-28084.4570,21.4417,-5093.2803,-27973.2246,-729.9979,776.1527,0.0005,0.0016,3.1415,0.7852,3.1415,1
-4703.1636,-28634.3926,24.9425,-5252.6138,-28084.4570,21.4416,-5090.0386,-27975.7910,-733.6658,780.0131,-0.0000,0.0011,3.1416,0.7852,3.1415,1
-4703.1636,-28634.3926,24.9425,-5252.6138,-28084.4570,21.4417,-5085.3740,-27977.8008,-725.8425,773.1622,-0.0000,-0.0003,3.1415,0.7852,3.1415,1
-4703.1636,-28634.3926,24.9425,-5252.6138,-28084.4570,21.4416,-5086.3809,-27973.4902,-724.4268,772.1826,0.0009,0.0001,3.1416,0.7852,3.1415,1
-4703.1636,-28634.3926,24.9425,-5252.6138,-28084.4570,21.4417,-5093.4365,-27974.2793,-730.0738,776.0437,0.0003,0.0016,3.1415,0.7852,3.1415,1
-4703.1636,-28634.3926,24.9425,-5252.6138,-28084.4570,21.4416,-5090.1963,-27976.8516,-733.7391,779.9042,-0.0002,0.0011,3.1416,0.7852,3.1415,1
-4703.1636,-28634.3926,24.9425,-5252.6138,-28084.4570,21.4417,-5087.8301,-27979.3496,-737.5640,783.7651,-0.0008,0.0006,3.1415,0.7852,3.1415,1
-4703.1636,-28634.3926,24.9425,-5252.6138,-28084.4570,21.4416,-5086.5371,-27974.5391,-724.5042,772.0736,0.0007,0.0001,3.1416,0.7852,3.1415,1
-4703.1636,-28634.3926,24.9425,-5252.6143,-28084.4551,21.4417,-5093.5933,-27975.3320,-730.1483,775.9348,0.0001,0.0016,3.1415,0.7852,3.1415,1
-4703.1636,-28634.3926,24.9425,-5252.6143,-28084.4551,21.4416,-5090.3555,-27977.9082,-733.8109,779.7952,-0.0004,0.0011,3.1416,0.7852,3.1415,1
-4703.1636,-28634.3926,24.9425,-5252.6143,-28084.4551,21.4417,-5089.3271,-27973.1836,-733.8511,780.7088,0.0005,0.0010,3.1415,0.7852,3.1415,1
-4703.1636,-28634.3926,24.9425,-5252.6143,-28084.4551,21.4416,-5089.9087,-27976.7930,-731.7031,778.0012,-0.0001,0.0010,3.1416,0.7852,3.1415,1
-4703.1636,-28634.3926,24.9425,-5252.6143,-28084.4551,21.4417,-5093.7500,-27976.3887,-730.2213,775.8257,-0.0001,0.0016,3.1415,0.7852,3.1415,1
-4703.1636,-28634.3926,24.9425,-5252.6143,-28084.4551,21.4416,-5090.5137,-27978.9688,-733.8812,779.6863,-0.0007,0.0011,3.1416,0.7852,3.1415,1
-4703.1636,-28634.3926,24.9425,-5252.6143,-28084.4551,21.4417,-5086.7871,-27971.8691,-736.0378,783.5472,0.0008,0.0006,3.1415,0.7852,3.1415,1
-4703.1636,-28634.3926,24.9425,-5252.6143,-28084.4551,21.4416,-5086.8506,-27976.6348,-724.6544,771.8557,0.0002,0.0001,3.1416,0.7852,3.1415,1
-4703.1636,-28634.3926,24.9425,-5252.6143,-28084.4551,21.4417,-5093.9072,-27977.4434,-730.2929,775.7168,-0.0003,0.0016,3.1415,0.7852,3.1415,1
-4703.1636,-28634.3926,24.9425,-5252.6143,-28084.4551,21.4416,-5090.6724,-27980.0293,-733.9501,779.5773,-0.0009,0.0011,3.1416,0.7852,3.1415,1
-4703.1636,-28634.3926,24.9425,-5252.6143,-28084.4551,21.4417,-5086.9448,-27972.9336,-736.1170,783.4382,0.0006,0.0006,3.1415,0.7852,3.1415,1
-4703.1636,-28634.3926,24.9425,-5252.6143,-28084.4551,21.4416,-5087.0073,-27977.6855,-724.7274,771.7467,0.0000,0.0001,3.1416,0.7852,3.1415,1
-4703.1636,-28634.3926,24.9425,-5252.6143,-28084.4551,21.4417,-5094.0640,-27978.4961,-730.3631,775.6079,-0.0005,0.0016,3.1415,0.7852,3.1415,1
-4703.1636,-28634.3926,24.9425,-5252.6143,-28084.4551,21.4416,-5089.4771,-27971.5312,-732.3562,779.4683,0.0009,0.0011,3.1416,0.7852,3.1415,1
-4703.1636,-28634.3926,24.9425,-5252.6147,-28084.4551,21.4417,-5087.1030,-27973.9980,-736.1950,783.3293,0.0003,0.0006,3.1415,0.7852,3.1415,1
-4703.1636,-28634.3926,24.9425,-5252.6147,-28084.4551,21.4416,-5087.1646,-27978.7344,-724.7990,771.6378,-0.0002,0.0001,3.1416,0.7852,3.1415,1
-4703.1636,-28634.3926,24.9425,-5252.6147,-28084.4551,21.4417,-5094.2222,-27979.5508,-730.4317,775.4989,-0.0008,0.0016,3.1415,0.7852,3.1415,1
-4703.1636,-28634.3926,24.9425,-5252.6147,-28084.4551,21.4416,-5089.6338,-27972.5898,-732.4354,779.3594,0.0007,0.0011,3.1416,0.7852,3.1415,1
-4703.1636,-28634.3926,24.9425,-5252.6147,-28084.4551,21.4417,-5087.2612,-27975.0625,-736.2713,783.2203,0.0001,0.0006,3.1415,0.7852,3.1415,1
-4703.1636,-28634.3926,24.9425,-5252.6147,-28084.4551,21.4416,-5093.6201,-27978.6543,-728.8679,774.2283,-0.0005,0.0016,3.1416,0.7852,3.1415,1
-4703.1636,-28634.3926,24.9425,-5252.6147,-28084.4551,21.4417,-5094.3799,-27980.6055,-730.4989,775.3899,-0.0010,0.0016,3.1415,0.7852,3.1415,1
-4703.1636,-28634.3926,24.9425,-5252.6147,-28084.4551,21.4416,-5082.7104,-27974.4707,-733.0390,781.1569,0.0005,-0.0003,3.1416,0.7852,3.1415,1
-4703.1636,-28634.3926,24.9425,-5252.6147,-28084.4551,21.4417,-5087.4199,-27976.1270,-736.3461,783.1113,-0.0001,0.0006,3.1415,0.7852,3.1415,1
-4703.1636,-28634.3926,24.9425,-5252.6147,-28084.4551,21.4416,-5087.4800,-27980.8320,-724.9376,771.4198,-0.0006,0.0001,3.1416,0.7852,3.1415,1
-4703.1636,-28634.3926,24.9425,-5252.6147,-28084.4551,21.4417,-5083.2891,-27971.4746,-735.4364,783.7731,0.0010,-0.0001,3.1415,0.7852,3.1415,1
-4703.1636,-28634.3926,24.9425,-5252.6147,-28084.4551,21.4416,-5089.9478,-27974.7090,-732.5892,779.1414,0.0002,0.0011,3.1416,0.7852,3.1415,1
-4703.1636,-28634.3926,24.9425,-5252.6147,-28084.4551,21.4417,-5086.8643,-27975.3223,-735.7670,782.7808,0.0001,0.0005,3.1415,0.7852,3.1415,1
-4703.1636,-28634.3926,24.9425,-5252.6152,-28084.4551,21.4416,-5087.6382,-27981.8809,-725.0048,771.3109,-0.0009,0.0001,3.1416,0.7852,3.1415,1
-4703.1636,-28634.3926,24.9425,-5252.6152,-28084.4551,21.4417,-5093.3452,-27973.2070,-728.9959,775.1720,0.0006,0.0016,3.1415,0.7852,3.1415,1
-4703.1636,-28634.3926,24.9425,-5252.6152,-28084.4551,21.4416,-5090.1060,-27975.7676,-732.6639,779.0325,0.0000,0.0011,3.1416,0.7852,3.1415,1
-4703.1636,-28634.3926,24.9425,-5252.6152,-28084.4551,21.4417,-5087.7383,-27978.2559,-736.4915,782.8934,-0.0005,0.0006,3.1415,0.7852,3.1415,1
-4703.1636,-28634.3926,24.9425,-5252.6152,-28084.4551,21.4416,-5086.4565,-27973.4727,-723.4257,771.2018,0.0009,0.0001,3.1416,0.7852,3.1415,1
-4703.1636,-28634.3926,24.9425,-5252.6152,-28084.4551,21.4417,-5093.5010,-27974.2617,-729.0719,775.0630,0.0004,0.0016,3.1415,0.7852,3.1415,1
-4703.1636,-28634.3926,24.9425,-5252.6152,-28084.4551,21.4416,-5090.2637,-27976.8262,-732.7372,778.9235,-0.0002,0.0011,3.1416,0.7852,3.1415,1
-4703.1636,-28634.3926,24.9425,-5252.6152,-28084.4551,21.4417,-5087.8979,-27979.3203,-736.5621,782.7845,-0.0007,0.0006,3.1415,0.7852,3.1415,1
-4703.1636,-28634.3926,24.9425,-5252.6152,-28084.4551,21.4416,-5086.6123,-27974.5215,-723.5031,771.0929,0.0007,0.0001,3.1416,0.7852,3.1415,1
-4703.1636,-28634.3926,24.9425,-5252.6152,-28084.4551,21.4417,-5093.6572,-27975.3145,-729.1464,774.9540,0.0001,0.0016,3.1415,0.7852,3.1415,1
-4703.1636,-28634.3926,24.9425,-5252.6152,-28084.4551,21.4416,-5090.4214,-27977.8867,-732.8090,778.8145,-0.0004,0.0011,3.1416,0.7852,3.1415,1
-4703.1636,-28634.3926,24.9425,-5252.6152,-28084.4551,21.4417,-5088.0576,-27980.3848,-736.6310,782.6755,-0.0010,0.0006,3.1415,0.7852,3.1415,1
-4703.1636,-28634.3926,24.9425,-5252.6152,-28084.4551,21.4416,-5086.7681,-27975.5684,-723.5790,770.9839,0.0005,0.0001,3.1416,0.7852,3.1415,1
-4703.1636,-28634.3926,24.9425,-5252.6157,-28084.4551,21.4417,-5093.8140,-27976.3672,-729.2194,774.8451,-0.0001,0.0016,3.1415,0.7852,3.1415,1
-4703.1636,-28634.3926,24.9425,-5252.6157,-28084.4551,21.4416,-5090.5801,-27978.9453,-732.8793,778.7056,-0.0006,0.0011,3.1416,0.7852,3.1415,1
-4703.1636,-28634.3926,24.9425,-5252.6157,-28084.4551,21.4417,-5086.8564,-27971.8516,-735.0357,782.5665,0.0008,0.0006,3.1415,0.7852,3.1415,1
-4703.1636,-28634.3926,24.9425,-5252.6157,-28084.4551,21.4416,-5086.9253,-27976.6172,-723.6534,770.8750,0.0003,0.0001,3.1416,0.7852,3.1415,1
-4703.1636,-28634.3926,24.9425,-5252.6157,-28084.4551,21.4417,-5093.9707,-27977.4219,-729.2910,774.7361,-0.0003,0.0016,3.1415,0.7852,3.1415,1
-4703.1636,-28634.3926,24.9425,-5252.6157,-28084.4551,21.4416,-5090.7388,-27980.0039,-732.9482,778.5966,-0.0008,0.0011,3.1416,0.7852,3.1415,1
-4703.1636,-28634.3926,24.9425,-5252.6157,-28084.4551,21.4417,-5087.0142,-27972.9160,-735.1151,782.4576,0.0006,0.0006,3.1415,0.7852,3.1415,1
-4703.1636,-28634.3926,24.9425,-5252.6157,-28084.4551,21.4416,-5087.0815,-27977.6641,-723.7264,770.7660,0.0000,0.0001,3.1416,0.7852,3.1415,1
-4703.1636,-28634.3926,24.9425,-5252.6157,-28084.4551,21.4417,-5094.1279,-27978.4746,-729.3611,774.6271,-0.0005,0.0016,3.1415,0.7852,3.1415,1
-4703.1636,-28634.3926,24.9425,-5252.6157,-28084.4551,21.4416,-5089.5454,-27971.5176,-731.3543,778.4877,0.0009,0.0011,3.1416,0.7852,3.1415,1
-4703.1636,-28634.3926,24.9425,-5252.6157,-28084.4551,21.4417,-5084.3945,-27977.4746,-737.6701,784.8527,-0.0003,0.0000,3.1415,0.7852,3.1415,1
-4703.1636,-28634.3926,24.9425,-5252.6157,-28084.4551,21.4416,-5087.2388,-27978.7129,-723.7980,770.6570,-0.0002,0.0001,3.1416,0.7852,3.1415,1
-4703.1636,-28634.3926,24.9425,-5252.6162,-28084.4551,21.4417,-5094.2856,-27979.5273,-729.4299,774.5182,-0.0007,0.0016,3.1415,0.7852,3.1415,1
-4703.1636,-28634.3926,24.9425,-5252.6162,-28084.4551,21.4416,-5089.7021,-27972.5742,-731.4335,778.3787,0.0007,0.0011,3.1416,0.7852,3.1415,1
-4703.1636,-28634.3926,24.9425,-5252.6162,-28084.4551,21.4417,-5085.9219,-27976.9023,-731.7019,778.8320,-0.0000,0.0001,3.1415,0.7852,3.1415,1
-4703.1636,-28634.3926,24.9425,-5252.6162,-28084.4551,21.4416,-5087.3965,-27979.7598,-723.8681,770.5481,-0.0004,0.0001,3.1416,0.7852,3.1415,1
-4703.1636,-28634.3926,24.9425,-5252.6162,-28084.4551,21.4417,-5094.4434,-27980.5820,-729.4971,774.4092,-0.0009,0.0016,3.1415,0.7852,3.1415,1
-4703.1636,-28634.3926,24.9425,-5252.6162,-28084.4551,21.4416,-5089.8589,-27973.6328,-731.5111,778.2697,0.0005,0.0011,3.1416,0.7852,3.1415,1
-4703.1636,-28634.3926,24.9425,-5252.6162,-28084.4551,21.4417,-5087.4893,-27976.1055,-735.3442,782.1307,-0.0001,0.0006,3.1415,0.7852,3.1415,1
-4703.1636,-28634.3926,24.9425,-5252.6162,-28084.4551,21.4416,-5087.5542,-27980.8086,-723.9368,770.4391,-0.0006,0.0001,3.1416,0.7852,3.1415,1
-4703.1636,-28634.3926,24.9425,-5252.6162,-28084.4551,21.4417,-5093.2544,-27972.1387,-727.9166,774.3003,0.0008,0.0016,3.1415,0.7852,3.1415,1
-4703.1636,-28634.3926,24.9425,-5252.6162,-28084.4551,21.4416,-5090.0156,-27974.6895,-731.5873,778.1608,0.0003,0.0011,3.1416,0.7852,3.1415,1
-4703.1636,-28634.3926,24.9425,-5252.6162,-28084.4531,21.4417,-5089.3994,-27976.9121,-728.9629,775.4407,-0.0001,0.0007,3.1415,0.7852,3.1415,1
-4703.1636,-28634.3926,24.9425,-5252.6162,-28084.4551,21.4416,-5087.7119,-27981.8555,-724.0040,770.3301,-0.0008,0.0001,3.1416,0.7852,3.1415,1
-4703.1636,-28634.3926,24.9425,-5252.6162,-28084.4531,21.4417,-5093.4097,-27973.1895,-727.9940,774.1913,0.0006,0.0016,3.1415,0.7852,3.1415,1
-4703.1636,-28634.3926,24.9425,-5252.6162,-28084.4531,21.4416,-5090.1729,-27975.7461,-731.6620,778.0518,0.0001,0.0011,3.1416,0.7852,3.1415,1
-4703.1636,-28634.3926,24.9425,-5252.6167,-28084.4531,21.4417,-5087.8071,-27978.2305,-735.4896,781.9127,-0.0005,0.0006,3.1415,0.7852,3.1415,1
-4703.1636,-28634.3926,24.9425,-5252.6167,-28084.4531,21.4416,-5086.5327,-27973.4570,-722.4247,770.2211,0.0010,0.0001,3.1416,0.7852,3.1415,1
-4703.1636,-28634.3926,24.9425,-5252.6167,-28084.4531,21.4417,-5093.5659,-27974.2422,-728.0699,774.0823,0.0004,0.0016,3.1415,0.7852,3.1415,1
-4703.1636,-28634.3926,24.9425,-5252.6167,-28084.4531,21.4416,-5090.3311,-27976.8047,-731.7353,777.9427,-0.0002,0.0011,3.1416,0.7852,3.1415,1
-4703.1636,-28634.3926,24.9425,-5252.6167,-28084.4531,21.4417,-5087.9663,-27979.2930,-735.5601,781.8038,-0.0007,0.0006,3.1415,0.7852,3.1415,1
-4703.1636,-28634.3926,24.9425,-5252.6167,-28084.4531,21.4416,-5086.6880,-27974.5039,-722.5021,770.1122,0.0007,0.0001,3.1416,0.7852,3.1415,1
-4703.1636,-28634.3926,24.9425,-5252.6167,-28084.4531,21.4417,-5093.7217,-27975.2949,-728.1445,773.9734,0.0002,0.0016,3.1415,0.7852,3.1415,1
-4703.1636,-28634.3926,24.9425,-5252.6167,-28084.4531,21.4416,-5090.4888,-27977.8613,-731.8072,777.8339,-0.0004,0.0011,3.1416,0.7852,3.1415,1
-4703.1636,-28634.3926,24.9425,-5252.6167,-28084.4531,21.4417,-5094.6772,-27980.0645,-726.3425,771.3725,-0.0007,0.0015,3.1415,0.7852,3.1415,1
-4703.1636,-28634.3926,24.9425,-5252.6167,-28084.4531,21.4416,-5086.8438,-27975.5508,-722.5781,770.0033,0.0005,0.0001,3.1416,0.7852,3.1415,1
-4703.1636,-28634.3926,24.9425,-5252.6167,-28084.4531,21.4417,-5093.8779,-27976.3457,-728.2176,773.8644,-0.0000,0.0016,3.1415,0.7852,3.1415,1
-4703.1636,-28634.3926,24.9425,-5252.6167,-28084.4531,21.4416,-5090.6465,-27978.9180,-731.8776,777.7249,-0.0006,0.0011,3.1416,0.7852,3.1415,1
-4703.1636,-28634.3926,24.9425,-5252.6172,-28084.4531,21.4417,-5086.9268,-27971.8340,-734.0338,781.5859,0.0009,0.0006,3.1415,0.7852,3.1415,1
-4703.1636,-28634.3926,24.9425,-5252.6172,-28084.4531,21.4416,-5087.0005,-27976.5977,-722.6525,769.8943,0.0003,0.0001,3.1416,0.7852,3.1415,1
-4703.1636,-28634.3926,24.9425,-5252.6172,-28084.4531,21.4417,-5094.0352,-27977.3984,-728.2892,773.7554,-0.0003,0.0016,3.1415,0.7852,3.1415,1
-4703.1636,-28634.3926,24.9425,-5252.6172,-28084.4531,21.4416,-5090.8052,-27979.9766,-731.9464,777.6159,-0.0008,0.0011,3.1416,0.7852,3.1415,1
-4703.1636,-28634.3926,24.9425,-5252.6172,-28084.4531,21.4417,-5087.0840,-27972.8965,-734.1131,781.4769,0.0006,0.0006,3.1415,0.7852,3.1415,1
-4703.1636,-28634.3926,24.9425,-5252.6172,-28084.4531,21.4416,-5083.8042,-27975.4883,-737.7581,785.3373,0.0001,0.0001,3.1416,0.7852,3.1415,1
-4703.1636,-28634.3926,24.9425,-5252.6172,-28084.4531,21.4417,-5087.1973,-27972.7832,-726.2713,773.8909,0.0009,0.0003,3.1415,0.7852,3.1415,1
-4703.1636,-28634.3926,24.9425,-5252.6172,-28084.4531,21.4416,-5089.6138,-27971.5000,-730.3524,777.5070,0.0010,0.0011,3.1416,0.7852,3.1415,1
-4703.1636,-28634.3926,24.9425,-5252.6172,-28084.4531,21.4417,-5087.2417,-27973.9590,-734.1909,781.3679,0.0004,0.0006,3.1415,0.7852,3.1415,1
-4703.1636,-28634.3926,24.9425,-5252.6172,-28084.4531,21.4416,-5083.9639,-27976.5547,-737.8333,785.2285,-0.0001,0.0001,3.1416,0.7852,3.1415,1
-4703.1636,-28634.3926,24.9425,-5252.6172,-28084.4531,21.4417,-5094.3491,-27979.5020,-728.4280,773.5375,-0.0007,0.0016,3.1415,0.7852,3.1415,1
-4703.1636,-28634.3926,24.9425,-5252.6172,-28084.4531,21.4416,-5089.7700,-27972.5566,-730.4315,777.3979,0.0008,0.0011,3.1416,0.7852,3.1415,1
-4703.1636,-28634.3926,24.9425,-5252.6172,-28084.4531,21.4417,-5087.3994,-27975.0195,-734.2673,781.2590,0.0002,0.0006,3.1415,0.7852,3.1415,1
-4703.1636,-28634.3926,24.9425,-5252.6172,-28084.4531,21.4416,-5084.1235,-27977.6211,-737.9069,785.1194,-0.0004,0.0001,3.1416,0.7852,3.1415,1
-4703.1636,-28634.3926,24.9425,-5252.6177,-28084.4531,21.4417,-5094.5068,-27980.5547,-728.4952,773.4285,-0.0009,0.0016,3.1415,0.7852,3.1415,1
-4703.1636,-28634.3926,24.9425,-5252.6177,-28084.4531,21.4416,-5089.9268,-27973.6133,-730.5092,777.2890,0.0005,0.0011,3.1416,0.7852,3.1415,1
-4703.1636,-28634.3926,24.9425,-5252.6177,-28084.4531,21.4417,-5087.5581,-27976.0820,-734.3422,781.1500,-0.0000,0.0006,3.1415,0.7852,3.1415,1
-4703.1636,-28634.3926,24.9425,-5252.6177,-28084.4531,21.4416,-5084.2837,-27978.6895,-737.9790,785.0104,-0.0006,0.0001,3.1416,0.7852,3.1415,1
-4703.1636,-28634.3926,24.9425,-5252.6177,-28084.4531,21.4417,-5093.3198,-27972.1250,-726.9147,773.3196,0.0009,0.0016,3.1415,0.7852,3.1415,1
-4703.1636,-28634.3926,24.9425,-5252.6177,-28084.4531,21.4416,-5090.0835,-27974.6699,-730.5854,777.1801,0.0003,0.0011,3.1416,0.7852,3.1415,1
-4703.1636,-28634.3926,24.9425,-5252.6177,-28084.4531,21.4417,-5090.9048,-27972.7051,-726.6110,773.4444,0.0008,0.0010,3.1415,0.7852,3.1415,1
-4703.1636,-28634.3926,24.9425,-5252.6177,-28084.4531,21.4416,-5093.4214,-27979.4336,-726.0371,771.4207,-0.0006,0.0014,3.1416,0.7852,3.1415,1
-4703.1636,-28634.3926,24.9425,-5252.6177,-28084.4531,21.4417,-5093.4756,-27973.1758,-726.9922,773.2106,0.0007,0.0016,3.1415,0.7852,3.1415,1
-4703.1636,-28634.3926,24.9425,-5252.6177,-28084.4531,21.4416,-5090.2407,-27975.7266,-730.6602,777.0711,0.0001,0.0011,3.1416,0.7852,3.1415,1
-4703.1636,-28634.3926,24.9425,-5252.6177,-28084.4531,21.4417,-5087.8755,-27978.2051,-734.4877,780.9321,-0.0005,0.0006,3.1415,0.7852,3.1415,1
-4703.1636,-28634.3926,24.9425,-5252.6177,-28084.4531,21.4416,-5083.2422,-27971.2012,-736.4409,784.7925,0.0010,0.0001,3.1416,0.7852,3.1415,1
-4703.1636,-28634.3926,24.9425,-5252.6182,-28084.4531,21.4417,-5093.6313,-27974.2266,-727.0682,773.1016,0.0004,0.0015,3.1415,0.7852,3.1415,1
-4703.1636,-28634.3926,24.9425,-5252.6182,-28084.4531,21.4416,-5090.3984,-27976.7832,-730.7335,776.9621,-0.0001,0.0010,3.1416,0.7852,3.1415,1
-4703.1636,-28634.3926,24.9425,-5252.6182,-28084.4531,21.4417,-5086.3413,-27978.1387,-725.2577,772.3413,-0.0001,-0.0001,3.1415,0.7852,3.1415,1
-4703.1636,-28634.3926,24.9425,-5252.6182,-28084.4531,21.4416,-5083.4009,-27972.2676,-736.5219,784.6835,0.0008,0.0000,3.1416,0.7852,3.1415,1
-4703.1636,-28634.3926,24.9425,-5252.6182,-28084.4531,21.4417,-5093.7871,-27975.2773,-727.1426,772.9926,0.0002,0.0015,3.1415,0.7852,3.1415,1
-4703.1636,-28634.3926,24.9425,-5252.6182,-28084.4531,21.4416,-5090.5562,-27977.8398,-730.8054,776.8531,-0.0003,0.0010,3.1416,0.7852,3.1415,1
-4703.1636,-28634.3926,24.9425,-5252.6182,-28084.4531,21.4417,-5088.1943,-27980.3281,-734.6272,780.7141,-0.0009,0.0005,3.1415,0.7852,3.1415,1
-4703.1636,-28634.3926,24.9425,-5252.6182,-28084.4531,21.4416,-5083.5591,-27973.3340,-736.6015,784.5746,0.0006,0.0000,3.1416,0.7852,3.1415,1
-4703.1636,-28634.3926,24.9425,-5252.6182,-28084.4531,21.4417,-5093.9429,-27976.3281,-727.2158,772.8837,-0.0000,0.0015,3.1415,0.7852,3.1415,1
-4703.1636,-28634.3926,24.9425,-5252.6182,-28084.4531,21.4416,-5090.7139,-27978.8945,-730.8757,776.7442,-0.0006,0.0010,3.1416,0.7852,3.1415,1
-4703.1636,-28634.3926,24.9425,-5252.6182,-28084.4531,21.4417,-5086.4966,-27976.0039,-737.5631,784.5021,-0.0001,0.0005,3.1415,0.7852,3.1415,1
-4703.1636,-28634.3926,24.9425,-5252.6182,-28084.4531,21.4416,-5087.6533,-27978.9863,-733.7820,780.1899,-0.0006,0.0005,3.1416,0.7852,3.1415,1
-4703.1636,-28634.3926,24.9425,-5252.6182,-28084.4531,21.4417,-5094.0996,-27977.3789,-727.2875,772.7748,-0.0002,0.0015,3.1415,0.7852,3.1415,1
-4703.1636,-28634.3926,24.9425,-5252.6182,-28084.4531,21.4416,-5090.8721,-27979.9512,-730.9447,776.6353,-0.0008,0.0010,3.1416,0.7852,3.1415,1
-4703.1636,-28634.3926,24.9425,-5252.6187,-28084.4531,21.4417,-5087.1548,-27972.8789,-733.1111,780.4962,0.0007,0.0005,3.1415,0.7852,3.1415,1
-4703.1636,-28634.3926,24.9425,-5252.6187,-28084.4531,21.4416,-5083.8774,-27975.4648,-736.7562,784.3567,0.0001,0.0000,3.1416,0.7852,3.1415,1
-4703.1636,-28634.3926,24.9425,-5252.6187,-28084.4531,21.4417,-5094.2563,-27978.4297,-727.3576,772.6658,-0.0004,0.0015,3.1415,0.7852,3.1415,1
-4703.1636,-28634.3926,24.9425,-5252.6187,-28084.4531,21.4416,-5091.0308,-27981.0059,-731.0121,776.5262,-0.0010,0.0010,3.1416,0.7852,3.1415,1
-4703.1636,-28634.3926,24.9425,-5252.6187,-28084.4531,21.4417,-5088.4614,-27974.8164,-728.5320,775.5163,0.0004,0.0006,3.1415,0.7852,3.1415,1
-4703.1636,-28634.3926,24.9425,-5252.6187,-28084.4531,21.4416,-5088.5488,-27971.7734,-737.6277,784.7266,0.0007,0.0011,3.1416,0.7852,3.1415,1
-4703.1636,-28634.3926,24.9425,-5252.6187,-28084.4512,21.4417,-5094.4131,-27979.4785,-727.4263,772.5568,-0.0007,0.0015,3.1415,0.7852,3.1415,1
-4703.1636,-28634.3926,24.9425,-5252.6187,-28084.4531,21.4416,-5089.8389,-27972.5410,-729.4297,776.4173,0.0008,0.0010,3.1416,0.7852,3.1415,1
-4703.1636,-28634.3926,24.9425,-5252.6187,-28084.4512,21.4417,-5087.4697,-27974.9980,-733.2654,780.2783,0.0002,0.0005,3.1415,0.7852,3.1415,1
-4703.1636,-28634.3926,24.9425,-5252.6187,-28084.4512,21.4416,-5084.1958,-27977.5957,-736.9050,784.1387,-0.0003,0.0000,3.1416,0.7852,3.1415,1
-4703.1636,-28634.3926,24.9425,-5252.6187,-28084.4512,21.4417,-5094.5703,-27980.5273,-727.4936,772.4478,-0.0009,0.0015,3.1415,0.7852,3.1415,1
-4703.1636,-28634.3926,24.9425,-5252.6187,-28084.4512,21.4416,-5089.9951,-27973.5957,-729.5074,776.3083,0.0006,0.0010,3.1416,0.7852,3.1415,1
-4703.1636,-28634.3926,24.9425,-5252.6191,-28084.4512,21.4417,-5087.6279,-27976.0586,-733.3403,780.1693,0.0000,0.0005,3.1415,0.7852,3.1415,1
-4703.1636,-28634.3926,24.9425,-5252.6191,-28084.4512,21.4416,-5084.3560,-27978.6621,-736.9774,784.0298,-0.0005,0.0000,3.1416,0.7852,3.1415,1
-4703.1636,-28634.3926,24.9425,-5252.6191,-28084.4512,21.4417,-5093.3872,-27972.1094,-725.9131,772.3389,0.0009,0.0015,3.1415,0.7852,3.1415,1
-4703.1636,-28634.3926,24.9425,-5252.6191,-28084.4512,21.4416,-5090.1519,-27974.6504,-729.5836,776.1993,0.0004,0.0010,3.1416,0.7852,3.1415,1
-4703.1636,-28634.3926,24.9425,-5252.6191,-28084.4512,21.4417,-5087.7861,-27977.1191,-733.4139,780.0604,-0.0002,0.0005,3.1415,0.7852,3.1415,1
-4703.1636,-28634.3926,24.9425,-5252.6191,-28084.4512,21.4416,-5084.5161,-27979.7266,-737.0480,783.9208,-0.0008,0.0000,3.1416,0.7852,3.1415,1
-4703.1636,-28634.3926,24.9425,-5252.6191,-28084.4512,21.4417,-5093.5410,-27973.1582,-725.9904,772.2299,0.0007,0.0015,3.1415,0.7852,3.1415,1
-4703.1636,-28634.3926,24.9425,-5252.6191,-28084.4512,21.4416,-5085.4341,-27974.8223,-731.0959,778.6405,0.0004,0.0001,3.1416,0.7852,3.1415,1
-4703.1636,-28634.3926,24.9425,-5252.6191,-28084.4512,21.4417,-5087.9458,-27978.1797,-733.4861,779.9514,-0.0004,0.0005,3.1415,0.7852,3.1415,1
-4703.1636,-28634.3926,24.9425,-5252.6191,-28084.4512,21.4416,-5084.6763,-27980.7930,-737.1173,783.8119,-0.0010,0.0000,3.1416,0.7852,3.1415,1
-4703.1636,-28634.3926,24.9425,-5252.6191,-28084.4512,21.4417,-5093.6973,-27974.2090,-726.0666,772.1209,0.0005,0.0015,3.1415,0.7852,3.1415,1
-4703.1636,-28634.3926,24.9425,-5252.6191,-28084.4512,21.4416,-5090.4658,-27976.7598,-729.7318,775.9814,-0.0001,0.0010,3.1416,0.7852,3.1415,1
-4703.1636,-28634.3926,24.9425,-5252.6191,-28084.4512,21.4417,-5088.1045,-27979.2402,-733.5566,779.8424,-0.0006,0.0005,3.1415,0.7852,3.1415,1
-4703.1636,-28634.3926,24.9425,-5252.6196,-28084.4512,21.4416,-5083.4746,-27972.2480,-735.5201,783.7029,0.0008,0.0000,3.1416,0.7852,3.1415,1
-4703.1636,-28634.3926,24.9425,-5252.6196,-28084.4512,21.4417,-5087.7637,-27971.8496,-732.1248,779.5612,0.0009,0.0007,3.1415,0.7852,3.1415,1
-4703.1636,-28634.3926,24.9425,-5252.6196,-28084.4512,21.4416,-5090.6235,-27977.8145,-729.8036,775.8725,-0.0003,0.0010,3.1416,0.7852,3.1415,1
-4703.1636,-28634.3926,24.9425,-5252.6196,-28084.4512,21.4417,-5086.0093,-27976.9395,-730.4401,777.5882,-0.0000,0.0001,3.1415,0.7852,3.1415,1
-4703.1636,-28634.3926,24.9425,-5252.6196,-28084.4512,21.4416,-5088.8193,-27978.5449,-736.0273,782.1772,-0.0006,0.0009,3.1416,0.7852,3.1415,1
-4703.1636,-28634.3926,24.9425,-5252.6196,-28084.4512,21.4417,-5094.0093,-27976.3066,-726.2143,771.9030,0.0000,0.0015,3.1415,0.7852,3.1415,1
-4703.1636,-28634.3926,24.9425,-5252.6196,-28084.4512,21.4416,-5090.7812,-27978.8691,-729.8741,775.7635,-0.0005,0.0010,3.1416,0.7852,3.1415,1
-4703.1636,-28634.3926,24.9425,-5252.6196,-28084.4512,21.4417,-5087.0693,-27971.8008,-732.0302,779.6245,0.0009,0.0005,3.1415,0.7852,3.1415,1
-4703.1636,-28634.3926,24.9425,-5252.6196,-28084.4512,21.4416,-5083.7910,-27974.3770,-735.6777,783.4849,0.0004,0.0000,3.1416,0.7852,3.1415,1
-4703.1636,-28634.3926,24.9425,-5252.6196,-28084.4512,21.4417,-5094.1655,-27977.3574,-726.2859,771.7940,-0.0002,0.0015,3.1415,0.7852,3.1415,1
-4703.1636,-28634.3926,24.9425,-5252.6196,-28084.4512,21.4416,-5090.9395,-27979.9238,-729.9429,775.6545,-0.0007,0.0010,3.1416,0.7852,3.1415,1
-4703.1636,-28634.3926,24.9425,-5252.6196,-28084.4512,21.4417,-5087.2261,-27972.8594,-732.1095,779.5154,0.0007,0.0005,3.1415,0.7852,3.1415,1
-4703.1636,-28634.3926,24.9425,-5252.6196,-28084.4512,21.4416,-5083.9497,-27975.4414,-735.7545,783.3760,0.0002,0.0000,3.1416,0.7852,3.1415,1
-4703.1636,-28634.3926,24.9425,-5252.6201,-28084.4512,21.4417,-5094.3223,-27978.4062,-726.3561,771.6850,-0.0004,0.0015,3.1415,0.7852,3.1415,1
-4703.1636,-28634.3926,24.9425,-5252.6201,-28084.4512,21.4416,-5091.0977,-27980.9785,-730.0104,775.5455,-0.0010,0.0010,3.1416,0.7852,3.1415,1
-4703.1636,-28634.3926,24.9425,-5252.6201,-28084.4512,21.4417,-5087.3838,-27973.9199,-732.1875,779.4066,0.0005,0.0005,3.1415,0.7852,3.1415,1
-4703.1636,-28634.3926,24.9425,-5252.6201,-28084.4512,21.4416,-5084.1094,-27976.5059,-735.8296,783.2670,-0.0001,0.0000,3.1416,0.7852,3.1415,1
-4703.1636,-28634.3926,24.9425,-5252.6201,-28084.4512,21.4417,-5094.4790,-27979.4551,-726.4249,771.5761,-0.0006,0.0015,3.1415,0.7852,3.1415,1
-4703.1636,-28634.3926,24.9425,-5252.6201,-28084.4512,21.4416,-5089.9077,-27972.5254,-728.4280,775.4366,0.0008,0.0010,3.1416,0.7852,3.1415,1
-4703.1636,-28634.3926,24.9425,-5252.6201,-28084.4512,21.4417,-5087.5410,-27974.9785,-732.2639,779.2975,0.0003,0.0005,3.1415,0.7852,3.1415,1
-4703.1636,-28634.3926,24.9425,-5252.6201,-28084.4512,21.4416,-5084.2686,-27977.5703,-735.9033,783.1581,-0.0003,0.0000,3.1416,0.7852,3.1415,1
-4703.1636,-28634.3926,24.9425,-5252.6201,-28084.4512,21.4417,-5094.6357,-27980.5039,-726.4922,771.4672,-0.0008,0.0015,3.1415,0.7852,3.1415,1
-4703.1636,-28634.3926,24.9425,-5252.6201,-28084.4512,21.4416,-5090.0640,-27973.5781,-728.5057,775.3276,0.0006,0.0010,3.1416,0.7852,3.1415,1
-4703.1636,-28634.3926,24.9425,-5252.6201,-28084.4512,21.4417,-5087.6987,-27976.0371,-732.3389,779.1887,0.0001,0.0005,3.1415,0.7852,3.1415,1
-4703.1636,-28634.3926,24.9425,-5252.6201,-28084.4512,21.4416,-5084.4282,-27978.6348,-735.9756,783.0491,-0.0005,0.0000,3.1416,0.7852,3.1415,1
-4703.1636,-28634.3926,24.9425,-5252.6206,-28084.4512,21.4417,-5093.4536,-27972.0957,-724.9114,771.3581,0.0009,0.0015,3.1415,0.7852,3.1415,1
-4703.1636,-28634.3926,24.9425,-5252.6206,-28084.4512,21.4416,-5090.2207,-27974.6328,-728.5823,775.2191,0.0004,0.0010,3.1416,0.7852,3.1415,1
-4703.1636,-28634.3926,24.9425,-5252.6206,-28084.4512,21.4417,-5093.0283,-27977.4180,-734.1719,779.6601,-0.0004,0.0016,3.1415,0.7852,3.1415,1
-4703.1636,-28634.3926,24.9425,-5252.6206,-28084.4512,21.4416,-5084.5884,-27979.6992,-736.0468,782.9406,-0.0007,0.0000,3.1416,0.7852,3.1415,1
-4703.1636,-28634.3926,24.9425,-5252.6206,-28084.4512,21.4417,-5093.6084,-27973.1445,-724.9888,771.2491,0.0007,0.0015,3.1415,0.7852,3.1415,1
-4703.1636,-28634.3926,24.9425,-5252.6206,-28084.4512,21.4416,-5090.3770,-27975.6855,-728.6572,775.1102,0.0002,0.0010,3.1416,0.7852,3.1415,1
-4703.1636,-28634.3926,24.9425,-5252.6206,-28084.4512,21.4417,-5088.0156,-27978.1562,-732.4843,778.9706,-0.0004,0.0005,3.1415,0.7852,3.1415,1
-4703.1636,-28634.3926,24.9425,-5252.6206,-28084.4512,21.4416,-5084.7480,-27980.7637,-736.1161,782.8317,-0.0009,0.0000,3.1416,0.7852,3.1415,1
-4703.1636,-28634.3926,24.9425,-5252.6206,-28084.4512,21.4417,-5093.7632,-27974.1914,-725.0649,771.1402,0.0005,0.0015,3.1415,0.7852,3.1415,1
-4703.1636,-28634.3926,24.9425,-5252.6206,-28084.4512,21.4416,-5090.5342,-27976.7402,-728.7305,775.0012,-0.0000,0.0010,3.1416,0.7852,3.1415,1
-4703.1636,-28634.3926,24.9425,-5252.6206,-28084.4512,21.4417,-5088.1743,-27979.2148,-732.5549,778.8617,-0.0006,0.0005,3.1415,0.7852,3.1415,1
-4703.1636,-28634.3926,24.9425,-5252.6206,-28084.4512,21.4416,-5083.5479,-27972.2305,-734.5187,782.7227,0.0008,-0.0000,3.1416,0.7852,3.1415,1
-4703.1636,-28634.3926,24.9425,-5252.6206,-28084.4512,21.4417,-5093.9189,-27975.2402,-725.1395,771.0313,0.0003,0.0015,3.1415,0.7852,3.1415,1
-4703.1636,-28634.3926,24.9425,-5252.6206,-28084.4512,21.4416,-5090.6909,-27977.7930,-728.8024,774.8922,-0.0003,0.0010,3.1416,0.7852,3.1415,1
-4703.1636,-28634.3926,24.9425,-5252.6211,-28084.4512,21.4417,-5088.3335,-27980.2734,-732.6240,778.7527,-0.0008,0.0005,3.1415,0.7852,3.1415,1
-4703.1636,-28634.3926,24.9425,-5252.6211,-28084.4512,21.4416,-5083.7061,-27973.2930,-734.5983,782.6137,0.0006,-0.0000,3.1416,0.7852,3.1415,1
-4703.1636,-28634.3926,24.9425,-5252.6211,-28084.4512,21.4417,-5094.0747,-27976.2891,-725.2125,770.9222,0.0001,0.0015,3.1415,0.7852,3.1415,1
-4703.1636,-28634.3926,24.9425,-5252.6211,-28084.4512,21.4416,-5090.8491,-27978.8457,-728.8728,774.7833,-0.0005,0.0010,3.1416,0.7852,3.1415,1
-4703.1636,-28634.3926,24.9425,-5252.6211,-28084.4512,21.4417,-5087.1401,-27971.7852,-731.0283,778.6437,0.0010,0.0005,3.1415,0.7852,3.1415,1
-4703.1636,-28634.3926,24.9425,-5252.6211,-28084.4512,21.4416,-5083.8643,-27974.3574,-734.6765,782.5048,0.0004,-0.0000,3.1416,0.7852,3.1415,1
-4703.1636,-28634.3926,24.9425,-5252.6211,-28084.4492,21.4417,-5094.2305,-27977.3359,-725.2842,770.8133,-0.0001,0.0015,3.1415,0.7852,3.1415,1
-4703.1636,-28634.3926,24.9425,-5252.6211,-28084.4512,21.4416,-5091.0068,-27979.9004,-728.9418,774.6743,-0.0007,0.0010,3.1416,0.7852,3.1415,1
-4703.1636,-28634.3926,24.9425,-5252.6211,-28084.4492,21.4417,-5087.2969,-27972.8418,-731.1078,778.5349,0.0007,0.0005,3.1415,0.7852,3.1415,1
-4703.1636,-28634.3926,24.9425,-5252.6211,-28084.4492,21.4416,-5084.0229,-27975.4180,-734.7531,782.3958,0.0002,-0.0000,3.1416,0.7852,3.1415,1
-4703.1636,-28634.3926,24.9425,-5252.6211,-28084.4492,21.4417,-5094.3867,-27978.3828,-725.3544,770.7043,-0.0004,0.0015,3.1415,0.7852,3.1415,1
-4703.1636,-28634.3926,24.9425,-5252.6211,-28084.4492,21.4416,-5091.1646,-27980.9512,-729.0093,774.5653,-0.0009,0.0010,3.1416,0.7852,3.1415,1
-4703.1636,-28634.3926,24.9425,-5252.6216,-28084.4492,21.4417,-5090.5791,-27979.5625,-736.0881,781.7320,-0.0009,0.0011,3.1415,0.7852,3.1415,1
-4703.1636,-28634.3926,24.9425,-5252.6216,-28084.4492,21.4416,-5084.1821,-27976.4824,-734.8283,782.2869,-0.0000,-0.0000,3.1416,0.7852,3.1415,1
-4703.1636,-28634.3926,24.9425,-5252.6216,-28084.4492,21.4417,-5094.5439,-27979.4316,-725.4232,770.5953,-0.0006,0.0015,3.1415,0.7852,3.1415,1
-4703.1636,-28634.3926,24.9425,-5252.6216,-28084.4492,21.4416,-5089.9771,-27972.5078,-727.4267,774.4563,0.0009,0.0010,3.1416,0.7852,3.1415,1
-4703.1636,-28634.3926,24.9425,-5252.6216,-28084.4492,21.4417,-5088.0527,-27976.7949,-733.3618,779.9984,-0.0001,0.0006,3.1415,0.7852,3.1415,1
-4703.1636,-28634.3926,24.9425,-5252.6216,-28084.4492,21.4416,-5084.3413,-27977.5449,-734.9020,782.1779,-0.0002,-0.0000,3.1416,0.7852,3.1415,1
-4703.1636,-28634.3926,24.9425,-5252.6216,-28084.4492,21.4417,-5094.7007,-27980.4785,-725.4905,770.4864,-0.0008,0.0015,3.1415,0.7852,3.1415,1
-4703.1636,-28634.3926,24.9425,-5252.6216,-28084.4492,21.4416,-5090.1333,-27973.5605,-727.5045,774.3474,0.0006,0.0010,3.1416,0.7852,3.1415,1
-4703.1636,-28634.3926,24.9425,-5252.6216,-28084.4492,21.4417,-5087.7695,-27976.0156,-731.3372,778.2079,0.0001,0.0005,3.1415,0.7852,3.1415,1
-4703.1636,-28634.3926,24.9425,-5252.6216,-28084.4492,21.4416,-5084.5010,-27978.6074,-734.9744,782.0689,-0.0005,-0.0000,3.1416,0.7852,3.1415,1
-4703.1636,-28634.3926,24.9425,-5252.6216,-28084.4492,21.4417,-5093.5200,-27972.0820,-723.9098,770.3774,0.0010,0.0015,3.1415,0.7852,3.1415,1
-4703.1636,-28634.3926,24.9425,-5252.6216,-28084.4492,21.4416,-5090.2896,-27974.6133,-727.5808,774.2385,0.0004,0.0010,3.1416,0.7852,3.1415,1
-4703.1636,-28634.3926,24.9425,-5252.6216,-28084.4492,21.4417,-5087.9272,-27977.0723,-731.4106,778.0989,-0.0001,0.0005,3.1415,0.7852,3.1415,1
-4703.1636,-28634.3926,24.9425,-5252.6221,-28084.4492,21.4416,-5084.6606,-27979.6719,-735.0452,781.9600,-0.0007,-0.0000,3.1416,0.7852,3.1415,1
-4703.1636,-28634.3926,24.9425,-5252.6221,-28084.4492,21.4417,-5093.6748,-27973.1289,-723.9872,770.2685,0.0008,0.0015,3.1415,0.7852,3.1415,1
-4703.1636,-28634.3926,24.9425,-5252.6221,-28084.4492,21.4416,-5090.4463,-27975.6660,-727.6556,774.1295,0.0002,0.0010,3.1416,0.7852,3.1415,1
-4703.1636,-28634.3926,24.9425,-5252.6221,-28084.4492,21.4417,-5088.0859,-27978.1309,-731.4827,777.9900,-0.0003,0.0005,3.1415,0.7852,3.1415,1
-4703.1636,-28634.3926,24.9425,-5252.6221,-28084.4492,21.4416,-5084.8208,-27980.7344,-735.1144,781.8510,-0.0009,-0.0000,3.1416,0.7852,3.1415,1
-4703.1636,-28634.3926,24.9425,-5252.6221,-28084.4492,21.4417,-5093.8296,-27974.1758,-724.0633,770.1595,0.0005,0.0015,3.1415,0.7852,3.1415,1
-4703.1636,-28634.3926,24.9425,-5252.6221,-28084.4492,21.4416,-5090.6030,-27976.7188,-727.7289,774.0204,-0.0000,0.0010,3.1416,0.7852,3.1415,1
-4703.1636,-28634.3926,24.9425,-5252.6221,-28084.4492,21.4417,-5088.2441,-27979.1875,-731.5533,777.8810,-0.0006,0.0005,3.1415,0.7852,3.1415,1
-4703.1636,-28634.3926,24.9425,-5252.6221,-28084.4492,21.4416,-5083.6226,-27972.2109,-733.5169,781.7419,0.0009,-0.0000,3.1416,0.7852,3.1415,1
-4703.1636,-28634.3926,24.9425,-5252.6221,-28084.4492,21.4417,-5093.9849,-27975.2227,-724.1378,770.0505,0.0003,0.0015,3.1415,0.7852,3.1415,1
-4703.1636,-28634.3926,24.9425,-5252.6221,-28084.4492,21.4416,-5090.7598,-27977.7695,-727.8008,773.9115,-0.0002,0.0010,3.1416,0.7852,3.1415,1
-4703.1636,-28634.3926,24.9425,-5252.6221,-28084.4492,21.4417,-5086.7563,-27972.1113,-736.3316,783.8039,0.0007,0.0006,3.1415,0.7852,3.1415,1
-4703.1636,-28634.3926,24.9425,-5252.6221,-28084.4492,21.4416,-5083.7803,-27973.2734,-733.5966,781.6331,0.0007,-0.0000,3.1416,0.7852,3.1415,1
-4703.1636,-28634.3926,24.9425,-5252.6226,-28084.4492,21.4417,-5094.1406,-27976.2695,-724.2110,769.9416,0.0001,0.0015,3.1415,0.7852,3.1415,1
-4703.1636,-28634.3926,24.9425,-5252.6226,-28084.4492,21.4416,-5090.9175,-27978.8223,-727.8713,773.8026,-0.0004,0.0010,3.1416,0.7852,3.1415,1
-4703.1636,-28634.3926,24.9425,-5252.6226,-28084.4492,21.4417,-5088.5620,-27981.3027,-731.6901,777.6631,-0.0010,0.0005,3.1415,0.7852,3.1415,1
-4703.1636,-28634.3926,24.9425,-5252.6226,-28084.4492,21.4416,-5083.9385,-27974.3359,-733.6748,781.5241,0.0004,-0.0000,3.1416,0.7852,3.1415,1
-4703.1636,-28634.3926,24.9425,-5252.6226,-28084.4492,21.4417,-5094.2964,-27977.3164,-724.2827,769.8326,-0.0001,0.0015,3.1415,0.7852,3.1415,1
-4703.1636,-28634.3926,24.9425,-5252.6226,-28084.4492,21.4416,-5091.0747,-27979.8750,-727.9403,773.6936,-0.0007,0.0010,3.1416,0.7852,3.1415,1
-4703.1636,-28634.3926,24.9425,-5252.6226,-28084.4492,21.4417,-5087.3687,-27972.8262,-730.1061,777.5541,0.0008,0.0005,3.1415,0.7852,3.1415,1
-4703.1636,-28634.3926,24.9425,-5252.6226,-28084.4492,21.4416,-5084.0967,-27975.3984,-733.7515,781.4151,0.0002,-0.0000,3.1416,0.7852,3.1415,1
-4703.1636,-28634.3926,24.9425,-5252.6226,-28084.4492,21.4417,-5091.2471,-27976.2207,-739.4197,785.2759,-0.0003,0.0015,3.1415,0.7852,3.1415,1
-4703.1636,-28634.3926,24.9425,-5252.6226,-28084.4492,21.4416,-5091.2324,-27980.9258,-728.0078,773.5846,-0.0009,0.0010,3.1416,0.7852,3.1415,1
-4703.1636,-28634.3926,24.9425,-5252.6226,-28084.4492,21.4417,-5087.5254,-27973.8828,-730.1840,777.4451,0.0006,0.0005,3.1415,0.7852,3.1415,1
-4703.1636,-28634.3926,24.9425,-5252.6226,-28084.4492,21.4416,-5084.2554,-27976.4590,-733.8267,781.3062,0.0000,-0.0000,3.1416,0.7852,3.1415,1
-4703.1636,-28634.3926,24.9425,-5252.6230,-28084.4492,21.4417,-5091.4062,-27977.2891,-739.4921,785.1669,-0.0005,0.0015,3.1415,0.7852,3.1415,1
-4703.1636,-28634.3926,24.9425,-5252.6230,-28084.4492,21.4416,-5090.0474,-27972.4941,-726.4251,773.4756,0.0009,0.0010,3.1416,0.7852,3.1415,1
-4703.1636,-28634.3926,24.9425,-5252.6230,-28084.4492,21.4417,-5087.6826,-27974.9395,-730.2604,777.3362,0.0003,0.0005,3.1415,0.7852,3.1415,1
-4703.1636,-28634.3926,24.9425,-5252.6230,-28084.4492,21.4416,-5084.4146,-27977.5215,-733.9004,781.1971,-0.0002,-0.0000,3.1416,0.7852,3.1415,1
-4703.1636,-28634.3926,24.9425,-5252.6230,-28084.4492,21.4417,-5091.5654,-27978.3555,-739.5629,785.0579,-0.0008,0.0015,3.1415,0.7852,3.1415,1
-4703.1636,-28634.3926,24.9425,-5252.6230,-28084.4492,21.4416,-5090.2026,-27973.5449,-726.5029,773.3667,0.0007,0.0010,3.1416,0.7852,3.1415,1
-4703.1636,-28634.3926,24.9425,-5252.6230,-28084.4492,21.4417,-5087.8403,-27975.9961,-730.3354,777.2272,0.0001,0.0005,3.1415,0.7852,3.1415,1
-4703.1636,-28634.3926,24.9425,-5252.6230,-28084.4492,21.4416,-5084.5737,-27978.5840,-733.9728,781.0883,-0.0004,-0.0000,3.1416,0.7852,3.1415,1
-4703.1636,-28634.3926,24.9425,-5252.6230,-28084.4492,21.4417,-5091.7251,-27979.4238,-739.6322,784.9489,-0.0010,0.0015,3.1415,0.7852,3.1415,1
-4703.1636,-28634.3926,24.9425,-5252.6230,-28084.4492,21.4416,-5090.3584,-27974.5957,-726.5792,773.2577,0.0005,0.0010,3.1416,0.7852,3.1415,1
-4703.1636,-28634.3926,24.9425,-5252.6230,-28084.4492,21.4417,-5087.6226,-27976.4355,-723.2112,770.3241,0.0003,0.0001,3.1415,0.7852,3.1415,1
-4703.1636,-28634.3926,24.9425,-5252.6230,-28084.4492,21.4416,-5091.7944,-27978.5078,-730.1816,775.8998,-0.0005,0.0012,3.1416,0.7852,3.1415,1
-4703.1636,-28634.3926,24.9425,-5252.6230,-28084.4492,21.4417,-5090.5195,-27970.8652,-738.0334,784.8400,0.0008,0.0015,3.1415,0.7852,3.1415,1
-4703.1636,-28634.3926,24.9425,-5252.6230,-28084.4492,21.4416,-5084.6611,-27975.1582,-731.8768,779.5153,0.0003,0.0000,3.1416,0.7852,3.1415,1
-4703.1636,-28634.3926,24.9425,-5252.6235,-28084.4492,21.4417,-5088.1562,-27978.1074,-730.4811,777.0093,-0.0003,0.0005,3.1415,0.7852,3.1415,1
-4703.1636,-28634.3926,24.9425,-5252.6235,-28084.4492,21.4416,-5084.8936,-27980.7070,-734.1129,780.8703,-0.0009,-0.0000,3.1416,0.7852,3.1415,1
-4703.1636,-28634.3926,24.9425,-5252.6235,-28084.4492,21.4417,-5090.6772,-27971.9316,-738.1132,784.7311,0.0006,0.0015,3.1415,0.7852,3.1415,1
-4703.1636,-28634.3926,24.9425,-5252.6235,-28084.4492,21.4416,-5090.6719,-27976.6992,-726.7274,773.0398,0.0000,0.0010,3.1416,0.7852,3.1415,1
-4703.1636,-28634.3926,24.9425,-5252.6235,-28084.4492,21.4417,-5088.3145,-27979.1641,-730.5516,776.9003,-0.0005,0.0005,3.1415,0.7852,3.1415,1
-4703.1636,-28634.3926,24.9425,-5252.6235,-28084.4492,21.4416,-5083.6973,-27972.1953,-732.5154,780.7614,0.0009,-0.0000,3.1416,0.7852,3.1415,1
-4703.1636,-28634.3926,24.9425,-5252.6235,-28084.4473,21.4417,-5090.8350,-27972.9980,-738.1914,784.6220,0.0004,0.0015,3.1415,0.7852,3.1415,1
-4703.1636,-28634.3926,24.9425,-5252.6235,-28084.4492,21.4416,-5090.8286,-27977.7500,-726.7994,772.9308,-0.0002,0.0009,3.1416,0.7852,3.1415,1
-4703.1636,-28634.3926,24.9425,-5252.6235,-28084.4473,21.4417,-5090.1792,-27978.0371,-725.5430,771.8121,-0.0002,0.0007,3.1415,0.7852,3.1415,1
-4703.1636,-28634.3926,24.9425,-5252.6235,-28084.4473,21.4416,-5083.8545,-27973.2539,-732.5950,780.6523,0.0007,-0.0001,3.1416,0.7852,3.1415,1
-4703.1636,-28634.3926,24.9425,-5252.6235,-28084.4473,21.4417,-5090.9932,-27974.0625,-738.2681,784.5130,0.0001,0.0014,3.1415,0.7852,3.1415,1
-4703.1636,-28634.3926,24.9425,-5252.6235,-28084.4473,21.4416,-5090.9858,-27978.7988,-726.8698,772.8218,-0.0004,0.0009,3.1416,0.7852,3.1415,1
-4703.1636,-28634.3926,24.9425,-5252.6240,-28084.4473,21.4417,-5088.6323,-27981.2754,-730.6885,776.6824,-0.0010,0.0004,3.1415,0.7852,3.1415,1
-4703.1636,-28634.3926,24.9425,-5252.6240,-28084.4473,21.4416,-5084.0132,-27974.3145,-732.6732,780.5433,0.0005,-0.0001,3.1416,0.7852,3.1415,1
-4703.1636,-28634.3926,24.9425,-5252.6240,-28084.4473,21.4417,-5091.1519,-27975.1289,-738.3434,784.4041,-0.0001,0.0014,3.1415,0.7852,3.1415,1
-4703.1636,-28634.3926,24.9425,-5252.6240,-28084.4473,21.4416,-5091.1436,-27979.8496,-726.9388,772.7128,-0.0006,0.0009,3.1416,0.7852,3.1415,1
-4703.1636,-28634.3926,24.9425,-5252.6240,-28084.4473,21.4417,-5087.4404,-27972.8066,-729.1044,776.5734,0.0008,0.0004,3.1415,0.7852,3.1415,1
-4703.1636,-28634.3926,24.9425,-5252.6240,-28084.4473,21.4416,-5084.1709,-27975.3750,-732.7498,780.4344,0.0003,-0.0001,3.1416,0.7852,3.1415,1
-4703.1636,-28634.3926,24.9425,-5252.6240,-28084.4473,21.4417,-5091.3101,-27976.1953,-738.4172,784.2952,-0.0003,0.0014,3.1415,0.7852,3.1415,1
-4703.1636,-28634.3926,24.9425,-5252.6240,-28084.4473,21.4416,-5091.3008,-27980.9004,-727.0064,772.6039,-0.0008,0.0009,3.1416,0.7852,3.1415,1
-4703.1636,-28634.3926,24.9425,-5252.6240,-28084.4473,21.4417,-5085.1802,-27978.5469,-725.1116,772.3960,-0.0001,-0.0004,3.1415,0.7852,3.1415,1
-4703.1636,-28634.3926,24.9425,-5252.6240,-28084.4473,21.4416,-5084.3296,-27976.4355,-732.8251,780.3254,0.0000,-0.0001,3.1416,0.7852,3.1415,1
-4703.1636,-28634.3926,24.9425,-5252.6240,-28084.4473,21.4417,-5091.4688,-27977.2617,-738.4896,784.1862,-0.0005,0.0014,3.1415,0.7852,3.1415,1
-4703.1636,-28634.3926,24.9425,-5252.6240,-28084.4473,21.4416,-5090.1172,-27972.4785,-725.4236,772.4949,0.0009,0.0009,3.1416,0.7852,3.1415,1
-4703.1636,-28634.3926,24.9425,-5252.6240,-28084.4473,21.4417,-5087.7539,-27974.9180,-729.2589,776.3555,0.0004,0.0004,3.1415,0.7852,3.1415,1
-4703.1636,-28634.3926,24.9425,-5252.6240,-28084.4473,21.4416,-5084.4883,-27977.4961,-732.8989,780.2164,-0.0002,-0.0001,3.1416,0.7852,3.1415,1
-4703.1636,-28634.3926,24.9425,-5252.6245,-28084.4473,21.4417,-5091.6284,-27978.3281,-738.5604,784.0772,-0.0007,0.0014,3.1415,0.7852,3.1415,1
-4703.1636,-28634.3926,24.9425,-5252.6245,-28084.4473,21.4416,-5090.2729,-27973.5273,-725.5013,772.3859,0.0007,0.0009,3.1416,0.7852,3.1415,1
-4703.1636,-28634.3926,24.9425,-5252.6245,-28084.4473,21.4417,-5087.9116,-27975.9727,-729.3339,776.2465,0.0002,0.0004,3.1415,0.7852,3.1415,1
-4703.1636,-28634.3926,24.9425,-5252.6245,-28084.4473,21.4416,-5084.6475,-27978.5566,-732.9713,780.1075,-0.0004,-0.0001,3.1416,0.7852,3.1415,1
-4703.1636,-28634.3926,24.9425,-5252.6245,-28084.4473,21.4417,-5091.7876,-27979.3945,-738.6298,783.9682,-0.0009,0.0014,3.1415,0.7852,3.1415,1
-4703.1636,-28634.3926,24.9425,-5252.6245,-28084.4473,21.4416,-5090.4287,-27974.5781,-725.5776,772.2770,0.0005,0.0009,3.1416,0.7852,3.1415,1
-4703.1636,-28634.3926,24.9425,-5252.6245,-28084.4473,21.4417,-5088.0688,-27977.0293,-729.4074,776.1375,-0.0001,0.0004,3.1415,0.7852,3.1415,1
-4703.1636,-28634.3926,24.9425,-5252.6245,-28084.4473,21.4416,-5084.8066,-27979.6172,-733.0421,779.9985,-0.0006,-0.0001,3.1416,0.7852,3.1415,1
-4703.1636,-28634.3926,24.9425,-5252.6245,-28084.4473,21.4417,-5090.5840,-27970.8477,-737.0309,783.8593,0.0008,0.0014,3.1415,0.7852,3.1415,1
-4703.1636,-28634.3926,24.9425,-5252.6245,-28084.4473,21.4416,-5090.5845,-27975.6270,-725.6525,772.1680,0.0003,0.0009,3.1416,0.7852,3.1415,1
-4703.1636,-28634.3926,24.9425,-5252.6245,-28084.4473,21.4417,-5088.2266,-27978.0840,-729.4794,776.0285,-0.0003,0.0004,3.1415,0.7852,3.1415,1
-4703.1636,-28634.3926,24.9425,-5252.6245,-28084.4473,21.4416,-5084.9663,-27980.6777,-733.1115,779.8896,-0.0008,-0.0001,3.1416,0.7852,3.1415,1
-4703.1636,-28634.3926,24.9425,-5252.6250,-28084.4473,21.4417,-5090.7417,-27971.9121,-737.1107,783.7504,0.0006,0.0014,3.1415,0.7852,3.1415,1
-4703.1636,-28634.3926,24.9425,-5252.6250,-28084.4473,21.4416,-5090.7412,-27976.6777,-725.7260,772.0591,0.0001,0.0009,3.1416,0.7852,3.1415,1
-4703.1636,-28634.3926,24.9425,-5252.6250,-28084.4473,21.4417,-5088.3848,-27979.1387,-729.5502,775.9196,-0.0005,0.0004,3.1415,0.7852,3.1415,1
-4703.1636,-28634.3926,24.9425,-5252.6250,-28084.4473,21.4416,-5083.7720,-27972.1777,-731.5139,779.7806,0.0010,-0.0001,3.1416,0.7852,3.1415,1
-4703.1636,-28634.3926,24.9425,-5252.6250,-28084.4473,21.4417,-5090.8989,-27972.9785,-737.1888,783.6414,0.0004,0.0014,3.1415,0.7852,3.1415,1
-4703.1636,-28634.3926,24.9425,-5252.6250,-28084.4473,21.4416,-5090.8975,-27977.7266,-725.7978,771.9501,-0.0002,0.0009,3.1416,0.7852,3.1415,1
-4703.1636,-28634.3926,24.9425,-5252.6250,-28084.4473,21.4417,-5092.1401,-27979.0195,-728.8489,774.4680,-0.0005,0.0012,3.1415,0.7852,3.1415,1
-4703.1636,-28634.3926,24.9425,-5252.6250,-28084.4473,21.4416,-5083.9297,-27973.2363,-731.5934,779.6716,0.0007,-0.0001,3.1416,0.7852,3.1415,1
-4703.1636,-28634.3926,24.9425,-5252.6250,-28084.4473,21.4417,-5091.0566,-27974.0430,-737.2657,783.5324,0.0002,0.0014,3.1415,0.7852,3.1415,1
-4703.1636,-28634.3926,24.9425,-5252.6250,-28084.4473,21.4416,-5091.0542,-27978.7773,-725.8683,771.8411,-0.0004,0.0009,3.1416,0.7852,3.1415,1
-4703.1636,-28634.3926,24.9425,-5252.6250,-28084.4473,21.4417,-5088.7017,-27981.2480,-729.6870,775.7017,-0.0009,0.0004,3.1415,0.7852,3.1415,1
-4703.1636,-28634.3926,24.9425,-5252.6250,-28084.4473,21.4416,-5084.0869,-27974.2969,-731.6716,779.5627,0.0005,-0.0001,3.1416,0.7852,3.1415,1
-4703.1636,-28634.3926,24.9425,-5252.6250,-28084.4473,21.4417,-5088.8643,-27979.7363,-737.8302,783.7547,-0.0009,0.0008,3.1415,0.7852,3.1415,1
-4703.1636,-28634.3926,24.9425,-5252.6255,-28084.4473,21.4416,-5091.2119,-27979.8262,-725.9374,771.7322,-0.0006,0.0009,3.1416,0.7852,3.1415,1
-4703.1636,-28634.3926,24.9425,-5252.6255,-28084.4473,21.4417,-5087.5122,-27972.7930,-728.1028,775.5927,0.0009,0.0004,3.1415,0.7852,3.1415,1
-4703.1636,-28634.3926,24.9425,-5252.6255,-28084.4473,21.4416,-5084.2456,-27975.3555,-731.7484,779.4537,0.0003,-0.0001,3.1416,0.7852,3.1415,1
-4703.1636,-28634.3926,24.9425,-5252.6255,-28084.4473,21.4417,-5091.3735,-27976.1738,-737.4147,783.3144,-0.0003,0.0014,3.1415,0.7852,3.1415,1
-4703.1636,-28634.3926,24.9425,-5252.6255,-28084.4473,21.4416,-5091.3696,-27980.8750,-726.0050,771.6232,-0.0008,0.0009,3.1416,0.7852,3.1415,1
-4703.1636,-28634.3926,24.9425,-5252.6255,-28084.4473,21.4417,-5087.6689,-27973.8457,-728.1808,775.4837,0.0006,0.0004,3.1415,0.7852,3.1415,1
-4703.1636,-28634.3926,24.9425,-5252.6255,-28084.4473,21.4416,-5084.4038,-27976.4141,-731.8236,779.3447,0.0001,-0.0001,3.1416,0.7852,3.1415,1
-4703.1636,-28634.3926,24.9425,-5252.6255,-28084.4473,21.4417,-5091.5322,-27977.2383,-737.4872,783.2056,-0.0005,0.0014,3.1415,0.7852,3.1415,1
-4703.1636,-28634.3926,24.9425,-5252.6255,-28084.4473,21.4416,-5090.1875,-27972.4648,-724.4222,771.5142,0.0010,0.0009,3.1416,0.7852,3.1415,1
-4703.1636,-28634.3926,24.9425,-5252.6255,-28084.4473,21.4417,-5087.8257,-27974.9004,-728.2574,775.3748,0.0004,0.0004,3.1415,0.7852,3.1415,1
-4703.1636,-28634.3926,24.9425,-5252.6255,-28084.4473,21.4416,-5084.5620,-27977.4746,-731.8975,779.2358,-0.0001,-0.0001,3.1416,0.7852,3.1415,1
-4703.1636,-28634.3926,24.9425,-5252.6255,-28084.4473,21.4417,-5091.6909,-27978.3027,-737.5581,783.0966,-0.0007,0.0014,3.1415,0.7852,3.1415,1
-4703.1636,-28634.3926,24.9425,-5252.6255,-28084.4473,21.4416,-5090.3428,-27973.5137,-724.4999,771.4053,0.0008,0.0009,3.1416,0.7852,3.1415,1
-4703.1636,-28634.3926,24.9425,-5252.6260,-28084.4473,21.4417,-5087.9829,-27975.9551,-728.3325,775.2658,0.0002,0.0004,3.1415,0.7852,3.1415,1
-4703.1636,-28634.3926,24.9425,-5252.6260,-28084.4473,21.4416,-5090.1704,-27980.1035,-728.9860,774.8657,-0.0007,0.0008,3.1416,0.7852,3.1415,1
-4703.1636,-28634.3926,24.9425,-5252.6260,-28084.4473,21.4417,-5091.8506,-27979.3672,-737.6274,782.9875,-0.0009,0.0014,3.1415,0.7852,3.1415,1
-4703.1636,-28634.3926,24.9425,-5252.6260,-28084.4473,21.4416,-5090.4985,-27974.5625,-724.5763,771.2963,0.0005,0.0009,3.1416,0.7852,3.1415,1
-4703.1636,-28634.3926,24.9425,-5252.6260,-28084.4473,21.4417,-5089.7007,-27981.1543,-730.7574,776.5399,-0.0010,0.0007,3.1415,0.7852,3.1415,1
-4703.1636,-28634.3926,24.9425,-5252.6260,-28084.4473,21.4416,-5084.8804,-27979.5918,-732.0406,779.0178,-0.0006,-0.0001,3.1416,0.7852,3.1415,1
-4703.1636,-28634.3926,24.9425,-5252.6260,-28084.4453,21.4417,-5090.6489,-27970.8301,-736.0284,782.8786,0.0009,0.0014,3.1415,0.7852,3.1415,1
-4703.1636,-28634.3926,24.9425,-5252.6260,-28084.4473,21.4416,-5090.6543,-27975.6094,-724.6511,771.1873,0.0003,0.0009,3.1416,0.7852,3.1415,1
-4703.1636,-28634.3926,24.9425,-5252.6260,-28084.4453,21.4417,-5088.2979,-27978.0605,-728.4781,775.0479,-0.0002,0.0004,3.1415,0.7852,3.1415,1
-4703.1636,-28634.3926,24.9425,-5252.6260,-28084.4453,21.4416,-5085.0396,-27980.6484,-732.1100,778.9089,-0.0008,-0.0001,3.1416,0.7852,3.1415,1
-4703.1636,-28634.3926,24.9425,-5252.6260,-28084.4453,21.4417,-5090.8057,-27971.8945,-736.1082,782.7696,0.0007,0.0014,3.1415,0.7852,3.1415,1
-4703.1636,-28634.3926,24.9425,-5252.6260,-28084.4453,21.4416,-5090.8105,-27976.6562,-724.7245,771.0783,0.0001,0.0009,3.1416,0.7852,3.1415,1
-4703.1636,-28634.3926,24.9425,-5252.6265,-28084.4453,21.4417,-5088.4561,-27979.1133,-728.5488,774.9389,-0.0005,0.0004,3.1415,0.7852,3.1415,1
-4703.1636,-28634.3926,24.9425,-5252.6265,-28084.4453,21.4416,-5083.8477,-27972.1582,-730.5123,778.7999,0.0010,-0.0001,3.1416,0.7852,3.1415,1
-4703.1636,-28634.3926,24.9425,-5252.6265,-28084.4453,21.4417,-5090.9634,-27972.9570,-736.1864,782.6606,0.0004,0.0014,3.1415,0.7852,3.1415,1
-4703.1636,-28634.3926,24.9425,-5252.6265,-28084.4453,21.4416,-5090.9673,-27977.7051,-724.7964,770.9694,-0.0001,0.0009,3.1416,0.7852,3.1415,1
-4703.1636,-28634.3926,24.9425,-5252.6265,-28084.4453,21.4417,-5088.6138,-27980.1680,-728.6179,774.8299,-0.0007,0.0004,3.1415,0.7852,3.1415,1
-4703.1636,-28634.3926,24.9425,-5252.6265,-28084.4453,21.4416,-5084.0049,-27973.2168,-730.5920,778.6910,0.0008,-0.0001,3.1416,0.7852,3.1415,1
-4703.1636,-28634.3926,24.9425,-5252.6265,-28084.4453,21.4417,-5091.1211,-27974.0215,-736.2632,782.5517,0.0002,0.0014,3.1415,0.7852,3.1415,1
-4703.1636,-28634.3926,24.9425,-5252.6265,-28084.4453,21.4416,-5086.2285,-27975.9570,-727.6822,775.0119,0.0003,0.0001,3.1416,0.7852,3.1415,1
-4703.1636,-28634.3926,24.9425,-5252.6265,-28084.4453,21.4417,-5088.7720,-27981.2207,-728.6857,774.7209,-0.0009,0.0004,3.1415,0.7852,3.1415,1
-4703.1636,-28634.3926,24.9425,-5252.6265,-28084.4453,21.4416,-5084.1621,-27974.2754,-730.6702,778.5820,0.0006,-0.0001,3.1416,0.7852,3.1415,1
-4703.1636,-28634.3926,24.9425,-5252.6265,-28084.4453,21.4417,-5091.2788,-27975.0859,-736.3386,782.4427,0.0000,0.0014,3.1415,0.7852,3.1415,1
-4703.1636,-28634.3926,24.9425,-5252.6265,-28084.4453,21.4416,-5091.2808,-27979.8008,-724.9360,770.7514,-0.0005,0.0009,3.1416,0.7852,3.1415,1
-4703.1636,-28634.3926,24.9425,-5252.6265,-28084.4453,21.4417,-5087.5845,-27972.7754,-727.1014,774.6120,0.0009,0.0004,3.1415,0.7852,3.1415,1
-4703.1636,-28634.3926,24.9425,-5252.6265,-28084.4453,21.4416,-5084.3198,-27975.3340,-730.7469,778.4730,0.0003,-0.0001,3.1416,0.7852,3.1415,1
-4703.1636,-28634.3926,24.9425,-5252.6270,-28084.4453,21.4417,-5091.4370,-27976.1484,-736.4125,782.3338,-0.0002,0.0014,3.1415,0.7852,3.1415,1
-4703.1636,-28634.3926,24.9425,-5252.6270,-28084.4453,21.4416,-5091.4385,-27980.8496,-725.0036,770.6425,-0.0008,0.0009,3.1416,0.7852,3.1415,1
-4703.1636,-28634.3926,24.9425,-5252.6270,-28084.4453,21.4417,-5085.8960,-27973.7500,-731.0108,778.6118,0.0006,0.0002,3.1415,0.7852,3.1415,1
-4703.1636,-28634.3926,24.9425,-5252.6270,-28084.4453,21.4416,-5084.4780,-27976.3926,-730.8222,778.3641,0.0001,-0.0001,3.1416,0.7852,3.1415,1
-4703.1636,-28634.3926,24.9425,-5252.6270,-28084.4453,21.4417,-5091.5957,-27977.2129,-736.4848,782.2248,-0.0004,0.0014,3.1415,0.7852,3.1415,1
-4703.1636,-28634.3926,24.9425,-5252.6270,-28084.4453,21.4416,-5091.5957,-27981.8965,-725.0698,770.5335,-0.0010,0.0009,3.1416,0.7852,3.1415,1
-4703.1636,-28634.3926,24.9425,-5252.6270,-28084.4453,21.4417,-5087.8975,-27974.8809,-727.2559,774.3940,0.0005,0.0004,3.1415,0.7852,3.1415,1
-4703.1636,-28634.3926,24.9425,-5252.6270,-28084.4453,21.4416,-5084.6362,-27977.4492,-730.8960,778.2551,-0.0001,-0.0001,3.1416,0.7852,3.1415,1
-4703.1636,-28634.3926,24.9425,-5252.6270,-28084.4453,21.4417,-5091.7539,-27978.2754,-736.5557,782.1158,-0.0006,0.0014,3.1415,0.7852,3.1415,1
-4703.1636,-28634.3926,24.9425,-5252.6270,-28084.4453,21.4416,-5090.4136,-27973.4980,-723.4985,770.4245,0.0008,0.0009,3.1416,0.7852,3.1415,1
-4703.1636,-28634.3926,24.9425,-5252.6270,-28084.4453,21.4417,-5088.0542,-27975.9336,-727.3309,774.2850,0.0002,0.0004,3.1415,0.7852,3.1415,1
-4703.1636,-28634.3926,24.9425,-5252.6270,-28084.4453,21.4416,-5087.7563,-27973.6250,-724.3837,771.8270,0.0008,0.0004,3.1416,0.7852,3.1415,1
-4703.1636,-28634.3926,24.9425,-5252.6274,-28084.4453,21.4417,-5091.9136,-27979.3379,-736.6252,782.0069,-0.0009,0.0014,3.1415,0.7852,3.1415,1
-4703.1636,-28634.3926,24.9425,-5252.6274,-28084.4453,21.4416,-5090.5693,-27974.5449,-723.5749,770.3156,0.0006,0.0009,3.1416,0.7852,3.1415,1
-4703.1636,-28634.3926,24.9425,-5252.6274,-28084.4453,21.4417,-5088.2119,-27976.9863,-727.4045,774.1761,0.0000,0.0004,3.1415,0.7852,3.1415,1
-4703.1636,-28634.3926,24.9425,-5252.6274,-28084.4453,21.4416,-5084.9541,-27979.5645,-731.0392,778.0372,-0.0005,-0.0001,3.1416,0.7852,3.1415,1
-4703.1636,-28634.3926,24.9425,-5252.6274,-28084.4453,21.4417,-5090.7144,-27970.8145,-735.0261,781.8979,0.0009,0.0014,3.1415,0.7852,3.1415,1
-4703.1636,-28634.3926,24.9425,-5252.6274,-28084.4453,21.4416,-5090.7251,-27975.5918,-723.6498,770.2066,0.0004,0.0009,3.1416,0.7852,3.1415,1
-4703.1636,-28634.3926,24.9425,-5252.6274,-28084.4453,21.4417,-5088.3691,-27978.0391,-727.4767,774.0671,-0.0002,0.0004,3.1415,0.7852,3.1415,1
-4703.1636,-28634.3926,24.9425,-5252.6274,-28084.4453,21.4416,-5085.1138,-27980.6230,-731.1087,777.9282,-0.0007,-0.0001,3.1416,0.7852,3.1415,1
-4703.1636,-28634.3926,24.9425,-5252.6274,-28084.4453,21.4417,-5090.8711,-27971.8770,-735.1058,781.7889,0.0007,0.0014,3.1415,0.7852,3.1415,1
-4703.1636,-28634.3926,24.9425,-5252.6274,-28084.4453,21.4416,-5090.8809,-27976.6387,-723.7233,770.0977,0.0001,0.0009,3.1416,0.7852,3.1415,1
-4703.1636,-28634.3926,24.9425,-5252.6274,-28084.4453,21.4417,-5088.5269,-27979.0898,-727.5474,773.9582,-0.0004,0.0004,3.1415,0.7852,3.1415,1
-4703.1636,-28634.3926,24.9425,-5252.6274,-28084.4453,21.4416,-5085.2729,-27981.6797,-731.1767,777.8193,-0.0010,-0.0001,3.1416,0.7852,3.1415,1
-4703.1636,-28634.3926,24.9425,-5252.6274,-28084.4453,21.4417,-5091.0278,-27972.9395,-735.1841,781.6799,0.0005,0.0014,3.1415,0.7852,3.1415,1
-4703.1636,-28634.3926,24.9425,-5252.6279,-28084.4453,21.4416,-5091.0371,-27977.6855,-723.7952,769.9886,-0.0001,0.0009,3.1416,0.7852,3.1415,1
-4703.1636,-28634.3926,24.9425,-5252.6279,-28084.4453,21.4417,-5083.4312,-27975.8848,-732.9142,780.6838,0.0002,-0.0003,3.1415,0.7852,3.1415,1
-4703.1636,-28634.3926,24.9425,-5252.6279,-28084.4453,21.4416,-5090.4458,-27973.5078,-736.1198,782.6254,0.0003,0.0014,3.1416,0.7852,3.1415,1
-4703.1636,-28634.3926,24.9425,-5252.6279,-28084.4453,21.4417,-5087.9634,-27972.5273,-732.3248,779.6155,0.0007,0.0007,3.1415,0.7852,3.1415,1
-4703.1636,-28634.3926,24.9425,-5252.6279,-28084.4453,21.4416,-5091.1938,-27978.7324,-723.8657,769.8796,-0.0003,0.0009,3.1416,0.7852,3.1415,1
-4703.1636,-28634.3926,24.9425,-5252.6279,-28084.4453,21.4417,-5088.8433,-27981.1953,-727.6844,773.7402,-0.0008,0.0004,3.1415,0.7852,3.1415,1
-4703.1636,-28634.3926,24.9425,-5252.6279,-28084.4453,21.4416,-5084.2378,-27974.2578,-729.6687,777.6012,0.0006,-0.0001,3.1416,0.7852,3.1415,1
-4703.1636,-28634.3926,24.9425,-5252.6279,-28084.4453,21.4417,-5091.3433,-27975.0645,-735.3363,781.4621,0.0000,0.0014,3.1415,0.7852,3.1415,1
-4703.1636,-28634.3926,24.9425,-5252.6279,-28084.4453,21.4416,-5088.0820,-27977.6660,-738.9924,785.3231,-0.0005,0.0009,3.1416,0.7852,3.1415,1
-4703.1636,-28634.3926,24.9425,-5252.6279,-28084.4453,21.4417,-5087.6577,-27972.7617,-726.1001,773.6313,0.0009,0.0004,3.1415,0.7852,3.1415,1
-4703.1636,-28634.3926,24.9425,-5252.6279,-28084.4453,21.4416,-5084.3950,-27975.3145,-729.7455,777.4923,0.0004,-0.0001,3.1416,0.7852,3.1415,1
-4703.1636,-28634.3926,24.9425,-5252.6279,-28084.4453,21.4417,-5091.5010,-27976.1270,-735.4102,781.3531,-0.0002,0.0014,3.1415,0.7852,3.1415,1
-4703.1636,-28634.3926,24.9425,-5252.6279,-28084.4453,21.4416,-5092.5693,-27975.5410,-725.8038,771.9119,0.0002,0.0013,3.1416,0.7852,3.1415,1
-4703.1636,-28634.3926,24.9425,-5252.6284,-28084.4453,21.4417,-5087.8140,-27973.8125,-726.1780,773.5223,0.0007,0.0004,3.1415,0.7852,3.1415,1
-4703.1636,-28634.3926,24.9425,-5252.6284,-28084.4453,21.4416,-5084.5532,-27976.3711,-729.8209,777.3834,0.0002,-0.0001,3.1416,0.7852,3.1415,1
-4703.1636,-28634.3926,24.9425,-5252.6284,-28084.4453,21.4417,-5091.6597,-27977.1895,-735.4825,781.2441,-0.0004,0.0014,3.1415,0.7852,3.1415,1
-4703.1636,-28634.3926,24.9425,-5252.6284,-28084.4453,21.4416,-5088.4019,-27979.8008,-739.1332,785.1052,-0.0009,0.0009,3.1416,0.7852,3.1415,1
-4703.1636,-28634.3926,24.9425,-5252.6284,-28084.4434,21.4417,-5087.9702,-27974.8613,-726.2545,773.4133,0.0005,0.0004,3.1415,0.7852,3.1415,1
-4703.1636,-28634.3926,24.9425,-5252.6284,-28084.4453,21.4416,-5084.7114,-27977.4277,-729.8947,777.2744,-0.0001,-0.0001,3.1416,0.7852,3.1415,1
-4703.1636,-28634.3926,24.9425,-5252.6284,-28084.4434,21.4417,-5091.8179,-27978.2480,-735.5535,781.1351,-0.0006,0.0014,3.1415,0.7852,3.1415,1
-4703.1636,-28634.3926,24.9425,-5252.6284,-28084.4434,21.4416,-5087.1973,-27971.2402,-737.5322,784.9962,0.0008,0.0009,3.1416,0.7852,3.1415,1
-4703.1636,-28634.3926,24.9425,-5252.6284,-28084.4434,21.4417,-5088.1265,-27975.9121,-726.3296,773.3044,0.0003,0.0004,3.1415,0.7852,3.1415,1
-4703.1636,-28634.3926,24.9425,-5252.6284,-28084.4434,21.4416,-5086.5181,-27980.8789,-728.8941,775.4492,-0.0008,0.0001,3.1416,0.7852,3.1415,1
-4703.1636,-28634.3926,24.9425,-5252.6284,-28084.4434,21.4417,-5091.9766,-27979.3105,-735.6229,781.0261,-0.0008,0.0014,3.1415,0.7852,3.1415,1
-4703.1636,-28634.3926,24.9425,-5252.6284,-28084.4434,21.4416,-5087.3550,-27972.3066,-737.6121,784.8871,0.0006,0.0009,3.1416,0.7852,3.1415,1
-4703.1636,-28634.3926,24.9425,-5252.6289,-28084.4434,21.4417,-5090.4702,-27976.3594,-736.6710,782.7557,-0.0002,0.0012,3.1415,0.7852,3.1415,1
-4703.1636,-28634.3926,24.9425,-5252.6289,-28084.4434,21.4416,-5085.0288,-27979.5391,-730.0379,777.0564,-0.0005,-0.0001,3.1416,0.7852,3.1415,1
-4703.1636,-28634.3926,24.9425,-5252.6289,-28084.4434,21.4417,-5090.7798,-27970.7988,-734.0237,780.9172,0.0010,0.0014,3.1415,0.7852,3.1415,1
-4703.1636,-28634.3926,24.9425,-5252.6289,-28084.4434,21.4416,-5087.5137,-27973.3730,-737.6908,784.7783,0.0004,0.0009,3.1416,0.7852,3.1415,1
-4703.1636,-28634.3926,24.9425,-5252.6289,-28084.4434,21.4417,-5088.4409,-27978.0156,-726.4753,773.0864,-0.0002,0.0004,3.1415,0.7852,3.1415,1
-4703.1636,-28634.3926,24.9425,-5252.6289,-28084.4434,21.4416,-5085.1875,-27980.5957,-730.1074,776.9475,-0.0007,-0.0001,3.1416,0.7852,3.1415,1
-4703.1636,-28634.3926,24.9425,-5252.6289,-28084.4434,21.4417,-5090.9360,-27971.8594,-734.1036,780.8083,0.0007,0.0014,3.1415,0.7852,3.1415,1
-4703.1636,-28634.3926,24.9425,-5252.6289,-28084.4434,21.4416,-5087.6719,-27974.4395,-737.7678,784.6693,0.0002,0.0009,3.1416,0.7852,3.1415,1
-4703.1636,-28634.3926,24.9425,-5252.6289,-28084.4434,21.4417,-5088.5981,-27979.0664,-726.5460,772.9775,-0.0004,0.0004,3.1415,0.7852,3.1415,1
-4703.1636,-28634.3926,24.9425,-5252.6289,-28084.4434,21.4416,-5085.3467,-27981.6504,-730.1754,776.8385,-0.0009,-0.0001,3.1416,0.7852,3.1415,1
-4703.1636,-28634.3926,24.9425,-5252.6289,-28084.4434,21.4417,-5091.0928,-27972.9199,-734.1823,780.6997,0.0005,0.0014,3.1415,0.7852,3.1415,1
-4703.1636,-28634.3926,24.9425,-5252.6289,-28084.4434,21.4416,-5087.8306,-27975.5059,-737.8434,784.5604,-0.0000,0.0009,3.1416,0.7852,3.1415,1
-4703.1636,-28634.3926,24.9425,-5252.6289,-28084.4434,21.4417,-5088.7559,-27980.1172,-726.6157,772.8690,-0.0006,0.0004,3.1415,0.7852,3.1415,1
-4703.1636,-28634.3926,24.9425,-5252.6289,-28084.4434,21.4416,-5084.1558,-27973.1816,-728.5892,776.7295,0.0009,-0.0001,3.1416,0.7852,3.1415,1
-4703.1636,-28634.3926,24.9425,-5252.6294,-28084.4434,21.4417,-5091.2505,-27973.9805,-734.2591,780.5908,0.0003,0.0014,3.1415,0.7852,3.1415,1
-4703.1636,-28634.3926,24.9425,-5252.6294,-28084.4434,21.4416,-5087.9897,-27976.5723,-737.9175,784.4514,-0.0003,0.0009,3.1416,0.7852,3.1415,1
-4703.1636,-28634.3926,24.9425,-5252.6294,-28084.4434,21.4417,-5088.9146,-27981.1680,-726.6835,772.7599,-0.0008,0.0004,3.1415,0.7852,3.1415,1
-4703.1636,-28634.3926,24.9425,-5252.6294,-28084.4434,21.4416,-5084.3135,-27974.2383,-728.6675,776.6205,0.0006,-0.0002,3.1416,0.7852,3.1415,1
-4703.1636,-28634.3926,24.9425,-5252.6294,-28084.4434,21.4417,-5091.4082,-27975.0430,-734.3345,780.4818,0.0001,0.0013,3.1415,0.7852,3.1415,1
-4703.1636,-28634.3926,24.9425,-5252.6294,-28084.4434,21.4416,-5088.1494,-27977.6387,-737.9901,784.3423,-0.0005,0.0008,3.1416,0.7852,3.1415,1
-4703.1636,-28634.3926,24.9425,-5252.6294,-28084.4434,21.4417,-5087.7310,-27972.7441,-725.0992,772.6510,0.0010,0.0003,3.1415,0.7852,3.1415,1
-4703.1636,-28634.3926,24.9425,-5252.6294,-28084.4434,21.4416,-5084.4707,-27975.2930,-728.7443,776.5116,0.0004,-0.0002,3.1416,0.7852,3.1415,1
-4703.1636,-28634.3926,24.9425,-5252.6294,-28084.4434,21.4417,-5091.5654,-27976.1035,-734.4084,780.3728,-0.0001,0.0013,3.1415,0.7852,3.1415,1
-4703.1636,-28634.3926,24.9425,-5252.6294,-28084.4434,21.4416,-5088.3086,-27978.7051,-738.0614,784.2335,-0.0007,0.0008,3.1416,0.7852,3.1415,1
-4703.1636,-28634.3926,24.9425,-5252.6294,-28084.4434,21.4417,-5088.0078,-27978.5137,-738.5826,784.8276,-0.0007,0.0007,3.1415,0.7852,3.1415,1
-4703.1636,-28634.3926,24.9425,-5252.6294,-28084.4434,21.4416,-5084.6284,-27976.3496,-728.8196,776.4026,0.0002,-0.0002,3.1416,0.7852,3.1415,1
-4703.1636,-28634.3926,24.9425,-5252.6299,-28084.4434,21.4417,-5091.7241,-27977.1641,-734.4809,780.2639,-0.0004,0.0013,3.1415,0.7852,3.1415,1
-4703.1636,-28634.3926,24.9425,-5252.6299,-28084.4434,21.4416,-5087.7891,-27976.7559,-723.4847,770.5081,0.0002,0.0002,3.1416,0.7852,3.1415,1
-4703.1636,-28634.3926,24.9425,-5252.6299,-28084.4434,21.4417,-5088.0430,-27974.8438,-725.2537,772.4331,0.0005,0.0003,3.1415,0.7852,3.1415,1
-4703.1636,-28634.3926,24.9425,-5252.6299,-28084.4434,21.4416,-5084.7866,-27977.4043,-728.8934,776.2936,-0.0000,-0.0002,3.1416,0.7852,3.1415,1
-4703.1636,-28634.3926,24.9425,-5252.6299,-28084.4434,21.4417,-5091.8823,-27978.2246,-734.5518,780.1549,-0.0006,0.0013,3.1415,0.7852,3.1415,1
-4703.1636,-28634.3926,24.9425,-5252.6299,-28084.4434,21.4416,-5087.2661,-27971.2246,-736.5299,784.0154,0.0009,0.0008,3.1416,0.7852,3.1415,1
-4703.1636,-28634.3926,24.9425,-5252.6299,-28084.4434,21.4417,-5088.1992,-27975.8945,-725.3287,772.3241,0.0003,0.0003,3.1415,0.7852,3.1415,1
-4703.1636,-28634.3926,24.9425,-5252.6299,-28084.4434,21.4416,-5084.9448,-27978.4590,-728.9659,776.1847,-0.0002,-0.0002,3.1416,0.7852,3.1415,1
-4703.1636,-28634.3926,24.9425,-5252.6299,-28084.4434,21.4417,-5092.0405,-27979.2852,-734.6213,780.0459,-0.0008,0.0013,3.1415,0.7852,3.1415,1
-4703.1636,-28634.3926,24.9425,-5252.6299,-28084.4434,21.4416,-5087.4238,-27972.2891,-736.6100,783.9065,0.0007,0.0008,3.1416,0.7852,3.1415,1
-4703.1636,-28634.3926,24.9425,-5252.6299,-28084.4434,21.4417,-5088.3560,-27976.9453,-725.4024,772.2151,0.0001,0.0003,3.1415,0.7852,3.1415,1
-4703.1636,-28634.3926,24.9425,-5252.6299,-28084.4434,21.4416,-5085.1030,-27979.5156,-729.0368,776.0757,-0.0005,-0.0002,3.1416,0.7852,3.1415,1
-4703.1636,-28634.3926,24.9425,-5252.6299,-28084.4434,21.4417,-5090.8452,-27970.7832,-733.0220,779.9370,0.0010,0.0013,3.1415,0.7852,3.1415,1
-4703.1636,-28634.3926,24.9425,-5252.6299,-28084.4434,21.4416,-5087.5815,-27973.3535,-736.6885,783.7975,0.0004,0.0008,3.1416,0.7852,3.1415,1
-4703.1636,-28634.3926,24.9425,-5252.6304,-28084.4434,21.4417,-5088.5132,-27977.9941,-725.4745,772.1061,-0.0001,0.0003,3.1415,0.7852,3.1415,1
-4703.1636,-28634.3926,24.9425,-5252.6304,-28084.4434,21.4416,-5085.2622,-27980.5703,-729.1062,775.9667,-0.0007,-0.0002,3.1416,0.7852,3.1415,1
-4703.1636,-28634.3926,24.9425,-5252.6304,-28084.4434,21.4417,-5091.0020,-27971.8438,-733.1017,779.8279,0.0008,0.0013,3.1415,0.7852,3.1415,1
-4703.1636,-28634.3926,24.9425,-5252.6304,-28084.4434,21.4416,-5087.7402,-27974.4199,-736.7655,783.6885,0.0002,0.0008,3.1416,0.7852,3.1415,1
-4703.1636,-28634.3926,24.9425,-5252.6304,-28084.4434,21.4417,-5088.6704,-27979.0449,-725.5453,771.9972,-0.0003,0.0003,3.1415,0.7852,3.1415,1
-4703.1636,-28634.3926,24.9425,-5252.6304,-28084.4434,21.4416,-5085.4214,-27981.6250,-729.1742,775.8577,-0.0009,-0.0002,3.1416,0.7852,3.1415,1
-4703.1636,-28634.3926,24.9425,-5252.6304,-28084.4434,21.4417,-5091.1582,-27972.9023,-733.1801,779.7191,0.0006,0.0013,3.1415,0.7852,3.1415,1
-4703.1636,-28634.3926,24.9425,-5252.6304,-28084.4434,21.4416,-5087.8984,-27975.4844,-736.8412,783.5797,-0.0000,0.0008,3.1416,0.7852,3.1415,1
-4703.1636,-28634.3926,24.9425,-5252.6304,-28084.4434,21.4417,-5087.5098,-27973.2734,-723.7793,771.3472,0.0009,0.0002,3.1415,0.7852,3.1415,1
-4703.1636,-28634.3926,24.9425,-5252.6304,-28084.4434,21.4416,-5084.2324,-27973.1680,-727.5881,775.7488,0.0009,-0.0002,3.1416,0.7852,3.1415,1
-4703.1636,-28634.3926,24.9425,-5252.6304,-28084.4434,21.4417,-5091.3154,-27973.9629,-733.2570,779.6100,0.0003,0.0013,3.1415,0.7852,3.1415,1
-4703.1636,-28634.3926,24.9425,-5252.6304,-28084.4434,21.4416,-5088.0571,-27976.5488,-736.9153,783.4706,-0.0002,0.0008,3.1416,0.7852,3.1415,1
-4703.1636,-28634.3926,24.9425,-5252.6309,-28084.4434,21.4417,-5088.9858,-27981.1426,-725.6824,771.7793,-0.0008,0.0003,3.1415,0.7852,3.1415,1
-4703.1636,-28634.3926,24.9425,-5252.6309,-28084.4434,21.4416,-5084.3896,-27974.2207,-727.6663,775.6399,0.0007,-0.0002,3.1416,0.7852,3.1415,1
-4703.1636,-28634.3926,24.9425,-5252.6309,-28084.4434,21.4417,-5091.4727,-27975.0234,-733.3323,779.5010,0.0001,0.0013,3.1415,0.7852,3.1415,1
-4703.1636,-28634.3926,24.9425,-5252.6309,-28084.4434,21.4416,-5088.2168,-27977.6152,-736.9880,783.3617,-0.0004,0.0008,3.1416,0.7852,3.1415,1
-4703.1636,-28634.3926,24.9425,-5252.6309,-28084.4414,21.4417,-5089.1440,-27982.1895,-725.7487,771.6703,-0.0010,0.0003,3.1415,0.7852,3.1415,1
-4703.1636,-28634.3926,24.9425,-5252.6309,-28084.4434,21.4416,-5084.5469,-27975.2754,-727.7430,775.5308,0.0005,-0.0002,3.1416,0.7852,3.1415,1
-4703.1636,-28634.3926,24.9425,-5252.6309,-28084.4414,21.4417,-5091.6304,-27976.0801,-733.4062,779.3922,-0.0001,0.0013,3.1415,0.7852,3.1415,1
-4703.1636,-28634.3926,24.9425,-5252.6309,-28084.4414,21.4416,-5088.3760,-27978.6777,-737.0591,783.2527,-0.0007,0.0008,3.1416,0.7852,3.1415,1
-4703.1636,-28634.3926,24.9425,-5252.6309,-28084.4414,21.4417,-5087.9600,-27973.7773,-724.1758,771.5613,0.0008,0.0003,3.1415,0.7852,3.1415,1
-4703.1636,-28634.3926,24.9425,-5252.6309,-28084.4414,21.4416,-5084.7041,-27976.3281,-727.8184,775.4219,0.0002,-0.0002,3.1416,0.7852,3.1415,1
-4703.1636,-28634.3926,24.9425,-5252.6309,-28084.4414,21.4417,-5091.7881,-27977.1387,-733.4786,779.2831,-0.0003,0.0013,3.1415,0.7852,3.1415,1
-4703.1636,-28634.3926,24.9425,-5252.6309,-28084.4414,21.4416,-5088.5352,-27979.7422,-737.1288,783.1437,-0.0009,0.0008,3.1416,0.7852,3.1415,1
-4703.1636,-28634.3926,24.9425,-5252.6313,-28084.4414,21.4417,-5088.1162,-27974.8262,-724.2524,771.4523,0.0006,0.0003,3.1415,0.7852,3.1415,1
-4703.1636,-28634.3926,24.9425,-5252.6313,-28084.4414,21.4416,-5084.8623,-27977.3809,-727.8922,775.3129,0.0000,-0.0002,3.1416,0.7852,3.1415,1
-4703.1636,-28634.3926,24.9425,-5252.6313,-28084.4414,21.4417,-5091.9463,-27978.1992,-733.5497,779.1742,-0.0005,0.0013,3.1415,0.7852,3.1415,1
-4703.1636,-28634.3926,24.9425,-5252.6313,-28084.4414,21.4416,-5087.3354,-27971.2051,-735.5278,783.0348,0.0009,0.0008,3.1416,0.7852,3.1415,1
-4703.1636,-28634.3926,24.9425,-5252.6313,-28084.4414,21.4417,-5091.1606,-27977.0332,-734.4251,780.3447,-0.0003,0.0012,3.1415,0.7852,3.1415,1
-4703.1636,-28634.3926,24.9425,-5252.6313,-28084.4414,21.4416,-5092.2954,-27980.0020,-730.6338,776.0322,-0.0008,0.0013,3.1416,0.7852,3.1415,1
-4703.1636,-28634.3926,24.9425,-5252.6313,-28084.4414,21.4417,-5092.9673,-27973.3750,-725.3723,771.7205,0.0007,0.0014,3.1415,0.7852,3.1415,1
-4703.1636,-28634.3926,24.9425,-5252.6313,-28084.4414,21.4416,-5087.4927,-27972.2695,-735.6078,782.9258,0.0007,0.0008,3.1416,0.7852,3.1415,1
-4703.1636,-28634.3926,24.9425,-5252.6313,-28084.4414,21.4417,-5085.0630,-27975.3789,-725.6877,773.4191,0.0005,-0.0003,3.1415,0.7852,3.1415,1
-4703.1636,-28634.3926,24.9425,-5252.6313,-28084.4414,21.4416,-5085.1797,-27979.4883,-728.0358,775.0950,-0.0004,-0.0002,3.1416,0.7852,3.1415,1
-4703.1636,-28634.3926,24.9425,-5252.6313,-28084.4414,21.4417,-5092.2637,-27980.3184,-733.6873,778.9562,-0.0010,0.0013,3.1415,0.7852,3.1415,1
-4703.1636,-28634.3926,24.9425,-5252.6313,-28084.4414,21.4416,-5087.6514,-27973.3340,-735.6865,782.8168,0.0005,0.0008,3.1416,0.7852,3.1415,1
-4703.1636,-28634.3926,24.9425,-5252.6313,-28084.4414,21.4417,-5088.5854,-27977.9727,-724.4734,771.1254,-0.0001,0.0003,3.1415,0.7852,3.1415,1
-4703.1636,-28634.3926,24.9425,-5252.6313,-28084.4414,21.4416,-5085.3369,-27980.5430,-728.1052,774.9860,-0.0006,-0.0002,3.1416,0.7852,3.1415,1
-4703.1636,-28634.3926,24.9425,-5252.6318,-28084.4414,21.4417,-5091.0679,-27971.8262,-732.0996,778.8472,0.0008,0.0013,3.1415,0.7852,3.1415,1
-4703.1636,-28634.3926,24.9425,-5252.6318,-28084.4414,21.4416,-5087.8086,-27974.3965,-735.7635,782.7079,0.0003,0.0008,3.1416,0.7852,3.1415,1
-4703.1636,-28634.3926,24.9425,-5252.6318,-28084.4414,21.4417,-5088.7427,-27979.0195,-724.5442,771.0165,-0.0003,0.0003,3.1415,0.7852,3.1415,1
-4703.1636,-28634.3926,24.9425,-5252.6318,-28084.4414,21.4416,-5085.4961,-27981.5957,-728.1732,774.8771,-0.0009,-0.0002,3.1416,0.7852,3.1415,1
-4703.1636,-28634.3926,24.9425,-5252.6318,-28084.4414,21.4417,-5091.2246,-27972.8848,-732.1779,778.7383,0.0006,0.0013,3.1415,0.7852,3.1415,1
-4703.1636,-28634.3926,24.9425,-5252.6318,-28084.4414,21.4416,-5087.9678,-27975.4609,-735.8393,782.5989,0.0000,0.0008,3.1416,0.7852,3.1415,1
-4703.1636,-28634.3926,24.9425,-5252.6318,-28084.4414,21.4417,-5088.8999,-27980.0684,-724.6135,770.9075,-0.0005,0.0003,3.1415,0.7852,3.1415,1
-4703.1636,-28634.3926,24.9425,-5252.6318,-28084.4414,21.4416,-5084.3105,-27973.1484,-726.5870,774.7681,0.0009,-0.0002,3.1416,0.7852,3.1415,1
-4703.1636,-28634.3926,24.9425,-5252.6318,-28084.4414,21.4417,-5091.3809,-27973.9434,-732.2548,778.6293,0.0004,0.0013,3.1415,0.7852,3.1415,1
-4703.1636,-28634.3926,24.9425,-5252.6318,-28084.4414,21.4416,-5088.1265,-27976.5254,-735.9135,782.4899,-0.0002,0.0008,3.1416,0.7852,3.1415,1
-4703.1636,-28634.3926,24.9425,-5252.6318,-28084.4414,21.4417,-5089.0576,-27981.1172,-724.6813,770.7986,-0.0007,0.0003,3.1415,0.7852,3.1415,1
-4703.1636,-28634.3926,24.9425,-5252.6318,-28084.4414,21.4416,-5084.4668,-27974.2031,-726.6653,774.6591,0.0007,-0.0002,3.1416,0.7852,3.1415,1
-4703.1636,-28634.3926,24.9425,-5252.6323,-28084.4414,21.4417,-5091.5386,-27975.0020,-732.3303,778.5204,0.0002,0.0013,3.1415,0.7852,3.1415,1
-4703.1636,-28634.3926,24.9425,-5252.6323,-28084.4414,21.4416,-5088.2856,-27977.5879,-735.9861,782.3810,-0.0004,0.0008,3.1416,0.7852,3.1415,1
-4703.1636,-28634.3926,24.9425,-5252.6323,-28084.4414,21.4417,-5089.2158,-27982.1641,-724.7477,770.6896,-0.0010,0.0003,3.1415,0.7852,3.1415,1
-4703.1636,-28634.3926,24.9425,-5252.6323,-28084.4414,21.4416,-5084.6240,-27975.2559,-726.7421,774.5502,0.0005,-0.0002,3.1416,0.7852,3.1415,1
-4703.1636,-28634.3926,24.9425,-5252.6323,-28084.4414,21.4417,-5091.6958,-27976.0586,-732.4042,778.4114,-0.0001,0.0013,3.1415,0.7852,3.1415,1
-4703.1636,-28634.3926,24.9425,-5252.6323,-28084.4414,21.4416,-5088.4448,-27978.6523,-736.0573,782.2720,-0.0006,0.0008,3.1416,0.7852,3.1415,1
-4703.1636,-28634.3926,24.9425,-5252.6323,-28084.4414,21.4417,-5092.0322,-27975.8438,-729.4291,775.4910,0.0001,0.0013,3.1415,0.7852,3.1415,1
-4703.1636,-28634.3926,24.9425,-5252.6323,-28084.4414,21.4416,-5093.6753,-27980.2109,-728.6521,773.7985,-0.0008,0.0015,3.1416,0.7852,3.1415,1
-4703.1636,-28634.3926,24.9425,-5252.6323,-28084.4414,21.4417,-5091.8530,-27977.1172,-732.4766,778.3024,-0.0003,0.0013,3.1415,0.7852,3.1415,1
-4703.1636,-28634.3926,24.9425,-5252.6323,-28084.4414,21.4416,-5088.6040,-27979.7148,-736.1271,782.1630,-0.0008,0.0008,3.1416,0.7852,3.1415,1
-4703.1636,-28634.3926,24.9425,-5252.6323,-28084.4414,21.4417,-5088.1895,-27974.8105,-723.2513,770.4716,0.0006,0.0003,3.1415,0.7852,3.1415,1
-4703.1636,-28634.3926,24.9425,-5252.6323,-28084.4414,21.4416,-5084.9390,-27977.3594,-726.8913,774.3322,0.0001,-0.0002,3.1416,0.7852,3.1415,1
-4703.1636,-28634.3926,24.9425,-5252.6323,-28084.4414,21.4417,-5092.0107,-27978.1758,-732.5476,778.1935,-0.0005,0.0013,3.1415,0.7852,3.1415,1
-4703.1636,-28634.3926,24.9425,-5252.6323,-28084.4414,21.4416,-5087.4053,-27971.1895,-734.5258,782.0540,0.0009,0.0008,3.1416,0.7852,3.1415,1
-4703.1636,-28634.3926,24.9425,-5252.6328,-28084.4414,21.4417,-5088.3457,-27975.8574,-723.3264,770.3627,0.0004,0.0003,3.1415,0.7852,3.1415,1
-4703.1636,-28634.3926,24.9425,-5252.6328,-28084.4414,21.4416,-5085.0972,-27978.4121,-726.9637,774.2232,-0.0002,-0.0002,3.1416,0.7852,3.1415,1
-4703.1636,-28634.3926,24.9425,-5252.6328,-28084.4414,21.4417,-5092.1694,-27979.2344,-732.6172,778.0845,-0.0007,0.0013,3.1415,0.7852,3.1415,1
-4703.1636,-28634.3926,24.9425,-5252.6328,-28084.4414,21.4416,-5087.5630,-27972.2520,-734.6058,781.9451,0.0007,0.0008,3.1416,0.7852,3.1415,1
-4703.1636,-28634.3926,24.9425,-5252.6328,-28084.4414,21.4417,-5088.5020,-27976.9043,-723.4001,770.2537,0.0002,0.0003,3.1415,0.7852,3.1415,1
-4703.1636,-28634.3926,24.9425,-5252.6328,-28084.4414,21.4416,-5085.2549,-27979.4648,-727.0348,774.1143,-0.0004,-0.0002,3.1416,0.7852,3.1415,1
-4703.1636,-28634.3926,24.9425,-5252.6328,-28084.4414,21.4417,-5092.3276,-27980.2910,-732.6852,777.9755,-0.0009,0.0013,3.1415,0.7852,3.1415,1
-4703.1636,-28634.3926,24.9425,-5252.6328,-28084.4414,21.4416,-5087.7202,-27973.3145,-734.6846,781.8362,0.0005,0.0008,3.1416,0.7852,3.1415,1
-4703.1636,-28634.3926,24.9425,-5252.6328,-28084.4414,21.4417,-5088.6592,-27977.9512,-723.4725,770.1447,-0.0000,0.0003,3.1415,0.7852,3.1415,1
-4703.1636,-28634.3926,24.9425,-5252.6328,-28084.4414,21.4416,-5085.4131,-27980.5176,-727.1042,774.0053,-0.0006,-0.0002,3.1416,0.7852,3.1415,1
-4703.1636,-28634.3926,24.9425,-5252.6328,-28084.4414,21.4417,-5091.1348,-27971.8105,-731.0977,777.8666,0.0008,0.0013,3.1415,0.7852,3.1415,1
-4703.1636,-28634.3926,24.9425,-5252.6328,-28084.4414,21.4416,-5087.8779,-27974.3770,-734.7616,781.7272,0.0003,0.0008,3.1416,0.7852,3.1415,1
-4703.1636,-28634.3926,24.9425,-5252.6333,-28084.4414,21.4417,-5088.8164,-27978.9980,-723.5433,770.0358,-0.0003,0.0003,3.1415,0.7852,3.1415,1
-4703.1636,-28634.3926,24.9425,-5252.6333,-28084.4414,21.4416,-5085.5723,-27981.5703,-727.1723,773.8963,-0.0008,-0.0002,3.1416,0.7852,3.1415,1
-4703.1636,-28634.3926,24.9425,-5252.6333,-28084.4414,21.4417,-5091.2920,-27972.8672,-731.1761,777.7576,0.0006,0.0013,3.1415,0.7852,3.1415,1
-4703.1636,-28634.3926,24.9425,-5252.6333,-28084.4414,21.4416,-5088.0366,-27975.4395,-734.8373,781.6182,0.0001,0.0008,3.1416,0.7852,3.1415,1
-4703.1636,-28634.3926,24.9425,-5252.6333,-28084.4395,21.4417,-5089.5884,-27977.9707,-731.3456,777.5630,-0.0003,0.0008,3.1415,0.7852,3.1415,1
-4703.1636,-28634.3926,24.9425,-5252.6333,-28084.4414,21.4416,-5084.3877,-27973.1348,-725.5859,773.7874,0.0010,-0.0002,3.1416,0.7852,3.1415,1
-4703.1636,-28634.3926,24.9425,-5252.6333,-28084.4395,21.4417,-5091.4482,-27973.9238,-731.2529,777.6486,0.0004,0.0013,3.1415,0.7852,3.1415,1
-4703.1636,-28634.3926,24.9425,-5252.6333,-28084.4395,21.4416,-5088.1948,-27976.5000,-734.9114,781.5092,-0.0001,0.0008,3.1416,0.7852,3.1415,1
-4703.1636,-28634.3926,24.9425,-5252.6333,-28084.4395,21.4417,-5085.8179,-27979.0039,-738.7321,785.3702,-0.0007,0.0003,3.1415,0.7852,3.1415,1
-4703.1636,-28634.3926,24.9425,-5252.6333,-28084.4395,21.4416,-5084.5439,-27974.1836,-725.6642,773.6784,0.0007,-0.0002,3.1416,0.7852,3.1415,1
-4703.1636,-28634.3926,24.9425,-5252.6333,-28084.4395,21.4417,-5091.6050,-27974.9805,-731.3284,777.5397,0.0002,0.0013,3.1415,0.7852,3.1415,1
-4703.1636,-28634.3926,24.9425,-5252.6333,-28084.4395,21.4416,-5088.3535,-27977.5625,-734.9842,781.4003,-0.0004,0.0008,3.1416,0.7852,3.1415,1
-4703.1636,-28634.3926,24.9425,-5252.6333,-28084.4395,21.4417,-5085.9785,-27980.0723,-738.8021,785.2614,-0.0009,0.0003,3.1415,0.7852,3.1415,1
-4703.1636,-28634.3926,24.9425,-5252.6338,-28084.4395,21.4416,-5084.7012,-27975.2344,-725.7411,773.5695,0.0005,-0.0002,3.1416,0.7852,3.1415,1
-4703.1636,-28634.3926,24.9425,-5252.6338,-28084.4395,21.4417,-5091.7627,-27976.0371,-731.4023,777.4307,-0.0000,0.0013,3.1415,0.7852,3.1415,1
-4703.1636,-28634.3926,24.9425,-5252.6338,-28084.4395,21.4416,-5088.5127,-27978.6250,-735.0554,781.2913,-0.0006,0.0008,3.1416,0.7852,3.1415,1
-4703.1636,-28634.3926,24.9425,-5252.6338,-28084.4395,21.4417,-5084.7744,-27971.5117,-737.1994,785.1524,0.0009,0.0003,3.1415,0.7852,3.1415,1
-4703.1636,-28634.3926,24.9425,-5252.6338,-28084.4395,21.4416,-5084.8579,-27976.2871,-725.8164,773.4604,0.0003,-0.0002,3.1416,0.7852,3.1415,1
-4703.1636,-28634.3926,24.9425,-5252.6338,-28084.4395,21.4417,-5091.9199,-27977.0938,-731.4749,777.3217,-0.0002,0.0013,3.1415,0.7852,3.1415,1
-4703.1636,-28634.3926,24.9425,-5252.6338,-28084.4395,21.4416,-5088.6719,-27979.6875,-735.1252,781.1823,-0.0008,0.0008,3.1416,0.7852,3.1415,1
-4703.1636,-28634.3926,24.9425,-5252.6338,-28084.4395,21.4417,-5084.9326,-27972.5781,-737.2795,785.0433,0.0006,0.0003,3.1415,0.7852,3.1415,1
-4703.1636,-28634.3926,24.9425,-5252.6338,-28084.4395,21.4416,-5085.0151,-27977.3379,-725.8903,773.3515,0.0001,-0.0002,3.1416,0.7852,3.1415,1
-4703.1636,-28634.3926,24.9425,-5252.6338,-28084.4395,21.4417,-5092.0771,-27978.1504,-731.5459,777.2128,-0.0005,0.0013,3.1415,0.7852,3.1415,1
-4703.1636,-28634.3926,24.9425,-5252.6338,-28084.4395,21.4416,-5087.4751,-27971.1719,-733.5238,781.0733,0.0010,0.0008,3.1416,0.7852,3.1415,1
-4703.1636,-28634.3926,24.9425,-5252.6338,-28084.4395,21.4417,-5085.0908,-27973.6445,-737.3584,784.9344,0.0004,0.0003,3.1415,0.7852,3.1415,1
-4703.1636,-28634.3926,24.9425,-5252.6338,-28084.4395,21.4416,-5085.1724,-27978.3887,-725.9627,773.2425,-0.0001,-0.0002,3.1416,0.7852,3.1415,1
-4703.1636,-28634.3926,24.9425,-5252.6343,-28084.4395,21.4417,-5092.2358,-27979.2070,-731.6154,777.1038,-0.0007,0.0013,3.1415,0.7852,3.1415,1
-4703.1636,-28634.3926,24.9425,-5252.6343,-28084.4395,21.4416,-5087.6323,-27972.2344,-733.6039,780.9644,0.0008,0.0008,3.1416,0.7852,3.1415,1
-4703.1636,-28634.3926,24.9425,-5252.6343,-28084.4395,21.4417,-5087.1372,-27980.1113,-733.2495,779.6349,-0.0008,0.0003,3.1415,0.7852,3.1415,1
-4703.1636,-28634.3926,24.9425,-5252.6343,-28084.4395,21.4416,-5085.3306,-27979.4414,-726.0337,773.1335,-0.0003,-0.0002,3.1416,0.7852,3.1415,1
-4703.1636,-28634.3926,24.9425,-5252.6343,-28084.4395,21.4417,-5092.3936,-27980.2637,-731.6836,776.9948,-0.0009,0.0013,3.1415,0.7852,3.1415,1
-4703.1636,-28634.3926,24.9425,-5252.6343,-28084.4395,21.4416,-5087.7896,-27973.2949,-733.6826,780.8555,0.0005,0.0008,3.1416,0.7852,3.1415,1
-4703.1636,-28634.3926,24.9425,-5252.6343,-28084.4395,21.4417,-5085.4087,-27975.7793,-737.5115,784.7165,-0.0000,0.0003,3.1415,0.7852,3.1415,1
-4703.1636,-28634.3926,24.9425,-5252.6343,-28084.4395,21.4416,-5085.4888,-27980.4922,-726.1033,773.0246,-0.0006,-0.0002,3.1416,0.7852,3.1415,1
-4703.1636,-28634.3926,24.9425,-5252.6343,-28084.4395,21.4417,-5091.2017,-27971.7949,-730.0958,776.8859,0.0009,0.0013,3.1415,0.7852,3.1415,1
-4703.1636,-28634.3926,24.9425,-5252.6343,-28084.4395,21.4416,-5087.9473,-27974.3555,-733.7596,780.7465,0.0003,0.0008,3.1416,0.7852,3.1415,1
-4703.1636,-28634.3926,24.9425,-5252.6343,-28084.4395,21.4417,-5085.5679,-27976.8457,-737.5859,784.6075,-0.0002,0.0003,3.1415,0.7852,3.1415,1
-4703.1636,-28634.3926,24.9425,-5252.6343,-28084.4395,21.4416,-5085.6470,-27981.5430,-726.1714,772.9156,-0.0008,-0.0002,3.1416,0.7852,3.1415,1
-4703.1636,-28634.3926,24.9425,-5252.6348,-28084.4395,21.4417,-5091.3584,-27972.8496,-730.1741,776.7769,0.0007,0.0013,3.1415,0.7852,3.1415,1
-4703.1636,-28634.3926,24.9425,-5252.6348,-28084.4395,21.4416,-5088.1055,-27975.4180,-733.8353,780.6375,0.0001,0.0008,3.1416,0.7852,3.1415,1
-4703.1636,-28634.3926,24.9425,-5252.6348,-28084.4395,21.4417,-5085.7280,-27977.9121,-737.6586,784.4985,-0.0004,0.0003,3.1415,0.7852,3.1415,1
-4703.1636,-28634.3926,24.9425,-5252.6348,-28084.4395,21.4416,-5085.8062,-27982.5938,-726.2380,772.8066,-0.0010,-0.0002,3.1416,0.7852,3.1415,1
-4703.1636,-28634.3926,24.9425,-5252.6348,-28084.4395,21.4417,-5091.5146,-27973.9062,-730.2510,776.6679,0.0004,0.0013,3.1415,0.7852,3.1415,1
-4703.1636,-28634.3926,24.9425,-5252.6348,-28084.4395,21.4416,-5088.2637,-27976.4785,-733.9095,780.5285,-0.0001,0.0008,3.1416,0.7852,3.1415,1
-4703.1636,-28634.3926,24.9425,-5252.6348,-28084.4395,21.4417,-5085.8877,-27978.9785,-737.7300,784.3895,-0.0007,0.0003,3.1415,0.7852,3.1415,1
-4703.1636,-28634.3926,24.9425,-5252.6348,-28084.4395,21.4416,-5084.6211,-27974.1680,-724.6631,772.6976,0.0008,-0.0002,3.1416,0.7852,3.1415,1
-4703.1636,-28634.3926,24.9425,-5252.6348,-28084.4395,21.4417,-5091.6709,-27974.9609,-730.3264,776.5589,0.0002,0.0013,3.1415,0.7852,3.1415,1
-4703.1636,-28634.3926,24.9425,-5252.6348,-28084.4395,21.4416,-5088.4219,-27977.5391,-733.9821,780.4195,-0.0003,0.0008,3.1416,0.7852,3.1415,1
-4703.1636,-28634.3926,24.9425,-5252.6348,-28084.4395,21.4417,-5086.0479,-27980.0449,-737.8000,784.2806,-0.0009,0.0003,3.1415,0.7852,3.1415,1
-4703.1636,-28634.3926,24.9425,-5252.6348,-28084.4395,21.4416,-5084.7773,-27975.2188,-724.7400,772.5887,0.0006,-0.0002,3.1416,0.7852,3.1415,1
-4703.1636,-28634.3926,24.9425,-5252.6348,-28084.4395,21.4417,-5091.8276,-27976.0176,-730.4005,776.4500,0.0000,0.0012,3.1415,0.7852,3.1415,1
-4703.1636,-28634.3926,24.9425,-5252.6348,-28084.4395,21.4416,-5088.5801,-27978.5996,-734.0535,780.3106,-0.0005,0.0007,3.1416,0.7852,3.1415,1
-4703.1636,-28634.3926,24.9425,-5252.6353,-28084.4395,21.4417,-5083.3174,-27972.6816,-733.4800,781.7069,0.0008,-0.0002,3.1415,0.7852,3.1415,1
-4703.1636,-28634.3926,24.9425,-5252.6353,-28084.4395,21.4416,-5084.9351,-27976.2676,-724.8154,772.4797,0.0003,-0.0003,3.1416,0.7852,3.1415,1
-4703.1636,-28634.3926,24.9425,-5252.6353,-28084.4395,21.4417,-5091.9858,-27977.0723,-730.4730,776.3410,-0.0002,0.0012,3.1415,0.7852,3.1415,1
-4703.1636,-28634.3926,24.9425,-5252.6353,-28084.4395,21.4416,-5088.7397,-27979.6602,-734.1233,780.2016,-0.0008,0.0007,3.1416,0.7852,3.1415,1
-4703.1636,-28634.3926,24.9425,-5252.6353,-28084.4395,21.4417,-5085.0039,-27972.5605,-736.2776,784.0627,0.0007,0.0002,3.1415,0.7852,3.1415,1
-4703.1636,-28634.3926,24.9425,-5252.6353,-28084.4395,21.4416,-5085.0918,-27977.3184,-724.8894,772.3708,0.0001,-0.0003,3.1416,0.7852,3.1415,1
-4703.1636,-28634.3926,24.9425,-5252.6353,-28084.4395,21.4417,-5092.1431,-27978.1289,-730.5440,776.2320,-0.0004,0.0012,3.1415,0.7852,3.1415,1
-4703.1636,-28634.3926,24.9425,-5252.6353,-28084.4395,21.4416,-5088.8989,-27980.7207,-734.1917,780.0927,-0.0010,0.0007,3.1416,0.7852,3.1415,1
-4703.1636,-28634.3926,24.9425,-5252.6353,-28084.4395,21.4417,-5085.1621,-27973.6250,-736.3564,783.9537,0.0005,0.0002,3.1415,0.7852,3.1415,1
-4703.1636,-28634.3926,24.9425,-5252.6353,-28084.4395,21.4416,-5085.2490,-27978.3672,-724.9618,772.2618,-0.0001,-0.0003,3.1416,0.7852,3.1415,1
-4703.1636,-28634.3926,24.9425,-5252.6353,-28084.4395,21.4417,-5092.3008,-27979.1836,-730.6136,776.1230,-0.0006,0.0012,3.1415,0.7852,3.1415,1
-4703.1636,-28634.3926,24.9425,-5252.6353,-28084.4395,21.4416,-5087.7021,-27972.2168,-732.6020,779.9837,0.0008,0.0007,3.1416,0.7852,3.1415,1
-4703.1636,-28634.3926,24.9425,-5252.6357,-28084.4395,21.4417,-5085.3213,-27974.6914,-736.4337,783.8447,0.0002,0.0002,3.1415,0.7852,3.1415,1
-4703.1636,-28634.3926,24.9425,-5252.6357,-28084.4395,21.4416,-5085.4072,-27979.4180,-725.0328,772.1528,-0.0003,-0.0003,3.1416,0.7852,3.1415,1
-4703.1636,-28634.3926,24.9425,-5252.6357,-28084.4375,21.4417,-5092.4590,-27980.2363,-730.6818,776.0141,-0.0009,0.0012,3.1415,0.7852,3.1415,1
-4703.1636,-28634.3926,24.9425,-5252.6357,-28084.4395,21.4416,-5087.8594,-27973.2773,-732.6805,779.8746,0.0006,0.0007,3.1416,0.7852,3.1415,1
-4703.1636,-28634.3926,24.9425,-5252.6357,-28084.4375,21.4417,-5085.4800,-27975.7539,-736.5095,783.7358,0.0000,0.0002,3.1415,0.7852,3.1415,1
-4703.1636,-28634.3926,24.9425,-5252.6357,-28084.4375,21.4416,-5085.5649,-27980.4668,-725.1024,772.0438,-0.0005,-0.0003,3.1416,0.7852,3.1415,1
-4703.1636,-28634.3926,24.9425,-5252.6357,-28084.4375,21.4417,-5082.9155,-27973.1719,-736.6198,784.7565,0.0006,-0.0002,3.1415,0.7852,3.1415,1
-4703.1636,-28634.3926,24.9425,-5252.6357,-28084.4375,21.4416,-5088.0166,-27974.3359,-732.7578,779.7658,0.0004,0.0007,3.1416,0.7852,3.1415,1
-4703.1636,-28634.3926,24.9425,-5252.6357,-28084.4375,21.4417,-5086.1465,-27979.0371,-729.2605,776.1325,-0.0004,-0.0000,3.1415,0.7852,3.1415,1
-4703.1636,-28634.3926,24.9425,-5252.6357,-28084.4375,21.4416,-5085.7231,-27981.5156,-725.1705,771.9349,-0.0007,-0.0003,3.1416,0.7852,3.1415,1
-4703.1636,-28634.3926,24.9425,-5252.6357,-28084.4375,21.4417,-5091.4248,-27972.8320,-729.1722,775.7961,0.0007,0.0012,3.1415,0.7852,3.1415,1
-4703.1636,-28634.3926,24.9425,-5252.6357,-28084.4375,21.4416,-5088.1743,-27975.3945,-732.8334,779.6568,0.0001,0.0007,3.1416,0.7852,3.1415,1
-4703.1636,-28634.3926,24.9425,-5252.6357,-28084.4375,21.4417,-5085.9268,-27973.0078,-732.9442,780.5800,0.0007,0.0003,3.1415,0.7852,3.1415,1
-4703.1636,-28634.3926,24.9425,-5252.6362,-28084.4375,21.4416,-5085.8818,-27982.5645,-725.2372,771.8259,-0.0010,-0.0003,3.1416,0.7852,3.1415,1
-4703.1636,-28634.3926,24.9425,-5252.6362,-28084.4375,21.4417,-5091.5815,-27973.8867,-729.2491,775.6872,0.0005,0.0012,3.1415,0.7852,3.1415,1
-4703.1636,-28634.3926,24.9425,-5252.6362,-28084.4375,21.4416,-5088.3325,-27976.4551,-732.9076,779.5478,-0.0001,0.0007,3.1416,0.7852,3.1415,1
-4703.1636,-28634.3926,24.9425,-5252.6362,-28084.4375,21.4417,-5085.9580,-27978.9492,-736.7282,783.4089,-0.0006,0.0002,3.1415,0.7852,3.1415,1
-4703.1636,-28634.3926,24.9425,-5252.6362,-28084.4375,21.4416,-5084.6987,-27974.1504,-723.6623,771.7169,0.0008,-0.0003,3.1416,0.7852,3.1415,1
-4703.1636,-28634.3926,24.9425,-5252.6362,-28084.4375,21.4417,-5091.7378,-27974.9414,-729.3246,775.5782,0.0003,0.0012,3.1415,0.7852,3.1415,1
-4703.1636,-28634.3926,24.9425,-5252.6362,-28084.4375,21.4416,-5088.4907,-27977.5137,-732.9803,779.4388,-0.0003,0.0007,3.1416,0.7852,3.1415,1
-4703.1636,-28634.3926,24.9425,-5252.6362,-28084.4375,21.4417,-5086.1182,-27980.0137,-736.7980,783.2999,-0.0008,0.0002,3.1415,0.7852,3.1415,1
-4703.1636,-28634.3926,24.9425,-5252.6362,-28084.4375,21.4416,-5084.8550,-27975.1992,-723.7391,771.6080,0.0006,-0.0003,3.1416,0.7852,3.1415,1
-4703.1636,-28634.3926,24.9425,-5252.6362,-28084.4375,21.4417,-5091.8945,-27975.9961,-729.3986,775.4692,0.0000,0.0012,3.1415,0.7852,3.1415,1
-4703.1636,-28634.3926,24.9425,-5252.6362,-28084.4375,21.4416,-5088.6489,-27978.5742,-733.0516,779.3298,-0.0005,0.0007,3.1416,0.7852,3.1415,1
-4703.1636,-28634.3926,24.9425,-5252.6362,-28084.4375,21.4417,-5084.9175,-27971.4766,-735.1952,783.1909,0.0009,0.0002,3.1415,0.7852,3.1415,1
-4703.1636,-28634.3926,24.9425,-5252.6362,-28084.4375,21.4416,-5085.0112,-27976.2480,-723.8145,771.4990,0.0004,-0.0003,3.1416,0.7852,3.1415,1
-4703.1636,-28634.3926,24.9425,-5252.6367,-28084.4375,21.4417,-5092.0518,-27977.0488,-729.4711,775.3602,-0.0002,0.0012,3.1415,0.7852,3.1415,1
-4703.1636,-28634.3926,24.9425,-5252.6367,-28084.4375,21.4416,-5088.8081,-27979.6328,-733.1214,779.2208,-0.0007,0.0007,3.1416,0.7852,3.1415,1
-4703.1636,-28634.3926,24.9425,-5252.6367,-28084.4375,21.4417,-5085.0757,-27972.5410,-735.2756,783.0820,0.0007,0.0002,3.1415,0.7852,3.1415,1
