0.0000,0.0000,0.0000,0.0000,0.0000,0.0000,0.0000,0.0000,0.0000,0.0000,0.0000,0.0000,0.0000,0.0000,0.0000,0
0.0000,0.0000,0.0000,0.0000,0.0000,0.0000,0.0000,0.0000,0.0000,0.0000,0.0000,0.0000,0.0000,0.0000,0.0000,0
0.0000,0.0000,0.0000,0.0000,0.0000,0.0000,0.0000,0.0000,0.0000,0.0000,0.0000,0.0000,0.0000,0.0000,0.0000,0
0.0000,0.0000,0.0000,0.0000,0.0000,0.0000,0.0000,0.0000,0.0000,0.0000,0.0000,0.0000,0.0000,0.0000,0.0000,0
0.0000,0.0000,0.0000,0.0000,0.0000,0.0000,0.0000,0.0000,0.0000,0.0000,0.0000,0.0000,0.0000,0.0000,0.0000,0
0.0000,0.0000,0.0000,-5252.6138,-28084.4629,21.8767,0.0000,0.0000,0.0000,0.0000,0.0000,0.0000,3.1416,0.7854,3.1416,0
-4703.1636,-28634.3926,24.9425,-5252.6138,-28084.4629,21.8749,0.0000,0.0000,0.0000,0.0000,0.0000,0.0000,3.1416,0.7854,3.1416,0
-4703.1636,-28634.3926,24.9425,-5252.6138,-28084.4629,21.8702,0.0000,0.0000,0.0000,0.0000,0.0000,0.0000,3.1416,0.7854,3.1416,0
-4703.1636,-28634.3926,24.9425,-5252.6138,-28084.4629,21.8628,0.0000,0.0000,0.0000,0.0000,0.0000,0.0000,3.1416,0.7854,3.1416,0
-4703.1636,-28634.3926,24.9425,-5252.6138,-28084.4629,21.8527,0.0000,0.0000,0.0000,0.0000,0.0000,0.0000,3.1416,0.7854,3.1416,0
-4703.1636,-28634.3926,24.9425,-5252.6138,-28084.4629,21.8398,0.0000,0.0000,0.0000,784.9329,-0.0008,0.0004,3.1416,0.7854,3.1416,0
-4703.1636,-28634.3926,24.9425,-5252.6138,-28084.4629,21.8241,-4708.0645,-28633.4336,21.8142,773.2415,0.0006,-0.0001,3.1416,0.7854,3.1416,1
-4703.1636,-28634.3926,24.9425,-5252.6138,-28084.4629,21.8057,-4703.4473,-28634.2422,29.1141,777.1024,0.0001,0.0014,3.1416,0.7854,3.1416,1
-4703.1636,-28634.3926,24.9425,-5252.6138,-28084.4629,21.7846,-4698.7852,-28635.0605,26.6700,780.9628,-0.0005,0.0009,3.1416,0.7854,3.1416,1
-4703.1636,-28634.3926,24.9425,-5252.6138,-28084.4629,21.7607,-4701.0884,-28642.8223,24.2676,784.8240,0.0010,0.0004,3.1416,0.7854,3.1416,1
-4703.1636,-28634.3926,24.9425,-5252.6138,-28084.4629,21.7340,-4707.3896,-28632.6094,21.7792,773.1326,0.0004,-0.0001,3.1416,0.7854,3.1416,1
-4703.1636,-28634.3926,24.9425,-5252.6138,-28084.4629,21.7047,-4702.7720,-28633.4121,29.0674,776.9935,-0.0001,0.0014,3.1416,0.7854,3.1416,1
-4703.1636,-28634.3926,24.9425,-5252.6138,-28084.4629,21.6726,-4698.1089,-28634.2246,26.6129,780.8539,-0.0007,0.0009,3.1416,0.7854,-3.1416,1
-4703.1636,-28634.3926,24.9425,-5252.6138,-28084.4629,21.6378,-4700.4004,-28641.9883,24.2444,784.7152,0.0008,0.0004,3.1416,0.7854,-3.1416,1
-4703.1636,-28634.3926,24.9425,-5252.6138,-28084.4629,21.6003,-4698.4146,-28639.9531,20.6314,784.6715,0.0002,-0.0003,3.1416,0.7854,-3.1416,1
-4703.1636,-28634.3926,24.9425,-5252.6138,-28084.4629,21.5601,-4702.0981,-28632.5820,29.0207,776.8847,-0.0003,0.0014,3.1416,0.7854,-3.1416,1
-4703.1636,-28634.3926,24.9425,-5252.6138,-28084.4629,21.5172,-4697.4336,-28633.3867,26.5562,780.7451,-0.0009,0.0009,3.1416,0.7854,-3.1416,1
-4703.1636,-28634.3926,24.9425,-5252.6138,-28084.4629,21.4715,-4699.7139,-28641.1523,24.2217,784.6067,0.0005,0.0005,3.1416,0.7854,-3.1416,1
-4703.1636,-28634.3926,24.9425,-5252.6089,-28084.4590,21.4342,-4706.0303,-28630.9473,21.7473,772.9152,-0.0000,-0.0000,3.1388,0.7854,3.1377,1
-4703.1636,-28634.3926,24.9425,-5252.6064,-28084.4590,21.4316,-4701.4150,-28631.7520,28.3591,776.7761,-0.0006,0.0015,3.1401,0.7854,3.1383,1
-4703.1636,-28634.3926,24.9425,-5252.6099,-28084.4609,21.4390,-4703.7808,-28639.5781,26.8814,780.6365,0.0009,0.0010,3.1409,0.7852,3.1411,1
-4703.1636,-28634.3926,24.9425,-5252.6123,-28084.4609,21.4454,-4698.9531,-28640.2402,24.5575,784.4973,0.0003,0.0004,3.1414,0.7852,-3.1409,1
-4703.1636,-28634.3926,24.9425,-5252.6133,-28084.4629,21.4487,-4705.3135,-28630.0742,22.0723,772.8058,-0.0003,-0.0001,-3.1412,0.7852,-3.1401,1
-4703.1636,-28634.3926,24.9425,-5252.6138,-28084.4629,21.4491,-4700.7231,-28630.8828,29.2826,776.6668,-0.0008,0.0014,-3.1407,0.7851,-3.1396,1
-4703.1636,-28634.3926,24.9425,-5252.6133,-28084.4648,21.4473,-4702.9883,-28638.6426,26.6314,780.5273,0.0006,0.0009,-3.1405,0.7851,-3.1397,1
-4703.1636,-28634.3926,24.9425,-5252.6113,-28084.4629,21.4440,-4698.3301,-28639.4688,24.0268,784.3876,0.0001,0.0004,-3.1411,0.7851,-3.1409,1
-4703.1636,-28634.3926,24.9425,-5252.6099,-28084.4609,21.4419,-4704.6880,-28629.2930,21.7554,772.6962,-0.0005,-0.0001,3.1408,0.7851,3.1408,1
-4703.1636,-28634.3926,24.9425,-5252.6104,-28084.4629,21.4418,-4706.9653,-28636.9688,28.9661,776.5571,0.0009,0.0014,3.1414,0.7851,3.1414,1
-4703.1636,-28634.3926,24.9425,-5252.6108,-28084.4629,21.4412,-4702.0088,-28637.7754,25.3916,780.5955,0.0003,0.0007,-3.1412,0.7851,-3.1412,1
-4703.1636,-28634.3926,24.9425,-5252.6104,-28084.4629,21.4416,-4697.6392,-28638.6230,24.2118,784.2772,-0.0002,0.0005,-3.1413,0.7851,-3.1414,1
-4703.1636,-28634.3926,24.9425,-5252.6104,-28084.4629,21.4421,-4704.0078,-28628.4512,21.9701,772.5858,-0.0007,-0.0000,3.1413,0.7851,3.1413,1
-4703.1636,-28634.3926,24.9425,-5252.6104,-28084.4629,21.4416,-4706.2676,-28636.1211,29.2155,776.4467,0.0007,0.0015,3.1414,0.7851,3.1414,1
-4703.1636,-28634.3926,24.9425,-5252.6104,-28084.4629,21.4417,-4701.6084,-28636.9590,26.7657,780.3071,0.0002,0.0010,3.1415,0.7851,3.1415,1
-4703.1636,-28634.3926,24.9425,-5252.6104,-28084.4629,21.4415,-4696.9409,-28637.7676,24.2242,784.1684,-0.0004,0.0005,3.1416,0.7851,3.1415,1
-4703.1636,-28634.3926,24.9425,-5252.6104,-28084.4629,21.4412,-4703.3252,-28627.6074,21.7413,772.4769,-0.0009,-0.0000,-3.1415,0.7851,-3.1415,1
-4703.1636,-28634.3926,24.9425,-5252.6104,-28084.4629,21.4411,-4705.5840,-28635.2910,29.0705,776.3378,0.0005,0.0015,3.1415,0.7851,3.1414,1
-4703.1636,-28634.3926,24.9425,-5252.6104,-28084.4629,21.4404,-4700.9180,-28636.1172,26.5812,780.1983,-0.0000,0.0010,-3.1414,0.7851,-3.1415,1
-4703.1636,-28634.3926,24.9425,-5252.6104,-28084.4629,21.4407,-4696.2441,-28636.9121,24.2683,784.0591,-0.0006,0.0005,3.1415,0.7852,3.1414,1
-4703.1636,-28634.3926,24.9425,-5252.6108,-28084.4629,21.4397,-4706.4351,-28628.8770,28.0635,771.1893,-0.0003,0.0013,-3.1413,0.7852,-3.1413,1
-4703.1636,-28634.3926,24.9425,-5252.6104,-28084.4629,21.4409,-4704.8784,-28634.4355,29.0473,776.2286,0.0003,0.0015,-3.1414,0.7852,-3.1414,1
-4703.1636,-28634.3926,24.9425,-5252.6104,-28084.4609,21.4412,-4700.2192,-28635.2598,26.7800,780.0891,-0.0003,0.0010,3.1415,0.7852,3.1415,1
-4703.1636,-28634.3926,24.9425,-5252.6104,-28084.4609,21.4415,-4695.5508,-28636.0566,24.1038,783.9506,-0.0008,0.0004,3.1415,0.7852,3.1415,1
-4703.1636,-28634.3926,24.9425,-5252.6104,-28084.4609,21.4416,-4708.8140,-28632.7949,21.6306,772.2592,0.0006,-0.0001,3.1415,0.7852,3.1415,1
-4703.1636,-28634.3926,24.9425,-5252.6104,-28084.4609,21.4418,-4704.2007,-28633.6055,28.9950,776.1201,0.0001,0.0014,3.1415,0.7852,3.1415,1
-4703.1636,-28634.3926,24.9425,-5252.6104,-28084.4609,21.4413,-4699.5366,-28634.4219,26.5936,779.9806,-0.0005,0.0009,3.1415,0.7852,3.1415,1
-4703.1636,-28634.3926,24.9425,-5252.6104,-28084.4629,21.4407,-4701.8271,-28642.1738,24.0413,783.8413,0.0010,0.0004,-3.1413,0.7852,-3.1413,1
-4703.1636,-28634.3926,24.9425,-5252.6099,-28084.4609,21.4412,-4708.1299,-28631.9609,21.6155,772.1499,0.0004,-0.0001,3.1416,0.7852,3.1414,1
-4703.1636,-28634.3926,24.9425,-5252.6104,-28084.4629,21.4407,-4703.5088,-28632.7617,28.9548,776.0108,-0.0001,0.0014,-3.1414,0.7852,-3.1414,1
-4703.1636,-28634.3926,24.9425,-5252.6099,-28084.4609,21.4416,-4698.8423,-28633.5684,26.5949,779.8713,-0.0007,0.0009,3.1414,0.7852,3.1414,1
-4703.1636,-28634.3926,24.9425,-5252.6099,-28084.4609,21.4416,-4701.1230,-28641.3203,24.1299,783.7321,0.0007,0.0004,3.1415,0.7852,3.1414,1
-4703.1636,-28634.3926,24.9425,-5252.6099,-28084.4609,21.4417,-4707.4414,-28631.1211,21.6355,772.0407,0.0002,-0.0001,-3.1415,0.7852,-3.1415,1
-4703.1636,-28634.3926,24.9425,-5252.6099,-28084.4609,21.4417,-4702.8306,-28631.9258,28.9503,775.9017,-0.0004,0.0014,3.1415,0.7852,3.1415,1
-4703.1636,-28634.3926,24.9425,-5252.6099,-28084.4609,21.4418,-4698.1748,-28632.7402,26.5197,779.7621,-0.0009,0.0009,-3.1415,0.7852,-3.1416,1
-4703.1636,-28634.3926,24.9425,-5252.6099,-28084.4609,21.4418,-4700.4478,-28640.4980,24.1489,783.6228,0.0005,0.0005,-3.1416,0.7852,3.1416,1
-4703.1636,-28634.3926,24.9425,-5252.6099,-28084.4609,21.4419,-4706.7798,-28630.3066,21.7363,771.9313,-0.0000,-0.0000,3.1415,0.7852,3.1415,1
-4703.1636,-28634.3926,24.9425,-5252.6104,-28084.4629,21.4418,-4702.1646,-28631.1016,28.9951,775.7922,-0.0006,0.0015,-3.1414,0.7852,-3.1414,1
-4703.1636,-28634.3926,24.9425,-5252.6099,-28084.4609,21.4421,-4704.4243,-28638.8340,26.6306,779.6527,0.0009,0.0010,3.1415,0.7852,3.1415,1
-4703.1636,-28634.3926,24.9425,-5252.6104,-28084.4609,21.4418,-4699.7681,-28639.6680,24.0954,783.5138,0.0003,0.0004,-3.1415,0.7852,-3.1415,1
-4703.1636,-28634.3926,24.9425,-5252.6099,-28084.4609,21.4420,-4706.1113,-28629.4824,21.6185,771.8224,-0.0002,-0.0001,3.1416,0.7852,3.1415,1
-4703.1636,-28634.3926,24.9425,-5252.6104,-28084.4609,21.4422,-4701.4907,-28630.2656,28.9993,775.6833,-0.0008,0.0014,-3.1416,0.7852,-3.1415,1
-4703.1636,-28634.3926,24.9425,-5252.6099,-28084.4609,21.4415,-4703.7446,-28638.0078,26.4275,779.5437,0.0006,0.0009,-3.1415,0.7852,3.1415,1
-4703.1636,-28634.3926,24.9425,-5252.6099,-28084.4609,21.4415,-4699.0947,-28638.8418,24.2160,783.4042,0.0001,0.0005,3.1415,0.7852,3.1415,1
-4703.1636,-28634.3926,24.9425,-5252.6099,-28084.4609,21.4416,-4703.5054,-28628.8867,25.8399,773.2599,-0.0007,0.0008,3.1416,0.7852,3.1416,1
-4703.1636,-28634.3926,24.9425,-5252.6099,-28084.4629,21.4417,-4701.2148,-28630.8320,22.5362,776.2452,-0.0008,0.0001,-3.1415,0.7852,-3.1415,1
-4703.1636,-28634.3926,24.9425,-5252.6099,-28084.4609,21.4417,-4703.0728,-28637.1855,26.6494,779.4341,0.0004,0.0010,-3.1416,0.7852,3.1416,1
-4703.1636,-28634.3926,24.9425,-5252.6099,-28084.4609,21.4418,-4698.4106,-28638.0039,24.1337,783.2952,-0.0001,0.0004,3.1415,0.7852,3.1415,1
-4703.1636,-28634.3926,24.9425,-5252.6099,-28084.4609,21.4416,-4704.7842,-28627.8379,21.6373,771.6038,-0.0007,-0.0001,3.1416,0.7852,3.1415,1
-4703.1636,-28634.3926,24.9425,-5252.6099,-28084.4609,21.4418,-4707.0479,-28635.5117,28.9731,775.4647,0.0008,0.0014,3.1415,0.7852,3.1415,1
-4703.1636,-28634.3926,24.9425,-5252.6099,-28084.4609,21.4416,-4702.3931,-28636.3555,26.5223,779.3251,0.0002,0.0009,3.1416,0.7852,3.1415,1
-4703.1636,-28634.3926,24.9425,-5252.6099,-28084.4609,21.4417,-4697.7310,-28637.1680,24.1249,783.1859,-0.0003,0.0004,3.1415,0.7852,3.1415,1
-4703.1636,-28634.3926,24.9425,-5252.6094,-28084.4609,21.4416,-4704.1187,-28627.0117,21.6322,771.4944,-0.0009,-0.0001,3.1416,0.7852,3.1415,1
-4703.1636,-28634.3926,24.9425,-5252.6094,-28084.4609,21.4417,-4710.7397,-28631.5293,23.7787,770.0061,0.0007,0.0004,3.1415,0.7852,3.1415,1
-4703.1636,-28634.3926,24.9425,-5252.6094,-28084.4609,21.4416,-4706.1094,-28632.3730,21.3204,773.8665,0.0002,-0.0001,3.1416,0.7852,3.1415,1
-4703.1636,-28634.3926,24.9425,-5252.6094,-28084.4609,21.4417,-4701.4878,-28633.1680,28.6775,777.7274,-0.0004,0.0014,3.1415,0.7852,3.1415,1
-4703.1636,-28634.3926,24.9425,-5252.6094,-28084.4609,21.4416,-4696.8223,-28633.9707,26.2189,781.5878,-0.0009,0.0009,3.1416,0.7852,3.1415,1
-4703.1636,-28634.3926,24.9425,-5252.6094,-28084.4609,21.4417,-4710.0679,-28630.7090,23.7661,769.8969,0.0005,0.0004,3.1415,0.7852,3.1415,1
-4703.1636,-28634.3926,24.9425,-5252.6094,-28084.4609,21.4416,-4705.4370,-28631.5469,21.3080,773.7573,-0.0000,-0.0001,3.1416,0.7852,3.1415,1
-4703.1636,-28634.3926,24.9425,-5252.6094,-28084.4609,21.4417,-4700.8145,-28632.3359,28.6632,777.6183,-0.0006,0.0014,3.1415,0.7852,3.1415,1
-4703.1636,-28634.3926,24.9425,-5252.6094,-28084.4609,21.4416,-4703.0864,-28640.0820,26.2057,781.4787,0.0008,0.0009,3.1416,0.7852,3.1415,1
-4703.1636,-28634.3926,24.9425,-5252.6094,-28084.4609,21.4417,-4698.4229,-28640.9062,23.7895,785.3397,0.0003,0.0004,3.1415,0.7852,3.1415,1
-4703.1636,-28634.3926,24.9425,-5252.6094,-28084.4609,21.4416,-4704.7651,-28630.7188,21.2953,773.6483,-0.0003,-0.0001,3.1416,0.7852,3.1415,1
-4703.1636,-28634.3926,24.9425,-5252.6094,-28084.4609,21.4417,-4700.1416,-28631.5039,28.6494,777.5092,-0.0008,0.0014,3.1415,0.7852,3.1415,1
-4703.1636,-28634.3926,24.9425,-5252.6094,-28084.4609,21.4416,-4702.4028,-28639.2520,26.1922,781.3696,0.0006,0.0009,3.1416,0.7852,3.1415,1
-4703.1636,-28634.3926,24.9425,-5252.6094,-28084.4609,21.4417,-4697.7383,-28640.0703,23.7761,785.2306,0.0001,0.0004,3.1415,0.7852,3.1415,1
-4703.1636,-28634.3926,24.9425,-5252.6094,-28084.4609,21.4416,-4704.0947,-28629.8906,21.2823,773.5392,-0.0005,-0.0001,3.1416,0.7852,3.1415,1
-4703.1636,-28634.3926,24.9425,-5252.6094,-28084.4609,21.4417,-4706.3779,-28637.5781,28.6362,777.4002,0.0010,0.0014,3.1415,0.7852,3.1415,1
-4703.1636,-28634.3926,24.9425,-5252.6094,-28084.4609,21.4416,-4701.1445,-28635.3516,25.0670,779.4889,-0.0001,0.0006,3.1416,0.7852,3.1415,1
-4703.1636,-28634.3926,24.9425,-5252.6094,-28084.4609,21.4417,-4697.0542,-28639.2324,23.7624,785.1215,-0.0001,0.0004,3.1415,0.7852,3.1415,1
-4703.1636,-28634.3926,24.9425,-5252.6094,-28084.4609,21.4416,-4703.4253,-28629.0625,21.2694,773.4301,-0.0007,-0.0001,3.1416,0.7852,3.1415,1
-4703.1636,-28634.3926,24.9425,-5252.6094,-28084.4609,21.4417,-4705.6968,-28636.7500,28.6221,777.2913,0.0007,0.0014,3.1415,0.7852,3.1415,1
-4703.1636,-28634.3926,24.9425,-5252.6094,-28084.4609,21.4416,-4701.0381,-28637.5879,26.1645,781.1517,0.0002,0.0009,3.1416,0.7852,3.1415,1
-4703.1636,-28634.3926,24.9425,-5252.6094,-28084.4609,21.4417,-4696.3721,-28638.3945,23.7489,785.0126,-0.0004,0.0004,3.1415,0.7852,3.1415,1
-4703.1636,-28634.3926,24.9425,-5252.6094,-28084.4609,21.4416,-4702.7568,-28628.2324,21.2563,773.3212,-0.0009,-0.0001,3.1416,0.7852,3.1415,1
-4703.1636,-28634.3926,24.9425,-5252.6094,-28084.4609,21.4417,-4705.0176,-28635.9238,28.6078,777.1823,0.0005,0.0014,3.1415,0.7852,3.1415,1
-4703.1636,-28634.3926,24.9425,-5252.6094,-28084.4609,21.4416,-4700.3579,-28636.7539,26.1506,781.0427,-0.0000,0.0009,3.1416,0.7852,3.1415,1
-4703.1636,-28634.3926,24.9425,-5252.6099,-28084.4609,21.4417,-4695.6914,-28637.5547,23.7353,784.9036,-0.0006,0.0004,3.1415,0.7852,3.1415,1
-4703.1636,-28634.3926,24.9425,-5252.6099,-28084.4609,21.4416,-4708.9570,-28634.2773,21.2438,773.2122,0.0009,-0.0001,3.1416,0.7852,3.1415,1
-4703.1636,-28634.3926,24.9425,-5252.6099,-28084.4609,21.4417,-4704.3398,-28635.0957,28.5938,777.0732,0.0003,0.0014,3.1415,0.7852,3.1415,1
-4703.1636,-28634.3926,24.9425,-5252.6099,-28084.4609,21.4416,-4699.6792,-28635.9199,26.1368,780.9337,-0.0002,0.0009,3.1416,0.7852,3.1415,1
-4703.1636,-28634.3926,24.9425,-5252.6099,-28084.4609,21.4417,-4695.0112,-28636.7148,23.7218,784.7946,-0.0008,0.0004,3.1415,0.7852,3.1415,1
-4703.1636,-28634.3926,24.9425,-5252.6099,-28084.4609,21.4416,-4708.2808,-28633.4551,21.2308,773.1032,0.0006,-0.0001,3.1416,0.7852,3.1415,1
-4703.1636,-28634.3926,24.9425,-5252.6099,-28084.4609,21.4417,-4703.6626,-28634.2676,28.5797,776.9643,0.0001,0.0014,3.1415,0.7852,3.1415,1
-4703.1636,-28634.3926,24.9425,-5252.6099,-28084.4609,21.4416,-4699.0015,-28635.0859,26.1230,780.8247,-0.0005,0.0009,3.1416,0.7852,3.1415,1
-4703.1636,-28634.3926,24.9425,-5252.6099,-28084.4609,21.4417,-4701.3062,-28642.8457,23.7090,784.6857,0.0010,0.0004,3.1415,0.7852,3.1415,1
-4703.1636,-28634.3926,24.9425,-5252.6099,-28084.4609,21.4416,-4707.6060,-28632.6309,21.2178,772.9943,0.0004,-0.0001,3.1416,0.7852,3.1415,1
-4703.1636,-28634.3926,24.9425,-5252.6099,-28084.4609,21.4417,-4702.9868,-28633.4375,28.5656,776.8553,-0.0001,0.0014,3.1415,0.7852,3.1415,1
-4703.1636,-28634.3926,24.9425,-5252.6099,-28084.4609,21.4416,-4698.3247,-28634.2500,26.1091,780.7158,-0.0007,0.0009,3.1416,0.7852,3.1415,1
-4703.1636,-28634.3926,24.9425,-5252.6099,-28084.4609,21.4417,-4700.6182,-28642.0117,23.6954,784.5767,0.0008,0.0004,3.1415,0.7852,3.1415,1
-4703.1636,-28634.3926,24.9425,-5252.6099,-28084.4609,21.4416,-4706.9321,-28631.8066,21.2048,772.8853,0.0002,-0.0001,3.1416,0.7852,3.1415,1
-4703.1636,-28634.3926,24.9425,-5252.6099,-28084.4609,21.4417,-4702.3125,-28632.6074,28.5514,776.7463,-0.0003,0.0014,3.1415,0.7852,3.1415,1
-4703.1636,-28634.3926,24.9425,-5252.6099,-28084.4609,21.4416,-4707.4429,-28632.3027,23.8096,772.8779,0.0004,0.0004,3.1416,0.7852,3.1415,1
-4703.1636,-28634.3926,24.9425,-5252.6099,-28084.4590,21.4417,-4699.9316,-28641.1758,23.6819,784.4677,0.0005,0.0004,3.1415,0.7852,3.1415,1
-4703.1636,-28634.3926,24.9425,-5252.6099,-28084.4590,21.4416,-4706.2598,-28630.9785,21.1920,772.7762,-0.0000,-0.0002,3.1416,0.7852,3.1415,1
-4703.1636,-28634.3926,24.9425,-5252.6104,-28084.4590,21.4417,-4701.6396,-28631.7734,28.5373,776.6375,-0.0006,0.0013,3.1415,0.7852,3.1415,1
-4703.1636,-28634.3926,24.9425,-5252.6104,-28084.4590,21.4416,-4703.9072,-28639.5137,26.0823,780.4979,0.0009,0.0008,3.1416,0.7852,3.1415,1
-4703.1636,-28634.3926,24.9425,-5252.6104,-28084.4590,21.4417,-4699.2466,-28640.3398,23.6683,784.3588,0.0003,0.0003,3.1415,0.7852,3.1415,1
-4703.1636,-28634.3926,24.9425,-5252.6104,-28084.4590,21.4416,-4704.1519,-28640.0605,27.9513,780.7271,0.0010,0.0012,3.1416,0.7852,3.1415,1
-4703.1636,-28634.3926,24.9425,-5252.6104,-28084.4590,21.4417,-4700.9673,-28630.9414,28.5232,776.5284,-0.0008,0.0013,3.1415,0.7852,3.1415,1
-4703.1636,-28634.3926,24.9425,-5252.6104,-28084.4590,21.4416,-4703.2241,-28638.6836,26.0685,780.3889,0.0007,0.0008,3.1416,0.7852,3.1415,1
-4703.1636,-28634.3926,24.9425,-5252.6104,-28084.4590,21.4417,-4698.5625,-28639.5039,23.6547,784.2498,0.0001,0.0003,3.1415,0.7852,3.1415,1
-4703.1636,-28634.3926,24.9425,-5252.6104,-28084.4590,21.4416,-4704.9194,-28629.3262,21.1660,772.5584,-0.0004,-0.0002,3.1416,0.7852,3.1415,1
-4703.1636,-28634.3926,24.9425,-5252.6104,-28084.4590,21.4417,-4707.1973,-28637.0059,28.5099,776.4195,0.0010,0.0013,3.1415,0.7852,3.1415,1
-4703.1636,-28634.3926,24.9425,-5252.6104,-28084.4590,21.4416,-4702.5420,-28637.8535,26.0547,780.2799,0.0004,0.0008,3.1416,0.7852,3.1415,1
-4703.1636,-28634.3926,24.9425,-5252.6104,-28084.4590,21.4417,-4697.8794,-28638.6680,23.6412,784.1409,-0.0001,0.0003,3.1415,0.7852,3.1415,1
-4703.1636,-28634.3926,24.9425,-5252.6104,-28084.4590,21.4416,-4704.2505,-28628.4980,21.1530,772.4494,-0.0007,-0.0002,3.1416,0.7852,3.1415,1
-4703.1636,-28634.3926,24.9425,-5252.6104,-28084.4590,21.4417,-4706.5171,-28636.1816,28.4958,776.3105,0.0008,0.0013,3.1415,0.7852,3.1415,1
-4703.1636,-28634.3926,24.9425,-5252.6104,-28084.4590,21.4416,-4701.8613,-28637.0215,26.0409,780.1710,0.0002,0.0008,3.1416,0.7852,3.1415,1
-4703.1636,-28634.3926,24.9425,-5252.6104,-28084.4590,21.4417,-4703.7295,-28631.5898,28.0217,775.0229,-0.0003,0.0012,3.1415,0.7852,3.1415,1
-4703.1636,-28634.3926,24.9425,-5252.6104,-28084.4590,21.4416,-4703.5830,-28627.6699,21.1400,772.3404,-0.0009,-0.0002,3.1416,0.7852,3.1415,1
-4703.1636,-28634.3926,24.9425,-5252.6108,-28084.4590,21.4417,-4705.8389,-28635.3555,28.4817,776.2015,0.0006,0.0013,3.1415,0.7852,3.1415,1
-4703.1636,-28634.3926,24.9425,-5252.6108,-28084.4590,21.4416,-4701.1821,-28636.1895,26.0274,780.0620,0.0000,0.0008,3.1416,0.7852,3.1415,1
-4703.1636,-28634.3926,24.9425,-5252.6108,-28084.4590,21.4417,-4696.5181,-28636.9922,23.6144,783.9229,-0.0005,0.0003,3.1415,0.7852,3.1415,1
-4703.1636,-28634.3926,24.9425,-5252.6108,-28084.4590,21.4416,-4709.7769,-28633.7051,21.1279,772.2314,0.0009,-0.0002,3.1416,0.7852,3.1415,1
-4703.1636,-28634.3926,24.9425,-5252.6108,-28084.4590,21.4417,-4705.1611,-28634.5273,28.4679,776.0927,0.0003,0.0013,3.1415,0.7852,3.1415,1
-4703.1636,-28634.3926,24.9425,-5252.6108,-28084.4590,21.4416,-4704.5249,-28632.3164,21.4466,774.9498,-0.0001,-0.0001,3.1416,0.7852,3.1415,1
-4703.1636,-28634.3926,24.9425,-5252.6108,-28084.4590,21.4417,-4695.8384,-28636.1523,23.6008,783.8140,-0.0008,0.0003,3.1415,0.7852,3.1415,1
-4703.1636,-28634.3926,24.9425,-5252.6108,-28084.4590,21.4416,-4709.1016,-28632.8848,21.1149,772.1226,0.0007,-0.0002,3.1416,0.7852,3.1415,1
-4703.1636,-28634.3926,24.9425,-5252.6108,-28084.4590,21.4417,-4704.4849,-28633.7012,28.4538,775.9836,0.0001,0.0013,3.1415,0.7852,3.1415,1
-4703.1636,-28634.3926,24.9425,-5252.6108,-28084.4590,21.4416,-4699.8267,-28634.5234,25.9998,779.8441,-0.0004,0.0008,3.1416,0.7852,3.1415,1
-4703.1636,-28634.3926,24.9425,-5252.6108,-28084.4590,21.4417,-4695.1606,-28635.3125,23.5873,783.7050,-0.0010,0.0003,3.1415,0.7852,3.1415,1
-4703.1636,-28634.3926,24.9425,-5252.6108,-28084.4590,21.4416,-4708.4272,-28632.0605,21.1020,772.0135,0.0005,-0.0002,3.1416,0.7852,3.1415,1
-4703.1636,-28634.3926,24.9425,-5252.6108,-28084.4590,21.4417,-4703.8101,-28632.8711,28.4397,775.8746,-0.0001,0.0013,3.1415,0.7852,3.1415,1
-4703.1636,-28634.3926,24.9425,-5252.6108,-28084.4590,21.4416,-4699.1509,-28633.6875,25.9860,779.7351,-0.0006,0.0008,3.1416,0.7852,3.1415,1
-4703.1636,-28634.3926,24.9425,-5252.6108,-28084.4590,21.4417,-4701.4399,-28641.4434,23.5746,783.5960,0.0008,0.0003,3.1415,0.7852,3.1415,1
-4703.1636,-28634.3926,24.9425,-5252.6108,-28084.4590,21.4416,-4707.7544,-28631.2383,21.0890,771.9046,0.0002,-0.0002,3.1416,0.7852,3.1415,1
-4703.1636,-28634.3926,24.9425,-5252.6113,-28084.4590,21.4417,-4707.0215,-28635.1055,24.6670,775.1691,0.0007,0.0006,3.1415,0.7852,3.1415,1
-4703.1636,-28634.3926,24.9425,-5252.6113,-28084.4590,21.4416,-4701.8325,-28635.4883,27.6700,779.1168,0.0000,0.0012,3.1416,0.7852,3.1415,1
-4703.1636,-28634.3926,24.9425,-5252.6113,-28084.4590,21.4417,-4700.7544,-28640.6094,23.5610,783.4871,0.0006,0.0003,3.1415,0.7852,3.1415,1
-4703.1636,-28634.3926,24.9425,-5252.6113,-28084.4590,21.4416,-4699.9937,-28631.7695,25.7104,777.7851,-0.0008,0.0008,3.1416,0.7852,3.1415,1
-4703.1636,-28634.3926,24.9425,-5252.6113,-28084.4590,21.4417,-4702.4639,-28631.2129,28.4115,775.6567,-0.0005,0.0013,3.1415,0.7852,3.1415,1
-4703.1636,-28634.3926,24.9425,-5252.6113,-28084.4590,21.4416,-4698.5498,-28640.1289,26.4626,784.7131,0.0002,0.0009,3.1416,0.7852,3.1415,1
-4703.1636,-28634.3926,24.9425,-5252.6113,-28084.4590,21.4417,-4700.0698,-28639.7754,23.5475,783.3781,0.0004,0.0003,3.1415,0.7852,3.1415,1
-4703.1636,-28634.3926,24.9425,-5252.6113,-28084.4590,21.4416,-4706.4126,-28629.5898,21.0630,771.6866,-0.0002,-0.0002,3.1416,0.7852,3.1415,1
-4703.1636,-28634.3926,24.9425,-5252.6113,-28084.4590,21.4417,-4701.7925,-28630.3809,28.3974,775.5478,-0.0007,0.0013,3.1415,0.7852,3.1415,1
-4703.1636,-28634.3926,24.9425,-5252.6113,-28084.4590,21.4416,-4704.0449,-28638.1152,25.9453,779.4083,0.0007,0.0008,3.1416,0.7852,3.1415,1
-4703.1636,-28634.3926,24.9425,-5252.6113,-28084.4590,21.4417,-4699.3862,-28638.9414,23.5339,783.2692,0.0001,0.0003,3.1415,0.7852,3.1415,1
-4703.1636,-28634.3926,24.9425,-5252.6113,-28084.4590,21.4416,-4705.7437,-28628.7637,21.0501,771.5777,-0.0004,-0.0002,3.1416,0.7852,3.1415,1
-4703.1636,-28634.3926,24.9425,-5252.6113,-28084.4590,21.4417,-4701.1226,-28629.5508,28.3833,775.4388,-0.0010,0.0013,3.1415,0.7852,3.1415,1
-4703.1636,-28634.3926,24.9425,-5252.6113,-28084.4590,21.4416,-4701.6250,-28632.2988,28.8350,777.0217,-0.0005,0.0014,3.1416,0.7852,3.1415,1
-4703.1636,-28634.3926,24.9425,-5252.6118,-28084.4590,21.4417,-4698.7046,-28638.1055,23.5204,783.1602,-0.0001,0.0003,3.1415,0.7852,3.1415,1
-4703.1636,-28634.3926,24.9425,-5252.6118,-28084.4590,21.4416,-4705.0762,-28627.9375,21.0371,771.4688,-0.0006,-0.0002,3.1416,0.7852,3.1415,1
-4703.1636,-28634.3926,24.9425,-5252.6118,-28084.4590,21.4417,-4707.3374,-28635.6133,28.3701,775.3298,0.0008,0.0013,3.1415,0.7852,3.1415,1
-4703.1636,-28634.3926,24.9425,-5252.6118,-28084.4590,21.4416,-4702.6841,-28636.4570,25.9177,779.1903,0.0003,0.0008,3.1416,0.7852,3.1415,1
-4703.1636,-28634.3926,24.9425,-5252.6118,-28084.4590,21.4417,-4698.0234,-28637.2695,23.5069,783.0512,-0.0003,0.0003,3.1415,0.7852,3.1415,1
-4703.1636,-28634.3926,24.9425,-5252.6118,-28084.4590,21.4416,-4704.4097,-28627.1094,21.0242,771.3597,-0.0008,-0.0002,3.1416,0.7852,3.1415,1
-4703.1636,-28634.3926,24.9425,-5252.6118,-28084.4570,21.4417,-4706.6592,-28634.7852,28.3560,775.2209,0.0006,0.0013,3.1415,0.7852,3.1415,1
-4703.1636,-28634.3926,24.9425,-5252.6118,-28084.4570,21.4416,-4702.0054,-28635.6230,25.9039,779.0813,0.0000,0.0008,3.1416,0.7852,3.1415,1
-4703.1636,-28634.3926,24.9425,-5252.6118,-28084.4570,21.4417,-4697.3438,-28636.4297,23.4934,782.9423,-0.0005,0.0003,3.1415,0.7852,3.1415,1
-4703.1636,-28634.3926,24.9425,-5252.6118,-28084.4570,21.4416,-4710.5962,-28633.1328,21.0118,771.2508,0.0009,-0.0002,3.1416,0.7852,3.1415,1
-4703.1636,-28634.3926,24.9425,-5252.6118,-28084.4570,21.4417,-4705.9824,-28633.9609,28.3419,775.1119,0.0004,0.0013,3.1415,0.7852,3.1415,1
-4703.1636,-28634.3926,24.9425,-5252.6118,-28084.4570,21.4416,-4701.3276,-28634.7910,25.8902,778.9724,-0.0002,0.0008,3.1416,0.7852,3.1415,1
-4703.1636,-28634.3926,24.9425,-5252.6118,-28084.4570,21.4417,-4696.6655,-28635.5918,23.4799,782.8333,-0.0007,0.0003,3.1415,0.7852,3.1415,1
-4703.1636,-28634.3926,24.9425,-5252.6118,-28084.4570,21.4416,-4709.9214,-28632.3125,20.9989,771.1418,0.0007,-0.0002,3.1416,0.7852,3.1415,1
-4703.1636,-28634.3926,24.9425,-5252.6123,-28084.4570,21.4417,-4705.3071,-28633.1328,28.3279,775.0030,0.0002,0.0013,3.1415,0.7852,3.1415,1
-4703.1636,-28634.3926,24.9425,-5252.6123,-28084.4570,21.4416,-4700.6514,-28633.9590,25.8764,778.8635,-0.0004,0.0008,3.1416,0.7852,3.1415,1
-4703.1636,-28634.3926,24.9425,-5252.6123,-28084.4570,21.4417,-4695.9888,-28634.7520,23.4664,782.7243,-0.0009,0.0003,3.1415,0.7852,3.1415,1
-4703.1636,-28634.3926,24.9425,-5252.6123,-28084.4570,21.4416,-4697.3135,-28634.2930,25.9206,781.4681,-0.0008,0.0008,3.1416,0.7852,3.1415,1
-4703.1636,-28634.3926,24.9425,-5252.6123,-28084.4570,21.4417,-4704.6333,-28632.3066,28.3138,774.8940,-0.0001,0.0013,3.1415,0.7852,3.1415,1
-4703.1636,-28634.3926,24.9425,-5252.6123,-28084.4570,21.4416,-4699.9766,-28633.1250,25.8626,778.7545,-0.0006,0.0008,3.1416,0.7852,3.1415,1
-4703.1636,-28634.3926,24.9425,-5252.6123,-28084.4570,21.4417,-4702.2617,-28640.8730,23.4537,782.6154,0.0008,0.0003,3.1415,0.7852,3.1415,1
-4703.1636,-28634.3926,24.9425,-5252.6123,-28084.4570,21.4416,-4708.5767,-28630.6699,20.9733,770.9239,0.0003,-0.0002,3.1416,0.7852,3.1415,1
-4703.1636,-28634.3926,24.9425,-5252.6123,-28084.4570,21.4417,-4703.9600,-28631.4785,28.3000,774.7850,-0.0003,0.0013,3.1415,0.7852,3.1415,1
-4703.1636,-28634.3926,24.9425,-5252.6123,-28084.4570,21.4416,-4698.6880,-28632.3027,26.4726,779.0935,-0.0009,0.0009,3.1416,0.7852,3.1415,1
-4703.1636,-28634.3926,24.9425,-5252.6123,-28084.4570,21.4417,-4706.0303,-28636.9219,25.1885,777.1609,0.0008,0.0007,3.1415,0.7852,3.1415,1
-4703.1636,-28634.3926,24.9425,-5252.6123,-28084.4570,21.4416,-4707.9058,-28629.8457,20.9604,770.8149,0.0001,-0.0002,3.1416,0.7852,3.1415,1
-4703.1636,-28634.3926,24.9425,-5252.6123,-28084.4570,21.4417,-4703.2881,-28630.6484,28.2860,774.6760,-0.0005,0.0013,3.1415,0.7852,3.1415,1
-4703.1636,-28634.3926,24.9425,-5252.6123,-28084.4570,21.4416,-4698.2773,-28640.2344,29.5307,785.0050,0.0002,0.0015,3.1416,0.7852,3.1415,1
-4703.1636,-28634.3926,24.9425,-5252.6128,-28084.4570,21.4417,-4700.8931,-28639.2090,23.4270,782.3974,0.0004,0.0003,3.1415,0.7852,3.1415,1
-4703.1636,-28634.3926,24.9425,-5252.6128,-28084.4570,21.4416,-4707.2363,-28629.0215,20.9474,770.7059,-0.0002,-0.0002,3.1416,0.7852,3.1415,1
-4703.1636,-28634.3926,24.9425,-5252.6128,-28084.4570,21.4417,-4702.6177,-28629.8184,28.2719,774.5671,-0.0007,0.0013,3.1415,0.7852,3.1415,1
-4703.1636,-28634.3926,24.9425,-5252.6128,-28084.4570,21.4416,-4704.8662,-28637.5469,25.8223,778.4275,0.0007,0.0008,3.1416,0.7852,3.1415,1
-4703.1636,-28634.3926,24.9425,-5252.6128,-28084.4570,21.4417,-4700.2104,-28638.3750,23.4135,782.2885,0.0002,0.0003,3.1415,0.7852,3.1415,1
-4703.1636,-28634.3926,24.9425,-5252.6128,-28084.4570,21.4416,-4702.0903,-28629.4922,21.8227,774.6857,-0.0008,-0.0000,3.1416,0.7852,3.1415,1
-4703.1636,-28634.3926,24.9425,-5252.6128,-28084.4570,21.4417,-4701.9487,-28628.9883,28.2579,774.4581,-0.0009,0.0013,3.1415,0.7852,3.1415,1
-4703.1636,-28634.3926,24.9425,-5252.6128,-28084.4570,21.4416,-4704.1855,-28636.7188,25.8086,778.3187,0.0005,0.0008,3.1416,0.7852,3.1415,1
-4703.1636,-28634.3926,24.9425,-5252.6128,-28084.4570,21.4417,-4699.5288,-28637.5410,23.4000,782.1795,-0.0000,0.0003,3.1415,0.7852,3.1415,1
-4703.1636,-28634.3926,24.9425,-5252.6128,-28084.4570,21.4416,-4705.9009,-28627.3711,20.9216,770.4880,-0.0006,-0.0002,3.1416,0.7852,3.1415,1
-4703.1636,-28634.3926,24.9425,-5252.6128,-28084.4570,21.4417,-4708.1562,-28635.0430,28.2447,774.3492,0.0009,0.0013,3.1415,0.7852,3.1415,1
-4703.1636,-28634.3926,24.9425,-5252.6128,-28084.4570,21.4416,-4703.5063,-28635.8887,25.7948,778.2096,0.0003,0.0008,3.1416,0.7852,3.1415,1
-4703.1636,-28634.3926,24.9425,-5252.6133,-28084.4570,21.4417,-4698.8491,-28636.7051,23.3865,782.0706,-0.0003,0.0003,3.1415,0.7852,3.1415,1
-4703.1636,-28634.3926,24.9425,-5252.6133,-28084.4570,21.4416,-4705.2349,-28626.5469,20.9087,770.3796,-0.0008,-0.0002,3.1416,0.7852,3.1415,1
-4703.1636,-28634.3926,24.9425,-5252.6133,-28084.4570,21.4417,-4707.4795,-28634.2188,28.2306,774.2402,0.0006,0.0013,3.1415,0.7852,3.1415,1
-4703.1636,-28634.3926,24.9425,-5252.6133,-28084.4570,21.4416,-4702.8281,-28635.0586,25.7811,778.1012,0.0001,0.0008,3.1416,0.7852,3.1415,1
-4703.1636,-28634.3926,24.9425,-5252.6133,-28084.4570,21.4417,-4698.1704,-28635.8691,23.3730,781.9616,-0.0005,0.0003,3.1415,0.7852,3.1415,1
-4703.1636,-28634.3926,24.9425,-5252.6133,-28084.4570,21.4416,-4711.4150,-28632.5625,20.8963,770.2706,0.0010,-0.0002,3.1416,0.7852,3.1415,1
-4703.1636,-28634.3926,24.9425,-5252.6133,-28084.4570,21.4417,-4706.8037,-28633.3945,28.2166,774.1312,0.0004,0.0013,3.1415,0.7852,3.1415,1
-4703.1636,-28634.3926,24.9425,-5252.6133,-28084.4570,21.4416,-4698.6338,-28637.3926,29.2566,782.7420,-0.0002,0.0015,3.1416,0.7852,3.1415,1
-4703.1636,-28634.3926,24.9425,-5252.6133,-28084.4570,21.4417,-4697.4927,-28635.0312,23.3595,781.8526,-0.0007,0.0003,3.1415,0.7852,3.1415,1
-4703.1636,-28634.3926,24.9425,-5252.6133,-28084.4570,21.4416,-4710.7412,-28631.7441,20.8834,770.1616,0.0008,-0.0002,3.1416,0.7852,3.1415,1
-4703.1636,-28634.3926,24.9425,-5252.6133,-28084.4570,21.4417,-4706.1289,-28632.5684,28.2026,774.0222,0.0002,0.0013,3.1415,0.7852,3.1415,1
-4703.1636,-28634.3926,24.9425,-5252.6133,-28084.4570,21.4416,-4701.4756,-28633.3965,25.7536,777.8831,-0.0004,0.0008,3.1416,0.7852,3.1415,1
-4703.1636,-28634.3926,24.9425,-5252.6133,-28084.4570,21.4417,-4696.8159,-28634.1934,23.3460,781.7437,-0.0009,0.0003,3.1415,0.7852,3.1415,1
-4703.1636,-28634.3926,24.9425,-5252.6133,-28084.4570,21.4416,-4710.0688,-28630.9238,20.8705,770.0526,0.0005,-0.0002,3.1416,0.7852,3.1415,1
-4703.1636,-28634.3926,24.9425,-5252.6138,-28084.4570,21.4417,-4705.4556,-28631.7422,28.1884,773.9133,-0.0000,0.0013,3.1415,0.7852,3.1415,1
-4703.1636,-28634.3926,24.9425,-5252.6138,-28084.4570,21.4416,-4700.8018,-28632.5645,25.7398,777.7743,-0.0006,0.0008,3.1416,0.7852,3.1415,1
-4703.1636,-28634.3926,24.9425,-5252.6138,-28084.4570,21.4417,-4703.0830,-28640.3047,23.3332,781.6347,0.0009,0.0003,3.1415,0.7852,3.1415,1
-4703.1636,-28634.3926,24.9425,-5252.6138,-28084.4570,21.4416,-4709.3979,-28630.1016,20.8575,769.9437,0.0003,-0.0002,3.1416,0.7852,3.1415,1
-4703.1636,-28634.3926,24.9425,-5252.6138,-28084.4570,21.4417,-4704.7832,-28630.9141,28.1744,773.8043,-0.0002,0.0013,3.1415,0.7852,3.1415,1
-4703.1636,-28634.3926,24.9425,-5252.6138,-28084.4570,21.4416,-4700.1284,-28631.7305,25.7260,777.6653,-0.0008,0.0008,3.1416,0.7852,3.1415,1
-4703.1636,-28634.3926,24.9425,-5252.6138,-28084.4570,21.4417,-4702.3984,-28639.4746,23.3198,781.5257,0.0007,0.0003,3.1415,0.7852,3.1415,1
-4703.1636,-28634.3926,24.9425,-5252.6138,-28084.4570,21.4416,-4708.7275,-28629.2793,20.8446,769.8347,0.0001,-0.0002,3.1416,0.7852,3.1415,1
-4703.1636,-28634.3926,24.9425,-5252.6138,-28084.4570,21.4417,-4704.1123,-28630.0859,28.1603,773.6954,-0.0005,0.0013,3.1415,0.7852,3.1415,1
-4703.1636,-28634.3926,24.9425,-5252.6138,-28084.4570,21.4416,-4706.3672,-28637.8047,25.7129,777.5563,0.0010,0.0008,3.1416,0.7852,3.1415,1
-4703.1636,-28634.3926,24.9425,-5252.6138,-28084.4570,21.4417,-4701.7153,-28638.6426,23.3063,781.4168,0.0004,0.0003,3.1415,0.7852,3.1415,1
-4703.1636,-28634.3926,24.9425,-5252.6138,-28084.4570,21.4416,-4697.0562,-28639.4492,20.8092,785.2777,-0.0001,-0.0002,3.1416,0.7852,3.1415,1
-4703.1636,-28634.3926,24.9425,-5252.6143,-28084.4551,21.4417,-4703.4429,-28629.2559,28.1463,773.5864,-0.0007,0.0013,3.1415,0.7852,3.1415,1
-4703.1636,-28634.3926,24.9425,-5252.6143,-28084.4551,21.4416,-4705.6865,-28636.9766,25.6992,777.4473,0.0008,0.0008,3.1416,0.7852,3.1415,1
-4703.1636,-28634.3926,24.9425,-5252.6143,-28084.4551,21.4417,-4701.0342,-28637.8086,23.2928,781.3078,0.0002,0.0003,3.1415,0.7852,3.1415,1
-4703.1636,-28634.3926,24.9425,-5252.6143,-28084.4551,21.4416,-4696.3740,-28638.6074,20.7961,785.1687,-0.0003,-0.0002,3.1416,0.7852,3.1415,1
-4703.1636,-28634.3926,24.9425,-5252.6143,-28084.4551,21.4417,-4702.7744,-28628.4258,28.1323,773.4774,-0.0009,0.0013,3.1415,0.7852,3.1415,1
-4703.1636,-28634.3926,24.9425,-5252.6143,-28084.4551,21.4416,-4699.7466,-28639.2500,21.7098,783.2372,0.0002,-0.0000,3.1416,0.7852,3.1415,1
-4703.1636,-28634.3926,24.9425,-5252.6143,-28084.4551,21.4417,-4700.3535,-28636.9746,23.2797,781.1988,0.0000,0.0003,3.1415,0.7852,3.1415,1
-4703.1636,-28634.3926,24.9425,-5252.6143,-28084.4551,21.4416,-4695.6924,-28637.7676,20.7832,785.0598,-0.0006,-0.0002,3.1416,0.7852,3.1415,1
-4703.1636,-28634.3926,24.9425,-5252.6143,-28084.4551,21.4417,-4708.9756,-28634.4707,28.1194,773.3684,0.0009,0.0013,3.1415,0.7852,3.1415,1
-4703.1636,-28634.3926,24.9425,-5252.6143,-28084.4551,21.4416,-4704.3281,-28635.3223,25.6721,777.2294,0.0003,0.0008,3.1416,0.7852,3.1415,1
-4703.1636,-28634.3926,24.9425,-5252.6143,-28084.4551,21.4417,-4699.6738,-28636.1406,23.2662,781.0898,-0.0002,0.0003,3.1415,0.7852,3.1415,1
-4703.1636,-28634.3926,24.9425,-5252.6143,-28084.4551,21.4416,-4704.2090,-28627.1914,27.6618,771.5858,-0.0009,0.0012,3.1416,0.7852,3.1415,1
-4703.1636,-28634.3926,24.9425,-5252.6143,-28084.4551,21.4417,-4708.2993,-28633.6484,28.1054,773.2595,0.0007,0.0013,3.1415,0.7852,3.1415,1
-4703.1636,-28634.3926,24.9425,-5252.6143,-28084.4551,21.4416,-4703.6509,-28634.4922,25.6584,777.1205,0.0001,0.0008,3.1416,0.7852,3.1415,1
-4703.1636,-28634.3926,24.9425,-5252.6147,-28084.4551,21.4417,-4698.9961,-28635.3047,23.2528,780.9809,-0.0004,0.0003,3.1415,0.7852,3.1415,1
-4703.1636,-28634.3926,24.9425,-5252.6147,-28084.4551,21.4416,-4694.3335,-28636.0859,20.7569,784.8419,-0.0010,-0.0002,3.1416,0.7852,3.1415,1
-4703.1636,-28634.3926,24.9425,-5252.6147,-28084.4551,21.4417,-4707.6245,-28632.8242,28.0914,773.1506,0.0005,0.0013,3.1415,0.7852,3.1415,1
-4703.1636,-28634.3926,24.9425,-5252.6147,-28084.4551,21.4416,-4702.9751,-28633.6621,25.6447,777.0115,-0.0001,0.0008,3.1416,0.7852,3.1415,1
-4703.1636,-28634.3926,24.9425,-5252.6147,-28084.4551,21.4417,-4698.3193,-28634.4688,23.2393,780.8720,-0.0007,0.0003,3.1415,0.7852,3.1415,1
-4703.1636,-28634.3926,24.9425,-5252.6147,-28084.4551,21.4416,-4700.6216,-28642.2246,20.7444,784.7329,0.0008,-0.0002,3.1416,0.7852,3.1415,1
-4703.1636,-28634.3926,24.9425,-5252.6147,-28084.4551,21.4417,-4706.9502,-28632.0000,28.0774,773.0416,0.0002,0.0013,3.1415,0.7852,3.1415,1
-4703.1636,-28634.3926,24.9425,-5252.6147,-28084.4551,21.4416,-4702.3003,-28632.8320,25.6310,776.9025,-0.0003,0.0008,3.1416,0.7852,3.1415,1
-4703.1636,-28634.3926,24.9425,-5252.6147,-28084.4551,21.4417,-4697.6436,-28633.6328,23.2259,780.7630,-0.0009,0.0003,3.1415,0.7852,3.1415,1
-4703.1636,-28634.3926,24.9425,-5252.6147,-28084.4551,21.4416,-4699.9346,-28641.3906,20.7313,784.6239,0.0006,-0.0002,3.1416,0.7852,3.1415,1
-4703.1636,-28634.3926,24.9425,-5252.6147,-28084.4551,21.4417,-4706.2778,-28631.1758,28.0634,772.9326,0.0000,0.0013,3.1415,0.7852,3.1415,1
-4703.1636,-28634.3926,24.9425,-5252.6147,-28084.4551,21.4416,-4706.2832,-28631.9141,22.9113,773.4276,0.0001,0.0002,3.1416,0.7852,3.1415,1
-4703.1636,-28634.3926,24.9425,-5252.6147,-28084.4551,21.4417,-4703.9038,-28639.7344,23.2133,780.6540,0.0009,0.0003,3.1415,0.7852,3.1415,1
-4703.1636,-28634.3926,24.9425,-5252.6152,-28084.4551,21.4416,-4699.2495,-28640.5566,20.7181,784.5150,0.0004,-0.0002,3.1416,0.7852,3.1415,1
-4703.1636,-28634.3926,24.9425,-5252.6152,-28084.4551,21.4417,-4705.6064,-28630.3496,28.0494,772.8236,-0.0002,0.0013,3.1415,0.7852,3.1415,1
-4703.1636,-28634.3926,24.9425,-5252.6152,-28084.4551,21.4416,-4696.8330,-28639.2207,29.1777,785.3092,-0.0002,0.0015,3.1416,0.7852,3.1415,1
-4703.1636,-28634.3926,24.9425,-5252.6152,-28084.4551,21.4417,-4703.2202,-28638.9043,23.1998,780.5450,0.0007,0.0003,3.1415,0.7852,3.1415,1
-4703.1636,-28634.3926,24.9425,-5252.6152,-28084.4551,21.4416,-4699.1255,-28632.1328,25.0554,778.6599,-0.0009,0.0006,3.1416,0.7852,3.1415,1
-4703.1636,-28634.3926,24.9425,-5252.6152,-28084.4551,21.4417,-4704.9360,-28629.5234,28.0354,772.7147,-0.0004,0.0013,3.1415,0.7852,3.1415,1
-4703.1636,-28634.3926,24.9425,-5252.6152,-28084.4551,21.4416,-4700.2837,-28630.3359,25.5899,776.5756,-0.0010,0.0008,3.1416,0.7852,3.1415,1
-4703.1636,-28634.3926,24.9425,-5252.6152,-28084.4551,21.4417,-4702.5381,-28638.0742,23.1864,780.4361,0.0005,0.0003,3.1415,0.7852,3.1415,1
-4703.1636,-28634.3926,24.9425,-5252.6152,-28084.4551,21.4416,-4697.8813,-28638.8828,20.6919,784.2970,-0.0001,-0.0002,3.1416,0.7852,3.1415,1
-4703.1636,-28634.3926,24.9425,-5252.6152,-28084.4551,21.4417,-4704.2671,-28628.6953,28.0214,772.6057,-0.0006,0.0012,3.1415,0.7852,3.1415,1
-4703.1636,-28634.3926,24.9425,-5252.6152,-28084.4551,21.4416,-4706.5068,-28636.4082,25.5769,776.4667,0.0008,0.0007,3.1416,0.7852,3.1415,1
-4703.1636,-28634.3926,24.9425,-5252.6152,-28084.4551,21.4417,-4700.1899,-28634.4922,27.5891,779.5806,-0.0004,0.0012,3.1415,0.7852,3.1415,1
-4703.1636,-28634.3926,24.9425,-5252.6152,-28084.4551,21.4416,-4697.1997,-28638.0469,20.6787,784.1881,-0.0003,-0.0003,3.1416,0.7852,3.1415,1
-4703.1636,-28634.3926,24.9425,-5252.6157,-28084.4551,21.4417,-4703.5996,-28627.8672,28.0074,772.4967,-0.0009,0.0012,3.1415,0.7852,3.1415,1
-4703.1636,-28634.3926,24.9425,-5252.6157,-28084.4551,21.4416,-4700.0718,-28638.0645,28.6491,782.1973,0.0001,0.0014,3.1416,0.7852,3.1415,1
-4703.1636,-28634.3926,24.9425,-5252.6157,-28084.4551,21.4417,-4701.1772,-28636.4102,23.1595,780.2182,0.0000,0.0002,3.1415,0.7852,3.1415,1
-4703.1636,-28634.3926,24.9425,-5252.6157,-28084.4551,21.4416,-4696.5195,-28637.2070,20.6656,784.0791,-0.0005,-0.0003,3.1416,0.7852,3.1415,1
-4703.1636,-28634.3926,24.9425,-5252.6157,-28084.4551,21.4417,-4709.7949,-28633.9023,27.9943,772.3878,0.0009,0.0012,3.1415,0.7852,3.1415,1
-4703.1636,-28634.3926,24.9425,-5252.6157,-28084.4551,21.4416,-4705.1504,-28634.7559,25.5495,776.2487,0.0004,0.0007,3.1416,0.7852,3.1415,1
-4703.1636,-28634.3926,24.9425,-5252.6157,-28084.4551,21.4417,-4701.9531,-28629.1973,24.4428,774.5833,-0.0009,0.0005,3.1415,0.7852,3.1415,1
-4703.1636,-28634.3926,24.9425,-5252.6157,-28084.4551,21.4416,-4695.8398,-28636.3691,20.6525,783.9702,-0.0007,-0.0003,3.1416,0.7852,3.1415,1
-4703.1636,-28634.3926,24.9425,-5252.6157,-28084.4551,21.4417,-4709.1191,-28633.0801,27.9803,772.2787,0.0007,0.0012,3.1415,0.7852,3.1415,1
-4703.1636,-28634.3926,24.9425,-5252.6157,-28084.4551,21.4416,-4704.4736,-28633.9277,25.5358,776.1397,0.0002,0.0007,3.1416,0.7852,3.1415,1
-4703.1636,-28634.3926,24.9425,-5252.6157,-28084.4551,21.4417,-4699.8213,-28634.7441,23.1327,780.0002,-0.0004,0.0002,3.1415,0.7852,3.1415,1
-4703.1636,-28634.3926,24.9425,-5252.6157,-28084.4551,21.4416,-4695.1616,-28635.5273,20.6394,783.8611,-0.0010,-0.0003,3.1416,0.7852,3.1415,1
-4703.1636,-28634.3926,24.9425,-5252.6162,-28084.4551,21.4417,-4708.4453,-28632.2578,27.9663,772.1699,0.0005,0.0012,3.1415,0.7852,3.1415,1
-4703.1636,-28634.3926,24.9425,-5252.6162,-28084.4551,21.4416,-4704.9160,-28628.2578,26.6949,771.8291,-0.0006,0.0010,3.1416,0.7852,3.1415,1
-4703.1636,-28634.3926,24.9425,-5252.6162,-28084.4551,21.4417,-4699.1455,-28633.9082,23.1193,779.8913,-0.0006,0.0002,3.1415,0.7852,3.1415,1
-4703.1636,-28634.3926,24.9425,-5252.6162,-28084.4551,21.4416,-4701.4438,-28641.6582,20.6269,783.7522,0.0008,-0.0003,3.1416,0.7852,3.1415,1
-4703.1636,-28634.3926,24.9425,-5252.6162,-28084.4551,21.4417,-4707.7720,-28631.4336,27.9524,772.0609,0.0003,0.0012,3.1415,0.7852,3.1415,1
-4703.1636,-28634.3926,24.9425,-5252.6162,-28084.4551,21.4416,-4703.1245,-28632.2695,25.5088,775.9218,-0.0003,0.0007,3.1416,0.7852,3.1415,1
-4703.1636,-28634.3926,24.9425,-5252.6162,-28084.4551,21.4417,-4698.4707,-28633.0723,23.1061,779.7823,-0.0008,0.0002,3.1415,0.7852,3.1415,1
-4703.1636,-28634.3926,24.9425,-5252.6162,-28084.4551,21.4416,-4700.7573,-28640.8242,20.6141,783.6433,0.0006,-0.0003,3.1416,0.7852,3.1415,1
-4703.1636,-28634.3926,24.9425,-5252.6162,-28084.4551,21.4417,-4707.0996,-28630.6094,27.9387,771.9519,0.0001,0.0012,3.1415,0.7852,3.1415,1
-4703.1636,-28634.3926,24.9425,-5252.6162,-28084.4551,21.4416,-4702.4517,-28631.4395,25.4952,775.8128,-0.0005,0.0007,3.1416,0.7852,3.1415,1
-4703.1636,-28634.3926,24.9425,-5252.6162,-28084.4531,21.4417,-4704.7241,-28639.1641,23.0936,779.6734,0.0009,0.0002,3.1415,0.7852,3.1415,1
-4703.1636,-28634.3926,24.9425,-5252.6162,-28084.4551,21.4416,-4700.0723,-28639.9902,20.6010,783.5343,0.0004,-0.0003,3.1416,0.7852,3.1415,1
-4703.1636,-28634.3926,24.9425,-5252.6162,-28084.4531,21.4417,-4706.4292,-28629.7832,27.9247,771.8429,-0.0002,0.0012,3.1415,0.7852,3.1415,1
-4703.1636,-28634.3926,24.9425,-5252.6162,-28084.4531,21.4416,-4701.7798,-28630.6074,25.4815,775.7039,-0.0007,0.0007,3.1416,0.7852,3.1415,1
-4703.1636,-28634.3926,24.9425,-5252.6167,-28084.4531,21.4417,-4704.0420,-28638.3340,23.0802,779.5644,0.0007,0.0002,3.1415,0.7852,3.1415,1
-4703.1636,-28634.3926,24.9425,-5252.6167,-28084.4531,21.4416,-4699.3892,-28639.1543,20.5879,783.4253,0.0002,-0.0003,3.1416,0.7852,3.1415,1
-4703.1636,-28634.3926,24.9425,-5252.6167,-28084.4531,21.4417,-4705.7598,-28628.9570,27.9108,771.7339,-0.0004,0.0012,3.1415,0.7852,3.1415,1
-4703.1636,-28634.3926,24.9425,-5252.6167,-28084.4531,21.4416,-4701.1104,-28629.7754,25.4679,775.5949,-0.0009,0.0007,3.1416,0.7852,3.1415,1
-4703.1636,-28634.3926,24.9425,-5252.6167,-28084.4531,21.4417,-4703.3604,-28637.5059,23.0668,779.4554,0.0005,0.0002,3.1415,0.7852,3.1415,1
-4703.1636,-28634.3926,24.9425,-5252.6167,-28084.4531,21.4416,-4700.0542,-28631.0293,29.5087,777.2560,-0.0009,0.0016,3.1416,0.7852,3.1415,1
-4703.1636,-28634.3926,24.9425,-5252.6167,-28084.4531,21.4417,-4705.0913,-28628.1309,27.8968,771.6250,-0.0006,0.0012,3.1415,0.7852,3.1415,1
-4703.1636,-28634.3926,24.9425,-5252.6167,-28084.4531,21.4416,-4707.3267,-28635.8379,25.4548,775.4860,0.0008,0.0007,3.1416,0.7852,3.1415,1
-4703.1636,-28634.3926,24.9425,-5252.6167,-28084.4531,21.4417,-4702.6797,-28636.6758,23.0534,779.3465,0.0003,0.0002,3.1415,0.7852,3.1415,1
-4703.1636,-28634.3926,24.9425,-5252.6167,-28084.4531,21.4416,-4698.0254,-28637.4824,20.5617,783.2074,-0.0003,-0.0003,3.1416,0.7852,3.1415,1
-4703.1636,-28634.3926,24.9425,-5252.6167,-28084.4531,21.4417,-4704.4243,-28627.3047,27.8829,771.5161,-0.0008,0.0012,3.1415,0.7852,3.1415,1
-4703.1636,-28634.3926,24.9425,-5252.6167,-28084.4531,21.4416,-4708.8701,-28635.1406,24.3430,773.9009,0.0010,0.0005,3.1416,0.7852,3.1415,1
-4703.1636,-28634.3926,24.9425,-5252.6172,-28084.4531,21.4417,-4697.2207,-28637.6230,25.8439,783.8859,-0.0004,0.0008,3.1415,0.7852,3.1415,1
-4703.1636,-28634.3926,24.9425,-5252.6172,-28084.4531,21.4416,-4697.3462,-28636.6445,20.5486,783.0984,-0.0005,-0.0003,3.1416,0.7852,3.1415,1
-4703.1636,-28634.3926,24.9425,-5252.6172,-28084.4531,21.4417,-4710.6138,-28633.3301,27.8698,771.4070,0.0010,0.0012,3.1415,0.7852,3.1415,1
-4703.1636,-28634.3926,24.9425,-5252.6172,-28084.4531,21.4416,-4705.9717,-28634.1875,25.4275,775.2680,0.0004,0.0007,3.1416,0.7852,3.1415,1
-4703.1636,-28634.3926,24.9425,-5252.6172,-28084.4531,21.4417,-4701.3232,-28635.0117,23.0266,779.1285,-0.0001,0.0002,3.1415,0.7852,3.1415,1
-4703.1636,-28634.3926,24.9425,-5252.6172,-28084.4531,21.4416,-4696.6675,-28635.8066,20.5355,782.9895,-0.0007,-0.0003,3.1416,0.7852,3.1415,1
-4703.1636,-28634.3926,24.9425,-5252.6172,-28084.4531,21.4417,-4709.9390,-28632.5098,27.8558,771.2981,0.0007,0.0012,3.1415,0.7852,3.1415,1
-4703.1636,-28634.3926,24.9425,-5252.6172,-28084.4531,21.4416,-4705.2959,-28633.3594,25.4139,775.1591,0.0002,0.0007,3.1416,0.7852,3.1415,1
-4703.1636,-28634.3926,24.9425,-5252.6172,-28084.4531,21.4417,-4700.6465,-28634.1797,23.0132,779.0195,-0.0004,0.0002,3.1415,0.7852,3.1415,1
-4703.1636,-28634.3926,24.9425,-5252.6172,-28084.4531,21.4416,-4695.9897,-28634.9668,20.5224,782.8805,-0.0009,-0.0003,3.1416,0.7852,3.1415,1
-4703.1636,-28634.3926,24.9425,-5252.6172,-28084.4531,21.4417,-4709.2651,-28631.6875,27.8419,771.1891,0.0005,0.0012,3.1415,0.7852,3.1415,1
-4703.1636,-28634.3926,24.9425,-5252.6172,-28084.4531,21.4416,-4704.6211,-28632.5332,25.4003,775.0501,-0.0000,0.0007,3.1416,0.7852,3.1415,1
-4703.1636,-28634.3926,24.9425,-5252.6172,-28084.4531,21.4417,-4699.9712,-28633.3457,22.9998,778.9105,-0.0006,0.0002,3.1415,0.7852,3.1415,1
-4703.1636,-28634.3926,24.9425,-5252.6172,-28084.4531,21.4416,-4702.2651,-28641.0879,20.5100,782.7715,0.0009,-0.0003,3.1416,0.7852,3.1415,1
-4703.1636,-28634.3926,24.9425,-5252.6177,-28084.4531,21.4417,-4708.5928,-28630.8652,27.8279,771.0801,0.0003,0.0012,3.1415,0.7852,3.1415,1
-4703.1636,-28634.3926,24.9425,-5252.6177,-28084.4531,21.4416,-4703.9482,-28631.7051,25.3866,774.9411,-0.0002,0.0007,3.1416,0.7852,3.1415,1
-4703.1636,-28634.3926,24.9425,-5252.6177,-28084.4531,21.4417,-4699.2974,-28632.5117,22.9864,778.8015,-0.0008,0.0002,3.1415,0.7852,3.1415,1
-4703.1636,-28634.3926,24.9425,-5252.6177,-28084.4531,21.4416,-4701.5801,-28640.2559,20.4969,782.6625,0.0006,-0.0003,3.1416,0.7852,3.1415,1
-4703.1636,-28634.3926,24.9425,-5252.6177,-28084.4531,21.4417,-4707.9219,-28630.0430,27.8140,770.9712,0.0001,0.0012,3.1415,0.7852,3.1415,1
-4703.1636,-28634.3926,24.9425,-5252.6177,-28084.4531,21.4416,-4703.2764,-28630.8750,25.3730,774.8322,-0.0005,0.0007,3.1416,0.7852,3.1415,1
-4703.1636,-28634.3926,24.9425,-5252.6177,-28084.4531,21.4417,-4705.5449,-28638.5938,22.9739,778.6927,0.0010,0.0002,3.1415,0.7852,3.1415,1
-4703.1636,-28634.3926,24.9425,-5252.6177,-28084.4531,21.4416,-4700.8960,-28639.4219,20.4838,782.5536,0.0004,-0.0003,3.1416,0.7852,3.1415,1
-4703.1636,-28634.3926,24.9425,-5252.6177,-28084.4531,21.4417,-4707.2515,-28629.2188,27.8001,770.8622,-0.0001,0.0012,3.1415,0.7852,3.1415,1
-4703.1636,-28634.3926,24.9425,-5252.6177,-28084.4531,21.4416,-4697.7373,-28635.2930,24.2410,781.8708,-0.0006,0.0005,3.1416,0.7852,3.1415,1
-4703.1636,-28634.3926,24.9425,-5252.6177,-28084.4531,21.4417,-4704.8628,-28637.7676,22.9605,778.5837,0.0008,0.0002,3.1415,0.7852,3.1415,1
-4703.1636,-28634.3926,24.9425,-5252.6177,-28084.4531,21.4416,-4700.2129,-28638.5898,20.4707,782.4447,0.0002,-0.0003,3.1416,0.7852,3.1415,1
-4703.1636,-28634.3926,24.9425,-5252.6182,-28084.4531,21.4417,-4706.5835,-28628.3945,27.7862,770.7532,-0.0003,0.0012,3.1415,0.7852,3.1415,1
-4703.1636,-28634.3926,24.9425,-5252.6182,-28084.4531,21.4416,-4701.9360,-28629.2148,25.3458,774.6143,-0.0009,0.0007,3.1416,0.7852,3.1415,1
-4703.1636,-28634.3926,24.9425,-5252.6182,-28084.4531,21.4417,-4704.1821,-28636.9375,22.9471,778.4747,0.0006,0.0002,3.1415,0.7852,3.1415,1
-4703.1636,-28634.3926,24.9425,-5252.6182,-28084.4531,21.4416,-4699.5317,-28637.7539,20.4580,782.3357,-0.0000,-0.0003,3.1416,0.7852,3.1415,1
-4703.1636,-28634.3926,24.9425,-5252.6182,-28084.4531,21.4417,-4705.9155,-28627.5684,27.7725,770.6442,-0.0006,0.0012,3.1415,0.7852,3.1415,1
-4703.1636,-28634.3926,24.9425,-5252.6182,-28084.4531,21.4416,-4708.1465,-28635.2676,25.3331,774.5052,0.0009,0.0007,3.1416,0.7852,3.1415,1
-4703.1636,-28634.3926,24.9425,-5252.6182,-28084.4531,21.4417,-4703.5024,-28636.1094,22.9341,778.3657,0.0003,0.0002,3.1415,0.7852,3.1415,1
-4703.1636,-28634.3926,24.9425,-5252.6182,-28084.4531,21.4416,-4698.8511,-28636.9199,20.4449,782.2267,-0.0002,-0.0003,3.1416,0.7852,3.1415,1
-4703.1636,-28634.3926,24.9425,-5252.6182,-28084.4531,21.4417,-4709.1406,-28632.0840,24.5700,771.5400,0.0006,0.0005,3.1415,0.7852,3.1415,1
-4703.1636,-28634.3926,24.9425,-5252.6182,-28084.4531,21.4416,-4707.4688,-28634.4453,25.3194,774.3962,0.0007,0.0007,3.1416,0.7852,3.1415,1
-4703.1636,-28634.3926,24.9425,-5252.6182,-28084.4531,21.4417,-4702.8242,-28635.2793,22.9207,778.2567,0.0001,0.0002,3.1415,0.7852,3.1415,1
-4703.1636,-28634.3926,24.9425,-5252.6182,-28084.4531,21.4416,-4698.1719,-28636.0820,20.4319,782.1177,-0.0004,-0.0003,3.1416,0.7852,3.1415,1
-4703.1636,-28634.3926,24.9425,-5252.6182,-28084.4531,21.4417,-4704.5840,-28625.9160,27.7447,770.4264,-0.0010,0.0012,3.1415,0.7852,3.1415,1
-4703.1636,-28634.3926,24.9425,-5252.6182,-28084.4531,21.4416,-4706.7925,-28633.6191,25.3058,774.2874,0.0005,0.0007,3.1416,0.7852,3.1415,1
-4703.1636,-28634.3926,24.9425,-5252.6187,-28084.4531,21.4417,-4701.9951,-28632.3281,26.7200,776.7729,-0.0004,0.0010,3.1415,0.7852,3.1415,1
-4703.1636,-28634.3926,24.9425,-5252.6187,-28084.4531,21.4416,-4697.4946,-28635.2461,20.4188,782.0088,-0.0007,-0.0003,3.1416,0.7852,3.1415,1
-4703.1636,-28634.3926,24.9425,-5252.6187,-28084.4531,21.4417,-4710.7578,-28631.9395,27.7316,770.3174,0.0008,0.0012,3.1415,0.7852,3.1415,1
-4703.1636,-28634.3926,24.9425,-5252.6187,-28084.4531,21.4416,-4701.8682,-28635.8945,27.7735,779.3892,0.0001,0.0012,3.1416,0.7852,3.1415,1
-4703.1636,-28634.3926,24.9425,-5252.6187,-28084.4531,21.4417,-4701.4717,-28633.6172,22.8942,778.0389,-0.0003,0.0002,3.1415,0.7852,3.1415,1
-4703.1636,-28634.3926,24.9425,-5252.6187,-28084.4531,21.4416,-4696.8179,-28634.4082,20.4058,781.8998,-0.0009,-0.0003,3.1416,0.7852,3.1415,1
-4703.1636,-28634.3926,24.9425,-5252.6187,-28084.4512,21.4417,-4710.0850,-28631.1172,27.7177,770.2084,0.0006,0.0012,3.1415,0.7852,3.1415,1
-4703.1636,-28634.3926,24.9425,-5252.6187,-28084.4531,21.4416,-4703.0513,-28635.1562,29.3776,778.0447,0.0001,0.0015,3.1416,0.7852,3.1415,1
-4703.1636,-28634.3926,24.9425,-5252.6187,-28084.4512,21.4417,-4700.7969,-28632.7812,22.8806,777.9299,-0.0005,0.0002,3.1415,0.7852,3.1415,1
-4703.1636,-28634.3926,24.9425,-5252.6187,-28084.4512,21.4416,-4703.0864,-28640.5176,20.3933,781.7909,0.0009,-0.0003,3.1416,0.7852,3.1415,1
-4703.1636,-28634.3926,24.9425,-5252.6187,-28084.4512,21.4417,-4709.4131,-28630.2969,27.7038,770.0994,0.0004,0.0012,3.1415,0.7852,3.1415,1
-4703.1636,-28634.3926,24.9425,-5252.6187,-28084.4512,21.4416,-4704.7715,-28631.1387,25.2650,773.9604,-0.0002,0.0007,3.1416,0.7852,3.1415,1
-4703.1636,-28634.3926,24.9425,-5252.6191,-28084.4512,21.4417,-4700.1240,-28631.9492,22.8673,777.8209,-0.0008,0.0002,3.1415,0.7852,3.1415,1
-4703.1636,-28634.3926,24.9425,-5252.6191,-28084.4512,21.4416,-4695.8608,-28634.9004,21.5435,782.9263,-0.0009,-0.0001,3.1416,0.7852,3.1415,1
-4703.1636,-28634.3926,24.9425,-5252.6191,-28084.4512,21.4417,-4708.7432,-28629.4746,27.6901,769.9905,0.0001,0.0012,3.1415,0.7852,3.1415,1
-4703.1636,-28634.3926,24.9425,-5252.6191,-28084.4512,21.4416,-4704.1006,-28630.3105,25.2514,773.8514,-0.0004,0.0007,3.1416,0.7852,3.1415,1
-4703.1636,-28634.3926,24.9425,-5252.6191,-28084.4512,21.4417,-4699.4517,-28631.1152,22.8539,777.7119,-0.0010,0.0002,3.1415,0.7852,3.1415,1
-4703.1636,-28634.3926,24.9425,-5252.6191,-28084.4512,21.4416,-4701.7188,-28638.8535,20.3672,781.5729,0.0005,-0.0003,3.1416,0.7852,3.1415,1
-4703.1636,-28634.3926,24.9425,-5252.6191,-28084.4512,21.4417,-4708.0737,-28628.6523,27.6760,769.8815,-0.0001,0.0012,3.1415,0.7852,3.1415,1
-4703.1636,-28634.3926,24.9425,-5252.6191,-28084.4512,21.4416,-4703.4307,-28629.4824,25.2379,773.7425,-0.0006,0.0007,3.1416,0.7852,3.1415,1
-4703.1636,-28634.3926,24.9425,-5252.6191,-28084.4512,21.4417,-4705.6836,-28637.1953,22.8416,777.6030,0.0008,0.0002,3.1415,0.7852,3.1415,1
-4703.1636,-28634.3926,24.9425,-5252.6191,-28084.4512,21.4416,-4701.0366,-28638.0215,20.3542,781.4640,0.0003,-0.0003,3.1416,0.7852,3.1415,1
-4703.1636,-28634.3926,24.9425,-5252.6191,-28084.4512,21.4417,-4696.3906,-28638.8066,27.7779,785.3246,-0.0003,0.0012,3.1415,0.7852,3.1415,1
-4703.1636,-28634.3926,24.9425,-5252.6191,-28084.4512,21.4416,-4702.7617,-28628.6523,25.2243,773.6335,-0.0009,0.0007,3.1416,0.7852,3.1415,1
-4703.1636,-28634.3926,24.9425,-5252.6191,-28084.4512,21.4417,-4705.0034,-28636.3691,22.8283,777.4940,0.0006,0.0002,3.1415,0.7852,3.1415,1
-4703.1636,-28634.3926,24.9425,-5252.6196,-28084.4512,21.4416,-4700.3564,-28637.1875,20.3412,781.3550,0.0000,-0.0003,3.1416,0.7852,3.1415,1
-4703.1636,-28634.3926,24.9425,-5252.6196,-28084.4512,21.4417,-4695.7090,-28637.9668,27.7638,785.2158,-0.0005,0.0012,3.1415,0.7852,3.1415,1
-4703.1636,-28634.3926,24.9425,-5252.6196,-28084.4512,21.4416,-4708.9663,-28634.6973,25.2113,773.5245,0.0009,0.0007,3.1416,0.7852,3.1415,1
-4703.1636,-28634.3926,24.9425,-5252.6196,-28084.4512,21.4417,-4704.3252,-28635.5410,22.8149,777.3850,0.0004,0.0002,3.1415,0.7852,3.1415,1
-4703.1636,-28634.3926,24.9425,-5252.6196,-28084.4512,21.4416,-4699.6768,-28636.3535,20.3282,781.2461,-0.0002,-0.0003,3.1416,0.7852,3.1415,1
-4703.1636,-28634.3926,24.9425,-5252.6196,-28084.4512,21.4417,-4695.0283,-28637.1270,27.7496,785.1068,-0.0007,0.0012,3.1415,0.7852,3.1415,1
-4703.1636,-28634.3926,24.9425,-5252.6196,-28084.4512,21.4416,-4700.1113,-28635.1699,27.0135,780.1166,-0.0003,0.0010,3.1416,0.7852,3.1415,1
-4703.1636,-28634.3926,24.9425,-5252.6196,-28084.4512,21.4417,-4703.6475,-28634.7109,22.8016,777.2761,0.0002,0.0002,3.1415,0.7852,3.1415,1
-4703.1636,-28634.3926,24.9425,-5252.6196,-28084.4512,21.4416,-4698.9980,-28635.5195,20.3151,781.1371,-0.0004,-0.0003,3.1416,0.7852,3.1415,1
-4703.1636,-28634.3926,24.9425,-5252.6196,-28084.4512,21.4417,-4694.3491,-28636.2871,27.7355,784.9977,-0.0010,0.0012,3.1415,0.7852,3.1415,1
-4703.1636,-28634.3926,24.9425,-5252.6196,-28084.4512,21.4416,-4707.6138,-28633.0508,25.1842,773.3066,0.0005,0.0007,3.1416,0.7852,3.1415,1
-4703.1636,-28634.3926,24.9425,-5252.6196,-28084.4512,21.4417,-4702.9712,-28633.8828,22.7883,777.1671,-0.0001,0.0002,3.1415,0.7852,3.1415,1
-4703.1636,-28634.3926,24.9425,-5252.6196,-28084.4512,21.4416,-4698.3208,-28634.6836,20.3021,781.0280,-0.0006,-0.0003,3.1416,0.7852,3.1415,1
-4703.1636,-28634.3926,24.9425,-5252.6201,-28084.4512,21.4417,-4700.6396,-28642.4258,27.7221,784.8888,0.0008,0.0012,3.1415,0.7852,3.1415,1
-4703.1636,-28634.3926,24.9425,-5252.6201,-28084.4512,21.4416,-4706.9399,-28632.2266,25.1705,773.1976,0.0003,0.0007,3.1416,0.7852,3.1415,1
-4703.1636,-28634.3926,24.9425,-5252.6201,-28084.4512,21.4417,-4702.2964,-28633.0508,22.7752,777.0582,-0.0003,0.0002,3.1415,0.7852,3.1415,1
-4703.1636,-28634.3926,24.9425,-5252.6201,-28084.4512,21.4416,-4697.6450,-28633.8457,20.2893,780.9191,-0.0008,-0.0003,3.1416,0.7852,3.1415,1
-4703.1636,-28634.3926,24.9425,-5252.6201,-28084.4512,21.4417,-4699.9521,-28641.5898,27.7082,784.7798,0.0006,0.0012,3.1415,0.7852,3.1415,1
-4703.1636,-28634.3926,24.9425,-5252.6201,-28084.4512,21.4416,-4706.2666,-28631.4004,25.1572,773.0887,0.0001,0.0007,3.1416,0.7852,3.1415,1
-4703.1636,-28634.3926,24.9425,-5252.6201,-28084.4512,21.4417,-4701.6226,-28632.2207,22.7619,776.9492,-0.0005,0.0002,3.1415,0.7852,3.1415,1
-4703.1636,-28634.3926,24.9425,-5252.6201,-28084.4512,21.4416,-4703.9077,-28639.9473,20.2769,780.8102,0.0009,-0.0003,3.1416,0.7852,3.1415,1
-4703.1636,-28634.3926,24.9425,-5252.6201,-28084.4512,21.4417,-4699.2661,-28640.7559,27.6941,784.6708,0.0004,0.0012,3.1415,0.7852,3.1415,1
-4703.1636,-28634.3926,24.9425,-5252.6201,-28084.4512,21.4416,-4705.5952,-28630.5742,25.1437,772.9797,-0.0002,0.0007,3.1416,0.7852,3.1415,1
-4703.1636,-28634.3926,24.9425,-5252.6201,-28084.4512,21.4417,-4700.9497,-28631.3887,22.7486,776.8402,-0.0007,0.0002,3.1415,0.7852,3.1415,1
-4703.1636,-28634.3926,24.9425,-5252.6201,-28084.4512,21.4416,-4703.2236,-28639.1172,20.2639,780.7012,0.0007,-0.0003,3.1416,0.7852,3.1415,1
-4703.1636,-28634.3926,24.9425,-5252.6206,-28084.4512,21.4417,-4703.8252,-28637.1797,24.9785,778.9059,0.0005,0.0006,3.1415,0.7852,3.1415,1
-4703.1636,-28634.3926,24.9425,-5252.6206,-28084.4512,21.4416,-4704.9248,-28629.7480,25.1301,772.8707,-0.0004,0.0007,3.1416,0.7852,3.1415,1
-4703.1636,-28634.3926,24.9425,-5252.6206,-28084.4512,21.4417,-4700.2788,-28630.5547,22.7353,776.7313,-0.0009,0.0002,3.1415,0.7852,3.1415,1
-4703.1636,-28634.3926,24.9425,-5252.6206,-28084.4512,21.4416,-4702.5415,-28638.2871,20.2509,780.5922,0.0005,-0.0003,3.1416,0.7852,3.1415,1
-4703.1636,-28634.3926,24.9425,-5252.6206,-28084.4512,21.4417,-4697.8984,-28639.0840,27.6659,784.4529,-0.0000,0.0012,3.1415,0.7852,3.1415,1
-4703.1636,-28634.3926,24.9425,-5252.6206,-28084.4512,21.4416,-4706.5840,-28630.2090,23.1862,772.0166,-0.0001,0.0003,3.1416,0.7852,3.1415,1
-4703.1636,-28634.3926,24.9425,-5252.6206,-28084.4512,21.4417,-4706.5044,-28636.6270,22.7228,776.6223,0.0008,0.0002,3.1415,0.7852,3.1415,1
-4703.1636,-28634.3926,24.9425,-5252.6206,-28084.4512,21.4416,-4701.8604,-28637.4551,20.2379,780.4832,0.0003,-0.0003,3.1416,0.7852,3.1415,1
-4703.1636,-28634.3926,24.9425,-5252.6206,-28084.4512,21.4417,-4697.2158,-28638.2461,27.6517,784.3440,-0.0003,0.0012,3.1415,0.7852,3.1415,1
-4703.1636,-28634.3926,24.9425,-5252.6206,-28084.4512,21.4416,-4703.5874,-28628.0918,25.1030,772.6528,-0.0008,0.0007,3.1416,0.7852,3.1415,1
-4703.1636,-28634.3926,24.9425,-5252.6206,-28084.4512,21.4417,-4705.8252,-28635.8008,22.7095,776.5133,0.0006,0.0002,3.1415,0.7852,3.1415,1
-4703.1636,-28634.3926,24.9425,-5252.6206,-28084.4512,21.4416,-4701.1797,-28636.6230,20.2249,780.3743,0.0001,-0.0003,3.1416,0.7852,3.1415,1
-4703.1636,-28634.3926,24.9425,-5252.6206,-28084.4512,21.4417,-4696.5347,-28637.4082,27.6376,784.2350,-0.0005,0.0012,3.1415,0.7852,3.1415,1
-4703.1636,-28634.3926,24.9425,-5252.6206,-28084.4512,21.4416,-4709.7852,-28634.1270,25.0901,772.5438,0.0010,0.0007,3.1416,0.7852,3.1415,1
-4703.1636,-28634.3926,24.9425,-5252.6211,-28084.4512,21.4417,-4705.1475,-28634.9746,22.6962,776.4044,0.0004,0.0002,3.1415,0.7852,3.1415,1
-4703.1636,-28634.3926,24.9425,-5252.6211,-28084.4512,21.4416,-4700.5015,-28635.7910,20.2119,780.2654,-0.0001,-0.0003,3.1416,0.7852,3.1415,1
-4703.1636,-28634.3926,24.9425,-5252.6211,-28084.4512,21.4417,-4695.8555,-28636.5684,27.6235,784.1260,-0.0007,0.0012,3.1415,0.7852,3.1415,1
-4703.1636,-28634.3926,24.9425,-5252.6211,-28084.4512,21.4416,-4709.1094,-28633.3047,25.0765,772.4349,0.0007,0.0007,3.1416,0.7852,3.1415,1
-4703.1636,-28634.3926,24.9425,-5252.6211,-28084.4512,21.4417,-4704.4702,-28634.1465,22.6829,776.2954,0.0002,0.0001,3.1415,0.7852,3.1415,1
-4703.1636,-28634.3926,24.9425,-5252.6211,-28084.4512,21.4416,-4699.8237,-28634.9570,20.1989,780.1564,-0.0004,-0.0004,3.1416,0.7852,3.1415,1
-4703.1636,-28634.3926,24.9425,-5252.6211,-28084.4492,21.4417,-4695.1768,-28635.7266,27.6094,784.0171,-0.0009,0.0011,3.1415,0.7852,3.1415,1
-4703.1636,-28634.3926,24.9425,-5252.6211,-28084.4512,21.4416,-4708.4346,-28632.4824,25.0630,772.3259,0.0005,0.0006,3.1416,0.7852,3.1415,1
-4703.1636,-28634.3926,24.9425,-5252.6211,-28084.4492,21.4417,-4703.7944,-28633.3164,22.6696,776.1864,-0.0000,0.0001,3.1415,0.7852,3.1415,1
-4703.1636,-28634.3926,24.9425,-5252.6211,-28084.4492,21.4416,-4699.1475,-28634.1191,20.1859,780.0474,-0.0006,-0.0004,3.1416,0.7852,3.1415,1
-4703.1636,-28634.3926,24.9425,-5252.6211,-28084.4492,21.4417,-4701.4604,-28641.8555,27.5961,783.9081,0.0009,0.0011,3.1415,0.7852,3.1415,1
-4703.1636,-28634.3926,24.9425,-5252.6211,-28084.4492,21.4416,-4707.7612,-28631.6582,25.0494,772.2169,0.0003,0.0006,3.1416,0.7852,3.1415,1
-4703.1636,-28634.3926,24.9425,-5252.6216,-28084.4492,21.4417,-4703.1206,-28632.4863,22.6563,776.0775,-0.0002,0.0001,3.1415,0.7852,3.1415,1
-4703.1636,-28634.3926,24.9425,-5252.6216,-28084.4492,21.4416,-4698.4727,-28633.2832,20.1730,779.9384,-0.0008,-0.0004,3.1416,0.7852,3.1415,1
-4703.1636,-28634.3926,24.9425,-5252.6216,-28084.4492,21.4417,-4700.7744,-28641.0234,27.5820,783.7991,0.0006,0.0011,3.1415,0.7852,3.1415,1
-4703.1636,-28634.3926,24.9425,-5252.6216,-28084.4492,21.4416,-4701.1992,-28642.1211,22.2474,784.2604,0.0009,0.0001,3.1416,0.7852,3.1415,1
-4703.1636,-28634.3926,24.9425,-5252.6216,-28084.4492,21.4417,-4706.3364,-28634.2402,26.4214,775.0591,0.0005,0.0009,3.1415,0.7852,3.1415,1
-4703.1636,-28634.3926,24.9425,-5252.6216,-28084.4492,21.4416,-4704.7290,-28639.3770,20.1606,779.8294,0.0010,-0.0004,3.1416,0.7852,3.1415,1
-4703.1636,-28634.3926,24.9425,-5252.6216,-28084.4492,21.4417,-4700.0889,-28640.1895,27.5679,783.6902,0.0004,0.0011,3.1415,0.7852,3.1415,1
-4703.1636,-28634.3926,24.9425,-5252.6216,-28084.4492,21.4416,-4706.4180,-28630.0078,25.0224,771.9990,-0.0001,0.0006,3.1416,0.7852,3.1415,1
-4703.1636,-28634.3926,24.9425,-5252.6216,-28084.4492,21.4417,-4701.7749,-28630.8242,22.6297,775.8600,-0.0007,0.0001,3.1415,0.7852,3.1415,1
-4703.1636,-28634.3926,24.9425,-5252.6216,-28084.4492,21.4416,-4704.0454,-28638.5488,20.1476,779.7206,0.0008,-0.0004,3.1416,0.7852,3.1415,1
-4703.1636,-28634.3926,24.9425,-5252.6216,-28084.4492,21.4417,-4699.4048,-28639.3535,27.5538,783.5817,0.0002,0.0011,3.1415,0.7852,3.1415,1
-4703.1636,-28634.3926,24.9425,-5252.6216,-28084.4492,21.4416,-4705.7480,-28629.1836,25.0089,771.8901,-0.0003,0.0006,3.1416,0.7852,3.1415,1
-4703.1636,-28634.3926,24.9425,-5252.6216,-28084.4492,21.4417,-4701.1045,-28629.9922,22.6165,775.7510,-0.0009,0.0001,3.1415,0.7852,3.1415,1
-4703.1636,-28634.3926,24.9425,-5252.6221,-28084.4492,21.4416,-4703.3643,-28637.7188,20.1347,779.6116,0.0005,-0.0004,3.1416,0.7852,3.1415,1
-4703.1636,-28634.3926,24.9425,-5252.6221,-28084.4492,21.4417,-4704.7441,-28636.0684,29.4336,777.5021,0.0005,0.0015,3.1415,0.7852,3.1415,1
-4703.1636,-28634.3926,24.9425,-5252.6221,-28084.4492,21.4416,-4705.0801,-28628.3555,24.9956,771.7811,-0.0006,0.0006,3.1416,0.7852,3.1415,1
-4703.1636,-28634.3926,24.9425,-5252.6221,-28084.4492,21.4417,-4707.3242,-28636.0566,22.6043,775.6420,0.0009,0.0001,3.1415,0.7852,3.1415,1
-4703.1636,-28634.3926,24.9425,-5252.6221,-28084.4492,21.4416,-4702.6836,-28636.8887,20.1220,779.5025,0.0003,-0.0004,3.1416,0.7852,3.1415,1
-4703.1636,-28634.3926,24.9425,-5252.6221,-28084.4492,21.4417,-4698.0405,-28637.6816,27.5260,783.3638,-0.0002,0.0011,3.1415,0.7852,3.1415,1
-4703.1636,-28634.3926,24.9425,-5252.6221,-28084.4492,21.4416,-4704.4126,-28627.5293,24.9821,771.6721,-0.0008,0.0006,3.1416,0.7852,3.1415,1
-4703.1636,-28634.3926,24.9425,-5252.6221,-28084.4492,21.4417,-4706.6455,-28635.2305,22.5910,775.5331,0.0007,0.0001,3.1415,0.7852,3.1415,1
-4703.1636,-28634.3926,24.9425,-5252.6221,-28084.4492,21.4416,-4702.0039,-28636.0566,20.1090,779.3936,0.0001,-0.0004,3.1416,0.7852,3.1415,1
-4703.1636,-28634.3926,24.9425,-5252.6221,-28084.4492,21.4417,-4697.3604,-28636.8457,27.5119,783.2548,-0.0004,0.0011,3.1415,0.7852,3.1415,1
-4703.1636,-28634.3926,24.9425,-5252.6221,-28084.4492,21.4416,-4710.6040,-28633.5547,24.9692,771.5631,0.0010,0.0006,3.1416,0.7852,3.1415,1
-4703.1636,-28634.3926,24.9425,-5252.6221,-28084.4492,21.4417,-4705.9683,-28634.4062,22.5778,775.4241,0.0004,0.0001,3.1415,0.7852,3.1415,1
-4703.1636,-28634.3926,24.9425,-5252.6221,-28084.4492,21.4416,-4701.3525,-28635.1973,29.8890,779.2846,-0.0001,0.0016,3.1416,0.7852,3.1415,1
-4703.1636,-28634.3926,24.9425,-5252.6226,-28084.4492,21.4417,-4696.6816,-28636.0078,27.4978,783.1459,-0.0007,0.0011,3.1415,0.7852,3.1415,1
-4703.1636,-28634.3926,24.9425,-5252.6226,-28084.4492,21.4416,-4709.2510,-28631.0684,29.5725,770.7807,0.0004,0.0016,3.1416,0.7852,3.1415,1
-4703.1636,-28634.3926,24.9425,-5252.6226,-28084.4492,21.4417,-4705.2925,-28633.5781,22.5645,775.3152,0.0002,0.0001,3.1415,0.7852,3.1415,1
-4703.1636,-28634.3926,24.9425,-5252.6226,-28084.4492,21.4416,-4700.6758,-28634.3652,29.8747,779.1757,-0.0003,0.0016,3.1416,0.7852,3.1415,1
-4703.1636,-28634.3926,24.9425,-5252.6226,-28084.4492,21.4417,-4696.0039,-28635.1680,27.4837,783.0369,-0.0009,0.0011,3.1415,0.7852,3.1415,1
-4703.1636,-28634.3926,24.9425,-5252.6226,-28084.4492,21.4416,-4709.2549,-28631.9121,24.9422,771.3452,0.0006,0.0006,3.1416,0.7852,3.1415,1
-4703.1636,-28634.3926,24.9425,-5252.6226,-28084.4492,21.4417,-4704.6177,-28632.7520,22.5513,775.2062,0.0000,0.0001,3.1415,0.7852,3.1415,1
-4703.1636,-28634.3926,24.9425,-5252.6226,-28084.4492,21.4416,-4700.0000,-28633.5312,29.8604,779.0667,-0.0005,0.0016,3.1416,0.7852,3.1415,1
-4703.1636,-28634.3926,24.9425,-5252.6226,-28084.4492,21.4417,-4699.6982,-28641.0547,26.8224,784.5763,0.0005,0.0010,3.1415,0.7852,3.1415,1
-4703.1636,-28634.3926,24.9425,-5252.6226,-28084.4492,21.4416,-4701.0000,-28636.2617,27.1195,780.2639,-0.0000,0.0011,3.1416,0.7852,3.1415,1
-4703.1636,-28634.3926,24.9425,-5252.6226,-28084.4492,21.4417,-4703.9438,-28631.9219,22.5380,775.0972,-0.0002,0.0001,3.1415,0.7852,3.1415,1
-4703.1636,-28634.3926,24.9425,-5252.6226,-28084.4492,21.4416,-4699.3257,-28632.6973,29.8460,778.9577,-0.0008,0.0016,3.1416,0.7852,3.1415,1
-4703.1636,-28634.3926,24.9425,-5252.6230,-28084.4492,21.4417,-4701.5957,-28640.4570,27.4564,782.8190,0.0007,0.0011,3.1415,0.7852,3.1415,1
-4703.1636,-28634.3926,24.9425,-5252.6230,-28084.4492,21.4416,-4707.9111,-28630.2676,24.9152,771.1273,0.0001,0.0006,3.1416,0.7852,3.1415,1
-4703.1636,-28634.3926,24.9425,-5252.6230,-28084.4492,21.4417,-4703.2720,-28631.0938,22.5247,774.9883,-0.0004,0.0001,3.1415,0.7852,3.1415,1
-4703.1636,-28634.3926,24.9425,-5252.6230,-28084.4492,21.4416,-4711.7261,-28632.3477,29.1652,769.9445,0.0010,0.0015,3.1416,0.7852,3.1415,1
-4703.1636,-28634.3926,24.9425,-5252.6230,-28084.4492,21.4417,-4700.9111,-28639.6230,27.4423,782.7100,0.0005,0.0011,3.1415,0.7852,3.1415,1
-4703.1636,-28634.3926,24.9425,-5252.6230,-28084.4492,21.4416,-4707.2407,-28629.4434,24.9017,771.0182,-0.0001,0.0006,3.1416,0.7852,3.1415,1
-4703.1636,-28634.3926,24.9425,-5252.6230,-28084.4492,21.4417,-4702.6011,-28630.2637,22.5115,774.8792,-0.0006,0.0001,3.1415,0.7852,3.1415,1
-4703.1636,-28634.3926,24.9425,-5252.6230,-28084.4492,21.4416,-4704.8931,-28637.9531,29.8180,778.7398,0.0008,0.0016,3.1416,0.7852,3.1415,1
-4703.1636,-28634.3926,24.9425,-5252.6230,-28084.4492,21.4417,-4703.2456,-28637.4297,21.2757,779.4894,0.0005,-0.0001,3.1415,0.7852,3.1415,1
-4703.1636,-28634.3926,24.9425,-5252.6230,-28084.4492,21.4416,-4704.5576,-28632.6484,21.6009,775.1770,-0.0000,-0.0001,3.1416,0.7852,3.1415,1
-4703.1636,-28634.3926,24.9425,-5252.6230,-28084.4492,21.4417,-4701.9312,-28629.4336,22.4983,774.7703,-0.0009,0.0001,3.1415,0.7852,3.1415,1
-4703.1636,-28634.3926,24.9425,-5252.6230,-28084.4492,21.4416,-4704.2119,-28637.1230,29.8037,778.6308,0.0006,0.0016,3.1416,0.7852,3.1415,1
-4703.1636,-28634.3926,24.9425,-5252.6230,-28084.4492,21.4417,-4699.5459,-28637.9551,27.4142,782.4921,0.0000,0.0011,3.1415,0.7852,3.1415,1
-4703.1636,-28634.3926,24.9425,-5252.6230,-28084.4492,21.4416,-4706.3237,-28631.1035,27.2310,772.8526,0.0000,0.0011,3.1416,0.7852,3.1415,1
-4703.1636,-28634.3926,24.9425,-5252.6235,-28084.4492,21.4417,-4696.0581,-28637.6406,23.4252,784.7218,-0.0005,0.0003,3.1415,0.7852,3.1415,1
-4703.1636,-28634.3926,24.9425,-5252.6235,-28084.4492,21.4416,-4703.5322,-28636.2949,29.7894,778.5219,0.0004,0.0016,3.1416,0.7852,3.1415,1
-4703.1636,-28634.3926,24.9425,-5252.6235,-28084.4492,21.4417,-4698.8652,-28637.1211,27.4002,782.3831,-0.0002,0.0011,3.1415,0.7852,3.1415,1
-4703.1636,-28634.3926,24.9425,-5252.6235,-28084.4492,21.4416,-4705.2378,-28626.9668,24.8612,770.6914,-0.0007,0.0006,3.1416,0.7852,3.1415,1
-4703.1636,-28634.3926,24.9425,-5252.6235,-28084.4492,21.4417,-4707.4663,-28634.6621,22.4726,774.5524,0.0007,0.0001,3.1415,0.7852,3.1415,1
-4703.1636,-28634.3926,24.9425,-5252.6235,-28084.4492,21.4416,-4702.8535,-28635.4648,29.7751,778.4129,0.0001,0.0016,3.1416,0.7852,3.1415,1
-4703.1636,-28634.3926,24.9425,-5252.6235,-28084.4473,21.4417,-4698.1855,-28636.2832,27.3861,782.2742,-0.0004,0.0011,3.1415,0.7852,3.1415,1
-4703.1636,-28634.3926,24.9425,-5252.6235,-28084.4492,21.4416,-4704.5723,-28626.1406,24.8477,770.5824,-0.0010,0.0006,3.1416,0.7852,3.1415,1
-4703.1636,-28634.3926,24.9425,-5252.6235,-28084.4473,21.4417,-4706.7900,-28633.8359,22.4594,774.4434,0.0005,0.0001,3.1415,0.7852,3.1415,1
-4703.1636,-28634.3926,24.9425,-5252.6235,-28084.4473,21.4416,-4702.1758,-28634.6328,29.7608,778.3040,-0.0001,0.0016,3.1416,0.7852,3.1415,1
-4703.1636,-28634.3926,24.9425,-5252.6235,-28084.4473,21.4417,-4697.5073,-28635.4453,27.3721,782.1652,-0.0006,0.0011,3.1415,0.7852,3.1415,1
-4703.1636,-28634.3926,24.9425,-5252.6235,-28084.4473,21.4416,-4710.7480,-28632.1621,24.8349,770.4734,0.0008,0.0006,3.1416,0.7852,3.1415,1
-4703.1636,-28634.3926,24.9425,-5252.6240,-28084.4473,21.4417,-4706.1152,-28633.0098,22.4461,774.3344,0.0003,0.0001,3.1415,0.7852,3.1415,1
-4703.1636,-28634.3926,24.9425,-5252.6240,-28084.4473,21.4416,-4701.5000,-28633.8008,29.7468,778.1949,-0.0003,0.0016,3.1416,0.7852,3.1415,1
-4703.1636,-28634.3926,24.9425,-5252.6240,-28084.4473,21.4417,-4696.8311,-28634.6074,27.3583,782.0562,-0.0008,0.0011,3.1415,0.7852,3.1415,1
-4703.1636,-28634.3926,24.9425,-5252.6240,-28084.4473,21.4416,-4710.0752,-28631.3418,24.8217,770.3644,0.0006,0.0006,3.1416,0.7852,3.1415,1
-4703.1636,-28634.3926,24.9425,-5252.6240,-28084.4473,21.4417,-4705.4409,-28632.1836,22.4332,774.2255,0.0000,0.0001,3.1415,0.7852,3.1415,1
-4703.1636,-28634.3926,24.9425,-5252.6240,-28084.4473,21.4416,-4700.8252,-28632.9688,29.7325,778.0859,-0.0005,0.0016,3.1416,0.7852,3.1415,1
-4703.1636,-28634.3926,24.9425,-5252.6240,-28084.4473,21.4417,-4703.1016,-28640.7188,27.3451,781.9473,0.0009,0.0011,3.1415,0.7852,3.1415,1
-4703.1636,-28634.3926,24.9425,-5252.6240,-28084.4473,21.4416,-4709.4033,-28630.5215,24.8082,770.2556,0.0004,0.0006,3.1416,0.7852,3.1415,1
-4703.1636,-28634.3926,24.9425,-5252.6240,-28084.4473,21.4417,-4704.7681,-28631.3574,22.4200,774.1166,-0.0002,0.0001,3.1415,0.7852,3.1415,1
-4703.1636,-28634.3926,24.9425,-5252.6240,-28084.4473,21.4416,-4702.1187,-28631.3398,26.0366,775.9922,-0.0006,0.0008,3.1416,0.7852,3.1415,1
-4703.1636,-28634.3926,24.9425,-5252.6240,-28084.4473,21.4417,-4711.0581,-28632.3652,22.8628,770.3948,0.0009,0.0002,3.1415,0.7852,3.1415,1
-4703.1636,-28634.3926,24.9425,-5252.6240,-28084.4473,21.4416,-4698.2329,-28639.3496,23.8051,784.3907,0.0000,0.0004,3.1416,0.7852,3.1415,1
-4703.1636,-28634.3926,24.9425,-5252.6240,-28084.4473,21.4417,-4701.8013,-28634.0156,27.7541,778.1163,-0.0002,0.0012,3.1415,0.7852,3.1415,1
-4703.1636,-28634.3926,24.9425,-5252.6240,-28084.4473,21.4416,-4697.1377,-28634.8203,25.2896,781.9768,-0.0008,0.0007,3.1416,0.7852,3.1415,1
-4703.1636,-28634.3926,24.9425,-5252.6245,-28084.4473,21.4417,-4710.3848,-28631.5449,22.8496,770.2858,0.0007,0.0002,3.1415,0.7852,3.1415,1
-4703.1636,-28634.3926,24.9425,-5252.6245,-28084.4473,21.4416,-4705.7554,-28632.3848,20.3856,774.1463,0.0001,-0.0003,3.1416,0.7852,3.1415,1
-4703.1636,-28634.3926,24.9425,-5252.6245,-28084.4473,21.4417,-4701.1265,-28633.1836,27.7401,778.0073,-0.0004,0.0012,3.1415,0.7852,3.1415,1
-4703.1636,-28634.3926,24.9425,-5252.6245,-28084.4473,21.4416,-4696.4619,-28633.9824,25.2759,781.8678,-0.0010,0.0007,3.1416,0.7852,3.1415,1
-4703.1636,-28634.3926,24.9425,-5252.6245,-28084.4473,21.4417,-4709.7124,-28630.7246,22.8364,770.1768,0.0005,0.0002,3.1415,0.7852,3.1415,1
-4703.1636,-28634.3926,24.9425,-5252.6245,-28084.4473,21.4416,-4705.0825,-28631.5566,20.3727,774.0374,-0.0001,-0.0003,3.1416,0.7852,3.1415,1
-4703.1636,-28634.3926,24.9425,-5252.6245,-28084.4473,21.4417,-4700.4526,-28632.3516,27.7261,777.8984,-0.0007,0.0012,3.1415,0.7852,3.1415,1
-4703.1636,-28634.3926,24.9425,-5252.6245,-28084.4473,21.4416,-4702.7261,-28640.0977,25.2628,781.7589,0.0008,0.0007,3.1416,0.7852,3.1415,1
-4703.1636,-28634.3926,24.9425,-5252.6245,-28084.4473,21.4417,-4709.0415,-28629.9023,22.8231,770.0678,0.0002,0.0002,3.1415,0.7852,3.1415,1
-4703.1636,-28634.3926,24.9425,-5252.6245,-28084.4473,21.4416,-4704.4106,-28630.7285,20.3598,773.9283,-0.0003,-0.0003,3.1416,0.7852,3.1415,1
-4703.1636,-28634.3926,24.9425,-5252.6245,-28084.4473,21.4417,-4699.7798,-28631.5176,27.7121,777.7894,-0.0009,0.0012,3.1415,0.7852,3.1415,1
-4703.1636,-28634.3926,24.9425,-5252.6245,-28084.4473,21.4416,-4702.0420,-28639.2676,25.2491,781.6499,0.0006,0.0007,3.1416,0.7852,3.1415,1
-4703.1636,-28634.3926,24.9425,-5252.6250,-28084.4473,21.4417,-4708.3721,-28629.0801,22.8099,769.9589,0.0000,0.0002,3.1415,0.7852,3.1415,1
-4703.1636,-28634.3926,24.9425,-5252.6250,-28084.4473,21.4416,-4703.7402,-28629.9004,20.3469,773.8195,-0.0005,-0.0003,3.1416,0.7852,3.1415,1
-4703.1636,-28634.3926,24.9425,-5252.6250,-28084.4473,21.4417,-4699.8325,-28641.3008,28.8353,784.6744,0.0005,0.0014,3.1415,0.7852,3.1415,1
-4703.1636,-28634.3926,24.9425,-5252.6250,-28084.4473,21.4416,-4701.1328,-28636.5078,29.1211,780.3625,0.0000,0.0015,3.1416,0.7852,3.1415,1
-4703.1636,-28634.3926,24.9425,-5252.6250,-28084.4473,21.4417,-4707.7036,-28628.2559,22.7967,769.8499,-0.0002,0.0002,3.1415,0.7852,3.1415,1
-4703.1636,-28634.3926,24.9425,-5252.6250,-28084.4473,21.4416,-4703.0708,-28629.0723,20.3340,773.7104,-0.0008,-0.0003,3.1416,0.7852,3.1415,1
-4703.1636,-28634.3926,24.9425,-5252.6250,-28084.4473,21.4417,-4705.3354,-28636.7676,27.6848,777.5715,0.0007,0.0012,3.1415,0.7852,3.1415,1
-4703.1636,-28634.3926,24.9425,-5252.6250,-28084.4473,21.4416,-4700.6777,-28637.6016,25.2216,781.4320,0.0001,0.0007,3.1416,0.7852,3.1415,1
-4703.1636,-28634.3926,24.9425,-5252.6250,-28084.4473,21.4417,-4696.0127,-28638.4043,22.8005,785.2932,-0.0004,0.0002,3.1415,0.7852,3.1415,1
-4703.1636,-28634.3926,24.9425,-5252.6250,-28084.4473,21.4416,-4706.3140,-28628.3652,21.4170,770.9104,-0.0004,-0.0001,3.1416,0.7852,3.1415,1
-4703.1636,-28634.3926,24.9425,-5252.6250,-28084.4473,21.4417,-4704.6562,-28635.9414,27.6708,777.4625,0.0005,0.0012,3.1415,0.7852,3.1415,1
-4703.1636,-28634.3926,24.9425,-5252.6250,-28084.4473,21.4416,-4699.9976,-28636.7676,25.2079,781.3230,-0.0001,0.0007,3.1416,0.7852,3.1415,1
-4703.1636,-28634.3926,24.9425,-5252.6250,-28084.4473,21.4417,-4695.3315,-28637.5645,22.7871,785.1843,-0.0006,0.0002,3.1415,0.7852,3.1415,1
-4703.1636,-28634.3926,24.9425,-5252.6255,-28084.4473,21.4416,-4708.6025,-28634.2910,20.3088,773.4925,0.0008,-0.0003,3.1416,0.7852,3.1415,1
-4703.1636,-28634.3926,24.9425,-5252.6255,-28084.4473,21.4417,-4703.9785,-28635.1133,27.6568,777.3535,0.0003,0.0012,3.1415,0.7852,3.1415,1
-4703.1636,-28634.3926,24.9425,-5252.6255,-28084.4473,21.4416,-4699.3188,-28635.9336,25.1942,781.2141,-0.0003,0.0007,3.1416,0.7852,3.1415,1
-4703.1636,-28634.3926,24.9425,-5252.6255,-28084.4473,21.4417,-4694.6519,-28636.7227,22.7736,785.0753,-0.0009,0.0002,3.1415,0.7852,3.1415,1
-4703.1636,-28634.3926,24.9425,-5252.6255,-28084.4473,21.4416,-4707.9263,-28633.4668,20.2959,773.3840,0.0006,-0.0003,3.1416,0.7852,3.1415,1
-4703.1636,-28634.3926,24.9425,-5252.6255,-28084.4473,21.4417,-4703.3013,-28634.2832,27.6428,777.2445,0.0000,0.0012,3.1415,0.7852,3.1415,1
-4703.1636,-28634.3926,24.9425,-5252.6255,-28084.4473,21.4416,-4698.6406,-28635.0977,25.1805,781.1055,-0.0005,0.0007,3.1416,0.7852,3.1415,1
-4703.1636,-28634.3926,24.9425,-5252.6255,-28084.4473,21.4417,-4700.9468,-28642.8574,22.7610,784.9663,0.0009,0.0002,3.1415,0.7852,3.1415,1
-4703.1636,-28634.3926,24.9425,-5252.6255,-28084.4473,21.4416,-4707.2515,-28632.6426,20.2833,773.2751,0.0004,-0.0003,3.1416,0.7852,3.1415,1
-4703.1636,-28634.3926,24.9425,-5252.6255,-28084.4473,21.4417,-4702.6255,-28633.4531,27.6291,777.1356,-0.0002,0.0012,3.1415,0.7852,3.1415,1
-4703.1636,-28634.3926,24.9425,-5252.6255,-28084.4473,21.4416,-4697.9639,-28634.2617,25.1671,780.9967,-0.0007,0.0007,3.1416,0.7852,3.1415,1
-4703.1636,-28634.3926,24.9425,-5252.6255,-28084.4473,21.4417,-4700.2588,-28642.0234,22.7479,784.8574,0.0007,0.0002,3.1415,0.7852,3.1415,1
-4703.1636,-28634.3926,24.9425,-5252.6255,-28084.4473,21.4416,-4706.5776,-28631.8184,20.2705,773.1661,0.0002,-0.0003,3.1416,0.7852,3.1415,1
-4703.1636,-28634.3926,24.9425,-5252.6260,-28084.4473,21.4417,-4701.9512,-28632.6211,27.6151,777.0267,-0.0004,0.0012,3.1415,0.7852,3.1415,1
-4703.1636,-28634.3926,24.9425,-5252.6260,-28084.4473,21.4416,-4697.2891,-28633.4238,25.1534,780.8877,-0.0010,0.0007,3.1416,0.7852,3.1415,1
-4703.1636,-28634.3926,24.9425,-5252.6260,-28084.4473,21.4417,-4699.5728,-28641.1895,22.7344,784.7484,0.0005,0.0002,3.1415,0.7852,3.1415,1
-4703.1636,-28634.3926,24.9425,-5252.6260,-28084.4473,21.4416,-4705.9058,-28630.9922,20.2576,773.0571,-0.0001,-0.0003,3.1416,0.7852,3.1415,1
-4703.1636,-28634.3926,24.9425,-5252.6260,-28084.4473,21.4417,-4701.2778,-28631.7910,27.6011,776.9177,-0.0006,0.0012,3.1415,0.7852,3.1415,1
-4703.1636,-28634.3926,24.9425,-5252.6260,-28084.4473,21.4416,-4703.5469,-28639.5312,25.1404,780.7787,0.0008,0.0007,3.1416,0.7852,3.1415,1
-4703.1636,-28634.3926,24.9425,-5252.6260,-28084.4453,21.4417,-4698.8872,-28640.3516,22.7210,784.6395,0.0003,0.0002,3.1415,0.7852,3.1415,1
-4703.1636,-28634.3926,24.9425,-5252.6260,-28084.4473,21.4416,-4703.4214,-28628.3496,28.7671,772.9823,-0.0008,0.0014,3.1416,0.7852,3.1415,1
-4703.1636,-28634.3926,24.9425,-5252.6260,-28084.4453,21.4417,-4705.2837,-28633.2891,25.8242,775.1313,0.0002,0.0008,3.1415,0.7852,3.1415,1
-4703.1636,-28634.3926,24.9425,-5252.6260,-28084.4453,21.4416,-4702.8638,-28638.6992,25.1267,780.6697,0.0006,0.0007,3.1416,0.7852,3.1415,1
-4703.1636,-28634.3926,24.9425,-5252.6260,-28084.4453,21.4417,-4698.2031,-28639.5156,22.7075,784.5305,0.0001,0.0002,3.1415,0.7852,3.1415,1
-4703.1636,-28634.3926,24.9425,-5252.6260,-28084.4453,21.4416,-4704.5645,-28629.3359,20.2318,772.8391,-0.0005,-0.0003,3.1416,0.7852,3.1415,1
-4703.1636,-28634.3926,24.9425,-5252.6265,-28084.4453,21.4417,-4706.8364,-28637.0254,27.5740,776.6997,0.0009,0.0012,3.1415,0.7852,3.1415,1
-4703.1636,-28634.3926,24.9425,-5252.6265,-28084.4453,21.4416,-4702.1821,-28637.8672,25.1130,780.5607,0.0004,0.0007,3.1416,0.7852,3.1415,1
-4703.1636,-28634.3926,24.9425,-5252.6265,-28084.4453,21.4417,-4697.5205,-28638.6777,22.6940,784.4214,-0.0002,0.0002,3.1415,0.7852,3.1415,1
-4703.1636,-28634.3926,24.9425,-5252.6265,-28084.4453,21.4416,-4703.8965,-28628.5078,20.2189,772.7302,-0.0007,-0.0004,3.1416,0.7852,3.1415,1
-4703.1636,-28634.3926,24.9425,-5252.6265,-28084.4453,21.4417,-4706.1562,-28636.1992,27.5599,776.5908,0.0007,0.0011,3.1415,0.7852,3.1415,1
-4703.1636,-28634.3926,24.9425,-5252.6265,-28084.4453,21.4416,-4702.0122,-28635.4414,23.7883,778.9586,0.0000,0.0004,3.1416,0.7852,3.1415,1
-4703.1636,-28634.3926,24.9425,-5252.6265,-28084.4453,21.4417,-4696.8389,-28637.8398,22.6806,784.3126,-0.0004,0.0001,3.1415,0.7852,3.1415,1
-4703.1636,-28634.3926,24.9425,-5252.6265,-28084.4453,21.4416,-4703.2290,-28627.6797,20.2060,772.6213,-0.0009,-0.0004,3.1416,0.7852,3.1415,1
-4703.1636,-28634.3926,24.9425,-5252.6265,-28084.4453,21.4417,-4705.4775,-28635.3730,27.5459,776.4818,0.0005,0.0011,3.1415,0.7852,3.1415,1
-4703.1636,-28634.3926,24.9425,-5252.6265,-28084.4453,21.4416,-4700.8213,-28636.2031,25.0856,780.3428,-0.0000,0.0006,3.1416,0.7852,3.1415,1
-4703.1636,-28634.3926,24.9425,-5252.6265,-28084.4453,21.4417,-4696.1582,-28637.0020,22.6672,784.2036,-0.0006,0.0001,3.1415,0.7852,3.1415,1
-4703.1636,-28634.3926,24.9425,-5252.6265,-28084.4453,21.4416,-4709.4224,-28633.7188,20.1938,772.5123,0.0008,-0.0004,3.1416,0.7852,3.1415,1
-4703.1636,-28634.3926,24.9425,-5252.6265,-28084.4453,21.4417,-4704.7998,-28634.5449,27.5319,776.3728,0.0003,0.0011,3.1415,0.7852,3.1415,1
-4703.1636,-28634.3926,24.9425,-5252.6265,-28084.4453,21.4416,-4700.1426,-28635.3691,25.0719,780.2338,-0.0003,0.0006,3.1416,0.7852,3.1415,1
-4703.1636,-28634.3926,24.9425,-5252.6270,-28084.4453,21.4417,-4695.4795,-28636.1621,22.6538,784.0945,-0.0008,0.0001,3.1415,0.7852,3.1415,1
-4703.1636,-28634.3926,24.9425,-5252.6270,-28084.4453,21.4416,-4708.7471,-28632.8965,20.1809,772.4033,0.0006,-0.0004,3.1416,0.7852,3.1415,1
-4703.1636,-28634.3926,24.9425,-5252.6270,-28084.4453,21.4417,-4704.1240,-28633.7168,27.5180,776.2639,0.0001,0.0011,3.1415,0.7852,3.1415,1
-4703.1636,-28634.3926,24.9425,-5252.6270,-28084.4453,21.4416,-4699.4663,-28634.5352,25.0582,780.1248,-0.0005,0.0006,3.1416,0.7852,3.1415,1
-4703.1636,-28634.3926,24.9425,-5252.6270,-28084.4453,21.4417,-4701.7686,-28642.2871,22.6412,783.9857,0.0010,0.0001,3.1415,0.7852,3.1415,1
-4703.1636,-28634.3926,24.9425,-5252.6270,-28084.4453,21.4416,-4707.3711,-28635.2500,26.4172,775.0543,0.0008,0.0009,3.1416,0.7852,3.1415,1
-4703.1636,-28634.3926,24.9425,-5252.6270,-28084.4453,21.4417,-4703.4492,-28632.8887,27.5040,776.1549,-0.0001,0.0011,3.1415,0.7852,3.1415,1
-4703.1636,-28634.3926,24.9425,-5252.6270,-28084.4453,21.4416,-4706.7944,-28630.5820,29.4256,772.1757,0.0000,0.0015,3.1416,0.7852,3.1415,1
-4703.1636,-28634.3926,24.9425,-5252.6270,-28084.4453,21.4417,-4701.0811,-28641.4551,22.6277,783.8766,0.0007,0.0001,3.1415,0.7852,3.1415,1
-4703.1636,-28634.3926,24.9425,-5252.6270,-28084.4453,21.4416,-4707.4004,-28631.2500,20.1552,772.1854,0.0002,-0.0004,3.1416,0.7852,3.1415,1
-4703.1636,-28634.3926,24.9425,-5252.6270,-28084.4453,21.4417,-4702.7754,-28632.0586,27.4900,776.0458,-0.0004,0.0011,3.1415,0.7852,3.1415,1
-4703.1636,-28634.3926,24.9425,-5252.6270,-28084.4453,21.4416,-4698.1157,-28632.8633,25.0309,779.9069,-0.0009,0.0006,3.1416,0.7852,3.1415,1
-4703.1636,-28634.3926,24.9425,-5252.6274,-28084.4453,21.4417,-4700.3955,-28640.6211,22.6143,783.7677,0.0005,0.0001,3.1415,0.7852,3.1415,1
-4703.1636,-28634.3926,24.9425,-5252.6274,-28084.4453,21.4416,-4706.7290,-28630.4258,20.1424,772.0764,-0.0000,-0.0004,3.1416,0.7852,3.1415,1
-4703.1636,-28634.3926,24.9425,-5252.6274,-28084.4453,21.4417,-4702.1030,-28631.2266,27.4761,775.9370,-0.0006,0.0011,3.1415,0.7852,3.1415,1
-4703.1636,-28634.3926,24.9425,-5252.6274,-28084.4453,21.4416,-4704.3677,-28638.9609,25.0179,779.7980,0.0009,0.0006,3.1416,0.7852,3.1415,1
-4703.1636,-28634.3926,24.9425,-5252.6274,-28084.4453,21.4417,-4699.7109,-28639.7871,22.6009,783.6588,0.0003,0.0001,3.1415,0.7852,3.1415,1
-4703.1636,-28634.3926,24.9425,-5252.6274,-28084.4453,21.4416,-4706.0586,-28629.5996,20.1296,771.9674,-0.0002,-0.0004,3.1416,0.7852,3.1415,1
-4703.1636,-28634.3926,24.9425,-5252.6274,-28084.4453,21.4417,-4701.4316,-28630.3965,27.4621,775.8280,-0.0008,0.0011,3.1415,0.7852,3.1415,1
-4703.1636,-28634.3926,24.9425,-5252.6274,-28084.4453,21.4416,-4703.6851,-28638.1309,25.0042,779.6890,0.0006,0.0006,3.1416,0.7852,3.1415,1
-4703.1636,-28634.3926,24.9425,-5252.6274,-28084.4453,21.4417,-4699.0273,-28638.9512,22.5878,783.5497,0.0001,0.0001,3.1415,0.7852,3.1415,1
-4703.1636,-28634.3926,24.9425,-5252.6274,-28084.4453,21.4416,-4705.4160,-28628.7461,29.8166,771.8585,-0.0005,0.0016,3.1416,0.7852,3.1415,1
-4703.1636,-28634.3926,24.9425,-5252.6274,-28084.4453,21.4417,-4707.6553,-28636.4551,27.4493,775.7190,0.0010,0.0011,3.1415,0.7852,3.1415,1
-4703.1636,-28634.3926,24.9425,-5252.6274,-28084.4453,21.4416,-4703.0034,-28637.3008,24.9908,779.5800,0.0004,0.0006,3.1416,0.7852,3.1415,1
-4703.1636,-28634.3926,24.9425,-5252.6274,-28084.4453,21.4417,-4698.3452,-28638.1152,22.5744,783.4408,-0.0001,0.0001,3.1415,0.7852,3.1415,1
-4703.1636,-28634.3926,24.9425,-5252.6279,-28084.4453,21.4416,-4704.7485,-28627.9180,29.8024,771.7495,-0.0007,0.0016,3.1416,0.7852,3.1415,1
-4703.1636,-28634.3926,24.9425,-5252.6279,-28084.4453,21.4417,-4706.9766,-28635.6309,27.4353,775.6100,0.0008,0.0011,3.1415,0.7852,3.1415,1
-4703.1636,-28634.3926,24.9425,-5252.6279,-28084.4453,21.4416,-4702.3242,-28636.4707,24.9772,779.4711,0.0002,0.0006,3.1416,0.7852,3.1415,1
-4703.1636,-28634.3926,24.9425,-5252.6279,-28084.4453,21.4417,-4697.6650,-28637.2793,22.5610,783.3318,-0.0003,0.0001,3.1415,0.7852,3.1415,1
-4703.1636,-28634.3926,24.9425,-5252.6279,-28084.4453,21.4416,-4704.4429,-28635.2754,24.0543,777.1262,0.0003,0.0004,3.1416,0.7852,3.1415,1
-4703.1636,-28634.3926,24.9425,-5252.6279,-28084.4453,21.4417,-4706.2983,-28634.8047,27.4214,775.5010,0.0005,0.0011,3.1415,0.7852,3.1415,1
-4703.1636,-28634.3926,24.9425,-5252.6279,-28084.4453,21.4416,-4701.6450,-28635.6387,24.9636,779.3621,-0.0000,0.0006,3.1416,0.7852,3.1415,1
-4703.1636,-28634.3926,24.9425,-5252.6279,-28084.4453,21.4417,-4696.9854,-28636.4414,22.5476,783.2228,-0.0006,0.0001,3.1415,0.7852,3.1415,1
-4703.1636,-28634.3926,24.9425,-5252.6279,-28084.4453,21.4416,-4710.2681,-28633.1211,29.7747,771.5316,0.0009,0.0016,3.1416,0.7852,3.1415,1
-4703.1636,-28634.3926,24.9425,-5252.6279,-28084.4453,21.4417,-4705.6216,-28633.9785,27.4074,775.3922,0.0003,0.0011,3.1415,0.7852,3.1415,1
-4703.1636,-28634.3926,24.9425,-5252.6279,-28084.4453,21.4416,-4700.9673,-28634.8066,24.9499,779.2531,-0.0002,0.0006,3.1416,0.7852,3.1415,1
-4703.1636,-28634.3926,24.9425,-5252.6279,-28084.4453,21.4417,-4696.3066,-28635.6016,22.5342,783.1140,-0.0008,0.0001,3.1415,0.7852,3.1415,1
-4703.1636,-28634.3926,24.9425,-5252.6279,-28084.4453,21.4416,-4709.5933,-28632.3008,29.7605,771.4226,0.0007,0.0016,3.1416,0.7852,3.1415,1
-4703.1636,-28634.3926,24.9425,-5252.6284,-28084.4453,21.4417,-4704.9463,-28633.1523,27.3935,775.2831,0.0001,0.0011,3.1415,0.7852,3.1415,1
-4703.1636,-28634.3926,24.9425,-5252.6284,-28084.4453,21.4416,-4700.2915,-28633.9727,24.9363,779.1442,-0.0004,0.0006,3.1416,0.7852,3.1415,1
-4703.1636,-28634.3926,24.9425,-5252.6284,-28084.4453,21.4417,-4695.6299,-28634.7617,22.5209,783.0049,-0.0010,0.0001,3.1415,0.7852,3.1415,1
-4703.1636,-28634.3926,24.9425,-5252.6284,-28084.4453,21.4416,-4708.9204,-28631.4785,29.7463,771.3136,0.0004,0.0016,3.1416,0.7852,3.1415,1
-4703.1636,-28634.3926,24.9425,-5252.6284,-28084.4434,21.4417,-4704.2720,-28632.3223,27.3796,775.1741,-0.0001,0.0011,3.1415,0.7852,3.1415,1
-4703.1636,-28634.3926,24.9425,-5252.6284,-28084.4453,21.4416,-4699.6162,-28633.1387,24.9227,779.0352,-0.0007,0.0006,3.1416,0.7852,3.1415,1
-4703.1636,-28634.3926,24.9425,-5252.6284,-28084.4434,21.4417,-4701.9033,-28640.8848,22.5083,782.8959,0.0008,0.0001,3.1415,0.7852,3.1415,1
-4703.1636,-28634.3926,24.9425,-5252.6284,-28084.4434,21.4416,-4708.2480,-28630.6543,29.7321,771.2046,0.0002,0.0016,3.1416,0.7852,3.1415,1
-4703.1636,-28634.3926,24.9425,-5252.6284,-28084.4434,21.4417,-4703.5991,-28631.4922,27.3656,775.0652,-0.0003,0.0011,3.1415,0.7852,3.1415,1
-4703.1636,-28634.3926,24.9425,-5252.6284,-28084.4434,21.4416,-4698.9424,-28632.3027,24.9090,778.9262,-0.0009,0.0006,3.1416,0.7852,3.1415,1
-4703.1636,-28634.3926,24.9425,-5252.6284,-28084.4434,21.4417,-4701.2178,-28640.0527,22.4949,782.7870,0.0006,0.0001,3.1415,0.7852,3.1415,1
-4703.1636,-28634.3926,24.9425,-5252.6284,-28084.4434,21.4416,-4707.5771,-28629.8301,29.7179,771.0956,0.0000,0.0016,3.1416,0.7852,3.1415,1
-4703.1636,-28634.3926,24.9425,-5252.6289,-28084.4434,21.4417,-4702.9277,-28630.6641,27.3517,774.9562,-0.0005,0.0011,3.1415,0.7852,3.1415,1
-4703.1636,-28634.3926,24.9425,-5252.6289,-28084.4434,21.4416,-4705.1885,-28638.3887,24.8960,778.8173,0.0009,0.0006,3.1416,0.7852,3.1415,1
-4703.1636,-28634.3926,24.9425,-5252.6289,-28084.4434,21.4417,-4700.5347,-28639.2188,22.4816,782.6780,0.0003,0.0001,3.1415,0.7852,3.1415,1
-4703.1636,-28634.3926,24.9425,-5252.6289,-28084.4434,21.4416,-4701.5161,-28635.2832,21.6785,779.1981,-0.0001,-0.0000,3.1416,0.7852,3.1415,1
-4703.1636,-28634.3926,24.9425,-5252.6289,-28084.4434,21.4417,-4702.2568,-28629.8340,27.3378,774.8473,-0.0008,0.0011,3.1415,0.7852,3.1415,1
-4703.1636,-28634.3926,24.9425,-5252.6289,-28084.4434,21.4416,-4704.5063,-28637.5625,24.8824,778.7083,0.0007,0.0006,3.1416,0.7852,3.1415,1
-4703.1636,-28634.3926,24.9425,-5252.6289,-28084.4434,21.4417,-4699.8516,-28638.3848,22.4682,782.5692,0.0001,0.0001,3.1415,0.7852,3.1415,1
-4703.1636,-28634.3926,24.9425,-5252.6289,-28084.4434,21.4416,-4706.2393,-28628.1816,29.6896,770.8777,-0.0004,0.0016,3.1416,0.7852,3.1415,1
-4703.1636,-28634.3926,24.9425,-5252.6289,-28084.4434,21.4417,-4709.9243,-28630.6387,28.0542,769.9969,0.0005,0.0013,3.1415,0.7852,3.1415,1
-4703.1636,-28634.3926,24.9425,-5252.6289,-28084.4434,21.4416,-4703.8257,-28636.7324,24.8688,778.5994,0.0005,0.0006,3.1416,0.7852,3.1415,1
-4703.1636,-28634.3926,24.9425,-5252.6289,-28084.4434,21.4417,-4699.1704,-28637.5508,22.4548,782.4601,-0.0001,0.0001,3.1415,0.7852,3.1415,1
-4703.1636,-28634.3926,24.9425,-5252.6289,-28084.4434,21.4416,-4705.5723,-28627.3555,29.6754,770.7687,-0.0006,0.0016,3.1416,0.7852,3.1415,1
-4703.1636,-28634.3926,24.9425,-5252.6289,-28084.4434,21.4417,-4707.7959,-28635.0605,27.3108,774.6293,0.0008,0.0011,3.1415,0.7852,3.1415,1
-4703.1636,-28634.3926,24.9425,-5252.6289,-28084.4434,21.4416,-4703.1465,-28635.9023,24.8552,778.4904,0.0003,0.0006,3.1416,0.7852,3.1415,1
-4703.1636,-28634.3926,24.9425,-5252.6294,-28084.4434,21.4417,-4698.4907,-28636.7148,22.4415,782.3511,-0.0003,0.0001,3.1415,0.7852,3.1415,1
-4703.1636,-28634.3926,24.9425,-5252.6294,-28084.4434,21.4416,-4704.9067,-28626.5293,29.6612,770.6598,-0.0009,0.0016,3.1416,0.7852,3.1415,1
-4703.1636,-28634.3926,24.9425,-5252.6294,-28084.4434,21.4417,-4707.1191,-28634.2363,27.2968,774.5204,0.0006,0.0011,3.1415,0.7852,3.1415,1
-4703.1636,-28634.3926,24.9425,-5252.6294,-28084.4434,21.4416,-4702.4688,-28635.0723,24.8416,778.3813,0.0000,0.0006,3.1416,0.7852,3.1415,1
-4703.1636,-28634.3926,24.9425,-5252.6294,-28084.4434,21.4417,-4697.8115,-28635.8770,22.4281,782.2422,-0.0005,0.0001,3.1415,0.7852,3.1415,1
-4703.1636,-28634.3926,24.9425,-5252.6294,-28084.4434,21.4416,-4711.0869,-28632.5508,29.6477,770.5508,0.0009,0.0016,3.1416,0.7852,3.1415,1
-4703.1636,-28634.3926,24.9425,-5252.6294,-28084.4434,21.4417,-4702.5039,-28638.0527,22.6154,780.4623,0.0005,0.0001,3.1415,0.7852,3.1415,1
-4703.1636,-28634.3926,24.9425,-5252.6294,-28084.4434,21.4416,-4701.7920,-28634.2422,24.8282,778.2725,-0.0002,0.0006,3.1416,0.7852,3.1415,1
-4703.1636,-28634.3926,24.9425,-5252.6294,-28084.4434,21.4417,-4697.1338,-28635.0410,22.4150,782.1332,-0.0007,0.0001,3.1415,0.7852,3.1415,1
-4703.1636,-28634.3926,24.9425,-5252.6294,-28084.4434,21.4416,-4710.4126,-28631.7305,29.6338,770.4419,0.0007,0.0016,3.1416,0.7852,3.1415,1
-4703.1636,-28634.3926,24.9425,-5252.6294,-28084.4434,21.4417,-4705.7681,-28632.5840,27.2693,774.3024,0.0002,0.0011,3.1415,0.7852,3.1415,1
-4703.1636,-28634.3926,24.9425,-5252.6294,-28084.4434,21.4416,-4701.1162,-28633.4082,24.8146,778.1635,-0.0004,0.0006,3.1416,0.7852,3.1415,1
-4703.1636,-28634.3926,24.9425,-5252.6299,-28084.4434,21.4417,-4696.4580,-28634.2012,22.4017,782.0242,-0.0010,0.0001,3.1415,0.7852,3.1415,1
-4703.1636,-28634.3926,24.9425,-5252.6299,-28084.4434,21.4416,-4698.6104,-28635.2559,29.1082,781.2700,-0.0005,0.0015,3.1416,0.7852,3.1415,1
-4703.1636,-28634.3926,24.9425,-5252.6299,-28084.4434,21.4417,-4704.8818,-28635.6230,25.4569,777.0711,0.0005,0.0007,3.1415,0.7852,3.1415,1
-4703.1636,-28634.3926,24.9425,-5252.6299,-28084.4434,21.4416,-4700.4424,-28632.5762,24.8010,778.0545,-0.0006,0.0006,3.1416,0.7852,3.1415,1
-4703.1636,-28634.3926,24.9425,-5252.6299,-28084.4434,21.4417,-4702.7246,-28640.3164,22.3892,781.9153,0.0008,0.0001,3.1415,0.7852,3.1415,1
-4703.1636,-28634.3926,24.9425,-5252.6299,-28084.4434,21.4416,-4709.0688,-28630.0879,29.6055,770.2239,0.0003,0.0016,3.1416,0.7852,3.1415,1
-4703.1636,-28634.3926,24.9425,-5252.6299,-28084.4434,21.4417,-4704.4229,-28630.9297,27.2415,774.0845,-0.0003,0.0011,3.1415,0.7852,3.1415,1
-4703.1636,-28634.3926,24.9425,-5252.6299,-28084.4434,21.4416,-4699.7690,-28631.7422,24.7875,777.9456,-0.0008,0.0006,3.1416,0.7852,3.1415,1
-4703.1636,-28634.3926,24.9425,-5252.6299,-28084.4434,21.4417,-4702.0405,-28639.4863,22.3758,781.8063,0.0006,0.0001,3.1415,0.7852,3.1415,1
-4703.1636,-28634.3926,24.9425,-5252.6299,-28084.4434,21.4416,-4708.3989,-28629.2656,29.5914,770.1149,0.0001,0.0016,3.1416,0.7852,3.1415,1
-4703.1636,-28634.3926,24.9425,-5252.6299,-28084.4434,21.4417,-4703.7520,-28630.1016,27.2276,773.9755,-0.0005,0.0011,3.1415,0.7852,3.1415,1
-4703.1636,-28634.3926,24.9425,-5252.6299,-28084.4434,21.4416,-4706.0083,-28637.8203,24.7745,777.8365,0.0009,0.0006,3.1416,0.7852,3.1415,1
-4703.1636,-28634.3926,24.9425,-5252.6299,-28084.4434,21.4417,-4701.3574,-28638.6543,22.3625,781.6973,0.0004,0.0001,3.1415,0.7852,3.1415,1
-4703.1636,-28634.3926,24.9425,-5252.6299,-28084.4434,21.4416,-4707.7295,-28628.4414,29.5772,770.0059,-0.0002,0.0016,3.1416,0.7852,3.1415,1
-4703.1636,-28634.3926,24.9425,-5252.6304,-28084.4434,21.4417,-4703.0825,-28629.2715,27.2137,773.8665,-0.0007,0.0011,3.1415,0.7852,3.1415,1
-4703.1636,-28634.3926,24.9425,-5252.6304,-28084.4434,21.4416,-4705.3276,-28636.9941,24.7609,777.7275,0.0007,0.0006,3.1416,0.7852,3.1415,1
-4703.1636,-28634.3926,24.9425,-5252.6304,-28084.4434,21.4417,-4700.6758,-28637.8203,22.3491,781.5884,0.0002,0.0001,3.1415,0.7852,3.1415,1
-4703.1636,-28634.3926,24.9425,-5252.6304,-28084.4434,21.4416,-4707.0625,-28627.6191,29.5631,769.8970,-0.0004,0.0016,3.1416,0.7852,3.1415,1
-4703.1636,-28634.3926,24.9425,-5252.6304,-28084.4434,21.4417,-4702.4141,-28628.4414,27.1998,773.7576,-0.0009,0.0011,3.1415,0.7852,3.1415,1
-4703.1636,-28634.3926,24.9425,-5252.6304,-28084.4434,21.4416,-4704.6475,-28636.1660,24.7473,777.6186,0.0005,0.0006,3.1416,0.7852,3.1415,1
-4703.1636,-28634.3926,24.9425,-5252.6304,-28084.4434,21.4417,-4699.9951,-28636.9863,22.3358,781.4794,-0.0000,0.0001,3.1415,0.7852,3.1415,1
-4703.1636,-28634.3926,24.9425,-5252.6304,-28084.4434,21.4416,-4695.3599,-28637.7500,29.7027,785.3405,-0.0006,0.0016,3.1416,0.7852,3.1415,1
-4703.1636,-28634.3926,24.9425,-5252.6304,-28084.4434,21.4417,-4708.6157,-28634.4922,27.1868,773.6486,0.0008,0.0011,3.1415,0.7852,3.1415,1
-4703.1636,-28634.3926,24.9425,-5252.6304,-28084.4434,21.4416,-4703.9692,-28635.3379,24.7337,777.5096,0.0003,0.0006,3.1416,0.7852,3.1415,1
-4703.1636,-28634.3926,24.9425,-5252.6304,-28084.4434,21.4417,-4699.3154,-28636.1523,22.3225,781.3705,-0.0003,0.0001,3.1415,0.7852,3.1415,1
-4703.1636,-28634.3926,24.9425,-5252.6304,-28084.4434,21.4416,-4695.6646,-28635.2520,26.7331,783.3420,-0.0009,0.0010,3.1416,0.7852,3.1415,1
-4703.1636,-28634.3926,24.9425,-5252.6309,-28084.4434,21.4417,-4696.4819,-28633.9688,26.4837,781.8569,-0.0010,0.0009,3.1415,0.7852,3.1415,1
-4703.1636,-28634.3926,24.9425,-5252.6309,-28084.4434,21.4416,-4703.2920,-28634.5078,24.7201,777.4007,0.0001,0.0006,3.1416,0.7852,3.1415,1
-4703.1636,-28634.3926,24.9425,-5252.6309,-28084.4434,21.4417,-4698.6377,-28635.3164,22.3092,781.2615,-0.0005,0.0001,3.1415,0.7852,3.1415,1
-4703.1636,-28634.3926,24.9425,-5252.6309,-28084.4434,21.4416,-4700.9771,-28643.0449,29.6745,785.1225,0.0010,0.0016,3.1416,0.7852,3.1415,1
-4703.1636,-28634.3926,24.9425,-5252.6309,-28084.4414,21.4417,-4707.2642,-28632.8418,27.1590,773.4307,0.0004,0.0011,3.1415,0.7852,3.1415,1
-4703.1636,-28634.3926,24.9425,-5252.6309,-28084.4434,21.4416,-4702.6162,-28633.6777,24.7066,777.2917,-0.0001,0.0006,3.1416,0.7852,3.1415,1
-4703.1636,-28634.3926,24.9425,-5252.6309,-28084.4414,21.4417,-4697.9609,-28634.4785,22.2958,781.1525,-0.0007,0.0001,3.1415,0.7852,3.1415,1
-4703.1636,-28634.3926,24.9425,-5252.6309,-28084.4414,21.4416,-4700.2891,-28642.2090,29.6601,785.0135,0.0007,0.0016,3.1416,0.7852,3.1415,1
-4703.1636,-28634.3926,24.9425,-5252.6309,-28084.4414,21.4417,-4706.5903,-28632.0176,27.1452,773.3217,0.0002,0.0011,3.1415,0.7852,3.1415,1
-4703.1636,-28634.3926,24.9425,-5252.6309,-28084.4414,21.4416,-4701.9409,-28632.8457,24.6930,777.1827,-0.0004,0.0006,3.1416,0.7852,3.1415,1
-4703.1636,-28634.3926,24.9425,-5252.6309,-28084.4414,21.4417,-4697.2852,-28633.6406,22.2825,781.0435,-0.0009,0.0001,3.1415,0.7852,3.1415,1
-4703.1636,-28634.3926,24.9425,-5252.6309,-28084.4414,21.4416,-4699.6021,-28641.3750,29.6457,784.9045,0.0005,0.0016,3.1416,0.7852,3.1415,1
-4703.1636,-28634.3926,24.9425,-5252.6313,-28084.4414,21.4417,-4705.9180,-28631.1914,27.1313,773.2127,-0.0000,0.0011,3.1415,0.7852,3.1415,1
-4703.1636,-28634.3926,24.9425,-5252.6313,-28084.4414,21.4416,-4701.2681,-28632.0137,24.6794,777.0737,-0.0006,0.0006,3.1416,0.7852,3.1415,1
-4703.1636,-28634.3926,24.9425,-5252.6313,-28084.4414,21.4417,-4703.5459,-28639.7461,22.2700,780.9346,0.0009,0.0001,3.1415,0.7852,3.1415,1
-4703.1636,-28634.3926,24.9425,-5252.6313,-28084.4414,21.4416,-4698.9165,-28640.5391,29.6314,784.7956,0.0003,0.0016,3.1416,0.7852,3.1415,1
-4703.1636,-28634.3926,24.9425,-5252.6313,-28084.4414,21.4417,-4705.2466,-28630.3652,27.1174,773.1038,-0.0002,0.0011,3.1415,0.7852,3.1415,1
-4703.1636,-28634.3926,24.9425,-5252.6313,-28084.4414,21.4416,-4700.5957,-28631.1797,24.6659,776.9648,-0.0008,0.0006,3.1416,0.7852,3.1415,1
-4703.1636,-28634.3926,24.9425,-5252.6313,-28084.4414,21.4417,-4702.8623,-28638.9160,22.2567,780.8256,0.0006,0.0001,3.1415,0.7852,3.1415,1
-4703.1636,-28634.3926,24.9425,-5252.6313,-28084.4414,21.4416,-4698.2319,-28639.7031,29.6173,784.6866,0.0001,0.0016,3.1416,0.7852,3.1415,1
-4703.1636,-28634.3926,24.9425,-5252.6313,-28084.4414,21.4417,-4704.5762,-28629.5371,27.1039,772.9948,-0.0005,0.0011,3.1415,0.7852,3.1415,1
-4703.1636,-28634.3926,24.9425,-5252.6313,-28084.4414,21.4416,-4706.8281,-28637.2500,24.6534,776.8558,0.0010,0.0006,3.1416,0.7852,3.1415,1
-4703.1636,-28634.3926,24.9425,-5252.6313,-28084.4414,21.4417,-4702.1797,-28638.0859,22.2437,780.7167,0.0004,0.0001,3.1415,0.7852,3.1415,1
-4703.1636,-28634.3926,24.9425,-5252.6313,-28084.4414,21.4416,-4710.6348,-28631.1777,24.2988,769.8615,0.0007,0.0005,3.1416,0.7852,3.1415,1
-4703.1636,-28634.3926,24.9425,-5252.6313,-28084.4414,21.4417,-4703.9072,-28628.7090,27.0900,772.8858,-0.0007,0.0011,3.1415,0.7852,3.1415,1
-4703.1636,-28634.3926,24.9425,-5252.6313,-28084.4414,21.4416,-4706.1479,-28636.4238,24.6397,776.7469,0.0008,0.0006,3.1416,0.7852,3.1415,1
-4703.1636,-28634.3926,24.9425,-5252.6318,-28084.4414,21.4417,-4701.4995,-28637.2539,22.2304,780.6076,0.0002,0.0001,3.1415,0.7852,3.1415,1
-4703.1636,-28634.3926,24.9425,-5252.6318,-28084.4414,21.4416,-4696.8672,-28638.0273,29.5885,784.4688,-0.0003,0.0016,3.1416,0.7852,3.1415,1
-4703.1636,-28634.3926,24.9425,-5252.6318,-28084.4414,21.4417,-4703.2397,-28627.8809,27.0761,772.7768,-0.0009,0.0011,3.1415,0.7852,3.1415,1
-4703.1636,-28634.3926,24.9425,-5252.6318,-28084.4414,21.4416,-4699.6714,-28637.1348,24.7563,781.8207,-0.0001,0.0006,3.1416,0.7852,3.1415,1
-4703.1636,-28634.3926,24.9425,-5252.6318,-28084.4414,21.4417,-4700.8193,-28636.4199,22.2171,780.4986,-0.0000,0.0001,3.1415,0.7852,3.1415,1
-4703.1636,-28634.3926,24.9425,-5252.6318,-28084.4414,21.4416,-4696.1860,-28637.1895,29.5744,784.3597,-0.0006,0.0016,3.1416,0.7852,3.1415,1
-4703.1636,-28634.3926,24.9425,-5252.6318,-28084.4414,21.4417,-4709.4351,-28633.9199,27.0631,772.6678,0.0009,0.0011,3.1415,0.7852,3.1415,1
-4703.1636,-28634.3926,24.9425,-5252.6318,-28084.4414,21.4416,-4704.7915,-28634.7695,24.6128,776.5289,0.0003,0.0006,3.1416,0.7852,3.1415,1
-4703.1636,-28634.3926,24.9425,-5252.6318,-28084.4414,21.4417,-4700.1406,-28635.5879,22.2038,780.3898,-0.0002,0.0001,3.1415,0.7852,3.1415,1
-4703.1636,-28634.3926,24.9425,-5252.6318,-28084.4414,21.4416,-4695.5068,-28636.3496,29.5600,784.2508,-0.0008,0.0016,3.1416,0.7852,3.1415,1
-4703.1636,-28634.3926,24.9425,-5252.6318,-28084.4414,21.4417,-4708.7593,-28633.0977,27.0493,772.5590,0.0007,0.0010,3.1415,0.7852,3.1415,1
-4703.1636,-28634.3926,24.9425,-5252.6318,-28084.4414,21.4416,-4704.1147,-28633.9414,24.5992,776.4200,0.0001,0.0005,3.1416,0.7852,3.1415,1
-4703.1636,-28634.3926,24.9425,-5252.6323,-28084.4414,21.4417,-4703.3955,-28629.9316,27.9494,774.1173,-0.0006,0.0012,3.1415,0.7852,3.1415,1
-4703.1636,-28634.3926,24.9425,-5252.6323,-28084.4414,21.4416,-4701.7979,-28642.4746,29.5463,784.1418,0.0010,0.0015,3.1416,0.7852,3.1415,1
-4703.1636,-28634.3926,24.9425,-5252.6323,-28084.4414,21.4417,-4708.0854,-28632.2754,27.0354,772.4500,0.0004,0.0010,3.1415,0.7852,3.1415,1
-4703.1636,-28634.3926,24.9425,-5252.6323,-28084.4414,21.4416,-4703.4399,-28633.1113,24.5857,776.3110,-0.0001,0.0005,3.1416,0.7852,3.1415,1
-4703.1636,-28634.3926,24.9425,-5252.6323,-28084.4414,21.4417,-4698.7876,-28633.9180,22.1772,780.1718,-0.0007,0.0000,3.1415,0.7852,3.1415,1
-4703.1636,-28634.3926,24.9425,-5252.6323,-28084.4414,21.4416,-4701.1104,-28641.6426,29.5319,784.0328,0.0008,0.0015,3.1416,0.7852,3.1415,1
-4703.1636,-28634.3926,24.9425,-5252.6323,-28084.4414,21.4417,-4707.4121,-28631.4512,27.0216,772.3409,0.0002,0.0010,3.1415,0.7852,3.1415,1
-4703.1636,-28634.3926,24.9425,-5252.6323,-28084.4414,21.4416,-4704.4292,-28632.3066,20.6668,775.0383,-0.0001,-0.0003,3.1416,0.7852,3.1415,1
-4703.1636,-28634.3926,24.9425,-5252.6323,-28084.4414,21.4417,-4698.1128,-28633.0820,22.1639,780.0628,-0.0009,0.0000,3.1415,0.7852,3.1415,1
-4703.1636,-28634.3926,24.9425,-5252.6323,-28084.4414,21.4416,-4707.7212,-28631.2070,21.9459,771.9335,0.0002,0.0000,3.1416,0.7852,3.1415,1
-4703.1636,-28634.3926,24.9425,-5252.6323,-28084.4414,21.4417,-4706.7397,-28630.6270,27.0077,772.2320,0.0000,0.0010,3.1415,0.7852,3.1415,1
-4703.1636,-28634.3926,24.9425,-5252.6323,-28084.4414,21.4416,-4702.0928,-28631.4512,24.5586,776.0931,-0.0005,0.0005,3.1416,0.7852,3.1415,1
-4703.1636,-28634.3926,24.9425,-5252.6323,-28084.4414,21.4417,-4704.3667,-28639.1777,22.1515,779.9538,0.0009,0.0000,3.1415,0.7852,3.1415,1
-4703.1636,-28634.3926,24.9425,-5252.6323,-28084.4414,21.4416,-4699.7388,-28639.9746,29.5032,783.8149,0.0003,0.0015,3.1416,0.7852,3.1415,1
-4703.1636,-28634.3926,24.9425,-5252.6328,-28084.4414,21.4417,-4706.0698,-28629.8008,26.9939,772.1230,-0.0002,0.0010,3.1415,0.7852,3.1415,1
-4703.1636,-28634.3926,24.9425,-5252.6328,-28084.4414,21.4416,-4701.4214,-28630.6191,24.5451,775.9841,-0.0008,0.0005,3.1416,0.7852,3.1415,1
-4703.1636,-28634.3926,24.9425,-5252.6328,-28084.4414,21.4417,-4703.6841,-28638.3496,22.1382,779.8449,0.0007,0.0000,3.1415,0.7852,3.1415,1
-4703.1636,-28634.3926,24.9425,-5252.6328,-28084.4414,21.4416,-4699.0557,-28639.1406,29.4889,783.7060,0.0001,0.0015,3.1416,0.7852,3.1415,1
-4703.1636,-28634.3926,24.9425,-5252.6328,-28084.4414,21.4417,-4705.3999,-28628.9746,26.9801,772.0141,-0.0004,0.0010,3.1415,0.7852,3.1415,1
-4703.1636,-28634.3926,24.9425,-5252.6328,-28084.4414,21.4416,-4708.0039,-28628.6797,24.9033,769.9509,-0.0001,0.0006,3.1416,0.7852,3.1415,1
-4703.1636,-28634.3926,24.9425,-5252.6328,-28084.4414,21.4417,-4703.0024,-28637.5195,22.1248,779.7359,0.0005,0.0000,3.1415,0.7852,3.1415,1
-4703.1636,-28634.3926,24.9425,-5252.6328,-28084.4414,21.4416,-4698.3730,-28638.3047,29.4745,783.5969,-0.0001,0.0015,3.1416,0.7852,3.1415,1
-4703.1636,-28634.3926,24.9425,-5252.6328,-28084.4414,21.4417,-4704.7319,-28628.1484,26.9664,771.9051,-0.0006,0.0010,3.1415,0.7852,3.1415,1
-4703.1636,-28634.3926,24.9425,-5252.6328,-28084.4414,21.4416,-4706.9683,-28635.8555,24.5186,775.7662,0.0008,0.0005,3.1416,0.7852,3.1415,1
-4703.1636,-28634.3926,24.9425,-5252.6328,-28084.4414,21.4417,-4702.3223,-28636.6875,22.1118,779.6269,0.0002,0.0000,3.1415,0.7852,3.1415,1
-4703.1636,-28634.3926,24.9425,-5252.6328,-28084.4414,21.4416,-4697.6919,-28637.4668,29.4601,783.4880,-0.0003,0.0015,3.1416,0.7852,3.1415,1
-4703.1636,-28634.3926,24.9425,-5252.6333,-28084.4414,21.4417,-4704.0649,-28627.3203,26.9525,771.7961,-0.0009,0.0010,3.1415,0.7852,3.1415,1
-4703.1636,-28634.3926,24.9425,-5252.6333,-28084.4414,21.4416,-4706.2905,-28635.0293,24.5051,775.6572,0.0006,0.0005,3.1416,0.7852,3.1415,1
-4703.1636,-28634.3926,24.9425,-5252.6333,-28084.4414,21.4417,-4701.6436,-28635.8555,22.0985,779.5180,0.0000,0.0000,3.1415,0.7852,3.1415,1
-4703.1636,-28634.3926,24.9425,-5252.6333,-28084.4414,21.4416,-4697.0122,-28636.6289,29.4458,783.3790,-0.0005,0.0015,3.1416,0.7852,3.1415,1
-4703.1636,-28634.3926,24.9425,-5252.6333,-28084.4395,21.4417,-4710.2544,-28633.3477,26.9394,771.6871,0.0009,0.0010,3.1415,0.7852,3.1415,1
-4703.1636,-28634.3926,24.9425,-5252.6333,-28084.4414,21.4416,-4706.4697,-28636.8008,28.8647,776.8159,0.0009,0.0014,3.1416,0.7852,3.1415,1
-4703.1636,-28634.3926,24.9425,-5252.6333,-28084.4395,21.4417,-4700.9658,-28635.0215,22.0855,779.4090,-0.0002,0.0000,3.1415,0.7852,3.1415,1
-4703.1636,-28634.3926,24.9425,-5252.6333,-28084.4395,21.4416,-4704.8306,-28631.1953,29.3071,774.0054,-0.0002,0.0015,3.1416,0.7852,3.1415,1
-4703.1636,-28634.3926,24.9425,-5252.6333,-28084.4395,21.4417,-4700.4541,-28639.6309,20.5216,783.0333,0.0004,-0.0003,3.1415,0.7852,3.1415,1
-4703.1636,-28634.3926,24.9425,-5252.6333,-28084.4395,21.4416,-4704.9375,-28633.3730,24.4783,775.4392,0.0001,0.0005,3.1416,0.7852,3.1415,1
-4703.1636,-28634.3926,24.9425,-5252.6333,-28084.4395,21.4417,-4700.2891,-28634.1895,22.0723,779.3000,-0.0004,0.0000,3.1415,0.7852,3.1415,1
-4703.1636,-28634.3926,24.9425,-5252.6333,-28084.4395,21.4416,-4695.6558,-28634.9492,29.4174,783.1611,-0.0010,0.0015,3.1416,0.7852,3.1415,1
-4703.1636,-28634.3926,24.9425,-5252.6333,-28084.4395,21.4417,-4708.9053,-28631.7051,26.9122,771.4692,0.0005,0.0010,3.1415,0.7852,3.1415,1
-4703.1636,-28634.3926,24.9425,-5252.6338,-28084.4395,21.4416,-4704.2632,-28632.5449,24.4648,775.3303,-0.0001,0.0005,3.1416,0.7852,3.1415,1
-4703.1636,-28634.3926,24.9425,-5252.6338,-28084.4395,21.4417,-4699.6138,-28633.3555,22.0590,779.1911,-0.0006,0.0000,3.1415,0.7852,3.1415,1
-4703.1636,-28634.3926,24.9425,-5252.6338,-28084.4395,21.4416,-4701.9316,-28641.0742,29.4037,783.0521,0.0008,0.0015,3.1416,0.7852,3.1415,1
-4703.1636,-28634.3926,24.9425,-5252.6338,-28084.4395,21.4417,-4708.2334,-28630.8828,26.8984,771.3603,0.0003,0.0010,3.1415,0.7852,3.1415,1
-4703.1636,-28634.3926,24.9425,-5252.6338,-28084.4395,21.4416,-4703.5898,-28631.7168,24.4513,775.2213,-0.0003,0.0005,3.1416,0.7852,3.1415,1
-4703.1636,-28634.3926,24.9425,-5252.6338,-28084.4395,21.4417,-4705.4814,-28627.6602,24.0711,771.0178,-0.0006,0.0004,3.1415,0.7852,3.1415,1
-4703.1636,-28634.3926,24.9425,-5252.6338,-28084.4395,21.4416,-4701.2456,-28640.2422,29.3894,782.9432,0.0006,0.0015,3.1416,0.7852,3.1415,1
-4703.1636,-28634.3926,24.9425,-5252.6338,-28084.4395,21.4417,-4707.5620,-28630.0586,26.8846,771.2513,0.0000,0.0010,3.1415,0.7852,3.1415,1
-4703.1636,-28634.3926,24.9425,-5252.6338,-28084.4395,21.4416,-4702.9180,-28630.8867,24.4378,775.1123,-0.0005,0.0005,3.1416,0.7852,3.1415,1
-4703.1636,-28634.3926,24.9425,-5252.6338,-28084.4395,21.4417,-4705.1875,-28638.6074,22.0333,778.9731,0.0009,0.0000,3.1415,0.7852,3.1415,1
-4703.1636,-28634.3926,24.9425,-5252.6338,-28084.4395,21.4416,-4700.5615,-28639.4082,29.3751,782.8342,0.0004,0.0015,3.1416,0.7852,3.1415,1
-4703.1636,-28634.3926,24.9425,-5252.6338,-28084.4395,21.4417,-4706.8921,-28629.2344,26.8708,771.1423,-0.0002,0.0010,3.1415,0.7852,3.1415,1
-4703.1636,-28634.3926,24.9425,-5252.6338,-28084.4395,21.4416,-4702.2471,-28630.0566,24.4243,775.0034,-0.0007,0.0005,3.1416,0.7852,3.1415,1
-4703.1636,-28634.3926,24.9425,-5252.6343,-28084.4395,21.4417,-4704.5054,-28637.7793,22.0201,778.8646,0.0007,0.0000,3.1415,0.7852,3.1415,1
-4703.1636,-28634.3926,24.9425,-5252.6343,-28084.4395,21.4416,-4699.8789,-28638.5742,29.3608,782.7252,0.0002,0.0015,3.1416,0.7852,3.1415,1
-4703.1636,-28634.3926,24.9425,-5252.6343,-28084.4395,21.4417,-4706.2231,-28628.4102,26.8570,771.0338,-0.0004,0.0010,3.1415,0.7852,3.1415,1
-4703.1636,-28634.3926,24.9425,-5252.6343,-28084.4395,21.4416,-4701.5776,-28629.2266,24.4108,774.8944,-0.0009,0.0005,3.1416,0.7852,3.1415,1
-4703.1636,-28634.3926,24.9425,-5252.6343,-28084.4395,21.4417,-4703.8247,-28636.9512,22.0068,778.7557,0.0005,0.0000,3.1415,0.7852,3.1415,1
-4703.1636,-28634.3926,24.9425,-5252.6343,-28084.4395,21.4416,-4703.2798,-28639.1816,27.4939,780.7435,0.0007,0.0011,3.1416,0.7852,3.1415,1
-4703.1636,-28634.3926,24.9425,-5252.6343,-28084.4395,21.4417,-4705.5557,-28627.5840,26.8432,770.9249,-0.0006,0.0010,3.1415,0.7852,3.1415,1
-4703.1636,-28634.3926,24.9425,-5252.6343,-28084.4395,21.4416,-4707.7886,-28635.2832,24.3980,774.7855,0.0008,0.0005,3.1416,0.7852,3.1415,1
-4703.1636,-28634.3926,24.9425,-5252.6343,-28084.4395,21.4417,-4699.2471,-28633.7754,29.8045,779.7878,-0.0006,0.0016,3.1415,0.7852,3.1415,1
-4703.1636,-28634.3926,24.9425,-5252.6343,-28084.4395,21.4416,-4698.5166,-28636.9043,29.3322,782.5073,-0.0003,0.0015,3.1416,0.7852,3.1415,1
-4703.1636,-28634.3926,24.9425,-5252.6343,-28084.4395,21.4417,-4704.8892,-28626.7578,26.8294,770.8159,-0.0008,0.0010,3.1415,0.7852,3.1415,1
-4703.1636,-28634.3926,24.9425,-5252.6343,-28084.4395,21.4416,-4707.1108,-28634.4590,24.3845,774.6765,0.0006,0.0005,3.1416,0.7852,3.1415,1
-4703.1636,-28634.3926,24.9425,-5252.6348,-28084.4395,21.4417,-4702.4673,-28635.2910,21.9804,778.5377,0.0001,0.0000,3.1415,0.7852,3.1415,1
-4703.1636,-28634.3926,24.9425,-5252.6348,-28084.4395,21.4416,-4697.8379,-28636.0664,29.3179,782.3983,-0.0005,0.0015,3.1416,0.7852,3.1415,1
-4703.1636,-28634.3926,24.9425,-5252.6348,-28084.4395,21.4417,-4711.0728,-28632.7793,26.8165,770.7069,0.0010,0.0010,3.1415,0.7852,3.1415,1
-4703.1636,-28634.3926,24.9425,-5252.6348,-28084.4395,21.4416,-4706.4351,-28633.6348,24.3710,774.5675,0.0004,0.0005,3.1416,0.7852,3.1415,1
-4703.1636,-28634.3926,24.9425,-5252.6348,-28084.4395,21.4417,-4701.7900,-28634.4590,21.9671,778.4287,-0.0002,0.0000,3.1415,0.7852,3.1415,1
-4703.1636,-28634.3926,24.9425,-5252.6348,-28084.4395,21.4416,-4697.1597,-28635.2305,29.3036,782.2894,-0.0007,0.0015,3.1416,0.7852,3.1415,1
-4703.1636,-28634.3926,24.9425,-5252.6348,-28084.4395,21.4417,-4710.3984,-28631.9590,26.8027,770.5979,0.0007,0.0010,3.1415,0.7852,3.1415,1
-4703.1636,-28634.3926,24.9425,-5252.6348,-28084.4395,21.4416,-4705.7598,-28632.8086,24.3575,774.4585,0.0002,0.0005,3.1416,0.7852,3.1415,1
-4703.1636,-28634.3926,24.9425,-5252.6348,-28084.4395,21.4417,-4701.1138,-28633.6270,21.9539,778.3198,-0.0004,-0.0000,3.1415,0.7852,3.1415,1
-4703.1636,-28634.3926,24.9425,-5252.6348,-28084.4395,21.4416,-4696.4829,-28634.3926,29.2893,782.1804,-0.0009,0.0015,3.1416,0.7852,3.1415,1
-4703.1636,-28634.3926,24.9425,-5252.6348,-28084.4395,21.4417,-4709.7256,-28631.1387,26.7889,770.4890,0.0005,0.0010,3.1415,0.7852,3.1415,1
-4703.1636,-28634.3926,24.9425,-5252.6348,-28084.4395,21.4416,-4705.0859,-28631.9805,24.3441,774.3495,-0.0000,0.0005,3.1416,0.7852,3.1415,1
-4703.1636,-28634.3926,24.9425,-5252.6348,-28084.4395,21.4417,-4704.0029,-28628.9824,25.6816,773.0052,-0.0006,0.0008,3.1415,0.7852,3.1415,1
-4703.1636,-28634.3926,24.9425,-5252.6348,-28084.4395,21.4416,-4702.7520,-28640.5059,29.2756,782.0715,0.0009,0.0015,3.1416,0.7852,3.1415,1
-4703.1636,-28634.3926,24.9425,-5252.6353,-28084.4395,21.4417,-4709.0542,-28630.3164,26.7751,770.3800,0.0003,0.0010,3.1415,0.7852,3.1415,1
-4703.1636,-28634.3926,24.9425,-5252.6353,-28084.4395,21.4416,-4703.8633,-28632.5410,26.7261,775.6213,-0.0001,0.0010,3.1416,0.7852,3.1415,1
-4703.1636,-28634.3926,24.9425,-5252.6353,-28084.4395,21.4417,-4699.7661,-28631.9590,21.9275,778.1019,-0.0008,-0.0000,3.1415,0.7852,3.1415,1
-4703.1636,-28634.3926,24.9425,-5252.6353,-28084.4395,21.4416,-4705.8818,-28638.1270,24.5910,778.1494,0.0010,0.0005,3.1416,0.7852,3.1415,1
-4703.1636,-28634.3926,24.9425,-5252.6353,-28084.4395,21.4417,-4705.6040,-28630.6133,27.0521,773.0300,-0.0002,0.0010,3.1415,0.7852,3.1415,1
-4703.1636,-28634.3926,24.9425,-5252.6353,-28084.4395,21.4416,-4703.7427,-28630.3242,24.3174,774.1317,-0.0005,0.0005,3.1416,0.7852,3.1415,1
-4703.1636,-28634.3926,24.9425,-5252.6353,-28084.4395,21.4417,-4706.0078,-28638.0371,21.9154,777.9929,0.0010,-0.0000,3.1415,0.7852,3.1415,1
-4703.1636,-28634.3926,24.9425,-5252.6353,-28084.4395,21.4416,-4701.3838,-28638.8438,29.2474,781.8535,0.0004,0.0015,3.1416,0.7852,3.1415,1
-4703.1636,-28634.3926,24.9425,-5252.6353,-28084.4395,21.4417,-4707.7144,-28628.6699,26.7479,770.1620,-0.0001,0.0010,3.1415,0.7852,3.1415,1
-4703.1636,-28634.3926,24.9425,-5252.6353,-28084.4395,21.4416,-4703.0723,-28629.4961,24.3040,774.0226,-0.0007,0.0005,3.1416,0.7852,3.1415,1
-4703.1636,-28634.3926,24.9425,-5252.6353,-28084.4395,21.4417,-4705.3262,-28637.2109,21.9022,777.8839,0.0008,-0.0000,3.1415,0.7852,3.1415,1
-4703.1636,-28634.3926,24.9425,-5252.6353,-28084.4395,21.4416,-4700.7017,-28638.0098,29.2331,781.7446,0.0002,0.0015,3.1416,0.7852,3.1415,1
-4703.1636,-28634.3926,24.9425,-5252.6357,-28084.4395,21.4417,-4707.0469,-28627.8457,26.7341,770.0530,-0.0004,0.0010,3.1415,0.7852,3.1415,1
-4703.1636,-28634.3926,24.9425,-5252.6357,-28084.4395,21.4416,-4702.4038,-28628.6660,24.2905,773.9137,-0.0009,0.0005,3.1416,0.7852,3.1415,1
-4703.1636,-28634.3926,24.9425,-5252.6357,-28084.4375,21.4417,-4697.7368,-28635.1270,21.6235,781.7750,-0.0006,-0.0001,3.1415,0.7852,3.1415,1
-4703.1636,-28634.3926,24.9425,-5252.6357,-28084.4395,21.4416,-4700.0210,-28637.1758,29.2188,781.6356,-0.0000,0.0015,3.1416,0.7852,3.1415,1
-4703.1636,-28634.3926,24.9425,-5252.6357,-28084.4375,21.4417,-4706.3799,-28627.0195,26.7204,769.9441,-0.0006,0.0010,3.1415,0.7852,3.1415,1
-4703.1636,-28634.3926,24.9425,-5252.6357,-28084.4375,21.4416,-4708.6084,-28634.7129,24.2777,773.8047,0.0009,0.0005,3.1416,0.7852,3.1415,1
-4703.1636,-28634.3926,24.9425,-5252.6357,-28084.4375,21.4417,-4703.9678,-28635.5527,21.8758,777.6660,0.0003,-0.0000,3.1415,0.7852,3.1415,1
-4703.1636,-28634.3926,24.9425,-5252.6357,-28084.4375,21.4416,-4699.3413,-28636.3398,29.2046,781.5266,-0.0002,0.0015,3.1416,0.7852,3.1415,1
-4703.1636,-28634.3926,24.9425,-5252.6357,-28084.4375,21.4417,-4705.7144,-28626.1934,26.7066,769.8351,-0.0008,0.0010,3.1415,0.7852,3.1415,1
-4703.1636,-28634.3926,24.9425,-5252.6357,-28084.4375,21.4416,-4707.9316,-28633.8887,24.2642,773.6957,0.0007,0.0005,3.1416,0.7852,3.1415,1
-4703.1636,-28634.3926,24.9425,-5252.6357,-28084.4375,21.4417,-4703.2900,-28634.7227,21.8626,777.5571,0.0001,-0.0000,3.1415,0.7852,3.1415,1
-4703.1636,-28634.3926,24.9425,-5252.6357,-28084.4375,21.4416,-4698.6626,-28635.5039,29.1903,781.4177,-0.0005,0.0015,3.1416,0.7852,3.1415,1
-4703.1636,-28634.3926,24.9425,-5252.6357,-28084.4375,21.4417,-4700.9648,-28643.2734,26.7897,785.2787,0.0010,0.0010,3.1415,0.7852,3.1415,1
-4703.1636,-28634.3926,24.9425,-5252.6362,-28084.4375,21.4416,-4699.9985,-28636.2891,25.5220,781.0000,-0.0001,0.0007,3.1416,0.7852,3.1415,1
-4703.1636,-28634.3926,24.9425,-5252.6362,-28084.4375,21.4417,-4702.6143,-28633.8926,21.8494,777.4481,-0.0001,-0.0000,3.1415,0.7852,3.1415,1
-4703.1636,-28634.3926,24.9425,-5252.6362,-28084.4375,21.4416,-4702.9521,-28638.1465,22.2135,780.2213,0.0005,0.0001,3.1416,0.7852,3.1415,1
-4703.1636,-28634.3926,24.9425,-5252.6362,-28084.4375,21.4417,-4700.2769,-28642.4395,26.7757,785.1698,0.0008,0.0010,3.1415,0.7852,3.1415,1
-4703.1636,-28634.3926,24.9425,-5252.6362,-28084.4375,21.4416,-4706.5820,-28632.2402,24.2373,773.4778,0.0002,0.0005,3.1416,0.7852,3.1415,1
-4703.1636,-28634.3926,24.9425,-5252.6362,-28084.4375,21.4417,-4701.9390,-28633.0625,21.8362,777.3391,-0.0003,-0.0000,3.1415,0.7852,3.1415,1
-4703.1636,-28634.3926,24.9425,-5252.6362,-28084.4375,21.4416,-4697.3096,-28633.8301,29.1618,781.1996,-0.0009,0.0015,3.1416,0.7852,3.1415,1
-4703.1636,-28634.3926,24.9425,-5252.6362,-28084.4375,21.4417,-4699.5894,-28641.6055,26.7617,785.0608,0.0006,0.0010,3.1415,0.7852,3.1415,1
-4703.1636,-28634.3926,24.9425,-5252.6362,-28084.4375,21.4416,-4705.9092,-28631.4141,24.2239,773.3688,0.0000,0.0005,3.1416,0.7852,3.1415,1
-4703.1636,-28634.3926,24.9425,-5252.6362,-28084.4375,21.4417,-4701.2651,-28632.2305,21.8230,777.2301,-0.0006,-0.0000,3.1415,0.7852,3.1415,1
-4703.1636,-28634.3926,24.9425,-5252.6362,-28084.4375,21.4416,-4703.5723,-28639.9375,29.1481,781.0907,0.0009,0.0015,3.1416,0.7852,3.1415,1
-4703.1636,-28634.3926,24.9425,-5252.6362,-28084.4375,21.4417,-4698.9033,-28640.7695,26.7477,784.9518,0.0003,0.0010,3.1415,0.7852,3.1415,1
-4703.1636,-28634.3926,24.9425,-5252.6362,-28084.4375,21.4416,-4705.2373,-28630.5879,24.2104,773.2598,-0.0002,0.0005,3.1416,0.7852,3.1415,1
-4703.1636,-28634.3926,24.9425,-5252.6367,-28084.4375,21.4417,-4700.5933,-28631.3965,21.8098,777.1211,-0.0008,-0.0000,3.1415,0.7852,3.1415,1
-4703.1636,-28634.3926,24.9425,-5252.6367,-28084.4375,21.4416,-4702.8887,-28639.1074,29.1339,780.9817,0.0007,0.0015,3.1416,0.7852,3.1415,1
-4703.1636,-28634.3926,24.9425,-5252.6367,-28084.4375,21.4417,-4703.4380,-28636.2422,21.1042,778.5293,0.0003,-0.0002,3.1415,0.7852,3.1415,1
-4703.1636,-28634.3926,24.9425,-5252.6367,-28084.4375,21.4416,-4704.5669,-28629.7598,24.1970,773.1509,-0.0004,0.0005,3.1416,0.7852,3.1415,1
-4703.1636,-28634.3926,24.9425,-5252.6367,-28084.4375,21.4417,-4699.9214,-28630.5645,21.7966,777.0121,-0.0010,-0.0000,3.1415,0.7852,3.1415,1
-4703.1636,-28634.3926,24.9425,-5252.6367,-28084.4375,21.4416,-4702.2056,-28638.2754,29.1196,780.8729,0.0005,0.0015,3.1416,0.7852,3.1415,1
-4703.1636,-28634.3926,24.9425,-5252.6367,-28084.4375,21.4417,-4697.5352,-28639.0957,26.7197,784.7339,-0.0001,0.0010,3.1415,0.7852,3.1415,1
-4703.1636,-28634.3926,24.9425,-5252.6367,-28084.4375,21.4416,-4703.8979,-28628.9316,24.1836,773.0419,-0.0007,0.0005,3.1416,0.7852,3.1415,1
-4703.1636,-28634.3926,24.9425,-5252.6367,-28084.4375,21.4417,-4706.1475,-28636.6406,21.7842,776.9032,0.0008,-0.0000,3.1415,0.7852,3.1415,1
-4703.1636,-28634.3926,24.9425,-5252.6367,-28084.4375,21.4416,-4701.5244,-28637.4434,29.1054,780.7639,0.0002,0.0015,3.1416,0.7852,3.1415,1
-4703.1636,-28634.3926,24.9425,-5252.6367,-28084.4375,21.4417,-4696.8530,-28638.2578,26.7057,784.6249,-0.0003,0.0010,3.1415,0.7852,3.1415,1
-4703.1636,-28634.3926,24.9425,-5252.6367,-28084.4375,21.4416,-4703.2295,-28628.1035,24.1701,772.9329,-0.0009,0.0005,3.1416,0.7852,3.1415,1
-4703.1636,-28634.3926,24.9425,-5252.6372,-28084.4375,21.4417,-4705.4683,-28635.8145,21.7711,776.7943,0.0006,-0.0000,3.1415,0.7852,3.1415,1
-4703.1636,-28634.3926,24.9425,-5252.6372,-28084.4375,21.4416,-4700.0479,-28638.1230,29.6540,782.2933,0.0001,0.0016,3.1416,0.7852,3.1415,1
-4703.1636,-28634.3926,24.9425,-5252.6372,-28084.4375,21.4417,-4696.1724,-28637.4199,26.6917,784.5160,-0.0005,0.0010,3.1415,0.7852,3.1415,1
-4703.1636,-28634.3926,24.9425,-5252.6372,-28084.4375,21.4416,-4709.4282,-28634.1426,24.1573,772.8240,0.0009,0.0005,3.1416,0.7852,3.1415,1
-4703.1636,-28634.3926,24.9425,-5252.6372,-28084.4375,21.4417,-4698.6499,-28634.0371,26.1009,780.3707,-0.0007,0.0008,3.1415,0.7852,3.1415,1
-4703.1636,-28634.3926,24.9425,-5252.6372,-28084.4375,21.4416,-4700.1655,-28635.7773,29.0772,780.5459,-0.0002,0.0015,3.1416,0.7852,3.1415,1
