0.0000,0.0000,0.0000,0.0000,0.0000,0.0000,0.0000,0.0000,0.0000,0.0000,0.0000,0.0000,0.0000,0.0000,0.0000,0.0000,0.0000,0.0000,0
0.0000,0.0000,0.0000,0.0000,0.0000,0.0000,0.0000,0.0000,0.0000,0.0000,0.0000,0.0000,0.0000,0.0000,0.0000,0.0000,0.0000,0.0000,0
0.0000,0.0000,0.0000,0.0000,0.0000,0.0000,0.0000,0.0000,0.0000,0.0000,0.0000,0.0000,0.0000,0.0000,0.0000,0.0000,0.0000,0.0000,0
0.0000,0.0000,0.0000,0.0000,0.0000,0.0000,0.0000,0.0000,0.0000,0.0000,0.0000,0.0000,0.0000,0.0000,0.0000,0.0000,0.0000,0.0000,0
0.0000,0.0000,0.0000,0.0000,0.0000,0.0000,0.0000,0.0000,0.0000,0.0000,0.0000,0.0000,0.0000,0.0000,0.0000,0.0000,0.0000,0.0000,0
0.0000,0.0000,0.0000,-5252.6138,-28084.4629,21.8767,0.0000,0.0000,0.0000,0.0000,0.0000,0.0000,3.1416,0.7854,3.1416,0.0000,0.0000,0.0000,0
-4703.1636,-28634.3926,24.9425,-5252.6138,-28084.4629,21.8749,0.0000,0.0000,0.0000,0.0000,0.0000,0.0000,3.1416,0.7854,3.1416,0.0000,0.0000,0.0000,0
-4703.1636,-28634.3926,24.9425,-5252.6138,-28084.4629,21.8702,0.0000,0.0000,0.0000,0.0000,0.0000,0.0000,3.1416,0.7854,3.1416,0.0000,0.0000,0.0000,0
-4703.1636,-28634.3926,24.9425,-5252.6138,-28084.4629,21.8628,0.0000,0.0000,0.0000,0.0000,0.0000,0.0000,3.1416,0.7854,3.1416,0.0000,0.0000,0.0000,0
-4703.1636,-28634.3926,24.9425,-5252.6138,-28084.4629,21.8527,0.0000,0.0000,0.0000,0.0000,0.0000,0.0000,3.1416,0.7854,3.1416,0.0000,0.0000,0.0000,0
-4703.1636,-28634.3926,24.9425,-5252.6138,-28084.4629,21.8398,0.0000,0.0000,0.0000,777.9249,0.0002,0.0009,3.1416,0.7854,3.1416,0.0000,0.0000,0.0000,0
-4703.1636,-28634.3926,24.9425,-5252.6138,-28084.4629,21.8241,-4704.9453,-28631.5566,21.0982,774.1147,-0.0001,-0.0003,3.1416,0.7854,3.1416,-4704.9453,-28631.5566,21.0982,1
-4703.1636,-28634.3926,24.9425,-5252.6138,-28084.4629,21.8057,-4704.8550,-28625.7617,21.8265,770.0944,-0.0009,-0.0001,3.1416,0.7854,3.1416,-4704.9424,-28631.3691,21.1218,1
-4703.1636,-28634.3926,24.9425,-5252.6138,-28084.4629,21.7846,-4707.0938,-28633.4316,29.0942,773.9548,0.0005,0.0014,3.1416,0.7854,3.1416,-4705.0117,-28631.4160,21.3816,1
-4703.1636,-28634.3926,24.9425,-5252.6138,-28084.4629,21.7607,-4702.2275,-28638.2168,26.6774,780.7604,0.0005,0.0009,3.1416,0.7854,3.1416,-4704.9292,-28631.6230,21.5784,1
-4703.1636,-28634.3926,24.9425,-5252.6138,-28084.4629,21.7340,-4704.3110,-28637.5352,29.4385,778.8312,0.0007,0.0015,3.1416,0.7854,3.1416,-4704.9067,-28631.8223,21.8742,1
-4703.1636,-28634.3926,24.9425,-5252.6138,-28084.4629,21.7047,-4711.0264,-28631.7832,21.7800,769.9855,0.0008,-0.0001,3.1416,0.7854,3.1416,-4705.1016,-28631.8496,21.9390,1
-4703.1636,-28634.3926,24.9425,-5252.6138,-28084.4629,21.6726,-4706.4189,-28632.6074,29.0359,773.8459,0.0003,0.0014,3.1416,0.7854,-3.1416,-4705.1592,-28631.9004,22.2355,1
-4703.1636,-28634.3926,24.9425,-5252.6138,-28084.4629,21.6378,-4701.7651,-28633.4375,26.7008,777.7072,-0.0003,0.0009,3.1416,0.7854,-3.1416,-4705.0693,-28631.9805,22.4683,1
-4703.1636,-28634.3926,24.9425,-5252.6138,-28084.4629,21.6003,-4697.1045,-28634.2383,24.2274,781.5676,-0.0008,0.0004,3.1416,0.7854,-3.1416,-4704.8232,-28632.0859,22.6275,1
-4703.1636,-28634.3926,24.9425,-5252.6138,-28084.4629,21.5601,-4710.3535,-28630.9648,21.7334,769.8766,0.0006,-0.0001,3.1416,0.7854,-3.1416,-4704.9863,-28632.0918,22.7064,1
-4703.1636,-28634.3926,24.9425,-5252.6138,-28084.4629,21.5172,-4705.8857,-28637.4766,24.5243,777.6521,0.0009,0.0005,3.1416,0.7854,-3.1416,-4705.0166,-28632.3027,22.8697,1
-4703.1636,-28634.3926,24.9425,-5252.6138,-28084.4629,21.4715,-4707.1909,-28632.6973,24.9732,773.3405,0.0004,0.0006,3.1416,0.7854,-3.1416,-4705.0913,-28632.3691,23.0478,1
-4703.1636,-28634.3926,24.9425,-5252.6089,-28084.4590,21.4342,-4703.3540,-28640.3301,24.2456,781.4591,0.0010,0.0005,3.1388,0.7854,3.1377,-4705.0464,-28632.6797,23.2025,1
-4703.1636,-28634.3926,24.9425,-5252.6064,-28084.4590,21.4316,-4698.7188,-28641.1777,21.0715,785.3200,0.0004,-0.0000,3.1401,0.7854,3.1383,-4704.8506,-28633.0293,23.2544,1
-4703.1636,-28634.3926,24.9425,-5252.6099,-28084.4609,21.4390,-4705.1621,-28631.0391,29.2974,773.6286,-0.0002,0.0015,3.1409,0.7852,3.1411,-4704.8467,-28633.0723,23.5625,1
-4703.1636,-28634.3926,24.9425,-5252.6123,-28084.4609,21.4454,-4700.3452,-28631.6953,27.0112,777.4893,-0.0008,0.0009,3.1414,0.7852,-3.1409,-4704.6890,-28633.1270,23.8046,1
-4703.1636,-28634.3926,24.9425,-5252.6133,-28084.4629,21.4487,-4702.6299,-28639.4570,24.5556,781.3497,0.0007,0.0004,-3.1412,0.7852,-3.1401,-4704.5962,-28633.4238,23.9703,1
-4703.1636,-28634.3926,24.9425,-5252.6138,-28084.4629,21.4491,-4697.9873,-28640.2910,21.9881,785.2107,0.0001,-0.0001,-3.1407,0.7851,-3.1396,-4704.3525,-28633.7559,24.0507,1
-4703.1636,-28634.3926,24.9425,-5252.6133,-28084.4648,21.4473,-4704.3862,-28630.1094,29.0578,773.5192,-0.0004,0.0014,-3.1405,0.7851,-3.1397,-4704.2998,-28633.7734,24.3494,1
-4703.1636,-28634.3926,24.9425,-5252.6113,-28084.4629,21.4440,-4699.7324,-28630.9277,26.4849,777.3796,-0.0010,0.0009,-3.1411,0.7851,-3.1409,-4704.0996,-28633.8047,24.5702,1
-4703.1636,-28634.3926,24.9425,-5252.6099,-28084.4609,21.4419,-4701.9888,-28638.6699,24.2426,781.2400,0.0005,0.0004,3.1408,0.7851,3.1408,-4703.9648,-28634.0742,24.7181,1
-4703.1636,-28634.3926,24.9425,-5252.6104,-28084.4629,21.4418,-4697.3267,-28639.4785,21.6754,785.1010,-0.0001,-0.0001,3.1414,0.7851,3.1414,-4703.6802,-28634.3750,24.7780,1
-4703.1636,-28634.3926,24.9425,-5252.6108,-28084.4629,21.4412,-4703.7148,-28629.2832,28.7536,773.4095,-0.0006,0.0014,-3.1412,0.7851,-3.1412,-4703.5874,-28634.3555,25.0534,1
-4703.1636,-28634.3926,24.9425,-5252.6104,-28084.4629,21.4416,-4699.7808,-28640.0449,29.3483,783.8030,0.0003,0.0015,-3.1413,0.7851,-3.1414,-4703.3726,-28634.6641,25.3493,1
-4703.1636,-28634.3926,24.9425,-5252.6104,-28084.4629,21.4421,-4701.2959,-28637.8242,24.4576,781.1296,0.0002,0.0005,3.1413,0.7851,3.1413,-4703.2012,-28634.9102,25.4924,1
-4703.1636,-28634.3926,24.9425,-5252.6104,-28084.4629,21.4416,-4701.0474,-28635.4590,26.5210,779.6407,-0.0001,0.0009,3.1414,0.7851,3.1414,-4703.0210,-28635.0840,25.6937,1
-4703.1636,-28634.3926,24.9425,-5252.6104,-28084.4629,21.4417,-4696.3818,-28636.2598,24.0477,783.5016,-0.0007,0.0004,3.1415,0.7851,3.1415,-4702.6919,-28635.2773,25.8122,1
-4703.1636,-28634.3926,24.9425,-5252.6104,-28084.4629,21.4415,-4702.1616,-28634.6797,27.1601,778.3056,-0.0001,0.0011,3.1416,0.7851,3.1415,-4702.5376,-28635.4160,26.0208,1
-4703.1636,-28634.3926,24.9425,-5252.6104,-28084.4629,21.4412,-4705.0225,-28633.7969,28.7778,775.6715,0.0002,0.0014,-3.1415,0.7851,-3.1415,-4702.4790,-28635.5215,26.2786,1
-4703.1636,-28634.3926,24.9425,-5252.6104,-28084.4629,21.4411,-4700.3657,-28634.6230,26.3758,779.5319,-0.0003,0.0009,3.1415,0.7851,3.1414,-4702.2808,-28635.6426,26.4588,1
-4703.1636,-28634.3926,24.9425,-5252.6104,-28084.4629,21.4404,-4695.6929,-28635.4102,23.8636,783.3929,-0.0009,0.0004,-3.1414,0.7851,-3.1415,-4701.9336,-28635.7832,26.5528,1
-4703.1636,-28634.3926,24.9425,-5252.6104,-28084.4629,21.4407,-4708.9468,-28632.1426,21.5362,771.7014,0.0005,-0.0001,3.1415,0.7852,3.1414,-4702.0044,-28635.8125,26.5584,1
-4703.1636,-28634.3926,24.9425,-5252.6108,-28084.4629,21.4397,-4704.3193,-28632.9395,28.7743,775.5623,-0.0000,0.0014,-3.1413,0.7852,-3.1413,-4701.9453,-28635.8555,26.7817,1
-4703.1636,-28634.3926,24.9425,-5252.6104,-28084.4629,21.4409,-4699.6606,-28633.7598,26.3540,779.4228,-0.0006,0.0009,-3.1414,0.7852,-3.1414,-4701.7456,-28635.9121,26.9264,1
-4703.1636,-28634.3926,24.9425,-5252.6104,-28084.4609,21.4412,-4701.9517,-28641.5098,24.0635,783.2836,0.0009,0.0004,3.1415,0.7852,3.1415,-4701.6191,-28636.2090,26.9915,1
-4703.1636,-28634.3926,24.9425,-5252.6104,-28084.4609,21.4415,-4708.2598,-28631.3047,21.3744,771.5928,0.0003,-0.0001,3.1415,0.7852,3.1415,-4701.7021,-28636.1855,26.9567,1
-4703.1636,-28634.3926,24.9425,-5252.6104,-28084.4609,21.4416,-4703.6440,-28632.1094,28.6646,775.4537,-0.0002,0.0014,3.1415,0.7852,3.1415,-4701.6543,-28636.1738,27.1408,1
-4703.1636,-28634.3926,24.9425,-5252.6104,-28084.4609,21.4418,-4698.9849,-28632.9238,26.3011,779.3142,-0.0008,0.0009,3.1415,0.7852,3.1415,-4701.4644,-28636.1758,27.2478,1
-4703.1636,-28634.3926,24.9425,-5252.6104,-28084.4609,21.4413,-4701.2607,-28640.6738,23.8768,783.1750,0.0007,0.0004,3.1415,0.7852,3.1415,-4701.3457,-28636.4160,27.2712,1
-4703.1636,-28634.3926,24.9425,-5252.6104,-28084.4629,21.4407,-4707.5771,-28630.4707,21.3135,771.4835,0.0001,-0.0001,-3.1413,0.7852,-3.1413,-4701.4351,-28636.3340,27.1982,1
-4703.1636,-28634.3926,24.9425,-5252.6099,-28084.4609,21.4412,-4702.9614,-28631.2715,28.6484,775.3445,-0.0004,0.0014,3.1416,0.7852,3.1414,-4701.3916,-28636.2598,27.3460,1
-4703.1636,-28634.3926,24.9425,-5252.6104,-28084.4629,21.4407,-4709.3110,-28629.8262,22.2494,769.8021,0.0003,0.0001,-3.1414,0.7852,-3.1414,-4701.5610,-28636.1250,27.2857,1
-4703.1636,-28634.3926,24.9425,-5252.6099,-28084.4609,21.4416,-4700.5571,-28639.8223,23.8790,783.0659,0.0004,0.0004,3.1414,0.7852,3.1414,-4701.4668,-28636.2988,27.2659,1
-4703.1636,-28634.3926,24.9425,-5252.6099,-28084.4609,21.4416,-4706.8896,-28629.6289,21.3999,771.3744,-0.0001,-0.0001,3.1415,0.7852,3.1414,-4701.5771,-28636.1465,27.1538,1
-4703.1636,-28634.3926,24.9425,-5252.6099,-28084.4609,21.4417,-4702.2754,-28630.4238,28.6681,775.2353,-0.0007,0.0014,-3.1415,0.7852,-3.1415,-4701.5518,-28636.0059,27.2620,1
-4703.1636,-28634.3926,24.9425,-5252.6099,-28084.4609,21.4417,-4704.5327,-28638.1602,26.2578,779.0958,0.0008,0.0009,3.1415,0.7852,3.1415,-4701.6016,-28636.1016,27.2938,1
-4703.1636,-28634.3926,24.9425,-5252.6099,-28084.4609,21.4418,-4699.8804,-28638.9941,23.8029,782.9567,0.0002,0.0004,-3.1415,0.7852,-3.1416,-4701.5103,-28636.2266,27.2429,1
-4703.1636,-28634.3926,24.9425,-5252.6099,-28084.4609,21.4418,-4706.2305,-28628.8125,21.4194,771.2650,-0.0003,-0.0001,-3.1416,0.7852,3.1416,-4701.6221,-28636.0293,27.1038,1
-4703.1636,-28634.3926,24.9425,-5252.6099,-28084.4609,21.4419,-4701.6152,-28629.6016,28.7682,775.1259,-0.0009,0.0014,3.1415,0.7852,3.1415,-4701.5952,-28635.8398,27.1887,1
-4703.1636,-28634.3926,24.9425,-5252.6104,-28084.4629,21.4418,-4703.8569,-28637.3379,26.3023,778.9863,0.0006,0.0009,-3.1414,0.7852,-3.1414,-4701.6411,-28635.8848,27.1966,1
-4703.1636,-28634.3926,24.9425,-5252.6099,-28084.4609,21.4421,-4699.1973,-28638.1582,23.9148,782.8473,0.0000,0.0004,3.1415,0.7852,3.1415,-4701.5439,-28635.9609,27.1252,1
-4703.1636,-28634.3926,24.9425,-5252.6104,-28084.4609,21.4418,-4699.1821,-28634.6406,24.7423,780.3766,-0.0005,0.0006,-3.1415,0.7852,-3.1415,-4701.4414,-28635.9277,27.0721,1
-4703.1636,-28634.3926,24.9425,-5252.6099,-28084.4609,21.4420,-4707.8306,-28635.6621,28.6494,775.0169,0.0009,0.0014,3.1416,0.7852,3.1415,-4701.6133,-28635.9258,27.1387,1
-4703.1636,-28634.3926,24.9425,-5252.6104,-28084.4609,21.4422,-4703.1743,-28636.5039,26.3071,778.8773,0.0003,0.0009,-3.1416,0.7852,-3.1415,-4701.6494,-28635.9492,27.1326,1
-4703.1636,-28634.3926,24.9425,-5252.6099,-28084.4609,21.4415,-4698.5195,-28637.3262,23.7112,782.7383,-0.0002,0.0004,-3.1415,0.7852,3.1415,-4701.5400,-28636.0000,27.0412,1
-4703.1636,-28634.3926,24.9425,-5252.6099,-28084.4609,21.4415,-4704.9102,-28627.1738,21.4859,771.0464,-0.0008,-0.0001,3.1415,0.7852,3.1415,-4701.6304,-28635.7246,26.8684,1
-4703.1636,-28634.3926,24.9425,-5252.6099,-28084.4609,21.4416,-4707.1636,-28634.8438,28.8138,774.9073,0.0007,0.0014,3.1416,0.7852,3.1416,-4701.8008,-28635.6777,26.9211,1
-4703.1636,-28634.3926,24.9425,-5252.6099,-28084.4629,21.4417,-4702.5098,-28635.6895,26.3425,778.7678,0.0001,0.0009,-3.1415,0.7852,-3.1415,-4701.8330,-28635.6582,26.8985,1
-4703.1636,-28634.3926,24.9425,-5252.6099,-28084.4609,21.4417,-4697.8486,-28636.4961,23.9343,782.6286,-0.0004,0.0004,-3.1416,0.7852,3.1416,-4701.7168,-28635.6660,26.7979,1
-4703.1636,-28634.3926,24.9425,-5252.6099,-28084.4609,21.4418,-4704.2432,-28626.3438,21.4054,770.9374,-0.0010,-0.0001,3.1415,0.7852,3.1415,-4701.7979,-28635.3477,26.6081,1
-4703.1636,-28634.3926,24.9425,-5252.6099,-28084.4609,21.4416,-4706.4858,-28634.0215,28.6660,774.7984,0.0005,0.0014,3.1416,0.7852,3.1415,-4701.9556,-28635.2578,26.6427,1
-4703.1636,-28634.3926,24.9425,-5252.6099,-28084.4609,21.4418,-4695.0586,-28635.2910,23.6930,783.7604,-0.0010,0.0004,3.1415,0.7852,3.1415,-4701.7573,-28635.2090,26.5233,1
-4703.1636,-28634.3926,24.9425,-5252.6099,-28084.4609,21.4416,-4697.1704,-28635.6602,23.8070,782.5198,-0.0006,0.0004,3.1416,0.7852,3.1415,-4701.6108,-28635.1738,26.4022,1
-4703.1636,-28634.3926,24.9425,-5252.6099,-28084.4609,21.4417,-4710.4219,-28632.3730,21.3978,770.8281,0.0008,-0.0001,3.1415,0.7852,3.1415,-4701.8828,-28635.0352,26.1972,1
-4703.1636,-28634.3926,24.9425,-5252.6094,-28084.4609,21.4416,-4705.8110,-28633.1953,28.6600,774.6890,0.0002,0.0014,3.1416,0.7852,3.1415,-4702.0229,-28634.9180,26.2185,1
-4703.1636,-28634.3926,24.9425,-5252.6094,-28084.4609,21.4417,-4701.1558,-28634.0254,26.2769,778.5500,-0.0003,0.0009,3.1415,0.7852,3.1415,-4702.0210,-28634.8281,26.1701,1
-4703.1636,-28634.3926,24.9425,-5252.6094,-28084.4609,21.4416,-4696.4937,-28634.8223,23.8037,782.4104,-0.0009,0.0004,3.1416,0.7852,3.1415,-4701.8677,-28634.7617,26.0445,1
-4703.1636,-28634.3926,24.9425,-5252.6094,-28084.4609,21.4417,-4709.7485,-28631.5527,21.3851,770.7194,0.0006,-0.0001,3.1415,0.7852,3.1415,-4702.1289,-28634.5938,25.8362,1
-4703.1636,-28634.3926,24.9425,-5252.6094,-28084.4609,21.4416,-4705.1372,-28632.3691,28.6464,774.5798,0.0000,0.0014,3.1416,0.7852,3.1415,-4702.2568,-28634.4473,25.8554,1
-4703.1636,-28634.3926,24.9425,-5252.6094,-28084.4609,21.4417,-4706.6626,-28632.3828,22.5396,773.4830,0.0003,0.0001,3.1415,0.7852,3.1415,-4702.4395,-28634.2988,25.6856,1
-4703.1636,-28634.3926,24.9425,-5252.6094,-28084.4609,21.4416,-4702.7681,-28640.9375,23.7915,782.3011,0.0009,0.0004,3.1416,0.7852,3.1415,-4702.5034,-28634.4238,25.5524,1
-4703.1636,-28634.3926,24.9425,-5252.6094,-28084.4609,21.4417,-4709.0771,-28630.7324,21.3720,770.6102,0.0004,-0.0001,3.1415,0.7852,3.1415,-4702.7710,-28634.2363,25.3384,1
-4703.1636,-28634.3926,24.9425,-5252.6094,-28084.4609,21.4416,-4704.4648,-28631.5410,28.6323,774.4707,-0.0002,0.0014,3.1416,0.7852,3.1415,-4702.9004,-28634.0723,25.3535,1
-4703.1636,-28634.3926,24.9425,-5252.6094,-28084.4609,21.4417,-4699.8076,-28632.3594,26.2498,778.3316,-0.0007,0.0009,3.1415,0.7852,3.1415,-4702.8813,-28633.9297,25.3017,1
-4703.1636,-28634.3926,24.9425,-5252.6094,-28084.4609,21.4416,-4702.0830,-28640.1055,23.7780,782.1921,0.0007,0.0004,3.1416,0.7852,3.1415,-4702.9258,-28634.0371,25.1753,1
-4703.1636,-28634.3926,24.9425,-5252.6094,-28084.4609,21.4417,-4696.2568,-28634.6387,22.4277,782.4470,-0.0009,0.0001,3.1415,0.7852,3.1415,-4702.7803,-28633.9844,25.0055,1
-4703.1636,-28634.3926,24.9425,-5252.6094,-28084.4609,21.4416,-4703.7930,-28630.7129,28.6182,774.3617,-0.0004,0.0014,3.1416,0.7852,3.1415,-4702.8594,-28633.8086,25.0318,1
-4703.1636,-28634.3926,24.9425,-5252.6094,-28084.4609,21.4417,-4699.1353,-28631.5234,26.2362,778.2226,-0.0010,0.0009,3.1415,0.7852,3.1415,-4702.7896,-28633.6543,24.9918,1
-4703.1636,-28634.3926,24.9425,-5252.6094,-28084.4609,21.4416,-4701.3989,-28639.2734,23.7644,782.0830,0.0005,0.0004,3.1416,0.7852,3.1415,-4702.7827,-28633.7480,24.8778,1
-4703.1636,-28634.3926,24.9425,-5252.6094,-28084.4609,21.4417,-4707.7368,-28629.0879,21.3462,770.3922,-0.0001,-0.0001,3.1415,0.7852,3.1415,-4702.9771,-28633.5273,24.6849,1
-4703.1636,-28634.3926,24.9425,-5252.6094,-28084.4609,21.4416,-4703.1226,-28629.8848,28.6042,774.2526,-0.0006,0.0014,3.1416,0.7852,3.1415,-4703.0303,-28633.3262,24.7224,1
-4703.1636,-28634.3926,24.9425,-5252.6094,-28084.4609,21.4417,-4705.3711,-28637.6094,26.2230,778.1135,0.0008,0.0009,3.1415,0.7852,3.1415,-4703.1548,-28633.3691,24.6940,1
-4703.1636,-28634.3926,24.9425,-5252.6094,-28084.4609,21.4416,-4700.7158,-28638.4414,23.7511,781.9739,0.0003,0.0004,3.1416,0.7852,3.1415,-4703.1333,-28633.4512,24.5922,1
-4703.1636,-28634.3926,24.9425,-5252.6094,-28084.4609,21.4417,-4707.0679,-28628.2617,21.3332,770.2833,-0.0003,-0.0001,3.1415,0.7852,3.1415,-4703.3096,-28633.2168,24.4121,1
-4703.1636,-28634.3926,24.9425,-5252.6094,-28084.4609,21.4416,-4702.4526,-28629.0547,28.5902,774.1437,-0.0008,0.0014,3.1416,0.7852,3.1415,-4703.3423,-28633.0020,24.4627,1
-4703.1636,-28634.3926,24.9425,-5252.6094,-28084.4609,21.4417,-4704.6909,-28636.7812,26.2094,778.0045,0.0006,0.0009,3.1415,0.7852,3.1415,-4703.4438,-28633.0293,24.4478,1
-4703.1636,-28634.3926,24.9425,-5252.6094,-28084.4609,21.4416,-4700.0342,-28637.6074,23.7375,781.8651,0.0000,0.0004,3.1416,0.7852,3.1415,-4703.3965,-28633.0938,24.3597,1
-4703.1636,-28634.3926,24.9425,-5252.6094,-28084.4609,21.4417,-4706.4004,-28627.4375,21.3200,770.1743,-0.0005,-0.0001,3.1415,0.7852,3.1415,-4703.5454,-28632.8438,24.1937,1
-4703.1636,-28634.3926,24.9425,-5252.6094,-28084.4609,21.4416,-4708.6611,-28635.1016,28.5766,774.0347,0.0009,0.0014,3.1416,0.7852,3.1415,-4703.7710,-28632.8301,24.2586,1
-4703.1636,-28634.3926,24.9425,-5252.6099,-28084.4609,21.4417,-4704.0117,-28635.9531,26.1955,777.8956,0.0004,0.0009,3.1415,0.7852,3.1415,-4703.8550,-28632.8535,24.2581,1
-4703.1636,-28634.3926,24.9425,-5252.6099,-28084.4609,21.4416,-4699.3545,-28636.7734,23.7239,781.7560,-0.0002,0.0004,3.1416,0.7852,3.1415,-4703.7876,-28632.9121,24.1845,1
-4703.1636,-28634.3926,24.9425,-5252.6099,-28084.4609,21.4417,-4705.7349,-28626.6113,21.3072,770.0652,-0.0007,-0.0001,3.1415,0.7852,3.1415,-4703.9136,-28632.6523,24.0331,1
-4703.1636,-28634.3926,24.9425,-5252.6099,-28084.4609,21.4416,-4707.9844,-28634.2793,28.5626,773.9257,0.0007,0.0014,3.1416,0.7852,3.1415,-4704.1133,-28632.6289,24.1126,1
-4703.1636,-28634.3926,24.9425,-5252.6099,-28084.4609,21.4417,-4703.3335,-28635.1230,26.1817,777.7866,0.0002,0.0009,3.1415,0.7852,3.1415,-4704.1694,-28632.6406,24.1266,1
-4703.1636,-28634.3926,24.9425,-5252.6099,-28084.4609,21.4416,-4698.6758,-28635.9375,23.7104,781.6471,-0.0004,0.0004,3.1416,0.7852,3.1415,-4704.0718,-28632.6836,24.0675,1
-4703.1636,-28634.3926,24.9425,-5252.6099,-28084.4609,21.4417,-4705.0703,-28625.7852,21.2942,769.9563,-0.0009,-0.0001,3.1415,0.7852,3.1415,-4704.1650,-28632.4082,23.9304,1
-4703.1636,-28634.3926,24.9425,-5252.6099,-28084.4609,21.4416,-4702.6997,-28639.7129,22.3473,781.4774,0.0007,0.0001,3.1416,0.7852,3.1415,-4704.1821,-28632.5703,23.8242,1
-4703.1636,-28634.3926,24.9425,-5252.6099,-28084.4609,21.4417,-4702.6567,-28634.2930,26.1679,777.6777,-0.0001,0.0009,3.1415,0.7852,3.1415,-4704.1924,-28632.5762,23.8393,1
-4703.1636,-28634.3926,24.9425,-5252.6099,-28084.4609,21.4416,-4697.9980,-28635.1016,23.6969,781.5381,-0.0006,0.0004,3.1416,0.7852,3.1415,-4704.0488,-28632.6113,23.7819,1
-4703.1636,-28634.3926,24.9425,-5252.6099,-28084.4609,21.4417,-4700.3071,-28641.5684,29.8912,784.5187,0.0007,0.0016,3.1415,0.7852,3.1415,-4703.9644,-28632.8613,23.9235,1
-4703.1636,-28634.3926,24.9425,-5252.6099,-28084.4609,21.4416,-4706.6333,-28632.6309,28.5348,773.7078,0.0003,0.0014,3.1416,0.7852,3.1415,-4704.0737,-28632.8457,24.0385,1
-4703.1636,-28634.3926,24.9425,-5252.6099,-28084.4609,21.4417,-4701.9810,-28633.4629,26.1544,777.5687,-0.0003,0.0009,3.1415,0.7852,3.1415,-4704.0381,-28632.8555,24.0870,1
-4703.1636,-28634.3926,24.9425,-5252.6099,-28084.4609,21.4416,-4697.3213,-28634.2637,23.6837,781.4291,-0.0008,0.0004,3.1416,0.7852,3.1415,-4703.8481,-28632.8926,24.0612,1
-4703.1636,-28634.3926,24.9425,-5252.6099,-28084.4609,21.4417,-4699.6177,-28642.0273,21.2557,785.2902,0.0006,-0.0001,3.1415,0.7852,3.1415,-4703.7178,-28633.1816,23.9578,1
-4703.1636,-28634.3926,24.9425,-5252.6099,-28084.4609,21.4416,-4705.9600,-28631.8047,28.5207,773.5988,0.0001,0.0014,3.1416,0.7852,3.1415,-4703.7812,-28633.1621,24.0826,1
-4703.1636,-28634.3926,24.9425,-5252.6099,-28084.4590,21.4417,-4701.3066,-28632.6289,26.1406,777.4597,-0.0005,0.0009,3.1415,0.7852,3.1415,-4703.6997,-28633.1660,24.1404,1
-4703.1636,-28634.3926,24.9425,-5252.6099,-28084.4590,21.4416,-4703.5884,-28640.3672,23.6710,781.3202,0.0010,0.0004,3.1416,0.7852,3.1415,-4703.6865,-28633.4141,24.1235,1
-4703.1636,-28634.3926,24.9425,-5252.6104,-28084.4590,21.4417,-4698.9316,-28641.1895,21.2425,785.1813,0.0004,-0.0001,3.1415,0.7852,3.1415,-4703.5249,-28633.7031,24.0284,1
-4703.1636,-28634.3926,24.9425,-5252.6104,-28084.4590,21.4416,-4705.2876,-28630.9766,28.5069,773.4899,-0.0002,0.0014,3.1416,0.7852,3.1415,-4703.5576,-28633.6816,24.1609,1
-4703.1636,-28634.3926,24.9425,-5252.6104,-28084.4590,21.4417,-4700.6338,-28631.7969,26.1268,777.3508,-0.0007,0.0009,3.1415,0.7852,3.1415,-4703.4443,-28633.6758,24.2260,1
-4703.1636,-28634.3926,24.9425,-5252.6104,-28084.4590,21.4416,-4702.9043,-28639.5371,23.6575,781.2112,0.0007,0.0004,3.1416,0.7852,3.1415,-4703.3989,-28633.9141,24.2157,1
-4703.1636,-28634.3926,24.9425,-5252.6104,-28084.4590,21.4417,-4699.2271,-28632.7148,27.7256,779.0068,-0.0008,0.0012,3.1415,0.7852,3.1415,-4703.2354,-28633.9434,24.3345,1
-4703.1636,-28634.3926,24.9425,-5252.6104,-28084.4590,21.4416,-4704.6167,-28630.1484,28.4928,773.3809,-0.0004,0.0014,3.1416,0.7852,3.1415,-4703.2378,-28633.8867,24.4860,1
-4703.1636,-28634.3926,24.9425,-5252.6104,-28084.4590,21.4417,-4699.9614,-28630.9629,26.1130,777.2418,-0.0009,0.0009,3.1415,0.7852,3.1415,-4703.0942,-28633.8438,24.5683,1
-4703.1636,-28634.3926,24.9425,-5252.6104,-28084.4590,21.4416,-4702.2212,-28638.7051,23.6440,781.1022,0.0005,0.0004,3.1416,0.7852,3.1415,-4703.0186,-28634.0430,24.5737,1
-4703.1636,-28634.3926,24.9425,-5252.6104,-28084.4590,21.4417,-4697.5625,-28639.5156,21.2160,784.9634,-0.0000,-0.0001,3.1415,0.7852,3.1415,-4702.7939,-28634.2754,24.4987,1
-4703.1636,-28634.3926,24.9425,-5252.6104,-28084.4590,21.4416,-4703.9468,-28629.3203,28.4788,773.2719,-0.0006,0.0013,3.1416,0.7852,3.1415,-4702.7637,-28634.1895,24.6489,1
-4703.1636,-28634.3926,24.9425,-5252.6104,-28084.4590,21.4417,-4706.1914,-28637.0391,26.1001,777.1328,0.0009,0.0008,3.1415,0.7852,3.1415,-4702.8105,-28634.3398,24.7295,1
-4703.1636,-28634.3926,24.9425,-5252.6104,-28084.4590,21.4416,-4701.5391,-28637.8750,23.6305,780.9933,0.0003,0.0003,3.1416,0.7852,3.1415,-4702.7173,-28634.5215,24.7327,1
-4703.1636,-28634.3926,24.9425,-5252.6104,-28084.4590,21.4417,-4696.8794,-28638.6777,21.2028,784.8544,-0.0003,-0.0002,3.1415,0.7852,3.1415,-4702.4751,-28634.7324,24.6551,1
-4703.1636,-28634.3926,24.9425,-5252.6104,-28084.4590,21.4416,-4703.2778,-28628.4922,28.4647,773.1630,-0.0008,0.0013,3.1416,0.7852,3.1415,-4702.4268,-28634.6211,24.8021,1
-4703.1636,-28634.3926,24.9425,-5252.6104,-28084.4590,21.4417,-4705.5117,-28636.2129,26.0863,777.0239,0.0006,0.0008,3.1415,0.7852,3.1415,-4702.4546,-28634.7441,24.8790,1
-4703.1636,-28634.3926,24.9425,-5252.6104,-28084.4590,21.4416,-4700.8584,-28637.0410,23.6171,780.8843,0.0001,0.0003,3.1416,0.7852,3.1415,-4702.3418,-28634.8926,24.8782,1
-4703.1636,-28634.3926,24.9425,-5252.6108,-28084.4590,21.4417,-4708.3325,-28630.5645,27.3981,771.0388,0.0002,0.0011,3.1415,0.7852,3.1415,-4702.4697,-28634.8359,24.9954,1
-4703.1636,-28634.3926,24.9425,-5252.6108,-28084.4590,21.4416,-4702.1108,-28636.6816,22.3976,779.7430,0.0002,0.0001,3.1416,0.7852,3.1415,-4702.4111,-28634.9629,24.9554,1
-4703.1636,-28634.3926,24.9425,-5252.6108,-28084.4590,21.4417,-4704.8335,-28635.3848,26.0725,776.9149,0.0004,0.0008,3.1415,0.7852,3.1415,-4702.4409,-28635.0508,25.0264,1
-4703.1636,-28634.3926,24.9425,-5252.6108,-28084.4590,21.4416,-4700.1797,-28636.2070,23.6036,780.7753,-0.0001,0.0003,3.1416,0.7852,3.1415,-4702.3276,-28635.1641,25.0193,1
-4703.1636,-28634.3926,24.9425,-5252.6108,-28084.4590,21.4417,-4695.5181,-28637.0000,21.1763,784.6365,-0.0007,-0.0002,3.1415,0.7852,3.1415,-4702.0635,-28635.3008,24.9308,1
-4703.1636,-28634.3926,24.9425,-5252.6108,-28084.4590,21.4416,-4708.8042,-28633.7090,28.4373,772.9450,0.0008,0.0013,3.1416,0.7852,3.1415,-4702.2129,-28635.3340,25.0662,1
-4703.1636,-28634.3926,24.9425,-5252.6108,-28084.4590,21.4417,-4704.1558,-28634.5566,26.0587,776.8060,0.0002,0.0008,3.1415,0.7852,3.1415,-4702.2285,-28635.3867,25.1310,1
-4703.1636,-28634.3926,24.9425,-5252.6108,-28084.4590,21.4416,-4699.5010,-28635.3730,23.5901,780.6664,-0.0004,0.0003,3.1416,0.7852,3.1415,-4702.1006,-28635.4629,25.1175,1
-4703.1636,-28634.3926,24.9425,-5252.6108,-28084.4590,21.4417,-4694.8389,-28636.1602,21.1631,784.5275,-0.0009,-0.0002,3.1415,0.7852,3.1415,-4701.8198,-28635.5605,25.0225,1
-4703.1636,-28634.3926,24.9425,-5252.6108,-28084.4590,21.4416,-4708.1284,-28632.8867,28.4233,772.8361,0.0005,0.0013,3.1416,0.7852,3.1415,-4701.9526,-28635.5527,25.1511,1
-4703.1636,-28634.3926,24.9425,-5252.6108,-28084.4590,21.4417,-4703.7183,-28635.0410,25.7712,777.4568,0.0002,0.0008,3.1415,0.7852,3.1415,-4701.9580,-28635.6055,25.2003,1
-4703.1636,-28634.3926,24.9425,-5252.6108,-28084.4590,21.4416,-4698.8242,-28634.5391,23.5766,780.5574,-0.0006,0.0003,3.1416,0.7852,3.1415,-4701.8120,-28635.6387,25.1794,1
-4703.1636,-28634.3926,24.9425,-5252.6108,-28084.4590,21.4417,-4695.3452,-28636.4512,26.5226,784.3853,-0.0008,0.0009,3.1415,0.7852,3.1415,-4701.5503,-28635.7285,25.2482,1
-4703.1636,-28634.3926,24.9425,-5252.6108,-28084.4590,21.4416,-4707.4546,-28632.0625,28.4093,772.7271,0.0003,0.0013,3.1416,0.7852,3.1415,-4701.6665,-28635.6758,25.3805,1
-4703.1636,-28634.3926,24.9425,-5252.6108,-28084.4590,21.4417,-4702.8047,-28632.8984,26.0312,776.5880,-0.0002,0.0008,3.1415,0.7852,3.1415,-4701.6470,-28635.6406,25.4413,1
-4703.1636,-28634.3926,24.9425,-5252.6108,-28084.4590,21.4416,-4698.1484,-28633.7031,23.5632,780.4485,-0.0008,0.0003,3.1416,0.7852,3.1415,-4701.4819,-28635.6250,25.4228,1
-4703.1636,-28634.3926,24.9425,-5252.6113,-28084.4590,21.4417,-4700.4409,-28641.4590,21.1375,784.3096,0.0007,-0.0002,3.1415,0.7852,3.1415,-4701.3857,-28635.8496,25.3220,1
-4703.1636,-28634.3926,24.9425,-5252.6113,-28084.4590,21.4416,-4706.7822,-28631.2383,28.3952,772.6181,0.0001,0.0013,3.1416,0.7852,3.1415,-4701.4941,-28635.7578,25.4439,1
-4703.1636,-28634.3926,24.9425,-5252.6113,-28084.4590,21.4417,-4702.1313,-28632.0664,26.0174,776.4790,-0.0005,0.0008,3.1415,0.7852,3.1415,-4701.4653,-28635.6816,25.4943,1
-4703.1636,-28634.3926,24.9425,-5252.6113,-28084.4590,21.4416,-4704.4097,-28639.7988,23.5503,780.3395,0.0010,0.0003,3.1416,0.7852,3.1415,-4701.5127,-28635.8457,25.4657,1
-4703.1636,-28634.3926,24.9425,-5252.6113,-28084.4590,21.4417,-4699.7554,-28640.6250,21.1243,784.2006,0.0004,-0.0002,3.1415,0.7852,3.1415,-4701.4189,-28636.0410,25.3549,1
-4703.1636,-28634.3926,24.9425,-5252.6113,-28084.4590,21.4416,-4706.1104,-28630.4121,28.3812,772.5091,-0.0001,0.0013,3.1416,0.7852,3.1415,-4701.5278,-28635.9180,25.4668,1
-4703.1636,-28634.3926,24.9425,-5252.6113,-28084.4590,21.4417,-4701.4590,-28631.2363,26.0036,776.3701,-0.0007,0.0008,3.1415,0.7852,3.1415,-4701.4971,-28635.8086,25.5076,1
-4703.1636,-28634.3926,24.9425,-5252.6113,-28084.4590,21.4416,-4703.7256,-28638.9688,23.5369,780.2305,0.0008,0.0003,3.1416,0.7852,3.1415,-4701.5405,-28635.9355,25.4695,1
-4703.1636,-28634.3926,24.9425,-5252.6113,-28084.4590,21.4417,-4705.4097,-28630.5918,25.0502,773.1107,-0.0002,0.0006,3.1415,0.7852,3.1415,-4701.6440,-28635.7969,25.4749,1
-4703.1636,-28634.3926,24.9425,-5252.6113,-28084.4590,21.4416,-4705.4399,-28629.5859,28.3672,772.4002,-0.0003,0.0013,3.1416,0.7852,3.1415,-4701.7578,-28635.6152,25.5860,1
-4703.1636,-28634.3926,24.9425,-5252.6113,-28084.4590,21.4417,-4700.7876,-28630.4043,25.9902,776.2612,-0.0009,0.0008,3.1415,0.7852,3.1415,-4701.7295,-28635.4473,25.6255,1
-4703.1636,-28634.3926,24.9425,-5252.6113,-28084.4590,21.4416,-4703.0430,-28638.1387,23.5237,780.1216,0.0006,0.0003,3.1416,0.7852,3.1415,-4701.7710,-28635.5156,25.5859,1
-4703.1636,-28634.3926,24.9425,-5252.6113,-28084.4590,21.4417,-4698.3872,-28638.9531,21.0982,783.9827,0.0000,-0.0002,3.1415,0.7852,3.1415,-4701.6670,-28635.6172,25.4639,1
-4703.1636,-28634.3926,24.9425,-5252.6113,-28084.4590,21.4416,-4704.7705,-28628.7598,28.3535,772.2913,-0.0006,0.0013,3.1416,0.7852,3.1415,-4701.7607,-28635.3965,25.5646,1
-4703.1636,-28634.3926,24.9425,-5252.6118,-28084.4590,21.4417,-4707.0117,-28636.4707,25.9773,776.1522,0.0009,0.0008,3.1415,0.7852,3.1415,-4701.9331,-28635.4121,25.5941,1
-4703.1636,-28634.3926,24.9425,-5252.6118,-28084.4590,21.4416,-4702.3623,-28637.3086,23.5103,780.0126,0.0003,0.0003,3.1416,0.7852,3.1415,-4701.9663,-28635.4570,25.5447,1
-4703.1636,-28634.3926,24.9425,-5252.6118,-28084.4590,21.4417,-4697.7056,-28638.1152,21.0850,783.8737,-0.0002,-0.0002,3.1415,0.7852,3.1415,-4701.8511,-28635.5312,25.4134,1
-4703.1636,-28634.3926,24.9425,-5252.6118,-28084.4590,21.4416,-4704.1030,-28627.9316,28.3395,772.1823,-0.0008,0.0013,3.1416,0.7852,3.1415,-4701.9316,-28635.2832,25.5052,1
-4703.1636,-28634.3926,24.9425,-5252.6118,-28084.4590,21.4417,-4699.8628,-28638.7988,24.5571,782.8353,0.0002,0.0005,3.1415,0.7852,3.1415,-4701.8799,-28635.3711,25.4812,1
-4703.1636,-28634.3926,24.9425,-5252.6118,-28084.4590,21.4416,-4701.6826,-28636.4766,23.4968,779.9036,0.0001,0.0003,3.1416,0.7852,3.1415,-4701.8818,-28635.3906,25.4210,1
-4703.1636,-28634.3926,24.9425,-5252.6118,-28084.4570,21.4417,-4697.0249,-28637.2773,21.0718,783.7648,-0.0004,-0.0002,3.1415,0.7852,3.1415,-4701.7344,-28635.4395,25.2794,1
-4703.1636,-28634.3926,24.9425,-5252.6118,-28084.4570,21.4416,-4703.4365,-28627.1016,28.3255,772.0732,-0.0010,0.0013,3.1416,0.7852,3.1415,-4701.7817,-28635.1641,25.3618,1
-4703.1636,-28634.3926,24.9425,-5252.6118,-28084.4570,21.4417,-4705.6548,-28634.8164,25.9498,775.9342,0.0005,0.0008,3.1415,0.7852,3.1415,-4701.9043,-28635.1211,25.3741,1
-4703.1636,-28634.3926,24.9425,-5252.6118,-28084.4570,21.4416,-4701.0034,-28635.6426,23.4834,779.7947,-0.0001,0.0003,3.1416,0.7852,3.1415,-4701.8857,-28635.1055,25.3087,1
-4703.1636,-28634.3926,24.9425,-5252.6118,-28084.4570,21.4417,-4696.3452,-28636.4375,21.0586,783.6558,-0.0007,-0.0002,3.1415,0.7852,3.1415,-4701.7158,-28635.1172,25.1625,1
-4703.1636,-28634.3926,24.9425,-5252.6118,-28084.4570,21.4416,-4709.6230,-28633.1387,28.3121,771.9643,0.0008,0.0013,3.1416,0.7852,3.1415,-4701.9619,-28635.0273,25.2407,1
-4703.1636,-28634.3926,24.9425,-5252.6118,-28084.4570,21.4417,-4704.9780,-28633.9902,25.9360,775.8253,0.0002,0.0008,3.1415,0.7852,3.1415,-4702.0737,-28634.9609,25.2494,1
-4703.1636,-28634.3926,24.9425,-5252.6118,-28084.4570,21.4416,-4700.3262,-28634.8086,23.4699,779.6857,-0.0003,0.0003,3.1416,0.7852,3.1415,-4702.0420,-28634.9199,25.1807,1
-4703.1636,-28634.3926,24.9425,-5252.6123,-28084.4570,21.4417,-4695.6675,-28635.5996,21.0454,783.5469,-0.0009,-0.0002,3.1415,0.7852,3.1415,-4701.8569,-28634.9062,25.0317,1
-4703.1636,-28634.3926,24.9425,-5252.6123,-28084.4570,21.4416,-4708.9487,-28632.3164,28.2981,771.8553,0.0006,0.0013,3.1416,0.7852,3.1415,-4702.0854,-28634.7871,25.1078,1
-4703.1636,-28634.3926,24.9425,-5252.6123,-28084.4570,21.4417,-4704.3027,-28633.1621,25.9223,775.7163,0.0000,0.0008,3.1415,0.7852,3.1415,-4702.1782,-28634.6934,25.1146,1
-4703.1636,-28634.3926,24.9425,-5252.6123,-28084.4570,21.4416,-4699.6504,-28633.9746,23.4565,779.5767,-0.0005,0.0003,3.1416,0.7852,3.1415,-4702.1250,-28634.6230,25.0446,1
-4703.1636,-28634.3926,24.9425,-5252.6123,-28084.4570,21.4417,-4702.4883,-28630.5996,22.6893,775.1826,-0.0006,0.0002,3.1415,0.7852,3.1415,-4702.1567,-28634.4453,24.9467,1
-4703.1636,-28634.3926,24.9425,-5252.6123,-28084.4570,21.4416,-4708.2754,-28631.4941,28.2842,771.7464,0.0004,0.0013,3.1416,0.7852,3.1415,-4702.3760,-28634.2871,25.0256,1
-4703.1636,-28634.3926,24.9425,-5252.6123,-28084.4570,21.4417,-4703.6289,-28632.3320,25.9085,775.6073,-0.0002,0.0008,3.1415,0.7852,3.1415,-4702.4565,-28634.1543,25.0354,1
-4703.1636,-28634.3926,24.9425,-5252.6123,-28084.4570,21.4416,-4698.9751,-28633.1406,23.4431,779.4678,-0.0008,0.0003,3.1416,0.7852,3.1415,-4702.3887,-28634.0449,24.9685,1
-4703.1636,-28634.3926,24.9425,-5252.6123,-28084.4570,21.4417,-4701.2632,-28640.8906,21.0198,783.3289,0.0007,-0.0002,3.1415,0.7852,3.1415,-4702.3862,-28634.1855,24.8218,1
-4703.1636,-28634.3926,24.9425,-5252.6123,-28084.4570,21.4416,-4707.6030,-28630.6699,28.2702,771.6374,0.0001,0.0013,3.1416,0.7852,3.1415,-4702.5845,-28634.0137,24.9006,1
-4703.1636,-28634.3926,24.9425,-5252.6123,-28084.4570,21.4417,-4702.9556,-28631.5039,25.8948,775.4984,-0.0004,0.0008,3.1415,0.7852,3.1415,-4702.6421,-28633.8633,24.9108,1
-4703.1636,-28634.3926,24.9425,-5252.6123,-28084.4570,21.4416,-4698.3013,-28632.3047,23.4296,779.3588,-0.0010,0.0003,3.1416,0.7852,3.1415,-4702.5498,-28633.7363,24.8445,1
-4703.1636,-28634.3926,24.9425,-5252.6123,-28084.4570,21.4417,-4700.5781,-28640.0566,21.0067,783.2200,0.0005,-0.0002,3.1415,0.7852,3.1415,-4702.5200,-28633.8574,24.6987,1
-4703.1636,-28634.3926,24.9425,-5252.6123,-28084.4570,21.4416,-4706.9321,-28629.8457,28.2562,771.5284,-0.0001,0.0013,3.1416,0.7852,3.1415,-4702.6895,-28633.6680,24.7789,1
-4703.1636,-28634.3926,24.9425,-5252.6128,-28084.4570,21.4417,-4706.9897,-28631.5391,23.2990,772.6618,0.0002,0.0003,3.1415,0.7852,3.1415,-4702.8696,-28633.5254,24.7072,1
-4703.1636,-28634.3926,24.9425,-5252.6128,-28084.4570,21.4416,-4704.5469,-28638.3984,23.4168,779.2499,0.0008,0.0003,3.1416,0.7852,3.1415,-4702.9771,-28633.6016,24.6374,1
-4703.1636,-28634.3926,24.9425,-5252.6128,-28084.4570,21.4417,-4699.8945,-28639.2227,20.9935,783.1110,0.0003,-0.0002,3.1415,0.7852,3.1415,-4702.9380,-28633.7168,24.4888,1
-4703.1636,-28634.3926,24.9425,-5252.6128,-28084.4570,21.4416,-4706.2632,-28629.0215,28.2422,771.4194,-0.0003,0.0013,3.1416,0.7852,3.1415,-4703.0947,-28633.5176,24.5670,1
-4703.1636,-28634.3926,24.9425,-5252.6128,-28084.4570,21.4417,-4701.6138,-28629.8418,25.8673,775.2804,-0.0008,0.0008,3.1415,0.7852,3.1415,-4703.1069,-28633.3379,24.5774,1
-4703.1636,-28634.3926,24.9425,-5252.6128,-28084.4570,21.4416,-4703.8652,-28637.5703,23.4034,779.1409,0.0006,0.0003,3.1416,0.7852,3.1415,-4703.1855,-28633.4004,24.5124,1
-4703.1636,-28634.3926,24.9425,-5252.6128,-28084.4570,21.4417,-4699.8354,-28631.7637,25.4435,777.8947,-0.0008,0.0007,3.1415,0.7852,3.1415,-4703.1353,-28633.2891,24.5114,1
-4703.1636,-28634.3926,24.9425,-5252.6128,-28084.4570,21.4416,-4705.5947,-28628.1953,28.2282,771.3105,-0.0005,0.0013,3.1416,0.7852,3.1415,-4703.2612,-28633.0586,24.6039,1
-4703.1636,-28634.3926,24.9425,-5252.6128,-28084.4570,21.4417,-4707.8311,-28635.8984,25.8544,775.1715,0.0009,0.0008,3.1415,0.7852,3.1415,-4703.4624,-28633.0703,24.6281,1
-4703.1636,-28634.3926,24.9425,-5252.6128,-28084.4570,21.4416,-4703.1846,-28636.7402,23.3900,779.0319,0.0004,0.0003,3.1416,0.7852,3.1415,-4703.5215,-28633.1172,24.5761,1
-4703.1636,-28634.3926,24.9425,-5252.6128,-28084.4570,21.4417,-4698.5308,-28637.5508,20.9672,782.8931,-0.0002,-0.0002,3.1415,0.7852,3.1415,-4703.4292,-28633.1992,24.4448,1
-4703.1636,-28634.3926,24.9425,-5252.6128,-28084.4570,21.4416,-4704.9272,-28627.3691,28.2143,771.2016,-0.0007,0.0013,3.1416,0.7852,3.1415,-4703.5288,-28632.9648,24.5399,1
-4703.1636,-28634.3926,24.9425,-5252.6133,-28084.4570,21.4417,-4707.1533,-28635.0742,25.8407,775.0625,0.0007,0.0008,3.1415,0.7852,3.1415,-4703.7017,-28632.9707,24.5667,1
-4703.1636,-28634.3926,24.9425,-5252.6133,-28084.4570,21.4416,-4702.5059,-28635.9102,23.3766,778.9230,0.0002,0.0003,3.1416,0.7852,3.1415,-4703.7300,-28633.0078,24.5174,1
-4703.1636,-28634.3926,24.9425,-5252.6133,-28084.4570,21.4417,-4706.4751,-28637.4980,20.3165,777.2544,0.0010,-0.0003,3.1415,0.7852,3.1415,-4703.8813,-28633.1035,24.3675,1
-4703.1636,-28634.3926,24.9425,-5252.6133,-28084.4570,21.4416,-4704.2617,-28626.5410,28.2003,771.0926,-0.0009,0.0013,3.1416,0.7852,3.1415,-4703.9648,-28632.8574,24.4639,1
-4703.1636,-28634.3926,24.9425,-5252.6133,-28084.4570,21.4417,-4706.4761,-28634.2500,25.8270,774.9535,0.0005,0.0008,3.1415,0.7852,3.1415,-4704.1182,-28632.8496,24.4922,1
-4703.1636,-28634.3926,24.9425,-5252.6133,-28084.4570,21.4416,-4701.8281,-28635.0781,23.3632,778.8140,-0.0001,0.0003,3.1416,0.7852,3.1415,-4704.1250,-28632.8711,24.4446,1
-4703.1636,-28634.3926,24.9425,-5252.6133,-28084.4570,21.4417,-4697.1724,-28635.8770,20.9408,782.6750,-0.0006,-0.0002,3.1415,0.7852,3.1415,-4703.9751,-28632.9258,24.3178,1
-4703.1636,-28634.3926,24.9425,-5252.6133,-28084.4570,21.4416,-4710.4424,-28632.5703,28.1873,770.9836,0.0008,0.0013,3.1416,0.7852,3.1415,-4704.2358,-28632.8809,24.4177,1
-4703.1636,-28634.3926,24.9425,-5252.6133,-28084.4570,21.4417,-4705.8003,-28633.4238,25.8136,774.8445,0.0003,0.0008,3.1415,0.7852,3.1415,-4704.3574,-28632.8652,24.4493,1
-4703.1636,-28634.3926,24.9425,-5252.6133,-28084.4570,21.4416,-4701.1509,-28634.2461,23.3501,778.7050,-0.0003,0.0003,3.1416,0.7852,3.1415,-4704.3301,-28632.8770,24.4050,1
-4703.1636,-28634.3926,24.9425,-5252.6133,-28084.4570,21.4417,-4696.4946,-28635.0391,20.9280,782.5662,-0.0008,-0.0002,3.1415,0.7852,3.1415,-4704.1450,-28632.9180,24.2816,1
-4703.1636,-28634.3926,24.9425,-5252.6133,-28084.4570,21.4416,-4709.7686,-28631.7480,28.1733,770.8746,0.0006,0.0013,3.1416,0.7852,3.1415,-4704.3682,-28632.8594,24.3847,1
-4703.1636,-28634.3926,24.9425,-5252.6133,-28084.4570,21.4417,-4705.1255,-28632.5977,25.7999,774.7356,0.0001,0.0008,3.1415,0.7852,3.1415,-4704.4512,-28632.8281,24.4195,1
-4703.1636,-28634.3926,24.9425,-5252.6133,-28084.4570,21.4416,-4700.4756,-28633.4141,23.3367,778.5961,-0.0005,0.0003,3.1416,0.7852,3.1415,-4704.3843,-28632.8203,24.3784,1
-4703.1636,-28634.3926,24.9425,-5252.6138,-28084.4570,21.4417,-4702.7710,-28641.1543,20.9155,782.4572,0.0010,-0.0002,3.1415,0.7852,3.1415,-4704.3809,-28633.0645,24.2581,1
-4703.1636,-28634.3926,24.9425,-5252.6138,-28084.4570,21.4416,-4709.0962,-28630.9277,28.1592,770.7657,0.0004,0.0013,3.1416,0.7852,3.1415,-4704.5767,-28632.9980,24.3642,1
-4703.1636,-28634.3926,24.9425,-5252.6138,-28084.4570,21.4417,-4704.4521,-28631.7695,25.7860,774.6266,-0.0002,0.0008,3.1415,0.7852,3.1415,-4704.6304,-28632.9531,24.4021,1
-4703.1636,-28634.3926,24.9425,-5252.6138,-28084.4570,21.4416,-4699.8018,-28632.5801,23.3231,778.4871,-0.0007,0.0003,3.1416,0.7852,3.1415,-4704.5322,-28632.9336,24.3638,1
-4703.1636,-28634.3926,24.9425,-5252.6138,-28084.4570,21.4417,-4702.0854,-28640.3223,20.9024,782.3483,0.0007,-0.0002,3.1415,0.7852,3.1415,-4704.4961,-28633.1602,24.2463,1
-4703.1636,-28634.3926,24.9425,-5252.6138,-28084.4570,21.4416,-4708.4248,-28630.1055,28.1453,770.6567,0.0002,0.0013,3.1416,0.7852,3.1415,-4704.6577,-28633.0762,24.3551,1
-4703.1636,-28634.3926,24.9425,-5252.6138,-28084.4570,21.4417,-4703.7803,-28630.9414,25.7723,774.5176,-0.0004,0.0008,3.1415,0.7852,3.1415,-4704.6758,-28633.0098,24.3955,1
-4703.1636,-28634.3926,24.9425,-5252.6138,-28084.4570,21.4416,-4699.1284,-28631.7461,23.3097,778.3781,-0.0009,0.0003,3.1416,0.7852,3.1415,-4704.5410,-28632.9668,24.3598,1
-4703.1636,-28634.3926,24.9425,-5252.6138,-28084.4570,21.4417,-4701.4009,-28639.4902,20.8892,782.2393,0.0005,-0.0002,3.1415,0.7852,3.1415,-4704.4668,-28633.1699,24.2446,1
-4703.1636,-28634.3926,24.9425,-5252.6138,-28084.4570,21.4416,-4707.7544,-28629.2812,28.1313,770.5477,-0.0000,0.0013,3.1416,0.7852,3.1415,-4704.5898,-28633.0566,24.3558,1
-4703.1636,-28634.3926,24.9425,-5252.6138,-28084.4570,21.4417,-4706.7095,-28631.6562,26.3191,772.9536,0.0002,0.0009,3.1415,0.7852,3.1415,-4704.6851,-28633.0137,24.4165,1
-4703.1636,-28634.3926,24.9425,-5252.6138,-28084.4570,21.4416,-4705.3677,-28637.8301,23.2970,778.2692,0.0009,0.0003,3.1416,0.7852,3.1415,-4704.7397,-28633.1660,24.3840,1
-4703.1636,-28634.3926,24.9425,-5252.6143,-28084.4551,21.4417,-4703.5635,-28637.5000,27.7239,779.3263,0.0005,0.0012,3.1415,0.7852,3.1415,-4704.7373,-28633.3164,24.4911,1
-4703.1636,-28634.3926,24.9425,-5252.6143,-28084.4551,21.4416,-4707.0859,-28628.4551,28.1174,770.4388,-0.0003,0.0013,3.1416,0.7852,3.1415,-4704.8452,-28633.1836,24.6191,1
-4703.1636,-28634.3926,24.9425,-5252.6143,-28084.4551,21.4417,-4702.4399,-28629.2793,25.7450,774.2997,-0.0008,0.0008,3.1415,0.7852,3.1415,-4704.8062,-28633.0684,24.6771,1
-4703.1636,-28634.3926,24.9425,-5252.6143,-28084.4551,21.4416,-4704.6870,-28637.0020,23.2836,778.1602,0.0006,0.0003,3.1416,0.7852,3.1415,-4704.8330,-28633.1934,24.6574,1
-4703.1636,-28634.3926,24.9425,-5252.6143,-28084.4551,21.4417,-4700.0366,-28637.8203,20.8629,782.0214,0.0001,-0.0002,3.1415,0.7852,3.1415,-4704.7104,-28633.3516,24.5568,1
-4703.1636,-28634.3926,24.9425,-5252.6143,-28084.4551,21.4416,-4706.4185,-28627.6309,28.1034,770.3298,-0.0005,0.0013,3.1416,0.7852,3.1415,-4704.7812,-28633.1895,24.6808,1
-4703.1636,-28634.3926,24.9425,-5252.6143,-28084.4551,21.4417,-4708.6509,-28635.3281,25.7321,774.1907,0.0010,0.0008,3.1415,0.7852,3.1415,-4704.9272,-28633.2656,24.7348,1
-4703.1636,-28634.3926,24.9425,-5252.6143,-28084.4551,21.4416,-4704.0073,-28636.1719,23.2702,778.0513,0.0004,0.0003,3.1416,0.7852,3.1415,-4704.9307,-28633.3711,24.7110,1
-4703.1636,-28634.3926,24.9425,-5252.6143,-28084.4551,21.4417,-4699.3560,-28636.9863,20.8498,781.9124,-0.0001,-0.0002,3.1415,0.7852,3.1415,-4704.7827,-28633.5098,24.6061,1
-4703.1636,-28634.3926,24.9425,-5252.6143,-28084.4551,21.4416,-4705.7520,-28626.8047,28.0895,770.2208,-0.0007,0.0013,3.1416,0.7852,3.1415,-4704.8267,-28633.3242,24.7258,1
-4703.1636,-28634.3926,24.9425,-5252.6143,-28084.4551,21.4417,-4707.9731,-28634.5039,25.7184,774.0817,0.0008,0.0008,3.1415,0.7852,3.1415,-4704.9438,-28633.3750,24.7753,1
-4703.1636,-28634.3926,24.9425,-5252.6143,-28084.4551,21.4416,-4703.3286,-28635.3438,23.2568,777.9423,0.0002,0.0003,3.1416,0.7852,3.1415,-4704.9175,-28633.4531,24.7471,1
-4703.1636,-28634.3926,24.9425,-5252.6143,-28084.4551,21.4417,-4698.6763,-28636.1504,20.8367,781.8034,-0.0004,-0.0002,3.1415,0.7852,3.1415,-4704.7383,-28633.5625,24.6378,1
-4703.1636,-28634.3926,24.9425,-5252.6143,-28084.4551,21.4416,-4705.0869,-28625.9785,28.0756,770.1119,-0.0009,0.0013,3.1416,0.7852,3.1415,-4704.7505,-28633.3457,24.7530,1
-4703.1636,-28634.3926,24.9425,-5252.6147,-28084.4551,21.4417,-4707.2974,-28633.6797,25.7047,773.9728,0.0005,0.0008,3.1415,0.7852,3.1415,-4704.8345,-28633.3633,24.7982,1
-4703.1636,-28634.3926,24.9425,-5252.6147,-28084.4551,21.4416,-4702.6514,-28634.5137,23.2434,777.8333,-0.0000,0.0003,3.1416,0.7852,3.1415,-4704.7744,-28633.4062,24.7655,1
-4703.1636,-28634.3926,24.9425,-5252.6147,-28084.4551,21.4417,-4697.9990,-28635.3145,20.8235,781.6945,-0.0006,-0.0002,3.1415,0.7852,3.1415,-4704.5610,-28633.4785,24.6519,1
-4703.1636,-28634.3926,24.9425,-5252.6147,-28084.4551,21.4416,-4711.2612,-28631.9980,28.0622,770.0029,0.0009,0.0013,3.1416,0.7852,3.1415,-4704.7607,-28633.4473,24.7628,1
-4703.1636,-28634.3926,24.9425,-5252.6147,-28084.4551,21.4417,-4706.6221,-28632.8555,25.6910,773.8639,0.0003,0.0008,3.1415,0.7852,3.1415,-4704.8242,-28633.4395,24.8037,1
-4703.1636,-28634.3926,24.9425,-5252.6147,-28084.4551,21.4416,-4702.9824,-28631.8438,24.0079,775.7153,-0.0004,0.0004,3.1416,0.7852,3.1415,-4704.7739,-28633.3984,24.7919,1
-4703.1636,-28634.3926,24.9425,-5252.6147,-28084.4551,21.4417,-4704.3286,-28627.0781,24.3817,771.4037,-0.0009,0.0005,3.1415,0.7852,3.1415,-4704.7627,-28633.1992,24.7898,1
-4703.1636,-28634.3926,24.9425,-5252.6147,-28084.4551,21.4416,-4710.5879,-28631.1777,28.0483,769.8940,0.0007,0.0013,3.1416,0.7852,3.1415,-4704.9541,-28633.1172,24.9056,1
-4703.1636,-28634.3926,24.9425,-5252.6147,-28084.4551,21.4417,-4705.9478,-28632.0293,25.6774,773.7549,0.0001,0.0008,3.1415,0.7852,3.1415,-4705.0063,-28633.0625,24.9506,1
-4703.1636,-28634.3926,24.9425,-5252.6147,-28084.4551,21.4416,-4704.1782,-28630.6348,25.4202,774.0197,-0.0004,0.0007,3.1416,0.7852,3.1415,-4705.0029,-28632.9590,24.9883,1
-4703.1636,-28634.3926,24.9425,-5252.6147,-28084.4551,21.4417,-4700.6240,-28637.5176,25.3511,781.3982,0.0001,0.0007,3.1415,0.7852,3.1415,-4704.8833,-28633.0723,25.0238,1
-4703.1636,-28634.3926,24.9425,-5252.6147,-28084.4551,21.4416,-4704.3433,-28626.4043,23.0095,770.9164,-0.0010,0.0002,3.1416,0.7852,3.1415,-4704.8726,-28632.8379,24.9834,1
-4703.1636,-28634.3926,24.9425,-5252.6147,-28084.4551,21.4417,-4705.2754,-28631.2031,25.6637,773.6459,-0.0001,0.0008,3.1415,0.7852,3.1415,-4704.8911,-28632.7461,25.0239,1
-4703.1636,-28634.3926,24.9425,-5252.6152,-28084.4551,21.4416,-4700.6274,-28632.0176,23.2033,777.5064,-0.0007,0.0003,3.1416,0.7852,3.1415,-4704.7603,-28632.6797,24.9860,1
-4703.1636,-28634.3926,24.9425,-5252.6152,-28084.4551,21.4417,-4695.6768,-28635.6035,27.2887,783.5645,-0.0009,0.0011,3.1415,0.7852,3.1415,-4704.4639,-28632.7266,25.0743,1
-4703.1636,-28634.3926,24.9425,-5252.6152,-28084.4551,21.4416,-4698.2666,-28640.5508,28.1433,785.2280,0.0002,0.0013,3.1416,0.7852,3.1415,-4704.2319,-28632.9395,25.1940,1
-4703.1636,-28634.3926,24.9425,-5252.6152,-28084.4551,21.4417,-4704.6040,-28630.3750,25.6500,773.5369,-0.0003,0.0008,3.1415,0.7852,3.1415,-4704.1899,-28632.8438,25.2400,1
-4703.1636,-28634.3926,24.9425,-5252.6152,-28084.4551,21.4416,-4699.9556,-28631.1836,23.1903,777.3975,-0.0009,0.0003,3.1416,0.7852,3.1415,-4704.0015,-28632.7715,25.2067,1
-4703.1636,-28634.3926,24.9425,-5252.6152,-28084.4551,21.4417,-4702.2236,-28638.9219,20.7722,781.2586,0.0006,-0.0002,3.1415,0.7852,3.1415,-4703.8789,-28632.9414,25.0910,1
-4703.1636,-28634.3926,24.9425,-5252.6152,-28084.4551,21.4416,-4697.5820,-28639.7129,28.1294,785.1191,-0.0000,0.0013,3.1416,0.7852,3.1415,-4703.6079,-28633.1504,25.2001,1
-4703.1636,-28634.3926,24.9425,-5252.6152,-28084.4551,21.4417,-4706.4385,-28631.7617,29.3416,773.2453,0.0001,0.0015,3.1415,0.7852,3.1415,-4703.6094,-28633.1211,25.3556,1
-4703.1636,-28634.3926,24.9425,-5252.6152,-28084.4551,21.4416,-4706.1880,-28637.2598,23.1775,777.2885,0.0009,0.0003,3.1416,0.7852,3.1415,-4703.6113,-28633.2637,25.3201,1
-4703.1636,-28634.3926,24.9425,-5252.6152,-28084.4551,21.4417,-4698.0576,-28633.2109,20.3173,780.1733,-0.0009,-0.0003,3.1415,0.7852,3.1415,-4703.3608,-28633.2852,25.1875,1
-4703.1636,-28634.3926,24.9425,-5252.6152,-28084.4551,21.4416,-4696.8989,-28638.8750,28.1153,785.0101,-0.0002,0.0013,3.1416,0.7852,3.1415,-4703.0654,-28633.4863,25.2928,1
-4703.1636,-28634.3926,24.9425,-5252.6152,-28084.4551,21.4417,-4703.2651,-28628.7188,25.6230,773.3190,-0.0008,0.0008,3.1415,0.7852,3.1415,-4702.9629,-28633.3730,25.3245,1
-4703.1636,-28634.3926,24.9425,-5252.6152,-28084.4551,21.4416,-4705.5078,-28636.4336,23.1642,777.1795,0.0007,0.0003,3.1416,0.7852,3.1415,-4702.9365,-28633.4961,25.2770,1
-4703.1636,-28634.3926,24.9425,-5252.6157,-28084.4551,21.4417,-4700.8608,-28637.2559,20.7460,781.0406,0.0001,-0.0002,3.1415,0.7852,3.1415,-4702.7705,-28633.6504,25.1472,1
-4703.1636,-28634.3926,24.9425,-5252.6157,-28084.4551,21.4416,-4696.2173,-28638.0371,28.1011,784.9011,-0.0004,0.0013,3.1416,0.7852,3.1415,-4702.4556,-28633.8359,25.2424,1
-4703.1636,-28634.3926,24.9425,-5252.6157,-28084.4551,21.4417,-4702.5977,-28627.8887,25.6094,773.2101,-0.0010,0.0008,3.1415,0.7852,3.1415,-4702.3345,-28633.7031,25.2645,1
-4703.1636,-28634.3926,24.9425,-5252.6157,-28084.4551,21.4416,-4704.8291,-28635.6055,23.1508,777.0706,0.0005,0.0003,3.1416,0.7852,3.1415,-4702.2896,-28633.8047,25.2079,1
-4703.1636,-28634.3926,24.9425,-5252.6157,-28084.4551,21.4417,-4700.1812,-28636.4238,20.7329,780.9316,-0.0001,-0.0002,3.1415,0.7852,3.1415,-4702.1050,-28633.9336,25.0693,1
-4703.1636,-28634.3926,24.9425,-5252.6157,-28084.4551,21.4416,-4695.5366,-28637.1973,28.0869,784.7922,-0.0007,0.0013,3.1416,0.7852,3.1415,-4701.7729,-28634.0918,25.1563,1
-4703.1636,-28634.3926,24.9425,-5252.6157,-28084.4551,21.4417,-4708.7930,-28633.9355,25.5965,773.1011,0.0008,0.0007,3.1415,0.7852,3.1415,-4701.8569,-28634.1523,25.1707,1
-4703.1636,-28634.3926,24.9425,-5252.6157,-28084.4551,21.4416,-4704.1514,-28634.7773,23.1375,776.9615,0.0002,0.0002,3.1416,0.7852,3.1415,-4701.8105,-28634.2344,25.1068,1
-4703.1636,-28634.3926,24.9425,-5252.6157,-28084.4551,21.4417,-4697.6865,-28637.5176,22.9658,783.4701,-0.0003,0.0002,3.1415,0.7852,3.1415,-4701.5659,-28634.4043,25.0337,1
-4703.1636,-28634.3926,24.9425,-5252.6157,-28084.4551,21.4416,-4694.8574,-28636.3574,28.0728,784.6832,-0.0009,0.0012,3.1416,0.7852,3.1415,-4701.2271,-28634.5430,25.1192,1
-4703.1636,-28634.3926,24.9425,-5252.6157,-28084.4551,21.4417,-4708.1172,-28633.1133,25.5829,772.9921,0.0006,0.0007,3.1415,0.7852,3.1415,-4701.3042,-28634.5762,25.1322,1
-4703.1636,-28634.3926,24.9425,-5252.6157,-28084.4551,21.4416,-4703.4746,-28633.9492,23.1241,776.8526,0.0000,0.0002,3.1416,0.7852,3.1415,-4701.2505,-28634.6328,25.0671,1
-4703.1636,-28634.3926,24.9425,-5252.6162,-28084.4551,21.4417,-4702.8491,-28628.3965,25.9938,773.3910,-0.0009,0.0008,3.1415,0.7852,3.1415,-4701.1860,-28634.5059,25.0903,1
-4703.1636,-28634.3926,24.9425,-5252.6162,-28084.4551,21.4416,-4701.1484,-28642.4902,28.0592,784.5742,0.0009,0.0012,3.1416,0.7852,3.1415,-4701.0737,-28634.8145,25.1810,1
-4703.1636,-28634.3926,24.9425,-5252.6162,-28084.4551,21.4417,-4707.4434,-28632.2891,25.5692,772.8832,0.0004,0.0007,3.1415,0.7852,3.1415,-4701.1689,-28634.8105,25.1989,1
-4703.1636,-28634.3926,24.9425,-5252.6162,-28084.4551,21.4416,-4702.7998,-28633.1191,23.1108,776.7437,-0.0002,0.0002,3.1416,0.7852,3.1415,-4701.1313,-28634.8262,25.1382,1
-4703.1636,-28634.3926,24.9425,-5252.6162,-28084.4551,21.4417,-4704.0513,-28627.1895,27.3974,771.6954,-0.0009,0.0011,3.1415,0.7852,3.1415,-4701.1406,-28634.6445,25.2114,1
-4703.1636,-28634.3926,24.9425,-5252.6162,-28084.4551,21.4416,-4700.4609,-28641.6562,28.0451,784.4653,0.0007,0.0012,3.1416,0.7852,3.1415,-4701.0435,-28634.9082,25.3088,1
-4703.1636,-28634.3926,24.9425,-5252.6162,-28084.4551,21.4417,-4702.5776,-28635.5195,28.1593,778.6234,0.0001,0.0013,3.1415,0.7852,3.1415,-4701.0151,-28634.9902,25.4161,1
-4703.1636,-28634.3926,24.9425,-5252.6162,-28084.4551,21.4416,-4702.1260,-28632.2871,23.0974,776.6347,-0.0004,0.0002,3.1416,0.7852,3.1415,-4700.9785,-28634.9668,25.3661,1
-4703.1636,-28634.3926,24.9425,-5252.6162,-28084.4551,21.4417,-4697.4746,-28633.0801,20.6805,780.4958,-0.0010,-0.0003,3.1415,0.7852,3.1415,-4700.7974,-28634.9629,25.2333,1
-4703.1636,-28634.3926,24.9425,-5252.6162,-28084.4551,21.4416,-4699.7749,-28640.8223,28.0309,784.3563,0.0005,0.0012,3.1416,0.7852,3.1415,-4700.6855,-28635.1992,25.3252,1
-4703.1636,-28634.3926,24.9425,-5252.6162,-28084.4531,21.4417,-4706.0981,-28630.6367,25.5420,772.6652,-0.0001,0.0007,3.1415,0.7852,3.1415,-4700.7783,-28635.1172,25.3435,1
-4703.1636,-28634.3926,24.9425,-5252.6162,-28084.4551,21.4416,-4701.4531,-28631.4570,23.0841,776.5257,-0.0006,0.0002,3.1416,0.7852,3.1415,-4700.7349,-28635.0527,25.2828,1
-4703.1636,-28634.3926,24.9425,-5252.6162,-28084.4531,21.4417,-4703.7285,-28639.1816,20.6683,780.3868,0.0008,-0.0003,3.1415,0.7852,3.1415,-4700.7681,-28635.2266,25.1399,1
-4703.1636,-28634.3926,24.9425,-5252.6162,-28084.4531,21.4416,-4699.0898,-28639.9844,28.0168,784.2473,0.0003,0.0012,3.1416,0.7852,3.1415,-4700.6611,-28635.4316,25.2221,1
-4703.1636,-28634.3926,24.9425,-5252.6167,-28084.4531,21.4417,-4705.4277,-28629.8105,25.5283,772.5563,-0.0003,0.0007,3.1415,0.7852,3.1415,-4700.7568,-28635.3184,25.2315,1
-4703.1636,-28634.3926,24.9425,-5252.6167,-28084.4531,21.4416,-4706.2705,-28628.3496,21.5521,770.9203,-0.0004,-0.0001,3.1416,0.7852,3.1415,-4700.8926,-28635.1426,25.1127,1
-4703.1636,-28634.3926,24.9425,-5252.6167,-28084.4531,21.4417,-4703.0459,-28638.3516,20.6552,780.2780,0.0006,-0.0003,3.1415,0.7852,3.1415,-4700.9360,-28635.2734,24.9588,1
-4703.1636,-28634.3926,24.9425,-5252.6167,-28084.4531,21.4416,-4698.4067,-28639.1484,28.0026,784.1384,0.0000,0.0012,3.1416,0.7852,3.1415,-4700.8359,-28635.4355,25.0309,1
-4703.1636,-28634.3926,24.9425,-5252.6167,-28084.4531,21.4417,-4704.7583,-28628.9824,25.5147,772.4473,-0.0005,0.0007,3.1415,0.7852,3.1415,-4700.9365,-28635.2773,25.0312,1
-4703.1636,-28634.3926,24.9425,-5252.6167,-28084.4531,21.4416,-4707.0083,-28636.6895,23.0581,776.3077,0.0009,0.0002,3.1416,0.7852,3.1415,-4701.1177,-28635.3535,24.9538,1
-4703.1636,-28634.3926,24.9425,-5252.6167,-28084.4531,21.4417,-4705.7949,-28626.5488,20.5948,769.9900,-0.0007,-0.0003,3.1415,0.7852,3.1415,-4701.2739,-28635.1016,24.7923,1
-4703.1636,-28634.3926,24.9425,-5252.6167,-28084.4531,21.4416,-4697.7241,-28638.3125,27.9885,784.0294,-0.0002,0.0012,3.1416,0.7852,3.1415,-4701.1802,-28635.2090,24.8606,1
-4703.1636,-28634.3926,24.9425,-5252.6167,-28084.4531,21.4417,-4704.0898,-28628.1562,25.5011,772.3384,-0.0007,0.0007,3.1415,0.7852,3.1415,-4701.2827,-28634.9980,24.8577,1
-4703.1636,-28634.3926,24.9425,-5252.6167,-28084.4531,21.4416,-4706.3281,-28635.8633,23.0447,776.1993,0.0007,0.0002,3.1416,0.7852,3.1415,-4701.4624,-28635.0195,24.7778,1
-4703.1636,-28634.3926,24.9425,-5252.6167,-28084.4531,21.4417,-4701.6841,-28636.6895,20.6290,780.0600,0.0002,-0.0003,3.1415,0.7852,3.1415,-4701.5024,-28635.0703,24.6177,1
-4703.1636,-28634.3926,24.9425,-5252.6167,-28084.4531,21.4416,-4697.0425,-28637.4746,27.9744,783.9210,-0.0004,0.0012,3.1416,0.7852,3.1415,-4701.3940,-28635.1484,24.6849,1
-4703.1636,-28634.3926,24.9425,-5252.6172,-28084.4531,21.4417,-4703.4233,-28627.3262,25.4874,772.2294,-0.0010,0.0007,3.1415,0.7852,3.1415,-4701.4795,-28634.9043,24.6814,1
-4703.1636,-28634.3926,24.9425,-5252.6172,-28084.4531,21.4416,-4705.6504,-28635.0371,23.0314,776.0903,0.0005,0.0002,3.1416,0.7852,3.1415,-4701.6396,-28634.8945,24.6015,1
-4703.1636,-28634.3926,24.9425,-5252.6172,-28084.4531,21.4417,-4701.0054,-28635.8574,20.6160,779.9510,-0.0001,-0.0003,3.1415,0.7852,3.1415,-4701.6582,-28634.9102,24.4419,1
-4703.1636,-28634.3926,24.9425,-5252.6172,-28084.4531,21.4416,-4696.3628,-28636.6367,27.9602,783.8120,-0.0006,0.0012,3.1416,0.7852,3.1415,-4701.5264,-28634.9531,24.5100,1
-4703.1636,-28634.3926,24.9425,-5252.6172,-28084.4531,21.4417,-4709.6128,-28633.3652,25.4749,772.1204,0.0008,0.0007,3.1415,0.7852,3.1415,-4701.8086,-28634.8965,24.5081,1
-4703.1636,-28634.3926,24.9425,-5252.6172,-28084.4531,21.4416,-4704.9736,-28634.2090,23.0184,775.9813,0.0003,0.0002,3.1416,0.7852,3.1415,-4701.9561,-28634.8633,24.4301,1
-4703.1636,-28634.3926,24.9425,-5252.6172,-28084.4531,21.4417,-4700.3276,-28635.0234,20.6032,779.8420,-0.0003,-0.0003,3.1415,0.7852,3.1415,-4701.9595,-28634.8535,24.2729,1
-4703.1636,-28634.3926,24.9425,-5252.6172,-28084.4531,21.4416,-4695.6841,-28635.7969,27.9464,783.7029,-0.0008,0.0012,3.1416,0.7852,3.1415,-4701.8096,-28634.8711,24.3438,1
-4703.1636,-28634.3926,24.9425,-5252.6172,-28084.4531,21.4417,-4708.9380,-28632.5430,25.4613,772.0114,0.0006,0.0007,3.1415,0.7852,3.1415,-4702.0708,-28634.7871,24.3452,1
-4703.1636,-28634.3926,24.9425,-5252.6172,-28084.4531,21.4416,-4704.2979,-28633.3809,23.0051,775.8724,0.0001,0.0002,3.1416,0.7852,3.1415,-4702.1953,-28634.7246,24.2708,1
-4703.1636,-28634.3926,24.9425,-5252.6172,-28084.4531,21.4417,-4702.5757,-28628.5020,29.0178,773.6827,-0.0009,0.0015,3.1415,0.7852,3.1415,-4702.2676,-28634.5020,24.3889,1
-4703.1636,-28634.3926,24.9425,-5252.6172,-28084.4531,21.4416,-4701.9683,-28641.9199,27.9329,783.5941,0.0009,0.0012,3.1416,0.7852,3.1415,-4702.3184,-28634.6973,24.4817,1
-4703.1636,-28634.3926,24.9425,-5252.6172,-28084.4531,21.4417,-4708.2642,-28631.7207,25.4477,771.9025,0.0004,0.0007,3.1415,0.7852,3.1415,-4702.5708,-28634.5840,24.5036,1
-4703.1636,-28634.3926,24.9425,-5252.6172,-28084.4531,21.4416,-4703.6230,-28632.5527,22.9918,775.7634,-0.0002,0.0002,3.1416,0.7852,3.1415,-4702.6826,-28634.4902,24.4487,1
-4703.1636,-28634.3926,24.9425,-5252.6177,-28084.4531,21.4417,-4698.9761,-28633.3555,20.5771,779.6241,-0.0007,-0.0003,3.1415,0.7852,3.1415,-4702.6445,-28634.4219,24.3136,1
-4703.1636,-28634.3926,24.9425,-5252.6177,-28084.4531,21.4416,-4700.9727,-28640.4492,21.0221,783.2269,0.0006,-0.0002,3.1416,0.7852,3.1415,-4702.6606,-28634.5762,24.1856,1
-4703.1636,-28634.3926,24.9425,-5252.6177,-28084.4531,21.4417,-4702.2725,-28635.6602,21.4163,778.9150,0.0001,-0.0001,3.1415,0.7852,3.1415,-4702.7119,-28634.5938,24.0637,1
-4703.1636,-28634.3926,24.9425,-5252.6177,-28084.4531,21.4416,-4702.9507,-28631.7227,22.9785,775.6544,-0.0004,0.0002,3.1416,0.7852,3.1415,-4702.7822,-28634.4863,23.9872,1
-4703.1636,-28634.3926,24.9425,-5252.6177,-28084.4531,21.4417,-4709.7544,-28633.4004,27.9349,772.0618,0.0009,0.0012,3.1415,0.7852,3.1415,-4703.0708,-28634.4277,24.0703,1
-4703.1636,-28634.3926,24.9425,-5252.6177,-28084.4531,21.4416,-4700.5967,-28640.2539,27.9047,783.3761,0.0005,0.0012,3.1416,0.7852,3.1415,-4703.0767,-28634.5859,24.1604,1
-4703.1636,-28634.3926,24.9425,-5252.6177,-28084.4531,21.4417,-4706.9209,-28630.0723,25.4205,771.6845,-0.0000,0.0007,3.1415,0.7852,3.1415,-4703.2778,-28634.4316,24.1809,1
-4703.1636,-28634.3926,24.9425,-5252.6177,-28084.4531,21.4416,-4702.2783,-28630.8926,22.9652,775.5455,-0.0006,0.0002,3.1416,0.7852,3.1415,-4703.3340,-28634.2949,24.1254,1
-4703.1636,-28634.3926,24.9425,-5252.6177,-28084.4531,21.4417,-4704.5498,-28638.6133,20.5518,779.4061,0.0008,-0.0003,3.1415,0.7852,3.1415,-4703.4580,-28634.4004,23.9908,1
-4703.1636,-28634.3926,24.9425,-5252.6177,-28084.4531,21.4416,-4699.9126,-28639.4199,27.8906,783.2672,0.0003,0.0012,3.1416,0.7852,3.1415,-4703.4336,-28634.5391,24.0842,1
-4703.1636,-28634.3926,24.9425,-5252.6177,-28084.4531,21.4417,-4706.2510,-28629.2461,25.4069,771.5756,-0.0003,0.0007,3.1415,0.7852,3.1415,-4703.6021,-28634.3633,24.1081,1
-4703.1636,-28634.3926,24.9425,-5252.6177,-28084.4531,21.4416,-4701.6074,-28630.0625,22.9519,775.4365,-0.0008,0.0002,3.1416,0.7852,3.1415,-4703.6240,-28634.2031,24.0562,1
-4703.1636,-28634.3926,24.9425,-5252.6182,-28084.4531,21.4417,-4703.8682,-28637.7852,20.5388,779.2972,0.0006,-0.0003,3.1415,0.7852,3.1415,-4703.7114,-28634.2832,23.9251,1
-4703.1636,-28634.3926,24.9425,-5252.6182,-28084.4531,21.4416,-4699.2300,-28638.5859,27.8764,783.1581,0.0001,0.0012,3.1416,0.7852,3.1415,-4703.6479,-28634.3984,24.0221,1
-4703.1636,-28634.3926,24.9425,-5252.6182,-28084.4531,21.4417,-4705.5825,-28628.4199,25.3933,771.4666,-0.0005,0.0007,3.1415,0.7852,3.1415,-4703.7769,-28634.1934,24.0497,1
-4703.1636,-28634.3926,24.9425,-5252.6182,-28084.4531,21.4416,-4707.8281,-28636.1191,22.9392,775.3276,0.0010,0.0002,3.1416,0.7852,3.1415,-4703.9790,-28634.2266,24.0014,1
-4703.1636,-28634.3926,24.9425,-5252.6182,-28084.4531,21.4417,-4703.1875,-28636.9551,20.5257,779.1882,0.0004,-0.0003,3.1415,0.7852,3.1415,-4704.0376,-28634.2910,23.8740,1
-4703.1636,-28634.3926,24.9425,-5252.6182,-28084.4531,21.4416,-4698.5483,-28637.7500,27.8623,783.0493,-0.0001,0.0012,3.1416,0.7852,3.1415,-4703.9438,-28634.3887,23.9747,1
-4703.1636,-28634.3926,24.9425,-5252.6182,-28084.4531,21.4417,-4704.9150,-28627.5938,25.3797,771.3576,-0.0007,0.0007,3.1415,0.7852,3.1415,-4704.0396,-28634.1641,24.0060,1
-4703.1636,-28634.3926,24.9425,-5252.6182,-28084.4531,21.4416,-4707.1494,-28635.2949,22.9259,775.2186,0.0007,0.0002,3.1416,0.7852,3.1415,-4704.2070,-28634.1758,23.9614,1
-4703.1636,-28634.3926,24.9425,-5252.6182,-28084.4531,21.4417,-4702.5078,-28636.1250,20.5127,779.0793,0.0002,-0.0003,3.1415,0.7852,3.1415,-4704.2290,-28634.2188,23.8376,1
-4703.1636,-28634.3926,24.9425,-5252.6182,-28084.4531,21.4416,-4697.8677,-28636.9141,27.8482,782.9402,-0.0004,0.0012,3.1416,0.7852,3.1415,-4704.0967,-28634.2891,23.9419,1
-4703.1636,-28634.3926,24.9425,-5252.6182,-28084.4531,21.4417,-4704.2490,-28626.7656,25.3661,771.2486,-0.0009,0.0007,3.1415,0.7852,3.1415,-4704.1528,-28634.0391,23.9768,1
-4703.1636,-28634.3926,24.9425,-5252.6182,-28084.4531,21.4416,-4706.4717,-28634.4688,22.9126,775.1096,0.0005,0.0002,3.1416,0.7852,3.1415,-4704.2788,-28634.0215,23.9356,1
-4703.1636,-28634.3926,24.9425,-5252.6182,-28084.4531,21.4417,-4701.8296,-28635.2930,20.4996,778.9703,-0.0000,-0.0003,3.1415,0.7852,3.1415,-4704.2588,-28634.0352,23.8153,1
-4703.1636,-28634.3926,24.9425,-5252.6182,-28084.4531,21.4416,-4697.1885,-28636.0762,27.8341,782.8313,-0.0006,0.0012,3.1416,0.7852,3.1415,-4704.0840,-28634.0742,23.9228,1
-4703.1636,-28634.3926,24.9425,-5252.6187,-28084.4531,21.4417,-4698.4185,-28639.4082,20.1701,784.2936,0.0001,-0.0004,3.1415,0.7852,3.1415,-4703.9321,-28634.2266,23.7950,1
-4703.1636,-28634.3926,24.9425,-5252.6187,-28084.4531,21.4416,-4705.7959,-28633.6426,22.8994,775.0007,0.0003,0.0002,3.1416,0.7852,3.1415,-4704.0029,-28634.2051,23.7463,1
-4703.1636,-28634.3926,24.9425,-5252.6187,-28084.4531,21.4417,-4706.8286,-28633.4375,25.5849,774.1337,0.0004,0.0007,3.1415,0.7852,3.1415,-4704.1113,-28634.1777,23.7831,1
-4703.1636,-28634.3926,24.9425,-5252.6187,-28084.4531,21.4416,-4709.2686,-28631.9590,21.2256,771.3577,0.0006,-0.0001,3.1416,0.7852,3.1415,-4704.3042,-28634.0996,23.6835,1
-4703.1636,-28634.3926,24.9425,-5252.6187,-28084.4531,21.4417,-4699.6060,-28638.2012,21.6063,782.5980,0.0001,-0.0001,3.1415,0.7852,3.1415,-4704.1958,-28634.2168,23.5925,1
-4703.1636,-28634.3926,24.9425,-5252.6187,-28084.4531,21.4416,-4705.1211,-28632.8164,22.8861,774.8917,0.0001,0.0002,3.1416,0.7852,3.1415,-4704.2529,-28634.1719,23.5386,1
-4703.1636,-28634.3926,24.9425,-5252.6187,-28084.4512,21.4417,-4700.4771,-28633.6250,20.4736,778.7524,-0.0005,-0.0003,3.1415,0.7852,3.1415,-4704.1616,-28634.1504,23.4071,1
-4703.1636,-28634.3926,24.9425,-5252.6187,-28084.4531,21.4416,-4702.7891,-28641.3516,27.8066,782.6133,0.0010,0.0012,3.1416,0.7852,3.1415,-4704.1357,-28634.3730,23.5051,1
-4703.1636,-28634.3926,24.9425,-5252.6187,-28084.4512,21.4417,-4709.0850,-28631.1504,25.3262,770.9218,0.0004,0.0007,3.1415,0.7852,3.1415,-4704.3101,-28634.2852,23.5353,1
-4703.1636,-28634.3926,24.9425,-5252.6187,-28084.4512,21.4416,-4704.4473,-28631.9863,22.8728,774.7827,-0.0001,0.0002,3.1416,0.7852,3.1415,-4704.3438,-28634.2168,23.4909,1
-4703.1636,-28634.3926,24.9425,-5252.6187,-28084.4512,21.4417,-4699.8022,-28632.7910,20.4606,778.6434,-0.0007,-0.0003,3.1415,0.7852,3.1415,-4704.2275,-28634.1699,23.3686,1
-4703.1636,-28634.3926,24.9425,-5252.6187,-28084.4512,21.4416,-4702.1030,-28640.5195,27.7925,782.5043,0.0008,0.0012,3.1416,0.7852,3.1415,-4704.1748,-28634.3672,23.4756,1
-4703.1636,-28634.3926,24.9425,-5252.6191,-28084.4512,21.4417,-4708.4141,-28630.3281,25.3126,770.8127,0.0002,0.0007,3.1415,0.7852,3.1415,-4704.3213,-28634.2500,23.5147,1
-4703.1636,-28634.3926,24.9425,-5252.6191,-28084.4512,21.4416,-4703.7749,-28631.1582,22.8595,774.6738,-0.0003,0.0002,3.1416,0.7852,3.1415,-4704.3257,-28634.1504,23.4788,1
-4703.1636,-28634.3926,24.9425,-5252.6191,-28084.4512,21.4417,-4699.1294,-28631.9570,20.4477,778.5344,-0.0009,-0.0003,3.1415,0.7852,3.1415,-4704.1792,-28634.0723,23.3647,1
-4703.1636,-28634.3926,24.9425,-5252.6191,-28084.4512,21.4416,-4701.4189,-28639.6875,27.7787,782.3954,0.0005,0.0012,3.1416,0.7852,3.1415,-4704.0947,-28634.2363,23.4797,1
-4703.1636,-28634.3926,24.9425,-5252.6191,-28084.4512,21.4417,-4707.7432,-28629.5039,25.2993,770.7038,-0.0000,0.0007,3.1415,0.7852,3.1415,-4704.2090,-28634.0859,23.5264,1
-4703.1636,-28634.3926,24.9425,-5252.6191,-28084.4512,21.4416,-4703.1040,-28630.3281,22.8466,774.5648,-0.0006,0.0002,3.1416,0.7852,3.1415,-4704.1802,-28633.9512,23.4978,1
-4703.1636,-28634.3926,24.9425,-5252.6191,-28084.4512,21.4417,-4705.3706,-28638.0430,20.4357,778.4255,0.0009,-0.0003,3.1415,0.7852,3.1415,-4704.2217,-28634.0586,23.3908,1
-4703.1636,-28634.3926,24.9425,-5252.6191,-28084.4512,21.4416,-4700.7354,-28638.8535,27.7646,782.2865,0.0003,0.0012,3.1416,0.7852,3.1415,-4704.1177,-28634.1992,23.5124,1
-4703.1636,-28634.3926,24.9425,-5252.6191,-28084.4512,21.4417,-4707.0742,-28628.6816,25.2860,770.5949,-0.0002,0.0007,3.1415,0.7852,3.1415,-4704.2100,-28634.0234,23.5653,1
-4703.1636,-28634.3926,24.9425,-5252.6191,-28084.4512,21.4416,-4702.4336,-28629.4980,22.8333,774.4559,-0.0008,0.0002,3.1416,0.7852,3.1415,-4704.1582,-28633.8633,23.5427,1
-4703.1636,-28634.3926,24.9425,-5252.6191,-28084.4512,21.4417,-4704.6895,-28637.2148,20.4228,778.3165,0.0007,-0.0003,3.1415,0.7852,3.1415,-4704.1753,-28633.9434,23.4412,1
-4703.1636,-28634.3926,24.9425,-5252.6191,-28084.4512,21.4416,-4700.0532,-28638.0195,27.7505,782.1775,0.0001,0.0012,3.1416,0.7852,3.1415,-4704.0454,-28634.0566,23.5679,1
-4703.1636,-28634.3926,24.9425,-5252.6191,-28084.4512,21.4417,-4706.4062,-28627.8555,25.2724,770.4859,-0.0004,0.0007,3.1415,0.7852,3.1415,-4704.1108,-28633.8496,23.6255,1
-4703.1636,-28634.3926,24.9425,-5252.6196,-28084.4512,21.4416,-4701.7651,-28628.6680,22.8201,774.3469,-0.0010,0.0002,3.1416,0.7852,3.1415,-4704.0317,-28633.6582,23.6073,1
-4703.1636,-28634.3926,24.9425,-5252.6196,-28084.4512,21.4417,-4703.9043,-28633.4551,23.2228,776.2056,0.0000,0.0003,3.1415,0.7852,3.1415,-4704.0166,-28633.6113,23.6000,1
-4703.1636,-28634.3926,24.9425,-5252.6196,-28084.4512,21.4416,-4702.4194,-28634.0000,23.6421,777.6418,-0.0001,0.0004,3.1416,0.7852,3.1415,-4703.9541,-28633.5820,23.6053,1
-4703.1636,-28634.3926,24.9425,-5252.6196,-28084.4512,21.4417,-4705.7397,-28627.0293,25.2588,770.3769,-0.0007,0.0007,3.1415,0.7852,3.1415,-4703.9961,-28633.3301,23.6631,1
-4703.1636,-28634.3926,24.9425,-5252.6196,-28084.4512,21.4416,-4707.9697,-28634.7246,22.8074,774.2379,0.0008,0.0002,3.1416,0.7852,3.1415,-4704.1138,-28633.3145,23.6447,1
-4703.1636,-28634.3926,24.9425,-5252.6196,-28084.4512,21.4417,-4698.3867,-28632.3711,21.0858,779.3525,-0.0009,-0.0002,3.1415,0.7852,3.1415,-4703.9321,-28633.2285,23.5691,1
-4703.1636,-28634.3926,24.9425,-5252.6196,-28084.4512,21.4416,-4698.6929,-28636.3496,27.7224,781.9595,-0.0003,0.0012,3.1416,0.7852,3.1415,-4703.7485,-28633.2695,23.7005,1
-4703.1636,-28634.3926,24.9425,-5252.6196,-28084.4512,21.4417,-4705.0742,-28626.2031,25.2453,770.2679,-0.0009,0.0007,3.1415,0.7852,3.1415,-4703.7598,-28632.9922,23.7621,1
-4703.1636,-28634.3926,24.9425,-5252.6196,-28084.4512,21.4416,-4707.2930,-28633.9004,22.7942,774.1289,0.0006,0.0002,3.1416,0.7852,3.1415,-4703.8462,-28632.9512,23.7471,1
-4703.1636,-28634.3926,24.9425,-5252.6196,-28084.4512,21.4417,-4702.6533,-28634.7266,20.3838,777.9896,0.0000,-0.0003,3.1415,0.7852,3.1415,-4703.7915,-28632.9395,23.6522,1
-4703.1636,-28634.3926,24.9425,-5252.6196,-28084.4512,21.4416,-4698.0142,-28635.5137,27.7083,781.8506,-0.0005,0.0012,3.1416,0.7852,3.1415,-4703.5864,-28632.9609,23.7845,1
-4703.1636,-28634.3926,24.9425,-5252.6196,-28084.4512,21.4417,-4711.2510,-28632.2227,25.2325,770.1590,0.0009,0.0007,3.1415,0.7852,3.1415,-4703.7969,-28632.8828,23.8467,1
-4703.1636,-28634.3926,24.9425,-5252.6196,-28084.4512,21.4416,-4706.6177,-28633.0742,22.7809,774.0199,0.0003,0.0002,3.1416,0.7852,3.1415,-4703.8745,-28632.8340,23.8320,1
-4703.1636,-28634.3926,24.9425,-5252.6201,-28084.4512,21.4417,-4701.9775,-28633.8945,20.3707,777.8807,-0.0002,-0.0003,3.1415,0.7852,3.1415,-4703.8081,-28632.8125,23.7371,1
-4703.1636,-28634.3926,24.9425,-5252.6201,-28084.4512,21.4416,-4697.3374,-28634.6777,27.6942,781.7416,-0.0008,0.0012,3.1416,0.7852,3.1415,-4703.5903,-28632.8203,23.8692,1
-4703.1636,-28634.3926,24.9425,-5252.6201,-28084.4512,21.4417,-4710.5781,-28631.4023,25.2189,770.0500,0.0007,0.0007,3.1415,0.7852,3.1415,-4703.7866,-28632.7285,23.9307,1
-4703.1636,-28634.3926,24.9425,-5252.6201,-28084.4512,21.4416,-4705.9438,-28632.2480,22.7676,773.9109,0.0001,0.0002,3.1416,0.7852,3.1415,-4703.8472,-28632.6641,23.9150,1
-4703.1636,-28634.3926,24.9425,-5252.6201,-28084.4512,21.4417,-4701.3027,-28633.0625,20.3577,777.7717,-0.0004,-0.0003,3.1415,0.7852,3.1415,-4703.7637,-28632.6250,23.8189,1
-4703.1636,-28634.3926,24.9425,-5252.6201,-28084.4512,21.4416,-4696.6616,-28633.8398,27.6801,781.6327,-0.0010,0.0012,3.1416,0.7852,3.1415,-4703.5264,-28632.6152,23.9495,1
-4703.1636,-28634.3926,24.9425,-5252.6201,-28084.4512,21.4417,-4709.9058,-28630.5820,25.2054,769.9410,0.0005,0.0007,3.1415,0.7852,3.1415,-4703.7017,-28632.5020,24.0093,1
-4703.1636,-28634.3926,24.9425,-5252.6201,-28084.4512,21.4416,-4705.2705,-28631.4219,22.7544,773.8021,-0.0001,0.0002,3.1416,0.7852,3.1415,-4703.7407,-28632.4160,23.9916,1
-4703.1636,-28634.3926,24.9425,-5252.6201,-28084.4512,21.4417,-4700.6289,-28632.2305,20.3448,777.6627,-0.0006,-0.0003,3.1415,0.7852,3.1415,-4703.6338,-28632.3535,23.8933,1
-4703.1636,-28634.3926,24.9425,-5252.6201,-28084.4512,21.4416,-4702.9243,-28639.9512,27.6667,781.5237,0.0008,0.0012,3.1416,0.7852,3.1415,-4703.5947,-28632.5410,24.0215,1
-4703.1636,-28634.3926,24.9425,-5252.6201,-28084.4512,21.4417,-4709.2349,-28629.7617,25.1918,769.8321,0.0002,0.0007,3.1415,0.7852,3.1415,-4703.7593,-28632.4199,24.0786,1
-4703.1636,-28634.3926,24.9425,-5252.6201,-28084.4512,21.4416,-4704.5986,-28630.5957,22.7411,773.6931,-0.0003,0.0002,3.1416,0.7852,3.1415,-4703.7856,-28632.3203,24.0582,1
-4703.1636,-28634.3926,24.9425,-5252.6206,-28084.4512,21.4417,-4700.9805,-28633.4590,20.8474,778.2780,-0.0004,-0.0002,3.1415,0.7852,3.1415,-4703.6973,-28632.3105,23.9735,1
-4703.1636,-28634.3926,24.9425,-5252.6206,-28084.4512,21.4416,-4702.2407,-28639.1211,27.6526,781.4147,0.0006,0.0012,3.1416,0.7852,3.1415,-4703.6436,-28632.4844,24.0997,1
-4703.1636,-28634.3926,24.9425,-5252.6206,-28084.4512,21.4417,-4697.5732,-28639.9414,25.2437,785.2752,0.0000,0.0007,3.1415,0.7852,3.1415,-4703.4390,-28632.7012,24.1560,1
-4703.1636,-28634.3926,24.9425,-5252.6206,-28084.4512,21.4416,-4703.9287,-28629.7656,22.7279,773.5840,-0.0005,0.0002,3.1416,0.7852,3.1415,-4703.4248,-28632.6074,24.1331,1
-4703.1636,-28634.3926,24.9425,-5252.6206,-28084.4512,21.4417,-4706.1914,-28637.4727,20.3196,777.4448,0.0009,-0.0003,3.1415,0.7852,3.1415,-4703.4854,-28632.7578,24.0292,1
-4703.1636,-28634.3926,24.9425,-5252.6206,-28084.4512,21.4416,-4701.5581,-28638.2891,27.6386,781.3057,0.0004,0.0012,3.1416,0.7852,3.1415,-4703.4038,-28632.9414,24.1516,1
-4703.1636,-28634.3926,24.9425,-5252.6206,-28084.4512,21.4417,-4696.8896,-28639.1035,25.2299,785.1663,-0.0002,0.0007,3.1415,0.7852,3.1415,-4703.1709,-28633.1621,24.2039,1
-4703.1636,-28634.3926,24.9425,-5252.6206,-28084.4512,21.4416,-4703.2593,-28628.9375,22.7147,773.4751,-0.0007,0.0002,3.1416,0.7852,3.1415,-4703.1279,-28633.0703,24.1770,1
-4703.1636,-28634.3926,24.9425,-5252.6206,-28084.4512,21.4417,-4705.5112,-28636.6465,20.3066,777.3358,0.0007,-0.0003,3.1415,0.7852,3.1415,-4703.1592,-28633.2148,24.0690,1
-4703.1636,-28634.3926,24.9425,-5252.6206,-28084.4512,21.4416,-4700.8765,-28637.4570,27.6246,781.1968,0.0001,0.0012,3.1416,0.7852,3.1415,-4703.0488,-28633.3926,24.1872,1
-4703.1636,-28634.3926,24.9425,-5252.6206,-28084.4512,21.4417,-4696.2070,-28638.2637,25.2161,785.0573,-0.0004,0.0007,3.1415,0.7852,3.1415,-4702.7861,-28633.6016,24.2354,1
-4703.1636,-28634.3926,24.9425,-5252.6206,-28084.4512,21.4416,-4702.5913,-28628.1074,22.7014,773.3661,-0.0010,0.0002,3.1416,0.7852,3.1415,-4702.7144,-28633.4941,24.2044,1
-4703.1636,-28634.3926,24.9425,-5252.6206,-28084.4512,21.4417,-4704.8315,-28635.8184,20.2937,777.2269,0.0005,-0.0003,3.1415,0.7852,3.1415,-4702.7163,-28633.6191,24.0923,1
-4703.1636,-28634.3926,24.9425,-5252.6206,-28084.4512,21.4416,-4700.1963,-28636.6230,27.6105,781.0878,-0.0001,0.0012,3.1416,0.7852,3.1415,-4702.5767,-28633.7754,24.2063,1
-4703.1636,-28634.3926,24.9425,-5252.6211,-28084.4512,21.4417,-4695.5269,-28637.4238,25.2023,784.9484,-0.0006,0.0007,3.1415,0.7852,3.1415,-4702.2852,-28633.9590,24.2504,1
-4703.1636,-28634.3926,24.9425,-5252.6211,-28084.4512,21.4416,-4708.7896,-28634.1543,22.6891,773.2572,0.0008,0.0002,3.1416,0.7852,3.1415,-4702.4072,-28634.0449,24.2153,1
-4703.1636,-28634.3926,24.9425,-5252.6211,-28084.4512,21.4417,-4698.0996,-28632.4902,24.1313,779.6443,-0.0010,0.0004,3.1415,0.7852,3.1415,-4702.2017,-28634.0742,24.2231,1
-4703.1636,-28634.3926,24.9425,-5252.6211,-28084.4512,21.4416,-4699.5176,-28635.7891,27.5968,780.9789,-0.0003,0.0012,3.1416,0.7852,3.1415,-4702.0347,-28634.2031,24.3412,1
-4703.1636,-28634.3926,24.9425,-5252.6211,-28084.4512,21.4417,-4694.8467,-28636.5840,25.1888,784.8394,-0.0008,0.0007,3.1415,0.7852,3.1415,-4701.7168,-28634.3594,24.3888,1
-4703.1636,-28634.3926,24.9425,-5252.6211,-28084.4512,21.4416,-4697.9648,-28636.0645,25.1796,782.2604,-0.0005,0.0007,3.1416,0.7852,3.1415,-4701.4863,-28634.5000,24.4372,1
-4703.1636,-28634.3926,24.9425,-5252.6211,-28084.4492,21.4417,-4703.4775,-28634.1602,20.2680,777.0089,0.0000,-0.0003,3.1415,0.7852,3.1415,-4701.4282,-28634.5801,24.3286,1
-4703.1636,-28634.3926,24.9425,-5252.6211,-28084.4512,21.4416,-4698.8398,-28634.9531,27.5828,780.8699,-0.0005,0.0012,3.1416,0.7852,3.1415,-4701.2300,-28634.6816,24.4452,1
-4703.1636,-28634.3926,24.9425,-5252.6211,-28084.4492,21.4417,-4701.1401,-28642.7148,25.1759,784.7304,0.0009,0.0007,3.1415,0.7852,3.1415,-4701.1040,-28635.0293,24.4909,1
-4703.1636,-28634.3926,24.9425,-5252.6211,-28084.4492,21.4416,-4707.4390,-28632.5059,22.6627,773.0392,0.0004,0.0002,3.1416,0.7852,3.1415,-4701.1860,-28635.0625,24.4565,1
-4703.1636,-28634.3926,24.9425,-5252.6211,-28084.4492,21.4417,-4698.0703,-28633.4297,28.2661,780.3499,-0.0008,0.0013,3.1415,0.7852,3.1415,-4700.9834,-28635.1172,24.5974,1
-4703.1636,-28634.3926,24.9425,-5252.6211,-28084.4492,21.4416,-4698.1636,-28634.1152,27.5687,780.7609,-0.0007,0.0012,3.1416,0.7852,3.1415,-4700.7812,-28635.1875,24.7231,1
-4703.1636,-28634.3926,24.9425,-5252.6216,-28084.4492,21.4417,-4700.4526,-28641.8809,25.1621,784.6215,0.0007,0.0007,3.1415,0.7852,3.1415,-4700.6504,-28635.4980,24.7768,1
-4703.1636,-28634.3926,24.9425,-5252.6216,-28084.4492,21.4416,-4706.7661,-28631.6816,22.6495,772.9303,0.0002,0.0001,3.1416,0.7852,3.1415,-4700.7271,-28635.4941,24.7490,1
-4703.1636,-28634.3926,24.9425,-5252.6216,-28084.4492,21.4417,-4702.1279,-28632.4980,20.2421,776.7910,-0.0004,-0.0004,3.1415,0.7852,3.1415,-4700.6709,-28635.5039,24.6381,1
-4703.1636,-28634.3926,24.9425,-5252.6216,-28084.4492,21.4416,-4709.9004,-28630.9727,28.6548,770.2455,0.0005,0.0014,3.1416,0.7852,3.1415,-4700.8735,-28635.4531,24.7884,1
-4703.1636,-28634.3926,24.9425,-5252.6216,-28084.4492,21.4417,-4699.7661,-28641.0469,25.1483,784.5125,0.0005,0.0006,3.1415,0.7852,3.1415,-4700.7705,-28635.7129,24.8325,1
-4703.1636,-28634.3926,24.9425,-5252.6216,-28084.4492,21.4416,-4706.0938,-28630.8555,22.6363,772.8213,-0.0001,0.0001,3.1416,0.7852,3.1415,-4700.8721,-28635.6562,24.7950,1
-4703.1636,-28634.3926,24.9425,-5252.6216,-28084.4492,21.4417,-4701.4546,-28631.6680,20.2291,776.6821,-0.0006,-0.0004,3.1415,0.7852,3.1415,-4700.8369,-28635.6113,24.6746,1
-4703.1636,-28634.3926,24.9425,-5252.6216,-28084.4492,21.4416,-4703.7451,-28639.3828,27.5413,780.5430,0.0008,0.0011,3.1416,0.7852,3.1415,-4700.8784,-28635.8027,24.7787,1
-4703.1636,-28634.3926,24.9425,-5252.6216,-28084.4492,21.4417,-4699.0811,-28640.2109,25.1345,784.4035,0.0003,0.0006,3.1415,0.7852,3.1415,-4700.7783,-28636.0254,24.8111,1
-4703.1636,-28634.3926,24.9425,-5252.6216,-28084.4492,21.4416,-4705.4229,-28630.0293,22.6231,772.7123,-0.0003,0.0001,3.1416,0.7852,3.1415,-4700.8809,-28635.9277,24.7625,1
-4703.1636,-28634.3926,24.9425,-5252.6216,-28084.4492,21.4417,-4704.0825,-28626.4844,21.4741,771.1663,-0.0010,-0.0001,3.1415,0.7852,3.1415,-4700.9512,-28635.6973,24.6711,1
-4703.1636,-28634.3926,24.9425,-5252.6216,-28084.4492,21.4416,-4703.0620,-28638.5527,27.5273,780.4340,0.0006,0.0011,3.1416,0.7852,3.1415,-4700.9956,-28635.8359,24.7674,1
-4703.1636,-28634.3926,24.9425,-5252.6216,-28084.4492,21.4417,-4698.3970,-28639.3750,25.1208,784.2946,0.0001,0.0006,3.1415,0.7852,3.1415,-4700.8960,-28636.0039,24.7924,1
-4703.1636,-28634.3926,24.9425,-5252.6221,-28084.4492,21.4416,-4704.7534,-28629.2012,22.6099,772.6034,-0.0005,0.0001,3.1416,0.7852,3.1415,-4700.9966,-28635.8496,24.7365,1
-4703.1636,-28634.3926,24.9425,-5252.6221,-28084.4492,21.4417,-4694.2173,-28636.2148,22.9027,785.0228,-0.0010,0.0002,3.1415,0.7852,3.1415,-4700.7681,-28635.9062,24.6860,1
-4703.1636,-28634.3926,24.9425,-5252.6221,-28084.4492,21.4416,-4702.3804,-28637.7207,27.5133,780.3251,0.0004,0.0011,3.1416,0.7852,3.1415,-4700.7866,-28636.0098,24.7787,1
-4703.1636,-28634.3926,24.9425,-5252.6221,-28084.4492,21.4417,-4697.7144,-28638.5391,25.1070,784.1856,-0.0002,0.0006,3.1415,0.7852,3.1415,-4700.6606,-28636.1426,24.8002,1
-4703.1636,-28634.3926,24.9425,-5252.6221,-28084.4492,21.4416,-4704.0850,-28628.3730,22.5967,772.4944,-0.0007,0.0001,3.1416,0.7852,3.1415,-4700.7339,-28635.9492,24.7408,1
-4703.1636,-28634.3926,24.9425,-5252.6221,-28084.4492,21.4417,-4706.3325,-28636.0762,20.1911,776.3551,0.0007,-0.0004,3.1415,0.7852,3.1415,-4700.8872,-28635.9863,24.5992,1
-4703.1636,-28634.3926,24.9425,-5252.6221,-28084.4492,21.4416,-4701.6997,-28636.8906,27.4992,780.2161,0.0002,0.0011,3.1416,0.7852,3.1415,-4700.9043,-28636.0508,24.6829,1
-4703.1636,-28634.3926,24.9425,-5252.6221,-28084.4492,21.4417,-4697.0327,-28637.7012,25.0933,784.0766,-0.0004,0.0006,3.1415,0.7852,3.1415,-4700.7744,-28636.1406,24.6958,1
-4703.1636,-28634.3926,24.9425,-5252.6221,-28084.4492,21.4416,-4703.4175,-28627.5449,22.5835,772.3854,-0.0009,0.0001,3.1416,0.7852,3.1415,-4700.8413,-28635.9043,24.6285,1
-4703.1636,-28634.3926,24.9425,-5252.6221,-28084.4492,21.4417,-4702.0713,-28640.3828,25.8924,782.4218,0.0007,0.0008,3.1415,0.7852,3.1415,-4700.8701,-28636.0625,24.6634,1
-4703.1636,-28634.3926,24.9425,-5252.6221,-28084.4492,21.4416,-4701.0200,-28636.0566,27.4852,780.1071,-0.0000,0.0011,3.1416,0.7852,3.1415,-4700.8687,-28636.0918,24.7522,1
-4703.1636,-28634.3926,24.9425,-5252.6221,-28084.4492,21.4417,-4696.3525,-28636.8613,25.0795,783.9677,-0.0006,0.0006,3.1415,0.7852,3.1415,-4700.7188,-28636.1445,24.7697,1
-4703.1636,-28634.3926,24.9425,-5252.6221,-28084.4492,21.4416,-4696.4878,-28637.3828,26.8162,784.2477,-0.0005,0.0010,3.1416,0.7852,3.1415,-4700.5645,-28636.2148,24.8431,1
-4703.1636,-28634.3926,24.9425,-5252.6226,-28084.4492,21.4417,-4704.9771,-28634.4219,20.1652,776.1372,0.0003,-0.0004,3.1415,0.7852,3.1415,-4700.6738,-28636.1914,24.7068,1
-4703.1636,-28634.3926,24.9425,-5252.6226,-28084.4492,21.4416,-4700.3423,-28635.2246,27.4712,779.9982,-0.0003,0.0011,3.1416,0.7852,3.1415,-4700.6440,-28636.1895,24.7952,1
-4703.1636,-28634.3926,24.9425,-5252.6226,-28084.4492,21.4417,-4695.6743,-28636.0234,25.0657,783.8587,-0.0008,0.0006,3.1415,0.7852,3.1415,-4700.4658,-28636.2109,24.8122,1
-4703.1636,-28634.3926,24.9425,-5252.6226,-28084.4492,21.4416,-4708.9346,-28632.7617,22.5577,772.1675,0.0006,0.0001,3.1416,0.7852,3.1415,-4700.7046,-28636.1250,24.7484,1
-4703.1636,-28634.3926,24.9425,-5252.6226,-28084.4492,21.4417,-4704.3008,-28633.5938,20.1523,776.0282,0.0001,-0.0004,3.1415,0.7852,3.1415,-4700.8120,-28636.0586,24.6024,1
-4703.1636,-28634.3926,24.9425,-5252.6226,-28084.4492,21.4416,-4699.6655,-28634.3906,27.4572,779.8892,-0.0005,0.0011,3.1416,0.7852,3.1415,-4700.7783,-28636.0117,24.6816,1
-4703.1636,-28634.3926,24.9425,-5252.6226,-28084.4492,21.4417,-4701.9609,-28642.1465,25.0528,783.7497,0.0010,0.0006,3.1415,0.7852,3.1415,-4700.8149,-28636.2070,24.6901,1
-4703.1636,-28634.3926,24.9425,-5252.6226,-28084.4492,21.4416,-4708.2607,-28631.9375,22.5445,772.0586,0.0004,0.0001,3.1416,0.7852,3.1415,-4701.0591,-28636.0898,24.6184,1
-4703.1636,-28634.3926,24.9425,-5252.6226,-28084.4492,21.4417,-4703.6528,-28632.7363,29.8900,775.9193,-0.0001,0.0016,3.1415,0.7852,3.1415,-4701.1685,-28635.9883,24.7793,1
-4703.1636,-28634.3926,24.9425,-5252.6226,-28084.4492,21.4416,-4698.9897,-28633.5547,27.4432,779.7803,-0.0007,0.0011,3.1416,0.7852,3.1415,-4701.1328,-28635.9062,24.8723,1
-4703.1636,-28634.3926,24.9425,-5252.6226,-28084.4492,21.4417,-4701.2739,-28641.3145,25.0391,783.6408,0.0008,0.0006,3.1415,0.7852,3.1415,-4701.1646,-28636.0684,24.8934,1
-4703.1636,-28634.3926,24.9425,-5252.6226,-28084.4492,21.4416,-4707.5879,-28631.1152,22.5313,771.9495,0.0002,0.0001,3.1416,0.7852,3.1415,-4701.4004,-28635.9141,24.8331,1
-4703.1636,-28634.3926,24.9425,-5252.6230,-28084.4492,21.4417,-4702.9795,-28631.9082,29.8757,775.8103,-0.0004,0.0016,3.1415,0.7852,3.1415,-4701.4990,-28635.7754,25.0044,1
-4703.1636,-28634.3926,24.9425,-5252.6230,-28084.4492,21.4416,-4698.3159,-28632.7207,27.4293,779.6713,-0.0009,0.0011,3.1416,0.7852,3.1415,-4701.4492,-28635.6543,25.1067,1
-4703.1636,-28634.3926,24.9425,-5252.6230,-28084.4492,21.4417,-4700.5889,-28640.4805,25.0256,783.5318,0.0005,0.0006,3.1415,0.7852,3.1415,-4701.4644,-28635.7754,25.1360,1
-4703.1636,-28634.3926,24.9425,-5252.6230,-28084.4492,21.4416,-4706.9170,-28630.2910,22.5185,771.8406,-0.0000,0.0001,3.1416,0.7852,3.1415,-4701.6807,-28635.5820,25.0828,1
-4703.1636,-28634.3926,24.9425,-5252.6230,-28084.4492,21.4417,-4709.4692,-28634.6758,23.0790,773.1536,0.0010,0.0002,3.1415,0.7852,3.1415,-4701.9888,-28635.5176,25.0413,1
-4703.1636,-28634.3926,24.9425,-5252.6230,-28084.4492,21.4416,-4704.5654,-28638.8145,27.4162,779.5623,0.0009,0.0011,3.1416,0.7852,3.1415,-4702.1523,-28635.5879,25.1344,1
-4703.1636,-28634.3926,24.9425,-5252.6230,-28084.4492,21.4417,-4699.9043,-28639.6465,25.0119,783.4229,0.0003,0.0006,3.1415,0.7852,3.1415,-4702.1689,-28635.6914,25.1547,1
-4703.1636,-28634.3926,24.9425,-5252.6230,-28084.4492,21.4416,-4706.2466,-28629.4648,22.5053,771.7316,-0.0002,0.0001,3.1416,0.7852,3.1415,-4702.3823,-28635.4746,25.0927,1
-4703.1636,-28634.3926,24.9425,-5252.6230,-28084.4492,21.4417,-4699.1304,-28640.3926,23.5055,784.4938,0.0003,0.0003,3.1415,0.7852,3.1415,-4702.3726,-28635.5996,25.0575,1
-4703.1636,-28634.3926,24.9425,-5252.6230,-28084.4492,21.4416,-4703.8828,-28637.9844,27.4022,779.4534,0.0007,0.0011,3.1416,0.7852,3.1415,-4702.5044,-28635.6582,25.1432,1
-4703.1636,-28634.3926,24.9425,-5252.6230,-28084.4492,21.4417,-4699.2212,-28638.8105,24.9982,783.3138,0.0001,0.0006,3.1415,0.7852,3.1415,-4702.4878,-28635.7480,25.1562,1
-4703.1636,-28634.3926,24.9425,-5252.6230,-28084.4492,21.4416,-4705.5776,-28628.6387,22.4921,771.6227,-0.0005,0.0001,3.1416,0.7852,3.1415,-4702.6650,-28635.5156,25.0871,1
-4703.1636,-28634.3926,24.9425,-5252.6230,-28084.4492,21.4417,-4707.8579,-28636.3027,29.8340,775.4834,0.0010,0.0016,3.1415,0.7852,3.1415,-4702.9194,-28635.5195,25.2489,1
-4703.1636,-28634.3926,24.9425,-5252.6230,-28084.4492,21.4416,-4703.2017,-28637.1562,27.3882,779.3444,0.0004,0.0011,3.1416,0.7852,3.1415,-4703.0312,-28635.5508,25.3411,1
-4703.1636,-28634.3926,24.9425,-5252.6235,-28084.4492,21.4417,-4698.5396,-28637.9766,24.9844,783.2049,-0.0001,0.0006,3.1415,0.7852,3.1415,-4702.9912,-28635.6133,25.3599,1
-4703.1636,-28634.3926,24.9425,-5252.6235,-28084.4492,21.4416,-4704.9102,-28627.8125,22.4790,771.5137,-0.0007,0.0001,3.1416,0.7852,3.1415,-4703.1426,-28635.3516,25.2955,1
-4703.1636,-28634.3926,24.9425,-5252.6235,-28084.4492,21.4417,-4707.1792,-28635.4785,29.8197,775.3745,0.0008,0.0016,3.1415,0.7852,3.1415,-4703.3677,-28635.3242,25.4612,1
-4703.1636,-28634.3926,24.9425,-5252.6235,-28084.4492,21.4416,-4702.5225,-28636.3242,27.3742,779.2354,0.0002,0.0011,3.1416,0.7852,3.1415,-4703.4478,-28635.3242,25.5564,1
-4703.1636,-28634.3926,24.9425,-5252.6235,-28084.4492,21.4417,-4697.8584,-28637.1387,24.9707,783.0960,-0.0003,0.0006,3.1415,0.7852,3.1415,-4703.3735,-28635.3535,25.5774,1
-4703.1636,-28634.3926,24.9425,-5252.6235,-28084.4492,21.4416,-4704.2437,-28626.9844,22.4658,771.4047,-0.0009,0.0001,3.1416,0.7852,3.1415,-4703.4883,-28635.0605,25.5143,1
-4703.1636,-28634.3926,24.9425,-5252.6235,-28084.4473,21.4417,-4706.5015,-28634.6523,29.8054,775.2654,0.0006,0.0016,3.1415,0.7852,3.1415,-4703.6748,-28634.9980,25.6806,1
-4703.1636,-28634.3926,24.9425,-5252.6235,-28084.4492,21.4416,-4701.8438,-28635.4941,27.3603,779.1265,0.0000,0.0011,3.1416,0.7852,3.1415,-4703.7139,-28634.9629,25.7757,1
-4703.1636,-28634.3926,24.9425,-5252.6235,-28084.4473,21.4417,-4697.1792,-28636.2988,24.9570,782.9870,-0.0006,0.0006,3.1415,0.7852,3.1415,-4703.5977,-28634.9570,25.7958,1
-4703.1636,-28634.3926,24.9425,-5252.6235,-28084.4473,21.4416,-4696.2168,-28637.4844,29.8829,784.5394,-0.0005,0.0016,3.1416,0.7852,3.1415,-4703.4341,-28634.9941,25.9696,1
-4703.1636,-28634.3926,24.9425,-5252.6235,-28084.4473,21.4417,-4705.8247,-28633.8262,29.7911,775.1564,0.0003,0.0016,3.1415,0.7852,3.1415,-4703.5601,-28634.9199,26.1489,1
-4703.1636,-28634.3926,24.9425,-5252.6235,-28084.4473,21.4416,-4701.1660,-28634.6602,27.3463,779.0175,-0.0002,0.0011,3.1416,0.7852,3.1415,-4703.5391,-28634.8730,26.2552,1
-4703.1636,-28634.3926,24.9425,-5252.6240,-28084.4473,21.4417,-4696.5015,-28635.4609,24.9433,782.8780,-0.0008,0.0006,3.1415,0.7852,3.1415,-4703.3628,-28634.8516,26.2846,1
-4703.1636,-28634.3926,24.9425,-5252.6240,-28084.4473,21.4416,-4706.7080,-28635.9355,27.8201,776.0141,0.0008,0.0012,3.1416,0.7852,3.1415,-4703.4971,-28634.8477,26.4011,1
-4703.1636,-28634.3926,24.9425,-5252.6240,-28084.4473,21.4417,-4705.1499,-28633.0000,29.7769,775.0475,0.0001,0.0016,3.1415,0.7852,3.1415,-4703.5874,-28634.7520,26.5816,1
-4703.1636,-28634.3926,24.9425,-5252.6240,-28084.4473,21.4416,-4700.4902,-28633.8262,27.3323,778.9084,-0.0004,0.0011,3.1416,0.7852,3.1415,-4703.5298,-28634.6816,26.6876,1
-4703.1636,-28634.3926,24.9425,-5252.6240,-28084.4473,21.4417,-4695.8242,-28634.6230,24.9295,782.7690,-0.0010,0.0006,3.1415,0.7852,3.1415,-4703.3159,-28634.6367,26.7154,1
-4703.1636,-28634.3926,24.9425,-5252.6240,-28084.4473,21.4416,-4698.5762,-28635.1035,22.8917,781.1482,-0.0005,0.0002,3.1416,0.7852,3.1415,-4703.1724,-28634.6094,26.6713,1
-4703.1636,-28634.3926,24.9425,-5252.6240,-28084.4473,21.4417,-4707.1929,-28629.3926,21.1221,771.0135,-0.0001,-0.0002,3.1415,0.7852,3.1415,-4703.2959,-28634.3984,26.5575,1
-4703.1636,-28634.3926,24.9425,-5252.6240,-28084.4473,21.4416,-4700.5596,-28641.6289,24.2854,784.3672,0.0007,0.0005,3.1416,0.7852,3.1415,-4703.2148,-28634.5703,26.5337,1
-4703.1636,-28634.3926,24.9425,-5252.6240,-28084.4473,21.4417,-4702.0957,-28640.7441,24.9167,782.6601,0.0008,0.0006,3.1415,0.7852,3.1415,-4703.1768,-28634.7324,26.5234,1
-4703.1636,-28634.3926,24.9425,-5252.6240,-28084.4473,21.4416,-4708.4097,-28630.5449,22.4138,770.9689,0.0002,0.0001,3.1416,0.7852,3.1415,-4703.3408,-28634.5801,26.4264,1
-4703.1636,-28634.3926,24.9425,-5252.6240,-28084.4473,21.4417,-4703.8027,-28631.3438,29.7483,774.8296,-0.0003,0.0016,3.1415,0.7852,3.1415,-4703.3662,-28634.4453,26.5568,1
-4703.1636,-28634.3926,24.9425,-5252.6240,-28084.4473,21.4416,-4699.1416,-28632.1582,27.3044,778.6906,-0.0009,0.0011,3.1416,0.7852,3.1415,-4703.2427,-28634.3340,26.6143,1
-4703.1636,-28634.3926,24.9425,-5252.6240,-28084.4473,21.4417,-4701.4106,-28639.9121,24.9029,782.5512,0.0006,0.0006,3.1415,0.7852,3.1415,-4703.1831,-28634.4648,26.5954,1
-4703.1636,-28634.3926,24.9425,-5252.6240,-28084.4473,21.4416,-4700.9688,-28632.6875,25.7348,777.7570,-0.0005,0.0008,3.1416,0.7852,3.1415,-4703.1050,-28634.3789,26.5981,1
-4703.1636,-28634.3926,24.9425,-5252.6245,-28084.4473,21.4417,-4703.1318,-28630.5137,29.7341,774.7206,-0.0005,0.0016,3.1415,0.7852,3.1415,-4703.0923,-28634.2188,26.7269,1
-4703.1636,-28634.3926,24.9425,-5252.6245,-28084.4473,21.4416,-4705.3857,-28638.2441,27.2911,778.5817,0.0009,0.0011,3.1416,0.7852,3.1415,-4703.1523,-28634.3027,26.7823,1
-4703.1636,-28634.3926,24.9425,-5252.6245,-28084.4473,21.4417,-4700.7275,-28639.0801,24.8892,782.4421,0.0004,0.0006,3.1415,0.7852,3.1415,-4703.0688,-28634.4219,26.7607,1
-4703.1636,-28634.3926,24.9425,-5252.6245,-28084.4473,21.4416,-4707.0698,-28628.8984,22.3875,770.7509,-0.0002,0.0001,3.1416,0.7852,3.1415,-4703.1846,-28634.2227,26.6518,1
-4703.1636,-28634.3926,24.9425,-5252.6245,-28084.4473,21.4417,-4702.4609,-28629.6836,29.7198,774.6116,-0.0008,0.0016,3.1415,0.7852,3.1415,-4703.1602,-28634.0410,26.7699,1
-4703.1636,-28634.3926,24.9425,-5252.6245,-28084.4473,21.4416,-4704.7041,-28637.4160,27.2771,778.4727,0.0007,0.0011,3.1416,0.7852,3.1415,-4703.2061,-28634.0996,26.8148,1
-4703.1636,-28634.3926,24.9425,-5252.6245,-28084.4473,21.4417,-4700.0449,-28638.2461,24.8755,782.3331,0.0001,0.0006,3.1415,0.7852,3.1415,-4703.1064,-28634.1914,26.7829,1
-4703.1636,-28634.3926,24.9425,-5252.6245,-28084.4473,21.4416,-4706.4019,-28628.0742,22.3744,770.6419,-0.0004,0.0001,3.1416,0.7852,3.1415,-4703.2051,-28633.9668,26.6639,1
-4703.1636,-28634.3926,24.9425,-5252.6245,-28084.4473,21.4417,-4701.7920,-28628.8535,29.7056,774.5027,-0.0010,0.0016,3.1415,0.7852,3.1415,-4703.1611,-28633.7559,26.7722,1
-4703.1636,-28634.3926,24.9425,-5252.6245,-28084.4473,21.4416,-4704.0234,-28636.5879,27.2632,778.3636,0.0005,0.0011,3.1416,0.7852,3.1415,-4703.1865,-28633.7852,26.8075,1
-4703.1636,-28634.3926,24.9425,-5252.6245,-28084.4473,21.4417,-4699.3638,-28637.4102,24.8618,782.2242,-0.0001,0.0006,3.1415,0.7852,3.1415,-4703.0645,-28633.8477,26.7663,1
-4703.1636,-28634.3926,24.9425,-5252.6245,-28084.4473,21.4416,-4705.7349,-28627.2480,22.3613,770.5330,-0.0006,0.0001,3.1416,0.7852,3.1415,-4703.1396,-28633.5938,26.6383,1
-4703.1636,-28634.3926,24.9425,-5252.6250,-28084.4473,21.4417,-4707.9990,-28634.9082,29.6924,774.3937,0.0008,0.0016,3.1415,0.7852,3.1415,-4703.2935,-28633.5742,26.7380,1
-4703.1636,-28634.3926,24.9425,-5252.6250,-28084.4473,21.4416,-4703.3447,-28635.7578,27.2495,778.2548,0.0003,0.0011,3.1416,0.7852,3.1415,-4703.3071,-28633.5859,26.7650,1
-4703.1636,-28634.3926,24.9425,-5252.6250,-28084.4473,21.4417,-4698.6841,-28636.5762,24.8484,782.1153,-0.0003,0.0006,3.1415,0.7852,3.1415,-4703.1714,-28633.6309,26.7159,1
-4703.1636,-28634.3926,24.9425,-5252.6250,-28084.4473,21.4416,-4705.0693,-28626.4219,22.3484,770.4241,-0.0009,0.0001,3.1416,0.7852,3.1415,-4703.2305,-28633.3574,26.5804,1
-4703.1636,-28634.3926,24.9425,-5252.6250,-28084.4473,21.4417,-4704.2983,-28629.3848,28.4724,773.0854,-0.0005,0.0013,3.1415,0.7852,3.1415,-4703.2690,-28633.1641,26.6340,1
-4703.1636,-28634.3926,24.9425,-5252.6250,-28084.4473,21.4416,-4702.6670,-28634.9277,27.2356,778.1458,0.0000,0.0011,3.1416,0.7852,3.1415,-4703.2568,-28633.1445,26.6517,1
-4703.1636,-28634.3926,24.9425,-5252.6250,-28084.4473,21.4417,-4698.0054,-28635.7383,24.8348,782.0063,-0.0005,0.0006,3.1415,0.7852,3.1415,-4703.0938,-28633.1582,26.5939,1
-4703.1636,-28634.3926,24.9425,-5252.6250,-28084.4473,21.4416,-4711.2485,-28632.4395,22.3359,770.3150,0.0009,0.0001,3.1416,0.7852,3.1415,-4703.3477,-28633.0723,26.4503,1
-4703.1636,-28634.3926,24.9425,-5252.6250,-28084.4473,21.4417,-4706.6460,-28633.2598,29.6639,774.1758,0.0004,0.0016,3.1415,0.7852,3.1415,-4703.4688,-28633.0156,26.5354,1
-4703.1636,-28634.3926,24.9425,-5252.6250,-28084.4473,21.4416,-4701.9902,-28634.0977,27.2216,778.0367,-0.0002,0.0011,3.1416,0.7852,3.1415,-4703.4458,-28632.9863,26.5488,1
-4703.1636,-28634.3926,24.9425,-5252.6250,-28084.4473,21.4417,-4697.3276,-28634.9023,24.8211,781.8973,-0.0007,0.0006,3.1415,0.7852,3.1415,-4703.2705,-28632.9883,26.4872,1
-4703.1636,-28634.3926,24.9425,-5252.6250,-28084.4473,21.4416,-4710.5747,-28631.6211,22.3228,770.2061,0.0007,0.0001,3.1416,0.7852,3.1415,-4703.5088,-28632.8906,26.3402,1
-4703.1636,-28634.3926,24.9425,-5252.6250,-28084.4473,21.4417,-4705.9712,-28632.4336,29.6497,774.0668,0.0002,0.0016,3.1415,0.7852,3.1415,-4703.6123,-28632.8184,26.4223,1
-4703.1636,-28634.3926,24.9425,-5252.6255,-28084.4473,21.4416,-4701.3149,-28633.2656,27.2077,777.9279,-0.0004,0.0011,3.1416,0.7852,3.1415,-4703.5703,-28632.7734,26.4331,1
-4703.1636,-28634.3926,24.9425,-5252.6255,-28084.4473,21.4417,-4707.9771,-28629.0137,25.5678,770.1996,-0.0000,0.0007,3.1415,0.7852,3.1415,-4703.7378,-28632.5938,26.3931,1
-4703.1636,-28634.3926,24.9425,-5252.6255,-28084.4473,21.4416,-4709.9028,-28630.8008,22.3097,770.0971,0.0005,0.0001,3.1416,0.7852,3.1415,-4703.9761,-28632.4668,26.2460,1
-4703.1636,-28634.3926,24.9425,-5252.6255,-28084.4473,21.4417,-4706.5386,-28637.3457,26.3119,777.1277,0.0010,0.0009,3.1415,0.7852,3.1415,-4704.1157,-28632.5508,26.2208,1
-4703.1636,-28634.3926,24.9425,-5252.6255,-28084.4473,21.4416,-4700.6411,-28632.4316,27.1938,777.8188,-0.0006,0.0011,3.1416,0.7852,3.1415,-4704.0693,-28632.4883,26.2250,1
-4703.1636,-28634.3926,24.9425,-5252.6255,-28084.4473,21.4417,-4702.9170,-28640.1777,24.7945,781.6799,0.0008,0.0006,3.1415,0.7852,3.1415,-4704.0869,-28632.6738,26.1552,1
-4703.1636,-28634.3926,24.9425,-5252.6255,-28084.4473,21.4416,-4709.2314,-28629.9785,22.2966,769.9881,0.0003,0.0001,3.1416,0.7852,3.1415,-4704.3047,-28632.5527,26.0017,1
-4703.1636,-28634.3926,24.9425,-5252.6255,-28084.4473,21.4417,-4704.6260,-28630.7812,29.6212,773.8494,-0.0003,0.0016,3.1415,0.7852,3.1415,-4704.3813,-28632.4512,26.0783,1
-4703.1636,-28634.3926,24.9425,-5252.6255,-28084.4473,21.4416,-4699.9678,-28631.5996,27.1799,777.7098,-0.0008,0.0011,3.1416,0.7852,3.1415,-4704.3066,-28632.3750,26.0848,1
-4703.1636,-28634.3926,24.9425,-5252.6255,-28084.4473,21.4417,-4702.2324,-28639.3457,24.7809,781.5709,0.0006,0.0006,3.1415,0.7852,3.1415,-4704.2939,-28632.5469,26.0177,1
-4703.1636,-28634.3926,24.9425,-5252.6255,-28084.4473,21.4416,-4708.5615,-28629.1562,22.2835,769.8792,0.0001,0.0001,3.1416,0.7852,3.1415,-4704.4790,-28632.4082,25.8671,1
-4703.1636,-28634.3926,24.9425,-5252.6255,-28084.4473,21.4417,-4708.9180,-28634.9004,29.1254,773.7366,0.0009,0.0015,3.1415,0.7852,3.1415,-4704.6826,-28632.4473,25.9314,1
-4703.1636,-28634.3926,24.9425,-5252.6255,-28084.4473,21.4416,-4706.2051,-28637.6758,27.1665,777.6010,0.0009,0.0011,3.1416,0.7852,3.1415,-4704.8052,-28632.5840,25.9405,1
-4703.1636,-28634.3926,24.9425,-5252.6260,-28084.4473,21.4417,-4701.5498,-28638.5137,24.7672,781.4619,0.0004,0.0006,3.1415,0.7852,3.1415,-4704.7793,-28632.7578,25.8762,1
-4703.1636,-28634.3926,24.9425,-5252.6260,-28084.4473,21.4416,-4696.8877,-28639.3223,22.2770,785.3225,-0.0002,0.0001,3.1416,0.7852,3.1415,-4704.5962,-28632.9688,25.7314,1
-4703.1636,-28634.3926,24.9425,-5252.6260,-28084.4473,21.4417,-4701.3696,-28629.3945,26.1208,775.1573,-0.0010,0.0009,3.1415,0.7852,3.1415,-4704.5352,-28632.8770,25.7027,1
-4703.1636,-28634.3926,24.9425,-5252.6260,-28084.4473,21.4416,-4705.5249,-28636.8477,27.1526,777.4919,0.0007,0.0011,3.1416,0.7852,3.1415,-4704.6001,-28633.0156,25.7094,1
-4703.1636,-28634.3926,24.9425,-5252.6260,-28084.4473,21.4417,-4700.8682,-28637.6816,24.7535,781.3530,0.0002,0.0006,3.1415,0.7852,3.1415,-4704.5171,-28633.1895,25.6436,1
-4703.1636,-28634.3926,24.9425,-5252.6260,-28084.4473,21.4416,-4696.2046,-28638.4824,22.2637,785.2135,-0.0004,0.0001,3.1416,0.7852,3.1415,-4704.2769,-28633.3965,25.4978,1
-4703.1636,-28634.3926,24.9425,-5252.6260,-28084.4453,21.4417,-4702.6172,-28628.2910,29.5786,773.5225,-0.0009,0.0016,3.1415,0.7852,3.1415,-4704.2217,-28633.2852,25.5813,1
-4703.1636,-28634.3926,24.9425,-5252.6260,-28084.4473,21.4416,-4704.8452,-28636.0215,27.1387,777.3829,0.0005,0.0011,3.1416,0.7852,3.1415,-4704.2354,-28633.4121,25.5959,1
-4703.1636,-28634.3926,24.9425,-5252.6260,-28084.4453,21.4417,-4708.0928,-28630.0723,26.6785,770.8741,0.0001,0.0010,3.1415,0.7852,3.1415,-4704.3560,-28633.3496,25.6005,1
-4703.1636,-28634.3926,24.9425,-5252.6260,-28084.4453,21.4416,-4695.5234,-28637.6406,22.2503,785.1045,-0.0006,0.0001,3.1416,0.7852,3.1415,-4704.0825,-28633.5234,25.4668,1
-4703.1636,-28634.3926,24.9425,-5252.6260,-28084.4453,21.4417,-4708.8174,-28634.3379,29.5652,773.4135,0.0009,0.0016,3.1415,0.7852,3.1415,-4704.2158,-28633.5996,25.5620,1
-4703.1636,-28634.3926,24.9425,-5252.6260,-28084.4453,21.4416,-4704.1665,-28635.1914,27.1248,777.2740,0.0003,0.0011,3.1416,0.7852,3.1415,-4704.2095,-28633.7012,25.5880,1
-4703.1636,-28634.3926,24.9425,-5252.6265,-28084.4453,21.4417,-4699.5088,-28636.0117,24.7262,781.1350,-0.0003,0.0006,3.1415,0.7852,3.1415,-4704.0542,-28633.8320,25.5410,1
-4703.1636,-28634.3926,24.9425,-5252.6265,-28084.4453,21.4416,-4694.8438,-28636.8008,22.2369,784.9956,-0.0008,0.0001,3.1416,0.7852,3.1415,-4703.7417,-28633.9902,25.4138,1
-4703.1636,-28634.3926,24.9425,-5252.6265,-28084.4453,21.4417,-4708.1416,-28633.5156,29.5509,773.3044,0.0006,0.0016,3.1415,0.7852,3.1415,-4703.8359,-28634.0469,25.5155,1
-4703.1636,-28634.3926,24.9425,-5252.6265,-28084.4453,21.4416,-4703.4897,-28634.3613,27.1108,777.1650,0.0001,0.0011,3.1416,0.7852,3.1415,-4703.7910,-28634.1270,25.5477,1
-4703.1636,-28634.3926,24.9425,-5252.6265,-28084.4453,21.4417,-4705.3096,-28631.5508,25.7753,773.8826,-0.0001,0.0008,3.1415,0.7852,3.1415,-4703.8052,-28634.1152,25.5411,1
-4703.1636,-28634.3926,24.9425,-5252.6265,-28084.4453,21.4416,-4701.1396,-28642.9336,22.2241,784.8866,0.0010,0.0001,3.1416,0.7852,3.1415,-4703.6904,-28634.4590,25.4222,1
-4703.1636,-28634.3926,24.9425,-5252.6265,-28084.4453,21.4417,-4707.4663,-28632.6914,29.5367,773.1956,0.0004,0.0016,3.1415,0.7852,3.1415,-4703.7744,-28634.4922,25.5318,1
-4703.1636,-28634.3926,24.9425,-5252.6265,-28084.4453,21.4416,-4702.8140,-28633.5312,27.0969,777.0561,-0.0001,0.0011,3.1416,0.7852,3.1415,-4703.7178,-28634.5449,25.5716,1
-4703.1636,-28634.3926,24.9425,-5252.6265,-28084.4453,21.4417,-4698.1543,-28634.3398,24.6988,780.9171,-0.0007,0.0006,3.1415,0.7852,3.1415,-4703.5103,-28634.6191,25.5381,1
-4703.1636,-28634.3926,24.9425,-5252.6265,-28084.4453,21.4416,-4700.4517,-28642.0996,22.2108,784.7776,0.0008,0.0001,3.1416,0.7852,3.1415,-4703.3667,-28634.9375,25.4238,1
-4703.1636,-28634.3926,24.9425,-5252.6265,-28084.4453,21.4417,-4706.7925,-28631.8672,29.5225,773.0865,0.0002,0.0016,3.1415,0.7852,3.1415,-4703.4224,-28634.9414,25.5378,1
-4703.1636,-28634.3926,24.9425,-5252.6265,-28084.4453,21.4416,-4702.1392,-28632.7012,27.0830,776.9471,-0.0004,0.0011,3.1416,0.7852,3.1415,-4703.3364,-28634.9629,25.5819,1
-4703.1636,-28634.3926,24.9425,-5252.6265,-28084.4453,21.4417,-4697.4785,-28633.5039,24.6852,780.8081,-0.0009,0.0006,3.1415,0.7852,3.1415,-4703.1006,-28635.0020,25.5524,1
-4703.1636,-28634.3926,24.9425,-5252.6265,-28084.4453,21.4416,-4699.7646,-28641.2656,22.1977,784.6687,0.0005,0.0001,3.1416,0.7852,3.1415,-4702.9277,-28635.2812,25.4420,1
-4703.1636,-28634.3926,24.9425,-5252.6270,-28084.4453,21.4417,-4705.3340,-28636.3086,23.7575,777.2292,0.0006,0.0004,3.1415,0.7852,3.1415,-4702.9287,-28635.4160,25.3739,1
-4703.1636,-28634.3926,24.9425,-5252.6270,-28084.4453,21.4416,-4701.4663,-28631.8691,27.0694,776.8381,-0.0006,0.0011,3.1416,0.7852,3.1415,-4702.8130,-28635.4043,25.4094,1
-4703.1636,-28634.3926,24.9425,-5252.6270,-28084.4453,21.4417,-4703.7378,-28639.6074,24.6726,780.6992,0.0009,0.0006,3.1415,0.7852,3.1415,-4702.7695,-28635.6289,25.3720,1
-4703.1636,-28634.3926,24.9425,-5252.6270,-28084.4453,21.4416,-4699.0796,-28640.4297,22.1844,784.5597,0.0003,0.0001,3.1416,0.7852,3.1415,-4702.5820,-28635.8867,25.2545,1
-4703.1636,-28634.3926,24.9425,-5252.6270,-28084.4453,21.4417,-4707.4263,-28636.2637,21.0062,775.7239,0.0009,-0.0002,3.1415,0.7852,3.1415,-4702.6567,-28636.0176,25.0918,1
-4703.1636,-28634.3926,24.9425,-5252.6270,-28084.4453,21.4416,-4700.7939,-28631.0371,27.0555,776.7292,-0.0008,0.0011,3.1416,0.7852,3.1415,-4702.5312,-28635.9766,25.1160,1
-4703.1636,-28634.3926,24.9425,-5252.6270,-28084.4453,21.4417,-4703.0542,-28638.7773,24.6590,780.5901,0.0007,0.0006,3.1415,0.7852,3.1415,-4702.4766,-28636.1699,25.0687,1
-4703.1636,-28634.3926,24.9425,-5252.6270,-28084.4453,21.4416,-4698.3955,-28639.5938,22.1711,784.4508,0.0001,0.0001,3.1416,0.7852,3.1415,-4702.2769,-28636.3906,24.9423,1
-4703.1636,-28634.3926,24.9425,-5252.6270,-28084.4453,21.4417,-4704.7788,-28629.3887,29.4802,772.7596,-0.0005,0.0016,3.1415,0.7852,3.1415,-4702.2759,-28636.2871,25.0463,1
-4703.1636,-28634.3926,24.9425,-5252.6270,-28084.4453,21.4416,-4698.9536,-28641.3047,22.7577,785.2687,0.0004,0.0002,3.1416,0.7852,3.1415,-4702.0967,-28636.5469,24.9449,1
-4703.1636,-28634.3926,24.9425,-5252.6270,-28084.4453,21.4417,-4702.3721,-28637.9453,24.6453,780.4813,0.0004,0.0005,3.1415,0.7852,3.1415,-4702.0215,-28636.7051,24.8999,1
-4703.1636,-28634.3926,24.9425,-5252.6270,-28084.4453,21.4416,-4697.7124,-28638.7578,22.1577,784.3418,-0.0001,0.0000,3.1416,0.7852,3.1415,-4701.8018,-28636.8906,24.7762,1
-4703.1636,-28634.3926,24.9425,-5252.6274,-28084.4453,21.4417,-4704.1104,-28628.5605,29.4660,772.6507,-0.0007,0.0015,3.1415,0.7852,3.1415,-4701.7808,-28636.7461,24.8833,1
-4703.1636,-28634.3926,24.9425,-5252.6274,-28084.4453,21.4416,-4706.3452,-28636.2773,27.0284,776.5112,0.0008,0.0010,3.1416,0.7852,3.1415,-4701.8394,-28636.8281,24.9226,1
-4703.1636,-28634.3926,24.9425,-5252.6274,-28084.4453,21.4417,-4701.6914,-28637.1152,24.6317,780.3723,0.0002,0.0005,3.1415,0.7852,3.1415,-4701.7612,-28636.9336,24.8903,1
-4703.1636,-28634.3926,24.9425,-5252.6274,-28084.4453,21.4416,-4702.7778,-28630.5254,24.8743,774.9488,-0.0006,0.0006,3.1416,0.7852,3.1415,-4701.7202,-28636.8242,24.8660,1
-4703.1636,-28634.3926,24.9425,-5252.6274,-28084.4453,21.4417,-4703.4429,-28627.7324,29.4518,772.5417,-0.0009,0.0015,3.1415,0.7852,3.1415,-4701.7056,-28636.6074,24.9906,1
-4703.1636,-28634.3926,24.9425,-5252.6274,-28084.4453,21.4416,-4705.6665,-28635.4512,27.0145,776.4023,0.0006,0.0010,3.1416,0.7852,3.1415,-4701.7681,-28636.6172,25.0464,1
-4703.1636,-28634.3926,24.9425,-5252.6274,-28084.4453,21.4417,-4701.0117,-28636.2812,24.6181,780.2633,-0.0000,0.0005,3.1415,0.7852,3.1415,-4701.6914,-28636.6523,25.0296,1
-4703.1636,-28634.3926,24.9425,-5252.6274,-28084.4453,21.4416,-4696.3506,-28637.0801,22.1311,784.1239,-0.0006,0.0000,3.1416,0.7852,3.1415,-4701.4668,-28636.7090,24.9328,1
-4703.1636,-28634.3926,24.9425,-5252.6274,-28084.4453,21.4417,-4709.6367,-28633.7695,29.4384,772.4327,0.0009,0.0015,3.1415,0.7852,3.1415,-4701.6606,-28636.6582,25.0654,1
-4703.1636,-28634.3926,24.9425,-5252.6274,-28084.4453,21.4416,-4704.9888,-28634.6250,27.0006,776.2933,0.0003,0.0010,3.1416,0.7852,3.1415,-4701.7227,-28636.6270,25.1286,1
-4703.1636,-28634.3926,24.9425,-5252.6274,-28084.4453,21.4417,-4700.3330,-28635.4492,24.6045,780.1544,-0.0002,0.0005,3.1415,0.7852,3.1415,-4701.6440,-28636.6172,25.1187,1
-4703.1636,-28634.3926,24.9425,-5252.6274,-28084.4453,21.4416,-4695.6709,-28636.2422,22.1177,784.0149,-0.0008,0.0000,3.1416,0.7852,3.1415,-4701.4150,-28636.6309,25.0283,1
-4703.1636,-28634.3926,24.9425,-5252.6274,-28084.4453,21.4417,-4702.4072,-28636.3223,21.3805,779.3012,0.0002,-0.0001,3.1415,0.7852,3.1415,-4701.3896,-28636.6445,24.9073,1
-4703.1636,-28634.3926,24.9425,-5252.6279,-28084.4453,21.4416,-4704.3125,-28633.7969,26.9867,776.1843,0.0001,0.0010,3.1416,0.7852,3.1415,-4701.4302,-28636.5742,24.9589,1
-4703.1636,-28634.3926,24.9425,-5252.6279,-28084.4453,21.4417,-4699.6562,-28634.6152,24.5908,780.0453,-0.0004,0.0005,3.1415,0.7852,3.1415,-4701.3291,-28636.5254,24.9383,1
-4703.1636,-28634.3926,24.9425,-5252.6279,-28084.4453,21.4416,-4694.9937,-28635.4004,22.1044,783.9059,-0.0010,0.0000,3.1416,0.7852,3.1415,-4701.0771,-28636.4980,24.8380,1
-4703.1636,-28634.3926,24.9425,-5252.6279,-28084.4453,21.4417,-4708.2871,-28632.1250,29.4101,772.2148,0.0005,0.0015,3.1415,0.7852,3.1415,-4701.2417,-28636.3594,24.9674,1
-4703.1636,-28634.3926,24.9425,-5252.6279,-28084.4453,21.4416,-4703.6377,-28632.9688,26.9729,776.0753,-0.0001,0.0010,3.1416,0.7852,3.1415,-4701.2725,-28636.2402,25.0278,1
-4703.1636,-28634.3926,24.9425,-5252.6279,-28084.4453,21.4417,-4698.9805,-28633.7793,24.5772,779.9363,-0.0007,0.0005,3.1415,0.7852,3.1415,-4701.1602,-28636.1406,25.0154,1
-4703.1636,-28634.3926,24.9425,-5252.6279,-28084.4453,21.4416,-4701.2739,-28641.5332,22.0917,783.7969,0.0008,0.0000,3.1416,0.7852,3.1415,-4701.1182,-28636.2852,24.9227,1
-4703.1636,-28634.3926,24.9425,-5252.6279,-28084.4453,21.4417,-4707.6143,-28631.3008,29.3959,772.1058,0.0002,0.0015,3.1415,0.7852,3.1415,-4701.2832,-28636.1133,25.0592,1
-4703.1636,-28634.3926,24.9425,-5252.6279,-28084.4453,21.4416,-4702.9634,-28632.1387,26.9590,775.9664,-0.0003,0.0010,3.1416,0.7852,3.1415,-4701.3130,-28635.9590,25.1260,1
-4703.1636,-28634.3926,24.9425,-5252.6279,-28084.4453,21.4417,-4698.3057,-28632.9434,24.5636,779.8275,-0.0009,0.0005,3.1415,0.7852,3.1415,-4701.1973,-28635.8223,25.1195,1
-4703.1636,-28634.3926,24.9425,-5252.6279,-28084.4453,21.4416,-4700.5879,-28640.6992,22.0784,783.6880,0.0006,0.0000,3.1416,0.7852,3.1415,-4701.1489,-28635.9297,25.0323,1
-4703.1636,-28634.3926,24.9425,-5252.6279,-28084.4453,21.4417,-4706.9419,-28630.4766,29.3818,771.9969,0.0000,0.0015,3.1415,0.7852,3.1415,-4701.3062,-28635.7207,25.1735,1
-4703.1636,-28634.3926,24.9425,-5252.6279,-28084.4453,21.4416,-4702.2905,-28631.3086,26.9451,775.8574,-0.0005,0.0010,3.1416,0.7852,3.1415,-4701.3257,-28635.5273,25.2445,1
-4703.1636,-28634.3926,24.9425,-5252.6284,-28084.4453,21.4417,-4704.5586,-28639.0391,24.5508,779.7184,0.0009,0.0005,3.1415,0.7852,3.1415,-4701.4204,-28635.5762,25.2417,1
-4703.1636,-28634.3926,24.9425,-5252.6284,-28084.4453,21.4416,-4699.9033,-28639.8652,22.0651,783.5790,0.0004,0.0000,3.1416,0.7852,3.1415,-4701.3730,-28635.6602,25.1576,1
-4703.1636,-28634.3926,24.9425,-5252.6284,-28084.4453,21.4417,-4706.2720,-28629.6523,29.3676,771.8879,-0.0002,0.0015,3.1415,0.7852,3.1415,-4701.5278,-28635.4277,25.3014,1
-4703.1636,-28634.3926,24.9425,-5252.6284,-28084.4453,21.4416,-4701.6196,-28630.4766,26.9313,775.7485,-0.0008,0.0010,3.1416,0.7852,3.1415,-4701.5425,-28635.2090,25.3744,1
-4703.1636,-28634.3926,24.9425,-5252.6284,-28084.4434,21.4417,-4703.8760,-28638.2070,24.5372,779.6094,0.0007,0.0005,3.1415,0.7852,3.1415,-4701.6294,-28635.2324,25.3732,1
-4703.1636,-28634.3926,24.9425,-5252.6284,-28084.4453,21.4416,-4699.2197,-28639.0293,22.0518,783.4701,0.0001,0.0000,3.1416,0.7852,3.1415,-4701.5718,-28635.2910,25.2901,1
-4703.1636,-28634.3926,24.9425,-5252.6284,-28084.4434,21.4417,-4705.6025,-28628.8242,29.3534,771.7789,-0.0004,0.0015,3.1415,0.7852,3.1415,-4701.7139,-28635.0293,25.4342,1
-4703.1636,-28634.3926,24.9425,-5252.6284,-28084.4434,21.4416,-4700.9497,-28629.6426,26.9174,775.6395,-0.0010,0.0010,3.1416,0.7852,3.1415,-4701.7134,-28634.7832,25.5073,1
-4703.1636,-28634.3926,24.9425,-5252.6284,-28084.4434,21.4417,-4703.1943,-28637.3770,24.5236,779.5005,0.0005,0.0005,3.1415,0.7852,3.1415,-4701.7827,-28634.7793,25.5055,1
-4703.1636,-28634.3926,24.9425,-5252.6284,-28084.4434,21.4416,-4698.5376,-28638.1914,22.0385,783.3611,-0.0001,0.0000,3.1416,0.7852,3.1415,-4701.7056,-28634.8086,25.4216,1
-4703.1636,-28634.3926,24.9425,-5252.6284,-28084.4434,21.4417,-4699.4990,-28636.2988,28.8104,781.3731,-0.0002,0.0014,3.1415,0.7852,3.1415,-4701.6509,-28634.7871,25.5458,1
-4703.1636,-28634.3926,24.9425,-5252.6284,-28084.4434,21.4416,-4702.7378,-28631.3203,24.8799,775.5405,-0.0005,0.0006,3.1416,0.7852,3.1415,-4701.6953,-28634.6094,25.5507,1
-4703.1636,-28634.3926,24.9425,-5252.6289,-28084.4434,21.4417,-4702.5146,-28636.5469,24.5103,779.3915,0.0003,0.0005,3.1415,0.7852,3.1415,-4701.7344,-28634.5977,25.5414,1
-4703.1636,-28634.3926,24.9425,-5252.6289,-28084.4434,21.4416,-4697.8569,-28637.3555,22.0255,783.2521,-0.0003,0.0000,3.1416,0.7852,3.1415,-4701.6260,-28634.6172,25.4500,1
-4703.1636,-28634.3926,24.9425,-5252.6289,-28084.4434,21.4417,-4704.2681,-28627.1699,29.3254,771.5610,-0.0009,0.0015,3.1415,0.7852,3.1415,-4701.7144,-28634.3164,25.5855,1
-4703.1636,-28634.3926,24.9425,-5252.6289,-28084.4434,21.4416,-4706.4868,-28634.8828,26.8906,775.4216,0.0006,0.0010,3.1416,0.7852,3.1415,-4701.8799,-28634.2500,25.6496,1
-4703.1636,-28634.3926,24.9425,-5252.6289,-28084.4434,21.4417,-4701.8354,-28635.7168,24.4967,779.2827,0.0000,0.0005,3.1415,0.7852,3.1415,-4701.9048,-28634.2168,25.6386,1
-4703.1636,-28634.3926,24.9425,-5252.6289,-28084.4434,21.4416,-4697.1772,-28636.5176,22.0122,783.1432,-0.0005,0.0000,3.1416,0.7852,3.1415,-4701.7798,-28634.2129,25.5452,1
-4703.1636,-28634.3926,24.9425,-5252.6289,-28084.4434,21.4417,-4710.4556,-28633.1973,29.3121,771.4520,0.0009,0.0015,3.1415,0.7852,3.1415,-4702.0723,-28634.1113,25.6784,1
-4703.1636,-28634.3926,24.9425,-5252.6289,-28084.4434,21.4416,-4705.8101,-28634.0566,26.8768,775.3126,0.0004,0.0010,3.1416,0.7852,3.1415,-4702.2314,-28634.0391,25.7399,1
-4703.1636,-28634.3926,24.9425,-5252.6289,-28084.4434,21.4417,-4701.1577,-28634.8828,24.4831,779.1736,-0.0002,0.0005,3.1415,0.7852,3.1415,-4702.2471,-28633.9941,25.7261,1
-4703.1636,-28634.3926,24.9425,-5252.6289,-28084.4434,21.4416,-4696.4985,-28635.6797,21.9989,783.0342,-0.0007,0.0000,3.1416,0.7852,3.1415,-4702.1099,-28633.9785,25.6297,1
-4703.1636,-28634.3926,24.9425,-5252.6289,-28084.4434,21.4417,-4709.7808,-28632.3770,29.2979,771.3430,0.0007,0.0015,3.1415,0.7852,3.1415,-4702.3872,-28633.8633,25.7595,1
-4703.1636,-28634.3926,24.9425,-5252.6289,-28084.4434,21.4416,-4705.1343,-28633.2305,26.8629,775.2036,0.0002,0.0010,3.1416,0.7852,3.1415,-4702.5288,-28633.7734,25.8175,1
-4703.1636,-28634.3926,24.9425,-5252.6289,-28084.4434,21.4417,-4700.4810,-28634.0508,24.4695,779.0646,-0.0004,0.0005,3.1415,0.7852,3.1415,-4702.5239,-28633.7129,25.8000,1
-4703.1636,-28634.3926,24.9425,-5252.6289,-28084.4434,21.4416,-4695.8213,-28634.8398,21.9856,782.9253,-0.0010,0.0000,3.1416,0.7852,3.1415,-4702.3643,-28633.6797,25.6998,1
-4703.1636,-28634.3926,24.9425,-5252.6294,-28084.4434,21.4417,-4709.1074,-28631.5566,29.2838,771.2341,0.0005,0.0015,3.1415,0.7852,3.1415,-4702.6167,-28633.5449,25.8256,1
-4703.1636,-28634.3926,24.9425,-5252.6294,-28084.4434,21.4416,-4704.4604,-28632.4023,26.8491,775.0946,-0.0001,0.0010,3.1416,0.7852,3.1415,-4702.7310,-28633.4375,25.8795,1
-4703.1636,-28634.3926,24.9425,-5252.6294,-28084.4434,21.4417,-4699.8066,-28633.2168,24.4559,778.9557,-0.0006,0.0005,3.1415,0.7852,3.1415,-4702.6973,-28633.3555,25.8578,1
-4703.1636,-28634.3926,24.9425,-5252.6294,-28084.4434,21.4416,-4702.0957,-28640.9629,21.9730,782.8162,0.0008,0.0000,3.1416,0.7852,3.1415,-4702.7290,-28633.5215,25.7533,1
-4703.1636,-28634.3926,24.9425,-5252.6294,-28084.4434,21.4417,-4708.4351,-28630.7344,29.2697,771.1251,0.0003,0.0015,3.1415,0.7852,3.1415,-4702.9629,-28633.3809,25.8747,1
-4703.1636,-28634.3926,24.9425,-5252.6294,-28084.4434,21.4416,-4703.7871,-28631.5742,26.8353,774.9857,-0.0003,0.0010,3.1416,0.7852,3.1415,-4703.0562,-28633.2617,25.9242,1
-4703.1636,-28634.3926,24.9425,-5252.6294,-28084.4434,21.4417,-4699.1323,-28632.3828,24.4423,778.8467,-0.0008,0.0005,3.1415,0.7852,3.1415,-4702.9990,-28633.1680,25.8980,1
-4703.1636,-28634.3926,24.9425,-5252.6294,-28084.4434,21.4416,-4701.4106,-28640.1309,21.9597,782.7072,0.0006,0.0000,3.1416,0.7852,3.1415,-4703.0049,-28633.3223,25.7889,1
-4703.1636,-28634.3926,24.9425,-5252.6294,-28084.4434,21.4417,-4696.5537,-28636.3008,26.4342,783.4451,-0.0006,0.0009,3.1415,0.7852,3.1415,-4702.8506,-28633.3691,25.8140,1
-4703.1636,-28634.3926,24.9425,-5252.6294,-28084.4434,21.4416,-4703.1152,-28630.7441,26.8214,774.8768,-0.0005,0.0010,3.1416,0.7852,3.1415,-4702.8906,-28633.2480,25.8530,1
-4703.1636,-28634.3926,24.9425,-5252.6294,-28084.4434,21.4417,-4705.3784,-28638.4668,24.4296,778.7377,0.0009,0.0005,3.1415,0.7852,3.1415,-4703.0029,-28633.3711,25.8169,1
-4703.1636,-28634.3926,24.9425,-5252.6294,-28084.4434,21.4416,-4700.7261,-28639.2969,21.9464,782.5984,0.0004,0.0000,3.1416,0.7852,3.1415,-4702.9697,-28633.5312,25.6984,1
-4703.1636,-28634.3926,24.9425,-5252.6299,-28084.4434,21.4417,-4707.0947,-28629.0859,29.2414,770.9072,-0.0002,0.0015,3.1415,0.7852,3.1415,-4703.1362,-28633.3750,25.8064,1
-4703.1636,-28634.3926,24.9425,-5252.6299,-28084.4434,21.4416,-4702.4448,-28629.9141,26.8076,774.7678,-0.0007,0.0010,3.1416,0.7852,3.1415,-4703.1592,-28633.2402,25.8430,1
-4703.1636,-28634.3926,24.9425,-5252.6299,-28084.4434,21.4417,-4704.6968,-28637.6406,24.4160,778.6288,0.0007,0.0005,3.1415,0.7852,3.1415,-4703.2520,-28633.3457,25.8046,1
-4703.1636,-28634.3926,24.9425,-5252.6299,-28084.4434,21.4416,-4700.0439,-28638.4629,21.9331,782.4894,0.0002,0.0000,3.1416,0.7852,3.1415,-4703.1973,-28633.4883,25.6839,1
-4703.1636,-28634.3926,24.9425,-5252.6299,-28084.4434,21.4417,-4706.4258,-28628.2617,29.2273,770.7982,-0.0004,0.0015,3.1415,0.7852,3.1415,-4703.3398,-28633.3125,25.7898,1
-4703.1636,-28634.3926,24.9425,-5252.6299,-28084.4434,21.4416,-4701.7754,-28629.0820,26.7938,774.6588,-0.0009,0.0010,3.1416,0.7852,3.1415,-4703.3369,-28633.1543,25.8243,1
-4703.1636,-28634.3926,24.9425,-5252.6299,-28084.4434,21.4417,-4704.0161,-28636.8105,24.4024,778.5198,0.0005,0.0005,3.1415,0.7852,3.1415,-4703.4014,-28633.2363,25.7839,1
-4703.1636,-28634.3926,24.9425,-5252.6299,-28084.4434,21.4416,-4699.3623,-28637.6289,21.9199,782.3804,-0.0000,-0.0000,3.1416,0.7852,3.1415,-4703.3169,-28633.3535,25.6612,1
-4703.1636,-28634.3926,24.9425,-5252.6299,-28084.4434,21.4417,-4705.7588,-28627.4355,29.2131,770.6893,-0.0006,0.0015,3.1415,0.7852,3.1415,-4703.4282,-28633.1523,25.7653,1
-4703.1636,-28634.3926,24.9425,-5252.6299,-28084.4434,21.4416,-4707.9849,-28635.1387,26.7806,774.5498,0.0008,0.0010,3.1416,0.7852,3.1415,-4703.6152,-28633.1875,25.7981,1
-4703.1636,-28634.3926,24.9425,-5252.6299,-28084.4434,21.4417,-4703.3369,-28635.9824,24.3889,778.4108,0.0003,0.0005,3.1415,0.7852,3.1415,-4703.6597,-28633.2559,25.7561,1
-4703.1636,-28634.3926,24.9425,-5252.6299,-28084.4434,21.4416,-4698.6821,-28636.7930,21.9066,782.2714,-0.0003,-0.0000,3.1416,0.7852,3.1415,-4703.5532,-28633.3555,25.6319,1
-4703.1636,-28634.3926,24.9425,-5252.6299,-28084.4434,21.4417,-4705.0923,-28626.6094,29.1990,770.5803,-0.0008,0.0015,3.1415,0.7852,3.1415,-4703.6406,-28633.1328,25.7346,1
-4703.1636,-28634.3926,24.9425,-5252.6299,-28084.4434,21.4416,-4707.3071,-28634.3145,26.7668,774.4408,0.0006,0.0010,3.1416,0.7852,3.1415,-4703.8008,-28633.1484,25.7661,1
-4703.1636,-28634.3926,24.9425,-5252.6304,-28084.4434,21.4417,-4702.6592,-28635.1523,24.3753,778.3019,0.0001,0.0005,3.1415,0.7852,3.1415,-4703.8169,-28633.1934,25.7228,1
-4703.1636,-28634.3926,24.9425,-5252.6304,-28084.4434,21.4416,-4698.0034,-28635.9570,21.8933,782.1624,-0.0005,-0.0000,3.1416,0.7852,3.1415,-4703.6807,-28633.2676,25.5975,1
-4703.1636,-28634.3926,24.9425,-5252.6304,-28084.4434,21.4417,-4711.2739,-28632.6289,29.1857,770.4713,0.0010,0.0015,3.1415,0.7852,3.1415,-4703.9585,-28633.2422,25.6992,1
-4703.1636,-28634.3926,24.9425,-5252.6304,-28084.4434,21.4416,-4706.6318,-28633.4902,26.7529,774.3318,0.0004,0.0010,3.1416,0.7852,3.1415,-4704.0996,-28633.2422,25.7297,1
-4703.1636,-28634.3926,24.9425,-5252.6304,-28084.4434,21.4417,-4701.9819,-28634.3203,24.3617,778.1929,-0.0001,0.0005,3.1415,0.7852,3.1415,-4704.0947,-28633.2715,25.6856,1
-4703.1636,-28634.3926,24.9425,-5252.6304,-28084.4434,21.4416,-4697.3257,-28635.1191,21.8801,782.0535,-0.0007,-0.0000,3.1416,0.7852,3.1415,-4703.9351,-28633.3281,25.5596,1
-4703.1636,-28634.3926,24.9425,-5252.6304,-28084.4434,21.4417,-4711.5186,-28632.2012,24.0044,769.9646,0.0009,0.0004,3.1415,0.7852,3.1415,-4704.2163,-28633.2930,25.4929,1
-4703.1636,-28634.3926,24.9425,-5252.6304,-28084.4434,21.4416,-4705.9565,-28632.6641,26.7391,774.2229,0.0002,0.0010,3.1416,0.7852,3.1415,-4704.3315,-28633.2734,25.5122,1
-4703.1636,-28634.3926,24.9425,-5252.6304,-28084.4434,21.4417,-4701.3062,-28633.4883,24.3482,778.0840,-0.0004,0.0005,3.1415,0.7852,3.1415,-4704.2988,-28633.2773,25.4578,1
-4703.1636,-28634.3926,24.9425,-5252.6304,-28084.4434,21.4416,-4696.6489,-28634.2812,21.8668,781.9446,-0.0009,-0.0000,3.1416,0.7852,3.1415,-4704.1089,-28633.3086,25.3224,1
-4703.1636,-28634.3926,24.9425,-5252.6304,-28084.4434,21.4417,-4709.9268,-28630.9883,29.1578,770.2534,0.0005,0.0015,3.1415,0.7852,3.1415,-4704.3286,-28633.2344,25.4152,1
-4703.1636,-28634.3926,24.9425,-5252.6304,-28084.4434,21.4416,-4705.2832,-28631.8379,26.7256,774.1140,-0.0000,0.0010,3.1416,0.7852,3.1415,-4704.4082,-28633.1816,25.4381,1
-4703.1636,-28634.3926,24.9425,-5252.6309,-28084.4434,21.4417,-4700.6323,-28632.6562,24.3349,777.9750,-0.0006,0.0005,3.1415,0.7852,3.1415,-4704.3389,-28633.1543,25.3873,1
-4703.1636,-28634.3926,24.9425,-5252.6309,-28084.4434,21.4416,-4702.9175,-28640.3945,21.8545,781.8355,0.0009,-0.0000,3.1416,0.7852,3.1415,-4704.3330,-28633.3750,25.2556,1
-4703.1636,-28634.3926,24.9425,-5252.6309,-28084.4434,21.4417,-4709.2559,-28630.1660,29.1437,770.1443,0.0003,0.0015,3.1415,0.7852,3.1415,-4704.5283,-28633.2812,25.3522,1
-4703.1636,-28634.3926,24.9425,-5252.6309,-28084.4434,21.4416,-4704.6108,-28631.0098,26.7118,774.0049,-0.0002,0.0010,3.1416,0.7852,3.1415,-4704.5815,-28633.2070,25.3789,1
-4703.1636,-28634.3926,24.9425,-5252.6309,-28084.4414,21.4417,-4699.9590,-28631.8203,24.3214,777.8660,-0.0008,0.0005,3.1415,0.7852,3.1415,-4704.4839,-28633.1562,25.3319,1
-4703.1636,-28634.3926,24.9425,-5252.6309,-28084.4434,21.4416,-4702.2329,-28639.5645,21.8412,781.7266,0.0006,-0.0000,3.1416,0.7852,3.1415,-4704.4482,-28633.3496,25.2041,1
-4703.1636,-28634.3926,24.9425,-5252.6309,-28084.4414,21.4417,-4708.5854,-28629.3418,29.1296,770.0354,0.0001,0.0015,3.1415,0.7852,3.1415,-4704.6118,-28633.2285,25.3046,1
-4703.1636,-28634.3926,24.9425,-5252.6309,-28084.4414,21.4416,-4703.9399,-28630.1797,26.6980,773.8960,-0.0005,0.0010,3.1416,0.7852,3.1415,-4704.6318,-28633.1270,25.3351,1
-4703.1636,-28634.3926,24.9425,-5252.6309,-28084.4414,21.4417,-4706.1987,-28637.8965,24.3086,777.7571,0.0010,0.0005,3.1415,0.7852,3.1415,-4704.7222,-28633.2676,25.2919,1
-4703.1636,-28634.3926,24.9425,-5252.6309,-28084.4414,21.4416,-4701.5493,-28638.7305,21.8280,781.6176,0.0004,-0.0000,3.1416,0.7852,3.1415,-4704.6655,-28633.4434,25.1678,1
-4703.1636,-28634.3926,24.9425,-5252.6309,-28084.4414,21.4417,-4707.9165,-28628.5195,29.1155,769.9265,-0.0001,0.0015,3.1415,0.7852,3.1415,-4704.8057,-28633.3008,25.2720,1
-4703.1636,-28634.3926,24.9425,-5252.6309,-28084.4414,21.4416,-4703.2700,-28629.3516,26.6842,773.7870,-0.0007,0.0010,3.1416,0.7852,3.1415,-4704.8008,-28633.1777,25.3062,1
-4703.1636,-28634.3926,24.9425,-5252.6313,-28084.4414,21.4417,-4705.5181,-28637.0703,24.2951,777.6481,0.0008,0.0005,3.1415,0.7852,3.1415,-4704.8638,-28633.2930,25.2666,1
-4703.1636,-28634.3926,24.9425,-5252.6313,-28084.4414,21.4416,-4700.8677,-28637.8965,21.8148,781.5086,0.0002,-0.0000,3.1416,0.7852,3.1415,-4704.7778,-28633.4434,25.1460,1
-4703.1636,-28634.3926,24.9425,-5252.6313,-28084.4414,21.4417,-4696.2305,-28638.6719,29.2460,785.3699,-0.0003,0.0015,3.1415,0.7852,3.1415,-4704.5352,-28633.6270,25.2557,1
-4703.1636,-28634.3926,24.9425,-5252.6313,-28084.4414,21.4416,-4702.6016,-28628.5215,26.6705,773.6781,-0.0009,0.0010,3.1416,0.7852,3.1415,-4704.4756,-28633.4941,25.2933,1
-4703.1636,-28634.3926,24.9425,-5252.6313,-28084.4414,21.4417,-4704.8379,-28636.2422,24.2816,777.5391,0.0005,0.0005,3.1415,0.7852,3.1415,-4704.4839,-28633.5996,25.2571,1
-4703.1636,-28634.3926,24.9425,-5252.6313,-28084.4414,21.4416,-4700.1870,-28637.0625,21.8015,781.3997,-0.0000,-0.0000,3.1416,0.7852,3.1415,-4704.3447,-28633.7363,25.1397,1
-4703.1636,-28634.3926,24.9425,-5252.6313,-28084.4414,21.4417,-4708.6055,-28632.2344,21.6506,772.0366,0.0005,-0.0001,3.1415,0.7852,3.1415,-4704.4673,-28633.7227,25.0093,1
-4703.1636,-28634.3926,24.9425,-5252.6313,-28084.4414,21.4416,-4708.8042,-28634.5684,26.6573,773.5691,0.0009,0.0010,3.1416,0.7852,3.1415,-4704.6055,-28633.7812,25.0342,1
-4703.1636,-28634.3926,24.9425,-5252.6313,-28084.4414,21.4417,-4704.1592,-28635.4141,24.2680,777.4302,0.0003,0.0005,3.1415,0.7852,3.1415,-4704.6030,-28633.8672,24.9864,1
-4703.1636,-28634.3926,24.9425,-5252.6313,-28084.4414,21.4416,-4701.9111,-28630.8887,24.2212,775.8240,-0.0007,0.0005,3.1416,0.7852,3.1415,-4704.5264,-28633.8105,24.9363,1
-4703.1636,-28634.3926,24.9425,-5252.6313,-28084.4414,21.4417,-4694.8687,-28636.9922,29.2173,785.1520,-0.0008,0.0015,3.1415,0.7852,3.1415,-4704.2207,-28633.9414,25.0449,1
-4703.1636,-28634.3926,24.9425,-5252.6313,-28084.4414,21.4416,-4708.1274,-28633.7441,26.6437,773.4601,0.0007,0.0010,3.1416,0.7852,3.1415,-4704.3193,-28633.9746,25.0821,1
-4703.1636,-28634.3926,24.9425,-5252.6313,-28084.4414,21.4417,-4703.4819,-28634.5840,24.2545,777.3212,0.0001,0.0005,3.1415,0.7852,3.1415,-4704.2769,-28634.0312,25.0461,1
-4703.1636,-28634.3926,24.9425,-5252.6313,-28084.4414,21.4416,-4698.8291,-28635.3926,21.7751,781.1817,-0.0004,-0.0000,3.1416,0.7852,3.1415,-4704.0845,-28634.1152,24.9294,1
-4703.1636,-28634.3926,24.9425,-5252.6318,-28084.4414,21.4417,-4701.1670,-28643.1250,29.2038,785.0430,0.0010,0.0015,3.1415,0.7852,3.1415,-4703.9565,-28634.4473,25.0435,1
-4703.1636,-28634.3926,24.9425,-5252.6318,-28084.4414,21.4416,-4707.4526,-28632.9219,26.6297,773.3511,0.0004,0.0010,3.1416,0.7852,3.1415,-4704.0254,-28634.4688,25.0860,1
-4703.1636,-28634.3926,24.9425,-5252.6318,-28084.4414,21.4417,-4702.8062,-28633.7539,24.2410,777.2122,-0.0001,0.0005,3.1415,0.7852,3.1415,-4703.9536,-28634.5137,25.0550,1
-4703.1636,-28634.3926,24.9425,-5252.6318,-28084.4414,21.4416,-4698.1523,-28634.5566,21.7619,781.0728,-0.0007,-0.0000,3.1416,0.7852,3.1415,-4703.7314,-28634.5781,24.9432,1
-4703.1636,-28634.3926,24.9425,-5252.6318,-28084.4414,21.4417,-4700.4785,-28642.2910,29.1895,784.9340,0.0008,0.0015,3.1415,0.7852,3.1415,-4703.5737,-28634.8887,25.0618,1
-4703.1636,-28634.3926,24.9425,-5252.6318,-28084.4414,21.4416,-4706.7788,-28632.0957,26.6161,773.2421,0.0002,0.0010,3.1416,0.7852,3.1415,-4703.6128,-28634.8867,25.1086,1
-4703.1636,-28634.3926,24.9425,-5252.6318,-28084.4414,21.4417,-4702.1309,-28632.9238,24.2274,777.1032,-0.0003,0.0005,3.1415,0.7852,3.1415,-4703.5112,-28634.9023,25.0816,1
-4703.1636,-28634.3926,24.9425,-5252.6318,-28084.4414,21.4416,-4697.4766,-28633.7207,21.7488,780.9637,-0.0009,-0.0000,3.1416,0.7852,3.1415,-4703.2598,-28634.9375,24.9736,1
-4703.1636,-28634.3926,24.9425,-5252.6318,-28084.4414,21.4417,-4699.7915,-28641.4570,29.1751,784.8251,0.0006,0.0015,3.1415,0.7852,3.1415,-4703.0723,-28635.2129,25.0958,1
-4703.1636,-28634.3926,24.9425,-5252.6318,-28084.4414,21.4416,-4706.1055,-28631.2715,26.6024,773.1332,0.0000,0.0010,3.1416,0.7852,3.1415,-4703.0830,-28635.1738,25.1458,1
-4703.1636,-28634.3926,24.9425,-5252.6318,-28084.4414,21.4417,-4701.4575,-28632.0918,24.2139,776.9943,-0.0005,0.0005,3.1415,0.7852,3.1415,-4702.9536,-28635.1504,25.1219,1
-4703.1636,-28634.3926,24.9425,-5252.6318,-28084.4414,21.4416,-4703.7378,-28639.8242,21.7362,780.8549,0.0009,-0.0000,3.1416,0.7852,3.1415,-4702.8960,-28635.3652,25.0166,1
-4703.1636,-28634.3926,24.9425,-5252.6323,-28084.4414,21.4417,-4699.1060,-28640.6211,29.1608,784.7161,0.0003,0.0015,3.1415,0.7852,3.1415,-4702.6958,-28635.6133,25.1413,1
-4703.1636,-28634.3926,24.9425,-5252.6323,-28084.4414,21.4416,-4705.4346,-28630.4453,26.5886,773.0242,-0.0002,0.0010,3.1416,0.7852,3.1415,-4702.6934,-28635.5430,25.1935,1
-4703.1636,-28634.3926,24.9425,-5252.6323,-28084.4414,21.4417,-4700.7852,-28631.2598,24.2004,776.8853,-0.0008,0.0005,3.1415,0.7852,3.1415,-4702.5493,-28635.4844,25.1715,1
-4703.1636,-28634.3926,24.9425,-5252.6323,-28084.4414,21.4416,-4703.0547,-28638.9941,21.7230,780.7459,0.0007,-0.0000,3.1416,0.7852,3.1415,-4702.4780,-28635.6641,25.0678,1
-4703.1636,-28634.3926,24.9425,-5252.6323,-28084.4414,21.4417,-4705.7124,-28632.2305,29.0118,774.1085,0.0001,0.0015,3.1415,0.7852,3.1415,-4702.4961,-28635.6289,25.1913,1
-4703.1636,-28634.3926,24.9425,-5252.6323,-28084.4414,21.4416,-4704.7642,-28629.6172,26.5748,772.9153,-0.0004,0.0010,3.1416,0.7852,3.1415,-4702.4941,-28635.5000,25.2445,1
-4703.1636,-28634.3926,24.9425,-5252.6323,-28084.4414,21.4417,-4700.1138,-28630.4258,24.1869,776.7763,-0.0010,0.0005,3.1415,0.7852,3.1415,-4702.3491,-28635.3848,25.2232,1
-4703.1636,-28634.3926,24.9425,-5252.6323,-28084.4414,21.4416,-4702.3721,-28638.1621,21.7098,780.6369,0.0005,-0.0000,3.1416,0.7852,3.1415,-4702.2744,-28635.5039,25.1201,1
-4703.1636,-28634.3926,24.9425,-5252.6323,-28084.4414,21.4417,-4697.7378,-28638.9473,29.1321,784.4982,-0.0001,0.0015,3.1415,0.7852,3.1415,-4702.0542,-28635.6523,25.2464,1
-4703.1636,-28634.3926,24.9425,-5252.6323,-28084.4414,21.4416,-4704.0947,-28628.7891,26.5611,772.8063,-0.0006,0.0010,3.1416,0.7852,3.1415,-4702.0312,-28635.4805,25.2998,1
-4703.1636,-28634.3926,24.9425,-5252.6323,-28084.4414,21.4417,-4706.3384,-28636.5020,24.1742,776.6674,0.0008,0.0005,3.1415,0.7852,3.1415,-4702.0879,-28635.5410,25.2785,1
-4703.1636,-28634.3926,24.9425,-5252.6323,-28084.4414,21.4416,-4701.6909,-28637.3320,21.6969,780.5280,0.0002,-0.0000,3.1416,0.7852,3.1415,-4702.0063,-28635.6309,25.1752,1
-4703.1636,-28634.3926,24.9425,-5252.6323,-28084.4414,21.4417,-4697.0557,-28638.1113,29.1181,784.3892,-0.0003,0.0015,3.1415,0.7852,3.1415,-4701.7788,-28635.7461,25.3011,1
-4703.1636,-28634.3926,24.9425,-5252.6323,-28084.4414,21.4416,-4703.4268,-28627.9609,26.5476,772.6973,-0.0009,0.0010,3.1416,0.7852,3.1415,-4701.7476,-28635.5391,25.3539,1
-4703.1636,-28634.3926,24.9425,-5252.6328,-28084.4414,21.4417,-4705.6597,-28635.6738,24.1610,776.5583,0.0006,0.0005,3.1415,0.7852,3.1415,-4701.7944,-28635.5625,25.3317,1
-4703.1636,-28634.3926,24.9425,-5252.6328,-28084.4414,21.4416,-4701.0112,-28636.4980,21.6837,780.4189,0.0000,-0.0000,3.1416,0.7852,3.1415,-4701.7026,-28635.6133,25.2274,1
-4703.1636,-28634.3926,24.9425,-5252.6328,-28084.4414,21.4417,-4696.3750,-28637.2715,29.1038,784.2802,-0.0005,0.0015,3.1415,0.7852,3.1415,-4701.4639,-28635.6895,25.3521,1
-4703.1636,-28634.3926,24.9425,-5252.6328,-28084.4414,21.4416,-4698.9956,-28640.5723,26.5951,784.7397,0.0003,0.0009,3.1416,0.7852,3.1415,-4701.2998,-28635.8730,25.4048,1
-4703.1636,-28634.3926,24.9425,-5252.6328,-28084.4414,21.4417,-4704.9814,-28634.8477,24.1475,776.4495,0.0004,0.0004,3.1415,0.7852,3.1415,-4701.3257,-28635.8828,25.3812,1
-4703.1636,-28634.3926,24.9425,-5252.6328,-28084.4414,21.4416,-4700.3325,-28635.6660,21.6705,780.3100,-0.0002,-0.0001,3.1416,0.7852,3.1415,-4701.2134,-28635.9141,25.2753,1
-4703.1636,-28634.3926,24.9425,-5252.6328,-28084.4414,21.4417,-4695.6953,-28636.4336,29.0894,784.1713,-0.0007,0.0014,3.1415,0.7852,3.1415,-4700.9536,-28635.9707,25.3983,1
-4703.1636,-28634.3926,24.9425,-5252.6328,-28084.4414,21.4416,-4708.9478,-28633.1758,26.5206,772.4794,0.0007,0.0009,3.1416,0.7852,3.1415,-4701.1118,-28635.9199,25.4477,1
-4703.1636,-28634.3926,24.9425,-5252.6328,-28084.4414,21.4417,-4704.3047,-28634.0195,24.1341,776.3405,0.0001,0.0004,3.1415,0.7852,3.1415,-4701.1396,-28635.8906,25.4221,1
-4703.1636,-28634.3926,24.9425,-5252.6328,-28084.4414,21.4416,-4699.6548,-28634.8320,21.6572,780.2011,-0.0004,-0.0001,3.1416,0.7852,3.1415,-4701.0273,-28635.8809,25.3139,1
-4703.1636,-28634.3926,24.9425,-5252.6328,-28084.4414,21.4417,-4695.0171,-28635.5918,29.0753,784.0623,-0.0010,0.0014,3.1415,0.7852,3.1415,-4700.7666,-28635.8945,25.4346,1
-4703.1636,-28634.3926,24.9425,-5252.6328,-28084.4414,21.4416,-4708.2729,-28632.3535,26.5069,772.3704,0.0005,0.0009,3.1416,0.7852,3.1415,-4700.9219,-28635.8008,25.4817,1
-4703.1636,-28634.3926,24.9425,-5252.6333,-28084.4414,21.4417,-4703.6294,-28633.1914,24.1206,776.2315,-0.0001,0.0004,3.1415,0.7852,3.1415,-4700.9453,-28635.7266,25.4535,1
-4703.1636,-28634.3926,24.9425,-5252.6333,-28084.4414,21.4416,-4698.9790,-28633.9961,21.6440,780.0920,-0.0006,-0.0001,3.1416,0.7852,3.1415,-4700.8271,-28635.6738,25.3428,1
-4703.1636,-28634.3926,24.9425,-5252.6333,-28084.4414,21.4417,-4702.7808,-28632.2520,26.6589,776.1804,-0.0003,0.0010,3.1415,0.7852,3.1415,-4700.8291,-28635.5586,25.3847,1
-4703.1636,-28634.3926,24.9425,-5252.6333,-28084.4414,21.4416,-4701.3262,-28636.7344,24.2505,780.3661,0.0001,0.0005,3.1416,0.7852,3.1415,-4700.7905,-28635.5820,25.3520,1
-4703.1636,-28634.3926,24.9425,-5252.6333,-28084.4395,21.4417,-4702.9556,-28632.3594,24.1069,776.1225,-0.0003,0.0004,3.1415,0.7852,3.1415,-4700.8071,-28635.4688,25.3120,1
-4703.1636,-28634.3926,24.9425,-5252.6333,-28084.4414,21.4416,-4698.3042,-28633.1602,21.6308,779.9830,-0.0008,-0.0001,3.1416,0.7852,3.1415,-4700.6807,-28635.3730,25.1903,1
-4703.1636,-28634.3926,24.9425,-5252.6333,-28084.4395,21.4417,-4700.6133,-28640.8887,29.0475,783.8444,0.0006,0.0014,3.1415,0.7852,3.1415,-4700.6250,-28635.5215,25.2981,1
-4703.1636,-28634.3926,24.9425,-5252.6333,-28084.4395,21.4416,-4706.9282,-28630.7031,26.4794,772.1525,0.0000,0.0009,3.1416,0.7852,3.1415,-4700.7754,-28635.3555,25.3331,1
-4703.1636,-28634.3926,24.9425,-5252.6333,-28084.4395,21.4417,-4702.2822,-28631.5293,24.0936,776.0135,-0.0005,0.0004,3.1415,0.7852,3.1415,-4700.7900,-28635.2051,25.2937,1
-4703.1636,-28634.3926,24.9425,-5252.6333,-28084.4395,21.4416,-4695.3589,-28637.1484,23.1972,784.8852,-0.0007,0.0003,3.1416,0.7852,3.1415,-4700.5879,-28635.2305,25.2235,1
-4703.1636,-28634.3926,24.9425,-5252.6333,-28084.4395,21.4417,-4699.9282,-28640.0547,29.0332,783.7354,0.0004,0.0014,3.1415,0.7852,3.1415,-4700.5215,-28635.3535,25.3352,1
-4703.1636,-28634.3926,24.9425,-5252.6333,-28084.4395,21.4416,-4704.9233,-28634.5234,23.8940,776.2615,0.0003,0.0004,3.1416,0.7852,3.1415,-4700.6157,-28635.3105,25.2908,1
-4703.1636,-28634.3926,24.9425,-5252.6333,-28084.4395,21.4417,-4701.6104,-28630.6973,24.0801,775.9046,-0.0007,0.0004,3.1415,0.7852,3.1415,-4700.6138,-28635.1426,25.2492,1
-4703.1636,-28634.3926,24.9425,-5252.6338,-28084.4395,21.4416,-4696.5562,-28635.9434,24.6278,783.1896,-0.0007,0.0006,3.1416,0.7852,3.1415,-4700.4541,-28635.1348,25.2231,1
-4703.1636,-28634.3926,24.9425,-5252.6338,-28084.4395,21.4417,-4699.2446,-28639.2188,29.0189,783.6265,0.0002,0.0014,3.1415,0.7852,3.1415,-4700.3726,-28635.2344,25.3360,1
-4703.1636,-28634.3926,24.9425,-5252.6338,-28084.4395,21.4416,-4705.5879,-28629.0527,26.4520,771.9346,-0.0004,0.0009,3.1416,0.7852,3.1415,-4700.4951,-28635.0156,25.3757,1
-4703.1636,-28634.3926,24.9425,-5252.6338,-28084.4395,21.4417,-4700.9404,-28629.8652,24.0666,775.7957,-0.0009,0.0004,3.1415,0.7852,3.1415,-4700.4790,-28634.8125,25.3405,1
-4703.1636,-28634.3926,24.9425,-5252.6338,-28084.4395,21.4416,-4703.1948,-28637.5938,21.5919,779.6562,0.0005,-0.0001,3.1416,0.7852,3.1415,-4700.5376,-28634.8477,25.2232,1
-4703.1636,-28634.3926,24.9425,-5252.6338,-28084.4395,21.4417,-4698.5620,-28638.3828,29.0046,783.5175,-0.0001,0.0014,3.1415,0.7852,3.1415,-4700.4546,-28634.9160,25.3352,1
-4703.1636,-28634.3926,24.9425,-5252.6338,-28084.4395,21.4416,-4704.9194,-28628.2266,26.4382,771.8256,-0.0006,0.0009,3.1416,0.7852,3.1415,-4700.5732,-28634.6660,25.3739,1
-4703.1636,-28634.3926,24.9425,-5252.6338,-28084.4395,21.4417,-4707.1587,-28635.9297,24.0540,775.6866,0.0008,0.0004,3.1415,0.7852,3.1415,-4700.7734,-28634.6523,25.3378,1
-4703.1636,-28634.3926,24.9425,-5252.6338,-28084.4395,21.4416,-4702.5142,-28636.7637,21.5787,779.5472,0.0003,-0.0001,3.1416,0.7852,3.1415,-4700.8379,-28634.6699,25.2195,1
-4703.1636,-28634.3926,24.9425,-5252.6338,-28084.4395,21.4417,-4707.1880,-28635.6504,27.8286,775.4865,0.0008,0.0012,3.1415,0.7852,3.1415,-4701.0566,-28634.6582,25.2943,1
-4703.1636,-28634.3926,24.9425,-5252.6338,-28084.4395,21.4416,-4704.2524,-28627.3984,26.4245,771.7166,-0.0008,0.0009,3.1416,0.7852,3.1415,-4701.1938,-28634.3828,25.3297,1
-4703.1636,-28634.3926,24.9425,-5252.6338,-28084.4395,21.4417,-4706.4800,-28635.1055,24.0405,775.5776,0.0006,0.0004,3.1415,0.7852,3.1415,-4701.4082,-28634.3438,25.2905,1
-4703.1636,-28634.3926,24.9425,-5252.6338,-28084.4395,21.4416,-4701.8350,-28635.9316,21.5656,779.4382,0.0001,-0.0001,3.1416,0.7852,3.1415,-4701.4819,-28634.3340,25.1693,1
-4703.1636,-28634.3926,24.9425,-5252.6343,-28084.4395,21.4417,-4699.8501,-28632.2539,24.2928,778.2524,-0.0008,0.0005,3.1415,0.7852,3.1415,-4701.4907,-28634.2129,25.1279,1
-4703.1636,-28634.3926,24.9425,-5252.6343,-28084.4395,21.4416,-4710.4424,-28633.4277,26.4114,771.6081,0.0010,0.0009,3.1416,0.7852,3.1415,-4701.8364,-28634.1250,25.1536,1
-4703.1636,-28634.3926,24.9425,-5252.6343,-28084.4395,21.4417,-4705.8032,-28634.2793,24.0270,775.4687,0.0004,0.0004,3.1415,0.7852,3.1415,-4702.0483,-28634.0664,25.1054,1
-4703.1636,-28634.3926,24.9425,-5252.6343,-28084.4395,21.4416,-4701.1567,-28635.0996,21.5524,779.3298,-0.0002,-0.0001,3.1416,0.7852,3.1415,-4702.1152,-28634.0371,24.9761,1
-4703.1636,-28634.3926,24.9425,-5252.6343,-28084.4395,21.4417,-4696.5220,-28635.8711,28.9617,783.1906,-0.0007,0.0014,3.1415,0.7852,3.1415,-4702.0298,-28634.0352,25.0770,1
-4703.1636,-28634.3926,24.9425,-5252.6343,-28084.4395,21.4416,-4709.7671,-28632.6055,26.3977,771.4991,0.0007,0.0009,3.1416,0.7852,3.1415,-4702.3555,-28633.9355,25.1059,1
-4703.1636,-28634.3926,24.9425,-5252.6343,-28084.4395,21.4417,-4705.1274,-28633.4512,24.0136,775.3597,0.0002,0.0004,3.1415,0.7852,3.1415,-4702.5444,-28633.8613,25.0609,1
-4703.1636,-28634.3926,24.9425,-5252.6343,-28084.4395,21.4416,-4700.4800,-28634.2676,21.5392,779.2208,-0.0004,-0.0001,3.1416,0.7852,3.1415,-4702.5854,-28633.8145,24.9348,1
-4703.1636,-28634.3926,24.9425,-5252.6343,-28084.4395,21.4417,-4695.8442,-28635.0332,28.9475,783.0816,-0.0009,0.0014,3.1415,0.7852,3.1415,-4702.4712,-28633.7949,25.0389,1
-4703.1636,-28634.3926,24.9425,-5252.6343,-28084.4395,21.4416,-4709.0933,-28631.7852,26.3843,771.3902,0.0005,0.0009,3.1416,0.7852,3.1415,-4702.7656,-28633.6758,25.0710,1
-4703.1636,-28634.3926,24.9425,-5252.6343,-28084.4395,21.4417,-4704.4526,-28632.6250,24.0004,775.2508,-0.0000,0.0004,3.1415,0.7852,3.1415,-4702.9204,-28633.5820,25.0292,1
-4703.1636,-28634.3926,24.9425,-5252.6343,-28084.4395,21.4416,-4699.8047,-28633.4336,21.5264,779.1119,-0.0006,-0.0001,3.1416,0.7852,3.1415,-4702.9253,-28633.5137,24.9063,1
-4703.1636,-28634.3926,24.9425,-5252.6348,-28084.4395,21.4417,-4702.1211,-28641.1543,28.9343,782.9727,0.0009,0.0014,3.1415,0.7852,3.1415,-4702.9946,-28633.6953,25.0134,1
-4703.1636,-28634.3926,24.9425,-5252.6348,-28084.4395,21.4416,-4708.4209,-28630.9609,26.3706,771.2812,0.0003,0.0009,3.1416,0.7852,3.1415,-4703.2632,-28633.5664,25.0485,1
-4703.1636,-28634.3926,24.9425,-5252.6348,-28084.4395,21.4417,-4703.7798,-28631.7949,23.9870,775.1418,-0.0003,0.0004,3.1415,0.7852,3.1415,-4703.3887,-28633.4609,25.0097,1
-4703.1636,-28634.3926,24.9425,-5252.6348,-28084.4395,21.4416,-4699.1309,-28632.5996,21.5132,779.0029,-0.0008,-0.0001,3.1416,0.7852,3.1415,-4703.3623,-28633.3789,24.8895,1
-4703.1636,-28634.3926,24.9425,-5252.6348,-28084.4395,21.4417,-4701.4351,-28640.3223,28.9200,782.8636,0.0006,0.0014,3.1415,0.7852,3.1415,-4703.3975,-28633.5449,24.9995,1
-4703.1636,-28634.3926,24.9425,-5252.6348,-28084.4395,21.4416,-4707.7495,-28630.1387,26.3568,771.1722,0.0001,0.0009,3.1416,0.7852,3.1415,-4703.6289,-28633.4004,25.0372,1
-4703.1636,-28634.3926,24.9425,-5252.6348,-28084.4395,21.4417,-4703.1074,-28630.9668,23.9735,775.0328,-0.0005,0.0004,3.1415,0.7852,3.1415,-4703.7163,-28633.2773,25.0010,1
-4703.1636,-28634.3926,24.9425,-5252.6348,-28084.4395,21.4416,-4705.3794,-28638.6836,21.5007,778.8939,0.0010,-0.0001,3.1416,0.7852,3.1415,-4703.8716,-28633.3984,24.8833,1
-4703.1636,-28634.3926,24.9425,-5252.6348,-28084.4395,21.4417,-4700.7510,-28639.4902,28.9058,782.7547,0.0004,0.0014,3.1415,0.7852,3.1415,-4703.8784,-28633.5566,24.9957,1
-4703.1636,-28634.3926,24.9425,-5252.6348,-28084.4395,21.4416,-4704.6455,-28634.6367,26.9285,776.5527,0.0003,0.0010,3.1416,0.7852,3.1415,-4704.0000,-28633.5742,25.0543,1
-4703.1636,-28634.3926,24.9425,-5252.6348,-28084.4395,21.4417,-4702.4365,-28630.1367,23.9601,774.9238,-0.0007,0.0004,3.1415,0.7852,3.1415,-4704.0483,-28633.4512,25.0213,1
-4703.1636,-28634.3926,24.9425,-5252.6348,-28084.4395,21.4416,-4704.6973,-28637.8555,21.4876,778.7850,0.0008,-0.0001,3.1416,0.7852,3.1415,-4704.1626,-28633.5684,24.9069,1
-4703.1636,-28634.3926,24.9425,-5252.6348,-28084.4395,21.4417,-4703.8481,-28639.1816,21.9152,780.3243,0.0008,-0.0000,3.1415,0.7852,3.1415,-4704.2480,-28633.7383,24.7990,1
-4703.1636,-28634.3926,24.9425,-5252.6348,-28084.4395,21.4416,-4706.4106,-28628.4902,26.3294,770.9543,-0.0004,0.0009,3.1416,0.7852,3.1415,-4704.4121,-28633.5762,24.8274,1
-4703.1636,-28634.3926,24.9425,-5252.6353,-28084.4395,21.4417,-4701.7671,-28629.3047,23.9466,774.8149,-0.0009,0.0004,3.1415,0.7852,3.1415,-4704.4272,-28633.4277,24.7826,1
-4703.1636,-28634.3926,24.9425,-5252.6353,-28084.4395,21.4416,-4704.0166,-28637.0273,21.4744,778.6760,0.0005,-0.0001,3.1416,0.7852,3.1415,-4704.5059,-28633.5215,24.6573,1
-4703.1636,-28634.3926,24.9425,-5252.6353,-28084.4395,21.4417,-4699.3862,-28637.8203,28.8772,782.5367,-0.0000,0.0014,3.1415,0.7852,3.1415,-4704.4326,-28633.6484,24.7628,1
-4703.1636,-28634.3926,24.9425,-5252.6353,-28084.4395,21.4416,-4705.7432,-28627.6641,26.3158,770.8453,-0.0006,0.0009,3.1416,0.7852,3.1415,-4704.5493,-28633.4551,24.7970,1
-4703.1636,-28634.3926,24.9425,-5252.6353,-28084.4395,21.4417,-4707.9785,-28635.3613,23.9340,774.7059,0.0009,0.0004,3.1415,0.7852,3.1415,-4704.7383,-28633.5000,24.7580,1
-4703.1636,-28634.3926,24.9425,-5252.6353,-28084.4395,21.4416,-4703.3369,-28636.1973,21.4613,778.5670,0.0003,-0.0001,3.1416,0.7852,3.1415,-4704.7817,-28633.5762,24.6382,1
-4703.1636,-28634.3926,24.9425,-5252.6353,-28084.4395,21.4417,-4698.7056,-28636.9863,28.8630,782.4279,-0.0002,0.0014,3.1415,0.7852,3.1415,-4704.6719,-28633.6836,24.7491,1
-4703.1636,-28634.3926,24.9425,-5252.6353,-28084.4395,21.4416,-4705.0767,-28626.8379,26.3021,770.7363,-0.0008,0.0009,3.1416,0.7852,3.1415,-4704.7495,-28633.4688,24.7885,1
-4703.1636,-28634.3926,24.9425,-5252.6353,-28084.4395,21.4417,-4698.5229,-28637.2402,21.8211,782.7064,-0.0002,-0.0000,3.1415,0.7852,3.1415,-4704.6167,-28633.5762,24.6877,1
-4703.1636,-28634.3926,24.9425,-5252.6353,-28084.4395,21.4416,-4702.6582,-28635.3672,21.4481,778.4581,0.0001,-0.0001,3.1416,0.7852,3.1415,-4704.6001,-28633.6328,24.5685,1
-4703.1636,-28634.3926,24.9425,-5252.6353,-28084.4395,21.4417,-4698.0259,-28636.1484,28.8487,782.3188,-0.0005,0.0014,3.1415,0.7852,3.1415,-4704.4307,-28633.7168,24.6801,1
-4703.1636,-28634.3926,24.9425,-5252.6353,-28084.4395,21.4416,-4711.2607,-28632.8555,26.2890,770.6274,0.0010,0.0009,3.1416,0.7852,3.1415,-4704.6719,-28633.7012,24.7204,1
-4703.1636,-28634.3926,24.9425,-5252.6357,-28084.4395,21.4417,-4706.6250,-28633.7109,23.9071,774.4880,0.0004,0.0004,3.1415,0.7852,3.1415,-4704.7759,-28633.7109,24.6873,1
-4703.1636,-28634.3926,24.9425,-5252.6357,-28084.4395,21.4416,-4701.9814,-28634.5371,21.4350,778.3491,-0.0001,-0.0001,3.1416,0.7852,3.1415,-4704.7334,-28633.7461,24.5735,1
-4703.1636,-28634.3926,24.9425,-5252.6357,-28084.4375,21.4417,-4697.3486,-28635.3105,28.8345,782.2098,-0.0007,0.0014,3.1415,0.7852,3.1415,-4704.5356,-28633.8086,24.6903,1
-4703.1636,-28634.3926,24.9425,-5252.6357,-28084.4395,21.4416,-4710.5869,-28632.0371,26.2753,770.5184,0.0008,0.0009,3.1416,0.7852,3.1415,-4704.7476,-28633.7676,24.7356,1
-4703.1636,-28634.3926,24.9425,-5252.6357,-28084.4375,21.4417,-4705.9497,-28632.8848,23.8937,774.3790,0.0002,0.0004,3.1415,0.7852,3.1415,-4704.8203,-28633.7480,24.7072,1
-4703.1636,-28634.3926,24.9425,-5252.6357,-28084.4375,21.4416,-4701.3057,-28633.7031,21.4219,778.2401,-0.0003,-0.0001,3.1416,0.7852,3.1415,-4704.7456,-28633.7559,24.5979,1
-4703.1636,-28634.3926,24.9425,-5252.6357,-28084.4375,21.4417,-4696.6714,-28634.4727,28.8202,782.1010,-0.0009,0.0014,3.1415,0.7852,3.1415,-4704.5142,-28633.7871,24.7189,1
-4703.1636,-28634.3926,24.9425,-5252.6357,-28084.4375,21.4416,-4709.9136,-28631.2148,26.2616,770.4094,0.0006,0.0009,3.1416,0.7852,3.1415,-4704.6914,-28633.7129,24.7681,1
-4703.1636,-28634.3926,24.9425,-5252.6357,-28084.4375,21.4417,-4705.2759,-28632.0566,23.8802,774.2701,0.0000,0.0004,3.1415,0.7852,3.1415,-4704.7290,-28633.6621,24.7434,1
-4703.1636,-28634.3926,24.9425,-5252.6357,-28084.4375,21.4416,-4700.6309,-28632.8691,21.4087,778.1312,-0.0006,-0.0001,3.1416,0.7852,3.1415,-4704.6177,-28633.6328,24.6374,1
-4703.1636,-28634.3926,24.9425,-5252.6357,-28084.4375,21.4417,-4700.9414,-28639.1641,29.3559,782.3963,0.0004,0.0015,3.1415,0.7852,3.1415,-4704.5078,-28633.8047,24.7790,1
-4703.1636,-28634.3926,24.9425,-5252.6357,-28084.4375,21.4416,-4709.2417,-28630.3926,26.2479,770.3005,0.0003,0.0009,3.1416,0.7852,3.1415,-4704.6577,-28633.7051,24.8321,1
-4703.1636,-28634.3926,24.9425,-5252.6357,-28084.4375,21.4417,-4704.6030,-28631.2305,23.8668,774.1611,-0.0002,0.0004,3.1415,0.7852,3.1415,-4704.6675,-28633.6250,24.8110,1
-4703.1636,-28634.3926,24.9425,-5252.6362,-28084.4375,21.4416,-4699.9575,-28632.0371,21.3956,778.0222,-0.0008,-0.0001,3.1416,0.7852,3.1415,-4704.5269,-28633.5664,24.7082,1
-4703.1636,-28634.3926,24.9425,-5252.6362,-28084.4375,21.4417,-4702.2563,-28639.7539,28.7926,781.8829,0.0007,0.0014,3.1415,0.7852,3.1415,-4704.4507,-28633.7539,24.8351,1
-4703.1636,-28634.3926,24.9425,-5252.6362,-28084.4375,21.4416,-4708.5713,-28629.5703,26.2343,770.1915,0.0001,0.0009,3.1416,0.7852,3.1415,-4704.5737,-28633.6250,24.8895,1
-4703.1636,-28634.3926,24.9425,-5252.6362,-28084.4375,21.4417,-4703.9321,-28630.4023,23.8534,774.0521,-0.0004,0.0004,3.1415,0.7852,3.1415,-4704.5552,-28633.5137,24.8694,1
-4703.1636,-28634.3926,24.9425,-5252.6362,-28084.4375,21.4416,-4705.8486,-28626.4180,29.1886,769.9162,-0.0007,0.0015,3.1416,0.7852,3.1415,-4704.5977,-28633.2676,25.0197,1
-4703.1636,-28634.3926,24.9425,-5252.6362,-28084.4375,21.4417,-4701.5728,-28638.9219,28.7783,781.7740,0.0005,0.0014,3.1415,0.7852,3.1415,-4704.5054,-28633.4102,25.1635,1
-4703.1636,-28634.3926,24.9425,-5252.6362,-28084.4375,21.4416,-4707.9023,-28628.7480,26.2206,770.0825,-0.0001,0.0009,3.1416,0.7852,3.1415,-4704.6104,-28633.2383,25.2330,1
-4703.1636,-28634.3926,24.9425,-5252.6362,-28084.4375,21.4417,-4703.2617,-28629.5723,23.8400,773.9431,-0.0007,0.0004,3.1415,0.7852,3.1415,-4704.5728,-28633.0840,25.2264,1
-4703.1636,-28634.3926,24.9425,-5252.6362,-28084.4375,21.4416,-4705.5186,-28637.2852,21.3700,777.8042,0.0008,-0.0001,3.1416,0.7852,3.1415,-4704.6045,-28633.1738,25.1363,1
-4703.1636,-28634.3926,24.9425,-5252.6362,-28084.4375,21.4417,-4700.8906,-28638.0898,28.7644,781.6650,0.0002,0.0014,3.1415,0.7852,3.1415,-4704.4897,-28633.2969,25.2741,1
-4703.1636,-28634.3926,24.9425,-5252.6362,-28084.4375,21.4416,-4707.2339,-28627.9238,26.2072,769.9735,-0.0003,0.0009,3.1416,0.7852,3.1415,-4704.5718,-28633.1055,25.3374,1
-4703.1636,-28634.3926,24.9425,-5252.6362,-28084.4375,21.4417,-4702.5928,-28628.7422,23.8269,773.8342,-0.0009,0.0004,3.1415,0.7852,3.1415,-4704.5093,-28632.9297,25.3243,1
-4703.1636,-28634.3926,24.9425,-5252.6362,-28084.4375,21.4416,-4704.8379,-28636.4590,21.3572,777.6952,0.0006,-0.0001,3.1416,0.7852,3.1415,-4704.5151,-28632.9941,25.2277,1
-4703.1636,-28634.3926,24.9425,-5252.6367,-28084.4375,21.4417,-4700.2100,-28637.2559,28.7502,781.5561,0.0000,0.0014,3.1415,0.7852,3.1415,-4704.3740,-28633.0938,25.3589,1
-4703.1636,-28634.3926,24.9425,-5252.6367,-28084.4375,21.4416,-4706.5674,-28627.0996,26.1936,769.8646,-0.0005,0.0009,3.1416,0.7852,3.1415,-4704.4282,-28632.8750,25.4154,1
-4703.1636,-28634.3926,24.9425,-5252.6367,-28084.4375,21.4417,-4708.7983,-28634.7891,23.8143,773.7252,0.0009,0.0004,3.1415,0.7852,3.1415,-4704.5591,-28632.8945,25.3955,1
-4703.1636,-28634.3926,24.9425,-5252.6367,-28084.4375,21.4416,-4704.1597,-28635.6289,21.3441,777.5862,0.0004,-0.0001,3.1416,0.7852,3.1415,-4704.5503,-28632.9453,25.2920,1
-4703.1636,-28634.3926,24.9425,-5252.6367,-28084.4375,21.4417,-4699.5298,-28636.4219,28.7359,781.4471,-0.0002,0.0014,3.1415,0.7852,3.1415,-4704.3921,-28633.0273,25.4162,1
-4703.1636,-28634.3926,24.9425,-5252.6367,-28084.4375,21.4416,-4694.8550,-28637.2207,26.2656,785.3082,-0.0008,0.0009,3.1416,0.7852,3.1415,-4704.0752,-28633.1445,25.4680,1
-4703.1636,-28634.3926,24.9425,-5252.6367,-28084.4375,21.4417,-4708.1216,-28633.9668,23.8009,773.6162,0.0007,0.0004,3.1415,0.7852,3.1415,-4704.1636,-28633.1680,25.4413,1
-4703.1636,-28634.3926,24.9425,-5252.6367,-28084.4375,21.4416,-4703.4819,-28634.8008,21.3310,777.4774,0.0001,-0.0001,3.1416,0.7852,3.1415,-4704.1118,-28633.2188,25.3311,1
-4703.1636,-28634.3926,24.9425,-5252.6367,-28084.4375,21.4417,-4697.9932,-28639.1777,26.9783,784.4683,-0.0000,0.0010,3.1415,0.7852,3.1415,-4703.8853,-28633.4121,25.3926,1
-4703.1636,-28634.3926,24.9425,-5252.6367,-28084.4375,21.4416,-4709.1045,-28629.9219,25.8562,770.0620,0.0002,0.0008,3.1416,0.7852,3.1415,-4704.0039,-28633.3203,25.4218,1
-4703.1636,-28634.3926,24.9425,-5252.6367,-28084.4375,21.4417,-4707.4458,-28633.1426,23.7875,773.5073,0.0005,0.0004,3.1415,0.7852,3.1415,-4704.0815,-28633.3262,25.3845,1
-4703.1636,-28634.3926,24.9425,-5252.6367,-28084.4375,21.4416,-4702.8052,-28633.9707,21.3179,777.3683,-0.0001,-0.0001,3.1416,0.7852,3.1415,-4704.0171,-28633.3555,25.2640,1
-4703.1636,-28634.3926,24.9425,-5252.6372,-28084.4375,21.4417,-4698.1743,-28634.7500,28.7075,781.2292,-0.0006,0.0014,3.1415,0.7852,3.1415,-4703.8032,-28633.4141,25.3719,1
-4703.1636,-28634.3926,24.9425,-5252.6372,-28084.4375,21.4416,-4700.4678,-28642.5215,26.2383,785.0902,0.0008,0.0009,3.1416,0.7852,3.1415,-4703.6523,-28633.7207,25.4078,1
-4703.1636,-28634.3926,24.9425,-5252.6372,-28084.4375,21.4417,-4700.6323,-28634.9316,27.7213,779.6069,-0.0003,0.0012,3.1415,0.7852,3.1415,-4703.5000,-28633.8027,25.4930,1
-4703.1636,-28634.3926,24.9425,-5252.6372,-28084.4375,21.4416,-4702.1304,-28633.1406,21.3048,777.2593,-0.0003,-0.0001,3.1416,0.7852,3.1415,-4703.3921,-28633.8301,25.3764,1
-4703.1636,-28634.3926,24.9425,-5252.6372,-28084.4375,21.4417,-4697.4980,-28633.9141,28.6933,781.1202,-0.0009,0.0014,3.1415,0.7852,3.1415,-4703.1348,-28633.8789,25.4876,1
-4703.1636,-28634.3926,24.9425,-5252.6372,-28084.4375,21.4416,-4700.5166,-28638.5039,28.7813,782.2231,0.0002,0.0014,3.1416,0.7852,3.1415,-4702.9648,-28634.0723,25.6082,1
-4703.1636,-28634.3926,24.9425,-5252.6372,-28084.4375,21.4417,-4706.0986,-28631.4922,23.7607,773.2892,0.0000,0.0004,3.1415,0.7852,3.1415,-4702.9717,-28634.0488,25.5739,1
-4703.1636,-28634.3926,24.9425,-5252.6372,-28084.4375,21.4416,-4701.4565,-28632.3086,21.2917,777.1504,-0.0005,-0.0001,3.1416,0.7852,3.1415,-4702.8389,-28634.0449,25.4557,1
-4703.1636,-28634.3926,24.9425,-5252.6372,-28084.4375,21.4417,-4703.7612,-28640.0176,28.6799,781.0112,0.0009,0.0014,3.1415,0.7852,3.1415,-4702.7798,-28634.2832,25.5651,1
-4703.1636,-28634.3926,24.9425,-5252.6372,-28084.4375,21.4416,-4699.0938,-28640.8516,26.2105,784.8723,0.0004,0.0009,3.1416,0.7852,3.1415,-4702.5771,-28634.5566,25.6018,1
-4703.1636,-28634.3926,24.9425,-5252.6372,-28084.4375,21.4417,-4705.4268,-28630.6660,23.7474,773.1803,-0.0002,0.0004,3.1415,0.7852,3.1415,-4702.5728,-28634.5156,25.5599,1
-4703.1636,-28634.3926,24.9425,-5252.6372,-28084.4375,21.4416,-4700.7837,-28631.4746,21.2786,777.0414,-0.0007,-0.0001,3.1416,0.7852,3.1415,-4702.4282,-28634.4902,25.4344,1
-4703.1636,-28634.3926,24.9425,-5252.6372,-28084.4375,21.4417,-4703.0771,-28639.1875,28.6657,780.9023,0.0007,0.0014,3.1415,0.7852,3.1415,-4702.3560,-28634.7031,25.5367,1
-4703.1636,-28634.3926,24.9425,-5252.6372,-28084.4375,21.4416,-4698.4087,-28640.0156,26.1966,784.7634,0.0002,0.0009,3.1416,0.7852,3.1415,-4702.1401,-28634.9492,25.5666,1
-4703.1636,-28634.3926,24.9425,-5252.6377,-28084.4375,21.4417,-4704.7563,-28629.8379,23.7339,773.0714,-0.0004,0.0004,3.1415,0.7852,3.1415,-4702.1226,-28634.8770,25.5182,1
-4703.1636,-28634.3926,24.9425,-5252.6377,-28084.4375,21.4416,-4700.1123,-28630.6426,21.2655,776.9325,-0.0010,-0.0001,3.1416,0.7852,3.1415,-4701.9644,-28634.8184,25.3864,1
-4703.1636,-28634.3926,24.9425,-5252.6377,-28084.4375,21.4417,-4702.3950,-28638.3555,28.6515,780.7933,0.0005,0.0014,3.1415,0.7852,3.1415,-4701.8784,-28634.9941,25.4828,1
-4703.1636,-28634.3926,24.9425,-5252.6377,-28084.4375,21.4416,-4697.7256,-28639.1777,26.1827,784.6544,-0.0001,0.0009,3.1416,0.7852,3.1415,-4701.6484,-28635.2012,25.5071,1
-4703.1636,-28634.3926,24.9425,-5252.6377,-28084.4375,21.4417,-4704.0869,-28629.0098,23.7205,772.9624,-0.0006,0.0004,3.1415,0.7852,3.1415,-4701.6167,-28635.0879,25.4534,1
-4703.1636,-28634.3926,24.9425,-5252.6377,-28084.4375,21.4416,-4706.3389,-28636.7168,21.2531,776.8235,0.0008,-0.0001,3.1416,0.7852,3.1415,-4701.6665,-28635.2090,25.3168,1
-4703.1636,-28634.3926,24.9425,-5252.6377,-28084.4375,21.4417,-4706.0718,-28628.2031,24.5353,770.9882,-0.0004,0.0005,3.1415,0.7852,3.1415,-4701.7217,-28635.0527,25.2769,1
-4703.1636,-28634.3926,24.9425,-5252.6377,-28084.4375,21.4416,-4703.0674,-28628.6465,26.1112,773.4391,-0.0008,0.0009,3.1416,0.7852,3.1415,-4701.6919,-28634.8965,25.2869,1
-4703.1636,-28634.3926,24.9425,-5252.6377,-28084.4375,21.4417,-4703.4189,-28628.1816,23.7071,772.8534,-0.0008,0.0004,3.1415,0.7852,3.1415,-4701.6792,-28634.7070,25.2215,1
-4703.1636,-28634.3926,24.9425,-5252.6377,-28084.4375,21.4416,-4705.6597,-28635.8906,21.2400,776.7145,0.0006,-0.0001,3.1416,0.7852,3.1415,-4701.7441,-28634.7539,25.0742,1
-4703.1636,-28634.3926,24.9425,-5252.6377,-28084.4375,21.4417,-4705.1333,-28637.2461,25.7654,778.0569,0.0007,0.0008,3.1415,0.7852,3.1415,-4701.8022,-28634.8457,25.0649,1
-4703.1636,-28634.3926,24.9425,-5252.6377,-28084.4375,21.4416,-4696.3618,-28637.5020,26.1549,784.4364,-0.0005,0.0009,3.1416,0.7852,3.1415,-4701.5889,-28634.9512,25.0703,1
-4703.1636,-28634.3926,24.9425,-5252.6382,-28084.4375,21.4417,-4709.6182,-28634.2188,23.6947,772.7444,0.0009,0.0004,3.1415,0.7852,3.1415,-4701.7920,-28634.9551,25.0000,1
-4703.1636,-28634.3926,24.9425,-5252.6382,-28084.4375,21.4416,-4704.9819,-28635.0625,21.2269,776.6055,0.0004,-0.0001,3.1416,0.7852,3.1415,-4701.8638,-28634.9844,24.8485,1
-4703.1636,-28634.3926,24.9425,-5252.6382,-28084.4355,21.4417,-4700.3540,-28635.8574,28.6089,780.4663,-0.0002,0.0014,3.1415,0.7852,3.1415,-4701.7939,-28635.0391,24.9272,1
-4703.1636,-28634.3926,24.9425,-5252.6382,-28084.4375,21.4416,-4695.6821,-28636.6621,26.1411,784.3275,-0.0007,0.0009,3.1416,0.7852,3.1415,-4701.5737,-28635.1191,24.9360,1
-4703.1636,-28634.3926,24.9425,-5252.6382,-28084.4355,21.4417,-4708.9419,-28633.3945,23.6812,772.6355,0.0007,0.0004,3.1415,0.7852,3.1415,-4701.7676,-28635.0957,24.8693,1
-4703.1636,-28634.3926,24.9425,-5252.6382,-28084.4355,21.4416,-4704.3047,-28634.2324,21.2138,776.4966,0.0002,-0.0001,3.1416,0.7852,3.1415,-4701.8276,-28635.0957,24.7217,1
-4703.1636,-28634.3926,24.9425,-5252.6382,-28084.4355,21.4417,-4699.6763,-28635.0234,28.5947,780.3575,-0.0004,0.0014,3.1415,0.7852,3.1415,-4701.7456,-28635.1191,24.8046,1
-4703.1636,-28634.3926,24.9425,-5252.6382,-28084.4355,21.4416,-4695.0034,-28635.8203,26.1272,784.2185,-0.0009,0.0009,3.1416,0.7852,3.1415,-4701.5103,-28635.1660,24.8176,1
-4703.1636,-28634.3926,24.9425,-5252.6382,-28084.4355,21.4417,-4708.2671,-28632.5723,23.6682,772.5265,0.0005,0.0004,3.1415,0.7852,3.1415,-4701.6885,-28635.1094,24.7555,1
-4703.1636,-28634.3926,24.9425,-5252.6382,-28084.4355,21.4416,-4703.6289,-28633.4043,21.2011,776.3876,-0.0000,-0.0001,3.1416,0.7852,3.1415,-4701.7314,-28635.0723,24.6127,1
