0.0000,0.0000,0.0000,0.0000,0.0000,0.0000,0.0000,0.0000,0.0000,0.0000,0.0000,0.0000,0.0000,0.0000,0.0000,0.0000,0.0000,0.0000,0
0.0000,0.0000,0.0000,0.0000,0.0000,0.0000,0.0000,0.0000,0.0000,0.0000,0.0000,0.0000,0.0000,0.0000,0.0000,0.0000,0.0000,0.0000,0
0.0000,0.0000,0.0000,0.0000,0.0000,0.0000,0.0000,0.0000,0.0000,0.0000,0.0000,0.0000,0.0000,0.0000,0.0000,0.0000,0.0000,0.0000,0
0.0000,0.0000,0.0000,0.0000,0.0000,0.0000,0.0000,0.0000,0.0000,0.0000,0.0000,0.0000,0.0000,0.0000,0.0000,0.0000,0.0000,0.0000,0
0.0000,0.0000,0.0000,0.0000,0.0000,0.0000,0.0000,0.0000,0.0000,0.0000,0.0000,0.0000,0.0000,0.0000,0.0000,0.0000,0.0000,0.0000,0
0.0000,0.0000,0.0000,-5252.6138,-28084.4629,21.8767,0.0000,0.0000,0.0000,0.0000,0.0000,0.0000,3.1416,0.7854,3.1416,0.0000,0.0000,0.0000,0
-4703.1636,-28634.3926,24.9425,-5252.6138,-28084.4629,21.8749,0.0000,0.0000,0.0000,0.0000,0.0000,0.0000,3.1416,0.7854,3.1416,0.0000,0.0000,0.0000,0
-4703.1636,-28634.3926,24.9425,-5252.6138,-28084.4629,21.8702,0.0000,0.0000,0.0000,0.0000,0.0000,0.0000,3.1416,0.7854,3.1416,0.0000,0.0000,0.0000,0
-4703.1636,-28634.3926,24.9425,-5252.6138,-28084.4629,21.8628,0.0000,0.0000,0.0000,0.0000,0.0000,0.0000,3.1416,0.7854,3.1416,0.0000,0.0000,0.0000,0
-4703.1636,-28634.3926,24.9425,-5252.6138,-28084.4629,21.8527,0.0000,0.0000,0.0000,0.0000,0.0000,0.0000,3.1416,0.7854,3.1416,0.0000,0.0000,0.0000,0
-4703.1636,-28634.3926,24.9425,-5252.6138,-28084.4629,21.8398,0.0000,0.0000,0.0000,777.0004,-0.0001,0.0012,3.1416,0.7854,3.1416,0.0000,0.0000,0.0000,0
-4703.1636,-28634.3926,24.9425,-5252.6138,-28084.4629,21.8241,-4707.2837,-28630.9922,21.1399,772.0630,0.0002,-0.0002,3.1416,0.7854,3.1416,-4707.2837,-28630.9922,21.1399,1
-4703.1636,-28634.3926,24.9425,-5252.6138,-28084.4629,21.8057,-4700.5005,-28642.0996,23.0916,784.7217,0.0008,0.0002,3.1416,0.7854,3.1416,-4707.0674,-28631.3477,21.2021,1
-4703.1636,-28634.3926,24.9425,-5252.6138,-28084.4629,21.7846,-4706.8164,-28631.8926,20.6269,773.0308,0.0002,-0.0003,3.1416,0.7854,3.1416,-4707.0386,-28631.3984,21.1895,1
-4703.1636,-28634.3926,24.9425,-5252.6138,-28084.4629,21.7607,-4702.1909,-28632.6992,27.9817,776.8914,-0.0003,0.0012,3.1416,0.7854,3.1416,-4706.8608,-28631.4766,21.4123,1
-4703.1636,-28634.3926,24.9425,-5252.6138,-28084.4629,21.7340,-4708.4712,-28629.7832,22.5300,770.3676,0.0002,0.0001,3.1416,0.7854,3.1416,-4706.8765,-28631.4609,21.4739,1
-4703.1636,-28634.3926,24.9425,-5252.6138,-28084.4629,21.7047,-4699.8140,-28641.2656,23.0460,784.6128,0.0006,0.0002,3.1416,0.7854,3.1416,-4706.6201,-28631.8086,21.5527,1
-4703.1636,-28634.3926,24.9425,-5252.6138,-28084.4629,21.6726,-4706.1440,-28631.0664,20.5697,772.9218,0.0000,-0.0003,3.1416,0.7854,-3.1416,-4706.5513,-28631.8477,21.5545,1
-4703.1636,-28634.3926,24.9425,-5252.6138,-28084.4629,21.6378,-4701.5176,-28631.8672,27.9567,776.7827,-0.0005,0.0012,3.1416,0.7854,-3.1416,-4706.3350,-28631.9102,21.7909,1
-4703.1636,-28634.3926,24.9425,-5252.6138,-28084.4629,21.6003,-4703.7876,-28639.6055,25.4925,780.6436,0.0009,0.0007,3.1416,0.7854,-3.1416,-4706.1836,-28632.2188,21.9596,1
-4703.1636,-28634.3926,24.9425,-5252.6138,-28084.4629,21.5601,-4699.1284,-28640.4297,23.0011,784.5040,0.0004,0.0002,3.1416,0.7854,-3.1416,-4705.8809,-28632.5664,22.0543,1
-4703.1636,-28634.3926,24.9425,-5252.6138,-28084.4629,21.5172,-4705.4722,-28630.2402,20.5129,772.8130,-0.0002,-0.0003,3.1416,0.7854,-3.1416,-4705.7686,-28632.6016,22.0689,1
-4703.1636,-28634.3926,24.9425,-5252.6138,-28084.4629,21.4715,-4700.8462,-28631.0332,27.9320,776.6741,-0.0008,0.0012,3.1416,0.7854,-3.1416,-4705.5098,-28632.6543,22.3171,1
-4703.1636,-28634.3926,24.9425,-5252.6089,-28084.4590,21.4342,-4703.0845,-28638.7559,25.5066,780.5350,0.0007,0.0007,3.1388,0.7854,3.1377,-4705.3169,-28632.9473,22.4968,1
-4703.1636,-28634.3926,24.9425,-5252.6064,-28084.4590,21.4316,-4698.4473,-28639.6016,22.3432,784.3954,0.0001,0.0002,3.1401,0.7854,3.1383,-4704.9756,-28633.2754,22.5792,1
-4703.1636,-28634.3926,24.9425,-5252.6099,-28084.4609,21.4390,-4704.8896,-28629.5059,20.8325,772.7045,-0.0004,-0.0003,3.1409,0.7852,3.1411,-4704.8301,-28633.2891,22.6091,1
-4703.1636,-28634.3926,24.9425,-5252.6123,-28084.4609,21.4454,-4707.0044,-28637.0234,28.2618,776.5648,0.0010,0.0012,3.1414,0.7852,-3.1409,-4704.7568,-28633.5332,22.8717,1
-4703.1636,-28634.3926,24.9425,-5252.6133,-28084.4629,21.4487,-4701.0078,-28637.0957,27.1581,780.8329,0.0001,0.0010,-3.1412,0.7852,-3.1401,-4704.5015,-28633.7832,23.1070,1
-4703.1636,-28634.3926,24.9425,-5252.6138,-28084.4629,21.4491,-4697.7222,-28638.7168,23.2634,784.2861,-0.0001,0.0002,-3.1407,0.7851,-3.1396,-4704.1382,-28634.0859,23.2230,1
-4703.1636,-28634.3926,24.9425,-5252.6133,-28084.4648,21.4473,-4704.1079,-28628.5625,20.5966,772.5952,-0.0007,-0.0003,-3.1405,0.7851,-3.1397,-4703.9702,-28634.0684,23.2492,1
-4703.1636,-28634.3926,24.9425,-5252.6113,-28084.4629,21.4440,-4706.3833,-28636.2637,27.7360,776.4551,0.0008,0.0012,-3.1411,0.7851,-3.1409,-4703.8809,-28634.2832,23.4962,1
-4703.1636,-28634.3926,24.9425,-5252.6099,-28084.4609,21.4419,-4705.1616,-28626.3750,28.1101,770.3303,-0.0009,0.0012,3.1408,0.7851,3.1408,-4703.7637,-28634.1758,23.7621,1
-4703.1636,-28634.3926,24.9425,-5252.6104,-28084.4629,21.4418,-4697.0625,-28637.9043,22.9492,784.1765,-0.0004,0.0002,3.1414,0.7851,3.1414,-4703.3960,-28634.4180,23.8665,1
-4703.1636,-28634.3926,24.9425,-5252.6108,-28084.4629,21.4412,-4703.4473,-28627.7402,20.2929,772.4855,-0.0009,-0.0003,-3.1412,0.7851,-3.1412,-4703.2231,-28634.3359,23.8783,1
-4703.1636,-28634.3926,24.9425,-5252.6104,-28084.4629,21.4416,-4705.6963,-28635.4258,27.9200,776.3446,0.0005,0.0013,-3.1413,0.7851,-3.1414,-4703.1289,-28634.4863,24.1242,1
-4703.1636,-28634.3926,24.9425,-5252.6104,-28084.4629,21.4421,-4701.0361,-28636.2539,25.7215,780.2056,-0.0000,0.0008,3.1413,0.7851,3.1413,-4702.8965,-28634.6582,24.3034,1
-4703.1636,-28634.3926,24.9425,-5252.6104,-28084.4629,21.4416,-4696.3623,-28637.0449,23.2017,784.0659,-0.0006,0.0003,3.1414,0.7851,3.1414,-4702.5166,-28634.8574,24.4009,1
-4703.1636,-28634.3926,24.9425,-5252.6104,-28084.4629,21.4417,-4709.6221,-28633.7578,20.7234,772.3750,0.0009,-0.0002,3.1415,0.7851,3.1415,-4702.5557,-28634.9512,24.4106,1
-4703.1636,-28634.3926,24.9425,-5252.6104,-28084.4629,21.4415,-4705.0015,-28634.5820,27.9324,776.2358,0.0003,0.0012,3.1416,0.7851,3.1415,-4702.4663,-28635.0625,24.6408,1
-4703.1636,-28634.3926,24.9425,-5252.6104,-28084.4629,21.4412,-4700.3418,-28635.4062,25.4890,780.0967,-0.0002,0.0007,-3.1415,0.7851,-3.1415,-4702.2383,-28635.1973,24.7954,1
-4703.1636,-28634.3926,24.9425,-5252.6104,-28084.4629,21.4411,-4695.6792,-28636.2012,23.0563,783.9572,-0.0008,0.0002,3.1415,0.7851,3.1414,-4701.8628,-28635.3535,24.8696,1
-4703.1636,-28634.3926,24.9425,-5252.6104,-28084.4629,21.4404,-4708.9360,-28632.9258,20.5410,772.2662,0.0007,-0.0003,-3.1414,0.7851,-3.1415,-4701.9062,-28635.4023,24.8533,1
-4703.1636,-28634.3926,24.9425,-5252.6104,-28084.4629,21.4407,-4704.3086,-28633.7363,27.9759,776.1266,0.0001,0.0012,3.1415,0.7852,3.1414,-4701.8208,-28635.4668,25.0637,1
-4703.1636,-28634.3926,24.9425,-5252.6108,-28084.4629,21.4397,-4699.6362,-28634.5430,25.4863,779.9875,-0.0005,0.0007,-3.1413,0.7852,-3.1413,-4701.5957,-28635.5508,25.1965,1
-4703.1636,-28634.3926,24.9425,-5252.6104,-28084.4629,21.4409,-4701.9380,-28642.2949,23.0342,783.8480,0.0010,0.0002,-3.1414,0.7852,-3.1414,-4701.4453,-28635.8770,25.2478,1
-4703.1636,-28634.3926,24.9425,-5252.6104,-28084.4609,21.4412,-4708.2407,-28632.0801,20.7391,772.1570,0.0004,-0.0003,3.1415,0.7852,3.1415,-4701.5054,-28635.8828,25.2149,1
-4703.1636,-28634.3926,24.9425,-5252.6104,-28084.4609,21.4415,-4703.6191,-28632.8926,27.8123,776.0181,-0.0001,0.0012,3.1415,0.7852,3.1415,-4701.4355,-28635.9062,25.3972,1
-4703.1636,-28634.3926,24.9425,-5252.6104,-28084.4609,21.4416,-4698.9600,-28633.7070,25.3758,779.8790,-0.0007,0.0007,3.1415,0.7852,3.1415,-4701.2256,-28635.9434,25.5030,1
-4703.1636,-28634.3926,24.9425,-5252.6104,-28084.4609,21.4418,-4701.2505,-28641.4609,22.9828,783.7394,0.0008,0.0002,3.1415,0.7852,3.1415,-4701.0884,-28636.2207,25.5286,1
-4703.1636,-28634.3926,24.9425,-5252.6104,-28084.4609,21.4413,-4707.5635,-28631.2520,20.5555,772.0485,0.0002,-0.0003,3.1415,0.7852,3.1415,-4701.1602,-28636.1777,25.4655,1
-4703.1636,-28634.3926,24.9425,-5252.6104,-28084.4629,21.4407,-4702.9351,-28632.0547,27.7508,775.9088,-0.0003,0.0012,-3.1413,0.7852,-3.1413,-4701.1006,-28636.1465,25.6211,1
-4703.1636,-28634.3926,24.9425,-5252.6099,-28084.4609,21.4412,-4698.2754,-28632.8613,25.3599,779.7697,-0.0009,0.0007,3.1416,0.7852,3.1414,-4700.8989,-28636.1309,25.7016,1
-4703.1636,-28634.3926,24.9425,-5252.6104,-28084.4629,21.4407,-4700.5469,-28640.6113,22.9424,783.6302,0.0006,0.0002,-3.1414,0.7852,-3.1414,-4700.7686,-28636.3516,25.7013,1
-4703.1636,-28634.3926,24.9425,-5252.6099,-28084.4609,21.4416,-4706.8740,-28630.4102,20.5580,771.9392,0.0000,-0.0003,3.1414,0.7852,3.1414,-4700.8462,-28636.2520,25.6137,1
-4703.1636,-28634.3926,24.9425,-5252.6099,-28084.4609,21.4416,-4702.2451,-28631.2051,27.8361,775.7996,-0.0006,0.0012,3.1415,0.7852,3.1414,-4700.7905,-28636.1621,25.7479,1
-4703.1636,-28634.3926,24.9425,-5252.6099,-28084.4609,21.4417,-4709.0127,-28633.1777,25.7254,772.4005,0.0007,0.0008,-3.1415,0.7852,-3.1415,-4700.9609,-28636.1211,25.8164,1
-4703.1636,-28634.3926,24.9425,-5252.6099,-28084.4609,21.4417,-4699.8584,-28639.7715,22.9395,783.5209,0.0003,0.0002,3.1415,0.7852,3.1415,-4700.8560,-28636.2852,25.7937,1
-4703.1636,-28634.3926,24.9425,-5252.6099,-28084.4609,21.4418,-4706.2095,-28629.5898,20.4837,771.8300,-0.0002,-0.0003,-3.1415,0.7852,-3.1416,-4700.9565,-28636.1270,25.6816,1
-4703.1636,-28634.3926,24.9425,-5252.6099,-28084.4609,21.4418,-4701.5845,-28630.3828,27.8551,775.6902,-0.0008,0.0012,-3.1416,0.7852,3.1416,-4700.9209,-28635.9805,25.7947,1
-4703.1636,-28634.3926,24.9425,-5252.6099,-28084.4609,21.4419,-4703.8384,-28638.1191,25.4816,779.5511,0.0007,0.0007,3.1415,0.7852,3.1415,-4700.9604,-28636.0684,25.8344,1
-4703.1636,-28634.3926,24.9425,-5252.6104,-28084.4629,21.4418,-4700.8252,-28633.6035,28.8345,778.5051,-0.0004,0.0014,-3.1414,0.7852,-3.1414,-4700.9116,-28636.0156,25.9793,1
-4703.1636,-28634.3926,24.9425,-5252.6099,-28084.4609,21.4421,-4705.5396,-28628.7637,20.5940,771.7206,-0.0004,-0.0003,3.1415,0.7852,3.1415,-4701.0166,-28635.7988,25.8626,1
-4703.1636,-28634.3926,24.9425,-5252.6104,-28084.4609,21.4418,-4700.9199,-28629.5566,27.8023,775.5812,-0.0010,0.0012,-3.1415,0.7852,-3.1415,-4700.9834,-28635.5918,25.9658,1
-4703.1636,-28634.3926,24.9425,-5252.6099,-28084.4609,21.4420,-4703.1587,-28637.2910,25.3622,779.4421,0.0005,0.0007,3.1416,0.7852,3.1415,-4701.0225,-28635.6230,25.9930,1
-4703.1636,-28634.3926,24.9425,-5252.6104,-28084.4609,21.4422,-4698.4956,-28638.1016,22.9901,783.3026,-0.0001,0.0002,-3.1416,0.7852,-3.1415,-4700.9185,-28635.6836,25.9418,1
-4703.1636,-28634.3926,24.9425,-5252.6099,-28084.4609,21.4415,-4704.8755,-28627.9395,20.3937,771.6116,-0.0007,-0.0003,-3.1415,0.7852,3.1415,-4701.0151,-28635.4219,25.7971,1
-4703.1636,-28634.3926,24.9425,-5252.6099,-28084.4609,21.4415,-4707.1436,-28635.6289,27.9205,775.4716,0.0008,0.0012,3.1415,0.7852,3.1415,-4701.1943,-28635.3926,25.8832,1
-4703.1636,-28634.3926,24.9425,-5252.6099,-28084.4609,21.4416,-4702.4888,-28636.4688,25.5281,779.3325,0.0002,0.0007,3.1416,0.7852,3.1416,-4701.2358,-28635.3926,25.8961,1
-4703.1636,-28634.3926,24.9425,-5252.6099,-28084.4629,21.4417,-4697.8291,-28637.2812,23.0262,783.1929,-0.0003,0.0002,-3.1415,0.7852,-3.1415,-4701.1318,-28635.4219,25.8275,1
-4703.1636,-28634.3926,24.9425,-5252.6099,-28084.4609,21.4417,-4704.2168,-28627.1191,20.6144,771.5020,-0.0009,-0.0003,-3.1416,0.7852,3.1416,-4701.2256,-28635.1289,25.6726,1
-4703.1636,-28634.3926,24.9425,-5252.6099,-28084.4609,21.4418,-4706.4634,-28634.8027,27.8384,775.3627,0.0006,0.0012,3.1415,0.7852,3.1415,-4701.3979,-28635.0664,25.7402,1
-4703.1636,-28634.3926,24.9425,-5252.6099,-28084.4609,21.4416,-4701.8096,-28635.6387,25.3798,779.2236,0.0000,0.0007,3.1416,0.7852,3.1415,-4701.4312,-28635.0332,25.7331,1
-4703.1636,-28634.3926,24.9425,-5252.6099,-28084.4609,21.4418,-4697.1499,-28636.4434,22.9649,783.0840,-0.0005,0.0002,3.1415,0.7852,3.1415,-4701.3154,-28635.0293,25.6480,1
-4703.1636,-28634.3926,24.9425,-5252.6099,-28084.4609,21.4416,-4694.6890,-28636.1934,23.6820,784.6578,-0.0009,0.0004,3.1416,0.7852,3.1415,-4701.1123,-28635.0195,25.5802,1
-4703.1636,-28634.3926,24.9425,-5252.6099,-28084.4609,21.4417,-4705.7876,-28633.9785,27.8292,775.2533,0.0004,0.0012,3.1415,0.7852,3.1415,-4701.2505,-28634.9453,25.6414,1
-4703.1636,-28634.3926,24.9425,-5252.6094,-28084.4609,21.4416,-4701.1328,-28634.8066,25.3742,779.1143,-0.0002,0.0007,3.1416,0.7852,3.1415,-4701.2485,-28634.8965,25.6286,1
-4703.1636,-28634.3926,24.9425,-5252.6094,-28084.4609,21.4417,-4696.4722,-28635.6055,22.9608,782.9747,-0.0008,0.0002,3.1415,0.7852,3.1415,-4701.0977,-28634.8730,25.5384,1
-4703.1636,-28634.3926,24.9425,-5252.6094,-28084.4609,21.4416,-4709.7305,-28632.3281,20.4870,771.2838,0.0007,-0.0003,3.1416,0.7852,3.1415,-4701.3643,-28634.7480,25.3614,1
-4703.1636,-28634.3926,24.9425,-5252.6094,-28084.4609,21.4417,-4705.1128,-28633.1504,27.8156,775.1441,0.0001,0.0012,3.1415,0.7852,3.1415,-4701.4995,-28634.6465,25.4115,1
-4703.1636,-28634.3926,24.9425,-5252.6094,-28084.4609,21.4416,-4706.1133,-28633.2266,23.4312,774.4706,0.0003,0.0003,3.1416,0.7852,3.1415,-4701.6738,-28634.5449,25.3262,1
-4703.1636,-28634.3926,24.9425,-5252.6094,-28084.4609,21.4417,-4704.5215,-28627.7559,24.1917,771.7350,-0.0007,0.0005,3.1415,0.7852,3.1415,-4701.8062,-28634.2656,25.2620,1
-4703.1636,-28634.3926,24.9425,-5252.6094,-28084.4609,21.4416,-4709.0576,-28631.5078,20.4748,771.1745,0.0005,-0.0003,3.1416,0.7852,3.1415,-4702.0898,-28634.0957,25.0760,1
-4703.1636,-28634.3926,24.9425,-5252.6094,-28084.4609,21.4417,-4704.4390,-28632.3242,27.8015,775.0350,-0.0001,0.0012,3.1415,0.7852,3.1415,-4702.2373,-28633.9492,25.1180,1
-4703.1636,-28634.3926,24.9425,-5252.6094,-28084.4609,21.4416,-4706.6465,-28631.1543,27.2020,772.6420,0.0001,0.0011,3.1416,0.7852,3.1415,-4702.4580,-28633.7637,25.1483,1
-4703.1636,-28634.3926,24.9425,-5252.6094,-28084.4609,21.4417,-4702.0688,-28640.8887,22.9356,782.7564,0.0008,0.0002,3.1415,0.7852,3.1415,-4702.5376,-28633.8887,25.0471,1
-4703.1636,-28634.3926,24.9425,-5252.6094,-28084.4609,21.4416,-4708.3857,-28630.6855,20.4622,771.0654,0.0003,-0.0003,3.1416,0.7852,3.1415,-4702.8179,-28633.7051,24.8612,1
-4703.1636,-28634.3926,24.9425,-5252.6094,-28084.4609,21.4417,-4706.5225,-28634.7109,28.3169,775.2587,0.0006,0.0013,3.1415,0.7852,3.1415,-4703.0459,-28633.6465,24.9211,1
-4703.1636,-28634.3926,24.9425,-5252.6094,-28084.4609,21.4416,-4699.1089,-28632.3066,25.3339,778.7869,-0.0009,0.0007,3.1416,0.7852,3.1415,-4703.0396,-28633.5176,24.8938,1
-4703.1636,-28634.3926,24.9425,-5252.6094,-28084.4609,21.4417,-4701.3843,-28640.0566,22.9224,782.6473,0.0006,0.0002,3.1415,0.7852,3.1415,-4703.0938,-28633.6348,24.7916,1
-4703.1636,-28634.3926,24.9425,-5252.6094,-28084.4609,21.4416,-4707.7153,-28629.8613,20.4494,770.9564,0.0000,-0.0003,3.1416,0.7852,3.1415,-4703.3452,-28633.4434,24.6057,1
-4703.1636,-28634.3926,24.9425,-5252.6094,-28084.4609,21.4417,-4707.7173,-28633.4883,29.7190,773.5626,0.0006,0.0016,3.1415,0.7852,3.1415,-4703.6025,-28633.3613,24.7124,1
-4703.1636,-28634.3926,24.9425,-5252.6094,-28084.4609,21.4416,-4705.3545,-28638.3926,25.3208,778.6779,0.0009,0.0007,3.1416,0.7852,3.1415,-4703.7881,-28633.4414,24.6895,1
-4703.1636,-28634.3926,24.9425,-5252.6094,-28084.4609,21.4417,-4700.6997,-28639.2227,22.9088,782.5383,0.0004,0.0002,3.1415,0.7852,3.1415,-4703.8237,-28633.5605,24.5922,1
-4703.1636,-28634.3926,24.9425,-5252.6094,-28084.4609,21.4416,-4707.0454,-28629.0371,20.4366,770.8474,-0.0002,-0.0003,3.1416,0.7852,3.1415,-4704.0522,-28633.3672,24.4116,1
-4703.1636,-28634.3926,24.9425,-5252.6094,-28084.4609,21.4417,-4702.4233,-28629.8359,27.7600,774.7079,-0.0007,0.0012,3.1415,0.7852,3.1415,-4704.1338,-28633.1914,24.4610,1
-4703.1636,-28634.3926,24.9425,-5252.6094,-28084.4609,21.4416,-4704.6724,-28637.5645,25.3072,778.5688,0.0007,0.0007,3.1416,0.7852,3.1415,-4704.2793,-28633.2598,24.4401,1
-4703.1636,-28634.3926,24.9425,-5252.6094,-28084.4609,21.4417,-4700.0171,-28638.3887,22.8955,782.4293,0.0002,0.0002,3.1415,0.7852,3.1415,-4704.2729,-28633.3652,24.3455,1
-4703.1636,-28634.3926,24.9425,-5252.6094,-28084.4609,21.4416,-4706.3770,-28628.2129,20.4237,770.7383,-0.0004,-0.0003,3.1416,0.7852,3.1415,-4704.4570,-28633.1562,24.1684,1
-4703.1636,-28634.3926,24.9425,-5252.6094,-28084.4609,21.4417,-4701.7539,-28629.0059,27.7458,774.5990,-0.0010,0.0012,3.1415,0.7852,3.1415,-4704.4922,-28632.9629,24.2219,1
-4703.1636,-28634.3926,24.9425,-5252.6094,-28084.4609,21.4416,-4703.9917,-28636.7363,25.2935,778.4599,0.0005,0.0007,3.1416,0.7852,3.1415,-4704.5898,-28633.0137,24.2056,1
-4703.1636,-28634.3926,24.9425,-5252.6099,-28084.4609,21.4417,-4699.3364,-28637.5547,22.8821,782.3203,-0.0001,0.0002,3.1415,0.7852,3.1415,-4704.5332,-28633.0996,24.1162,1
-4703.1636,-28634.3926,24.9425,-5252.6099,-28084.4609,21.4416,-4705.7104,-28627.3867,20.4108,770.6294,-0.0006,-0.0003,3.1416,0.7852,3.1415,-4704.6665,-28632.8691,23.9449,1
-4703.1636,-28634.3926,24.9425,-5252.6099,-28084.4609,21.4417,-4707.9624,-28635.0605,27.7329,774.4900,0.0008,0.0012,3.1415,0.7852,3.1415,-4704.8711,-28632.8770,24.0046,1
-4703.1636,-28634.3926,24.9425,-5252.6099,-28084.4609,21.4416,-4703.1929,-28633.2402,21.0621,776.5422,-0.0001,-0.0002,3.1416,0.7852,3.1415,-4704.9258,-28632.8320,23.8593,1
-4703.1636,-28634.3926,24.9425,-5252.6099,-28084.4609,21.4417,-4698.6562,-28636.7188,22.8687,782.2113,-0.0003,0.0002,3.1415,0.7852,3.1415,-4704.8281,-28632.9023,23.7681,1
-4703.1636,-28634.3926,24.9425,-5252.6099,-28084.4609,21.4416,-4705.0444,-28626.5605,20.3979,770.5204,-0.0008,-0.0003,3.1416,0.7852,3.1415,-4704.9180,-28632.6543,23.5964,1
-4703.1636,-28634.3926,24.9425,-5252.6099,-28084.4609,21.4417,-4707.2852,-28634.2363,27.7189,774.3810,0.0006,0.0012,3.1415,0.7852,3.1415,-4705.0781,-28632.6426,23.6567,1
-4703.1636,-28634.3926,24.9425,-5252.6099,-28084.4609,21.4416,-4702.6348,-28635.0762,25.2662,778.2419,0.0001,0.0007,3.1416,0.7852,3.1415,-4705.0898,-28632.6641,23.6487,1
-4703.1636,-28634.3926,24.9425,-5252.6099,-28084.4609,21.4417,-4697.9775,-28635.8828,22.8552,782.1024,-0.0005,0.0002,3.1415,0.7852,3.1415,-4704.9453,-28632.7188,23.5688,1
-4703.1636,-28634.3926,24.9425,-5252.6099,-28084.4609,21.4416,-4711.2251,-28632.5801,20.3857,770.4114,0.0009,-0.0003,3.1416,0.7852,3.1415,-4705.2095,-28632.6738,23.4088,1
-4703.1636,-28634.3926,24.9425,-5252.6099,-28084.4609,21.4417,-4702.6729,-28638.4785,27.1246,780.6365,0.0006,0.0011,3.1415,0.7852,3.1415,-4705.2080,-28632.8203,23.4612,1
-4703.1636,-28634.3926,24.9425,-5252.6099,-28084.4609,21.4416,-4701.9580,-28634.2441,25.2525,778.1330,-0.0002,0.0007,3.1416,0.7852,3.1415,-4705.1758,-28632.8457,23.4639,1
-4703.1636,-28634.3926,24.9425,-5252.6099,-28084.4609,21.4417,-4697.2998,-28635.0449,22.8418,781.9934,-0.0007,0.0002,3.1415,0.7852,3.1415,-4704.9854,-28632.8984,23.3949,1
-4703.1636,-28634.3926,24.9425,-5252.6099,-28084.4609,21.4416,-4710.5513,-28631.7598,20.3729,770.3024,0.0007,-0.0003,3.1416,0.7852,3.1415,-4705.2031,-28632.8516,23.2460,1
-4703.1636,-28634.3926,24.9425,-5252.6099,-28084.4609,21.4417,-4705.9346,-28632.5859,27.6910,774.1631,0.0002,0.0012,3.1415,0.7852,3.1415,-4705.2808,-28632.8301,23.3293,1
-4703.1636,-28634.3926,24.9425,-5252.6099,-28084.4609,21.4416,-4701.2822,-28633.4121,25.2388,778.0240,-0.0004,0.0007,3.1416,0.7852,3.1415,-4705.2085,-28632.8340,23.3446,1
-4703.1636,-28634.3926,24.9425,-5252.6099,-28084.4590,21.4417,-4696.6235,-28634.2051,22.8284,781.8844,-0.0009,0.0002,3.1415,0.7852,3.1415,-4704.9780,-28632.8652,23.2880,1
-4703.1636,-28634.3926,24.9425,-5252.6099,-28084.4590,21.4416,-4709.8784,-28630.9375,20.3602,770.1935,0.0005,-0.0003,3.1416,0.7852,3.1415,-4705.1543,-28632.7949,23.1515,1
-4703.1636,-28634.3926,24.9425,-5252.6104,-28084.4590,21.4417,-4705.2617,-28631.7578,27.6770,774.0541,-0.0000,0.0012,3.1415,0.7852,3.1415,-4705.1899,-28632.7480,23.2471,1
-4703.1636,-28634.3926,24.9425,-5252.6104,-28084.4590,21.4416,-4700.6084,-28632.5781,25.2254,777.9151,-0.0006,0.0007,3.1416,0.7852,3.1415,-4705.0752,-28632.7246,23.2745,1
-4703.1636,-28634.3926,24.9425,-5252.6104,-28084.4590,21.4417,-4696.6611,-28637.4941,20.8815,784.1737,-0.0005,-0.0002,3.1415,0.7852,3.1415,-4704.8257,-28632.8594,23.1682,1
-4703.1636,-28634.3926,24.9425,-5252.6104,-28084.4590,21.4416,-4697.9902,-28632.7109,21.2111,779.8619,-0.0010,-0.0001,3.1416,0.7852,3.1415,-4704.5986,-28632.8516,23.0682,1
-4703.1636,-28634.3926,24.9425,-5252.6104,-28084.4590,21.4417,-4704.5894,-28630.9316,27.6630,773.9452,-0.0003,0.0012,3.1415,0.7852,3.1415,-4704.5693,-28632.7852,23.1734,1
-4703.1636,-28634.3926,24.9425,-5252.6104,-28084.4590,21.4416,-4699.9355,-28631.7441,25.2117,777.8061,-0.0008,0.0007,3.1416,0.7852,3.1415,-4704.3916,-28632.7422,23.2102,1
-4703.1636,-28634.3926,24.9425,-5252.6104,-28084.4590,21.4417,-4702.2061,-28639.4883,22.8024,781.6665,0.0006,0.0002,3.1415,0.7852,3.1415,-4704.2783,-28632.9453,23.1749,1
-4703.1636,-28634.3926,24.9425,-5252.6104,-28084.4590,21.4416,-4699.1870,-28631.5098,22.6371,778.1658,-0.0010,0.0001,3.1416,0.7852,3.1415,-4704.0649,-28632.9082,23.1341,1
-4703.1636,-28634.3926,24.9425,-5252.6104,-28084.4590,21.4417,-4703.9185,-28630.1035,27.6491,773.8362,-0.0005,0.0012,3.1415,0.7852,3.1415,-4703.9951,-28632.8203,23.2549,1
-4703.1636,-28634.3926,24.9425,-5252.6104,-28084.4590,21.4416,-4700.2876,-28633.2188,28.4648,778.6140,-0.0005,0.0013,3.1416,0.7852,3.1415,-4703.8101,-28632.8281,23.4113,1
-4703.1636,-28634.3926,24.9425,-5252.6104,-28084.4590,21.4417,-4701.5225,-28638.6562,22.7890,781.5580,0.0004,0.0002,3.1415,0.7852,3.1415,-4703.6602,-28633.0117,23.3968,1
-4703.1636,-28634.3926,24.9425,-5252.6104,-28084.4590,21.4416,-4707.8687,-28628.4707,20.3217,769.8666,-0.0001,-0.0003,3.1416,0.7852,3.1415,-4703.7129,-28632.8789,23.3003,1
-4703.1636,-28634.3926,24.9425,-5252.6104,-28084.4590,21.4417,-4703.2480,-28629.2734,27.6351,773.7277,-0.0007,0.0012,3.1415,0.7852,3.1415,-4703.6274,-28632.7617,23.4341,1
-4703.1636,-28634.3926,24.9425,-5252.6104,-28084.4590,21.4416,-4705.4932,-28636.9941,25.1850,777.5882,0.0007,0.0007,3.1416,0.7852,3.1415,-4703.6157,-28632.8867,23.4977,1
-4703.1636,-28634.3926,24.9425,-5252.6104,-28084.4590,21.4417,-4700.8408,-28637.8242,22.7756,781.4490,0.0002,0.0002,3.1415,0.7852,3.1415,-4703.4614,-28633.0469,23.4874,1
-4703.1636,-28634.3926,24.9425,-5252.6104,-28084.4590,21.4416,-4696.1816,-28638.6211,20.2762,785.3095,-0.0004,-0.0003,3.1416,0.7852,3.1415,-4703.1558,-28633.2402,23.3956,1
-4703.1636,-28634.3926,24.9425,-5252.6108,-28084.4590,21.4417,-4702.5801,-28628.4434,27.6215,773.6187,-0.0009,0.0012,3.1415,0.7852,3.1415,-4703.0410,-28633.1211,23.5327,1
-4703.1636,-28634.3926,24.9425,-5252.6108,-28084.4590,21.4416,-4704.8135,-28636.1680,25.1717,777.4792,0.0005,0.0007,3.1416,0.7852,3.1415,-4703.0005,-28633.2383,23.5992,1
-4703.1636,-28634.3926,24.9425,-5252.6108,-28084.4590,21.4417,-4700.1606,-28636.9902,22.7626,781.3400,-0.0000,0.0002,3.1415,0.7852,3.1415,-4702.8179,-28633.3867,23.5912,1
-4703.1636,-28634.3926,24.9425,-5252.6108,-28084.4590,21.4416,-4695.5005,-28637.7812,20.2631,785.2006,-0.0006,-0.0003,3.1416,0.7852,3.1415,-4702.4844,-28633.5664,23.5014,1
-4703.1636,-28634.3926,24.9425,-5252.6108,-28084.4590,21.4417,-4708.7817,-28634.4902,27.6084,773.5098,0.0009,0.0012,3.1415,0.7852,3.1415,-4702.5654,-28633.6504,23.6400,1
-4703.1636,-28634.3926,24.9425,-5252.6108,-28084.4590,21.4416,-4704.1353,-28635.3379,25.1581,777.3703,0.0003,0.0007,3.1416,0.7852,3.1415,-4702.5137,-28633.7598,23.7075,1
-4703.1636,-28634.3926,24.9425,-5252.6108,-28084.4590,21.4417,-4699.4810,-28636.1562,22.7492,781.2312,-0.0002,0.0002,3.1415,0.7852,3.1415,-4702.3193,-28633.8984,23.7002,1
-4703.1636,-28634.3926,24.9425,-5252.6108,-28084.4590,21.4416,-4694.8203,-28636.9414,20.2500,785.0916,-0.0008,-0.0003,3.1416,0.7852,3.1415,-4701.9741,-28634.0645,23.6106,1
-4703.1636,-28634.3926,24.9425,-5252.6108,-28084.4590,21.4417,-4708.1055,-28633.6680,27.5944,773.4008,0.0006,0.0012,3.1415,0.7852,3.1415,-4702.0435,-28634.1289,23.7490,1
-4703.1636,-28634.3926,24.9425,-5252.6108,-28084.4590,21.4416,-4703.4580,-28634.5098,25.1444,777.2612,0.0001,0.0007,3.1416,0.7852,3.1415,-4701.9795,-28634.2168,23.8159,1
-4703.1636,-28634.3926,24.9425,-5252.6108,-28084.4590,21.4417,-4698.8032,-28635.3203,22.7358,781.1222,-0.0005,0.0002,3.1415,0.7852,3.1415,-4701.7729,-28634.3301,23.8076,1
-4703.1636,-28634.3926,24.9425,-5252.6108,-28084.4590,21.4416,-4701.1177,-28643.0742,20.2376,784.9826,0.0010,-0.0003,3.1416,0.7852,3.1415,-4701.6377,-28634.6875,23.7168,1
-4703.1636,-28634.3926,24.9425,-5252.6108,-28084.4590,21.4417,-4707.4302,-28632.8438,27.5805,773.2919,0.0004,0.0012,3.1415,0.7852,3.1415,-4701.7095,-28634.7363,23.8535,1
-4703.1636,-28634.3926,24.9425,-5252.6108,-28084.4590,21.4416,-4702.7817,-28633.6797,25.1308,777.1523,-0.0001,0.0007,3.1416,0.7852,3.1415,-4701.6465,-28634.8027,23.9185,1
-4703.1636,-28634.3926,24.9425,-5252.6108,-28084.4590,21.4417,-4698.1260,-28634.4844,22.7224,781.0132,-0.0007,0.0002,3.1415,0.7852,3.1415,-4701.4399,-28634.8906,23.9079,1
-4703.1636,-28634.3926,24.9425,-5252.6108,-28084.4590,21.4416,-4700.4297,-28642.2402,20.2245,784.8737,0.0008,-0.0003,3.1416,0.7852,3.1415,-4701.3032,-28635.2207,23.8146,1
-4703.1636,-28634.3926,24.9425,-5252.6113,-28084.4590,21.4417,-4703.5586,-28637.4004,21.7932,779.2327,0.0005,-0.0000,3.1415,0.7852,3.1415,-4701.2686,-28635.4082,23.7622,1
-4703.1636,-28634.3926,24.9425,-5252.6113,-28084.4590,21.4416,-4697.3486,-28633.2188,26.0965,780.6860,-0.0010,0.0009,3.1416,0.7852,3.1415,-4701.0435,-28635.4629,23.8432,1
-4703.1636,-28634.3926,24.9425,-5252.6113,-28084.4590,21.4417,-4706.2056,-28627.8535,22.4999,770.6091,-0.0005,0.0001,3.1415,0.7852,3.1415,-4701.0991,-28635.3340,23.8130,1
-4703.1636,-28634.3926,24.9425,-5252.6113,-28084.4590,21.4416,-4699.7432,-28641.4062,20.2114,784.7647,0.0005,-0.0003,3.1416,0.7852,3.1415,-4700.9609,-28635.6211,23.7075,1
-4703.1636,-28634.3926,24.9425,-5252.6113,-28084.4590,21.4417,-4706.0835,-28631.1934,27.5526,773.0739,-0.0000,0.0012,3.1415,0.7852,3.1415,-4701.0278,-28635.5898,23.8298,1
-4703.1636,-28634.3926,24.9425,-5252.6113,-28084.4590,21.4416,-4701.4336,-28632.0176,25.1035,776.9344,-0.0006,0.0007,3.1416,0.7852,3.1415,-4700.9585,-28635.5723,23.8809,1
-4703.1636,-28634.3926,24.9425,-5252.6113,-28084.4590,21.4417,-4703.7114,-28639.7520,22.6965,780.7952,0.0009,0.0002,3.1415,0.7852,3.1415,-4700.9653,-28635.7910,23.8570,1
-4703.1636,-28634.3926,24.9425,-5252.6113,-28084.4590,21.4416,-4697.7031,-28632.8301,24.2587,780.1531,-0.0010,0.0005,3.1416,0.7852,3.1415,-4700.7886,-28635.7949,23.8801,1
-4703.1636,-28634.3926,24.9425,-5252.6113,-28084.4590,21.4417,-4705.4121,-28630.3672,27.5387,772.9650,-0.0002,0.0011,3.1415,0.7852,3.1415,-4700.8560,-28635.7090,24.0100,1
-4703.1636,-28634.3926,24.9425,-5252.6113,-28084.4590,21.4416,-4700.7612,-28631.1855,25.0899,776.8254,-0.0008,0.0006,3.1416,0.7852,3.1415,-4700.7856,-28635.6348,24.0676,1
-4703.1636,-28634.3926,24.9425,-5252.6113,-28084.4590,21.4417,-4703.0273,-28638.9219,22.6831,780.6864,0.0007,0.0001,3.1415,0.7852,3.1415,-4700.7900,-28635.7988,24.0495,1
-4703.1636,-28634.3926,24.9425,-5252.6113,-28084.4590,21.4416,-4698.3730,-28639.7344,20.1853,784.5468,0.0001,-0.0004,3.1416,0.7852,3.1415,-4700.6528,-28635.9922,23.9482,1
-4703.1636,-28634.3926,24.9425,-5252.6113,-28084.4590,21.4417,-4707.1226,-28633.7559,26.0453,774.1460,0.0005,0.0008,3.1415,0.7852,3.1415,-4700.7939,-28635.9980,24.0258,1
-4703.1636,-28634.3926,24.9425,-5252.6113,-28084.4590,21.4416,-4700.0903,-28630.3516,25.0763,776.7164,-0.0010,0.0006,3.1416,0.7852,3.1415,-4700.7241,-28635.8887,24.0760,1
-4703.1636,-28634.3926,24.9425,-5252.6118,-28084.4590,21.4417,-4702.3452,-28638.0898,22.6698,780.5774,0.0005,0.0001,3.1415,0.7852,3.1415,-4700.7271,-28636.0137,24.0505,1
-4703.1636,-28634.3926,24.9425,-5252.6118,-28084.4590,21.4416,-4697.6904,-28638.8965,20.1722,784.4378,-0.0001,-0.0004,3.1416,0.7852,3.1415,-4700.5864,-28636.1680,23.9421,1
-4703.1636,-28634.3926,24.9425,-5252.6118,-28084.4590,21.4417,-4704.0732,-28628.7129,27.5109,772.7470,-0.0007,0.0011,3.1415,0.7852,3.1415,-4700.6460,-28635.9961,24.0607,1
-4703.1636,-28634.3926,24.9425,-5252.6118,-28084.4590,21.4416,-4706.3140,-28636.4258,25.0633,776.6075,0.0008,0.0006,3.1416,0.7852,3.1415,-4700.7861,-28636.0566,24.1073,1
-4703.1636,-28634.3926,24.9425,-5252.6118,-28084.4590,21.4417,-4701.6641,-28637.2578,22.6564,780.4684,0.0002,0.0001,3.1415,0.7852,3.1415,-4700.7900,-28636.1426,24.0782,1
-4703.1636,-28634.3926,24.9425,-5252.6118,-28084.4590,21.4416,-4697.0083,-28638.0586,20.1592,784.3289,-0.0003,-0.0004,3.1416,0.7852,3.1415,-4700.6479,-28636.2539,23.9661,1
-4703.1636,-28634.3926,24.9425,-5252.6118,-28084.4570,21.4417,-4703.4053,-28627.8828,27.4970,772.6381,-0.0009,0.0011,3.1415,0.7852,3.1415,-4700.7041,-28636.0410,24.0811,1
-4703.1636,-28634.3926,24.9425,-5252.6118,-28084.4570,21.4416,-4705.6348,-28635.5977,25.0497,776.4985,0.0006,0.0006,3.1416,0.7852,3.1415,-4700.8384,-28636.0566,24.1240,1
-4703.1636,-28634.3926,24.9425,-5252.6118,-28084.4570,21.4417,-4700.9844,-28636.4238,22.6430,780.3594,0.0000,0.0001,3.1415,0.7852,3.1415,-4700.8345,-28636.0977,24.0913,1
-4703.1636,-28634.3926,24.9425,-5252.6118,-28084.4570,21.4416,-4696.3276,-28637.2188,20.1461,784.2199,-0.0005,-0.0004,3.1416,0.7852,3.1415,-4700.6821,-28636.1621,23.9757,1
-4703.1636,-28634.3926,24.9425,-5252.6118,-28084.4570,21.4417,-4709.6006,-28633.9199,27.4839,772.5291,0.0009,0.0011,3.1415,0.7852,3.1415,-4700.9482,-28636.1230,24.0871,1
-4703.1636,-28634.3926,24.9425,-5252.6118,-28084.4570,21.4416,-4701.3506,-28640.1699,23.7158,782.7578,0.0006,0.0004,3.1416,0.7852,3.1415,-4700.9668,-28636.2793,24.0842,1
-4703.1636,-28634.3926,24.9425,-5252.6118,-28084.4570,21.4417,-4700.3057,-28635.5898,22.6297,780.2504,-0.0002,0.0001,3.1415,0.7852,3.1415,-4700.9526,-28636.2949,24.0453,1
-4703.1636,-28634.3926,24.9425,-5252.6118,-28084.4570,21.4416,-4695.6479,-28636.3789,20.1331,784.1109,-0.0008,-0.0004,3.1416,0.7852,3.1415,-4700.7886,-28636.3340,23.9237,1
-4703.1636,-28634.3926,24.9425,-5252.6123,-28084.4570,21.4417,-4708.9253,-28633.0977,27.4700,772.4202,0.0007,0.0011,3.1415,0.7852,3.1415,-4701.0400,-28636.2656,24.0296,1
-4703.1636,-28634.3926,24.9425,-5252.6123,-28084.4570,21.4416,-4704.2808,-28633.9434,25.0225,776.2806,0.0001,0.0006,3.1416,0.7852,3.1415,-4701.1587,-28636.2168,24.0638,1
-4703.1636,-28634.3926,24.9425,-5252.6123,-28084.4570,21.4417,-4703.5312,-28630.3848,22.6929,774.2916,-0.0005,0.0002,3.1415,0.7852,3.1415,-4701.2593,-28636.0488,24.0249,1
-4703.1636,-28634.3926,24.9425,-5252.6123,-28084.4570,21.4416,-4694.9702,-28635.5391,20.1200,784.0020,-0.0010,-0.0004,3.1416,0.7852,3.1415,-4701.0898,-28636.0332,23.9014,1
-4703.1636,-28634.3926,24.9425,-5252.6123,-28084.4570,21.4417,-4708.2510,-28632.2754,27.4561,772.3112,0.0005,0.0011,3.1415,0.7852,3.1415,-4701.3335,-28635.9102,24.0054,1
-4703.1636,-28634.3926,24.9425,-5252.6123,-28084.4570,21.4416,-4703.6055,-28633.1133,25.0089,776.1716,-0.0001,0.0006,3.1416,0.7852,3.1415,-4701.4409,-28635.8066,24.0379,1
-4703.1636,-28634.3926,24.9425,-5252.6123,-28084.4570,21.4417,-4698.9526,-28633.9219,22.6033,780.0326,-0.0006,0.0001,3.1415,0.7852,3.1415,-4701.4028,-28635.7246,23.9952,1
-4703.1636,-28634.3926,24.9425,-5252.6123,-28084.4570,21.4416,-4701.2520,-28641.6699,20.1079,783.8930,0.0008,-0.0004,3.1416,0.7852,3.1415,-4701.4312,-28635.8887,23.8700,1
-4703.1636,-28634.3926,24.9425,-5252.6123,-28084.4570,21.4417,-4700.9927,-28639.3203,22.2913,782.4044,0.0004,0.0001,3.1415,0.7852,3.1415,-4701.4502,-28635.9883,23.8064,1
-4703.1636,-28634.3926,24.9425,-5252.6123,-28084.4570,21.4416,-4707.3599,-28629.1055,29.5139,770.7134,-0.0001,0.0016,3.1416,0.7852,3.1415,-4701.6729,-28635.7676,23.9735,1
-4703.1636,-28634.3926,24.9425,-5252.6123,-28084.4570,21.4417,-4702.7109,-28629.9355,27.1477,774.5739,-0.0007,0.0011,3.1415,0.7852,3.1415,-4701.7563,-28635.5586,24.0759,1
-4703.1636,-28634.3926,24.9425,-5252.6123,-28084.4570,21.4416,-4704.9629,-28637.6602,24.6924,778.4348,0.0008,0.0006,3.1416,0.7852,3.1415,-4701.9121,-28635.5898,24.1056,1
-4703.1636,-28634.3926,24.9425,-5252.6123,-28084.4570,21.4417,-4700.3101,-28638.4863,22.2779,782.2954,0.0002,0.0001,3.1415,0.7852,3.1415,-4701.9238,-28635.6504,24.0589,1
-4703.1636,-28634.3926,24.9425,-5252.6123,-28084.4570,21.4416,-4706.6914,-28628.2812,29.4998,770.6044,-0.0003,0.0016,3.1416,0.7852,3.1415,-4702.1357,-28635.3887,24.2415,1
-4703.1636,-28634.3926,24.9425,-5252.6128,-28084.4570,21.4417,-4702.0420,-28629.1035,27.1338,774.4648,-0.0009,0.0011,3.1415,0.7852,3.1415,-4702.2051,-28635.1406,24.3580,1
-4703.1636,-28634.3926,24.9425,-5252.6128,-28084.4570,21.4416,-4699.6602,-28637.2031,23.6788,781.8497,-0.0001,0.0004,3.1416,0.7852,3.1415,-4702.1953,-28635.1426,24.3684,1
-4703.1636,-28634.3926,24.9425,-5252.6128,-28084.4570,21.4417,-4699.6289,-28637.6523,22.2646,782.1864,-0.0000,0.0001,3.1415,0.7852,3.1415,-4702.1772,-28635.1641,24.3310,1
-4703.1636,-28634.3926,24.9425,-5252.6128,-28084.4570,21.4416,-4706.0244,-28627.4551,29.4856,770.4954,-0.0006,0.0016,3.1416,0.7852,3.1415,-4702.3574,-28634.8633,24.5216,1
-4703.1636,-28634.3926,24.9425,-5252.6128,-28084.4570,21.4417,-4708.2510,-28635.1562,27.1207,774.3558,0.0009,0.0011,3.1415,0.7852,3.1415,-4702.6152,-28634.7988,24.6449,1
-4703.1636,-28634.3926,24.9425,-5252.6128,-28084.4570,21.4416,-4703.6030,-28636.0020,24.6652,778.2168,0.0003,0.0006,3.1416,0.7852,3.1415,-4702.7324,-28634.7656,24.6929,1
-4703.1636,-28634.3926,24.9425,-5252.6128,-28084.4570,21.4417,-4698.9482,-28636.8164,22.2513,782.0775,-0.0002,0.0001,3.1415,0.7852,3.1415,-4702.7002,-28634.7617,24.6622,1
-4703.1636,-28634.3926,24.9425,-5252.6128,-28084.4570,21.4416,-4701.3145,-28636.6719,24.1730,780.3043,0.0001,0.0005,3.1416,0.7852,3.1415,-4702.7319,-28634.7598,24.6861,1
-4703.1636,-28634.3926,24.9425,-5252.6128,-28084.4570,21.4417,-4699.5938,-28640.3926,22.1263,784.1525,0.0004,0.0000,3.1415,0.7852,3.1415,-4702.7041,-28634.8828,24.6424,1
-4703.1636,-28634.3926,24.9425,-5252.6128,-28084.4570,21.4416,-4702.9248,-28635.1719,24.6517,778.1078,0.0001,0.0006,3.1416,0.7852,3.1415,-4702.7729,-28634.8535,24.6727,1
-4703.1636,-28634.3926,24.9425,-5252.6128,-28084.4570,21.4417,-4698.2690,-28635.9805,22.2379,781.9686,-0.0004,0.0001,3.1415,0.7852,3.1415,-4702.6914,-28634.8516,24.6247,1
-4703.1636,-28634.3926,24.9425,-5252.6128,-28084.4570,21.4416,-4704.6934,-28625.8027,29.4577,770.2775,-0.0010,0.0016,3.1416,0.7852,3.1415,-4702.8047,-28634.5234,24.8038,1
-4703.1636,-28634.3926,24.9425,-5252.6133,-28084.4570,21.4417,-4706.8979,-28633.5098,27.0933,774.1380,0.0005,0.0011,3.1415,0.7852,3.1415,-4702.9917,-28634.4297,24.9150,1
-4703.1636,-28634.3926,24.9425,-5252.6133,-28084.4570,21.4416,-4702.2480,-28634.3418,24.6384,777.9989,-0.0001,0.0006,3.1416,0.7852,3.1415,-4703.0347,-28634.3613,24.9505,1
-4703.1636,-28634.3926,24.9425,-5252.6133,-28084.4570,21.4417,-4697.5918,-28635.1426,22.2249,781.8596,-0.0007,0.0001,3.1415,0.7852,3.1415,-4702.9253,-28634.3203,24.9068,1
-4703.1636,-28634.3926,24.9425,-5252.6133,-28084.4570,21.4416,-4710.8657,-28631.8262,29.4442,770.1685,0.0008,0.0016,3.1416,0.7852,3.1415,-4703.2305,-28634.1758,25.0888,1
-4703.1636,-28634.3926,24.9425,-5252.6133,-28084.4570,21.4417,-4706.2231,-28632.6836,27.0794,774.0290,0.0002,0.0011,3.1415,0.7852,3.1415,-4703.3994,-28634.0566,25.2021,1
-4703.1636,-28634.3926,24.9425,-5252.6133,-28084.4570,21.4416,-4701.5723,-28633.5098,24.6248,777.8899,-0.0003,0.0006,3.1416,0.7852,3.1415,-4703.4219,-28633.9648,25.2385,1
-4703.1636,-28634.3926,24.9425,-5252.6133,-28084.4570,21.4417,-4705.7847,-28627.5801,29.6821,770.7558,-0.0006,0.0016,3.1415,0.7852,3.1415,-4703.5742,-28633.6816,25.4357,1
-4703.1636,-28634.3926,24.9425,-5252.6133,-28084.4570,21.4416,-4710.1929,-28631.0059,29.4300,770.0595,0.0006,0.0016,3.1416,0.7852,3.1415,-4703.8716,-28633.4980,25.6321,1
-4703.1636,-28634.3926,24.9425,-5252.6133,-28084.4570,21.4417,-4705.5493,-28631.8574,27.0655,773.9200,0.0000,0.0011,3.1415,0.7852,3.1415,-4704.0288,-28633.3418,25.7576,1
-4703.1636,-28634.3926,24.9425,-5252.6133,-28084.4570,21.4416,-4700.5308,-28631.1602,23.1811,776.9694,-0.0008,0.0003,3.1416,0.7852,3.1415,-4704.0244,-28633.1621,25.7580,1
-4703.1636,-28634.3926,24.9425,-5252.6133,-28084.4570,21.4417,-4703.1826,-28640.4160,22.1991,781.6421,0.0009,0.0000,3.1415,0.7852,3.1415,-4704.0942,-28633.2773,25.7193,1
-4703.1636,-28634.3926,24.9425,-5252.6133,-28084.4570,21.4416,-4709.5215,-28630.1855,29.4159,769.9506,0.0004,0.0015,3.1416,0.7852,3.1415,-4704.3647,-28633.0840,25.9031,1
-4703.1636,-28634.3926,24.9425,-5252.6133,-28084.4570,21.4417,-4704.8765,-28631.0312,27.0517,773.8115,-0.0002,0.0010,3.1415,0.7852,3.1415,-4704.4917,-28632.9160,26.0155,1
-4703.1636,-28634.3926,24.9425,-5252.6133,-28084.4570,21.4416,-4700.2246,-28631.8457,24.5977,777.6720,-0.0008,0.0005,3.1416,0.7852,3.1415,-4704.4663,-28632.7734,26.0485,1
-4703.1636,-28634.3926,24.9425,-5252.6138,-28084.4570,21.4417,-4702.4985,-28639.5859,22.1856,781.5331,0.0007,0.0000,3.1415,0.7852,3.1415,-4704.5020,-28632.8809,25.9988,1
-4703.1636,-28634.3926,24.9425,-5252.6138,-28084.4570,21.4416,-4708.8516,-28629.3633,29.4017,769.8417,0.0001,0.0015,3.1416,0.7852,3.1415,-4704.7349,-28632.6758,26.1710,1
-4703.1636,-28634.3926,24.9425,-5252.6138,-28084.4570,21.4417,-4704.2056,-28630.2031,27.0376,773.7026,-0.0004,0.0010,3.1415,0.7852,3.1415,-4704.8232,-28632.4961,26.2712,1
-4703.1636,-28634.3926,24.9425,-5252.6138,-28084.4570,21.4416,-4699.5532,-28631.0117,24.5840,777.5630,-0.0010,0.0005,3.1416,0.7852,3.1415,-4704.7568,-28632.3398,26.2917,1
-4703.1636,-28634.3926,24.9425,-5252.6138,-28084.4570,21.4417,-4701.8154,-28638.7539,22.1723,781.4242,0.0005,0.0000,3.1415,0.7852,3.1415,-4704.7495,-28632.4336,26.2291,1
-4703.1636,-28634.3926,24.9425,-5252.6138,-28084.4570,21.4416,-4698.3813,-28636.6699,21.7879,782.3763,-0.0003,-0.0000,3.1416,0.7852,3.1415,-4704.6230,-28632.4766,26.1434,1
-4703.1636,-28634.3926,24.9425,-5252.6138,-28084.4570,21.4417,-4703.5356,-28629.3730,27.0238,773.5936,-0.0006,0.0010,3.1415,0.7852,3.1415,-4704.6450,-28632.2969,26.2142,1
-4703.1636,-28634.3926,24.9425,-5252.6138,-28084.4570,21.4416,-4705.7837,-28637.0918,24.5710,777.4541,0.0008,0.0005,3.1416,0.7852,3.1415,-4704.7354,-28632.3633,26.2063,1
-4703.1636,-28634.3926,24.9425,-5252.6138,-28084.4570,21.4417,-4701.1333,-28637.9219,22.1590,781.3152,0.0003,0.0000,3.1415,0.7852,3.1415,-4704.6768,-28632.4688,26.1165,1
-4703.1636,-28634.3926,24.9425,-5252.6138,-28084.4570,21.4416,-4696.4995,-28638.6953,29.5236,785.1757,-0.0003,0.0015,3.1416,0.7852,3.1415,-4704.4624,-28632.6113,26.2520,1
-4703.1636,-28634.3926,24.9425,-5252.6138,-28084.4570,21.4417,-4702.8667,-28628.5449,27.0099,773.4846,-0.0009,0.0010,3.1415,0.7852,3.1415,-4704.4312,-28632.4434,26.3139,1
-4703.1636,-28634.3926,24.9425,-5252.6138,-28084.4570,21.4416,-4699.3799,-28637.3184,26.7349,782.1415,-0.0001,0.0010,3.1416,0.7852,3.1415,-4704.2847,-28632.5508,26.3670,1
-4703.1636,-28634.3926,24.9425,-5252.6143,-28084.4551,21.4417,-4700.4526,-28637.0859,22.1457,781.2062,0.0000,0.0000,3.1415,0.7852,3.1415,-4704.1616,-28632.6621,26.2728,1
-4703.1636,-28634.3926,24.9425,-5252.6143,-28084.4551,21.4416,-4695.8184,-28637.8535,29.5093,785.0667,-0.0005,0.0015,3.1416,0.7852,3.1415,-4703.8838,-28632.8086,26.4035,1
-4703.1636,-28634.3926,24.9425,-5252.6143,-28084.4551,21.4417,-4699.4258,-28636.3008,20.5152,781.3785,-0.0002,-0.0003,3.1415,0.7852,3.1415,-4703.7031,-28632.9180,26.2526,1
-4703.1636,-28634.3926,24.9425,-5252.6143,-28084.4551,21.4416,-4704.4253,-28635.4336,24.5439,777.2361,0.0004,0.0005,3.1416,0.7852,3.1415,-4703.6748,-28633.0059,26.2169,1
-4703.1636,-28634.3926,24.9425,-5252.6143,-28084.4551,21.4417,-4699.7734,-28636.2520,22.1324,781.0973,-0.0002,0.0000,3.1415,0.7852,3.1415,-4703.5005,-28633.1250,26.0999,1
-4703.1636,-28634.3926,24.9425,-5252.6143,-28084.4551,21.4416,-4695.1377,-28637.0137,29.4949,784.9577,-0.0007,0.0015,3.1416,0.7852,3.1415,-4703.1729,-28633.2734,26.2091,1
-4703.1636,-28634.3926,24.9425,-5252.6143,-28084.4551,21.4417,-4700.4683,-28639.6738,29.2819,783.0621,0.0004,0.0015,3.1415,0.7852,3.1415,-4703.0000,-28633.5156,26.3188,1
-4703.1636,-28634.3926,24.9425,-5252.6143,-28084.4551,21.4416,-4701.7764,-28634.8848,29.5647,778.7504,-0.0001,0.0016,3.1416,0.7852,3.1415,-4702.8657,-28633.6172,26.4440,1
-4703.1636,-28634.3926,24.9425,-5252.6143,-28084.4551,21.4417,-4699.0947,-28635.4160,22.1191,780.9883,-0.0004,0.0000,3.1415,0.7852,3.1415,-4702.6470,-28633.7363,26.3366,1
-4703.1636,-28634.3926,24.9425,-5252.6143,-28084.4551,21.4416,-4694.4585,-28636.1738,29.4805,784.8487,-0.0010,0.0015,3.1416,0.7852,3.1415,-4702.2764,-28633.8789,26.4543,1
-4703.1636,-28634.3926,24.9425,-5252.6143,-28084.4551,21.4417,-4707.7178,-28632.9395,26.9692,773.1577,0.0005,0.0010,3.1415,0.7852,3.1415,-4702.3174,-28633.9238,26.4981,1
-4703.1636,-28634.3926,24.9425,-5252.6143,-28084.4551,21.4416,-4703.0718,-28633.7754,24.5168,777.0182,-0.0001,0.0005,3.1416,0.7852,3.1415,-4702.2246,-28633.9883,26.4631,1
-4703.1636,-28634.3926,24.9425,-5252.6143,-28084.4551,21.4417,-4698.4180,-28634.5820,22.1058,780.8793,-0.0006,0.0000,3.1415,0.7852,3.1415,-4701.9883,-28634.0781,26.3460,1
-4703.1636,-28634.3926,24.9425,-5252.6143,-28084.4551,21.4416,-4700.7471,-28642.3105,29.4668,784.7399,0.0008,0.0015,3.1416,0.7852,3.1415,-4701.8232,-28634.4121,26.4543,1
-4703.1636,-28634.3926,24.9425,-5252.6147,-28084.4551,21.4417,-4707.0444,-28632.1152,26.9554,773.0488,0.0003,0.0010,3.1415,0.7852,3.1415,-4701.8628,-28634.4336,26.4890,1
-4703.1636,-28634.3926,24.9425,-5252.6147,-28084.4551,21.4416,-4702.3970,-28632.9453,24.5033,776.9092,-0.0003,0.0005,3.1416,0.7852,3.1415,-4701.7671,-28634.4746,26.4450,1
-4703.1636,-28634.3926,24.9425,-5252.6147,-28084.4551,21.4417,-4697.7427,-28633.7441,22.0925,780.7704,-0.0008,0.0000,3.1415,0.7852,3.1415,-4701.5278,-28634.5352,26.3194,1
-4703.1636,-28634.3926,24.9425,-5252.6147,-28084.4551,21.4416,-4695.4702,-28636.6289,29.2478,784.4486,-0.0007,0.0015,3.1416,0.7852,3.1415,-4701.2124,-28634.6836,26.4129,1
-4703.1636,-28634.3926,24.9425,-5252.6147,-28084.4551,21.4417,-4706.3711,-28631.2910,26.9415,772.9398,0.0001,0.0010,3.1415,0.7852,3.1415,-4701.2383,-28634.6621,26.4392,1
-4703.1636,-28634.3926,24.9425,-5252.6147,-28084.4551,21.4416,-4701.7231,-28632.1152,24.4898,776.8003,-0.0005,0.0005,3.1416,0.7852,3.1415,-4701.1294,-28634.6582,26.3873,1
-4703.1636,-28634.3926,24.9425,-5252.6147,-28084.4551,21.4417,-4704.0039,-28639.8457,22.0801,780.6614,0.0009,0.0000,3.1415,0.7852,3.1415,-4701.0991,-28634.8926,26.2541,1
-4703.1636,-28634.3926,24.9425,-5252.6147,-28084.4551,21.4416,-4699.3745,-28640.6426,29.4381,784.5219,0.0004,0.0015,3.1416,0.7852,3.1415,-4700.9312,-28635.1602,26.3469,1
-4703.1636,-28634.3926,24.9425,-5252.6147,-28084.4551,21.4417,-4705.6997,-28630.4648,26.9277,772.8309,-0.0002,0.0010,3.1415,0.7852,3.1415,-4700.9673,-28635.1094,26.3669,1
-4703.1636,-28634.3926,24.9425,-5252.6147,-28084.4551,21.4416,-4701.0508,-28631.2832,24.4765,776.6913,-0.0007,0.0005,3.1416,0.7852,3.1415,-4700.8672,-28635.0742,26.3091,1
-4703.1636,-28634.3926,24.9425,-5252.6147,-28084.4551,21.4417,-4703.3198,-28639.0156,22.0671,780.5525,0.0007,0.0000,3.1415,0.7852,3.1415,-4700.8438,-28635.2754,26.1704,1
-4703.1636,-28634.3926,24.9425,-5252.6147,-28084.4551,21.4416,-4698.6895,-28639.8066,29.4241,784.4129,0.0002,0.0015,3.1416,0.7852,3.1415,-4700.6812,-28635.5059,26.2581,1
-4703.1636,-28634.3926,24.9425,-5252.6147,-28084.4551,21.4417,-4706.3867,-28633.6309,26.5575,774.5842,0.0004,0.0009,3.1415,0.7852,3.1415,-4700.7646,-28635.5469,26.2618,1
-4703.1636,-28634.3926,24.9425,-5252.6152,-28084.4551,21.4416,-4700.3799,-28630.4492,24.4630,776.5823,-0.0009,0.0005,3.1416,0.7852,3.1415,-4700.6699,-28635.4766,26.1989,1
-4703.1636,-28634.3926,24.9425,-5252.6152,-28084.4551,21.4417,-4702.6377,-28638.1855,22.0538,780.4435,0.0005,0.0000,3.1415,0.7852,3.1415,-4700.6494,-28635.6426,26.0556,1
-4703.1636,-28634.3926,24.9425,-5252.6152,-28084.4551,21.4416,-4698.0068,-28638.9688,29.4097,784.3039,-0.0000,0.0015,3.1416,0.7852,3.1415,-4700.4883,-28635.8340,26.1391,1
-4703.1636,-28634.3926,24.9425,-5252.6152,-28084.4551,21.4417,-4704.3604,-28628.8105,26.9003,772.6129,-0.0006,0.0010,3.1415,0.7852,3.1415,-4700.5288,-28635.7031,26.1508,1
-4703.1636,-28634.3926,24.9425,-5252.6152,-28084.4551,21.4416,-4706.6040,-28636.5215,24.4501,776.4734,0.0008,0.0005,3.1416,0.7852,3.1415,-4700.6519,-28635.8027,26.0855,1
-4703.1636,-28634.3926,24.9425,-5252.6152,-28084.4551,21.4417,-4701.9565,-28637.3535,22.0406,780.3345,0.0003,0.0000,3.1415,0.7852,3.1415,-4700.6401,-28635.9297,25.9402,1
-4703.1636,-28634.3926,24.9425,-5252.6152,-28084.4551,21.4416,-4697.3242,-28638.1328,29.3954,784.1951,-0.0003,0.0015,3.1416,0.7852,3.1415,-4700.4854,-28636.0801,26.0220,1
-4703.1636,-28634.3926,24.9425,-5252.6152,-28084.4551,21.4417,-4703.6924,-28627.9824,26.8865,772.5040,-0.0008,0.0010,3.1415,0.7852,3.1415,-4700.5303,-28635.9062,26.0325,1
-4703.1636,-28634.3926,24.9425,-5252.6152,-28084.4551,21.4416,-4705.9248,-28635.6953,24.4366,776.3644,0.0006,0.0005,3.1416,0.7852,3.1415,-4700.6548,-28635.9609,25.9663,1
-4703.1636,-28634.3926,24.9425,-5252.6152,-28084.4551,21.4417,-4701.2764,-28636.5215,22.0273,780.2256,0.0001,0.0000,3.1415,0.7852,3.1415,-4700.6431,-28636.0391,25.8204,1
-4703.1636,-28634.3926,24.9425,-5252.6152,-28084.4551,21.4416,-4696.6436,-28637.2949,29.3810,784.0861,-0.0005,0.0015,3.1416,0.7852,3.1415,-4700.4854,-28636.1426,25.9021,1
-4703.1636,-28634.3926,24.9425,-5252.6152,-28084.4551,21.4417,-4709.8887,-28634.0156,26.8735,772.3950,0.0010,0.0010,3.1415,0.7852,3.1415,-4700.7476,-28636.1387,25.9128,1
-4703.1636,-28634.3926,24.9425,-5252.6152,-28084.4551,21.4416,-4705.2471,-28634.8672,24.4231,776.2554,0.0004,0.0005,3.1416,0.7852,3.1415,-4700.8799,-28636.1582,25.8471,1
-4703.1636,-28634.3926,24.9425,-5252.6157,-28084.4551,21.4417,-4700.5981,-28635.6895,22.0140,780.1166,-0.0001,0.0000,3.1415,0.7852,3.1415,-4700.8726,-28636.1973,25.7021,1
-4703.1636,-28634.3926,24.9425,-5252.6157,-28084.4551,21.4416,-4710.4385,-28632.5547,26.7669,770.9684,0.0008,0.0010,3.1416,0.7852,3.1415,-4701.1831,-28636.1328,25.7026,1
-4703.1636,-28634.3926,24.9425,-5252.6157,-28084.4551,21.4417,-4709.2134,-28633.1953,26.8525,772.2860,0.0007,0.0010,3.1415,0.7852,3.1415,-4701.4736,-28636.0801,25.7092,1
-4703.1636,-28634.3926,24.9425,-5252.6157,-28084.4551,21.4418,-4704.5762,-28634.0449,24.4047,776.1465,0.0002,0.0005,-3.1415,0.7852,-3.1415,-4701.6294,-28636.0469,25.6403,1
-4703.1636,-28634.3926,24.9425,-5252.6157,-28084.4551,21.4421,-4699.9316,-28634.8652,22.0224,780.0076,-0.0004,0.0000,3.1415,0.7852,3.1415,-4701.6401,-28636.0352,25.4934,1
-4703.1636,-28634.3926,24.9425,-5252.6162,-28084.4551,21.4419,-4695.3003,-28635.6289,29.3664,783.8681,-0.0009,0.0015,-3.1415,0.7852,-3.1415,-4701.4976,-28636.0449,25.5750,1
-4703.1636,-28634.3926,24.9425,-5252.6157,-28084.4551,21.4417,-4708.5479,-28632.3809,26.8812,772.1770,0.0005,0.0010,3.1415,0.7852,3.1416,-4701.7661,-28635.9473,25.5873,1
-4703.1636,-28634.3926,24.9425,-5252.6157,-28084.4551,21.4415,-4703.9023,-28633.2188,24.4047,776.0375,-0.0000,0.0005,3.1415,0.7852,3.1415,-4701.8965,-28635.8691,25.5235,1
-4703.1636,-28634.3926,24.9425,-5252.6157,-28084.4551,21.4411,-4699.2573,-28634.0332,22.0115,779.8984,-0.0006,0.0000,3.1415,0.7852,3.1415,-4701.8804,-28635.8105,25.3816,1
-4703.1636,-28634.3926,24.9425,-5252.6157,-28084.4551,21.4409,-4701.5879,-28641.7617,29.3719,783.7589,0.0009,0.0015,3.1416,0.7851,3.1416,-4701.9312,-28635.9961,25.4688,1
-4703.1636,-28634.3926,24.9425,-5252.6157,-28084.4551,21.4413,-4707.8857,-28631.5703,26.7864,772.0678,0.0003,0.0010,-3.1416,0.7851,3.1415,-4702.1826,-28635.8652,25.4837,1
-4703.1636,-28634.3926,24.9425,-5252.6157,-28084.4551,21.4417,-4703.2417,-28632.4023,24.4100,775.9283,-0.0002,0.0005,3.1415,0.7851,3.1415,-4702.2939,-28635.7539,25.4257,1
-4703.1636,-28634.3926,24.9425,-5252.6162,-28084.4551,21.4416,-4698.5903,-28633.2051,21.9183,779.7893,-0.0008,-0.0000,-3.1414,0.7851,-3.1414,-4702.2559,-28635.6621,25.2865,1
-4703.1636,-28634.3926,24.9425,-5252.6157,-28084.4551,21.4415,-4700.8989,-28640.9277,29.2562,783.6497,0.0006,0.0015,-3.1416,0.7851,3.1415,-4702.2812,-28635.8105,25.3756,1
-4703.1636,-28634.3926,24.9425,-5252.6157,-28084.4551,21.4416,-4707.2144,-28630.7461,26.7906,771.9587,0.0001,0.0010,3.1415,0.7851,3.1415,-4702.5054,-28635.6445,25.3963,1
-4703.1636,-28634.3926,24.9425,-5252.6157,-28084.4551,21.4413,-4705.1074,-28635.2129,23.6194,776.5970,0.0004,0.0003,-3.1416,0.7851,3.1416,-4702.6685,-28635.6113,25.3184,1
-4703.1636,-28634.3926,24.9425,-5252.6162,-28084.4551,21.4417,-4704.8540,-28639.3047,21.9161,779.6801,0.0010,0.0000,-3.1415,0.7851,-3.1415,-4702.8257,-28635.7090,25.1832,1
-4703.1636,-28634.3926,24.9425,-5252.6157,-28084.4551,21.4414,-4700.2222,-28640.1016,29.3334,783.5406,0.0004,0.0015,3.1416,0.7851,3.1415,-4702.8364,-28635.8418,25.2791,1
-4703.1636,-28634.3926,24.9425,-5252.6162,-28084.4551,21.4410,-4706.5537,-28629.9297,26.8478,771.8495,-0.0001,0.0010,3.1415,0.7851,3.1416,-4703.0425,-28635.6562,25.3062,1
-4703.1636,-28634.3926,24.9425,-5252.6157,-28084.4551,21.4414,-4701.9072,-28630.7520,24.3598,775.7100,-0.0007,0.0005,3.1416,0.7851,3.1415,-4703.1030,-28635.4844,25.2571,1
-4703.1636,-28634.3926,24.9425,-5252.6157,-28084.4551,21.4417,-4704.1748,-28638.4805,21.9658,779.5711,0.0008,-0.0000,3.1415,0.7851,3.1415,-4703.2300,-28635.5527,25.1300,1
-4703.1636,-28634.3926,24.9425,-5252.6157,-28084.4551,21.4417,-4699.5464,-28639.2754,29.3296,783.4316,0.0002,0.0015,3.1415,0.7851,3.1415,-4703.2085,-28635.6523,25.2323,1
-4703.1636,-28634.3926,24.9425,-5252.6157,-28084.4551,21.4419,-4705.8848,-28629.1055,26.7937,771.7405,-0.0003,0.0010,3.1415,0.7851,3.1415,-4703.3799,-28635.4316,25.2643,1
-4703.1636,-28634.3926,24.9425,-5252.6157,-28084.4551,21.4419,-4701.2383,-28629.9219,24.3656,775.6010,-0.0009,0.0005,3.1415,0.7851,3.1415,-4703.4033,-28635.2266,25.2216,1
-4703.1636,-28634.3926,24.9425,-5252.6157,-28084.4551,21.4418,-4703.4922,-28637.6504,21.8764,779.4620,0.0005,-0.0000,3.1415,0.7851,3.1415,-4703.4917,-28635.2598,25.0979,1
-4703.1636,-28634.3926,24.9425,-5252.6162,-28084.4551,21.4419,-4707.5498,-28632.6211,24.4448,773.0396,0.0004,0.0005,3.1415,0.7851,3.1415,-4703.7085,-28635.1367,25.0500,1
-4703.1636,-28634.3926,24.9425,-5252.6157,-28084.4551,21.4418,-4705.2168,-28628.2812,26.7550,771.6314,-0.0006,0.0010,3.1415,0.7851,3.1415,-4703.8550,-28634.8691,25.0766,1
-4703.1636,-28634.3926,24.9425,-5252.6157,-28084.4551,21.4420,-4697.6348,-28638.8105,21.5971,784.4197,-0.0001,-0.0001,3.1415,0.7851,3.1415,-4703.7593,-28634.9277,24.9424,1
-4703.1636,-28634.3926,24.9425,-5252.6157,-28084.4551,21.4419,-4702.8120,-28636.8203,21.8764,779.3530,0.0003,-0.0000,3.1415,0.7851,3.1415,-4703.8115,-28634.9336,24.8101,1
-4703.1636,-28634.3926,24.9425,-5252.6157,-28084.4551,21.4418,-4698.1812,-28637.6035,29.2286,783.2134,-0.0002,0.0015,3.1415,0.7851,3.1415,-4703.7114,-28634.9707,24.9078,1
-4703.1636,-28634.3926,24.9425,-5252.6157,-28084.4551,21.4419,-4704.5493,-28627.4531,26.7458,771.5223,-0.0008,0.0010,3.1415,0.7851,3.1415,-4703.8008,-28634.6855,24.9378,1
-4703.1636,-28634.3926,24.9425,-5252.6157,-28084.4551,21.4419,-4706.7783,-28635.1582,24.3137,775.3828,0.0007,0.0005,3.1415,0.7851,3.1415,-4703.9609,-28634.6387,24.8940,1
-4703.1636,-28634.3926,24.9425,-5252.6157,-28084.4551,21.4420,-4702.1328,-28635.9883,21.8779,779.2437,0.0001,-0.0000,3.1415,0.7851,3.1415,-4703.9761,-28634.6191,24.7716,1
-4703.1636,-28634.3926,24.9425,-5252.6157,-28084.4551,21.4419,-4697.5015,-28636.7656,29.2422,783.1042,-0.0004,0.0015,3.1415,0.7851,3.1415,-4703.8369,-28634.6309,24.8795,1
-4703.1636,-28634.3926,24.9425,-5252.6157,-28084.4551,21.4418,-4710.7397,-28633.4785,26.6815,771.4131,0.0010,0.0010,3.1415,0.7851,3.1415,-4704.1079,-28634.5430,24.9170,1
-4703.1636,-28634.3926,24.9425,-5252.6162,-28084.4551,21.4419,-4706.1016,-28634.3320,24.3197,775.2736,0.0004,0.0005,3.1415,0.7851,3.1415,-4704.2412,-28634.4824,24.8825,1
-4703.1636,-28634.3926,24.9425,-5252.6157,-28084.4551,21.4419,-4701.4546,-28635.1562,21.8463,779.1346,-0.0001,-0.0000,3.1415,0.7851,3.1415,-4704.2266,-28634.4492,24.7681,1
-4703.1636,-28634.3926,24.9425,-5252.6157,-28084.4551,21.4420,-4696.8228,-28635.9277,29.2235,782.9952,-0.0007,0.0015,3.1415,0.7851,3.1415,-4704.0562,-28634.4434,24.8839,1
-4703.1636,-28634.3926,24.9425,-5252.6157,-28084.4551,21.4419,-4710.0649,-28632.6582,26.6763,771.3040,0.0008,0.0010,3.1415,0.7851,3.1415,-4704.2939,-28634.3379,24.9295,1
-4703.1636,-28634.3926,24.9425,-5252.6157,-28084.4551,21.4418,-4705.4248,-28633.5059,24.2358,775.1645,0.0002,0.0005,3.1415,0.7851,3.1415,-4704.3916,-28634.2578,24.9002,1
-4703.1636,-28634.3926,24.9425,-5252.6157,-28084.4551,21.4419,-4700.7778,-28634.3242,21.9035,779.0253,-0.0003,-0.0000,3.1415,0.7851,3.1415,-4704.3408,-28634.2051,24.7950,1
-4703.1636,-28634.3926,24.9425,-5252.6157,-28084.4551,21.4419,-4696.1455,-28635.0879,29.2608,782.8858,-0.0009,0.0015,3.1415,0.7851,3.1415,-4704.1323,-28634.1777,24.9193,1
-4703.1636,-28634.3926,24.9425,-5252.6157,-28084.4551,21.4420,-4709.3911,-28631.8359,26.7280,771.1947,0.0006,0.0010,3.1415,0.7851,3.1415,-4704.3311,-28634.0488,24.9735,1
-4703.1636,-28634.3926,24.9425,-5252.6157,-28084.4551,21.4419,-4704.7505,-28632.6777,24.3011,775.0552,0.0000,0.0005,3.1415,0.7851,3.1415,-4704.3887,-28633.9453,24.9531,1
-4703.1636,-28634.3926,24.9425,-5252.6157,-28084.4551,21.4418,-4700.1025,-28633.4902,21.8104,778.9162,-0.0005,-0.0000,3.1415,0.7851,3.1415,-4704.2969,-28633.8672,24.8514,1
-4703.1636,-28634.3926,24.9425,-5252.6162,-28084.4551,21.4419,-4701.0020,-28642.3320,28.0747,784.5645,0.0009,0.0012,3.1415,0.7851,3.1415,-4704.2241,-28634.0723,24.9434,1
-4703.1636,-28634.3926,24.9425,-5252.6157,-28084.4551,21.4419,-4708.7183,-28631.0137,26.6873,771.0856,0.0003,0.0010,3.1415,0.7851,3.1415,-4704.3916,-28633.9355,24.9993,1
-4703.1636,-28634.3926,24.9425,-5252.6157,-28084.4551,21.4420,-4704.0771,-28631.8496,24.2745,774.9461,-0.0002,0.0005,3.1415,0.7851,3.1415,-4704.4175,-28633.8203,24.9808,1
-4703.1636,-28634.3926,24.9425,-5252.6157,-28084.4551,21.4419,-4699.4282,-28632.6562,21.8106,778.8071,-0.0008,-0.0000,3.1415,0.7851,3.1415,-4704.2920,-28633.7285,24.8816,1
-4703.1636,-28634.3926,24.9425,-5252.6157,-28084.4551,21.4418,-4704.6304,-28632.6406,22.0169,775.1104,-0.0000,0.0000,3.1415,0.7851,3.1415,-4704.3218,-28633.6367,24.7819,1
-4703.1636,-28634.3926,24.9425,-5252.6157,-28084.4551,21.4419,-4700.5571,-28634.5684,27.5168,779.3743,-0.0003,0.0011,3.1415,0.7851,3.1415,-4704.2212,-28633.6055,24.8534,1
-4703.1636,-28634.3926,24.9425,-5252.6157,-28084.4551,21.4419,-4703.4058,-28631.0215,24.2464,774.8370,-0.0004,0.0005,3.1415,0.7851,3.1415,-4704.2036,-28633.4648,24.8261,1
-4703.1636,-28634.3926,24.9425,-5252.6157,-28084.4551,21.4420,-4698.7559,-28631.8203,21.8121,778.6979,-0.0010,-0.0000,3.1415,0.7851,3.1415,-4704.0342,-28633.3457,24.7198,1
-4703.1636,-28634.3926,24.9425,-5252.6157,-28084.4551,21.4419,-4703.3521,-28639.9180,21.0527,781.1730,0.0008,-0.0002,3.1415,0.7851,3.1415,-4704.0015,-28633.4863,24.5836,1
-4703.1636,-28634.3926,24.9425,-5252.6157,-28084.4551,21.4418,-4707.3770,-28629.3672,26.6121,770.8674,-0.0001,0.0010,3.1415,0.7851,3.1415,-4704.0977,-28633.3027,24.6192,1
-4703.1636,-28634.3926,24.9425,-5252.6162,-28084.4551,21.4419,-4705.9707,-28630.3594,21.7968,772.5493,-0.0002,-0.0000,3.1415,0.7851,3.1415,-4704.1558,-28633.1445,24.5041,1
-4703.1636,-28634.3926,24.9425,-5252.6157,-28084.4551,21.4419,-4704.9946,-28637.9102,21.7810,778.5888,0.0008,-0.0000,3.1415,0.7851,3.1415,-4704.1860,-28633.2246,24.3842,1
-4703.1636,-28634.3926,24.9425,-5252.6157,-28084.4551,21.4420,-4700.3687,-28638.7090,29.1527,782.4493,0.0002,0.0015,3.1415,0.7851,3.1415,-4704.0698,-28633.3438,24.4957,1
-4703.1636,-28634.3926,24.9425,-5252.6157,-28084.4551,21.4419,-4706.7080,-28628.5430,26.6078,770.7582,-0.0003,0.0010,3.1415,0.7851,3.1415,-4704.1494,-28633.1484,24.5383,1
-4703.1636,-28634.3926,24.9425,-5252.6157,-28084.4551,21.4418,-4707.1616,-28629.1504,23.1385,770.8531,-0.0002,0.0003,3.1415,0.7851,3.1415,-4704.2495,-28632.9648,24.4736,1
-4703.1636,-28634.3926,24.9425,-5252.6157,-28084.4551,21.4419,-4704.3145,-28637.0820,21.8378,778.4794,0.0006,-0.0000,3.1415,0.7851,3.1415,-4704.2637,-28633.0293,24.3654,1
-4703.1636,-28634.3926,24.9425,-5252.6157,-28084.4551,21.4419,-4699.6870,-28637.8750,29.1898,782.3400,0.0000,0.0015,3.1415,0.7851,3.1415,-4704.1294,-28633.1309,24.4879,1
-4703.1636,-28634.3926,24.9425,-5252.6157,-28084.4551,21.4420,-4706.0400,-28627.7168,26.6590,770.6489,-0.0005,0.0010,3.1415,0.7851,3.1415,-4704.1890,-28632.9160,24.5416,1
-4703.1636,-28634.3926,24.9425,-5252.6157,-28084.4551,21.4419,-4697.3491,-28638.9277,24.6759,784.7093,-0.0002,0.0006,3.1415,0.7851,3.1415,-4703.9751,-28633.0527,24.5361,1
-4703.1636,-28634.3926,24.9425,-5252.6157,-28084.4551,21.4418,-4703.6343,-28636.2520,21.7455,778.3705,0.0004,-0.0000,3.1415,0.7851,3.1415,-4703.9468,-28633.1191,24.4371,1
-4703.1636,-28634.3926,24.9425,-5252.6157,-28084.4551,21.4419,-4699.0063,-28637.0391,29.1677,782.2309,-0.0002,0.0015,3.1415,0.7851,3.1415,-4703.7705,-28633.2168,24.5703,1
-4703.1636,-28634.3926,24.9425,-5252.6157,-28084.4551,21.4419,-4705.3740,-28626.8906,26.6186,770.5399,-0.0007,0.0010,3.1415,0.7851,3.1415,-4703.7891,-28632.9961,24.6335,1
-4703.1636,-28634.3926,24.9425,-5252.6157,-28084.4551,21.4420,-4707.5986,-28634.5898,24.2079,774.4003,0.0007,0.0005,3.1415,0.7851,3.1415,-4703.8838,-28633.0137,24.6228,1
-4703.1636,-28634.3926,24.9425,-5252.6157,-28084.4551,21.4419,-4702.9546,-28635.4199,21.7456,778.2614,0.0001,-0.0000,3.1415,0.7851,3.1415,-4703.8374,-28633.0625,24.5322,1
-4703.1636,-28634.3926,24.9425,-5252.6157,-28084.4551,21.4418,-4698.3247,-28636.2031,29.0866,782.1219,-0.0004,0.0015,3.1415,0.7851,3.1415,-4703.6421,-28633.1406,24.6706,1
-4703.1636,-28634.3926,24.9425,-5252.6157,-28084.4551,21.4419,-4704.7080,-28626.0625,26.6094,770.4308,-0.0010,0.0010,3.1415,0.7851,3.1415,-4703.6406,-28632.8984,24.7405,1
-4703.1636,-28634.3926,24.9425,-5252.6157,-28084.4551,21.4419,-4706.9204,-28633.7617,24.1801,774.2912,0.0005,0.0005,3.1415,0.7851,3.1415,-4703.7134,-28632.8926,24.7354,1
-4703.1636,-28634.3926,24.9425,-5252.6157,-28084.4551,21.4420,-4702.2759,-28634.5879,21.7470,778.1522,-0.0001,-0.0000,3.1415,0.7851,3.1415,-4703.6450,-28632.9160,24.6506,1
-4703.1636,-28634.3926,24.9425,-5252.6157,-28084.4551,21.4419,-4701.7319,-28632.6172,29.4363,777.1812,-0.0004,0.0015,3.1415,0.7851,3.1415,-4703.5566,-28632.8809,24.8065,1
-4703.1636,-28634.3926,24.9425,-5252.6157,-28084.4551,21.4418,-4710.8818,-28632.0840,26.5449,770.3216,0.0008,0.0010,3.1415,0.7851,3.1415,-4703.7617,-28632.8281,24.8797,1
-4703.1636,-28634.3926,24.9425,-5252.6162,-28084.4551,21.4419,-4706.2451,-28632.9355,24.1857,774.1821,0.0003,0.0005,3.1415,0.7851,3.1415,-4703.8325,-28632.8027,24.8795,1
-4703.1636,-28634.3926,24.9425,-5252.6157,-28084.4551,21.4419,-4701.6006,-28633.7578,21.7148,778.0432,-0.0003,-0.0000,3.1415,0.7851,3.1415,-4703.7588,-28632.8047,24.7977,1
-4703.1636,-28634.3926,24.9425,-5252.6157,-28084.4551,21.4420,-4696.9692,-28634.5273,29.0814,781.9036,-0.0008,0.0015,3.1415,0.7851,3.1415,-4703.5332,-28632.8340,24.9447,1
-4703.1636,-28634.3926,24.9425,-5252.6157,-28084.4551,21.4419,-4710.2085,-28631.2637,26.5396,770.2125,0.0006,0.0010,3.1415,0.7851,3.1415,-4703.7202,-28632.7617,25.0198,1
-4703.1636,-28634.3926,24.9425,-5252.6157,-28084.4551,21.4418,-4705.5708,-28632.1094,24.1018,774.0731,0.0000,0.0004,3.1415,0.7851,3.1415,-4703.7715,-28632.7168,25.0183,1
-4703.1636,-28634.3926,24.9425,-5252.6157,-28084.4551,21.4419,-4700.9263,-28632.9258,21.7721,777.9338,-0.0005,-0.0000,3.1415,0.7851,3.1415,-4703.6772,-28632.6953,24.9393,1
-4703.1636,-28634.3926,24.9425,-5252.6157,-28084.4551,21.4419,-4703.2402,-28640.6367,29.1195,781.7943,0.0009,0.0015,3.1415,0.7851,3.1415,-4703.6514,-28632.9238,25.0880,1
-4703.1636,-28634.3926,24.9425,-5252.6162,-28084.4551,21.4420,-4709.5376,-28630.4434,26.5913,770.1032,0.0004,0.0010,3.1415,0.7851,3.1415,-4703.8296,-28632.8398,25.1648,1
-4703.1636,-28634.3926,24.9425,-5252.6157,-28084.4551,21.4419,-4704.8984,-28631.2832,24.1670,773.9637,-0.0002,0.0005,3.1415,0.7851,3.1415,-4703.8696,-28632.7812,25.1651,1
-4703.1636,-28634.3926,24.9425,-5252.6157,-28084.4551,21.4418,-4700.2520,-28632.0918,21.6795,777.8248,-0.0007,-0.0000,3.1415,0.7851,3.1415,-4703.7622,-28632.7441,25.0825,1
-4703.1636,-28634.3926,24.9425,-5252.6162,-28084.4551,21.4419,-4702.5581,-28639.8086,29.0971,781.6852,0.0007,0.0015,3.1415,0.7851,3.1415,-4703.7217,-28632.9531,25.2293,1
-4703.1636,-28634.3926,24.9425,-5252.6157,-28084.4551,21.4419,-4708.8687,-28629.6230,26.5505,769.9941,0.0002,0.0010,3.1415,0.7851,3.1415,-4703.8828,-28632.8516,25.3030,1
-4703.1636,-28634.3926,24.9425,-5252.6157,-28084.4551,21.4420,-4704.2290,-28630.4570,24.1410,773.8546,-0.0004,0.0005,3.1415,0.7851,3.1415,-4703.9038,-28632.7695,25.3003,1
-4703.1636,-28634.3926,24.9425,-5252.6157,-28084.4551,21.4419,-4699.5825,-28631.2598,21.6802,777.7156,-0.0009,-0.0001,3.1415,0.7851,3.1415,-4703.7759,-28632.7070,25.2150,1
-4703.1636,-28634.3926,24.9425,-5252.6157,-28084.4551,21.4418,-4701.8735,-28638.9766,29.0165,781.5760,0.0005,0.0014,3.1415,0.7851,3.1415,-4703.7129,-28632.8906,25.3564,1
-4703.1636,-28634.3926,24.9425,-5252.6162,-28084.4551,21.4419,-4708.2002,-28628.8008,26.5413,769.8849,-0.0001,0.0009,3.1415,0.7851,3.1415,-4703.8506,-28632.7617,25.4263,1
-4703.1636,-28634.3926,24.9425,-5252.6157,-28084.4551,21.4419,-4703.5596,-28629.6289,24.1131,773.7454,-0.0006,0.0004,3.1415,0.7851,3.1415,-4703.8472,-28632.6484,25.4189,1
-4703.1636,-28634.3926,24.9425,-5252.6157,-28084.4551,21.4420,-4705.8169,-28637.3418,21.6820,777.6064,0.0008,-0.0001,3.1415,0.7851,3.1415,-4703.9150,-28632.7793,25.3296,1
-4703.1636,-28634.3926,24.9425,-5252.6157,-28084.4551,21.4419,-4701.1919,-28638.1445,29.0299,781.4669,0.0003,0.0014,3.1415,0.7851,3.1415,-4703.8394,-28632.9453,25.4671,1
-4703.1636,-28634.3926,24.9425,-5252.6157,-28084.4551,21.4418,-4696.5190,-28638.9590,26.5683,785.3278,-0.0003,0.0009,3.1415,0.7851,3.1415,-4703.6089,-28633.1484,25.5327,1
-4703.1636,-28634.3926,24.9425,-5252.6162,-28084.4551,21.4419,-4702.8916,-28628.8008,24.1188,773.6363,-0.0008,0.0004,3.1415,0.7851,3.1415,-4703.5659,-28633.0371,25.5208,1
-4703.1636,-28634.3926,24.9425,-5252.6157,-28084.4551,21.4419,-4705.1372,-28636.5137,21.6497,777.4973,0.0006,-0.0001,3.1415,0.7851,3.1415,-4703.5942,-28633.1641,25.4256,1
-4703.1636,-28634.3926,24.9425,-5252.6162,-28084.4551,21.4420,-4698.7969,-28632.6270,27.0701,779.2520,-0.0009,0.0010,3.1415,0.7851,3.1415,-4703.4233,-28633.1738,25.4955,1
-4703.1636,-28634.3926,24.9425,-5252.6157,-28084.4551,21.4419,-4695.8379,-28638.1211,26.5628,785.2188,-0.0005,0.0009,3.1415,0.7851,3.1415,-4703.1499,-28633.3555,25.5517,1
-4703.1636,-28634.3926,24.9425,-5252.6157,-28084.4551,21.4418,-4709.0972,-28634.8438,24.0354,773.5272,0.0010,0.0004,3.1415,0.7851,3.1415,-4703.2866,-28633.4434,25.5281,1
-4703.1636,-28634.3926,24.9425,-5252.6162,-28084.4551,21.4419,-4704.4590,-28635.6855,21.7073,777.3879,0.0004,-0.0001,3.1415,0.7851,3.1415,-4703.2881,-28633.5605,25.4258,1
-4703.1636,-28634.3926,24.9425,-5252.6157,-28084.4551,21.4419,-4706.6333,-28636.3789,28.4017,776.3756,0.0008,0.0013,3.1415,0.7851,3.1415,-4703.3628,-28633.7031,25.5303,1
-4703.1636,-28634.3926,24.9425,-5252.6157,-28084.4551,21.4420,-4695.1582,-28637.2812,26.6159,785.1094,-0.0007,0.0009,3.1415,0.7851,3.1415,-4703.0796,-28633.8770,25.5827,1
-4703.1636,-28634.3926,24.9425,-5252.6157,-28084.4551,21.4419,-4708.4209,-28634.0215,24.1011,773.4178,0.0007,0.0004,3.1415,0.7851,3.1415,-4703.2046,-28633.9531,25.5560,1
-4703.1636,-28634.3926,24.9425,-5252.6157,-28084.4551,21.4418,-4703.7812,-28634.8574,21.6151,777.2789,0.0002,-0.0001,3.1415,0.7851,3.1415,-4703.1929,-28634.0527,25.4457,1
-4703.1636,-28634.3926,24.9425,-5252.6162,-28084.4551,21.4419,-4699.1543,-28635.6426,29.0259,781.1394,-0.0004,0.0014,3.1415,0.7851,3.1415,-4703.0347,-28634.1777,25.5644,1
-4703.1636,-28634.3926,24.9425,-5252.6157,-28084.4551,21.4419,-4694.4780,-28636.4395,26.5737,785.0003,-0.0009,0.0009,3.1415,0.7851,3.1415,-4702.7212,-28634.3281,25.6118,1
-4703.1636,-28634.3926,24.9425,-5252.6162,-28084.4551,21.4420,-4707.7456,-28633.1973,24.0745,773.3088,0.0005,0.0004,3.1415,0.7851,3.1415,-4702.8164,-28634.3750,25.5804,1
-4703.1636,-28634.3926,24.9425,-5252.6157,-28084.4551,21.4419,-4703.1045,-28634.0273,21.6149,777.1698,-0.0000,-0.0001,3.1415,0.7851,3.1415,-4702.7744,-28634.4453,25.4662,1
-4703.1636,-28634.3926,24.9425,-5252.6157,-28084.4551,21.4418,-4698.4756,-28634.8086,28.9449,781.0303,-0.0006,0.0014,3.1415,0.7851,3.1415,-4702.5864,-28634.5371,25.5786,1
-4703.1636,-28634.3926,24.9425,-5252.6162,-28084.4551,21.4419,-4700.7705,-28642.5762,26.5651,784.8913,0.0009,0.0009,3.1415,0.7851,3.1415,-4702.4653,-28634.8730,25.6218,1
-4703.1636,-28634.3926,24.9425,-5252.6157,-28084.4551,21.4419,-4707.0703,-28632.3730,24.0469,773.1997,0.0003,0.0004,3.1415,0.7851,3.1415,-4702.5454,-28634.8984,25.5857,1
-4703.1636,-28634.3926,24.9425,-5252.6157,-28084.4551,21.4420,-4702.4292,-28633.1973,21.6160,777.0605,-0.0003,-0.0001,3.1415,0.7851,3.1415,-4702.4873,-28634.9414,25.4678,1
-4703.1636,-28634.3926,24.9425,-5252.6157,-28084.4551,21.4419,-4697.7998,-28633.9707,28.9584,780.9211,-0.0008,0.0014,3.1415,0.7851,3.1415,-4702.2827,-28635.0020,25.5769,1
-4703.1636,-28634.3926,24.9425,-5252.6157,-28084.4551,21.4418,-4700.0820,-28641.7422,26.4991,784.7820,0.0006,0.0009,3.1415,0.7851,3.1415,-4702.1440,-28635.3047,25.6146,1
-4703.1636,-28634.3926,24.9425,-5252.6162,-28084.4551,21.4419,-4706.3979,-28631.5469,24.0520,773.0905,0.0001,0.0004,3.1415,0.7851,3.1415,-4702.2061,-28635.2910,25.5751,1
-4703.1636,-28634.3926,24.9425,-5252.6157,-28084.4551,21.4419,-4701.7549,-28632.3652,21.5839,776.9515,-0.0005,-0.0001,3.1415,0.7851,3.1415,-4702.1299,-28635.2930,25.4528,1
-4703.1636,-28634.3926,24.9425,-5252.6162,-28084.4551,21.4420,-4704.0640,-28640.0703,28.9405,780.8120,0.0010,0.0014,3.1415,0.7851,3.1415,-4702.1289,-28635.5332,25.5582,1
-4703.1636,-28634.3926,24.9425,-5252.6157,-28084.4551,21.4419,-4699.3960,-28640.9062,26.4937,784.6729,0.0004,0.0009,3.1415,0.7851,3.1415,-4701.9849,-28635.8066,25.5925,1
-4703.1636,-28634.3926,24.9425,-5252.6157,-28084.4551,21.4418,-4705.7251,-28630.7207,23.9682,772.9814,-0.0001,0.0004,3.1415,0.7851,3.1415,-4702.0410,-28635.7598,25.5474,1
-4703.1636,-28634.3926,24.9425,-5252.6162,-28084.4551,21.4419,-4701.0830,-28631.5332,21.6416,776.8422,-0.0007,-0.0001,3.1415,0.7851,3.1415,-4701.9570,-28635.7266,25.4240,1
-4703.1636,-28634.3926,24.9425,-5252.6157,-28084.4551,21.4419,-4702.7920,-28639.5684,24.7486,781.3224,0.0007,0.0006,3.1415,0.7851,3.1415,-4701.9277,-28635.9375,25.3925,1
-4703.1636,-28634.3926,24.9425,-5252.6157,-28084.4551,21.4420,-4698.7124,-28640.0723,26.5466,784.5636,0.0002,0.0009,3.1415,0.7851,3.1415,-4701.7720,-28636.1680,25.4173,1
-4703.1636,-28634.3926,24.9425,-5252.6157,-28084.4551,21.4419,-4705.0542,-28629.8945,24.0336,772.8720,-0.0004,0.0004,3.1415,0.7851,3.1415,-4701.8154,-28636.0781,25.3642,1
-4703.1636,-28634.3926,24.9425,-5252.6157,-28084.4551,21.4418,-4700.4102,-28630.6992,21.5489,776.7331,-0.0009,-0.0001,3.1415,0.7851,3.1415,-4701.7178,-28635.9961,25.2287,1
-4703.1636,-28634.3926,24.9425,-5252.6157,-28084.4551,21.4419,-4702.6973,-28638.4102,28.9557,780.5936,0.0005,0.0014,3.1415,0.7851,3.1415,-4701.6924,-28636.1484,25.3236,1
-4703.1636,-28634.3926,24.9425,-5252.6157,-28084.4551,21.4419,-4698.0278,-28639.2344,26.5049,784.4545,-0.0000,0.0009,3.1415,0.7851,3.1415,-4701.5225,-28636.3301,25.3483,1
-4703.1636,-28634.3926,24.9425,-5252.6157,-28084.4551,21.4420,-4706.0723,-28635.3516,21.1657,776.0135,0.0006,-0.0002,3.1415,0.7851,3.1415,-4701.6045,-28636.3906,25.2044,1
-4703.1636,-28634.3926,24.9425,-5252.6157,-28084.4551,21.4419,-4706.6392,-28636.7715,21.5502,776.6240,0.0009,-0.0001,3.1415,0.7851,3.1415,-4701.7163,-28636.4902,25.0646,1
-4703.1636,-28634.3926,24.9425,-5252.6157,-28084.4551,21.4418,-4702.0156,-28637.5801,28.8746,780.4845,0.0003,0.0014,3.1415,0.7851,3.1415,-4701.6914,-28636.6152,25.1531,1
-4703.1636,-28634.3926,24.9425,-5252.6157,-28084.4551,21.4419,-4697.3462,-28638.3984,26.4957,784.3454,-0.0002,0.0009,3.1415,0.7851,3.1415,-4701.5200,-28636.7637,25.1743,1
-4703.1636,-28634.3926,24.9425,-5252.6157,-28084.4551,21.4419,-4703.7178,-28628.2383,23.9799,772.6539,-0.0008,0.0004,3.1415,0.7851,3.1415,-4701.5444,-28636.5859,25.1183,1
-4703.1636,-28634.3926,24.9425,-5252.6157,-28084.4551,21.4420,-4705.9595,-28635.9453,21.5511,776.5148,0.0007,-0.0001,3.1415,0.7851,3.1415,-4701.6470,-28636.6348,24.9824,1
-4703.1636,-28634.3926,24.9425,-5252.6157,-28084.4551,21.4419,-4701.3350,-28636.7480,28.8883,780.3752,0.0001,0.0014,3.1415,0.7851,3.1415,-4701.6113,-28636.7070,25.0754,1
-4703.1636,-28634.3926,24.9425,-5252.6157,-28084.4551,21.4418,-4696.6631,-28637.5586,26.4291,784.2363,-0.0005,0.0009,3.1415,0.7851,3.1415,-4701.4272,-28636.8027,25.0986,1
-4703.1636,-28634.3926,24.9425,-5252.6157,-28084.4551,21.4419,-4709.9165,-28634.2715,23.9860,772.5447,0.0010,0.0004,3.1415,0.7851,3.1415,-4701.6602,-28636.7910,25.0470,1
-4703.1636,-28634.3926,24.9425,-5252.6157,-28084.4551,21.4419,-4705.2798,-28635.1172,21.5195,776.4057,0.0004,-0.0001,3.1415,0.7851,3.1415,-4701.7617,-28636.8008,24.9143,1
-4703.1636,-28634.3926,24.9425,-5252.6157,-28084.4551,21.4420,-4700.6548,-28635.9141,28.8697,780.2662,-0.0001,0.0014,3.1415,0.7851,3.1415,-4701.7227,-28636.8281,25.0110,1
-4703.1636,-28634.3926,24.9425,-5252.6157,-28084.4551,21.4419,-4695.9829,-28636.7188,26.4243,784.1271,-0.0007,0.0009,3.1415,0.7851,3.1415,-4701.5327,-28636.8789,25.0384,1
-4703.1636,-28634.3926,24.9425,-5252.6157,-28084.4551,21.4418,-4709.2393,-28633.4492,23.9027,772.4356,0.0008,0.0004,3.1415,0.7851,3.1415,-4701.7573,-28636.8223,24.9884,1
-4703.1636,-28634.3926,24.9425,-5252.6157,-28084.4551,21.4419,-4704.6025,-28634.2891,21.5768,776.2964,0.0002,-0.0001,3.1415,0.7851,3.1415,-4701.8481,-28636.7832,24.8618,1
-4703.1636,-28634.3926,24.9425,-5252.6157,-28084.4551,21.4419,-4699.9771,-28635.0781,28.9071,780.1568,-0.0003,0.0014,3.1415,0.7851,3.1415,-4701.7964,-28636.7637,24.9641,1
-4703.1636,-28634.3926,24.9425,-5252.6157,-28084.4551,21.4420,-4695.3047,-28635.8789,26.4769,784.0178,-0.0009,0.0009,3.1415,0.7851,3.1415,-4701.5923,-28636.7656,24.9976,1
-4703.1636,-28634.3926,24.9425,-5252.6157,-28084.4551,21.4419,-4708.5645,-28632.6270,23.9677,772.3262,0.0006,0.0004,3.1415,0.7851,3.1415,-4701.8003,-28636.6582,24.9543,1
-4703.1636,-28634.3926,24.9425,-5252.6157,-28084.4551,21.4418,-4703.9268,-28633.4609,21.4843,776.1873,0.0000,-0.0001,3.1415,0.7851,3.1415,-4701.8730,-28636.5684,24.8293,1
-4703.1636,-28634.3926,24.9425,-5252.6157,-28084.4551,21.4419,-4699.8545,-28639.5762,22.3529,783.3932,0.0003,0.0001,3.1415,0.7851,3.1415,-4701.8198,-28636.6680,24.7263,1
-4703.1636,-28634.3926,24.9425,-5252.6157,-28084.4551,21.4419,-4701.5898,-28642.0059,26.4361,783.9087,0.0009,0.0009,3.1415,0.7851,3.1415,-4701.8169,-28636.8516,24.7493,1
-4703.1636,-28634.3926,24.9425,-5252.6157,-28084.4551,21.4420,-4707.8906,-28631.8027,23.9413,772.2171,0.0003,0.0004,3.1415,0.7851,3.1415,-4702.0176,-28636.7168,24.6970,1
-4703.1636,-28634.3926,24.9425,-5252.6157,-28084.4551,21.4419,-4703.2524,-28632.6309,21.4847,776.0781,-0.0002,-0.0001,3.1415,0.7851,3.1415,-4702.0806,-28636.5977,24.5649,1
-4703.1636,-28634.3926,24.9425,-5252.6157,-28084.4551,21.4418,-4698.6240,-28633.4082,28.8040,779.9387,-0.0008,0.0014,3.1415,0.7851,3.1415,-4701.9966,-28636.4961,24.6623,1
-4703.1636,-28634.3926,24.9425,-5252.6157,-28084.4551,21.4419,-4700.9033,-28641.1738,26.4268,783.7996,0.0007,0.0009,3.1415,0.7851,3.1415,-4701.9775,-28636.6367,24.6933,1
-4703.1636,-28634.3926,24.9425,-5252.6157,-28084.4551,21.4419,-4707.2183,-28630.9785,23.9136,772.1080,0.0001,0.0004,3.1415,0.7851,3.1415,-4702.1597,-28636.4590,24.6483,1
-4703.1636,-28634.3926,24.9425,-5252.6157,-28084.4551,21.4420,-4702.5791,-28631.8008,21.4861,775.9690,-0.0004,-0.0001,3.1415,0.7851,3.1415,-4702.2021,-28636.2949,24.5244,1
-4703.1636,-28634.3926,24.9425,-5252.6157,-28084.4551,21.4419,-4697.9502,-28632.5723,28.8177,779.8295,-0.0010,0.0014,3.1415,0.7851,3.1415,-4702.0962,-28636.1484,24.6301,1
-4703.1636,-28634.3926,24.9425,-5252.6157,-28084.4551,21.4418,-4700.2173,-28640.3398,26.3608,783.6904,0.0005,0.0009,3.1415,0.7851,3.1415,-4702.0527,-28636.2441,24.6668,1
-4703.1636,-28634.3926,24.9425,-5252.6157,-28084.4551,21.4419,-4702.7407,-28633.1211,28.0566,776.8105,-0.0002,0.0012,3.1415,0.7851,3.1415,-4702.0859,-28636.1191,24.7629,1
-4703.1636,-28634.3926,24.9425,-5252.6157,-28084.4551,21.4419,-4701.9072,-28630.9707,21.4541,775.8599,-0.0007,-0.0001,3.1415,0.7851,3.1415,-4702.0933,-28635.9180,24.6538,1
-4703.1636,-28634.3926,24.9425,-5252.6157,-28084.4551,21.4420,-4704.1987,-28638.6719,28.7995,779.7204,0.0008,0.0014,3.1415,0.7851,3.1415,-4702.1733,-28635.9551,24.7739,1
-4703.1636,-28634.3926,24.9425,-5252.6157,-28084.4551,21.4419,-4699.5332,-28639.5039,26.3555,783.5813,0.0002,0.0009,3.1415,0.7851,3.1415,-4702.1079,-28636.0254,24.8245,1
-4703.1636,-28634.3926,24.9425,-5252.6157,-28084.4551,21.4418,-4705.8770,-28629.3281,23.8357,771.8898,-0.0003,0.0004,3.1415,0.7851,3.1415,-4702.2407,-28635.7773,24.7975,1
-4703.1636,-28634.3926,24.9425,-5252.6157,-28084.4551,21.4419,-4701.2363,-28630.1387,21.5113,775.7505,-0.0009,-0.0001,3.1415,0.7851,3.1415,-4702.2310,-28635.5430,24.6935,1
-4703.1636,-28634.3926,24.9425,-5252.6157,-28084.4551,21.4419,-4703.5171,-28637.8418,28.8368,779.6110,0.0006,0.0014,3.1415,0.7851,3.1415,-4702.2915,-28635.5469,24.8180,1
-4703.1636,-28634.3926,24.9425,-5252.6157,-28084.4551,21.4420,-4698.8511,-28638.6680,26.4080,783.4719,0.0000,0.0009,3.1415,0.7851,3.1415,-4702.2051,-28635.5840,24.8733,1
-4703.1636,-28634.3926,24.9425,-5252.6157,-28084.4551,21.4419,-4705.2090,-28628.5020,23.9008,771.7804,-0.0005,0.0004,3.1415,0.7851,3.1415,-4702.3149,-28635.3027,24.8512,1
-4703.1636,-28634.3926,24.9425,-5252.6157,-28084.4551,21.4418,-4707.4575,-28636.1992,21.4196,775.6414,0.0009,-0.0001,3.1415,0.7851,3.1415,-4702.5029,-28635.2578,24.7469,1
-4703.1636,-28634.3926,24.9425,-5252.6157,-28084.4551,21.4419,-4702.8364,-28637.0117,28.8138,779.5019,0.0004,0.0014,3.1415,0.7851,3.1415,-4702.5513,-28635.2422,24.8730,1
-4703.1636,-28634.3926,24.9425,-5252.6157,-28084.4551,21.4419,-4698.1694,-28637.8320,26.3665,783.3629,-0.0002,0.0009,3.1415,0.7851,3.1415,-4702.4502,-28635.2598,24.9289,1
-4703.1636,-28634.3926,24.9425,-5252.6157,-28084.4551,21.4420,-4704.5415,-28627.6738,23.8745,771.6713,-0.0008,0.0004,3.1415,0.7851,3.1415,-4702.5435,-28634.9551,24.9076,1
-4703.1636,-28634.3926,24.9425,-5252.6157,-28084.4551,21.4419,-4706.7788,-28635.3750,21.4199,775.5323,0.0007,-0.0001,3.1415,0.7851,3.1415,-4702.7114,-28634.8887,24.8047,1
-4703.1636,-28634.3926,24.9425,-5252.6157,-28084.4551,21.4418,-4707.9468,-28628.5527,29.6027,769.9120,-0.0001,0.0016,3.1415,0.7851,3.1415,-4702.9263,-28634.6035,24.9590,1
-4703.1636,-28634.3926,24.9425,-5252.6157,-28084.4551,21.4419,-4709.6558,-28631.1641,28.0713,770.5418,0.0005,0.0013,3.1415,0.7851,3.1415,-4703.2056,-28634.3926,25.0737,1
-4703.1636,-28634.3926,24.9425,-5252.6157,-28084.4551,21.4419,-4703.8750,-28626.8477,23.8465,771.5627,-0.0010,0.0004,3.1415,0.7851,3.1415,-4703.3096,-28634.0391,25.0573,1
-4703.1636,-28634.3926,24.9425,-5252.6157,-28084.4551,21.4420,-4706.1016,-28634.5488,21.4213,775.4232,0.0005,-0.0001,3.1415,0.7851,3.1415,-4703.4834,-28633.9219,24.9596,1
-4703.1636,-28634.3926,24.9425,-5252.6157,-28084.4551,21.4419,-4701.4780,-28635.3496,28.7475,779.2841,-0.0001,0.0014,3.1415,0.7851,3.1415,-4703.5112,-28633.8359,25.0891,1
-4703.1636,-28634.3926,24.9425,-5252.6157,-28084.4551,21.4418,-4696.8096,-28636.1582,26.2912,783.1446,-0.0006,0.0009,3.1415,0.7851,3.1415,-4703.3828,-28633.7852,25.1473,1
-4703.1636,-28634.3926,24.9425,-5252.6157,-28084.4551,21.4419,-4697.6763,-28638.0820,25.4357,783.8836,-0.0002,0.0007,3.1415,0.7851,3.1415,-4703.2656,-28633.8027,25.1800,1
-4703.1636,-28634.3926,24.9425,-5252.6157,-28084.4551,21.4419,-4705.4253,-28633.7227,21.3893,775.3141,0.0003,-0.0001,3.1415,0.7851,3.1415,-4703.3823,-28633.6953,25.0820,1
-4703.1636,-28634.3926,24.9425,-5252.6157,-28084.4551,21.4420,-4700.8008,-28634.5176,28.7286,779.1751,-0.0003,0.0014,3.1415,0.7851,3.1415,-4703.3530,-28633.6172,25.2114,1
-4703.1636,-28634.3926,24.9425,-5252.6157,-28084.4551,21.4419,-4696.1313,-28635.3184,26.2860,783.0355,-0.0009,0.0009,3.1415,0.7851,3.1415,-4703.1680,-28633.5703,25.2693,1
-4703.1636,-28634.3926,24.9425,-5252.6157,-28084.4551,21.4418,-4709.3843,-28632.0586,23.7697,771.3444,0.0006,0.0004,3.1415,0.7851,3.1415,-4703.3921,-28633.4238,25.2476,1
-4703.1636,-28634.3926,24.9425,-5252.6157,-28084.4551,21.4419,-4704.7515,-28632.8945,21.4465,775.2048,0.0000,-0.0001,3.1415,0.7851,3.1415,-4703.4785,-28633.3066,25.1471,1
-4703.1636,-28634.3926,24.9425,-5252.6157,-28084.4551,21.4419,-4700.1250,-28633.6816,28.7659,779.0657,-0.0005,0.0014,3.1415,0.7851,3.1415,-4703.4175,-28633.2168,25.2734,1
-4703.1636,-28634.3926,24.9425,-5252.6157,-28084.4551,21.4420,-4702.4102,-28641.4355,26.3392,782.9261,0.0009,0.0009,3.1415,0.7851,3.1415,-4703.4209,-28633.3789,25.3288,1
-4703.1636,-28634.3926,24.9425,-5252.6157,-28084.4551,21.4419,-4700.0708,-28635.6543,28.2860,780.4919,-0.0002,0.0013,3.1415,0.7851,3.1415,-4703.3462,-28633.3770,25.4481,1
-4703.1636,-28634.3926,24.9425,-5252.6157,-28084.4551,21.4418,-4704.0757,-28632.0645,21.3542,775.0956,-0.0002,-0.0001,3.1415,0.7851,3.1415,-4703.3921,-28633.2656,25.3497,1
-4703.1636,-28634.3926,24.9425,-5252.6157,-28084.4551,21.4419,-4699.4497,-28632.8477,28.7434,778.9566,-0.0007,0.0014,3.1415,0.7851,3.1415,-4703.2900,-28633.1816,25.4795,1
-4703.1636,-28634.3926,24.9425,-5252.6157,-28084.4551,21.4419,-4701.7241,-28640.6055,26.2979,782.8171,0.0007,0.0009,3.1415,0.7851,3.1415,-4703.2520,-28633.3457,25.5369,1
-4703.1636,-28634.3926,24.9425,-5252.6157,-28084.4551,21.4420,-4708.0396,-28630.4121,23.8086,771.1260,0.0002,0.0004,3.1415,0.7851,3.1415,-4703.4141,-28633.2012,25.5145,1
-4703.1636,-28634.3926,24.9425,-5252.6157,-28084.4551,21.4419,-4703.4033,-28631.2363,21.3548,774.9865,-0.0004,-0.0001,3.1415,0.7851,3.1415,-4703.4360,-28633.0801,25.4085,1
-4703.1636,-28634.3926,24.9425,-5252.6157,-28084.4551,21.4418,-4698.7759,-28632.0137,28.6632,778.8475,-0.0010,0.0014,3.1415,0.7851,3.1415,-4703.3086,-28632.9805,25.5281,1
-4703.1636,-28634.3926,24.9425,-5252.6157,-28084.4551,21.4419,-4701.0400,-28639.7715,26.2887,782.7079,0.0005,0.0009,3.1415,0.7851,3.1415,-4703.2437,-28633.1309,25.5775,1
-4703.1636,-28634.3926,24.9425,-5252.6157,-28084.4551,21.4419,-4707.3691,-28629.5879,23.7807,771.0168,-0.0001,0.0004,3.1415,0.7851,3.1415,-4703.3779,-28632.9688,25.5467,1
-4703.1636,-28634.3926,24.9425,-5252.6157,-28084.4551,21.4420,-4702.7319,-28630.4062,21.3562,774.8773,-0.0006,-0.0001,3.1415,0.7851,3.1415,-4703.3701,-28632.8301,25.4331,1
-4703.1636,-28634.3926,24.9425,-5252.6157,-28084.4551,21.4419,-4705.0215,-28628.5781,27.2918,771.9827,-0.0006,0.0011,3.1415,0.7851,3.1415,-4703.4351,-28632.6270,25.5019,1
-4703.1636,-28634.3926,24.9425,-5252.6157,-28084.4551,21.4418,-4700.3560,-28638.9375,26.2228,782.5988,0.0003,0.0009,3.1415,0.7851,3.1415,-4703.3535,-28632.7500,25.5392,1
-4703.1636,-28634.3926,24.9425,-5252.6157,-28084.4551,21.4419,-4706.7002,-28628.7637,23.7867,770.9077,-0.0003,0.0004,3.1415,0.7851,3.1415,-4703.4688,-28632.5625,25.4989,1
-4703.1636,-28634.3926,24.9425,-5252.6157,-28084.4551,21.4419,-4702.0620,-28629.5762,21.3243,774.7683,-0.0008,-0.0001,3.1415,0.7851,3.1415,-4703.4409,-28632.3965,25.3752,1
-4703.1636,-28634.3926,24.9425,-5252.6157,-28084.4551,21.4420,-4704.3369,-28637.2734,28.6587,778.6292,0.0006,0.0014,3.1415,0.7851,3.1415,-4703.4824,-28632.4727,25.4785,1
-4703.1636,-28634.3926,24.9425,-5252.6157,-28084.4551,21.4419,-4699.6738,-28638.1035,26.2176,782.4897,0.0001,0.0009,3.1415,0.7851,3.1415,-4703.3765,-28632.5879,25.5102,1
-4703.1636,-28634.3926,24.9425,-5252.6157,-28084.4551,21.4418,-4706.0317,-28627.9375,23.7032,770.7986,-0.0005,0.0004,3.1415,0.7851,3.1415,-4703.4663,-28632.3906,25.4620,1
-4703.1636,-28634.3926,24.9425,-5252.6157,-28084.4551,21.4419,-4708.2769,-28635.6270,21.3820,774.6589,0.0009,-0.0001,3.1415,0.7851,3.1415,-4703.6338,-28632.4336,25.3350,1
-4703.1636,-28634.3926,24.9425,-5252.6157,-28084.4551,21.4419,-4703.6572,-28636.4453,28.6960,778.5199,0.0004,0.0014,3.1415,0.7851,3.1415,-4703.6616,-28632.5117,25.4348,1
-4703.1636,-28634.3926,24.9425,-5252.6157,-28084.4551,21.4420,-4698.9937,-28637.2676,26.2699,782.3804,-0.0002,0.0009,3.1415,0.7851,3.1415,-4703.5400,-28632.6250,25.4638,1
-4703.1636,-28634.3926,24.9425,-5252.6157,-28084.4551,21.4419,-4705.3657,-28627.1113,23.7682,770.6893,-0.0007,0.0004,3.1415,0.7851,3.1415,-4703.6118,-28632.4238,25.4138,1
-4703.1636,-28634.3926,24.9425,-5252.6157,-28084.4551,21.4418,-4707.5986,-28634.8027,21.2899,774.5498,0.0007,-0.0001,3.1415,0.7851,3.1415,-4703.7588,-28632.4590,25.2803,1
-4703.1636,-28634.3926,24.9425,-5252.6157,-28084.4551,21.4419,-4702.9785,-28635.6152,28.6731,778.4108,0.0002,0.0014,3.1415,0.7851,3.1415,-4703.7642,-28632.5273,25.3760,1
-4703.1636,-28634.3926,24.9425,-5252.6157,-28084.4551,21.4419,-4698.3140,-28636.4336,26.2286,782.2712,-0.0004,0.0009,3.1415,0.7851,3.1415,-4703.6182,-28632.6289,25.4005,1
-4703.1636,-28634.3926,24.9425,-5252.6157,-28084.4551,21.4420,-4704.7002,-28626.2852,23.7420,770.5802,-0.0009,0.0004,3.1415,0.7851,3.1415,-4703.6646,-28632.4121,25.3467,1
-4703.1636,-28634.3926,24.9425,-5252.6157,-28084.4551,21.4419,-4697.5229,-28634.6133,27.3754,781.5570,-0.0008,0.0011,3.1415,0.7851,3.1415,-4703.4829,-28632.4512,25.4063,1
-4703.1636,-28634.3926,24.9425,-5252.6157,-28084.4551,21.4418,-4702.3008,-28634.7852,28.5932,778.3016,-0.0000,0.0014,3.1415,0.7851,3.1415,-4703.4404,-28632.5020,25.5097,1
-4703.1636,-28634.3926,24.9425,-5252.6157,-28084.4551,21.4419,-4697.6362,-28635.5977,26.2194,782.1622,-0.0006,0.0009,3.1415,0.7851,3.1415,-4703.2466,-28632.5840,25.5434,1
-4703.1636,-28634.3926,24.9425,-5252.6157,-28084.4551,21.4419,-4710.8784,-28632.3086,23.7149,770.4710,0.0008,0.0004,3.1415,0.7851,3.1415,-4703.4683,-28632.5684,25.4971,1
-4703.1636,-28634.3926,24.9425,-5252.6157,-28084.4551,21.4420,-4698.7266,-28633.4023,28.8058,779.8613,-0.0008,0.0014,3.1415,0.7851,3.1415,-4703.3145,-28632.5879,25.6105,1
-4703.1636,-28634.3926,24.9425,-5252.6157,-28084.4551,21.4419,-4701.6250,-28633.9531,28.6069,778.1926,-0.0003,0.0014,3.1415,0.7851,3.1415,-4703.2432,-28632.6270,25.7244,1
-4703.1636,-28634.3926,24.9425,-5252.6157,-28084.4551,21.4418,-4696.9585,-28634.7598,26.1534,782.0530,-0.0008,0.0009,3.1415,0.7851,3.1415,-4703.0205,-28632.6934,25.7649,1
-4703.1636,-28634.3926,24.9425,-5252.6157,-28084.4551,21.4419,-4710.2046,-28631.4883,23.7206,770.3619,0.0006,0.0004,3.1415,0.7851,3.1415,-4703.2124,-28632.6602,25.7266,1
-4703.1636,-28634.3926,24.9425,-5252.6157,-28084.4551,21.4419,-4705.5747,-28632.3301,21.2598,774.2225,0.0001,-0.0001,3.1415,0.7851,3.1415,-4703.2700,-28632.6504,25.6040,1
-4703.1636,-28634.3926,24.9425,-5252.6157,-28084.4551,21.4420,-4702.0991,-28628.5879,24.9359,774.0535,-0.0010,0.0006,3.1415,0.7851,3.1415,-4703.2212,-28632.5195,25.5899,1
-4703.1636,-28634.3926,24.9425,-5252.6157,-28084.4551,21.4419,-4698.4614,-28640.5879,21.1118,785.0939,0.0002,-0.0002,3.1415,0.7851,3.1415,-4703.0547,-28632.7656,25.4527,1
-4703.1636,-28634.3926,24.9425,-5252.6157,-28084.4551,21.4418,-4709.5352,-28630.6699,23.6376,770.2529,0.0004,0.0004,3.1415,0.7851,3.1415,-4703.2358,-28632.7109,25.3854,1
-4703.1636,-28634.3926,24.9425,-5252.6157,-28084.4551,21.4419,-4704.9028,-28631.5020,21.3165,774.1131,-0.0001,-0.0001,3.1415,0.7851,3.1415,-4703.2808,-28632.6777,25.2399,1
-4703.1636,-28634.3926,24.9425,-5252.6157,-28084.4551,21.4419,-4700.2778,-28632.2891,28.6250,777.9741,-0.0007,0.0014,3.1415,0.7851,3.1415,-4703.1807,-28632.6680,25.3220,1
-4703.1636,-28634.3926,24.9425,-5252.6157,-28084.4551,21.4420,-4699.6499,-28639.3789,22.6137,783.3979,0.0002,0.0001,3.1415,0.7851,3.1415,-4703.0547,-28632.8828,25.2194,1
-4703.1636,-28634.3926,24.9425,-5252.6157,-28084.4551,21.4419,-4700.9595,-28634.5898,22.9537,779.0856,-0.0003,0.0002,3.1415,0.7851,3.1415,-4702.9639,-28632.9590,25.1222,1
-4703.1636,-28634.3926,24.9425,-5252.6157,-28084.4551,21.4418,-4704.2305,-28630.6738,21.2244,774.0040,-0.0004,-0.0001,3.1415,0.7851,3.1415,-4702.9746,-28632.9141,24.9649,1
-4703.1636,-28634.3926,24.9425,-5252.6157,-28084.4551,21.4419,-4699.6060,-28631.4551,28.6026,777.8650,-0.0009,0.0014,3.1415,0.7851,3.1415,-4702.8398,-28632.8867,25.0384,1
-4703.1636,-28634.3926,24.9425,-5252.6157,-28084.4551,21.4419,-4701.8647,-28639.2070,26.1600,781.7255,0.0005,0.0009,3.1415,0.7851,3.1415,-4702.7720,-28633.1035,25.0422,1
-4703.1636,-28634.3926,24.9425,-5252.6157,-28084.4551,21.4420,-4708.1943,-28629.0234,23.6760,770.0344,-0.0000,0.0004,3.1415,0.7851,3.1415,-4702.9087,-28633.0059,24.9694,1
-4703.1636,-28634.3926,24.9425,-5252.6157,-28084.4551,21.4419,-4703.5601,-28629.8457,21.2249,773.8950,-0.0006,-0.0001,3.1415,0.7851,3.1415,-4702.9072,-28632.9258,24.8158,1
-4703.1636,-28634.3926,24.9425,-5252.6157,-28084.4551,21.4418,-4705.8408,-28637.5352,28.5233,777.7559,0.0009,0.0014,3.1415,0.7851,3.1415,-4702.9814,-28633.0859,24.8907,1
-4703.1636,-28634.3926,24.9425,-5252.6157,-28084.4551,21.4419,-4701.1821,-28638.3750,26.1507,781.6164,0.0003,0.0009,3.1415,0.7851,3.1415,-4702.9126,-28633.2812,24.8984,1
-4703.1636,-28634.3926,24.9425,-5252.6157,-28084.4551,21.4419,-4707.5254,-28628.2012,23.6483,769.9253,-0.0002,0.0004,3.1415,0.7851,3.1415,-4703.0459,-28633.1602,24.8292,1
-4703.1636,-28634.3926,24.9425,-5252.6157,-28084.4551,21.4420,-4702.8906,-28629.0156,21.2264,773.7858,-0.0008,-0.0001,3.1415,0.7851,3.1415,-4703.0386,-28633.0527,24.6804,1
-4703.1636,-28634.3926,24.9425,-5252.6157,-28084.4551,21.4419,-4705.1602,-28636.7090,28.5369,777.6468,0.0006,0.0013,3.1415,0.7851,3.1415,-4703.1045,-28633.1836,24.7608,1
-4703.1636,-28634.3926,24.9425,-5252.6157,-28084.4551,21.4418,-4700.5000,-28637.5410,26.0849,781.5072,0.0001,0.0008,3.1415,0.7851,3.1415,-4703.0254,-28633.3477,24.7717,1
-4703.1636,-28634.3926,24.9425,-5252.6157,-28084.4551,21.4419,-4706.8584,-28627.3750,23.6541,769.8161,-0.0005,0.0003,3.1415,0.7851,3.1415,-4703.1455,-28633.1914,24.7082,1
-4703.1636,-28634.3926,24.9425,-5252.6157,-28084.4551,21.4419,-4709.0991,-28635.0586,21.1955,773.6767,0.0010,-0.0002,3.1415,0.7851,3.1415,-4703.3462,-28633.2715,24.5640,1
-4703.1636,-28634.3926,24.9425,-5252.6157,-28084.4551,21.4420,-4704.4810,-28635.8809,28.5184,777.5377,0.0004,0.0013,3.1415,0.7851,3.1415,-4703.4092,-28633.3809,24.6496,1
-4703.1636,-28634.3926,24.9425,-5252.6157,-28084.4551,21.4419,-4699.8203,-28636.7070,26.0800,781.3981,-0.0001,0.0008,3.1415,0.7851,3.1415,-4703.3247,-28633.5195,24.6663,1
-4703.1636,-28634.3926,24.9425,-5252.6157,-28084.4551,21.4418,-4695.1519,-28637.5039,23.6039,785.2591,-0.0007,0.0003,3.1415,0.7851,3.1415,-4703.0830,-28633.6895,24.6079,1
-4703.1636,-28634.3926,24.9425,-5252.6157,-28084.4551,21.4419,-4696.0513,-28635.9297,29.0827,783.5427,-0.0008,0.0014,3.1415,0.7851,3.1415,-4702.8525,-28633.8164,24.7228,1
-4703.1636,-28634.3926,24.9425,-5252.6157,-28084.4551,21.4419,-4706.0581,-28635.4941,22.6236,776.1240,0.0006,0.0001,3.1415,0.7851,3.1415,-4702.9277,-28633.9336,24.6413,1
-4703.1636,-28634.3926,24.9425,-5252.6157,-28084.4551,21.4420,-4699.1416,-28635.8730,26.1325,781.2888,-0.0003,0.0009,3.1415,0.7851,3.1415,-4702.7886,-28634.0625,24.6687,1
-4703.1636,-28634.3926,24.9425,-5252.6157,-28084.4551,21.4419,-4694.4731,-28636.6641,23.6702,785.1497,-0.0009,0.0004,3.1415,0.7851,3.1415,-4702.4941,-28634.2188,24.6212,1
-4703.1636,-28634.3926,24.9425,-5252.6157,-28084.4551,21.4418,-4707.7466,-28633.4121,21.1605,773.4583,0.0005,-0.0002,3.1415,0.7851,3.1415,-4702.6089,-28634.2734,24.4906,1
-4703.1636,-28634.3926,24.9425,-5252.6157,-28084.4551,21.4419,-4703.1270,-28634.2227,28.5328,777.3192,-0.0000,0.0013,3.1415,0.7851,3.1415,-4702.5869,-28634.3496,24.5911,1
-4703.1636,-28634.3926,24.9425,-5252.6157,-28084.4551,21.4419,-4698.4648,-28635.0371,26.0909,781.1797,-0.0006,0.0008,3.1415,0.7851,3.1415,-4702.4180,-28634.4492,24.6223,1
-4703.1636,-28634.3926,24.9425,-5252.6157,-28084.4551,21.4420,-4700.7676,-28642.8008,23.6441,785.0406,0.0009,0.0003,3.1415,0.7851,3.1415,-4702.3159,-28634.7949,24.5791,1
-4703.1636,-28634.3926,24.9425,-5252.6157,-28084.4551,21.4419,-4707.0723,-28632.5879,21.1608,773.3491,0.0003,-0.0002,3.1415,0.7851,3.1415,-4702.4155,-28634.8281,24.4535,1
-4703.1636,-28634.3926,24.9425,-5252.6157,-28084.4551,21.4418,-4702.4512,-28633.3926,28.4529,777.2101,-0.0002,0.0013,3.1415,0.7851,3.1415,-4702.3774,-28634.8809,24.5564,1
-4703.1636,-28634.3926,24.9425,-5252.6157,-28084.4551,21.4419,-4697.7886,-28634.2012,26.0819,781.0706,-0.0008,0.0008,3.1415,0.7851,3.1415,-4702.1914,-28634.9512,24.5920,1
-4703.1636,-28634.3926,24.9425,-5252.6157,-28084.4551,21.4419,-4700.0801,-28641.9668,23.6158,784.9315,0.0007,0.0003,3.1415,0.7851,3.1415,-4702.0708,-28635.2656,24.5525,1
-4703.1636,-28634.3926,24.9425,-5252.6157,-28084.4551,21.4420,-4706.3989,-28631.7637,21.1623,773.2400,0.0001,-0.0002,3.1415,0.7851,3.1415,-4702.1514,-28635.2637,24.4315,1
-4703.1636,-28634.3926,24.9425,-5252.6157,-28084.4551,21.4419,-4701.7773,-28632.5605,28.4666,777.1010,-0.0004,0.0013,3.1415,0.7851,3.1415,-4702.0933,-28635.2773,24.5393,1
-4703.1636,-28634.3926,24.9425,-5252.6157,-28084.4551,21.4418,-4697.1128,-28633.3633,26.0159,780.9614,-0.0010,0.0008,3.1415,0.7851,3.1415,-4701.8872,-28635.3086,24.5772,1
-4703.1636,-28634.3926,24.9425,-5252.6157,-28084.4551,21.4419,-4699.3936,-28641.1309,23.6218,784.8223,0.0004,0.0003,3.1415,0.7851,3.1415,-4701.7456,-28635.5801,24.5420,1
-4703.1636,-28634.3926,24.9425,-5252.6157,-28084.4551,21.4419,-4705.7271,-28630.9375,21.1304,773.1309,-0.0001,-0.0002,3.1415,0.7851,3.1415,-4701.8047,-28635.5332,24.4240,1
-4703.1636,-28634.3926,24.9425,-5252.6157,-28084.4551,21.4420,-4701.1045,-28631.7285,28.4479,776.9918,-0.0007,0.0013,3.1415,0.7851,3.1415,-4701.7251,-28635.4980,24.5352,1
-4703.1636,-28634.3926,24.9425,-5252.6157,-28084.4551,21.4419,-4703.3701,-28639.4707,26.0115,780.8523,0.0008,0.0008,3.1415,0.7851,3.1415,-4701.7192,-28635.7031,24.5767,1
-4703.1636,-28634.3926,24.9425,-5252.6157,-28084.4551,21.4418,-4698.7080,-28640.2949,23.5370,784.7133,0.0002,0.0003,3.1415,0.7851,3.1415,-4701.5693,-28635.9375,24.5424,1
-4703.1636,-28634.3926,24.9425,-5252.6157,-28084.4551,21.4419,-4705.0562,-28630.1113,21.1875,773.0215,-0.0003,-0.0002,3.1415,0.7851,3.1415,-4701.6196,-28635.8516,24.4296,1
-4703.1636,-28634.3926,24.9425,-5252.6157,-28084.4551,21.4419,-4700.4331,-28630.8965,28.4848,776.8824,-0.0009,0.0013,3.1415,0.7851,3.1415,-4701.5298,-28635.7754,24.5453,1
-4703.1636,-28634.3926,24.9425,-5252.6157,-28084.4551,21.4420,-4702.6875,-28638.6406,26.0638,780.7429,0.0006,0.0008,3.1415,0.7851,3.1415,-4701.5117,-28635.9355,24.5917,1
-4703.1636,-28634.3926,24.9425,-5252.6157,-28084.4551,21.4419,-4698.0249,-28639.4590,23.6032,784.6039,0.0000,0.0003,3.1415,0.7851,3.1415,-4701.3491,-28636.1230,24.5628,1
-4703.1636,-28634.3926,24.9425,-5252.6157,-28084.4551,21.4418,-4704.3862,-28629.2832,21.0953,772.9124,-0.0005,-0.0002,3.1415,0.7851,3.1415,-4701.3853,-28635.9902,24.4501,1
-4703.1636,-28634.3926,24.9425,-5252.6157,-28084.4551,21.4419,-4703.1377,-28635.5059,20.2385,778.1948,0.0002,-0.0004,3.1415,0.7851,3.1415,-4701.3896,-28636.0391,24.3035,1
-4703.1636,-28634.3926,24.9425,-5252.6157,-28084.4551,21.4419,-4702.0059,-28637.8105,26.0226,780.6339,0.0003,0.0008,3.1415,0.7851,3.1415,-4701.3628,-28636.1602,24.3341,1
-4703.1636,-28634.3926,24.9425,-5252.6157,-28084.4551,21.4420,-4697.3423,-28638.6211,23.5764,784.4948,-0.0002,0.0003,3.1415,0.7851,3.1415,-4701.1899,-28636.3086,24.2910,1
-4703.1636,-28634.3926,24.9425,-5252.6157,-28084.4551,21.4419,-4703.7178,-28628.4551,21.0958,772.8033,-0.0008,-0.0002,3.1415,0.7851,3.1415,-4701.2148,-28636.1309,24.1663,1
-4703.1636,-28634.3926,24.9425,-5252.6157,-28084.4551,21.4418,-4705.9819,-28636.1406,28.3833,776.6643,0.0007,0.0013,3.1415,0.7851,3.1415,-4701.3193,-28636.1816,24.2708,1
-4703.1636,-28634.3926,24.9425,-5252.6157,-28084.4551,21.4419,-4701.3252,-28636.9766,26.0134,780.5248,0.0001,0.0008,3.1415,0.7851,3.1415,-4701.2861,-28636.2598,24.3087,1
-4703.1636,-28634.3926,24.9425,-5252.6157,-28084.4551,21.4419,-4696.6606,-28637.7832,23.5483,784.3857,-0.0004,0.0003,3.1415,0.7851,3.1415,-4701.1050,-28636.3613,24.2719,1
-4703.1636,-28634.3926,24.9425,-5252.6157,-28084.4551,21.4420,-4703.0522,-28627.6270,21.0974,772.6942,-0.0010,-0.0002,3.1415,0.7851,3.1415,-4701.1201,-28636.1367,24.1544,1
-4703.1636,-28634.3926,24.9425,-5252.6157,-28084.4551,21.4419,-4705.3047,-28635.3145,28.3968,776.5552,0.0005,0.0013,3.1415,0.7851,3.1415,-4701.2134,-28636.1426,24.2662,1
-4703.1636,-28634.3926,24.9425,-5252.6157,-28084.4551,21.4418,-4700.6460,-28636.1445,25.9477,780.4156,-0.0001,0.0008,3.1415,0.7851,3.1415,-4701.1670,-28636.1699,24.3087,1
-4703.1636,-28634.3926,24.9425,-5252.6157,-28084.4551,21.4419,-4695.9814,-28636.9453,23.5542,784.2766,-0.0006,0.0003,3.1415,0.7851,3.1415,-4700.9717,-28636.2227,24.2785,1
-4703.1636,-28634.3926,24.9425,-5252.6157,-28084.4551,21.4419,-4695.7402,-28636.0742,22.2264,783.8329,-0.0008,0.0001,3.1415,0.7851,3.1415,-4700.7588,-28636.2480,24.2045,1
-4703.1636,-28634.3926,24.9425,-5252.6157,-28084.4551,21.4420,-4704.6270,-28634.4863,28.3781,776.4460,0.0002,0.0013,3.1415,0.7851,3.1415,-4700.8213,-28636.2227,24.3241,1
-4703.1636,-28634.3926,24.9425,-5252.6157,-28084.4551,21.4419,-4699.9678,-28635.3105,25.9425,780.3065,-0.0003,0.0008,3.1415,0.7851,3.1415,-4700.7441,-28636.2168,24.3742,1
-4703.1636,-28634.3926,24.9425,-5252.6157,-28084.4551,21.4418,-4695.3018,-28636.1055,23.4692,784.1674,-0.0009,0.0003,3.1415,0.7851,3.1415,-4700.5186,-28636.2344,24.3487,1
-4703.1636,-28634.3926,24.9425,-5252.6157,-28084.4551,21.4419,-4696.9370,-28634.8691,23.7284,782.1368,-0.0008,0.0004,3.1415,0.7851,3.1415,-4700.3354,-28636.2129,24.3293,1
-4703.1636,-28634.3926,24.9425,-5252.6157,-28084.4551,21.4419,-4703.9512,-28633.6582,28.4150,776.3367,0.0000,0.0013,3.1415,0.7851,3.1415,-4700.3721,-28636.1465,24.4595,1
-4703.1636,-28634.3926,24.9425,-5252.6157,-28084.4551,21.4420,-4699.2910,-28634.4766,25.9947,780.1971,-0.0005,0.0008,3.1415,0.7851,3.1415,-4700.2695,-28636.1016,24.5200,1
-4703.1636,-28634.3926,24.9425,-5252.6157,-28084.4551,21.4419,-4701.5898,-28642.2324,23.5362,784.0582,0.0009,0.0003,3.1415,0.7851,3.1415,-4700.2402,-28636.3008,24.5047,1
-4703.1636,-28634.3926,24.9425,-5252.6157,-28084.4551,21.4418,-4707.8950,-28632.0215,21.0312,772.3666,0.0004,-0.0002,3.1415,0.7851,3.1415,-4700.4214,-28636.1836,24.4052,1
-4703.1636,-28634.3926,24.9425,-5252.6157,-28084.4551,21.4419,-4703.2764,-28632.8281,28.3926,776.2276,-0.0002,0.0013,3.1415,0.7851,3.1415,-4700.4702,-28636.0859,24.5356,1
-4703.1636,-28634.3926,24.9425,-5252.6157,-28084.4551,21.4419,-4698.6152,-28633.6406,25.9535,780.0881,-0.0007,0.0008,3.1415,0.7851,3.1415,-4700.3770,-28636.0059,24.5955,1
-4703.1636,-28634.3926,24.9425,-5252.6157,-28084.4551,21.4420,-4700.9028,-28641.3984,23.5097,783.9490,0.0007,0.0003,3.1415,0.7851,3.1415,-4700.3545,-28636.1680,24.5797,1
-4703.1636,-28634.3926,24.9425,-5252.6157,-28084.4551,21.4419,-4707.2222,-28631.1973,21.0318,772.2576,0.0001,-0.0002,3.1415,0.7851,3.1415,-4700.5391,-28636.0137,24.4802,1
-4703.1636,-28634.3926,24.9425,-5252.6157,-28084.4551,21.4418,-4700.2236,-28635.4961,27.5886,780.2657,-0.0002,0.0012,3.1415,0.7851,3.1415,-4700.5132,-28635.9902,24.5840,1
-4703.1636,-28634.3926,24.9425,-5252.6157,-28084.4551,21.4419,-4700.8843,-28631.8867,28.7471,777.2614,-0.0007,0.0014,3.1415,0.7851,3.1415,-4700.5083,-28635.8477,24.7318,1
-4703.1636,-28634.3926,24.9425,-5252.6157,-28084.4551,21.4419,-4700.2173,-28640.5645,23.4814,783.8399,0.0005,0.0003,3.1415,0.7851,3.1415,-4700.4834,-28635.9766,24.7186,1
-4703.1636,-28634.3926,24.9425,-5252.6157,-28084.4551,21.4420,-4706.5508,-28630.3711,21.0333,772.1484,-0.0001,-0.0002,3.1415,0.7851,3.1415,-4700.6631,-28635.7871,24.6221,1
-4703.1636,-28634.3926,24.9425,-5252.6157,-28084.4551,21.4419,-4701.9297,-28631.1680,28.3267,776.0093,-0.0006,0.0013,3.1415,0.7851,3.1415,-4700.7065,-28635.6133,24.7527,1
-4703.1636,-28634.3926,24.9425,-5252.6157,-28084.4551,21.4418,-4704.1919,-28638.9023,25.8798,779.8698,0.0008,0.0008,3.1415,0.7851,3.1415,-4700.8247,-28635.6777,24.8115,1
-4703.1636,-28634.3926,24.9425,-5252.6157,-28084.4551,21.4419,-4699.5327,-28639.7305,23.4874,783.7308,0.0003,0.0003,3.1415,0.7851,3.1415,-4700.8008,-28635.7773,24.7954,1
-4703.1636,-28634.3926,24.9425,-5252.6157,-28084.4551,21.4419,-4705.8809,-28629.5469,21.0015,772.0392,-0.0003,-0.0002,3.1415,0.7851,3.1415,-4700.9785,-28635.5605,24.6945,1
-4703.1636,-28634.3926,24.9425,-5252.6157,-28084.4551,21.4420,-4701.2588,-28630.3359,28.3081,775.9002,-0.0008,0.0013,3.1415,0.7851,3.1415,-4701.0166,-28635.3555,24.8209,1
-4703.1636,-28634.3926,24.9425,-5252.6157,-28084.4551,21.4419,-4703.5098,-28638.0742,25.8745,779.7607,0.0006,0.0008,3.1415,0.7851,3.1415,-4701.1265,-28635.3906,24.8760,1
-4703.1636,-28634.3926,24.9425,-5252.6157,-28084.4551,21.4418,-4698.8501,-28638.8945,23.4028,783.6216,0.0001,0.0003,3.1415,0.7851,3.1415,-4701.0913,-28635.4590,24.8534,1
-4703.1636,-28634.3926,24.9425,-5252.6157,-28084.4551,21.4419,-4705.2124,-28628.7207,21.0585,771.9299,-0.0005,-0.0002,3.1415,0.7851,3.1415,-4701.2554,-28635.2070,24.7503,1
-4703.1636,-28634.3926,24.9425,-5252.6157,-28084.4551,21.4419,-4707.4829,-28636.3984,28.3456,775.7909,0.0009,0.0013,3.1415,0.7851,3.1415,-4701.4990,-28635.1914,24.8740,1
-4703.1636,-28634.3926,24.9425,-5252.6157,-28084.4551,21.4420,-4701.4502,-28637.2031,21.7582,780.5859,0.0002,-0.0000,3.1415,0.7851,3.1415,-4701.5601,-28635.2051,24.7933,1
-4703.1636,-28634.3926,24.9425,-5252.6157,-28084.4551,21.4419,-4698.1685,-28638.0586,23.4689,783.5124,-0.0002,0.0003,3.1415,0.7851,3.1415,-4701.5137,-28635.2539,24.7603,1
-4703.1636,-28634.3926,24.9425,-5252.6157,-28084.4551,21.4418,-4704.5449,-28627.8926,20.9665,771.8209,-0.0007,-0.0002,3.1415,0.7851,3.1415,-4701.6636,-28634.9805,24.6426,1
-4703.1636,-28634.3926,24.9425,-5252.6157,-28084.4551,21.4419,-4706.8032,-28635.5723,28.3232,775.6818,0.0007,0.0013,3.1415,0.7851,3.1415,-4701.8901,-28634.9414,24.7546,1
-4703.1636,-28634.3926,24.9425,-5252.6157,-28084.4551,21.4419,-4702.1489,-28636.4121,25.8857,779.5423,0.0002,0.0008,3.1415,0.7851,3.1415,-4701.9746,-28634.9336,24.7956,1
-4703.1636,-28634.3926,24.9425,-5252.6157,-28084.4551,21.4420,-4697.4873,-28637.2227,23.4422,783.4033,-0.0004,0.0003,3.1415,0.7851,3.1415,-4701.9087,-28634.9551,24.7607,1
-4703.1636,-28634.3926,24.9425,-5252.6157,-28084.4551,21.4419,-4703.8779,-28627.0645,20.9668,771.7117,-0.0009,-0.0002,3.1415,0.7851,3.1415,-4702.0356,-28634.6562,24.6419,1
-4703.1636,-28634.3926,24.9425,-5252.6157,-28084.4551,21.4418,-4706.1250,-28634.7461,28.2434,775.5726,0.0005,0.0013,3.1415,0.7851,3.1415,-4702.2363,-28634.5918,24.7502,1
-4703.1636,-28634.3926,24.9425,-5252.6157,-28084.4551,21.4419,-4701.4707,-28635.5801,25.8763,779.4331,-0.0000,0.0008,3.1415,0.7851,3.1415,-4702.2935,-28634.5547,24.7897,1
-4703.1636,-28634.3926,24.9425,-5252.6157,-28084.4551,21.4419,-4696.8081,-28636.3828,23.4137,783.2940,-0.0006,0.0003,3.1415,0.7851,3.1415,-4702.1973,-28634.5488,24.7527,1
-4703.1636,-28634.3926,24.9425,-5252.6157,-28084.4551,21.4420,-4710.0645,-28633.0957,20.9691,771.6025,0.0008,-0.0002,3.1415,0.7851,3.1415,-4702.5142,-28634.4434,24.6328,1
-4703.1636,-28634.3926,24.9425,-5252.6157,-28084.4551,21.4419,-4697.2842,-28635.4961,25.2408,782.3364,-0.0007,0.0007,3.1415,0.7851,3.1415,-4702.4331,-28634.4141,24.6430,1
-4703.1636,-28634.3926,24.9425,-5252.6157,-28084.4551,21.4418,-4700.7930,-28634.7480,25.8108,779.3240,-0.0003,0.0008,3.1415,0.7851,3.1415,-4702.4502,-28634.3652,24.6731,1
-4703.1636,-28634.3926,24.9425,-5252.6157,-28084.4551,21.4419,-4696.1294,-28635.5449,23.4200,783.1850,-0.0008,0.0003,3.1415,0.7851,3.1415,-4702.3130,-28634.3457,24.6295,1
-4703.1636,-28634.3926,24.9425,-5252.6157,-28084.4551,21.4419,-4709.3896,-28632.2754,20.9376,771.4935,0.0006,-0.0002,3.1415,0.7851,3.1415,-4702.5869,-28634.2246,24.5023,1
-4703.1636,-28634.3926,24.9425,-5252.6157,-28084.4551,21.4420,-4704.7729,-28633.0918,28.2384,775.3544,0.0001,0.0013,3.1415,0.7851,3.1415,-4702.7241,-28634.1270,24.6037,1
-4703.1636,-28634.3926,24.9425,-5252.6157,-28084.4551,21.4419,-4700.1162,-28633.9141,25.8056,779.2150,-0.0005,0.0008,3.1415,0.7851,3.1415,-4702.7139,-28634.0566,24.6349,1
-4703.1636,-28634.3926,24.9425,-5252.6157,-28084.4551,21.4418,-4696.5337,-28638.5586,27.7716,785.0432,-0.0003,0.0012,3.1415,0.7851,3.1415,-4702.5820,-28634.1348,24.7312,1
-4703.1636,-28634.3926,24.9425,-5252.6157,-28084.4551,21.4419,-4708.7168,-28631.4531,20.9943,771.3841,0.0004,-0.0002,3.1415,0.7851,3.1415,-4702.8267,-28633.9980,24.6161,1
-4703.1636,-28634.3926,24.9425,-5252.6157,-28084.4551,21.4419,-4704.0991,-28632.2637,28.2755,775.2451,-0.0001,0.0013,3.1415,0.7851,3.1415,-4702.9326,-28633.8828,24.7285,1
-4703.1636,-28634.3926,24.9425,-5252.6157,-28084.4551,21.4420,-4699.4414,-28633.0801,25.8580,779.1056,-0.0007,0.0008,3.1415,0.7851,3.1415,-4702.8892,-28633.7930,24.7705,1
-4703.1636,-28634.3926,24.9425,-5252.6157,-28084.4551,21.4419,-4701.7261,-28640.8320,23.4021,782.9665,0.0007,0.0003,3.1415,0.7851,3.1415,-4702.9097,-28633.9512,24.7361,1
-4703.1636,-28634.3926,24.9425,-5252.6157,-28084.4551,21.4418,-4708.0449,-28630.6289,20.9027,771.2750,0.0002,-0.0002,3.1415,0.7851,3.1415,-4703.1299,-28633.8008,24.6168,1
-4703.1636,-28634.3926,24.9425,-5252.6157,-28084.4551,21.4419,-4703.4272,-28631.4355,28.2529,775.1360,-0.0004,0.0013,3.1415,0.7851,3.1415,-4703.2095,-28633.6699,24.7270,1
-4703.1636,-28634.3926,24.9425,-5252.6157,-28084.4551,21.4419,-4698.7690,-28632.2461,25.8165,778.9965,-0.0009,0.0008,3.1415,0.7851,3.1415,-4703.1372,-28633.5625,24.7663,1
-4703.1636,-28634.3926,24.9425,-5252.6157,-28084.4551,21.4420,-4701.0410,-28640.0000,23.3754,782.8574,0.0005,0.0003,3.1415,0.7851,3.1415,-4703.1265,-28633.7012,24.7296,1
-4703.1636,-28634.3926,24.9425,-5252.6157,-28084.4551,21.4419,-4707.3745,-28629.8066,20.9029,771.1659,-0.0000,-0.0002,3.1415,0.7851,3.1415,-4703.3140,-28633.5293,24.6089,1
-4703.1636,-28634.3926,24.9425,-5252.6157,-28084.4551,21.4418,-4702.7554,-28630.6074,28.1732,775.0269,-0.0006,0.0013,3.1415,0.7851,3.1415,-4703.3589,-28633.3770,24.7153,1
-4703.1636,-28634.3926,24.9425,-5252.6157,-28084.4551,21.4419,-4705.0137,-28638.3340,25.8082,778.8873,0.0009,0.0008,3.1415,0.7851,3.1415,-4703.4731,-28633.4688,24.7529,1
-4703.1636,-28634.3926,24.9425,-5252.6157,-28084.4551,21.4419,-4700.3574,-28639.1660,23.3472,782.7482,0.0003,0.0003,3.1415,0.7851,3.1415,-4703.4395,-28633.5996,24.7139,1
-4703.1636,-28634.3926,24.9425,-5252.6157,-28084.4551,21.4420,-4706.7056,-28628.9824,20.9047,771.0567,-0.0002,-0.0002,3.1415,0.7851,3.1415,-4703.6016,-28633.4180,24.5919,1
-4703.1636,-28634.3926,24.9425,-5252.6157,-28084.4551,21.4419,-4702.0859,-28629.7754,28.1870,774.9177,-0.0008,0.0013,3.1415,0.7851,3.1415,-4703.6187,-28633.2520,24.6975,1
-4703.1636,-28634.3926,24.9425,-5252.6157,-28084.4551,21.4418,-4704.3325,-28637.5078,25.7430,778.7781,0.0006,0.0008,3.1415,0.7851,3.1415,-4703.7026,-28633.3301,24.7319,1
-4703.1636,-28634.3926,24.9425,-5252.6157,-28084.4551,21.4419,-4699.6763,-28638.3320,23.3534,782.6390,0.0001,0.0003,3.1415,0.7851,3.1415,-4703.6377,-28633.4434,24.6920,1
-4703.1636,-28634.3926,24.9425,-5252.6157,-28084.4551,21.4419,-4706.0381,-28628.1562,20.8721,770.9476,-0.0005,-0.0002,3.1415,0.7851,3.1415,-4703.7656,-28633.2422,24.5679,1
-4703.1636,-28634.3926,24.9425,-5252.6157,-28084.4551,21.4420,-4701.3149,-28642.4531,22.8477,784.4072,0.0009,0.0002,3.1415,0.7851,3.1415,-4703.7456,-28633.4883,24.5009,1
-4703.1636,-28634.3926,24.9425,-5252.6157,-28084.4551,21.4419,-4703.6528,-28636.6777,25.7377,778.6691,0.0004,0.0008,3.1415,0.7851,3.1415,-4703.7930,-28633.5742,24.5232,1
-4703.1636,-28634.3926,24.9425,-5252.6157,-28084.4551,21.4418,-4698.9946,-28637.4980,23.2685,782.5301,-0.0001,0.0003,3.1415,0.7851,3.1415,-4703.6895,-28633.6914,24.4695,1
-4703.1636,-28634.3926,24.9425,-5252.6157,-28084.4551,21.4419,-4705.3711,-28627.3301,20.9299,770.8383,-0.0007,-0.0002,3.1415,0.7851,3.1415,-4703.7788,-28633.4883,24.3374,1
-4703.1636,-28634.3926,24.9425,-5252.6157,-28084.4551,21.4419,-4701.0615,-28640.9004,25.8931,783.4919,0.0007,0.0008,3.1415,0.7851,3.1415,-4703.7319,-28633.7090,24.3586,1
-4703.1636,-28634.3926,24.9425,-5252.6157,-28084.4551,21.4420,-4702.9741,-28635.8477,25.7905,778.5598,0.0002,0.0008,3.1415,0.7851,3.1415,-4703.7388,-28633.7852,24.3810,1
-4703.1636,-28634.3926,24.9425,-5252.6157,-28084.4551,21.4419,-4698.3154,-28636.6602,23.3352,782.4207,-0.0003,0.0003,3.1415,0.7851,3.1415,-4703.5947,-28633.8906,24.3286,1
-4703.1636,-28634.3926,24.9425,-5252.6157,-28084.4551,21.4418,-4704.7061,-28626.5039,20.8387,770.7293,-0.0009,-0.0002,3.1415,0.7851,3.1415,-4703.6426,-28633.6738,24.1932,1
-4703.1636,-28634.3926,24.9425,-5252.6157,-28084.4551,21.4419,-4706.9482,-28634.1816,28.1842,774.5903,0.0005,0.0013,3.1415,0.7851,3.1415,-4703.7651,-28633.6895,24.2889,1
-4703.1636,-28634.3926,24.9425,-5252.6157,-28084.4551,21.4419,-4702.2959,-28635.0176,25.7487,778.4507,-0.0000,0.0008,3.1415,0.7851,3.1415,-4703.7437,-28633.7344,24.3153,1
-4703.1636,-28634.3926,24.9425,-5252.6157,-28084.4551,21.4420,-4704.8823,-28630.1172,27.9395,773.1726,-0.0003,0.0012,3.1415,0.7851,3.1415,-4703.8018,-28633.6211,24.4166,1
-4703.1636,-28634.3926,24.9425,-5252.6157,-28084.4551,21.4419,-4710.8857,-28632.5273,20.8393,770.6202,0.0009,-0.0002,3.1415,0.7851,3.1415,-4704.0562,-28633.5801,24.2961,1
-4703.1636,-28634.3926,24.9425,-5252.6157,-28084.4551,21.4418,-4703.4434,-28638.4590,28.6563,780.1005,0.0006,0.0014,3.1415,0.7851,3.1415,-4704.0830,-28633.7266,24.4201,1
-4703.1636,-28634.3926,24.9425,-5252.6157,-28084.4551,21.4419,-4701.6191,-28634.1855,25.7397,778.3417,-0.0002,0.0008,3.1415,0.7851,3.1415,-4704.0488,-28633.7461,24.4603,1
-4703.1636,-28634.3926,24.9425,-5252.6157,-28084.4551,21.4419,-4696.9590,-28634.9863,23.2806,782.2026,-0.0008,0.0003,3.1415,0.7851,3.1415,-4703.8594,-28633.7930,24.4246,1
-4703.1636,-28634.3926,24.9425,-5252.6157,-28084.4551,21.4420,-4710.2119,-28631.7070,20.8406,770.5109,0.0007,-0.0002,3.1415,0.7851,3.1415,-4704.0801,-28633.7363,24.3066,1
-4703.1636,-28634.3926,24.9425,-5252.6157,-28084.4551,21.4419,-4705.5977,-28632.5293,28.1175,774.3719,0.0001,0.0013,3.1415,0.7851,3.1415,-4704.1641,-28633.7012,24.4167,1
-4703.1636,-28634.3926,24.9425,-5252.6157,-28084.4551,21.4418,-4700.9434,-28633.3535,25.6741,778.2324,-0.0004,0.0008,3.1415,0.7851,3.1415,-4704.1001,-28633.6914,24.4561,1
-4703.1636,-28634.3926,24.9425,-5252.6157,-28084.4551,21.4419,-4703.2344,-28641.0957,23.2867,782.0933,0.0010,0.0003,3.1415,0.7851,3.1415,-4704.1016,-28633.9258,24.4216,1
-4703.1636,-28634.3926,24.9425,-5252.6157,-28084.4551,21.4419,-4709.5396,-28630.8848,20.8085,770.4019,0.0004,-0.0002,3.1415,0.7851,3.1415,-4704.3047,-28633.8496,24.3037,1
-4703.1636,-28634.3926,24.9425,-5252.6157,-28084.4551,21.4420,-4704.9243,-28631.7012,28.0988,774.2628,-0.0001,0.0013,3.1415,0.7851,3.1415,-4704.3682,-28633.7930,24.4142,1
-4703.1636,-28634.3926,24.9425,-5252.6157,-28084.4551,21.4419,-4700.2695,-28632.5195,25.6690,778.1233,-0.0007,0.0008,3.1415,0.7851,3.1415,-4704.2817,-28633.7578,24.4543,1
-4703.1636,-28634.3926,24.9425,-5252.6157,-28084.4551,21.4418,-4702.5488,-28640.2637,23.2020,781.9843,0.0008,0.0003,3.1415,0.7851,3.1415,-4704.2588,-28633.9688,24.4181,1
-4703.1636,-28634.3926,24.9425,-5252.6157,-28084.4551,21.4419,-4708.8682,-28630.0625,20.8661,770.2925,0.0002,-0.0002,3.1415,0.7851,3.1415,-4704.4355,-28633.8633,24.3026,1
-4703.1636,-28634.3926,24.9425,-5252.6157,-28084.4551,21.4419,-4709.3374,-28631.4219,20.5281,770.9257,0.0005,-0.0003,3.1415,0.7851,3.1415,-4704.6357,-28633.7930,24.1689,1
-4703.1636,-28634.3926,24.9425,-5252.6157,-28084.4551,21.4420,-4699.5972,-28631.6855,25.7219,778.0140,-0.0009,0.0008,3.1415,0.7851,3.1415,-4704.5303,-28633.7285,24.1957,1
-4703.1636,-28634.3926,24.9425,-5252.6157,-28084.4551,21.4419,-4701.8643,-28639.4316,23.2687,781.8749,0.0006,0.0003,3.1415,0.7851,3.1415,-4704.4858,-28633.9062,24.1479,1
-4703.1636,-28634.3926,24.9425,-5252.6157,-28084.4551,21.4418,-4708.1982,-28629.2402,20.7747,770.1835,0.0000,-0.0002,3.1415,0.7851,3.1415,-4704.6387,-28633.7676,24.0174,1
-4703.1636,-28634.3926,24.9425,-5252.6157,-28084.4551,21.4419,-4703.5815,-28630.0449,28.1141,774.0444,-0.0005,0.0013,3.1415,0.7851,3.1415,-4704.6484,-28633.6445,24.1182,1
-4703.1636,-28634.3926,24.9425,-5252.6157,-28084.4551,21.4419,-4705.8350,-28637.7656,25.6807,777.9049,0.0009,0.0008,3.1415,0.7851,3.1415,-4704.7271,-28633.7637,24.1498,1
-4703.1636,-28634.3926,24.9425,-5252.6157,-28084.4551,21.4420,-4701.1816,-28638.5996,23.2418,781.7659,0.0003,0.0003,3.1415,0.7851,3.1415,-4704.6577,-28633.9180,24.1070,1
-4703.1636,-28634.3926,24.9425,-5252.6157,-28084.4551,21.4419,-4707.5298,-28628.4160,20.7748,770.0743,-0.0002,-0.0002,3.1415,0.7851,3.1415,-4704.7837,-28633.7539,23.9824,1
-4703.1636,-28634.3926,24.9425,-5252.6157,-28084.4551,21.4418,-4702.9111,-28629.2148,28.0339,773.9354,-0.0008,0.0013,3.1415,0.7851,3.1415,-4704.7651,-28633.6055,24.0864,1
-4703.1636,-28634.3926,24.9425,-5252.6157,-28084.4551,21.4419,-4705.1543,-28636.9395,25.6715,777.7958,0.0007,0.0008,3.1415,0.7851,3.1415,-4704.8135,-28633.6953,24.1232,1
-4703.1636,-28634.3926,24.9425,-5252.6157,-28084.4551,21.4419,-4700.5000,-28637.7676,23.2141,781.6568,0.0001,0.0003,3.1415,0.7851,3.1415,-4704.7124,-28633.8184,24.0849,1
-4703.1636,-28634.3926,24.9425,-5252.6157,-28084.4551,21.4420,-4706.8623,-28627.5918,20.7760,769.9651,-0.0004,-0.0002,3.1415,0.7851,3.1415,-4704.8057,-28633.6230,23.9655,1
-4703.1636,-28634.3926,24.9425,-5252.6157,-28084.4551,21.4419,-4702.2432,-28628.3848,28.0474,773.8261,-0.0010,0.0013,3.1415,0.7851,3.1415,-4704.7534,-28633.4395,24.0751,1
-4703.1636,-28634.3926,24.9425,-5252.6157,-28084.4551,21.4418,-4704.4741,-28636.1113,25.6065,777.6866,0.0005,0.0008,3.1415,0.7851,3.1415,-4704.7661,-28633.4961,24.1149,1
-4703.1636,-28634.3926,24.9425,-5252.6157,-28084.4551,21.4419,-4699.8193,-28636.9316,23.2195,781.5475,-0.0001,0.0003,3.1415,0.7851,3.1415,-4704.6294,-28633.5840,24.0815,1
-4703.1636,-28634.3926,24.9425,-5252.6157,-28084.4551,21.4419,-4706.1963,-28626.7676,20.7440,769.8561,-0.0006,-0.0002,3.1415,0.7851,3.1415,-4704.6860,-28633.3516,23.9657,1
-4703.1636,-28634.3926,24.9425,-5252.6157,-28084.4551,21.4420,-4708.4443,-28634.4355,28.0295,773.7170,0.0008,0.0012,3.1415,0.7851,3.1415,-4704.8179,-28633.3555,24.0791,1
-4703.1636,-28634.3926,24.9425,-5252.6157,-28084.4551,21.4419,-4703.7959,-28635.2812,25.6011,777.5775,0.0002,0.0007,3.1415,0.7851,3.1415,-4704.8071,-28633.3887,24.1229,1
-4703.1636,-28634.3926,24.9425,-5252.6157,-28084.4551,21.4418,-4699.1401,-28636.0977,23.1347,781.4385,-0.0003,0.0002,3.1415,0.7851,3.1415,-4704.6450,-28633.4531,24.0909,1
-4703.1636,-28634.3926,24.9425,-5252.6157,-28084.4551,21.4419,-4694.4780,-28636.8809,20.7784,785.2988,-0.0009,-0.0002,3.1415,0.7851,3.1415,-4704.3228,-28633.5469,23.9820,1
-4703.1636,-28634.3926,24.9425,-5252.6157,-28084.4551,21.4419,-4707.7686,-28633.6113,28.0675,773.6077,0.0006,0.0013,3.1415,0.7851,3.1415,-4704.4043,-28633.5469,24.1004,1
-4703.1636,-28634.3926,24.9425,-5252.6157,-28084.4551,21.4420,-4703.1191,-28634.4512,25.6539,777.4681,0.0000,0.0008,3.1415,0.7851,3.1415,-4704.3442,-28633.5723,24.1496,1
-4703.1636,-28634.3926,24.9425,-5252.6157,-28084.4551,21.4419,-4698.4624,-28635.2617,23.2015,781.3291,-0.0005,0.0003,3.1415,0.7851,3.1415,-4704.1333,-28633.6250,24.1233,1
-4703.1636,-28634.3926,24.9425,-5252.6157,-28084.4551,21.4418,-4700.7744,-28643.0176,20.6862,785.1897,0.0009,-0.0002,3.1415,0.7851,3.1415,-4703.9849,-28633.9297,24.0149,1
-4703.1636,-28634.3926,24.9425,-5252.6157,-28084.4551,21.4419,-4706.4385,-28631.4277,27.8670,772.9965,0.0001,0.0012,3.1415,0.7851,3.1415,-4704.0132,-28633.8828,24.1300,1
-4703.1636,-28634.3926,24.9425,-5252.6157,-28084.4551,21.4419,-4702.4434,-28633.6211,25.6123,777.3591,-0.0002,0.0007,3.1415,0.7851,3.1415,-4703.9194,-28633.9004,24.1802,1
-4703.1636,-28634.3926,24.9425,-5252.6157,-28084.4551,21.4420,-4697.7827,-28634.4219,23.1750,781.2200,-0.0007,0.0002,3.1415,0.7851,3.1415,-4703.6748,-28633.9414,24.1552,1
-4703.1636,-28634.3926,24.9425,-5252.6157,-28084.4551,21.4419,-4700.0874,-28642.1855,20.6865,785.0806,0.0007,-0.0003,3.1415,0.7851,3.1415,-4703.4937,-28634.2305,24.0488,1
-4703.1636,-28634.3926,24.9425,-5252.6157,-28084.4551,21.4418,-4706.4194,-28631.9629,27.9649,773.3895,0.0001,0.0012,3.1415,0.7851,3.1415,-4703.5103,-28634.2090,24.1687,1
-4703.1636,-28634.3926,24.9425,-5252.6157,-28084.4551,21.4419,-4701.7681,-28632.7891,25.6033,777.2499,-0.0004,0.0007,3.1415,0.7851,3.1415,-4703.3857,-28634.2070,24.2205,1
-4703.1636,-28634.3926,24.9425,-5252.6157,-28084.4551,21.4419,-4697.1104,-28633.5879,23.1470,781.1110,-0.0010,0.0002,3.1415,0.7851,3.1415,-4703.1113,-28634.2266,24.1962,1
-4703.1636,-28634.3926,24.9425,-5252.6157,-28084.4551,21.4420,-4699.3999,-28641.3496,20.6876,784.9714,0.0005,-0.0003,3.1415,0.7851,3.1415,-4702.8999,-28634.4922,24.0911,1
-4703.1636,-28634.3926,24.9425,-5252.6157,-28084.4551,21.4419,-4705.7471,-28631.1367,27.9783,773.2803,-0.0001,0.0012,3.1415,0.7851,3.1415,-4702.8882,-28634.4434,24.2127,1
-4703.1636,-28634.3926,24.9425,-5252.6157,-28084.4551,21.4418,-4701.0947,-28631.9590,25.5378,777.1408,-0.0006,0.0007,3.1415,0.7851,3.1415,-4702.7358,-28634.4121,24.2633,1
-4703.1636,-28634.3926,24.9425,-5252.6157,-28084.4551,21.4419,-4703.3701,-28639.6953,23.1530,781.0018,0.0008,0.0002,3.1415,0.7851,3.1415,-4702.6558,-28634.6230,24.2399,1
-4703.1636,-28634.3926,24.9425,-5252.6157,-28084.4551,21.4419,-4698.7148,-28640.5137,20.6550,784.8623,0.0003,-0.0003,3.1415,0.7851,3.1415,-4702.4326,-28634.8672,24.1344,1
-4703.1636,-28634.3926,24.9425,-5252.6157,-28084.4551,21.4420,-4705.0762,-28630.3105,27.9600,773.1712,-0.0003,0.0012,3.1415,0.7851,3.1415,-4702.4087,-28634.7949,24.2557,1
-4703.1636,-28634.3926,24.9425,-5252.6157,-28084.4551,21.4419,-4700.4233,-28631.1270,25.5329,777.0322,-0.0008,0.0007,3.1415,0.7851,3.1415,-4702.2437,-28634.7383,24.3063,1
-4703.1636,-28634.3926,24.9425,-5252.6157,-28084.4551,21.4418,-4702.6870,-28638.8652,23.0687,780.8926,0.0006,0.0002,3.1415,0.7851,3.1415,-4702.1509,-28634.9199,24.2802,1
-4703.1636,-28634.3926,24.9425,-5252.6162,-28084.4551,21.4419,-4698.0308,-28639.6777,20.7137,784.7535,0.0000,-0.0003,3.1415,0.7851,3.1415,-4701.9146,-28635.1328,24.1762,1
-4703.1636,-28634.3926,24.9425,-5252.6157,-28084.4551,21.4419,-4704.4062,-28629.4824,27.9979,773.0619,-0.0005,0.0012,3.1415,0.7851,3.1415,-4701.8779,-28635.0273,24.2984,1
-4703.1636,-28634.3926,24.9425,-5252.6157,-28084.4551,21.4420,-4706.6548,-28637.1953,25.5863,776.9229,0.0009,0.0007,3.1415,0.7851,3.1415,-4701.9224,-28635.1543,24.3504,1
-4703.1636,-28634.3926,24.9425,-5252.6157,-28084.4551,21.4419,-4702.0049,-28638.0332,23.1353,780.7833,0.0004,0.0002,3.1415,0.7851,3.1415,-4701.8306,-28635.3125,24.3261,1
-4703.1636,-28634.3926,24.9425,-5252.6157,-28084.4551,21.4418,-4697.3472,-28638.8398,20.6206,784.6444,-0.0002,-0.0003,3.1415,0.7851,3.1415,-4701.5942,-28635.4980,24.2187,1
-4703.1636,-28634.3926,24.9425,-5252.6157,-28084.4551,21.4419,-4703.7373,-28628.6543,27.9753,772.9529,-0.0007,0.0012,3.1415,0.7851,3.1415,-4701.5566,-28635.3613,24.3395,1
-4703.1636,-28634.3926,24.9425,-5252.6157,-28084.4551,21.4419,-4705.9746,-28636.3711,25.5446,776.8138,0.0007,0.0007,3.1415,0.7851,3.1415,-4701.5986,-28635.4551,24.3893,1
-4703.1636,-28634.3926,24.9425,-5252.6157,-28084.4551,21.4420,-4701.3237,-28637.2012,23.1085,780.6743,0.0002,0.0002,3.1415,0.7851,3.1415,-4701.5039,-28635.5781,24.3631,1
-4703.1636,-28634.3926,24.9425,-5252.6157,-28084.4551,21.4419,-4696.6655,-28638.0020,20.6207,784.5353,-0.0004,-0.0003,3.1415,0.7851,3.1415,-4701.2632,-28635.7246,24.2545,1
-4703.1636,-28634.3926,24.9425,-5252.6157,-28084.4551,21.4418,-4703.5112,-28631.4473,25.4481,775.0673,-0.0004,0.0007,3.1415,0.7851,3.1415,-4701.2349,-28635.6660,24.2922,1
-4703.1636,-28634.3926,24.9425,-5252.6162,-28084.4551,21.4419,-4699.0044,-28639.5078,29.4341,783.9810,0.0002,0.0015,3.1415,0.7851,3.1415,-4701.0698,-28635.8516,24.4591,1
-4703.1636,-28634.3926,24.9425,-5252.6157,-28084.4551,21.4419,-4700.6440,-28636.3672,23.0808,780.5651,-0.0001,0.0002,3.1415,0.7851,3.1415,-4700.9556,-28635.9453,24.4337,1
-4703.1636,-28634.3926,24.9425,-5252.6157,-28084.4551,21.4420,-4695.9849,-28637.1621,20.6220,784.4261,-0.0006,-0.0003,3.1415,0.7851,3.1415,-4700.6958,-28636.0605,24.3266,1
-4703.1636,-28634.3926,24.9425,-5252.6157,-28084.4551,21.4419,-4709.2642,-28633.8652,27.9094,772.7345,0.0008,0.0012,3.1415,0.7851,3.1415,-4700.8569,-28636.0703,24.4451,1
-4703.1636,-28634.3926,24.9425,-5252.6157,-28084.4551,21.4418,-4704.6182,-28634.7148,25.4703,776.5955,0.0003,0.0007,3.1415,0.7851,3.1415,-4700.8887,-28636.1016,24.4920,1
-4703.1636,-28634.3926,24.9425,-5252.6157,-28084.4551,21.4419,-4699.9658,-28635.5332,23.0862,780.4560,-0.0003,0.0002,3.1415,0.7851,3.1415,-4700.7822,-28636.1523,24.4639,1
-4703.1636,-28634.3926,24.9425,-5252.6157,-28084.4551,21.4419,-4695.3057,-28636.3223,20.5893,784.3170,-0.0008,-0.0003,3.1415,0.7851,3.1415,-4700.5278,-28636.2246,24.3530,1
-4703.1636,-28634.3926,24.9425,-5252.6157,-28084.4551,21.4420,-4708.5884,-28633.0430,27.8908,772.6254,0.0006,0.0012,3.1415,0.7851,3.1415,-4700.6919,-28636.1895,24.4680,1
-4703.1636,-28634.3926,24.9425,-5252.6157,-28084.4551,21.4419,-4703.9419,-28633.8867,25.4652,776.4864,0.0001,0.0007,3.1415,0.7851,3.1415,-4700.7261,-28636.1738,24.5117,1
-4703.1636,-28634.3926,24.9425,-5252.6157,-28084.4551,21.4418,-4699.2881,-28634.6992,23.0016,780.3469,-0.0005,0.0002,3.1415,0.7851,3.1415,-4700.6191,-28636.1758,24.4781,1
-4703.1636,-28634.3926,24.9425,-5252.6162,-28084.4551,21.4419,-4701.5967,-28642.4492,20.6485,784.2076,0.0010,-0.0003,3.1415,0.7851,3.1415,-4700.5854,-28636.4219,24.3660,1
-4703.1636,-28634.3926,24.9425,-5252.6157,-28084.4551,21.4419,-4702.8521,-28638.7227,25.0258,780.6804,0.0006,0.0006,3.1415,0.7851,3.1415,-4700.5967,-28636.5586,24.3852,1
-4703.1636,-28634.3926,24.9425,-5252.6157,-28084.4551,21.4420,-4703.2671,-28633.0566,25.5179,776.3770,-0.0002,0.0007,3.1415,0.7851,3.1415,-4700.6284,-28636.5176,24.4219,1
-4703.1636,-28634.3926,24.9425,-5252.6157,-28084.4551,21.4419,-4705.4897,-28629.1660,25.6872,772.0562,-0.0004,0.0008,3.1415,0.7851,3.1415,-4700.7397,-28636.3398,24.4666,1
-4703.1636,-28634.3926,24.9425,-5252.6157,-28084.4551,21.4418,-4700.9097,-28641.6172,20.5558,784.0986,0.0007,-0.0003,3.1415,0.7851,3.1415,-4700.7148,-28636.5449,24.3496,1
-4703.1636,-28634.3926,24.9425,-5252.6157,-28084.4551,21.4419,-4707.2422,-28631.3965,27.9061,772.4070,0.0002,0.0012,3.1415,0.7851,3.1415,-4700.8965,-28636.4316,24.4603,1
-4703.1636,-28634.3926,24.9425,-5252.6157,-28084.4551,21.4419,-4702.5933,-28632.2285,25.4762,776.2680,-0.0004,0.0007,3.1415,0.7851,3.1415,-4700.9419,-28636.3340,24.4997,1
-4703.1636,-28634.3926,24.9425,-5252.6157,-28084.4551,21.4420,-4697.9385,-28633.0273,23.0414,780.1285,-0.0009,0.0002,3.1415,0.7851,3.1415,-4700.8413,-28636.2520,24.4629,1
-4703.1636,-28634.3926,24.9425,-5252.6157,-28084.4551,21.4419,-4700.2236,-28640.7832,20.5558,783.9894,0.0005,-0.0003,3.1415,0.7851,3.1415,-4700.8086,-28636.4102,24.3436,1
-4703.1636,-28634.3926,24.9425,-5252.6157,-28084.4551,21.4418,-4706.5698,-28630.5723,27.8262,772.2979,-0.0000,0.0012,3.1415,0.7851,3.1415,-4700.9800,-28636.2480,24.4496,1
-4703.1636,-28634.3926,24.9425,-5252.6162,-28084.4551,21.4419,-4701.9214,-28631.3965,25.4673,776.1589,-0.0006,0.0007,3.1415,0.7851,3.1415,-4701.0132,-28636.1016,24.4865,1
-4703.1636,-28634.3926,24.9425,-5252.6157,-28084.4551,21.4419,-4704.1919,-28639.1270,23.0145,780.0193,0.0009,0.0002,3.1415,0.7851,3.1415,-4701.1211,-28636.1914,24.4467,1
-4703.1636,-28634.3926,24.9425,-5252.6157,-28084.4551,21.4420,-4699.5391,-28639.9473,20.5571,783.8803,0.0003,-0.0003,3.1415,0.7851,3.1415,-4701.0864,-28636.3145,24.3254,1
-4703.1636,-28634.3926,24.9425,-5252.6157,-28084.4551,21.4419,-4700.5854,-28631.4512,23.1099,777.1384,-0.0008,0.0002,3.1415,0.7851,3.1415,-4701.0811,-28636.1738,24.2770,1
-4703.1636,-28634.3926,24.9425,-5252.6157,-28084.4551,21.4418,-4701.2490,-28630.5645,25.4019,776.0497,-0.0008,0.0007,3.1415,0.7851,3.1415,-4701.0957,-28635.9922,24.3002,1
-4703.1636,-28634.3926,24.9425,-5252.6157,-28084.4551,21.4419,-4703.5093,-28638.2969,23.0199,779.9102,0.0006,0.0002,3.1415,0.7851,3.1415,-4701.1826,-28636.0488,24.2497,1
-4703.1636,-28634.3926,24.9425,-5252.6157,-28084.4551,21.4419,-4698.8555,-28639.1133,20.5245,783.7712,0.0001,-0.0003,3.1415,0.7851,3.1415,-4701.1255,-28636.1348,24.1175,1
-4703.1636,-28634.3926,24.9425,-5252.6157,-28084.4551,21.4420,-4705.2300,-28628.9199,27.8211,772.0796,-0.0005,0.0012,3.1415,0.7851,3.1415,-4701.2686,-28635.9004,24.2125,1
-4703.1636,-28634.3926,24.9425,-5252.6157,-28084.4551,21.4419,-4707.4751,-28636.6270,25.3979,775.9406,0.0010,0.0007,3.1415,0.7851,3.1415,-4701.4912,-28635.9004,24.2376,1
-4703.1636,-28634.3926,24.9425,-5252.6157,-28084.4551,21.4418,-4702.8276,-28637.4668,22.9357,779.8010,0.0004,0.0002,3.1415,0.7851,3.1415,-4701.5762,-28635.9297,24.1864,1
-4703.1636,-28634.3926,24.9425,-5252.6162,-28084.4551,21.4419,-4698.1738,-28638.2754,20.5834,783.6618,-0.0001,-0.0003,3.1415,0.7851,3.1415,-4701.5137,-28635.9863,24.0580,1
-4703.1636,-28634.3926,24.9425,-5252.6157,-28084.4551,21.4419,-4704.5625,-28628.0918,27.8592,771.9703,-0.0007,0.0012,3.1415,0.7851,3.1415,-4701.6475,-28635.7227,24.1565,1
-4703.1636,-28634.3926,24.9425,-5252.6157,-28084.4551,21.4420,-4706.7959,-28635.8008,25.4505,775.8312,0.0008,0.0007,3.1415,0.7851,3.1415,-4701.8584,-28635.6914,24.1857,1
-4703.1636,-28634.3926,24.9425,-5252.6157,-28084.4551,21.4419,-4702.1479,-28636.6348,23.0023,779.6917,0.0002,0.0002,3.1415,0.7851,3.1415,-4701.9282,-28635.6875,24.1393,1
-4703.1636,-28634.3926,24.9425,-5252.6157,-28084.4551,21.4418,-4697.4927,-28637.4395,20.4905,783.5528,-0.0004,-0.0003,3.1415,0.7851,3.1415,-4701.8481,-28635.7129,24.0108,1
-4703.1636,-28634.3926,24.9425,-5252.6157,-28084.4551,21.4419,-4703.8960,-28627.2637,27.8367,771.8612,-0.0009,0.0012,3.1415,0.7851,3.1415,-4701.9624,-28635.4141,24.1113,1
-4703.1636,-28634.3926,24.9425,-5252.6157,-28084.4551,21.4419,-4706.1187,-28634.9766,25.4091,775.7222,0.0005,0.0007,3.1415,0.7851,3.1415,-4702.1499,-28635.3496,24.1419,1
-4703.1636,-28634.3926,24.9425,-5252.6162,-28084.4551,21.4420,-4701.4702,-28635.8047,22.9755,779.5827,-0.0000,0.0002,3.1415,0.7851,3.1415,-4702.1948,-28635.3105,24.0973,1
-4703.1636,-28634.3926,24.9425,-5252.6157,-28084.4551,21.4419,-4696.8130,-28636.6016,20.4906,783.4437,-0.0006,-0.0003,3.1415,0.7851,3.1415,-4702.0874,-28635.3008,23.9714,1
-4703.1636,-28634.3926,24.9425,-5252.6157,-28084.4551,21.4418,-4710.0840,-28633.2969,27.7575,771.7521,0.0009,0.0012,3.1415,0.7851,3.1415,-4702.3940,-28635.1895,24.0722,1
-4703.1636,-28634.3926,24.9425,-5252.6162,-28084.4551,21.4419,-4705.4419,-28634.1484,25.3999,775.6131,0.0003,0.0007,3.1415,0.7851,3.1415,-4702.5645,-28635.1035,24.1050,1
-4703.1636,-28634.3926,24.9425,-5252.6157,-28084.4551,21.4419,-4700.7915,-28634.9707,22.9479,779.4736,-0.0002,0.0002,3.1415,0.7851,3.1415,-4702.5894,-28635.0430,24.0621,1
-4703.1636,-28634.3926,24.9425,-5252.6157,-28084.4551,21.4420,-4696.1343,-28635.7617,20.4918,783.3345,-0.0008,-0.0003,3.1415,0.7851,3.1415,-4702.4590,-28635.0098,23.9389,1
-4703.1636,-28634.3926,24.9425,-5252.6157,-28084.4551,21.4419,-4709.4092,-28632.4746,27.7708,771.6429,0.0007,0.0012,3.1415,0.7851,3.1415,-4702.7402,-28634.8730,24.0427,1
-4703.1636,-28634.3926,24.9425,-5252.6157,-28084.4551,21.4418,-4704.7656,-28633.3223,25.3346,775.5038,0.0001,0.0007,3.1415,0.7851,3.1415,-4702.8828,-28634.7617,24.0760,1
-4703.1636,-28634.3926,24.9425,-5252.6157,-28084.4551,21.4419,-4700.1152,-28634.1367,22.9532,779.3643,-0.0005,0.0002,3.1415,0.7851,3.1415,-4702.8774,-28634.6758,24.0358,1
-4703.1636,-28634.3926,24.9425,-5252.6157,-28084.4551,21.4419,-4702.4185,-28641.8809,20.4600,783.2254,0.0010,-0.0003,3.1415,0.7851,3.1415,-4702.9370,-28634.8359,23.9140,1
-4703.1636,-28634.3926,24.9425,-5252.6162,-28084.4551,21.4420,-4704.7920,-28626.7227,20.9588,770.8214,-0.0009,-0.0002,3.1415,0.7851,3.1415,-4703.0703,-28634.5273,23.7995,1
-4703.1636,-28634.3926,24.9425,-5252.6157,-28084.4551,21.4419,-4704.0908,-28632.4941,25.3296,775.3948,-0.0001,0.0007,3.1415,0.7851,3.1415,-4703.1816,-28634.3926,23.8209,1
-4703.1636,-28634.3926,24.9425,-5252.6157,-28084.4551,21.4418,-4699.4395,-28633.3027,22.8688,779.2552,-0.0007,0.0002,3.1415,0.7851,3.1415,-4703.1431,-28634.2793,23.7673,1
-4703.1636,-28634.3926,24.9425,-5252.6162,-28084.4551,21.4419,-4701.7324,-28641.0488,20.5186,783.1160,0.0008,-0.0003,3.1415,0.7851,3.1415,-4703.1675,-28634.4160,23.6376,1
-4703.1636,-28634.3926,24.9425,-5252.6157,-28084.4551,21.4419,-4708.0640,-28630.8301,27.7904,771.4245,0.0002,0.0012,3.1415,0.7851,3.1415,-4703.3911,-28634.2402,23.7363,1
-4703.1636,-28634.3926,24.9425,-5252.6157,-28084.4551,21.4420,-4705.0830,-28632.8281,29.8056,774.9622,0.0001,0.0016,3.1415,0.7851,3.1415,-4703.5259,-28634.1250,23.9094,1
-4703.1636,-28634.3926,24.9425,-5252.6157,-28084.4551,21.4419,-4698.7661,-28632.4668,22.9355,779.1459,-0.0009,0.0002,3.1415,0.7851,3.1415,-4703.4580,-28633.9980,23.8744,1
-4703.1636,-28634.3926,24.9425,-5252.6157,-28084.4551,21.4418,-4701.0469,-28640.2148,20.4258,783.0070,0.0006,-0.0003,3.1415,0.7851,3.1415,-4703.4512,-28634.1172,23.7576,1
-4703.1636,-28634.3926,24.9425,-5252.6162,-28084.4551,21.4419,-4707.3931,-28630.0059,27.7677,771.3154,-0.0000,0.0012,3.1415,0.7851,3.1415,-4703.6411,-28633.9238,23.8702,1
-4703.1636,-28634.3926,24.9425,-5252.6157,-28084.4551,21.4419,-4702.7461,-28630.8340,25.3407,775.1764,-0.0006,0.0007,3.1415,0.7851,3.1415,-4703.6870,-28633.7520,23.9129,1
-4703.1636,-28634.3926,24.9425,-5252.6162,-28084.4551,21.4420,-4705.0132,-28638.5566,22.9093,779.0369,0.0009,0.0002,3.1415,0.7851,3.1415,-4703.8013,-28633.8242,23.8805,1
-4703.1636,-28634.3926,24.9425,-5252.6157,-28084.4551,21.4419,-4700.3628,-28639.3809,20.4258,782.8979,0.0003,-0.0003,3.1415,0.7851,3.1415,-4703.7666,-28633.9355,23.7670,1
-4703.1636,-28634.3926,24.9425,-5252.6157,-28084.4551,21.4418,-4706.7222,-28629.1816,27.6879,771.2063,-0.0002,0.0012,3.1415,0.7851,3.1415,-4703.9272,-28633.7324,23.8802,1
-4703.1636,-28634.3926,24.9425,-5252.6162,-28084.4551,21.4419,-4702.0757,-28630.0039,25.3318,775.0673,-0.0008,0.0007,3.1415,0.7851,3.1415,-4703.9409,-28633.5469,23.9254,1
-4703.1636,-28634.3926,24.9425,-5252.6157,-28084.4551,21.4419,-4704.3311,-28637.7285,22.8818,778.9278,0.0007,0.0002,3.1415,0.7851,3.1415,-4704.0210,-28633.6074,23.8949,1
-4703.1636,-28634.3926,24.9425,-5252.6157,-28084.4551,21.4420,-4699.6802,-28638.5469,20.4270,782.7886,0.0001,-0.0003,3.1415,0.7851,3.1415,-4703.9512,-28633.7012,23.7839,1
-4703.1636,-28634.3926,24.9425,-5252.6157,-28084.4551,21.4419,-4706.0537,-28628.3555,27.7013,771.0971,-0.0004,0.0012,3.1415,0.7851,3.1415,-4704.0742,-28633.4824,23.8999,1
-4703.1636,-28634.3926,24.9425,-5252.6157,-28084.4551,21.4418,-4701.4058,-28629.1719,25.2663,774.9581,-0.0010,0.0007,3.1415,0.7851,3.1415,-4704.0493,-28633.2793,23.9453,1
-4703.1636,-28634.3926,24.9425,-5252.6162,-28084.4551,21.4419,-4703.6509,-28636.8984,22.8871,778.8185,0.0005,0.0002,3.1415,0.7851,3.1415,-4704.0894,-28633.3184,23.9169,1
-4703.1636,-28634.3926,24.9425,-5252.6157,-28084.4551,21.4419,-4698.9985,-28637.7109,20.3946,782.6796,-0.0001,-0.0003,3.1415,0.7851,3.1415,-4703.9780,-28633.3945,23.8067,1
-4703.1636,-28634.3926,24.9425,-5252.6162,-28084.4551,21.4420,-4705.3867,-28627.5293,27.6829,770.9880,-0.0007,0.0012,3.1415,0.7851,3.1415,-4704.0596,-28633.1523,23.9238,1
-4703.1636,-28634.3926,24.9425,-5252.6157,-28084.4551,21.4419,-4707.6157,-28635.2324,25.2622,774.8490,0.0008,0.0007,3.1415,0.7851,3.1415,-4704.2139,-28633.1504,23.9705,1
-4703.1636,-28634.3926,24.9425,-5252.6157,-28084.4551,21.4418,-4702.9707,-28636.0684,22.8029,778.7095,0.0002,0.0002,3.1415,0.7851,3.1415,-4704.2246,-28633.1816,23.9408,1
-4703.1636,-28634.3926,24.9425,-5252.6162,-28084.4551,21.4419,-4698.3188,-28636.8750,20.4532,782.5702,-0.0003,-0.0003,3.1415,0.7851,3.1415,-4704.0830,-28633.2461,23.8335,1
-4703.1636,-28634.3926,24.9425,-5252.6157,-28084.4551,21.4419,-4701.6665,-28638.3633,28.2072,781.2797,0.0004,0.0013,3.1415,0.7851,3.1415,-4704.0342,-28633.3672,23.9667,1
-4703.1636,-28634.3926,24.9425,-5252.6162,-28084.4551,21.4420,-4706.9414,-28634.4082,25.3146,774.7396,0.0006,0.0007,3.1415,0.7851,3.1415,-4704.1484,-28633.3750,24.0171,1
-4703.1636,-28634.3926,24.9425,-5252.6157,-28084.4551,21.4419,-4701.3442,-28633.0195,27.5210,777.7235,-0.0004,0.0011,3.1415,0.7851,3.1415,-4704.0884,-28633.3418,24.1408,1
-4703.1636,-28634.3926,24.9425,-5252.6157,-28084.4551,21.4418,-4697.6401,-28636.0391,20.3600,782.4611,-0.0005,-0.0003,3.1415,0.7851,3.1415,-4703.9033,-28633.4043,24.0419,1
-4703.1636,-28634.3926,24.9425,-5252.6162,-28084.4551,21.4419,-4710.9048,-28632.7266,27.6986,770.7695,0.0009,0.0012,3.1415,0.7851,3.1415,-4704.1313,-28633.3672,24.1707,1
-4703.1636,-28634.3926,24.9425,-5252.6157,-28084.4551,21.4419,-4706.2632,-28633.5820,25.2736,774.6305,0.0004,0.0007,3.1415,0.7851,3.1415,-4704.2231,-28633.3555,24.2279,1
-4703.1636,-28634.3926,24.9425,-5252.6157,-28084.4551,21.4420,-4701.6167,-28634.4082,22.8426,778.4910,-0.0002,0.0002,3.1415,0.7851,3.1415,-4704.1689,-28633.3730,24.2084,1
-4703.1636,-28634.3926,24.9425,-5252.6157,-28084.4551,21.4419,-4696.9624,-28635.2012,20.3602,782.3521,-0.0008,-0.0003,3.1415,0.7851,3.1415,-4703.9600,-28633.4180,24.1060,1
-4703.1636,-28634.3926,24.9425,-5252.6157,-28084.4551,21.4418,-4710.2285,-28631.9043,27.6199,770.6605,0.0007,0.0012,3.1415,0.7851,3.1415,-4704.1621,-28633.3613,24.2286,1
-4703.1636,-28634.3926,24.9425,-5252.6162,-28084.4551,21.4419,-4705.5889,-28632.7559,25.2646,774.5214,0.0001,0.0007,3.1415,0.7851,3.1415,-4704.2271,-28633.3301,24.2817,1
-4703.1636,-28634.3926,24.9425,-5252.6157,-28084.4551,21.4419,-4700.9409,-28633.5742,22.8150,778.3820,-0.0004,0.0002,3.1415,0.7851,3.1415,-4704.1445,-28633.3242,24.2574,1
-4703.1636,-28634.3926,24.9425,-5252.6157,-28084.4551,21.4420,-4696.2861,-28634.3633,20.3625,782.2429,-0.0010,-0.0003,3.1415,0.7851,3.1415,-4703.9062,-28633.3438,24.1511,1
-4703.1636,-28634.3926,24.9425,-5252.6157,-28084.4551,21.4419,-4709.5571,-28631.0840,27.6331,770.5513,0.0005,0.0012,3.1415,0.7851,3.1415,-4704.0781,-28633.2598,24.2701,1
-4703.1636,-28634.3926,24.9425,-5252.6157,-28084.4551,21.4418,-4704.9150,-28631.9297,25.1997,774.4123,-0.0001,0.0007,3.1415,0.7851,3.1415,-4704.1113,-28633.1992,24.3171,1
-4703.1636,-28634.3926,24.9425,-5252.6162,-28084.4551,21.4419,-4700.2681,-28632.7422,22.8212,778.2728,-0.0006,0.0002,3.1415,0.7851,3.1415,-4703.9966,-28633.1641,24.2889,1
-4703.1636,-28634.3926,24.9425,-5252.6157,-28084.4551,21.4419,-4702.5552,-28640.4805,20.3305,782.1338,0.0008,-0.0003,3.1415,0.7851,3.1415,-4703.9473,-28633.3750,24.1775,1
-4703.1636,-28634.3926,24.9425,-5252.6162,-28084.4551,21.4420,-4708.8862,-28630.2637,27.6146,770.4422,0.0003,0.0012,3.1415,0.7851,3.1415,-4704.1001,-28633.2734,24.2918,1
-4703.1636,-28634.3926,24.9425,-5252.6157,-28084.4551,21.4419,-4704.2437,-28631.1016,25.1946,774.3032,-0.0003,0.0007,3.1415,0.7851,3.1415,-4704.1123,-28633.1953,24.3346,1
-4703.1636,-28634.3926,24.9425,-5252.6157,-28084.4551,21.4418,-4699.5942,-28631.9082,22.7365,778.1636,-0.0009,0.0002,3.1415,0.7851,3.1415,-4703.9756,-28633.1367,24.2996,1
-4703.1636,-28634.3926,24.9425,-5252.6162,-28084.4551,21.4419,-4701.8716,-28639.6484,20.3887,782.0244,0.0006,-0.0003,3.1415,0.7851,3.1415,-4703.9028,-28633.3242,24.1860,1
-4703.1636,-28634.3926,24.9425,-5252.6157,-28084.4551,21.4419,-4708.2163,-28629.4414,27.6523,770.3328,0.0000,0.0012,3.1415,0.7851,3.1415,-4704.0303,-28633.1992,24.2977,1
-4703.1636,-28634.3926,24.9425,-5252.6157,-28084.4551,21.4420,-4703.5728,-28630.2734,25.2470,774.1938,-0.0005,0.0007,3.1415,0.7851,3.1415,-4704.0171,-28633.0918,24.3384,1
-4703.1636,-28634.3926,24.9425,-5252.6157,-28084.4551,21.4419,-4705.8354,-28637.9883,22.8037,778.0543,0.0009,0.0002,3.1415,0.7851,3.1415,-4704.0752,-28633.2266,24.3022,1
-4703.1636,-28634.3926,24.9425,-5252.6157,-28084.4551,21.4418,-4701.1880,-28638.8164,20.2962,781.9153,0.0004,-0.0003,3.1415,0.7851,3.1415,-4703.9888,-28633.4004,24.1823,1
-4703.1636,-28634.3926,24.9425,-5252.6162,-28084.4551,21.4419,-4698.7256,-28638.3770,25.8212,783.3506,-0.0000,0.0008,3.1415,0.7851,3.1415,-4703.8174,-28633.5703,24.2305,1
-4703.1636,-28634.3926,24.9425,-5252.6157,-28084.4551,21.4419,-4702.9028,-28629.4434,25.2057,774.0848,-0.0007,0.0007,3.1415,0.7851,3.1415,-4703.7681,-28633.4629,24.2628,1
-4703.1636,-28634.3926,24.9425,-5252.6157,-28084.4551,21.4420,-4705.1543,-28637.1602,22.7771,777.9453,0.0007,0.0002,3.1415,0.7851,3.1415,-4703.7905,-28633.5957,24.2190,1
-4703.1636,-28634.3926,24.9425,-5252.6157,-28084.4551,21.4419,-4700.5068,-28637.9844,20.2963,781.8063,0.0002,-0.0003,3.1415,0.7851,3.1415,-4703.6675,-28633.7598,24.0929,1
-4703.1636,-28634.3926,24.9425,-5252.6157,-28084.4551,21.4418,-4706.8794,-28627.7949,27.5501,770.1147,-0.0004,0.0012,3.1415,0.7851,3.1415,-4703.7437,-28633.6055,24.1923,1
-4703.1636,-28634.3926,24.9425,-5252.6162,-28084.4551,21.4419,-4702.2354,-28628.6133,25.1965,773.9757,-0.0010,0.0007,3.1415,0.7851,3.1415,-4703.6768,-28633.4629,24.2228,1
-4703.1636,-28634.3926,24.9425,-5252.6157,-28084.4551,21.4419,-4704.4751,-28636.3340,22.7493,777.8362,0.0005,0.0002,3.1415,0.7851,3.1415,-4703.6797,-28633.5605,24.1766,1
-4703.1636,-28634.3926,24.9425,-5252.6157,-28084.4551,21.4420,-4699.8262,-28637.1504,20.2976,781.6971,-0.0001,-0.0003,3.1415,0.7851,3.1415,-4703.5366,-28633.6875,24.0492,1
-4703.1636,-28634.3926,24.9425,-5252.6157,-28084.4551,21.4419,-4706.2134,-28626.9688,27.5636,770.0055,-0.0006,0.0012,3.1415,0.7851,3.1415,-4703.5918,-28633.4941,24.1479,1
-4703.1636,-28634.3926,24.9425,-5252.6157,-28084.4551,21.4418,-4708.4390,-28634.6641,25.1323,773.8665,0.0008,0.0007,3.1415,0.7851,3.1415,-4703.7246,-28633.5332,24.1755,1
-4703.1636,-28634.3926,24.9425,-5252.6162,-28084.4551,21.4419,-4703.7969,-28635.5059,22.7549,777.7269,0.0003,0.0002,3.1415,0.7851,3.1415,-4703.7188,-28633.6035,24.1286,1
-4703.1636,-28634.3926,24.9425,-5252.6157,-28084.4551,21.4419,-4701.2158,-28629.5625,29.4255,775.3972,-0.0010,0.0015,3.1415,0.7851,3.1415,-4703.6304,-28633.4863,24.2938,1
-4703.1636,-28634.3926,24.9425,-5252.6162,-28084.4551,21.4420,-4705.5488,-28626.1426,27.5451,769.8964,-0.0008,0.0012,3.1415,0.7851,3.1415,-4703.6768,-28633.2480,24.4103,1
-4703.1636,-28634.3926,24.9425,-5252.6157,-28084.4551,21.4419,-4707.7622,-28633.8418,25.1272,773.7574,0.0006,0.0007,3.1415,0.7851,3.1415,-4703.7993,-28633.2422,24.4546,1
-4703.1636,-28634.3926,24.9425,-5252.6157,-28084.4551,21.4418,-4703.1191,-28634.6758,22.6706,777.6178,0.0001,0.0002,3.1415,0.7851,3.1415,-4703.7808,-28633.2676,24.4205,1
-4703.1636,-28634.3926,24.9425,-5252.6162,-28084.4551,21.4419,-4698.4692,-28635.4785,20.3236,781.4786,-0.0005,-0.0003,3.1415,0.7851,3.1415,-4703.6118,-28633.3223,24.3072,1
-4703.1636,-28634.3926,24.9425,-5252.6157,-28084.4551,21.4419,-4700.7969,-28643.2227,27.6976,785.3391,0.0009,0.0012,3.1415,0.7851,3.1415,-4703.5068,-28633.6270,24.4200,1
-4703.1636,-28634.3926,24.9425,-5252.6157,-28084.4551,21.4420,-4707.0874,-28633.0156,25.1797,773.6480,0.0004,0.0007,3.1415,0.7851,3.1415,-4703.5986,-28633.6289,24.4599,1
-4703.1636,-28634.3926,24.9425,-5252.6157,-28084.4551,21.4419,-4702.4429,-28633.8438,22.7371,777.5085,-0.0002,0.0002,3.1415,0.7851,3.1415,-4703.5488,-28633.6543,24.4222,1
-4703.1636,-28634.3926,24.9425,-5252.6157,-28084.4551,21.4418,-4697.7915,-28634.6426,20.2311,781.3696,-0.0007,-0.0003,3.1415,0.7851,3.1415,-4703.3481,-28633.7051,24.3004,1
-4703.1636,-28634.3926,24.9425,-5252.6162,-28084.4551,21.4419,-4700.1089,-28642.3887,27.6746,785.2300,0.0007,0.0012,3.1415,0.7851,3.1415,-4703.2109,-28634.0039,24.4071,1
-4703.1636,-28634.3926,24.9425,-5252.6157,-28084.4551,21.4419,-4706.4131,-28632.1914,25.1382,773.5389,0.0002,0.0007,3.1415,0.7851,3.1415,-4703.2705,-28633.9941,24.4404,1
-4703.1636,-28634.3926,24.9425,-5252.6162,-28084.4551,21.4420,-4701.7695,-28633.0137,22.7106,777.3995,-0.0004,0.0002,3.1415,0.7851,3.1415,-4703.1885,-28634.0059,24.3966,1
-4703.1636,-28634.3926,24.9425,-5252.6157,-28084.4551,21.4419,-4697.1177,-28633.8066,20.2308,781.2604,-0.0009,-0.0003,3.1415,0.7851,3.1415,-4702.9556,-28634.0391,24.2698,1
-4703.1636,-28634.3926,24.9425,-5252.6157,-28084.4551,21.4418,-4706.8105,-28627.4043,23.3356,769.8693,-0.0005,0.0003,3.1415,0.7851,3.1415,-4703.0239,-28633.8633,24.2331,1
-4703.1636,-28634.3926,24.9425,-5252.6162,-28084.4551,21.4419,-4694.1211,-28636.4668,20.9852,785.2605,-0.0010,-0.0002,3.1415,0.7851,3.1415,-4702.6958,-28633.9629,24.1203,1
-4703.1636,-28634.3926,24.9425,-5252.6157,-28084.4551,21.4419,-4701.0967,-28632.1836,22.6823,777.2903,-0.0006,0.0001,3.1415,0.7851,3.1415,-4702.5723,-28633.9336,24.0547,1
-4703.1636,-28634.3926,24.9425,-5252.6162,-28084.4551,21.4420,-4703.3809,-28639.9141,20.2333,781.1512,0.0008,-0.0004,3.1415,0.7851,3.1415,-4702.5215,-28634.1445,23.9087,1
-4703.1636,-28634.3926,24.9425,-5252.6157,-28084.4551,21.4419,-4698.7378,-28640.7207,27.6075,785.0117,0.0003,0.0011,3.1415,0.7851,3.1415,-4702.3271,-28634.3926,23.9909,1
-4703.1636,-28634.3926,24.9425,-5252.6157,-28084.4551,21.4418,-4705.0708,-28630.5410,25.0644,773.3207,-0.0003,0.0006,3.1415,0.7851,3.1415,-4702.3301,-28634.3281,24.0017,1
-4703.1636,-28634.3926,24.9425,-5252.6162,-28084.4551,21.4419,-4700.4248,-28631.3516,22.6884,777.1812,-0.0008,0.0001,3.1415,0.7851,3.1415,-4702.1924,-28634.2793,23.9389,1
-4703.1636,-28634.3926,24.9425,-5252.6157,-28084.4551,21.4419,-4702.6973,-28639.0840,20.2014,781.0422,0.0006,-0.0004,3.1415,0.7851,3.1415,-4702.1265,-28634.4707,23.7947,1
-4703.1636,-28634.3926,24.9425,-5252.6157,-28084.4551,21.4420,-4698.0532,-28639.8828,27.5888,784.9026,0.0001,0.0011,3.1415,0.7851,3.1415,-4701.9160,-28634.6953,23.8794,1
-4703.1636,-28634.3926,24.9425,-5252.6157,-28084.4551,21.4419,-4704.4004,-28629.7129,25.0595,773.2116,-0.0005,0.0006,3.1415,0.7851,3.1415,-4701.9038,-28634.6035,23.8933,1
-4703.1636,-28634.3926,24.9425,-5252.6157,-28084.4551,21.4418,-4706.6587,-28637.4219,22.6058,777.0721,0.0010,0.0001,3.1415,0.7851,3.1415,-4701.9722,-28634.7461,23.8314,1
-4703.1636,-28634.3926,24.9425,-5252.6162,-28084.4551,21.4419,-4702.0151,-28638.2520,20.2593,780.9329,0.0004,-0.0003,3.1415,0.7851,3.1415,-4701.9038,-28634.9199,23.6926,1
-4703.1636,-28634.3926,24.9425,-5252.6157,-28084.4551,21.4419,-4697.3701,-28639.0449,27.6265,784.7934,-0.0001,0.0012,3.1415,0.7851,3.1415,-4701.6899,-28635.1230,23.7825,1
-4703.1636,-28634.3926,24.9425,-5252.6162,-28084.4551,21.4420,-4703.7324,-28628.8848,25.1117,773.1022,-0.0007,0.0007,3.1415,0.7851,3.1415,-4701.6733,-28635.0078,23.8023,1
-4703.1636,-28634.3926,24.9425,-5252.6157,-28084.4551,21.4419,-4705.9785,-28636.5957,22.6713,776.9628,0.0007,0.0001,3.1415,0.7851,3.1415,-4701.7354,-28635.1230,23.7469,1
-4703.1636,-28634.3926,24.9425,-5252.6157,-28084.4551,21.4418,-4701.3335,-28637.4199,20.1665,780.8238,0.0002,-0.0004,3.1415,0.7851,3.1415,-4701.6597,-28635.2656,23.6099,1
-4703.1636,-28634.3926,24.9425,-5252.6162,-28084.4551,21.4419,-4696.6885,-28638.2070,27.6040,784.6843,-0.0004,0.0011,3.1415,0.7851,3.1415,-4701.4380,-28635.4355,23.7037,1
-4703.1636,-28634.3926,24.9425,-5252.6157,-28084.4551,21.4419,-4703.0640,-28628.0547,25.0709,772.9932,-0.0009,0.0006,3.1415,0.7851,3.1415,-4701.4116,-28635.2832,23.7269,1
-4703.1636,-28634.3926,24.9425,-5252.6157,-28084.4551,21.4420,-4705.2998,-28635.7676,22.6449,776.8537,0.0005,0.0001,3.1415,0.7851,3.1415,-4701.4634,-28635.3613,23.6754,1
-4703.1636,-28634.3926,24.9425,-5252.6157,-28084.4551,21.4419,-4699.7080,-28630.9141,21.2946,777.3829,-0.0010,-0.0001,3.1415,0.7851,3.1415,-4701.3457,-28635.2812,23.5789,1
-4703.1636,-28634.3926,24.9425,-5252.6157,-28084.4551,21.4418,-4707.9185,-28633.0391,21.6270,773.0710,0.0005,-0.0001,3.1415,0.7851,3.1415,-4701.4917,-28635.2578,23.4884,1
-4703.1636,-28634.3926,24.9425,-5252.6162,-28084.4551,21.4419,-4709.2617,-28634.0977,25.0626,772.8840,0.0009,0.0006,3.1415,0.7851,3.1415,-4701.6973,-28635.2617,23.5060,1
-4703.1636,-28634.3926,24.9425,-5252.6157,-28084.4551,21.4419,-4704.6216,-28634.9414,22.6170,776.7445,0.0003,0.0001,3.1415,0.7851,3.1415,-4701.7705,-28635.2910,23.4491,1
-4703.1636,-28634.3926,24.9425,-5252.6162,-28084.4551,21.4420,-4699.9751,-28635.7539,20.1686,780.6055,-0.0002,-0.0004,3.1415,0.7851,3.1415,-4701.7012,-28635.3418,23.3130,1
-4703.1636,-28634.3926,24.9425,-5252.6157,-28084.4551,21.4419,-4703.8999,-28627.4121,21.0082,771.9400,-0.0009,-0.0002,3.1415,0.7851,3.1415,-4701.7549,-28635.1250,23.1973,1
-4703.1636,-28634.3926,24.9425,-5252.6157,-28084.4551,21.4418,-4708.5850,-28633.2734,24.9977,772.7749,0.0006,0.0006,3.1415,0.7851,3.1415,-4701.9653,-28635.0781,23.2074,1
-4703.1636,-28634.3926,24.9425,-5252.6162,-28084.4551,21.4419,-4703.9453,-28634.1113,22.6231,776.6353,0.0001,0.0001,3.1415,0.7851,3.1415,-4702.0396,-28635.0547,23.1463,1
-4703.1636,-28634.3926,24.9425,-5252.6157,-28084.4551,21.4419,-4699.2974,-28634.9180,20.1366,780.4964,-0.0005,-0.0004,3.1415,0.7851,3.1415,-4701.9688,-28635.0547,23.0058,1
-4703.1636,-28634.3926,24.9425,-5252.6157,-28084.4551,21.4420,-4701.6196,-28642.6562,27.5192,784.3569,0.0010,0.0011,3.1415,0.7851,3.1415,-4701.9663,-28635.3008,23.0964,1
-4703.1636,-28634.3926,24.9425,-5252.6157,-28084.4551,21.4419,-4707.9102,-28632.4512,24.9927,772.6658,0.0004,0.0006,3.1415,0.7851,3.1415,-4702.1660,-28635.2363,23.1187,1
-4703.1636,-28634.3926,24.9425,-5252.6157,-28084.4551,21.4418,-4703.2690,-28633.2812,22.5392,776.5263,-0.0001,0.0001,3.1415,0.7851,3.1415,-4702.2275,-28635.1914,23.0669,1
-4703.1636,-28634.3926,24.9425,-5252.6162,-28084.4551,21.4419,-4698.6216,-28634.0820,20.1944,780.3870,-0.0007,-0.0004,3.1415,0.7851,3.1415,-4702.1411,-28635.1699,22.9401,1
-4703.1636,-28634.3926,24.9425,-5252.6157,-28084.4551,21.4419,-4700.9326,-28641.8223,27.5567,784.2476,0.0008,0.0011,3.1415,0.7851,3.1415,-4702.1206,-28635.3906,23.0437,1
-4703.1636,-28634.3926,24.9425,-5252.6162,-28084.4551,21.4420,-4707.2378,-28631.6270,25.0444,772.5565,0.0002,0.0006,3.1415,0.7851,3.1415,-4702.3003,-28635.2988,23.0793,1
-4703.1636,-28634.3926,24.9425,-5252.6157,-28084.4551,21.4419,-4702.5952,-28632.4512,22.6049,776.4170,-0.0003,0.0001,3.1415,0.7851,3.1415,-4702.3403,-28635.2246,23.0412,1
-4703.1636,-28634.3926,24.9425,-5252.6157,-28084.4551,21.4418,-4697.9463,-28633.2461,20.1014,780.2780,-0.0009,-0.0004,3.1415,0.7851,3.1415,-4702.2305,-28635.1699,22.9228,1
-4703.1636,-28634.3926,24.9425,-5252.6162,-28084.4551,21.4419,-4700.2466,-28640.9883,27.5342,784.1384,0.0005,0.0011,3.1415,0.7851,3.1415,-4702.1846,-28635.3574,23.0365,1
-4703.1636,-28634.3926,24.9425,-5252.6157,-28084.4551,21.4419,-4706.5649,-28630.8008,25.0038,772.4474,-0.0000,0.0006,3.1415,0.7851,3.1415,-4702.3374,-28635.2305,23.0812,1
-4703.1636,-28634.3926,24.9425,-5252.6157,-28084.4551,21.4420,-4704.3550,-28629.6484,28.0459,773.2158,-0.0005,0.0013,3.1415,0.7851,3.1415,-4702.4272,-28635.0566,23.2291,1
-4703.1636,-28634.3926,24.9425,-5252.6157,-28084.4551,21.4419,-4704.2021,-28639.3457,20.1027,780.1688,0.0009,-0.0004,3.1415,0.7851,3.1415,-4702.5151,-28635.1816,23.1317,1
-4703.1636,-28634.3926,24.9425,-5252.6157,-28084.4551,21.4418,-4702.9087,-28637.9902,28.7639,780.1442,0.0005,0.0014,3.1415,0.7851,3.1415,-4702.5645,-28635.2734,23.3054,1
-4703.1636,-28634.3926,24.9425,-5252.6162,-28084.4551,21.4419,-4705.8950,-28629.9766,24.9949,772.3382,-0.0002,0.0006,3.1415,0.7851,3.1415,-4702.7100,-28635.1133,23.3707,1
-4703.1636,-28634.3926,24.9425,-5252.6157,-28084.4551,21.4419,-4701.2510,-28630.7891,22.5506,776.1987,-0.0008,0.0001,3.1415,0.7851,3.1415,-4702.7104,-28634.9688,23.3602,1
-4703.1636,-28634.3926,24.9425,-5252.6162,-28084.4551,21.4420,-4703.5195,-28638.5156,20.1043,780.0596,0.0007,-0.0004,3.1415,0.7851,3.1415,-4702.7798,-28635.0625,23.2692,1
-4703.1636,-28634.3926,24.9425,-5252.6157,-28084.4551,21.4419,-4698.8770,-28639.3184,27.4677,783.9202,0.0001,0.0011,3.1415,0.7851,3.1415,-4702.7007,-28635.1895,23.4062,1
-4703.1636,-28634.3926,24.9425,-5252.6157,-28084.4551,21.4418,-4705.2246,-28629.1484,24.9299,772.2291,-0.0004,0.0006,3.1415,0.7851,3.1415,-4702.8159,-28635.0000,23.4717,1
-4703.1636,-28634.3926,24.9425,-5252.6162,-28084.4551,21.4419,-4700.5811,-28629.9570,22.5567,776.0895,-0.0010,0.0001,3.1415,0.7851,3.1415,-4702.7852,-28634.8223,23.4630,1
-4703.1636,-28634.3926,24.9425,-5252.6157,-28084.4551,21.4419,-4702.8643,-28637.6582,29.8737,779.9506,0.0004,0.0016,3.1415,0.7851,3.1415,-4702.8218,-28634.8848,23.6864,1
-4703.1636,-28634.3926,24.9425,-5252.6157,-28084.4551,21.4420,-4707.8691,-28634.2754,28.3628,774.0109,0.0007,0.0013,3.1415,0.7851,3.1415,-4703.0186,-28634.8438,23.8752,1
-4703.1636,-28634.3926,24.9425,-5252.6157,-28084.4551,21.4419,-4704.5562,-28628.3223,24.9250,772.1200,-0.0007,0.0006,3.1415,0.7851,3.1415,-4703.1182,-28634.6094,23.9614,1
-4703.1636,-28634.3926,24.9425,-5252.6157,-28084.4551,21.4418,-4706.7993,-28636.0254,22.4739,775.9805,0.0008,0.0001,3.1415,0.7851,3.1415,-4703.2915,-28634.6113,23.9689,1
-4703.1636,-28634.3926,24.9425,-5252.6162,-28084.4551,21.4419,-4702.1846,-28636.8262,29.9300,779.8412,0.0002,0.0016,3.1415,0.7851,3.1415,-4703.3218,-28634.6445,24.2105,1
-4703.1636,-28634.3926,24.9425,-5252.6157,-28084.4551,21.4419,-4697.5132,-28637.6445,27.4863,783.7018,-0.0003,0.0011,3.1415,0.7851,3.1415,-4703.1987,-28634.7090,24.3839,1
-4703.1636,-28634.3926,24.9425,-5252.6162,-28084.4551,21.4420,-4703.8896,-28627.4941,24.9769,772.0107,-0.0009,0.0006,3.1415,0.7851,3.1415,-4703.2651,-28634.4531,24.4819,1
-4703.1636,-28634.3926,24.9425,-5252.6157,-28084.4551,21.4419,-4706.1211,-28635.1992,22.5393,775.8712,0.0006,0.0001,3.1415,0.7851,3.1415,-4703.4033,-28634.4316,24.4996,1
-4703.1636,-28634.3926,24.9425,-5252.6157,-28084.4551,21.4418,-4701.5039,-28635.9941,29.8359,779.7322,0.0000,0.0016,3.1415,0.7851,3.1415,-4703.3970,-28634.4395,24.7448,1
-4703.1636,-28634.3926,24.9425,-5252.6162,-28084.4551,21.4419,-4696.8335,-28636.8066,27.4638,783.5927,-0.0005,0.0011,3.1415,0.7851,3.1415,-4703.2363,-28634.4785,24.9219,1
-4703.1636,-28634.3926,24.9425,-5252.6157,-28084.4551,21.4419,-4710.0806,-28633.5254,24.9369,771.9016,0.0009,0.0006,3.1415,0.7851,3.1415,-4703.4863,-28634.4180,25.0209,1
-4703.1636,-28634.3926,24.9425,-5252.6157,-28084.4551,21.4420,-4705.4438,-28634.3730,22.5130,775.7621,0.0003,0.0001,3.1415,0.7851,3.1415,-4703.5991,-28634.3828,25.0383,1
-4703.1636,-28634.3926,24.9425,-5252.6157,-28084.4551,21.4419,-4700.8262,-28635.1621,29.8350,779.6230,-0.0002,0.0016,3.1415,0.7851,3.1415,-4703.5659,-28634.3750,25.2822,1
-4703.1636,-28634.3926,24.9425,-5252.6157,-28084.4551,21.4418,-4696.1538,-28635.9688,27.3833,783.4835,-0.0008,0.0011,3.1415,0.7851,3.1415,-4703.3765,-28634.3965,25.4539,1
-4703.1636,-28634.3926,24.9425,-5252.6162,-28084.4551,21.4419,-4709.4058,-28632.7051,24.9282,771.7924,0.0007,0.0006,3.1415,0.7851,3.1415,-4703.5952,-28634.3164,25.5477,1
-4703.1636,-28634.3926,24.9425,-5252.6157,-28084.4551,21.4419,-4704.7681,-28633.5449,22.4854,775.6529,0.0001,0.0001,3.1415,0.7851,3.1415,-4703.6758,-28634.2617,25.5578,1
-4703.1636,-28634.3926,24.9425,-5252.6162,-28084.4551,21.4420,-4700.1499,-28634.3281,29.8355,779.5138,-0.0004,0.0016,3.1415,0.7851,3.1415,-4703.6089,-28634.2305,25.7939,1
-4703.1636,-28634.3926,24.9425,-5252.6157,-28084.4551,21.4419,-4695.4766,-28635.1289,27.3976,783.3744,-0.0010,0.0011,3.1415,0.7851,3.1415,-4703.3843,-28634.2266,25.9570,1
-4703.1636,-28634.3926,24.9425,-5252.6157,-28084.4551,21.4418,-4700.3569,-28636.9609,27.8946,781.2091,-0.0000,0.0012,3.1415,0.7851,3.1415,-4703.2974,-28634.2852,26.1355,1
-4703.1636,-28634.3926,24.9425,-5252.6162,-28084.4551,21.4419,-4704.0942,-28632.7168,22.4914,775.5437,-0.0001,0.0001,3.1415,0.7851,3.1415,-4703.3232,-28634.2129,26.1401,1
-4703.1636,-28634.3926,24.9425,-5252.6157,-28084.4551,21.4419,-4699.4741,-28633.4941,29.8023,779.4048,-0.0006,0.0016,3.1415,0.7851,3.1415,-4703.2031,-28634.1641,26.3679,1
-4703.1636,-28634.3926,24.9425,-5252.6157,-28084.4551,21.4420,-4701.7534,-28641.2539,27.3795,783.2653,0.0008,0.0011,3.1415,0.7851,3.1415,-4703.1475,-28634.3633,26.5216,1
-4703.1636,-28634.3926,24.9425,-5252.6157,-28084.4551,21.4419,-4708.0591,-28631.0586,24.8584,771.5742,0.0002,0.0006,3.1415,0.7851,3.1415,-4703.2930,-28634.2500,26.5918,1
-4703.1636,-28634.3926,24.9425,-5252.6157,-28084.4551,21.4418,-4703.4209,-28631.8887,22.4077,775.4347,-0.0003,0.0001,3.1415,0.7851,3.1415,-4703.2993,-28634.1562,26.5754,1
-4703.1636,-28634.3926,24.9425,-5252.6162,-28084.4551,21.4419,-4698.8018,-28632.6602,29.8586,779.2955,-0.0009,0.0016,3.1415,0.7851,3.1415,-4703.1572,-28634.0859,26.7857,1
-4703.1636,-28634.3926,24.9425,-5252.6157,-28084.4551,21.4419,-4704.9404,-28634.3066,26.0595,776.0814,0.0003,0.0008,3.1415,0.7851,3.1415,-4703.2031,-28634.0645,26.8772,1
-4703.1636,-28634.3926,24.9425,-5252.6162,-28084.4551,21.4420,-4707.3896,-28630.2363,24.9102,771.4648,0.0000,0.0006,3.1415,0.7851,3.1415,-4703.3325,-28633.9121,26.9257,1
-4703.1636,-28634.3926,24.9425,-5252.6157,-28084.4551,21.4419,-4702.7485,-28631.0586,22.4733,775.3254,-0.0005,0.0001,3.1415,0.7851,3.1415,-4703.3208,-28633.7812,26.8879,1
-4703.1636,-28634.3926,24.9425,-5252.6157,-28084.4551,21.4418,-4705.0493,-28638.7480,29.7653,779.1863,0.0009,0.0016,3.1415,0.7851,3.1415,-4703.3818,-28633.8926,27.0717,1
-4703.1636,-28634.3926,24.9425,-5252.6162,-28084.4551,21.4419,-4700.3853,-28639.5898,27.3946,783.0469,0.0004,0.0011,3.1415,0.7851,3.1415,-4703.2969,-28634.0430,27.1822,1
-4703.1636,-28634.3926,24.9425,-5252.6157,-28084.4551,21.4419,-4706.7178,-28629.4102,24.8697,771.3558,-0.0002,0.0006,3.1415,0.7851,3.1415,-4703.4087,-28633.8770,27.2080,1
-4703.1636,-28634.3926,24.9425,-5252.6157,-28084.4551,21.4420,-4702.0771,-28630.2266,22.4473,775.2162,-0.0007,0.0001,3.1415,0.7851,3.1415,-4703.3779,-28633.7305,27.1477,1
-4703.1636,-28634.3926,24.9425,-5252.6157,-28084.4551,21.4419,-4704.3667,-28637.9199,29.7644,779.0773,0.0007,0.0016,3.1415,0.7851,3.1415,-4703.4175,-28633.8242,27.3097,1
-4703.1636,-28634.3926,24.9425,-5252.6157,-28084.4551,21.4418,-4699.7007,-28638.7539,27.3143,782.9377,0.0001,0.0011,3.1415,0.7851,3.1415,-4703.3096,-28633.9531,27.3959,1
-4703.1636,-28634.3926,24.9425,-5252.6162,-28084.4551,21.4419,-4706.0493,-28628.5859,24.8607,771.2467,-0.0004,0.0006,3.1415,0.7851,3.1415,-4703.3979,-28633.7676,27.3993,1
-4703.1636,-28634.3926,24.9425,-5252.6157,-28084.4551,21.4419,-4701.4072,-28629.3965,22.4192,775.1071,-0.0010,0.0001,3.1415,0.7851,3.1415,-4703.3418,-28633.5977,27.3162,1
-4703.1636,-28634.3926,24.9425,-5252.6162,-28084.4551,21.4420,-4703.6865,-28637.0898,29.7647,778.9681,0.0005,0.0016,3.1415,0.7851,3.1415,-4703.3545,-28633.6680,27.4564,1
-4703.1636,-28634.3926,24.9425,-5252.6157,-28084.4551,21.4419,-4699.0186,-28637.9180,27.3281,782.8286,-0.0001,0.0011,3.1415,0.7851,3.1415,-4703.2188,-28633.7715,27.5214,1
-4703.1636,-28634.3926,24.9425,-5252.6157,-28084.4551,21.4418,-4706.2939,-28630.9297,25.1914,772.7303,-0.0000,0.0007,3.1415,0.7851,3.1415,-4703.3076,-28633.6621,27.5145,1
-4703.1636,-28634.3926,24.9425,-5252.6162,-28084.4551,21.4419,-4707.6206,-28635.4551,22.4260,774.9980,0.0008,0.0001,3.1415,0.7851,3.1415,-4703.4458,-28633.6914,27.4112,1
-4703.1636,-28634.3926,24.9425,-5252.6157,-28084.4551,21.4419,-4703.0059,-28636.2598,29.7314,778.8589,0.0003,0.0016,3.1415,0.7851,3.1415,-4703.4443,-28633.7539,27.5306,1
-4703.1636,-28634.3926,24.9425,-5252.6157,-28084.4551,21.4420,-4698.3379,-28637.0820,27.3094,782.7195,-0.0003,0.0011,3.1415,0.7851,3.1415,-4703.2925,-28633.8457,27.5754,1
-4703.1636,-28634.3926,24.9425,-5252.6157,-28084.4551,21.4419,-4704.7144,-28626.9316,24.7909,771.0284,-0.0008,0.0006,3.1415,0.7851,3.1415,-4703.3340,-28633.6191,27.5362,1
-4703.1636,-28634.3926,24.9425,-5252.6157,-28084.4551,21.4418,-4706.9419,-28634.6309,22.3424,774.8889,0.0006,0.0001,3.1415,0.7851,3.1415,-4703.4497,-28633.6270,27.4108,1
-4703.1636,-28634.3926,24.9425,-5252.6162,-28084.4551,21.4419,-4702.3281,-28635.4297,29.7876,778.7497,0.0000,0.0016,3.1415,0.7851,3.1415,-4703.4248,-28633.6641,27.5129,1
-4703.1636,-28634.3926,24.9425,-5252.6157,-28084.4551,21.4419,-4697.6592,-28636.2461,27.3468,782.6101,-0.0005,0.0011,3.1415,0.7851,3.1415,-4703.2485,-28633.7305,27.5407,1
-4703.1636,-28634.3926,24.9425,-5252.6162,-28084.4551,21.4420,-4710.8999,-28632.9551,24.8433,770.9191,0.0009,0.0006,3.1415,0.7851,3.1415,-4703.4863,-28633.6973,27.4857,1
-4703.1636,-28634.3926,24.9425,-5252.6157,-28084.4551,21.4419,-4706.2656,-28633.8047,22.4079,774.7795,0.0004,0.0001,3.1415,0.7851,3.1415,-4703.5894,-28633.6895,27.3458,1
-4703.1636,-28634.3926,24.9425,-5252.6157,-28084.4551,21.4418,-4707.2466,-28636.8281,28.7688,776.2670,0.0010,0.0014,3.1415,0.7851,3.1415,-4703.7295,-28633.7812,27.3996,1
-4703.1636,-28634.3926,24.9425,-5252.6162,-28084.4551,21.4419,-4702.8774,-28632.6504,21.6675,776.3577,-0.0003,-0.0001,3.1415,0.7851,3.1415,-4703.7358,-28633.7441,27.2274,1
-4703.1636,-28634.3926,24.9425,-5252.6157,-28084.4551,21.4419,-4710.2251,-28632.1348,24.8028,770.8100,0.0007,0.0006,3.1415,0.7851,3.1415,-4703.9771,-28633.6895,27.1433,1
-4703.1636,-28634.3926,24.9425,-5252.6157,-28084.4551,21.4420,-4700.2100,-28633.4941,29.8992,778.8831,-0.0005,0.0016,3.1415,0.7851,3.1415,-4703.9077,-28633.6738,27.2186,1
-4703.1636,-28634.3926,24.9425,-5252.6157,-28084.4551,21.4419,-4700.9736,-28633.7656,29.6929,778.5315,-0.0004,0.0016,3.1415,0.7851,3.1415,-4703.8525,-28633.6680,27.2936,1
-4703.1636,-28634.3926,24.9425,-5252.6157,-28084.4551,21.4418,-4696.3032,-28634.5703,27.2440,782.3924,-0.0009,0.0011,3.1415,0.7851,3.1415,-4703.6416,-28633.6875,27.2952,1
-4703.1636,-28634.3926,24.9425,-5252.6162,-28084.4551,21.4419,-4709.5527,-28631.3125,24.7939,770.7009,0.0005,0.0006,3.1415,0.7851,3.1415,-4703.8398,-28633.6055,27.2171,1
-4703.1636,-28634.3926,24.9425,-5252.6157,-28084.4551,21.4419,-4704.9165,-28632.1523,22.3538,774.5618,-0.0001,0.0001,3.1415,0.7851,3.1415,-4703.8999,-28633.5449,27.0553,1
-4703.1636,-28634.3926,24.9425,-5252.6162,-28084.4551,21.4420,-4700.2998,-28632.9316,29.6930,778.4223,-0.0006,0.0016,3.1415,0.7851,3.1415,-4703.8125,-28633.5078,27.1200,1
-4703.1636,-28634.3926,24.9425,-5252.6157,-28084.4551,21.4419,-4702.5742,-28640.6855,27.2587,782.2832,0.0008,0.0011,3.1415,0.7851,3.1415,-4703.7900,-28633.7168,27.1127,1
-4703.1636,-28634.3926,24.9425,-5252.6157,-28084.4551,21.4418,-4708.8804,-28630.4922,24.7292,770.5917,0.0003,0.0006,3.1415,0.7851,3.1415,-4703.9688,-28633.6152,27.0241,1
-4703.1636,-28634.3926,24.9425,-5252.6162,-28084.4551,21.4419,-4704.2446,-28631.3242,22.3600,774.4526,-0.0003,0.0001,3.1415,0.7851,3.1415,-4704.0068,-28633.5332,26.8548,1
-4703.1636,-28634.3926,24.9425,-5252.6157,-28084.4551,21.4419,-4699.6255,-28632.0996,29.6599,778.3132,-0.0008,0.0016,3.1415,0.7851,3.1415,-4703.8960,-28633.4727,26.9117,1
-4703.1636,-28634.3926,24.9425,-5252.6157,-28084.4551,21.4420,-4701.8896,-28639.8555,27.2399,782.1742,0.0006,0.0011,3.1415,0.7851,3.1415,-4703.8481,-28633.6562,26.8978,1
-4703.1636,-28634.3926,24.9425,-5252.6157,-28084.4551,21.4419,-4708.2095,-28629.6680,24.7242,770.4826,0.0001,0.0006,3.1415,0.7851,3.1415,-4703.9995,-28633.5273,26.8040,1
-4703.1636,-28634.3926,24.9425,-5252.6157,-28084.4551,21.4418,-4703.5723,-28630.4941,22.2763,774.3436,-0.0005,0.0001,3.1415,0.7851,3.1415,-4704.0098,-28633.4180,26.6277,1
-4703.1636,-28634.3926,24.9425,-5252.6162,-28084.4551,21.4419,-4705.8696,-28638.1777,29.7167,778.2039,0.0010,0.0016,3.1415,0.7851,3.1415,-4704.0913,-28633.5488,26.6829,1
-4703.1636,-28634.3926,24.9425,-5252.6157,-28084.4551,21.4419,-4701.2061,-28639.0215,27.2776,782.0648,0.0004,0.0011,3.1415,0.7851,3.1415,-4704.0273,-28633.7188,26.6675,1
-4703.1636,-28634.3926,24.9425,-5252.6162,-28084.4551,21.4420,-4707.5410,-28628.8438,24.7762,770.3733,-0.0002,0.0006,3.1415,0.7851,3.1415,-4704.1602,-28633.5703,26.5737,1
-4703.1636,-28634.3926,24.9425,-5252.6157,-28084.4551,21.4419,-4702.9023,-28629.6641,22.3422,774.2342,-0.0007,0.0001,3.1415,0.7851,3.1415,-4704.1494,-28633.4395,26.3988,1
-4703.1636,-28634.3926,24.9425,-5252.6157,-28084.4551,21.4418,-4705.1865,-28637.3516,29.6233,778.0948,0.0007,0.0016,3.1415,0.7851,3.1415,-4704.2090,-28633.5488,26.4511,1
-4703.1636,-28634.3926,24.9425,-5252.6162,-28084.4551,21.4419,-4700.5244,-28638.1895,27.2552,781.9557,0.0002,0.0011,3.1415,0.7851,3.1415,-4704.1201,-28633.6914,26.4356,1
-4703.1636,-28634.3926,24.9425,-5252.6157,-28084.4551,21.4419,-4706.8726,-28628.0215,24.7357,770.2642,-0.0004,0.0006,3.1415,0.7851,3.1415,-4704.2271,-28633.5176,26.3419,1
-4703.1636,-28634.3926,24.9425,-5252.6162,-28084.4551,21.4420,-4702.2339,-28628.8340,22.3160,774.1251,-0.0009,0.0001,3.1415,0.7851,3.1415,-4704.1890,-28633.3574,26.1682,1
-4703.1636,-28634.3926,24.9425,-5252.6157,-28084.4551,21.4419,-4704.5063,-28636.5234,29.6224,777.9857,0.0005,0.0016,3.1415,0.7851,3.1415,-4704.2188,-28633.4355,26.2230,1
-4703.1636,-28634.3926,24.9425,-5252.6157,-28084.4551,21.4418,-4699.0820,-28634.3164,21.2379,780.2230,-0.0006,-0.0001,3.1415,0.7851,3.1415,-4704.0752,-28633.4512,26.0180,1
-4703.1636,-28634.3926,24.9425,-5252.6162,-28084.4551,21.4419,-4699.2881,-28636.8535,20.8413,781.8680,-0.0002,-0.0002,3.1415,0.7851,3.1415,-4703.9268,-28633.5508,25.7919,1
-4703.1636,-28634.3926,24.9425,-5252.6157,-28084.4551,21.4419,-4708.4395,-28634.8848,22.2889,774.0161,0.0009,0.0001,3.1415,0.7851,3.1415,-4704.0625,-28633.5938,25.6023,1
-4703.1636,-28634.3926,24.9425,-5252.6162,-28084.4551,21.4420,-4703.8281,-28635.6934,29.6227,777.8765,0.0003,0.0016,3.1415,0.7851,3.1415,-4704.0591,-28633.6660,25.6444,1
-4703.1636,-28634.3926,24.9425,-5252.6157,-28084.4551,21.4419,-4699.1626,-28636.5195,27.1889,781.7374,-0.0002,0.0011,3.1415,0.7851,3.1415,-4703.9058,-28633.7676,25.6195,1
-4703.1636,-28634.3926,24.9425,-5252.6157,-28084.4551,21.4418,-4705.5396,-28626.3691,24.6620,770.0459,-0.0008,0.0006,3.1415,0.7851,3.1415,-4703.9468,-28633.5469,25.5191,1
-4703.1636,-28634.3926,24.9425,-5252.6162,-28084.4551,21.4419,-4707.7632,-28634.0605,22.2950,773.9069,0.0006,0.0001,3.1415,0.7851,3.1415,-4704.0635,-28633.5605,25.3429,1
-4703.1636,-28634.3926,24.9425,-5252.6157,-28084.4551,21.4419,-4705.7578,-28638.1895,20.6315,778.2524,0.0009,-0.0003,3.1415,0.7851,3.1415,-4704.1230,-28633.7070,25.1096,1
-4703.1636,-28634.3926,24.9425,-5252.6162,-28084.4551,21.4420,-4698.4844,-28635.6836,27.1702,781.6284,-0.0005,0.0011,3.1415,0.7851,3.1415,-4703.9536,-28633.7832,25.0791,1
-4703.1636,-28634.3926,24.9425,-5252.6157,-28084.4551,21.4419,-4711.7183,-28632.3828,24.6579,769.9368,0.0010,0.0006,3.1415,0.7851,3.1415,-4704.1987,-28633.7559,24.9758,1
-4703.1636,-28634.3926,24.9425,-5252.6157,-28084.4551,21.4418,-4707.0869,-28633.2363,22.2115,773.7977,0.0004,0.0001,3.1415,0.7851,3.1415,-4704.3096,-28633.7539,24.7959,1
-4703.1636,-28634.3926,24.9425,-5252.6162,-28084.4551,21.4419,-4702.4746,-28634.0332,29.6457,777.6581,-0.0001,0.0016,3.1415,0.7851,3.1415,-4704.2769,-28633.7754,24.8528,1
-4703.1636,-28634.3926,24.9425,-5252.6157,-28084.4551,21.4419,-4697.8071,-28634.8477,27.2076,781.5190,-0.0007,0.0011,3.1415,0.7851,3.1415,-4704.0903,-28633.8223,24.8445,1
-4703.1636,-28634.3926,24.9425,-5252.6162,-28084.4551,21.4420,-4711.0454,-28631.5645,24.7096,769.8275,0.0008,0.0006,3.1415,0.7851,3.1415,-4704.3169,-28633.7656,24.7640,1
-4703.1636,-28634.3926,24.9425,-5252.6157,-28084.4551,21.4419,-4706.4131,-28632.4121,22.2769,773.6884,0.0002,0.0001,3.1415,0.7851,3.1415,-4704.4072,-28633.7305,24.6075,1
-4703.1636,-28634.3926,24.9425,-5252.6157,-28084.4551,21.4418,-4701.7979,-28633.2031,29.5518,777.5490,-0.0003,0.0016,3.1415,0.7851,3.1415,-4704.3521,-28633.7188,24.6827,1
-4703.1636,-28634.3926,24.9425,-5252.6162,-28084.4551,21.4419,-4697.1313,-28634.0098,27.1851,781.4099,-0.0009,0.0011,3.1415,0.7851,3.1415,-4704.1416,-28633.7324,24.6946,1
-4703.1636,-28634.3926,24.9425,-5252.6157,-28084.4551,21.4419,-4699.4175,-28641.7812,24.7241,785.2704,0.0005,0.0006,3.1415,0.7851,3.1415,-4703.9897,-28633.9922,24.6354,1
-4703.1636,-28634.3926,24.9425,-5252.6162,-28084.4551,21.4420,-4705.7407,-28631.5859,22.2508,773.5793,-0.0000,0.0001,3.1415,0.7851,3.1415,-4704.0298,-28633.9434,24.4985,1
-4703.1636,-28634.3926,24.9425,-5252.6157,-28084.4551,21.4419,-4701.1245,-28632.3711,29.5511,777.4398,-0.0006,0.0016,3.1415,0.7851,3.1415,-4703.9258,-28633.9160,24.5938,1
-4703.1636,-28634.3926,24.9425,-5252.6157,-28084.4551,21.4418,-4703.3955,-28640.1172,27.1058,781.3008,0.0009,0.0011,3.1415,0.7851,3.1415,-4703.8892,-28634.1309,24.6230,1
-4703.1636,-28634.3926,24.9425,-5252.6162,-28084.4551,21.4419,-4698.7319,-28640.9473,24.7151,785.1613,0.0003,0.0006,3.1415,0.7851,3.1415,-4703.7036,-28634.3828,24.5827,1
-4703.1636,-28634.3926,24.9425,-5252.6157,-28084.4551,21.4419,-4705.0684,-28630.7598,22.2230,773.4702,-0.0002,0.0001,3.1415,0.7851,3.1415,-4703.7104,-28634.3223,24.4636,1
-4703.1636,-28634.3926,24.9425,-5252.6162,-28084.4551,21.4420,-4700.4526,-28631.5391,29.5514,777.3307,-0.0008,0.0016,3.1415,0.7851,3.1415,-4703.5728,-28634.2773,24.5772,1
-4703.1636,-28634.3926,24.9425,-5252.6157,-28084.4551,21.4419,-4703.1260,-28641.2305,28.7045,782.2937,0.0010,0.0014,3.1415,0.7851,3.1415,-4703.5156,-28634.5371,24.6750,1
-4703.1636,-28634.3926,24.9425,-5252.6157,-28084.4551,21.4418,-4698.0464,-28640.1094,24.6492,785.0521,0.0001,0.0006,3.1415,0.7851,3.1415,-4703.2974,-28634.7715,24.6530,1
-4703.1636,-28634.3926,24.9425,-5252.6162,-28084.4551,21.4419,-4704.3979,-28629.9316,22.2292,773.3610,-0.0004,0.0001,3.1415,0.7851,3.1415,-4703.2725,-28634.6895,24.5534,1
-4703.1636,-28634.3926,24.9425,-5252.6162,-28084.4551,21.4419,-4700.7559,-28643.1602,27.8067,785.3256,0.0009,0.0012,3.1415,0.7851,3.1415,-4703.1353,-28635.0195,24.6283,1
-4703.1636,-28634.3926,24.9425,-5252.6162,-28084.4551,21.4420,-4702.0293,-28638.4570,27.1010,781.0825,0.0004,0.0010,3.1415,0.7851,3.1415,-4703.0352,-28635.2148,24.6888,1
-4703.1636,-28634.3926,24.9425,-5252.6157,-28084.4551,21.4419,-4697.3623,-28639.2715,24.6442,784.9431,-0.0001,0.0005,3.1415,0.7851,3.1415,-4702.7861,-28635.4395,24.6765,1
-4703.1636,-28634.3926,24.9425,-5252.6157,-28084.4551,21.4418,-4703.7280,-28629.1035,22.1456,773.2520,-0.0007,0.0000,3.1415,0.7851,3.1415,-4702.7314,-28635.3418,24.5837,1
-4703.1636,-28634.3926,24.9425,-5252.6162,-28084.4551,21.4419,-4706.0088,-28636.7832,29.5750,777.1123,0.0008,0.0016,3.1415,0.7851,3.1415,-4702.7549,-28635.4766,24.7254,1
-4703.1636,-28634.3926,24.9425,-5252.6157,-28084.4551,21.4419,-4701.3477,-28637.6230,27.1385,780.9733,0.0002,0.0011,3.1415,0.7851,3.1415,-4702.6387,-28635.6367,24.7994,1
-4703.1636,-28634.3926,24.9425,-5252.6162,-28084.4551,21.4420,-4696.6807,-28638.4336,24.6969,784.8337,-0.0003,0.0006,3.1415,0.7851,3.1415,-4702.3730,-28635.8242,24.8003,1
-4703.1636,-28634.3926,24.9425,-5252.6157,-28084.4551,21.4419,-4703.0610,-28628.2734,22.2111,773.1426,-0.0009,0.0001,3.1415,0.7851,3.1415,-4702.3018,-28635.6855,24.7205,1
-4703.1636,-28634.3926,24.9425,-5252.6157,-28084.4551,21.4418,-4705.3286,-28635.9570,29.4813,777.0032,0.0006,0.0015,3.1415,0.7851,3.1415,-4702.3076,-28635.7773,24.8694,1
-4703.1636,-28634.3926,24.9425,-5252.6162,-28084.4551,21.4419,-4700.6685,-28636.7910,27.1158,780.8641,0.0000,0.0010,3.1415,0.7851,3.1415,-4702.1733,-28635.8926,24.9520,1
-4703.1636,-28634.3926,24.9425,-5252.6157,-28084.4551,21.4419,-4696.0000,-28637.5957,24.6555,784.7245,-0.0005,0.0005,3.1415,0.7851,3.1415,-4701.8906,-28636.0332,24.9601,1
-4703.1636,-28634.3926,24.9425,-5252.6162,-28084.4551,21.4420,-4709.2612,-28634.3145,22.1856,773.0336,0.0009,0.0000,3.1415,0.7851,3.1415,-4702.0234,-28636.0684,24.8869,1
-4703.1636,-28634.3926,24.9425,-5252.6157,-28084.4551,21.4419,-4704.6509,-28635.1289,29.4805,776.8940,0.0003,0.0015,3.1415,0.7851,3.1415,-4702.0264,-28636.1230,25.0426,1
-4703.1636,-28634.3926,24.9425,-5252.6157,-28084.4551,21.4418,-4699.9883,-28635.9590,27.0359,780.7551,-0.0002,0.0010,3.1415,0.7851,3.1415,-4701.8877,-28636.2012,25.1285,1
-4703.1636,-28634.3926,24.9425,-5252.6162,-28084.4551,21.4419,-4695.3208,-28636.7559,24.6467,784.6155,-0.0008,0.0005,3.1415,0.7851,3.1415,-4701.5991,-28636.2988,25.1414,1
-4703.1636,-28634.3926,24.9425,-5252.6157,-28084.4551,21.4419,-4708.5850,-28633.4922,22.1582,772.9244,0.0007,0.0000,3.1415,0.7851,3.1415,-4701.7256,-28636.2910,25.0715,1
-4703.1636,-28634.3926,24.9425,-5252.6162,-28084.4551,21.4420,-4703.9746,-28634.3008,29.4811,776.7849,0.0001,0.0015,3.1415,0.7851,3.1415,-4701.7207,-28636.3008,25.2307,1
-4703.1636,-28634.3926,24.9425,-5252.6157,-28084.4551,21.4419,-4699.3110,-28635.1230,27.0501,780.6459,-0.0004,0.0010,3.1415,0.7851,3.1415,-4701.5737,-28636.3301,25.3198,1
-4703.1636,-28634.3926,24.9425,-5252.6157,-28084.4551,21.4418,-4694.6411,-28635.9141,24.5810,784.5063,-0.0010,0.0005,3.1415,0.7851,3.1415,-4701.2759,-28636.3809,25.3327,1
-4703.1636,-28634.3926,24.9425,-5252.6162,-28084.4551,21.4419,-4707.9106,-28632.6699,22.1643,772.8152,0.0005,0.0000,3.1415,0.7851,3.1415,-4701.3921,-28636.3223,25.2643,1
-4703.1636,-28634.3926,24.9425,-5252.6157,-28084.4551,21.4419,-4703.2979,-28633.4707,29.4479,776.6758,-0.0001,0.0015,3.1415,0.7851,3.1415,-4701.3760,-28636.2812,25.4230,1
-4703.1636,-28634.3926,24.9425,-5252.6162,-28084.4551,21.4420,-4700.1807,-28641.2520,26.3207,784.3645,0.0006,0.0009,3.1415,0.7851,3.1415,-4701.2671,-28636.4805,25.4886,1
-4703.1636,-28634.3926,24.9425,-5252.6157,-28084.4551,21.4419,-4700.9272,-28642.0508,24.5768,784.3973,0.0008,0.0005,3.1415,0.7851,3.1415,-4701.1816,-28636.7148,25.4991,1
-4703.1636,-28634.3926,24.9425,-5252.6157,-28084.4551,21.4418,-4707.2363,-28631.8457,22.0811,772.7062,0.0002,0.0000,3.1415,0.7851,3.1415,-4701.3022,-28636.6289,25.4252,1
-4703.1636,-28634.3926,24.9425,-5252.6162,-28084.4551,21.4419,-4702.6245,-28632.6406,29.5041,776.5665,-0.0003,0.0015,3.1415,0.7851,3.1415,-4701.2886,-28636.5586,25.5824,1
-4703.1636,-28634.3926,24.9425,-5252.6157,-28084.4551,21.4419,-4697.9595,-28633.4512,27.0688,780.4274,-0.0009,0.0010,3.1415,0.7851,3.1415,-4701.1304,-28636.5039,25.6685,1
-4703.1636,-28634.3926,24.9425,-5252.6162,-28084.4551,21.4420,-4700.2417,-28641.2148,24.6294,784.2879,0.0006,0.0005,3.1415,0.7851,3.1415,-4701.0400,-28636.6895,25.6784,1
-4703.1636,-28634.3926,24.9425,-5252.6157,-28084.4551,21.4419,-4706.5645,-28631.0195,22.1463,772.5968,0.0000,0.0000,3.1415,0.7851,3.1415,-4701.1543,-28636.5566,25.6037,1
-4703.1636,-28634.3926,24.9425,-5252.6157,-28084.4551,21.4418,-4701.9502,-28631.8105,29.4103,776.4573,-0.0005,0.0015,3.1415,0.7851,3.1415,-4701.1328,-28636.4355,25.7547,1
-4703.1636,-28634.3926,24.9425,-5252.6162,-28084.4551,21.4419,-4704.2183,-28639.5488,27.0471,780.3183,0.0009,0.0010,3.1415,0.7851,3.1415,-4701.1870,-28636.5527,25.8363,1
-4703.1636,-28634.3926,24.9425,-5252.6162,-28084.4551,21.4419,-4699.5562,-28640.3809,24.5883,784.1788,0.0004,0.0005,3.1415,0.7851,3.1415,-4701.1006,-28636.7012,25.8406,1
-4703.1636,-28634.3926,24.9425,-5252.6162,-28084.4551,21.4420,-4705.8936,-28630.1953,22.1202,772.4877,-0.0002,0.0000,3.1415,0.7851,3.1415,-4701.2158,-28636.5293,25.7603,1
-4703.1636,-28634.3926,24.9425,-5252.6157,-28084.4551,21.4419,-4701.2783,-28630.9785,29.4096,776.3483,-0.0007,0.0015,3.1415,0.7851,3.1415,-4701.1938,-28636.3672,25.9061,1
-4703.1636,-28634.3926,24.9425,-5252.6157,-28084.4551,21.4418,-4700.5786,-28639.6875,29.7518,782.9995,0.0004,0.0016,3.1415,0.7851,3.1415,-4701.1499,-28636.4746,26.0685,1
-4703.1636,-28634.3926,24.9425,-5252.6162,-28084.4551,21.4419,-4698.8716,-28639.5449,24.5792,784.0698,0.0001,0.0005,3.1415,0.7851,3.1415,-4701.0513,-28636.5840,26.0724,1
-4703.1636,-28634.3926,24.9425,-5252.6157,-28084.4551,21.4419,-4705.2231,-28629.3672,22.0925,772.3786,-0.0004,0.0000,3.1415,0.7851,3.1415,-4701.1533,-28636.3691,25.9902,1
-4703.1636,-28634.3926,24.9425,-5252.6162,-28084.4551,21.4420,-4700.6079,-28630.1465,29.4100,776.2391,-0.0010,0.0015,3.1415,0.7851,3.1415,-4701.1157,-28636.1660,26.1343,1
-4703.1636,-28634.3926,24.9425,-5252.6157,-28084.4551,21.4419,-4702.8521,-28637.8906,26.9810,780.1001,0.0005,0.0010,3.1415,0.7851,3.1415,-4701.1504,-28636.1992,26.2060,1
-4703.1636,-28634.3926,24.9425,-5252.6157,-28084.4551,21.4418,-4698.1880,-28638.7090,24.5134,783.9606,-0.0001,0.0005,3.1415,0.7851,3.1415,-4701.0396,-28636.2637,26.1990,1
-4703.1636,-28634.3926,24.9425,-5252.6162,-28084.4551,21.4419,-4704.5547,-28628.5410,22.0987,772.2695,-0.0006,0.0000,3.1415,0.7851,3.1415,-4701.1284,-28636.0039,26.1079,1
-4703.1636,-28634.3926,24.9425,-5252.6162,-28084.4551,21.4419,-4706.8291,-28636.2148,29.3775,776.1300,0.0008,0.0015,3.1415,0.7851,3.1415,-4701.2983,-28635.9785,26.2419,1
-4703.1636,-28634.3926,24.9425,-5252.6162,-28084.4551,21.4420,-4702.1714,-28637.0586,26.9624,779.9910,0.0003,0.0010,3.1415,0.7851,3.1415,-4701.3301,-28635.9805,26.3037,1
-4703.1636,-28634.3926,24.9425,-5252.6157,-28084.4551,21.4419,-4697.5063,-28637.8711,24.5084,783.8514,-0.0003,0.0005,3.1415,0.7851,3.1415,-4701.2148,-28636.0137,26.2873,1
-4703.1636,-28634.3926,24.9425,-5252.6157,-28084.4551,21.4418,-4703.8867,-28627.7129,22.0152,772.1603,-0.0008,0.0000,3.1415,0.7851,3.1415,-4701.2959,-28635.7207,26.1842,1
-4703.1636,-28634.3926,24.9425,-5252.6162,-28084.4551,21.4419,-4706.1509,-28635.3887,29.4335,776.0206,0.0006,0.0015,3.1415,0.7851,3.1415,-4701.4556,-28635.6621,26.3106,1
-4703.1636,-28634.3926,24.9425,-5252.6157,-28084.4551,21.4419,-4708.2183,-28630.2461,23.9401,770.8830,0.0002,0.0004,3.1415,0.7851,3.1415,-4701.6929,-28635.4375,26.2655,1
-4703.1636,-28634.3926,24.9425,-5252.6162,-28084.4551,21.4420,-4705.4321,-28631.2988,24.6140,773.5997,-0.0001,0.0005,3.1415,0.7851,3.1415,-4701.8535,-28635.2363,26.2363,1
-4703.1636,-28634.3926,24.9425,-5252.6157,-28084.4551,21.4419,-4710.0806,-28633.7441,22.0814,772.0510,0.0009,0.0000,3.1415,0.7851,3.1415,-4702.1709,-28635.1094,26.1207,1
-4703.1636,-28634.3926,24.9425,-5252.6157,-28084.4551,21.4418,-4705.4741,-28634.5645,29.3403,775.9116,0.0004,0.0015,3.1415,0.7851,3.1415,-4702.3535,-28635.0078,26.2303,1
-4703.1636,-28634.3926,24.9425,-5252.6162,-28084.4551,21.4419,-4700.8140,-28635.3945,26.9775,779.7725,-0.0002,0.0010,3.1415,0.7851,3.1415,-4702.3911,-28634.9355,26.2702,1
-4703.1636,-28634.3926,24.9425,-5252.6162,-28084.4551,21.4419,-4696.1484,-28636.1953,24.5197,783.6330,-0.0007,0.0005,3.1415,0.7851,3.1415,-4702.2734,-28634.8926,26.2325,1
-4703.1636,-28634.3926,24.9425,-5252.6162,-28084.4551,21.4420,-4709.4062,-28632.9238,22.0552,771.9419,0.0007,0.0000,3.1415,0.7851,3.1415,-4702.5664,-28634.7500,26.1100,1
-4703.1636,-28634.3926,24.9425,-5252.6157,-28084.4551,21.4419,-4704.7964,-28633.7344,29.3392,775.8024,0.0002,0.0015,3.1415,0.7851,3.1415,-4702.7227,-28634.6309,26.2136,1
-4703.1636,-28634.3926,24.9425,-5252.6157,-28084.4551,21.4418,-4700.1362,-28634.5605,26.8971,779.6634,-0.0004,0.0010,3.1415,0.7851,3.1415,-4702.7305,-28634.5410,26.2452,1
-4703.1636,-28634.3926,24.9425,-5252.6162,-28084.4551,21.4419,-4695.4707,-28635.3555,24.5109,783.5239,-0.0009,0.0005,3.1415,0.7851,3.1415,-4702.5815,-28634.4785,26.2016,1
-4703.1636,-28634.3926,24.9425,-5252.6162,-28084.4551,21.4419,-4708.7324,-28632.1016,22.0282,771.8328,0.0005,0.0000,3.1415,0.7851,3.1415,-4702.8408,-28634.3164,26.0727,1
-4703.1636,-28634.3926,24.9425,-5252.6162,-28084.4551,21.4420,-4706.3848,-28637.2070,28.1464,777.1366,0.0009,0.0013,3.1415,0.7851,3.1415,-4703.0337,-28634.3164,26.1327,1
-4703.1636,-28634.3926,24.9425,-5252.6157,-28084.4551,21.4419,-4699.4604,-28633.7266,26.9108,779.5543,-0.0006,0.0010,3.1415,0.7851,3.1415,-4703.0088,-28634.2148,26.1574,1
-4703.1636,-28634.3926,24.9425,-5252.6157,-28084.4551,21.4418,-4701.7490,-28641.4805,24.4458,783.4147,0.0008,0.0005,3.1415,0.7851,3.1415,-4703.0474,-28634.3613,26.1049,1
-4703.1636,-28634.3926,24.9425,-5252.6162,-28084.4551,21.4419,-4708.0591,-28631.2773,22.0336,771.7236,0.0003,0.0000,3.1415,0.7851,3.1415,-4703.2837,-28634.2012,25.9698,1
-4703.1636,-28634.3926,24.9425,-5252.6157,-28084.4551,21.4419,-4703.4473,-28632.0781,29.3060,775.5842,-0.0003,0.0015,3.1415,0.7851,3.1415,-4703.3789,-28634.0605,26.0615,1
-4703.1636,-28634.3926,24.9425,-5252.6162,-28084.4551,21.4420,-4698.7861,-28632.8906,26.8926,779.4452,-0.0008,0.0010,3.1415,0.7851,3.1415,-4703.3213,-28633.9453,26.0827,1
-4703.1636,-28634.3926,24.9425,-5252.6157,-28084.4551,21.4419,-4701.0630,-28640.6484,24.4409,783.3056,0.0006,0.0005,3.1415,0.7851,3.1415,-4703.3247,-28634.0781,26.0274,1
-4703.1636,-28634.3926,24.9425,-5252.6157,-28084.4551,21.4418,-4707.3867,-28630.4531,21.9502,771.6146,0.0001,0.0000,3.1415,0.7851,3.1415,-4703.5244,-28633.9004,25.8874,1
-4703.1636,-28634.3926,24.9425,-5252.6162,-28084.4551,21.4419,-4702.7759,-28631.2480,29.3627,775.4749,-0.0005,0.0015,3.1415,0.7851,3.1415,-4703.5811,-28633.7422,25.9788,1
-4703.1636,-28634.3926,24.9425,-5252.6162,-28084.4551,21.4419,-4705.0376,-28638.9805,26.9316,779.3358,0.0010,0.0010,3.1415,0.7851,3.1415,-4703.7061,-28633.8320,25.9996,1
-4703.1636,-28634.3926,24.9425,-5252.6162,-28084.4551,21.4420,-4700.3799,-28636.2559,21.9732,780.6728,-0.0001,0.0000,3.1415,0.7851,3.1415,-4703.6816,-28633.8457,25.8638,1
-4703.1636,-28634.3926,24.9425,-5252.6157,-28084.4551,21.4419,-4706.7163,-28629.6289,22.0164,771.5052,-0.0002,0.0000,3.1415,0.7851,3.1415,-4703.8521,-28633.6543,25.7199,1
-4703.1636,-28634.3926,24.9425,-5252.6157,-28084.4551,21.4418,-4702.1030,-28630.4160,29.2697,775.3658,-0.0007,0.0015,3.1415,0.7851,3.1415,-4703.8765,-28633.4824,25.8032,1
-4703.1636,-28634.3926,24.9425,-5252.6162,-28084.4551,21.4419,-4705.3032,-28630.2637,21.5752,772.9539,-0.0003,-0.0001,3.1415,0.7851,3.1415,-4703.9980,-28633.2988,25.6464,1
-4703.1636,-28634.3926,24.9425,-5252.6157,-28084.4551,21.4419,-4699.6948,-28638.9805,24.4524,783.0873,0.0002,0.0005,3.1415,0.7851,3.1415,-4703.9404,-28633.3926,25.5750,1
-4703.1636,-28634.3926,24.9425,-5252.6162,-28084.4551,21.4420,-4706.0474,-28628.8027,21.9901,771.3962,-0.0004,0.0000,3.1415,0.7851,3.1415,-4704.0747,-28633.1738,25.4220,1
-4703.1636,-28634.3926,24.9425,-5252.6157,-28084.4551,21.4419,-4701.4331,-28629.5859,29.2686,775.2567,-0.0009,0.0015,3.1415,0.7851,3.1415,-4704.0620,-28632.9746,25.4981,1
-4703.1636,-28634.3926,24.9425,-5252.6157,-28084.4551,21.4418,-4703.6729,-28637.3223,26.8287,779.1177,0.0005,0.0010,3.1415,0.7851,3.1415,-4704.1133,-28633.0176,25.5050,1
-4703.1636,-28634.3926,24.9425,-5252.6162,-28084.4551,21.4419,-4699.0132,-28638.1445,24.4436,782.9781,-0.0000,0.0005,3.1415,0.7851,3.1415,-4704.0132,-28633.0996,25.4396,1
-4703.1636,-28634.3926,24.9425,-5252.6162,-28084.4551,21.4419,-4705.3794,-28627.9766,21.9629,771.2870,-0.0006,0.0000,3.1415,0.7851,3.1415,-4704.1040,-28632.8691,25.2922,1
-4703.1636,-28634.3926,24.9425,-5252.6162,-28084.4551,21.4420,-4707.6484,-28635.6445,29.2693,775.1475,0.0009,0.0015,3.1415,0.7851,3.1415,-4704.2690,-28632.8770,25.3750,1
-4703.1636,-28634.3926,24.9425,-5252.6157,-28084.4551,21.4419,-4702.9932,-28636.4922,26.8423,779.0084,0.0003,0.0010,3.1415,0.7851,3.1415,-4704.2896,-28632.9199,25.3891,1
-4703.1636,-28634.3926,24.9425,-5252.6157,-28084.4551,21.4418,-4698.3315,-28637.3086,24.3778,782.8690,-0.0003,0.0005,3.1415,0.7851,3.1415,-4704.1567,-28633.0000,25.3285,1
-4703.1636,-28634.3926,24.9425,-5252.6162,-28084.4551,21.4419,-4704.7134,-28627.1504,21.9684,771.1779,-0.0008,0.0000,3.1415,0.7851,3.1415,-4704.2139,-28632.7637,25.1883,1
-4703.1636,-28634.3926,24.9425,-5252.6157,-28084.4551,21.4419,-4706.9702,-28634.8203,29.2359,775.0384,0.0006,0.0015,3.1415,0.7851,3.1415,-4704.3433,-28632.7637,25.2771,1
-4703.1636,-28634.3926,24.9425,-5252.6162,-28084.4551,21.4420,-4702.3149,-28635.6621,26.8238,778.8994,0.0001,0.0010,3.1415,0.7851,3.1415,-4704.3271,-28632.7988,25.2978,1
-4703.1636,-28634.3926,24.9425,-5252.6157,-28084.4551,21.4419,-4697.6523,-28636.4727,24.3728,782.7598,-0.0005,0.0005,3.1415,0.7851,3.1415,-4704.1562,-28632.8672,25.2441,1
-4703.1636,-28634.3926,24.9425,-5252.6157,-28084.4551,21.4418,-4710.8999,-28633.1738,21.8857,771.0688,0.0010,-0.0000,3.1415,0.7851,3.1415,-4704.3970,-28632.8379,25.1084,1
-4703.1636,-28634.3926,24.9425,-5252.6162,-28084.4551,21.4419,-4700.5635,-28641.6367,27.9174,784.3790,0.0007,0.0012,3.1415,0.7851,3.1415,-4704.3174,-28633.0820,25.1606,1
-4703.1636,-28634.3926,24.9425,-5252.6162,-28084.4551,21.4419,-4701.6382,-28634.8301,26.8622,778.7900,-0.0001,0.0010,3.1415,0.7851,3.1415,-4704.2622,-28633.1289,25.1867,1
-4703.1636,-28634.3926,24.9425,-5252.6162,-28084.4551,21.4420,-4706.3550,-28630.1953,29.0398,772.1938,-0.0001,0.0015,3.1415,0.7851,3.1415,-4704.3525,-28633.0293,25.2883,1
-4703.1636,-28634.3926,24.9425,-5252.6157,-28084.4551,21.4419,-4710.2256,-28632.3516,21.9516,770.9594,0.0008,0.0000,3.1415,0.7851,3.1415,-4704.5718,-28632.9941,25.1691,1
-4703.1636,-28634.3926,24.9425,-5252.6157,-28084.4551,21.4418,-4705.6177,-28633.1680,29.1997,774.8200,0.0002,0.0015,3.1415,0.7851,3.1415,-4704.6528,-28632.9844,25.2777,1
-4703.1636,-28634.3926,24.9425,-5252.6162,-28084.4551,21.4419,-4700.9614,-28633.9980,26.8396,778.6809,-0.0004,0.0010,3.1415,0.7851,3.1415,-4704.5850,-28633.0020,25.3190,1
-4703.1636,-28634.3926,24.9425,-5252.6157,-28084.4551,21.4419,-4696.2969,-28634.7949,24.3843,782.5415,-0.0009,0.0005,3.1415,0.7851,3.1415,-4704.3589,-28633.0469,25.2852,1
-4703.1636,-28634.3926,24.9425,-5252.6162,-28084.4551,21.4420,-4704.3711,-28634.2031,28.2974,776.4256,0.0002,0.0013,3.1415,0.7851,3.1415,-4704.3721,-28633.0781,25.3754,1
-4703.1636,-28634.3926,24.9425,-5252.6157,-28084.4551,21.4419,-4704.9438,-28632.3418,29.1984,774.7109,-0.0000,0.0015,3.1415,0.7851,3.1415,-4704.4038,-28633.0527,25.5014,1
-4703.1636,-28634.3926,24.9425,-5252.6157,-28084.4551,21.4418,-4709.5708,-28633.3945,29.2552,772.1950,0.0008,0.0015,3.1415,0.7851,3.1415,-4704.5854,-28633.0586,25.6375,1
-4703.1636,-28634.3926,24.9425,-5252.6162,-28084.4551,21.4419,-4708.3916,-28633.4570,21.4731,773.0355,0.0006,-0.0001,3.1415,0.7851,3.1415,-4704.7397,-28633.0684,25.5291,1
-4703.1636,-28634.3926,24.9425,-5252.6162,-28084.4551,21.4419,-4708.8809,-28630.7090,21.8982,770.7413,0.0003,-0.0000,3.1415,0.7851,3.1415,-4704.9165,-28632.9902,25.4245,1
-4703.1636,-28634.3926,24.9425,-5252.6162,-28084.4551,21.4420,-4704.2715,-28631.5137,29.1985,774.6017,-0.0002,0.0015,3.1415,0.7851,3.1415,-4704.9512,-28632.9316,25.5480,1
-4703.1636,-28634.3926,24.9425,-5252.6157,-28084.4551,21.4419,-4699.6118,-28632.3301,26.7729,778.4626,-0.0008,0.0010,3.1415,0.7851,3.1415,-4704.8330,-28632.8984,25.6008,1
-4703.1636,-28634.3926,24.9425,-5252.6157,-28084.4551,21.4418,-4701.8853,-28640.0801,24.3105,782.3231,0.0007,0.0005,3.1415,0.7851,3.1415,-4704.7754,-28633.1113,25.5768,1
-4703.1636,-28634.3926,24.9425,-5252.6162,-28084.4551,21.4419,-4708.2100,-28629.8867,21.9037,770.6321,0.0001,-0.0000,3.1415,0.7851,3.1415,-4704.9146,-28633.0137,25.4709,1
-4703.1636,-28634.3926,24.9425,-5252.6157,-28084.4551,21.4419,-4703.5991,-28630.6855,29.1650,774.4926,-0.0005,0.0015,3.1415,0.7851,3.1415,-4704.9102,-28632.9336,25.5918,1
-4703.1636,-28634.3926,24.9425,-5252.6162,-28084.4551,21.4420,-4705.8579,-28638.4102,26.7550,778.3536,0.0010,0.0010,3.1415,0.7851,3.1415,-4704.9741,-28633.0996,25.6423,1
-4703.1636,-28634.3926,24.9425,-5252.6157,-28084.4551,21.4419,-4700.0947,-28636.3750,24.9574,780.9630,-0.0001,0.0006,3.1415,0.7851,3.1415,-4704.8545,-28633.2090,25.6371,1
-4703.1636,-28634.3926,24.9425,-5252.6157,-28084.4551,21.4418,-4707.5396,-28629.0625,21.8203,770.5229,-0.0001,-0.0000,3.1415,0.7851,3.1415,-4704.9634,-28633.0898,25.5278,1
-4703.1636,-28634.3926,24.9425,-5252.6162,-28084.4551,21.4419,-4702.9292,-28629.8555,29.2218,774.3832,-0.0007,0.0015,3.1415,0.7851,3.1415,-4704.9272,-28632.9883,25.6496,1
-4703.1636,-28634.3926,24.9425,-5252.6162,-28084.4551,21.4419,-4705.1763,-28637.5820,26.7935,778.2442,0.0008,0.0010,3.1415,0.7851,3.1415,-4704.9585,-28633.1289,25.7004,1
-4703.1636,-28634.3926,24.9425,-5252.6162,-28084.4551,21.4420,-4700.5195,-28638.4141,24.3588,782.1047,0.0002,0.0005,3.1415,0.7851,3.1415,-4704.8408,-28633.3047,25.6751,1
-4703.1636,-28634.3926,24.9425,-5252.6157,-28084.4551,21.4419,-4706.8711,-28628.2383,21.8863,770.4136,-0.0003,-0.0000,3.1415,0.7851,3.1415,-4704.9170,-28633.1641,25.5656,1
-4703.1636,-28634.3926,24.9425,-5252.6157,-28084.4551,21.4418,-4702.2588,-28629.0254,29.1287,774.2742,-0.0009,0.0015,3.1415,0.7851,3.1415,-4704.8477,-28633.0371,25.6820,1
-4703.1636,-28634.3926,24.9425,-5252.6162,-28084.4551,21.4419,-4704.4956,-28636.7539,26.7708,778.1351,0.0006,0.0010,3.1415,0.7851,3.1415,-4704.8447,-28633.1523,25.7296,1
-4703.1636,-28634.3926,24.9425,-5252.6157,-28084.4551,21.4419,-4699.8374,-28637.5801,24.3169,781.9957,-0.0000,0.0005,3.1415,0.7851,3.1415,-4704.6914,-28633.2988,25.7003,1
-4703.1636,-28634.3926,24.9425,-5252.6162,-28084.4551,21.4420,-4703.8237,-28629.1738,28.1524,773.2595,-0.0006,0.0013,3.1415,0.7851,3.1415,-4704.6553,-28633.1855,25.7911,1
-4703.1636,-28634.3926,24.9425,-5252.6157,-28084.4551,21.4419,-4708.4673,-28635.0742,29.1283,774.1651,0.0009,0.0015,3.1415,0.7851,3.1415,-4704.7671,-28633.2539,25.9180,1
-4703.1636,-28634.3926,24.9425,-5252.6157,-28084.4551,21.4418,-4702.3701,-28637.5137,28.8711,780.1874,0.0004,0.0014,3.1415,0.7851,3.1415,-4704.6909,-28633.4023,26.0421,1
-4703.1636,-28634.3926,24.9425,-5252.6162,-28084.4551,21.4419,-4699.1577,-28636.7461,24.3081,781.8865,-0.0002,0.0005,3.1415,0.7851,3.1415,-4704.5078,-28633.5352,26.0252,1
-4703.1636,-28634.3926,24.9425,-5252.6162,-28084.4551,21.4419,-4705.5386,-28626.5879,21.8328,770.1954,-0.0008,-0.0000,3.1415,0.7851,3.1415,-4704.5176,-28633.3457,25.9222,1
-4703.1636,-28634.3926,24.9425,-5252.6162,-28084.4551,21.4420,-4707.7905,-28634.2520,29.1287,774.0559,0.0007,0.0015,3.1415,0.7851,3.1415,-4704.6025,-28633.3887,26.0455,1
-4703.1636,-28634.3926,24.9425,-5252.6157,-28084.4551,21.4419,-4706.3770,-28637.1562,26.5508,777.0953,0.0009,0.0009,3.1415,0.7851,3.1415,-4704.6499,-28633.5273,26.0915,1
-4703.1636,-28634.3926,24.9425,-5252.6157,-28084.4551,21.4418,-4698.4780,-28635.9102,24.2427,781.7773,-0.0004,0.0005,3.1415,0.7851,3.1415,-4704.4478,-28633.6309,26.0636,1
-4703.1636,-28634.3926,24.9425,-5252.6162,-28084.4551,21.4419,-4704.8740,-28625.7598,21.8387,770.0862,-0.0010,-0.0000,3.1415,0.7851,3.1415,-4704.4380,-28633.4121,25.9518,1
-4703.1636,-28634.3926,24.9425,-5252.6162,-28084.4551,21.4419,-4707.1147,-28633.4277,29.0953,773.9468,0.0005,0.0015,3.1415,0.7851,3.1415,-4704.5024,-28633.4238,26.0654,1
-4703.1636,-28634.3926,24.9425,-5252.6162,-28084.4551,21.4420,-4702.4614,-28634.2656,26.6859,777.8077,-0.0001,0.0010,3.1415,0.7851,3.1415,-4704.4229,-28633.4609,26.1072,1
-4703.1636,-28634.3926,24.9425,-5252.6157,-28084.4551,21.4419,-4697.8008,-28635.0723,24.2378,781.6683,-0.0007,0.0005,3.1415,0.7851,3.1415,-4704.1909,-28633.5254,26.0711,1
-4703.1636,-28634.3926,24.9425,-5252.6157,-28084.4551,21.4418,-4711.0454,-28631.7812,21.7561,769.9772,0.0008,-0.0000,3.1415,0.7851,3.1415,-4704.3730,-28633.4883,25.9488,1
-4703.1636,-28634.3926,24.9425,-5252.6162,-28084.4551,21.4419,-4706.4404,-28632.6016,29.1520,773.8375,0.0002,0.0015,3.1415,0.7851,3.1415,-4704.4209,-28633.4727,26.0565,1
-4703.1636,-28634.3926,24.9425,-5252.6162,-28084.4551,21.4419,-4701.7861,-28633.4336,26.7244,777.6984,-0.0003,0.0010,3.1415,0.7851,3.1415,-4704.3242,-28633.4805,26.0922,1
-4703.1636,-28634.3926,24.9425,-5252.6162,-28084.4551,21.4420,-4697.1250,-28634.2344,24.2911,781.5589,-0.0009,0.0005,3.1415,0.7851,3.1415,-4704.0732,-28633.5156,26.0508,1
-4703.1636,-28634.3926,24.9425,-5252.6157,-28084.4551,21.4419,-4697.5479,-28635.3301,24.1344,782.0283,-0.0007,0.0004,3.1415,0.7851,3.1415,-4703.8218,-28633.5859,26.0002,1
-4703.1636,-28634.3926,24.9425,-5252.6157,-28084.4551,21.4418,-4705.7661,-28631.7754,29.0590,773.7284,0.0000,0.0015,3.1415,0.7851,3.1415,-4703.8223,-28633.5449,26.1037,1
-4703.1636,-28634.3926,24.9425,-5252.6162,-28084.4551,21.4419,-4701.1118,-28632.6016,26.7018,777.5894,-0.0005,0.0010,3.1415,0.7851,3.1415,-4703.6787,-28633.5273,26.1371,1
-4703.1636,-28634.3926,24.9425,-5252.6162,-28084.4551,21.4419,-4703.3921,-28640.3438,24.2500,781.4498,0.0009,0.0005,3.1415,0.7851,3.1415,-4703.6045,-28633.7539,26.0927,1
-4703.1636,-28634.3926,24.9425,-5252.6162,-28084.4551,21.4420,-4698.7334,-28641.1660,21.7927,785.3109,0.0004,-0.0000,3.1415,0.7851,3.1415,-4703.3843,-28634.0195,25.9660,1
-4703.1636,-28634.3926,24.9425,-5252.6157,-28084.4551,21.4419,-4705.0938,-28630.9492,29.0579,773.6193,-0.0002,0.0015,3.1415,0.7851,3.1415,-4703.3594,-28633.9746,26.0627,1
-4703.1636,-28634.3926,24.9425,-5252.6157,-28084.4551,21.4418,-4700.4375,-28631.7695,26.6214,777.4803,-0.0008,0.0010,3.1415,0.7851,3.1415,-4703.1904,-28633.9473,26.0872,1
-4703.1636,-28634.3926,24.9425,-5252.6162,-28084.4551,21.4419,-4702.7075,-28639.5117,24.2411,781.3408,0.0007,0.0005,3.1415,0.7851,3.1415,-4703.0918,-28634.1602,26.0364,1
-4703.1636,-28634.3926,24.9425,-5252.6162,-28084.4551,21.4419,-4698.0479,-28640.3281,21.7651,785.2017,0.0001,-0.0000,3.1415,0.7851,3.1415,-4702.8467,-28634.4102,25.9029,1
-4703.1636,-28634.3926,24.9425,-5252.6162,-28084.4551,21.4420,-4704.4233,-28630.1211,29.0580,773.5101,-0.0004,0.0015,3.1415,0.7851,3.1415,-4702.7974,-28634.3438,25.9942,1
-4703.1636,-28634.3926,24.9425,-5252.6157,-28084.4551,21.4419,-4699.7661,-28630.9355,26.6352,777.3710,-0.0010,0.0010,3.1415,0.7851,3.1415,-4702.6055,-28634.2930,26.0141,1
-4703.1636,-28634.3926,24.9425,-5252.6157,-28084.4551,21.4418,-4702.0239,-28638.6816,24.1756,781.2315,0.0005,0.0005,3.1415,0.7851,3.1415,-4702.4829,-28634.4805,25.9565,1
-4703.1636,-28634.3926,24.9425,-5252.6162,-28084.4551,21.4419,-4697.3638,-28639.4902,21.7707,785.0925,-0.0001,-0.0000,3.1415,0.7851,3.1415,-4702.2144,-28634.7012,25.8187,1
-4703.1636,-28634.3926,24.9425,-5252.6162,-28084.4551,21.4419,-4703.7534,-28629.2930,29.0246,773.4009,-0.0006,0.0015,3.1415,0.7851,3.1415,-4702.1436,-28634.6035,25.9050,1
-4703.1636,-28634.3926,24.9425,-5252.6162,-28084.4551,21.4420,-4703.4453,-28637.1816,24.1773,779.1661,0.0005,0.0005,3.1415,0.7851,3.1415,-4702.0698,-28634.7461,25.8423,1
-4703.1636,-28634.3926,24.9425,-5252.6157,-28084.4551,21.4419,-4701.3418,-28637.8477,24.1706,781.1224,0.0003,0.0005,3.1415,0.7851,3.1415,-4701.9355,-28634.9121,25.7762,1
-4703.1636,-28634.3926,24.9425,-5252.6157,-28084.4551,21.4418,-4696.6802,-28638.6523,21.6857,784.9834,-0.0003,-0.0000,3.1415,0.7851,3.1415,-4701.6548,-28635.1074,25.6281,1
-4703.1636,-28634.3926,24.9425,-5252.6162,-28084.4551,21.4419,-4703.0854,-28628.4629,29.0813,773.2916,-0.0009,0.0015,3.1415,0.7851,3.1415,-4701.5723,-28634.9805,25.7095,1
-4703.1636,-28634.3926,24.9425,-5252.6162,-28084.4551,21.4419,-4705.3169,-28636.1855,26.6558,777.1526,0.0006,0.0010,3.1415,0.7851,3.1415,-4701.5688,-28635.0859,25.7205,1
-4703.1636,-28634.3926,24.9425,-5252.6162,-28084.4551,21.4420,-4700.6621,-28637.0156,24.2238,781.0131,0.0000,0.0005,3.1415,0.7851,3.1415,-4701.4277,-28635.2168,25.6562,1
-4703.1636,-28634.3926,24.9425,-5252.6157,-28084.4551,21.4419,-4695.9990,-28637.8125,21.7530,784.8740,-0.0005,-0.0000,3.1415,0.7851,3.1415,-4701.1406,-28635.3770,25.5109,1
-4703.1636,-28634.3926,24.9425,-5252.6157,-28084.4551,21.4418,-4709.2861,-28634.5039,28.9892,773.1826,0.0009,0.0015,3.1415,0.7851,3.1415,-4701.2734,-28635.4316,25.5905,1
-4703.1636,-28634.3926,24.9425,-5252.6162,-28084.4551,21.4419,-4704.6382,-28635.3594,26.6332,777.0436,0.0004,0.0010,3.1415,0.7851,3.1415,-4701.2769,-28635.5098,25.6021,1
-4703.1636,-28634.3926,24.9425,-5252.6162,-28084.4551,21.4419,-4699.9824,-28636.1816,24.1821,780.9041,-0.0002,0.0005,3.1415,0.7851,3.1415,-4701.1411,-28635.6113,25.5380,1
-4703.1636,-28634.3926,24.9425,-5252.6162,-28084.4551,21.4420,-4695.3193,-28636.9727,21.7263,784.7650,-0.0007,-0.0000,3.1415,0.7851,3.1415,-4700.8579,-28635.7383,25.3936,1
-4703.1636,-28634.3926,24.9425,-5252.6157,-28084.4551,21.4419,-4708.6099,-28633.6816,28.9880,773.0735,0.0007,0.0015,3.1415,0.7851,3.1415,-4700.9937,-28635.7578,25.4751,1
-4703.1636,-28634.3926,24.9425,-5252.6157,-28084.4551,21.4418,-4703.9600,-28634.5312,26.5530,776.9345,0.0002,0.0010,3.1415,0.7851,3.1415,-4700.9980,-28635.7969,25.4865,1
-4703.1636,-28634.3926,24.9425,-5252.6162,-28084.4551,21.4419,-4699.3042,-28635.3477,24.1733,780.7950,-0.0004,0.0004,3.1415,0.7851,3.1415,-4700.8628,-28635.8574,25.4246,1
-4703.1636,-28634.3926,24.9425,-5252.6162,-28084.4551,21.4419,-4705.9106,-28626.9043,24.2631,770.1575,-0.0007,0.0005,3.1415,0.7851,3.1415,-4700.9404,-28635.6406,25.3631,1
-4703.1636,-28634.3926,24.9425,-5252.6162,-28084.4551,21.4420,-4707.9351,-28632.8594,28.9880,772.9643,0.0005,0.0014,3.1415,0.7851,3.1415,-4701.0967,-28635.5957,25.4529,1
-4703.1636,-28634.3926,24.9425,-5252.6162,-28084.4551,21.4419,-4703.2847,-28633.7012,26.5667,776.8253,-0.0001,0.0009,3.1415,0.7851,3.1415,-4701.1191,-28635.5703,25.4727,1
-4703.1636,-28634.3926,24.9425,-5252.6157,-28084.4551,21.4418,-4698.6265,-28634.5117,24.1077,780.6857,-0.0006,0.0004,3.1415,0.7851,3.1415,-4700.9985,-28635.5684,25.4165,1
-4703.1636,-28634.3926,24.9425,-5252.6162,-28084.4551,21.4419,-4700.9287,-28642.2676,21.7049,784.5466,0.0008,-0.0001,3.1415,0.7851,3.1415,-4700.9478,-28635.8086,25.2816,1
-4703.1636,-28634.3926,24.9425,-5252.6162,-28084.4551,21.4419,-4707.2612,-28632.0352,28.9547,772.8552,0.0003,0.0014,3.1415,0.7851,3.1415,-4701.1035,-28635.7324,25.3724,1
-4703.1636,-28634.3926,24.9425,-5252.6162,-28084.4551,21.4420,-4702.6099,-28632.8711,26.5482,776.7161,-0.0003,0.0009,3.1415,0.7851,3.1415,-4701.1230,-28635.6758,25.3937,1
-4703.1636,-28634.3926,24.9425,-5252.6157,-28084.4551,21.4419,-4697.9512,-28633.6758,24.1028,780.5766,-0.0008,0.0004,3.1415,0.7851,3.1415,-4700.9976,-28635.6387,25.3396,1
-4703.1636,-28634.3926,24.9425,-5252.6157,-28084.4551,21.4418,-4700.2412,-28641.4336,21.6202,784.4376,0.0006,-0.0001,3.1415,0.7851,3.1415,-4700.9399,-28635.8438,25.2044,1
-4703.1636,-28634.3926,24.9425,-5252.6162,-28084.4551,21.4419,-4706.5889,-28631.2090,29.0113,772.7458,0.0001,0.0015,3.1415,0.7851,3.1415,-4701.0869,-28635.7324,25.2994,1
-4703.1636,-28634.3926,24.9425,-5252.6162,-28084.4551,21.4419,-4700.5146,-28637.1895,21.8479,781.2366,0.0000,-0.0000,3.1415,0.7851,3.1415,-4701.0503,-28635.8027,25.1728,1
-4703.1636,-28634.3926,24.9425,-5252.6162,-28084.4551,21.4420,-4704.2124,-28639.7734,24.1566,780.4673,0.0009,0.0004,3.1415,0.7851,3.1415,-4701.1318,-28635.9570,25.1135,1
-4703.1636,-28634.3926,24.9425,-5252.6162,-28084.4551,21.4419,-4699.5562,-28640.5977,21.6875,784.3282,0.0004,-0.0001,3.1415,0.7851,3.1415,-4701.0718,-28636.1445,24.9745,1
-4703.1636,-28634.3926,24.9425,-5252.6157,-28084.4551,21.4418,-4705.9165,-28630.3848,28.9188,772.6368,-0.0002,0.0014,3.1415,0.7851,3.1415,-4701.2139,-28636.0137,25.0618,1
-4703.1636,-28634.3926,24.9425,-5252.6162,-28084.4551,21.4419,-4701.2642,-28631.2070,26.5643,776.4977,-0.0007,0.0009,3.1415,0.7851,3.1415,-4701.2158,-28635.8945,25.0824,1
-4703.1636,-28634.3926,24.9425,-5252.6162,-28084.4551,21.4419,-4703.5288,-28638.9434,24.1153,780.3582,0.0007,0.0004,3.1415,0.7851,3.1415,-4701.2905,-28636.0137,25.0283,1
-4703.1636,-28634.3926,24.9425,-5252.6162,-28084.4551,21.4420,-4698.8721,-28639.7637,21.6608,784.2192,0.0002,-0.0001,3.1415,0.7851,3.1415,-4701.2212,-28636.1621,24.8950,1
-4703.1636,-28634.3926,24.9425,-5252.6157,-28084.4551,21.4419,-4705.2461,-28629.5586,28.9177,772.5277,-0.0004,0.0014,3.1415,0.7851,3.1415,-4701.3521,-28635.9902,24.9889,1
-4703.1636,-28634.3926,24.9425,-5252.6157,-28084.4551,21.4418,-4700.5923,-28630.3750,26.4840,776.3887,-0.0009,0.0009,3.1415,0.7851,3.1415,-4701.3403,-28635.8320,25.0135,1
-4703.1636,-28634.3926,24.9425,-5252.6162,-28084.4551,21.4419,-4702.8467,-28638.1133,24.1063,780.2491,0.0005,0.0004,3.1415,0.7851,3.1415,-4701.3989,-28635.9082,24.9656,1
-4703.1636,-28634.3926,24.9425,-5252.6162,-28084.4551,21.4419,-4698.1890,-28638.9277,21.6332,784.1101,-0.0000,-0.0001,3.1415,0.7851,3.1415,-4701.3120,-28636.0137,24.8378,1
-4703.1636,-28634.3926,24.9425,-5252.6162,-28084.4551,21.4420,-4704.5781,-28628.7305,28.9179,772.4185,-0.0006,0.0014,3.1415,0.7851,3.1415,-4701.4229,-28635.7988,24.9380,1
-4703.1636,-28634.3926,24.9425,-5252.6157,-28084.4551,21.4419,-4706.8159,-28636.4434,26.4984,776.2794,0.0008,0.0009,3.1415,0.7851,3.1415,-4701.6118,-28635.8164,24.9694,1
-4703.1636,-28634.3926,24.9425,-5252.6157,-28084.4551,21.4418,-4702.1646,-28637.2832,24.0411,780.1404,0.0003,0.0004,3.1415,0.7851,3.1415,-4701.6616,-28635.8613,24.9256,1
-4703.1636,-28634.3926,24.9425,-5252.6162,-28084.4551,21.4419,-4697.5073,-28638.0898,21.6389,784.0009,-0.0003,-0.0001,3.1415,0.7851,3.1415,-4701.5630,-28635.9355,24.8040,1
-4703.1636,-28634.3926,24.9425,-5252.6162,-28084.4551,21.4419,-4703.9102,-28627.9023,28.8847,772.3099,-0.0008,0.0014,3.1415,0.7851,3.1415,-4701.6602,-28635.6875,24.9092,1
-4703.1636,-28634.3926,24.9425,-5252.6162,-28084.4551,21.4420,-4706.1377,-28635.6191,26.4802,776.1703,0.0006,0.0009,3.1415,0.7851,3.1415,-4701.8325,-28635.6699,24.9458,1
-4703.1636,-28634.3926,24.9425,-5252.6157,-28084.4551,21.4419,-4701.4849,-28636.4512,24.0362,780.0312,0.0001,0.0004,3.1415,0.7851,3.1415,-4701.8633,-28635.6797,24.9075,1
-4703.1636,-28634.3926,24.9425,-5252.6157,-28084.4551,21.4418,-4696.8262,-28637.2520,21.5542,783.8918,-0.0005,-0.0001,3.1415,0.7851,3.1415,-4701.7432,-28635.7168,24.7887,1
-4703.1636,-28634.3926,24.9425,-5252.6162,-28084.4551,21.4419,-4710.1064,-28633.9336,28.9418,772.2005,0.0010,0.0014,3.1415,0.7851,3.1415,-4702.0391,-28635.6523,24.9009,1
-4703.1636,-28634.3926,24.9425,-5252.6162,-28084.4551,21.4419,-4705.4604,-28634.7910,26.5185,776.0610,0.0004,0.0009,3.1415,0.7851,3.1415,-4702.2007,-28635.6113,24.9439,1
-4703.1636,-28634.3926,24.9425,-5252.6162,-28084.4551,21.4420,-4703.0942,-28632.9941,25.5793,776.4550,-0.0002,0.0007,3.1415,0.7851,3.1415,-4702.2910,-28635.5117,24.9603,1
-4703.1636,-28634.3926,24.9425,-5252.6162,-28084.4551,21.4419,-4696.1475,-28636.4121,21.6213,783.7825,-0.0007,-0.0001,3.1415,0.7851,3.1415,-4702.1597,-28635.5156,24.8518,1
-4703.1636,-28634.3926,24.9425,-5252.6157,-28084.4551,21.4418,-4709.4297,-28633.1133,28.8492,772.0914,0.0007,0.0014,3.1415,0.7851,3.1415,-4702.4399,-28635.4160,24.9689,1
-4703.1636,-28634.3926,24.9425,-5252.6162,-28084.4551,21.4419,-4697.6064,-28637.1582,29.2887,783.3075,-0.0004,0.0015,3.1415,0.7851,3.1415,-4702.3535,-28635.4434,25.1070,1
-4703.1636,-28634.3926,24.9425,-5252.6162,-28084.4551,21.4419,-4700.1299,-28634.7852,24.0476,779.8129,-0.0004,0.0004,3.1415,0.7851,3.1415,-4702.3350,-28635.3984,25.0866,1
-4703.1636,-28634.3926,24.9425,-5252.6162,-28084.4551,21.4420,-4695.4692,-28635.5723,21.5946,783.6734,-0.0009,-0.0001,3.1415,0.7851,3.1415,-4702.1616,-28635.3789,24.9854,1
-4703.1636,-28634.3926,24.9425,-5252.6157,-28084.4551,21.4419,-4708.7554,-28632.2910,28.8480,771.9824,0.0005,0.0014,3.1415,0.7851,3.1415,-4702.3994,-28635.2559,25.1099,1
-4703.1636,-28634.3926,24.9425,-5252.6157,-28084.4551,21.4418,-4704.1079,-28633.1367,26.4158,775.8429,-0.0000,0.0009,3.1415,0.7851,3.1415,-4702.4990,-28635.1523,25.1635,1
-4703.1636,-28634.3926,24.9425,-5252.6162,-28084.4551,21.4419,-4699.4536,-28633.9492,24.0387,779.7038,-0.0006,0.0004,3.1415,0.7851,3.1415,-4702.4517,-28635.0742,25.1430,1
-4703.1636,-28634.3926,24.9425,-5252.6162,-28084.4551,21.4419,-4700.4312,-28631.9922,23.7676,777.6298,-0.0007,0.0004,3.1415,0.7851,3.1415,-4702.4268,-28634.9297,25.1108,1
-4703.1636,-28634.3926,24.9425,-5252.6162,-28084.4551,21.4420,-4702.7090,-28639.7285,21.3221,781.4902,0.0007,-0.0001,3.1415,0.7851,3.1415,-4702.4702,-28635.0312,24.9973,1
-4703.1636,-28634.3926,24.9425,-5252.6162,-28084.4551,21.4419,-4698.0713,-28640.5215,28.7047,785.3511,0.0002,0.0014,3.1415,0.7851,3.1415,-4702.3647,-28635.1660,25.1112,1
-4703.1636,-28634.3926,24.9425,-5252.6157,-28084.4551,21.4418,-4704.4087,-28630.3496,26.1445,773.6595,-0.0004,0.0009,3.1415,0.7851,3.1415,-4702.4517,-28634.9902,25.1520,1
-4703.1636,-28634.3926,24.9425,-5252.6162,-28084.4551,21.4419,-4699.7588,-28631.1582,23.7729,777.5205,-0.0009,0.0004,3.1415,0.7851,3.1415,-4702.3926,-28634.8301,25.1183,1
-4703.1636,-28634.3926,24.9425,-5252.6162,-28084.4551,21.4419,-4702.0254,-28638.8965,21.2895,781.3811,0.0005,-0.0001,3.1415,0.7851,3.1415,-4702.3999,-28634.9121,25.0020,1
-4703.1636,-28634.3926,24.9425,-5252.6162,-28084.4551,21.4420,-4697.3867,-28639.6836,28.6857,785.2420,-0.0001,0.0014,3.1415,0.7851,3.1415,-4702.2578,-28635.0273,25.1137,1
-4703.1636,-28634.3926,24.9425,-5252.6157,-28084.4551,21.4419,-4703.7388,-28629.5215,26.1393,773.5505,-0.0006,0.0009,3.1415,0.7851,3.1415,-4702.3081,-28634.8301,25.1526,1
-4703.1636,-28634.3926,24.9425,-5252.6157,-28084.4551,21.4418,-4705.9907,-28637.2363,23.6893,777.4114,0.0008,0.0004,3.1415,0.7851,3.1415,-4702.4331,-28634.8691,25.1145,1
-4703.1636,-28634.3926,24.9425,-5252.6162,-28084.4551,21.4419,-4701.3433,-28638.0645,21.3479,781.2717,0.0003,-0.0001,3.1415,0.7851,3.1415,-4702.4165,-28634.9414,24.9983,1
-4703.1636,-28634.3926,24.9425,-5252.6162,-28084.4551,21.4419,-4696.7041,-28638.8457,28.7242,785.1328,-0.0003,0.0014,3.1415,0.7851,3.1415,-4702.2495,-28635.0449,25.1096,1
-4703.1636,-28634.3926,24.9425,-5252.6162,-28084.4551,21.4420,-4698.2910,-28632.4316,25.0987,779.4645,-0.0010,0.0006,3.1415,0.7851,3.1415,-4702.1201,-28634.9531,25.1135,1
-4703.1636,-28634.3926,24.9425,-5252.6162,-28084.4551,21.4419,-4705.3110,-28636.4082,23.7555,777.3021,0.0006,0.0004,3.1415,0.7851,3.1415,-4702.2075,-28634.9824,25.0739,1
-4703.1636,-28634.3926,24.9425,-5252.6157,-28084.4551,21.4418,-4700.6621,-28637.2324,21.2551,781.1627,0.0001,-0.0001,3.1415,0.7851,3.1415,-4702.1528,-28635.0430,24.9516,1
-4703.1636,-28634.3926,24.9425,-5252.6162,-28084.4551,21.4419,-4696.0234,-28638.0078,28.7010,785.0237,-0.0005,0.0014,3.1415,0.7851,3.1415,-4701.9478,-28635.1328,25.0591,1
-4703.1636,-28634.3926,24.9425,-5252.6162,-28084.4551,21.4419,-4709.2754,-28634.7324,26.1512,773.3322,0.0010,0.0009,3.1415,0.7851,3.1415,-4702.1562,-28635.1250,25.0940,1
-4703.1636,-28634.3926,24.9425,-5252.6162,-28084.4551,21.4420,-4704.6328,-28635.5820,23.7287,777.1931,0.0004,0.0004,3.1415,0.7851,3.1415,-4702.2300,-28635.1426,25.0532,1
-4703.1636,-28634.3926,24.9425,-5252.6157,-28084.4551,21.4419,-4699.9829,-28636.3984,21.2552,781.0535,-0.0002,-0.0001,3.1415,0.7851,3.1415,-4702.1602,-28635.1875,24.9305,1
-4703.1636,-28634.3926,24.9425,-5252.6157,-28084.4551,21.4418,-4703.4580,-28633.1016,29.1263,776.2975,-0.0001,0.0015,3.1415,0.7851,3.1415,-4702.1968,-28635.1289,25.0527,1
-4703.1636,-28634.3926,24.9425,-5252.6162,-28084.4551,21.4419,-4702.5474,-28634.8164,21.2607,778.1224,-0.0000,-0.0001,3.1415,0.7851,3.1415,-4702.2075,-28635.1211,24.9310,1
-4703.1636,-28634.3926,24.9425,-5252.6162,-28084.4551,21.4419,-4703.9556,-28634.7539,23.7010,777.0839,0.0002,0.0004,3.1415,0.7851,3.1415,-4702.2637,-28635.1094,24.8798,1
-4703.1636,-28634.3926,24.9425,-5252.6162,-28084.4551,21.4420,-4699.3052,-28635.5645,21.2563,780.9443,-0.0004,-0.0001,3.1415,0.7851,3.1415,-4702.1748,-28635.1230,24.7484,1
-4703.1636,-28634.3926,24.9425,-5252.6157,-28084.4551,21.4419,-4694.6621,-28636.3262,28.6334,784.8054,-0.0009,0.0014,3.1415,0.7851,3.1415,-4701.9321,-28635.1641,24.8456,1
-4703.1636,-28634.3926,24.9425,-5252.6157,-28084.4551,21.4418,-4707.9229,-28633.0879,26.0767,773.1138,0.0005,0.0009,3.1415,0.7851,3.1415,-4702.0991,-28635.1016,24.8709,1
-4703.1636,-28634.3926,24.9425,-5252.6162,-28084.4551,21.4419,-4703.2793,-28633.9238,23.7063,776.9747,-0.0000,0.0004,3.1415,0.7851,3.1415,-4702.1289,-28635.0605,24.8228,1
-4703.1636,-28634.3926,24.9425,-5252.6157,-28084.4551,21.4419,-4698.6274,-28634.7285,21.2238,780.8353,-0.0006,-0.0001,3.1415,0.7851,3.1415,-4702.0127,-28635.0449,24.6933,1
-4703.1636,-28634.3926,24.9425,-5252.6162,-28084.4551,21.4420,-4700.9536,-28642.4629,28.6153,784.6962,0.0009,0.0014,3.1415,0.7851,3.1415,-4701.9644,-28635.2754,24.7930,1
-4703.1636,-28634.3926,24.9425,-5252.6157,-28084.4551,21.4419,-4707.2490,-28632.2637,26.0716,773.0046,0.0003,0.0009,3.1415,0.7851,3.1415,-4702.1167,-28635.1953,24.8212,1
-4703.1636,-28634.3926,24.9425,-5252.6157,-28084.4551,21.4418,-4702.6035,-28633.0938,23.6221,776.8656,-0.0003,0.0003,3.1415,0.7851,3.1415,-4702.1309,-28635.1348,24.7735,1
-4703.1636,-28634.3926,24.9425,-5252.6162,-28084.4551,21.4419,-4697.9521,-28633.8906,21.2821,780.7259,-0.0008,-0.0001,3.1415,0.7851,3.1415,-4701.9971,-28635.0957,24.6489,1
-4703.1636,-28634.3926,24.9425,-5252.6162,-28084.4551,21.4419,-4700.2666,-28641.6270,28.6537,784.5869,0.0006,0.0014,3.1415,0.7851,3.1415,-4701.9287,-28635.3008,24.7529,1
-4703.1636,-28634.3926,24.9425,-5252.6162,-28084.4551,21.4420,-4706.5767,-28631.4375,26.1238,772.8953,0.0001,0.0009,3.1415,0.7851,3.1415,-4702.0610,-28635.1914,24.7861,1
-4703.1636,-28634.3926,24.9425,-5252.6157,-28084.4551,21.4419,-4701.9302,-28632.2617,23.6883,776.7562,-0.0005,0.0004,3.1415,0.7851,3.1415,-4702.0527,-28635.1016,24.7439,1
-4703.1636,-28634.3926,24.9425,-5252.6157,-28084.4551,21.4418,-4704.2144,-28639.9902,21.1902,780.6169,0.0010,-0.0001,3.1415,0.7851,3.1415,-4702.1182,-28635.2539,24.6199,1
-4703.1636,-28634.3926,24.9425,-5252.6162,-28084.4551,21.4419,-4699.5806,-28640.7930,28.6305,784.4778,0.0004,0.0014,3.1415,0.7851,3.1415,-4702.0400,-28635.4414,24.7265,1
-4703.1636,-28634.3926,24.9425,-5252.6157,-28084.4551,21.4419,-4704.4937,-28634.4961,28.8033,776.5494,0.0002,0.0014,3.1415,0.7851,3.1415,-4702.1138,-28635.4395,24.8490,1
-4703.1636,-28634.3926,24.9425,-5252.6162,-28084.4551,21.4420,-4701.2578,-28631.4297,23.6615,776.6472,-0.0007,0.0004,3.1415,0.7851,3.1415,-4702.0884,-28635.3340,24.8147,1
-4703.1636,-28634.3926,24.9425,-5252.6157,-28084.4551,21.4419,-4703.5308,-28639.1602,21.1900,780.5078,0.0008,-0.0002,3.1415,0.7851,3.1415,-4702.1343,-28635.4688,24.6988,1
-4703.1636,-28634.3926,24.9425,-5252.6157,-28084.4551,21.4418,-4698.8945,-28639.9590,28.5493,784.3687,0.0002,0.0013,3.1415,0.7851,3.1415,-4702.0356,-28635.6367,24.8106,1
-4703.1636,-28634.3926,24.9425,-5252.6162,-28084.4551,21.4419,-4705.2339,-28629.7852,26.0732,772.6771,-0.0004,0.0008,3.1415,0.7851,3.1415,-4702.1333,-28635.4844,24.8523,1
-4703.1636,-28634.3926,24.9425,-5252.6162,-28084.4551,21.4419,-4700.5864,-28630.5977,23.6339,776.5381,-0.0009,0.0003,3.1415,0.7851,3.1415,-4702.0874,-28635.3477,24.8180,1
-4703.1636,-28634.3926,24.9425,-5252.6162,-28084.4551,21.4420,-4702.8486,-28638.3301,21.1912,780.3986,0.0005,-0.0002,3.1415,0.7851,3.1415,-4702.1113,-28635.4473,24.7029,1
-4703.1636,-28634.3926,24.9425,-5252.6162,-28084.4551,21.4419,-4700.5229,-28633.1133,26.7942,778.3682,-0.0005,0.0010,3.1415,0.7851,3.1415,-4702.0620,-28635.3848,24.7598,1
-4703.1636,-28634.3926,24.9425,-5252.6157,-28084.4551,21.4418,-4704.5640,-28628.9590,26.0081,772.5680,-0.0006,0.0008,3.1415,0.7851,3.1415,-4702.1401,-28635.1836,24.7966,1
-4703.1636,-28634.3926,24.9425,-5252.6162,-28084.4551,21.4419,-4697.1694,-28638.3125,22.2521,784.3981,-0.0003,0.0001,3.1415,0.7851,3.1415,-4701.9863,-28635.2676,24.7158,1
-4703.1636,-28634.3926,24.9425,-5252.6162,-28084.4551,21.4419,-4702.1670,-28637.4980,21.1587,780.2895,0.0003,-0.0002,3.1415,0.7851,3.1415,-4701.9814,-28635.3359,24.5942,1
-4703.1636,-28634.3926,24.9425,-5252.6162,-28084.4551,21.4420,-4697.5298,-28638.2852,28.5439,784.1504,-0.0002,0.0013,3.1415,0.7851,3.1415,-4701.8296,-28635.4316,24.7015,1
-4703.1636,-28634.3926,24.9425,-5252.6157,-28084.4551,21.4419,-4703.8960,-28628.1309,26.0029,772.4588,-0.0008,0.0008,3.1415,0.7851,3.1415,-4701.8726,-28635.2070,24.7373,1
-4703.1636,-28634.3926,24.9425,-5252.6157,-28084.4551,21.4418,-4706.1323,-28635.8398,23.5560,776.3198,0.0007,0.0003,3.1415,0.7851,3.1415,-4701.9927,-28635.2168,24.6970,1
-4703.1636,-28634.3926,24.9425,-5252.6162,-28084.4551,21.4419,-4701.4873,-28636.6660,21.2173,780.1801,0.0001,-0.0002,3.1415,0.7851,3.1415,-4701.9722,-28635.2539,24.5796,1
-4703.1636,-28634.3926,24.9425,-5252.6162,-28084.4551,21.4419,-4696.8491,-28637.4453,28.5827,784.0410,-0.0005,0.0013,3.1415,0.7851,3.1415,-4701.8037,-28635.3184,24.6905,1
-4703.1636,-28634.3926,24.9425,-5252.6162,-28084.4551,21.4420,-4710.0952,-28634.1621,26.0563,772.3495,0.0010,0.0008,3.1415,0.7851,3.1415,-4702.0508,-28635.2832,24.7305,1
-4703.1636,-28634.3926,24.9425,-5252.6157,-28084.4551,21.4419,-4705.4546,-28635.0137,23.6222,776.2104,0.0004,0.0003,3.1415,0.7851,3.1415,-4702.1650,-28635.2734,24.6948,1
-4703.1636,-28634.3926,24.9425,-5252.6157,-28084.4551,21.4418,-4700.8076,-28635.8340,21.1247,780.0710,-0.0001,-0.0002,3.1415,0.7851,3.1415,-4702.1372,-28635.2891,24.5769,1
-4703.1636,-28634.3926,24.9425,-5252.6162,-28084.4551,21.4419,-4696.1689,-28636.6074,28.5597,783.9320,-0.0007,0.0013,3.1415,0.7851,3.1415,-4701.9580,-28635.3301,24.6894,1
-4703.1636,-28634.3926,24.9425,-5252.6162,-28084.4551,21.4419,-4709.4189,-28633.3398,26.0148,772.2404,0.0008,0.0008,3.1415,0.7851,3.1415,-4702.1924,-28635.2676,24.7302,1
-4703.1636,-28634.3926,24.9425,-5252.6162,-28084.4551,21.4420,-4704.7783,-28634.1855,23.5954,776.1014,0.0002,0.0003,3.1415,0.7851,3.1415,-4702.2915,-28635.2305,24.6956,1
-4703.1636,-28634.3926,24.9425,-5252.6157,-28084.4551,21.4419,-4700.1304,-28635.0000,21.1247,779.9620,-0.0003,-0.0002,3.1415,0.7851,3.1415,-4702.2466,-28635.2168,24.5796,1
-4703.1636,-28634.3926,24.9425,-5252.6157,-28084.4551,21.4418,-4710.2881,-28632.0059,27.1294,770.6866,0.0007,0.0011,3.1415,0.7851,3.1415,-4702.5244,-28635.1055,24.6497,1
-4703.1636,-28634.3926,24.9425,-5252.6162,-28084.4551,21.4419,-4708.7441,-28632.5176,26.0057,772.1313,0.0006,0.0008,3.1415,0.7851,3.1415,-4702.7686,-28635.0059,24.6890,1
-4703.1636,-28634.3926,24.9425,-5252.6162,-28084.4551,21.4419,-4704.1025,-28633.3574,23.5679,775.9923,0.0000,0.0003,3.1415,0.7851,3.1415,-4702.8730,-28634.9277,24.6526,1
-4703.1636,-28634.3926,24.9425,-5252.6162,-28084.4551,21.4420,-4699.4541,-28634.1660,21.1258,779.8528,-0.0005,-0.0002,3.1415,0.7851,3.1415,-4702.8296,-28634.8730,24.5357,1
-4703.1636,-28634.3926,24.9425,-5252.6162,-28084.4551,21.4419,-4701.7744,-28641.8926,28.4927,783.7138,0.0009,0.0013,3.1415,0.7851,3.1415,-4702.8511,-28635.0645,24.6472,1
-4703.1636,-28634.3926,24.9425,-5252.6157,-28084.4551,21.4418,-4708.0698,-28631.6953,25.9406,772.0222,0.0003,0.0008,3.1415,0.7851,3.1415,-4703.0713,-28634.9434,24.6866,1
-4703.1636,-28634.3926,24.9425,-5252.6162,-28084.4551,21.4419,-4703.4282,-28632.5293,23.5730,775.8831,-0.0002,0.0003,3.1415,0.7851,3.1415,-4703.1509,-28634.8457,24.6523,1
-4703.1636,-28634.3926,24.9425,-5252.6162,-28084.4551,21.4419,-4698.7788,-28633.3301,21.0934,779.7436,-0.0008,-0.0002,3.1415,0.7851,3.1415,-4703.0791,-28634.7676,24.5363,1
-4703.1636,-28634.3926,24.9425,-5252.6162,-28084.4551,21.4420,-4697.5879,-28633.1094,24.4174,780.4389,-0.0010,0.0005,3.1415,0.7851,3.1415,-4702.9580,-28634.6816,24.5195,1
-4703.1636,-28634.3926,24.9425,-5252.6157,-28084.4551,21.4419,-4707.3979,-28630.8711,25.9356,771.9130,0.0001,0.0008,3.1415,0.7851,3.1415,-4703.1396,-28634.5195,24.5521,1
-4703.1636,-28634.3926,24.9425,-5252.6157,-28084.4551,21.4418,-4702.7544,-28631.6992,23.4889,775.7740,-0.0004,0.0003,3.1415,0.7851,3.1415,-4703.1787,-28634.3789,24.5091,1
-4703.1636,-28634.3926,24.9425,-5252.6162,-28084.4551,21.4419,-4698.1055,-28632.4941,21.1515,779.6343,-0.0010,-0.0002,3.1415,0.7851,3.1415,-4703.0659,-28634.2598,24.3894,1
-4703.1636,-28634.3926,24.9425,-5252.6162,-28084.4551,21.4419,-4700.4033,-28640.2266,28.5123,783.4952,0.0005,0.0013,3.1415,0.7851,3.1415,-4703.0151,-28634.3867,24.4985,1
-4703.1636,-28634.3926,24.9425,-5252.6162,-28084.4551,21.4420,-4706.7280,-28630.0469,25.9879,771.8037,-0.0001,0.0008,3.1415,0.7851,3.1415,-4703.1616,-28634.1992,24.5371,1
-4703.1636,-28634.3926,24.9425,-5252.6162,-28084.4551,21.4419,-4702.0835,-28630.8672,23.5551,775.6647,-0.0006,0.0003,3.1415,0.7851,3.1415,-4703.1641,-28634.0332,24.5005,1
-4703.1636,-28634.3926,24.9425,-5252.6157,-28084.4551,21.4418,-4704.3525,-28638.5898,21.0599,779.5252,0.0008,-0.0002,3.1415,0.7851,3.1415,-4703.2363,-28634.1094,24.3821,1
-4703.1636,-28634.3926,24.9425,-5252.6162,-28084.4551,21.4419,-4699.7192,-28639.3926,28.4893,783.3862,0.0002,0.0013,3.1415,0.7851,3.1415,-4703.1616,-28634.2227,24.4946,1
-4703.1636,-28634.3926,24.9425,-5252.6162,-28084.4551,21.4419,-4706.0581,-28629.2227,25.9464,771.6946,-0.0003,0.0008,3.1415,0.7851,3.1415,-4703.2817,-28634.0234,24.5357,1
-4703.1636,-28634.3926,24.9425,-5252.6162,-28084.4551,21.4420,-4701.4131,-28630.0371,23.5285,775.5556,-0.0009,0.0003,3.1415,0.7851,3.1415,-4703.2573,-28633.8398,24.5019,1
-4703.1636,-28634.3926,24.9425,-5252.6157,-28084.4551,21.4419,-4703.6709,-28637.7617,21.0598,779.4162,0.0006,-0.0002,3.1415,0.7851,3.1415,-4703.2998,-28633.9004,24.3870,1
-4703.1636,-28634.3926,24.9425,-5252.6157,-28084.4551,21.4418,-4699.0356,-28638.5586,28.4082,783.2771,0.0000,0.0013,3.1415,0.7851,3.1415,-4703.1948,-28633.9941,24.5002,1
-4703.1636,-28634.3926,24.9425,-5252.6162,-28084.4551,21.4419,-4705.3896,-28628.3945,25.9373,771.5855,-0.0005,0.0008,3.1415,0.7851,3.1415,-4703.2832,-28633.7734,24.5441,1
-4703.1636,-28634.3926,24.9425,-5252.6162,-28084.4551,21.4419,-4707.6328,-28636.0957,23.5016,775.4465,0.0009,0.0003,3.1415,0.7851,3.1415,-4703.4478,-28633.7910,24.5124,1
-4703.1636,-28634.3926,24.9425,-5252.6162,-28084.4551,21.4420,-4702.9907,-28636.9316,21.0610,779.3070,0.0004,-0.0002,3.1415,0.7851,3.1415,-4703.4707,-28633.8438,24.4002,1
-4703.1636,-28634.3926,24.9425,-5252.6162,-28084.4551,21.4419,-4698.3550,-28637.7227,28.4218,783.1679,-0.0002,0.0013,3.1415,0.7851,3.1415,-4703.3438,-28633.9277,24.5165,1
-4703.1636,-28634.3926,24.9425,-5252.6157,-28084.4551,21.4418,-4704.7217,-28627.5684,25.8724,771.4764,-0.0007,0.0008,3.1415,0.7851,3.1415,-4703.4087,-28633.6934,24.5608,1
-4703.1636,-28634.3926,24.9425,-5252.6162,-28084.4551,21.4419,-4706.9541,-28635.2715,23.5069,775.3373,0.0007,0.0003,3.1415,0.7851,3.1415,-4703.5479,-28633.6973,24.5314,1
-4703.1636,-28634.3926,24.9425,-5252.6162,-28084.4551,21.4419,-4702.3115,-28636.1016,21.0287,779.1978,0.0001,-0.0002,3.1415,0.7851,3.1415,-4703.5439,-28633.7324,24.4203,1
-4703.1636,-28634.3926,24.9425,-5252.6162,-28084.4551,21.4420,-4697.6748,-28636.8848,28.4031,783.0588,-0.0004,0.0013,3.1415,0.7851,3.1415,-4703.3882,-28633.7988,24.5378,1
-4703.1636,-28634.3926,24.9425,-5252.6157,-28084.4551,21.4419,-4704.0557,-28626.7402,25.8674,771.3672,-0.0010,0.0008,3.1415,0.7851,3.1415,-4703.4229,-28633.5449,24.5837,1
-4703.1636,-28634.3926,24.9425,-5252.6157,-28084.4551,21.4418,-4699.2812,-28636.0039,28.0923,781.2960,-0.0003,0.0013,3.1415,0.7851,3.1415,-4703.3062,-28633.5762,24.7029,1
-4703.1636,-28634.3926,24.9425,-5252.6162,-28084.4551,21.4419,-4701.6333,-28635.2695,21.0867,779.0885,-0.0001,-0.0002,3.1415,0.7851,3.1415,-4703.2549,-28633.5918,24.6046,1
-4703.1636,-28634.3926,24.9425,-5252.6162,-28084.4551,21.4419,-4701.5938,-28640.0586,22.0857,782.5095,0.0006,0.0000,3.1415,0.7851,3.1415,-4703.1992,-28633.7656,24.5306,1
-4703.1636,-28634.3926,24.9425,-5252.6162,-28084.4551,21.4420,-4710.2393,-28632.7715,25.9203,771.2579,0.0008,0.0008,3.1415,0.7851,3.1415,-4703.4194,-28633.7188,24.5743,1
-4703.1636,-28634.3926,24.9425,-5252.6162,-28084.4551,21.4419,-4705.6011,-28633.6191,23.4890,775.1188,0.0003,0.0003,3.1415,0.7851,3.1415,-4703.5044,-28633.6992,24.5423,1
-4703.1636,-28634.3926,24.9425,-5252.6157,-28084.4551,21.4418,-4700.9561,-28634.4375,20.9943,778.9794,-0.0003,-0.0002,3.1415,0.7851,3.1415,-4703.4438,-28633.7070,24.4280,1
-4703.1636,-28634.3926,24.9425,-5252.6162,-28084.4551,21.4419,-4696.3184,-28635.2090,28.4184,782.8403,-0.0008,0.0013,3.1415,0.7851,3.1415,-4703.2295,-28633.7402,24.5441,1
-4703.1636,-28634.3926,24.9425,-5252.6162,-28084.4551,21.4419,-4709.5649,-28631.9492,25.8788,771.1488,0.0006,0.0008,3.1415,0.7851,3.1415,-4703.4258,-28633.6719,24.5883,1
-4703.1636,-28634.3926,24.9425,-5252.6162,-28084.4551,21.4420,-4704.9263,-28632.7930,23.4623,775.0098,0.0000,0.0003,3.1415,0.7851,3.1415,-4703.4854,-28633.6289,24.5571,1
-4703.1636,-28634.3926,24.9425,-5252.6157,-28084.4551,21.4419,-4700.2803,-28633.6035,20.9943,778.8703,-0.0005,-0.0002,3.1415,0.7851,3.1415,-4703.3979,-28633.6094,24.4444,1
-4703.1636,-28634.3926,24.9425,-5252.6157,-28084.4551,21.4418,-4702.5952,-28641.3262,28.3380,782.7313,0.0009,0.0013,3.1415,0.7851,3.1415,-4703.3779,-28633.8379,24.5593,1
-4703.1636,-28634.3926,24.9425,-5252.6162,-28084.4551,21.4419,-4708.8916,-28631.1270,25.8701,771.0397,0.0004,0.0008,3.1415,0.7851,3.1415,-4703.5601,-28633.7559,24.6044,1
-4703.1636,-28634.3926,24.9425,-5252.6162,-28084.4551,21.4419,-4704.2524,-28631.9629,23.4352,774.9007,-0.0002,0.0003,3.1415,0.7851,3.1415,-4703.6025,-28633.6953,24.5734,1
-4703.1636,-28634.3926,24.9425,-5252.6162,-28084.4551,21.4420,-4699.6060,-28632.7695,20.9957,778.7612,-0.0007,-0.0002,3.1415,0.7851,3.1415,-4703.4966,-28633.6562,24.4616,1
-4703.1636,-28634.3926,24.9425,-5252.6162,-28084.4551,21.4419,-4701.9097,-28640.4941,28.3517,782.6221,0.0007,0.0013,3.1415,0.7851,3.1415,-4703.4561,-28633.8633,24.5778,1
-4703.1636,-28634.3926,24.9425,-5252.6157,-28084.4551,21.4418,-4708.2197,-28630.3047,25.8051,770.9306,0.0002,0.0008,3.1415,0.7851,3.1415,-4703.6157,-28633.7578,24.6216,1
