0.0000,0.0000,0.0000,0.0000,0.0000,0.0000,0.0000,0.0000,0.0000,0.0000,0.0000,0.0000,0.0000,0.0000,0.0000,0.0000,0.0000,0.0000,0
0.0000,0.0000,0.0000,0.0000,0.0000,0.0000,0.0000,0.0000,0.0000,0.0000,0.0000,0.0000,0.0000,0.0000,0.0000,0.0000,0.0000,0.0000,0
0.0000,0.0000,0.0000,0.0000,0.0000,0.0000,0.0000,0.0000,0.0000,0.0000,0.0000,0.0000,0.0000,0.0000,0.0000,0.0000,0.0000,0.0000,0
0.0000,0.0000,0.0000,0.0000,0.0000,0.0000,0.0000,0.0000,0.0000,0.0000,0.0000,0.0000,0.0000,0.0000,0.0000,0.0000,0.0000,0.0000,0
0.0000,0.0000,0.0000,0.0000,0.0000,0.0000,0.0000,0.0000,0.0000,0.0000,0.0000,0.0000,0.0000,0.0000,0.0000,0.0000,0.0000,0.0000,0
0.0000,0.0000,0.0000,-5252.6138,-28084.4629,22.4979,0.0000,0.0000,0.0000,0.0000,0.0000,0.0000,3.1416,0.7854,3.1416,0.0000,0.0000,0.0000,0
-4703.1636,-28634.3926,24.9425,-5252.6138,-28084.4629,22.4962,0.0000,0.0000,0.0000,0.0000,0.0000,0.0000,-3.1415,0.7854,-3.1416,0.0000,0.0000,0.0000,0
-4703.1636,-28634.3926,24.9425,-5252.6138,-28084.4629,22.4917,0.0000,0.0000,0.0000,0.0000,0.0000,0.0000,-3.1415,0.7854,-3.1416,0.0000,0.0000,0.0000,0
-4703.1636,-28634.3926,24.9425,-5252.6138,-28084.4629,22.4844,0.0000,0.0000,0.0000,0.0000,0.0000,0.0000,-3.1414,0.7854,-3.1415,0.0000,0.0000,0.0000,0
-4703.1636,-28634.3926,24.9425,-5252.6138,-28084.4629,22.4742,0.0000,0.0000,0.0000,0.0000,0.0000,0.0000,-3.1414,0.7854,-3.1415,0.0000,0.0000,0.0000,0
-4703.1636,-28634.3926,24.9425,-5252.6138,-28084.4629,22.4612,0.0000,0.0000,0.0000,774.4689,0.0005,0.0000,-3.1414,0.7854,-3.1415,0.0000,0.0000,0.0000,0
-4703.1636,-28634.3926,24.9425,-5252.6138,-28084.4629,22.4455,-4702.1406,-28634.7090,20.5772,778.3292,-0.0000,-0.0005,-3.1414,0.7854,-3.1415,-4702.1406,-28634.7090,20.5772,1
-4703.1636,-28634.3926,24.9425,-5252.6138,-28084.4629,22.4270,-4697.4917,-28635.4941,27.9415,782.1902,-0.0006,0.0010,-3.1415,0.7854,-3.1415,-4701.9917,-28634.7324,20.8126,1
-4703.1636,-28634.3926,24.9425,-5252.6138,-28084.4629,22.4058,-4710.7305,-28632.2070,25.4323,770.4988,0.0009,0.0005,-3.1415,0.7854,-3.1414,-4702.2607,-28634.6543,20.9853,1
-4703.1636,-28634.3926,24.9425,-5252.6138,-28084.4629,22.3820,-4706.0942,-28633.0527,22.9391,774.3599,0.0003,0.0000,-3.1414,0.7854,-3.1414,-4702.3979,-28634.5957,21.0856,1
-4703.1636,-28634.3926,24.9425,-5252.6138,-28084.4629,22.3554,-4701.4526,-28633.8652,20.4678,778.2203,-0.0003,-0.0005,-3.1414,0.7854,-3.1414,-4702.3926,-28634.5625,21.1089,1
-4703.1636,-28634.3926,24.9425,-5252.6138,-28084.4629,22.3261,-4696.8062,-28634.6484,27.7966,782.0812,-0.0008,0.0010,-3.1414,0.7854,-3.1414,-4702.2358,-28634.5527,21.3638,1
-4703.1636,-28634.3926,24.9425,-5252.6138,-28084.4629,22.2940,-4710.0508,-28631.3809,25.2678,770.3898,0.0006,0.0005,-3.1414,0.7854,-3.1414,-4702.4941,-28634.4375,21.5522,1
-4703.1636,-28634.3926,24.9425,-5252.6138,-28084.4629,22.2593,-4701.4272,-28633.2578,20.3196,777.8106,-0.0003,-0.0005,-3.1414,0.7854,-3.1414,-4702.4893,-28634.3770,21.5864,1
-4703.1636,-28634.3926,24.9425,-5252.6138,-28084.4629,22.2218,-4700.8530,-28633.1094,20.4316,778.1115,-0.0004,-0.0005,-3.1414,0.7854,-3.1413,-4702.4624,-28634.3105,21.6189,1
-4703.1636,-28634.3926,24.9425,-5252.6138,-28084.4629,22.1817,-4703.1562,-28640.8359,27.7498,781.9724,0.0010,0.0010,-3.1414,0.7854,-3.1413,-4702.5054,-28634.4883,21.8808,1
-4703.1636,-28634.3926,24.9425,-5252.6138,-28084.4629,22.1388,-4709.4570,-28630.6367,25.2136,770.2810,0.0004,0.0005,-3.1414,0.7854,-3.1413,-4702.7534,-28634.3555,22.0736,1
-4703.1636,-28634.3926,24.9425,-5252.6138,-28084.4629,22.0933,-4704.8223,-28631.4746,22.8914,774.1424,-0.0001,0.0001,-3.1414,0.7854,-3.1413,-4702.8647,-28634.2402,22.1948,1
-4703.1636,-28634.3926,24.9425,-5252.6138,-28084.4629,22.0451,-4700.1812,-28632.2793,20.4048,778.0028,-0.0007,-0.0004,-3.1414,0.7854,-3.1413,-4702.8291,-28634.1465,22.2344,1
-4703.1636,-28634.3926,24.9425,-5252.6138,-28084.4629,21.9942,-4701.1870,-28640.4180,22.3617,783.0436,0.0007,-0.0000,-3.1414,0.7854,-3.1413,-4702.8193,-28634.3105,22.3297,1
-4703.1636,-28634.3926,24.9425,-5252.6123,-28084.4629,21.9468,-4708.8022,-28629.8359,24.5847,770.1724,0.0002,0.0006,-3.1416,0.7854,3.1406,-4703.0503,-28634.1484,22.4941,1
-4703.1636,-28634.3926,24.9425,-5252.6094,-28084.4629,21.9077,-4698.1929,-28633.1484,19.8032,780.0249,-0.0008,-0.0002,-3.1413,0.7853,3.1389,-4702.9507,-28634.0840,22.5060,1
-4703.1636,-28634.3926,24.9425,-5252.6055,-28084.4648,21.8776,-4699.5176,-28631.4492,17.5478,777.8930,-0.0009,-0.0003,-3.1403,0.7853,3.1373,-4702.8809,-28633.9668,22.4361,1
-4703.1636,-28634.3926,24.9425,-5252.6011,-28084.4648,21.8565,-4701.7842,-28639.2129,22.7733,781.7539,0.0005,0.0012,-3.1386,0.7852,3.1358,-4702.8755,-28634.0918,22.5206,1
-4703.1636,-28634.3926,24.9425,-5252.5952,-28084.4688,21.8443,-4708.1562,-28629.0508,17.7791,770.0625,-0.0000,0.0007,-3.1363,0.7852,3.1344,-4703.0728,-28633.9023,22.4412,1
-4703.1636,-28634.3926,24.9425,-5252.5889,-28084.4707,21.8410,-4703.3306,-28629.6738,19.9039,773.9032,-0.0006,0.0018,-3.1333,0.7852,3.1332,-4703.1240,-28633.7246,22.4186,1
-4703.1636,-28634.3926,24.9425,-5252.5825,-28084.4746,21.8457,-4705.6201,-28637.3750,14.3478,777.7635,0.0008,0.0013,-3.1298,0.7852,3.1324,-4703.2476,-28633.7871,22.2104,1
-4703.1636,-28634.3926,24.9425,-5252.5767,-28084.4785,21.8566,-4700.8877,-28638.1758,18.8042,781.6243,0.0003,0.0028,-3.1261,0.7853,3.1324,-4703.2231,-28633.8848,22.1275,1
-4703.1636,-28634.3926,24.9425,-5252.5723,-28084.4844,21.8715,-4707.2354,-28627.9551,14.3343,769.9333,-0.0003,0.0023,-3.1229,0.7854,3.1331,-4703.3970,-28633.6621,21.8898,1
-4703.1636,-28634.3926,24.9425,-5252.5693,-28084.4863,21.8878,-4702.7803,-28628.9648,21.6998,773.7598,-0.0008,0.0040,-3.1206,0.7854,3.1342,-4703.4331,-28633.4629,21.8745,1
-4703.1636,-28634.3926,24.9425,-5252.5684,-28084.4883,21.9035,-4704.9937,-28636.6328,19.0428,777.6199,0.0007,0.0035,-3.1194,0.7855,3.1355,-4703.5371,-28633.5020,21.7737,1
-4703.1636,-28634.3926,24.9425,-5252.5684,-28084.4902,21.9174,-4700.2852,-28637.3867,26.9775,781.4806,0.0001,0.0050,-3.1192,0.7856,3.1367,-4703.4917,-28633.5742,21.9216,1
-4703.1636,-28634.3926,24.9425,-5252.5698,-28084.4902,21.9294,-4706.7598,-28634.5508,23.0677,774.8911,0.0007,0.0040,-3.1203,0.7857,3.1374,-4703.6455,-28633.5664,21.9562,1
-4703.1636,-28634.3926,24.9425,-5252.5718,-28084.4883,21.9397,-4708.9526,-28634.9590,24.2838,773.6447,0.0011,0.0040,-3.1218,0.7857,3.1377,-4703.8755,-28633.5742,22.0327,1
-4703.1636,-28634.3926,24.9425,-5252.5742,-28084.4863,21.9482,-4704.3003,-28635.7793,23.3854,777.5048,0.0005,0.0035,-3.1234,0.7858,3.1382,-4703.9639,-28633.6113,22.0847,1
-4703.1636,-28634.3926,24.9425,-5252.5771,-28084.4863,21.9549,-4699.6670,-28636.5176,32.4222,781.3654,-0.0001,0.0050,-3.1251,0.7858,3.1388,-4703.9019,-28633.6797,22.4281,1
-4703.1636,-28634.3926,24.9425,-5252.5806,-28084.4844,21.9597,-4694.9888,-28637.2910,31.7919,785.2255,-0.0006,0.0045,-3.1270,0.7858,3.1394,-4703.6807,-28633.7773,22.7709,1
-4703.1636,-28634.3926,24.9425,-5252.5840,-28084.4805,21.9628,-4697.5693,-28636.9395,30.8264,783.1425,-0.0003,0.0039,-3.1290,0.7859,3.1400,-4703.5200,-28633.8730,23.1015,1
-4703.1636,-28634.3926,24.9425,-5252.5879,-28084.4785,21.9643,-4703.6753,-28634.9961,24.2755,777.4115,0.0003,0.0021,-3.1312,0.7859,3.1405,-4703.5410,-28633.9141,23.2373,1
-4703.1636,-28634.3926,24.9425,-5252.5923,-28084.4766,21.9646,-4699.0674,-28635.7266,33.7313,781.2722,-0.0002,0.0036,-3.1335,0.7859,3.1409,-4703.4136,-28633.9805,23.6744,1
-4703.1636,-28634.3926,24.9425,-5252.5962,-28084.4727,21.9645,-4708.3945,-28629.4844,28.0348,770.2074,0.0002,0.0021,-3.1358,0.7860,3.1413,-4703.5776,-28633.8477,23.9495,1
-4703.1636,-28634.3926,24.9425,-5252.6001,-28084.4707,21.9647,-4707.8823,-28633.5879,24.5525,773.4659,0.0007,0.0010,-3.1379,0.7855,3.1415,-4703.7344,-28633.8398,24.1157,1
-4703.1636,-28634.3926,24.9425,-5252.6035,-28084.4668,21.9652,-4703.4966,-28634.6641,23.5416,777.3262,0.0001,0.0005,-3.1396,0.7851,-3.1415,-4703.7583,-28633.8633,24.2455,1
-4703.1636,-28634.3926,24.9425,-5252.6060,-28084.4648,21.9658,-4698.8940,-28635.4316,32.0475,781.1870,-0.0004,0.0020,-3.1410,0.7851,-3.1414,-4703.6328,-28633.9160,24.6412,1
-4703.1636,-28634.3926,24.9425,-5252.6084,-28084.4629,21.9666,-4699.1270,-28639.8281,26.7729,784.0868,0.0002,0.0008,3.1411,0.7851,-3.1414,-4703.5044,-28634.1094,24.8788,1
-4703.1636,-28634.3926,24.9425,-5252.6104,-28084.4609,21.9672,-4702.1851,-28640.0312,29.0768,782.0933,0.0007,0.0011,3.1404,0.7850,-3.1413,-4703.4634,-28634.3242,25.1887,1
-4703.1636,-28634.3926,24.9425,-5252.6118,-28084.4609,21.9678,-4698.0854,-28639.9961,23.1895,784.9338,0.0001,-0.0001,3.1399,0.7850,-3.1413,-4703.2896,-28634.5469,25.3132,1
-4703.1636,-28634.3926,24.9425,-5252.6128,-28084.4590,21.9681,-4697.6670,-28634.0996,28.8400,781.0966,-0.0008,0.0010,3.1397,0.7850,-3.1413,-4703.0903,-28634.5918,25.6075,1
-4703.1636,-28634.3926,24.9425,-5252.6133,-28084.4590,21.9682,-4699.9561,-28641.8730,26.3601,784.9571,0.0006,0.0005,3.1398,0.7850,-3.1414,-4702.9536,-28634.8828,25.8232,1
-4703.1636,-28634.3926,24.9425,-5252.6133,-28084.4590,21.9681,-4706.2695,-28631.6855,22.6338,773.2727,0.0001,-0.0002,3.1400,0.7850,-3.1414,-4703.0146,-28634.8594,25.9135,1
-4703.1636,-28634.3926,24.9425,-5252.6133,-28084.4590,21.9678,-4701.6357,-28632.5020,19.8762,777.1331,-0.0005,-0.0007,3.1404,0.7850,-3.1414,-4702.9346,-28634.8535,25.9021,1
-4703.1636,-28634.3926,24.9425,-5252.6128,-28084.4590,21.9673,-4703.9321,-28640.2305,26.8123,780.9941,0.0010,0.0008,3.1409,0.7850,-3.1414,-4702.9263,-28635.0898,26.0947,1
-4703.1636,-28634.3926,24.9425,-5252.6123,-28084.4609,21.9666,-4700.9702,-28636.9238,23.0774,780.7206,0.0001,0.0001,3.1415,0.7850,-3.1415,-4702.8271,-28635.2266,26.1638,1
-4703.1636,-28634.3926,24.9425,-5252.6118,-28084.4609,21.9659,-4705.6099,-28630.8750,22.3083,773.1614,-0.0001,0.0000,-3.1411,0.7850,-3.1415,-4702.8745,-28635.1699,26.1949,1
-4703.1636,-28634.3926,24.9425,-5252.6108,-28084.4629,21.9651,-4700.9741,-28631.6836,19.3428,777.0219,-0.0007,-0.0005,-3.1404,0.7850,-3.1415,-4702.7793,-28635.1289,26.1177,1
-4703.1636,-28634.3926,24.9425,-5252.6104,-28084.4629,21.9644,-4703.2544,-28639.4160,26.1673,780.8828,0.0007,0.0010,-3.1398,0.7850,-3.1415,-4702.7549,-28635.3262,26.2408,1
-4703.1636,-28634.3926,24.9425,-5252.6094,-28084.4629,21.9636,-4698.5933,-28640.2402,23.2222,784.7432,0.0002,0.0005,-3.1391,0.7850,-3.1416,-4702.5845,-28635.5547,26.2659,1
-4703.1636,-28634.3926,24.9425,-5252.6084,-28084.4648,21.9629,-4704.9468,-28630.0566,22.3491,773.0467,-0.0004,0.0005,-3.1386,0.7850,-3.1416,-4702.6099,-28635.4648,26.2507,1
-4703.1636,-28634.3926,24.9425,-5252.6079,-28084.4648,21.9623,-4700.3091,-28630.8574,19.5005,776.9071,-0.0009,-0.0000,-3.1381,0.7850,-3.1416,-4702.4927,-28635.3867,26.1324,1
-4703.1636,-28634.3926,24.9425,-5252.6069,-28084.4648,21.9617,-4702.5781,-28638.5898,26.4906,780.7679,0.0005,0.0015,-3.1376,0.7850,3.1416,-4702.4453,-28635.5449,26.2215,1
-4703.1636,-28634.3926,24.9425,-5252.6064,-28084.4668,21.9613,-4697.9150,-28639.4082,23.7498,784.6284,-0.0000,0.0010,-3.1373,0.7850,3.1416,-4702.2510,-28635.7344,26.2212,1
-4703.1636,-28634.3926,24.9425,-5252.6060,-28084.4668,21.9609,-4704.2812,-28629.2305,22.5587,772.9326,-0.0006,0.0008,-3.1370,0.7850,3.1416,-4702.2534,-28635.5996,26.1733,1
-4703.1636,-28634.3926,24.9425,-5252.6055,-28084.4668,21.9607,-4706.5410,-28636.9316,19.9472,776.7930,0.0009,0.0003,-3.1368,0.7850,3.1416,-4702.3345,-28635.6992,26.0318,1
-4703.1636,-28634.3926,24.9425,-5252.6050,-28084.4668,21.9605,-4701.9023,-28637.7559,27.1770,780.6538,0.0003,0.0018,-3.1366,0.7850,3.1416,-4702.2769,-28635.8262,26.1077,1
-4703.1636,-28634.3926,24.9425,-5252.6050,-28084.4688,21.9604,-4697.2378,-28638.5703,24.6727,784.5142,-0.0002,0.0013,-3.1365,0.7850,3.1416,-4702.0718,-28635.9805,26.1047,1
-4703.1636,-28634.3926,24.9425,-5252.6050,-28084.4688,21.9604,-4703.6147,-28628.4043,22.7609,772.8209,-0.0008,0.0009,-3.1365,0.7850,3.1416,-4702.0615,-28635.8105,26.0347,1
-4703.1636,-28634.3926,24.9425,-5252.6045,-28084.4688,21.9605,-4705.8618,-28636.1074,20.3472,776.6813,0.0006,0.0004,-3.1366,0.7850,3.1416,-4702.1289,-28635.8691,25.8792,1
-4703.1636,-28634.3926,24.9425,-5252.6045,-28084.4688,21.9606,-4704.4561,-28636.8555,29.8781,778.2342,0.0005,0.0023,-3.1367,0.7850,3.1416,-4702.1606,-28635.9531,26.0174,1
-4703.1636,-28634.3926,24.9425,-5252.6050,-28084.4688,21.9607,-4696.5601,-28637.7285,25.3980,784.4025,-0.0005,0.0014,-3.1368,0.7850,3.1416,-4701.9463,-28636.0645,26.0198,1
-4703.1636,-28634.3926,24.9425,-5252.6050,-28084.4688,21.9609,-4699.2783,-28640.0938,26.2070,784.1552,0.0003,0.0015,-3.1369,0.7850,3.1416,-4701.8086,-28636.2520,26.0460,1
-4703.1636,-28634.3926,24.9425,-5252.6050,-28084.4668,21.9611,-4705.1841,-28635.2793,20.5432,776.5721,0.0004,0.0003,-3.1371,0.7850,3.1416,-4701.8560,-28636.2930,25.8895,1
-4703.1636,-28634.3926,24.9425,-5252.6050,-28084.4668,21.9612,-4700.5488,-28636.0840,28.0114,780.4329,-0.0001,0.0018,-3.1372,0.7850,3.1416,-4701.7642,-28636.3555,25.9609,1
-4703.1636,-28634.3926,24.9425,-5252.6055,-28084.4668,21.9614,-4695.8813,-28636.8867,25.6982,784.2933,-0.0007,0.0013,-3.1374,0.7850,3.1416,-4701.5225,-28636.4395,25.9626,1
-4703.1636,-28634.3926,24.9425,-5252.6055,-28084.4668,21.9616,-4709.1396,-28633.6152,22.8682,772.6036,0.0008,0.0007,-3.1375,0.7850,3.1416,-4701.6968,-28636.4180,25.8717,1
-4703.1636,-28634.3926,24.9425,-5252.6060,-28084.4668,21.9618,-4704.5068,-28634.4512,20.5414,776.4641,0.0002,0.0002,-3.1377,0.7850,3.1416,-4701.7393,-28636.4160,25.6995,1
-4703.1636,-28634.3926,24.9425,-5252.6060,-28084.4668,21.9620,-4699.8711,-28635.2520,27.9870,780.3250,-0.0003,0.0017,-3.1378,0.7850,3.1416,-4701.6406,-28636.4316,25.7557,1
-4703.1636,-28634.3926,24.9425,-5252.6060,-28084.4668,21.9621,-4695.2021,-28636.0469,25.6390,784.1853,-0.0009,0.0012,-3.1379,0.7850,3.1416,-4701.3906,-28636.4707,25.7420,1
-4703.1636,-28634.3926,24.9425,-5252.6064,-28084.4668,21.9622,-4708.4644,-28632.7930,22.8101,772.4958,0.0005,0.0006,-3.1380,0.7850,3.1416,-4701.5552,-28636.4004,25.6368,1
-4703.1636,-28634.3926,24.9425,-5252.6064,-28084.4668,21.9623,-4703.8306,-28633.6230,20.4312,776.3562,-0.0000,0.0001,-3.1381,0.7850,3.1416,-4701.5864,-28636.3477,25.4497,1
-4703.1636,-28634.3926,24.9425,-5252.6064,-28084.4668,21.9624,-4699.1924,-28634.4180,27.8188,780.2171,-0.0006,0.0016,-3.1382,0.7850,3.1416,-4701.4746,-28636.3145,25.4900,1
-4703.1636,-28634.3926,24.9425,-5252.6064,-28084.4668,21.9624,-4701.4878,-28642.1758,25.4120,784.0775,0.0009,0.0011,-3.1382,0.7850,3.1416,-4701.4331,-28636.5234,25.4593,1
-4703.1636,-28634.3926,24.9425,-5252.6069,-28084.4668,21.9625,-4707.7900,-28631.9707,22.7401,772.3876,0.0003,0.0006,-3.1382,0.7850,3.1416,-4701.5967,-28636.4160,25.3430,1
-4703.1636,-28634.3926,24.9425,-5252.6069,-28084.4668,21.9625,-4708.5845,-28629.4688,21.1702,770.0563,0.0001,0.0003,-3.1382,0.7850,3.1416,-4701.8018,-28636.2168,25.1708,1
-4703.1636,-28634.3926,24.9425,-5252.6069,-28084.4668,21.9625,-4698.5156,-28633.5840,27.6427,780.1088,-0.0008,0.0016,-3.1382,0.7850,3.1416,-4701.6963,-28636.1367,25.2003,1
-4703.1636,-28634.3926,24.9425,-5252.6069,-28084.4668,21.9625,-4700.7998,-28641.3438,25.1903,783.9692,0.0007,0.0011,-3.1382,0.7850,3.1416,-4701.6577,-28636.2988,25.1580,1
-4703.1636,-28634.3926,24.9425,-5252.6069,-28084.4668,21.9624,-4707.1172,-28631.1465,22.6888,772.2786,0.0001,0.0006,-3.1382,0.7850,3.1416,-4701.8218,-28636.1426,25.0363,1
-4703.1636,-28634.3926,24.9425,-5252.6069,-28084.4668,21.9624,-4702.4819,-28631.9629,20.2243,776.1390,-0.0004,0.0001,-3.1382,0.7850,3.1416,-4701.8472,-28636.0039,24.8319,1
-4703.1636,-28634.3926,24.9425,-5252.6069,-28084.4668,21.9623,-4704.7739,-28639.6758,27.5337,779.9998,0.0010,0.0016,-3.1381,0.7850,3.1416,-4701.9473,-28636.1035,24.8543,1
-4703.1636,-28634.3926,24.9425,-5252.6069,-28084.4668,21.9623,-4700.1138,-28640.5098,25.0625,783.8602,0.0004,0.0011,-3.1381,0.7850,3.1416,-4701.9043,-28636.2383,24.8052,1
-4703.1636,-28634.3926,24.9425,-5252.6064,-28084.4668,21.9622,-4706.4453,-28630.3203,22.6642,772.1693,-0.0001,0.0006,-3.1381,0.7850,3.1416,-4702.0610,-28636.0547,24.6811,1
-4703.1636,-28634.3926,24.9425,-5252.6064,-28084.4668,21.9622,-4701.8091,-28631.1309,20.1936,776.0297,-0.0007,0.0001,-3.1380,0.7850,3.1416,-4702.0767,-28635.8867,24.4751,1
-4703.1636,-28634.3926,24.9425,-5252.6064,-28084.4668,21.9622,-4704.0898,-28638.8457,27.5009,779.8904,0.0008,0.0016,-3.1380,0.7850,3.1416,-4702.1646,-28635.9551,24.4970,1
-4703.1636,-28634.3926,24.9425,-5252.6064,-28084.4668,21.9621,-4699.4287,-28639.6738,25.0339,783.7509,0.0002,0.0011,-3.1379,0.7850,3.1416,-4702.1064,-28636.0566,24.4485,1
-4703.1636,-28634.3926,24.9425,-5252.6064,-28084.4668,21.9621,-4707.3354,-28629.0996,23.6589,770.6772,-0.0002,0.0008,-3.1379,0.7850,3.1416,-4702.2964,-28635.8262,24.3593,1
-4703.1636,-28634.3926,24.9425,-5252.6064,-28084.4668,21.9620,-4701.1382,-28630.2988,20.1984,775.9201,-0.0009,0.0001,-3.1379,0.7850,3.1416,-4702.2964,-28635.6211,24.1593,1
-4703.1636,-28634.3926,24.9425,-5252.6064,-28084.4668,21.9620,-4703.4077,-28638.0156,27.5169,779.7810,0.0006,0.0016,-3.1379,0.7850,3.1416,-4702.3652,-28635.6523,24.1882,1
-4703.1636,-28634.3926,24.9425,-5252.6064,-28084.4668,21.9620,-4698.7456,-28638.8379,25.0635,783.6414,0.0000,0.0011,-3.1378,0.7850,3.1416,-4702.2861,-28635.7168,24.1481,1
-4703.1636,-28634.3926,24.9425,-5252.6064,-28084.4668,21.9620,-4702.7930,-28629.0215,28.5202,773.8658,-0.0008,0.0018,-3.1378,0.7850,3.1416,-4702.3281,-28635.4746,24.2242,1
-4703.1636,-28634.3926,24.9425,-5252.6064,-28084.4668,21.9620,-4707.3604,-28636.3613,20.2137,775.8107,0.0009,0.0001,-3.1378,0.7850,3.1416,-4702.5171,-28635.4551,24.0438,1
-4703.1636,-28634.3926,24.9425,-5252.6064,-28084.4668,21.9620,-4698.7803,-28634.6348,28.4218,780.6668,-0.0006,0.0018,-3.1378,0.7850,3.1416,-4702.4399,-28635.3848,24.1204,1
-4703.1636,-28634.3926,24.9425,-5252.6064,-28084.4668,21.9620,-4704.2646,-28633.4316,21.9754,775.9108,0.0000,0.0005,-3.1378,0.7850,3.1416,-4702.5293,-28635.2754,24.0015,1
-4703.1636,-28634.3926,24.9425,-5252.6064,-28084.4668,21.9620,-4704.4385,-28627.8398,22.6576,771.8411,-0.0008,0.0006,-3.1378,0.7850,3.1416,-4702.6274,-28634.9805,23.9016,1
-4703.1636,-28634.3926,24.9425,-5252.6064,-28084.4668,21.9620,-4706.6812,-28635.5352,20.2224,775.7015,0.0007,0.0001,-3.1378,0.7850,3.1416,-4702.8003,-28634.9219,23.7227,1
-4703.1636,-28634.3926,24.9425,-5252.6064,-28084.4668,21.9620,-4702.0474,-28636.3535,27.5606,779.5623,0.0001,0.0016,-3.1378,0.7850,3.1416,-4702.8311,-28634.8945,23.7741,1
-4703.1636,-28634.3926,24.9425,-5252.6064,-28084.4668,21.9620,-4697.3833,-28637.1641,25.1276,783.4227,-0.0004,0.0011,-3.1378,0.7850,3.1416,-4702.7095,-28634.8965,23.7578,1
-4703.1636,-28634.3926,24.9425,-5252.6064,-28084.4668,21.9620,-4703.7720,-28627.0098,22.6496,771.7319,-0.0010,0.0006,-3.1379,0.7850,3.1416,-4702.7788,-28634.5801,23.6668,1
-4703.1636,-28634.3926,24.9425,-5252.6064,-28084.4668,21.9620,-4706.0034,-28634.7090,20.2179,775.5923,0.0005,0.0001,-3.1379,0.7850,3.1416,-4702.9214,-28634.4961,23.4972,1
-4703.1636,-28634.3926,24.9425,-5252.6064,-28084.4668,21.9620,-4701.3687,-28635.5215,27.5572,779.4532,-0.0001,0.0016,-3.1379,0.7850,3.1416,-4702.9199,-28634.4434,23.5584,1
-4703.1636,-28634.3926,24.9425,-5252.6064,-28084.4668,21.9620,-4696.7036,-28636.3262,25.1256,783.3135,-0.0006,0.0011,-3.1379,0.7850,3.1416,-4702.7646,-28634.4199,23.5522,1
-4703.1636,-28634.3926,24.9425,-5252.6064,-28084.4668,21.9621,-4709.9570,-28633.0430,22.6364,771.6229,0.0008,0.0006,-3.1379,0.7850,3.1416,-4703.0220,-28634.2988,23.4714,1
-4703.1636,-28634.3926,24.9425,-5252.6064,-28084.4668,21.9621,-4705.3271,-28633.8828,20.2035,775.4832,0.0002,0.0001,-3.1379,0.7850,3.1416,-4703.1426,-28634.2051,23.3122,1
-4703.1636,-28634.3926,24.9425,-5252.6064,-28084.4668,21.9621,-4700.6909,-28634.6875,27.5395,779.3441,-0.0003,0.0016,-3.1379,0.7850,3.1416,-4703.1177,-28634.1387,23.3839,1
-4703.1636,-28634.3926,24.9425,-5252.6064,-28084.4668,21.9621,-4704.8350,-28639.0684,22.7597,779.5088,0.0009,0.0007,-3.1379,0.7850,3.1416,-4703.2183,-28634.2168,23.3133,1
-4703.1636,-28634.3926,24.9425,-5252.6064,-28084.4668,21.9621,-4709.2827,-28632.2227,22.6201,771.5137,0.0006,0.0006,-3.1379,0.7850,3.1416,-4703.4658,-28634.0879,23.2386,1
-4703.1636,-28634.3926,24.9425,-5252.6064,-28084.4668,21.9621,-4704.6519,-28633.0547,20.1842,775.3741,0.0000,0.0001,-3.1379,0.7850,3.1416,-4703.5737,-28633.9844,23.0857,1
-4703.1636,-28634.3926,24.9425,-5252.6064,-28084.4668,21.9621,-4700.0151,-28633.8555,27.5157,779.2349,-0.0005,0.0016,-3.1379,0.7850,3.1416,-4703.5332,-28633.9062,23.1642,1
-4703.1636,-28634.3926,24.9425,-5252.6064,-28084.4668,21.9621,-4702.3062,-28641.6055,25.0785,783.0954,0.0009,0.0011,-3.1379,0.7850,3.1416,-4703.5557,-28634.0801,23.1755,1
-4703.1636,-28634.3926,24.9425,-5252.6064,-28084.4668,21.9621,-4704.4219,-28629.1074,21.3240,772.7477,-0.0006,0.0004,-3.1379,0.7850,3.1416,-4703.6416,-28633.8691,23.0720,1
-4703.1636,-28634.3926,24.9425,-5252.6064,-28084.4668,21.9621,-4703.9775,-28632.2266,20.1653,775.2650,-0.0002,0.0001,-3.1379,0.7850,3.1416,-4703.7134,-28633.7500,22.9290,1
-4703.1636,-28634.3926,24.9425,-5252.6064,-28084.4668,21.9621,-4699.3398,-28633.0195,27.4931,779.1259,-0.0007,0.0016,-3.1379,0.7850,3.1416,-4703.6343,-28633.6582,23.0172,1
-4703.1636,-28634.3926,24.9425,-5252.6064,-28084.4668,21.9621,-4701.6196,-28640.7734,25.0539,782.9863,0.0007,0.0011,-3.1379,0.7850,3.1416,-4703.6177,-28633.8125,23.0383,1
-4703.1636,-28634.3926,24.9425,-5252.6064,-28084.4668,21.9621,-4707.9375,-28630.5762,22.5891,771.2955,0.0001,0.0006,-3.1379,0.7850,3.1416,-4703.7988,-28633.6582,22.9864,1
-4703.1636,-28634.3926,24.9425,-5252.6064,-28084.4668,21.9621,-4701.9023,-28628.8086,29.7876,774.3600,-0.0010,0.0021,-3.1379,0.7850,3.1416,-4703.7920,-28633.4414,23.1672,1
-4703.1636,-28634.3926,24.9425,-5252.6064,-28084.4668,21.9621,-4698.6660,-28632.1855,27.4750,779.0167,-0.0010,0.0016,-3.1379,0.7850,3.1416,-4703.6763,-28633.3262,23.2881,1
-4703.1636,-28634.3926,24.9425,-5252.6064,-28084.4668,21.9621,-4700.9351,-28639.9414,25.0353,782.8771,0.0005,0.0011,-3.1379,0.7850,3.1416,-4703.6211,-28633.4590,23.3400,1
-4703.1636,-28634.3926,24.9425,-5252.6064,-28084.4668,21.9621,-4707.2671,-28629.7520,22.5756,771.1863,-0.0001,0.0006,-3.1379,0.7850,3.1416,-4703.7632,-28633.2812,23.3167,1
-4703.1636,-28634.3926,24.9425,-5252.6064,-28084.4668,21.9621,-4702.6333,-28630.5664,20.1363,775.0467,-0.0006,0.0001,-3.1379,0.7850,3.1416,-4703.7622,-28633.1250,23.2132,1
-4703.1636,-28634.3926,24.9425,-5252.6064,-28084.4668,21.9621,-4700.2969,-28640.7598,21.8186,783.9041,0.0005,0.0005,-3.1379,0.7850,3.1416,-4703.6831,-28633.2910,23.1579,1
-4703.1636,-28634.3926,24.9425,-5252.6064,-28084.4668,21.9621,-4700.2510,-28639.1074,25.0220,782.7680,0.0003,0.0011,-3.1379,0.7850,3.1416,-4703.5942,-28633.4238,23.2024,1
-4703.1636,-28634.3926,24.9425,-5252.6064,-28084.4668,21.9621,-4706.5977,-28628.9277,22.5632,771.0771,-0.0003,0.0006,-3.1379,0.7850,3.1416,-4703.7017,-28633.2422,23.1724,1
-4703.1636,-28634.3926,24.9425,-5252.6064,-28084.4668,21.9621,-4701.9634,-28629.7344,20.1249,774.9375,-0.0008,0.0001,-3.1379,0.7850,3.1416,-4703.6655,-28633.0801,23.0628,1
-4703.1636,-28634.3926,24.9425,-5252.6064,-28084.4668,21.9621,-4703.9863,-28637.2070,27.4497,778.7983,0.0006,0.0016,-3.1379,0.7854,3.1415,-4703.6895,-28633.1523,23.1829,1
-4703.1636,-28634.3926,24.9425,-5252.6064,-28084.4668,21.9621,-4699.3232,-28638.0273,25.0115,782.6588,0.0000,0.0011,-3.1379,0.7854,3.1415,-4703.5654,-28633.2598,23.2343,1
-4703.1636,-28634.3926,24.9425,-5252.6064,-28084.4668,21.9621,-4705.9497,-28628.1211,22.5511,770.9680,-0.0004,0.0006,-3.1379,0.7854,3.1416,-4703.6440,-28633.0625,23.2107,1
-4703.1636,-28634.3926,24.9425,-5252.6064,-28084.4668,21.9621,-4708.1968,-28635.8047,20.1139,774.8284,0.0010,0.0001,-3.1379,0.7854,3.1416,-4703.7998,-28633.1035,23.1073,1
-4703.1636,-28634.3926,24.9425,-5252.6064,-28084.4668,21.9621,-4703.5630,-28636.6328,27.4380,778.6891,0.0005,0.0016,-3.1379,0.7854,3.1416,-4703.8154,-28633.1758,23.2332,1
-4703.1636,-28634.3926,24.9425,-5252.6064,-28084.4668,21.9621,-4703.9917,-28633.5625,25.0263,776.2009,0.0001,0.0011,-3.1379,0.7854,3.1416,-4703.8433,-28633.1602,23.2913,1
-4703.1636,-28634.3926,24.9425,-5252.6064,-28084.4668,21.9621,-4705.2744,-28627.2871,22.5386,770.8588,-0.0007,0.0006,-3.1379,0.7854,3.1416,-4703.9126,-28632.9434,23.2728,1
-4703.1636,-28634.3926,24.9425,-5252.6064,-28084.4668,21.9621,-4707.5337,-28634.9512,29.8377,774.7192,0.0008,0.0021,-3.1379,0.7854,3.1416,-4704.0566,-28632.9629,23.4882,1
-4703.1636,-28634.3926,24.9425,-5252.6064,-28084.4668,21.9621,-4702.8784,-28635.7969,27.4256,778.5801,0.0002,0.0016,-3.1379,0.7854,3.1416,-4704.0571,-28633.0156,23.6386,1
-4703.1636,-28634.3926,24.9425,-5252.6064,-28084.4668,21.9621,-4698.2168,-28636.6094,24.9891,782.4404,-0.0003,0.0011,-3.1379,0.7854,3.1416,-4703.9053,-28633.0996,23.7180,1
-4703.1636,-28634.3926,24.9425,-5252.6064,-28084.4668,21.9621,-4708.4170,-28635.9785,28.6906,774.8184,0.0011,0.0019,-3.1379,0.7854,3.1416,-4704.0674,-28633.1738,23.9187,1
-4703.1636,-28634.3926,24.9425,-5252.6064,-28084.4668,21.9621,-4703.7646,-28640.6953,27.1903,781.4329,0.0011,0.0016,-3.1379,0.7855,3.1416,-4704.0879,-28633.4062,24.0790,1
-4703.1636,-28634.3926,24.9425,-5252.6064,-28084.4668,21.9621,-4702.1978,-28634.9629,27.4124,778.4709,0.0000,0.0016,-3.1379,0.7855,3.1416,-4704.0566,-28633.4688,24.2517,1
-4703.1636,-28634.3926,24.9425,-5252.6064,-28084.4668,21.9621,-4697.5356,-28635.7695,24.9762,782.3312,-0.0005,0.0011,-3.1379,0.7855,3.1416,-4703.8721,-28633.5605,24.3506,1
-4703.1636,-28634.3926,24.9425,-5252.6064,-28084.4668,21.9621,-4710.7817,-28632.4766,22.5130,770.6404,0.0009,0.0006,-3.1379,0.7855,3.1416,-4704.0991,-28633.5527,24.3687,1
-4703.1636,-28634.3926,24.9425,-5252.6064,-28084.4668,21.9621,-4706.1758,-28633.2969,29.8098,774.5009,0.0004,0.0021,-3.1379,0.7855,3.1416,-4704.1914,-28633.5664,24.6161,1
-4703.1636,-28634.3926,24.9425,-5252.6064,-28084.4668,21.9621,-4701.5195,-28634.1289,27.3982,778.3617,-0.0002,0.0016,-3.1379,0.7855,3.1416,-4704.1367,-28633.6055,24.7939,1
-4703.1636,-28634.3926,24.9425,-5252.6064,-28084.4668,21.9621,-4696.8564,-28634.9316,24.9619,782.2226,-0.0008,0.0011,-3.1379,0.7855,3.1416,-4703.9272,-28633.6699,24.8962,1
-4703.1636,-28634.3926,24.9425,-5252.6064,-28084.4668,21.9621,-4710.1069,-28631.6562,22.4999,770.5313,0.0007,0.0006,-3.1379,0.7855,3.1416,-4704.1279,-28633.6309,24.9155,1
-4703.1636,-28634.3926,24.9425,-5252.6064,-28084.4668,21.9621,-4705.7959,-28632.7656,29.7955,774.3922,0.0001,0.0021,-3.1379,0.7849,3.1416,-4704.2017,-28633.6250,25.1622,1
-4703.1636,-28634.3926,24.9425,-5252.6064,-28084.4668,21.9621,-4701.3555,-28633.8105,27.3839,778.2526,-0.0004,0.0016,-3.1379,0.7845,3.1416,-4704.1348,-28633.6484,25.3378,1
-4703.1636,-28634.3926,24.9425,-5252.6064,-28084.4668,21.9621,-4703.6577,-28641.5605,24.9479,782.1134,0.0010,0.0011,-3.1379,0.7845,3.1416,-4704.1357,-28633.9199,25.4361,1
-4703.1636,-28634.3926,24.9425,-5252.6064,-28084.4668,21.9621,-4709.5029,-28630.9023,22.4867,770.4222,0.0003,0.0006,-3.1379,0.7845,3.1416,-4704.3242,-28633.8633,25.4496,1
-4703.1636,-28634.3926,24.9425,-5252.6064,-28084.4668,21.9621,-4704.9009,-28631.7168,29.7809,774.2830,-0.0002,0.0021,-3.1379,0.7845,3.1415,-4704.3740,-28633.8281,25.6890,1
-4703.1636,-28634.3926,24.9425,-5252.6064,-28084.4668,21.9621,-4700.2476,-28632.5410,27.3695,778.1434,-0.0008,0.0016,-3.1379,0.7845,3.1415,-4704.2744,-28633.8125,25.8558,1
-4703.1636,-28634.3926,24.9425,-5252.6064,-28084.4668,21.9621,-4702.5273,-28640.2910,24.9337,782.0043,0.0007,0.0011,-3.1379,0.7845,3.1415,-4704.2388,-28634.0410,25.9440,1
-4703.1636,-28634.3926,24.9425,-5252.6064,-28084.4668,21.9621,-4700.2573,-28633.7344,22.7319,778.9616,-0.0006,0.0006,-3.1379,0.7845,3.1415,-4704.1255,-28634.0742,25.9554,1
-4703.1636,-28634.3926,24.9425,-5252.6064,-28084.4668,21.9621,-4704.1626,-28630.8223,29.7668,774.1738,-0.0005,0.0021,-3.1379,0.7845,3.1415,-4704.1289,-28634.0098,26.1825,1
-4703.1636,-28634.3926,24.9425,-5252.6064,-28084.4668,21.9621,-4699.5063,-28631.6387,27.3556,778.0342,-0.0010,0.0016,-3.1379,0.7845,3.1415,-4703.9824,-28633.9648,26.3359,1
-4703.1636,-28634.3926,24.9425,-5252.6064,-28084.4668,21.9621,-4701.7720,-28639.3887,24.9200,781.8951,0.0004,0.0011,-3.1379,0.7845,3.1415,-4703.8999,-28634.1621,26.4096,1
-4703.1636,-28634.3926,24.9425,-5252.6064,-28084.4668,21.9621,-4708.1055,-28629.2012,22.4606,770.2039,-0.0001,0.0006,-3.1379,0.7845,3.1415,-4704.0171,-28634.0410,26.3955,1
-4703.1636,-28634.3926,24.9425,-5252.6064,-28084.4668,21.9621,-4703.4976,-28629.9980,29.7526,774.0647,-0.0007,0.0021,-3.1379,0.7845,3.1416,-4703.9946,-28633.9336,26.6053,1
-4703.1636,-28634.3926,24.9425,-5252.6064,-28084.4668,21.9621,-4703.7974,-28633.3184,23.7502,776.1620,-0.0001,0.0009,-3.1379,0.7845,3.1416,-4703.9810,-28633.9258,26.6249,1
-4703.1636,-28634.3926,24.9425,-5252.6064,-28084.4668,21.9621,-4701.0933,-28638.5605,24.9066,781.7859,0.0002,0.0011,-3.1379,0.7845,3.1416,-4703.8809,-28634.0840,26.6723,1
-4703.1636,-28634.3926,24.9425,-5252.6064,-28084.4668,21.9621,-4700.8574,-28638.6348,20.2014,782.0052,0.0002,0.0001,-3.1379,0.7845,3.1416,-4703.7676,-28634.2539,26.5621,1
-4703.1636,-28634.3926,24.9425,-5252.6064,-28084.4668,21.9621,-4707.2451,-28636.6523,22.8568,776.0955,0.0008,0.0007,-3.1379,0.7844,3.1416,-4703.8535,-28634.3691,26.5191,1
-4703.1636,-28634.3926,24.9425,-5252.6064,-28084.4668,21.9621,-4704.8403,-28636.6699,27.3283,777.8159,0.0006,0.0016,-3.1379,0.7849,3.1415,-4703.8701,-28634.4883,26.6097,1
-4703.1636,-28634.3926,24.9425,-5252.6064,-28084.4668,21.9621,-4700.1802,-28637.4961,24.8931,781.6768,0.0000,0.0011,-3.1379,0.7849,3.1415,-4703.7402,-28634.6367,26.6216,1
-4703.1636,-28634.3926,24.9425,-5252.6064,-28084.4668,21.9621,-4706.8071,-28627.5898,22.4346,769.9855,-0.0005,0.0006,-3.1379,0.7849,3.1416,-4703.8164,-28634.4688,26.5470,1
-4703.1636,-28634.3926,24.9425,-5252.6064,-28084.4668,21.9621,-4709.0718,-28635.2461,29.7249,773.8464,0.0010,0.0021,-3.1379,0.7849,3.1416,-4703.9722,-28634.5332,26.6976,1
-4703.1636,-28634.3926,24.9425,-5252.6064,-28084.4668,21.9621,-4704.4199,-28636.0996,27.3144,777.7068,0.0004,0.0016,-3.1379,0.7849,3.1416,-4703.9893,-28634.6250,26.7752,1
-4703.1636,-28634.3926,24.9425,-5252.6064,-28084.4668,21.9621,-4699.7612,-28636.9219,24.8797,781.5676,-0.0001,0.0011,-3.1379,0.7849,3.1416,-4703.8584,-28634.7441,26.7740,1
-4703.1636,-28634.3926,24.9425,-5252.6064,-28084.4668,21.9621,-4706.1343,-28626.7598,22.4215,769.8763,-0.0007,0.0006,-3.1379,0.7849,3.1416,-4703.9233,-28634.5391,26.6861,1
-4703.1636,-28634.3926,24.9425,-5252.6064,-28084.4668,21.9621,-4708.3892,-28634.4180,29.7107,773.7372,0.0008,0.0021,-3.1379,0.7849,3.1416,-4704.0659,-28634.5625,26.8234,1
-4703.1636,-28634.3926,24.9425,-5252.6064,-28084.4668,21.9621,-4703.7378,-28635.2676,27.3006,777.5977,0.0002,0.0016,-3.1379,0.7849,3.1416,-4704.0674,-28634.6113,26.8876,1
-4703.1636,-28634.3926,24.9425,-5252.6064,-28084.4668,21.9621,-4699.0786,-28636.0840,24.8663,781.4584,-0.0004,0.0011,-3.1379,0.7849,3.1416,-4703.9189,-28634.6895,26.8732,1
-4703.1636,-28634.3926,24.9425,-5252.6064,-28084.4668,21.9621,-4694.4131,-28636.8691,22.4077,785.3189,-0.0009,0.0006,-3.1379,0.7849,3.1416,-4703.6123,-28634.7930,26.7748,1
-4703.1636,-28634.3926,24.9425,-5252.6064,-28084.4668,21.9621,-4707.7109,-28633.5938,29.6966,773.6281,0.0005,0.0021,-3.1379,0.7849,3.1416,-4703.7109,-28634.7949,26.8992,1
-4703.1636,-28634.3926,24.9425,-5252.6064,-28084.4668,21.9621,-4703.0591,-28634.4355,27.2868,777.4885,-0.0000,0.0016,-3.1379,0.7849,3.1416,-4703.6694,-28634.8184,26.9506,1
-4703.1636,-28634.3926,24.9425,-5252.6064,-28084.4668,21.9621,-4698.3989,-28635.2461,24.8528,781.3494,-0.0006,0.0011,-3.1379,0.7849,3.1416,-4703.4780,-28634.8691,26.9235,1
-4703.1636,-28634.3926,24.9425,-5252.6064,-28084.4668,21.9621,-4700.7085,-28643.0059,22.3946,785.2097,0.0009,0.0006,-3.1379,0.7849,3.1416,-4703.3511,-28635.1641,26.8127,1
-4703.1636,-28634.3926,24.9425,-5252.6064,-28084.4668,21.9621,-4707.0352,-28632.7676,29.6827,773.5189,0.0003,0.0021,-3.1379,0.7849,3.1416,-4703.4229,-28635.1484,26.9248,1
-4703.1636,-28634.3926,24.9425,-5252.6064,-28084.4668,21.9621,-4702.3823,-28633.6035,27.2729,777.3793,-0.0002,0.0016,-3.1379,0.7849,3.1416,-4703.3535,-28635.1523,26.9643,1
-4703.1636,-28634.3926,24.9425,-5252.6064,-28084.4668,21.9621,-4697.7217,-28634.4082,24.8392,781.2402,-0.0008,0.0011,-3.1379,0.7849,3.1416,-4703.1348,-28635.1777,26.9255,1
-4703.1636,-28634.3926,24.9425,-5252.6064,-28084.4668,21.9621,-4700.0195,-28642.1699,22.3812,785.1005,0.0007,0.0006,-3.1379,0.7849,3.1416,-4702.9795,-28635.4473,26.8034,1
-4703.1636,-28634.3926,24.9425,-5252.6064,-28084.4668,21.9621,-4705.8677,-28638.4336,23.2797,778.3314,0.0010,0.0008,-3.1379,0.7849,3.1416,-4703.0068,-28635.6113,26.6987,1
-4703.1636,-28634.3926,24.9425,-5252.6064,-28084.4668,21.9621,-4707.1660,-28633.6504,23.6292,774.0196,0.0005,0.0008,-3.1379,0.7849,3.1416,-4703.0845,-28635.6250,26.5971,1
-4703.1636,-28634.3926,24.9425,-5252.6064,-28084.4668,21.9621,-4697.4961,-28639.8809,24.0056,785.2591,-0.0000,0.0009,-3.1379,0.7849,3.1416,-4702.8638,-28635.8301,26.5025,1
-4703.1636,-28634.3926,24.9425,-5252.6064,-28084.4668,21.9621,-4702.5908,-28636.0664,23.9623,778.9597,0.0001,0.0009,-3.1379,0.7849,3.1416,-4702.7949,-28635.9219,26.4010,1
-4703.1636,-28634.3926,24.9425,-5252.6064,-28084.4668,21.9621,-4705.6880,-28631.1152,29.6542,773.3006,-0.0001,0.0021,-3.1379,0.7849,3.1416,-4702.8271,-28635.8496,26.4783,1
-4703.1636,-28634.3926,24.9425,-5252.6064,-28084.4668,21.9621,-4701.0337,-28631.9395,27.2453,777.1610,-0.0007,0.0016,-3.1379,0.7849,3.1416,-4702.7183,-28635.7930,26.4854,1
-4703.1636,-28634.3926,24.9425,-5252.6064,-28084.4668,21.9621,-4703.3052,-28639.6797,24.8122,781.0219,0.0008,0.0011,-3.1379,0.7849,3.1416,-4702.6797,-28635.9727,26.4167,1
-4703.1636,-28634.3926,24.9425,-5252.6064,-28084.4668,21.9621,-4698.6470,-28640.4980,22.3546,784.8822,0.0002,0.0006,-3.1379,0.7849,3.1416,-4702.4966,-28636.1855,26.2671,1
-4703.1636,-28634.3926,24.9425,-5252.6064,-28084.4668,21.9621,-4705.0166,-28630.2891,29.6404,773.1915,-0.0003,0.0021,-3.1379,0.7849,3.1416,-4702.5107,-28636.0762,26.3434,1
-4703.1636,-28634.3926,24.9425,-5252.6064,-28084.4668,21.9621,-4700.3613,-28631.1074,27.2318,777.0519,-0.0009,0.0016,-3.1379,0.7849,3.1416,-4702.3823,-28635.9805,26.3499,1
-4703.1636,-28634.3926,24.9425,-5252.6064,-28084.4668,21.9621,-4702.6216,-28638.8477,24.7990,780.9127,0.0006,0.0011,-3.1379,0.7849,3.1416,-4702.3242,-28636.1191,26.2811,1
-4703.1636,-28634.3926,24.9425,-5252.6064,-28084.4668,21.9621,-4697.9624,-28639.6621,22.3418,784.7731,-0.0000,0.0006,-3.1379,0.7849,3.1416,-4702.1206,-28636.2891,26.1316,1
-4703.1636,-28634.3926,24.9425,-5252.6064,-28084.4668,21.9621,-4704.3462,-28629.4609,29.6263,773.0823,-0.0006,0.0021,-3.1379,0.7849,3.1416,-4702.1147,-28636.1348,26.2086,1
-4703.1636,-28634.3926,24.9425,-5252.6064,-28084.4668,21.9621,-4706.5923,-28637.1777,27.2182,776.9427,0.0009,0.0016,-3.1379,0.7849,3.1416,-4702.1880,-28636.2129,26.2161,1
-4703.1636,-28634.3926,24.9425,-5252.6064,-28084.4668,21.9621,-4701.9390,-28638.0156,24.7854,780.8036,0.0003,0.0011,-3.1379,0.7849,3.1416,-4702.1235,-28636.3203,26.1485,1
-4703.1636,-28634.3926,24.9425,-5252.6064,-28084.4668,21.9621,-4697.2793,-28638.8242,22.3283,784.6639,-0.0002,0.0006,-3.1379,0.7849,3.1416,-4701.9116,-28636.4531,26.0007,1
-4703.1636,-28634.3926,24.9425,-5252.6064,-28084.4668,21.9621,-4703.6772,-28628.6328,29.6124,772.9731,-0.0008,0.0021,-3.1379,0.7849,3.1416,-4701.8970,-28636.2617,26.0797,1
-4703.1636,-28634.3926,24.9425,-5252.6064,-28084.4668,21.9621,-4705.9121,-28636.3516,27.2045,776.8335,0.0007,0.0016,-3.1379,0.7849,3.1416,-4701.9600,-28636.3008,26.0895,1
-4703.1636,-28634.3926,24.9425,-5252.6064,-28084.4668,21.9621,-4701.2583,-28637.1836,24.7720,780.6944,0.0001,0.0011,-3.1379,0.7849,3.1416,-4701.8843,-28636.3672,26.0245,1
-4703.1636,-28634.3926,24.9425,-5252.6064,-28084.4668,21.9621,-4696.5977,-28637.9863,22.3152,784.5547,-0.0004,0.0006,-3.1379,0.7849,3.1416,-4701.6602,-28636.4570,25.8795,1
-4703.1636,-28634.3926,24.9425,-5252.6064,-28084.4668,21.9621,-4703.0098,-28627.8027,29.5983,772.8640,-0.0010,0.0021,-3.1379,0.7849,3.1416,-4701.6323,-28636.2227,25.9616,1
-4703.1636,-28634.3926,24.9425,-5252.6064,-28084.4668,21.9621,-4702.1353,-28638.6211,20.9728,781.0926,0.0005,0.0003,-3.1379,0.7849,3.1416,-4701.5811,-28636.3164,25.7755,1
-4703.1636,-28634.3926,24.9425,-5252.6064,-28084.4668,21.9621,-4700.5786,-28636.3516,24.7585,780.5852,-0.0001,0.0011,-3.1379,0.7849,3.1416,-4701.4839,-28636.3418,25.7012,1
-4703.1636,-28634.3926,24.9425,-5252.6064,-28084.4668,21.9621,-4695.9170,-28637.1465,22.3020,784.4457,-0.0007,0.0006,-3.1379,0.7849,3.1416,-4701.2383,-28636.3906,25.5481,1
-4703.1636,-28634.3926,24.9425,-5252.6064,-28084.4668,21.9621,-4709.2036,-28633.8438,29.5845,772.7548,0.0008,0.0021,-3.1379,0.7849,3.1416,-4701.4106,-28636.3359,25.6235,1
-4703.1636,-28634.3926,24.9425,-5252.6064,-28084.4668,21.9621,-4704.5557,-28634.6953,27.1769,776.6152,0.0002,0.0016,-3.1379,0.7849,3.1416,-4701.4517,-28636.3027,25.6312,1
-4703.1636,-28634.3926,24.9425,-5252.6064,-28084.4668,21.9621,-4699.8999,-28635.5176,24.7450,780.4761,-0.0003,0.0011,-3.1379,0.7849,3.1416,-4701.3521,-28636.2910,25.5655,1
-4703.1636,-28634.3926,24.9425,-5252.6064,-28084.4668,21.9621,-4699.6606,-28636.0664,21.5794,781.0304,-0.0003,0.0004,-3.1379,0.7849,3.1416,-4701.2432,-28636.2949,25.3979,1
-4703.1636,-28634.3926,24.9425,-5252.6064,-28084.4668,21.9621,-4708.5283,-28633.0215,29.5704,772.6457,0.0006,0.0021,-3.1379,0.7849,3.1416,-4701.4194,-28636.1992,25.4808,1
-4703.1636,-28634.3926,24.9425,-5252.6064,-28084.4668,21.9621,-4703.8789,-28633.8672,27.1631,776.5060,0.0000,0.0016,-3.1379,0.7849,3.1416,-4701.4619,-28636.1250,25.4960,1
-4703.1636,-28634.3926,24.9425,-5252.6064,-28084.4668,21.9621,-4699.2227,-28634.6816,24.7315,780.3669,-0.0005,0.0011,-3.1379,0.7849,3.1416,-4701.3613,-28636.0703,25.4379,1
-4703.1636,-28634.3926,24.9425,-5252.6064,-28084.4668,21.9621,-4701.5278,-28642.4336,22.2758,784.2273,0.0009,0.0006,-3.1379,0.7849,3.1416,-4701.3306,-28636.2617,25.3012,1
-4703.1636,-28634.3926,24.9425,-5252.6064,-28084.4668,21.9621,-4707.8540,-28632.1992,29.5563,772.5365,0.0004,0.0021,-3.1379,0.7849,3.1416,-4701.5068,-28636.1387,25.3935,1
-4703.1636,-28634.3926,24.9425,-5252.6064,-28084.4668,21.9621,-4703.2036,-28633.0371,27.1493,776.3969,-0.0002,0.0016,-3.1379,0.7849,3.1416,-4701.5469,-28636.0352,25.4180,1
-4703.1636,-28634.3926,24.9425,-5252.6064,-28084.4668,21.9621,-4698.5469,-28633.8457,24.7180,780.2577,-0.0008,0.0011,-3.1379,0.7849,3.1416,-4701.4414,-28635.9512,25.3691,1
-4703.1636,-28634.3926,24.9425,-5252.6064,-28084.4668,21.9621,-4700.8403,-28641.6016,22.2625,784.1182,0.0007,0.0006,-3.1379,0.7849,3.1416,-4701.4038,-28636.1094,25.2415,1
-4703.1636,-28634.3926,24.9425,-5252.6064,-28084.4668,21.9621,-4707.1807,-28631.3750,29.5423,772.4273,0.0001,0.0020,-3.1379,0.7849,3.1416,-4701.5703,-28635.9531,25.3427,1
-4703.1636,-28634.3926,24.9425,-5252.6064,-28084.4668,21.9621,-4702.5298,-28632.2070,27.1355,776.2877,-0.0004,0.0015,-3.1379,0.7849,3.1416,-4701.5991,-28635.8145,25.3760,1
-4703.1636,-28634.3926,24.9425,-5252.6064,-28084.4668,21.9621,-4697.8721,-28633.0098,24.7045,780.1486,-0.0010,0.0010,-3.1379,0.7849,3.1416,-4701.4805,-28635.6934,25.3357,1
-4703.1636,-28634.3926,24.9425,-5252.6064,-28084.4668,21.9621,-4700.1543,-28640.7676,22.2495,784.0090,0.0005,0.0005,-3.1379,0.7849,3.1416,-4701.4272,-28635.8164,25.2166,1
-4703.1636,-28634.3926,24.9425,-5252.6064,-28084.4668,21.9621,-4706.5088,-28630.5488,29.5286,772.3182,-0.0001,0.0020,-3.1379,0.7849,3.1416,-4701.5771,-28635.6250,25.3259,1
-4703.1636,-28634.3926,24.9425,-5252.6064,-28084.4668,21.9621,-4701.8574,-28631.3770,27.1223,776.1785,-0.0006,0.0015,-3.1379,0.7849,3.1416,-4701.5874,-28635.4473,25.3671,1
-4703.1636,-28634.3926,24.9425,-5252.6064,-28084.4668,21.9621,-4698.4106,-28638.7773,28.5006,783.8533,-0.0001,0.0018,-3.1379,0.7849,3.1416,-4701.4883,-28635.5020,25.4561,1
-4703.1636,-28634.3926,24.9425,-5252.6064,-28084.4668,21.9621,-4699.7300,-28633.9902,28.8234,779.5416,-0.0006,0.0019,-3.1379,0.7849,3.1416,-4701.4238,-28635.4121,25.5628,1
-4703.1636,-28634.3926,24.9425,-5252.6064,-28084.4668,21.9621,-4705.8384,-28629.7227,29.5144,772.2090,-0.0003,0.0020,-3.1379,0.7849,3.1416,-4701.5537,-28635.1816,25.6999,1
-4703.1636,-28634.3926,24.9425,-5252.6064,-28084.4668,21.9621,-4701.1860,-28630.5449,27.1083,776.0694,-0.0009,0.0015,-3.1379,0.7849,3.1416,-4701.5425,-28634.9668,25.7668,1
-4703.1636,-28634.3926,24.9425,-5252.6064,-28084.4668,21.9621,-4703.4424,-28638.2793,24.6782,779.9302,0.0006,0.0010,-3.1379,0.7849,3.1416,-4701.6030,-28634.9961,25.7578,1
-4703.1636,-28634.3926,24.9425,-5252.6064,-28084.4668,21.9621,-4698.7861,-28639.0957,22.2229,783.7907,0.0000,0.0005,-3.1379,0.7849,3.1416,-4701.5186,-28635.0586,25.6674,1
-4703.1636,-28634.3926,24.9425,-5252.6064,-28084.4668,21.9621,-4705.1689,-28628.8965,29.5001,772.0999,-0.0005,0.0020,-3.1379,0.7849,3.1416,-4701.6333,-28634.8047,25.8030,1
-4703.1636,-28634.3926,24.9425,-5252.6064,-28084.4668,21.9621,-4699.4746,-28641.1680,21.1587,784.7736,0.0004,0.0003,-3.1379,0.7849,3.1416,-4701.5728,-28634.9316,25.6784,1
-4703.1636,-28634.3926,24.9425,-5252.6064,-28084.4668,21.9621,-4702.7607,-28637.4492,24.6642,779.8211,0.0004,0.0010,-3.1379,0.7849,3.1416,-4701.6123,-28634.9590,25.6549,1
-4703.1636,-28634.3926,24.9425,-5252.6064,-28084.4668,21.9621,-4696.7471,-28636.0352,29.0246,783.1011,-0.0007,0.0019,-3.1379,0.7849,3.1416,-4701.4624,-28634.9473,25.7683,1
-4703.1636,-28634.3926,24.9425,-5252.6064,-28084.4668,21.9621,-4704.5010,-28628.0684,29.4860,771.9907,-0.0007,0.0020,-3.1379,0.7849,3.1416,-4701.5508,-28634.6816,25.9049,1
-4703.1636,-28634.3926,24.9425,-5252.6064,-28084.4668,21.9621,-4706.4893,-28635.5410,27.0806,775.8511,0.0007,0.0015,-3.1379,0.7853,3.1415,-4701.7095,-28634.6445,25.9706,1
-4703.1636,-28634.3926,24.9425,-5252.6064,-28084.4668,21.9621,-4701.8340,-28636.3711,24.6507,779.7119,0.0002,0.0010,-3.1379,0.7853,3.1415,-4701.7285,-28634.6387,25.9597,1
-4703.1636,-28634.3926,24.9425,-5252.6064,-28084.4668,21.9621,-4697.3628,-28637.3613,22.1964,783.5724,-0.0003,0.0005,-3.1379,0.7854,3.1416,-4701.6045,-28634.6699,25.8668,1
-4703.1636,-28634.3926,24.9425,-5252.6064,-28084.4668,21.9621,-4703.7720,-28627.1777,29.4719,771.8816,-0.0009,0.0020,-3.1379,0.7854,3.1416,-4701.6768,-28634.3809,25.9990,1
-4703.1636,-28634.3926,24.9425,-5252.6064,-28084.4668,21.9621,-4705.9883,-28634.8906,27.0668,775.7419,0.0005,0.0015,-3.1379,0.7854,3.1416,-4701.8242,-28634.3262,26.0602,1
-4703.1636,-28634.3926,24.9425,-5252.6064,-28084.4668,21.9621,-4701.3345,-28635.7188,24.6374,779.6028,-0.0000,0.0010,-3.1379,0.7854,3.1416,-4701.8306,-28634.3027,26.0445,1
-4703.1636,-28634.3926,24.9425,-5252.6064,-28084.4668,21.9621,-4696.6743,-28636.5156,22.1833,783.4632,-0.0006,0.0005,-3.1379,0.7854,3.1416,-4701.6865,-28634.3086,25.9468,1
-4703.1636,-28634.3926,24.9425,-5252.6064,-28084.4668,21.9621,-4709.9526,-28633.2051,29.4584,771.7724,0.0009,0.0020,-3.1379,0.7854,3.1416,-4701.9590,-28634.2168,26.0740,1
-4703.1636,-28634.3926,24.9425,-5252.6064,-28084.4668,21.9621,-4705.3062,-28634.0586,27.0533,775.6328,0.0003,0.0015,-3.1379,0.7854,3.1416,-4702.0972,-28634.1504,26.1300,1
-4703.1636,-28634.3926,24.9425,-5252.6064,-28084.4668,21.9621,-4700.6523,-28634.8809,24.6240,779.4937,-0.0002,0.0010,-3.1379,0.7854,3.1416,-4702.0918,-28634.1133,26.1091,1
-4703.1636,-28634.3926,24.9425,-5252.6064,-28084.4668,21.9621,-4695.9922,-28635.6719,22.1702,783.3540,-0.0008,0.0005,-3.1379,0.7854,3.1416,-4701.9331,-28634.1055,26.0061,1
-4703.1636,-28634.3926,24.9425,-5252.6064,-28084.4668,21.9621,-4709.2744,-28632.3809,29.4444,771.6632,0.0007,0.0020,-3.1379,0.7854,3.1416,-4702.1880,-28633.9961,26.1278,1
-4703.1636,-28634.3926,24.9425,-5252.6064,-28084.4668,21.9621,-4704.6279,-28633.2266,27.0394,775.5236,0.0001,0.0015,-3.1379,0.7854,3.1416,-4702.3071,-28633.9121,26.1784,1
-4703.1636,-28634.3926,24.9425,-5252.6064,-28084.4668,21.9621,-4699.9736,-28634.0449,24.6104,779.3845,-0.0004,0.0010,-3.1379,0.7854,3.1416,-4702.2798,-28633.8555,26.1520,1
-4703.1636,-28634.3926,24.9425,-5252.6064,-28084.4668,21.9621,-4702.2729,-28641.7891,22.1573,783.2449,0.0010,0.0005,-3.1379,0.7854,3.1416,-4702.3198,-28634.0488,26.0435,1
-4703.1636,-28634.3926,24.9425,-5252.6064,-28084.4668,21.9621,-4708.5991,-28631.5547,29.4304,771.5541,0.0004,0.0020,-3.1379,0.7854,3.1416,-4702.5635,-28633.9336,26.1598,1
-4703.1636,-28634.3926,24.9425,-5252.6064,-28084.4668,21.9621,-4703.9517,-28632.3965,27.0259,775.4144,-0.0001,0.0015,-3.1379,0.7854,3.1416,-4702.6675,-28633.8398,26.2049,1
-4703.1636,-28634.3926,24.9425,-5252.6064,-28084.4668,21.9621,-4699.2969,-28633.2090,24.5970,779.2753,-0.0007,0.0010,-3.1379,0.7854,3.1416,-4702.6235,-28633.7734,26.1732,1
-4703.1636,-28634.3926,24.9425,-5252.6064,-28084.4668,21.9621,-4701.5854,-28640.9551,22.1441,783.1357,0.0008,0.0005,-3.1379,0.7854,3.1416,-4702.6436,-28633.9531,26.0593,1
-4703.1636,-28634.3926,24.9425,-5252.6064,-28084.4668,21.9621,-4707.9258,-28630.7305,29.4163,771.4449,0.0002,0.0020,-3.1379,0.7854,3.1416,-4702.8643,-28633.8203,26.1704,1
-4703.1636,-28634.3926,24.9425,-5252.6064,-28084.4668,21.9621,-4703.2778,-28631.5664,27.0121,775.3053,-0.0003,0.0015,-3.1379,0.7854,3.1416,-4702.9438,-28633.7109,26.2103,1
-4703.1636,-28634.3926,24.9425,-5252.6064,-28084.4668,21.9621,-4698.6221,-28632.3711,24.5836,779.1661,-0.0009,0.0010,-3.1379,0.7854,3.1416,-4702.8721,-28633.6230,26.1735,1
-4703.1636,-28634.3926,24.9425,-5252.6064,-28084.4668,21.9621,-4700.6968,-28642.9258,26.6430,785.1717,0.0009,0.0014,-3.1379,0.7854,3.1416,-4702.8564,-28633.8711,26.1988,1
-4703.1636,-28634.3926,24.9425,-5252.6064,-28084.4668,21.9621,-4707.2539,-28629.9062,29.4023,771.3358,0.0000,0.0020,-3.1379,0.7854,3.1416,-4703.0459,-28633.7246,26.3143,1
-4703.1636,-28634.3926,24.9425,-5252.6064,-28084.4668,21.9621,-4702.6055,-28630.7363,26.9984,775.1962,-0.0005,0.0015,-3.1379,0.7854,3.1416,-4703.0918,-28633.5957,26.3580,1
-4703.1636,-28634.3926,24.9425,-5252.6064,-28084.4668,21.9621,-4704.8672,-28638.4609,24.5704,779.0569,0.0009,0.0010,-3.1379,0.7854,3.1416,-4703.2075,-28633.7109,26.3245,1
-4703.1636,-28634.3926,24.9425,-5252.6064,-28084.4668,21.9621,-4700.2148,-28639.2871,22.1177,782.9174,0.0003,0.0005,-3.1379,0.7854,3.1416,-4703.1763,-28633.8633,26.2083,1
-4703.1636,-28634.3926,24.9425,-5252.6064,-28084.4668,21.9621,-4706.5840,-28629.0820,29.3883,771.2266,-0.0002,0.0020,-3.1379,0.7854,3.1416,-4703.3413,-28633.7012,26.3164,1
-4703.1636,-28634.3926,24.9425,-5252.6064,-28084.4668,21.9621,-4701.9341,-28629.9043,26.9847,775.0870,-0.0008,0.0015,-3.1379,0.7854,3.1416,-4703.3613,-28633.5547,26.3530,1
-4703.1636,-28634.3926,24.9425,-5252.6064,-28084.4668,21.9621,-4704.1851,-28637.6328,24.5569,778.9479,0.0007,0.0010,-3.1379,0.7854,3.1416,-4703.4482,-28633.6504,26.3125,1
-4703.1636,-28634.3926,24.9425,-5252.6064,-28084.4668,21.9621,-4699.5317,-28638.4512,22.1045,782.8082,0.0001,0.0005,-3.1379,0.7854,3.1416,-4703.3862,-28633.7812,26.1896,1
-4703.1636,-28634.3926,24.9425,-5252.6064,-28084.4668,21.9621,-4705.9150,-28628.2559,29.3743,771.1174,-0.0004,0.0020,-3.1379,0.7854,3.1416,-4703.5186,-28633.5957,26.2912,1
-4703.1636,-28634.3926,24.9425,-5252.6064,-28084.4668,21.9621,-4708.1514,-28635.9570,26.9712,774.9778,0.0010,0.0015,-3.1379,0.7854,3.1416,-4703.7266,-28633.6465,26.3216,1
-4703.1636,-28634.3926,24.9425,-5252.6064,-28084.4668,21.9621,-4703.5039,-28636.8027,24.5436,778.8387,0.0005,0.0010,-3.1379,0.7854,3.1416,-4703.7920,-28633.7305,26.2750,1
-4703.1636,-28634.3926,24.9425,-5252.6064,-28084.4668,21.9621,-4698.8496,-28637.6152,22.0915,782.6990,-0.0001,0.0005,-3.1379,0.7854,3.1416,-4703.7061,-28633.8477,26.1463,1
-4703.1636,-28634.3926,24.9425,-5252.6064,-28084.4668,21.9621,-4705.2476,-28627.4277,29.3605,771.0083,-0.0006,0.0020,-3.1379,0.7854,3.1416,-4703.8120,-28633.6445,26.2425,1
-4703.1636,-28634.3926,24.9425,-5252.6064,-28084.4668,21.9621,-4707.4727,-28635.1328,26.9576,774.8687,0.0008,0.0015,-3.1379,0.7854,3.1416,-4703.9912,-28633.6758,26.2677,1
-4703.1636,-28634.3926,24.9425,-5252.6064,-28084.4668,21.9621,-4701.6021,-28635.2051,25.9941,779.0560,-0.0000,0.0013,-3.1379,0.7854,3.1416,-4703.9863,-28633.7148,26.2633,1
-4703.1636,-28634.3926,24.9425,-5252.6064,-28084.4668,21.9621,-4698.1694,-28636.7793,22.0783,782.5900,-0.0003,0.0005,-3.1379,0.7854,3.1416,-4703.8652,-28633.8066,26.1330,1
-4703.1636,-28634.3926,24.9425,-5252.6064,-28084.4668,21.9621,-4704.5811,-28626.6016,29.3463,770.8991,-0.0009,0.0020,-3.1379,0.7854,3.1416,-4703.9346,-28633.5762,26.2278,1
-4703.1636,-28634.3926,24.9425,-5252.6064,-28084.4668,21.9621,-4706.7954,-28634.3086,26.9438,774.7595,0.0006,0.0015,-3.1379,0.7854,3.1416,-4704.0752,-28633.5801,26.2515,1
-4703.1636,-28634.3926,24.9425,-5252.6064,-28084.4668,21.9621,-4702.1460,-28635.1406,24.5164,778.6204,0.0000,0.0010,-3.1379,0.7854,3.1416,-4704.0708,-28633.6133,26.1987,1
-4703.1636,-28634.3926,24.9425,-5252.6064,-28084.4668,21.9621,-4704.1318,-28629.2188,27.7357,773.0486,-0.0005,0.0017,-3.1379,0.7854,3.1416,-4704.1235,-28633.4590,26.2458,1
-4703.1636,-28634.3926,24.9425,-5252.6064,-28084.4668,21.9621,-4710.7612,-28632.6250,29.3325,770.7900,0.0009,0.0020,-3.1379,0.7854,3.1416,-4704.3896,-28633.4062,26.3482,1
-4703.1636,-28634.3926,24.9425,-5252.6064,-28084.4668,21.9621,-4706.1191,-28633.4824,26.9299,774.6504,0.0004,0.0015,-3.1379,0.7854,3.1416,-4704.5171,-28633.3809,26.3790,1
-4703.1636,-28634.3926,24.9425,-5252.6064,-28084.4668,21.9621,-4701.4692,-28634.3086,24.5030,778.5112,-0.0002,0.0010,-3.1379,0.7854,3.1416,-4704.4961,-28633.3828,26.3325,1
-4703.1636,-28634.3926,24.9425,-5252.6064,-28084.4668,21.9621,-4708.7085,-28631.8984,24.2126,771.6907,0.0005,0.0010,-3.1379,0.7854,3.1416,-4704.6997,-28633.3105,26.2717,1
-4703.1636,-28634.3926,24.9425,-5252.6064,-28084.4668,21.9621,-4698.3804,-28637.3086,23.4872,782.8149,-0.0002,0.0008,-3.1379,0.7854,3.1416,-4704.5781,-28633.4082,26.1840,1
-4703.1636,-28634.3926,24.9425,-5252.6064,-28084.4668,21.9621,-4705.4438,-28632.6543,26.9162,774.5412,0.0001,0.0015,-3.1379,0.7854,3.1416,-4704.6665,-28633.3672,26.2002,1
-4703.1636,-28634.3926,24.9425,-5252.6064,-28084.4668,21.9621,-4700.7935,-28633.4766,24.4896,778.4021,-0.0004,0.0010,-3.1379,0.7854,3.1416,-4704.6050,-28633.3516,26.1402,1
-4703.1636,-28634.3926,24.9425,-5252.6064,-28084.4668,21.9621,-4703.0889,-28641.2148,22.0389,782.2625,0.0010,0.0005,-3.1379,0.7854,3.1416,-4704.6069,-28633.5840,25.9987,1
-4703.1636,-28634.3926,24.9425,-5252.6064,-28084.4668,21.9621,-4709.4146,-28630.9824,29.3045,770.5717,0.0005,0.0020,-3.1379,0.7854,3.1416,-4704.8086,-28633.5039,26.0829,1
-4703.1636,-28634.3926,24.9425,-5252.6064,-28084.4668,21.9621,-4704.7705,-28631.8281,26.9024,774.4321,-0.0001,0.0015,-3.1379,0.7854,3.1416,-4704.8682,-28633.4473,26.0968,1
-4703.1636,-28634.3926,24.9425,-5252.6064,-28084.4668,21.9621,-4700.1187,-28632.6426,24.4761,778.2929,-0.0006,0.0010,-3.1379,0.7854,3.1416,-4704.7759,-28633.4141,26.0347,1
-4703.1636,-28634.3926,24.9425,-5252.6064,-28084.4668,21.9621,-4702.4028,-28640.3828,22.0257,782.1533,0.0008,0.0005,-3.1379,0.7854,3.1416,-4704.7456,-28633.6270,25.8916,1
-4703.1636,-28634.3926,24.9425,-5252.6064,-28084.4668,21.9621,-4708.7432,-28630.1602,29.2905,770.4625,0.0003,0.0020,-3.1379,0.7854,3.1416,-4704.9131,-28633.5254,25.9745,1
-4703.1636,-28634.3926,24.9425,-5252.6064,-28084.4668,21.9621,-4704.0981,-28631.0000,26.8890,774.3229,-0.0003,0.0015,-3.1379,0.7854,3.1416,-4704.9370,-28633.4434,25.9874,1
-4703.1636,-28634.3926,24.9425,-5252.6064,-28084.4668,21.9621,-4699.4458,-28631.8066,24.4630,778.1837,-0.0008,0.0010,-3.1379,0.7854,3.1416,-4704.8086,-28633.3828,25.9248,1
-4703.1636,-28634.3926,24.9425,-5252.6064,-28084.4668,21.9621,-4701.7183,-28639.5508,22.0128,782.0442,0.0006,0.0005,-3.1379,0.7854,3.1416,-4704.7402,-28633.5684,25.7814,1
-4703.1636,-28634.3926,24.9425,-5252.6064,-28084.4668,21.9621,-4706.1064,-28637.5059,24.0437,777.5051,0.0009,0.0009,-3.1379,0.7854,3.1416,-4704.8047,-28633.7012,25.6951,1
-4703.1636,-28634.3926,24.9425,-5252.6064,-28084.4668,21.9621,-4707.4102,-28632.7266,24.3886,773.1934,0.0004,0.0010,-3.1379,0.7854,3.1416,-4704.9141,-28633.6875,25.6171,1
-4703.1636,-28634.3926,24.9425,-5252.6064,-28084.4668,21.9621,-4705.6851,-28637.8887,24.4498,778.0746,0.0009,0.0010,-3.1379,0.7854,3.1416,-4704.9717,-28633.8379,25.5399,1
-4703.1636,-28634.3926,24.9425,-5252.6064,-28084.4668,21.9621,-4701.0352,-28638.7168,21.9997,781.9350,0.0004,0.0005,-3.1379,0.7854,3.1416,-4704.8813,-28634.0234,25.3835,1
-4703.1636,-28634.3926,24.9425,-5252.6064,-28084.4668,21.9621,-4707.4038,-28628.5137,29.2628,770.2442,-0.0002,0.0020,-3.1379,0.7854,3.1416,-4704.9863,-28633.8887,25.4554,1
-4703.1636,-28634.3926,24.9425,-5252.6064,-28084.4668,21.9621,-4702.7573,-28629.3398,26.8616,774.1046,-0.0007,0.0015,-3.1379,0.7854,3.1416,-4704.9448,-28633.7676,25.4592,1
-4703.1636,-28634.3926,24.9425,-5252.6064,-28084.4668,21.9621,-4705.0039,-28637.0605,24.4364,777.9655,0.0007,0.0010,-3.1379,0.7854,3.1416,-4704.9707,-28633.8848,25.3892,1
-4703.1636,-28634.3926,24.9425,-5252.6064,-28084.4668,21.9621,-4700.3530,-28637.8848,21.9865,781.8258,0.0002,0.0005,-3.1379,0.7854,3.1416,-4704.8472,-28634.0352,25.2402,1
-4703.1636,-28634.3926,24.9425,-5252.6064,-28084.4668,21.9621,-4706.7358,-28627.6895,29.2488,770.1350,-0.0004,0.0020,-3.1379,0.7854,3.1416,-4704.9180,-28633.8633,25.3197,1
-4703.1636,-28634.3926,24.9425,-5252.6064,-28084.4668,21.9621,-4702.0884,-28628.5098,26.8480,773.9954,-0.0009,0.0015,-3.1379,0.7854,3.1416,-4704.8418,-28633.7051,25.3312,1
-4703.1636,-28634.3926,24.9425,-5252.6064,-28084.4668,21.9621,-4704.5977,-28636.5039,24.4230,777.8563,0.0005,0.0010,-3.1379,0.7849,3.1416,-4704.8408,-28633.7910,25.2691,1
-4703.1636,-28634.3926,24.9425,-5252.6064,-28084.4668,21.9621,-4706.1274,-28632.2539,21.8530,773.7615,0.0000,0.0005,-3.1379,0.7844,3.1416,-4704.8877,-28633.7480,25.1231,1
-4703.1636,-28634.3926,24.9425,-5252.6064,-28084.4668,21.9621,-4706.4106,-28627.2070,29.2348,770.0259,-0.0007,0.0020,-3.1379,0.7844,3.1416,-4704.9473,-28633.5371,25.2104,1
-4703.1636,-28634.3926,24.9425,-5252.6064,-28084.4668,21.9621,-4708.6445,-28634.9121,26.8345,773.8863,0.0008,0.0015,-3.1379,0.7844,3.1416,-4705.0811,-28633.5625,25.2297,1
-4703.1636,-28634.3926,24.9425,-5252.6064,-28084.4668,21.9621,-4704.0054,-28635.7617,24.4095,777.7471,0.0002,0.0010,-3.1379,0.7844,3.1415,-4705.0728,-28633.6191,25.1754,1
-4703.1636,-28634.3926,24.9425,-5252.6064,-28084.4668,21.9621,-4699.0884,-28636.3105,21.9603,781.6075,-0.0004,0.0005,-3.1379,0.7844,3.1415,-4704.9038,-28633.6973,25.0421,1
-4703.1636,-28634.3926,24.9425,-5252.6064,-28084.4668,21.9621,-4705.5010,-28626.1348,29.2209,769.9167,-0.0010,0.0020,-3.1379,0.7844,3.1415,-4704.9272,-28633.4512,25.1375,1
-4703.1636,-28634.3926,24.9425,-5252.6064,-28084.4668,21.9621,-4707.7153,-28633.8379,26.8207,773.7771,0.0005,0.0015,-3.1379,0.7844,3.1415,-4705.0229,-28633.4414,25.1649,1
-4703.1636,-28634.3926,24.9425,-5252.6064,-28084.4668,21.9621,-4703.0718,-28634.6777,24.3961,777.6379,-0.0001,0.0010,-3.1379,0.7844,3.1415,-4704.9751,-28633.4590,25.1185,1
-4703.1636,-28634.3926,24.9425,-5252.6064,-28084.4668,21.9621,-4698.3604,-28635.4238,21.9472,781.4983,-0.0006,0.0005,-3.1379,0.7844,3.1415,-4704.7720,-28633.5039,24.9930,1
-4703.1636,-28634.3926,24.9425,-5252.6064,-28084.4668,21.9621,-4711.6255,-28632.0977,29.2072,769.8076,0.0008,0.0020,-3.1379,0.7844,3.1415,-4704.9824,-28633.4453,25.0962,1
-4703.1636,-28634.3926,24.9425,-5252.6064,-28084.4668,21.9621,-4706.9873,-28632.9609,26.8071,773.6679,0.0003,0.0015,-3.1379,0.7844,3.1415,-4705.0566,-28633.4141,25.1311,1
-4703.1636,-28634.3926,24.9425,-5252.6064,-28084.4668,21.9621,-4702.3418,-28633.7930,24.3828,777.5288,-0.0003,0.0010,-3.1379,0.7844,3.1415,-4704.9854,-28633.4082,25.0921,1
-4703.1636,-28634.3926,24.9425,-5252.6064,-28084.4668,21.9621,-4697.6890,-28634.5918,21.9340,781.3892,-0.0009,0.0005,-3.1379,0.7844,3.1416,-4704.7588,-28633.4297,24.9738,1
-4703.1636,-28634.3926,24.9425,-5252.6064,-28084.4668,21.9621,-4700.0132,-28642.3320,29.3292,785.2501,0.0006,0.0020,-3.1379,0.7844,3.1416,-4704.5928,-28633.6992,25.0855,1
-4703.1636,-28634.3926,24.9425,-5252.6064,-28084.4668,21.9621,-4706.3174,-28632.1406,26.7934,773.5588,0.0000,0.0015,-3.1379,0.7844,3.1416,-4704.6187,-28633.6641,25.1272,1
-4703.1636,-28634.3926,24.9425,-5252.6064,-28084.4668,21.9621,-4701.6704,-28632.9648,24.3692,777.4197,-0.0005,0.0010,-3.1379,0.7843,3.1416,-4704.4990,-28633.6504,25.0947,1
-4703.1636,-28634.3926,24.9425,-5252.6064,-28084.4668,21.9621,-4697.0166,-28633.7578,21.9209,781.2800,-0.0011,0.0005,-3.1379,0.7843,3.1416,-4704.2261,-28633.6621,24.9828,1
-4703.1636,-28634.3926,24.9425,-5252.6064,-28084.4668,21.9621,-4703.5083,-28640.1133,24.2434,781.1866,0.0008,0.0010,-3.1379,0.7843,3.1416,-4704.1465,-28633.8770,24.9389,1
-4703.1636,-28634.3926,24.9425,-5252.6064,-28084.4668,21.9621,-4705.6475,-28631.3164,26.7797,773.4496,-0.0002,0.0015,-3.1379,0.7843,3.1416,-4704.1367,-28633.8203,24.9760,1
-4703.1636,-28634.3926,24.9425,-5252.6064,-28084.4668,21.9621,-4706.1255,-28630.5527,24.9307,772.5631,-0.0002,0.0011,-3.1379,0.7843,3.1416,-4704.1470,-28633.7344,24.9579,1
-4703.1636,-28634.3926,24.9425,-5252.6064,-28084.4668,21.9621,-4703.2803,-28639.8691,21.9081,781.1709,0.0007,0.0005,-3.1379,0.7843,3.1416,-4704.0723,-28633.9414,24.8436,1
-4703.1636,-28634.3926,24.9425,-5252.6064,-28084.4668,21.9621,-4698.6450,-28640.6660,29.3006,785.0317,0.0002,0.0020,-3.1379,0.7843,3.1416,-4703.8491,-28634.1836,24.9595,1
-4703.1636,-28634.3926,24.9425,-5252.6064,-28084.4668,21.9621,-4704.9775,-28630.4902,26.7659,773.3405,-0.0004,0.0015,-3.1379,0.7843,3.1416,-4703.8193,-28634.1133,25.0056,1
-4703.1636,-28634.3926,24.9425,-5252.6064,-28084.4668,21.9621,-4700.3281,-28631.3027,24.3425,777.2013,-0.0010,0.0010,-3.1379,0.7843,3.1416,-4703.6445,-28634.0605,24.9777,1
-4703.1636,-28634.3926,24.9425,-5252.6064,-28084.4668,21.9621,-4702.7310,-28631.7422,29.2297,775.8321,-0.0005,0.0020,-3.1379,0.7847,3.1415,-4703.5415,-28634.0137,25.1061,1
-4703.1636,-28634.3926,24.9425,-5252.6064,-28084.4668,21.9621,-4697.7358,-28639.6055,29.2866,784.9225,-0.0001,0.0020,-3.1379,0.7847,3.1415,-4703.2808,-28634.2129,25.2439,1
-4703.1636,-28634.3926,24.9425,-5252.6064,-28084.4668,21.9621,-4704.0825,-28629.4375,26.7524,773.2313,-0.0006,0.0015,-3.1379,0.7848,3.1416,-4703.2129,-28634.0957,25.3103,1
-4703.1636,-28634.3926,24.9425,-5252.6064,-28084.4668,21.9621,-4697.2861,-28638.8887,27.8421,784.7228,-0.0002,0.0017,-3.1379,0.7848,3.1416,-4702.9331,-28634.2715,25.4131,1
-4703.1636,-28634.3926,24.9425,-5252.6064,-28084.4668,21.9621,-4702.0137,-28638.3047,21.8818,780.9525,0.0004,0.0005,-3.1379,0.7848,3.1416,-4702.7949,-28634.4395,25.3300,1
-4703.1636,-28634.3926,24.9425,-5252.6050,-28084.4668,21.9623,-4697.3750,-28639.0879,29.5195,784.8135,-0.0002,0.0020,-3.1382,0.7848,3.1416,-4702.5112,-28634.6367,25.4824,1
-4703.1636,-28634.3926,24.9425,-5252.6016,-28084.4707,21.9628,-4703.7637,-28628.9609,27.5953,773.1221,-0.0007,0.0015,-3.1390,0.7847,3.1416,-4702.4238,-28634.5176,25.5825,1
-4703.1636,-28634.3926,24.9425,-5252.5952,-28084.4785,21.9639,-4706.0947,-28636.7695,26.2674,776.9830,0.0007,0.0010,-3.1404,0.7845,3.1415,-4702.4185,-28634.6367,25.6428,1
-4703.1636,-28634.3926,24.9425,-5252.5850,-28084.4883,21.9655,-4701.4111,-28637.5703,23.4057,780.8287,0.0001,0.0001,3.1408,0.7843,3.1415,-4702.2749,-28634.7852,25.6115,1
-4703.1636,-28634.3926,24.9425,-5252.5708,-28084.5020,21.9676,-4696.9570,-28638.5098,32.6968,784.6895,-0.0005,0.0016,3.1383,0.7839,3.1415,-4701.9912,-28634.9648,25.8705,1
-4703.1636,-28634.3926,24.9425,-5252.5527,-28084.5215,21.9702,-4703.4707,-28628.5215,32.2143,772.9985,-0.0010,0.0011,3.1356,0.7837,3.1415,-4701.9087,-28634.8301,26.1306,1
-4703.1636,-28634.3926,24.9425,-5252.5298,-28084.5430,21.9730,-4705.8418,-28636.3984,32.0421,776.8592,0.0004,0.0006,3.1328,0.7834,3.1415,-4701.9102,-28634.9336,26.3955,1
-4703.1636,-28634.3926,24.9425,-5252.5029,-28084.5723,21.9760,-4700.6841,-28636.7227,24.0846,780.6311,-0.0003,-0.0015,3.1299,0.7831,3.1415,-4701.7583,-28635.0488,26.4143,1
-4703.1636,-28634.3926,24.9425,-5252.4717,-28084.6035,21.9789,-4696.2383,-28637.6836,33.5328,784.4914,-0.0009,-0.0000,3.1273,0.7828,3.1415,-4701.4663,-28635.1953,26.7265,1
-4703.1636,-28634.3926,24.9425,-5252.4370,-28084.6387,21.9814,-4709.6821,-28634.6602,32.6264,772.8017,0.0006,-0.0005,3.1251,0.7824,3.1415,-4701.5991,-28635.2500,27.0244,1
-4703.1636,-28634.3926,24.9425,-5252.3994,-28084.6758,21.9841,-4701.7842,-28636.4258,29.5972,779.5326,-0.0004,-0.0014,3.1234,0.7819,3.1415,-4701.4985,-28635.3574,27.2321,1
-4703.1636,-28634.3926,24.9425,-5252.3594,-28084.7168,21.9869,-4700.0869,-28635.9980,22.8214,780.3401,-0.0008,-0.0030,3.1221,0.7815,3.1414,-4701.3477,-28635.4492,27.2236,1
-4703.1636,-28634.3926,24.9425,-5252.3169,-28084.7598,21.9896,-4711.0288,-28633.4062,24.5487,770.7307,0.0004,-0.0028,3.1214,0.7810,3.1414,-4701.5522,-28635.4570,27.2554,1
-4703.1636,-28634.3926,24.9425,-5252.2729,-28084.8047,21.9919,-4709.1367,-28634.1016,28.4606,772.5126,0.0001,-0.0020,3.1211,0.7805,3.1414,-4701.7188,-28635.4824,27.4043,1
-4703.1636,-28634.3926,24.9425,-5252.2275,-28084.8516,21.9935,-4704.7036,-28635.2559,25.8894,776.3721,-0.0004,-0.0025,3.1213,0.7801,3.1414,-4701.7598,-28635.5371,27.4688,1
-4703.1636,-28634.3926,24.9425,-5252.1812,-28084.8984,21.9942,-4699.4004,-28635.1680,21.3193,779.9863,-0.0013,-0.0033,3.1219,0.7796,3.1414,-4701.6392,-28635.5879,27.3799,1
-4703.1636,-28634.3926,24.9425,-5252.1333,-28084.9473,21.9939,-4701.9243,-28643.1934,27.8419,783.8444,0.0002,-0.0018,3.1230,0.7791,3.1413,-4701.5952,-28635.8926,27.4834,1
-4703.1636,-28634.3926,24.9425,-5252.0850,-28084.9961,21.9925,-4708.3921,-28633.2793,24.1646,772.1611,-0.0004,-0.0023,3.1245,0.7787,3.1413,-4701.7642,-28635.8906,27.4659,1
-4703.1636,-28634.3926,24.9425,-5252.0356,-28085.0469,21.9899,-4703.9424,-28634.3945,20.2425,776.0194,-0.0010,-0.0028,3.1264,0.7783,3.1413,-4701.8042,-28635.9180,27.3124,1
-4703.1636,-28634.3926,24.9425,-5251.9858,-28085.0977,21.9862,-4700.1772,-28632.2461,25.0755,777.0980,-0.0019,-0.0015,3.1287,0.7779,3.1413,-4701.7285,-28635.8711,27.2969,1
-4703.1636,-28634.3926,24.9425,-5251.9351,-28085.1484,21.9815,-4701.1592,-28642.3145,25.2907,783.4563,-0.0003,-0.0010,3.1314,0.7775,3.1413,-4701.6821,-28636.1367,27.2822,1
-4703.1636,-28634.3926,24.9425,-5251.8848,-28085.1992,21.9765,-4707.6138,-28632.3730,20.6167,771.7770,-0.0009,-0.0015,3.1342,0.7771,3.1413,-4701.8442,-28636.0938,27.1092,1
-4703.1636,-28634.3926,24.9425,-5251.8340,-28085.2520,21.9719,-4703.1445,-28633.4336,15.9464,775.6339,-0.0015,-0.0020,3.1371,0.7768,3.1413,-4701.8750,-28636.0742,26.7713,1
-4703.1636,-28634.3926,24.9425,-5251.7837,-28085.3027,21.9679,-4697.7280,-28633.1719,19.6484,779.1962,-0.0022,-0.0008,3.1399,0.7769,3.1413,-4701.7349,-28636.0391,26.5298,1
-4703.1636,-28634.3926,24.9425,-5251.7334,-28085.3535,21.9645,-4700.1323,-28641.1426,24.9824,783.0516,-0.0008,0.0007,-3.1407,0.7766,3.1413,-4701.6641,-28636.2520,26.4454,1
-4703.1636,-28634.3926,24.9425,-5251.6841,-28085.4043,21.9616,-4706.5674,-28631.1777,20.7074,771.3768,-0.0014,0.0002,-3.1384,0.7763,3.1414,-4701.7979,-28636.1523,26.2197,1
-4703.1636,-28634.3926,24.9425,-5251.6348,-28085.4551,21.9592,-4701.7949,-28631.9277,16.6691,775.2323,-0.0019,-0.0003,-3.1363,0.7765,3.1414,-4701.7886,-28636.0645,25.8541,1
-4703.1636,-28634.3926,24.9425,-5251.5869,-28085.5059,21.9572,-4703.7158,-28639.0059,20.4535,778.7967,-0.0005,0.0007,-3.1346,0.7770,3.1414,-4701.8413,-28636.1953,25.5935,1
-4703.1636,-28634.3926,24.9425,-5251.5391,-28085.5527,21.9558,-4698.7725,-28639.6094,26.7336,782.6506,-0.0011,0.0022,-3.1332,0.7775,3.1414,-4701.7397,-28636.3477,25.5262,1
-4703.1636,-28634.3926,24.9425,-5251.4922,-28085.6016,21.9547,-4704.7778,-28629.2188,23.4400,770.9802,-0.0016,0.0017,-3.1321,0.7780,3.1414,-4701.8257,-28636.1719,25.3587,1
-4703.1636,-28634.3926,24.9425,-5251.4463,-28085.6484,21.9540,-4699.7061,-28629.6660,20.4521,774.8342,-0.0022,0.0012,-3.1314,0.7788,3.1414,-4701.7539,-28635.9941,25.0943,1
-4703.1636,-28634.3926,24.9425,-5251.4009,-28085.6953,21.9536,-4702.7573,-28637.8965,21.4625,778.4142,-0.0004,0.0015,-3.1310,0.7799,3.1415,-4701.7764,-28636.0664,24.8566,1
-4703.1636,-28634.3926,24.9425,-5251.3564,-28085.7402,21.9535,-4697.5493,-28638.1973,28.7167,782.2668,-0.0009,0.0030,-3.1308,0.7808,3.1415,-4701.6348,-28636.1523,24.8480,1
-4703.1636,-28634.3926,24.9425,-5251.3130,-28085.7852,21.9537,-4703.3022,-28627.5449,26.2726,770.6005,-0.0015,0.0025,-3.1309,0.7819,3.1415,-4701.6689,-28635.8965,24.7747,1
-4703.1636,-28634.3926,24.9425,-5251.2700,-28085.8301,21.9541,-4704.8022,-28634.6074,24.0813,774.4531,-0.0000,0.0020,-3.1312,0.7831,3.1416,-4701.7559,-28635.8535,24.6376,1
-4703.1636,-28634.3926,24.9425,-5251.2275,-28085.8750,21.9547,-4702.1382,-28637.1211,22.1210,778.0512,0.0001,0.0015,-3.1316,0.7841,-3.1416,-4701.7632,-28635.8867,24.4402,1
-4703.1636,-28634.3926,24.9425,-5251.1855,-28085.9180,21.9554,-4705.5801,-28635.5898,22.5650,774.4791,0.0005,0.0015,-3.1321,0.7851,-3.1416,-4701.8833,-28635.8750,24.2557,1
-4703.1636,-28634.3926,24.9425,-5251.1440,-28085.9590,21.9562,-4702.6494,-28626.7012,27.8897,770.2405,-0.0010,0.0025,-3.1328,0.7862,-3.1415,-4701.9165,-28635.5723,24.2442,1
-4703.1636,-28634.3926,24.9425,-5251.1035,-28086.0020,21.9570,-4695.7661,-28635.7051,24.3225,781.3898,-0.0005,0.0017,-3.1334,0.7876,-3.1415,-4701.7310,-28635.5430,24.1291,1
-4703.1636,-28634.3926,24.9425,-5251.0630,-28086.0430,21.9579,-4701.4180,-28636.2441,22.3053,777.7043,0.0006,0.0011,-3.1341,0.7887,-3.1415,-4701.7124,-28635.5352,23.9535,1
-4703.1636,-28634.3926,24.9425,-5251.0229,-28086.0840,21.9587,-4696.2056,-28636.4922,30.2041,781.5540,0.0000,0.0026,-3.1348,0.7897,-3.1415,-4701.5273,-28635.5352,24.0311,1
-4703.1636,-28634.3926,24.9425,-5250.9834,-28086.1250,21.9595,-4701.9409,-28625.8145,28.1675,769.8956,-0.0005,0.0021,-3.1354,0.7908,-3.1415,-4701.5146,-28635.1934,24.0629,1
-4703.1636,-28634.3926,24.9425,-5250.9438,-28086.1660,21.9602,-4703.6621,-28633.1152,26.2229,773.7453,0.0009,0.0016,-3.1360,0.7916,-3.1415,-4701.5591,-28635.0684,24.0435,1
-4703.1636,-28634.3926,24.9425,-5250.9048,-28086.2070,21.9609,-4703.6641,-28638.6270,24.9115,777.5877,0.0018,0.0013,-3.1365,0.7921,-3.1415,-4701.6089,-28635.1191,23.9892,1
-4703.1636,-28634.3926,24.9425,-5250.8662,-28086.2461,21.9614,-4696.3979,-28636.5293,29.8717,781.2158,0.0005,0.0022,-3.1370,0.7921,-3.1414,-4701.4307,-28635.1113,24.0983,1
-4703.1636,-28634.3926,24.9425,-5250.8276,-28086.2852,21.9618,-4709.3423,-28633.0879,27.6263,769.5608,0.0019,0.0017,-3.1374,0.7925,-3.1415,-4701.6606,-28634.9980,24.1522,1
-4703.1636,-28634.3926,24.9425,-5250.7891,-28086.3262,21.9622,-4704.4536,-28633.7500,25.4442,773.4094,0.0014,0.0012,-3.1377,0.7929,-3.1415,-4701.7480,-28634.9043,24.1445,1
-4703.1636,-28634.3926,24.9425,-5250.7510,-28086.3652,21.9624,-4700.6724,-28635.1836,21.9006,777.0366,0.0010,0.0005,-3.1379,0.7929,-3.1415,-4701.7197,-28634.8555,24.0271,1
-4703.1636,-28634.3926,24.9425,-5250.7134,-28086.4043,21.9626,-4696.0342,-28636.0098,29.3612,780.8840,0.0005,0.0020,-3.1380,0.7928,-3.1415,-4701.5410,-28634.8359,24.1457,1
-4703.1636,-28634.3926,24.9425,-5250.6753,-28086.4414,21.9626,-4709.2222,-28632.8203,26.8905,769.2324,0.0019,0.0015,-3.1381,0.7928,-3.1415,-4701.7759,-28634.7168,24.1996,1
-4703.1636,-28634.3926,24.9425,-5250.6382,-28086.4805,21.9626,-4704.5835,-28633.7246,24.4873,773.0798,0.0013,0.0010,-3.1381,0.7928,-3.1415,-4701.8760,-28634.6250,24.1822,1
-4703.1636,-28634.3926,24.9425,-5250.6011,-28086.5195,21.9626,-4704.6138,-28630.3809,22.4515,770.6390,0.0008,0.0005,-3.1380,0.7921,-3.1415,-4701.9829,-28634.4258,24.1005,1
-4703.1636,-28634.3926,24.9425,-5250.5640,-28086.5566,21.9625,-4707.1177,-28632.2461,26.3170,770.1443,0.0013,0.0014,-3.1379,0.7915,-3.1414,-4702.1768,-28634.2812,24.1414,1
-4703.1636,-28634.3926,24.9425,-5250.5273,-28086.5957,21.9623,-4709.7065,-28633.1504,26.3690,768.9087,0.0017,0.0014,-3.1378,0.7905,-3.1414,-4702.4644,-28634.1621,24.1899,1
-4703.1636,-28634.3926,24.9425,-5250.4907,-28086.6328,21.9622,-4705.6509,-28634.6309,23.8503,772.7551,0.0011,0.0009,-3.1377,0.7894,-3.1414,-4702.6338,-28634.0918,24.1621,1
-4703.1636,-28634.3926,24.9425,-5250.4546,-28086.6699,21.9620,-4699.9121,-28634.1074,21.5932,776.3901,0.0000,0.0005,-3.1375,0.7883,-3.1414,-4702.6221,-28634.0098,24.0615,1
-4703.1636,-28634.3926,24.9425,-5250.4189,-28086.7070,21.9618,-4702.7026,-28642.3477,28.8145,780.2355,0.0015,0.0020,-3.1374,0.7874,-3.1415,-4702.6924,-28634.1934,24.1880,1
-4703.1636,-28634.3926,24.9425,-5250.3833,-28086.7422,21.9616,-4709.5889,-28632.8750,26.1805,768.5901,0.0009,0.0014,-3.1372,0.7862,-3.1415,-4702.9839,-28634.0938,24.2418,1
-4703.1636,-28634.3926,24.9425,-5250.3477,-28086.7793,21.9614,-4705.6255,-28634.4434,23.6528,772.4355,0.0004,0.0009,-3.1371,0.7849,-3.1415,-4703.1582,-28634.0449,24.2181,1
-4703.1636,-28634.3926,24.9425,-5250.3130,-28086.8145,21.9612,-4699.3062,-28633.3379,21.5918,776.0757,-0.0009,0.0005,-3.1370,0.7838,-3.1415,-4703.1313,-28633.9629,24.1270,1
-4703.1636,-28634.3926,24.9425,-5250.2778,-28086.8496,21.9611,-4704.1904,-28641.7148,20.3410,778.5163,0.0008,0.0003,-3.1369,0.7826,-3.1415,-4703.2500,-28634.1504,23.9907,1
-4703.1636,-28634.3926,24.9425,-5250.2437,-28086.8867,21.9609,-4709.2041,-28632.3379,26.2429,768.2778,-0.0000,0.0015,-3.1368,0.7813,-3.1415,-4703.5312,-28634.0527,24.0376,1
-4703.1636,-28634.3926,24.9425,-5250.2095,-28086.9199,21.9608,-4705.2578,-28633.9141,23.7651,772.1222,-0.0006,0.0010,-3.1367,0.7800,-3.1415,-4703.6934,-28634.0059,24.0096,1
-4703.1636,-28634.3926,24.9425,-5250.1758,-28086.9551,21.9608,-4705.3975,-28639.2559,21.6346,775.7683,0.0001,0.0006,-3.1366,0.7790,-3.1416,-4703.8594,-28634.1328,23.9131,1
-4703.1636,-28634.3926,24.9425,-5250.1421,-28086.9902,21.9607,-4701.3687,-28640.7090,28.9375,779.6118,-0.0005,0.0021,-3.1366,0.7779,-3.1416,-4703.8955,-28634.3164,24.0468,1
-4703.1636,-28634.3926,24.9425,-5250.1089,-28087.0234,21.9607,-4708.2026,-28631.1816,26.4021,767.9725,-0.0010,0.0016,-3.1366,0.7768,-3.1416,-4704.1436,-28634.2090,24.1118,1
-4703.1636,-28634.3926,24.9425,-5250.0762,-28087.0566,21.9606,-4708.7705,-28631.9258,22.5600,768.0429,-0.0010,0.0008,-3.1366,0.7759,3.1416,-4704.4155,-28634.1172,24.0571,1
-4703.1636,-28634.3926,24.9425,-5250.0439,-28087.0918,21.9606,-4701.1128,-28638.9863,22.1299,778.4014,-0.0011,0.0007,-3.1366,0.7758,3.1415,-4704.4448,-28634.2520,23.9861,1
-4703.1636,-28634.3926,24.9425,-5250.0117,-28087.1230,21.9607,-4707.8081,-28634.3867,24.1143,770.3773,-0.0009,0.0011,-3.1366,0.7753,3.1415,-4704.6787,-28634.2480,23.9753,1
-4703.1636,-28634.3926,24.9425,-5249.9795,-28087.1562,21.9607,-4706.8931,-28633.6582,23.7764,770.4572,-0.0011,0.0011,-3.1367,0.7752,3.1415,-4704.8853,-28634.2207,23.9542,1
-4703.1636,-28634.3926,24.9425,-5249.9478,-28087.1895,21.9607,-4708.4990,-28636.8008,24.1567,771.5167,-0.0004,0.0011,-3.1367,0.7751,3.1415,-4705.1436,-28634.2949,23.9456,1
-4703.1636,-28634.3926,24.9425,-5249.9165,-28087.2207,21.9608,-4703.5552,-28637.1191,21.6961,775.1753,-0.0011,0.0006,-3.1367,0.7750,3.1415,-4705.2446,-28634.3848,23.8586,1
-4703.1636,-28634.3926,24.9425,-5249.8853,-28087.2539,21.9608,-4698.9478,-28637.9766,29.0674,779.0168,-0.0017,0.0021,-3.1368,0.7750,3.1415,-4705.1895,-28634.5078,24.0043,1
-4703.1636,-28634.3926,24.9425,-5249.8545,-28087.2852,21.9609,-4705.2764,-28627.9316,26.5920,767.3832,-0.0022,0.0016,-3.1368,0.7749,3.1415,-4705.3193,-28634.3125,24.0834,1
-4703.1636,-28634.3926,24.9425,-5249.8242,-28087.3164,21.9610,-4707.2104,-28635.3652,24.2239,771.2247,-0.0008,0.0011,-3.1369,0.7754,3.1415,-4705.5068,-28634.3457,24.0909,1
-4703.1636,-28634.3926,24.9425,-5249.7939,-28087.3477,21.9610,-4702.4912,-28635.9062,21.6881,774.8889,-0.0013,0.0006,-3.1369,0.7760,3.1415,-4705.5420,-28634.3965,24.0168,1
-4703.1636,-28634.3926,24.9425,-5249.7637,-28087.3789,21.9611,-4697.4663,-28636.3301,29.0557,778.7296,-0.0019,0.0021,-3.1370,0.7767,3.1415,-4705.4048,-28634.4648,24.1744,1
-4703.1636,-28634.3926,24.9425,-5249.7344,-28087.4102,21.9611,-4703.3555,-28625.8301,26.5761,767.0986,-0.0024,0.0016,-3.1370,0.7775,3.1415,-4705.4351,-28634.1953,24.2642,1
-4703.1636,-28634.3926,24.9425,-5249.7046,-28087.4395,21.9612,-4705.1348,-28633.1426,24.2006,770.9392,-0.0010,0.0011,-3.1370,0.7782,3.1415,-4705.5151,-28634.1465,24.2812,1
-4703.1636,-28634.3926,24.9425,-5249.6753,-28087.4707,21.9612,-4701.7173,-28634.9766,21.6648,774.6085,-0.0011,0.0006,-3.1371,0.7791,3.1415,-4705.4814,-28634.1543,24.2156,1
-4703.1636,-28634.3926,24.9425,-5249.6465,-28087.5000,21.9612,-4696.4956,-28635.1914,29.0163,778.4482,-0.0016,0.0021,-3.1371,0.7801,3.1416,-4705.2695,-28634.1719,24.3804,1
-4703.1636,-28634.3926,24.9425,-5249.6177,-28087.5293,21.9613,-4708.8828,-28631.2246,26.5240,766.8199,-0.0002,0.0016,-3.1371,0.7815,3.1416,-4705.4360,-28634.0645,24.4757,1
-4703.1636,-28634.3926,24.9425,-5249.5894,-28087.5586,21.9613,-4697.9395,-28633.3594,28.4488,776.0464,-0.0013,0.0019,-3.1371,0.7827,3.1416,-4705.2544,-28634.0195,24.6359,1
-4703.1636,-28634.3926,24.9425,-5249.5610,-28087.5879,21.9613,-4701.1401,-28630.3164,28.6995,771.5922,-0.0011,0.0020,-3.1371,0.7840,3.1416,-4705.1572,-28633.8750,24.8120,1
-4703.1636,-28634.3926,24.9425,-5249.5327,-28087.6172,21.9613,-4695.3984,-28633.9219,28.9729,778.1728,-0.0011,0.0020,-3.1371,0.7854,-3.1416,-4704.8667,-28633.8418,25.0027,1
-4703.1636,-28634.3926,24.9425,-5249.5054,-28087.6465,21.9613,-4707.6226,-28629.8125,26.4691,766.5469,0.0003,0.0015,-3.1371,0.7871,-3.1416,-4704.9492,-28633.6758,25.1203,1
-4703.1636,-28634.3926,24.9425,-5249.4775,-28087.6738,21.9613,-4702.1626,-28629.8379,24.0685,770.3859,-0.0002,0.0010,-3.1371,0.7886,-3.1416,-4704.8604,-28633.5039,25.1603,1
-4703.1636,-28634.3926,24.9425,-5249.4502,-28087.7031,21.9613,-4700.0630,-28633.0039,21.6158,774.0646,0.0001,0.0005,-3.1371,0.7900,-3.1415,-4704.6982,-28633.4277,25.1165,1
-4703.1636,-28634.3926,24.9425,-5249.4233,-28087.7305,21.9613,-4694.6270,-28632.9785,28.9396,777.9028,-0.0004,0.0020,-3.1371,0.7915,-3.1415,-4704.3521,-28633.3516,25.2987,1
-4703.1636,-28634.3926,24.9425,-5249.3965,-28087.7578,21.9613,-4699.3047,-28635.9922,21.1018,776.6340,0.0009,0.0004,-3.1371,0.7926,-3.1415,-4704.1362,-28633.3750,25.2347,1
-4703.1636,-28634.3926,24.9425,-5249.3696,-28087.7852,21.9613,-4701.9053,-28629.4160,24.0261,770.1175,0.0005,0.0010,-3.1370,0.7938,-3.1415,-4703.9946,-28633.1934,25.2532,1
-4703.1636,-28634.3926,24.9425,-5249.3433,-28087.8125,21.9613,-4697.5244,-28638.2461,29.5413,779.4399,0.0013,0.0022,-3.1370,0.7949,-3.1414,-4703.7114,-28633.2891,25.4445,1
-4703.1636,-28634.3926,24.9425,-5249.3169,-28087.8398,21.9613,-4701.1582,-28639.3887,28.9191,777.6382,0.0022,0.0020,-3.1370,0.7960,-3.1414,-4703.5337,-28633.4355,25.6231,1
-4703.1636,-28634.3926,24.9425,-5249.2910,-28087.8672,21.9613,-4701.0049,-28635.3047,22.5175,774.7924,0.0017,0.0007,-3.1370,0.7968,-3.1414,-4703.3486,-28633.4648,25.6003,1
-4703.1636,-28634.3926,24.9425,-5249.2651,-28087.8945,21.9613,-4702.0503,-28629.4043,24.0077,769.8544,0.0011,0.0010,-3.1370,0.7974,-3.1414,-4703.1958,-28633.3066,25.6161,1
-4703.1636,-28634.3926,24.9425,-5249.2397,-28087.9199,21.9613,-4699.4395,-28632.0605,21.5896,773.5422,0.0011,0.0005,-3.1370,0.7975,-3.1414,-4702.9595,-28633.2285,25.5483,1
-4703.1636,-28634.3926,24.9425,-5249.2144,-28087.9453,21.9613,-4701.6572,-28639.7246,28.9080,777.3788,0.0025,0.0020,-3.1369,0.7976,-3.1413,-4702.7920,-28633.3965,25.7059,1
-4703.1636,-28634.3926,24.9425,-5249.1895,-28087.9727,21.9613,-4703.7344,-28635.6426,23.9389,772.9568,0.0023,0.0010,-3.1369,0.7976,-3.1414,-4702.6929,-28633.4473,25.7085,1
-4703.1636,-28634.3926,24.9425,-5249.1646,-28087.9980,21.9613,-4703.2227,-28630.4258,24.0039,769.5966,0.0014,0.0010,-3.1370,0.7977,-3.1414,-4702.5835,-28633.3359,25.7073,1
-4703.1636,-28634.3926,24.9425,-5249.1396,-28088.0234,21.9613,-4705.9238,-28638.3828,21.5797,773.2886,0.0029,0.0005,-3.1370,0.7972,-3.1414,-4702.5674,-28633.4746,25.6224,1
-4703.1636,-28634.3926,24.9425,-5249.1152,-28088.0488,21.9613,-4701.8042,-28639.7148,28.8998,777.1245,0.0024,0.0020,-3.1369,0.7963,-3.1413,-4702.4297,-28633.6680,25.7633,1
-4703.1636,-28634.3926,24.9425,-5249.0908,-28088.0723,21.9613,-4708.6714,-28630.2324,26.3997,765.5078,0.0018,0.0015,-3.1369,0.7952,-3.1413,-4702.5181,-28633.5684,25.8296,1
-4703.1636,-28634.3926,24.9425,-5249.0664,-28088.0977,21.9613,-4704.6431,-28631.6914,24.0039,769.3438,0.0013,0.0010,-3.1370,0.7941,-3.1413,-4702.4917,-28633.5078,25.8177,1
-4703.1636,-28634.3926,24.9425,-5249.0425,-28088.1230,21.9613,-4705.6250,-28637.9336,21.5700,773.0400,0.0021,0.0005,-3.1370,0.7930,-3.1414,-4702.5049,-28633.6465,25.7219,1
-4703.1636,-28634.3926,24.9425,-5249.0190,-28088.1465,21.9613,-4701.8364,-28639.5879,28.8900,776.8752,0.0016,0.0020,-3.1370,0.7915,-3.1414,-4702.4053,-28633.8457,25.8520,1
-4703.1636,-28634.3926,24.9425,-5248.9956,-28088.1719,21.9613,-4708.5991,-28635.6953,26.7656,769.3024,0.0017,0.0016,-3.1370,0.7897,-3.1414,-4702.5269,-28633.9336,25.9195,1
-4703.1636,-28634.3926,24.9425,-5248.9722,-28088.1953,21.9613,-4705.2944,-28632.1836,23.9992,769.0959,0.0005,0.0010,-3.1370,0.7881,-3.1414,-4702.5562,-28633.9102,25.8977,1
-4703.1636,-28634.3926,24.9425,-5248.9487,-28088.2188,21.9613,-4699.0674,-28635.8145,27.5044,776.0490,-0.0002,0.0017,-3.1371,0.7861,-3.1414,-4702.3926,-28633.9980,25.9840,1
-4703.1636,-28634.3926,24.9425,-5248.9258,-28088.2422,21.9613,-4701.9883,-28639.5840,28.8779,776.6308,0.0004,0.0020,-3.1371,0.7839,-3.1414,-4702.3174,-28634.2129,26.1165,1
-4703.1636,-28634.3926,24.9425,-5248.9033,-28088.2656,21.9614,-4709.3506,-28630.5977,26.3820,765.0182,-0.0001,0.0015,-3.1371,0.7819,-3.1415,-4702.4844,-28634.1445,26.1734,1
-4703.1636,-28634.3926,24.9425,-5248.8804,-28088.2891,21.9614,-4712.5991,-28639.2324,23.9886,768.8527,0.0013,0.0010,-3.1371,0.7801,-3.1415,-4702.7725,-28634.3496,26.1513,1
-4703.1636,-28634.3926,24.9425,-5248.8584,-28088.3105,21.9614,-4704.7222,-28636.7285,21.5470,772.5569,-0.0005,0.0005,-3.1372,0.7781,-3.1415,-4702.8271,-28634.4805,26.0442,1
-4703.1636,-28634.3926,24.9425,-5248.8359,-28088.3340,21.9614,-4701.1143,-28638.5586,28.8629,776.3908,-0.0011,0.0020,-3.1372,0.7763,-3.1416,-4702.7690,-28634.6738,26.1623,1
-4703.1636,-28634.3926,24.9425,-5248.8140,-28088.3555,21.9614,-4708.3730,-28629.4668,26.3672,764.7802,-0.0016,0.0015,-3.1372,0.7745,-3.1416,-4702.9443,-28634.5781,26.2050,1
-4703.1636,-28634.3926,24.9425,-5248.7920,-28088.3789,21.9614,-4711.3984,-28637.9023,23.9741,768.6141,-0.0002,0.0010,-3.1373,0.7730,3.1416,-4703.2295,-28634.7441,26.1690,1
-4703.1636,-28634.3926,24.9425,-5248.7705,-28088.4004,21.9614,-4706.7251,-28628.5195,27.0838,765.2192,-0.0024,0.0017,-3.1373,0.7720,3.1415,-4703.3799,-28634.6094,26.2283,1
-4703.1636,-28634.3926,24.9425,-5248.7490,-28088.4219,21.9614,-4699.3843,-28636.6719,28.8460,776.1553,-0.0024,0.0020,-3.1373,0.7712,3.1415,-4703.2988,-28634.7246,26.3449,1
-4703.1636,-28634.3926,24.9425,-5248.7280,-28088.4453,21.9614,-4712.8125,-28633.7109,26.3504,764.5467,-0.0010,0.0015,-3.1373,0.7706,3.1415,-4703.6445,-28634.7461,26.3853,1
-4703.1636,-28634.3926,24.9425,-5248.7070,-28088.4668,21.9614,-4708.6255,-28635.0195,23.9571,768.3800,-0.0015,0.0010,-3.1373,0.7698,3.1415,-4703.8711,-28634.8066,26.3465,1
-4703.1636,-28634.3926,24.9425,-5248.6860,-28088.4883,21.9614,-4702.3823,-28634.0898,21.5206,772.0916,-0.0026,0.0005,-3.1374,0.7697,3.1414,-4703.9033,-28634.8340,26.2226,1
-4703.1636,-28634.3926,24.9425,-5248.6655,-28088.5078,21.9614,-4697.8091,-28634.9316,28.8295,775.9243,-0.0032,0.0020,-3.1374,0.7696,3.1414,-4703.7822,-28634.8867,26.3238,1
-4703.1636,-28634.3926,24.9425,-5248.6450,-28088.5293,21.9614,-4710.6895,-28631.4590,26.3339,764.3174,-0.0017,0.0015,-3.1374,0.7700,3.1414,-4704.0640,-28634.8242,26.3493,1
-4703.1636,-28634.3926,24.9425,-5248.6245,-28088.5508,21.9614,-4705.8706,-28632.1250,23.9403,768.1501,-0.0023,0.0010,-3.1374,0.7704,3.1414,-4704.2007,-28634.7754,26.2961,1
-4703.1636,-28634.3926,24.9425,-5248.6045,-28088.5723,21.9615,-4701.1484,-28632.6953,21.5073,771.8652,-0.0027,0.0005,-3.1374,0.7713,3.1414,-4704.1851,-28634.7383,26.1585,1
-4703.1636,-28634.3926,24.9425,-5248.5845,-28088.5918,21.9615,-4695.7949,-28632.7363,28.8135,775.6972,-0.0033,0.0020,-3.1374,0.7727,3.1414,-4703.9878,-28634.6973,26.2465,1
-4703.1636,-28634.3926,24.9425,-5248.5649,-28088.6133,21.9615,-4697.3389,-28639.7969,26.3966,779.5297,-0.0018,0.0015,-3.1374,0.7739,3.1414,-4703.8218,-28634.8770,26.2621,1
-4703.1636,-28634.3926,24.9425,-5248.5454,-28088.6328,21.9615,-4702.9170,-28629.0020,23.9255,767.9243,-0.0024,0.0010,-3.1374,0.7752,3.1415,-4703.8184,-28634.7188,26.1972,1
-4703.1636,-28634.3926,24.9425,-5248.5259,-28088.6523,21.9615,-4700.0752,-28631.4570,21.4951,771.6427,-0.0022,0.0005,-3.1374,0.7769,3.1415,-4703.7202,-28634.6270,26.0486,1
-4703.1636,-28634.3926,24.9425,-5248.5068,-28088.6738,21.9615,-4701.1758,-28637.9941,28.7992,775.4741,-0.0007,0.0020,-3.1374,0.7790,3.1415,-4703.6494,-28634.7402,26.1263,1
-4703.1636,-28634.3926,24.9425,-5248.4878,-28088.6934,21.9615,-4695.4263,-28637.7188,26.3825,779.3062,-0.0013,0.0015,-3.1374,0.7810,3.1415,-4703.3892,-28634.8496,26.1321,1
-4703.1636,-28634.3926,24.9425,-5248.4688,-28088.7129,21.9615,-4700.6387,-28626.5332,23.9125,767.7024,-0.0018,0.0010,-3.1374,0.7831,3.1415,-4703.2773,-28634.6035,26.0582,1
-4703.1636,-28634.3926,24.9425,-5248.4502,-28088.7324,21.9615,-4699.0942,-28630.3086,21.4827,771.4241,-0.0011,0.0005,-3.1373,0.7853,3.1416,-4703.1113,-28634.4609,25.9014,1
-4703.1636,-28634.3926,24.9425,-5248.4316,-28088.7500,21.9615,-4699.9292,-28636.5898,28.7850,775.2551,0.0003,0.0020,-3.1373,0.7879,3.1416,-4702.9648,-28634.5137,25.9715,1
-4703.1636,-28634.3926,24.9425,-5248.4131,-28088.7695,21.9615,-4693.9785,-28636.0957,26.3691,779.0865,-0.0003,0.0015,-3.1373,0.7902,-3.1416,-4702.6230,-28634.5547,25.9704,1
-4703.1636,-28634.3926,24.9425,-5248.3950,-28088.7891,21.9615,-4699.0571,-28624.7559,23.9005,767.4844,-0.0008,0.0010,-3.1373,0.7926,-3.1415,-4702.4258,-28634.2305,25.8905,1
-4703.1636,-28634.3926,24.9425,-5248.3770,-28088.8086,21.9615,-4705.2241,-28636.3047,21.4707,771.2093,0.0022,0.0005,-3.1373,0.7950,-3.1415,-4702.4238,-28634.2637,25.7282,1
-4703.1636,-28634.3926,24.9425,-5248.3589,-28088.8262,21.9615,-4699.5718,-28636.0762,28.7713,775.0397,0.0016,0.0020,-3.1372,0.7969,-3.1415,-4702.2490,-28634.2930,25.7935,1
-4703.1636,-28634.3926,24.9425,-5248.3413,-28088.8457,21.9615,-4693.9634,-28635.9219,26.3563,778.8707,0.0010,0.0015,-3.1372,0.7986,-3.1414,-4701.8911,-28634.3223,25.7884,1
-4703.1636,-28634.3926,24.9425,-5248.3232,-28088.8633,21.9615,-4699.3652,-28624.9141,23.8886,767.2701,0.0005,0.0010,-3.1372,0.8004,-3.1414,-4701.6914,-28633.9980,25.7051,1
-4703.1636,-28634.3926,24.9425,-5248.3062,-28088.8809,21.9615,-4702.4155,-28627.1055,24.7507,766.6055,0.0015,0.0011,-3.1372,0.8020,-3.1414,-4701.5903,-28633.7266,25.6466,1
-4703.1636,-28634.3926,24.9425,-5248.2886,-28088.8984,21.9615,-4699.7344,-28636.0820,28.7563,774.8279,0.0026,0.0020,-3.1372,0.8031,-3.1413,-4701.4082,-28633.7324,25.7167,1
-4703.1636,-28634.3926,24.9425,-5248.2715,-28088.9180,21.9615,-4694.6011,-28636.4082,26.3420,778.6584,0.0021,0.0015,-3.1372,0.8040,-3.1413,-4701.0625,-28633.7578,25.7164,1
-4703.1636,-28634.3926,24.9425,-5248.2544,-28088.9355,21.9615,-4700.4819,-28625.8965,23.8751,767.0594,0.0015,0.0010,-3.1372,0.8049,-3.1413,-4700.8950,-28633.4473,25.6379,1
-4703.1636,-28634.3926,24.9425,-5248.2373,-28088.9531,21.9615,-4705.0874,-28635.8613,21.4452,770.7903,0.0037,0.0005,-3.1371,0.8050,-3.1413,-4700.8813,-28633.4492,25.4778,1
-4703.1636,-28634.3926,24.9425,-5248.2202,-28088.9688,21.9615,-4700.7021,-28636.8945,28.7413,774.6198,0.0031,0.0020,-3.1371,0.8046,-3.1412,-4700.7397,-28633.4902,25.5459,1
-4703.1636,-28634.3926,24.9425,-5248.2036,-28088.9863,21.9615,-4696.3682,-28638.0312,26.3271,778.4496,0.0026,0.0015,-3.1371,0.8040,-3.1412,-4700.4634,-28633.5781,25.5440,1
-4703.1636,-28634.3926,24.9425,-5248.1870,-28089.0039,21.9616,-4709.7993,-28635.0820,23.8590,766.8521,0.0040,0.0010,-3.1371,0.8035,-3.1412,-4700.6187,-28633.5820,25.4647,1
-4703.1636,-28634.3926,24.9425,-5248.1709,-28089.0215,21.9616,-4704.9292,-28635.5508,21.4325,770.5859,0.0032,0.0005,-3.1372,0.8026,-3.1413,-4700.6392,-28633.6055,25.3042,1
-4703.1636,-28634.3926,24.9425,-5248.1543,-28089.0371,21.9616,-4701.0391,-28637.0762,28.7263,774.4149,0.0027,0.0020,-3.1372,0.8013,-3.1413,-4700.5464,-28633.6855,25.3724,1
-4703.1636,-28634.3926,24.9425,-5248.1382,-28089.0547,21.9616,-4697.2241,-28638.7324,26.3123,778.2443,0.0021,0.0015,-3.1372,0.7998,-3.1413,-4700.3359,-28633.8242,25.3712,1
-4703.1636,-28634.3926,24.9425,-5248.1221,-28089.0703,21.9616,-4711.1792,-28636.2852,23.8450,766.6483,0.0036,0.0010,-3.1372,0.7983,-3.1413,-4700.5757,-28633.8984,25.2931,1
-4703.1636,-28634.3926,24.9425,-5248.1060,-28089.0859,21.9616,-4704.9683,-28635.4336,21.4201,770.3848,0.0022,0.0005,-3.1372,0.7962,-3.1413,-4700.6392,-28633.9492,25.1343,1
-4703.1636,-28634.3926,24.9425,-5248.0903,-28089.1035,21.9616,-4701.6753,-28637.5566,28.7118,774.2133,0.0016,0.0020,-3.1372,0.7938,-3.1413,-4700.6074,-28634.0723,25.2047,1
-4703.1636,-28634.3926,24.9425,-5248.0747,-28089.1191,21.9616,-4705.3364,-28646.5898,26.2972,778.0422,0.0031,0.0015,-3.1372,0.7913,-3.1413,-4700.6978,-28634.4922,25.2060,1
-4703.1636,-28634.3926,24.9425,-5248.0591,-28089.1348,21.9616,-4713.0762,-28637.9844,23.8320,766.4475,0.0025,0.0009,-3.1373,0.7885,-3.1414,-4701.0547,-28634.6621,25.1308,1
-4703.1636,-28634.3926,24.9425,-5248.0435,-28089.1504,21.9616,-4704.7720,-28635.0859,21.4078,770.1868,0.0004,0.0004,-3.1373,0.7855,-3.1414,-4701.1680,-28634.7422,24.9754,1
-4703.1636,-28634.3926,24.9425,-5248.0283,-28089.1660,21.9616,-4701.7612,-28637.4863,28.6975,774.0148,-0.0002,0.0019,-3.1373,0.7826,-3.1414,-4701.1914,-28634.8984,25.0495,1
-4703.1636,-28634.3926,24.9425,-5248.0132,-28089.1797,21.9616,-4705.5220,-28646.6133,26.2537,777.8433,0.0013,0.0014,-3.1373,0.7799,-3.1415,-4701.3364,-28635.3516,25.0538,1
-4703.1636,-28634.3926,24.9425,-5247.9985,-28089.1953,21.9615,-4707.2534,-28640.9648,26.0026,772.5700,0.0003,0.0014,-3.1372,0.7772,-3.1415,-4701.5474,-28635.6465,25.0540,1
-4703.1636,-28634.3926,24.9425,-5247.9839,-28089.2090,21.9614,-4703.8057,-28633.9668,21.2919,769.9925,-0.0016,0.0005,-3.1371,0.7747,-3.1415,-4701.6587,-28635.7227,24.9045,1
-4703.1636,-28634.3926,24.9425,-5247.9702,-28089.2246,21.9613,-4712.9775,-28634.5352,26.5300,763.9335,-0.0005,0.0016,-3.1370,0.7727,-3.1415,-4702.0737,-28635.8066,24.9185,1
-4703.1636,-28634.3926,24.9425,-5247.9561,-28089.2363,21.9611,-4703.7573,-28644.7324,25.9051,777.6483,-0.0007,0.0015,-3.1368,0.7706,-3.1415,-4702.2085,-28636.2148,24.9163,1
-4703.1636,-28634.3926,24.9425,-5247.9429,-28089.2500,21.9609,-4711.0444,-28635.6797,23.3136,766.0562,-0.0013,0.0010,-3.1366,0.7686,-3.1415,-4702.5825,-28636.3438,24.8333,1
-4703.1636,-28634.3926,24.9425,-5247.9297,-28089.2637,21.9608,-4707.9336,-28635.5371,22.2810,768.1186,-0.0020,0.0008,-3.1365,0.7673,-3.1415,-4702.8696,-28636.4629,24.7146,1
-4703.1636,-28634.3926,24.9425,-5247.9165,-28089.2754,21.9606,-4705.1685,-28640.5469,28.4247,773.6332,-0.0018,0.0021,-3.1363,0.7666,-3.1416,-4703.0737,-28636.7363,24.7909,1
-4703.1636,-28634.3926,24.9425,-5247.9043,-28089.2871,21.9604,-4700.8511,-28641.7090,25.9118,777.4608,-0.0023,0.0016,-3.1362,0.7660,-3.1416,-4703.1387,-28637.0508,24.7951,1
-4703.1636,-28634.3926,24.9425,-5247.8921,-28089.2988,21.9603,-4707.2197,-28631.7324,23.3749,765.8700,-0.0029,0.0011,-3.1361,0.7658,-3.1416,-4703.4009,-28637.0469,24.7205,1
-4703.1636,-28634.3926,24.9425,-5247.8799,-28089.3086,21.9602,-4700.7324,-28630.5664,21.3115,769.6276,-0.0039,0.0006,-3.1361,0.7666,3.1416,-4703.4556,-28636.9883,24.5771,1
-4703.1636,-28634.3926,24.9425,-5247.8682,-28089.3203,21.9601,-4702.5171,-28637.7637,28.5560,773.4545,-0.0024,0.0021,-3.1361,0.7674,3.1415,-4703.5581,-28637.1445,24.6624,1
-4703.1636,-28634.3926,24.9425,-5247.8569,-28089.3301,21.9601,-4697.3818,-28638.0879,26.1256,777.2818,-0.0030,0.0016,-3.1360,0.7683,3.1415,-4703.4888,-28637.3086,24.6788,1
-4703.1636,-28634.3926,24.9425,-5247.8462,-28089.3398,21.9601,-4702.9092,-28627.2344,23.6660,765.6921,-0.0035,0.0011,-3.1360,0.7698,3.1415,-4703.5796,-28637.1152,24.6197,1
-4703.1636,-28634.3926,24.9425,-5247.8354,-28089.3496,21.9601,-4706.2793,-28635.9609,21.3759,769.4573,-0.0014,0.0007,-3.1361,0.7717,3.1415,-4703.7744,-28637.1816,24.4852,1
-4703.1636,-28634.3926,24.9425,-5247.8247,-28089.3594,21.9602,-4700.9907,-28637.2676,21.4010,774.0973,-0.0017,0.0007,-3.1361,0.7738,3.1415,-4703.8003,-28637.2852,24.3463,1
-4703.1636,-28634.3926,24.9425,-5247.8145,-28089.3691,21.9603,-4694.5288,-28635.0469,26.3723,777.1110,-0.0026,0.0017,-3.1363,0.7763,3.1415,-4703.6084,-28637.3125,24.3627,1
-4703.1636,-28634.3926,24.9425,-5247.8042,-28089.3770,21.9604,-4699.3950,-28623.4863,24.0139,765.5221,-0.0031,0.0012,-3.1364,0.7791,3.1415,-4703.5483,-28636.9531,24.3091,1
-4703.1636,-28634.3926,24.9425,-5247.7939,-28089.3867,21.9606,-4704.8398,-28634.3789,21.4714,769.2934,-0.0002,0.0006,-3.1366,0.7824,3.1415,-4703.6543,-28636.9180,24.1736,1
-4703.1636,-28634.3926,24.9425,-5247.7842,-28089.3945,21.9607,-4698.4536,-28633.3730,28.8913,773.1197,-0.0007,0.0021,-3.1368,0.7857,3.1415,-4703.5537,-28636.8418,24.2741,1
-4703.1636,-28634.3926,24.9425,-5247.7744,-28089.4043,21.9609,-4691.9619,-28632.2715,26.6263,776.9464,-0.0013,0.0016,-3.1370,0.7891,3.1415,-4703.2319,-28636.7246,24.3127,1
-4703.1636,-28634.3926,24.9425,-5247.7646,-28089.4121,21.9612,-4696.4424,-28620.2773,24.3004,765.3585,-0.0018,0.0011,-3.1371,0.7927,3.1415,-4703.0249,-28636.2012,24.2826,1
-4703.1636,-28634.3926,24.9425,-5247.7549,-28089.4219,21.9614,-4704.2280,-28633.6152,21.4688,769.1328,0.0018,0.0005,-3.1373,0.7959,3.1415,-4703.0571,-28636.0801,24.1615,1
-4703.1636,-28634.3926,24.9425,-5247.7456,-28089.4297,21.9616,-4698.0156,-28632.7754,28.8743,772.9587,0.0012,0.0020,-3.1374,0.7989,3.1416,-4702.8916,-28635.9277,24.2756,1
-4703.1636,-28634.3926,24.9425,-5247.7358,-28089.4395,21.9617,-4691.7295,-28631.8770,26.5785,776.7853,0.0007,0.0015,-3.1376,0.8019,3.1416,-4702.5137,-28635.7402,24.3262,1
-4703.1636,-28634.3926,24.9425,-5247.7266,-28089.4473,21.9619,-4703.1504,-28627.0020,24.2087,765.1981,0.0021,0.0010,-3.1377,0.8051,-3.1416,-4702.4814,-28635.3867,24.3062,1
-4703.1636,-28634.3926,24.9425,-5247.7173,-28089.4551,21.9620,-4703.9302,-28633.1621,21.4000,768.9738,0.0035,0.0004,-3.1378,0.8077,-3.1416,-4702.4771,-28635.2188,24.1951,1
-4703.1636,-28634.3926,24.9425,-5247.7080,-28089.4648,21.9621,-4698.1450,-28632.7539,28.7406,772.7996,0.0030,0.0019,-3.1378,0.8099,-3.1415,-4702.2905,-28635.0371,24.3165,1
-4703.1636,-28634.3926,24.9425,-5247.6987,-28089.4727,21.9622,-4692.3745,-28632.3809,26.3773,776.6258,0.0024,0.0014,-3.1379,0.8119,-3.1415,-4701.9116,-28634.8418,24.3715,1
-4703.1636,-28634.3926,24.9425,-5247.6895,-28089.4805,21.9622,-4693.5630,-28632.3770,26.5297,775.7613,0.0029,0.0014,-3.1379,0.8141,-3.1415,-4701.5522,-28634.6445,24.4362,1
-4703.1636,-28634.3926,24.9425,-5247.6807,-28089.4883,21.9623,-4703.6948,-28634.1602,29.7453,769.8304,0.0049,0.0021,-3.1379,0.8153,-3.1414,-4701.5054,-28634.5039,24.6105,1
-4703.1636,-28634.3926,24.9425,-5247.6714,-28089.4980,21.9623,-4697.7739,-28633.6914,24.7592,773.6512,0.0040,0.0010,-3.1379,0.8159,-3.1414,-4701.2759,-28634.3516,24.6338,1
-4703.1636,-28634.3926,24.9425,-5247.6626,-28089.5059,21.9623,-4694.1104,-28633.9961,26.1797,776.4674,0.0036,0.0013,-3.1379,0.8165,-3.1414,-4700.9248,-28634.2129,24.7025,1
-4703.1636,-28634.3926,24.9425,-5247.6533,-28089.5137,21.9622,-4707.3506,-28630.9180,23.7010,764.8818,0.0051,0.0008,-3.1378,0.8163,-3.1414,-4700.9922,-28633.9766,24.6935,1
-4703.1636,-28634.3926,24.9425,-5247.6445,-28089.5215,21.9622,-4704.5215,-28633.4473,21.2679,768.6591,0.0049,0.0003,-3.1378,0.8153,-3.1413,-4700.9858,-28633.8203,24.6025,1
-4703.1636,-28634.3926,24.9425,-5247.6357,-28089.5293,21.9622,-4710.4565,-28634.7812,28.2959,765.4366,0.0057,0.0018,-3.1377,0.8138,-3.1413,-4701.1851,-28633.7109,24.7328,1
-4703.1636,-28634.3926,24.9425,-5247.6270,-28089.5371,21.9621,-4703.9077,-28643.6289,26.0639,776.3101,0.0058,0.0013,-3.1377,0.8122,-3.1413,-4701.1929,-28633.8945,24.7969,1
-4703.1636,-28634.3926,24.9425,-5247.6182,-28089.5449,21.9620,-4711.1548,-28634.5352,23.5703,764.7251,0.0052,0.0008,-3.1377,0.8102,-3.1413,-4701.4473,-28633.8086,24.7821,1
-4703.1636,-28634.3926,24.9425,-5247.6094,-28089.5527,21.9620,-4704.7476,-28633.5195,21.2450,768.5034,0.0037,0.0004,-3.1376,0.8076,-3.1414,-4701.5156,-28633.6973,24.6884,1
-4703.1636,-28634.3926,24.9425,-5247.6006,-28089.5605,21.9619,-4701.7739,-28635.9414,28.4815,772.3284,0.0031,0.0019,-3.1376,0.8046,-3.1414,-4701.4951,-28633.6660,24.8214,1
-4703.1636,-28634.3926,24.9425,-5247.5923,-28089.5684,21.9619,-4705.7769,-28645.3027,26.0380,776.1539,0.0046,0.0014,-3.1376,0.8015,-3.1414,-4701.6050,-28633.9453,24.8826,1
-4703.1636,-28634.3926,24.9425,-5247.5835,-28089.5762,21.9618,-4713.9082,-28637.0781,23.5520,764.5696,0.0040,0.0009,-3.1376,0.7979,-3.1415,-4701.9932,-28633.9883,24.8648,1
-4703.1636,-28634.3926,24.9425,-5247.5752,-28089.5840,21.9618,-4704.7310,-28633.3496,21.2291,768.3491,0.0015,0.0004,-3.1375,0.7940,-3.1415,-4702.1069,-28633.9180,24.7679,1
-4703.1636,-28634.3926,24.9425,-5247.5669,-28089.5918,21.9617,-4709.3774,-28643.2812,28.4428,772.1740,0.0030,0.0019,-3.1375,0.7898,-3.1415,-4702.3750,-28634.1699,24.8968,1
-4703.1636,-28634.3926,24.9425,-5247.5591,-28089.5977,21.9617,-4707.2915,-28646.6230,25.9651,775.9992,0.0024,0.0014,-3.1374,0.7852,-3.1415,-4702.5894,-28634.5488,24.9527,1
-4703.1636,-28634.3926,24.9425,-5247.5513,-28089.6055,21.9616,-4715.9619,-28638.9199,23.4377,764.4157,0.0018,0.0009,-3.1373,0.7806,-3.1416,-4703.0977,-28634.7090,24.9278,1
-4703.1636,-28634.3926,24.9425,-5247.5435,-28089.6113,21.9615,-4704.2617,-28632.7266,21.1836,768.1979,-0.0015,0.0004,-3.1373,0.7764,3.1416,-4703.2485,-28634.6758,24.8257,1
-4703.1636,-28634.3926,24.9425,-5247.5361,-28089.6172,21.9614,-4708.6294,-28642.3984,28.3830,772.0225,-0.0000,0.0019,-3.1373,0.7726,3.1415,-4703.5391,-28634.9512,24.9488,1
-4703.1636,-28634.3926,24.9425,-5247.5288,-28089.6230,21.9613,-4706.1519,-28645.3594,25.9103,775.8476,-0.0006,0.0014,-3.1372,0.7688,3.1414,-4703.7559,-28635.3340,24.9989,1
-4703.1636,-28634.3926,24.9425,-5247.5215,-28089.6309,21.9612,-4714.3760,-28637.2246,23.4026,764.2646,-0.0011,0.0009,-3.1372,0.7650,3.1414,-4704.2437,-28635.4766,24.9686,1
-4703.1636,-28634.3926,24.9425,-5247.5146,-28089.6367,21.9612,-4707.3101,-28628.2129,23.9383,762.8137,-0.0040,0.0010,-3.1372,0.7620,3.1413,-4704.5176,-28635.3262,24.9517,1
-4703.1636,-28634.3926,24.9425,-5247.5078,-28089.6406,21.9611,-4706.7466,-28640.4004,28.4346,771.8754,-0.0027,0.0020,-3.1372,0.7592,3.1413,-4704.7729,-28635.5527,25.0781,1
-4703.1636,-28634.3926,24.9425,-5247.5010,-28089.6465,21.9611,-4703.5391,-28642.6445,26.0033,775.7003,-0.0033,0.0015,-3.1372,0.7566,3.1412,-4704.9224,-28635.8613,25.1323,1
-4703.1636,-28634.3926,24.9425,-5247.4946,-28089.6523,21.9610,-4710.9561,-28633.7168,23.5368,764.1180,-0.0038,0.0010,-3.1372,0.7544,3.1412,-4705.3042,-28635.8926,25.1073,1
-4703.1636,-28634.3926,24.9425,-5247.4888,-28089.6582,21.9610,-4701.9966,-28635.3867,27.3882,771.6225,-0.0051,0.0018,-3.1372,0.7534,3.1411,-4705.4004,-28635.9688,25.2033,1
-4703.1636,-28634.3926,24.9425,-5247.4824,-28089.6621,21.9610,-4703.7573,-28637.2949,28.5039,771.7325,-0.0046,0.0020,-3.1373,0.7528,3.1411,-4705.5396,-28636.1035,25.3394,1
-4703.1636,-28634.3926,24.9425,-5247.4766,-28089.6680,21.9611,-4706.3467,-28634.5840,26.1327,767.9623,-0.0047,0.0015,-3.1373,0.7527,3.1410,-4705.7520,-28636.1504,25.4046,1
-4703.1636,-28634.3926,24.9425,-5247.4707,-28089.6719,21.9611,-4707.4390,-28629.6504,26.5009,763.6910,-0.0052,0.0016,-3.1374,0.7531,3.1410,-4705.9956,-28636.0273,25.4823,1
-4703.1636,-28634.3926,24.9425,-5247.4648,-28089.6758,21.9612,-4705.9844,-28633.9824,21.2727,767.7693,-0.0045,0.0005,-3.1375,0.7546,3.1410,-4706.1880,-28636.0312,25.3903,1
-4703.1636,-28634.3926,24.9425,-5247.4595,-28089.6816,21.9613,-4700.3345,-28633.7188,28.6003,771.5933,-0.0050,0.0020,-3.1376,0.7565,3.1409,-4706.1909,-28636.0195,25.5260,1
-4703.1636,-28634.3926,24.9425,-5247.4541,-28089.6855,21.9614,-4694.3838,-28633.1699,26.2627,775.4180,-0.0056,0.0015,-3.1377,0.7589,3.1409,-4705.9839,-28635.9844,25.5915,1
-4703.1636,-28634.3926,24.9425,-5247.4487,-28089.6914,21.9615,-4705.9399,-28628.4082,23.8790,763.8366,-0.0042,0.0010,-3.1378,0.7619,3.1410,-4706.1182,-28635.7812,25.5792,1
-4703.1636,-28634.3926,24.9425,-5247.4434,-28089.6953,21.9616,-4704.1543,-28632.0039,21.2788,767.6323,-0.0033,0.0004,-3.1379,0.7655,3.1410,-4706.1899,-28635.6816,25.4774,1
-4703.1636,-28634.3926,24.9425,-5247.4380,-28089.7012,21.9617,-4697.3887,-28630.5859,28.6104,771.4562,-0.0039,0.0019,-3.1380,0.7695,3.1410,-4706.0337,-28635.5273,25.6036,1
-4703.1636,-28634.3926,24.9425,-5247.4326,-28089.7051,21.9618,-4690.4365,-28628.9668,26.2674,775.2806,-0.0044,0.0014,-3.1380,0.7738,3.1410,-4705.6313,-28635.3105,25.6593,1
-4703.1636,-28634.3926,24.9425,-5247.4277,-28089.7090,21.9619,-4701.1152,-28623.3574,23.8687,763.6998,-0.0030,0.0009,-3.1381,0.7784,3.1411,-4705.5352,-28634.8926,25.6370,1
-4703.1636,-28634.3926,24.9425,-5247.4224,-28089.7148,21.9620,-4702.9106,-28630.6016,21.2429,767.4964,-0.0009,0.0004,-3.1381,0.7831,3.1411,-4705.4873,-28634.6895,25.5243,1
-4703.1636,-28634.3926,24.9425,-5247.4175,-28089.7188,21.9620,-4695.6743,-28628.6816,28.5452,771.3202,-0.0015,0.0019,-3.1381,0.7880,3.1412,-4705.1982,-28634.4180,25.6388,1
-4703.1636,-28634.3926,24.9425,-5247.4126,-28089.7227,21.9621,-4688.2466,-28626.5391,26.1709,775.1445,-0.0020,0.0014,-3.1381,0.7932,3.1412,-4704.6494,-28634.0684,25.6819,1
-4703.1636,-28634.3926,24.9425,-5247.4077,-28089.7285,21.9621,-4698.7559,-28620.7773,23.7402,763.5640,-0.0006,0.0009,-3.1381,0.7982,3.1413,-4704.4019,-28633.5117,25.6459,1
-4703.1636,-28634.3926,24.9425,-5247.4028,-28089.7324,21.9621,-4702.2744,-28629.8066,21.1872,767.3611,0.0020,0.0003,-3.1381,0.8028,3.1414,-4704.2593,-28633.2305,25.5220,1
-4703.1636,-28634.3926,24.9425,-5247.3979,-28089.7363,21.9621,-4695.2188,-28628.0586,28.4338,771.1849,0.0015,0.0018,-3.1380,0.8074,3.1415,-4703.8862,-28632.8906,25.6235,1
-4703.1636,-28634.3926,24.9425,-5247.3931,-28089.7422,21.9621,-4694.8589,-28633.1895,25.9978,775.0090,0.0029,0.0013,-3.1379,0.8121,3.1415,-4703.4873,-28632.7109,25.6519,1
-4703.1636,-28634.3926,24.9425,-5247.3887,-28089.7461,21.9621,-4698.9307,-28620.8008,23.5034,763.4289,0.0024,0.0008,-3.1378,0.8164,-3.1416,-4703.2026,-28632.1348,25.5990,1
-4703.1636,-28634.3926,24.9425,-5247.3838,-28089.7500,21.9620,-4702.2100,-28629.5879,21.1181,767.2273,0.0047,0.0003,-3.1377,0.8199,-3.1415,-4703.0205,-28631.8262,25.4635,1
-4703.1636,-28634.3926,24.9425,-5247.3794,-28089.7539,21.9619,-4695.9395,-28628.6445,28.3232,771.0509,0.0042,0.0018,-3.1375,0.8230,-3.1414,-4702.6387,-28631.4922,25.5526,1
-4703.1636,-28634.3926,24.9425,-5247.3750,-28089.7578,21.9618,-4696.5171,-28634.7148,25.8612,774.8748,0.0056,0.0013,-3.1374,0.8260,-3.1413,-4702.2671,-28631.3555,25.5679,1
-4703.1636,-28634.3926,24.9425,-5247.3706,-28089.7617,21.9618,-4701.5669,-28623.3535,23.3590,763.2952,0.0051,0.0008,-3.1373,0.8284,-3.1413,-4702.0518,-28630.8633,25.5019,1
-4703.1636,-28634.3926,24.9425,-5247.3662,-28089.7637,21.9617,-4697.7935,-28634.0820,24.9891,773.5087,0.0063,0.0012,-3.1372,0.8298,-3.1412,-4701.7197,-28630.7129,25.4846,1
-4703.1636,-28634.3926,24.9425,-5247.3623,-28089.7676,21.9616,-4704.5957,-28637.2070,28.3200,770.9191,0.0079,0.0019,-3.1371,0.8305,-3.1412,-4701.6060,-28630.6816,25.5743,1
-4703.1636,-28634.3926,24.9425,-5247.3579,-28089.7715,21.9616,-4700.0566,-28638.1152,25.8763,774.7431,0.0073,0.0014,-3.1371,0.8303,-3.1411,-4701.3589,-28630.6992,25.5906,1
-4703.1636,-28634.3926,24.9425,-5247.3540,-28089.7734,21.9615,-4706.6826,-28628.3789,23.3975,763.1638,0.0067,0.0009,-3.1370,0.8297,-3.1411,-4701.3320,-28630.4238,25.5263,1
-4703.1636,-28634.3926,24.9425,-5247.3501,-28089.7773,21.9615,-4703.6675,-28630.7480,21.1217,766.9666,0.0064,0.0004,-3.1370,0.8281,-3.1411,-4701.2241,-28630.2285,25.3832,1
-4703.1636,-28634.3926,24.9425,-5247.3462,-28089.7793,21.9615,-4707.1294,-28639.5527,28.3636,770.7899,0.0078,0.0019,-3.1370,0.8259,-3.1411,-4701.2402,-28630.3281,25.4666,1
-4703.1636,-28634.3926,24.9425,-5247.3423,-28089.7832,21.9615,-4706.5093,-28639.8594,26.2693,771.4235,0.0073,0.0015,-3.1370,0.8229,-3.1412,-4701.2539,-28630.4648,25.4886,1
-4703.1636,-28634.3926,24.9425,-5247.3384,-28089.7852,21.9615,-4712.2603,-28633.7656,23.5021,763.0346,0.0067,0.0009,-3.1370,0.8195,-3.1412,-4701.4751,-28630.4297,25.4221,1
-4703.1636,-28634.3926,24.9425,-5247.3345,-28089.7871,21.9615,-4704.3560,-28631.2832,21.1377,766.8397,0.0045,0.0004,-3.1371,0.8153,-3.1412,-4701.4644,-28630.3242,25.2747,1
-4703.1636,-28634.3926,24.9425,-5247.3311,-28089.7891,21.9615,-4709.4033,-28641.6250,28.4049,770.6628,0.0060,0.0019,-3.1371,0.8103,-3.1413,-4701.6270,-28630.5625,25.3551,1
-4703.1636,-28634.3926,24.9425,-5247.3271,-28089.7930,21.9615,-4707.8745,-28645.5000,26.0171,774.4865,0.0054,0.0014,-3.1372,0.8047,-3.1413,-4701.7588,-28630.9512,25.3651,1
-4703.1636,-28634.3926,24.9425,-5247.3237,-28089.7949,21.9615,-4716.4707,-28641.2363,28.0923,765.4549,0.0052,0.0018,-3.1373,0.7990,-3.1414,-4702.1895,-28631.2422,25.4450,1
-4703.1636,-28634.3926,24.9425,-5247.3203,-28089.7969,21.9616,-4711.4810,-28638.1855,21.1412,766.7148,0.0031,0.0004,-3.1374,0.7931,-3.1415,-4702.4893,-28631.4551,25.3041,1
-4703.1636,-28634.3926,24.9425,-5247.3169,-28089.7988,21.9616,-4710.3862,-28642.4316,28.4210,770.5379,0.0025,0.0019,-3.1375,0.7868,-3.1416,-4702.7715,-28631.8184,25.3911,1
-4703.1636,-28634.3926,24.9425,-5247.3135,-28089.8008,21.9617,-4709.3926,-28646.8164,26.0428,774.3615,0.0020,0.0014,-3.1376,0.7803,3.1415,-4703.0356,-28632.3457,25.4078,1
-4703.1636,-28634.3926,24.9425,-5247.3105,-28089.8027,21.9617,-4719.0811,-28640.0879,23.6174,762.7831,0.0014,0.0009,-3.1377,0.7738,3.1414,-4703.6328,-28632.6895,25.3469,1
-4703.1636,-28634.3926,24.9425,-5247.3071,-28089.8047,21.9617,-4710.8149,-28637.3809,21.1308,766.5916,-0.0012,0.0004,-3.1378,0.7679,3.1413,-4703.9888,-28632.9570,25.2015,1
-4703.1636,-28634.3926,24.9425,-5247.3042,-28089.8066,21.9618,-4709.4458,-28641.3633,28.4076,770.4146,-0.0017,0.0019,-3.1379,0.7621,3.1412,-4704.3101,-28633.3574,25.2843,1
-4703.1636,-28634.3926,24.9425,-5247.3008,-28089.8086,21.9618,-4707.9683,-28645.2871,26.0249,774.2381,-0.0023,0.0014,-3.1380,0.7564,3.1411,-4704.5889,-28633.8965,25.2971,1
-4703.1636,-28634.3926,24.9425,-5247.2979,-28089.8105,21.9618,-4724.0391,-28644.6543,23.5957,762.6599,-0.0008,0.0009,-3.1380,0.7509,3.1411,-4705.3984,-28634.4414,25.2326,1
-4703.1636,-28634.3926,24.9425,-5247.2949,-28089.8125,21.9619,-4709.5171,-28635.9551,21.1091,766.4695,-0.0050,0.0003,-3.1381,0.7462,3.1410,-4705.7656,-28634.7148,25.0841,1
-4703.1636,-28634.3926,24.9425,-5247.2925,-28089.8145,21.9619,-4707.1558,-28638.9688,28.3736,770.2925,-0.0056,0.0018,-3.1382,0.7422,3.1409,-4706.0557,-28635.0820,25.1638,1
-4703.1636,-28634.3926,24.9425,-5247.2896,-28089.8164,21.9619,-4704.4185,-28641.6660,25.9789,774.1160,-0.0061,0.0013,-3.1382,0.7388,3.1408,-4706.2515,-28635.5352,25.1735,1
-4703.1636,-28634.3926,24.9425,-5247.2871,-28089.8164,21.9619,-4719.0220,-28639.7266,23.5394,762.5380,-0.0047,0.0008,-3.1383,0.7360,3.1408,-4706.9126,-28635.9336,25.1059,1
-4703.1636,-28634.3926,24.9425,-5247.2847,-28089.8184,21.9619,-4703.4155,-28642.5820,22.6818,775.4598,-0.0068,0.0007,-3.1383,0.7343,3.1407,-4707.0825,-28636.4219,25.0085,1
-4703.1636,-28634.3926,24.9425,-5247.2817,-28089.8203,21.9619,-4702.9155,-28634.6113,28.3346,770.1715,-0.0082,0.0018,-3.1384,0.7337,3.1407,-4707.2178,-28636.6562,25.0898,1
-4703.1636,-28634.3926,24.9425,-5247.2798,-28089.8223,21.9619,-4709.8613,-28631.3711,23.6676,762.9492,-0.0076,0.0009,-3.1384,0.7337,3.1406,-4707.5610,-28636.7695,25.0271,1
-4703.1636,-28634.3926,24.9425,-5247.2773,-28089.8242,21.9619,-4711.1396,-28631.8926,23.4781,762.4171,-0.0073,0.0008,-3.1384,0.7342,3.1406,-4707.9424,-28636.8789,24.9557,1
-4703.1636,-28634.3926,24.9425,-5247.2749,-28089.8262,21.9619,-4699.4258,-28630.6113,24.3679,769.7977,-0.0089,0.0010,-3.1384,0.7360,3.1406,-4707.9404,-28636.9277,24.9112,1
-4703.1636,-28634.3926,24.9425,-5247.2729,-28089.8281,21.9619,-4698.4644,-28629.9746,28.3016,770.0516,-0.0087,0.0018,-3.1384,0.7389,3.1406,-4707.8799,-28636.9336,24.9940,1
-4703.1636,-28634.3926,24.9425,-5247.2710,-28089.8301,21.9619,-4698.5557,-28635.5273,25.8927,773.8749,-0.0072,0.0013,-3.1384,0.7428,3.1406,-4707.7954,-28637.0977,25.0066,1
-4703.1636,-28634.3926,24.9425,-5247.2690,-28089.8320,21.9619,-4691.6499,-28633.9863,23.4537,777.6982,-0.0078,0.0008,-3.1384,0.7470,3.1406,-4707.4629,-28637.2031,24.9431,1
-4703.1636,-28634.3926,24.9425,-5247.2671,-28089.8340,21.9619,-4702.2383,-28628.2285,21.0440,766.1097,-0.0063,0.0003,-3.1383,0.7520,3.1407,-4707.4282,-28637.1035,24.7974,1
-4703.1636,-28634.3926,24.9425,-5247.2651,-28089.8359,21.9618,-4694.4336,-28625.6934,28.2813,769.9330,-0.0068,0.0018,-3.1383,0.7580,3.1407,-4707.1250,-28636.8984,24.8799,1
-4703.1636,-28634.3926,24.9425,-5247.2637,-28089.8359,21.9618,-4693.0557,-28629.7832,25.8718,773.7559,-0.0054,0.0013,-3.1383,0.7645,3.1408,-4706.7480,-28636.7969,24.8924,1
-4703.1636,-28634.3926,24.9425,-5247.2617,-28089.8379,21.9618,-4684.7432,-28626.6836,23.4351,777.5791,-0.0060,0.0008,-3.1382,0.7713,3.1408,-4706.0742,-28636.5781,24.8291,1
-4703.1636,-28634.3926,24.9425,-5247.2603,-28089.8398,21.9618,-4700.2373,-28626.0391,21.0357,765.9917,-0.0026,0.0003,-3.1382,0.7788,3.1409,-4705.8486,-28636.3086,24.6844,1
-4703.1636,-28634.3926,24.9425,-5247.2588,-28089.8418,21.9618,-4698.1431,-28629.3379,28.2851,769.8149,-0.0012,0.0018,-3.1381,0.7868,3.1410,-4705.5449,-28636.1230,24.7685,1
-4703.1636,-28634.3926,24.9425,-5247.2568,-28089.8438,21.9618,-4689.3110,-28625.7578,25.8855,773.6377,-0.0017,0.0013,-3.1381,0.7946,3.1411,-4704.9424,-28635.8066,24.7832,1
-4703.1636,-28634.3926,24.9425,-5247.2554,-28089.8457,21.9619,-4680.4512,-28621.9922,23.4665,777.4609,-0.0023,0.0008,-3.1380,0.8025,3.1412,-4704.0269,-28635.3496,24.7230,1
-4703.1636,-28634.3926,24.9425,-5247.2539,-28089.8457,21.9619,-4699.5566,-28625.1895,21.0386,765.8746,0.0021,0.0003,-3.1379,0.8100,3.1413,-4703.6772,-28634.9609,24.5808,1
-4703.1636,-28634.3926,24.9425,-5247.2524,-28089.8477,21.9619,-4697.7144,-28628.7461,28.2986,769.6978,0.0036,0.0018,-3.1379,0.8175,3.1414,-4703.2666,-28634.6699,24.6681,1
-4703.1636,-28634.3926,24.9425,-5247.2510,-28089.8496,21.9619,-4689.3413,-28625.6309,25.9096,773.5204,0.0030,0.0013,-3.1378,0.8245,3.1415,-4702.5811,-28634.2695,24.6866,1
-4703.1636,-28634.3926,24.9425,-5247.2495,-28089.8516,21.9619,-4681.0781,-28622.5000,23.4976,777.3437,0.0024,0.0008,-3.1378,0.8312,-3.1416,-4701.6113,-28633.7559,24.6307,1
-4703.1636,-28634.3926,24.9425,-5247.2480,-28089.8535,21.9620,-4699.8794,-28625.3652,21.0289,765.7579,0.0065,0.0003,-3.1377,0.8370,-3.1415,-4701.2109,-28633.3105,24.4917,1
-4703.1636,-28634.3926,24.9425,-5247.2461,-28089.8535,21.9620,-4699.6074,-28630.5156,28.2854,769.5810,0.0079,0.0018,-3.1376,0.8415,-3.1413,-4700.8101,-28633.0215,24.5823,1
-4703.1636,-28634.3926,24.9425,-5247.2446,-28089.8555,21.9620,-4692.9043,-28629.1621,25.8938,773.4037,0.0074,0.0013,-3.1376,0.8454,-3.1412,-4700.2021,-28632.6914,24.6041,1
-4703.1636,-28634.3926,24.9425,-5247.2432,-28089.8574,21.9620,-4686.3784,-28627.9219,23.4745,777.2268,0.0068,0.0008,-3.1375,0.8489,-3.1412,-4699.3818,-28632.3203,24.5513,1
-4703.1636,-28634.3926,24.9425,-5247.2402,-28089.8594,21.9622,-4698.4824,-28640.5801,20.5440,777.4511,0.0107,0.0002,-3.1378,0.8509,-3.1411,-4698.9351,-28632.3535,24.4025,1
-4703.1636,-28634.3926,24.9425,-5247.2349,-28089.8633,21.9628,-4702.0679,-28637.1543,22.9457,772.4850,0.0108,0.0005,-3.1386,0.8516,-3.1411,-4698.6172,-28632.3047,24.3230,1
-4703.1636,-28634.3926,24.9425,-5247.2266,-28089.8711,21.9639,-4698.5020,-28634.7070,27.7677,773.2872,0.0099,0.0013,-3.1399,0.8514,-3.1410,-4698.2051,-28632.1934,24.3976,1
-4703.1636,-28634.3926,24.9425,-5247.2139,-28089.8809,21.9655,-4694.1494,-28635.7754,26.8722,777.1104,0.0094,0.0008,3.1413,0.8509,-3.1410,-4697.6675,-28632.1270,24.4513,1
-4703.1636,-28634.3926,24.9425,-5247.1978,-28089.8945,21.9675,-4709.4390,-28634.6875,22.7490,765.4977,0.0112,-0.0004,3.1390,0.8490,-3.1410,-4697.6338,-28632.0410,24.3776,1
-4703.1636,-28634.3926,24.9425,-5247.1777,-28089.9121,21.9699,-4706.7036,-28637.3145,31.8676,769.3207,0.0106,0.0011,3.1366,0.8457,-3.1410,-4697.5488,-28632.0508,24.5976,1
-4703.1636,-28634.3926,24.9425,-5247.1548,-28089.9316,21.9723,-4704.4258,-28640.4883,31.2596,773.1431,0.0101,0.0006,3.1343,0.8414,-3.1409,-4697.4209,-28632.1797,24.8132,1
-4703.1636,-28634.3926,24.9425,-5247.1284,-28089.9551,21.9746,-4702.4443,-28643.9629,30.4094,776.9661,0.0095,0.0001,3.1323,0.8366,-3.1409,-4697.2549,-28632.4414,25.0144,1
-4703.1636,-28634.3926,24.9425,-5247.1001,-28089.9785,21.9766,-4711.1548,-28636.2480,22.1617,765.2825,0.0087,-0.0019,3.1309,0.8303,-3.1408,-4697.3984,-28632.4863,24.9596,1
-4703.1636,-28634.3926,24.9425,-5247.0693,-28090.0059,21.9782,-4710.6553,-28641.1074,30.2152,769.1049,0.0081,-0.0004,3.1299,0.8228,-3.1406,-4697.5635,-28632.6992,25.1597,1
-4703.1636,-28634.3926,24.9425,-5247.0366,-28090.0332,21.9792,-4710.4590,-28646.3223,28.2257,772.9268,0.0076,-0.0009,3.1295,0.8148,-3.1405,-4697.7573,-28633.0996,25.3045,1
-4703.1636,-28634.3926,24.9425,-5247.0024,-28090.0645,21.9796,-4717.5537,-28658.3965,25.8040,776.7492,0.0090,-0.0014,3.1296,0.8065,-3.1404,-4698.2124,-28633.9160,25.3758,1
-4703.1636,-28634.3926,24.9425,-5246.9668,-28090.0938,21.9795,-4711.9453,-28636.8848,20.6017,765.0109,0.0037,-0.0024,3.1301,0.7975,-3.1403,-4698.5410,-28634.0957,25.2763,1
-4703.1636,-28634.3926,24.9425,-5246.9297,-28090.1270,21.9788,-4712.4917,-28642.8008,27.1523,768.8325,0.0031,-0.0009,3.1310,0.7882,-3.1402,-4698.9189,-28634.4688,25.3785,1
-4703.1636,-28634.3926,24.9425,-5246.8921,-28090.1582,21.9777,-4713.1318,-28648.8027,23.7874,772.6535,0.0026,-0.0014,3.1323,0.7787,-3.1402,-4699.3467,-28635.0488,25.3740,1
-4703.1636,-28634.3926,24.9425,-5246.8535,-28090.1914,21.9762,-4720.9395,-28661.4316,20.1686,776.4752,0.0040,-0.0019,3.1337,0.7692,-3.1403,-4700.0547,-28636.0605,25.2483,1
-4703.1636,-28634.3926,24.9425,-5246.8145,-28090.2266,21.9744,-4711.3667,-28636.1738,19.6477,764.7061,-0.0025,-0.0017,3.1353,0.7601,-3.1404,-4700.5044,-28636.3086,25.0908,1
-4703.1636,-28634.3926,24.9425,-5246.7754,-28090.2598,21.9724,-4711.6021,-28641.8125,25.4751,768.5266,-0.0030,-0.0002,3.1370,0.7512,-3.1407,-4700.9805,-28636.7305,25.1110,1
-4703.1636,-28634.3926,24.9425,-5246.7358,-28090.2930,21.9703,-4718.6987,-28653.9355,21.6168,772.3468,-0.0016,-0.0007,3.1386,0.7428,-3.1409,-4701.7041,-28637.5469,25.0068,1
-4703.1636,-28634.3926,24.9425,-5246.6963,-28090.3281,21.9682,-4718.9512,-28659.4473,17.7433,776.1674,-0.0022,-0.0012,3.1403,0.7342,-3.1412,-4702.4644,-28638.5664,24.7708,1
-4703.1636,-28634.3926,24.9425,-5246.6572,-28090.3613,21.9661,-4709.6201,-28634.3027,19.5922,764.3885,-0.0083,-0.0006,-3.1414,0.7270,-3.1416,-4702.9565,-28638.8066,24.5767,1
-4703.1636,-28634.3926,24.9425,-5246.6182,-28090.3965,21.9642,-4708.3018,-28638.4395,25.5551,768.2081,-0.0088,0.0009,-3.1400,0.7209,3.1412,-4703.4102,-28639.1602,24.5676,1
-4703.1636,-28634.3926,24.9425,-5246.5791,-28090.4297,21.9625,-4709.8843,-28648.8164,25.7582,774.4973,-0.0079,0.0012,-3.1388,0.7159,3.1408,-4703.9150,-28639.8340,24.5682,1
-4703.1636,-28634.3926,24.9425,-5246.5410,-28090.4629,21.9609,-4711.4810,-28652.2793,18.5557,775.8467,-0.0079,-0.0001,-3.1377,0.7111,3.1405,-4704.4741,-28640.6270,24.3405,1
-4703.1636,-28634.3926,24.9425,-5246.5034,-28090.4961,21.9596,-4709.0254,-28632.3008,26.7659,763.1837,-0.0116,0.0018,-3.1369,0.7084,3.1402,-4704.9604,-28640.7832,24.3674,1
-4703.1636,-28634.3926,24.9425,-5246.4658,-28090.5273,21.9586,-4709.8105,-28633.4707,23.8154,763.4029,-0.0115,0.0013,-3.1362,0.7072,3.1399,-4705.4702,-28640.9453,24.3046,1
-4703.1636,-28634.3926,24.9425,-5246.4292,-28090.5605,21.9578,-4704.8857,-28640.3535,23.7108,771.7101,-0.0113,0.0014,-3.1356,0.7070,3.1397,-4705.8164,-28641.3047,24.2391,1
-4703.1636,-28634.3926,24.9425,-5246.3936,-28090.5918,21.9572,-4704.2510,-28635.0469,19.1771,768.3456,-0.0121,0.0006,-3.1352,0.7073,3.1396,-4706.1274,-28641.4746,24.0263,1
-4703.1636,-28634.3926,24.9425,-5246.3579,-28090.6230,21.9569,-4703.0176,-28627.3984,20.6919,763.7696,-0.0130,0.0009,-3.1350,0.7099,3.1395,-4706.3818,-28641.3672,23.8534,1
-4703.1636,-28634.3926,24.9425,-5246.3232,-28090.6543,21.9568,-4702.8447,-28632.6855,27.8235,767.5872,-0.0115,0.0024,-3.1349,0.7142,3.1395,-4706.6113,-28641.3926,23.9085,1
-4703.1636,-28634.3926,24.9425,-5246.2886,-28090.6836,21.9568,-4695.3096,-28630.5762,25.4350,771.4042,-0.0121,0.0019,-3.1349,0.7196,3.1395,-4706.5776,-28641.3203,23.8966,1
-4703.1636,-28634.3926,24.9425,-5246.2549,-28090.7148,21.9570,-4687.3740,-28627.9551,23.1185,775.2217,-0.0126,0.0014,-3.1350,0.7257,3.1396,-4706.2549,-28641.1348,23.8151,1
-4703.1636,-28634.3926,24.9425,-5246.2217,-28090.7441,21.9573,-4699.6343,-28623.7969,21.0876,763.4781,-0.0103,0.0009,-3.1352,0.7333,3.1397,-4706.2734,-28640.7676,23.6671,1
-4703.1636,-28634.3926,24.9425,-5246.1890,-28090.7734,21.9577,-4697.0444,-28626.6367,28.5592,767.2947,-0.0088,0.0024,-3.1354,0.7421,3.1398,-4706.1860,-28640.4531,23.7594,1
-4703.1636,-28634.3926,24.9425,-5246.1567,-28090.8027,21.9582,-4687.3159,-28622.1211,26.4478,771.1108,-0.0094,0.0019,-3.1357,0.7516,3.1400,-4705.7583,-28639.9609,23.7951,1
-4703.1636,-28634.3926,24.9425,-5246.1245,-28090.8320,21.9587,-4677.2134,-28617.0020,24.3417,774.9274,-0.0099,0.0014,-3.1360,0.7619,3.1401,-4704.9614,-28639.2637,23.7698,1
-4703.1636,-28634.3926,24.9425,-5246.0933,-28090.8613,21.9592,-4703.8687,-28627.9512,21.2163,763.1970,-0.0027,0.0007,-3.1363,0.7730,3.1403,-4704.9600,-28638.8633,23.6451,1
-4703.1636,-28634.3926,24.9425,-5246.0620,-28090.8887,21.9597,-4693.2275,-28622.5352,28.7502,767.0128,-0.0033,0.0022,-3.1366,0.7843,3.1405,-4704.6084,-28638.2676,23.7626,1
-4703.1636,-28634.3926,24.9425,-5246.0312,-28090.9180,21.9602,-4682.4517,-28616.7891,26.6610,770.8281,-0.0038,0.0017,-3.1369,0.7959,3.1407,-4703.8838,-28637.4551,23.8238,1
-4703.1636,-28634.3926,24.9425,-5246.0005,-28090.9453,21.9607,-4671.5337,-28610.6191,24.5302,774.6439,-0.0044,0.0012,-3.1371,0.8078,3.1409,-4702.7642,-28636.4062,23.8231,1
-4703.1636,-28634.3926,24.9425,-5245.9702,-28090.9727,21.9611,-4702.9551,-28626.8730,21.1356,762.9233,0.0044,0.0005,-3.1373,0.8194,3.1410,-4702.5938,-28635.8281,23.7138,1
-4703.1636,-28634.3926,24.9425,-5245.9399,-28091.0000,21.9614,-4692.5371,-28621.6582,28.5694,766.7383,0.0038,0.0020,-3.1374,0.8303,3.1412,-4702.0908,-28635.0723,23.8424,1
-4703.1636,-28634.3926,24.9425,-5245.9097,-28091.0273,21.9617,-4682.3081,-28616.4727,26.3598,770.5527,0.0033,0.0015,-3.1376,0.8409,3.1414,-4701.2427,-28634.1289,23.9098,1
-4703.1636,-28634.3926,24.9425,-5245.8799,-28091.0547,21.9620,-4672.1631,-28611.1465,24.0920,774.3676,0.0027,0.0010,-3.1376,0.8513,3.1416,-4700.0356,-28632.9922,23.9093,1
-4703.1636,-28634.3926,24.9425,-5245.8506,-28091.0820,21.9621,-4703.9907,-28627.7676,20.9785,762.6545,0.0111,0.0003,-3.1376,0.8598,-3.1414,-4699.8076,-28632.3535,23.8075,1
-4703.1636,-28634.3926,24.9425,-5245.8208,-28091.1074,21.9622,-4695.6021,-28624.6836,28.2629,766.4687,0.0105,0.0018,-3.1376,0.8668,-3.1412,-4699.3267,-28631.6211,23.9378,1
-4703.1636,-28634.3926,24.9425,-5245.7915,-28091.1348,21.9623,-4687.6274,-28621.9629,25.9094,770.2823,0.0100,0.0013,-3.1375,0.8731,-3.1411,-4698.5903,-28630.8047,24.0009,1
-4703.1636,-28634.3926,24.9425,-5245.7622,-28091.1602,21.9623,-4686.5693,-28626.4453,23.5024,774.0964,0.0114,0.0008,-3.1375,0.8789,-3.1410,-4697.8105,-28630.1309,23.9901,1
-4703.1636,-28634.3926,24.9425,-5245.7334,-28091.1875,21.9623,-4703.0054,-28629.1758,25.2579,764.1930,0.0147,0.0012,-3.1373,0.8820,-3.1408,-4697.5522,-28629.5547,24.0352,1
-4703.1636,-28634.3926,24.9425,-5245.7041,-28091.2129,21.9622,-4700.9434,-28629.9844,28.0157,766.2029,0.0147,0.0017,-3.1372,0.8832,-3.1407,-4697.2529,-28629.0215,24.1728,1
-4703.1636,-28634.3926,24.9425,-5245.6753,-28091.2383,21.9621,-4696.2842,-28630.7637,25.5676,770.0158,0.0141,0.0012,-3.1371,0.8833,-3.1406,-4696.8232,-28628.5352,24.2383,1
-4703.1636,-28634.3926,24.9425,-5245.6465,-28091.2637,21.9620,-4698.8340,-28638.8125,23.0815,773.8292,0.0156,0.0007,-3.1370,0.8826,-3.1406,-4696.4878,-28628.3320,24.2255,1
-4703.1636,-28634.3926,24.9425,-5245.6182,-28091.2891,21.9619,-4709.0845,-28632.5586,20.7740,762.1287,0.0156,0.0003,-3.1368,0.8791,-3.1405,-4696.5088,-28627.9688,24.1332,1
-4703.1636,-28634.3926,24.9425,-5245.5898,-28091.3125,21.9618,-4707.4351,-28636.3164,27.9022,765.9413,0.0151,0.0018,-3.1367,0.8737,-3.1405,-4696.5146,-28627.7539,24.2660,1
-4703.1636,-28634.3926,24.9425,-5245.5615,-28091.3379,21.9617,-4713.3979,-28647.5000,25.4265,769.7534,0.0165,0.0013,-3.1366,0.8671,-3.1405,-4696.7476,-28627.9375,24.3254,1
-4703.1636,-28634.3926,24.9425,-5245.5337,-28091.3613,21.9616,-4713.2285,-28652.6621,22.9331,773.5660,0.0160,0.0008,-3.1366,0.8591,-3.1405,-4697.0186,-28628.3398,24.3057,1
-4703.1636,-28634.3926,24.9425,-5245.5059,-28091.3848,21.9614,-4711.8369,-28635.1191,20.7670,761.8725,0.0117,0.0003,-3.1365,0.8493,-3.1406,-4697.2959,-28628.2461,24.2105,1
-4703.1636,-28634.3926,24.9425,-5245.4780,-28091.4082,21.9613,-4713.3647,-28641.9551,27.9101,765.6843,0.0111,0.0018,-3.1365,0.8381,-3.1407,-4697.6592,-28628.4004,24.3408,1
-4703.1636,-28634.3926,24.9425,-5245.4507,-28091.4316,21.9613,-4722.4600,-28655.8770,25.4637,769.4957,0.0126,0.0013,-3.1366,0.8262,-3.1409,-4698.3550,-28629.0430,24.3985,1
-4703.1636,-28634.3926,24.9425,-5245.4233,-28091.4551,21.9612,-4725.2671,-28663.6836,23.0067,773.3076,0.0120,0.0008,-3.1366,0.8131,-3.1410,-4699.1934,-28630.0000,24.3782,1
-4703.1636,-28634.3926,24.9425,-5245.3960,-28091.4785,21.9612,-4713.3223,-28636.4238,20.7946,761.6215,0.0041,0.0004,-3.1367,0.7994,-3.1412,-4699.7095,-28630.1562,24.2808,1
-4703.1636,-28634.3926,24.9425,-5245.3691,-28091.5000,21.9611,-4716.5273,-28644.8418,27.9787,765.4325,0.0036,0.0019,-3.1368,0.7852,-3.1414,-4700.3560,-28630.6035,24.4103,1
-4703.1636,-28634.3926,24.9425,-5245.3428,-28091.5234,21.9611,-4727.3281,-28660.1973,25.5795,769.2432,0.0050,0.0014,-3.1369,0.7703,-3.1416,-4701.3828,-28631.5781,24.4688,1
-4703.1636,-28634.3926,24.9425,-5245.3164,-28091.5449,21.9611,-4731.4795,-28669.1152,23.1670,773.0543,0.0045,0.0009,-3.1371,0.7551,3.1414,-4702.5903,-28632.8984,24.4507,1
-4703.1636,-28634.3926,24.9425,-5245.2900,-28091.5664,21.9611,-4712.9424,-28635.9004,20.8230,761.3757,-0.0053,0.0004,-3.1372,0.7408,3.1412,-4703.2583,-28633.2207,24.3515,1
-4703.1636,-28634.3926,24.9425,-5245.2642,-28091.5879,21.9611,-4722.7422,-28650.5625,28.0449,765.1862,-0.0039,0.0019,-3.1374,0.7273,3.1410,-4704.2544,-28634.0195,24.4805,1
-4703.1636,-28634.3926,24.9425,-5245.2388,-28091.6094,21.9611,-4725.6445,-28658.5039,25.6793,768.9961,-0.0044,0.0014,-3.1376,0.7140,3.1408,-4705.3696,-28635.1016,24.5394,1
-4703.1636,-28634.3926,24.9425,-5245.2134,-28091.6309,21.9612,-4728.4976,-28666.2930,23.2930,772.8065,-0.0050,0.0009,-3.1377,0.7010,3.1406,-4706.6040,-28636.4727,24.5228,1
-4703.1636,-28634.3926,24.9425,-5245.1880,-28091.6523,21.9612,-4710.2798,-28633.1328,20.8292,761.1351,-0.0142,0.0004,-3.1379,0.6904,3.1404,-4707.2812,-28636.8223,24.4211,1
-4703.1636,-28634.3926,24.9425,-5245.1631,-28091.6738,21.9612,-4717.3730,-28645.3438,28.0638,764.9448,-0.0127,0.0019,-3.1380,0.6816,3.1402,-4708.1777,-28637.5469,24.5481,1
-4703.1636,-28634.3926,24.9425,-5245.1387,-28091.6953,21.9613,-4717.1113,-28650.4102,25.7025,768.7541,-0.0133,0.0014,-3.1382,0.6738,3.1401,-4709.0649,-28638.4375,24.6050,1
-4703.1636,-28634.3926,24.9425,-5245.1143,-28091.7148,21.9613,-4716.4141,-28655.0391,23.3140,772.5639,-0.0138,0.0009,-3.1383,0.6669,3.1400,-4709.9258,-28639.4844,24.5862,1
-4703.1636,-28634.3926,24.9425,-5245.0903,-28091.7363,21.9613,-4707.4429,-28631.1133,25.6551,761.5775,-0.0192,0.0014,-3.1384,0.6633,3.1399,-4710.4878,-28639.7715,24.6401,1
-4703.1636,-28634.3926,24.9425,-5245.0664,-28091.7578,21.9613,-4708.9077,-28636.9961,28.0313,764.7081,-0.0184,0.0019,-3.1385,0.6617,3.1397,-4711.0698,-28640.2129,24.7731,1
-4703.1636,-28634.3926,24.9425,-5245.0430,-28091.7773,21.9614,-4704.2881,-28637.8496,25.6537,768.5168,-0.0189,0.0014,-3.1386,0.6617,3.1397,-4711.4761,-28640.6602,24.8346,1
-4703.1636,-28634.3926,24.9425,-5245.0200,-28091.7988,21.9614,-4698.9385,-28637.9531,23.2472,772.3258,-0.0195,0.0009,-3.1386,0.6631,3.1397,-4711.6738,-28641.0859,24.8187,1
-4703.1636,-28634.3926,24.9425,-5244.9971,-28091.8184,21.9614,-4707.3765,-28629.9434,20.7869,760.6671,-0.0186,0.0003,-3.1387,0.6679,3.1396,-4712.0942,-28641.2227,24.7165,1
-4703.1636,-28634.3926,24.9425,-5244.9741,-28091.8398,21.9614,-4699.0225,-28626.9395,27.9786,764.4755,-0.0192,0.0018,-3.1387,0.6749,3.1395,-4712.2134,-28641.2207,24.8407,1
-4703.1636,-28634.3926,24.9425,-5244.9517,-28091.8594,21.9614,-4689.7466,-28622.8965,25.5835,768.2835,-0.0197,0.0013,-3.1387,0.6837,3.1396,-4711.9858,-28641.0430,24.8926,1
-4703.1636,-28634.3926,24.9425,-5244.9297,-28091.8789,21.9614,-4690.4438,-28611.5215,20.5822,759.9226,-0.0197,0.0003,-3.1387,0.6938,3.1396,-4711.7080,-28640.4336,24.7808,1
-4703.1636,-28634.3926,24.9425,-5244.9077,-28091.9004,21.9614,-4702.5508,-28624.9258,20.7602,760.4390,-0.0139,0.0003,-3.1386,0.7064,3.1397,-4711.7681,-28640.1875,24.6648,1
-4703.1636,-28634.3926,24.9425,-5244.8862,-28091.9199,21.9614,-4690.4087,-28617.8496,27.9391,764.2468,-0.0145,0.0018,-3.1386,0.7207,3.1397,-4711.4004,-28639.6719,24.7752,1
-4703.1636,-28634.3926,24.9425,-5244.8647,-28091.9395,21.9614,-4677.6475,-28609.7871,25.5394,768.0542,-0.0151,0.0013,-3.1385,0.7363,3.1399,-4710.5640,-28638.8438,24.8138,1
-4703.1636,-28634.3926,24.9425,-5244.8438,-28091.9609,21.9614,-4670.8682,-28608.0293,23.1258,771.8622,-0.0136,0.0008,-3.1384,0.7530,3.1400,-4709.4331,-28637.8945,24.7751,1
-4703.1636,-28634.3926,24.9425,-5244.8228,-28091.9805,21.9614,-4699.4409,-28621.5898,20.7461,760.2149,-0.0047,0.0003,-3.1383,0.7702,3.1402,-4709.1348,-28637.3105,24.6533,1
-4703.1636,-28634.3926,24.9425,-5244.8022,-28092.0000,21.9614,-4685.4590,-28612.4219,27.9278,764.0222,-0.0053,0.0018,-3.1382,0.7881,3.1404,-4708.3579,-28636.3965,24.7583,1
-4703.1636,-28634.3926,24.9425,-5244.7817,-28092.0195,21.9614,-4671.3018,-28602.5840,25.5376,767.8290,-0.0059,0.0013,-3.1380,0.8066,3.1406,-4707.0747,-28635.1172,24.7919,1
-4703.1636,-28634.3926,24.9425,-5244.7617,-28092.0391,21.9615,-4663.4248,-28599.4570,23.1325,771.6363,-0.0044,0.0008,-3.1379,0.8255,3.1408,-4705.4673,-28633.6777,24.7488,1
-4703.1636,-28634.3926,24.9425,-5244.7412,-28092.0566,21.9615,-4690.1118,-28622.2969,23.7254,767.3120,0.0056,0.0009,-3.1377,0.8431,3.1411,-4704.6377,-28632.9121,24.7209,1
-4703.1636,-28634.3926,24.9425,-5244.7212,-28092.0762,21.9615,-4685.1870,-28611.9688,27.9297,763.8015,0.0060,0.0018,-3.1375,0.8599,3.1414,-4703.6245,-28631.7969,24.8281,1
-4703.1636,-28634.3926,24.9425,-5244.7017,-28092.0957,21.9615,-4678.5356,-28610.4316,25.5510,767.6077,0.0075,0.0013,-3.1373,0.8764,-3.1415,-4702.3706,-28630.6074,24.8639,1
-4703.1636,-28634.3926,24.9425,-5244.6816,-28092.1133,21.9615,-4665.7793,-28601.9707,23.1492,771.4146,0.0069,0.0008,-3.1371,0.8921,-3.1412,-4700.6699,-28629.1191,24.8229,1
-4703.1636,-28634.3926,24.9425,-5244.6621,-28092.1309,21.9615,-4700.5088,-28622.3770,20.7318,759.7786,0.0170,0.0003,-3.1368,0.9050,-3.1409,-4700.0371,-28628.2500,24.6975,1
-4703.1636,-28634.3926,24.9425,-5244.6426,-28092.1504,21.9615,-4690.2051,-28617.1582,27.9205,763.5848,0.0164,0.0018,-3.1366,0.9158,-3.1406,-4699.0889,-28627.2207,24.7991,1
-4703.1636,-28634.3926,24.9425,-5244.6235,-28092.1680,21.9616,-4687.1636,-28619.5391,25.5364,767.3904,0.0179,0.0013,-3.1364,0.9253,-3.1403,-4698.0454,-28626.2695,24.8294,1
-4703.1636,-28634.3926,24.9425,-5244.6040,-28092.1855,21.9616,-4678.2031,-28615.5762,23.1308,771.1967,0.0173,0.0008,-3.1363,0.9336,-3.1401,-4696.7114,-28625.2012,24.7829,1
-4703.1636,-28634.3926,24.9425,-5244.5850,-28092.2031,21.9616,-4703.2788,-28635.2285,20.5977,766.7391,0.0245,0.0003,-3.1361,0.9380,-3.1399,-4696.1748,-28624.7734,24.6497,1
-4703.1636,-28634.3926,24.9425,-5244.5654,-28092.2207,21.9616,-4698.8306,-28625.9668,27.8933,763.3718,0.0228,0.0018,-3.1359,0.9397,-3.1397,-4695.5342,-28624.0938,24.7460,1
-4703.1636,-28634.3926,24.9425,-5244.5464,-28092.2363,21.9616,-4701.4121,-28634.0488,25.4955,767.1770,0.0242,0.0013,-3.1358,0.9389,-3.1395,-4695.0093,-28623.7051,24.7708,1
-4703.1636,-28634.3926,24.9425,-5244.5273,-28092.2539,21.9615,-4700.1465,-28631.5977,27.5620,766.3321,0.0233,0.0017,-3.1358,0.9365,-3.1395,-4694.4810,-28623.2832,24.8645,1
-4703.1636,-28634.3926,24.9425,-5244.5083,-28092.2695,21.9615,-4709.4741,-28631.1211,20.6955,759.3571,0.0236,0.0003,-3.1357,0.9300,-3.1394,-4694.2974,-28622.8906,24.7388,1
-4703.1636,-28634.3926,24.9425,-5244.4893,-28092.2852,21.9615,-4716.7539,-28643.5430,27.8582,763.1622,0.0250,0.0018,-3.1357,0.9209,-3.1394,-4694.4058,-28622.9414,24.8392,1
-4703.1636,-28634.3926,24.9425,-5244.4702,-28092.3008,21.9615,-4718.5771,-28650.5742,25.4615,766.9669,0.0245,0.0013,-3.1358,0.9093,-3.1395,-4694.6396,-28623.2852,24.8676,1
-4703.1636,-28634.3926,24.9425,-5244.4512,-28092.3164,21.9615,-4721.3799,-28658.4336,23.0454,770.7721,0.0239,0.0008,-3.1359,0.8962,-3.1397,-4695.0303,-28623.9551,24.8185,1
-4703.1636,-28634.3926,24.9425,-5244.4326,-28092.3320,21.9615,-4713.0703,-28635.9609,29.2771,760.2110,0.0169,0.0021,-3.1360,0.8799,-3.1398,-4695.2334,-28623.9941,24.9694,1
-4703.1636,-28634.3926,24.9425,-5244.4136,-28092.3477,21.9615,-4726.5474,-28652.6074,27.8549,762.9564,0.0184,0.0018,-3.1362,0.8618,-3.1400,-4695.9272,-28624.6133,25.0824,1
-4703.1636,-28634.3926,24.9425,-5244.3950,-28092.3613,21.9615,-4733.2266,-28663.8711,25.4715,766.7606,0.0179,0.0013,-3.1363,0.8419,-3.1403,-4696.9116,-28625.6680,25.1226,1
-4703.1636,-28634.3926,24.9425,-5244.3765,-28092.3770,21.9615,-4740.7271,-28675.5664,23.0721,770.5652,0.0173,0.0008,-3.1366,0.8211,-3.1405,-4698.2202,-28627.1855,25.0847,1
-4703.1636,-28634.3926,24.9425,-5244.3584,-28092.3906,21.9615,-4723.3062,-28644.2148,20.6875,758.9498,0.0068,0.0003,-3.1368,0.7994,-3.1408,-4699.0708,-28627.8027,24.9620,1
-4703.1636,-28634.3926,24.9425,-5244.3398,-28092.4062,21.9616,-4731.4380,-28656.9414,27.8798,762.7540,0.0062,0.0018,-3.1370,0.7767,-3.1411,-4700.2363,-28628.8672,25.0657,1
-4703.1636,-28634.3926,24.9425,-5244.3218,-28092.4199,21.9616,-4740.1860,-28669.8730,25.5173,766.5577,0.0057,0.0013,-3.1373,0.7534,-3.1414,-4701.7461,-28630.4062,25.0977,1
-4703.1636,-28634.3926,24.9425,-5244.3037,-28092.4336,21.9616,-4749.4180,-28682.8125,23.1376,770.3619,0.0051,0.0008,-3.1375,0.7298,3.1415,-4703.6255,-28632.4375,25.0528,1
-4703.1636,-28634.3926,24.9425,-5244.2861,-28092.4473,21.9616,-4722.6929,-28643.4863,20.6943,758.7513,-0.0079,0.0003,-3.1377,0.7080,3.1411,-4704.7339,-28633.2969,24.9216,1
-4703.1636,-28634.3926,24.9425,-5244.2686,-28092.4609,21.9616,-4729.8418,-28655.3359,27.8990,762.5551,-0.0085,0.0018,-3.1380,0.6870,3.1408,-4706.0972,-28634.5469,25.0177,1
-4703.1636,-28634.3926,24.9425,-5244.2510,-28092.4746,21.9616,-4736.8022,-28666.7520,25.5465,766.3583,-0.0091,0.0013,-3.1382,0.6668,3.1406,-4707.7163,-28636.1934,25.0429,1
-4703.1636,-28634.3926,24.9425,-5244.2339,-28092.4883,21.9617,-4750.4443,-28674.1133,20.7918,762.9651,-0.0090,0.0003,-3.1384,0.6472,3.1403,-4709.8291,-28638.1309,24.9132,1
-4703.1636,-28634.3926,24.9425,-5244.2168,-28092.5039,21.9617,-4718.9019,-28639.7246,20.6821,758.5562,-0.0213,0.0003,-3.1386,0.6311,3.1401,-4710.9736,-28638.9961,24.7698,1
-4703.1636,-28634.3926,24.9425,-5244.2002,-28092.5176,21.9617,-4721.8018,-28647.7344,27.8752,762.3595,-0.0219,0.0018,-3.1388,0.6176,3.1398,-4712.2002,-28640.0977,24.8543,1
-4703.1636,-28634.3926,24.9425,-5244.1836,-28092.5312,21.9617,-4723.6426,-28654.7012,25.5065,766.1624,-0.0224,0.0013,-3.1389,0.6061,3.1396,-4713.4771,-28641.4160,24.8681,1
-4703.1636,-28634.3926,24.9425,-5244.1675,-28092.5449,21.9617,-4731.8218,-28667.3066,23.1188,769.9656,-0.0210,0.0008,-3.1390,0.5963,3.1395,-4715.0093,-28643.1406,24.8059,1
-4703.1636,-28634.3926,24.9425,-5244.1514,-28092.5586,21.9617,-4705.5801,-28640.3457,27.9104,768.2160,-0.0295,0.0018,-3.1391,0.5913,3.1393,-4715.6938,-28644.0117,24.8960,1
-4703.1636,-28634.3926,24.9425,-5244.1353,-28092.5723,21.9616,-4708.2676,-28634.5293,27.8099,762.1664,-0.0302,0.0018,-3.1393,0.5900,3.1391,-4716.4082,-28644.6523,24.9905,1
-4703.1636,-28634.3926,24.9425,-5244.1201,-28092.5859,21.9616,-4702.8931,-28634.5977,25.4090,765.9688,-0.0307,0.0013,-3.1393,0.5915,3.1390,-4716.8984,-28645.2422,25.0124,1
-4703.1636,-28634.3926,24.9425,-5244.1045,-28092.5996,21.9616,-4703.2588,-28640.3555,22.9916,769.7717,-0.0293,0.0008,-3.1393,0.5950,3.1389,-4717.3418,-28645.9648,24.9562,1
-4703.1636,-28634.3926,24.9425,-5244.0894,-28092.6133,21.9616,-4704.3491,-28625.0664,20.6089,758.1733,-0.0301,0.0003,-3.1394,0.6033,3.1389,-4717.7529,-28646.1406,24.8160,1
-4703.1636,-28634.3926,24.9425,-5244.0747,-28092.6270,21.9615,-4693.3765,-28619.2324,27.7432,761.9758,-0.0306,0.0018,-3.1394,0.6154,3.1388,-4717.7490,-28646.0527,24.9012,1
-4703.1636,-28634.3926,24.9425,-5244.0601,-28092.6426,21.9615,-4680.9653,-28611.6172,25.3234,765.7778,-0.0312,0.0013,-3.1394,0.6303,3.1388,-4717.2637,-28645.6348,24.9136,1
-4703.1636,-28634.3926,24.9425,-5244.0459,-28092.6562,21.9615,-4674.2612,-28609.9590,22.8956,769.5802,-0.0297,0.0008,-3.1393,0.6469,3.1389,-4716.4644,-28645.0723,24.8479,1
-4703.1636,-28634.3926,24.9425,-5244.0317,-28092.6699,21.9615,-4686.4048,-28628.4355,20.5505,773.3002,-0.0220,0.0003,-3.1392,0.6671,3.1390,-4715.9531,-28645.0176,24.7025,1
-4703.1636,-28634.3926,24.9425,-5244.0181,-28092.6836,21.9615,-4685.6953,-28609.3711,28.3762,760.7378,-0.0213,0.0019,-3.1391,0.6901,3.1391,-4715.3232,-28644.2734,24.8034,1
-4703.1636,-28634.3926,24.9425,-5244.0044,-28092.6973,21.9615,-4669.8506,-28599.1250,25.3287,765.5891,-0.0211,0.0013,-3.1390,0.7153,3.1393,-4714.1060,-28643.1133,24.8124,1
-4703.1636,-28634.3926,24.9425,-5243.9912,-28092.7109,21.9615,-4652.0347,-28584.1914,22.9083,769.3911,-0.0217,0.0008,-3.1389,0.7417,3.1395,-4712.2119,-28641.3691,24.7441,1
-4703.1636,-28634.3926,24.9425,-5243.9780,-28092.7246,21.9615,-4681.8569,-28623.5020,20.5556,773.1135,-0.0071,0.0003,-3.1387,0.7692,3.1398,-4711.1577,-28640.7754,24.5962,1
-4703.1636,-28634.3926,24.9425,-5243.9648,-28092.7383,21.9615,-4680.3662,-28601.0898,20.2564,758.9902,-0.0063,0.0002,-3.1385,0.7976,3.1401,-4709.9761,-28639.3965,24.4278,1
-4703.1636,-28634.3926,24.9425,-5243.9517,-28092.7520,21.9616,-4655.6855,-28589.6738,20.5841,770.0578,-0.0068,0.0003,-3.1383,0.8270,3.1404,-4707.9487,-28637.5840,24.2638,1
-4703.1636,-28634.3926,24.9425,-5243.9390,-28092.7656,21.9616,-4641.7158,-28571.3125,23.0028,769.2050,-0.0068,0.0008,-3.1380,0.8565,3.1408,-4705.3613,-28635.0762,24.1716,1
-4703.1636,-28634.3926,24.9425,-5243.9263,-28092.7793,21.9616,-4681.1479,-28622.5918,20.5684,772.9300,0.0109,0.0003,-3.1377,0.8841,3.1413,-4703.9365,-28634.1113,24.0001,1
-4703.1636,-28634.3926,24.9425,-5243.9136,-28092.7930,21.9617,-4680.7686,-28605.2402,27.7920,761.4196,0.0124,0.0018,-3.1374,0.9102,-3.1414,-4702.4609,-28632.5664,24.0586,1
-4703.1636,-28634.3926,24.9425,-5243.9009,-28092.8066,21.9617,-4663.5898,-28591.6016,25.4388,765.2204,0.0118,0.0013,-3.1370,0.9350,-3.1409,-4700.4048,-28630.5410,24.0499,1
-4703.1636,-28634.3926,24.9425,-5243.8887,-28092.8184,21.9618,-4647.0796,-28577.8086,23.0688,769.0217,0.0113,0.0008,-3.1367,0.9591,-3.1405,-4697.7646,-28628.0117,23.9687,1
-4703.1636,-28634.3926,24.9425,-5243.8760,-28092.8301,21.9618,-4684.7803,-28626.2656,20.5618,772.7493,0.0270,0.0002,-3.1363,0.9786,-3.1399,-4696.2729,-28626.9766,23.8063,1
-4703.1636,-28634.3926,24.9425,-5243.8633,-28092.8438,21.9618,-4689.4775,-28614.4922,27.7717,761.2400,0.0285,0.0017,-3.1359,0.9947,-3.1393,-4694.9414,-28625.5859,23.8739,1
-4703.1636,-28634.3926,24.9425,-5243.8506,-28092.8555,21.9618,-4677.8105,-28607.5195,25.4045,765.0405,0.0279,0.0012,-3.1355,1.0083,-3.1389,-4693.2554,-28623.9785,23.8740,1
-4703.1636,-28634.3926,24.9425,-5243.8379,-28092.8672,21.9619,-4667.1011,-28601.2910,23.0118,768.8414,0.0274,0.0007,-3.1353,1.0201,-3.1386,-4691.2275,-28622.1719,23.8011,1
-4703.1636,-28634.3926,24.9425,-5243.8252,-28092.8789,21.9618,-4696.8745,-28634.5586,25.5563,769.7917,0.0375,0.0013,-3.1350,1.0258,-3.1382,-4690.1558,-28621.4355,23.8107,1
-4703.1636,-28634.3926,24.9425,-5243.8125,-28092.8906,21.9618,-4695.6191,-28628.5156,25.9343,766.4326,0.0365,0.0014,-3.1347,1.0266,-3.1378,-4689.1001,-28620.5703,23.8382,1
-4703.1636,-28634.3926,24.9425,-5243.7993,-28092.9004,21.9618,-4701.0342,-28631.8027,25.2972,764.8628,0.0374,0.0012,-3.1345,1.0240,-3.1376,-4688.2778,-28619.8672,23.8509,1
-4703.1636,-28634.3926,24.9425,-5243.7861,-28092.9121,21.9618,-4699.0806,-28635.2617,22.8706,768.6634,0.0369,0.0007,-3.1345,1.0191,-3.1376,-4687.4585,-28619.3379,23.7888,1
-4703.1636,-28634.3926,24.9425,-5243.7734,-28092.9219,21.9617,-4706.8994,-28648.2227,20.4808,772.3948,0.0381,0.0003,-3.1345,1.0082,-3.1376,-4686.9546,-28619.2930,23.6486,1
-4703.1636,-28634.3926,24.9425,-5243.7603,-28092.9316,21.9617,-4721.6650,-28646.4141,27.6384,760.8875,0.0376,0.0018,-3.1345,0.9924,-3.1376,-4687.0273,-28619.2988,23.7362,1
-4703.1636,-28634.3926,24.9425,-5243.7471,-28092.9434,21.9617,-4727.7905,-28657.3281,25.2216,764.6873,0.0370,0.0013,-3.1346,0.9733,-3.1378,-4687.4058,-28619.7461,23.7542,1
-4703.1636,-28634.3926,24.9425,-5243.7339,-28092.9531,21.9616,-4735.4429,-28669.3359,22.7916,768.4875,0.0365,0.0008,-3.1349,0.9519,-3.1382,-4688.1460,-28620.6855,23.6970,1
-4703.1636,-28634.3926,24.9425,-5243.7207,-28092.9609,21.9616,-4714.5386,-28655.3594,20.4737,772.2209,0.0272,0.0003,-3.1351,0.9260,-3.1386,-4688.3315,-28621.2930,23.5639,1
-4703.1636,-28634.3926,24.9425,-5243.7075,-28092.9707,21.9616,-4736.6611,-28660.0391,27.6492,760.7147,0.0267,0.0018,-3.1354,0.8971,-3.1389,-4689.3364,-28622.1602,23.6594,1
-4703.1636,-28634.3926,24.9425,-5243.6943,-28092.9805,21.9616,-4750.1582,-28676.8457,25.2636,764.5142,0.0261,0.0013,-3.1358,0.8658,-3.1394,-4690.8970,-28623.6680,23.6862,1
-4703.1636,-28634.3926,24.9425,-5243.6812,-28092.9883,21.9616,-4772.7705,-28700.0742,22.8689,768.3141,0.0276,0.0008,-3.1362,0.8329,-3.1399,-4693.3267,-28626.0488,23.6391,1
-4703.1636,-28634.3926,24.9425,-5243.6685,-28092.9980,21.9616,-4718.6968,-28659.0938,20.5027,772.0500,0.0081,0.0003,-3.1365,0.7984,-3.1404,-4694.1724,-28627.2520,23.5146,1
-4703.1636,-28634.3926,24.9425,-5243.6558,-28093.0059,21.9617,-4744.6211,-28666.9121,27.7232,760.5446,0.0075,0.0018,-3.1369,0.7629,-3.1408,-4695.9341,-28628.7930,23.6202,1
-4703.1636,-28634.3926,24.9425,-5243.6426,-28093.0156,21.9617,-4761.1533,-28685.8223,25.3891,764.3438,0.0070,0.0013,-3.1373,0.7269,-3.1413,-4698.3311,-28631.0215,23.6588,1
-4703.1636,-28634.3926,24.9425,-5243.6304,-28093.0234,21.9618,-4786.2896,-28710.1836,23.0505,768.1434,0.0084,0.0008,-3.1376,0.6905,3.1415,-4701.6626,-28634.1406,23.6254,1
-4703.1636,-28634.3926,24.9425,-5243.6177,-28093.0312,21.9618,-4717.7075,-28658.0254,20.5324,771.8817,-0.0148,0.0002,-3.1380,0.6566,3.1410,-4702.9272,-28635.7031,23.5097,1
-4703.1636,-28634.3926,24.9425,-5243.6055,-28093.0391,21.9618,-4741.6958,-28664.2090,27.7838,760.3773,-0.0154,0.0017,-3.1384,0.6244,3.1405,-4704.9941,-28637.5020,23.6252,1
-4703.1636,-28634.3926,24.9425,-5243.5933,-28093.0488,21.9619,-4754.9497,-28680.5742,25.4714,764.1761,-0.0159,0.0012,-3.1387,0.5938,3.1401,-4707.5410,-28639.8613,23.6741,1
-4703.1636,-28634.3926,24.9425,-5243.5815,-28093.0566,21.9619,-4775.9570,-28702.2500,23.1438,767.9755,-0.0145,0.0007,-3.1389,0.5638,3.1399,-4710.8364,-28642.9746,23.6513,1
-4703.1636,-28634.3926,24.9425,-5243.5698,-28093.0645,21.9619,-4711.4663,-28652.0020,20.5158,771.7158,-0.0352,0.0002,-3.1392,0.5397,3.1395,-4712.1377,-28644.5430,23.5425,1
-4703.1636,-28634.3926,24.9425,-5243.5586,-28093.0742,21.9619,-4728.3828,-28652.0840,27.7420,760.2123,-0.0358,0.0017,-3.1395,0.5200,3.1391,-4713.9492,-28646.0898,23.6636,1
-4703.1636,-28634.3926,24.9425,-5243.5474,-28093.0820,21.9619,-4740.2451,-28667.8809,25.4042,764.0109,-0.0343,0.0012,-3.1397,0.5036,3.1389,-4716.1353,-28648.1230,23.7170,1
-4703.1636,-28634.3926,24.9425,-5243.5361,-28093.0918,21.9619,-4744.0337,-28676.2148,23.0134,767.8098,-0.0349,0.0007,-3.1398,0.4893,3.1387,-4718.4478,-28650.4219,23.6960,1
-4703.1636,-28634.3926,24.9425,-5243.5254,-28093.1016,21.9619,-4700.5713,-28641.1406,23.2034,771.4549,-0.0474,0.0008,-3.1399,0.4829,3.1385,-4719.3564,-28651.5898,23.6798,1
-4703.1636,-28634.3926,24.9425,-5243.5151,-28093.1113,21.9618,-4707.4609,-28631.9023,27.6057,760.0485,-0.0478,0.0017,-3.1401,0.4824,3.1382,-4720.3916,-28652.3770,23.8071,1
-4703.1636,-28634.3926,24.9425,-5243.5049,-28093.1191,21.9618,-4707.5742,-28637.3945,25.1988,763.8467,-0.0464,0.0012,-3.1401,0.4863,3.1381,-4721.3564,-28653.2520,23.8633,1
-4703.1636,-28634.3926,24.9425,-5243.4951,-28093.1289,21.9617,-4699.3511,-28634.5996,22.7375,767.6454,-0.0469,0.0007,-3.1401,0.4930,3.1380,-4721.9790,-28653.9609,23.8416,1
-4703.1636,-28634.3926,24.9425,-5243.4854,-28093.1406,21.9616,-4688.9590,-28629.3652,20.3742,771.3871,-0.0469,0.0002,-3.1401,0.5075,3.1379,-4722.1743,-28654.4160,23.7407,1
-4703.1636,-28634.3926,24.9425,-5243.4761,-28093.1504,21.9616,-4691.2896,-28615.1602,27.5007,759.8853,-0.0454,0.0017,-3.1401,0.5279,3.1378,-4722.3159,-28654.2949,23.8649,1
-4703.1636,-28634.3926,24.9425,-5243.4668,-28093.1602,21.9615,-4674.2065,-28602.2285,25.0378,763.6833,-0.0460,0.0012,-3.1401,0.5521,3.1379,-4721.7964,-28653.6328,23.9158,1
-4703.1636,-28634.3926,24.9425,-5243.4580,-28093.1699,21.9615,-4655.9692,-28587.0215,22.5607,767.4818,-0.0466,0.0007,-3.1399,0.5792,3.1380,-4720.5522,-28652.3359,23.8879,1
-4703.1636,-28634.3926,24.9425,-5243.4492,-28093.1797,21.9614,-4678.6250,-28618.3086,20.3522,771.2245,-0.0334,0.0002,-3.1398,0.6120,3.1381,-4719.8828,-28651.8945,23.7851,1
-4703.1636,-28634.3926,24.9425,-5243.4409,-28093.1914,21.9614,-4672.8066,-28594.7227,27.4903,759.7234,-0.0319,0.0017,-3.1397,0.6491,3.1382,-4718.8892,-28650.5645,23.9077,1
-4703.1636,-28634.3926,24.9425,-5243.4331,-28093.2012,21.9614,-4648.7153,-28572.0234,25.0650,763.5211,-0.0325,0.0012,-3.1396,0.6888,3.1385,-4716.9956,-28648.3613,23.9581,1
-4703.1636,-28634.3926,24.9425,-5243.4248,-28093.2109,21.9614,-4624.5688,-28546.8633,22.6457,767.3194,-0.0330,0.0007,-3.1394,0.7306,3.1388,-4714.1650,-28645.1738,23.9315,1
-4703.1636,-28634.3926,24.9425,-5243.4170,-28093.2227,21.9615,-4672.4800,-28611.4590,20.3907,771.0640,-0.0095,0.0002,-3.1391,0.7739,3.1392,-4712.7021,-28643.8789,23.8287,1
-4703.1636,-28634.3926,24.9425,-5243.4097,-28093.2324,21.9615,-4663.4653,-28583.7207,27.5913,759.5638,-0.0081,0.0017,-3.1388,0.8180,3.1397,-4710.8398,-28641.5918,23.9533,1
-4703.1636,-28634.3926,24.9425,-5243.4019,-28093.2422,21.9616,-4637.4302,-28557.4766,25.2485,763.3613,-0.0086,0.0012,-3.1385,0.8629,3.1403,-4708.0381,-28638.3398,24.0085,1
-4703.1636,-28634.3926,24.9425,-5243.3945,-28093.2520,21.9617,-4612.2856,-28529.4141,22.9116,767.1592,-0.0092,0.0007,-3.1381,0.9084,3.1409,-4704.2886,-28634.0273,23.9896,1
-4703.1636,-28634.3926,24.9425,-5243.3872,-28093.2617,21.9618,-4678.9238,-28618.3105,20.4467,770.9063,0.0206,0.0002,-3.1376,0.9507,-3.1416,-4702.5371,-28632.4141,23.8881,1
-4703.1636,-28634.3926,24.9425,-5243.3799,-28093.2715,21.9619,-4665.5405,-28585.9941,27.6853,759.4069,0.0200,0.0017,-3.1370,0.9904,-3.1407,-4700.3140,-28629.7363,24.0152,1
-4703.1636,-28634.3926,24.9425,-5243.3721,-28093.2812,21.9620,-4642.6255,-28564.0020,25.3850,763.2041,0.0194,0.0012,-3.1364,1.0284,-3.1398,-4697.3047,-28626.2910,24.0744,1
-4703.1636,-28634.3926,24.9425,-5243.3647,-28093.2891,21.9620,-4621.0400,-28541.6270,23.0702,767.0017,0.0189,0.0007,-3.1358,1.0652,-3.1390,-4693.5200,-28622.0352,24.0602,1
-4703.1636,-28634.3926,24.9425,-5243.3569,-28093.2988,21.9621,-4685.0723,-28624.6875,20.4311,770.7509,0.0453,0.0002,-3.1350,1.0947,-3.1379,-4691.7104,-28620.3613,23.9578,1
-4703.1636,-28634.3926,24.9425,-5243.3491,-28093.3066,21.9621,-4679.3433,-28601.5762,27.6435,759.2521,0.0447,0.0017,-3.1341,1.1185,-3.1368,-4689.7471,-28617.9980,24.0830,1
-4703.1636,-28634.3926,24.9425,-5243.3408,-28093.3145,21.9622,-4667.8232,-28591.4375,21.0744,761.1473,0.0447,0.0003,-3.1333,1.1383,-3.1359,-4687.4360,-28615.3262,23.9998,1
-4703.1636,-28634.3926,24.9425,-5243.3325,-28093.3223,21.9622,-4657.8687,-28588.5879,22.8981,766.8466,0.0456,0.0007,-3.1327,1.1554,-3.1352,-4684.8169,-28612.5762,23.9699,1
-4703.1636,-28634.3926,24.9425,-5243.3237,-28093.3301,21.9621,0.0000,0.0000,0.0000,0.0000,0.0000,0.0000,-3.1320,1.1622,-3.1344,0.0000,0.0000,0.0000,1
-4703.1636,-28634.3926,24.9425,-5243.3149,-28093.3379,21.9621,0.0000,0.0000,0.0000,0.0000,0.0000,0.0000,-3.1314,1.1618,-3.1337,0.0000,0.0000,0.0000,0
-4703.1636,-28634.3926,24.9425,-5243.3062,-28093.3457,21.9620,0.0000,0.0000,0.0000,0.0000,0.0000,0.0000,-3.1311,1.1563,-3.1334,0.0000,0.0000,0.0000,0
-4703.1636,-28634.3926,24.9425,-5243.2969,-28093.3516,21.9619,0.0000,0.0000,0.0000,0.0000,0.0000,0.0000,-3.1312,1.1472,-3.1336,0.0000,0.0000,0.0000,0
-4703.1636,-28634.3926,24.9425,-5243.2876,-28093.3594,21.9618,0.0000,0.0000,0.0000,0.0000,0.0000,0.0000,-3.1313,1.1281,-3.1338,0.0000,0.0000,0.0000,0
-4703.1636,-28634.3926,24.9425,-5243.2778,-28093.3652,21.9617,0.0000,0.0000,0.0000,0.0000,0.0000,0.0000,-3.1315,1.1020,-3.1341,0.0000,0.0000,0.0000,0
-4703.1636,-28634.3926,24.9425,-5243.2681,-28093.3711,21.9616,0.0000,0.0000,0.0000,0.0000,0.0000,0.0000,-3.1320,1.0708,-3.1347,0.0000,0.0000,0.0000,0
-4703.1636,-28634.3926,24.9425,-5243.2583,-28093.3750,21.9616,0.0000,0.0000,0.0000,0.0000,0.0000,0.0000,-3.1326,1.0355,-3.1355,0.0000,0.0000,0.0000,0
-4703.1636,-28634.3926,24.9425,-5243.2485,-28093.3809,21.9615,0.0000,0.0000,0.0000,770.2912,0.0399,0.0003,-3.1338,1.0102,-3.1370,0.0000,0.0000,0.0000,0
-4703.1636,-28634.3926,24.9425,-5243.2393,-28093.3867,21.9615,-4721.6240,-28644.4434,27.6233,758.7944,0.0394,0.0018,-3.1356,1.0053,-3.1393,-4721.6240,-28644.4434,27.6233,1
-4703.1636,-28634.3926,24.9425,-5243.2300,-28093.3926,21.9615,-4724.5869,-28652.4531,25.3451,762.5908,0.0408,0.0013,-3.1369,1.0044,-3.1410,-4721.7212,-28644.7051,27.5486,1
-4703.1636,-28634.3926,24.9425,-5243.2212,-28093.3984,21.9616,-4720.4194,-28653.7832,23.0099,766.3875,0.0403,0.0008,-3.1377,1.0037,3.1412,-4721.6880,-28645.0273,27.3933,1
-4703.1636,-28634.3926,24.9425,-5243.2129,-28093.4043,21.9616,-4698.5664,-28637.9023,20.3862,770.1419,0.0346,0.0002,-3.1380,1.0032,3.1409,-4720.9429,-28644.8496,27.1444,1
-4703.1636,-28634.3926,24.9425,-5243.2051,-28093.4102,21.9616,-4705.0215,-28628.0859,27.5910,758.6459,0.0341,0.0017,-3.1380,1.0028,3.1409,-4720.3506,-28644.3281,27.1156,1
-4703.1636,-28634.3926,24.9425,-5243.1973,-28093.4160,21.9617,-4707.3618,-28635.8125,25.2533,762.4420,0.0355,0.0012,-3.1380,1.0026,3.1410,-4719.8071,-28644.0273,27.0127,1
-4703.1636,-28634.3926,24.9425,-5243.1895,-28093.4238,21.9617,-4701.6123,-28634.2012,27.0530,765.3522,0.0344,0.0016,-3.1379,1.0024,3.1411,-4719.0537,-28643.6582,26.9663,1
-4703.1636,-28634.3926,24.9425,-5243.1821,-28093.4297,21.9618,-4697.7070,-28636.8867,20.3561,769.9941,0.0342,0.0002,-3.1378,1.0022,3.1413,-4718.1450,-28643.3574,26.7043,1
-4703.1636,-28634.3926,24.9425,-5243.1743,-28093.4355,21.9618,-4705.7295,-28647.7871,27.7046,772.1245,0.0352,0.0017,-3.1373,0.9911,-3.1411,-4717.4609,-28643.4004,26.6687,1
-4703.1636,-28634.3926,24.9425,-5243.1670,-28093.4414,21.9618,-4722.9458,-28650.6309,25.1375,762.2950,0.0351,0.0012,-3.1366,0.9717,-3.1403,-4717.3208,-28643.5508,26.5539,1
-4703.1636,-28634.3926,24.9425,-5243.1592,-28093.4492,21.9619,-4732.6875,-28664.6914,22.7041,766.0908,0.0346,0.0007,-3.1362,0.9464,-3.1396,-4717.5210,-28644.1758,26.3590,1
-4703.1636,-28634.3926,24.9425,-5243.1514,-28093.4531,21.9619,-4712.3467,-28651.0469,20.3044,769.8477,0.0251,0.0002,-3.1360,0.9184,-3.1394,-4717.1006,-28644.4023,26.0811,1
-4703.1636,-28634.3926,24.9425,-5243.1436,-28093.4590,21.9619,-4742.0020,-28662.6113,27.4633,758.3524,0.0265,0.0017,-3.1361,0.8886,-3.1395,-4717.6543,-28645.0293,26.0268,1
-4703.1636,-28634.3926,24.9425,-5243.1353,-28093.4648,21.9619,-4755.6787,-28679.3418,25.0921,762.1485,0.0260,0.0012,-3.1364,0.8572,-3.1398,-4718.7144,-28646.2363,25.9009,1
-4703.1636,-28634.3926,24.9425,-5243.1274,-28093.4707,21.9619,-4770.4722,-28696.1895,22.7130,765.9442,0.0254,0.0007,-3.1367,0.8248,-3.1402,-4720.3379,-28648.0586,25.6990,1
-4703.1636,-28634.3926,24.9425,-5243.1196,-28093.4746,21.9619,-4727.0840,-28650.9551,28.1193,759.6753,0.0071,0.0018,-3.1370,0.7917,-3.1406,-4720.6572,-28648.5020,25.6710,1
-4703.1636,-28634.3926,24.9425,-5243.1118,-28093.4805,21.9620,-4746.4946,-28666.3926,27.5179,758.2078,0.0070,0.0017,-3.1373,0.7579,-3.1410,-4721.6279,-28649.4492,25.6324,1
-4703.1636,-28634.3926,24.9425,-5243.1040,-28093.4844,21.9620,-4761.9966,-28684.4004,25.1806,762.0037,0.0064,0.0012,-3.1376,0.7236,-3.1414,-4723.1533,-28651.0078,25.5242,1
-4703.1636,-28634.3926,24.9425,-5243.0962,-28093.4883,21.9620,-4778.2979,-28702.1035,22.8301,765.7992,0.0058,0.0007,-3.1379,0.6890,3.1414,-4725.2817,-28653.1992,25.3418,1
-4703.1636,-28634.3926,24.9425,-5243.0884,-28093.4941,21.9620,-4712.6118,-28653.3340,21.8996,771.2483,-0.0162,0.0005,-3.1382,0.6568,3.1410,-4725.3726,-28653.8848,25.1275,1
-4703.1636,-28634.3926,24.9425,-5243.0811,-28093.4980,21.9621,-4743.5400,-28663.6719,27.5473,758.0649,-0.0149,0.0017,-3.1385,0.6260,3.1406,-4726.4316,-28654.8867,25.0942,1
-4703.1636,-28634.3926,24.9425,-5243.0732,-28093.5039,21.9621,-4756.2017,-28679.4922,25.2207,761.8607,-0.0154,0.0012,-3.1388,0.5963,3.1403,-4727.9253,-28656.4043,24.9934,1
-4703.1636,-28634.3926,24.9425,-5243.0659,-28093.5078,21.9621,-4768.7837,-28694.5801,22.8695,765.6561,-0.0160,0.0007,-3.1390,0.5676,3.1400,-4729.8687,-28658.4355,24.8197,1
-4703.1636,-28634.3926,24.9425,-5243.0591,-28093.5137,21.9621,-4714.4741,-28652.6191,20.3161,769.4170,-0.0338,0.0001,-3.1393,0.5447,3.1396,-4730.1050,-28659.1484,24.5627,1
-4703.1636,-28634.3926,24.9425,-5243.0522,-28093.5176,21.9621,-4730.8066,-28652.1133,27.5094,757.9232,-0.0344,0.0016,-3.1395,0.5260,3.1393,-4730.8135,-28659.7988,24.5355,1
-4703.1636,-28634.3926,24.9425,-5243.0454,-28093.5234,21.9620,-4735.0059,-28661.0684,25.1490,761.7189,-0.0350,0.0011,-3.1397,0.5105,3.1390,-4731.6362,-28660.6973,24.4410,1
-4703.1636,-28634.3926,24.9425,-5243.0386,-28093.5293,21.9620,-4737.9297,-28668.7500,22.7515,765.5140,-0.0355,0.0006,-3.1398,0.4975,3.1388,-4732.5386,-28661.8164,24.2735,1
-4703.1636,-28634.3926,24.9425,-5243.0322,-28093.5352,21.9620,-4699.9932,-28636.3906,24.6532,767.8448,-0.0467,0.0010,-3.1399,0.4924,3.1386,-4732.1929,-28661.8691,24.1686,1
-4703.1636,-28634.3926,24.9425,-5243.0264,-28093.5410,21.9619,-4709.9033,-28632.0508,27.3903,757.7821,-0.0458,0.0016,-3.1401,0.4927,3.1383,-4732.0669,-28661.6816,24.1592,1
-4703.1636,-28634.3926,24.9425,-5243.0200,-28093.5469,21.9618,-4702.9922,-28630.5449,24.9656,761.5776,-0.0463,0.0011,-3.1401,0.4971,3.1382,-4731.6484,-28661.3594,24.0806,1
-4703.1636,-28634.3926,24.9425,-5243.0146,-28093.5527,21.9618,-4701.1772,-28634.1172,22.5270,765.3726,-0.0449,0.0006,-3.1401,0.5045,3.1382,-4731.0957,-28661.0684,23.9277,1
-4703.1636,-28634.3926,24.9425,-5243.0093,-28093.5605,21.9617,-4692.5024,-28630.6895,20.1963,769.1337,-0.0443,0.0002,-3.1401,0.5192,3.1381,-4730.1855,-28660.5898,23.6997,1
-4703.1636,-28634.3926,24.9425,-5243.0039,-28093.5664,21.9616,-4688.3950,-28609.7148,27.2877,757.6410,-0.0449,0.0017,-3.1401,0.5393,3.1380,-4729.0283,-28659.3242,23.7000,1
-4703.1636,-28634.3926,24.9425,-5242.9990,-28093.5723,21.9616,-4671.4707,-28596.7012,24.8366,761.4363,-0.0454,0.0012,-3.1400,0.5635,3.1380,-4727.2266,-28657.5176,23.6311,1
-4703.1636,-28634.3926,24.9425,-5242.9941,-28093.5801,21.9615,-4659.5000,-28588.6719,22.3882,765.2311,-0.0440,0.0007,-3.1399,0.5908,3.1381,-4724.9185,-28655.3184,23.4882,1
-4703.1636,-28634.3926,24.9425,-5242.9893,-28093.5859,21.9615,-4682.2798,-28619.8496,20.1796,768.9927,-0.0308,0.0002,-3.1398,0.6235,3.1383,-4723.2236,-28653.9961,23.2747,1
-4703.1636,-28634.3926,24.9425,-5242.9849,-28093.5938,21.9615,-4670.4351,-28589.5508,27.2886,757.5005,-0.0314,0.0017,-3.1397,0.6599,3.1384,-4721.0396,-28651.5898,23.2913,1
-4703.1636,-28634.3926,24.9425,-5242.9805,-28093.5996,21.9615,-4652.7983,-28574.4883,24.8920,761.2957,-0.0299,0.0012,-3.1395,0.6991,3.1387,-4718.1895,-28648.5742,23.2411,1
-4703.1636,-28634.3926,24.9425,-5242.9766,-28093.6074,21.9615,-4628.9971,-28550.1113,22.4848,765.0903,-0.0305,0.0007,-3.1393,0.7400,3.1390,-4714.4512,-28644.6309,23.1191,1
-4703.1636,-28634.3926,24.9425,-5242.9727,-28093.6133,21.9616,-4683.8867,-28610.6328,25.7816,761.5078,-0.0068,0.0013,-3.1391,0.7820,3.1394,-4712.3447,-28642.4785,23.1071,1
-4703.1636,-28634.3926,24.9425,-5242.9688,-28093.6211,21.9616,-4662.0874,-28579.5762,27.3937,757.3616,-0.0078,0.0017,-3.1387,0.8249,3.1399,-4709.4897,-28639.2617,23.1580,1
-4703.1636,-28634.3926,24.9425,-5242.9648,-28093.6270,21.9617,-4633.9541,-28564.0215,29.6471,769.5540,-0.0071,0.0021,-3.1384,0.8687,3.1405,-4705.6821,-28635.4785,23.2921,1
-4703.1636,-28634.3926,24.9425,-5242.9609,-28093.6348,21.9618,-4617.9048,-28534.6094,22.7367,764.9510,-0.0069,0.0007,-3.1381,0.9128,3.1410,-4701.2275,-28630.6113,23.2180,1
-4703.1636,-28634.3926,24.9425,-5242.9570,-28093.6406,21.9619,-4676.8877,-28613.7246,20.2596,768.7159,0.0200,0.0002,-3.1376,0.9533,-3.1414,-4698.5771,-28628.1797,23.0642,1
-4703.1636,-28634.3926,24.9425,-5242.9531,-28093.6465,21.9620,-4664.4756,-28582.2480,27.4841,757.2247,0.0194,0.0017,-3.1370,0.9916,-3.1405,-4695.5229,-28624.7324,23.1434,1
-4703.1636,-28634.3926,24.9425,-5242.9492,-28093.6523,21.9621,-4648.4844,-28568.7930,25.1848,761.0195,0.0209,0.0012,-3.1364,1.0277,-3.1397,-4691.9468,-28620.8242,23.1582,1
-4703.1636,-28634.3926,24.9425,-5242.9453,-28093.6582,21.9621,-4627.6611,-28547.9355,22.8702,764.8138,0.0203,0.0007,-3.1358,1.0625,-3.1389,-4687.6714,-28616.1992,23.1030,1
-4703.1636,-28634.3926,24.9425,-5242.9409,-28093.6641,21.9622,-4683.2202,-28620.3770,20.2463,768.5801,0.0436,0.0001,-3.1350,1.0898,-3.1379,-4685.1558,-28613.8691,22.9637,1
-4703.1636,-28634.3926,24.9425,-5242.9360,-28093.6699,21.9622,-4684.9004,-28605.2930,27.4307,757.0893,0.0451,0.0016,-3.1342,1.1119,-3.1368,-4682.7715,-28611.1445,23.0559,1
-4703.1636,-28634.3926,24.9425,-5242.9316,-28093.6738,21.9622,-4671.1011,-28595.6191,25.0837,760.8840,0.0445,0.0011,-3.1335,1.1300,-3.1360,-4680.0186,-28608.1699,23.0817,1
-4703.1636,-28634.3926,24.9425,-5242.9268,-28093.6797,21.9622,-4660.3921,-28584.7852,23.1972,761.9242,0.0438,0.0007,-3.1330,1.1453,-3.1354,-4676.9761,-28604.8984,23.0512,1
-4703.1636,-28634.3926,24.9425,-5242.9214,-28093.6836,21.9622,0.0000,0.0000,0.0000,0.0000,0.0000,0.0000,-3.1324,1.1509,-3.1347,0.0000,0.0000,0.0000,1
-4703.1636,-28634.3926,24.9425,-5242.9160,-28093.6875,21.9621,0.0000,0.0000,0.0000,0.0000,0.0000,0.0000,-3.1319,1.1498,-3.1341,0.0000,0.0000,0.0000,0
-4703.1636,-28634.3926,24.9425,-5242.9102,-28093.6934,21.9621,0.0000,0.0000,0.0000,0.0000,0.0000,0.0000,-3.1317,1.1433,-3.1339,0.0000,0.0000,0.0000,0
-4703.1636,-28634.3926,24.9425,-5242.9043,-28093.6953,21.9620,0.0000,0.0000,0.0000,0.0000,0.0000,0.0000,-3.1318,1.1331,-3.1341,0.0000,0.0000,0.0000,0
-4703.1636,-28634.3926,24.9425,-5242.8979,-28093.6992,21.9619,0.0000,0.0000,0.0000,0.0000,0.0000,0.0000,-3.1319,1.1137,-3.1343,0.0000,0.0000,0.0000,0
-4703.1636,-28634.3926,24.9425,-5242.8916,-28093.7031,21.9618,0.0000,0.0000,0.0000,0.0000,0.0000,0.0000,-3.1321,1.0873,-3.1346,0.0000,0.0000,0.0000,0
-4703.1636,-28634.3926,24.9425,-5242.8853,-28093.7051,21.9617,0.0000,0.0000,0.0000,0.0000,0.0000,0.0000,-3.1325,1.0558,-3.1352,0.0000,0.0000,0.0000,0
-4703.1636,-28634.3926,24.9425,-5242.8784,-28093.7090,21.9617,0.0000,0.0000,0.0000,0.0000,0.0000,0.0000,-3.1332,1.0210,-3.1360,0.0000,0.0000,0.0000,0
-4703.1636,-28634.3926,24.9425,-5242.8721,-28093.7109,21.9616,0.0000,0.0000,0.0000,768.1754,0.0383,0.0022,-3.1343,0.9959,-3.1374,0.0000,0.0000,0.0000,0
-4703.1636,-28634.3926,24.9425,-5242.8657,-28093.7129,21.9616,-4725.0552,-28645.4590,27.4222,756.6859,0.0378,0.0017,-3.1360,0.9911,-3.1397,-4725.0552,-28645.4590,27.4222,1
-4703.1636,-28634.3926,24.9425,-5242.8599,-28093.7168,21.9617,-4721.0723,-28646.9473,25.1413,760.4801,0.0372,0.0012,-3.1373,0.9901,-3.1413,-4724.9243,-28645.5078,27.3472,1
-4703.1636,-28634.3926,24.9425,-5242.8545,-28093.7188,21.9617,-4716.9243,-28648.2598,22.8040,764.2739,0.0367,0.0007,-3.1380,0.9894,3.1410,-4724.6499,-28645.6035,27.1914,1
-4703.1636,-28634.3926,24.9425,-5242.8491,-28093.7227,21.9617,-4703.4780,-28633.9336,23.5072,763.3784,0.0325,0.0008,-3.1382,0.9889,3.1407,-4723.9189,-28645.2344,27.0491,1
-4703.1636,-28634.3926,24.9425,-5242.8442,-28093.7266,21.9618,-4697.7593,-28640.0273,26.6668,771.7358,0.0325,0.0015,-3.1383,0.9885,3.1407,-4722.9663,-28645.0430,27.0035,1
-4703.1636,-28634.3926,24.9425,-5242.8394,-28093.7305,21.9618,-4704.2446,-28630.4258,25.0334,760.3483,0.0320,0.0012,-3.1382,0.9882,3.1408,-4722.1646,-28644.5215,26.9045,1
-4703.1636,-28634.3926,24.9425,-5242.8345,-28093.7344,21.9618,-4706.5933,-28638.1250,22.6695,764.1419,0.0334,0.0007,-3.1381,0.9880,3.1409,-4721.4097,-28644.2266,26.7255,1
-4703.1636,-28634.3926,24.9425,-5242.8301,-28093.7383,21.9619,-4701.3691,-28638.2168,29.8186,767.9119,0.0327,0.0021,-3.1380,0.9878,3.1411,-4720.4629,-28643.9238,26.7724,1
-4703.1636,-28634.3926,24.9425,-5242.8257,-28093.7422,21.9619,-4702.6436,-28644.8418,27.4207,771.7054,0.0321,0.0016,-3.1375,0.9771,-3.1413,-4719.5298,-28643.8301,26.7496,1
-4703.1636,-28634.3926,24.9425,-5242.8208,-28093.7441,21.9619,-4718.6895,-28644.3926,24.9329,760.2170,0.0315,0.0011,-3.1369,0.9589,-3.1405,-4719.0913,-28643.7266,26.6483,1
-4703.1636,-28634.3926,24.9425,-5242.8164,-28093.7480,21.9619,-4734.3008,-28663.9473,22.5096,764.0106,0.0330,0.0006,-3.1365,0.9356,-3.1399,-4719.1768,-28644.2695,26.4656,1
-4703.1636,-28634.3926,24.9425,-5242.8115,-28093.7520,21.9620,-4714.9209,-28651.2188,29.7665,767.7809,0.0241,0.0021,-3.1363,0.9096,-3.1397,-4718.6758,-28644.4395,26.5128,1
-4703.1636,-28634.3926,24.9425,-5242.8066,-28093.7539,21.9620,-4726.1172,-28666.7617,27.3646,771.5745,0.0235,0.0016,-3.1364,0.8817,-3.1398,-4718.5420,-28645.1309,26.4908,1
-4703.1636,-28634.3926,24.9425,-5242.8013,-28093.7578,21.9620,-4755.7271,-28677.2715,24.8979,760.0864,0.0250,0.0011,-3.1366,0.8526,-3.1400,-4719.4146,-28646.2246,26.3916,1
-4703.1636,-28634.3926,24.9425,-5242.7964,-28093.7598,21.9620,-4769.2705,-28693.1660,22.5217,763.8798,0.0244,0.0006,-3.1369,0.8222,-3.1403,-4720.8154,-28647.9004,26.2132,1
-4703.1636,-28634.3926,24.9425,-5242.7915,-28093.7637,21.9620,-4717.1328,-28653.1562,29.7806,767.6512,0.0058,0.0021,-3.1371,0.7910,-3.1407,-4720.6235,-28648.3594,26.2656,1
-4703.1636,-28634.3926,24.9425,-5242.7861,-28093.7656,21.9620,-4730.5225,-28670.5586,27.4107,771.4445,0.0053,0.0016,-3.1374,0.7594,-3.1411,-4720.8604,-28649.3828,26.2504,1
-4703.1636,-28634.3926,24.9425,-5242.7812,-28093.7676,21.9621,-4761.7495,-28682.1035,24.9775,759.9568,0.0067,0.0011,-3.1377,0.7276,-3.1415,-4722.1533,-28650.8301,26.1599,1
-4703.1636,-28634.3926,24.9425,-5242.7764,-28093.7695,21.9621,-4776.5635,-28698.7168,22.6279,763.7501,0.0062,0.0006,-3.1380,0.6954,3.1414,-4724.0122,-28652.8730,25.9918,1
-4703.1636,-28634.3926,24.9425,-5242.7715,-28093.7734,21.9621,-4725.0386,-28651.6602,23.6733,761.1067,-0.0132,0.0008,-3.1383,0.6652,3.1410,-4724.2959,-28653.4570,25.8522,1
-4703.1636,-28634.3926,24.9425,-5242.7666,-28093.7754,21.9621,-4727.4683,-28667.6855,27.4320,771.3158,-0.0151,0.0016,-3.1386,0.6366,3.1406,-4724.6514,-28654.5371,25.8327,1
-4703.1636,-28634.3926,24.9425,-5242.7622,-28093.7773,21.9621,-4756.2993,-28677.4629,25.0119,759.8285,-0.0137,0.0011,-3.1388,0.6089,3.1403,-4725.9541,-28655.9531,25.7403,1
-4703.1636,-28634.3926,24.9425,-5242.7573,-28093.7812,21.9621,-4767.8232,-28691.7422,22.6601,763.6216,-0.0142,0.0006,-3.1390,0.5818,3.1401,-4727.6865,-28657.8574,25.5716,1
-4703.1636,-28634.3926,24.9425,-5242.7529,-28093.7832,21.9621,-4710.2769,-28646.3340,29.7646,767.3947,-0.0328,0.0021,-3.1392,0.5605,3.1397,-4727.6123,-28658.3242,25.6308,1
-4703.1636,-28634.3926,24.9425,-5242.7485,-28093.7871,21.9621,-4722.3315,-28662.8867,27.4036,771.1879,-0.0314,0.0016,-3.1395,0.5434,3.1394,-4727.8774,-28659.2773,25.6243,1
-4703.1636,-28634.3926,24.9425,-5242.7446,-28093.7891,21.9621,-4736.2197,-28659.9824,24.9494,759.7008,-0.0320,0.0011,-3.1397,0.5290,3.1391,-4728.5703,-28660.1152,25.5440,1
-4703.1636,-28634.3926,24.9425,-5242.7407,-28093.7930,21.9621,-4738.7256,-28667.2852,22.5568,763.4939,-0.0325,0.0006,-3.1397,0.5167,3.1390,-4729.3462,-28661.1660,25.3860,1
-4703.1636,-28634.3926,24.9425,-5242.7368,-28093.7969,21.9620,-4703.2324,-28636.5586,21.1175,765.2808,-0.0431,0.0003,-3.1399,0.5113,3.1388,-4728.9678,-28661.1973,25.1772,1
-4703.1636,-28634.3926,24.9425,-5242.7334,-28093.8008,21.9620,-4703.0435,-28644.4805,27.2976,771.0599,-0.0420,0.0016,-3.1400,0.5115,3.1385,-4728.5176,-28661.4102,25.1633,1
-4703.1636,-28634.3926,24.9425,-5242.7300,-28093.8047,21.9619,-4707.1479,-28632.4141,24.7898,759.5732,-0.0425,0.0011,-3.1401,0.5153,3.1384,-4728.1216,-28661.1562,25.0753,1
-4703.1636,-28634.3926,24.9425,-5242.7266,-28093.8086,21.9619,-4699.0645,-28629.6836,22.3454,763.3662,-0.0431,0.0006,-3.1400,0.5219,3.1384,-4727.4087,-28660.7305,24.9092,1
-4703.1636,-28634.3926,24.9425,-5242.7236,-28093.8125,21.9618,-4696.6216,-28632.5391,29.6646,767.1388,-0.0408,0.0021,-3.1400,0.5356,3.1383,-4726.5513,-28660.3164,24.9791,1
-4703.1636,-28634.3926,24.9425,-5242.7207,-28093.8164,21.9617,-4682.0820,-28622.9668,27.2032,770.9318,-0.0414,0.0016,-3.1400,0.5542,3.1382,-4725.1572,-28659.5176,24.9814,1
-4703.1636,-28634.3926,24.9425,-5242.7178,-28093.8203,21.9617,-4677.1860,-28600.7031,24.6724,759.4453,-0.0419,0.0011,-3.1400,0.5765,3.1382,-4723.4868,-28657.8770,24.9087,1
-4703.1636,-28634.3926,24.9425,-5242.7153,-28093.8262,21.9616,-4660.0371,-28586.7988,22.2203,763.2382,-0.0425,0.0006,-3.1399,0.6016,3.1384,-4721.1646,-28655.6543,24.7573,1
-4703.1636,-28634.3926,24.9425,-5242.7134,-28093.8301,21.9616,-4687.2461,-28622.7090,29.6465,767.0110,-0.0284,0.0021,-3.1398,0.6317,3.1385,-4719.6152,-28654.4629,24.8449,1
-4703.1636,-28634.3926,24.9425,-5242.7109,-28093.8359,21.9616,-4665.2383,-28604.3691,27.2017,770.8038,-0.0289,0.0016,-3.1397,0.6652,3.1386,-4717.3018,-28652.6152,24.8653,1
-4703.1636,-28634.3926,24.9425,-5242.7090,-28093.8398,21.9616,-4654.4058,-28573.9023,24.7063,759.3176,-0.0295,0.0011,-3.1395,0.7012,3.1389,-4714.5127,-28649.6445,24.8116,1
-4703.1636,-28634.3926,24.9425,-5242.7070,-28093.8438,21.9616,-4631.9219,-28551.3184,22.3052,763.1105,-0.0300,0.0006,-3.1393,0.7393,3.1392,-4710.8906,-28645.7949,24.6807,1
-4703.1636,-28634.3926,24.9425,-5242.7051,-28093.8496,21.9617,-4681.9580,-28616.9414,29.6730,766.8842,-0.0067,0.0021,-3.1390,0.7783,3.1396,-4708.7725,-28643.9160,24.7869,1
-4703.1636,-28634.3926,24.9425,-5242.7031,-28093.8535,21.9617,-4656.9663,-28594.6875,27.2888,770.6769,-0.0072,0.0016,-3.1388,0.8181,3.1400,-4705.8291,-28641.2930,24.8274,1
-4703.1636,-28634.3926,24.9425,-5242.7017,-28093.8594,21.9618,-4644.5342,-28561.3672,24.8593,759.1910,-0.0078,0.0011,-3.1385,0.8586,3.1405,-4702.3901,-28637.4844,24.7958,1
-4703.1636,-28634.3926,24.9425,-5242.6997,-28093.8633,21.9619,-4626.7339,-28544.1230,22.5267,762.9838,-0.0063,0.0006,-3.1381,0.8999,3.1410,-4698.2998,-28632.9980,24.6889,1
-4703.1636,-28634.3926,24.9425,-5242.6982,-28093.8672,21.9620,-4681.9028,-28616.7227,29.7036,766.7589,0.0187,0.0021,-3.1377,0.9377,-3.1415,-4695.9189,-28630.7480,24.8129,1
-4703.1636,-28634.3926,24.9425,-5242.6963,-28093.8711,21.9620,-4659.0269,-28596.9199,27.3641,770.5515,0.0181,0.0016,-3.1371,0.9733,-3.1407,-4692.8296,-28627.8848,24.8721,1
-4703.1636,-28634.3926,24.9425,-5242.6943,-28093.8750,21.9621,-4649.5044,-28567.4824,24.9661,759.0659,0.0176,0.0011,-3.1366,1.0074,-3.1399,-4689.4019,-28624.0312,24.8596,1
-4703.1636,-28634.3926,24.9425,-5242.6924,-28093.8789,21.9622,-4635.2305,-28555.3398,22.6407,762.8586,0.0190,0.0006,-3.1362,1.0406,-3.1393,-4685.4941,-28619.7285,24.7717,1
-4703.1636,-28634.3926,24.9425,-5242.6899,-28093.8828,21.9622,-4691.8564,-28624.1445,23.8630,764.5872,0.0417,0.0009,-3.1355,1.0666,-3.1384,-4683.4048,-28617.6113,24.7199,1
-4703.1636,-28634.3926,24.9425,-5242.6875,-28093.8867,21.9622,-4671.8833,-28611.3027,27.3260,770.4271,0.0403,0.0016,-3.1348,1.0876,-3.1375,-4680.7603,-28615.1641,24.7795,1
-4703.1636,-28634.3926,24.9425,-5242.6846,-28093.8906,21.9622,-4676.0869,-28598.8223,24.8757,758.9418,0.0417,0.0011,-3.1342,1.1052,-3.1367,-4678.3081,-28612.3730,24.7660,1
-4703.1636,-28634.3926,24.9425,-5242.6821,-28093.8926,21.9622,-4664.1445,-28590.9434,22.5004,762.7343,0.0412,0.0006,-3.1337,1.1198,-3.1362,-4675.5381,-28609.3730,24.6754,1
-4703.1636,-28634.3926,24.9425,-5242.6787,-28093.8965,21.9622,0.0000,0.0000,0.0000,0.0000,0.0000,0.0000,-3.1332,1.1253,-3.1356,0.0000,0.0000,0.0000,1
-4703.1636,-28634.3926,24.9425,-5242.6753,-28093.8984,21.9622,0.0000,0.0000,0.0000,0.0000,0.0000,0.0000,-3.1327,1.1245,-3.1350,0.0000,0.0000,0.0000,0
-4703.1636,-28634.3926,24.9425,-5242.6714,-28093.9004,21.9621,0.0000,0.0000,0.0000,0.0000,0.0000,0.0000,-3.1325,1.1191,-3.1348,0.0000,0.0000,0.0000,0
-4703.1636,-28634.3926,24.9425,-5242.6675,-28093.9023,21.9620,0.0000,0.0000,0.0000,0.0000,0.0000,0.0000,-3.1326,1.1101,-3.1350,0.0000,0.0000,0.0000,0
-4703.1636,-28634.3926,24.9425,-5242.6636,-28093.9043,21.9620,0.0000,0.0000,0.0000,0.0000,0.0000,0.0000,-3.1326,1.0921,-3.1351,0.0000,0.0000,0.0000,0
-4703.1636,-28634.3926,24.9425,-5242.6592,-28093.9062,21.9619,0.0000,0.0000,0.0000,0.0000,0.0000,0.0000,-3.1328,1.0679,-3.1353,0.0000,0.0000,0.0000,0
-4703.1636,-28634.3926,24.9425,-5242.6548,-28093.9062,21.9618,0.0000,0.0000,0.0000,0.0000,0.0000,0.0000,-3.1332,1.0389,-3.1358,0.0000,0.0000,0.0000,0
-4703.1636,-28634.3926,24.9425,-5242.6504,-28093.9082,21.9618,0.0000,0.0000,0.0000,0.0000,0.0000,0.0000,-3.1337,1.0065,-3.1365,0.0000,0.0000,0.0000,0
-4703.1636,-28634.3926,24.9425,-5242.6460,-28093.9082,21.9617,0.0000,0.0000,0.0000,766.2631,0.0348,0.0021,-3.1347,0.9832,-3.1378,0.0000,0.0000,0.0000,0
-4703.1636,-28634.3926,24.9425,-5242.6416,-28093.9102,21.9617,-4715.0322,-28655.5078,28.5115,770.5817,0.0358,0.0019,-3.1363,0.9791,-3.1399,-4715.0322,-28655.5078,28.5115,1
-4703.1636,-28634.3926,24.9425,-5242.6377,-28093.9102,21.9618,-4723.2905,-28646.8164,24.9272,758.5707,0.0357,0.0011,-3.1374,0.9782,-3.1414,-4715.3047,-28655.2207,28.3934,1
-4703.1636,-28634.3926,24.9425,-5242.6343,-28093.9121,21.9618,-4719.1118,-28648.0996,22.5850,762.3630,0.0351,0.0006,-3.1381,0.9776,3.1410,-4715.4556,-28654.9590,28.1915,1
-4703.1636,-28634.3926,24.9425,-5242.6309,-28093.9141,21.9618,-4699.0020,-28633.7207,29.6193,766.1412,0.0300,0.0021,-3.1383,0.9771,3.1407,-4714.9570,-28654.2168,28.2082,1
-4703.1636,-28634.3926,24.9425,-5242.6265,-28093.9180,21.9620,-4701.4199,-28641.5215,27.4907,769.9333,0.0314,0.0016,-3.1387,0.9768,3.1406,-4714.5039,-28653.6875,28.1597,1
-4703.1636,-28634.3926,24.9425,-5242.6196,-28093.9219,21.9626,-4707.6846,-28631.5859,25.6237,758.4490,0.0308,0.0011,-3.1395,0.9767,3.1406,-4714.2227,-28652.8027,28.0488,1
-4703.1636,-28634.3926,24.9425,-5242.6104,-28093.9297,21.9637,-4703.0991,-28632.3867,24.2932,762.2413,0.0303,0.0006,-3.1410,0.9767,3.1405,-4713.7803,-28651.9062,27.8902,1
-4703.1636,-28634.3926,24.9425,-5242.5967,-28093.9414,21.9653,-4711.5088,-28632.2090,22.7085,756.1658,0.0316,-0.0000,3.1401,0.9769,3.1403,-4713.5923,-28650.9648,27.6717,1
-4703.1636,-28634.3926,24.9425,-5242.5791,-28093.9570,21.9674,-4705.4761,-28645.3574,30.5071,769.7975,0.0310,0.0012,3.1379,0.9673,3.1406,-4713.2090,-28650.4297,27.7002,1
-4703.1636,-28634.3926,24.9425,-5242.5566,-28093.9746,21.9699,-4720.7231,-28644.1270,30.0044,758.3136,0.0305,0.0007,3.1356,0.9506,3.1411,-4713.3120,-28649.8535,27.7217,1
-4703.1636,-28634.3926,24.9425,-5242.5293,-28093.9980,21.9727,-4728.2432,-28656.3633,29.7625,762.1057,0.0299,0.0002,3.1332,0.9289,-3.1415,-4713.6816,-28649.6777,27.7417,1
-4703.1636,-28634.3926,24.9425,-5242.4976,-28094.0254,21.9757,-4717.3511,-28651.3164,31.7221,765.7978,0.0238,0.0001,3.1307,0.9051,-3.1410,-4713.7285,-28649.3652,27.8313,1
-4703.1636,-28634.3926,24.9425,-5242.4600,-28094.0547,21.9787,-4727.2817,-28665.6914,31.4277,769.5893,0.0232,-0.0004,3.1283,0.8794,-3.1405,-4714.1079,-28649.5371,27.9205,1
-4703.1636,-28634.3926,24.9425,-5242.4180,-28094.0898,21.9819,-4748.2598,-28668.9395,30.8326,758.1069,0.0227,-0.0009,3.1263,0.8524,-3.1396,-4715.2163,-28649.8691,28.0004,1
-4703.1636,-28634.3926,24.9425,-5242.3716,-28094.1289,21.9855,-4759.7568,-28683.6191,30.2473,761.8985,0.0221,-0.0014,3.1246,0.8249,-3.1385,-4716.7690,-28650.7324,28.0672,1
-4703.1636,-28634.3926,24.9425,-5242.3198,-28094.1699,21.9897,-4717.0732,-28655.6113,27.8357,768.8594,0.0071,-0.0023,3.1231,0.7966,-3.1374,-4717.0107,-28650.7539,28.0599,1
-4703.1636,-28634.3926,24.9425,-5242.2637,-28094.2168,21.9943,-4730.9678,-28668.9238,30.5902,769.2820,0.0065,-0.0021,3.1216,0.7677,-3.1362,-4717.6968,-28651.2246,28.1417,1
-4703.1636,-28634.3926,24.9425,-5242.2031,-28094.2656,21.9992,-4753.1826,-28673.1035,29.6309,757.8026,0.0059,-0.0026,3.1203,0.7386,-3.1349,-4719.1426,-28651.8828,28.1983,1
-4703.1636,-28634.3926,24.9425,-5242.1382,-28094.3184,22.0040,-4773.1816,-28694.3574,28.5515,761.5931,0.0074,-0.0031,3.1192,0.7096,-3.1337,-4721.3042,-28653.2852,28.2221,1
-4703.1636,-28634.3926,24.9425,-5242.0698,-28094.3730,22.0086,-4717.8833,-28651.5977,30.6944,765.0886,-0.0116,-0.0030,3.1184,0.6823,-3.1325,-4721.7505,-28653.3711,28.3162,1
-4703.1636,-28634.3926,24.9425,-5241.9990,-28094.4316,22.0127,-4727.9023,-28666.1035,29.1518,768.8777,-0.0121,-0.0035,3.1178,0.6564,-3.1314,-4722.4961,-28653.9219,28.3645,1
-4703.1636,-28634.3926,24.9425,-5241.9258,-28094.4902,22.0161,-4747.6035,-28668.3008,27.1349,757.4026,-0.0127,-0.0040,3.1176,0.6316,-3.1305,-4723.8877,-28654.5723,28.3475,1
-4703.1636,-28634.3926,24.9425,-5241.8506,-28094.5508,22.0186,-4764.2949,-28687.2773,24.7774,761.1918,-0.0112,-0.0045,3.1178,0.6077,-3.1298,-4725.8560,-28655.8672,28.2499,1
-4703.1636,-28634.3926,24.9425,-5241.7739,-28094.6113,22.0201,-4712.5938,-28646.4590,29.2706,764.6155,-0.0280,-0.0036,3.1182,0.5886,-3.1296,-4726.1899,-28655.8828,28.2915,1
-4703.1636,-28634.3926,24.9425,-5241.6958,-28094.6738,22.0203,-4716.5112,-28655.5547,26.2628,768.4028,-0.0285,-0.0041,3.1188,0.5733,-3.1297,-4726.5981,-28656.1660,28.2369,1
-4703.1636,-28634.3926,24.9425,-5241.6162,-28094.7383,22.0193,-4729.3110,-28651.9355,22.8406,756.9333,-0.0291,-0.0046,3.1198,0.5606,-3.1300,-4727.3779,-28656.3184,28.0637,1
-4703.1636,-28634.3926,24.9425,-5241.5361,-28094.8027,22.0169,-4738.0015,-28664.9922,19.0407,760.7207,-0.0277,-0.0051,3.1211,0.5497,-3.1306,-4728.4238,-28656.8789,27.7549,1
-4703.1636,-28634.3926,24.9425,-5241.4551,-28094.8672,22.0133,-4704.0005,-28637.9609,27.7738,764.1050,-0.0374,-0.0029,3.1226,0.5450,-3.1317,-4728.3525,-28656.5645,27.7146,1
-4703.1636,-28634.3926,24.9425,-5241.3735,-28094.9316,22.0084,-4699.2510,-28638.7520,23.2857,767.8904,-0.0380,-0.0034,3.1244,0.5451,-3.1332,-4728.0537,-28656.2266,27.5297,1
-4703.1636,-28634.3926,24.9425,-5241.2915,-28094.9980,22.0023,-4710.1094,-28633.5117,18.4678,756.4269,-0.0366,-0.0040,3.1264,0.5489,-3.1348,-4728.0151,-28655.6621,27.1757,1
-4703.1636,-28634.3926,24.9425,-5241.2090,-28095.0645,21.9950,-4702.2891,-28631.1543,13.2960,760.2122,-0.0371,-0.0045,3.1289,0.5549,-3.1366,-4727.6646,-28654.9688,26.6360,1
-4703.1636,-28634.3926,24.9425,-5241.1265,-28095.1328,21.9867,-4694.2524,-28628.0020,26.4041,763.5740,-0.0368,-0.0011,3.1316,0.5671,-3.1387,-4726.9829,-28654.1191,26.5012,1
-4703.1636,-28634.3926,24.9425,-5241.0435,-28095.1992,21.9774,-4681.7852,-28617.6504,17.3347,765.3479,-0.0375,-0.0022,3.1346,0.5841,-3.1409,-4725.8115,-28652.8770,26.0743,1
-4703.1636,-28634.3926,24.9425,-5240.9614,-28095.2676,21.9688,-4683.0869,-28605.2676,14.8686,755.9001,-0.0359,-0.0021,3.1377,0.6046,3.1404,-4724.5591,-28651.1367,25.5477,1
-4703.1636,-28634.3926,24.9425,-5240.8799,-28095.3340,21.9620,-4667.0479,-28592.9902,9.2477,759.6832,-0.0365,-0.0026,3.1408,0.6273,3.1389,-4722.6904,-28648.9043,24.8200,1
-4703.1636,-28634.3926,24.9425,-5240.7993,-28095.4004,21.9569,-4685.8110,-28619.0391,26.5853,763.0347,-0.0255,0.0016,-3.1395,0.6543,3.1377,-4721.3228,-28647.4238,24.6352,1
-4703.1636,-28634.3926,24.9425,-5240.7197,-28095.4668,21.9530,-4671.9473,-28609.7715,21.6791,766.8158,-0.0240,0.0011,-3.1368,0.6845,3.1369,-4719.4375,-28645.6016,24.3025,1
-4703.1636,-28634.3926,24.9425,-5240.6421,-28095.5312,21.9503,-4662.6206,-28581.7910,17.2400,755.3652,-0.0246,0.0006,-3.1344,0.7168,3.1366,-4717.1270,-28642.7773,23.8241,1
-4703.1636,-28634.3926,24.9425,-5240.5659,-28095.5957,21.9485,-4641.8276,-28562.2227,13.2027,759.1463,-0.0252,0.0001,-3.1322,0.7507,3.1368,-4714.0361,-28639.2109,23.2078,1
-4703.1636,-28634.3926,24.9425,-5240.4912,-28095.6582,21.9474,-4679.7310,-28621.2188,22.5346,768.5402,-0.0051,0.0023,-3.1304,0.7857,3.1372,-4712.0713,-28637.4590,22.8862,1
-4703.1636,-28634.3926,24.9425,-5240.4180,-28095.7207,21.9469,-4663.3726,-28600.2676,21.1836,766.5103,-0.0049,0.0022,-3.1289,0.8217,3.1380,-4709.5293,-28635.0254,22.5300,1
-4703.1636,-28634.3926,24.9425,-5240.3457,-28095.7832,21.9470,-4653.5840,-28570.6719,22.2935,754.8489,-0.0052,0.0025,-3.1278,0.8580,3.1389,-4706.5723,-28631.5605,22.2172,1
-4703.1636,-28634.3926,24.9425,-5240.2754,-28095.8418,21.9475,-4631.9106,-28549.0684,19.8489,758.6280,-0.0057,0.0020,-3.1270,0.8946,3.1399,-4702.8320,-28627.3066,21.8344,1
-4703.1636,-28634.3926,24.9425,-5240.2056,-28095.9023,21.9485,-4680.9912,-28613.5156,29.6071,762.0256,0.0166,0.0040,-3.1265,0.9285,3.1410,-4700.6021,-28625.0605,21.7780,1
-4703.1636,-28634.3926,24.9425,-5240.1377,-28095.9590,21.9496,-4666.6304,-28603.4297,27.6845,765.8027,0.0181,0.0035,-3.1261,0.9600,-3.1410,-4697.9146,-28622.5234,21.6851,1
-4703.1636,-28634.3926,24.9425,-5240.0708,-28096.0156,21.9506,-4658.5972,-28576.5918,25.7711,754.3640,0.0175,0.0030,-3.1258,0.9902,-3.1397,-4694.9321,-28619.1094,21.5546,1
-4703.1636,-28634.3926,24.9425,-5240.0063,-28096.0703,21.9516,-4639.8882,-28559.3672,23.9683,758.1411,0.0170,0.0025,-3.1254,1.0200,-3.1383,-4691.3169,-28615.1055,21.3821,1
-4703.1636,-28634.3926,24.9425,-5239.9438,-28096.1230,21.9524,-4692.1084,-28625.0996,29.8975,761.5679,0.0384,0.0036,-3.1248,1.0440,-3.1367,-4689.3726,-28613.2148,21.4181,1
-4703.1636,-28634.3926,24.9425,-5239.8823,-28096.1738,21.9531,-4677.0615,-28614.7891,27.9567,765.3433,0.0378,0.0031,-3.1242,1.0639,-3.1352,-4687.0088,-28611.0879,21.4159,1
-4703.1636,-28634.3926,24.9425,-5239.8223,-28096.2227,21.9538,-4675.0508,-28595.6328,25.8947,753.9100,0.0373,0.0026,-3.1237,1.0809,-3.1340,-4684.6196,-28608.4082,21.3701,1
-4703.1636,-28634.3926,24.9425,-5239.7637,-28096.2695,21.9544,-4662.9009,-28587.5156,23.8904,757.6853,0.0367,0.0021,-3.1234,1.0960,-3.1331,-4681.8779,-28605.5098,21.2739,1
-4703.1636,-28634.3926,24.9425,-5239.7061,-28096.3125,21.9550,-4700.1655,-28633.1562,29.6947,761.1501,0.0503,0.0033,-3.1231,1.1037,-3.1322,-4680.3906,-28604.1504,21.3798,1
-4703.1636,-28634.3926,24.9425,-5239.6494,-28096.3555,21.9554,-4698.9580,-28631.1191,27.8662,760.4875,0.0501,0.0028,-3.1230,1.1056,-3.1316,-4678.9780,-28602.8633,21.4496,1
-4703.1636,-28634.3926,24.9425,-5239.5938,-28096.3965,21.9558,-4701.9009,-28624.2617,25.3254,753.4952,0.0492,0.0023,-3.1231,1.1035,-3.1313,-4677.7817,-28601.4922,21.4559,1
-4703.1636,-28634.3926,24.9425,-5239.5391,-28096.4355,21.9561,-4706.6069,-28634.4375,23.1276,757.2691,0.0506,0.0018,-3.1234,1.0986,-3.1315,-4676.8564,-28600.5762,21.4016,1
-4703.1636,-28634.3926,24.9425,-5239.4854,-28096.4746,21.9563,0.0000,0.0000,0.0000,0.0000,0.0000,0.0000,-3.1239,1.0859,-3.1317,0.0000,0.0000,0.0000,1
-4703.1636,-28634.3926,24.9425,-5239.4326,-28096.5098,21.9565,0.0000,0.0000,0.0000,0.0000,0.0000,0.0000,-3.1245,1.0675,-3.1321,0.0000,0.0000,0.0000,0
-4703.1636,-28634.3926,24.9425,-5239.3804,-28096.5430,21.9567,0.0000,0.0000,0.0000,0.0000,0.0000,0.0000,-3.1253,1.0452,-3.1329,0.0000,0.0000,0.0000,0
-4703.1636,-28634.3926,24.9425,-5239.3296,-28096.5762,21.9568,0.0000,0.0000,0.0000,0.0000,0.0000,0.0000,-3.1263,1.0203,-3.1338,0.0000,0.0000,0.0000,0
-4703.1636,-28634.3926,24.9425,-5239.2793,-28096.6074,21.9570,0.0000,0.0000,0.0000,760.4125,0.0378,0.0029,-3.1272,0.9896,-3.1348,0.0000,0.0000,0.0000,0
-4703.1636,-28634.3926,24.9425,-5239.2295,-28096.6367,21.9571,-4742.6885,-28667.5762,20.7414,756.6506,0.0380,0.0011,-3.1282,0.9549,-3.1358,-4742.6885,-28667.5762,20.7414,1
-4703.1636,-28634.3926,24.9425,-5239.1807,-28096.6660,21.9573,-4761.8613,-28678.7480,24.8405,752.7629,0.0367,0.0019,-3.1292,0.9173,-3.1368,-4743.3252,-28667.9473,20.8775,1
-4703.1636,-28634.3926,24.9425,-5239.1328,-28096.6934,21.9574,-4788.6719,-28704.5059,22.6017,756.5342,0.0381,0.0014,-3.1302,0.8774,-3.1379,-4744.8853,-28669.1914,20.9477,1
-4703.1636,-28634.3926,24.9425,-5239.0859,-28096.7188,21.9576,-4721.3545,-28644.2852,21.6132,753.5704,0.0147,0.0012,-3.1315,0.8496,-3.1394,-4744.3110,-28668.5176,20.9884,1
-4703.1636,-28634.3926,24.9425,-5239.0400,-28096.7441,21.9577,-4723.7725,-28653.1055,27.6464,758.3269,0.0156,0.0024,-3.1333,0.8451,-3.1414,-4743.7642,-28668.0801,21.2286,1
-4703.1636,-28634.3926,24.9425,-5238.9951,-28096.7695,21.9579,-4726.7192,-28647.8906,25.3499,752.4376,0.0157,0.0018,-3.1348,0.8477,3.1402,-4743.2617,-28667.4336,21.4074,1
-4703.1636,-28634.3926,24.9425,-5238.9507,-28096.7949,21.9581,-4720.5933,-28647.3945,23.2499,756.2077,0.0152,0.0013,-3.1357,0.8506,3.1394,-4742.5215,-28666.7285,21.5232,1
-4703.1636,-28634.3926,24.9425,-5238.9067,-28096.8184,21.9583,-4700.0649,-28632.4180,29.6156,759.7784,0.0104,0.0026,-3.1362,0.8536,3.1392,-4741.0615,-28665.4941,21.8502,1
-4703.1636,-28634.3926,24.9425,-5238.8638,-28096.8438,21.9586,-4699.5068,-28637.2871,27.4953,763.5475,0.0098,0.0021,-3.1362,0.8461,3.1397,-4739.5024,-28664.3555,22.1213,1
-4703.1636,-28634.3926,24.9425,-5238.8208,-28096.8672,21.9590,-4720.4233,-28641.8125,25.3120,752.1331,0.0113,0.0016,-3.1360,0.8312,3.1403,-4738.5396,-28663.3027,22.3311,1
-4703.1636,-28634.3926,24.9425,-5238.7783,-28096.8906,21.9595,-4727.2505,-28653.4258,23.2017,755.9022,0.0107,0.0011,-3.1360,0.8106,3.1409,-4737.7769,-28662.6016,22.4736,1
-4703.1636,-28634.3926,24.9425,-5238.7363,-28096.9141,21.9599,-4710.9536,-28643.0020,29.6406,759.4821,0.0038,0.0024,-3.1363,0.7922,3.1410,-4736.4697,-28661.5508,22.8257,1
-4703.1636,-28634.3926,24.9425,-5238.6943,-28096.9375,21.9603,-4722.7441,-28659.3652,27.5952,763.2504,0.0052,0.0019,-3.1368,0.7753,3.1409,-4735.5117,-28661.0117,23.1205,1
-4703.1636,-28634.3926,24.9425,-5238.6528,-28096.9609,21.9607,-4737.3843,-28657.3047,25.4493,751.8386,0.0047,0.0014,-3.1373,0.7593,3.1407,-4735.0244,-28660.4180,23.3511,1
-4703.1636,-28634.3926,24.9425,-5238.6113,-28096.9824,21.9611,-4741.4663,-28666.0078,23.3546,755.6069,0.0041,0.0009,-3.1378,0.7441,3.1405,-4734.6953,-28660.1211,23.5114,1
-4703.1636,-28634.3926,24.9425,-5238.5703,-28097.0059,21.9614,-4707.5557,-28639.5469,29.5546,759.1934,-0.0070,0.0022,-3.1382,0.7307,3.1403,-4733.2822,-28658.9805,23.8701,1
-4703.1636,-28634.3926,24.9425,-5238.5293,-28097.0273,21.9617,-4716.4165,-28653.3418,27.3901,762.9606,-0.0055,0.0017,-3.1385,0.7188,3.1401,-4732.1250,-28658.2695,24.1639,1
-4703.1636,-28634.3926,24.9425,-5238.4893,-28097.0508,21.9619,-4728.4531,-28649.0371,25.0982,751.5517,-0.0061,0.0012,-3.1388,0.7076,3.1400,-4731.3472,-28657.4199,24.3838,1
-4703.1636,-28634.3926,24.9425,-5238.4487,-28097.0723,21.9620,-4729.8647,-28655.5098,22.8400,755.3190,-0.0067,0.0007,-3.1390,0.6969,3.1399,-4730.6328,-28656.7852,24.5241,1
-4703.1636,-28634.3926,24.9425,-5238.4087,-28097.0938,21.9621,-4704.2061,-28636.0977,29.3801,758.9094,-0.0147,0.0020,-3.1392,0.6885,3.1398,-4729.0942,-28655.5293,24.8698,1
-4703.1636,-28634.3926,24.9425,-5238.3691,-28097.1152,21.9622,-4710.0312,-28646.9980,27.6739,762.5851,-0.0134,0.0017,-3.1393,0.6813,3.1397,-4727.7188,-28654.6094,25.1624,1
-4703.1636,-28634.3926,24.9425,-5238.3301,-28097.1367,21.9621,-4719.6465,-28640.6172,24.6382,751.2696,-0.0138,0.0010,-3.1394,0.6752,3.1396,-4726.6426,-28653.4805,25.3537,1
-4703.1636,-28634.3926,24.9425,-5238.2910,-28097.1602,21.9621,-4717.9683,-28644.2852,22.2528,755.0360,-0.0144,0.0005,-3.1394,0.6700,3.1395,-4725.5244,-28652.4707,25.4575,1
-4703.1636,-28634.3926,24.9425,-5238.2524,-28097.1816,21.9620,-4706.6309,-28638.3418,29.2704,758.6296,-0.0172,0.0020,-3.1395,0.6684,3.1393,-4724.0454,-28651.2715,25.7790,1
-4703.1636,-28634.3926,24.9425,-5238.2139,-28097.2031,21.9619,-4701.6665,-28638.8184,26.8535,762.3953,-0.0178,0.0015,-3.1396,0.6691,3.1391,-4722.3975,-28650.0859,26.0217,1
-4703.1636,-28634.3926,24.9425,-5238.1758,-28097.2246,21.9618,-4706.4585,-28627.5684,24.3560,750.9916,-0.0183,0.0010,-3.1396,0.6717,3.1390,-4720.8857,-28648.5234,26.1762,1
-4703.1636,-28634.3926,24.9425,-5238.1382,-28097.2461,21.9616,-4699.8120,-28626.2695,21.9080,754.7571,-0.0189,0.0005,-3.1395,0.6756,3.1389,-4719.1582,-28646.9023,26.2389,1
-4703.1636,-28634.3926,24.9425,-5238.1011,-28097.2676,21.9615,-4699.7144,-28625.8379,28.5255,754.5070,-0.0178,0.0019,-3.1395,0.6828,3.1388,-4717.4204,-28645.2539,26.5043,1
-4703.1636,-28634.3926,24.9425,-5238.0640,-28097.2891,21.9614,-4691.7695,-28628.6758,26.7522,762.1188,-0.0171,0.0016,-3.1395,0.6920,3.1387,-4715.4263,-28643.6953,26.7088,1
-4703.1636,-28634.3926,24.9425,-5238.0273,-28097.3105,21.9612,-4692.5098,-28613.0508,24.2359,750.7177,-0.0176,0.0011,-3.1394,0.7027,3.1387,-4713.4336,-28641.6094,26.8230,1
-4703.1636,-28634.3926,24.9425,-5237.9917,-28097.3301,21.9611,-4688.1519,-28613.9766,21.7447,754.4825,-0.0162,0.0006,-3.1393,0.7149,3.1387,-4711.2964,-28639.5332,26.8426,1
-4703.1636,-28634.3926,24.9425,-5237.9565,-28097.3516,21.9609,-4696.9385,-28628.3418,29.0598,758.0837,-0.0105,0.0021,-3.1390,0.7290,3.1387,-4709.4463,-28637.9199,27.0867,1
-4703.1636,-28634.3926,24.9425,-5237.9224,-28097.3711,21.9606,-4689.2549,-28619.0918,21.6947,757.1161,-0.0105,0.0006,-3.1387,0.7446,3.1387,-4707.3618,-28636.0215,27.0862,1
-4703.1636,-28634.3926,24.9425,-5237.8892,-28097.3906,21.9603,-4670.6309,-28611.5723,23.7403,765.6121,-0.0116,0.0011,-3.1383,0.7617,3.1387,-4704.6846,-28633.8906,27.1367,1
-4703.1636,-28634.3926,24.9425,-5237.8564,-28097.4082,21.9599,-4674.4395,-28598.8066,21.0639,754.2129,-0.0101,0.0006,-3.1379,0.7799,3.1388,-4702.0938,-28631.3223,27.0840,1
-4703.1636,-28634.3926,24.9425,-5237.8247,-28097.4258,21.9596,-4693.7905,-28624.9570,28.9601,757.8262,-0.0003,0.0023,-3.1375,0.7987,3.1389,-4700.1392,-28629.5996,27.2745,1
-4703.1636,-28634.3926,24.9425,-5237.7939,-28097.4434,21.9592,-4679.2339,-28615.1484,26.3194,761.5894,-0.0009,0.0018,-3.1370,0.8178,3.1391,-4697.7515,-28627.5977,27.3774,1
-4703.1636,-28634.3926,24.9425,-5237.7642,-28097.4609,21.9589,-4664.6704,-28604.7402,23.6887,765.3530,-0.0014,0.0013,-3.1366,0.8372,3.1393,-4694.9082,-28625.2812,27.3878,1
-4703.1636,-28634.3926,24.9425,-5237.7349,-28097.4766,21.9586,-4668.0977,-28591.4062,21.1143,753.9562,0.0000,0.0008,-3.1362,0.8565,3.1395,-4692.1592,-28622.5215,27.2984,1
-4703.1636,-28634.3926,24.9425,-5237.7061,-28097.4922,21.9584,-4693.7524,-28624.7598,29.0717,757.5851,0.0117,0.0025,-3.1357,0.8742,3.1399,-4690.2710,-28620.8555,27.4551,1
-4703.1636,-28634.3926,24.9425,-5237.6782,-28097.5059,21.9583,-4680.5469,-28616.3926,26.5867,761.3477,0.0111,0.0020,-3.1353,0.8907,3.1402,-4688.0225,-28618.9824,27.5301,1
-4703.1636,-28634.3926,24.9425,-5237.6509,-28097.5195,21.9582,-4674.2393,-28615.1719,24.1692,765.1107,0.0125,0.0015,-3.1351,0.9065,3.1405,-4685.6177,-28617.1230,27.5207,1
-4703.1636,-28634.3926,24.9425,-5237.6240,-28097.5352,21.9582,-4665.4458,-28598.1660,25.3657,760.2777,0.0111,0.0018,-3.1350,0.9215,3.1408,-4682.9634,-28614.7578,27.5393,1
-4703.1636,-28634.3926,24.9425,-5237.5977,-28097.5469,21.9584,-4696.3418,-28627.2578,29.3328,757.3597,0.0218,0.0026,-3.1349,0.9330,3.1411,-4681.3564,-28613.3750,27.6808,1
-4703.1636,-28634.3926,24.9425,-5237.5713,-28097.5605,21.9586,-4686.9214,-28622.9883,27.1442,761.1216,0.0212,0.0021,-3.1349,0.9422,3.1415,-4679.5400,-28611.9395,27.7510,1
-4703.1636,-28634.3926,24.9425,-5237.5454,-28097.5742,21.9590,-4684.9551,-28626.4316,24.9950,764.8840,0.0227,0.0016,-3.1350,0.9498,-3.1415,-4677.7417,-28610.6992,27.7467,1
-4703.1636,-28634.3926,24.9425,-5237.5195,-28097.5859,21.9593,-4688.2300,-28613.3711,22.8415,753.4909,0.0221,0.0011,-3.1352,0.9558,-3.1414,-4676.1392,-28609.1250,27.6607,1
-4703.1636,-28634.3926,24.9425,-5237.4941,-28097.5977,21.9598,-4700.9629,-28631.7852,29.4644,757.1435,0.0270,0.0024,-3.1354,0.9574,-3.1412,-4675.0479,-28608.2246,27.7811,1
-4703.1636,-28634.3926,24.9425,-5237.4688,-28097.6094,21.9602,-4703.9375,-28640.1035,27.3691,760.9049,0.0285,0.0019,-3.1357,0.9560,-3.1410,-4674.1714,-28607.7012,27.8339,1
-4703.1636,-28634.3926,24.9425,-5237.4434,-28097.6211,21.9606,-4702.3306,-28638.5957,28.8566,760.9446,0.0274,0.0021,-3.1359,0.9519,-3.1409,-4673.3687,-28607.2520,27.9323,1
-4703.1636,-28634.3926,24.9425,-5237.4185,-28097.6328,21.9610,-4710.6938,-28636.1387,23.0770,753.2753,0.0274,0.0009,-3.1363,0.9463,-3.1409,-4672.9751,-28606.8496,27.8390,1
-4703.1636,-28634.3926,24.9425,-5237.3936,-28097.6445,21.9614,-4712.6777,-28641.5293,26.5320,755.7452,0.0269,0.0016,-3.1366,0.9366,-3.1409,-4672.7812,-28606.7344,27.8478,1
-4703.1636,-28634.3926,24.9425,-5237.3687,-28097.6562,21.9617,-4715.5830,-28651.1680,27.2442,760.6938,0.0268,0.0017,-3.1368,0.9240,-3.1409,-4672.8125,-28607.0449,27.8757,1
-4703.1636,-28634.3926,24.9425,-5237.3438,-28097.6660,21.9620,-4719.4502,-28659.9609,25.0284,764.4552,0.0262,0.0012,-3.1371,0.9090,-3.1410,-4673.1025,-28607.7715,27.8282,1
-4703.1636,-28634.3926,24.9425,-5237.3193,-28097.6777,21.9622,-4734.5332,-28658.3164,22.7643,753.0653,0.0257,0.0007,-3.1374,0.8922,-3.1411,-4674.0591,-28608.6172,27.6966,1
-4703.1636,-28634.3926,24.9425,-5237.2949,-28097.6875,21.9623,-4710.9487,-28641.3320,29.2921,756.7262,0.0165,0.0020,-3.1377,0.8729,-3.1413,-4674.3955,-28609.0293,27.7694,1
-4703.1636,-28634.3926,24.9425,-5237.2705,-28097.6973,21.9625,-4725.3496,-28660.0664,27.0210,760.4871,0.0179,0.0015,-3.1379,0.8512,-3.1415,-4675.3086,-28610.1465,27.7699,1
-4703.1636,-28634.3926,24.9425,-5237.2461,-28097.7090,21.9625,-4733.9609,-28672.8398,24.7076,764.2474,0.0174,0.0010,-3.1382,0.8281,3.1415,-4676.6299,-28611.7988,27.6924,1
-4703.1636,-28634.3926,24.9425,-5237.2222,-28097.7188,21.9626,-4753.2305,-28674.3926,22.3600,752.8595,0.0168,0.0005,-3.1384,0.8040,3.1413,-4678.7642,-28613.6797,27.5282,1
-4703.1636,-28634.3926,24.9425,-5237.1978,-28097.7285,21.9626,-4720.1206,-28649.9199,29.2017,756.5222,0.0042,0.0020,-3.1386,0.7792,3.1410,-4679.9683,-28614.8809,27.5792,1
-4703.1636,-28634.3926,24.9425,-5237.1738,-28097.7383,21.9625,-4729.7012,-28663.8516,26.8666,760.2826,0.0037,0.0015,-3.1388,0.7540,3.1407,-4681.5742,-28616.6113,27.5569,1
-4703.1636,-28634.3926,24.9425,-5237.1504,-28097.7480,21.9624,-4739.7642,-28677.7188,24.4999,764.0424,0.0031,0.0010,-3.1390,0.7286,3.1404,-4683.6069,-28618.8867,27.4557,1
-4703.1636,-28634.3926,24.9425,-5237.1270,-28097.7578,21.9624,-4759.8101,-28679.7051,22.1107,752.6561,0.0026,0.0005,-3.1392,0.7031,3.1401,-4686.4502,-28621.3730,27.2673,1
-4703.1636,-28634.3926,24.9425,-5237.1035,-28097.7676,21.9623,-4718.4180,-28648.1719,29.1590,756.3208,-0.0120,0.0020,-3.1394,0.6802,3.1398,-4688.0625,-28622.9199,27.3019,1
-4703.1636,-28634.3926,24.9425,-5237.0801,-28097.7773,21.9622,-4725.8608,-28660.2383,26.8006,760.0807,-0.0126,0.0015,-3.1396,0.6587,3.1395,-4689.9624,-28624.8926,27.2636,1
-4703.1636,-28634.3926,24.9425,-5237.0576,-28097.7871,21.9620,-4732.9155,-28671.6270,24.4103,763.8401,-0.0131,0.0010,-3.1398,0.6383,3.1392,-4692.1426,-28627.2832,27.1468,1
-4703.1636,-28634.3926,24.9425,-5237.0347,-28097.7969,21.9619,-4749.4595,-28670.9121,21.9971,752.4551,-0.0137,0.0005,-3.1398,0.6190,3.1389,-4694.9546,-28629.7383,26.9434,1
-4703.1636,-28634.3926,24.9425,-5237.0122,-28097.8066,21.9618,-4713.5088,-28643.3535,29.1263,756.1216,-0.0256,0.0020,-3.1400,0.6038,3.1387,-4696.6572,-28631.3320,26.9668,1
-4703.1636,-28634.3926,24.9425,-5236.9902,-28097.8184,21.9617,-4715.5713,-28650.5625,26.7486,759.8810,-0.0262,0.0015,-3.1401,0.5917,3.1384,-4698.4243,-28633.1465,26.9180,1
-4703.1636,-28634.3926,24.9425,-5236.9683,-28097.8281,21.9615,-4716.3540,-28656.4922,24.3373,763.6399,-0.0267,0.0010,-3.1402,0.5822,3.1382,-4700.2124,-28635.1523,26.7914,1
-4703.1636,-28634.3926,24.9425,-5236.9463,-28097.8379,21.9614,-4733.3721,-28656.6797,21.9251,752.2563,-0.0253,0.0005,-3.1403,0.5745,3.1380,-4702.5684,-28637.1777,26.5795,1
-4703.1636,-28634.3926,24.9425,-5236.9253,-28097.8496,21.9613,-4705.8008,-28635.7031,29.0936,755.9243,-0.0329,0.0020,-3.1404,0.5723,3.1378,-4704.0312,-28638.5020,26.5969,1
-4703.1636,-28634.3926,24.9425,-5236.9038,-28097.8594,21.9612,-4700.2300,-28635.5254,26.6936,759.6832,-0.0335,0.0015,-3.1405,0.5742,3.1376,-4705.2686,-28639.7695,26.5427,1
-4703.1636,-28634.3926,24.9425,-5236.8833,-28097.8691,21.9611,-4692.9756,-28633.5996,24.2585,763.4417,-0.0340,0.0010,-3.1405,0.5792,3.1375,-4706.2119,-28640.9199,26.4110,1
-4703.1636,-28634.3926,24.9425,-5236.8628,-28097.8809,21.9611,-4701.9355,-28626.5098,21.8287,752.0595,-0.0326,0.0005,-3.1405,0.5867,3.1375,-4707.3716,-28641.7676,26.1947,1
-4703.1636,-28634.3926,24.9425,-5236.8423,-28097.8926,21.9610,-4697.8813,-28629.7441,23.9644,757.1951,-0.0307,0.0010,-3.1405,0.5992,3.1374,-4708.3423,-28642.6484,26.0426,1
-4703.1636,-28634.3926,24.9425,-5236.8223,-28097.9023,21.9610,-4684.1426,-28618.8164,26.6417,759.4871,-0.0317,0.0015,-3.1405,0.6155,3.1373,-4708.7954,-28643.0977,25.9770,1
-4703.1636,-28634.3926,24.9425,-5236.8027,-28097.9141,21.9610,-4676.0674,-28615.7168,24.2240,763.2451,-0.0303,0.0010,-3.1405,0.6348,3.1373,-4708.8921,-28643.3555,25.8364,1
-4703.1636,-28634.3926,24.9425,-5236.7832,-28097.9258,21.9609,-4672.0708,-28594.3145,21.7698,751.8643,-0.0309,0.0005,-3.1404,0.6559,3.1374,-4708.7285,-28642.7871,25.6127,1
-4703.1636,-28634.3926,24.9425,-5236.7642,-28097.9355,21.9610,-4690.3916,-28619.7305,29.0388,755.5350,-0.0204,0.0021,-3.1403,0.6803,3.1375,-4709.0610,-28642.9277,25.6249,1
-4703.1636,-28634.3926,24.9425,-5236.7451,-28097.9473,21.9610,-4671.8955,-28605.3496,26.6317,759.2931,-0.0209,0.0016,-3.1403,0.7073,3.1377,-4708.7148,-28642.5156,25.5681,1
-4703.1636,-28634.3926,24.9425,-5236.7266,-28097.9590,21.9610,-4658.9785,-28596.4102,24.2315,763.0507,-0.0195,0.0010,-3.1402,0.7364,3.1378,-4707.8413,-28641.7090,25.4379,1
-4703.1636,-28634.3926,24.9425,-5236.7080,-28097.9707,21.9611,-4651.3521,-28569.5332,21.8078,751.6712,-0.0201,0.0005,-3.1400,0.7667,3.1381,-4706.5586,-28639.8633,25.2268,1
-4703.1636,-28634.3926,24.9425,-5236.6899,-28097.9805,21.9611,-4686.5903,-28615.5664,29.0386,755.3442,-0.0030,0.0020,-3.1398,0.7972,3.1384,-4706.3101,-28639.3789,25.2512,1
-4703.1636,-28634.3926,24.9425,-5236.6719,-28097.9922,21.9612,-4666.2041,-28598.7793,26.6562,759.1019,-0.0035,0.0015,-3.1396,0.8282,3.1387,-4705.3359,-28638.2852,25.2083,1
-4703.1636,-28634.3926,24.9425,-5236.6538,-28098.0020,21.9613,-4652.4551,-28588.5781,24.2819,762.8591,-0.0021,0.0010,-3.1394,0.8592,3.1391,-4703.8213,-28636.7676,25.0935,1
-4703.1636,-28634.3926,24.9425,-5236.6362,-28098.0137,21.9614,-4644.7485,-28561.0410,21.8938,751.4808,-0.0026,0.0005,-3.1391,0.8904,3.1394,-4701.9062,-28634.2031,24.9000,1
-4703.1636,-28634.3926,24.9425,-5236.6187,-28098.0234,21.9615,-4687.0571,-28615.9062,29.0445,755.1567,0.0165,0.0020,-3.1388,0.9188,3.1399,-4701.2744,-28633.3086,24.9401,1
-4703.1636,-28634.3926,24.9425,-5236.6011,-28098.0352,21.9616,-4675.2925,-28608.7871,26.6922,758.9140,0.0180,0.0015,-3.1384,0.9454,3.1404,-4700.2310,-28632.1543,24.9143,1
-4703.1636,-28634.3926,24.9425,-5236.5840,-28098.0449,21.9617,-4660.0073,-28591.1055,22.8697,758.6475,0.0170,0.0007,-3.1381,0.9702,3.1410,-4698.6362,-28630.3770,24.7693,1
-4703.1636,-28634.3926,24.9425,-5236.5669,-28098.0547,21.9618,-4653.7021,-28572.0938,21.9414,751.2938,0.0169,0.0005,-3.1378,0.9939,3.1414,-4696.7441,-28627.8848,24.5913,1
-4703.1636,-28634.3926,24.9425,-5236.5493,-28098.0645,21.9619,-4691.7417,-28620.6816,29.0328,754.9725,0.0328,0.0020,-3.1373,1.0121,-3.1412,-4696.0386,-28626.9062,24.6456,1
-4703.1636,-28634.3926,24.9425,-5236.5322,-28098.0742,21.9619,-4686.2622,-28620.4336,26.6638,758.7294,0.0342,0.0015,-3.1369,1.0264,-3.1406,-4695.1621,-28625.9336,24.6339,1
-4703.1636,-28634.3926,24.9425,-5236.5151,-28098.0820,21.9620,-4675.9092,-28614.9043,24.2734,762.4858,0.0337,0.0010,-3.1365,1.0375,-3.1402,-4693.9473,-28624.7949,24.5506,1
-4703.1636,-28634.3926,24.9425,-5236.4980,-28098.0918,21.9620,-4677.9639,-28600.2949,21.8818,751.1099,0.0331,0.0005,-3.1363,1.0465,-3.1399,-4692.7725,-28623.1699,24.3893,1
-4703.1636,-28634.3926,24.9425,-5236.4810,-28098.0996,21.9620,-4706.4316,-28635.4258,29.0037,754.7917,0.0429,0.0020,-3.1359,1.0483,-3.1395,-4692.5332,-28622.6895,24.4614,1
-4703.1636,-28634.3926,24.9425,-5236.4639,-28098.1094,21.9620,-4703.6914,-28638.0488,26.6067,758.5482,0.0424,0.0015,-3.1356,1.0449,-3.1391,-4692.2549,-28622.3516,24.4664,1
-4703.1636,-28634.3926,24.9425,-5236.4468,-28098.1172,21.9620,-4702.9453,-28642.6211,24.1967,762.3042,0.0418,0.0010,-3.1355,1.0379,-3.1390,-4691.9971,-28622.2227,24.3988,1
-4703.1636,-28634.3926,24.9425,-5236.4297,-28098.1250,21.9620,-4714.1890,-28637.7188,21.7937,750.9294,0.0413,0.0005,-3.1356,1.0283,-3.1391,-4692.1636,-28622.0137,24.2528,1
-4703.1636,-28634.3926,24.9425,-5236.4126,-28098.1309,21.9620,-4710.3765,-28644.9043,21.6626,758.7314,0.0392,0.0005,-3.1356,1.0124,-3.1392,-4692.2646,-28622.0957,24.0999,1
-4703.1636,-28634.3926,24.9425,-5236.3955,-28098.1387,21.9619,-4722.4214,-28655.7598,26.6029,758.3704,0.0393,0.0015,-3.1357,0.9914,-3.1393,-4692.8193,-28622.6074,24.1069,1
-4703.1636,-28634.3926,24.9425,-5236.3784,-28098.1465,21.9619,-4731.7158,-28669.2441,24.2082,762.1260,0.0387,0.0010,-3.1359,0.9669,-3.1396,-4693.7534,-28623.6484,24.0429,1
-4703.1636,-28634.3926,24.9425,-5236.3618,-28098.1523,21.9619,-4752.5054,-28672.1855,21.8309,750.7523,0.0382,0.0005,-3.1362,0.9401,-3.1400,-4695.4927,-28624.9258,23.9024,1
-4703.1636,-28634.3926,24.9425,-5236.3447,-28098.1582,21.9619,-4723.1436,-28651.1191,29.0137,754.4404,0.0256,0.0020,-3.1365,0.9088,-3.1404,-4696.3813,-28625.6113,23.9981,1
-4703.1636,-28634.3926,24.9425,-5236.3281,-28098.1641,21.9619,-4738.0059,-28669.5840,26.6805,758.1961,0.0250,0.0015,-3.1368,0.8743,-3.1408,-4697.8149,-28626.9629,24.0295,1
-4703.1636,-28634.3926,24.9425,-5236.3115,-28098.1699,21.9619,-4754.7803,-28688.6758,24.3499,761.9515,0.0245,0.0010,-3.1372,0.8378,-3.1412,-4699.8779,-28629.0312,23.9917,1
-4703.1636,-28634.3926,24.9425,-5236.2949,-28098.1758,21.9619,-4776.9438,-28706.9883,28.9692,762.6898,0.0244,0.0020,-3.1376,0.7998,3.1415,-4702.7783,-28631.8262,24.1077,1
-4703.1636,-28634.3926,24.9425,-5236.2788,-28098.1816,21.9619,-4726.3955,-28653.9707,29.0700,754.2703,0.0030,0.0020,-3.1380,0.7614,3.1410,-4704.1777,-28633.0449,24.2410,1
-4703.1636,-28634.3926,24.9425,-5236.2622,-28098.1875,21.9619,-4743.8730,-28674.5039,26.8114,758.0258,0.0025,0.0015,-3.1384,0.7226,3.1405,-4706.1777,-28634.9668,24.3105,1
-4703.1636,-28634.3926,24.9425,-5236.2461,-28098.1934,21.9619,-4762.2563,-28694.5508,24.5446,761.7808,0.0019,0.0010,-3.1388,0.6836,3.1401,-4708.8330,-28637.6074,24.3112,1
-4703.1636,-28634.3926,24.9425,-5236.2305,-28098.1992,21.9619,-4798.0371,-28707.3809,22.2830,750.4091,0.0034,0.0005,-3.1391,0.6447,3.1397,-4712.7949,-28640.8047,24.2375,1
-4703.1636,-28634.3926,24.9425,-5236.2148,-28098.2051,21.9619,-4724.9863,-28656.1230,21.1107,756.7204,-0.0211,0.0003,-3.1395,0.6093,3.1393,-4714.4722,-28642.4043,24.1215,1
-4703.1636,-28634.3926,24.9425,-5236.1992,-28098.2109,21.9619,-4737.9326,-28669.2305,26.8527,757.8582,-0.0224,0.0015,-3.1399,0.5766,3.1389,-4716.5552,-28644.4277,24.1889,1
-4703.1636,-28634.3926,24.9425,-5236.1836,-28098.2168,21.9619,-4758.6265,-28691.5059,24.6015,761.6129,-0.0210,0.0010,-3.1402,0.5460,3.1386,-4719.3159,-28647.1934,24.1886,1
-4703.1636,-28634.3926,24.9425,-5236.1685,-28098.2227,21.9619,-4780.8862,-28694.5312,22.2941,750.2422,-0.0215,0.0005,-3.1404,0.5168,3.1384,-4722.8755,-28650.1367,24.1130,1
-4703.1636,-28634.3926,24.9425,-5236.1538,-28098.2285,21.9619,-4716.0391,-28643.9941,29.0371,753.9372,-0.0424,0.0019,-3.1406,0.4947,3.1381,-4724.3506,-28651.4473,24.2577,1
-4703.1636,-28634.3926,24.9425,-5236.1387,-28098.2344,21.9618,-4720.8071,-28653.6758,26.7363,757.6920,-0.0430,0.0014,-3.1409,0.4779,3.1378,-4725.9082,-28653.0117,24.3367,1
-4703.1636,-28634.3926,24.9425,-5236.1240,-28098.2422,21.9617,-4727.2510,-28665.0859,23.2321,761.7492,-0.0424,0.0007,-3.1410,0.4649,3.1376,-4727.6099,-28654.8984,24.3057,1
-4703.1636,-28634.3926,24.9425,-5236.1099,-28098.2480,21.9616,-4742.0947,-28662.6641,22.0039,750.0766,-0.0421,0.0004,-3.1411,0.4545,3.1374,-4729.7485,-28656.6836,24.2306,1
-4703.1636,-28634.3926,24.9425,-5236.0957,-28098.2559,21.9616,0.0000,0.0000,0.0000,0.0000,0.0000,0.0000,-3.1412,0.4525,3.1372,0.0000,0.0000,0.0000,1
-4703.1636,-28634.3926,24.9425,-5236.0820,-28098.2637,21.9614,0.0000,0.0000,0.0000,0.0000,0.0000,0.0000,-3.1413,0.4572,3.1370,0.0000,0.0000,0.0000,0
-4703.1636,-28634.3926,24.9425,-5236.0684,-28098.2715,21.9613,0.0000,0.0000,0.0000,0.0000,0.0000,0.0000,-3.1413,0.4663,3.1369,0.0000,0.0000,0.0000,0
-4703.1636,-28634.3926,24.9425,-5236.0547,-28098.2793,21.9612,0.0000,0.0000,0.0000,0.0000,0.0000,0.0000,-3.1413,0.4787,3.1368,0.0000,0.0000,0.0000,0
-4703.1636,-28634.3926,24.9425,-5236.0415,-28098.2871,21.9611,0.0000,0.0000,0.0000,762.2982,-0.0475,0.0017,-3.1413,0.4994,3.1367,0.0000,0.0000,0.0000,0
-4703.1636,-28634.3926,24.9425,-5236.0288,-28098.2969,21.9611,-4672.6274,-28610.6914,27.5761,761.5718,-0.0488,0.0017,-3.1413,0.5262,3.1366,-4672.6274,-28610.6914,27.5761,1
-4703.1636,-28634.3926,24.9425,-5236.0161,-28098.3047,21.9610,-4659.6152,-28595.3516,23.8814,761.1121,-0.0480,0.0010,-3.1412,0.5574,3.1366,-4672.2002,-28610.1875,27.4547,1
-4703.1636,-28634.3926,24.9425,-5236.0034,-28098.3145,21.9609,-4650.1685,-28566.1992,21.3748,749.7441,-0.0486,0.0005,-3.1411,0.5916,3.1367,-4671.4243,-28608.6719,27.2403,1
-4703.1636,-28634.3926,24.9425,-5235.9912,-28098.3223,21.9609,-4689.1479,-28616.5820,28.7674,753.4375,-0.0312,0.0020,-3.1406,0.6163,3.1373,-4671.8999,-28608.7441,27.2596,1
-4703.1636,-28634.3926,24.9425,-5235.9795,-28098.3301,21.9610,-4688.6050,-28621.5020,26.2847,757.1914,-0.0297,0.0015,-3.1395,0.6212,3.1385,-4672.3965,-28609.0000,27.2012,1
-4703.1636,-28634.3926,24.9425,-5235.9673,-28098.3379,21.9611,-4683.4614,-28621.5742,23.8302,760.9450,-0.0303,0.0010,-3.1387,0.6223,3.1395,-4672.7588,-28609.2910,27.0611,1
-4703.1636,-28634.3926,24.9425,-5235.9556,-28098.3457,21.9613,-4689.4932,-28611.4219,21.4613,749.5778,-0.0308,0.0005,-3.1383,0.6232,3.1400,-4673.3506,-28609.2793,26.8344,1
-4703.1636,-28634.3926,24.9425,-5235.9434,-28098.3535,21.9614,-4707.8701,-28635.4961,28.9744,753.2750,-0.0244,0.0021,-3.1382,0.6238,3.1402,-4674.5835,-28610.0742,26.8476,1
-4703.1636,-28634.3926,24.9425,-5235.9312,-28098.3594,21.9615,-4695.8364,-28628.8066,26.7655,757.0286,-0.0249,0.0016,-3.1387,0.6378,3.1398,-4675.4834,-28610.7012,26.7941,1
-4703.1636,-28634.3926,24.9425,-5235.9189,-28098.3672,21.9616,-4678.9028,-28616.5566,24.5332,760.7818,-0.0255,0.0011,-3.1393,0.6614,3.1392,-4675.8613,-28610.9609,26.6689,1
-4703.1636,-28634.3926,24.9425,-5235.9072,-28098.3730,21.9617,-4670.1030,-28589.7910,22.2264,749.4156,-0.0260,0.0006,-3.1399,0.6921,3.1387,-4675.9443,-28610.3418,26.4628,1
-4703.1636,-28634.3926,24.9425,-5235.8955,-28098.3809,21.9617,-4691.1880,-28618.4180,28.9312,753.1155,-0.0136,0.0019,-3.1402,0.7230,3.1385,-4676.7061,-28610.6289,26.4727,1
-4703.1636,-28634.3926,24.9425,-5235.8838,-28098.3887,21.9618,-4670.9043,-28602.0098,26.5555,756.8690,-0.0142,0.0014,-3.1402,0.7537,3.1385,-4676.8184,-28610.3887,26.4115,1
-4703.1636,-28634.3926,24.9425,-5235.8726,-28098.3945,21.9618,-4651.1162,-28584.8164,24.1441,760.6219,-0.0147,0.0009,-3.1401,0.7844,3.1387,-4676.2578,-28609.5645,26.2736,1
-4703.1636,-28634.3926,24.9425,-5235.8613,-28098.4023,21.9618,-4644.5981,-28558.2266,20.7900,749.0203,-0.0150,0.0002,-3.1399,0.8153,3.1390,-4675.4028,-28607.7871,26.0202,1
-4703.1636,-28634.3926,24.9425,-5235.8501,-28098.4102,21.9619,-4691.4429,-28618.5312,28.8389,752.9568,0.0058,0.0019,-3.1396,0.8445,3.1393,-4676.0342,-28607.9121,26.0259,1
-4703.1636,-28634.3926,24.9425,-5235.8394,-28098.4160,21.9619,-4672.4287,-28603.5547,26.4450,756.7099,0.0052,0.0014,-3.1393,0.8727,3.1397,-4676.0649,-28607.5742,25.9612,1
-4703.1636,-28634.3926,24.9425,-5235.8281,-28098.4238,21.9619,-4654.1074,-28588.2246,24.0424,760.4627,0.0047,0.0009,-3.1390,0.9004,3.1401,-4675.4810,-28606.7305,25.8212,1
-4703.1636,-28634.3926,24.9425,-5235.8174,-28098.4316,21.9619,-4654.0664,-28570.3594,21.6536,749.0980,0.0061,0.0004,-3.1388,0.9277,3.1404,-4674.8340,-28605.2461,25.5994,1
-4703.1636,-28634.3926,24.9425,-5235.8066,-28098.4375,21.9620,-4691.4497,-28626.2031,22.5341,758.1946,0.0240,0.0006,-3.1385,0.9515,3.1408,-4675.3804,-28605.5527,25.4023,1
-4703.1636,-28634.3926,24.9425,-5235.7959,-28098.4434,21.9620,-4678.1206,-28609.6758,26.4474,756.5529,0.0229,0.0014,-3.1381,0.9727,3.1413,-4675.5225,-28605.3711,25.3315,1
-4703.1636,-28634.3926,24.9425,-5235.7852,-28098.4512,21.9620,-4663.6079,-28599.1289,24.0513,760.3053,0.0224,0.0009,-3.1377,0.9924,-3.1415,-4675.1904,-28604.8633,25.1876,1
-4703.1636,-28634.3926,24.9425,-5235.7739,-28098.4570,21.9620,-4667.4995,-28586.2891,21.6630,748.9414,0.0238,0.0004,-3.1375,1.0109,-3.1412,-4674.9556,-28603.9199,24.9646,1
-4703.1636,-28634.3926,24.9425,-5235.7632,-28098.4629,21.9620,-4689.6318,-28629.9297,26.5655,762.0572,0.0356,0.0015,-3.1371,1.0229,-3.1407,-4675.4341,-28604.3926,24.9006,1
-4703.1636,-28634.3926,24.9425,-5235.7524,-28098.4688,21.9620,-4690.7773,-28622.9941,26.4131,756.3979,0.0359,0.0014,-3.1366,1.0303,-3.1402,-4675.9849,-28604.7109,24.8395,1
-4703.1636,-28634.3926,24.9425,-5235.7417,-28098.4727,21.9620,-4690.6499,-28628.2871,24.0046,760.1502,0.0374,0.0009,-3.1363,1.0345,-3.1398,-4676.5596,-28605.2480,24.7062,1
-4703.1636,-28634.3926,24.9425,-5235.7310,-28098.4785,21.9620,-4696.2197,-28617.7207,21.6026,748.7870,0.0368,0.0004,-3.1361,1.0359,-3.1397,-4677.3545,-28605.5039,24.4945,1
-4703.1636,-28634.3926,24.9425,-5235.7202,-28098.4844,21.9620,-4707.8306,-28634.7129,28.7989,752.4930,0.0402,0.0020,-3.1359,1.0304,-3.1394,-4678.5688,-28606.3555,24.5198,1
-4703.1636,-28634.3926,24.9425,-5235.7090,-28098.4883,21.9620,-4708.8140,-28640.9609,26.4073,756.2455,0.0397,0.0015,-3.1358,1.0202,-3.1393,-4679.8677,-28607.4727,24.4786,1
-4703.1636,-28634.3926,24.9425,-5235.6982,-28098.4922,21.9620,-4718.6294,-28655.4805,24.0081,759.9974,0.0411,0.0010,-3.1358,1.0067,-3.1394,-4681.5376,-28609.1367,24.3659,1
-4703.1636,-28634.3926,24.9425,-5235.6870,-28098.4961,21.9620,-4724.4146,-28657.2109,26.2597,757.3456,0.0397,0.0015,-3.1360,0.9904,-3.1396,-4683.4697,-28610.9609,24.3301,1
-4703.1636,-28634.3926,24.9425,-5235.6763,-28098.5000,21.9620,-4715.8901,-28642.3809,28.8160,752.3434,0.0328,0.0020,-3.1361,0.9688,-3.1398,-4685.1987,-28612.3945,24.3872,1
-4703.1636,-28634.3926,24.9425,-5235.6655,-28098.5039,21.9619,-4725.4873,-28656.5234,26.4620,756.0956,0.0322,0.0015,-3.1363,0.9432,-3.1401,-4687.2847,-28614.3438,24.3785,1
-4703.1636,-28634.3926,24.9425,-5235.6543,-28098.5078,21.9619,-4744.5942,-28678.3594,24.1027,759.8474,0.0337,0.0010,-3.1366,0.9143,-3.1404,-4690.0503,-28617.0781,24.2990,1
-4703.1636,-28634.3926,24.9425,-5235.6436,-28098.5117,21.9619,-4760.8989,-28686.3945,27.7840,755.6538,0.0324,0.0018,-3.1369,0.8832,-3.1408,-4693.4541,-28620.2012,24.3433,1
-4703.1636,-28634.3926,24.9425,-5235.6328,-28098.5137,21.9619,-4721.8276,-28647.8457,28.8547,752.1967,0.0155,0.0020,-3.1373,0.8495,-3.1412,-4695.6797,-28622.1699,24.4336,1
-4703.1636,-28634.3926,24.9425,-5235.6221,-28098.5176,21.9620,-4738.1030,-28676.1094,28.6020,762.3458,0.0164,0.0019,-3.1377,0.8140,3.1415,-4698.4409,-28625.0742,24.5253,1
-4703.1636,-28634.3926,24.9425,-5235.6118,-28098.5195,21.9620,-4761.6172,-28692.2148,24.2797,759.7003,0.0164,0.0010,-3.1380,0.7768,3.1411,-4702.0195,-28628.5859,24.4856,1
-4703.1636,-28634.3926,24.9425,-5235.6011,-28098.5234,21.9620,-4789.1577,-28699.1074,21.9958,748.3391,0.0159,0.0005,-3.1384,0.7388,3.1407,-4706.6260,-28632.4531,24.3702,1
-4703.1636,-28634.3926,24.9425,-5235.5908,-28098.5254,21.9620,-4722.7861,-28648.5938,28.8951,752.0526,-0.0077,0.0019,-3.1388,0.7021,3.1403,-4709.1343,-28634.7227,24.4804,1
-4703.1636,-28634.3926,24.9425,-5235.5806,-28098.5293,21.9620,-4745.4360,-28673.8418,26.6699,755.8044,-0.0062,0.0014,-3.1392,0.6665,3.1398,-4712.3521,-28637.7969,24.5273,1
-4703.1636,-28634.3926,24.9425,-5235.5703,-28098.5312,21.9621,-4761.6187,-28692.0742,24.4135,759.5558,-0.0068,0.0009,-3.1395,0.6312,3.1395,-4716.1001,-28641.4844,24.5052,1
-4703.1636,-28634.3926,24.9425,-5235.5601,-28098.5352,21.9621,-4787.1724,-28697.4902,22.1365,748.1952,-0.0073,0.0004,-3.1398,0.5965,3.1392,-4720.7505,-28645.4219,24.4073,1
-4703.1636,-28634.3926,24.9425,-5235.5503,-28098.5371,21.9621,-4718.1953,-28644.1309,28.8788,751.9099,-0.0305,0.0019,-3.1401,0.5669,3.1389,-4723.1631,-28647.6172,24.5296,1
-4703.1636,-28634.3926,24.9425,-5235.5405,-28098.5410,21.9620,-4735.2109,-28664.8262,26.6418,755.6615,-0.0291,0.0014,-3.1404,0.5408,3.1385,-4726.0435,-28650.4160,24.5876,1
-4703.1636,-28634.3926,24.9425,-5235.5308,-28098.5449,21.9620,-4744.2773,-28677.6621,24.3433,759.4126,-0.0297,0.0009,-3.1406,0.5172,3.1383,-4729.1562,-28653.5898,24.5745,1
-4703.1636,-28634.3926,24.9425,-5235.5215,-28098.5488,21.9620,-4762.0791,-28677.7188,22.0039,748.0526,-0.0302,0.0004,-3.1407,0.4955,3.1381,-4732.8174,-28656.7500,24.4828,1
-4703.1636,-28634.3926,24.9425,-5235.5122,-28098.5527,21.9619,-4717.9609,-28639.5801,24.2963,748.7131,-0.0448,0.0009,-3.1409,0.4818,3.1378,-4734.9800,-28658.6016,24.4625,1
-4703.1636,-28634.3926,24.9425,-5235.5029,-28098.5566,21.9618,-4714.8154,-28648.4414,23.1553,757.2891,-0.0453,0.0007,-3.1411,0.4734,3.1376,-4736.9170,-28660.6289,24.4046,1
-4703.1636,-28634.3926,24.9425,-5235.4941,-28098.5625,21.9617,-4713.6670,-28650.0938,24.0856,759.2693,-0.0459,0.0009,-3.1412,0.4691,3.1374,-4738.6816,-28662.6035,24.3753,1
-4703.1636,-28634.3926,24.9425,-5235.4854,-28098.5664,21.9616,-4709.8491,-28651.6562,21.6357,763.0208,-0.0465,0.0004,-3.1412,0.4678,3.1373,-4740.1855,-28664.5273,24.2658,1
-4703.1636,-28634.3926,24.9425,-5235.4766,-28098.5723,21.9615,0.0000,0.0000,0.0000,0.0000,0.0000,0.0000,-3.1413,0.4753,3.1371,0.0000,0.0000,0.0000,1
-4703.1636,-28634.3926,24.9425,-5235.4683,-28098.5781,21.9614,0.0000,0.0000,0.0000,0.0000,0.0000,0.0000,-3.1414,0.4886,3.1370,0.0000,0.0000,0.0000,0
-4703.1636,-28634.3926,24.9425,-5235.4600,-28098.5840,21.9613,0.0000,0.0000,0.0000,0.0000,0.0000,0.0000,-3.1413,0.5064,3.1369,0.0000,0.0000,0.0000,0
-4703.1636,-28634.3926,24.9425,-5235.4521,-28098.5898,21.9612,0.0000,0.0000,0.0000,0.0000,0.0000,0.0000,-3.1412,0.5276,3.1369,0.0000,0.0000,0.0000,0
-4703.1636,-28634.3926,24.9425,-5235.4443,-28098.5957,21.9612,0.0000,0.0000,0.0000,751.4771,-0.0402,0.0019,-3.1412,0.5553,3.1368,0.0000,0.0000,0.0000,0
-4703.1636,-28634.3926,24.9425,-5235.4365,-28098.6016,21.9611,-4671.2095,-28600.6035,26.1688,755.2281,-0.0407,0.0014,-3.1411,0.5879,3.1368,-4671.2095,-28600.6035,26.1688,1
-4703.1636,-28634.3926,24.9425,-5235.4292,-28098.6074,21.9611,-4648.7607,-28580.1367,23.6814,758.9787,-0.0413,0.0009,-3.1411,0.6242,3.1369,-4670.4702,-28599.9297,26.0868,1
-4703.1636,-28634.3926,24.9425,-5235.4219,-28098.6152,21.9611,-4631.5405,-28564.5391,21.2093,762.7298,-0.0398,0.0004,-3.1409,0.6635,3.1371,-4669.1226,-28598.7051,25.9190,1
-4703.1636,-28634.3926,24.9425,-5235.4150,-28098.6211,21.9611,-4691.4272,-28616.8320,28.5992,751.3320,-0.0187,0.0019,-3.1403,0.6918,3.1378,-4669.6699,-28599.1309,25.9849,1
-4703.1636,-28634.3926,24.9425,-5235.4077,-28098.6270,21.9612,-4683.5728,-28614.0078,26.1048,755.0828,-0.0193,0.0014,-3.1390,0.6983,3.1393,-4670.0083,-28599.5059,25.9742,1
-4703.1636,-28634.3926,24.9425,-5235.4009,-28098.6309,21.9614,-4678.2197,-28613.7812,23.6647,758.8333,-0.0199,0.0009,-3.1381,0.6998,3.1404,-4670.2012,-28599.9062,25.8839,1
-4703.1636,-28634.3926,24.9425,-5235.3936,-28098.6367,21.9615,-4679.5737,-28620.7480,21.2934,762.5841,-0.0184,0.0004,-3.1377,0.7010,3.1410,-4670.4575,-28600.5645,25.7118,1
-4703.1636,-28634.3926,24.9425,-5235.3862,-28098.6406,21.9617,-4705.2217,-28630.7832,28.7905,751.1905,-0.0130,0.0020,-3.1377,0.7019,3.1412,-4671.5938,-28601.6113,25.7783,1
-4703.1636,-28634.3926,24.9425,-5235.3789,-28098.6445,21.9618,-4694.3042,-28625.1055,26.5979,754.9412,-0.0135,0.0015,-3.1382,0.7140,3.1408,-4672.4365,-28602.5273,25.7795,1
-4703.1636,-28634.3926,24.9425,-5235.3716,-28098.6484,21.9619,-4685.6953,-28621.5898,24.3944,758.6914,-0.0121,0.0010,-3.1389,0.7343,3.1401,-4673.0371,-28603.3691,25.7105,1
-4703.1636,-28634.3926,24.9425,-5235.3643,-28098.6543,21.9620,-4667.7827,-28607.7441,22.1144,762.4421,-0.0127,0.0005,-3.1395,0.7601,3.1395,-4673.0698,-28603.7871,25.5650,1
-4703.1636,-28634.3926,24.9425,-5235.3569,-28098.6582,21.9620,-4692.4302,-28617.5723,28.7465,751.0519,-0.0038,0.0019,-3.1397,0.7842,3.1394,-4673.9019,-28604.5332,25.6320,1
-4703.1636,-28634.3926,24.9425,-5235.3496,-28098.6621,21.9621,-4676.1782,-28605.6543,26.3961,754.8024,-0.0043,0.0014,-3.1397,0.8070,3.1394,-4674.2266,-28604.8984,25.6287,1
-4703.1636,-28634.3926,24.9425,-5235.3428,-28098.6660,21.9621,-4666.8027,-28600.8262,24.0214,758.5525,-0.0029,0.0009,-3.1395,0.8291,3.1396,-4674.2378,-28605.0977,25.5498,1
-4703.1636,-28634.3926,24.9425,-5235.3359,-28098.6719,21.9621,-4651.7051,-28589.0625,21.6080,762.3030,-0.0035,0.0004,-3.1394,0.8503,3.1399,-4673.7300,-28604.8906,25.3894,1
-4703.1636,-28634.3926,24.9425,-5235.3286,-28098.6758,21.9621,-4697.6826,-28622.3184,21.9314,750.5082,0.0113,0.0004,-3.1391,0.8693,3.1401,-4674.6870,-28605.7363,25.2308,1
-4703.1636,-28634.3926,24.9425,-5235.3218,-28098.6797,21.9621,-4687.1953,-28617.3926,26.2862,754.6638,0.0118,0.0014,-3.1389,0.8870,3.1404,-4675.3374,-28606.4453,25.2113,1
-4703.1636,-28634.3926,24.9425,-5235.3149,-28098.6836,21.9621,-4674.2822,-28609.0117,23.8891,758.4137,0.0112,0.0009,-3.1387,0.9032,3.1407,-4675.5776,-28606.8867,25.1169,1
-4703.1636,-28634.3926,24.9425,-5235.3081,-28098.6875,21.9621,-4661.9219,-28600.8066,21.4754,762.1640,0.0107,0.0004,-3.1385,0.9186,3.1409,-4675.4004,-28607.0527,24.9425,1
-4703.1636,-28634.3926,24.9425,-5235.3013,-28098.6914,21.9621,-4697.2583,-28622.2734,28.6422,750.7761,0.0210,0.0019,-3.1383,0.9309,3.1412,-4676.3550,-28607.9043,24.9994,1
-4703.1636,-28634.3926,24.9425,-5235.2944,-28098.6953,21.9621,-4693.9497,-28624.2852,26.2716,754.5264,0.0224,0.0014,-3.1380,0.9412,3.1414,-4677.2339,-28608.8398,24.9874,1
-4703.1636,-28634.3926,24.9425,-5235.2876,-28098.6992,21.9621,-4685.0483,-28620.4453,23.8762,758.2761,0.0219,0.0009,-3.1379,0.9495,-3.1416,-4677.8433,-28609.6660,24.9009,1
-4703.1636,-28634.3926,24.9425,-5235.2803,-28098.7031,21.9621,-4676.8003,-28617.1484,21.4656,762.0264,0.0213,0.0004,-3.1378,0.9566,-3.1415,-4678.1846,-28610.3906,24.7349,1
-4703.1636,-28634.3926,24.9425,-5235.2734,-28098.7070,21.9621,-4701.9751,-28626.9297,28.6266,750.6403,0.0268,0.0019,-3.1375,0.9587,-3.1413,-4679.3477,-28611.4434,24.8005,1
-4703.1636,-28634.3926,24.9425,-5235.2666,-28098.7090,21.9621,-4705.0225,-28635.3047,26.2470,754.3903,0.0283,0.0014,-3.1373,0.9570,-3.1410,-4680.6445,-28612.7852,24.7972,1
-4703.1636,-28634.3926,24.9425,-5235.2598,-28098.7129,21.9620,-4702.7749,-28638.3770,23.8516,758.1400,0.0277,0.0009,-3.1372,0.9528,-3.1409,-4681.9014,-28614.2578,24.7195,1
-4703.1636,-28634.3926,24.9425,-5235.2529,-28098.7148,21.9620,-4701.4668,-28642.3613,21.4493,761.8900,0.0272,0.0004,-3.1372,0.9469,-3.1409,-4683.1392,-28615.8867,24.5629,1
-4703.1636,-28634.3926,24.9425,-5235.2456,-28098.7188,21.9620,-4714.5386,-28639.1699,28.6374,750.5062,0.0271,0.0019,-3.1372,0.9368,-3.1409,-4684.8408,-28617.4551,24.6391,1
-4703.1636,-28634.3926,24.9425,-5235.2388,-28098.7207,21.9620,-4717.3647,-28647.0801,26.2803,754.2560,0.0265,0.0014,-3.1372,0.9234,-3.1410,-4686.6738,-28619.3047,24.6473,1
-4703.1636,-28634.3926,24.9425,-5235.2319,-28098.7227,21.9620,-4721.5928,-28656.1699,23.9128,758.0056,0.0260,0.0009,-3.1373,0.9076,-3.1411,-4688.6821,-28621.4785,24.5823,1
-4703.1636,-28634.3926,24.9425,-5235.2251,-28098.7246,21.9620,-4726.8408,-28666.0156,21.5398,761.7554,0.0254,0.0004,-3.1375,0.8903,-3.1413,-4690.8999,-28624.0137,24.4394,1
-4703.1636,-28634.3926,24.9425,-5235.2178,-28098.7266,21.9620,-4713.3569,-28650.9062,27.1371,759.7762,0.0180,0.0016,-3.1377,0.8703,-3.1415,-4692.7222,-28626.1094,24.4756,1
-4703.1636,-28634.3926,24.9425,-5235.2109,-28098.7285,21.9620,-4727.0386,-28655.9102,26.3376,754.1237,0.0173,0.0014,-3.1378,0.8480,3.1414,-4695.0107,-28628.3887,24.4936,1
-4703.1636,-28634.3926,24.9425,-5235.2041,-28098.7305,21.9620,-4736.0107,-28668.9746,24.0067,757.8730,0.0167,0.0009,-3.1380,0.8242,3.1412,-4697.6201,-28631.1113,24.4399,1
-4703.1636,-28634.3926,24.9425,-5235.1973,-28098.7324,21.9620,-4753.2563,-28688.4824,21.6754,761.6228,0.0182,0.0004,-3.1383,0.7993,3.1409,-4700.8306,-28634.5020,24.3101,1
-4703.1636,-28634.3926,24.9425,-5235.1904,-28098.7344,21.9620,-4721.6035,-28645.5957,28.6757,750.2433,0.0031,0.0019,-3.1385,0.7738,3.1406,-4703.0781,-28636.5566,24.4078,1
-4703.1636,-28634.3926,24.9425,-5235.1841,-28098.7363,21.9620,-4731.4678,-28659.7734,26.3922,753.9930,0.0026,0.0014,-3.1388,0.7479,3.1404,-4705.6367,-28639.0430,24.4401,1
-4703.1636,-28634.3926,24.9425,-5235.1772,-28098.7363,21.9620,-4741.7866,-28673.8359,24.0922,757.7422,0.0020,0.0009,-3.1390,0.7219,3.1401,-4708.5327,-28641.9746,24.4016,1
-4703.1636,-28634.3926,24.9425,-5235.1709,-28098.7383,21.9620,-4759.8989,-28693.7070,21.7864,761.4919,0.0035,0.0004,-3.1392,0.6959,3.1398,-4712.0327,-28645.5625,24.2877,1
-4703.1636,-28634.3926,24.9425,-5235.1641,-28098.7402,21.9620,-4717.8315,-28644.9668,29.1864,752.3559,-0.0137,0.0020,-3.1395,0.6720,3.1396,-4714.1948,-28647.5898,24.4142,1
-4703.1636,-28634.3926,24.9425,-5235.1577,-28098.7422,21.9620,-4727.7725,-28656.2891,26.4044,753.8636,-0.0141,0.0014,-3.1397,0.6498,3.1393,-4716.6274,-28649.9160,24.4598,1
-4703.1636,-28634.3926,24.9425,-5235.1514,-28098.7441,21.9620,-4735.0225,-28667.8203,24.0995,757.6126,-0.0146,0.0009,-3.1399,0.6290,3.1390,-4719.2534,-28652.5684,24.4340,1
-4703.1636,-28634.3926,24.9425,-5235.1455,-28098.7461,21.9620,-4749.5186,-28685.1250,21.7753,761.3622,-0.0132,0.0004,-3.1401,0.6088,3.1389,-4722.3188,-28655.7480,24.3317,1
-4703.1636,-28634.3926,24.9425,-5235.1392,-28098.7480,21.9620,-4714.8716,-28638.8984,28.6415,749.9849,-0.0276,0.0018,-3.1403,0.5932,3.1386,-4724.2305,-28657.3906,24.4519,1
-4703.1636,-28634.3926,24.9425,-5235.1333,-28098.7520,21.9620,-4716.9741,-28646.1211,26.3344,753.7343,-0.0282,0.0013,-3.1405,0.5810,3.1384,-4726.1187,-28659.1621,24.5049,1
-4703.1636,-28634.3926,24.9425,-5235.1274,-28098.7539,21.9619,-4724.6816,-28658.4199,24.0073,757.4833,-0.0267,0.0008,-3.1406,0.5716,3.1382,-4728.1704,-28661.2402,24.4850,1
-4703.1636,-28634.3926,24.9425,-5235.1216,-28098.7578,21.9619,-4724.6631,-28663.4785,21.6131,761.2327,-0.0273,0.0003,-3.1406,0.5636,3.1381,-4730.1431,-28663.4062,24.3857,1
-4703.1636,-28634.3926,24.9425,-5235.1162,-28098.7598,21.9618,-4706.9258,-28630.9844,28.5755,749.8551,-0.0350,0.0018,-3.1407,0.5616,3.1380,-4731.4375,-28664.4160,24.5113,1
-4703.1636,-28634.3926,24.9425,-5235.1108,-28098.7637,21.9618,-4708.1094,-28630.8652,23.4476,748.9061,-0.0345,0.0008,-3.1408,0.5639,3.1378,-4732.6460,-28665.2773,24.4753,1
-4703.1636,-28634.3926,24.9425,-5235.1055,-28098.7676,21.9617,-4700.3301,-28635.0508,23.8294,757.3533,-0.0341,0.0008,-3.1409,0.5696,3.1377,-4733.4849,-28666.1465,24.4500,1
-4703.1636,-28634.3926,24.9425,-5235.1001,-28098.7695,21.9616,-4691.6992,-28631.6816,21.3805,761.1026,-0.0347,0.0003,-3.1408,0.5773,3.1377,-4733.9092,-28666.7773,24.3432,1
-4703.1636,-28634.3926,24.9425,-5235.0947,-28098.7734,21.9616,-4698.2563,-28622.0879,28.5099,749.7245,-0.0331,0.0019,-3.1408,0.5904,3.1376,-4734.3774,-28666.9355,24.4664,1
-4703.1636,-28634.3926,24.9425,-5235.0898,-28098.7773,21.9615,-4691.2583,-28620.2734,26.1281,753.4737,-0.0316,0.0014,-3.1408,0.6077,3.1376,-4734.4834,-28666.8848,24.5193,1
-4703.1636,-28634.3926,24.9425,-5235.0850,-28098.7812,21.9615,-4676.4419,-28609.9609,23.6886,757.2224,-0.0322,0.0009,-3.1408,0.6276,3.1376,-4733.9609,-28666.3496,24.4949,1
-4703.1636,-28634.3926,24.9425,-5235.0801,-28098.7852,21.9615,-4660.7930,-28598.0586,21.2230,760.9717,-0.0327,0.0003,-3.1407,0.6496,3.1377,-4732.7612,-28665.2656,24.3879,1
-4703.1636,-28634.3926,24.9425,-5235.0757,-28098.7910,21.9614,-4691.1553,-28614.5508,28.4787,749.5935,-0.0218,0.0019,-3.1406,0.6752,3.1378,-4732.3408,-28664.5098,24.5143,1
-4703.1636,-28634.3926,24.9425,-5235.0713,-28098.7949,21.9614,-4678.6533,-28606.6465,26.0923,753.3425,-0.0203,0.0014,-3.1405,0.7033,3.1379,-4731.3892,-28663.3594,24.5700,1
-4703.1636,-28634.3926,24.9425,-5235.0669,-28098.7988,21.9615,-4659.1733,-28590.2617,23.6665,757.0912,-0.0209,0.0009,-3.1404,0.7332,3.1381,-4729.6597,-28661.5293,24.5484,1
-4703.1636,-28634.3926,24.9425,-5235.0625,-28098.8027,21.9615,-4639.4976,-28572.2812,21.2297,760.8403,-0.0214,0.0004,-3.1402,0.7645,3.1383,-4727.1191,-28658.9434,24.4448,1
-4703.1636,-28634.3926,24.9425,-5235.0581,-28098.8066,21.9615,-4687.3027,-28610.3008,28.4820,749.4631,-0.0037,0.0019,-3.1400,0.7964,3.1386,-4725.9253,-28657.3828,24.5743,1
-4703.1636,-28634.3926,24.9425,-5235.0542,-28098.8105,21.9616,-4672.9453,-28600.1602,26.1177,753.2120,-0.0023,0.0014,-3.1397,0.8283,3.1389,-4724.1724,-28655.3887,24.6334,1
-4703.1636,-28634.3926,24.9425,-5235.0503,-28098.8145,21.9617,-4652.5488,-28582.2227,23.7304,756.9606,-0.0028,0.0009,-3.1395,0.8604,3.1393,-4721.6426,-28652.6934,24.6164,1
-4703.1636,-28634.3926,24.9425,-5235.0459,-28098.8184,21.9617,-4632.5757,-28563.2637,21.3392,760.7095,-0.0034,0.0004,-3.1393,0.8929,3.1397,-4718.3228,-28649.2441,24.5185,1
-4703.1636,-28634.3926,24.9425,-5235.0420,-28098.8223,21.9618,-4686.4966,-28616.4453,26.8034,754.2221,0.0172,0.0015,-3.1389,0.9226,3.1402,-4716.5933,-28647.3633,24.5937,1
-4703.1636,-28634.3926,24.9425,-5235.0381,-28098.8262,21.9619,-4676.9131,-28602.6211,28.2994,751.8940,0.0180,0.0018,-3.1385,0.9498,3.1407,-4714.5000,-28644.9805,24.7237,1
-4703.1636,-28634.3926,24.9425,-5235.0337,-28098.8301,21.9620,-4658.4961,-28589.1348,23.7883,756.8313,0.0174,0.0009,-3.1381,0.9755,3.1412,-4711.7510,-28642.0977,24.7114,1
-4703.1636,-28634.3926,24.9425,-5235.0298,-28098.8340,21.9621,-4656.0688,-28574.5742,27.1487,749.3622,0.0187,0.0016,-3.1378,1.0002,-3.1415,-4708.8184,-28638.6348,24.8083,1
-4703.1636,-28634.3926,24.9425,-5235.0254,-28098.8359,21.9621,-4699.2021,-28622.4492,28.4993,749.2068,0.0354,0.0019,-3.1373,1.0192,-3.1409,-4707.2466,-28636.6680,24.9549,1
-4703.1636,-28634.3926,24.9425,-5235.0210,-28098.8398,21.9622,-4687.1079,-28615.2910,26.1382,752.9556,0.0348,0.0014,-3.1369,1.0337,-3.1403,-4705.3003,-28634.4863,25.0294,1
-4703.1636,-28634.3926,24.9425,-5235.0166,-28098.8418,21.9622,-4676.6772,-28609.5859,23.7652,756.7039,0.0343,0.0009,-3.1365,1.0452,-3.1398,-4703.0161,-28632.1270,25.0266,1
-4703.1636,-28634.3926,24.9425,-5235.0122,-28098.8438,21.9622,-4673.7520,-28611.9492,21.3799,760.4525,0.0357,0.0004,-3.1363,1.0546,-3.1396,-4700.6284,-28629.8516,24.9414,1
-4703.1636,-28634.3926,24.9425,-5235.0078,-28098.8457,21.9623,-4707.4712,-28630.6289,28.4704,749.0811,0.0438,0.0019,-3.1359,1.0567,-3.1392,-4699.3433,-28628.2090,25.0822,1
-4703.1636,-28634.3926,24.9425,-5235.0029,-28098.8477,21.9623,-4704.7388,-28633.2285,26.0910,752.8297,0.0433,0.0014,-3.1356,1.0534,-3.1389,-4698.0361,-28626.7129,25.1501,1
-4703.1636,-28634.3926,24.9425,-5234.9985,-28098.8496,21.9623,-4704.0547,-28637.8398,23.6986,756.5779,0.0427,0.0009,-3.1355,1.0462,-3.1388,-4696.7705,-28625.4395,25.1396,1
-4703.1636,-28634.3926,24.9425,-5234.9937,-28098.8516,21.9623,-4711.9819,-28650.7188,21.2942,760.3265,0.0442,0.0004,-3.1356,1.0360,-3.1389,-4695.8301,-28624.6719,25.0459,1
-4703.1636,-28634.3926,24.9425,-5234.9883,-28098.8516,21.9622,-4717.1597,-28639.9219,28.4526,748.9569,0.0406,0.0019,-3.1356,1.0188,-3.1389,-4695.1553,-28623.6680,25.1800,1
-4703.1636,-28634.3926,24.9425,-5234.9834,-28098.8535,21.9622,-4724.7236,-28652.1992,26.0808,752.7054,0.0401,0.0014,-3.1357,0.9968,-3.1391,-4694.8237,-28623.1562,25.2412,1
-4703.1636,-28634.3926,24.9425,-5234.9785,-28098.8535,21.9622,-4734.4878,-28666.0684,23.7067,756.4535,0.0395,0.0009,-3.1360,0.9714,-3.1394,-4694.9204,-28623.2109,25.2246,1
-4703.1636,-28634.3926,24.9425,-5234.9731,-28098.8535,21.9622,-4753.6445,-28687.2676,21.3337,760.2021,0.0410,0.0004,-3.1363,0.9431,-3.1398,-4695.7676,-28624.0957,25.1257,1
-4703.1636,-28634.3926,24.9425,-5234.9683,-28098.8535,21.9622,-4724.9150,-28647.0918,28.4816,748.8347,0.0256,0.0019,-3.1367,0.9105,-3.1402,-4695.8477,-28623.8496,25.2544,1
-4703.1636,-28634.3926,24.9425,-5234.9629,-28098.8535,21.9621,-4740.3330,-28666.0508,26.1691,752.5831,0.0251,0.0014,-3.1370,0.8748,-3.1407,-4696.5293,-28624.3164,25.3122,1
-4703.1636,-28634.3926,24.9425,-5234.9580,-28098.8535,21.9621,-4765.0645,-28691.5059,23.8636,756.3311,0.0265,0.0009,-3.1374,0.8371,-3.1412,-4698.1440,-28625.7402,25.2945,1
-4703.1636,-28634.3926,24.9425,-5234.9526,-28098.8535,21.9622,-4784.5537,-28711.1152,21.5595,760.0795,0.0260,0.0004,-3.1379,0.7975,3.1415,-4700.5566,-28627.9668,25.1972,1
-4703.1636,-28634.3926,24.9425,-5234.9478,-28098.8535,21.9622,-4728.3018,-28650.0781,28.5360,748.7144,0.0023,0.0019,-3.1383,0.7575,3.1410,-4701.3296,-28628.4004,25.3222,1
-4703.1636,-28634.3926,24.9425,-5234.9429,-28098.8535,21.9622,-4746.4370,-28671.1738,26.2968,752.4627,0.0017,0.0014,-3.1387,0.7173,3.1406,-4702.7651,-28629.5859,25.3789,1
-4703.1636,-28634.3926,24.9425,-5234.9380,-28098.8535,21.9622,-4772.9292,-28697.5215,24.0618,756.2106,0.0032,0.0009,-3.1391,0.6771,3.1401,-4705.1665,-28631.7363,25.3627,1
-4703.1636,-28634.3926,24.9425,-5234.9331,-28098.8535,21.9622,-4793.2964,-28717.3164,21.8011,759.9590,0.0026,0.0004,-3.1394,0.6364,3.1398,-4708.3716,-28634.6738,25.2686,1
-4703.1636,-28634.3926,24.9425,-5234.9287,-28098.8535,21.9622,-4719.1694,-28651.7734,24.6386,756.1287,-0.0240,0.0010,-3.1398,0.5998,3.1394,-4709.3140,-28635.6328,25.2594,1
-4703.1636,-28634.3926,24.9425,-5234.9238,-28098.8535,21.9622,-4747.2388,-28671.7148,26.3520,752.3434,-0.0221,0.0013,-3.1402,0.5661,3.1390,-4711.1919,-28637.2773,25.3052,1
-4703.1636,-28634.3926,24.9425,-5234.9194,-28098.8555,21.9622,-4761.3667,-28688.2793,24.0974,756.0913,-0.0227,0.0008,-3.1404,0.5342,3.1387,-4713.5884,-28639.5254,25.2784,1
-4703.1636,-28634.3926,24.9425,-5234.9150,-28098.8555,21.9622,-4775.1968,-28703.8496,21.7981,759.8397,-0.0233,0.0003,-3.1406,0.5037,3.1385,-4716.5112,-28642.3633,25.1730,1
-4703.1636,-28634.3926,24.9425,-5234.9106,-28098.8574,21.9621,-4717.5752,-28639.7324,28.4959,748.4754,-0.0449,0.0018,-3.1409,0.4808,3.1381,-4717.6353,-28643.2012,25.2820,1
-4703.1636,-28634.3926,24.9425,-5234.9067,-28098.8574,21.9621,-4729.4438,-28655.9355,26.2316,752.2237,-0.0435,0.0013,-3.1411,0.4636,3.1378,-4719.1157,-28644.5371,25.3224,1
-4703.1636,-28634.3926,24.9425,-5234.9023,-28098.8594,21.9620,-4732.5625,-28663.7910,23.8859,755.9715,-0.0440,0.0008,-3.1413,0.4501,3.1376,-4720.6836,-28646.1250,25.2867,1
-4703.1636,-28634.3926,24.9425,-5234.8989,-28098.8613,21.9619,-4734.1802,-28670.2246,21.4796,759.7197,-0.0446,0.0003,-3.1413,0.4394,3.1375,-4722.2896,-28647.9258,25.1686,1
-4703.1636,-28634.3926,24.9425,-5234.8950,-28098.8633,21.9618,0.0000,0.0000,0.0000,0.0000,0.0000,0.0000,-3.1414,0.4381,3.1373,0.0000,0.0000,0.0000,1
-4703.1636,-28634.3926,24.9425,-5234.8911,-28098.8672,21.9617,0.0000,0.0000,0.0000,0.0000,0.0000,0.0000,-3.1415,0.4432,3.1371,0.0000,0.0000,0.0000,0
-4703.1636,-28634.3926,24.9425,-5234.8877,-28098.8691,21.9616,0.0000,0.0000,0.0000,0.0000,0.0000,0.0000,-3.1415,0.4531,3.1369,0.0000,0.0000,0.0000,0
-4703.1636,-28634.3926,24.9425,-5234.8848,-28098.8730,21.9614,0.0000,0.0000,0.0000,0.0000,0.0000,0.0000,-3.1414,0.4666,3.1369,0.0000,0.0000,0.0000,0
-4703.1636,-28634.3926,24.9425,-5234.8813,-28098.8770,21.9613,0.0000,0.0000,0.0000,0.0000,0.0000,0.0000,-3.1414,0.4887,3.1368,0.0000,0.0000,0.0000,0
-4703.1636,-28634.3926,24.9425,-5234.8784,-28098.8809,21.9612,0.0000,0.0000,0.0000,0.0000,0.0000,0.0000,-3.1414,0.5167,3.1367,0.0000,0.0000,0.0000,0
-4703.1636,-28634.3926,24.9425,-5234.8755,-28098.8848,21.9612,0.0000,0.0000,0.0000,0.0000,0.0000,0.0000,-3.1414,0.5492,3.1367,0.0000,0.0000,0.0000,0
-4703.1636,-28634.3926,24.9425,-5234.8730,-28098.8887,21.9611,0.0000,0.0000,0.0000,0.0000,0.0000,0.0000,-3.1412,0.5850,3.1368,0.0000,0.0000,0.0000,0
-4703.1636,-28634.3926,24.9425,-5234.8701,-28098.8926,21.9611,0.0000,0.0000,0.0000,748.1047,-0.0306,0.0019,-3.1407,0.6109,3.1374,0.0000,0.0000,0.0000,0
-4703.1636,-28634.3926,24.9425,-5234.8682,-28098.8965,21.9612,-4689.2290,-28616.1504,25.7502,751.8522,-0.0312,0.0014,-3.1395,0.6161,3.1387,-4689.2290,-28616.1504,25.7502,1
-4703.1636,-28634.3926,24.9425,-5234.8657,-28098.8984,21.9613,-4684.0977,-28616.1875,23.3103,755.6002,-0.0318,0.0009,-3.1387,0.6172,3.1397,-4689.0591,-28616.1523,25.6694,1
-4703.1636,-28634.3926,24.9425,-5234.8628,-28098.9023,21.9615,-4679.1221,-28616.3594,20.9390,759.3477,-0.0323,0.0004,-3.1383,0.6181,3.1402,-4688.7158,-28616.1582,25.5059,1
-4703.1636,-28634.3926,24.9425,-5234.8599,-28098.9043,21.9616,-4709.0664,-28630.8691,28.4440,747.9823,-0.0256,0.0019,-3.1382,0.6187,3.1404,-4689.3477,-28616.6504,25.5813,1
-4703.1636,-28634.3926,24.9425,-5234.8574,-28098.9062,21.9618,-4704.3022,-28631.4453,26.1981,751.7298,-0.0262,0.0014,-3.1383,0.6192,3.1405,-4689.8633,-28617.1914,25.5885,1
-4703.1636,-28634.3926,24.9425,-5234.8540,-28098.9082,21.9619,-4699.5874,-28632.0469,23.9359,755.4777,-0.0267,0.0009,-3.1384,0.6195,3.1405,-4690.2510,-28617.7793,25.5226,1
-4703.1636,-28634.3926,24.9425,-5234.8511,-28098.9102,21.9621,-4701.6602,-28639.4023,21.6498,759.2252,-0.0253,0.0004,-3.1386,0.6198,3.1404,-4690.7236,-28618.6348,25.3786,1
-4703.1636,-28634.3926,24.9425,-5234.8481,-28098.9121,21.9622,-4703.0298,-28639.0957,22.3063,758.0409,-0.0251,0.0006,-3.1388,0.6201,3.1403,-4691.2622,-28619.5195,25.2485,1
-4703.1636,-28634.3926,24.9425,-5234.8447,-28098.9121,21.9622,-4699.4092,-28626.3730,26.2195,751.6105,-0.0261,0.0014,-3.1392,0.6289,3.1399,-4691.7046,-28620.0234,25.2423,1
-4703.1636,-28634.3926,24.9425,-5234.8418,-28098.9141,21.9622,-4693.9077,-28615.9160,27.1938,748.2786,-0.0261,0.0015,-3.1397,0.6443,3.1394,-4691.9756,-28620.1836,25.2723,1
-4703.1636,-28634.3926,24.9425,-5234.8389,-28098.9160,21.9622,-4678.4204,-28615.2891,21.6276,759.1057,-0.0252,0.0004,-3.1401,0.6644,3.1390,-4691.7329,-28620.3047,25.1235,1
-4703.1636,-28634.3926,24.9425,-5234.8359,-28098.9180,21.9622,-4696.6968,-28618.0469,28.3564,747.7437,-0.0187,0.0018,-3.1404,0.6861,3.1387,-4692.0586,-28620.4961,25.1913,1
-4703.1636,-28634.3926,24.9425,-5234.8330,-28098.9219,21.9622,-4680.3540,-28606.1504,25.9823,751.4910,-0.0192,0.0013,-3.1404,0.7091,3.1387,-4691.8447,-28620.2773,25.1879,1
-4703.1636,-28634.3926,24.9425,-5234.8301,-28098.9238,21.9621,-4669.9751,-28600.2480,23.5828,755.2388,-0.0178,0.0008,-3.1404,0.7332,3.1387,-4691.2583,-28619.8242,25.1077,1
-4703.1636,-28634.3926,24.9425,-5234.8276,-28098.9258,21.9621,-4653.2769,-28586.6348,21.1350,758.9861,-0.0183,0.0003,-3.1403,0.7578,3.1388,-4690.0737,-28618.8770,24.9447,1
-4703.1636,-28634.3926,24.9425,-5234.8247,-28098.9277,21.9620,-4694.4595,-28615.5664,28.2682,747.6234,-0.0040,0.0018,-3.1401,0.7826,3.1390,-4690.1660,-28618.8066,25.0112,1
-4703.1636,-28634.3926,24.9425,-5234.8223,-28098.9316,21.9620,-4677.0283,-28602.3340,25.8655,751.3705,-0.0046,0.0013,-3.1399,0.8078,3.1391,-4689.6890,-28618.2871,25.0058,1
-4703.1636,-28634.3926,24.9425,-5234.8198,-28098.9336,21.9620,-4665.9390,-28595.5020,23.4618,755.1183,-0.0031,0.0008,-3.1397,0.8335,3.1393,-4688.8203,-28617.5098,24.9238,1
-4703.1636,-28634.3926,24.9425,-5234.8174,-28098.9355,21.9620,-4648.8110,-28581.0918,21.0286,758.8655,-0.0037,0.0003,-3.1395,0.8592,3.1396,-4687.3442,-28616.2129,24.7597,1
-4703.1636,-28634.3926,24.9425,-5234.8145,-28098.9375,21.9620,-4694.3057,-28615.2520,28.2651,747.5031,0.0119,0.0018,-3.1393,0.8830,3.1399,-4687.2925,-28615.9688,24.8289,1
-4703.1636,-28634.3926,24.9425,-5234.8120,-28098.9414,21.9620,-4678.1621,-28603.4297,25.8803,751.2502,0.0113,0.0013,-3.1390,0.9058,3.1402,-4686.7271,-28615.3359,24.8273,1
-4703.1636,-28634.3926,24.9425,-5234.8096,-28098.9434,21.9620,-4669.1094,-28598.9512,23.4934,754.9979,0.0128,0.0008,-3.1387,0.9273,3.1406,-4685.8540,-28614.5391,24.7501,1
-4703.1636,-28634.3926,24.9425,-5234.8071,-28098.9453,21.9620,-4654.2578,-28587.4707,21.0870,758.7451,0.0122,0.0003,-3.1385,0.9481,3.1409,-4684.4673,-28613.3418,24.5922,1
-4703.1636,-28634.3926,24.9425,-5234.8047,-28098.9473,21.9620,-4697.5947,-28618.5215,28.2686,747.3839,0.0258,0.0018,-3.1381,0.9645,3.1413,-4684.4614,-28613.1230,24.6665,1
-4703.1636,-28634.3926,24.9425,-5234.8022,-28098.9492,21.9620,-4692.7393,-28618.9062,25.9026,751.1310,0.0273,0.0013,-3.1377,0.9777,-3.1414,-4684.3364,-28612.9434,24.6709,1
-4703.1636,-28634.3926,24.9425,-5234.7993,-28098.9492,21.9621,-4679.5923,-28613.1426,22.8930,756.7345,0.0262,0.0007,-3.1374,0.9882,-3.1411,-4683.8066,-28612.5957,24.5796,1
-4703.1636,-28634.3926,24.9425,-5234.7969,-28098.9512,21.9621,-4673.6777,-28609.5000,21.1269,758.6257,0.0262,0.0003,-3.1372,0.9970,-3.1408,-4683.0859,-28612.1426,24.4276,1
-4703.1636,-28634.3926,24.9425,-5234.7939,-28098.9531,21.9621,-4703.8149,-28624.7266,28.2708,747.2658,0.0334,0.0018,-3.1369,1.0002,-3.1405,-4683.3613,-28612.2031,24.5072,1
-4703.1636,-28634.3926,24.9425,-5234.7910,-28098.9531,21.9621,-4706.3501,-28632.5840,25.9123,751.0128,0.0349,0.0013,-3.1367,0.9995,-3.1402,-4683.7773,-28612.5625,24.5175,1
-4703.1636,-28634.3926,24.9425,-5234.7881,-28098.9551,21.9621,-4703.9658,-28635.5117,23.5384,754.7604,0.0343,0.0008,-3.1366,0.9955,-3.1401,-4684.1719,-28613.0723,24.4533,1
-4703.1636,-28634.3926,24.9425,-5234.7852,-28098.9551,21.9621,-4702.7759,-28639.6035,21.1567,758.5074,0.0337,0.0003,-3.1366,0.9894,-3.1401,-4684.5762,-28613.7695,24.3098,1
-4703.1636,-28634.3926,24.9425,-5234.7822,-28098.9551,21.9621,-4706.6108,-28645.3496,29.4363,759.9716,0.0333,0.0021,-3.1366,0.9778,-3.1401,-4685.1523,-28614.7148,24.4332,1
-4703.1636,-28634.3926,24.9425,-5234.7788,-28098.9551,21.9621,-4716.6665,-28651.6934,25.3979,757.6047,0.0332,0.0012,-3.1366,0.9619,-3.1402,-4686.1143,-28615.9434,24.4362,1
-4703.1636,-28634.3926,24.9425,-5234.7759,-28098.9570,21.9621,-4727.7461,-28657.8926,23.5709,754.6436,0.0329,0.0009,-3.1368,0.9432,-3.1403,-4687.5161,-28617.4609,24.3820,1
-4703.1636,-28634.3926,24.9425,-5234.7725,-28098.9551,21.9621,-4740.8076,-28662.2852,26.0748,749.2346,0.0322,0.0014,-3.1370,0.9224,-3.1406,-4689.4502,-28619.2168,24.4102,1
-4703.1636,-28634.3926,24.9425,-5234.7695,-28098.9551,21.9621,-4713.6162,-28655.0195,28.4099,762.1286,0.0231,0.0019,-3.1372,0.8981,-3.1409,-4690.5703,-28620.7949,24.5186,1
-4703.1636,-28634.3926,24.9425,-5234.7661,-28098.9551,21.9622,-4734.5312,-28658.8008,25.9852,750.7809,0.0225,0.0014,-3.1375,0.8709,-3.1412,-4692.4370,-28622.5762,24.5575,1
-4703.1636,-28634.3926,24.9425,-5234.7627,-28098.9551,21.9622,-4746.7017,-28674.3770,23.6704,754.5283,0.0220,0.0008,-3.1377,0.8416,-3.1415,-4694.7778,-28624.9297,24.5229,1
-4703.1636,-28634.3926,24.9425,-5234.7598,-28098.9551,21.9622,-4760.1284,-28690.3164,21.3517,758.2753,0.0214,0.0003,-3.1381,0.8110,3.1414,-4697.6475,-28627.8867,24.4103,1
-4703.1636,-28634.3926,24.9425,-5234.7563,-28098.9531,21.9622,-4716.9077,-28657.9395,28.4381,762.0146,0.0052,0.0018,-3.1384,0.7796,3.1410,-4699.2012,-28629.8789,24.5243,1
-4703.1636,-28634.3926,24.9425,-5234.7534,-28098.9531,21.9622,-4740.5449,-28663.9746,26.0591,750.6670,0.0046,0.0013,-3.1387,0.7475,3.1406,-4701.5566,-28632.1133,24.5701,1
-4703.1636,-28634.3926,24.9425,-5234.7500,-28098.9531,21.9622,-4754.7002,-28680.9277,23.7843,754.4144,0.0040,0.0008,-3.1390,0.7151,3.1403,-4704.4268,-28634.9355,24.5438,1
-4703.1636,-28634.3926,24.9425,-5234.7471,-28098.9531,21.9622,-4777.0498,-28703.3730,21.5059,758.1613,0.0055,0.0003,-3.1393,0.6826,3.1400,-4708.0977,-28638.5508,24.4407,1
-4703.1636,-28634.3926,24.9425,-5234.7441,-28098.9531,21.9622,-4715.4346,-28656.4277,28.4482,761.9012,-0.0155,0.0018,-3.1396,0.6526,3.1396,-4709.8418,-28640.7070,24.5597,1
