0.0000,0.0000,0.0000,0.0000,0.0000,0.0000,0.0000,0.0000,0.0000,0.0000,0.0000,0.0000,0.0000,0.0000,0.0000,0.0000,0.0000,0.0000,0
0.0000,0.0000,0.0000,0.0000,0.0000,0.0000,0.0000,0.0000,0.0000,0.0000,0.0000,0.0000,0.0000,0.0000,0.0000,0.0000,0.0000,0.0000,0
0.0000,0.0000,0.0000,0.0000,0.0000,0.0000,0.0000,0.0000,0.0000,0.0000,0.0000,0.0000,0.0000,0.0000,0.0000,0.0000,0.0000,0.0000,0
0.0000,0.0000,0.0000,0.0000,0.0000,0.0000,0.0000,0.0000,0.0000,0.0000,0.0000,0.0000,0.0000,0.0000,0.0000,0.0000,0.0000,0.0000,0
0.0000,0.0000,0.0000,0.0000,0.0000,0.0000,0.0000,0.0000,0.0000,0.0000,0.0000,0.0000,0.0000,0.0000,0.0000,0.0000,0.0000,0.0000,0
0.0000,0.0000,0.0000,-5252.6138,-28084.4629,22.4979,0.0000,0.0000,0.0000,0.0000,0.0000,0.0000,3.1416,0.7854,3.1416,0.0000,0.0000,0.0000,0
-4703.1636,-28634.3926,24.9425,-5252.6138,-28084.4629,22.4962,0.0000,0.0000,0.0000,0.0000,0.0000,0.0000,-3.1415,0.7854,-3.1416,0.0000,0.0000,0.0000,0
-4703.1636,-28634.3926,24.9425,-5252.6138,-28084.4629,22.4917,0.0000,0.0000,0.0000,0.0000,0.0000,0.0000,-3.1415,0.7854,-3.1416,0.0000,0.0000,0.0000,0
-4703.1636,-28634.3926,24.9425,-5252.6138,-28084.4629,22.4844,0.0000,0.0000,0.0000,0.0000,0.0000,0.0000,-3.1414,0.7854,-3.1415,0.0000,0.0000,0.0000,0
-4703.1636,-28634.3926,24.9425,-5252.6138,-28084.4629,22.4742,0.0000,0.0000,0.0000,0.0000,0.0000,0.0000,-3.1414,0.7854,-3.1415,0.0000,0.0000,0.0000,0
-4703.1636,-28634.3926,24.9425,-5252.6138,-28084.4629,22.4612,0.0000,0.0000,0.0000,771.4138,-0.0003,-0.0004,-3.1414,0.7854,-3.1415,0.0000,0.0000,0.0000,0
-4703.1636,-28634.3926,24.9425,-5252.6138,-28084.4629,22.4455,-4700.0298,-28641.4980,20.3643,784.6301,0.0006,-0.0005,-3.1414,0.7854,-3.1415,-4700.0298,-28641.4980,20.3643,1
-4703.1636,-28634.3926,24.9425,-5252.6138,-28084.4629,22.4270,-4703.7817,-28637.4805,25.6457,779.1351,0.0006,0.0006,-3.1415,0.7854,-3.1415,-4700.1499,-28641.3691,20.5338,1
-4703.1636,-28634.3926,24.9425,-5252.6138,-28084.4629,22.4058,-4699.1230,-28638.2949,23.1867,782.9956,0.0001,0.0001,-3.1415,0.7854,-3.1414,-4700.1289,-28641.2598,20.6349,1
-4703.1636,-28634.3926,24.9425,-5252.6138,-28084.4629,22.3820,-4705.4888,-28628.1172,20.6866,771.3049,-0.0005,-0.0004,-3.1414,0.7854,-3.1414,-4700.3110,-28640.8105,20.6611,1
-4703.1636,-28634.3926,24.9425,-5252.6138,-28084.4629,22.3554,-4707.7441,-28635.7988,27.9536,775.1652,0.0009,0.0010,-3.1414,0.7854,-3.1414,-4700.5762,-28640.5859,20.9209,1
-4703.1636,-28634.3926,24.9425,-5252.6138,-28084.4629,22.3261,-4703.0928,-28636.6426,25.5010,779.0262,0.0004,0.0005,-3.1414,0.7854,-3.1414,-4700.7051,-28640.3809,21.1152,1
-4703.1636,-28634.3926,24.9425,-5252.6138,-28084.4629,22.2940,-4698.4351,-28637.4531,23.0219,782.8866,-0.0002,0.0000,-3.1414,0.7854,-3.1414,-4700.6890,-28640.1973,21.2375,1
-4703.1636,-28634.3926,24.9425,-5252.6138,-28084.4629,22.2593,-4704.8945,-28627.3652,20.6598,771.1960,-0.0007,-0.0004,-3.1414,0.7854,-3.1414,-4700.8740,-28639.6816,21.2858,1
-4703.1636,-28634.3926,24.9425,-5252.6138,-28084.4629,22.2218,-4707.1421,-28635.0508,27.9157,775.0565,0.0007,0.0011,-3.1414,0.7854,-3.1413,-4701.1377,-28639.3926,21.5647,1
-4703.1636,-28634.3926,24.9425,-5252.6138,-28084.4629,22.1817,-4702.4912,-28635.8887,25.4557,778.9174,0.0002,0.0006,-3.1414,0.7854,-3.1413,-4701.2627,-28639.1270,21.7752,1
-4703.1636,-28634.3926,24.9425,-5252.6138,-28084.4629,22.1388,-4704.1514,-28630.7773,28.9733,774.1519,-0.0003,0.0013,-3.1414,0.7854,-3.1413,-4701.4409,-28638.6934,22.1049,1
-4703.1636,-28634.3926,24.9425,-5252.6138,-28084.4629,22.0933,-4704.2295,-28626.5391,20.6388,771.0873,-0.0009,-0.0004,-3.1414,0.7854,-3.1413,-4701.6255,-28638.1113,22.1769,1
-4703.1636,-28634.3926,24.9425,-5252.6138,-28084.4629,22.0451,-4706.4683,-28634.2266,27.8872,774.9478,0.0005,0.0011,-3.1414,0.7854,-3.1413,-4701.8838,-28637.7598,22.4757,1
-4703.1636,-28634.3926,24.9425,-5252.6138,-28084.4629,21.9942,-4701.8159,-28635.0586,25.4209,778.8087,-0.0000,0.0006,-3.1414,0.7854,-3.1413,-4701.9990,-28637.4336,22.7022,1
-4703.1636,-28634.3926,24.9425,-5252.6123,-28084.4629,21.9468,-4697.1743,-28635.8789,22.3307,782.6692,-0.0006,0.0001,-3.1416,0.7854,3.1406,-4701.9614,-28637.1387,22.8311,1
-4703.1636,-28634.3926,24.9425,-5252.6094,-28084.4629,21.9077,-4710.3838,-28632.5410,19.4503,770.9775,0.0008,-0.0003,-3.1413,0.7853,3.1389,-4702.3359,-28636.7402,22.8606,1
-4703.1636,-28634.3926,24.9425,-5252.6055,-28084.4648,21.8776,-4705.7661,-28633.4062,25.0585,774.8380,0.0003,0.0012,-3.1403,0.7853,3.1373,-4702.5737,-28636.3691,23.0596,1
-4703.1636,-28634.3926,24.9425,-5252.6011,-28084.4648,21.8565,-4701.1499,-28634.2617,20.4810,778.6989,-0.0003,0.0007,-3.1386,0.7852,3.1358,-4702.6655,-28636.0273,23.1113,1
-4703.1636,-28634.3926,24.9425,-5252.5952,-28084.4688,21.8443,-4696.5420,-28635.0723,15.3993,782.5593,-0.0008,0.0002,-3.1363,0.7852,3.1344,-4702.6030,-28635.7188,22.9911,1
-4703.1636,-28634.3926,24.9425,-5252.5889,-28084.4707,21.8410,-4709.6011,-28631.6094,17.6965,770.8483,0.0006,0.0013,-3.1333,0.7852,3.1332,-4702.9434,-28635.3047,22.9211,1
-4703.1636,-28634.3926,24.9425,-5252.5825,-28084.4746,21.8457,-4704.9199,-28632.4277,21.8264,774.7086,0.0000,0.0028,-3.1298,0.7852,3.1324,-4703.1421,-28634.9199,22.9707,1
-4703.1636,-28634.3926,24.9425,-5252.5767,-28084.4785,21.8566,-4700.2749,-28633.2188,16.5190,778.5694,-0.0005,0.0023,-3.1261,0.7853,3.1324,-4703.1909,-28634.5645,22.8447,1
-4703.1636,-28634.3926,24.9425,-5252.5723,-28084.4844,21.8715,-4696.5000,-28637.9238,12.4631,784.5953,-0.0004,0.0019,-3.1229,0.7854,3.1331,-4703.1094,-28634.3652,22.5748,1
-4703.1636,-28634.3926,24.9425,-5252.5693,-28084.4863,21.8878,-4709.0425,-28630.9082,19.4817,770.7050,0.0004,0.0036,-3.1206,0.7854,3.1342,-4703.4121,-28633.9609,22.5032,1
-4703.1636,-28634.3926,24.9425,-5252.5684,-28084.4883,21.9035,-4708.0479,-28630.4648,26.2833,771.0950,0.0002,0.0050,-3.1194,0.7855,3.1355,-4703.6909,-28633.5430,22.6446,1
-4703.1636,-28634.3926,24.9425,-5252.5684,-28084.4902,21.9174,-4710.6978,-28632.4941,26.6214,770.6684,0.0009,0.0050,-3.1192,0.7856,3.1367,-4704.0610,-28633.1953,22.8042,1
-4703.1636,-28634.3926,24.9425,-5252.5698,-28084.4902,21.9294,-4701.9087,-28640.1543,23.4021,782.2859,0.0008,0.0041,-3.1203,0.7857,3.1374,-4704.1562,-28633.1016,22.8664,1
-4703.1636,-28634.3926,24.9425,-5252.5718,-28084.4883,21.9397,-4699.1523,-28632.0840,26.8126,778.5474,-0.0008,0.0045,-3.1218,0.7857,3.1377,-4704.1528,-28632.7754,23.0379,1
-4703.1636,-28634.3926,24.9425,-5252.5742,-28084.4863,21.9482,-4703.6968,-28630.7949,30.8428,774.4500,-0.0003,0.0050,-3.1234,0.7858,3.1382,-4704.2793,-28632.4160,23.3467,1
-4703.1636,-28634.3926,24.9425,-5252.5771,-28084.4863,21.9549,-4699.0332,-28631.5801,30.1029,778.3106,-0.0009,0.0045,-3.1251,0.7858,3.1388,-4704.2500,-28632.0898,23.6448,1
-4703.1636,-28634.3926,24.9425,-5252.5806,-28084.4844,21.9597,-4701.2856,-28639.3066,29.4804,782.1707,0.0006,0.0040,-3.1270,0.7858,3.1394,-4704.2778,-28632.0176,23.9332,1
-4703.1636,-28634.3926,24.9425,-5252.5840,-28084.4805,21.9628,-4707.7056,-28629.2578,22.4728,770.4965,0.0001,0.0022,-3.1290,0.7859,3.1400,-4704.5020,-28631.6484,24.0053,1
-4703.1636,-28634.3926,24.9425,-5252.5879,-28084.4785,21.9643,-4703.0928,-28630.0117,31.7349,774.3566,-0.0005,0.0037,-3.1312,0.7859,3.1405,-4704.5796,-28631.3086,24.3694,1
-4703.1636,-28634.3926,24.9425,-5252.5923,-28084.4766,21.9646,-4705.3428,-28637.7090,31.4175,778.2173,0.0010,0.0032,-3.1335,0.7859,3.1409,-4704.7227,-28631.2227,24.7342,1
-4703.1636,-28634.3926,24.9425,-5252.5962,-28084.4727,21.9645,-4700.6831,-28638.5215,30.9782,782.0775,0.0004,0.0027,-3.1358,0.7860,3.1413,-4704.7139,-28631.1855,25.0937,1
-4703.1636,-28634.3926,24.9425,-5252.6001,-28084.4707,21.9647,-4707.0151,-28628.4121,22.2940,770.4109,-0.0001,0.0006,-3.1379,0.7860,3.1415,-4704.8960,-28630.8496,25.1814,1
-4703.1636,-28634.3926,24.9425,-5252.6035,-28084.4668,21.9652,-4702.4097,-28629.1797,31.0061,774.2712,-0.0007,0.0021,-3.1396,0.7860,-3.1415,-4704.9302,-28630.5410,25.5387,1
-4703.1636,-28634.3926,24.9425,-5252.6060,-28084.4648,21.9658,-4700.1528,-28637.9961,33.3095,782.1238,0.0003,0.0023,-3.1410,0.7860,-3.1414,-4704.8838,-28630.5195,25.9741,1
-4703.1636,-28634.3926,24.9425,-5252.6084,-28084.4629,21.9666,-4699.9902,-28637.7188,28.1742,781.9924,0.0002,0.0011,3.1411,0.7860,-3.1414,-4704.8188,-28630.5156,26.2548,1
-4703.1636,-28634.3926,24.9425,-5252.6104,-28084.4609,21.9672,-4706.3613,-28627.6016,21.1758,770.3203,-0.0004,-0.0005,3.1404,0.7860,-3.1413,-4704.9443,-28630.2090,26.3064,1
-4703.1636,-28634.3926,24.9425,-5252.6118,-28084.4609,21.9678,-4708.6240,-28635.2715,28.8144,774.1807,0.0011,0.0010,3.1399,0.7860,-3.1413,-4705.1436,-28630.1504,26.5872,1
-4703.1636,-28634.3926,24.9425,-5252.6128,-28084.4590,21.9681,-4703.9761,-28636.1191,26.5415,778.0416,0.0005,0.0005,3.1398,0.7860,-3.1413,-4705.1978,-28630.1387,26.7928,1
-4703.1636,-28634.3926,24.9425,-5252.6133,-28084.4590,21.9682,-4699.3203,-28636.9375,24.0620,781.9020,-0.0000,0.0000,3.1398,0.7860,-3.1414,-4705.0977,-28630.1719,26.9118,1
-4703.1636,-28634.3926,24.9425,-5252.6133,-28084.4590,21.9681,-4705.6978,-28626.7812,20.3841,770.2177,-0.0006,-0.0007,3.1400,0.7860,-3.1414,-4705.1860,-28629.8984,26.8969,1
-4703.1636,-28634.3926,24.9425,-5252.6133,-28084.4590,21.9678,-4707.9404,-28634.4629,27.3523,774.0781,0.0009,0.0008,3.1404,0.7860,-3.1414,-4705.3462,-28629.8711,27.0876,1
-4703.1636,-28634.3926,24.9425,-5252.6128,-28084.4609,21.9673,-4703.2930,-28635.3086,24.5235,777.9390,0.0003,0.0003,3.1409,0.7860,-3.1414,-4705.3594,-28629.8887,27.1820,1
-4703.1636,-28634.3926,24.9425,-5252.6123,-28084.4609,21.9666,-4698.6406,-28636.1172,21.6023,781.7996,-0.0002,-0.0002,3.1415,0.7860,-3.1415,-4705.2173,-28629.9453,27.1719,1
-4703.1636,-28634.3926,24.9425,-5252.6118,-28084.4609,21.9659,-4705.0396,-28625.9609,20.0598,770.1064,-0.0008,-0.0004,-3.1411,0.7860,-3.1415,-4705.2627,-28629.6953,27.0915,1
-4703.1636,-28634.3926,24.9425,-5252.6108,-28084.4629,21.9651,-4705.4292,-28630.7793,24.3145,773.2222,-0.0001,0.0006,-3.1404,0.7856,-3.1415,-4705.3193,-28629.5977,27.1293,1
-4703.1636,-28634.3926,24.9425,-5252.6104,-28084.4629,21.9644,-4702.8477,-28634.7148,23.8810,777.8278,0.0001,0.0006,-3.1398,0.7856,-3.1415,-4705.2910,-28629.6309,27.1435,1
-4703.1636,-28634.3926,24.9425,-5252.6094,-28084.4629,21.9636,-4698.1992,-28635.5215,20.9362,781.6882,-0.0005,0.0001,-3.1391,0.7856,-3.1416,-4705.1074,-28629.7070,27.0530,1
-4703.1636,-28634.3926,24.9425,-5252.6084,-28084.4648,21.9629,-4711.2119,-28631.9805,20.1006,769.9916,0.0009,-0.0000,-3.1386,0.7856,-3.1416,-4705.3271,-28629.6855,26.9157,1
-4703.1636,-28634.3926,24.9425,-5252.6079,-28084.4648,21.9623,-4703.5747,-28638.0430,23.6882,779.6702,0.0007,0.0008,-3.1381,0.7856,-3.1416,-4705.3110,-28629.8652,26.8786,1
-4703.1636,-28634.3926,24.9425,-5252.6069,-28084.4648,21.9617,-4701.9443,-28633.6543,24.2033,777.7130,-0.0002,0.0010,-3.1376,0.7856,3.1416,-4705.2378,-28629.9258,26.8488,1
-4703.1636,-28634.3926,24.9425,-5252.6064,-28084.4668,21.9613,-4697.2915,-28634.4531,21.4619,781.5734,-0.0007,0.0005,-3.1373,0.7855,3.1416,-4705.0078,-28630.0215,26.7241,1
-4703.1636,-28634.3926,24.9425,-5252.6060,-28084.4668,21.9609,-4710.5469,-28631.1680,20.3098,769.8776,0.0007,0.0003,-3.1370,0.7855,3.1416,-4705.1875,-28630.0254,26.5466,1
-4703.1636,-28634.3926,24.9425,-5252.6055,-28084.4668,21.9607,-4705.9272,-28632.0000,27.4203,773.7380,0.0001,0.0018,-3.1368,0.7855,3.1416,-4705.2280,-28630.0566,26.5854,1
-4703.1636,-28634.3926,24.9425,-5252.6050,-28084.4668,21.9605,-4701.2773,-28632.8242,24.8873,777.5988,-0.0004,0.0013,-3.1366,0.7855,3.1416,-4705.1201,-28630.1211,26.5440,1
-4703.1636,-28634.3926,24.9425,-5252.6050,-28084.4688,21.9604,-4696.3989,-28638.2637,26.1434,784.8972,-0.0003,0.0016,-3.1365,0.7855,3.1416,-4704.8496,-28630.3633,26.5392,1
-4703.1636,-28634.3926,24.9425,-5252.6050,-28084.4688,21.9604,-4698.9136,-28641.3789,20.4721,785.3175,0.0005,0.0004,-3.1365,0.7855,3.1416,-4704.6406,-28630.7246,26.3527,1
-4703.1636,-28634.3926,24.9425,-5252.6045,-28084.4688,21.9605,-4705.2598,-28631.1738,27.8177,773.6263,-0.0001,0.0019,-3.1366,0.7855,3.1416,-4704.6221,-28630.7812,26.3880,1
-4703.1636,-28634.3926,24.9425,-5252.6045,-28084.4688,21.9606,-4700.6079,-28631.9922,25.4598,777.4871,-0.0006,0.0014,-3.1366,0.7855,3.1416,-4704.4570,-28630.8633,26.3507,1
-4703.1636,-28634.3926,24.9425,-5252.6050,-28084.4688,21.9607,-4702.8843,-28639.7305,23.1045,781.3475,0.0008,0.0009,-3.1368,0.7855,3.1416,-4704.3579,-28631.1953,26.2365,1
-4703.1636,-28634.3926,24.9425,-5252.6050,-28084.4688,21.9609,-4698.2290,-28640.5430,20.5788,785.2083,0.0003,0.0004,-3.1369,0.7855,3.1416,-4704.1094,-28631.5684,26.0361,1
-4703.1636,-28634.3926,24.9425,-5252.6050,-28084.4668,21.9611,-4704.5903,-28630.3438,28.0120,773.5171,-0.0003,0.0019,-3.1370,0.7855,3.1416,-4704.0532,-28631.6309,26.0622,1
-4703.1636,-28634.3926,24.9425,-5252.6050,-28084.4668,21.9612,-4699.9375,-28631.1543,25.7190,777.3779,-0.0008,0.0014,-3.1372,0.7855,3.1416,-4703.8506,-28631.7148,26.0198,1
-4703.1636,-28634.3926,24.9425,-5252.6055,-28084.4668,21.9614,-4702.2017,-28638.8965,23.4039,781.2383,0.0006,0.0009,-3.1374,0.7855,3.1416,-4703.7148,-28632.0430,25.9037,1
-4703.1636,-28634.3926,24.9425,-5252.6055,-28084.4668,21.9616,-4700.1157,-28631.0762,20.2307,777.1926,-0.0008,0.0002,-3.1375,0.7855,3.1416,-4703.5112,-28632.1309,25.6809,1
-4703.1636,-28634.3926,24.9425,-5252.6060,-28084.4668,21.9618,-4703.9204,-28629.5156,28.0091,773.4091,-0.0005,0.0018,-3.1377,0.7855,3.1416,-4703.4263,-28632.1621,25.6983,1
-4703.1636,-28634.3926,24.9425,-5252.6060,-28084.4668,21.9620,-4706.1694,-28637.2305,25.6954,777.2700,0.0009,0.0013,-3.1378,0.7855,3.1416,-4703.4175,-28632.4336,25.6478,1
-4703.1636,-28634.3926,24.9425,-5252.6060,-28084.4668,21.9621,-4699.9736,-28634.6504,21.6032,779.8085,-0.0003,0.0004,-3.1379,0.7855,3.1416,-4703.2188,-28632.6270,25.4678,1
-4703.1636,-28634.3926,24.9425,-5252.6064,-28084.4668,21.9622,-4696.8613,-28638.8672,20.5230,784.9925,-0.0002,0.0002,-3.1380,0.7855,3.1416,-4702.9175,-28632.9551,25.2477,1
-4703.1636,-28634.3926,24.9425,-5252.6064,-28084.4668,21.9623,-4702.2969,-28630.5664,23.1132,775.2822,-0.0006,0.0007,-3.1381,0.7855,3.1416,-4702.7798,-28633.0273,25.1012,1
-4703.1636,-28634.3926,24.9425,-5252.6064,-28084.4668,21.9624,-4705.4883,-28636.4043,25.5282,777.1621,0.0007,0.0012,-3.1382,0.7855,3.1416,-4702.7476,-28633.2754,25.0308,1
-4703.1636,-28634.3926,24.9425,-5252.6064,-28084.4668,21.9624,-4700.8374,-28637.2324,23.1195,781.0225,0.0002,0.0007,-3.1382,0.7855,3.1416,-4702.5757,-28633.5527,24.8871,1
-4703.1636,-28634.3926,24.9425,-5252.6069,-28084.4668,21.9625,-4696.1792,-28638.0273,20.4524,784.8842,-0.0004,0.0001,-3.1382,0.7855,3.1416,-4702.2559,-28633.8574,24.6576,1
-4703.1636,-28634.3926,24.9425,-5252.6069,-28084.4668,21.9625,-4709.4536,-28634.7266,27.7742,773.1929,0.0011,0.0016,-3.1382,0.7855,3.1416,-4702.3530,-28634.0605,24.6569,1
-4703.1636,-28634.3926,24.9425,-5252.6069,-28084.4668,21.9625,-4704.8086,-28635.5781,25.3533,777.0538,0.0005,0.0011,-3.1382,0.7855,3.1416,-4702.3193,-28634.2871,24.5878,1
-4703.1636,-28634.3926,24.9425,-5252.6069,-28084.4668,21.9625,-4700.1572,-28636.3984,22.8990,780.9142,-0.0001,0.0006,-3.1382,0.7855,3.1416,-4702.1460,-28634.5371,24.4447,1
-4703.1636,-28634.3926,24.9425,-5252.6069,-28084.4668,21.9624,-4695.4985,-28637.1875,20.4006,784.7753,-0.0006,0.0001,-3.1382,0.7855,3.1416,-4701.8232,-28634.8086,24.2219,1
-4703.1636,-28634.3926,24.9425,-5252.6069,-28084.4668,21.9624,-4708.7759,-28633.9043,27.6906,773.0840,0.0008,0.0016,-3.1382,0.7855,3.1416,-4701.9170,-28634.9746,24.2280,1
-4703.1636,-28634.3926,24.9425,-5252.6069,-28084.4668,21.9623,-4704.1304,-28634.7500,25.2446,776.9448,0.0003,0.0011,-3.1381,0.7855,3.1416,-4701.8794,-28635.1602,24.1658,1
-4703.1636,-28634.3926,24.9425,-5252.6069,-28084.4668,21.9623,-4703.5527,-28631.0293,25.3334,774.7237,-0.0003,0.0012,-3.1381,0.7855,3.1416,-4701.8315,-28635.2168,24.1120,1
-4703.1636,-28634.3926,24.9425,-5252.6064,-28084.4668,21.9622,-4694.8184,-28636.3477,20.3757,784.6659,-0.0008,0.0001,-3.1380,0.7855,3.1416,-4701.5122,-28635.4297,23.9054,1
-4703.1636,-28634.3926,24.9425,-5252.6064,-28084.4668,21.9622,-4708.3179,-28633.2969,27.6590,772.9746,0.0006,0.0016,-3.1380,0.7851,3.1416,-4701.6147,-28635.5410,23.9281,1
-4703.1636,-28634.3926,24.9425,-5252.6064,-28084.4668,21.9622,-4703.6748,-28634.1426,25.2125,776.8355,0.0001,0.0011,-3.1380,0.7851,3.1416,-4701.5854,-28635.6680,23.8827,1
-4703.1636,-28634.3926,24.9425,-5252.6064,-28084.4668,21.9621,-4699.0259,-28634.9551,22.7436,780.6959,-0.0005,0.0006,-3.1379,0.7851,3.1416,-4701.4146,-28635.8125,23.7638,1
-4703.1636,-28634.3926,24.9425,-5252.6064,-28084.4668,21.9621,-4701.0068,-28642.3789,20.3702,784.5564,0.0009,0.0002,-3.1379,0.7851,3.1416,-4701.3052,-28636.1875,23.5700,1
-4703.1636,-28634.3926,24.9425,-5252.6064,-28084.4668,21.9620,-4707.3271,-28632.1582,27.6624,772.8651,0.0003,0.0017,-3.1379,0.7851,3.1416,-4701.4023,-28636.2422,23.6065,1
-4703.1636,-28634.3926,24.9425,-5252.6064,-28084.4668,21.9620,-4702.6812,-28632.9922,25.2283,776.7260,-0.0002,0.0012,-3.1379,0.7851,3.1416,-4701.3647,-28636.3086,23.5760,1
-4703.1636,-28634.3926,24.9425,-5252.6064,-28084.4668,21.9620,-4698.0288,-28633.7949,22.7731,780.5864,-0.0008,0.0007,-3.1379,0.7851,3.1416,-4701.1841,-28636.3887,23.4728,1
-4703.1636,-28634.3926,24.9425,-5252.6064,-28084.4668,21.9620,-4700.3257,-28641.5508,20.3715,784.4470,0.0006,0.0002,-3.1378,0.7851,3.1416,-4701.0723,-28636.7070,23.2943,1
-4703.1636,-28634.3926,24.9425,-5252.6064,-28084.4668,21.9620,-4706.6592,-28631.3379,27.6764,772.7557,0.0001,0.0017,-3.1378,0.7851,3.1416,-4701.1665,-28636.7012,23.3471,1
-4703.1636,-28634.3926,24.9425,-5252.6064,-28084.4668,21.9620,-4702.0117,-28632.1660,25.2562,776.6166,-0.0005,0.0012,-3.1378,0.7851,3.1416,-4701.1250,-28636.7051,23.3336,1
-4703.1636,-28634.3926,24.9425,-5252.6064,-28084.4668,21.9620,-4704.2939,-28639.8945,22.8147,780.4770,0.0010,0.0007,-3.1378,0.7851,3.1416,-4701.1602,-28636.9434,23.2482,1
-4703.1636,-28634.3926,24.9425,-5252.6064,-28084.4668,21.9620,-4699.6426,-28640.7188,20.3701,784.3377,0.0004,0.0002,-3.1378,0.7851,3.1416,-4701.0557,-28637.2090,23.0863,1
-4703.1636,-28634.3926,24.9425,-5252.6064,-28084.4668,21.9620,-4706.1890,-28637.3730,20.6067,777.3535,0.0009,0.0002,-3.1378,0.7851,3.1416,-4701.1606,-28637.3711,22.9277,1
-4703.1636,-28634.3926,24.9425,-5252.6064,-28084.4668,21.9620,-4706.8901,-28630.8809,21.0315,772.2516,0.0001,0.0003,-3.1378,0.7851,3.1416,-4701.3018,-28637.3184,22.7800,1
-4703.1636,-28634.3926,24.9425,-5252.6064,-28084.4668,21.9620,-4703.6118,-28639.0684,22.8383,780.3682,0.0008,0.0007,-3.1378,0.7851,3.1416,-4701.3496,-28637.5098,22.6899,1
-4703.1636,-28634.3926,24.9425,-5252.6064,-28084.4668,21.9620,-4698.9595,-28639.8848,20.3621,784.2286,0.0002,0.0002,-3.1379,0.7851,3.1416,-4701.2544,-28637.7266,22.5242,1
-4703.1636,-28634.3926,24.9425,-5252.6064,-28084.4668,21.9620,-4705.3203,-28629.6895,27.6786,772.5378,-0.0003,0.0017,-3.1379,0.7851,3.1416,-4701.3599,-28637.6133,22.5927,1
-4703.1636,-28634.3926,24.9425,-5252.6064,-28084.4668,21.9620,-4700.6714,-28630.5039,25.2697,776.3982,-0.0009,0.0012,-3.1379,0.7851,3.1416,-4701.3242,-28637.5059,22.5970,1
-4703.1636,-28634.3926,24.9425,-5252.6064,-28084.4668,21.9620,-4702.9302,-28638.2383,22.8364,780.2591,0.0005,0.0007,-3.1379,0.7851,3.1416,-4701.3599,-28637.6289,22.5313,1
-4703.1636,-28634.3926,24.9425,-5252.6064,-28084.4668,21.9621,-4698.2773,-28639.0488,20.3487,784.1195,-0.0000,0.0002,-3.1379,0.7851,3.1416,-4701.2510,-28637.7754,22.3894,1
-4703.1636,-28634.3926,24.9425,-5252.6064,-28084.4668,21.9621,-4704.6519,-28628.8633,27.6629,772.4287,-0.0006,0.0017,-3.1379,0.7851,3.1416,-4701.3413,-28637.5938,22.4813,1
-4703.1636,-28634.3926,24.9425,-5252.6064,-28084.4668,21.9621,-4706.8965,-28636.5723,25.2524,776.2891,0.0009,0.0012,-3.1379,0.7851,3.1416,-4701.5107,-28637.6367,22.5085,1
-4703.1636,-28634.3926,24.9425,-5252.6064,-28084.4668,21.9621,-4702.2495,-28637.4082,22.8163,780.1500,0.0003,0.0007,-3.1379,0.7851,3.1416,-4701.5425,-28637.7031,22.4651,1
-4703.1636,-28634.3926,24.9425,-5252.6064,-28084.4668,21.9621,-4697.5957,-28638.2109,20.3326,784.0104,-0.0002,0.0002,-3.1379,0.7851,3.1416,-4701.4268,-28637.7930,22.3450,1
-4703.1636,-28634.3926,24.9425,-5252.6064,-28084.4668,21.9621,-4703.9849,-28628.0371,27.6428,772.3196,-0.0008,0.0017,-3.1379,0.7851,3.1416,-4701.5078,-28637.5508,22.4580,1
-4703.1636,-28634.3926,24.9425,-5252.6064,-28084.4668,21.9621,-4706.2178,-28635.7480,25.2289,776.1800,0.0007,0.0012,-3.1379,0.7851,3.1416,-4701.6655,-28637.5371,22.5056,1
-4703.1636,-28634.3926,24.9425,-5252.6064,-28084.4668,21.9621,-4701.5698,-28636.5762,22.7898,780.0408,0.0001,0.0007,-3.1379,0.7851,3.1416,-4701.6836,-28637.5430,22.4817,1
-4703.1636,-28634.3926,24.9425,-5252.6064,-28084.4668,21.9621,-4696.9150,-28637.3750,20.3166,783.9013,-0.0004,0.0002,-3.1379,0.7851,3.1416,-4701.5518,-28637.5723,22.3807,1
-4703.1636,-28634.3926,24.9425,-5252.6064,-28084.4668,21.9621,-4699.3687,-28641.8379,26.3866,785.3322,0.0005,0.0014,-3.1379,0.7851,3.1416,-4701.4878,-28637.7422,22.4697,1
-4703.1636,-28634.3926,24.9425,-5252.6064,-28084.4668,21.9621,-4705.5400,-28634.9219,25.2068,776.0709,0.0004,0.0012,-3.1379,0.7851,3.1416,-4701.6172,-28637.6973,22.5318,1
-4703.1636,-28634.3926,24.9425,-5252.6064,-28084.4668,21.9621,-4700.8916,-28635.7441,22.7656,779.9318,-0.0001,0.0007,-3.1379,0.7851,3.1416,-4701.6055,-28637.6738,22.5218,1
-4703.1636,-28634.3926,24.9425,-5252.6064,-28084.4668,21.9621,-4696.2358,-28636.5352,20.3018,783.7921,-0.0007,0.0001,-3.1379,0.7851,3.1416,-4701.4438,-28637.6680,22.4343,1
-4703.1636,-28634.3926,24.9425,-5252.6064,-28084.4668,21.9621,-4709.5063,-28633.2461,27.6063,772.1014,0.0008,0.0016,-3.1379,0.7851,3.1416,-4701.6973,-28637.5547,22.5783,1
-4703.1636,-28634.3926,24.9425,-5252.6064,-28084.4668,21.9621,-4704.8638,-28634.0938,25.1891,775.9617,0.0002,0.0011,-3.1379,0.7851,3.1416,-4701.8174,-28637.4570,22.6552,1
-4703.1636,-28634.3926,24.9425,-5252.6064,-28084.4668,21.9621,-4700.2139,-28634.9102,22.7475,779.8226,-0.0003,0.0006,-3.1379,0.7851,3.1416,-4701.7935,-28637.3789,22.6592,1
-4703.1636,-28634.3926,24.9425,-5252.6064,-28084.4668,21.9621,-4695.5576,-28635.6973,20.2883,783.6830,-0.0009,0.0001,-3.1379,0.7851,3.1416,-4701.6172,-28637.3203,22.5848,1
-4703.1636,-28634.3926,24.9425,-5252.6064,-28084.4668,21.9621,-4703.2788,-28637.3809,28.0051,779.4244,0.0005,0.0017,-3.1379,0.7851,3.1416,-4701.6738,-28637.3125,22.7526,1
-4703.1636,-28634.3926,24.9425,-5252.6064,-28084.4668,21.9621,-4704.1885,-28633.2656,25.1756,775.8525,0.0000,0.0011,-3.1379,0.7851,3.1416,-4701.7637,-28637.1719,22.8414,1
-4703.1636,-28634.3926,24.9425,-5252.6064,-28084.4668,21.9621,-4699.5381,-28634.0762,22.7349,779.7135,-0.0005,0.0006,-3.1379,0.7851,3.1416,-4701.7085,-28637.0508,22.8563,1
-4703.1636,-28634.3926,24.9425,-5252.6064,-28084.4668,21.9621,-4701.8413,-28641.8203,20.2767,783.5739,0.0009,0.0001,-3.1379,0.7851,3.1416,-4701.7222,-28637.1719,22.7919,1
-4703.1636,-28634.3926,24.9425,-5252.6064,-28084.4668,21.9621,-4708.1587,-28631.6016,27.5800,771.8830,0.0003,0.0016,-3.1379,0.7851,3.1416,-4701.9404,-28636.9746,22.9569,1
-4703.1636,-28634.3926,24.9425,-5252.6064,-28084.4668,21.9621,-4703.5146,-28632.4375,25.1644,775.7434,-0.0002,0.0011,-3.1379,0.7851,3.1416,-4702.0210,-28636.7949,23.0529,1
-4703.1636,-28634.3926,24.9425,-5252.6064,-28084.4668,21.9621,-4705.5596,-28628.6562,21.5612,771.6215,-0.0005,0.0004,-3.1379,0.7851,3.1416,-4702.1704,-28636.4824,23.0362,1
-4703.1636,-28634.3926,24.9425,-5252.6064,-28084.4668,21.9621,-4695.8564,-28634.8340,21.9092,782.8615,-0.0010,0.0005,-3.1379,0.7851,3.1416,-4702.0142,-28636.3555,23.0271,1
-4703.1636,-28634.3926,24.9425,-5252.6064,-28084.4668,21.9621,-4707.4868,-28630.7773,27.5678,771.7738,0.0001,0.0016,-3.1379,0.7851,3.1416,-4702.2178,-28636.0977,23.1975,1
-4703.1636,-28634.3926,24.9425,-5252.6064,-28084.4668,21.9621,-4702.8418,-28631.6074,25.1532,775.6342,-0.0004,0.0011,-3.1379,0.7851,3.1416,-4702.2808,-28635.8555,23.2981,1
-4703.1636,-28634.3926,24.9425,-5252.6064,-28084.4668,21.9621,-4698.1895,-28632.4062,22.7145,779.4951,-0.0010,0.0006,-3.1379,0.7851,3.1416,-4702.1943,-28635.6367,23.3228,1
-4703.1636,-28634.3926,24.9425,-5252.6064,-28084.4668,21.9621,-4700.4697,-28640.1543,20.2521,783.3555,0.0005,0.0001,-3.1379,0.7851,3.1416,-4702.1714,-28635.6602,23.2663,1
-4703.1636,-28634.3926,24.9425,-5252.6064,-28084.4668,21.9621,-4706.8159,-28629.9531,27.5551,771.6647,-0.0001,0.0016,-3.1379,0.7851,3.1416,-4702.3486,-28635.3711,23.4372,1
-4703.1636,-28634.3926,24.9425,-5252.6064,-28084.4668,21.9621,-4702.1699,-28630.7773,25.1412,775.5250,-0.0006,0.0011,-3.1379,0.7851,3.1416,-4702.3838,-28635.0996,23.5373,1
-4703.1636,-28634.3926,24.9425,-5252.6064,-28084.4668,21.9621,-4704.4355,-28638.5020,22.7032,779.3859,0.0008,0.0006,-3.1379,0.7851,3.1416,-4702.4902,-28635.0723,23.5610,1
-4703.1636,-28634.3926,24.9425,-5252.6064,-28084.4668,21.9621,-4699.7861,-28639.3203,20.2395,783.2463,0.0002,0.0001,-3.1379,0.7851,3.1416,-4702.4507,-28635.0820,23.5026,1
-4703.1636,-28634.3926,24.9425,-5252.6064,-28084.4668,21.9621,-4706.1460,-28629.1289,27.5416,771.5555,-0.0003,0.0016,-3.1379,0.7851,3.1416,-4702.6084,-28634.7754,23.6707,1
-4703.1636,-28634.3926,24.9425,-5252.6064,-28084.4668,21.9621,-4707.7983,-28629.7949,25.4467,770.8459,0.0000,0.0012,-3.1379,0.7851,3.1416,-4702.8262,-28634.4844,23.7781,1
-4703.1636,-28634.3926,24.9425,-5252.6064,-28084.4668,21.9621,-4703.7539,-28637.6719,22.6903,779.2767,0.0006,0.0006,-3.1379,0.7851,3.1416,-4702.9219,-28634.4395,23.7984,1
-4703.1636,-28634.3926,24.9425,-5252.6064,-28084.4668,21.9621,-4699.1035,-28638.4844,20.2263,783.1371,0.0000,0.0001,-3.1379,0.7851,3.1416,-4702.8687,-28634.4336,23.7360,1
-4703.1636,-28634.3926,24.9425,-5252.6064,-28084.4668,21.9621,-4705.4775,-28628.3027,27.5277,771.4464,-0.0005,0.0016,-3.1379,0.7851,3.1416,-4703.0093,-28634.1133,23.8994,1
-4703.1636,-28634.3926,24.9425,-5252.6064,-28084.4668,21.9621,-4707.7178,-28636.0039,25.1144,775.3068,0.0009,0.0011,-3.1379,0.7851,3.1416,-4703.2256,-28634.0312,23.9907,1
-4703.1636,-28634.3926,24.9425,-5252.6064,-28084.4668,21.9621,-4699.3159,-28634.7930,27.2689,780.3902,-0.0005,0.0016,-3.1379,0.7851,3.1416,-4703.1792,-28633.9219,24.1516,1
-4703.1636,-28634.3926,24.9425,-5252.6064,-28084.4668,21.9621,-4698.4224,-28637.6484,20.2132,783.0280,-0.0002,0.0001,-3.1379,0.7851,3.1416,-4703.0938,-28633.9082,24.0917,1
-4703.1636,-28634.3926,24.9425,-5252.6064,-28084.4668,21.9621,-4700.3408,-28637.3945,25.6354,781.4951,0.0000,0.0012,-3.1379,0.7851,3.1416,-4703.0576,-28633.8984,24.1945,1
-4703.1636,-28634.3926,24.9425,-5252.6064,-28084.4668,21.9621,-4701.9673,-28633.2559,28.0845,777.4334,-0.0003,0.0017,-3.1379,0.7851,3.1416,-4703.0654,-28633.7695,24.3777,1
-4703.1636,-28634.3926,24.9425,-5252.6064,-28084.4668,21.9621,-4702.3940,-28636.0117,22.6626,779.0585,0.0001,0.0006,-3.1379,0.7851,3.1416,-4703.0830,-28633.7305,24.3926,1
-4703.1636,-28634.3926,24.9425,-5252.6064,-28084.4668,21.9621,-4697.7422,-28636.8125,20.2001,782.9188,-0.0004,0.0001,-3.1379,0.7851,3.1416,-4702.9497,-28633.7246,24.3231,1
-4703.1636,-28634.3926,24.9425,-5252.6064,-28084.4668,21.9621,-4704.1445,-28626.6465,27.4995,771.2280,-0.0010,0.0016,-3.1379,0.7851,3.1416,-4703.0093,-28633.4023,24.4773,1
-4703.1636,-28634.3926,24.9425,-5252.6064,-28084.4668,21.9621,-4706.3623,-28634.3535,25.0863,775.0884,0.0005,0.0011,-3.1379,0.7851,3.1416,-4703.1416,-28633.3184,24.5580,1
-4703.1636,-28634.3926,24.9425,-5252.6064,-28084.4668,21.9621,-4701.7163,-28635.1797,22.6488,778.9493,-0.0001,0.0006,-3.1379,0.7851,3.1416,-4703.1304,-28633.2656,24.5595,1
-4703.1636,-28634.3926,24.9425,-5252.6064,-28084.4668,21.9621,-4697.0635,-28635.9746,20.1872,782.8096,-0.0006,0.0001,-3.1379,0.7851,3.1416,-4702.9668,-28633.2461,24.4765,1
-4703.1636,-28634.3926,24.9425,-5252.6064,-28084.4668,21.9621,-4710.3257,-28632.6758,27.4859,771.1188,0.0008,0.0016,-3.1379,0.7851,3.1416,-4703.2163,-28633.1289,24.6170,1
-4703.1636,-28634.3926,24.9425,-5252.6064,-28084.4668,21.9621,-4705.6865,-28633.5273,25.0728,774.9792,0.0003,0.0011,-3.1379,0.7851,3.1416,-4703.3306,-28633.0430,24.6839,1
-4703.1636,-28634.3926,24.9425,-5252.6064,-28084.4668,21.9621,-4702.8853,-28631.1875,21.7505,775.3029,-0.0005,0.0004,-3.1379,0.7851,3.1416,-4703.3579,-28632.8867,24.6428,1
-4703.1636,-28634.3926,24.9425,-5252.6064,-28084.4668,21.9621,-4696.3857,-28635.1348,20.1743,782.7005,-0.0008,0.0001,-3.1379,0.7851,3.1416,-4703.1758,-28632.8555,24.5443,1
-4703.1636,-28634.3926,24.9425,-5252.6064,-28084.4668,21.9621,-4709.6519,-28631.8555,27.4721,771.0097,0.0006,0.0016,-3.1379,0.7851,3.1416,-4703.4043,-28632.7285,24.6694,1
-4703.1636,-28634.3926,24.9425,-5252.6064,-28084.4668,21.9621,-4705.0117,-28632.6992,25.0593,774.8701,0.0000,0.0011,-3.1379,0.7851,3.1416,-4703.4951,-28632.6289,24.7213,1
-4703.1636,-28634.3926,24.9425,-5252.6064,-28084.4668,21.9621,-4700.3638,-28633.5137,22.6224,778.7310,-0.0005,0.0006,-3.1379,0.7851,3.1416,-4703.4385,-28632.5586,24.6943,1
-4703.1636,-28634.3926,24.9425,-5252.6064,-28084.4668,21.9621,-4702.6626,-28641.2520,20.1616,782.5913,0.0009,0.0001,-3.1379,0.7851,3.1416,-4703.4478,-28632.7422,24.5832,1
-4703.1636,-28634.3926,24.9425,-5252.6064,-28084.4668,21.9621,-4702.6313,-28638.3281,23.8889,780.5350,0.0005,0.0009,-3.1379,0.7851,3.1416,-4703.4531,-28632.8535,24.5806,1
-4703.1636,-28634.3926,24.9425,-5252.6064,-28084.4668,21.9621,-4704.3379,-28631.8730,25.0460,774.7610,-0.0002,0.0011,-3.1379,0.7851,3.1416,-4703.5103,-28632.7715,24.6130,1
-4703.1636,-28634.3926,24.9425,-5252.6064,-28084.4668,21.9621,-4699.6895,-28632.6797,22.6094,778.6218,-0.0007,0.0006,-3.1379,0.7851,3.1416,-4703.4194,-28632.7148,24.5675,1
-4703.1636,-28634.3926,24.9425,-5252.6064,-28084.4668,21.9621,-4701.9771,-28640.4199,20.1488,782.4822,0.0007,0.0001,-3.1379,0.7851,3.1416,-4703.3926,-28632.9082,24.4388,1
-4703.1636,-28634.3926,24.9425,-5252.6064,-28084.4668,21.9621,-4708.3081,-28630.2109,27.4447,770.7914,0.0002,0.0016,-3.1379,0.7851,3.1416,-4703.5669,-28632.7910,24.5351,1
-4703.1636,-28634.3926,24.9425,-5252.6064,-28084.4668,21.9621,-4703.6660,-28631.0430,25.0327,774.6518,-0.0004,0.0011,-3.1379,0.7851,3.1416,-4703.6006,-28632.6973,24.5594,1
-4703.1636,-28634.3926,24.9425,-5252.6064,-28084.4668,21.9621,-4699.0161,-28631.8457,22.5963,778.5127,-0.0009,0.0006,-3.1379,0.7851,3.1416,-4703.4839,-28632.6270,24.5061,1
-4703.1636,-28634.3926,24.9425,-5252.6064,-28084.4668,21.9621,-4701.2930,-28639.5859,20.1358,782.3730,0.0005,0.0001,-3.1379,0.7851,3.1416,-4703.4302,-28632.8027,24.3701,1
-4703.1636,-28634.3926,24.9425,-5252.6064,-28084.4668,21.9621,-4697.4033,-28637.3926,23.2487,783.5657,-0.0004,0.0008,-3.1379,0.7851,3.1416,-4703.2476,-28632.9258,24.3244,1
-4703.1636,-28634.3926,24.9425,-5252.6064,-28084.4668,21.9621,-4702.9946,-28630.2129,25.0192,774.5426,-0.0006,0.0011,-3.1379,0.7851,3.1416,-4703.2300,-28632.8281,24.3335,1
-4703.1636,-28634.3926,24.9425,-5252.6064,-28084.4668,21.9621,-4705.2563,-28637.9316,22.5835,778.4035,0.0008,0.0006,-3.1379,0.7851,3.1416,-4703.2852,-28632.9746,24.2662,1
-4703.1636,-28634.3926,24.9425,-5252.6064,-28084.4668,21.9621,-4700.6099,-28638.7539,20.1233,782.2639,0.0003,0.0001,-3.1379,0.7851,3.1416,-4703.1958,-28633.1582,24.1173,1
-4703.1636,-28634.3926,24.9425,-5252.6064,-28084.4668,21.9621,-4706.9688,-28628.5625,27.4176,770.5731,-0.0003,0.0016,-3.1379,0.7851,3.1416,-4703.3066,-28633.0234,24.1951,1
-4703.1636,-28634.3926,24.9425,-5252.6064,-28084.4668,21.9621,-4702.3252,-28629.3828,25.0061,774.4335,-0.0008,0.0011,-3.1379,0.7851,3.1416,-4703.2749,-28632.9082,24.2025,1
-4703.1636,-28634.3926,24.9425,-5252.6064,-28084.4668,21.9621,-4704.5752,-28637.1035,22.5705,778.2943,0.0006,0.0006,-3.1379,0.7851,3.1416,-4703.3135,-28633.0332,24.1339,1
-4703.1636,-28634.3926,24.9425,-5252.6064,-28084.4668,21.9621,-4699.9277,-28637.9199,20.1103,782.1548,0.0001,0.0001,-3.1379,0.7851,3.1416,-4703.2061,-28633.1914,23.9840,1
-4703.1636,-28634.3926,24.9425,-5252.6064,-28084.4668,21.9621,-4706.3013,-28627.7383,27.4038,770.4639,-0.0005,0.0016,-3.1379,0.7851,3.1416,-4703.2969,-28633.0332,24.0614,1
-4703.1636,-28634.3926,24.9425,-5252.6064,-28084.4668,21.9621,-4708.5371,-28635.4316,24.9929,774.3243,0.0010,0.0011,-3.1379,0.7851,3.1416,-4703.4663,-28633.1113,24.0687,1
-4703.1636,-28634.3926,24.9425,-5252.6064,-28084.4668,21.9621,-4703.8955,-28636.2734,22.5573,778.1852,0.0004,0.0006,-3.1379,0.7851,3.1416,-4703.4971,-28633.2207,24.0003,1
-4703.1636,-28634.3926,24.9425,-5252.6064,-28084.4668,21.9621,-4699.2471,-28637.0840,20.0976,782.0456,-0.0002,0.0001,-3.1379,0.7851,3.1416,-4703.3789,-28633.3633,23.8511,1
-4703.1636,-28634.3926,24.9425,-5252.6064,-28084.4668,21.9621,-4705.6348,-28626.9121,27.3905,770.3548,-0.0007,0.0016,-3.1379,0.7851,3.1416,-4703.4570,-28633.1836,23.9296,1
-4703.1636,-28634.3926,24.9425,-5252.6064,-28084.4668,21.9621,-4707.8594,-28634.6094,24.9799,774.2151,0.0007,0.0011,-3.1379,0.7851,3.1416,-4703.6108,-28633.2402,23.9383,1
-4703.1636,-28634.3926,24.9425,-5252.6064,-28084.4668,21.9621,-4703.2168,-28635.4434,22.5448,778.0760,0.0002,0.0006,-3.1379,0.7851,3.1416,-4703.6235,-28633.3242,23.8717,1
-4703.1636,-28634.3926,24.9425,-5252.6064,-28084.4668,21.9621,-4698.5903,-28636.2266,29.9110,781.9364,-0.0004,0.0021,-3.1379,0.7851,3.1416,-4703.4868,-28633.4375,24.0387,1
-4703.1636,-28634.3926,24.9425,-5252.6064,-28084.4668,21.9621,-4704.9692,-28626.0859,27.3767,770.2456,-0.0009,0.0016,-3.1379,0.7851,3.1416,-4703.5435,-28633.2285,24.1398,1
-4703.1636,-28634.3926,24.9425,-5252.6064,-28084.4668,21.9621,-4707.1826,-28633.7852,24.9662,774.1060,0.0005,0.0011,-3.1379,0.7851,3.1416,-4703.6743,-28633.2539,24.1696,1
-4703.1636,-28634.3926,24.9425,-5252.6064,-28084.4668,21.9621,-4701.4033,-28632.5137,23.3633,777.2881,-0.0005,0.0008,-3.1379,0.7851,3.1416,-4703.6255,-28633.2383,24.1495,1
-4703.1636,-28634.3926,24.9425,-5252.6064,-28084.4668,21.9621,-4697.9121,-28635.3887,29.8966,781.8273,-0.0006,0.0021,-3.1379,0.7851,3.1416,-4703.4600,-28633.3125,24.3365,1
-4703.1636,-28634.3926,24.9425,-5252.6064,-28084.4668,21.9621,-4711.1440,-28632.1055,27.3630,770.1364,0.0009,0.0016,-3.1379,0.7851,3.1416,-4703.7090,-28633.2871,24.4557,1
-4703.1636,-28634.3926,24.9425,-5252.6064,-28084.4668,21.9621,-4706.5078,-28632.9590,24.9525,773.9968,0.0003,0.0011,-3.1379,0.7851,3.1416,-4703.8232,-28633.2852,24.5022,1
-4703.1636,-28634.3926,24.9425,-5252.6064,-28084.4668,21.9621,-4701.8633,-28633.7832,22.5178,777.8577,-0.0003,0.0006,-3.1379,0.7851,3.1416,-4703.7930,-28633.3086,24.4704,1
-4703.1636,-28634.3926,24.9425,-5252.6064,-28084.4668,21.9621,-4697.2349,-28634.5527,29.8823,781.7181,-0.0008,0.0021,-3.1379,0.7851,3.1416,-4703.6094,-28633.3574,24.6691,1
-4703.1636,-28634.3926,24.9425,-5252.6064,-28084.4668,21.9621,-4705.5151,-28626.4277,20.8819,770.0847,-0.0008,0.0003,-3.1379,0.7851,3.1416,-4703.6768,-28633.1465,24.5884,1
-4703.1636,-28634.3926,24.9425,-5252.6064,-28084.4668,21.9621,-4705.8335,-28632.1328,24.9390,773.8876,0.0001,0.0011,-3.1379,0.7851,3.1416,-4703.7583,-28633.1055,24.6300,1
-4703.1636,-28634.3926,24.9425,-5252.6064,-28084.4668,21.9621,-4701.1885,-28632.9492,22.5046,777.7485,-0.0005,0.0006,-3.1379,0.7851,3.1416,-4703.6943,-28633.0879,24.5930,1
-4703.1636,-28634.3926,24.9425,-5252.6064,-28084.4668,21.9621,-4701.0659,-28643.2402,26.6057,785.1367,0.0010,0.0014,-3.1379,0.7851,3.1416,-4703.6211,-28633.3984,24.6816,1
-4703.1636,-28634.3926,24.9425,-5252.6064,-28084.4668,21.9621,-4709.7993,-28630.4648,27.3354,769.9182,0.0004,0.0016,-3.1379,0.7851,3.1416,-4703.8237,-28633.3223,24.7985,1
-4703.1636,-28634.3926,24.9425,-5252.6064,-28084.4668,21.9621,-4705.1606,-28631.3066,24.9256,773.7785,-0.0001,0.0011,-3.1379,0.7851,3.1416,-4703.8887,-28633.2676,24.8415,1
-4703.1636,-28634.3926,24.9425,-5252.6064,-28084.4668,21.9621,-4700.5146,-28632.1172,22.4915,777.6394,-0.0007,0.0006,-3.1379,0.7851,3.1416,-4703.8062,-28633.2344,24.8051,1
-4703.1636,-28634.3926,24.9425,-5252.6064,-28084.4668,21.9621,-4702.8203,-28639.8281,29.8541,781.4998,0.0008,0.0021,-3.1379,0.7851,3.1416,-4703.7900,-28633.4453,24.9984,1
-4703.1636,-28634.3926,24.9425,-5252.6064,-28084.4668,21.9621,-4709.1284,-28629.6426,27.3217,769.8090,0.0002,0.0016,-3.1379,0.7851,3.1416,-4703.9756,-28633.3418,25.1211,1
-4703.1636,-28634.3926,24.9425,-5252.6064,-28084.4668,21.9621,-4704.4893,-28630.4785,24.9122,773.6694,-0.0004,0.0011,-3.1379,0.7851,3.1416,-4704.0210,-28633.2578,25.1688,1
-4703.1636,-28634.3926,24.9425,-5252.6064,-28084.4668,21.9621,-4699.8428,-28631.2832,22.4783,777.5302,-0.0009,0.0006,-3.1379,0.7851,3.1416,-4703.9170,-28633.1934,25.1359,1
-4703.1636,-28634.3926,24.9425,-5252.6064,-28084.4668,21.9621,-4703.4438,-28640.7930,29.4493,781.7452,0.0010,0.0020,-3.1379,0.7851,3.1416,-4703.9189,-28633.4297,25.3189,1
-4703.1636,-28634.3926,24.9425,-5252.6064,-28084.4668,21.9621,-4697.4648,-28639.8184,27.4059,785.2515,-0.0000,0.0016,-3.1379,0.7851,3.1416,-4703.7295,-28633.6504,25.4436,1
-4703.1636,-28634.3926,24.9425,-5252.6064,-28084.4668,21.9621,-4703.8188,-28629.6504,24.8988,773.5602,-0.0006,0.0011,-3.1379,0.7851,3.1416,-4703.7280,-28633.5566,25.4905,1
-4703.1636,-28634.3926,24.9425,-5252.6064,-28084.4668,21.9621,-4706.0762,-28637.3594,22.4654,777.4210,0.0009,0.0006,-3.1379,0.7851,3.1416,-4703.7998,-28633.7031,25.4558,1
-4703.1636,-28634.3926,24.9425,-5252.6064,-28084.4668,21.9621,-4701.4541,-28638.1641,29.8256,781.2815,0.0003,0.0021,-3.1379,0.7851,3.1416,-4703.7280,-28633.8809,25.6487,1
-4703.1636,-28634.3926,24.9425,-5252.6064,-28084.4668,21.9621,-4696.7812,-28638.9805,27.3920,785.1423,-0.0002,0.0016,-3.1379,0.7851,3.1416,-4703.5034,-28634.0918,25.7705,1
-4703.1636,-28634.3926,24.9425,-5252.6064,-28084.4668,21.9621,-4703.1499,-28628.8203,24.8853,773.4510,-0.0008,0.0011,-3.1379,0.7851,3.1416,-4703.4663,-28633.9863,25.8134,1
-4703.1636,-28634.3926,24.9425,-5252.6064,-28084.4668,21.9621,-4705.3960,-28636.5332,22.4523,777.3119,0.0007,0.0006,-3.1379,0.7851,3.1416,-4703.5024,-28634.1172,25.7738,1
-4703.1636,-28634.3926,24.9425,-5252.6064,-28084.4668,21.9621,-4700.7729,-28637.3301,29.8114,781.1723,0.0001,0.0021,-3.1379,0.7851,3.1416,-4703.3950,-28634.2754,25.9609,1
-4703.1636,-28634.3926,24.9425,-5252.6064,-28084.4668,21.9621,-4696.0996,-28638.1406,27.3781,785.0331,-0.0005,0.0016,-3.1379,0.7851,3.1416,-4703.1338,-28634.4648,26.0762,1
-4703.1636,-28634.3926,24.9425,-5252.6064,-28084.4668,21.9621,-4709.3555,-28634.8594,24.8723,773.3419,0.0010,0.0011,-3.1379,0.7851,3.1416,-4703.2842,-28634.5547,26.1115,1
-4703.1636,-28634.3926,24.9425,-5252.6064,-28084.4668,21.9621,-4704.7168,-28635.7051,22.4392,777.2028,0.0004,0.0006,-3.1379,0.7851,3.1416,-4703.2988,-28634.6699,26.0637,1
-4703.1636,-28634.3926,24.9425,-5252.6064,-28084.4668,21.9621,-4700.0928,-28636.4961,29.7972,781.0631,-0.0001,0.0021,-3.1379,0.7851,3.1416,-4703.1694,-28634.8086,26.2418,1
-4703.1636,-28634.3926,24.9425,-5252.6064,-28084.4668,21.9621,-4709.4707,-28633.2812,28.2215,772.1554,0.0008,0.0018,-3.1379,0.7851,3.1416,-4703.3369,-28634.8477,26.3759,1
-4703.1636,-28634.3926,24.9425,-5252.6064,-28084.4668,21.9621,-4708.6782,-28634.0371,24.8588,773.2327,0.0008,0.0011,-3.1379,0.7851,3.1416,-4703.4932,-28634.9023,26.4028,1
-4703.1636,-28634.3926,24.9425,-5252.6064,-28084.4668,21.9621,-4704.0391,-28634.8770,22.4260,777.0936,0.0002,0.0006,-3.1379,0.7851,3.1416,-4703.5107,-28634.9805,26.3458,1
-4703.1636,-28634.3926,24.9425,-5252.6064,-28084.4668,21.9621,-4699.4141,-28635.6621,29.7829,780.9540,-0.0003,0.0021,-3.1379,0.7851,3.1416,-4703.3813,-28635.0820,26.5142,1
-4703.1636,-28634.3926,24.9425,-5252.6064,-28084.4668,21.9621,-4694.7393,-28636.4609,27.3502,784.8148,-0.0009,0.0016,-3.1379,0.7851,3.1416,-4703.0947,-28635.2070,26.6097,1
-4703.1636,-28634.3926,24.9425,-5252.6064,-28084.4668,21.9621,-4708.0024,-28633.2148,24.8454,773.1236,0.0006,0.0011,-3.1379,0.7851,3.1416,-4703.2158,-28635.2266,26.6239,1
-4703.1636,-28634.3926,24.9425,-5252.6064,-28084.4668,21.9621,-4703.3623,-28634.0469,22.4132,776.9844,0.0000,0.0006,-3.1379,0.7851,3.1416,-4703.1987,-28635.2676,26.5538,1
-4703.1636,-28634.3926,24.9425,-5252.6064,-28084.4668,21.9621,-4698.7368,-28634.8262,29.7690,780.8448,-0.0006,0.0021,-3.1379,0.7851,3.1416,-4703.0342,-28635.3262,26.7089,1
-4703.1636,-28634.3926,24.9425,-5252.6064,-28084.4668,21.9621,-4701.0308,-28642.5938,27.3368,784.7056,0.0009,0.0016,-3.1379,0.7851,3.1416,-4702.9351,-28635.6309,26.7908,1
-4703.1636,-28634.3926,24.9425,-5252.6064,-28084.4668,21.9621,-4707.3281,-28632.3906,24.8323,773.0144,0.0003,0.0011,-3.1379,0.7851,3.1416,-4703.0356,-28635.6211,26.7911,1
-4703.1636,-28634.3926,24.9425,-5252.6064,-28084.4668,21.9621,-4702.6870,-28633.2168,22.4001,776.8752,-0.0002,0.0006,-3.1379,0.7851,3.1416,-4702.9971,-28635.6289,26.7071,1
-4703.1636,-28634.3926,24.9425,-5252.6064,-28084.4668,21.9621,-4710.5283,-28633.5059,28.1361,771.5707,0.0010,0.0018,-3.1379,0.7851,3.1416,-4703.2124,-28635.6367,26.7969,1
-4703.1636,-28634.3926,24.9425,-5252.6064,-28084.4668,21.9621,-4700.3433,-28641.7598,27.3228,784.5966,0.0007,0.0016,-3.1379,0.7851,3.1416,-4703.1162,-28635.9004,26.8615,1
-4703.1636,-28634.3926,24.9425,-5252.6064,-28084.4668,21.9621,-4706.6548,-28631.5645,24.8189,772.9053,0.0001,0.0011,-3.1379,0.7851,3.1416,-4703.2173,-28635.8496,26.8446,1
-4703.1636,-28634.3926,24.9425,-5252.6064,-28084.4668,21.9621,-4702.0127,-28632.3867,22.3870,776.7661,-0.0004,0.0006,-3.1379,0.7851,3.1416,-4703.1758,-28635.8125,26.7439,1
-4703.1636,-28634.3926,24.9425,-5252.6064,-28084.4668,21.9621,-4697.3857,-28633.1543,29.7406,780.6265,-0.0010,0.0021,-3.1379,0.7851,3.1416,-4702.9844,-28635.7910,26.8686,1
-4703.1636,-28634.3926,24.9425,-5252.6064,-28084.4668,21.9621,-4702.0552,-28638.5703,20.1774,781.1149,0.0005,0.0001,-3.1379,0.7851,3.1416,-4702.9302,-28635.9336,26.6923,1
-4703.1636,-28634.3926,24.9425,-5252.6064,-28084.4668,21.9621,-4705.9829,-28630.7402,24.8055,772.7961,-0.0001,0.0011,-3.1379,0.7851,3.1416,-4703.0020,-28635.8301,26.6483,1
-4703.1636,-28634.3926,24.9425,-5252.6064,-28084.4668,21.9621,-4701.3398,-28631.5547,22.3738,776.6570,-0.0007,0.0006,-3.1379,0.7851,3.1416,-4702.9312,-28635.7383,26.5218,1
-4703.1636,-28634.3926,24.9425,-5252.6064,-28084.4668,21.9621,-4703.6401,-28639.2578,29.7266,780.5173,0.0008,0.0021,-3.1379,0.7851,3.1416,-4702.9316,-28635.8848,26.6222,1
-4703.1636,-28634.3926,24.9425,-5252.6064,-28084.4668,21.9621,-4698.9717,-28640.0898,27.2951,784.3782,0.0002,0.0016,-3.1379,0.7851,3.1416,-4702.7852,-28636.0645,26.6513,1
-4703.1636,-28634.3926,24.9425,-5252.6064,-28084.4668,21.9621,-4705.3120,-28629.9121,24.7921,772.6870,-0.0003,0.0011,-3.1379,0.7851,3.1416,-4702.8345,-28635.9219,26.6008,1
-4703.1636,-28634.3926,24.9425,-5252.6064,-28084.4668,21.9621,-4700.6685,-28630.7207,22.3609,776.5478,-0.0009,0.0006,-3.1379,0.7851,3.1416,-4702.7407,-28635.7910,26.4682,1
-4703.1636,-28634.3926,24.9425,-5252.6064,-28084.4668,21.9621,-4702.9570,-28638.4277,29.7125,780.4081,0.0006,0.0021,-3.1379,0.7851,3.1416,-4702.7163,-28635.8984,26.5628,1
-4703.1636,-28634.3926,24.9425,-5252.6064,-28084.4668,21.9621,-4706.5449,-28633.3145,25.8712,774.2261,0.0004,0.0013,-3.1379,0.7851,3.1416,-4702.8101,-28635.8438,26.5412,1
-4703.1636,-28634.3926,24.9425,-5252.6064,-28084.4668,21.9621,-4704.6426,-28629.0859,24.7787,772.5778,-0.0005,0.0011,-3.1379,0.7851,3.1416,-4702.8511,-28635.6465,26.4827,1
-4703.1636,-28634.3926,24.9425,-5252.6064,-28084.4668,21.9621,-4706.8955,-28636.7891,22.3480,776.4387,0.0009,0.0006,-3.1379,0.7851,3.1416,-4702.9688,-28635.6836,26.3426,1
-4703.1636,-28634.3926,24.9425,-5252.6064,-28084.4668,21.9621,-4702.2754,-28637.5977,29.6982,780.2991,0.0004,0.0021,-3.1379,0.7851,3.1416,-4702.9473,-28635.7480,26.4303,1
-4703.1636,-28634.3926,24.9425,-5252.6064,-28084.4668,21.9621,-4697.6055,-28638.4160,27.2672,784.1599,-0.0002,0.0016,-3.1379,0.7851,3.1416,-4702.7749,-28635.8438,26.4476,1
-4703.1636,-28634.3926,24.9425,-5252.6064,-28084.4668,21.9621,-4703.9741,-28628.2578,24.7655,772.4686,-0.0008,0.0011,-3.1379,0.7851,3.1416,-4702.7954,-28635.6152,26.3865,1
-4703.1636,-28634.3926,24.9425,-5252.6064,-28084.4668,21.9621,-4706.2163,-28635.9629,22.3349,776.3295,0.0007,0.0006,-3.1379,0.7851,3.1416,-4702.8911,-28635.6211,26.2440,1
-4703.1636,-28634.3926,24.9425,-5252.6064,-28084.4668,21.9621,-4701.5947,-28636.7656,29.6841,780.1899,0.0001,0.0021,-3.1379,0.7851,3.1416,-4702.8457,-28635.6523,26.3297,1
-4703.1636,-28634.3926,24.9425,-5252.6050,-28084.4668,21.9623,-4696.9233,-28637.5762,27.5003,784.0508,-0.0004,0.0016,-3.1382,0.7851,3.1416,-4702.6489,-28635.7129,26.3532,1
-4703.1636,-28634.3926,24.9425,-5252.6016,-28084.4707,21.9628,-4703.3032,-28627.4277,25.6315,772.3595,-0.0010,0.0011,-3.1390,0.7851,3.1416,-4702.6440,-28635.4492,26.3197,1
-4703.1636,-28634.3926,24.9425,-5252.5947,-28084.4785,21.9640,-4705.5249,-28635.1426,24.3604,776.2203,0.0005,0.0006,-3.1405,0.7851,3.1416,-4702.7129,-28635.4180,26.2442,1
-4703.1636,-28634.3926,24.9425,-5252.5835,-28084.4883,21.9657,-4700.9106,-28635.9219,31.3146,780.0654,-0.0001,0.0016,3.1406,0.7851,3.1416,-4702.6401,-28635.4102,26.3882,1
-4703.1636,-28634.3926,24.9425,-5252.5688,-28084.5039,21.9679,-4696.2310,-28636.7305,30.8923,783.9262,-0.0006,0.0011,3.1380,0.7851,3.1416,-4702.4155,-28635.4316,26.5292,1
-4703.1636,-28634.3926,24.9425,-5252.5493,-28084.5234,21.9706,-4709.4663,-28633.4668,30.5148,772.2352,0.0008,0.0006,3.1352,0.7851,3.1416,-4702.6035,-28635.3516,26.6694,1
-4703.1636,-28634.3926,24.9425,-5252.5259,-28084.5469,21.9735,-4699.6294,-28633.9160,36.1457,779.5486,-0.0005,0.0013,3.1323,0.7851,3.1416,-4702.4902,-28635.2832,26.9970,1
-4703.1636,-28634.3926,24.9425,-5252.4976,-28084.5742,21.9766,-4700.2002,-28635.0801,31.9242,779.8637,-0.0003,-0.0000,3.1294,0.7852,3.1416,-4702.3896,-28635.2500,27.2080,1
-4703.1636,-28634.3926,24.9425,-5252.4644,-28084.6074,21.9796,-4695.4995,-28635.8945,31.6803,783.7240,-0.0009,-0.0005,3.1266,0.7852,3.1416,-4702.1357,-28635.2441,27.4188,1
-4703.1636,-28634.3926,24.9425,-5252.4272,-28084.6445,21.9830,-4708.7148,-28632.6641,31.1868,772.0344,0.0006,-0.0010,3.1239,0.7852,3.1416,-4702.2935,-28635.1348,27.6226,1
-4703.1636,-28634.3926,24.9425,-5252.3853,-28084.6875,21.9871,-4704.0273,-28633.5332,30.8262,775.8947,0.0000,-0.0015,3.1213,0.7852,3.1416,-4702.3149,-28635.0488,27.8191,1
-4703.1636,-28634.3926,24.9425,-5252.3384,-28084.7344,21.9918,-4699.4688,-28634.2324,31.6404,779.5608,-0.0005,-0.0018,3.1187,0.7852,3.1416,-4702.1948,-28634.9844,28.0446,1
-4703.1636,-28634.3926,24.9425,-5252.2876,-28084.7852,21.9968,-4699.0376,-28635.4492,31.7511,780.6543,-0.0004,-0.0021,3.1162,0.7852,3.1416,-4702.0562,-28634.9590,28.2778,1
-4703.1636,-28634.3926,24.9425,-5252.2319,-28084.8398,22.0021,-4707.9395,-28631.8613,30.5487,771.7334,0.0004,-0.0028,3.1138,0.7853,3.1416,-4702.1992,-28634.8184,28.4770,1
-4703.1636,-28634.3926,24.9425,-5252.1719,-28084.9004,22.0076,-4703.2305,-28632.7383,30.0453,775.5928,-0.0002,-0.0033,3.1113,0.7853,-3.1416,-4702.2036,-28634.7031,28.6598,1
-4703.1636,-28634.3926,24.9425,-5252.1074,-28084.9648,22.0131,-4698.9194,-28633.5625,31.5037,779.1547,-0.0007,-0.0034,3.1089,0.7853,-3.1416,-4702.0728,-28634.6113,28.8879,1
-4703.1636,-28634.3926,24.9425,-5252.0386,-28085.0332,22.0185,-4696.7280,-28637.0137,24.2143,782.9965,-0.0005,-0.0052,3.1065,0.7853,-3.1416,-4701.8667,-28634.6289,28.8839,1
-4703.1636,-28634.3926,24.9425,-5251.9653,-28085.1055,22.0237,-4699.9956,-28641.0840,34.3453,783.5508,0.0006,-0.0035,3.1042,0.7854,-3.1416,-4701.7549,-28634.7852,29.1885,1
-4703.1636,-28634.3926,24.9425,-5251.8882,-28085.1836,22.0287,-4702.6172,-28632.1211,29.4269,775.1882,-0.0003,-0.0049,3.1021,0.7854,-3.1416,-4701.7251,-28634.6680,29.3429,1
-4703.1636,-28634.3926,24.9425,-5251.8081,-28085.2637,22.0333,-4698.1719,-28632.6914,30.9843,778.6480,-0.0009,-0.0048,3.1004,0.7854,-3.1416,-4701.5566,-28634.5664,29.5426,1
-4703.1636,-28634.3926,24.9425,-5251.7246,-28085.3457,22.0373,-4700.3398,-28640.5059,29.7077,782.5039,0.0005,-0.0053,3.0989,0.7854,-3.1416,-4701.4521,-28634.7109,29.6995,1
-4703.1636,-28634.3926,24.9425,-5251.6377,-28085.4336,22.0409,-4702.8032,-28640.5840,28.4012,780.6919,0.0009,-0.0058,3.0978,0.7855,-3.1416,-4701.4263,-28634.8711,29.8096,1
-4703.1636,-28634.3926,24.9425,-5251.5483,-28085.5234,22.0443,-4701.8120,-28631.3027,26.3433,774.6835,-0.0006,-0.0063,3.0969,0.7855,-3.1416,-4701.3740,-28634.7480,29.8449,1
-4703.1636,-28634.3926,24.9425,-5251.4556,-28085.6152,22.0473,-4704.4639,-28638.8652,30.0821,778.0601,0.0009,-0.0057,3.0963,0.7855,-3.1416,-4701.4097,-28634.8613,29.9884,1
-4703.1636,-28634.3926,24.9425,-5251.3594,-28085.7109,22.0498,-4699.6953,-28639.7773,27.9876,781.9136,0.0004,-0.0062,3.0958,0.7856,-3.1416,-4701.3013,-28635.0117,30.0606,1
-4703.1636,-28634.3926,24.9425,-5251.2607,-28085.8086,22.0519,-4705.9072,-28629.7031,25.6626,770.2444,-0.0002,-0.0067,3.0956,0.7856,-3.1416,-4701.3926,-28634.8477,30.0473,1
-4703.1636,-28634.3926,24.9425,-5251.1587,-28085.9121,22.0535,-4699.8076,-28640.1641,23.1207,781.8051,0.0005,-0.0072,3.0955,0.7856,-3.1416,-4701.2979,-28635.0098,29.9411,1
-4703.1636,-28634.3926,24.9425,-5251.0537,-28086.0156,22.0545,-4703.6948,-28637.9805,29.5098,777.4002,0.0007,-0.0059,3.0956,0.7857,-3.1416,-4701.3262,-28635.1152,30.0208,1
-4703.1636,-28634.3926,24.9425,-5250.9458,-28086.1230,22.0550,-4698.9146,-28638.8984,26.9165,781.2510,0.0002,-0.0064,3.0958,0.7857,-3.1416,-4701.2080,-28635.2539,30.0133,1
-4703.1636,-28634.3926,24.9425,-5250.8350,-28086.2344,22.0548,-4705.1255,-28628.8516,24.1611,769.5901,-0.0004,-0.0069,3.0962,0.7857,-3.1416,-4701.2866,-28635.0742,29.9051,1
-4703.1636,-28634.3926,24.9425,-5250.7212,-28086.3477,22.0541,-4695.3188,-28638.0859,25.9354,782.9012,-0.0005,-0.0065,3.0967,0.7858,-3.1416,-4701.0601,-28635.1797,29.8416,1
-4703.1636,-28634.3926,24.9425,-5250.6045,-28086.4648,22.0527,-4703.0625,-28637.2266,29.0806,776.6715,0.0005,-0.0057,3.0973,0.7858,-3.1416,-4701.0703,-28635.2637,29.8679,1
-4703.1636,-28634.3926,24.9425,-5250.4849,-28086.5840,22.0508,-4698.2734,-28638.1504,26.0754,780.5193,-0.0000,-0.0062,3.0980,0.7858,-3.1416,-4700.9326,-28635.3828,29.7947,1
-4703.1636,-28634.3926,24.9425,-5250.3623,-28086.7051,22.0483,-4704.4829,-28628.1289,22.9220,768.8676,-0.0006,-0.0067,3.0989,0.7859,-3.1416,-4700.9917,-28635.1797,29.6075,1
-4703.1636,-28634.3926,24.9425,-5250.2368,-28086.8301,22.0453,-4706.5713,-28635.8984,19.6940,772.7154,0.0009,-0.0072,3.1000,0.7859,-3.1415,-4701.1274,-28635.2129,29.3014,1
-4703.1636,-28634.3926,24.9425,-5250.1084,-28086.9590,22.0417,-4702.3379,-28636.3789,28.5599,775.8752,0.0003,-0.0052,3.1012,0.7859,-3.1415,-4701.1387,-28635.2637,29.2610,1
-4703.1636,-28634.3926,24.9425,-5249.9780,-28087.0898,22.0375,-4697.5439,-28637.3105,24.8845,779.7196,-0.0002,-0.0057,3.1028,0.7859,-3.1415,-4701.0000,-28635.3457,29.1020,1
-4703.1636,-28634.3926,24.9425,-5249.8457,-28087.2207,22.0324,-4703.7603,-28627.3164,20.8695,768.0783,-0.0008,-0.0062,3.1049,0.7860,-3.1415,-4701.0552,-28635.1074,28.8017,1
-4703.1636,-28634.3926,24.9425,-5249.7119,-28087.3535,22.0266,-4705.8428,-28635.0840,16.4907,771.9227,0.0007,-0.0067,3.1074,0.7860,-3.1415,-4701.1846,-28635.1035,28.3450,1
-4703.1636,-28634.3926,24.9425,-5249.5767,-28087.4883,22.0200,-4701.6616,-28635.5762,27.1675,775.0204,0.0001,-0.0040,3.1104,0.7860,-3.1415,-4701.1890,-28635.1172,28.2105,1
-4703.1636,-28634.3926,24.9425,-5249.4409,-28087.6250,22.0129,-4700.5088,-28633.6484,16.0790,774.2933,-0.0003,-0.0057,3.1139,0.7860,-3.1415,-4701.1577,-28635.0684,27.7189,1
-4703.1636,-28634.3926,24.9425,-5249.3037,-28087.7617,22.0051,-4709.9233,-28633.3418,16.5309,767.2310,0.0010,-0.0050,3.1179,0.7861,-3.1415,-4701.4321,-28635.0059,27.2170,1
-4703.1636,-28634.3926,24.9425,-5249.1660,-28087.8984,21.9967,-4705.2168,-28634.2637,10.6357,771.0716,0.0005,-0.0055,3.1223,0.7861,-3.1415,-4701.5713,-28634.9707,26.5071,1
-4703.1636,-28634.3926,24.9425,-5249.0278,-28088.0352,21.9875,-4700.9741,-28634.7480,25.7100,774.1319,-0.0001,-0.0016,3.1272,0.7861,-3.1416,-4701.5801,-28634.9512,26.2577,1
-4703.1636,-28634.3926,24.9425,-5248.8896,-28088.1738,21.9774,-4696.2002,-28635.6699,19.1658,777.9688,-0.0006,-0.0021,3.1325,0.7861,-3.1416,-4701.4336,-28634.9590,25.8042,1
-4703.1636,-28634.3926,24.9425,-5248.7520,-28088.3105,21.9683,-4709.2671,-28632.5098,12.7880,766.3503,0.0008,-0.0026,3.1377,0.7861,-3.1416,-4701.6982,-28634.8672,25.1329,1
-4703.1636,-28634.3926,24.9425,-5248.6152,-28088.4473,21.9610,-4704.5923,-28633.4023,6.5543,770.1871,0.0003,-0.0031,-3.1406,0.7861,-3.1416,-4701.8267,-28634.8008,24.2428,1
-4703.1636,-28634.3926,24.9425,-5248.4795,-28088.5820,21.9555,-4708.6436,-28635.1738,19.6923,768.2371,0.0011,0.0003,-3.1363,0.7861,3.1416,-4702.0913,-28634.7891,23.7502,1
-4703.1636,-28634.3926,24.9425,-5248.3457,-28088.7168,21.9514,-4702.4507,-28641.7422,20.6894,777.0676,0.0012,0.0011,-3.1325,0.7861,3.1416,-4702.1675,-28634.9902,23.2940,1
-4703.1636,-28634.3926,24.9425,-5248.2129,-28088.8477,21.9484,-4708.7891,-28631.9121,15.8827,765.4611,0.0006,0.0006,-3.1293,0.7858,3.1416,-4702.4487,-28634.8887,22.6859,1
-4703.1636,-28634.3926,24.9425,-5248.0820,-28088.9785,21.9463,-4704.1001,-28632.8438,11.5100,769.2939,0.0000,0.0001,-3.1268,0.7858,3.1416,-4702.5884,-28634.8105,21.9345,1
-4703.1636,-28634.3926,24.9425,-5247.9531,-28089.1074,21.9449,-4699.6558,-28633.0742,28.0500,772.3657,-0.0006,0.0038,-3.1250,0.7858,3.1415,-4702.5845,-28634.7383,21.7102,1
-4703.1636,-28634.3926,24.9425,-5247.8257,-28089.2344,21.9445,-4701.7837,-28640.8906,24.6025,776.1948,0.0009,0.0033,-3.1237,0.7858,3.1415,-4702.6401,-28634.9121,21.4016,1
-4703.1636,-28634.3926,24.9425,-5247.7002,-28089.3594,21.9449,-4707.9229,-28630.9004,21.4515,764.5997,0.0003,0.0028,-3.1227,0.7858,3.1415,-4702.8916,-28634.7793,21.0120,1
-4703.1636,-28634.3926,24.9425,-5247.5757,-28089.4824,21.9459,-4703.2080,-28631.8359,18.5954,768.4288,-0.0002,0.0023,-3.1222,0.7858,3.1415,-4702.9971,-28634.6660,20.5435,1
-4703.1636,-28634.3926,24.9425,-5247.4531,-28089.6055,21.9473,-4699.2197,-28632.4512,29.2694,771.5391,-0.0008,0.0045,-3.1219,0.7854,3.1415,-4702.9707,-28634.5703,20.4300,1
-4703.1636,-28634.3926,24.9425,-5247.3320,-28089.7266,21.9488,-4701.5835,-28640.4941,26.9257,775.3647,0.0007,0.0040,-3.1220,0.7849,3.1415,-4703.0093,-28634.7285,20.2718,1
-4703.1636,-28634.3926,24.9425,-5247.2124,-28089.8457,21.9503,-4707.7397,-28630.5293,24.7302,763.7804,0.0001,0.0035,-3.1224,0.7849,3.1415,-4703.2432,-28634.5781,20.0717,1
-4703.1636,-28634.3926,24.9425,-5247.0938,-28089.9629,21.9517,-4703.0342,-28631.4727,22.7997,767.6060,-0.0005,0.0030,-3.1230,0.7849,3.1415,-4703.3306,-28634.4492,19.8296,1
-4703.1636,-28634.3926,24.9425,-5246.9771,-28090.0801,21.9529,-4705.2563,-28638.3047,30.0849,770.7502,0.0009,0.0044,-3.1239,0.7849,3.1415,-4703.4858,-28634.5391,19.8411,1
-4703.1636,-28634.3926,24.9425,-5246.8613,-28090.1953,21.9538,-4700.5327,-28639.2520,28.5154,774.5723,0.0003,0.0039,-3.1249,0.7849,3.1415,-4703.4888,-28634.6660,19.8330,1
-4703.1636,-28634.3926,24.9425,-5246.7471,-28090.3086,21.9544,-4706.6978,-28629.2930,26.9957,762.9982,-0.0002,0.0034,-3.1262,0.7849,3.1415,-4703.6831,-28634.4805,19.8078,1
-4703.1636,-28634.3926,24.9425,-5246.6343,-28090.4219,21.9548,-4701.9946,-28630.2188,25.7253,766.8204,-0.0008,0.0029,-3.1277,0.7849,3.1415,-4703.7271,-28634.3145,19.7643,1
-4703.1636,-28634.3926,24.9425,-5246.5225,-28090.5332,21.9550,-4704.6011,-28637.4844,30.6652,769.9947,0.0007,0.0037,-3.1293,0.7849,3.1415,-4703.8486,-28634.3789,19.9013,1
-4703.1636,-28634.3926,24.9425,-5246.4116,-28090.6426,21.9553,-4697.7622,-28633.6465,31.0223,771.9678,-0.0009,0.0035,-3.1309,0.7849,3.1415,-4703.7471,-28634.3242,20.0794,1
-4703.1636,-28634.3926,24.9425,-5246.3022,-28090.7520,21.9560,-4706.0620,-28628.4688,28.1573,762.2493,-0.0005,0.0027,-3.1324,0.7849,3.1415,-4703.8994,-28634.1016,20.1978,1
-4703.1636,-28634.3926,24.9425,-5246.1934,-28090.8613,21.9570,-4708.1724,-28636.1875,26.7917,766.0682,0.0010,0.0022,-3.1337,0.7849,3.1415,-4704.1226,-28634.1191,20.2925,1
-4703.1636,-28634.3926,24.9425,-5246.0854,-28090.9688,21.9581,-4703.9346,-28636.6680,30.2742,769.2668,0.0004,0.0027,-3.1348,0.7848,3.1415,-4704.2129,-28634.1582,20.5176,1
-4703.1636,-28634.3926,24.9425,-5245.9780,-28091.0762,21.9593,-4699.2212,-28637.5938,28.6246,773.0828,-0.0001,0.0022,-3.1358,0.7848,3.1415,-4704.1475,-28634.2344,20.7122,1
-4703.1636,-28634.3926,24.9425,-5245.8716,-28091.1816,21.9603,-4706.1250,-28630.9043,23.3732,763.2985,-0.0001,0.0010,-3.1366,0.7848,3.1415,-4704.2920,-28634.0996,20.7574,1
-4703.1636,-28634.3926,24.9425,-5245.7656,-28091.2871,21.9612,-4707.5078,-28635.3711,24.7973,765.3436,0.0008,0.0012,-3.1372,0.7848,3.1415,-4704.4829,-28634.1055,20.8560,1
-4703.1636,-28634.3926,24.9425,-5245.6602,-28091.3926,21.9619,-4703.2656,-28635.8535,29.6999,768.5562,0.0002,0.0021,-3.1376,0.7848,3.1415,-4704.5386,-28634.1328,21.1231,1
-4703.1636,-28634.3926,24.9425,-5245.5557,-28091.4961,21.9623,-4698.5557,-28636.7695,27.5097,772.3690,-0.0003,0.0016,-3.1379,0.7848,3.1415,-4704.4365,-28634.1914,21.3372,1
-4703.1636,-28634.3926,24.9425,-5245.4517,-28091.5996,21.9626,-4704.7534,-28626.8496,25.1325,760.8230,-0.0009,0.0011,-3.1380,0.7848,3.1415,-4704.5195,-28633.9336,21.4892,1
-4703.1636,-28634.3926,24.9425,-5245.3486,-28091.7031,21.9627,-4706.8467,-28634.5527,22.7366,764.6359,0.0006,0.0006,-3.1380,0.7848,3.1415,-4704.6689,-28633.9141,21.5693,1
-4703.1636,-28634.3926,24.9425,-5245.2461,-28091.8047,21.9626,-4702.5991,-28635.0371,29.2724,767.8603,-0.0000,0.0020,-3.1379,0.7848,3.1415,-4704.6821,-28633.9121,21.8633,1
-4703.1636,-28634.3926,24.9425,-5245.1455,-28091.9043,21.9622,-4698.1738,-28636.2227,26.5272,771.6699,-0.0006,0.0015,-3.1374,0.7843,3.1415,-4704.5449,-28633.9531,22.0816,1
-4703.1636,-28634.3926,24.9425,-5245.0479,-28092.0039,21.9615,-4711.8345,-28633.7500,23.4232,760.1331,0.0009,0.0010,-3.1367,0.7830,3.1413,-4704.8374,-28633.9180,22.2074,1
-4703.1636,-28634.3926,24.9425,-5244.9526,-28092.0996,21.9604,-4708.2798,-28635.7812,20.1434,763.9426,0.0003,0.0005,-3.1357,0.7810,3.1411,-4705.0264,-28633.9512,22.2255,1
-4703.1636,-28634.3926,24.9425,-5244.8599,-28092.1953,21.9591,-4703.3682,-28635.6465,28.3129,767.1896,-0.0008,0.0024,-3.1346,0.7783,3.1408,-4705.0591,-28633.9844,22.5027,1
-4703.1636,-28634.3926,24.9425,-5244.7705,-28092.2871,21.9576,-4700.5171,-28638.3867,24.8132,770.9962,-0.0014,0.0019,-3.1334,0.7749,3.1405,-4704.9927,-28634.1113,22.6754,1
-4703.1636,-28634.3926,24.9425,-5244.6836,-28092.3789,21.9560,-4715.6260,-28637.2598,21.3038,759.4680,0.0000,0.0014,-3.1321,0.7709,3.1402,-4705.4092,-28634.2129,22.7349,1
-4703.1636,-28634.3926,24.9425,-5244.5996,-28092.4688,21.9545,-4713.4502,-28640.6074,17.8435,763.2747,-0.0005,0.0009,-3.1310,0.7665,3.1399,-4705.7729,-28634.4297,22.6747,1
-4703.1636,-28634.3926,24.9425,-5244.5186,-28092.5547,21.9529,-4703.9189,-28636.0215,28.3505,766.5695,-0.0034,0.0033,-3.1299,0.7615,3.1396,-4705.8379,-28634.5098,22.9440,1
-4703.1636,-28634.3926,24.9425,-5244.4404,-28092.6406,21.9516,-4702.1909,-28639.8555,25.0630,770.3737,-0.0039,0.0028,-3.1290,0.7561,3.1392,-4705.8389,-28634.7148,23.1146,1
-4703.1636,-28634.3926,24.9425,-5244.3647,-28092.7227,21.9507,-4718.2891,-28639.6348,21.8651,758.8531,-0.0025,0.0023,-3.1283,0.7503,3.1387,-4706.3564,-28634.9277,23.1815,1
-4703.1636,-28634.3926,24.9425,-5244.2925,-28092.8047,21.9500,-4717.0308,-28643.8398,18.7818,762.6573,-0.0030,0.0018,-3.1278,0.7442,3.1382,-4706.8530,-28635.2852,23.1410,1
-4703.1636,-28634.3926,24.9425,-5244.2222,-28092.8848,21.9496,-4704.0322,-28635.9609,28.7216,766.0042,-0.0071,0.0040,-3.1274,0.7378,3.1377,-4706.9409,-28635.3984,23.4126,1
-4703.1636,-28634.3926,24.9425,-5244.1543,-28092.9629,21.9496,-4708.4995,-28647.0254,25.1986,770.6526,-0.0058,0.0033,-3.1271,0.7320,3.1373,-4707.1621,-28635.8711,23.5774,1
-4703.1636,-28634.3926,24.9425,-5244.0884,-28093.0410,21.9500,-4718.8892,-28640.0195,23.3992,758.2925,-0.0063,0.0030,-3.1271,0.7258,3.1370,-4707.7236,-28636.1387,23.6836,1
-4703.1636,-28634.3926,24.9425,-5244.0239,-28093.1172,21.9506,-4717.5146,-28644.1055,21.1449,762.0944,-0.0068,0.0025,-3.1274,0.7199,3.1369,-4708.2563,-28636.5449,23.7114,1
-4703.1636,-28634.3926,24.9425,-5243.9604,-28093.1934,21.9514,-4713.0947,-28635.1445,29.2253,758.6585,-0.0095,0.0041,-3.1279,0.7156,3.1368,-4708.6577,-28636.6660,23.9958,1
-4703.1636,-28634.3926,24.9425,-5243.8984,-28093.2695,21.9521,-4706.5547,-28643.7637,27.9316,769.2849,-0.0098,0.0037,-3.1287,0.7118,3.1369,-4708.8462,-28637.0605,24.2437,1
-4703.1636,-28634.3926,24.9425,-5243.8379,-28093.3438,21.9529,-4714.8086,-28635.8848,26.2702,757.7774,-0.0103,0.0032,-3.1296,0.7078,3.1371,-4709.2920,-28637.2070,24.4424,1
-4703.1636,-28634.3926,24.9425,-5243.7788,-28093.4180,21.9537,-4712.1191,-28638.7090,24.8554,761.5773,-0.0109,0.0027,-3.1306,0.7043,3.1374,-4709.6523,-28637.4375,24.5939,1
-4703.1636,-28634.3926,24.9425,-5243.7207,-28093.4902,21.9545,-4707.0317,-28638.5840,30.3718,764.9940,-0.0120,0.0036,-3.1317,0.7025,3.1379,-4709.8423,-28637.6602,24.9215,1
-4703.1636,-28634.3926,24.9425,-5243.6636,-28093.5645,21.9552,-4703.4487,-28640.5312,29.1693,768.7919,-0.0125,0.0031,-3.1328,0.7006,3.1386,-4709.9004,-28637.9414,25.2163,1
-4703.1636,-28634.3926,24.9425,-5243.6079,-28093.6367,21.9561,-4699.6411,-28642.2480,27.9362,772.5904,-0.0131,0.0026,-3.1339,0.6991,3.1392,-4709.8140,-28638.2773,25.4739,1
-4703.1636,-28634.3926,24.9425,-5243.5522,-28093.7090,21.9572,-4706.3848,-28632.8711,26.5183,761.0882,-0.0136,0.0021,-3.1350,0.6980,3.1396,-4709.9141,-28638.3086,25.6856,1
-4703.1636,-28634.3926,24.9425,-5243.4976,-28093.7793,21.9584,-4705.3511,-28636.7715,30.2132,764.5237,-0.0132,0.0027,-3.1361,0.6981,3.1398,-4709.9658,-28638.4512,26.0138,1
-4703.1636,-28634.3926,24.9425,-5243.4434,-28093.8516,21.9596,-4700.4619,-28637.4062,28.6656,768.3199,-0.0137,0.0022,-3.1371,0.6986,3.1400,-4709.8423,-28638.6035,26.2941,1
-4703.1636,-28634.3926,24.9425,-5243.3892,-28093.9219,21.9608,-4703.9810,-28631.2852,25.2379,761.3964,-0.0140,0.0013,-3.1379,0.6994,3.1401,-4709.8052,-28638.5449,26.4610,1
-4703.1636,-28634.3926,24.9425,-5243.3359,-28093.9922,21.9618,-4700.8848,-28627.1758,25.0760,760.6198,-0.0148,0.0012,-3.1385,0.7007,3.1402,-4709.6479,-28638.3301,26.6130,1
-4703.1636,-28634.3926,24.9425,-5243.2827,-28094.0625,21.9626,-4703.7261,-28635.0098,29.6821,764.0643,-0.0130,0.0021,-3.1390,0.7026,3.1403,-4709.5615,-28638.3418,26.9060,1
-4703.1636,-28634.3926,24.9425,-5243.2305,-28094.1328,21.9632,-4697.8687,-28634.6543,27.6148,767.8586,-0.0135,0.0016,-3.1394,0.7049,3.1404,-4709.2690,-28638.3320,27.1308,1
-4703.1636,-28634.3926,24.9425,-5243.1782,-28094.2031,21.9636,-4691.7964,-28634.0371,25.4093,771.6536,-0.0141,0.0011,-3.1396,0.7075,3.1405,-4708.7544,-28638.2930,27.2783,1
-4703.1636,-28634.3926,24.9425,-5243.1265,-28094.2734,21.9638,-4703.1904,-28629.3594,23.0688,760.1620,-0.0126,0.0006,-3.1397,0.7105,3.1405,-4708.5674,-28638.0840,27.3370,1
-4703.1636,-28634.3926,24.9425,-5243.0747,-28094.3418,21.9638,-4702.4414,-28633.5762,29.2280,763.6116,-0.0116,0.0018,-3.1396,0.7135,3.1406,-4708.3452,-28637.9922,27.5820,1
-4703.1636,-28634.3926,24.9425,-5243.0239,-28094.4102,21.9637,-4696.0000,-28632.6094,26.7677,767.4043,-0.0122,0.0013,-3.1394,0.7169,3.1407,-4707.9023,-28637.8594,27.7440,1
-4703.1636,-28634.3926,24.9425,-5242.9736,-28094.4805,21.9635,-4689.4287,-28631.4473,24.2195,771.1975,-0.0128,0.0008,-3.1392,0.7205,3.1408,-4707.2241,-28637.6758,27.8151,1
-4703.1636,-28634.3926,24.9425,-5242.9233,-28094.5469,21.9632,-4700.3013,-28626.2656,21.6170,759.7112,-0.0113,0.0003,-3.1389,0.7245,3.1409,-4706.8589,-28637.3047,27.7848,1
-4703.1636,-28634.3926,24.9425,-5242.8735,-28094.6152,21.9628,-4701.5298,-28632.5098,28.9909,763.1662,-0.0096,0.0019,-3.1385,0.7280,3.1410,-4706.5254,-28637.1152,27.9777,1
-4703.1636,-28634.3926,24.9425,-5242.8242,-28094.6836,21.9624,-4694.9546,-28636.4199,23.3431,770.4778,-0.0094,0.0008,-3.1381,0.7318,3.1412,-4705.9751,-28637.0469,27.9841,1
-4703.1636,-28634.3926,24.9425,-5242.7754,-28094.7500,21.9620,-4694.8120,-28636.7754,23.7099,770.7487,-0.0088,0.0009,-3.1377,0.7358,3.1413,-4705.4019,-28636.9883,27.9871,1
-4703.1636,-28634.3926,24.9425,-5242.7271,-28094.8164,21.9615,-4699.1270,-28624.8984,21.0585,759.2675,-0.0093,0.0004,-3.1373,0.7395,3.1414,-4704.9502,-28636.5410,27.8867,1
-4703.1636,-28634.3926,24.9425,-5242.6797,-28094.8828,21.9612,-4700.9360,-28631.7559,28.9629,762.7301,-0.0075,0.0021,-3.1369,0.7429,3.1416,-4704.5542,-28636.2969,28.0273,1
-4703.1636,-28634.3926,24.9425,-5242.6323,-28094.9473,21.9608,-4694.3589,-28630.6113,26.3680,766.5194,-0.0080,0.0016,-3.1365,0.7465,-3.1415,-4703.9453,-28636.0078,28.0815,1
-4703.1636,-28634.3926,24.9425,-5242.5850,-28095.0137,21.9605,-4694.3838,-28636.1738,23.7672,770.3093,-0.0066,0.0011,-3.1361,0.7504,-3.1414,-4703.3271,-28635.8926,28.0443,1
-4703.1636,-28634.3926,24.9425,-5242.5386,-28095.0781,21.9602,-4698.8120,-28624.4102,21.2002,758.8331,-0.0072,0.0006,-3.1358,0.7539,-3.1412,-4702.8418,-28635.3945,27.9077,1
-4703.1636,-28634.3926,24.9425,-5242.4927,-28095.1406,21.9600,-4700.5283,-28631.1855,29.0508,762.3051,-0.0054,0.0023,-3.1356,0.7568,-3.1411,-4702.4160,-28635.1016,28.0119,1
-4703.1636,-28634.3926,24.9425,-5242.4473,-28095.2051,21.9598,-4694.3691,-28630.4590,26.5743,766.0928,-0.0060,0.0018,-3.1354,0.7596,-3.1410,-4701.7974,-28634.7812,28.0352,1
-4703.1636,-28634.3926,24.9425,-5242.4028,-28095.2656,21.9596,-4695.2158,-28636.8418,23.9930,769.8810,-0.0045,0.0013,-3.1351,0.7620,-3.1409,-4701.2031,-28634.6660,27.9694,1
-4703.1636,-28634.3926,24.9425,-5242.3599,-28095.3281,21.9593,-4700.2939,-28625.7559,21.2967,758.4096,-0.0051,0.0008,-3.1346,0.7643,-3.1409,-4700.7739,-28634.1973,27.8019,1
-4703.1636,-28634.3926,24.9425,-5242.3184,-28095.3867,21.9589,-4708.6489,-28633.5371,20.5012,757.8963,-0.0025,0.0007,-3.1341,0.7654,-3.1408,-4700.6323,-28633.9707,27.5922,1
-4703.1636,-28634.3926,24.9425,-5242.2769,-28095.4453,21.9586,-4702.4229,-28638.4160,26.2140,765.6807,-0.0026,0.0019,-3.1339,0.7664,-3.1408,-4700.3159,-28633.9121,27.5548,1
-4703.1636,-28634.3926,24.9425,-5242.2354,-28095.5059,21.9586,-4697.7441,-28639.2090,23.9577,769.4674,-0.0031,0.0014,-3.1342,0.7666,-3.1409,-4699.8643,-28633.8926,27.4413,1
-4703.1636,-28634.3926,24.9425,-5242.1924,-28095.5684,21.9591,-4703.9961,-28629.3418,22.1464,758.0006,-0.0037,0.0009,-3.1351,0.7665,-3.1412,-4699.6260,-28633.5703,27.2586,1
-4703.1636,-28634.3926,24.9425,-5242.1484,-28095.6348,21.9601,-4701.3516,-28631.6973,30.1903,761.4984,-0.0039,0.0024,-3.1367,0.7654,-3.1416,-4699.3218,-28633.3223,27.3300,1
-4703.1636,-28634.3926,24.9425,-5242.1025,-28095.7031,21.9617,-4704.1431,-28639.9590,29.2444,765.2833,-0.0024,0.0019,-3.1389,0.7643,3.1411,-4699.1255,-28633.3477,27.3770,1
-4703.1636,-28634.3926,24.9425,-5242.0542,-28095.7754,21.9637,-4700.5298,-28641.8340,28.5738,769.0686,-0.0030,0.0014,-3.1415,0.7624,3.1406,-4698.8340,-28633.4512,27.4065,1
-4703.1636,-28634.3926,24.9425,-5242.0044,-28095.8516,21.9662,-4707.6338,-28632.8652,27.9809,757.6061,-0.0035,0.0009,3.1388,0.7606,3.1400,-4698.7925,-28633.2891,27.4199,1
-4703.1636,-28634.3926,24.9425,-5241.9517,-28095.9316,21.9689,-4708.3916,-28638.5664,31.1360,761.0629,-0.0030,0.0011,3.1357,0.7578,3.1395,-4698.8052,-28633.3184,27.5382,1
-4703.1636,-28634.3926,24.9425,-5241.8960,-28096.0156,21.9718,-4705.2847,-28640.9590,30.8324,764.8461,-0.0036,0.0006,3.1326,0.7551,3.1389,-4698.7456,-28633.4395,27.6539,1
-4703.1636,-28634.3926,24.9425,-5241.8374,-28096.1055,21.9748,-4701.9595,-28643.1445,30.5361,768.6298,-0.0041,0.0001,3.1295,0.7527,3.1382,-4698.6001,-28633.6523,27.7661,1
-4703.1636,-28634.3926,24.9425,-5241.7764,-28096.1992,21.9776,-4709.1802,-28634.3301,29.9651,757.1722,-0.0047,-0.0004,3.1265,0.7506,3.1376,-4698.7109,-28633.6035,27.8662,1
-4703.1636,-28634.3926,24.9425,-5241.7124,-28096.2969,21.9803,-4707.2397,-28637.3164,30.8390,760.5550,-0.0049,-0.0006,3.1238,0.7487,3.1370,-4698.7866,-28633.6562,27.9983,1
-4703.1636,-28634.3926,24.9425,-5241.6460,-28096.3984,21.9827,-4709.1206,-28631.9863,24.5111,755.2848,-0.0058,-0.0022,3.1215,0.7463,3.1362,-4698.9521,-28633.5430,27.9266,1
-4703.1636,-28634.3926,24.9425,-5241.5776,-28096.5039,21.9853,-4705.6875,-28634.4746,33.2402,759.4203,-0.0062,-0.0005,3.1197,0.7441,3.1355,-4699.0312,-28633.5098,28.1339,1
-4703.1636,-28634.3926,24.9425,-5241.5083,-28096.6113,21.9878,-4707.5752,-28632.7363,26.5497,756.6664,-0.0065,-0.0021,3.1185,0.7423,3.1349,-4699.1924,-28633.4258,28.1308,1
-4703.1636,-28634.3926,24.9425,-5241.4380,-28096.7207,21.9899,-4706.5142,-28636.4902,29.3611,759.9706,-0.0064,-0.0015,3.1180,0.7404,3.1346,-4699.3403,-28633.4648,28.2153,1
-4703.1636,-28634.3926,24.9425,-5241.3672,-28096.8320,21.9915,-4702.7393,-28638.2754,26.8493,763.7495,-0.0070,-0.0020,3.1180,0.7388,3.1344,-4699.3818,-28633.5703,28.2184,1
-4703.1636,-28634.3926,24.9425,-5241.2954,-28096.9453,21.9922,-4698.7764,-28639.8613,23.9532,767.5288,-0.0075,-0.0025,3.1186,0.7376,3.1343,-4699.3032,-28633.7383,28.1227,1
-4703.1636,-28634.3926,24.9425,-5241.2236,-28097.0586,21.9920,-4712.1587,-28637.1875,20.7721,756.0845,-0.0061,-0.0030,3.1198,0.7367,3.1344,-4699.6680,-28633.8359,27.9094,1
-4703.1636,-28634.3926,24.9425,-5241.1519,-28097.1738,21.9907,-4705.1904,-28635.0488,27.9428,759.3459,-0.0076,-0.0013,3.1215,0.7361,3.1347,-4699.8311,-28633.8711,27.9166,1
-4703.1636,-28634.3926,24.9425,-5241.0796,-28097.2891,21.9882,-4700.6855,-28636.0996,24.0790,763.1223,-0.0081,-0.0018,3.1237,0.7359,3.1351,-4699.8574,-28633.9414,27.7971,1
-4703.1636,-28634.3926,24.9425,-5241.0078,-28097.4062,21.9845,-4696.0083,-28636.9375,19.8759,766.8989,-0.0087,-0.0023,3.1264,0.7360,3.1356,-4699.7334,-28634.0449,27.5329,1
-4703.1636,-28634.3926,24.9425,-5240.9360,-28097.5234,21.9801,-4708.7437,-28633.6582,15.6115,755.4625,-0.0072,-0.0028,3.1296,0.7363,3.1364,-4700.0205,-28634.0469,27.1075,1
-4703.1636,-28634.3926,24.9425,-5240.8652,-28097.6406,21.9755,-4703.9229,-28633.6465,27.0125,758.7051,-0.0079,0.0001,3.1330,0.7368,3.1375,-4700.1675,-28634.0469,27.0354,1
-4703.1636,-28634.3926,24.9425,-5240.7944,-28097.7559,21.9712,-4698.8848,-28634.1367,22.5440,762.4786,-0.0084,-0.0005,3.1365,0.7376,3.1385,-4700.1558,-28634.0625,26.8190,1
-4703.1636,-28634.3926,24.9425,-5240.7246,-28097.8730,21.9673,-4700.4609,-28641.2324,18.1079,766.2527,-0.0070,-0.0010,3.1397,0.7387,3.1394,-4700.1919,-28634.3086,26.4517,1
-4703.1636,-28634.3926,24.9425,-5240.6553,-28097.9883,21.9639,-4706.2363,-28630.9844,13.9096,754.8243,-0.0075,-0.0015,-3.1403,0.7394,3.1403,-4700.4189,-28634.2344,25.9261,1
-4703.1636,-28634.3926,24.9425,-5240.5869,-28098.1016,21.9610,-4702.8237,-28632.3828,27.3322,758.0668,-0.0076,0.0017,-3.1375,0.7407,3.1410,-4700.5449,-28634.1973,25.8223,1
-4703.1636,-28634.3926,24.9425,-5240.5190,-28098.2148,21.9585,-4697.3311,-28632.3945,23.4457,761.8378,-0.0082,0.0012,-3.1350,0.7424,-3.1415,-4700.4932,-28634.1562,25.5992,1
-4703.1636,-28634.3926,24.9425,-5240.4526,-28098.3281,21.9565,-4698.4248,-28639.0332,19.7543,765.6093,-0.0067,0.0007,-3.1329,0.7443,-3.1408,-4700.4692,-28634.3281,25.2561,1
-4703.1636,-28634.3926,24.9425,-5240.3867,-28098.4395,21.9549,-4703.7944,-28628.3828,16.4099,754.1888,-0.0073,0.0002,-3.1312,0.7458,-3.1403,-4700.6162,-28634.1582,24.7928,1
-4703.1636,-28634.3926,24.9425,-5240.3218,-28098.5488,21.9538,-4701.9116,-28631.2949,28.2660,757.4488,-0.0069,0.0029,-3.1298,0.7477,-3.1398,-4700.7065,-28634.0742,24.7095,1
-4703.1636,-28634.3926,24.9425,-5240.2578,-28098.6582,21.9530,-4696.1694,-28631.0293,25.3686,761.2172,-0.0074,0.0024,-3.1289,0.7498,-3.1395,-4700.6089,-28633.9727,24.5450,1
-4703.1636,-28634.3926,24.9425,-5240.1948,-28098.7637,21.9525,-4697.3843,-28637.8086,22.6484,764.9861,-0.0060,0.0019,-3.1282,0.7514,-3.1392,-4700.5400,-28634.0879,24.2994,1
-4703.1636,-28634.3926,24.9425,-5240.1328,-28098.8711,21.9524,-4702.5566,-28626.9688,20.1704,753.5733,-0.0065,0.0014,-3.1279,0.7534,-3.1390,-4700.6338,-28633.8535,23.9736,1
-4703.1636,-28634.3926,24.9425,-5240.0718,-28098.9746,21.9525,-4701.1606,-28630.3633,29.0887,756.8578,-0.0059,0.0033,-3.1279,0.7554,-3.1389,-4700.6841,-28633.7188,23.9411,1
-4703.1636,-28634.3926,24.9425,-5240.0112,-28099.0781,21.9529,-4701.6802,-28627.3633,28.9431,754.2678,-0.0059,0.0032,-3.1282,0.7577,-3.1388,-4700.7515,-28633.4766,23.9224,1
-4703.1636,-28634.3926,24.9425,-5239.9517,-28099.1816,21.9534,-4696.4395,-28636.6660,24.8763,764.3903,-0.0050,0.0023,-3.1286,0.7595,-3.1388,-4700.6479,-28633.5273,23.7857,1
-4703.1636,-28634.3926,24.9425,-5239.8931,-28099.2832,21.9541,-4701.5508,-28625.7637,22.8901,752.9849,-0.0056,0.0018,-3.1292,0.7616,-3.1389,-4700.7017,-28633.2285,23.5918,1
-4703.1636,-28634.3926,24.9425,-5239.8350,-28099.3828,21.9549,-4700.5449,-28629.5742,29.4867,756.2926,-0.0048,0.0030,-3.1299,0.7636,-3.1390,-4700.7231,-28633.0410,23.6200,1
-4703.1636,-28634.3926,24.9425,-5239.7778,-28099.4824,21.9558,-4701.4624,-28636.0293,27.6276,760.0563,-0.0034,0.0025,-3.1306,0.7658,-3.1391,-4700.7734,-28633.0605,23.6046,1
-4703.1636,-28634.3926,24.9425,-5239.7207,-28099.5801,21.9566,-4695.9185,-28635.9531,25.7834,763.8205,-0.0039,0.0020,-3.1314,0.7675,-3.1392,-4700.6426,-28633.0879,23.5419,1
-4703.1636,-28634.3926,24.9425,-5239.6646,-28099.6777,21.9574,-4701.1011,-28625.1230,23.8820,752.4219,-0.0045,0.0015,-3.1322,0.7695,-3.1394,-4700.6704,-28632.7637,23.4266,1
-4703.1636,-28634.3926,24.9425,-5239.6089,-28099.7734,21.9582,-4706.6895,-28635.5977,29.4692,755.7477,-0.0018,0.0026,-3.1330,0.7713,-3.1395,-4700.8838,-28632.7734,23.5014,1
-4703.1636,-28634.3926,24.9425,-5239.5537,-28099.8691,21.9590,-4701.1235,-28635.5234,27.5719,759.5092,-0.0024,0.0021,-3.1337,0.7731,-3.1397,-4700.9253,-28632.7891,23.5300,1
-4703.1636,-28634.3926,24.9425,-5239.4990,-28099.9648,21.9596,-4695.7070,-28635.5664,25.6078,763.2712,-0.0029,0.0016,-3.1343,0.7746,-3.1398,-4700.7886,-28632.8145,23.5059,1
-4703.1636,-28634.3926,24.9425,-5239.4448,-28100.0586,21.9602,-4701.0190,-28624.8672,23.5447,751.8793,-0.0035,0.0011,-3.1348,0.7763,-3.1399,-4700.8135,-28632.4922,23.4220,1
-4703.1636,-28634.3926,24.9425,-5239.3911,-28100.1523,21.9606,-4706.1792,-28634.9395,29.2578,755.2182,-0.0010,0.0023,-3.1353,0.7778,-3.1400,-4701.0093,-28632.4902,23.5304,1
-4703.1636,-28634.3926,24.9425,-5239.3379,-28100.2461,21.9610,-4701.0581,-28635.3008,27.1415,758.9776,-0.0015,0.0018,-3.1356,0.7788,-3.1400,-4701.0459,-28632.5098,23.5835,1
-4703.1636,-28634.3926,24.9425,-5239.2847,-28100.3379,21.9613,-4704.1328,-28626.0098,22.6877,750.1439,-0.0023,0.0008,-3.1359,0.7800,-3.1401,-4701.1841,-28632.2285,23.4996,1
-4703.1636,-28634.3926,24.9425,-5239.2324,-28100.4297,21.9614,-4701.3130,-28637.0430,29.2146,759.8378,-0.0008,0.0021,-3.1360,0.7814,-3.1401,-4701.2334,-28632.3008,23.6308,1
-4703.1636,-28634.3926,24.9425,-5239.1807,-28100.5215,21.9614,-4699.6118,-28640.2480,25.9515,763.1823,-0.0006,0.0015,-3.1359,0.7815,-3.1401,-4701.2261,-28632.4902,23.6683,1
-4703.1636,-28634.3926,24.9425,-5239.1309,-28100.6094,21.9611,-4705.9204,-28630.6074,23.2156,751.8030,-0.0012,0.0010,-3.1354,0.7812,-3.1400,-4701.4219,-28632.3828,23.6223,1
-4703.1636,-28634.3926,24.9425,-5239.0825,-28100.6953,21.9606,-4701.7261,-28631.8457,20.3235,755.5609,-0.0017,0.0005,-3.1347,0.7805,-3.1399,-4701.4873,-28632.3145,23.4808,1
-4703.1636,-28634.3926,24.9425,-5239.0352,-28100.7812,21.9600,-4704.4419,-28640.0020,27.0256,759.3182,-0.0003,0.0020,-3.1341,0.7795,-3.1399,-4701.6401,-28632.5156,23.5548,1
-4703.1636,-28634.3926,24.9425,-5238.9878,-28100.8672,21.9596,-4704.4741,-28637.5234,23.9251,757.4306,-0.0011,0.0013,-3.1340,0.7767,-3.1400,-4701.7988,-28632.6523,23.5356,1
-4703.1636,-28634.3926,24.9425,-5238.9404,-28100.9570,21.9596,-4708.1445,-28632.6777,23.6825,751.3112,-0.0017,0.0012,-3.1345,0.7738,-3.1404,-4702.0840,-28632.6426,23.5105,1
-4703.1636,-28634.3926,24.9425,-5238.8921,-28101.0469,21.9600,-4705.2070,-28635.1914,21.9654,755.0672,-0.0023,0.0007,-3.1358,0.7708,-3.1409,-4702.2812,-28632.7148,23.4298,1
-4703.1636,-28634.3926,24.9425,-5238.8428,-28101.1406,21.9610,-4709.7119,-28644.9941,30.1402,758.8227,-0.0008,0.0022,-3.1376,0.7666,3.1416,-4702.6299,-28633.1172,23.6166,1
-4703.1636,-28634.3926,24.9425,-5238.7915,-28101.2383,21.9627,-4700.5776,-28640.8965,27.4784,762.1865,-0.0034,0.0014,-3.1401,0.7624,3.1408,-4702.6895,-28633.4082,23.7304,1
-4703.1636,-28634.3926,24.9425,-5238.7383,-28101.3418,21.9649,-4708.0840,-28638.5703,28.7539,755.1478,-0.0032,0.0013,3.1400,0.7589,3.1398,-4702.9883,-28633.6387,23.8961,1
-4703.1636,-28634.3926,24.9425,-5238.6826,-28101.4473,21.9676,-4712.4175,-28642.1934,26.5395,754.5728,-0.0026,0.0004,3.1366,0.7558,3.1388,-4703.4380,-28634.0000,23.9992,1
-4703.1636,-28634.3926,24.9425,-5238.6255,-28101.5586,21.9705,-4709.8564,-28644.9570,35.7260,758.3263,-0.0031,0.0019,3.1332,0.7522,3.1378,-4703.8164,-28634.4648,24.4098,1
-4703.1636,-28634.3926,24.9425,-5238.5664,-28101.6738,21.9734,-4699.3423,-28639.5273,27.8198,761.6326,-0.0060,-0.0002,3.1301,0.7491,3.1368,-4703.8560,-28634.7695,24.5830,1
-4703.1636,-28634.3926,24.9425,-5238.5063,-28101.7910,21.9760,-4706.9214,-28631.2227,26.8516,750.2717,-0.0065,-0.0007,3.1275,0.7463,3.1360,-4704.1299,-28634.8047,24.7304,1
-4703.1636,-28634.3926,24.9425,-5238.4453,-28101.9121,21.9781,-4710.3247,-28640.0762,25.6281,754.0234,-0.0051,-0.0012,3.1257,0.7440,3.1353,-4704.5166,-28635.1230,24.8391,1
-4703.1636,-28634.3926,24.9425,-5238.3833,-28102.0332,21.9796,-4707.3970,-28642.5391,33.4359,757.7748,-0.0056,0.0003,3.1246,0.7410,3.1350,-4704.8120,-28635.5254,25.2043,1
-4703.1636,-28634.3926,24.9425,-5238.3208,-28102.1582,21.9806,-4697.8979,-28637.9473,26.1766,761.0194,-0.0080,-0.0012,3.1241,0.7393,3.1347,-4704.7939,-28635.7871,25.3450,1
-4703.1636,-28634.3926,24.9425,-5238.2578,-28102.2852,21.9810,-4711.5337,-28635.7168,23.6140,749.6660,-0.0066,-0.0017,3.1242,0.7378,3.1345,-4705.2051,-28635.9746,25.3986,1
-4703.1636,-28634.3926,24.9425,-5238.1948,-28102.4121,21.9808,-4707.8516,-28637.5371,20.6942,753.4153,-0.0071,-0.0022,3.1250,0.7361,3.1346,-4705.5000,-28636.2129,25.3480,1
-4703.1636,-28634.3926,24.9425,-5238.1313,-28102.5391,21.9800,-4709.3770,-28639.5996,27.9122,753.6927,-0.0068,-0.0005,3.1264,0.7349,3.1349,-4705.8438,-28636.5176,25.5231,1
-4703.1636,-28634.3926,24.9425,-5238.0684,-28102.6680,21.9784,-4696.4116,-28636.3008,24.8218,760.3735,-0.0092,-0.0009,3.1283,0.7348,3.1356,-4705.7607,-28636.7129,25.5980,1
-4703.1636,-28634.3926,24.9425,-5238.0059,-28102.7969,21.9763,-4709.0815,-28633.1504,21.1610,749.0281,-0.0078,-0.0014,3.1306,0.7351,3.1363,-4706.0679,-28636.7969,25.5453,1
-4703.1636,-28634.3926,24.9425,-5237.9434,-28102.9258,21.9739,-4704.5767,-28634.1133,17.3357,752.7748,-0.0084,-0.0019,3.1331,0.7350,3.1372,-4706.2246,-28636.8965,25.3534,1
-4703.1636,-28634.3926,24.9425,-5237.8809,-28103.0547,21.9714,-4699.8521,-28634.8867,22.9054,756.5209,-0.0089,-0.0004,3.1357,0.7352,3.1381,-4706.2148,-28637.0098,25.3267,1
-4703.1636,-28634.3926,24.9425,-5237.8193,-28103.1836,21.9689,-4695.0640,-28634.7695,24.3834,759.7188,-0.0094,0.0002,3.1384,0.7364,3.1390,-4706.0278,-28637.1094,25.3418,1
-4703.1636,-28634.3926,24.9425,-5237.7583,-28103.3125,21.9664,-4707.4326,-28631.3535,20.5285,748.3815,-0.0080,-0.0003,3.1410,0.7373,3.1399,-4706.2183,-28637.0820,25.2240,1
-4703.1636,-28634.3926,24.9425,-5237.6982,-28103.4395,21.9641,-4698.8418,-28630.1133,17.7589,753.5066,-0.0093,-0.0006,-3.1397,0.7384,3.1408,-4706.1211,-28636.9961,25.0036,1
-4703.1636,-28634.3926,24.9425,-5237.6387,-28103.5645,21.9619,-4697.0903,-28631.9102,22.5466,755.8689,-0.0091,0.0007,-3.1374,0.7396,-3.1416,-4705.9463,-28636.9512,24.9256,1
-4703.1636,-28634.3926,24.9425,-5237.5796,-28103.6914,21.9600,-4700.6431,-28640.2461,24.7725,759.0735,-0.0070,0.0014,-3.1353,0.7417,-3.1408,-4705.8657,-28637.1660,24.9160,1
-4703.1636,-28634.3926,24.9425,-5237.5215,-28103.8145,21.9583,-4705.8438,-28629.5938,21.4190,747.7443,-0.0076,0.0009,-3.1335,0.7434,-3.1402,-4705.9424,-28637.0293,24.7940,1
-4703.1636,-28634.3926,24.9425,-5237.4644,-28103.9375,21.9569,-4700.2363,-28629.3945,18.2564,751.4856,-0.0081,0.0004,-3.1320,0.7454,-3.1396,-4705.8291,-28636.8672,24.5601,1
-4703.1636,-28634.3926,24.9425,-5237.4077,-28104.0586,21.9559,-4694.4629,-28629.0156,24.7327,755.2264,-0.0087,0.0019,-3.1309,0.7477,-3.1390,-4705.5112,-28636.6738,24.5285,1
-4703.1636,-28634.3926,24.9425,-5237.3521,-28104.1797,21.9551,-4699.7363,-28639.1680,25.4536,758.4496,-0.0060,0.0021,-3.1300,0.7503,-3.1386,-4705.3423,-28636.7988,24.5223,1
-4703.1636,-28634.3926,24.9425,-5237.2969,-28104.2988,21.9546,-4698.6118,-28631.9922,22.4307,754.0790,-0.0069,0.0016,-3.1293,0.7525,-3.1383,-4705.1221,-28636.6875,24.4194,1
-4703.1636,-28634.3926,24.9425,-5237.2427,-28104.4160,21.9543,-4698.7783,-28627.7324,20.2924,750.8670,-0.0071,0.0011,-3.1290,0.7552,-3.1381,-4704.8926,-28636.4238,24.2418,1
-4703.1636,-28634.3926,24.9425,-5237.1895,-28104.5332,21.9543,-4699.4399,-28633.9082,27.3642,754.6052,-0.0056,0.0026,-3.1288,0.7578,-3.1379,-4704.6733,-28636.3457,24.2919,1
-4703.1636,-28634.3926,24.9425,-5237.1367,-28104.6484,21.9544,-4699.3994,-28638.6621,26.0086,757.8511,-0.0046,0.0023,-3.1289,0.7598,-3.1378,-4704.4429,-28636.4180,24.3053,1
-4703.1636,-28634.3926,24.9425,-5237.0845,-28104.7637,21.9548,-4704.3735,-28627.7754,23.8145,746.5370,-0.0052,0.0018,-3.1292,0.7621,-3.1378,-4704.3682,-28636.1328,24.2514,1
-4703.1636,-28634.3926,24.9425,-5237.0332,-28104.8750,21.9552,-4698.5288,-28627.3027,21.7392,750.2733,-0.0057,0.0013,-3.1295,0.7645,-3.1378,-4704.1006,-28635.8145,24.1287,1
-4703.1636,-28634.3926,24.9425,-5236.9824,-28104.9883,21.9557,-4699.1782,-28633.4375,29.1410,754.0092,-0.0043,0.0028,-3.1300,0.7673,-3.1379,-4703.8462,-28635.6836,24.2479,1
-4703.1636,-28634.3926,24.9425,-5236.9321,-28105.0977,21.9563,-4698.8486,-28637.9434,26.2507,757.2756,-0.0034,0.0021,-3.1306,0.7691,-3.1380,-4703.5742,-28635.6992,24.2833,1
-4703.1636,-28634.3926,24.9425,-5236.8823,-28105.2090,21.9569,-4703.8818,-28627.1113,24.2261,745.9686,-0.0039,0.0016,-3.1312,0.7712,-3.1381,-4703.4624,-28635.3594,24.2571,1
-4703.1636,-28634.3926,24.9425,-5236.8330,-28105.3164,21.9576,-4698.1582,-28626.7461,22.2558,749.7026,-0.0045,0.0011,-3.1318,0.7735,-3.1383,-4703.1646,-28634.9922,24.1660,1
-4703.1636,-28634.3926,24.9425,-5236.7842,-28105.4258,21.9582,-4699.3101,-28633.3848,29.7010,753.4361,-0.0030,0.0026,-3.1324,0.7752,-3.1385,-4702.8989,-28634.8320,24.3190,1
-4703.1636,-28634.3926,24.9425,-5236.7363,-28105.5312,21.9587,-4698.4126,-28637.3418,26.2220,756.7194,-0.0024,0.0018,-3.1329,0.7767,-3.1386,-4702.6011,-28634.8027,24.3690,1
-4703.1636,-28634.3926,24.9425,-5236.6885,-28105.6387,21.9593,-4703.7310,-28626.7988,24.1343,745.4192,-0.0029,0.0013,-3.1334,0.7783,-3.1387,-4702.4756,-28634.4297,24.3543,1
-4703.1636,-28634.3926,24.9425,-5236.6411,-28105.7441,21.9597,-4704.8174,-28633.3750,22.0425,749.1509,-0.0015,0.0008,-3.1339,0.7801,-3.1389,-4702.3945,-28634.2656,24.2697,1
-4703.1636,-28634.3926,24.9425,-5236.5938,-28105.8477,21.9601,-4699.5947,-28633.5020,29.3740,752.8822,-0.0020,0.0023,-3.1343,0.7815,-3.1390,-4702.1504,-28634.1074,24.4243,1
-4703.1636,-28634.3926,24.9425,-5236.5474,-28105.9512,21.9604,-4697.9663,-28636.7324,26.0604,756.1788,-0.0016,0.0016,-3.1346,0.7825,-3.1391,-4701.8525,-28634.0605,24.4799,1
-4703.1636,-28634.3926,24.9425,-5236.5015,-28106.0547,21.9606,-4705.0806,-28628.1270,21.0393,744.9597,-0.0017,0.0005,-3.1348,0.7837,-3.1391,-4701.7881,-28633.7363,24.3712,1
-4703.1636,-28634.3926,24.9425,-5236.4556,-28106.1562,21.9608,-4704.7930,-28633.1875,21.5660,748.6146,-0.0007,0.0006,-3.1350,0.7852,-3.1392,-4701.7271,-28633.5723,24.2730,1
-4703.1636,-28634.3926,24.9425,-5236.4102,-28106.2578,21.9609,-4699.7827,-28633.5312,28.7289,752.3438,-0.0013,0.0021,-3.1351,0.7861,-3.1392,-4701.5112,-28633.4258,24.4076,1
-4703.1636,-28634.3926,24.9425,-5236.3647,-28106.3594,21.9610,-4697.4956,-28636.0957,25.8945,755.6516,-0.0011,0.0015,-3.1351,0.7868,-3.1392,-4701.2217,-28633.3691,24.4577,1
-4703.1636,-28634.3926,24.9425,-5236.3203,-28106.4590,21.9610,-4709.7827,-28632.6133,23.5001,744.3641,0.0003,0.0010,-3.1351,0.7877,-3.1392,-4701.3398,-28633.2070,24.4312,1
-4703.1636,-28634.3926,24.9425,-5236.2759,-28106.5586,21.9609,-4705.0552,-28633.2910,21.1438,748.0916,-0.0002,0.0005,-3.1351,0.7881,-3.1391,-4701.3232,-28633.0723,24.3238,1
-4703.1636,-28634.3926,24.9425,-5236.2319,-28106.6562,21.9609,-4700.2437,-28633.8359,28.1900,751.8187,-0.0008,0.0020,-3.1350,0.7887,-3.1391,-4701.1592,-28632.9590,24.4442,1
-4703.1636,-28634.3926,24.9425,-5236.1885,-28106.7539,21.9608,-4707.0703,-28631.2598,23.0315,745.0294,-0.0001,0.0009,-3.1349,0.7891,-3.1390,-4701.2261,-28632.7676,24.4011,1
-4703.1636,-28634.3926,24.9425,-5236.1450,-28106.8496,21.9606,-4697.8472,-28633.9785,20.7669,753.4120,-0.0010,0.0004,-3.1348,0.7896,-3.1390,-4701.0020,-28632.6680,24.2803,1
-4703.1636,-28634.3926,24.9425,-5236.1025,-28106.9473,21.9605,-4705.0430,-28633.1172,20.9216,747.5812,-0.0001,0.0005,-3.1347,0.7894,-3.1389,-4701.0146,-28632.5488,24.1560,1
-4703.1636,-28634.3926,24.9425,-5236.0601,-28107.0410,21.9604,-4700.3745,-28633.8008,27.9270,751.3062,-0.0006,0.0020,-3.1345,0.7898,-3.1388,-4700.8848,-28632.4570,24.2588,1
-4703.1636,-28634.3926,24.9425,-5236.0176,-28107.1367,21.9603,-4696.4424,-28634.7031,25.7597,754.6356,-0.0011,0.0015,-3.1344,0.7900,-3.1388,-4700.6270,-28632.4023,24.2980,1
-4703.1636,-28634.3926,24.9425,-5235.9761,-28107.2305,21.9601,-4709.2637,-28631.7891,23.2961,743.3601,0.0004,0.0010,-3.1343,0.7899,-3.1387,-4700.7930,-28632.2598,24.2586,1
-4703.1636,-28634.3926,24.9425,-5235.9346,-28107.3223,21.9600,-4700.3364,-28631.8789,24.9649,749.6844,-0.0010,0.0014,-3.1341,0.7898,-3.1386,-4700.6821,-28632.1250,24.2732,1
-4703.1636,-28634.3926,24.9425,-5235.8936,-28107.4141,21.9599,-4700.3950,-28633.6523,27.9185,750.8068,-0.0007,0.0020,-3.1340,0.7896,-3.1386,-4700.5757,-28632.0508,24.3879,1
-4703.1636,-28634.3926,24.9425,-5235.8530,-28107.5059,21.9599,-4702.6689,-28640.8418,25.7557,754.1474,0.0007,0.0016,-3.1340,0.7895,-3.1386,-4700.5474,-28632.2246,24.4384,1
-4703.1636,-28634.3926,24.9425,-5235.8125,-28107.5957,21.9598,-4708.6406,-28631.0078,23.3406,742.8777,0.0001,0.0011,-3.1339,0.7897,-3.1386,-4700.7290,-28632.0938,24.4109,1
-4703.1636,-28634.3926,24.9425,-5235.7725,-28107.6855,21.9598,-4704.1855,-28631.9258,20.9800,746.5994,-0.0004,0.0006,-3.1339,0.7896,-3.1385,-4700.7808,-28631.9941,24.3019,1
-4703.1636,-28634.3926,24.9425,-5235.7329,-28107.7754,21.9597,-4699.7510,-28632.8262,28.0350,750.3206,-0.0010,0.0021,-3.1338,0.7895,-3.1385,-4700.6938,-28631.9277,24.4211,1
-4703.1636,-28634.3926,24.9425,-5235.6938,-28107.8633,21.9597,-4699.9873,-28638.4121,27.2268,753.9780,-0.0001,0.0019,-3.1338,0.7897,-3.1385,-4700.6147,-28632.0527,24.5209,1
-4703.1636,-28634.3926,24.9425,-5235.6548,-28107.9492,21.9597,-4707.9468,-28630.1543,23.4074,742.4088,-0.0002,0.0011,-3.1338,0.7897,-3.1385,-4700.8037,-28631.9199,24.4992,1
-4703.1636,-28634.3926,24.9425,-5235.6167,-28108.0371,21.9598,-4703.4883,-28631.0566,21.0834,746.1281,-0.0007,0.0006,-3.1339,0.7896,-3.1385,-4700.8604,-28631.8145,24.3968,1
-4703.1636,-28634.3926,24.9425,-5235.5781,-28108.1230,21.9598,-4705.6694,-28638.6328,28.1448,749.8480,0.0007,0.0021,-3.1339,0.7895,-3.1385,-4700.9956,-28631.9629,24.5228,1
-4703.1636,-28634.3926,24.9425,-5235.5405,-28108.2070,21.9598,-4701.3418,-28639.1973,25.7989,753.2107,0.0002,0.0016,-3.1339,0.7894,-3.1385,-4700.9976,-28632.1484,24.5782,1
-4703.1636,-28634.3926,24.9425,-5235.5029,-28108.2910,21.9599,-4707.5083,-28629.5566,23.4472,741.9523,-0.0004,0.0011,-3.1340,0.7893,-3.1386,-4701.2090,-28632.0273,24.5572,1
-4703.1636,-28634.3926,24.9425,-5235.4658,-28108.3750,21.9599,-4703.0454,-28630.4434,21.1414,745.6699,-0.0010,0.0006,-3.1340,0.7892,-3.1386,-4701.2837,-28631.9336,24.4561,1
-4703.1636,-28634.3926,24.9425,-5235.4287,-28108.4590,21.9600,-4705.2100,-28638.0078,28.2117,749.3879,0.0005,0.0021,-3.1341,0.7891,-3.1386,-4701.4336,-28632.0918,24.5836,1
-4703.1636,-28634.3926,24.9425,-5235.3926,-28108.5410,21.9600,-4700.6797,-28638.3750,25.7965,752.7612,-0.0002,0.0016,-3.1341,0.7890,-3.1386,-4701.4399,-28632.2734,24.6383,1
-4703.1636,-28634.3926,24.9425,-5235.3560,-28108.6230,21.9601,-4706.8521,-28628.7383,23.4512,741.5079,-0.0007,0.0011,-3.1342,0.7890,-3.1386,-4701.6514,-28632.1484,24.6165,1
-4703.1636,-28634.3926,24.9425,-5235.3203,-28108.7031,21.9601,-4702.3838,-28629.6055,21.1482,745.2239,-0.0013,0.0006,-3.1343,0.7889,-3.1387,-4701.7227,-28632.0449,24.5144,1
-4703.1636,-28634.3926,24.9425,-5235.2847,-28108.7832,21.9602,-4704.5278,-28637.1582,28.2129,748.9402,0.0002,0.0021,-3.1343,0.7888,-3.1387,-4701.8652,-28632.1914,24.6408,1
-4703.1636,-28634.3926,24.9425,-5235.2495,-28108.8633,21.9602,-4700.0166,-28637.5508,25.7810,752.3237,-0.0004,0.0015,-3.1344,0.7887,-3.1387,-4701.8613,-28632.3594,24.6936,1
-4703.1636,-28634.3926,24.9425,-5235.2144,-28108.9414,21.9603,-4702.2734,-28641.1973,28.0881,753.2260,0.0004,0.0020,-3.1344,0.7887,-3.1387,-4701.9268,-28632.6621,24.8248,1
-4703.1636,-28634.3926,24.9425,-5235.1797,-28109.0195,21.9603,-4706.7271,-28629.0938,21.5358,741.4420,-0.0008,0.0006,-3.1345,0.7886,-3.1387,-4702.1411,-28632.5781,24.7433,1
-4703.1636,-28634.3926,24.9425,-5235.1455,-28109.0977,21.9603,-4703.8477,-28636.3105,28.1724,748.5044,-0.0001,0.0020,-3.1345,0.7886,-3.1388,-4702.2661,-28632.7266,24.8763,1
-4703.1636,-28634.3926,24.9425,-5235.1113,-28109.1738,21.9603,-4699.3628,-28636.7305,25.7598,751.8973,-0.0007,0.0015,-3.1345,0.7885,-3.1388,-4702.2432,-28632.8965,24.9353,1
-4703.1636,-28634.3926,24.9425,-5235.0771,-28109.2500,21.9604,-4705.5498,-28627.1035,23.4012,740.6538,-0.0013,0.0010,-3.1346,0.7885,-3.1388,-4702.4185,-28632.7520,24.9157,1
-4703.1636,-28634.3926,24.9425,-5235.0439,-28109.3262,21.9604,-4707.3921,-28634.3652,21.0619,744.3665,0.0002,0.0005,-3.1346,0.7889,-3.1388,-4702.6602,-28632.8359,24.8135,1
-4703.1636,-28634.3926,24.9425,-5235.0107,-28109.4004,21.9604,-4704.3359,-28637.4238,24.3571,748.6146,0.0002,0.0012,-3.1346,0.7889,-3.1388,-4702.8066,-28633.0254,24.8128,1
-4703.1636,-28634.3926,24.9425,-5234.9775,-28109.4746,21.9604,-4698.7114,-28635.9121,25.7416,751.4817,-0.0009,0.0015,-3.1346,0.7888,-3.1388,-4702.7656,-28633.1719,24.8568,1
-4703.1636,-28634.3926,24.9425,-5234.9448,-28109.5488,21.9604,-4711.4399,-28632.9082,23.3595,740.2428,0.0005,0.0010,-3.1346,0.7888,-3.1388,-4703.1406,-28633.2227,24.8222,1
-4703.1636,-28634.3926,24.9425,-5234.9126,-28109.6211,21.9604,-4706.9678,-28633.7812,21.0356,743.9540,-0.0000,0.0005,-3.1346,0.7888,-3.1388,-4703.3789,-28633.2988,24.7060,1
-4703.1636,-28634.3926,24.9425,-5234.8804,-28109.6934,21.9604,-4702.5098,-28634.6289,28.0831,747.6656,-0.0006,0.0020,-3.1346,0.7887,-3.1388,-4703.4722,-28633.4043,24.8176,1
-4703.1636,-28634.3926,24.9425,-5234.8486,-28109.7656,21.9605,-4698.0679,-28635.0996,25.7239,751.0767,-0.0012,0.0015,-3.1347,0.7887,-3.1388,-4703.4111,-28633.5234,24.8574,1
-4703.1636,-28634.3926,24.9425,-5234.8169,-28109.8359,21.9605,-4710.5498,-28631.8652,23.3366,739.8422,0.0003,0.0010,-3.1347,0.7891,-3.1388,-4703.7534,-28633.5371,24.8185,1
-4703.1636,-28634.3926,24.9425,-5234.7856,-28109.9062,21.9605,-4706.0654,-28632.7129,21.0126,743.5519,-0.0003,0.0005,-3.1347,0.7891,-3.1388,-4703.9551,-28633.5723,24.6981,1
-4703.1636,-28634.3926,24.9425,-5234.7549,-28109.9766,21.9605,-4701.6016,-28633.5410,28.0565,747.2621,-0.0009,0.0020,-3.1347,0.7891,-3.1388,-4704.0073,-28633.6328,24.8055,1
-4703.1636,-28634.3926,24.9425,-5234.7241,-28110.0469,21.9605,-4697.4155,-28634.2754,25.7136,750.6816,-0.0014,0.0015,-3.1347,0.7891,-3.1388,-4703.9111,-28633.7148,24.8418,1
-4703.1636,-28634.3926,24.9425,-5234.6934,-28110.1152,21.9605,-4710.1362,-28631.2988,23.3307,739.4516,0.0001,0.0010,-3.1347,0.7891,-3.1388,-4704.2231,-28633.6953,24.7996,1
-4703.1636,-28634.3926,24.9425,-5234.6631,-28110.1836,21.9605,-4705.6606,-28632.1465,21.0078,743.1599,-0.0005,0.0005,-3.1347,0.7891,-3.1388,-4704.3926,-28633.6973,24.6759,1
-4703.1636,-28634.3926,24.9425,-5234.6333,-28110.2500,21.9605,-4701.1992,-28632.9668,28.0476,746.8685,-0.0010,0.0020,-3.1347,0.7891,-3.1388,-4704.4116,-28633.7227,24.7804,1
-4703.1636,-28634.3926,24.9425,-5234.6035,-28110.3184,21.9605,-4703.1685,-28639.9551,25.6819,750.2965,0.0004,0.0015,-3.1347,0.7895,-3.1388,-4704.4849,-28633.9766,24.8129,1
-4703.1636,-28634.3926,24.9425,-5234.5737,-28110.3848,21.9605,-4698.6519,-28640.7734,23.3392,754.0039,-0.0002,0.0010,-3.1347,0.7895,-3.1388,-4704.4023,-28634.2676,24.7695,1
-4703.1636,-28634.3926,24.9425,-5234.5449,-28110.4512,21.9605,-4704.7861,-28631.1016,21.0035,742.7776,-0.0007,0.0005,-3.1348,0.7895,-3.1388,-4704.5068,-28634.2500,24.6434,1
-4703.1636,-28634.3926,24.9425,-5234.5156,-28110.5156,21.9605,-4708.8745,-28632.6953,20.4286,740.9250,0.0001,0.0003,-3.1348,0.7895,-3.1388,-4704.7466,-28634.2734,24.4896,1
-4703.1636,-28634.3926,24.9425,-5234.4868,-28110.5801,21.9605,-4702.4702,-28639.0996,25.6726,749.9210,0.0002,0.0015,-3.1348,0.7899,-3.1389,-4704.7769,-28634.5078,24.5037,1
-4703.1636,-28634.3926,24.9425,-5234.4585,-28110.6445,21.9606,-4699.1143,-28640.8027,25.7602,753.4374,-0.0000,0.0015,-3.1348,0.7900,-3.1389,-4704.6880,-28634.8027,24.5240,1
-4703.1636,-28634.3926,24.9425,-5234.4302,-28110.7090,21.9606,-4704.0957,-28630.2383,21.0004,742.4047,-0.0009,0.0005,-3.1348,0.7900,-3.1388,-4704.7480,-28634.7578,24.3881,1
-4703.1636,-28634.3926,24.9425,-5234.4023,-28110.7715,21.9606,-4709.7681,-28631.2773,21.7925,739.0298,0.0002,0.0006,-3.1348,0.7903,-3.1389,-4704.9961,-28634.7305,24.2716,1
-4703.1636,-28634.3926,24.9425,-5234.3745,-28110.8340,21.9606,-4702.0732,-28638.5469,25.6661,749.5546,0.0001,0.0014,-3.1348,0.7903,-3.1389,-4704.9927,-28634.9395,24.2810,1
-4703.1636,-28634.3926,24.9425,-5234.3472,-28110.8965,21.9606,-4697.5620,-28639.3516,23.3286,753.2593,-0.0005,0.0009,-3.1349,0.7904,-3.1389,-4704.8306,-28635.1777,24.2169,1
-4703.1636,-28634.3926,24.9425,-5234.3198,-28110.9570,21.9606,-4703.7158,-28629.6914,20.9964,742.0410,-0.0010,0.0004,-3.1349,0.7904,-3.1389,-4704.8530,-28635.0996,24.0730,1
-4703.1636,-28634.3926,24.9425,-5234.2925,-28111.0195,21.9606,-4705.8203,-28637.1621,28.0112,745.7456,0.0004,0.0019,-3.1349,0.7903,-3.1389,-4704.9419,-28635.2559,24.1592,1
-4703.1636,-28634.3926,24.9425,-5234.2656,-28111.0801,21.9607,-4701.4434,-28637.7578,25.6533,749.1971,-0.0001,0.0014,-3.1349,0.7903,-3.1389,-4704.8848,-28635.4336,24.1762,1
-4703.1636,-28634.3926,24.9425,-5234.2393,-28111.1387,21.9607,-4696.9360,-28638.5547,23.3149,752.9005,-0.0007,0.0009,-3.1349,0.7903,-3.1389,-4704.6689,-28635.6406,24.1197,1
-4703.1636,-28634.3926,24.9425,-5234.2129,-28111.1992,21.9607,-4703.1050,-28628.9102,20.9828,741.6859,-0.0012,0.0004,-3.1349,0.7903,-3.1389,-4704.6382,-28635.5254,23.9833,1
-4703.1636,-28634.3926,24.9425,-5234.1865,-28111.2578,21.9607,-4705.1987,-28636.3770,27.9935,745.3893,0.0002,0.0019,-3.1350,0.7903,-3.1389,-4704.6743,-28635.6426,24.0771,1
-4703.1636,-28634.3926,24.9425,-5234.1606,-28111.3164,21.9607,-4700.7954,-28636.9473,25.6412,748.8481,-0.0004,0.0014,-3.1350,0.7903,-3.1389,-4704.5635,-28635.7793,24.1017,1
-4703.1636,-28634.3926,24.9425,-5234.1353,-28111.3750,21.9607,-4696.2900,-28637.7363,23.3032,752.5502,-0.0009,0.0009,-3.1350,0.7903,-3.1389,-4704.2949,-28635.9395,24.0527,1
-4703.1636,-28634.3926,24.9425,-5234.1094,-28111.4316,21.9607,-4708.8140,-28634.5469,20.9522,741.3394,0.0005,0.0004,-3.1350,0.7907,-3.1389,-4704.4272,-28635.9941,23.9232,1
-4703.1636,-28634.3926,24.9425,-5234.0845,-28111.4883,21.9608,-4704.3530,-28635.3633,27.9774,745.0416,-0.0000,0.0019,-3.1350,0.7907,-3.1389,-4704.4189,-28636.0703,24.0243,1
-4703.1636,-28634.3926,24.9425,-5234.0591,-28111.5449,21.9608,-4700.1475,-28636.1348,25.6304,748.5074,-0.0006,0.0014,-3.1350,0.7907,-3.1389,-4704.2705,-28636.1660,24.0562,1
-4703.1636,-28634.3926,24.9425,-5234.0342,-28111.6016,21.9608,-4695.6401,-28636.9141,23.2930,752.2085,-0.0011,0.0009,-3.1351,0.7907,-3.1389,-4703.9644,-28636.2871,24.0144,1
-4703.1636,-28634.3926,24.9425,-5234.0098,-28111.6562,21.9608,-4708.1191,-28633.6934,20.9422,741.0011,0.0003,0.0004,-3.1351,0.7912,-3.1390,-4704.0576,-28636.2949,23.8919,1
-4703.1636,-28634.3926,24.9425,-5233.9854,-28111.7129,21.9608,-4703.6548,-28634.4980,27.9637,744.7022,-0.0002,0.0019,-3.1351,0.7912,-3.1390,-4704.0103,-28636.3223,23.9998,1
-4703.1636,-28634.3926,24.9425,-5233.9609,-28111.7676,21.9608,-4699.5059,-28635.3301,25.6186,748.1748,-0.0007,0.0014,-3.1351,0.7912,-3.1389,-4703.8252,-28636.3711,24.0384,1
-4703.1636,-28634.3926,24.9425,-5233.9370,-28111.8203,21.9608,-4694.9985,-28636.0938,23.2819,751.8747,-0.0013,0.0009,-3.1351,0.7912,-3.1390,-4703.4829,-28636.4395,24.0031,1
-4703.1636,-28634.3926,24.9425,-5233.9131,-28111.8750,21.9608,-4707.7134,-28633.1309,20.9343,740.6708,0.0002,0.0004,-3.1351,0.7912,-3.1390,-4703.5483,-28636.4062,23.8869,1
-4703.1636,-28634.3926,24.9425,-5233.8896,-28111.9277,21.9608,-4705.4009,-28636.4258,28.6019,744.6022,0.0003,0.0020,-3.1351,0.7912,-3.1390,-4703.5474,-28636.4727,24.0226,1
-4703.1636,-28634.3926,24.9425,-5233.8662,-28111.9805,21.9608,-4698.8706,-28634.5254,25.6053,747.8497,-0.0009,0.0014,-3.1351,0.7912,-3.1390,-4703.3340,-28636.4727,24.0683,1
-4703.1636,-28634.3926,24.9425,-5233.8433,-28112.0332,21.9609,-4706.9829,-28630.3457,23.4425,739.0717,-0.0003,0.0009,-3.1352,0.7916,-3.1390,-4703.3853,-28636.3242,24.0451,1
-4703.1636,-28634.3926,24.9425,-5233.8198,-28112.0840,21.9609,-4698.5024,-28632.8828,29.6482,746.8894,-0.0012,0.0023,-3.1352,0.7916,-3.1390,-4703.1621,-28636.2480,24.2285,1
-4703.1636,-28634.3926,24.9425,-5233.7974,-28112.1367,21.9609,-4702.4072,-28632.9082,27.9350,744.0468,-0.0006,0.0019,-3.1352,0.7917,-3.1390,-4703.0615,-28636.1641,24.3671,1
-4703.1636,-28634.3926,24.9425,-5233.7744,-28112.1875,21.9609,-4698.2266,-28633.7109,25.5946,747.5322,-0.0011,0.0014,-3.1352,0.7917,-3.1390,-4702.8223,-28636.0996,24.4342,1
-4703.1636,-28634.3926,24.9425,-5233.7520,-28112.2383,21.9609,-4700.0811,-28640.9590,23.2389,751.2300,0.0003,0.0009,-3.1352,0.7921,-3.1390,-4702.6382,-28636.2695,24.4243,1
-4703.1636,-28634.3926,24.9425,-5233.7300,-28112.2891,21.9609,-4706.1875,-28631.2773,20.9118,740.0326,-0.0002,0.0004,-3.1352,0.7922,-3.1390,-4702.6567,-28636.1250,24.3316,1
-4703.1636,-28634.3926,24.9425,-5233.7080,-28112.3379,21.9609,-4701.7305,-28632.0566,27.9234,743.7304,-0.0008,0.0019,-3.1352,0.7922,-3.1390,-4702.5361,-28635.9961,24.4668,1
-4703.1636,-28634.3926,24.9425,-5233.6860,-28112.3867,21.9609,-4704.1680,-28639.5918,25.5659,747.2220,0.0007,0.0014,-3.1352,0.7922,-3.1390,-4702.4985,-28636.1113,24.5296,1
-4703.1636,-28634.3926,24.9425,-5233.6646,-28112.4355,21.9609,-4699.6724,-28640.3887,23.2306,750.9187,0.0002,0.0009,-3.1353,0.7922,-3.1390,-4702.3179,-28636.2617,24.5159,1
-4703.1636,-28634.3926,24.9425,-5233.6431,-28112.4844,21.9609,-4705.5703,-28630.4922,20.9010,739.7244,-0.0004,0.0004,-3.1353,0.7926,-3.1390,-4702.3325,-28636.0859,24.4189,1
-4703.1636,-28634.3926,24.9425,-5233.6216,-28112.5332,21.9610,-4701.1084,-28631.2617,27.9094,743.4211,-0.0009,0.0019,-3.1353,0.7927,-3.1390,-4702.2065,-28635.9258,24.5496,1
-4703.1636,-28634.3926,24.9425,-5233.6006,-28112.5801,21.9610,-4703.3022,-28638.5703,25.5533,746.9186,0.0006,0.0014,-3.1353,0.7931,-3.1390,-4702.1553,-28636.0000,24.6078,1
-4703.1636,-28634.3926,24.9425,-5233.5796,-28112.6270,21.9610,-4700.6284,-28633.9512,24.0115,745.5303,-0.0005,0.0010,-3.1353,0.7931,-3.1390,-4702.0195,-28635.9258,24.6156,1
-4703.1636,-28634.3926,24.9425,-5233.5581,-28112.6758,21.9612,-4704.9336,-28629.6895,21.1064,739.4230,-0.0005,0.0004,-3.1357,0.7931,-3.1392,-4702.0293,-28635.7012,24.5227,1
-4703.1636,-28634.3926,24.9425,-5233.5356,-28112.7266,21.9618,-4700.4810,-28630.4551,28.6642,743.1188,-0.0011,0.0019,-3.1368,0.7931,-3.1396,-4701.8979,-28635.4922,24.6763,1
-4703.1636,-28634.3926,24.9425,-5233.5112,-28112.7812,21.9629,-4702.8989,-28638.0156,26.5606,746.6165,0.0004,0.0012,-3.1387,0.7931,-3.1404,-4701.8477,-28635.5273,24.7670,1
-4703.1636,-28634.3926,24.9425,-5233.4844,-28112.8418,21.9646,-4698.4038,-28638.8125,25.7078,750.3112,-0.0001,0.0007,-3.1415,0.7932,-3.1415,-4701.6523,-28635.5957,24.8320,1
-4703.1636,-28634.3926,24.9425,-5233.4556,-28112.9062,21.9669,-4704.5508,-28629.1934,25.1319,739.1227,-0.0007,0.0002,3.1383,0.7931,3.1403,-4701.6592,-28635.3477,24.8787,1
-4703.1636,-28634.3926,24.9425,-5233.4248,-28112.9766,21.9696,-4706.6636,-28636.5801,34.1744,742.8176,0.0008,0.0017,3.1345,0.7931,3.1388,-4701.7461,-28635.3379,25.2289,1
-4703.1636,-28634.3926,24.9425,-5233.3911,-28113.0527,21.9727,-4702.2622,-28637.2422,27.6597,746.2611,0.0002,-0.0002,3.1305,0.7931,3.1372,-4701.6987,-28635.3555,25.3779,1
-4703.1636,-28634.3926,24.9425,-5233.3550,-28113.1348,21.9759,-4697.7744,-28638.0664,27.4521,749.9547,-0.0004,-0.0007,3.1265,0.7931,3.1356,-4701.5049,-28635.4043,25.5222,1
-4703.1636,-28634.3926,24.9425,-5233.3159,-28113.2227,21.9791,-4703.9375,-28628.4980,27.0558,738.7700,-0.0009,-0.0012,3.1227,0.7931,3.1341,-4701.5117,-28635.1387,25.6557,1
-4703.1636,-28634.3926,24.9425,-5233.2744,-28113.3145,21.9821,-4705.8262,-28635.6719,35.9798,742.4636,0.0005,0.0003,3.1192,0.7934,3.1326,-4701.5898,-28635.1016,26.0896,1
-4703.1636,-28634.3926,24.9425,-5233.2305,-28113.4141,21.9855,-4701.6040,-28636.4609,27.3027,745.8168,-0.0000,-0.0019,3.1158,0.7934,3.1313,-4701.5371,-28635.0957,26.2499,1
-4703.1636,-28634.3926,24.9425,-5233.1841,-28113.5195,21.9897,-4704.4243,-28630.7168,24.6503,739.6615,-0.0005,-0.0028,3.1126,0.7933,3.1300,-4701.5820,-28634.8984,26.3190,1
-4703.1636,-28634.3926,24.9425,-5233.1348,-28113.6309,21.9944,-4709.8027,-28634.4219,26.0278,738.3291,0.0009,-0.0029,3.1094,0.7932,3.1287,-4701.8174,-28634.8203,26.4266,1
-4703.1636,-28634.3926,24.9425,-5233.0830,-28113.7480,21.9995,-4705.3486,-28635.2129,34.6543,742.0210,0.0003,-0.0014,3.1064,0.7932,3.1275,-4701.9204,-28634.7695,26.8200,1
-4703.1636,-28634.3926,24.9425,-5233.0288,-28113.8691,22.0048,-4700.9253,-28635.6562,27.1148,745.2762,-0.0003,-0.0034,3.1033,0.7931,3.1263,-4701.8823,-28634.7383,26.9725,1
-4703.1636,-28634.3926,24.9425,-5232.9722,-28113.9980,22.0102,-4706.2007,-28630.5312,32.0310,737.8391,-0.0003,-0.0026,3.1003,0.7930,3.1251,-4702.0210,-28634.5371,27.2869,1
-4703.1636,-28634.3926,24.9425,-5232.9131,-28114.1309,22.0156,-4709.1304,-28633.7051,25.6353,737.7928,0.0006,-0.0044,3.0974,0.7929,3.1239,-4702.2686,-28634.4355,27.3900,1
-4703.1636,-28634.3926,24.9425,-5232.8511,-28114.2715,22.0209,-4704.6543,-28634.5059,34.1657,741.4826,0.0000,-0.0029,3.0944,0.7929,3.1227,-4702.3784,-28634.3633,27.7716,1
-4703.1636,-28634.3926,24.9425,-5232.7876,-28114.4141,22.0259,-4700.3008,-28634.8984,26.8758,744.6424,-0.0006,-0.0047,3.0918,0.7928,3.1216,-4702.3462,-28634.3066,27.9163,1
-4703.1636,-28634.3926,24.9425,-5232.7222,-28114.5625,22.0305,-4710.4517,-28632.0234,29.7213,735.2630,0.0005,-0.0044,3.0895,0.7927,3.1207,-4702.6523,-28634.1562,28.1488,1
-4703.1636,-28634.3926,24.9425,-5232.6548,-28114.7148,22.0346,-4708.5078,-28633.0293,24.4272,737.1644,0.0003,-0.0057,3.0876,0.7926,3.1200,-4702.9077,-28634.0391,28.1991,1
-4703.1636,-28634.3926,24.9425,-5232.5859,-28114.8711,22.0382,-4704.0068,-28633.8535,32.1739,740.8515,-0.0003,-0.0042,3.0861,0.7925,3.1194,-4703.0210,-28633.9492,28.4970,1
-4703.1636,-28634.3926,24.9425,-5232.5151,-28115.0312,22.0416,-4699.6597,-28634.1211,26.0491,743.9297,-0.0009,-0.0057,3.0850,0.7924,3.1189,-4702.9873,-28633.8711,28.5910,1
-4703.1636,-28634.3926,24.9425,-5232.4424,-28115.1953,22.0446,-4701.7637,-28641.7617,24.2853,747.6138,0.0005,-0.0062,3.0841,0.7923,3.1186,-4703.0146,-28634.0527,28.6147,1
-4703.1636,-28634.3926,24.9425,-5232.3682,-28115.3613,22.0471,-4707.6807,-28631.7246,25.7554,736.1857,-0.0001,-0.0059,3.0835,0.7922,3.1183,-4703.2368,-28633.9160,28.6707,1
-4703.1636,-28634.3926,24.9425,-5232.2925,-28115.5332,22.0492,-4698.6616,-28637.3672,27.2961,746.4092,-0.0007,-0.0056,3.0832,0.7922,3.1182,-4703.1626,-28633.9668,28.7680,1
-4703.1636,-28634.3926,24.9425,-5232.2148,-28115.7090,22.0507,-4699.0308,-28633.3477,25.4788,743.1514,-0.0013,-0.0060,3.0830,0.7921,3.1181,-4703.0879,-28633.8945,28.7957,1
-4703.1636,-28634.3926,24.9425,-5232.1357,-28115.8887,22.0517,-4701.1191,-28641.0059,23.2360,746.8321,0.0002,-0.0065,3.0831,0.7920,3.1182,-4703.0723,-28634.0762,28.7368,1
-4703.1636,-28634.3926,24.9425,-5232.0547,-28116.0703,22.0522,-4699.5615,-28632.6230,24.3939,741.8958,-0.0014,-0.0062,3.0833,0.7919,3.1183,-4702.9976,-28633.9961,28.6992,1
-4703.1636,-28634.3926,24.9425,-5231.9722,-28116.2578,22.0520,-4704.9370,-28631.4570,21.3307,737.0400,-0.0008,-0.0068,3.0837,0.7918,3.1184,-4703.0957,-28633.8730,28.5435,1
-4703.1636,-28634.3926,24.9425,-5231.8882,-28116.4473,22.0513,-4704.9185,-28639.2188,25.2210,742.3102,0.0004,-0.0060,3.0843,0.7918,3.1186,-4703.1958,-28634.0098,28.5014,1
-4703.1636,-28634.3926,24.9425,-5231.8022,-28116.6406,22.0500,-4700.4668,-28640.2344,22.4518,745.9874,-0.0001,-0.0065,3.0850,0.7917,3.1189,-4703.1484,-28634.1914,28.3574,1
-4703.1636,-28634.3926,24.9425,-5231.7148,-28116.8398,22.0482,-4706.5957,-28630.8633,19.6191,734.8525,-0.0007,-0.0070,3.0859,0.7916,3.1193,-4703.3008,-28634.0703,28.0991,1
-4703.1636,-28634.3926,24.9425,-5231.6260,-28117.0410,22.0458,-4702.0581,-28631.7676,25.9394,738.5297,-0.0013,-0.0055,3.0870,0.7915,3.1197,-4703.3057,-28633.9766,28.0361,1
-4703.1636,-28634.3926,24.9425,-5231.5352,-28117.2461,22.0429,-4702.0264,-28629.8770,27.3861,737.0357,-0.0015,-0.0050,3.0883,0.7919,3.1202,-4703.3042,-28633.8125,28.0171,1
-4703.1636,-28634.3926,24.9425,-5231.4429,-28117.4551,22.0394,-4701.3213,-28630.6699,26.6728,737.8774,-0.0015,-0.0050,3.0898,0.7918,3.1208,-4703.2749,-28633.6660,27.9724,1
-4703.1636,-28634.3926,24.9425,-5231.3491,-28117.6660,22.0354,-4705.4771,-28629.6328,18.3912,733.9581,-0.0010,-0.0066,3.0914,0.7922,3.1214,-4703.3813,-28633.4805,27.6425,1
-4703.1636,-28634.3926,24.9425,-5231.2534,-28117.8828,22.0310,-4700.9170,-28630.5371,24.2736,737.6313,-0.0016,-0.0051,3.0934,0.7922,3.1222,-4703.3364,-28633.3184,27.4932,1
-4703.1636,-28634.3926,24.9425,-5231.1562,-28118.1035,22.0260,-4703.6216,-28637.6582,24.3231,740.4443,-0.0001,-0.0048,3.0955,0.7921,3.1231,-4703.3765,-28633.3945,27.3402,1
-4703.1636,-28634.3926,24.9425,-5231.0576,-28118.3262,22.0209,-4705.9604,-28636.4453,23.0501,737.6981,0.0000,-0.0049,3.0979,0.7920,3.1240,-4703.4951,-28633.4414,27.1387,1
-4703.1636,-28634.3926,24.9425,-5230.9565,-28118.5547,22.0160,-4705.3159,-28629.3828,17.1380,733.0032,-0.0012,-0.0059,3.1003,0.7919,3.1250,-4703.5967,-28633.2559,26.7276,1
-4703.1636,-28634.3926,24.9425,-5230.8535,-28118.7891,22.0113,-4705.0542,-28633.7129,24.0661,735.9582,-0.0006,-0.0041,3.1025,0.7923,3.1258,-4703.6914,-28633.2129,26.5345,1
-4703.1636,-28634.3926,24.9425,-5230.7476,-28119.0293,22.0070,-4702.6968,-28636.5957,24.3086,739.4160,-0.0004,-0.0038,3.1045,0.7927,3.1266,-4703.7075,-28633.2695,26.3481,1
-4703.1636,-28634.3926,24.9425,-5230.6401,-28119.2734,22.0031,-4704.5186,-28636.7617,19.2254,737.9890,-0.0001,-0.0047,3.1064,0.7932,3.1274,-4703.7817,-28633.3398,25.9888,1
-4703.1636,-28634.3926,24.9425,-5230.5298,-28119.5234,21.9996,-4703.8940,-28627.8691,17.6669,731.9842,-0.0015,-0.0048,3.1082,0.7935,3.1281,-4703.8345,-28633.1172,25.5637,1
-4703.1636,-28634.3926,24.9425,-5230.4175,-28119.7773,21.9965,-4705.5127,-28635.1758,23.7719,735.6485,-0.0001,-0.0033,3.1098,0.7940,3.1287,-4703.9409,-28633.1348,25.3349,1
-4703.1636,-28634.3926,24.9425,-5230.3027,-28120.0371,21.9939,-4700.5396,-28634.8574,26.8023,738.7305,-0.0009,-0.0025,3.1113,0.7939,3.1293,-4703.8804,-28633.1465,25.2114,1
-4703.1636,-28634.3926,24.9425,-5230.1855,-28120.3027,21.9917,-4697.8530,-28637.1367,21.6110,741.9647,-0.0010,-0.0035,3.1126,0.7938,3.1298,-4703.7202,-28633.2402,24.9222,1
-4703.1636,-28634.3926,24.9425,-5230.0664,-28120.5742,21.9900,-4702.0151,-28636.8242,25.8637,738.4966,-0.0004,-0.0024,3.1137,0.7941,3.1302,-4703.6860,-28633.3359,24.7751,1
-4703.1636,-28634.3926,24.9425,-5229.9448,-28120.8496,21.9886,-4705.6836,-28635.3223,25.2340,734.5431,-0.0001,-0.0025,3.1145,0.7941,3.1306,-4703.7720,-28633.3867,24.6154,1
-4703.1636,-28634.3926,24.9425,-5229.8208,-28121.1309,21.9876,0.0000,0.0000,0.0000,0.0000,0.0000,0.0000,3.1152,0.7939,3.1309,0.0000,0.0000,0.0000,1
-4703.1636,-28634.3926,24.9425,-5229.6948,-28121.4180,21.9869,0.0000,0.0000,0.0000,0.0000,0.0000,0.0000,3.1157,0.7938,3.1311,0.0000,0.0000,0.0000,0
-4703.1636,-28634.3926,24.9425,-5229.5664,-28121.7090,21.9866,0.0000,0.0000,0.0000,0.0000,0.0000,0.0000,3.1159,0.7942,3.1311,0.0000,0.0000,0.0000,0
-4703.1636,-28634.3926,24.9425,-5229.4360,-28122.0059,21.9867,0.0000,0.0000,0.0000,0.0000,0.0000,0.0000,3.1159,0.7941,3.1311,0.0000,0.0000,0.0000,0
-4703.1636,-28634.3926,24.9425,-5229.3032,-28122.3066,21.9870,0.0000,0.0000,0.0000,735.8355,-0.0011,-0.0023,3.1157,0.7940,3.1310,0.0000,0.0000,0.0000,0
-4703.1636,-28634.3926,24.9425,-5229.1685,-28122.6133,21.9877,-4696.4463,-28635.4766,23.3202,739.4837,-0.0016,-0.0028,3.1153,0.7942,3.1309,-4696.4463,-28635.4766,23.3202,1
-4703.1636,-28634.3926,24.9425,-5229.0312,-28122.9258,21.9887,-4700.5835,-28635.8262,23.0563,736.4355,-0.0010,-0.0029,3.1147,0.7940,3.1306,-4696.5864,-28635.4883,23.3112,1
-4703.1636,-28634.3926,24.9425,-5228.8921,-28123.2422,21.9900,-4704.4658,-28634.0000,28.6395,732.0848,-0.0007,-0.0018,3.1139,0.7939,3.1303,-4696.8691,-28635.4395,23.4923,1
-4703.1636,-28634.3926,24.9425,-5228.7505,-28123.5645,21.9916,-4696.9448,-28635.2246,22.8355,737.9898,-0.0017,-0.0031,3.1130,0.7937,3.1299,-4696.9111,-28635.4277,23.4868,1
-4703.1636,-28634.3926,24.9425,-5228.6064,-28123.8906,21.9934,-4705.2241,-28637.8262,27.0534,733.5493,-0.0001,-0.0024,3.1119,0.7936,3.1294,-4697.2344,-28635.5059,23.6228,1
-4703.1636,-28634.3926,24.9425,-5228.4604,-28124.2246,21.9954,-4704.6328,-28637.2773,23.8481,733.2377,-0.0004,-0.0032,3.1106,0.7934,3.1289,-4697.5532,-28635.5684,23.6567,1
-4703.1636,-28634.3926,24.9425,-5228.3125,-28124.5605,21.9977,-4700.8447,-28636.6230,26.9827,735.1654,-0.0011,-0.0027,3.1092,0.7933,3.1284,-4697.7563,-28635.6133,23.7967,1
-4703.1636,-28634.3926,24.9425,-5228.1621,-28124.9043,22.0002,-4699.8301,-28633.0215,26.0952,733.0408,-0.0019,-0.0030,3.1077,0.7931,3.1277,-4697.9287,-28635.5391,23.9127,1
-4703.1636,-28634.3926,24.9425,-5228.0098,-28125.2520,22.0028,-4700.3091,-28641.3105,30.5754,738.1516,-0.0005,-0.0023,3.1061,0.7935,3.1270,-4698.1172,-28635.7383,24.1835,1
-4703.1636,-28634.3926,24.9425,-5227.8550,-28125.6035,22.0056,-4707.5332,-28631.4082,23.2564,725.6680,-0.0010,-0.0040,3.1043,0.7934,3.1263,-4698.5566,-28635.6113,24.2183,1
-4703.1636,-28634.3926,24.9425,-5227.6978,-28125.9629,22.0085,-4702.2964,-28629.7578,29.5574,727.9600,-0.0021,-0.0028,3.1025,0.7932,3.1256,-4698.8315,-28635.4199,24.4651,1
-4703.1636,-28634.3926,24.9425,-5227.5386,-28126.3262,22.0115,-4698.9219,-28631.9492,26.2386,731.5220,-0.0022,-0.0038,3.1006,0.7936,3.1247,-4698.9927,-28635.2891,24.6067,1
-4703.1636,-28634.3926,24.9425,-5227.3774,-28126.6934,22.0147,-4699.3628,-28642.1465,26.8738,737.9253,-0.0006,-0.0039,3.0987,0.7935,3.1239,-4699.1636,-28635.5000,24.7700,1
-4703.1636,-28634.3926,24.9425,-5227.2139,-28127.0664,22.0178,-4706.8652,-28630.6797,23.7022,724.1635,-0.0013,-0.0048,3.0967,0.7934,3.1231,-4699.5879,-28635.3340,24.8268,1
-4703.1636,-28634.3926,24.9425,-5227.0479,-28127.4453,22.0210,-4702.2007,-28631.5391,31.5552,727.7917,-0.0019,-0.0033,3.0947,0.7935,3.1223,-4699.8613,-28635.1875,25.1476,1
-4703.1636,-28634.3926,24.9425,-5226.8804,-28127.8281,22.0242,-4704.6299,-28637.7305,26.2680,729.9219,-0.0005,-0.0047,3.0928,0.7940,3.1215,-4700.2168,-28635.2461,25.2978,1
-4703.1636,-28634.3926,24.9425,-5226.7114,-28128.2148,22.0270,-4700.1348,-28638.8730,24.6796,733.5427,-0.0011,-0.0052,3.0914,0.7939,3.1209,-4700.4209,-28635.3496,25.3918,1
-4703.1636,-28634.3926,24.9425,-5226.5410,-28128.6055,22.0296,-4706.9697,-28631.8145,24.3051,723.3270,-0.0012,-0.0054,3.0904,0.7938,3.1205,-4700.8530,-28635.2188,25.4669,1
-4703.1636,-28634.3926,24.9425,-5226.3691,-28128.9980,22.0318,-4701.3223,-28630.6016,30.1105,726.1992,-0.0022,-0.0042,3.0895,0.7943,3.1201,-4701.0962,-28635.0410,25.7354,1
-4703.1636,-28634.3926,24.9425,-5226.1963,-28129.3945,22.0334,-4703.9053,-28636.8672,25.6110,728.2534,-0.0007,-0.0052,3.0889,0.7950,3.1198,-4701.4204,-28635.0684,25.8548,1
-4703.1636,-28634.3926,24.9425,-5226.0215,-28129.7949,22.0347,-4699.3931,-28637.9902,23.4381,731.8665,-0.0013,-0.0057,3.0886,0.7950,3.1197,-4701.5874,-28635.1387,25.8951,1
-4703.1636,-28634.3926,24.9425,-5225.8452,-28130.1973,22.0356,-4705.2134,-28628.8418,21.1401,720.9256,-0.0018,-0.0062,3.0886,0.7953,3.1196,-4701.9424,-28634.9023,25.8447,1
-4703.1636,-28634.3926,24.9425,-5225.6675,-28130.6035,22.0362,-4703.4336,-28630.9258,28.8313,723.2689,-0.0017,-0.0045,3.0887,0.7959,3.1196,-4702.2339,-28634.7246,26.0460,1
-4703.1636,-28634.3926,24.9425,-5225.4888,-28131.0137,22.0363,-4703.6270,-28636.4570,25.1288,726.5297,-0.0008,-0.0053,3.0890,0.7959,3.1198,-4702.5264,-28634.7305,26.1222,1
-4703.1636,-28634.3926,24.9425,-5225.3081,-28131.4277,22.0360,-4698.9858,-28637.4473,22.5241,730.1347,-0.0014,-0.0058,3.0895,0.7961,3.1200,-4702.6533,-28634.7773,26.1034,1
-4703.1636,-28634.3926,24.9425,-5225.1265,-28131.8438,22.0352,-4704.8042,-28628.3379,19.8594,719.2182,-0.0020,-0.0063,3.0902,0.7965,3.1202,-4702.9634,-28634.5156,25.9784,1
-4703.1636,-28634.3926,24.9425,-5224.9434,-28132.2637,22.0339,-4706.1611,-28635.5508,26.3006,722.8232,-0.0005,-0.0048,3.0910,0.7971,3.1205,-4703.3159,-28634.4902,26.0604,1
-4703.1636,-28634.3926,24.9425,-5224.7588,-28132.6875,22.0322,-4702.0649,-28629.9746,25.2340,721.4814,-0.0021,-0.0049,3.0920,0.7972,3.1209,-4703.5244,-28634.2793,26.1034,1
-4703.1636,-28634.3926,24.9425,-5224.5728,-28133.1133,22.0300,-4699.9355,-28635.8867,23.5297,726.6711,-0.0014,-0.0052,3.0932,0.7975,3.1213,-4703.6479,-28634.2637,26.0835,1
-4703.1636,-28634.3926,24.9425,-5224.3857,-28133.5430,22.0274,-4704.0039,-28627.4180,18.8744,717.4581,-0.0021,-0.0060,3.0945,0.7981,3.1218,-4703.8940,-28633.9590,25.8921,1
-4703.1636,-28634.3926,24.9425,-5224.1973,-28133.9766,22.0245,-4705.3799,-28634.6953,24.9801,721.0548,-0.0007,-0.0045,3.0960,0.7987,3.1225,-4704.1797,-28633.8965,25.8959,1
-4703.1636,-28634.3926,24.9425,-5224.0073,-28134.4121,22.0214,-4702.3604,-28634.8887,24.4154,722.9238,-0.0011,-0.0045,3.0977,0.7988,3.1232,-4704.3555,-28633.8457,25.8769,1
-4703.1636,-28634.3926,24.9425,-5223.8154,-28134.8535,22.0183,-4704.0044,-28636.5488,19.7833,722.4475,-0.0006,-0.0053,3.0993,0.7992,3.1239,-4704.5747,-28633.8574,25.6932,1
-4703.1636,-28634.3926,24.9425,-5223.6216,-28135.2988,22.0154,-4709.5430,-28633.1309,18.4587,715.6467,-0.0003,-0.0055,3.1006,0.7998,3.1244,-4704.9780,-28633.7598,25.4471,1
-4703.1636,-28634.3926,24.9425,-5223.4258,-28135.7500,22.0126,-4704.9512,-28634.2070,24.5939,719.2347,-0.0008,-0.0040,3.1017,0.7999,3.1249,-4705.2227,-28633.7012,25.3998,1
-4703.1636,-28634.3926,24.9425,-5223.2280,-28136.2051,22.0101,-4701.4575,-28633.8242,24.7169,721.0363,-0.0014,-0.0038,3.1027,0.8005,3.1252,-4705.3369,-28633.6328,25.3556,1
-4703.1636,-28634.3926,24.9425,-5223.0278,-28136.6641,22.0080,-4704.0303,-28636.5957,27.3152,720.6469,-0.0005,-0.0032,3.1035,0.8010,3.1255,-4705.5225,-28633.6621,25.4008,1
-4703.1636,-28634.3926,24.9425,-5222.8262,-28137.1289,22.0063,-4709.3301,-28632.8770,26.7500,713.7792,-0.0002,-0.0032,3.1041,0.8017,3.1257,-4705.8818,-28633.5742,25.4320,1
-4703.1636,-28634.3926,24.9425,-5222.6221,-28137.5996,22.0050,-4702.8364,-28637.4023,26.3052,721.1190,-0.0005,-0.0032,3.1046,0.8017,3.1259,-4706.0142,-28633.6426,25.4508,1
-4703.1636,-28634.3926,24.9425,-5222.4160,-28138.0742,22.0041,-4700.9971,-28633.2148,25.0096,719.0739,-0.0014,-0.0035,3.1050,0.8020,3.1260,-4706.0669,-28633.5762,25.4269,1
-4703.1636,-28634.3926,24.9425,-5222.2080,-28138.5527,22.0036,-4702.7593,-28640.9160,22.7060,722.6438,-0.0000,-0.0040,3.1052,0.8020,3.1261,-4706.1621,-28633.7773,25.3228,1
-4703.1636,-28634.3926,24.9425,-5221.9980,-28139.0371,22.0035,-4701.5825,-28636.9531,25.2086,720.2626,-0.0009,-0.0034,3.1052,0.8020,3.1261,-4706.2007,-28633.8594,25.2999,1
-4703.1636,-28634.3926,24.9425,-5221.7856,-28139.5273,22.0037,-4710.0752,-28634.4648,20.8012,711.9215,-0.0000,-0.0044,3.1051,0.8019,3.1260,-4706.5181,-28633.8633,25.1226,1
-4703.1636,-28634.3926,24.9425,-5221.5718,-28140.0215,22.0042,-4700.3687,-28632.4258,25.3106,717.0366,-0.0018,-0.0034,3.1048,0.8023,3.1258,-4706.4980,-28633.7988,25.0946,1
-4703.1636,-28634.3926,24.9425,-5221.3560,-28140.5195,22.0050,-4702.0938,-28640.1270,23.3480,720.5970,-0.0004,-0.0039,3.1044,0.8022,3.1256,-4706.5181,-28633.9980,25.0002,1
-4703.1636,-28634.3926,24.9425,-5221.1377,-28141.0234,22.0061,-4697.6113,-28641.3262,21.3471,724.1569,-0.0009,-0.0044,3.1038,0.8022,3.1254,-4706.3677,-28634.2520,24.8346,1
-4703.1636,-28634.3926,24.9425,-5220.9180,-28141.5312,22.0075,-4698.7080,-28636.8887,23.8698,719.7947,-0.0015,-0.0039,3.1030,0.8021,3.1250,-4706.2290,-28634.3691,24.7496,1
-4703.1636,-28634.3926,24.9425,-5220.6963,-28142.0449,22.0090,-4710.6812,-28633.0918,23.5517,707.9988,-0.0003,-0.0041,3.1021,0.8025,3.1246,-4706.4873,-28634.3594,24.6527,1
-4703.1636,-28634.3926,24.9425,-5220.4722,-28142.5625,22.0108,-4701.4497,-28639.3535,23.9588,718.4759,-0.0007,-0.0041,3.1010,0.8025,3.1241,-4706.4277,-28634.5625,24.5701,1
-4703.1636,-28634.3926,24.9425,-5220.2466,-28143.0859,22.0128,-4696.9683,-28640.5605,22.2577,722.0258,-0.0013,-0.0046,3.0998,0.8024,3.1236,-4706.1987,-28634.8164,24.4294,1
-4703.1636,-28634.3926,24.9425,-5220.0186,-28143.6133,22.0149,-4702.8223,-28631.8242,29.5740,711.2751,-0.0019,-0.0031,3.0985,0.8023,3.1231,-4706.1465,-28634.7793,24.5422,1
-4703.1636,-28634.3926,24.9425,-5219.7891,-28144.1465,22.0172,-4705.2686,-28637.3359,25.9359,712.7411,-0.0006,-0.0041,3.0971,0.8028,3.1224,-4706.1709,-28634.9238,24.5407,1
-4703.1636,-28634.3926,24.9425,-5219.5571,-28144.6836,22.0197,-4699.1948,-28637.6895,23.0069,716.8360,-0.0015,-0.0049,3.0955,0.8028,3.1217,-4705.9790,-28635.0859,24.4416,1
-4703.1636,-28634.3926,24.9425,-5219.3232,-28145.2246,22.0223,-4696.2729,-28639.7305,22.9258,719.8208,-0.0017,-0.0051,3.0939,0.8028,3.1211,-4705.6699,-28635.3203,24.3385,1
-4703.1636,-28634.3926,24.9425,-5219.0884,-28145.7715,22.0248,-4701.8862,-28630.7910,30.2540,709.1014,-0.0022,-0.0036,3.0925,0.8032,3.1204,-4705.5322,-28635.2500,24.4916,1
-4703.1636,-28634.3926,24.9425,-5218.8521,-28146.3203,22.0273,-4704.8784,-28636.8145,25.7814,710.4846,-0.0009,-0.0048,3.0914,0.8032,3.1200,-4705.4917,-28635.3789,24.5019,1
-4703.1636,-28634.3926,24.9425,-5218.6143,-28146.8711,22.0295,-4700.4004,-28638.0352,23.9483,714.0139,-0.0014,-0.0053,3.0905,0.8032,3.1196,-4705.2939,-28635.5508,24.4519,1
-4703.1636,-28634.3926,24.9425,-5218.3750,-28147.4258,22.0313,-4695.7178,-28639.0273,21.9746,717.5428,-0.0020,-0.0058,3.0899,0.8036,3.1194,-4704.9233,-28635.7578,24.3332,1
-4703.1636,-28634.3926,24.9425,-5218.1348,-28147.9844,22.0329,-4695.6104,-28638.8984,30.5665,717.0204,-0.0019,-0.0039,3.0894,0.8042,3.1191,-4704.5298,-28635.9668,24.5100,1
-4703.1636,-28634.3926,24.9425,-5217.8936,-28148.5449,22.0342,-4704.2397,-28636.0234,25.2981,708.1731,-0.0011,-0.0051,3.0892,0.8043,3.1190,-4704.4199,-28636.0762,24.5183,1
-4703.1636,-28634.3926,24.9425,-5217.6509,-28149.1094,22.0352,-4699.5288,-28636.9902,23.0432,711.6915,-0.0017,-0.0056,3.0891,0.8048,3.1189,-4704.1475,-28636.2168,24.4498,1
-4703.1636,-28634.3926,24.9425,-5217.4067,-28149.6758,22.0359,-4694.7510,-28637.8633,20.6886,715.2094,-0.0022,-0.0061,3.0892,0.8054,3.1189,-4703.7021,-28636.3867,24.2967,1
-4703.1636,-28634.3926,24.9425,-5217.1616,-28150.2461,22.0362,-4706.2246,-28635.3184,27.3210,704.5558,-0.0008,-0.0046,3.0893,0.8062,3.1189,-4703.6440,-28636.4648,24.3697,1
-4703.1636,-28634.3926,24.9425,-5216.9150,-28150.8203,22.0362,-4704.5205,-28627.4531,26.0901,699.8314,-0.0024,-0.0048,3.0897,0.8063,3.1190,-4703.5366,-28636.2559,24.4074,1
-4703.1636,-28634.3926,24.9425,-5216.6675,-28151.3965,22.0359,-4698.9102,-28636.2051,22.4856,709.3220,-0.0018,-0.0056,3.0902,0.8068,3.1192,-4703.2383,-28636.3340,24.3219,1
-4703.1636,-28634.3926,24.9425,-5216.4189,-28151.9746,22.0351,-4694.0928,-28637.0195,19.9035,712.8286,-0.0024,-0.0061,3.0907,0.8075,3.1194,-4702.7666,-28636.4395,24.1427,1
-4703.1636,-28634.3926,24.9425,-5216.1689,-28152.5566,22.0340,-4705.5571,-28634.5684,26.3099,702.2089,-0.0009,-0.0046,3.0914,0.8083,3.1196,-4702.6851,-28636.4551,24.1808,1
-4703.1636,-28634.3926,24.9425,-5215.9175,-28153.1406,22.0326,-4703.5190,-28628.1250,22.0423,698.7028,-0.0023,-0.0055,3.0922,0.8088,3.1199,-4702.5444,-28636.2324,24.0727,1
-4703.1636,-28634.3926,24.9425,-5215.6650,-28153.7285,22.0308,-4698.0747,-28635.1797,22.0433,706.9072,-0.0019,-0.0054,3.0931,0.8095,3.1203,-4702.2192,-28636.2422,23.9622,1
-4703.1636,-28634.3926,24.9425,-5215.4116,-28154.3184,22.0286,-4699.2939,-28642.4395,19.3887,710.4024,-0.0005,-0.0059,3.0941,0.8103,3.1207,-4701.9341,-28636.5020,23.7557,1
-4703.1636,-28634.3926,24.9425,-5215.1572,-28154.9121,22.0262,-4704.9004,-28633.8184,25.4510,699.8174,-0.0010,-0.0044,3.0953,0.8105,3.1213,-4701.8491,-28636.4707,23.7553,1
-4703.1636,-28634.3926,24.9425,-5214.9014,-28155.5078,22.0237,-4702.1138,-28633.3926,24.5040,700.9641,-0.0015,-0.0044,3.0966,0.8114,3.1219,-4701.6782,-28636.4141,23.7271,1
-4703.1636,-28634.3926,24.9425,-5214.6440,-28156.1074,22.0211,-4706.1187,-28633.9121,27.4260,697.8103,-0.0007,-0.0036,3.0980,0.8121,3.1226,-4701.6587,-28636.3691,23.8076,1
-4703.1636,-28634.3926,24.9425,-5214.3853,-28156.7109,22.0185,-4702.0747,-28634.1348,22.6462,700.2969,-0.0012,-0.0046,3.0993,0.8130,3.1231,-4701.5107,-28636.3242,23.7270,1
-4703.1636,-28634.3926,24.9425,-5214.1245,-28157.3184,22.0162,-4704.0630,-28632.8750,24.9349,697.3821,-0.0011,-0.0039,3.1003,0.8133,3.1236,-4701.4414,-28636.2266,23.7273,1
-4703.1636,-28634.3926,24.9425,-5213.8623,-28157.9297,22.0141,-4704.9590,-28632.5820,21.6594,695.9142,-0.0010,-0.0046,3.1010,0.8140,3.1239,-4701.4165,-28636.1113,23.6144,1
-4703.1636,-28634.3926,24.9425,-5213.5977,-28158.5469,22.0125,-4696.0215,-28637.0918,27.6435,704.9370,-0.0015,-0.0032,3.1016,0.8148,3.1241,-4701.0869,-28636.1484,23.7116,1
-4703.1636,-28634.3926,24.9425,-5213.3315,-28159.1680,22.0112,-4698.2031,-28641.0645,19.8880,705.4133,-0.0006,-0.0049,3.1019,0.8150,3.1243,-4700.8281,-28636.3281,23.5443,1
-4703.1636,-28634.3926,24.9425,-5213.0635,-28159.7930,22.0104,-4703.7383,-28632.4883,26.3552,694.8997,-0.0011,-0.0034,3.1021,0.8154,3.1243,-4700.7671,-28636.2129,23.6008,1
-4703.1636,-28634.3926,24.9425,-5212.7935,-28160.4238,22.0100,-4701.0884,-28632.0410,25.0636,695.9098,-0.0016,-0.0037,3.1021,0.8159,3.1243,-4700.6235,-28636.0703,23.6186,1
-4703.1636,-28634.3926,24.9425,-5212.5215,-28161.0566,22.0100,-4696.9453,-28637.4863,23.7049,702.0142,-0.0014,-0.0040,3.1019,0.8160,3.1242,-4700.3389,-28636.1152,23.5920,1
-4703.1636,-28634.3926,24.9425,-5212.2476,-28161.6973,22.0105,-4697.9106,-28640.6602,20.9765,702.8290,-0.0007,-0.0047,3.1015,0.8164,3.1240,-4700.0869,-28636.2773,23.4698,1
-4703.1636,-28634.3926,24.9425,-5211.9717,-28162.3398,22.0113,-4703.4185,-28632.1055,27.7469,692.3525,-0.0013,-0.0032,3.1009,0.8168,3.1237,-4700.0342,-28636.1406,23.5862,1
-4703.1636,-28634.3926,24.9425,-5211.6943,-28162.9883,22.0126,-4700.7285,-28631.5254,25.3878,693.2823,-0.0019,-0.0038,3.1002,0.8169,3.1234,-4699.8984,-28635.9746,23.6282,1
-4703.1636,-28634.3926,24.9425,-5211.4146,-28163.6406,22.0141,-4701.9878,-28638.9258,23.7163,696.7296,-0.0004,-0.0043,3.0992,0.8174,3.1230,-4699.8154,-28636.0645,23.6147,1
-4703.1636,-28634.3926,24.9425,-5211.1333,-28164.2969,22.0159,-4697.4976,-28640.1172,22.0030,700.1765,-0.0010,-0.0048,3.0982,0.8175,3.1225,-4699.5820,-28636.2051,23.5408,1
-4703.1636,-28634.3926,24.9425,-5210.8501,-28164.9590,22.0180,-4703.0342,-28631.6465,29.0540,689.7380,-0.0015,-0.0033,3.0969,0.8178,3.1219,-4699.5498,-28636.0469,23.7188,1
-4703.1636,-28634.3926,24.9425,-5210.5649,-28165.6250,22.0203,-4705.8354,-28636.9297,25.7814,690.5879,-0.0002,-0.0042,3.0955,0.8184,3.1213,-4699.6323,-28636.0723,23.7911,1
-4703.1636,-28634.3926,24.9425,-5210.2783,-28166.2949,22.0228,-4701.1602,-28637.9297,24.3003,694.0222,-0.0007,-0.0047,3.0939,0.8189,3.1206,-4699.5649,-28636.1348,23.8142,1
-4703.1636,-28634.3926,24.9425,-5209.9897,-28166.9688,22.0254,-4696.6768,-28639.1250,22.7495,697.4561,-0.0013,-0.0052,3.0925,0.8190,3.1200,-4699.3442,-28636.2441,23.7825,1
-4703.1636,-28634.3926,24.9425,-5209.7002,-28167.6445,22.0280,-4706.7061,-28634.2637,29.3670,686.1534,-0.0005,-0.0038,3.0913,0.8193,3.1194,-4699.4863,-28636.1836,23.9888,1
-4703.1636,-28634.3926,24.9425,-5209.4097,-28168.3242,22.0304,-4705.2051,-28636.1426,25.5500,687.8299,-0.0004,-0.0048,3.0904,0.8200,3.1190,-4699.5942,-28636.1875,24.0679,1
-4703.1636,-28634.3926,24.9425,-5209.1177,-28169.0078,22.0325,-4700.7305,-28637.3496,23.7174,691.2510,-0.0010,-0.0053,3.0896,0.8201,3.1186,-4699.5557,-28636.2363,24.0830,1
-4703.1636,-28634.3926,24.9425,-5208.8247,-28169.6914,22.0344,-4696.2974,-28638.5820,21.7868,694.6718,-0.0015,-0.0058,3.0890,0.8201,3.1184,-4699.3628,-28636.3301,24.0269,1
-4703.1636,-28634.3926,24.9425,-5208.5308,-28170.3789,22.0363,-4697.7983,-28642.8184,29.4626,695.7870,-0.0006,-0.0041,3.0885,0.8205,3.1182,-4699.2202,-28636.5801,24.2406,1
-4703.1636,-28634.3926,24.9425,-5208.2354,-28171.0703,22.0380,-4704.8799,-28635.6816,25.2379,685.0275,-0.0007,-0.0051,3.0882,0.8206,3.1180,-4699.3354,-28636.5879,24.3142,1
-4703.1636,-28634.3926,24.9425,-5207.9390,-28171.7617,22.0394,-4700.4697,-28636.9414,23.1531,688.4351,-0.0013,-0.0056,3.0880,0.8206,3.1179,-4699.3052,-28636.6367,24.3125,1
-4703.1636,-28634.3926,24.9425,-5207.6416,-28172.4570,22.0407,-4695.8838,-28637.9922,21.0012,691.8424,-0.0018,-0.0061,3.0878,0.8210,3.1179,-4699.1147,-28636.7227,24.2292,1
-4703.1636,-28634.3926,24.9425,-5207.3428,-28173.1562,22.0417,-4707.3076,-28636.1777,27.5789,681.5239,-0.0004,-0.0046,3.0878,0.8211,3.1178,-4699.3364,-28636.7461,24.3767,1
-4703.1636,-28634.3926,24.9425,-5207.0435,-28173.8574,22.0425,-4704.3408,-28634.9824,25.0666,682.1852,-0.0011,-0.0052,3.0878,0.8211,3.1178,-4699.4702,-28636.7207,24.4384,1
-4703.1636,-28634.3926,24.9425,-5206.7427,-28174.5605,22.0430,-4704.3618,-28628.6758,26.0157,677.2321,-0.0023,-0.0049,3.0878,0.8211,3.1179,-4699.6191,-28636.4570,24.5353,1
-4703.1636,-28634.3926,24.9425,-5206.4409,-28175.2656,22.0433,-4695.3496,-28637.2617,20.6123,688.9731,-0.0023,-0.0062,3.0879,0.8215,3.1178,-4699.4502,-28636.4922,24.4372,1
-4703.1636,-28634.3926,24.9425,-5206.1377,-28175.9746,22.0433,-4706.7222,-28635.5039,27.0705,678.6956,-0.0008,-0.0047,3.0880,0.8216,3.1179,-4699.6895,-28636.4629,24.5644,1
-4703.1636,-28634.3926,24.9425,-5205.8340,-28176.6855,22.0431,-4703.7749,-28634.2461,24.9425,679.3051,-0.0016,-0.0052,3.0882,0.8216,3.1180,-4699.8364,-28636.3867,24.6179,1
-4703.1636,-28634.3926,24.9425,-5205.5288,-28177.3984,22.0427,-4699.2251,-28635.3184,22.6450,682.6848,-0.0021,-0.0057,3.0884,0.8220,3.1180,-4699.8257,-28636.3438,24.5864,1
-4703.1636,-28634.3926,24.9425,-5205.2227,-28178.1152,22.0420,-4700.3521,-28642.6172,20.4324,686.0650,-0.0007,-0.0062,3.0887,0.8226,3.1181,-4699.8540,-28636.5645,24.4686,1
-4703.1636,-28634.3926,24.9425,-5204.9155,-28178.8340,22.0412,-4705.8721,-28634.5312,26.6156,675.8294,-0.0012,-0.0047,3.0890,0.8227,3.1183,-4700.0879,-28636.5039,24.5669,1
-4703.1636,-28634.3926,24.9425,-5204.6069,-28179.5547,22.0402,-4703.0610,-28633.3418,24.7920,676.3871,-0.0019,-0.0050,3.0895,0.8231,3.1184,-4700.2300,-28636.3945,24.6017,1
-4703.1636,-28634.3926,24.9425,-5204.2979,-28180.2793,22.0390,-4698.3530,-28634.2188,22.3723,679.7529,-0.0025,-0.0055,3.0899,0.8239,3.1185,-4700.2041,-28636.3105,24.5469,1
-4703.1636,-28634.3926,24.9425,-5203.9873,-28181.0059,22.0376,-4699.3486,-28641.3984,20.0289,683.1190,-0.0010,-0.0060,3.0904,0.8247,3.1187,-4700.2090,-28636.4844,24.4008,1
-4703.1636,-28634.3926,24.9425,-5203.6758,-28181.7344,22.0360,-4704.8525,-28633.3652,26.0544,672.9259,-0.0016,-0.0045,3.0911,0.8249,3.1190,-4700.4141,-28636.3750,24.4654,1
-4703.1636,-28634.3926,24.9425,-5203.3633,-28182.4648,22.0343,-4702.4458,-28632.5371,24.6228,673.4319,-0.0021,-0.0048,3.0918,0.8254,3.1192,-4700.5391,-28636.2285,24.4803,1
-4703.1636,-28634.3926,24.9425,-5203.0498,-28183.1992,22.0325,-4705.4517,-28629.3281,24.2763,668.3260,-0.0022,-0.0048,3.0926,0.8261,3.1195,-4700.7793,-28635.9512,24.4823,1
-4703.1636,-28634.3926,24.9425,-5202.7349,-28183.9355,22.0305,-4699.0225,-28640.9121,19.5937,680.1352,-0.0012,-0.0058,3.0935,0.8263,3.1199,-4700.7891,-28636.0918,24.3115,1
-4703.1636,-28634.3926,24.9425,-5202.4194,-28184.6758,22.0284,-4704.4175,-28632.8320,25.4522,669.9853,-0.0018,-0.0043,3.0945,0.8267,3.1203,-4700.9917,-28635.9434,24.3456,1
-4703.1636,-28634.3926,24.9425,-5202.1025,-28185.4180,22.0261,-4701.8354,-28631.7344,24.4545,670.4398,-0.0024,-0.0044,3.0955,0.8274,3.1207,-4701.1035,-28635.7500,24.3453,1
-4703.1636,-28634.3926,24.9425,-5201.7847,-28186.1621,22.0238,-4702.7417,-28638.8340,21.8881,673.7768,-0.0009,-0.0049,3.0967,0.8283,3.1212,-4701.2476,-28635.8125,24.2502,1
-4703.1636,-28634.3926,24.9425,-5201.4658,-28186.9082,22.0216,-4698.1675,-28639.8359,19.1469,677.1143,-0.0015,-0.0054,3.0979,0.8288,3.1217,-4701.2222,-28635.9199,24.0491,1
-4703.1636,-28634.3926,24.9425,-5201.1455,-28187.6582,22.0196,-4703.4888,-28631.7441,24.9694,667.0080,-0.0020,-0.0039,3.0989,0.8294,3.1221,-4701.3843,-28635.7363,24.0528,1
-4703.1636,-28634.3926,24.9425,-5200.8237,-28188.4121,22.0179,-4701.2583,-28630.9590,24.5975,667.4104,-0.0025,-0.0039,3.0996,0.8301,3.1224,-4701.4648,-28635.5156,24.0458,1
-4703.1636,-28634.3926,24.9425,-5200.5000,-28189.1719,22.0166,-4702.1582,-28638.0820,22.3721,670.7328,-0.0010,-0.0044,3.1000,0.8310,3.1226,-4701.5752,-28635.5527,23.9581,1
-4703.1636,-28634.3926,24.9425,-5200.1748,-28189.9355,22.0157,-4697.5151,-28638.9668,28.6102,674.0557,-0.0016,-0.0029,3.1002,0.8315,3.1226,-4701.5112,-28635.6309,24.0995,1
-4703.1636,-28634.3926,24.9425,-5199.8477,-28190.7012,22.0153,-4702.8726,-28631.0078,26.4316,663.9937,-0.0021,-0.0034,3.1000,0.8322,3.1225,-4701.6343,-28635.4199,24.1728,1
-4703.1636,-28634.3926,24.9425,-5199.5190,-28191.4727,22.0153,-4706.2485,-28636.4336,25.1570,664.3276,-0.0006,-0.0038,3.0996,0.8330,3.1223,-4701.8843,-28635.4043,24.2039,1
-4703.1636,-28634.3926,24.9425,-5199.1885,-28192.2480,22.0159,-4706.9224,-28634.6016,24.4642,661.8349,-0.0009,-0.0040,3.0991,0.8332,3.1220,-4702.1675,-28635.3242,24.2113,1
-4703.1636,-28634.3926,24.9425,-5198.8564,-28193.0273,22.0169,-4695.3672,-28637.7109,23.5971,671.7629,-0.0022,-0.0043,3.0983,0.8337,3.1216,-4702.0249,-28635.3613,24.1870,1
-4703.1636,-28634.3926,24.9425,-5198.5225,-28193.8105,22.0183,-4702.5605,-28630.6113,28.1306,660.9261,-0.0023,-0.0033,3.0972,0.8344,3.1211,-4702.1313,-28635.1387,24.3326,1
-4703.1636,-28634.3926,24.9425,-5198.1870,-28194.5996,22.0202,-4705.6675,-28635.6914,25.5092,661.1853,-0.0008,-0.0040,3.0960,0.8352,3.1205,-4702.3525,-28635.0996,24.3878,1
-4703.1636,-28634.3926,24.9425,-5197.8496,-28195.3906,22.0224,-4701.1226,-28636.7188,23.9761,664.4776,-0.0014,-0.0045,3.0946,0.8357,3.1198,-4702.4067,-28635.1016,24.3873,1
-4703.1636,-28634.3926,24.9425,-5197.5112,-28196.1855,22.0247,-4696.4878,-28637.5508,30.7554,667.7704,-0.0019,-0.0030,3.0934,0.8363,3.1193,-4702.2803,-28635.1406,24.6392,1
-4703.1636,-28634.3926,24.9425,-5197.1724,-28196.9824,22.0271,-4701.7842,-28629.6816,28.9510,657.7994,-0.0025,-0.0035,3.0924,0.8371,3.1188,-4702.3350,-28634.8906,24.8394,1
-4703.1636,-28634.3926,24.9425,-5196.8320,-28197.7812,22.0294,-4705.4209,-28635.3145,25.3593,657.9888,-0.0009,-0.0045,3.0916,0.8373,3.1184,-4702.5239,-28634.8438,24.9111,1
-4703.1636,-28634.3926,24.9425,-5196.4907,-28198.5840,22.0316,-4701.0894,-28636.5645,23.5795,661.2657,-0.0015,-0.0050,3.0908,0.8374,3.1181,-4702.5522,-28634.8477,24.9144,1
-4703.1636,-28634.3926,24.9425,-5196.1484,-28199.3867,22.0338,-4696.4336,-28637.3633,30.0747,664.5430,-0.0020,-0.0035,3.0901,0.8380,3.1176,-4702.3989,-28634.8867,25.1571,1
-4703.1636,-28634.3926,24.9425,-5195.8052,-28200.1934,22.0359,-4707.1392,-28635.7129,28.2349,654.6188,-0.0006,-0.0040,3.0895,0.8388,3.1173,-4702.6348,-28634.8730,25.3418,1
-4703.1636,-28634.3926,24.9425,-5195.4609,-28201.0039,22.0380,-4704.8755,-28634.5957,25.1832,654.7563,-0.0012,-0.0048,3.0889,0.8390,3.1170,-4702.7920,-28634.8203,25.4138,1
-4703.1636,-28634.3926,24.9425,-5195.1157,-28201.8145,22.0400,-4700.3911,-28635.6484,23.3022,658.0175,-0.0018,-0.0053,3.0884,0.8395,3.1167,-4702.7808,-28634.8086,25.4109,1
-4703.1636,-28634.3926,24.9425,-5194.7695,-28202.6270,22.0420,-4695.7402,-28636.4316,29.7033,661.2792,-0.0023,-0.0038,3.0878,0.8402,3.1164,-4702.5850,-28634.8301,25.6424,1
-4703.1636,-28634.3926,24.9425,-5194.4224,-28203.4434,22.0437,-4706.3726,-28634.8145,27.8518,651.4024,-0.0009,-0.0043,3.0873,0.8410,3.1161,-4702.7754,-28634.7949,25.8118,1
-4703.1636,-28634.3926,24.9425,-5194.0742,-28204.2617,22.0454,-4704.3340,-28633.8730,25.1478,651.4913,-0.0015,-0.0050,3.0868,0.8413,3.1159,-4702.8936,-28634.7266,25.8787,1
-4703.1636,-28634.3926,24.9425,-5193.7256,-28205.0820,22.0470,-4699.8472,-28634.8965,23.2794,654.7368,-0.0020,-0.0055,3.0863,0.8418,3.1157,-4702.8413,-28634.6953,25.8691,1
-4703.1636,-28634.3926,24.9425,-5193.3755,-28205.9043,22.0484,-4700.6279,-28641.8691,29.8063,657.9827,-0.0006,-0.0040,3.0857,0.8425,3.1154,-4702.8101,-28634.9316,26.0984,1
-4703.1636,-28634.3926,24.9425,-5193.0249,-28206.7305,22.0498,-4706.0728,-28634.4316,27.8505,648.1537,-0.0011,-0.0045,3.0852,0.8427,3.1152,-4702.9805,-28634.9023,26.2598,1
-4703.1636,-28634.3926,24.9425,-5192.6729,-28207.5566,22.0510,-4703.7266,-28633.0664,25.1321,648.1957,-0.0018,-0.0052,3.0846,0.8431,3.1149,-4703.0654,-28634.8203,26.3162,1
-4703.1636,-28634.3926,24.9425,-5192.3203,-28208.3867,22.0522,-4699.2012,-28634.0195,23.2815,651.4252,-0.0024,-0.0057,3.0841,0.8437,3.1146,-4702.9761,-28634.7715,26.2951,1
-4703.1636,-28634.3926,24.9425,-5191.9668,-28209.2188,22.0533,-4699.8940,-28640.9141,29.7836,654.6550,-0.0009,-0.0042,3.0835,0.8445,3.1143,-4702.9028,-28634.9844,26.5121,1
-4703.1636,-28634.3926,24.9425,-5191.6123,-28210.0527,22.0543,-4705.3301,-28633.5391,27.8340,644.8745,-0.0015,-0.0047,3.0830,0.8448,3.1141,-4703.0298,-28634.9297,26.6596,1
-4703.1636,-28634.3926,24.9425,-5191.2568,-28210.8887,22.0553,-4703.1826,-28632.3262,25.0942,644.8699,-0.0021,-0.0055,3.0824,0.8452,3.1138,-4703.0776,-28634.8242,26.6997,1
-4703.1636,-28634.3926,24.9425,-5190.9004,-28211.7266,22.0563,-4704.2886,-28634.6270,22.5544,644.7170,-0.0015,-0.0061,3.0819,0.8460,3.1136,-4703.1665,-28634.8027,26.6336,1
-4703.1636,-28634.3926,24.9425,-5190.5430,-28212.5664,22.0572,-4699.5767,-28640.4258,29.7006,651.2971,-0.0012,-0.0045,3.0814,0.8461,3.1133,-4703.0752,-28635.0039,26.8301,1
-4703.1636,-28634.3926,24.9425,-5190.1846,-28213.4102,22.0582,-4704.9365,-28633.0391,27.7349,641.5652,-0.0017,-0.0050,3.0809,0.8465,3.1131,-4703.1812,-28634.9336,26.9551,1
-4703.1636,-28634.3926,24.9425,-5189.8257,-28214.2559,22.0591,-4702.6270,-28631.5645,25.0371,641.5141,-0.0024,-0.0057,3.0803,0.8471,3.1128,-4703.1992,-28634.8027,26.9732,1
-4703.1636,-28634.3926,24.9425,-5189.4653,-28215.1035,22.0600,-4703.3296,-28638.5391,23.3167,644.7112,-0.0010,-0.0062,3.0798,0.8480,3.1125,-4703.2422,-28634.9336,26.9166,1
-4703.1636,-28634.3926,24.9425,-5189.1045,-28215.9512,22.0609,-4698.9360,-28639.5605,29.5663,647.9087,-0.0015,-0.0047,3.0794,0.8482,3.1123,-4703.1143,-28635.1113,27.0902,1
-4703.1636,-28634.3926,24.9425,-5188.7427,-28216.8047,22.0618,-4704.2573,-28632.2031,27.5844,638.2262,-0.0021,-0.0052,3.0789,0.8487,3.1121,-4703.1812,-28635.0156,27.1904,1
-4703.1636,-28634.3926,24.9425,-5188.3799,-28217.6582,22.0627,-4702.0942,-28630.8203,24.9822,638.1288,-0.0027,-0.0058,3.0784,0.8494,3.1118,-4703.1646,-28634.8574,27.1862,1
-4703.1636,-28634.3926,24.9425,-5188.0161,-28218.5137,22.0636,-4702.8623,-28637.8906,23.2601,641.3095,-0.0012,-0.0063,3.0780,0.8500,3.1115,-4703.1748,-28634.9668,27.1069,1
-4703.1636,-28634.3926,24.9425,-5187.6514,-28219.3730,22.0645,-4698.3628,-28638.7656,29.4543,644.4905,-0.0018,-0.0048,3.0775,0.8505,3.1113,-4703.0088,-28635.1152,27.2568,1
-4703.1636,-28634.3926,24.9425,-5187.2856,-28220.2324,22.0655,-4703.6265,-28631.4121,27.4682,634.8578,-0.0023,-0.0053,3.0770,0.8511,3.1110,-4703.0361,-28634.9863,27.3323,1
-4703.1636,-28634.3926,24.9425,-5186.9194,-28221.0957,22.0664,-4706.7354,-28636.1289,25.1069,634.7147,-0.0009,-0.0060,3.0765,0.8520,3.1107,-4703.1865,-28635.0332,27.3125,1
-4703.1636,-28634.3926,24.9425,-5186.5518,-28221.9609,22.0674,-4702.4541,-28637.3066,23.2364,637.8788,-0.0015,-0.0065,3.0761,0.8522,3.1105,-4703.1772,-28635.1289,27.2118,1
-4703.1636,-28634.3926,24.9425,-5186.1836,-28222.8281,22.0684,-4697.9683,-28638.1699,29.3970,641.0434,-0.0020,-0.0050,3.0756,0.8527,3.1102,-4702.9902,-28635.2617,27.3406,1
-4703.1636,-28634.3926,24.9425,-5185.8145,-28223.6973,22.0694,-4703.1909,-28630.8418,27.4245,631.4608,-0.0026,-0.0055,3.0751,0.8534,3.1099,-4702.9946,-28635.1133,27.3954,1
-4703.1636,-28634.3926,24.9425,-5185.4448,-28224.5684,22.0703,-4706.1689,-28635.3809,25.0452,631.2726,-0.0012,-0.0062,3.0747,0.8543,3.1096,-4703.1182,-28635.1328,27.3540,1
-4703.1636,-28634.3926,24.9425,-5185.0747,-28225.4395,22.0712,-4701.7476,-28636.3613,23.0336,634.4201,-0.0017,-0.0067,3.0745,0.8550,3.1095,-4703.0732,-28635.1914,27.2262,1
-4703.1636,-28634.3926,24.9425,-5184.7041,-28226.3125,22.0718,-4697.1992,-28637.1230,28.7957,637.5678,-0.0023,-0.0052,3.0749,0.8557,3.1096,-4702.8472,-28635.2832,27.3138,1
-4703.1636,-28634.3926,24.9425,-5184.3345,-28227.1836,22.0718,-4702.3735,-28629.8047,26.2119,628.0359,-0.0029,-0.0057,3.0760,0.8566,3.1100,-4702.8105,-28635.0859,27.3017,1
-4703.1636,-28634.3926,24.9425,-5183.9648,-28228.0527,22.0712,-4705.9521,-28635.0234,24.1185,627.8132,-0.0013,-0.0060,3.0779,0.8568,3.1109,-4702.9160,-28635.0859,27.2024,1
-4703.1636,-28634.3926,24.9425,-5183.5967,-28228.9219,22.0697,-4701.5918,-28636.0273,20.9734,630.9438,-0.0019,-0.0065,3.0806,0.8574,3.1122,-4702.8564,-28635.1230,26.9707,1
-4703.1636,-28634.3926,24.9425,-5183.2295,-28229.7871,22.0669,-4697.0361,-28636.7715,25.4123,634.0748,-0.0024,-0.0050,3.0842,0.8582,3.1138,-4702.6143,-28635.1934,26.9007,1
-4703.1636,-28634.3926,24.9425,-5182.8638,-28230.6484,22.0626,-4707.2266,-28635.4512,21.6977,624.5938,-0.0010,-0.0055,3.0887,0.8593,3.1159,-4702.7642,-28635.2148,26.6780,1
-4703.1636,-28634.3926,24.9425,-5182.4995,-28231.5059,22.0567,-4705.3066,-28634.1406,22.7215,624.3771,-0.0016,-0.0047,3.0940,0.8600,3.1185,-4702.8496,-28635.1836,26.4851,1
-4703.1636,-28634.3926,24.9425,-5182.1372,-28232.3613,22.0489,-4701.7915,-28634.4336,23.5214,626.4276,-0.0021,-0.0039,3.1002,0.8608,3.1214,-4702.8003,-28635.1602,26.3174,1
-4703.1636,-28634.3926,24.9425,-5181.7764,-28233.2109,22.0390,-4696.3276,-28635.6875,21.3126,630.6053,-0.0027,-0.0037,3.1072,0.8617,3.1248,-4702.5332,-28635.1855,26.0583,1
-4703.1636,-28634.3926,24.9425,-5181.4180,-28234.0566,22.0270,-4706.4404,-28634.3145,16.3423,621.1748,-0.0012,-0.0042,3.1151,0.8629,3.1285,-4702.6548,-28635.1562,25.5879,1
-4703.1636,-28634.3926,24.9425,-5181.0615,-28234.8965,22.0126,-4704.7905,-28633.3887,21.3347,620.9974,-0.0017,-0.0020,3.1240,0.8637,3.1328,-4702.7207,-28635.0898,25.3000,1
-4703.1636,-28634.3926,24.9425,-5180.7080,-28235.7305,21.9956,-4700.3862,-28634.1426,15.4384,624.0949,-0.0022,-0.0025,3.1339,0.8645,3.1376,-4702.6152,-28635.0469,24.7724,1
-4703.1636,-28634.3926,24.9425,-5180.3564,-28236.5586,21.9769,-4700.8916,-28640.8555,16.9979,627.1927,-0.0008,-0.0010,-3.1383,0.8654,-3.1402,-4702.5259,-28635.2715,24.2925,1
-4703.1636,-28634.3926,24.9425,-5180.0083,-28237.3809,21.9604,-4706.2598,-28633.7734,10.9221,617.8120,-0.0013,-0.0015,-3.1274,0.8657,-3.1349,-4702.6499,-28635.2266,23.5524,1
-4703.1636,-28634.3926,24.9425,-5179.6626,-28238.1953,21.9473,-4704.3657,-28632.7246,20.8945,617.7004,-0.0019,0.0020,-3.1172,0.8662,-3.1298,-4702.7065,-28635.1328,23.1948,1
-4703.1636,-28634.3926,24.9425,-5179.3198,-28239.0039,21.9378,-4699.9668,-28633.4043,15.2105,620.7819,-0.0024,0.0015,-3.1075,0.8669,-3.1250,-4702.5903,-28635.0625,22.6138,1
-4703.1636,-28634.3926,24.9425,-5178.9805,-28239.8047,21.9318,-4700.4727,-28640.0898,17.3708,623.8638,-0.0010,0.0030,-3.0981,0.8678,-3.1204,-4702.4888,-28635.2578,22.1143,1
-4703.1636,-28634.3926,24.9425,-5178.6436,-28240.5977,21.9287,-4705.6802,-28632.8594,12.1505,614.5314,-0.0015,0.0025,-3.0891,0.8684,-3.1159,-4702.5942,-28635.1719,21.4008,1
-4703.1636,-28634.3926,24.9425,-5178.3101,-28241.3848,21.9282,-4703.8569,-28631.9492,21.6229,614.5117,-0.0021,0.0058,-3.0806,0.8689,-3.1116,-4702.6333,-28635.0430,21.0641,1
-4703.1636,-28634.3926,24.9425,-5177.9790,-28242.1660,21.9299,-4699.4390,-28632.5449,16.7672,617.5777,-0.0026,0.0053,-3.0727,0.8696,-3.1076,-4702.4971,-28634.9316,20.5466,1
-4703.1636,-28634.3926,24.9425,-5177.6504,-28242.9414,21.9332,-4700.2729,-28639.5918,19.7562,620.6441,-0.0012,0.0068,-3.0656,0.8697,-3.1041,-4702.3882,-28635.0996,20.1558,1
-4703.1636,-28634.3926,24.9425,-5177.3247,-28243.7090,21.9375,-4695.9824,-28640.3262,15.3756,623.7101,-0.0017,0.0063,-3.0591,0.8701,-3.1008,-4702.1035,-28635.3086,19.6036,1
-4703.1636,-28634.3926,24.9425,-5177.0010,-28244.4727,21.9430,-4705.0430,-28632.4727,20.7906,610.9488,-0.0018,0.0083,-3.0532,0.8707,-3.0978,-4702.1714,-28635.2109,19.2749,1
-4703.1636,-28634.3926,24.9425,-5176.6797,-28245.2305,21.9497,-4703.8408,-28637.7012,18.5011,614.4833,-0.0009,0.0082,-3.0476,0.8715,-3.0950,-4702.1982,-28635.3184,18.8723,1
-4703.1636,-28634.3926,24.9425,-5176.3613,-28245.9805,21.9573,-4699.7935,-28638.7520,22.3967,617.5348,-0.0015,0.0097,-3.0424,0.8716,-3.0924,-4702.0669,-28635.4746,18.6422,1
-4703.1636,-28634.3926,24.9425,-5176.0449,-28246.7266,21.9653,-4695.4800,-28639.4219,18.6208,620.5859,-0.0020,0.0092,-3.0373,0.8721,-3.0898,-4701.7583,-28635.6641,18.2838,1
-4703.1636,-28634.3926,24.9425,-5175.7310,-28247.4668,21.9736,-4706.0566,-28631.5977,22.3037,606.7208,-0.0019,0.0107,-3.0322,0.8727,-3.0872,-4701.8672,-28635.5430,18.0935,1
-4703.1636,-28634.3926,24.9425,-5175.4189,-28248.2012,21.9817,-4697.2798,-28635.9395,20.8228,615.5622,-0.0024,0.0107,-3.0272,0.8736,-3.0846,-4701.6294,-28635.5879,17.8656,1
-4703.1636,-28634.3926,24.9425,-5175.1094,-28248.9336,21.9897,-4699.1655,-28637.7285,23.2397,614.5236,-0.0017,0.0118,-3.0224,0.8741,-3.0821,-4701.4604,-28635.7051,17.7575,1
-4703.1636,-28634.3926,24.9425,-5174.8008,-28249.6602,21.9973,-4694.8120,-28638.2871,19.7466,617.5602,-0.0023,0.0113,-3.0179,0.8747,-3.0798,-4701.1128,-28635.8477,17.5335,1
-4703.1636,-28634.3926,24.9425,-5174.4941,-28250.3828,22.0045,-4707.2817,-28635.6816,23.1097,605.5539,-0.0008,0.0127,-3.0137,0.8753,-3.0776,-4701.2642,-28635.8906,17.4684,1
-4703.1636,-28634.3926,24.9425,-5174.1885,-28251.1016,22.0110,-4699.8262,-28634.1641,23.3200,609.6783,-0.0024,0.0130,-3.0097,0.8754,-3.0756,-4701.1260,-28635.8672,17.4363,1
-4703.1636,-28634.3926,24.9425,-5173.8848,-28251.8184,22.0168,-4704.3813,-28638.2090,21.2444,608.0150,-0.0008,0.0129,-3.0058,0.8759,-3.0736,-4701.1758,-28636.0039,17.3450,1
-4703.1636,-28634.3926,24.9425,-5173.5820,-28252.5312,22.0217,-4694.7100,-28637.8770,21.0635,614.6220,-0.0025,0.0132,-3.0020,0.8765,-3.0716,-4700.8418,-28636.1309,17.2642,1
-4703.1636,-28634.3926,24.9425,-5173.2812,-28253.2402,22.0258,-4706.7881,-28634.9590,23.3586,602.7209,-0.0011,0.0142,-2.9984,0.8772,-3.0697,-4700.9927,-28636.1387,17.3006,1
-4703.1636,-28634.3926,24.9425,-5172.9814,-28253.9453,22.0291,-4699.4751,-28634.2734,24.2069,607.2949,-0.0024,0.0146,-2.9948,0.8781,-3.0679,-4700.8584,-28636.1133,17.3937,1
-4703.1636,-28634.3926,24.9425,-5172.6836,-28254.6484,22.0316,-4698.2783,-28636.1621,24.9547,608.7390,-0.0022,0.0152,-2.9915,0.8788,-3.0661,-4700.6748,-28636.1602,17.5409,1
-4703.1636,-28634.3926,24.9425,-5172.3872,-28255.3477,22.0333,-4693.8691,-28636.5469,22.0256,611.7479,-0.0027,0.0147,-2.9882,0.8796,-3.0644,-4700.3091,-28636.2207,17.5913,1
-4703.1636,-28634.3926,24.9425,-5172.0918,-28256.0430,22.0345,-4706.5225,-28634.5098,23.6089,599.9463,-0.0011,0.0154,-2.9853,0.8798,-3.0628,-4700.4546,-28636.1953,17.7275,1
-4703.1636,-28634.3926,24.9425,-5171.7983,-28256.7344,22.0350,-4702.1768,-28634.9531,20.8605,602.9418,-0.0017,0.0149,-2.9824,0.8806,-3.0613,-4700.4375,-28636.1816,17.7672,1
-4703.1636,-28634.3926,24.9425,-5171.5059,-28257.4219,22.0352,-4698.3052,-28635.9590,25.7662,605.9376,-0.0022,0.0164,-2.9799,0.8808,-3.0600,-4700.2681,-28636.2070,18.0199,1
-4703.1636,-28634.3926,24.9425,-5171.2153,-28258.1055,22.0349,-4698.6895,-28642.2656,22.7862,608.9330,-0.0008,0.0159,-2.9776,0.8816,-3.0587,-4700.1143,-28636.4883,18.1702,1
-4703.1636,-28634.3926,24.9425,-5170.9263,-28258.7871,22.0344,-4705.9448,-28633.6660,24.0125,597.2300,-0.0014,0.0164,-2.9755,0.8822,-3.0576,-4700.2632,-28636.4258,18.3884,1
-4703.1636,-28634.3926,24.9425,-5170.6387,-28259.4648,22.0337,-4701.4741,-28632.4453,20.1488,599.3122,-0.0022,0.0155,-2.9737,0.8831,-3.0565,-4700.2422,-28636.3047,18.4590,1
-4703.1636,-28634.3926,24.9425,-5170.3521,-28260.1387,22.0328,-4697.5024,-28634.7031,27.0319,603.1949,-0.0025,0.0174,-2.9723,0.8841,-3.0557,-4700.0625,-28636.2676,18.8185,1
-4703.1636,-28634.3926,24.9425,-5170.0674,-28260.8086,22.0318,-4698.2490,-28639.0430,19.7132,604.6645,-0.0012,0.0156,-2.9711,0.8852,-3.0549,-4699.9106,-28636.4043,18.8937,1
-4703.1636,-28634.3926,24.9425,-5169.7842,-28261.4766,22.0308,-4705.4653,-28632.9355,24.5311,594.5729,-0.0014,0.0170,-2.9703,0.8859,-3.0544,-4700.0605,-28636.2910,19.1723,1
-4703.1636,-28634.3926,24.9425,-5169.5024,-28262.1387,22.0298,-4701.1953,-28633.3613,22.7189,597.5424,-0.0019,0.0165,-2.9699,0.8867,-3.0540,-4700.0474,-28636.1875,19.3848,1
-4703.1636,-28634.3926,24.9425,-5169.2222,-28262.7988,22.0288,-4700.7734,-28632.3008,26.5816,596.5998,-0.0022,0.0175,-2.9698,0.8878,-3.0538,-4700.0215,-28636.0332,19.7645,1
-4703.1636,-28634.3926,24.9425,-5168.9434,-28263.4551,22.0278,-4697.6743,-28640.4707,26.5786,603.4816,-0.0010,0.0175,-2.9701,0.8882,-3.0539,-4699.8716,-28636.2070,20.1535,1
-4703.1636,-28634.3926,24.9425,-5168.6660,-28264.1074,22.0268,-4705.0483,-28632.2754,25.0855,591.9753,-0.0015,0.0170,-2.9708,0.8889,-3.0541,-4700.0278,-28636.0508,20.4950,1
-4703.1636,-28634.3926,24.9425,-5168.3906,-28264.7559,22.0258,-4700.7314,-28632.5840,23.8095,594.9322,-0.0020,0.0165,-2.9718,0.8900,-3.0544,-4700.0166,-28635.8984,20.7869,1
-4703.1636,-28634.3926,24.9425,-5168.1162,-28265.4004,22.0248,-4701.2720,-28638.9473,29.7404,597.8895,-0.0006,0.0180,-2.9731,0.8913,-3.0549,-4700.0312,-28636.0059,21.3266,1
-4703.1636,-28634.3926,24.9425,-5167.8433,-28266.0430,22.0238,-4700.3208,-28632.5547,30.5114,594.0648,-0.0020,0.0179,-2.9749,0.8922,-3.0557,-4700.0107,-28635.8516,21.9136,1
-4703.1636,-28634.3926,24.9425,-5167.5718,-28266.6816,22.0226,-4704.5767,-28631.5371,25.6261,589.4370,-0.0014,0.0164,-2.9770,0.8931,-3.0566,-4700.1733,-28635.6465,22.3077,1
-4703.1636,-28634.3926,24.9425,-5167.3018,-28267.3164,22.0215,-4702.0698,-28639.1562,25.9983,595.5340,-0.0001,0.0163,-2.9794,0.8943,-3.0577,-4700.2402,-28635.7539,22.7134,1
-4703.1636,-28634.3926,24.9425,-5167.0332,-28267.9473,22.0202,-4700.8457,-28638.1660,31.2717,595.3265,-0.0005,0.0174,-2.9821,0.8955,-3.0589,-4700.2607,-28635.8301,23.3373,1
-4703.1636,-28634.3926,24.9425,-5166.7661,-28268.5742,22.0187,-4696.6211,-28638.5469,30.7525,598.2712,-0.0011,0.0169,-2.9853,0.8965,-3.0604,-4700.1060,-28635.9277,23.9451,1
-4703.1636,-28634.3926,24.9425,-5166.5005,-28269.1992,22.0171,-4702.1089,-28631.8691,23.9337,589.1834,-0.0014,0.0147,-2.9888,0.8976,-3.0621,-4700.1738,-28635.7500,24.2708,1
-4703.1636,-28634.3926,24.9425,-5166.2363,-28269.8203,22.0154,-4704.4023,-28636.8652,25.4575,589.8896,0.0001,0.0148,-2.9925,0.8988,-3.0638,-4700.3442,-28635.7773,24.6459,1
-4703.1636,-28634.3926,24.9425,-5165.9736,-28270.4375,22.0134,-4700.6035,-28637.6113,32.6919,592.8227,-0.0004,0.0163,-2.9968,0.8995,-3.0659,-4700.3638,-28635.8379,25.3135,1
-4703.1636,-28634.3926,24.9425,-5165.7124,-28271.0508,22.0113,-4702.7261,-28635.8086,32.0376,589.4462,-0.0003,0.0157,-3.0012,0.9008,-3.0681,-4700.4731,-28635.8281,25.9579,1
-4703.1636,-28634.3926,24.9425,-5165.4526,-28271.6602,22.0089,-4703.6890,-28630.1074,26.5889,584.5346,-0.0013,0.0137,-3.0060,0.9020,-3.0705,-4700.6294,-28635.5742,26.3699,1
-4703.1636,-28634.3926,24.9425,-5165.1938,-28272.2676,22.0063,-4701.8208,-28632.3535,27.8859,586.8224,-0.0011,0.0136,-3.0113,0.9027,-3.0731,-4700.7124,-28635.4043,26.8204,1
-4703.1636,-28634.3926,24.9425,-5164.9370,-28272.8711,22.0034,-4700.3794,-28637.0703,34.0558,590.3769,-0.0004,0.0147,-3.0169,0.9034,-3.0759,-4700.7349,-28635.4297,27.5174,1
-4703.1636,-28634.3926,24.9425,-5164.6812,-28273.4707,22.0003,-4696.2144,-28637.3926,34.4525,593.2978,-0.0009,0.0142,-3.0227,0.9045,-3.0789,-4700.5796,-28635.4727,28.2280,1
-4703.1636,-28634.3926,24.9425,-5164.4268,-28274.0684,21.9970,-4703.2744,-28629.4238,27.0353,582.1691,-0.0013,0.0117,-3.0290,0.9057,-3.0820,-4700.7124,-28635.1836,28.6210,1
-4703.1636,-28634.3926,24.9425,-5164.1738,-28274.6602,21.9933,-4699.1187,-28640.2266,30.0224,591.5535,0.0004,0.0119,-3.0356,0.9065,-3.0854,-4700.6729,-28635.3418,29.1179,1
-4703.1636,-28634.3926,24.9425,-5163.9224,-28275.2500,21.9895,-4699.9136,-28636.2109,35.4344,587.9886,-0.0004,0.0127,-3.0426,0.9073,-3.0890,-4700.6616,-28635.3438,29.8279,1
-4703.1636,-28634.3926,24.9425,-5163.6724,-28275.8359,21.9853,-4695.8706,-28636.6172,36.2901,590.8982,-0.0009,0.0122,-3.0499,0.9081,-3.0928,-4700.4771,-28635.3672,30.5667,1
-4703.1636,-28634.3926,24.9425,-5163.4243,-28276.4180,21.9807,-4707.3384,-28634.5098,27.1829,579.8602,0.0007,0.0091,-3.0573,0.9093,-3.0965,-4700.7715,-28635.3047,30.9100,1
-4703.1636,-28634.3926,24.9425,-5163.1782,-28276.9941,21.9757,-4703.1772,-28634.7676,28.0037,582.7587,0.0001,0.0086,-3.0645,0.9104,-3.1001,-4700.9019,-28635.2520,31.2585,1
-4703.1636,-28634.3926,24.9425,-5162.9341,-28277.5645,21.9703,-4698.6963,-28640.3340,34.9251,589.2789,0.0006,0.0097,-3.0718,0.9113,-3.1038,-4700.8447,-28635.4355,31.8735,1
-4703.1636,-28634.3926,24.9425,-5162.6919,-28278.1309,21.9646,-4695.2817,-28635.5293,37.0366,588.5558,-0.0010,0.0096,-3.0790,0.9121,-3.1073,-4700.6362,-28635.4297,32.5652,1
-4703.1636,-28634.3926,24.9425,-5162.4517,-28278.6914,21.9587,-4706.8755,-28633.7832,27.2208,577.6199,0.0007,0.0063,-3.0862,0.9133,-3.1108,-4700.9111,-28635.3496,32.8249,1
-4703.1636,-28634.3926,24.9425,-5162.2129,-28279.2461,21.9532,-4702.8276,-28634.1250,27.9679,580.5076,0.0002,0.0058,-3.0937,0.9142,-3.1148,-4701.0239,-28635.2793,33.0825,1
-4703.1636,-28634.3926,24.9425,-5161.9766,-28279.7949,21.9488,-4705.9058,-28635.7031,30.2681,578.5494,0.0011,0.0058,-3.1008,0.9150,-3.1186,-4701.2734,-28635.2754,33.4056,1
-4703.1636,-28634.3926,24.9425,-5161.7427,-28280.3379,21.9456,-4697.7251,-28639.6504,32.9598,586.9566,0.0006,0.0058,-3.1074,0.9157,-3.1220,-4701.1807,-28635.4434,33.8181,1
-4703.1636,-28634.3926,24.9425,-5161.5112,-28280.8730,21.9436,-4706.6455,-28633.3516,26.7465,575.4600,0.0007,0.0036,-3.1132,0.9163,-3.1247,-4701.4619,-28635.3496,33.9383,1
-4703.1636,-28634.3926,24.9425,-5161.2822,-28281.4023,21.9425,-4700.2808,-28639.0059,26.6343,583.4490,0.0009,0.0030,-3.1183,0.9167,-3.1270,-4701.4775,-28635.4961,34.0217,1
-4703.1636,-28634.3926,24.9425,-5161.0547,-28281.9258,21.9432,-4703.6440,-28634.8750,29.0725,577.7858,0.0005,0.0033,-3.1220,0.9171,-3.1286,-4701.6323,-28635.4727,34.1722,1
-4703.1636,-28634.3926,24.9425,-5160.8291,-28282.4434,21.9454,-4699.5811,-28640.6445,32.9334,584.0921,0.0011,0.0041,-3.1244,0.9174,-3.1296,-4701.6147,-28635.6973,34.4619,1
-4703.1636,-28634.3926,24.9425,-5160.6045,-28282.9551,21.9484,-4706.3242,-28632.8164,25.1431,573.3899,0.0005,0.0018,-3.1258,0.9176,-3.1303,-4701.8809,-28635.5938,34.3914,1
-4703.1636,-28634.3926,24.9425,-5160.3818,-28283.4629,21.9514,-4702.5376,-28633.3965,23.5270,576.2571,-0.0001,0.0013,-3.1264,0.9178,-3.1307,-4701.9897,-28635.5098,34.2157,1
-4703.1636,-28634.3926,24.9425,-5160.1602,-28283.9668,21.9540,-4698.9375,-28634.1406,28.9407,579.1248,-0.0006,0.0028,-3.1264,0.9176,-3.1308,-4701.9409,-28635.4531,34.2373,1
-4703.1636,-28634.3926,24.9425,-5159.9404,-28284.4648,21.9558,-4699.6118,-28640.5508,26.8804,581.9921,0.0008,0.0023,-3.1260,0.9176,-3.1309,-4701.9111,-28635.6680,34.1478,1
-4703.1636,-28634.3926,24.9425,-5159.7222,-28284.9590,21.9568,-4705.9727,-28632.2285,24.3234,571.3875,0.0000,0.0017,-3.1253,0.9177,-3.1308,-4702.1484,-28635.5332,33.9131,1
-4703.1636,-28634.3926,24.9425,-5159.5054,-28285.4473,21.9572,-4702.2432,-28632.8281,22.1356,574.2451,-0.0005,0.0012,-3.1245,0.9177,-3.1306,-4702.2295,-28635.4180,33.5535,1
-4703.1636,-28634.3926,24.9425,-5159.2900,-28285.9316,21.9570,-4700.6245,-28641.4160,24.8539,580.2960,0.0010,0.0021,-3.1235,0.9178,-3.1303,-4702.2373,-28635.6680,33.2822,1
-4703.1636,-28634.3926,24.9425,-5159.0767,-28286.4141,21.9563,-4699.3394,-28639.9629,24.8513,579.9608,0.0004,0.0022,-3.1225,0.9175,-3.1301,-4702.1821,-28635.8691,32.9860,1
-4703.1636,-28634.3926,24.9425,-5158.8652,-28286.8887,21.9555,-4705.5898,-28631.5879,24.2179,569.4494,-0.0005,0.0022,-3.1215,0.9175,-3.1297,-4702.3896,-28635.7148,32.6332,1
-4703.1636,-28634.3926,24.9425,-5158.6553,-28287.3613,21.9546,-4705.2051,-28630.8496,25.9556,568.8649,-0.0008,0.0028,-3.1204,0.9175,-3.1293,-4702.5850,-28635.5176,32.3349,1
-4703.1636,-28634.3926,24.9425,-5158.4473,-28287.8301,21.9538,-4699.5542,-28640.7734,26.3422,578.9306,0.0004,0.0030,-3.1194,0.9175,-3.1288,-4702.5371,-28635.7383,32.0433,1
-4703.1636,-28634.3926,24.9425,-5158.2412,-28288.2930,21.9531,-4698.8784,-28639.0996,24.8758,577.9949,-0.0002,0.0027,-3.1184,0.9175,-3.1283,-4702.4492,-28635.9004,31.6758,1
-4703.1636,-28634.3926,24.9425,-5158.0371,-28288.7539,21.9525,-4705.1680,-28630.8906,24.3025,567.5769,-0.0010,0.0026,-3.1174,0.9176,-3.1279,-4702.6240,-28635.7109,31.2642,1
-4703.1636,-28634.3926,24.9425,-5157.8340,-28289.2090,21.9522,-4705.8154,-28637.1484,22.1404,570.4164,0.0005,0.0021,-3.1166,0.9176,-3.1276,-4702.8301,-28635.7832,30.7468,1
-4703.1636,-28634.3926,24.9425,-5157.6333,-28289.6602,21.9520,-4702.2905,-28637.9004,27.2470,573.2562,-0.0001,0.0036,-3.1158,0.9173,-3.1273,-4702.8857,-28635.8906,30.4389,1
-4703.1636,-28634.3926,24.9425,-5157.4341,-28290.1094,21.9519,-4698.6055,-28638.4824,25.1950,576.0956,-0.0007,0.0031,-3.1151,0.9173,-3.1271,-4702.7764,-28636.0273,30.0421,1
-4703.1636,-28634.3926,24.9425,-5157.2363,-28290.5527,21.9519,-4704.7773,-28630.2285,24.4083,565.7684,-0.0015,0.0030,-3.1145,0.9173,-3.1269,-4702.9233,-28635.8066,29.6030,1
-4703.1636,-28634.3926,24.9425,-5157.0405,-28290.9922,21.9520,-4705.4126,-28636.4570,22.3730,568.5992,-0.0001,0.0025,-3.1140,0.9173,-3.1267,-4703.0991,-28635.8457,29.0720,1
-4703.1636,-28634.3926,24.9425,-5156.8462,-28291.4277,21.9522,-4701.7993,-28637.0391,27.5994,571.4303,-0.0006,0.0040,-3.1136,0.9174,-3.1266,-4703.1191,-28635.9102,28.7650,1
-4703.1636,-28634.3926,24.9425,-5156.6538,-28291.8613,21.9523,-4698.1128,-28637.5703,25.6994,574.2612,-0.0012,0.0035,-3.1133,0.9174,-3.1265,-4702.9727,-28636.0000,28.3837,1
-4703.1636,-28634.3926,24.9425,-5156.4634,-28292.2891,21.9525,-4704.3838,-28629.5566,24.5535,564.0219,-0.0020,0.0032,-3.1131,0.9174,-3.1264,-4703.0850,-28635.7383,27.9547,1
-4703.1636,-28634.3926,24.9425,-5156.2739,-28292.7129,21.9527,-4698.5942,-28638.8535,27.9501,573.8514,-0.0009,0.0041,-3.1130,0.9175,-3.1264,-4702.9448,-28635.8711,27.6799,1
-4703.1636,-28634.3926,24.9425,-5156.0864,-28293.1348,21.9528,-4704.6074,-28638.1055,22.8331,568.1802,-0.0001,0.0027,-3.1130,0.9175,-3.1264,-4703.0547,-28635.9805,27.1934,1
-4703.1636,-28634.3926,24.9425,-5155.9009,-28293.5508,21.9529,-4705.8394,-28635.1797,23.1216,565.0278,-0.0006,0.0028,-3.1131,0.9175,-3.1265,-4703.2217,-28635.9648,26.7209,1
-4703.1636,-28634.3926,24.9425,-5155.7168,-28293.9648,21.9530,-4708.0781,-28634.3262,24.6360,562.3356,-0.0004,0.0032,-3.1132,0.9181,-3.1266,-4703.4927,-28635.9082,26.3200,1
-4703.1636,-28634.3926,24.9425,-5155.5342,-28294.3750,21.9530,-4699.8779,-28634.2891,23.9956,568.4692,-0.0019,0.0030,-3.1135,0.9182,-3.1268,-4703.4092,-28635.8457,25.9019,1
-4703.1636,-28634.3926,24.9425,-5155.3535,-28294.7812,21.9530,-4700.8320,-28635.3203,28.4767,567.9648,-0.0015,0.0042,-3.1139,0.9182,-3.1270,-4703.3560,-28635.8242,25.6910,1
-4703.1636,-28634.3926,24.9425,-5155.1743,-28295.1836,21.9530,-4697.0464,-28635.6191,26.8917,570.7792,-0.0021,0.0037,-3.1144,0.9187,-3.1272,-4703.1284,-28635.8145,25.4316,1
-4703.1636,-28634.3926,24.9425,-5154.9966,-28295.5820,21.9530,-4707.5986,-28633.5625,24.7771,560.7077,-0.0007,0.0031,-3.1150,0.9194,-3.1275,-4703.3496,-28635.7129,25.0970,1
-4703.1636,-28634.3926,24.9425,-5154.8203,-28295.9785,21.9529,-4700.8052,-28633.4004,25.3108,565.6709,-0.0019,0.0032,-3.1157,0.9196,-3.1279,-4703.2788,-28635.6016,24.7995,1
-4703.1636,-28634.3926,24.9425,-5154.6455,-28296.3711,21.9531,-4700.3652,-28634.4746,29.0095,566.3213,-0.0018,0.0041,-3.1168,0.9196,-3.1285,-4703.1802,-28635.5312,24.6807,1
-4703.1636,-28634.3926,24.9425,-5154.4707,-28296.7637,21.9534,-4701.0049,-28640.6445,27.8608,569.1280,-0.0004,0.0036,-3.1188,0.9197,-3.1295,-4703.1025,-28635.7305,24.5347,1
-4703.1636,-28634.3926,24.9425,-5154.2959,-28297.1562,21.9542,-4707.4282,-28633.2129,25.5661,559.1314,-0.0010,0.0027,-3.1218,0.9198,-3.1311,-4703.3047,-28635.6152,24.3100,1
-4703.1636,-28634.3926,24.9425,-5154.1201,-28297.5508,21.9555,-4703.6226,-28633.4316,25.1156,561.9306,-0.0015,0.0022,-3.1258,0.9204,-3.1332,-4703.3457,-28635.5039,24.0806,1
-4703.1636,-28634.3926,24.9425,-5153.9438,-28297.9473,21.9577,-4699.8921,-28633.6094,32.0155,564.7301,-0.0021,0.0037,-3.1305,0.9211,-3.1357,-4703.2212,-28635.3965,24.1711,1
-4703.1636,-28634.3926,24.9425,-5153.7656,-28298.3457,21.9607,-4700.2642,-28639.4258,32.0442,567.5292,-0.0007,0.0032,-3.1360,0.9219,-3.1385,-4703.1045,-28635.5430,24.2919,1
-4703.1636,-28634.3926,24.9425,-5153.5859,-28298.7500,21.9644,-4706.9829,-28632.5176,26.5014,557.5582,-0.0011,0.0011,3.1413,0.9220,3.1415,-4703.2798,-28635.3926,24.1992,1
-4703.1636,-28634.3926,24.9425,-5153.4043,-28299.1582,21.9685,-4703.1782,-28632.7266,26.7759,560.3499,-0.0017,0.0006,3.1350,0.9227,3.1382,-4703.2930,-28635.2461,24.1327,1
-4703.1636,-28634.3926,24.9425,-5153.2202,-28299.5703,21.9729,-4699.4180,-28632.8145,34.1363,563.1419,-0.0022,0.0021,3.1287,0.9233,3.1349,-4703.1377,-28635.1016,24.4071,1
-4703.1636,-28634.3926,24.9425,-5153.0342,-28299.9902,21.9773,-4699.9951,-28638.9395,34.4359,565.9336,-0.0008,0.0016,3.1226,0.9234,3.1316,-4702.9995,-28635.2227,24.7236,1
-4703.1636,-28634.3926,24.9425,-5152.8452,-28300.4141,21.9815,-4702.7803,-28634.4492,29.5319,560.5311,-0.0014,-0.0003,3.1169,0.9234,3.1286,-4702.9775,-28635.1562,24.8544,1
-4703.1636,-28634.3926,24.9425,-5152.6543,-28300.8418,21.9863,-4702.8809,-28632.2656,26.4017,558.7151,-0.0019,-0.0016,3.1114,0.9239,3.1257,-4702.9595,-28634.9902,24.8609,1
-4703.1636,-28634.3926,24.9425,-5152.4609,-28301.2773,21.9920,-4703.2764,-28638.0000,33.4671,561.4994,-0.0004,-0.0001,3.1061,0.9246,3.1228,-4702.9600,-28635.0781,25.1883,1
-4703.1636,-28634.3926,24.9425,-5152.2656,-28301.7168,21.9984,-4699.6382,-28638.4844,33.3952,564.2833,-0.0010,-0.0007,3.1010,0.9246,3.1201,-4702.8003,-28635.1934,25.5329,1
-4703.1636,-28634.3926,24.9425,-5152.0679,-28302.1602,22.0053,-4703.6440,-28633.6719,23.2820,557.6726,-0.0015,-0.0040,3.0959,0.9249,3.1174,-4702.8115,-28635.1055,25.4478,1
-4703.1636,-28634.3926,24.9425,-5151.8677,-28302.6094,22.0125,-4705.2183,-28631.3965,29.4115,554.6716,-0.0017,-0.0026,3.0910,0.9254,3.1148,-4702.8975,-28634.9121,25.6326,1
-4703.1636,-28634.3926,24.9425,-5151.6655,-28303.0645,22.0198,-4702.6753,-28637.1855,32.8166,559.7789,-0.0007,-0.0021,3.0863,0.9261,3.1122,-4702.8750,-28634.9727,25.9766,1
-4703.1636,-28634.3926,24.9425,-5151.4624,-28303.5195,22.0267,-4699.0410,-28637.6875,32.3168,562.5546,-0.0013,-0.0026,3.0824,0.9262,3.1101,-4702.6919,-28635.0605,26.3120,1
-4703.1636,-28634.3926,24.9425,-5151.2588,-28303.9785,22.0330,-4705.6851,-28630.5332,25.4514,552.4504,-0.0018,-0.0048,3.0794,0.9266,3.1085,-4702.7979,-28634.8359,26.3534,1
-4703.1636,-28634.3926,24.9425,-5151.0542,-28304.4375,22.0383,-4696.6226,-28636.4258,24.4879,562.8050,-0.0020,-0.0053,3.0774,0.9272,3.1074,-4702.5073,-28634.8652,26.3469,1
-4703.1636,-28634.3926,24.9425,-5150.8496,-28304.8984,22.0427,-4702.3975,-28636.8047,29.9660,557.9852,-0.0009,-0.0038,3.0764,0.9273,3.1068,-4702.4600,-28634.9199,26.5771,1
-4703.1636,-28634.3926,24.9425,-5150.6450,-28305.3574,22.0464,-4705.8477,-28635.7461,27.9091,554.1215,-0.0007,-0.0044,3.0765,0.9273,3.1069,-4702.5703,-28634.9336,26.7204,1
-4703.1636,-28634.3926,24.9425,-5150.4404,-28305.8184,22.0489,-4705.2959,-28629.9004,24.1529,550.6411,-0.0021,-0.0053,3.0776,0.9278,3.1074,-4702.6660,-28634.6836,26.6923,1
-4703.1636,-28634.3926,24.9425,-5150.2358,-28306.2773,22.0501,-4705.6572,-28635.7930,21.8679,553.3997,-0.0007,-0.0058,3.0795,0.9284,3.1084,-4702.7852,-28634.6914,26.5514,1
-4703.1636,-28634.3926,24.9425,-5150.0322,-28306.7363,22.0498,-4702.0010,-28636.2031,26.1282,556.1587,-0.0012,-0.0043,3.0825,0.9286,3.1100,-4702.7471,-28634.7207,26.5883,1
-4703.1636,-28634.3926,24.9425,-5149.8286,-28307.1934,22.0477,-4698.2974,-28636.5723,23.1329,558.9173,-0.0018,-0.0048,3.0862,0.9291,3.1120,-4702.5415,-28634.7734,26.4875,1
-4703.1636,-28634.3926,24.9425,-5149.6260,-28307.6504,22.0437,-4704.8589,-28629.1816,23.0352,548.8318,-0.0024,-0.0044,3.0908,0.9298,3.1143,-4702.6221,-28634.4961,26.3690,1
-4703.1636,-28634.3926,24.9425,-5149.4238,-28308.1035,22.0377,-4705.1587,-28634.9805,19.6672,551.5818,-0.0009,-0.0049,3.0962,0.9306,3.1172,-4702.7217,-28634.4707,26.0889,1
-4703.1636,-28634.3926,24.9425,-5149.2227,-28308.5566,22.0296,-4701.5049,-28635.3906,22.8851,554.3320,-0.0015,-0.0034,3.1024,0.9308,3.1205,-4702.6631,-28634.4668,25.9389,1
-4703.1636,-28634.3926,24.9425,-5149.0229,-28309.0059,22.0193,-4697.9478,-28635.8828,18.8551,557.0820,-0.0020,-0.0039,3.1095,0.9310,3.1243,-4702.4419,-28634.4902,25.6017,1
-4703.1636,-28634.3926,24.9425,-5148.8237,-28309.4531,22.0067,-4708.5186,-28634.0762,22.0520,547.0430,-0.0006,-0.0023,3.1175,0.9317,3.1286,-4702.6904,-28634.4355,25.3900,1
-4703.1636,-28634.3926,24.9425,-5148.6260,-28309.8984,21.9925,-4699.6606,-28634.3223,20.6635,553.9207,-0.0021,-0.0019,3.1264,0.9319,3.1334,-4702.5508,-28634.3945,25.1119,1
-4703.1636,-28634.3926,24.9425,-5148.4292,-28310.3418,21.9771,-4701.2422,-28634.8398,19.5967,552.5261,-0.0017,-0.0013,3.1363,0.9324,3.1387,-4702.4756,-28634.3789,24.7774,1
-4703.1636,-28634.3926,24.9425,-5148.2344,-28310.7812,21.9635,-4697.5068,-28634.9863,14.7556,555.2675,-0.0023,-0.0018,-3.1371,0.9330,-3.1392,-4702.2305,-28634.3711,24.2179,1
-4703.1636,-28634.3926,24.9425,-5148.0405,-28311.2168,21.9529,-4708.0625,-28633.3398,21.7094,545.2889,-0.0008,0.0010,-3.1280,0.9339,-3.1343,-4702.4556,-28634.2930,23.9520,1
-4703.1636,-28634.3926,24.9425,-5147.8491,-28311.6484,21.9451,-4704.4893,-28633.7383,17.4778,548.0218,-0.0013,0.0005,-3.1198,0.9340,-3.1298,-4702.5312,-28634.2324,23.4956,1
-4703.1636,-28634.3926,24.9425,-5147.6592,-28312.0762,21.9397,-4700.7930,-28634.0176,20.5015,550.7551,-0.0019,0.0020,-3.1128,0.9345,-3.1260,-4702.4443,-28634.1836,23.1710,1
-4703.1636,-28634.3926,24.9425,-5147.4707,-28312.5000,21.9367,-4701.0947,-28639.7285,16.9368,553.4880,-0.0004,0.0015,-3.1071,0.9352,-3.1229,-4702.3677,-28634.3945,22.6886,1
-4703.1636,-28634.3926,24.9425,-5147.2832,-28312.9219,21.9362,-4707.9058,-28633.0020,23.1973,543.5917,-0.0009,0.0037,-3.1028,0.9353,-3.1205,-4702.6011,-28634.3164,22.4855,1
-4703.1636,-28634.3926,24.9425,-5147.0962,-28313.3438,21.9378,-4703.1929,-28631.1895,22.5138,545.9521,-0.0021,0.0037,-3.1001,0.9360,-3.1190,-4702.6313,-28634.1523,22.2634,1
-4703.1636,-28634.3926,24.9425,-5146.9087,-28313.7656,21.9407,-4700.4614,-28633.3496,25.6220,549.0417,-0.0020,0.0047,-3.0991,0.9367,-3.1185,-4702.5386,-28634.0820,22.1941,1
-4703.1636,-28634.3926,24.9425,-5146.7202,-28314.1895,21.9447,-4700.6885,-28639.0156,24.1242,551.7665,-0.0006,0.0042,-3.1000,0.9376,-3.1189,-4702.4507,-28634.2676,22.0748,1
-4703.1636,-28634.3926,24.9425,-5146.5317,-28314.6152,21.9490,-4707.5186,-28632.3555,25.3348,541.9297,-0.0010,0.0043,-3.1027,0.9378,-3.1204,-4702.6729,-28634.1621,22.0279,1
-4703.1636,-28634.3926,24.9425,-5146.3413,-28315.0430,21.9533,-4702.6348,-28632.1992,24.3882,545.3961,-0.0019,0.0036,-3.1072,0.9384,-3.1228,-4702.6821,-28634.0488,21.9541,1
-4703.1636,-28634.3926,24.9425,-5146.1504,-28315.4746,21.9573,-4700.2021,-28632.7305,32.1528,547.3638,-0.0021,0.0053,-3.1135,0.9392,-3.1262,-4702.5791,-28633.9551,22.2490,1
-4703.1636,-28634.3926,24.9425,-5145.9575,-28315.9082,21.9608,-4700.6465,-28638.6855,32.8777,550.0807,-0.0007,0.0048,-3.1214,0.9394,-3.1305,-4702.4907,-28634.1309,22.6063,1
-4703.1636,-28634.3926,24.9425,-5145.7632,-28316.3457,21.9635,-4707.1865,-28631.7832,27.3828,540.2512,-0.0012,0.0024,-3.1310,0.9395,-3.1357,-4702.6992,-28634.0039,22.7484,1
-4703.1636,-28634.3926,24.9425,-5145.5669,-28316.7891,21.9667,-4703.4722,-28631.9375,28.7622,542.9601,-0.0018,0.0019,-3.1411,0.9402,-3.1413,-4702.7471,-28633.8809,22.9677,1
-4703.1636,-28634.3926,24.9425,-5145.3682,-28317.2363,21.9709,-4703.8208,-28637.5156,36.9407,545.6693,-0.0004,0.0034,3.1322,0.9409,3.1365,-4702.8115,-28634.0098,23.5770,1
-4703.1636,-28634.3926,24.9425,-5145.1670,-28317.6895,21.9759,-4700.2686,-28637.8984,38.1095,548.3782,-0.0009,0.0029,3.1230,0.9410,3.1315,-4702.7153,-28634.1660,24.2699,1
-4703.1636,-28634.3926,24.9425,-5144.9634,-28318.1465,21.9812,-4706.7119,-28631.0566,26.9913,538.5217,-0.0015,-0.0011,3.1146,0.9413,3.1269,-4702.9097,-28634.0176,24.4896,1
-4703.1636,-28634.3926,24.9425,-5144.7573,-28318.6113,21.9876,-4703.0229,-28631.2715,27.6026,541.2226,-0.0020,-0.0016,3.1069,0.9419,3.1227,-4702.9414,-28633.8730,24.7384,1
-4703.1636,-28634.3926,24.9425,-5144.5493,-28319.0801,21.9953,-4703.2881,-28636.8398,34.9959,543.9232,-0.0006,-0.0001,3.0996,0.9426,3.1187,-4702.9844,-28633.9805,25.3282,1
-4703.1636,-28634.3926,24.9425,-5144.3384,-28319.5547,22.0041,-4699.9014,-28636.2168,36.3504,545.8993,-0.0014,-0.0003,3.0928,0.9426,3.1149,-4702.8711,-28634.0645,25.9957,1
-4703.1636,-28634.3926,24.9425,-5144.1255,-28320.0352,22.0134,-4697.4746,-28636.7168,26.4907,547.5558,-0.0017,-0.0037,3.0862,0.9429,3.1113,-4702.6396,-28634.1797,26.2285,1
-4703.1636,-28634.3926,24.9425,-5143.9102,-28320.5195,22.0231,-4702.6528,-28630.7031,26.5793,539.4037,-0.0023,-0.0042,3.0798,0.9433,3.1077,-4702.6313,-28634.0234,26.4560,1
-4703.1636,-28634.3926,24.9425,-5143.6934,-28321.0078,22.0326,-4703.0640,-28636.5566,33.5654,542.0956,-0.0008,-0.0027,3.0740,0.9433,3.1045,-4702.6421,-28634.1289,26.9957,1
-4703.1636,-28634.3926,24.9425,-5143.4751,-28321.5000,22.0417,-4703.0166,-28636.5586,32.8641,541.6581,-0.0009,-0.0034,3.0687,0.9432,3.1016,-4702.6528,-28634.2422,27.5087,1
-4703.1636,-28634.3926,24.9425,-5143.2554,-28321.9961,22.0508,-4697.1016,-28636.0527,25.8817,545.6363,-0.0021,-0.0058,3.0639,0.9435,3.0990,-4702.3931,-28634.3359,27.7011,1
-4703.1636,-28634.3926,24.9425,-5143.0337,-28322.4961,22.0599,-4706.1602,-28635.5898,25.5137,537.5117,-0.0007,-0.0063,3.0596,0.9441,3.0965,-4702.5391,-28634.4121,27.8578,1
-4703.1636,-28634.3926,24.9425,-5142.8110,-28322.9980,22.0689,-4702.6084,-28635.9238,31.7069,540.1945,-0.0012,-0.0048,3.0558,0.9440,3.0944,-4702.5293,-28634.5078,28.2835,1
-4703.1636,-28634.3926,24.9425,-5142.5869,-28323.5039,22.0778,-4698.9927,-28636.3008,31.0365,542.8776,-0.0018,-0.0053,3.0523,0.9443,3.0924,-4702.3545,-28634.6211,28.6738,1
-4703.1636,-28634.3926,24.9425,-5142.3613,-28324.0117,22.0864,-4696.7070,-28635.3438,25.3932,543.6642,-0.0025,-0.0073,3.0489,0.9448,3.0905,-4702.0669,-28634.6934,28.7973,1
-4703.1636,-28634.3926,24.9425,-5142.1348,-28324.5234,22.0946,-4704.9521,-28636.4707,24.9185,537.0974,-0.0008,-0.0077,3.0457,0.9455,3.0886,-4702.1489,-28634.8184,28.8754,1
-4703.1636,-28634.3926,24.9425,-5141.9067,-28325.0371,22.1024,-4702.1333,-28635.2129,30.6320,538.2412,-0.0016,-0.0063,3.0427,0.9455,3.0869,-4702.1089,-28634.8848,29.1972,1
-4703.1636,-28634.3926,24.9425,-5141.6772,-28325.5547,22.1098,-4698.6602,-28635.7852,29.7816,540.9151,-0.0021,-0.0068,3.0397,0.9454,3.0853,-4701.9102,-28634.9785,29.4711,1
-4703.1636,-28634.3926,24.9425,-5141.4463,-28326.0762,22.1166,-4700.2578,-28640.2344,25.4504,541.6469,-0.0008,-0.0083,3.0368,0.9459,3.0836,-4701.7798,-28635.2754,29.5339,1
-4703.1636,-28634.3926,24.9425,-5141.2144,-28326.5996,22.1230,-4705.5298,-28634.5781,24.4954,533.5793,-0.0014,-0.0088,3.0339,0.9459,3.0820,-4701.8940,-28635.3203,29.5272,1
-4703.1636,-28634.3926,24.9425,-5140.9819,-28327.1230,22.1287,-4701.8735,-28634.7773,30.2012,536.2433,-0.0019,-0.0073,3.0314,0.9461,3.0805,-4701.8491,-28635.3691,29.7644,1
-4703.1636,-28634.3926,24.9425,-5140.7485,-28327.6504,22.1338,-4698.2285,-28635.0977,29.0358,538.9076,-0.0025,-0.0078,3.0294,0.9466,3.0793,-4701.6372,-28635.4277,29.9386,1
-4703.1636,-28634.3926,24.9425,-5140.5146,-28328.1777,22.1382,-4699.8193,-28639.4766,25.0002,539.5913,-0.0012,-0.0092,3.0277,0.9474,3.0783,-4701.4932,-28635.6855,29.9135,1
-4703.1636,-28634.3926,24.9425,-5140.2803,-28328.7070,22.1417,-4705.0815,-28633.8574,23.5304,531.5533,-0.0017,-0.0097,3.0267,0.9475,3.0777,-4701.5942,-28635.6875,29.7941,1
-4703.1636,-28634.3926,24.9425,-5140.0454,-28329.2383,22.1445,-4698.3921,-28635.0312,27.8843,537.2415,-0.0025,-0.0084,3.0259,0.9479,3.0772,-4701.3940,-28635.7344,29.8567,1
-4703.1636,-28634.3926,24.9425,-5139.8101,-28329.7695,22.1464,-4697.7173,-28634.2715,27.0161,536.8620,-0.0028,-0.0087,3.0255,0.9486,3.0769,-4701.1577,-28635.7422,29.8667,1
-4703.1636,-28634.3926,24.9425,-5139.5742,-28330.3008,22.1474,-4699.6787,-28639.1328,24.5317,537.5156,-0.0014,-0.0095,3.0256,0.9487,3.0770,-4701.0073,-28635.9688,29.7476,1
-4703.1636,-28634.3926,24.9425,-5139.3379,-28330.8359,22.1475,-4704.8521,-28633.4375,22.6422,529.5074,-0.0020,-0.0100,3.0259,0.9491,3.0771,-4701.1016,-28635.9316,29.5168,1
-4703.1636,-28634.3926,24.9425,-5139.1011,-28331.3711,22.1467,-4701.1079,-28633.5176,27.3470,532.1519,-0.0025,-0.0085,3.0266,0.9498,3.0774,-4701.0322,-28635.8906,29.4871,1
-4703.1636,-28634.3926,24.9425,-5138.8638,-28331.9062,22.1451,-4698.1826,-28635.6250,21.0338,535.2386,-0.0025,-0.0103,3.0276,0.9507,3.0779,-4700.8301,-28635.9375,29.1545,1
-4703.1636,-28634.3926,24.9425,-5138.6260,-28332.4434,22.1427,-4699.2046,-28638.3066,24.0722,535.4241,-0.0017,-0.0093,3.0290,0.9512,3.0786,-4700.6724,-28636.1074,28.9415,1
-4703.1636,-28634.3926,24.9425,-5138.3872,-28332.9824,22.1394,-4704.3271,-28632.5801,21.7809,527.4460,-0.0022,-0.0098,3.0307,0.9519,3.0795,-4700.7573,-28636.0098,28.6036,1
-4703.1636,-28634.3926,24.9425,-5138.1484,-28333.5215,22.1352,-4700.5264,-28632.5684,26.0363,530.0804,-0.0028,-0.0083,3.0328,0.9528,3.0806,-4700.6748,-28635.9004,28.4517,1
-4703.1636,-28634.3926,24.9425,-5137.9092,-28334.0625,22.1303,-4700.5786,-28638.1934,23.7648,532.7151,-0.0013,-0.0088,3.0353,0.9539,3.0819,-4700.5981,-28636.0449,28.1895,1
-4703.1636,-28634.3926,24.9425,-5137.6694,-28334.6055,22.1246,-4704.2275,-28631.6074,26.8616,525.4797,-0.0023,-0.0075,3.0383,0.9546,3.0835,-4700.6982,-28635.8809,28.0634,1
-4703.1636,-28634.3926,24.9425,-5137.4287,-28335.1484,22.1181,-4703.9155,-28631.8770,20.8527,525.3690,-0.0023,-0.0090,3.0417,0.9554,3.0853,-4700.7959,-28635.7188,27.6517,1
-4703.1636,-28634.3926,24.9425,-5137.1880,-28335.6934,22.1108,-4699.2046,-28640.3027,22.5610,533.5204,-0.0010,-0.0082,3.0454,0.9564,3.0873,-4700.6807,-28635.9414,27.3120,1
-4703.1636,-28634.3926,24.9425,-5136.9458,-28336.2402,22.1029,-4696.9868,-28637.5957,20.0056,533.3024,-0.0020,-0.0086,3.0493,0.9574,3.0894,-4700.4600,-28636.0488,26.8462,1
-4703.1636,-28634.3926,24.9425,-5136.7026,-28336.7891,22.0944,-4705.1587,-28635.6152,23.4507,524.9310,-0.0010,-0.0073,3.0533,0.9582,3.0916,-4700.6196,-28636.0645,26.5292,1
-4703.1636,-28634.3926,24.9425,-5136.4585,-28337.3418,22.0855,-4702.7979,-28636.0566,25.7325,526.6171,-0.0012,-0.0062,3.0572,0.9591,3.0937,-4700.6812,-28636.0977,26.3214,1
-4703.1636,-28634.3926,24.9425,-5136.2129,-28337.8984,22.0762,-4696.8154,-28637.4395,20.7628,531.8094,-0.0019,-0.0073,3.0612,0.9601,3.0959,-4700.4668,-28636.1953,25.8872,1
-4703.1636,-28634.3926,24.9425,-5135.9658,-28338.4570,22.0666,-4699.8467,-28636.9434,21.3540,528.5045,-0.0015,-0.0068,3.0655,0.9608,3.0982,-4700.3882,-28636.2695,25.4759,1
-4703.1636,-28634.3926,24.9425,-5135.7178,-28339.0176,22.0567,-4698.4839,-28637.0293,24.4444,529.1577,-0.0016,-0.0055,3.0699,0.9617,3.1007,-4700.2466,-28636.3496,25.2108,1
-4703.1636,-28634.3926,24.9425,-5135.4683,-28339.5820,22.0467,-4704.6860,-28635.8770,23.4283,522.8610,-0.0008,-0.0054,3.0745,0.9627,3.1032,-4700.3984,-28636.3730,24.9057,1
-4703.1636,-28634.3926,24.9425,-5135.2178,-28340.1484,22.0364,-4703.2676,-28636.3203,23.7190,523.7532,-0.0010,-0.0049,3.0795,0.9629,3.1060,-4700.4956,-28636.4141,24.6221,1
-4703.1636,-28634.3926,24.9425,-5134.9658,-28340.7188,22.0259,-4699.6743,-28636.6133,20.5414,526.3576,-0.0016,-0.0054,3.0847,0.9636,3.1090,-4700.4302,-28636.4668,24.1969,1
-4703.1636,-28634.3926,24.9425,-5134.7124,-28341.2930,22.0160,-4697.8530,-28635.7363,22.8466,526.8372,-0.0021,-0.0042,3.0903,0.9641,3.1121,-4700.2778,-28636.4766,23.8841,1
-4703.1636,-28634.3926,24.9425,-5134.4575,-28341.8711,22.0069,-4698.2983,-28637.6777,24.0914,527.0215,-0.0016,-0.0033,3.0958,0.9647,3.1152,-4700.1421,-28636.5742,23.6403,1
-4703.1636,-28634.3926,24.9425,-5134.2007,-28342.4531,21.9988,-4704.5322,-28636.6543,22.9203,520.7504,-0.0008,-0.0032,3.1011,0.9654,3.1182,-4700.3027,-28636.6230,23.3544,1
-4703.1636,-28634.3926,24.9425,-5133.9419,-28343.0391,21.9917,-4699.4219,-28636.1797,20.0588,524.1702,-0.0018,-0.0037,3.1061,0.9660,3.1211,-4700.2310,-28636.6484,22.9437,1
-4703.1636,-28634.3926,24.9425,-5133.6812,-28343.6309,21.9854,-4697.4736,-28635.0234,23.1196,524.5907,-0.0024,-0.0023,3.1107,0.9666,3.1237,-4700.0654,-28636.6152,22.6848,1
-4703.1636,-28634.3926,24.9425,-5133.4185,-28344.2266,21.9799,-4702.5889,-28635.2266,23.7293,519.9072,-0.0016,-0.0018,3.1150,0.9667,3.1261,-4700.1406,-28636.5840,22.4699,1
-4703.1636,-28634.3926,24.9425,-5133.1543,-28344.8262,21.9752,-4702.7979,-28635.5332,24.2036,519.3515,-0.0015,-0.0013,3.1187,0.9671,3.1282,-4700.2339,-28636.5625,22.2944,1
-4703.1636,-28634.3926,24.9425,-5132.8877,-28345.4297,21.9722,-4704.3730,-28637.4707,18.1261,518.5913,-0.0008,-0.0030,3.1217,0.9676,3.1299,-4700.4116,-28636.6309,21.8436,1
-4703.1636,-28634.3926,24.9425,-5132.6201,-28346.0371,21.9709,-4700.7739,-28639.7773,23.9078,522.2852,-0.0008,-0.0010,3.1236,0.9683,3.1310,-4700.4258,-28636.8105,21.6746,1
-4703.1636,-28634.3926,24.9425,-5132.3506,-28346.6504,21.9710,-4705.7725,-28634.2832,21.9736,514.4963,-0.0014,-0.0015,3.1246,0.9689,3.1316,-4700.6846,-28636.7305,21.4322,1
-4703.1636,-28634.3926,24.9425,-5132.0796,-28347.2656,21.9720,-4702.3350,-28634.7656,26.7916,517.0683,-0.0019,-0.0000,3.1248,0.9690,3.1317,-4700.7876,-28636.6680,21.4369,1
-4703.1636,-28634.3926,24.9425,-5131.8066,-28347.8867,21.9737,-4705.0615,-28634.9668,23.2583,514.3265,-0.0014,-0.0012,3.1242,0.9695,3.1313,-4701.0264,-28636.6055,21.2970,1
-4703.1636,-28634.3926,24.9425,-5131.5322,-28348.5098,21.9757,-4700.3994,-28639.0938,24.7888,519.9277,-0.0012,-0.0008,3.1228,0.9703,3.1304,-4701.0464,-28636.7402,21.2459,1
-4703.1636,-28634.3926,24.9425,-5131.2563,-28349.1387,21.9779,-4705.3862,-28633.6543,23.6061,512.1730,-0.0017,-0.0013,3.1210,0.9709,3.1293,-4701.3057,-28636.6133,21.1593,1
-4703.1636,-28634.3926,24.9425,-5130.9780,-28349.7715,21.9801,-4701.8379,-28633.9199,29.0227,514.7336,-0.0023,0.0002,3.1188,0.9715,3.1280,-4701.3989,-28636.4941,21.3513,1
-4703.1636,-28634.3926,24.9425,-5130.6982,-28350.4102,21.9825,-4698.3975,-28634.4395,28.0433,517.2946,-0.0028,-0.0003,3.1163,0.9716,3.1265,-4701.3232,-28636.3926,21.5220,1
-4703.1636,-28634.3926,24.9425,-5130.4160,-28351.0508,21.9853,-4700.2900,-28638.8008,25.1480,517.5166,-0.0015,-0.0014,3.1134,0.9715,3.1247,-4701.3286,-28636.4980,21.5759,1
-4703.1636,-28634.3926,24.9425,-5130.1323,-28351.6973,21.9887,-4701.1650,-28636.3477,27.8658,514.8549,-0.0020,-0.0008,3.1103,0.9719,3.1227,-4701.3711,-28636.4902,21.7775,1
-4703.1636,-28634.3926,24.9425,-5129.8472,-28352.3496,21.9926,-4701.7754,-28633.7539,29.9324,512.3459,-0.0026,-0.0004,3.1069,0.9725,3.1207,-4701.4399,-28636.3555,22.1010,1
-4703.1636,-28634.3926,24.9425,-5129.5596,-28353.0039,21.9969,-4701.7891,-28639.4883,29.3386,514.8954,-0.0012,-0.0009,3.1034,0.9730,3.1186,-4701.5078,-28636.4941,22.4163,1
-4703.1636,-28634.3926,24.9425,-5129.2705,-28353.6641,22.0017,-4701.0474,-28635.3047,27.0700,512.5699,-0.0024,-0.0019,3.0996,0.9734,3.1164,-4701.5376,-28636.4375,22.6408,1
-4703.1636,-28634.3926,24.9425,-5128.9800,-28354.3281,22.0067,-4704.8159,-28632.6914,24.7838,507.3636,-0.0025,-0.0029,3.0957,0.9739,3.1142,-4701.7490,-28636.2480,22.7655,1
-4703.1636,-28634.3926,24.9425,-5128.6870,-28354.9961,22.0121,-4706.5820,-28635.5547,29.6245,506.9019,-0.0014,-0.0018,3.0916,0.9746,3.1118,-4702.0522,-28636.1934,23.1328,1
-4703.1636,-28634.3926,24.9425,-5128.3926,-28355.6699,22.0176,-4701.0693,-28638.3613,30.2572,512.4386,-0.0016,-0.0019,3.0873,0.9755,3.1092,-4702.0918,-28636.2734,23.5414,1
-4703.1636,-28634.3926,24.9425,-5128.0962,-28356.3477,22.0233,-4699.4424,-28637.2559,25.5622,512.5211,-0.0023,-0.0037,3.0830,0.9761,3.1067,-4702.0449,-28636.3066,23.7338,1
-4703.1636,-28634.3926,24.9425,-5127.7983,-28357.0293,22.0290,-4704.3877,-28631.9824,24.9581,504.8736,-0.0028,-0.0042,3.0788,0.9768,3.1043,-4702.2305,-28636.0820,23.8971,1
-4703.1636,-28634.3926,24.9425,-5127.4995,-28357.7129,22.0345,-4704.2227,-28637.3633,30.8210,507.3989,-0.0014,-0.0027,3.0751,0.9776,3.1021,-4702.4092,-28636.1133,24.3462,1
-4703.1636,-28634.3926,24.9425,-5127.1997,-28358.4004,22.0401,-4700.6851,-28637.7441,30.1014,509.9244,-0.0019,-0.0032,3.0717,0.9781,3.1001,-4702.4141,-28636.1699,24.7683,1
-4703.1636,-28634.3926,24.9425,-5126.8984,-28359.0898,22.0457,-4699.0693,-28636.5391,25.1805,509.9430,-0.0025,-0.0050,3.0686,0.9789,3.0983,-4702.3306,-28636.1699,24.9545,1
-4703.1636,-28634.3926,24.9425,-5126.5957,-28359.7832,22.0513,-4703.9600,-28631.2520,24.2103,502.3329,-0.0031,-0.0055,3.0659,0.9798,3.0967,-4702.4766,-28635.9102,25.0845,1
-4703.1636,-28634.3926,24.9425,-5126.2920,-28360.4766,22.0570,-4703.8223,-28636.7324,29.7355,504.8458,-0.0016,-0.0040,3.0633,0.9804,3.0952,-4702.6152,-28635.9141,25.4775,1
-4703.1636,-28634.3926,24.9425,-5125.9873,-28361.1758,22.0625,-4700.2773,-28637.0840,28.7309,507.3590,-0.0022,-0.0045,3.0610,0.9810,3.0938,-4702.5781,-28635.9375,25.8217,1
-4703.1636,-28634.3926,24.9425,-5125.6816,-28361.8750,22.0678,-4698.7700,-28635.9219,24.9350,507.3288,-0.0028,-0.0059,3.0587,0.9818,3.0924,-4702.4575,-28635.9082,25.9762,1
-4703.1636,-28634.3926,24.9425,-5125.3750,-28362.5781,22.0729,-4703.6392,-28630.6699,23.8065,499.7567,-0.0034,-0.0064,3.0564,0.9828,3.0910,-4702.5649,-28635.6172,26.0606,1
-4703.1636,-28634.3926,24.9425,-5125.0669,-28363.2852,22.0778,-4703.4600,-28636.1289,29.1985,502.2570,-0.0019,-0.0049,3.0543,0.9834,3.0897,-4702.6636,-28635.5898,26.3984,1
-4703.1636,-28634.3926,24.9425,-5124.7578,-28363.9922,22.0825,-4701.5620,-28636.7305,25.3568,503.4987,-0.0021,-0.0062,3.0522,0.9841,3.0884,-4702.6670,-28635.5957,26.5424,1
-4703.1636,-28634.3926,24.9425,-5124.4478,-28364.7031,22.0869,-4704.6079,-28632.8027,23.9066,498.1636,-0.0027,-0.0068,3.0500,0.9850,3.0871,-4702.8164,-28635.4121,26.6003,1
-4703.1636,-28634.3926,24.9425,-5124.1367,-28365.4160,22.0910,-4706.6387,-28635.2812,23.8723,497.1489,-0.0016,-0.0070,3.0479,0.9860,3.0857,-4703.0688,-28635.3477,26.6401,1
-4703.1636,-28634.3926,24.9425,-5123.8247,-28366.1328,22.0949,-4703.0366,-28635.4082,29.0190,499.6365,-0.0022,-0.0055,3.0458,0.9868,3.0844,-4703.1465,-28635.2930,26.9214,1
-4703.1636,-28634.3926,24.9425,-5123.5112,-28366.8516,22.0985,-4699.4717,-28635.6777,27.8990,502.1245,-0.0027,-0.0060,3.0437,0.9876,3.0831,-4703.0425,-28635.2539,27.1430,1
-4703.1636,-28634.3926,24.9425,-5123.1968,-28367.5723,22.1020,-4698.1284,-28634.5879,24.7777,502.0063,-0.0032,-0.0072,3.0416,0.9885,3.0817,-4702.8589,-28635.1641,27.2018,1
-4703.1636,-28634.3926,24.9425,-5122.8818,-28368.2949,22.1052,-4703.5732,-28633.7148,24.2374,496.2811,-0.0025,-0.0075,3.0395,0.9897,3.0803,-4702.9316,-28635.0332,27.2182,1
-4703.1636,-28634.3926,24.9425,-5122.5654,-28369.0215,22.1082,-4702.1973,-28637.7188,26.2713,498.9452,-0.0016,-0.0070,3.0375,0.9905,3.0791,-4702.9355,-28635.1035,27.3205,1
-4703.1636,-28634.3926,24.9425,-5122.2476,-28369.7500,22.1111,-4699.0825,-28634.9688,27.7029,499.4615,-0.0029,-0.0067,3.0355,0.9913,3.0778,-4702.7798,-28635.0449,27.4840,1
-4703.1636,-28634.3926,24.9425,-5121.9292,-28370.4805,22.1139,-4701.1997,-28639.2852,24.9161,499.3009,-0.0014,-0.0077,3.0336,0.9923,3.0765,-4702.7192,-28635.2051,27.5011,1
-4703.1636,-28634.3926,24.9425,-5121.6099,-28371.2129,22.1165,-4698.9619,-28634.5137,26.2473,497.9941,-0.0031,-0.0074,3.0317,0.9930,3.0754,-4702.5425,-28635.1387,27.5710,1
-4703.1636,-28634.3926,24.9425,-5121.2891,-28371.9492,22.1191,-4702.4731,-28634.3789,28.6575,494.3074,-0.0025,-0.0067,3.0299,0.9937,3.0742,-4702.5317,-28635.0645,27.7513,1
-4703.1636,-28634.3926,24.9425,-5120.9678,-28372.6855,22.1214,-4698.9004,-28634.5820,27.3407,496.7696,-0.0031,-0.0072,3.0285,0.9947,3.0733,-4702.3428,-28635.0020,27.8612,1
-4703.1636,-28634.3926,24.9425,-5120.6465,-28373.4238,22.1234,-4700.8306,-28638.5703,24.6111,496.5676,-0.0016,-0.0082,3.0277,0.9959,3.0726,-4702.2427,-28635.1406,27.8266,1
-4703.1636,-28634.3926,24.9425,-5120.3247,-28374.1641,22.1250,-4705.6274,-28633.5254,23.0002,489.1520,-0.0022,-0.0087,3.0273,0.9970,3.0723,-4702.3804,-28635.0371,27.6971,1
-4703.1636,-28634.3926,24.9425,-5120.0024,-28374.9023,22.1262,-4703.9888,-28636.5996,26.7786,491.5260,-0.0016,-0.0075,3.0275,0.9977,3.0724,-4702.4453,-28635.0840,27.7395,1
-4703.1636,-28634.3926,24.9425,-5119.6797,-28375.6445,22.1268,-4698.4902,-28633.8066,25.7154,494.0497,-0.0033,-0.0077,3.0280,0.9988,3.0726,-4702.2397,-28634.9961,27.7218,1
-4703.1636,-28634.3926,24.9425,-5119.3569,-28376.3848,22.1268,-4700.6621,-28638.1582,24.1889,493.8222,-0.0018,-0.0082,3.0290,0.9996,3.0731,-4702.1343,-28635.1250,27.6186,1
-4703.1636,-28634.3926,24.9425,-5119.0337,-28377.1270,22.1261,-4700.7754,-28633.3203,26.6173,490.5274,-0.0030,-0.0072,3.0301,1.0007,3.0737,-4702.0327,-28635.0215,27.6249,1
-4703.1636,-28634.3926,24.9425,-5118.7104,-28377.8691,22.1248,-4701.8188,-28633.1484,26.3833,488.8821,-0.0029,-0.0072,3.0316,1.0018,3.0745,-4701.9819,-28634.9043,27.6141,1
-4703.1636,-28634.3926,24.9425,-5118.3867,-28378.6133,22.1228,-4699.8643,-28635.0391,21.9779,490.8577,-0.0027,-0.0085,3.0333,1.0030,3.0755,-4701.8350,-28634.8789,27.3775,1
-4703.1636,-28634.3926,24.9425,-5118.0630,-28379.3574,22.1200,-4700.3403,-28637.4922,23.8833,491.0730,-0.0020,-0.0077,3.0353,1.0039,3.0767,-4701.7095,-28634.9805,27.2209,1
-4703.1636,-28634.3926,24.9425,-5117.7388,-28380.1016,22.1166,-4705.1826,-28632.6367,21.7038,483.7374,-0.0025,-0.0082,3.0376,1.0048,3.0780,-4701.8257,-28634.8438,26.9465,1
-4703.1636,-28634.3926,24.9425,-5117.4146,-28380.8457,22.1125,-4701.6567,-28632.7676,25.5740,486.1596,-0.0031,-0.0067,3.0402,1.0056,3.0796,-4701.7764,-28634.7109,26.8531,1
-4703.1636,-28634.3926,24.9425,-5117.0898,-28381.5918,22.1076,-4697.0620,-28637.8828,21.6531,492.0695,-0.0024,-0.0078,3.0431,1.0069,3.0812,-4701.4990,-28634.8320,26.5620,1
-4703.1636,-28634.3926,24.9425,-5116.7642,-28382.3398,22.1023,-4701.7197,-28634.2109,24.1129,485.5154,-0.0026,-0.0067,3.0459,1.0078,3.0829,-4701.4468,-28634.7773,26.3838,1
-4703.1636,-28634.3926,24.9425,-5116.4380,-28383.0898,22.0965,-4704.8184,-28631.9531,21.4244,481.0258,-0.0028,-0.0074,3.0485,1.0090,3.0844,-4701.5532,-28634.6094,26.0688,1
-4703.1636,-28634.3926,24.9425,-5116.1104,-28383.8418,22.0904,-4701.2114,-28631.9141,25.2782,483.4348,-0.0033,-0.0059,3.0510,1.0102,3.0858,-4701.4902,-28634.4355,25.9390,1
-4703.1636,-28634.3926,24.9425,-5115.7822,-28384.5957,22.0840,-4700.8359,-28637.2676,23.2590,485.8441,-0.0019,-0.0064,3.0535,1.0114,3.0872,-4701.4102,-28634.5234,25.7114,1
-4703.1636,-28634.3926,24.9425,-5115.4526,-28385.3535,22.0775,-4699.7515,-28636.2227,23.7098,485.5555,-0.0023,-0.0060,3.0560,1.0123,3.0887,-4701.2769,-28634.5703,25.5055,1
-4703.1636,-28634.3926,24.9425,-5115.1221,-28386.1133,22.0709,-4697.2480,-28635.0781,21.9645,486.4373,-0.0031,-0.0064,3.0587,1.0134,3.0902,-4701.0176,-28634.5664,25.2136,1
-4703.1636,-28634.3926,24.9425,-5114.7905,-28386.8750,22.0644,-4704.0786,-28636.5918,25.4405,480.6960,-0.0015,-0.0050,3.0614,1.0146,3.0917,-4701.0942,-28634.6387,25.0939,1
-4703.1636,-28634.3926,24.9425,-5114.4580,-28387.6406,22.0578,-4700.5889,-28636.7852,23.1667,483.0920,-0.0020,-0.0055,3.0643,1.0157,3.0934,-4701.0068,-28634.7285,24.8682,1
-4703.1636,-28634.3926,24.9425,-5114.1245,-28388.4062,22.0513,-4699.4331,-28635.5371,23.5709,482.7637,-0.0025,-0.0051,3.0674,1.0168,3.0952,-4700.8647,-28634.7617,24.6655,1
-4703.1636,-28634.3926,24.9425,-5113.7900,-28389.1758,22.0448,-4704.2080,-28630.7793,21.2351,475.5492,-0.0031,-0.0056,3.0706,1.0180,3.0972,-4700.9609,-28634.5586,24.3507,1
-4703.1636,-28634.3926,24.9425,-5113.4541,-28389.9492,22.0383,-4703.6826,-28635.8867,25.0024,477.9315,-0.0017,-0.0041,3.0741,1.0193,3.0992,-4701.0420,-28634.6016,24.2244,1
-4703.1636,-28634.3926,24.9425,-5113.1172,-28390.7227,22.0318,-4700.2397,-28636.1191,22.6062,480.3140,-0.0022,-0.0046,3.0777,1.0203,3.1014,-4700.9604,-28634.6621,23.9885,1
-4703.1636,-28634.3926,24.9425,-5112.7798,-28391.5000,22.0254,-4699.1968,-28634.9785,23.4274,479.9447,-0.0027,-0.0041,3.0815,1.0213,3.1037,-4700.8271,-28634.6680,23.7985,1
-4703.1636,-28634.3926,24.9425,-5112.4409,-28392.2793,22.0193,-4706.9663,-28635.3613,21.0980,472.7714,-0.0013,-0.0046,3.0855,1.0225,3.1061,-4701.0806,-28634.6953,23.4997,1
-4703.1636,-28634.3926,24.9425,-5112.1006,-28393.0625,22.0139,-4703.5249,-28635.5664,24.6722,475.1400,-0.0018,-0.0031,3.0893,1.0233,3.1084,-4701.1792,-28634.7344,23.3826,1
-4703.1636,-28634.3926,24.9425,-5111.7588,-28393.8496,22.0092,-4700.1152,-28635.8281,22.3791,477.5090,-0.0024,-0.0036,3.0927,1.0242,3.1106,-4701.1138,-28634.7891,23.1631,1
-4703.1636,-28634.3926,24.9425,-5111.4150,-28394.6406,22.0052,-4698.9331,-28634.3672,23.6354,477.0966,-0.0030,-0.0029,3.0957,1.0252,3.1124,-4700.9878,-28634.7734,23.0135,1
-4703.1636,-28634.3926,24.9425,-5111.0698,-28395.4375,22.0020,-4697.9346,-28635.0098,25.1962,477.5902,-0.0030,-0.0022,3.0982,1.0264,3.1139,-4700.8076,-28634.7891,22.9525,1
-4703.1636,-28634.3926,24.9425,-5110.7231,-28396.2363,21.9994,-4703.2280,-28635.0156,25.5971,472.3197,-0.0021,-0.0019,3.1002,1.0272,3.1151,-4700.8867,-28634.8047,22.9258,1
-4703.1636,-28634.3926,24.9425,-5110.3745,-28397.0391,21.9975,-4699.8125,-28635.2520,23.7408,474.6750,-0.0027,-0.0024,3.1018,1.0281,3.1161,-4700.8032,-28634.8320,22.8210,1
-4703.1636,-28634.3926,24.9425,-5110.0244,-28397.8457,21.9963,-4706.0991,-28632.0059,26.7920,466.9182,-0.0026,-0.0013,3.1028,1.0291,3.1167,-4701.0327,-28634.6992,22.8786,1
-4703.1636,-28634.3926,24.9425,-5109.6729,-28398.6562,21.9957,-4706.4536,-28634.4609,22.4636,467.1160,-0.0019,-0.0027,3.1035,1.0298,3.1171,-4701.2944,-28634.6797,22.7364,1
-4703.1636,-28634.3926,24.9425,-5109.3198,-28399.4707,21.9957,-4702.9277,-28637.7344,27.0672,471.1194,-0.0016,-0.0011,3.1038,1.0305,3.1173,-4701.3921,-28634.8262,22.8302,1
-4703.1636,-28634.3926,24.9425,-5108.9653,-28400.2891,21.9962,-4699.6709,-28634.9297,25.2872,471.7983,-0.0030,-0.0017,3.1038,1.0314,3.1173,-4701.3296,-28634.8379,22.8515,1
-4703.1636,-28634.3926,24.9425,-5108.6094,-28401.1094,21.9970,-4701.3677,-28638.2617,24.4097,471.2736,-0.0017,-0.0020,3.1035,1.0325,3.1171,-4701.3472,-28635.0176,22.8400,1
-4703.1636,-28634.3926,24.9425,-5108.2529,-28401.9336,21.9982,-4706.0308,-28633.6992,22.9925,464.2268,-0.0023,-0.0025,3.1030,1.0336,3.1167,-4701.5967,-28634.9766,22.7661,1
-4703.1636,-28634.3926,24.9425,-5107.8945,-28402.7598,21.9996,-4702.6289,-28633.8418,27.5110,466.5537,-0.0028,-0.0010,3.1023,1.0345,3.1162,-4701.6865,-28634.9375,22.9229,1
-4703.1636,-28634.3926,24.9425,-5107.5356,-28403.5898,22.0013,-4699.2061,-28634.0117,26.2231,468.8809,-0.0034,-0.0015,3.1013,1.0355,3.1156,-4701.6050,-28634.9023,23.0304,1
-4703.1636,-28634.3926,24.9425,-5107.1753,-28404.4219,22.0031,-4701.1157,-28637.6953,24.5804,468.3098,-0.0020,-0.0022,3.1002,1.0365,3.1148,-4701.6108,-28635.0508,23.0664,1
-4703.1636,-28634.3926,24.9425,-5106.8135,-28405.2559,22.0051,-4706.6787,-28635.0645,28.2787,461.4776,-0.0019,-0.0010,3.0989,1.0373,3.1140,-4701.8921,-28635.0723,23.2931,1
-4703.1636,-28634.3926,24.9425,-5106.4512,-28406.0938,22.0072,-4702.5225,-28633.5703,27.9623,463.6190,-0.0031,-0.0012,3.0974,1.0379,3.1130,-4701.9756,-28635.0176,23.5175,1
-4703.1636,-28634.3926,24.9425,-5106.0874,-28406.9336,22.0093,-4701.9971,-28638.8281,26.8933,465.9319,-0.0017,-0.0017,3.0959,1.0390,3.1120,-4702.0312,-28635.2227,23.6995,1
-4703.1636,-28634.3926,24.9425,-5105.7231,-28407.7754,22.0114,-4700.9072,-28637.1934,24.6746,465.3201,-0.0024,-0.0026,3.0942,1.0397,3.1109,-4702.0298,-28635.3535,23.7775,1
-4703.1636,-28634.3926,24.9425,-5105.3574,-28408.6211,22.0136,-4705.6255,-28632.8926,23.5098,458.3605,-0.0030,-0.0031,3.0925,1.0405,3.1098,-4702.2583,-28635.2715,23.7978,1
-4703.1636,-28634.3926,24.9425,-5104.9907,-28409.4688,22.0158,-4702.2329,-28632.9648,28.1696,460.6586,-0.0035,-0.0016,3.0907,1.0416,3.1086,-4702.3228,-28635.1836,24.0486,1
-4703.1636,-28634.3926,24.9425,-5104.6230,-28410.3184,22.0180,-4701.6299,-28638.1191,27.1622,462.9570,-0.0021,-0.0021,3.0888,1.0428,3.1073,-4702.3535,-28635.3496,24.2571,1
-4703.1636,-28634.3926,24.9425,-5104.2544,-28411.1699,22.0202,-4700.6216,-28636.5430,24.6871,462.3073,-0.0028,-0.0030,3.0869,1.0436,3.1060,-4702.3286,-28635.4414,24.3459,1
-4703.1636,-28634.3926,24.9425,-5103.8843,-28412.0254,22.0224,-4702.5215,-28632.7910,25.4875,458.0934,-0.0037,-0.0028,3.0851,1.0444,3.1048,-4702.3911,-28635.3457,24.4721,1
-4703.1636,-28634.3926,24.9425,-5103.5137,-28412.8828,22.0245,-4701.9614,-28632.3809,28.1594,457.6753,-0.0039,-0.0020,3.0832,1.0455,3.1035,-4702.4238,-28635.2227,24.7306,1
-4703.1636,-28634.3926,24.9425,-5103.1426,-28413.7422,22.0264,-4701.4331,-28637.7051,27.1097,459.9591,-0.0025,-0.0025,3.0817,1.0462,3.1025,-4702.4258,-28635.3555,24.9408,1
-4703.1636,-28634.3926,24.9425,-5102.7705,-28414.6016,22.0283,-4700.3779,-28635.9531,24.5395,459.2735,-0.0032,-0.0035,3.0804,1.0471,3.1016,-4702.3696,-28635.4082,25.0229,1
-4703.1636,-28634.3926,24.9425,-5102.3979,-28415.4648,22.0302,-4703.3315,-28632.2090,26.0082,454.1541,-0.0039,-0.0030,3.0793,1.0482,3.1009,-4702.4546,-28635.2734,25.1719,1
-4703.1636,-28634.3926,24.9425,-5102.0244,-28416.3281,22.0320,-4704.3579,-28636.6641,27.7544,454.6712,-0.0023,-0.0025,3.0783,1.0495,3.1001,-4702.5903,-28635.3516,25.4049,1
-4703.1636,-28634.3926,24.9425,-5101.6499,-28417.1953,22.0337,-4699.8843,-28637.4785,26.8188,458.2260,-0.0029,-0.0028,3.0774,1.0504,3.0995,-4702.5049,-28635.4746,25.5912,1
-4703.1636,-28634.3926,24.9425,-5101.2749,-28418.0625,22.0353,-4700.1104,-28635.3027,24.4401,456.2266,-0.0036,-0.0037,3.0765,1.0515,3.0988,-4702.4219,-28635.4922,25.6554,1
-4703.1636,-28634.3926,24.9425,-5100.8989,-28418.9336,22.0369,-4696.7139,-28635.3262,23.1052,458.4810,-0.0041,-0.0042,3.0755,1.0528,3.0980,-4702.1616,-28635.5098,25.6436,1
-4703.1636,-28634.3926,24.9425,-5100.5225,-28419.8047,22.0384,-4703.9639,-28635.8945,27.5719,451.6542,-0.0027,-0.0027,3.0745,1.0543,3.0973,-4702.2495,-28635.5527,25.8431,1
-4703.1636,-28634.3926,24.9425,-5100.1450,-28420.6797,22.0399,-4700.6128,-28636.0410,26.2723,453.9087,-0.0032,-0.0032,3.0736,1.0554,3.0966,-4702.1743,-28635.6035,25.9762,1
-4703.1636,-28634.3926,24.9425,-5099.7666,-28421.5547,22.0413,-4699.8496,-28634.6504,24.4208,453.1662,-0.0038,-0.0039,3.0726,1.0566,3.0958,-4702.0566,-28635.5840,26.0115,1
-4703.1636,-28634.3926,24.9425,-5099.3877,-28422.4336,22.0426,-4696.9478,-28635.2617,27.5898,455.2941,-0.0041,-0.0028,3.0716,1.0581,3.0950,-4701.7886,-28635.5918,26.1956,1
-4703.1636,-28634.3926,24.9425,-5099.0078,-28423.3125,22.0439,-4703.7271,-28635.3926,27.5543,448.6239,-0.0029,-0.0029,3.0706,1.0592,3.0943,-4701.8491,-28635.6035,26.3757,1
-4703.1636,-28634.3926,24.9425,-5098.6270,-28424.1953,22.0452,-4700.3906,-28635.5215,26.2691,450.8635,-0.0035,-0.0034,3.0696,1.0603,3.0935,-4701.7490,-28635.6191,26.4884,1
-4703.1636,-28634.3926,24.9425,-5098.2456,-28425.0801,22.0465,-4699.6152,-28634.0312,24.4050,450.0925,-0.0041,-0.0041,3.0685,1.0616,3.0927,-4701.6084,-28635.5605,26.5012,1
-4703.1636,-28634.3926,24.9425,-5097.8633,-28425.9648,22.0477,-4704.6475,-28634.4297,26.6218,445.0911,-0.0031,-0.0034,3.0674,1.0632,3.0919,-4701.7163,-28635.5156,26.6137,1
-4703.1636,-28634.3926,24.9425,-5097.4800,-28426.8535,22.0490,-4703.0542,-28633.8945,25.0617,445.4855,-0.0036,-0.0040,3.0664,1.0644,3.0911,-4701.7539,-28635.4434,26.6426,1
-4703.1636,-28634.3926,24.9425,-5097.0962,-28427.7441,22.0502,-4700.0698,-28634.8008,26.2432,447.8051,-0.0038,-0.0036,3.0654,1.0657,3.0903,-4701.6470,-28635.4102,26.7212,1
-4703.1636,-28634.3926,24.9425,-5096.7114,-28428.6348,22.0515,-4705.7539,-28632.3320,23.2345,440.8563,-0.0036,-0.0047,3.0643,1.0671,3.0895,-4701.8213,-28635.2520,26.6431,1
-4703.1636,-28634.3926,24.9425,-5096.3262,-28429.5293,22.0528,-4698.6074,-28638.3359,23.2163,449.2160,-0.0029,-0.0048,3.0633,1.0687,3.0887,-4701.6499,-28635.3887,26.5509,1
-4703.1636,-28634.3926,24.9425,-5095.9399,-28430.4258,22.0541,-4703.1367,-28634.1289,27.4700,442.5244,-0.0034,-0.0033,3.0622,1.0700,3.0880,-4701.6978,-28635.3223,26.6594,1
-4703.1636,-28634.3926,24.9425,-5095.5532,-28431.3223,22.0554,-4703.0215,-28635.2305,24.2832,442.3538,-0.0031,-0.0045,3.0612,1.0714,3.0872,-4701.7451,-28635.3086,26.6071,1
-4703.1636,-28634.3926,24.9425,-5095.1655,-28432.2227,22.0567,-4701.7334,-28637.7656,24.4991,443.9085,-0.0025,-0.0045,3.0602,1.0729,3.0864,-4701.7319,-28635.4219,26.5567,1
-4703.1636,-28634.3926,24.9425,-5094.7769,-28433.1250,22.0580,-4698.4180,-28637.8027,23.1968,446.1034,-0.0030,-0.0050,3.0592,1.0743,3.0856,-4701.5532,-28635.5410,26.4333,1
-4703.1636,-28634.3926,24.9425,-5094.3877,-28434.0273,22.0593,-4702.9204,-28633.6230,27.4118,439.4572,-0.0036,-0.0035,3.0582,1.0757,3.0849,-4701.5933,-28635.4590,26.5107,1
-4703.1636,-28634.3926,24.9425,-5093.9976,-28434.9316,22.0607,-4699.5859,-28633.5977,26.1292,441.6520,-0.0042,-0.0040,3.0572,1.0771,3.0841,-4701.4712,-28635.3711,26.5246,1
-4703.1636,-28634.3926,24.9425,-5093.6069,-28435.8398,22.0620,-4699.5947,-28635.4727,24.8696,441.7232,-0.0036,-0.0045,3.0562,1.0786,3.0833,-4701.3462,-28635.3711,26.4728,1
-4703.1636,-28634.3926,24.9425,-5093.2158,-28436.7480,22.0633,-4698.2480,-28637.2910,23.1685,442.9807,-0.0032,-0.0052,3.0553,1.0799,3.0826,-4701.1514,-28635.4629,26.3306,1
-4703.1636,-28634.3926,24.9425,-5092.8237,-28437.6582,22.0646,-4702.7573,-28633.2051,27.3359,436.3802,-0.0038,-0.0037,3.0544,1.0812,3.0819,-4701.1772,-28635.3535,26.3880,1
-4703.1636,-28634.3926,24.9425,-5092.4307,-28438.5703,22.0659,-4701.9619,-28638.1719,26.2001,438.5599,-0.0023,-0.0042,3.0535,1.0825,3.0813,-4701.1704,-28635.4883,26.3905,1
-4703.1636,-28634.3926,24.9425,-5092.0376,-28439.4844,22.0671,-4701.3721,-28636.7930,24.4312,437.6857,-0.0030,-0.0048,3.0527,1.0836,3.0807,-4701.1377,-28635.5625,26.3035,1
-4703.1636,-28634.3926,24.9425,-5091.6436,-28440.3984,22.0682,-4698.1328,-28636.8730,23.0980,439.8503,-0.0035,-0.0053,3.0520,1.0848,3.0802,-4700.9463,-28635.6406,26.1448,1
-4703.1636,-28634.3926,24.9425,-5091.2490,-28441.3145,22.0693,-4702.6313,-28632.8477,27.1944,433.2955,-0.0041,-0.0038,3.0513,1.0862,3.0796,-4700.9751,-28635.5215,26.1836,1
-4703.1636,-28634.3926,24.9425,-5090.8540,-28442.2324,22.0703,-4701.7534,-28637.6777,26.0178,435.4601,-0.0026,-0.0043,3.0507,1.0877,3.0791,-4700.9668,-28635.6348,26.1668,1
-4703.1636,-28634.3926,24.9425,-5090.4585,-28443.1523,22.0712,-4701.0903,-28636.0820,24.3531,434.5659,-0.0033,-0.0049,3.0501,1.0892,3.0786,-4700.9297,-28635.6738,26.0667,1
-4703.1636,-28634.3926,24.9425,-5090.0625,-28444.0723,22.0720,-4697.8472,-28636.0938,22.9693,436.7154,-0.0038,-0.0054,3.0496,1.0906,3.0782,-4700.7329,-28635.7148,25.8940,1
-4703.1636,-28634.3926,24.9425,-5089.6655,-28444.9941,22.0727,-4702.3267,-28632.1074,26.9766,430.2063,-0.0044,-0.0039,3.0492,1.0921,3.0778,-4700.7559,-28635.5547,25.9156,1
-4703.1636,-28634.3926,24.9425,-5089.2686,-28445.9160,22.0732,-4701.5093,-28637.0938,25.7557,432.3559,-0.0029,-0.0044,3.0490,1.0932,3.0775,-4700.7446,-28635.6348,25.8803,1
-4703.1636,-28634.3926,24.9425,-5088.8711,-28446.8398,22.0735,-4702.2109,-28634.2305,27.0747,429.7168,-0.0038,-0.0039,3.0488,1.0944,3.0774,-4700.7729,-28635.5742,25.9122,1
-4703.1636,-28634.3926,24.9425,-5088.4731,-28447.7656,22.0737,-4703.1289,-28634.3262,24.8987,428.1536,-0.0037,-0.0047,3.0488,1.0958,3.0772,-4700.8525,-28635.5156,25.8395,1
-4703.1636,-28634.3926,24.9425,-5088.0747,-28448.6914,22.0737,-4704.5234,-28636.5293,26.9031,427.1162,-0.0027,-0.0039,3.0487,1.0973,3.0771,-4701.0093,-28635.5645,25.8660,1
-4703.1636,-28634.3926,24.9425,-5087.6758,-28449.6172,22.0735,-4701.3311,-28636.6211,25.4540,429.2505,-0.0032,-0.0044,3.0489,1.0985,3.0771,-4701.0166,-28635.6211,25.8238,1
-4703.1636,-28634.3926,24.9425,-5087.2769,-28450.5449,22.0731,-4700.7358,-28635.0234,24.1757,428.3261,-0.0039,-0.0049,3.0492,1.0999,3.0772,-4700.9951,-28635.5977,25.7180,1
-4703.1636,-28634.3926,24.9425,-5086.8770,-28451.4746,22.0726,-4697.5234,-28634.9746,22.6633,430.4454,-0.0045,-0.0054,3.0495,1.1013,3.0773,-4700.8125,-28635.5723,25.5341,1
-4703.1636,-28634.3926,24.9425,-5086.4771,-28452.4043,22.0718,-4704.2422,-28635.8867,26.6243,424.0280,-0.0030,-0.0039,3.0500,1.1030,3.0775,-4700.9590,-28635.5898,25.5432,1
-4703.1636,-28634.3926,24.9425,-5086.0767,-28453.3359,22.0708,-4701.0532,-28635.9219,25.0986,426.1472,-0.0036,-0.0044,3.0506,1.1044,3.0778,-4700.9551,-28635.6094,25.4809,1
-4703.1636,-28634.3926,24.9425,-5085.6763,-28454.2676,22.0696,-4700.5239,-28634.3965,24.0671,425.2118,-0.0042,-0.0047,3.0514,1.1059,3.0782,-4700.9253,-28635.5547,25.3682,1
-4703.1636,-28634.3926,24.9425,-5085.2754,-28455.1992,22.0681,-4697.0835,-28635.1855,23.0581,427.9044,-0.0045,-0.0049,3.0523,1.1074,3.0787,-4700.7227,-28635.5352,25.2042,1
-4703.1636,-28634.3926,24.9425,-5084.8740,-28456.1328,22.0664,-4704.0825,-28635.4785,26.3237,420.9443,-0.0033,-0.0037,3.0534,1.1087,3.0794,-4700.8623,-28635.5293,25.2010,1
-4703.1636,-28634.3926,24.9425,-5084.4727,-28457.0664,22.0645,-4701.2085,-28636.5020,23.0326,423.2047,-0.0035,-0.0048,3.0547,1.1100,3.0802,-4700.8672,-28635.5762,25.0390,1
-4703.1636,-28634.3926,24.9425,-5084.0708,-28458.0020,22.0624,-4700.3530,-28633.8359,23.9565,422.1042,-0.0046,-0.0043,3.0561,1.1116,3.0811,-4700.8306,-28635.4902,24.9212,1
-4703.1636,-28634.3926,24.9425,-5083.6685,-28458.9375,22.0599,-4699.3755,-28638.5098,22.4224,424.1932,-0.0031,-0.0048,3.0577,1.1134,3.0820,-4700.7446,-28635.6348,24.7278,1
-4703.1636,-28634.3926,24.9425,-5083.2661,-28459.8730,22.0573,-4703.8169,-28634.8223,25.9930,417.8673,-0.0037,-0.0033,3.0595,1.1148,3.0832,-4700.8784,-28635.6016,24.7111,1
-4703.1636,-28634.3926,24.9425,-5082.8633,-28460.8105,22.0544,-4700.6602,-28634.7910,24.2955,419.9564,-0.0042,-0.0038,3.0615,1.1163,3.0845,-4700.8623,-28635.5664,24.6168,1
-4703.1636,-28634.3926,24.9425,-5082.4604,-28461.7480,22.0512,-4700.1748,-28633.2402,23.8422,419.0051,-0.0048,-0.0038,3.0636,1.1180,3.0859,-4700.8218,-28635.4492,24.5029,1
-4703.1636,-28634.3926,24.9425,-5082.0576,-28462.6855,22.0477,-4699.1616,-28637.8613,22.2034,421.0791,-0.0034,-0.0043,3.0659,1.1198,3.0874,-4700.7290,-28635.5586,24.3094,1
-4703.1636,-28634.3926,24.9425,-5081.6538,-28463.6250,22.0440,-4703.5884,-28634.2246,25.6484,414.7988,-0.0040,-0.0028,3.0685,1.1213,3.0892,-4700.8550,-28635.4922,24.2874,1
-4703.1636,-28634.3926,24.9425,-5081.2505,-28464.5645,22.0400,-4700.4561,-28634.1719,23.8595,416.8727,-0.0045,-0.0033,3.0713,1.1229,3.0911,-4700.8311,-28635.4219,24.1838,1
-4703.1636,-28634.3926,24.9425,-5080.8467,-28465.5039,22.0358,-4702.1406,-28637.4238,23.8422,415.9162,-0.0031,-0.0032,3.0743,1.1247,3.0931,-4700.8911,-28635.5098,24.0829,1
-4703.1636,-28634.3926,24.9425,-5080.4424,-28466.4453,22.0312,-4699.0278,-28637.3750,21.9854,417.9752,-0.0036,-0.0037,3.0776,1.1262,3.0954,-4700.7988,-28635.5996,23.8930,1
-4703.1636,-28634.3926,24.9425,-5080.0381,-28467.3867,22.0263,-4703.4575,-28633.8242,25.3056,411.7403,-0.0042,-0.0022,3.0810,1.1277,3.0978,-4700.9238,-28635.5176,23.8690,1
-4703.1636,-28634.3926,24.9425,-5079.6333,-28468.3301,22.0213,-4700.3179,-28633.6797,23.4572,413.7993,-0.0048,-0.0027,3.0845,1.1294,3.1002,-4700.8979,-28635.4238,23.7610,1
-4703.1636,-28634.3926,24.9425,-5079.2280,-28469.2734,22.0160,-4699.5376,-28635.1797,25.8510,414.3768,-0.0043,-0.0016,3.0879,1.1314,3.1025,-4700.8315,-28635.4004,23.7766,1
-4703.1636,-28634.3926,24.9425,-5078.8218,-28470.2168,22.0124,-4701.5845,-28633.6562,22.4670,411.1292,-0.0046,-0.0026,3.0900,1.1329,3.1030,-4700.8643,-28635.3027,23.6326,1
-4703.1636,-28634.3926,24.9425,-5078.4141,-28471.1602,22.0142,-4703.2661,-28633.2793,24.8332,408.6927,-0.0045,-0.0014,3.0897,1.1343,3.1007,-4700.9829,-28635.1816,23.6083,1
-4703.1636,-28634.3926,24.9425,-5078.0068,-28472.1016,22.0233,-4702.2114,-28637.8633,23.1416,410.7367,-0.0030,-0.0019,3.0875,1.1359,3.0971,-4701.0547,-28635.2852,23.5067,1
-4703.1636,-28634.3926,24.9425,-5077.5986,-28473.0430,22.0407,-4701.8511,-28636.4941,23.8601,409.7673,-0.0036,-0.0014,3.0837,1.1371,3.0917,-4701.1104,-28635.3301,23.4443,1
-4703.1636,-28634.3926,24.9425,-5077.1899,-28473.9824,22.0675,-4698.8091,-28636.4629,22.0471,411.7965,-0.0042,-0.0019,3.0797,1.1383,3.0860,-4701.0151,-28635.3750,23.2965,1
-4703.1636,-28634.3926,24.9425,-5076.7822,-28474.9238,22.1040,-4704.3516,-28636.3398,26.3844,405.9286,-0.0034,-0.0002,3.0775,1.1398,3.0830,-4701.1904,-28635.4180,23.3667,1
-4703.1636,-28634.3926,24.9425,-5076.3813,-28475.8672,22.1529,-4702.0547,-28637.3184,25.9947,407.6811,-0.0033,-0.0009,3.0791,1.1421,3.0887,-4701.2583,-28635.5117,23.4289,1
-4703.1636,-28634.3926,24.9425,-5075.9907,-28476.8145,22.2133,-4701.4727,-28635.3145,28.0592,406.7234,-0.0039,-0.0016,3.0862,1.1453,3.1064,-4701.2974,-28635.5098,23.6041,1
-4703.1636,-28634.3926,24.9425,-5075.6104,-28477.7637,22.2788,-4698.1968,-28634.3418,32.4721,408.7377,-0.0045,-0.0021,3.0986,1.1492,3.1348,-4701.1719,-28635.4590,24.0135,1
-4703.1636,-28634.3926,24.9425,-5075.2344,-28478.7168,22.3393,-4702.7046,-28630.2207,41.9411,402.6381,-0.0050,-0.0006,3.1135,1.1532,-3.1169,-4701.2627,-28635.1992,24.9181,1
-4703.1636,-28634.3926,24.9425,-5074.8599,-28479.6699,22.3930,-4701.6177,-28634.1621,46.1334,404.6524,-0.0036,-0.0011,3.1275,1.1564,-3.0874,-4701.3022,-28635.1230,26.0723,1
-4703.1636,-28634.3926,24.9425,-5074.4863,-28480.6230,22.4407,-4701.3086,-28634.6523,29.4566,403.8066,-0.0031,-0.0097,3.1392,1.1594,-3.0611,-4701.3257,-28635.0723,26.4352,1
-4703.1636,-28634.3926,24.9425,-5074.1133,-28481.5742,22.4847,-4698.1353,-28633.7988,33.5174,405.8068,-0.0036,-0.0102,-3.1341,1.1624,-3.0366,-4701.1895,-28634.9785,26.9980,1
-4703.1636,-28634.3926,24.9425,-5073.7412,-28482.5254,22.5262,-4704.6812,-28634.7891,42.2475,399.7500,-0.0022,-0.0087,-3.1249,1.1653,-3.0126,-4701.3716,-28634.9336,28.0019,1
-4703.1636,-28634.3926,24.9425,-5073.3701,-28483.4746,22.5653,-4701.6968,-28634.0098,46.6074,401.7501,-0.0027,-0.0092,-3.1161,1.1681,-2.9887,-4701.4126,-28634.8496,29.2448,1
-4703.1636,-28634.3926,24.9425,-5073.0000,-28484.4219,22.6019,-4701.1309,-28633.9844,29.8983,400.9410,-0.0021,-0.0180,-3.1075,1.1711,-2.9647,-4701.4243,-28634.7656,29.6769,1
-4703.1636,-28634.3926,24.9425,-5072.6309,-28485.3691,22.6361,-4697.9419,-28632.9180,34.5264,402.9273,-0.0026,-0.0185,-3.0990,1.1743,-2.9405,-4701.2744,-28634.6289,30.3199,1
-4703.1636,-28634.3926,24.9425,-5072.2622,-28486.3125,22.6679,-4704.4072,-28633.7695,43.5703,396.9126,-0.0012,-0.0170,-3.0905,1.1777,-2.9162,-4701.4390,-28634.5312,31.4040,1
-4703.1636,-28634.3926,24.9425,-5071.8945,-28487.2539,22.6975,-4701.4404,-28632.7852,48.4071,398.8989,-0.0017,-0.0175,-3.0822,1.1807,-2.8918,-4701.4614,-28634.3867,32.7365,1
-4703.1636,-28634.3926,24.9425,-5071.5273,-28488.1934,22.7250,-4700.9946,-28633.3965,30.2787,398.1239,-0.0004,-0.0270,-3.0739,1.1834,-2.8673,-4701.4604,-28634.2734,33.1744,1
-4703.1636,-28634.3926,24.9425,-5071.1606,-28489.1328,22.7505,-4697.8955,-28632.4082,35.1512,400.0965,-0.0010,-0.0275,-3.0656,1.1861,-2.8429,-4701.3022,-28634.1094,33.8195,1
-4703.1636,-28634.3926,24.9425,-5070.7944,-28490.0684,22.7741,-4704.5049,-28633.7637,44.0597,394.1233,0.0005,-0.0260,-3.0573,1.1882,-2.8185,-4701.4653,-28634.0137,34.8844,1
-4703.1636,-28634.3926,24.9425,-5070.4282,-28491.0020,22.7960,-4701.6758,-28633.0195,48.8565,396.0959,-0.0001,-0.0265,-3.0489,1.1902,-2.7943,-4701.4941,-28633.8848,36.1818,1
-4703.1636,-28634.3926,24.9425,-5070.0620,-28491.9355,22.8163,-4701.0308,-28633.2676,30.1425,395.3497,0.0013,-0.0362,-3.0405,1.1918,-2.7703,-4701.4902,-28633.7715,36.5420,1
-4703.1636,-28634.3926,24.9425,-5069.6963,-28492.8652,22.8352,-4700.3042,-28632.2617,34.1191,395.0945,0.0010,-0.0369,-3.0320,1.1933,-2.7464,-4701.4478,-28633.6094,37.0511,1
-4703.1636,-28634.3926,24.9425,-5069.3301,-28493.7949,22.8527,-4704.7695,-28634.4336,43.0064,391.3764,0.0022,-0.0352,-3.0234,1.1940,-2.7230,-4701.6250,-28633.5566,37.9644,1
-4703.1636,-28634.3926,24.9425,-5068.9639,-28494.7207,22.8690,-4702.0762,-28634.0859,47.2830,393.3353,0.0016,-0.0357,-3.0148,1.1945,-2.6998,-4701.6743,-28633.4961,39.0710,1
-4703.1636,-28634.3926,24.9425,-5068.5981,-28495.6465,22.8841,-4701.1323,-28633.3301,29.6152,392.6093,0.0026,-0.0449,-3.0063,1.1941,-2.6772,-4701.6763,-28633.4004,39.2800,1
-4703.1636,-28634.3926,24.9425,-5068.2319,-28496.5703,22.8980,-4700.0576,-28637.6934,32.6452,394.5548,0.0040,-0.0454,-2.9978,1.1933,-2.6550,-4701.6216,-28633.5293,39.5817,1
-4703.1636,-28634.3926,24.9425,-5067.8657,-28497.4902,22.9108,-4705.2397,-28635.8125,40.8867,388.6630,0.0035,-0.0439,-2.9893,1.1920,-2.6334,-4701.8208,-28633.5781,40.2458,1
-4703.1636,-28634.3926,24.9425,-5067.4995,-28498.4102,22.9226,-4702.7329,-28636.0762,44.3944,390.6085,0.0029,-0.0444,-2.9808,1.1902,-2.6122,-4701.9019,-28633.6504,41.0552,1
-4703.1636,-28634.3926,24.9425,-5067.1333,-28499.3262,22.9333,0.0000,0.0000,0.0000,0.0000,0.0000,0.0000,-2.9726,1.1877,-2.5917,0.0000,0.0000,0.0000,1
-4703.1636,-28634.3926,24.9425,-5066.7676,-28500.2422,22.9428,0.0000,0.0000,0.0000,0.0000,0.0000,0.0000,-2.9644,1.1850,-2.5717,0.0000,0.0000,0.0000,0
-4703.1636,-28634.3926,24.9425,-5066.4014,-28501.1543,22.9517,0.0000,0.0000,0.0000,0.0000,0.0000,0.0000,-2.9565,1.1813,-2.5527,0.0000,0.0000,0.0000,0
-4703.1636,-28634.3926,24.9425,-5066.0347,-28502.0664,22.9603,0.0000,0.0000,0.0000,0.0000,0.0000,0.0000,-2.9487,1.1773,-2.5348,0.0000,0.0000,0.0000,0
-4703.1636,-28634.3926,24.9425,-5065.6685,-28502.9746,22.9686,0.0000,0.0000,0.0000,0.0000,0.0000,0.0000,-2.9412,1.1726,-2.5181,0.0000,0.0000,0.0000,0
-4703.1636,-28634.3926,24.9425,-5065.3018,-28503.8828,22.9766,0.0000,0.0000,0.0000,0.0000,0.0000,0.0000,-2.9339,1.1670,-2.5028,0.0000,0.0000,0.0000,0
-4703.1636,-28634.3926,24.9425,-5064.9351,-28504.7891,22.9841,0.0000,0.0000,0.0000,0.0000,0.0000,0.0000,-2.9269,1.1611,-2.4884,0.0000,0.0000,0.0000,0
-4703.1636,-28634.3926,24.9425,-5064.5684,-28505.6914,22.9911,0.0000,0.0000,0.0000,0.0000,0.0000,0.0000,-2.9199,1.1550,-2.4751,0.0000,0.0000,0.0000,0
-4703.1636,-28634.3926,24.9425,-5064.2017,-28506.5938,22.9973,0.0000,0.0000,0.0000,0.0000,0.0000,0.0000,-2.9128,1.1493,-2.4622,0.0000,0.0000,0.0000,0
-4703.1636,-28634.3926,24.9425,-5063.8359,-28507.4922,23.0026,0.0000,0.0000,0.0000,0.0000,0.0000,0.0000,-2.9057,1.1435,-2.4502,0.0000,0.0000,0.0000,0
-4703.1636,-28634.3926,24.9425,-5063.4707,-28508.3887,23.0068,0.0000,0.0000,0.0000,0.0000,0.0000,0.0000,-2.8987,1.1372,-2.4390,0.0000,0.0000,0.0000,0
-4703.1636,-28634.3926,24.9425,-5063.1064,-28509.2832,23.0097,0.0000,0.0000,0.0000,0.0000,0.0000,0.0000,-2.8919,1.1306,-2.4286,0.0000,0.0000,0.0000,0
-4703.1636,-28634.3926,24.9425,-5062.7432,-28510.1758,23.0110,0.0000,0.0000,0.0000,0.0000,0.0000,0.0000,-2.8852,1.1237,-2.4191,0.0000,0.0000,0.0000,0
-4703.1636,-28634.3926,24.9425,-5062.3809,-28511.0645,23.0107,0.0000,0.0000,0.0000,0.0000,0.0000,0.0000,-2.8788,1.1164,-2.4103,0.0000,0.0000,0.0000,0
-4703.1636,-28634.3926,24.9425,-5062.0200,-28511.9512,23.0087,0.0000,0.0000,0.0000,0.0000,0.0000,0.0000,-2.8726,1.1088,-2.4023,0.0000,0.0000,0.0000,0
-4703.1636,-28634.3926,24.9425,-5061.6602,-28512.8359,23.0047,0.0000,0.0000,0.0000,0.0000,0.0000,0.0000,-2.8666,1.1010,-2.3949,0.0000,0.0000,0.0000,0
-4703.1636,-28634.3926,24.9425,-5061.3018,-28513.7168,22.9989,0.0000,0.0000,0.0000,0.0000,0.0000,0.0000,-2.8608,1.0930,-2.3882,0.0000,0.0000,0.0000,0
-4703.1636,-28634.3926,24.9425,-5060.9443,-28514.5957,22.9911,0.0000,0.0000,0.0000,0.0000,0.0000,0.0000,-2.8552,1.0848,-2.3822,0.0000,0.0000,0.0000,0
-4703.1636,-28634.3926,24.9425,-5060.5884,-28515.4727,22.9813,0.0000,0.0000,0.0000,0.0000,0.0000,0.0000,-2.8498,1.0764,-2.3768,0.0000,0.0000,0.0000,0
-4703.1636,-28634.3926,24.9425,-5060.2339,-28516.3457,22.9694,0.0000,0.0000,0.0000,0.0000,0.0000,0.0000,-2.8445,1.0677,-2.3721,0.0000,0.0000,0.0000,0
-4703.1636,-28634.3926,24.9425,-5059.8813,-28517.2148,22.9555,0.0000,0.0000,0.0000,0.0000,0.0000,0.0000,-2.8392,1.0586,-2.3682,0.0000,0.0000,0.0000,0
-4703.1636,-28634.3926,24.9425,-5059.5303,-28518.0820,22.9393,0.0000,0.0000,0.0000,0.0000,0.0000,0.0000,-2.8340,1.0492,-2.3651,0.0000,0.0000,0.0000,0
-4703.1636,-28634.3926,24.9425,-5059.1816,-28518.9453,22.9209,0.0000,0.0000,0.0000,0.0000,0.0000,0.0000,-2.8287,1.0392,-2.3629,0.0000,0.0000,0.0000,0
-4703.1636,-28634.3926,24.9425,-5058.8350,-28519.8066,22.9011,0.0000,0.0000,0.0000,0.0000,0.0000,0.0000,-2.8237,1.0288,-2.3623,0.0000,0.0000,0.0000,0
-4703.1636,-28634.3926,24.9425,-5058.4897,-28520.6602,22.8825,0.0000,0.0000,0.0000,0.0000,0.0000,0.0000,-2.8199,1.0183,-2.3655,0.0000,0.0000,0.0000,0
-4703.1636,-28634.3926,24.9425,-5058.1470,-28521.5117,22.8658,0.0000,0.0000,0.0000,0.0000,0.0000,0.0000,-2.8178,1.0078,-2.3731,0.0000,0.0000,0.0000,0
-4703.1636,-28634.3926,24.9425,-5057.8062,-28522.3574,22.8506,0.0000,0.0000,0.0000,0.0000,0.0000,0.0000,-2.8174,0.9975,-2.3847,0.0000,0.0000,0.0000,0
-4703.1636,-28634.3926,24.9425,-5057.4673,-28523.2012,22.8370,0.0000,0.0000,0.0000,0.0000,0.0000,0.0000,-2.8184,0.9873,-2.4003,0.0000,0.0000,0.0000,0
-4703.1636,-28634.3926,24.9425,-5057.1299,-28524.0391,22.8248,0.0000,0.0000,0.0000,0.0000,0.0000,0.0000,-2.8205,0.9774,-2.4198,0.0000,0.0000,0.0000,0
-4703.1636,-28634.3926,24.9425,-5056.7949,-28524.8730,22.8137,0.0000,0.0000,0.0000,0.0000,0.0000,0.0000,-2.8236,0.9676,-2.4430,0.0000,0.0000,0.0000,0
-4703.1636,-28634.3926,24.9425,-5056.4614,-28525.7051,22.8033,0.0000,0.0000,0.0000,0.0000,0.0000,0.0000,-2.8274,0.9581,-2.4695,0.0000,0.0000,0.0000,0
-4703.1636,-28634.3926,24.9425,-5056.1294,-28526.5332,22.7932,0.0000,0.0000,0.0000,0.0000,0.0000,0.0000,-2.8320,0.9486,-2.4991,0.0000,0.0000,0.0000,0
-4703.1636,-28634.3926,24.9425,-5055.7988,-28527.3594,22.7830,0.0000,0.0000,0.0000,369.6269,-0.0362,-0.0488,-2.8372,0.9390,-2.5313,0.0000,0.0000,0.0000,0
-4703.1636,-28634.3926,24.9425,-5055.4697,-28528.1816,22.7719,-4703.4341,-28644.3418,1.6135,371.4608,-0.0348,-0.0493,-2.8429,0.9293,-2.5659,-4703.4341,-28644.3418,1.6135,1
-4703.1636,-28634.3926,24.9425,-5055.1421,-28529.0020,22.7596,-4704.9512,-28647.1387,-6.2068,370.8625,-0.0359,-0.0481,-2.8490,0.9194,-2.6024,-4703.5098,-28644.4824,1.2225,1
-4703.1636,-28634.3926,24.9425,-5054.8159,-28529.8203,22.7454,-4709.9995,-28650.4277,-18.2299,367.7408,-0.0359,-0.0483,-2.8554,0.9094,-2.6405,-4703.8418,-28644.7930,0.2127,1
-4703.1636,-28634.3926,24.9425,-5054.4907,-28530.6367,22.7297,-4704.4492,-28641.0410,11.3621,367.3169,-0.0474,-0.0324,-2.8619,0.8992,-2.6806,-4703.9102,-28644.6465,0.6408,1
-4703.1636,-28634.3926,24.9425,-5054.1670,-28531.4531,22.7128,-4703.9009,-28644.8711,-2.5575,369.1397,-0.0479,-0.0329,-2.8686,0.8888,-2.7227,-4703.9502,-28644.6816,0.4052,1
-4703.1636,-28634.3926,24.9425,-5053.8438,-28532.2656,22.6945,-4710.8345,-28647.5547,-11.9630,363.6196,-0.0485,-0.0314,-2.8753,0.8783,-2.7667,-4704.3350,-28644.8496,-0.3038,1
-4703.1636,-28634.3926,24.9425,-5053.5210,-28533.0762,22.6745,-4713.2744,-28651.6816,-29.3381,364.1635,-0.0485,-0.0330,-2.8819,0.8675,-2.8122,-4704.8550,-28645.2285,-1.9044,1
-4703.1636,-28634.3926,24.9425,-5053.1987,-28533.8867,22.6519,0.0000,0.0000,0.0000,0.0000,0.0000,0.0000,-2.8879,0.8565,-2.8583,0.0000,0.0000,0.0000,1
-4703.1636,-28634.3926,24.9425,-5052.8770,-28534.6953,22.6240,0.0000,0.0000,0.0000,0.0000,0.0000,0.0000,-2.8898,0.8548,-2.9018,0.0000,0.0000,0.0000,0
-4703.1636,-28634.3926,24.9425,-5052.5576,-28535.5020,22.5922,0.0000,0.0000,0.0000,0.0000,0.0000,0.0000,-2.8897,0.8555,-2.9433,0.0000,0.0000,0.0000,0
-4703.1636,-28634.3926,24.9425,-5052.2451,-28536.3066,22.5602,0.0000,0.0000,0.0000,0.0000,0.0000,0.0000,-2.8888,0.8564,-2.9814,0.0000,0.0000,0.0000,0
-4703.1636,-28634.3926,24.9425,-5051.9546,-28537.1035,22.5486,0.0000,0.0000,0.0000,0.0000,0.0000,0.0000,-2.8921,0.8600,-3.0087,0.0000,0.0000,0.0000,0
-4703.1636,-28634.3926,24.9425,-5051.6919,-28537.8906,22.5699,0.0000,0.0000,0.0000,0.0000,0.0000,0.0000,-2.9033,0.8637,-3.0243,0.0000,0.0000,0.0000,0
-4703.1636,-28634.3926,24.9425,-5051.4443,-28538.6699,22.6071,0.0000,0.0000,0.0000,0.0000,0.0000,0.0000,-2.9182,0.8670,-3.0345,0.0000,0.0000,0.0000,0
-4703.1636,-28634.3926,24.9425,-5051.2002,-28539.4473,22.6431,0.0000,0.0000,0.0000,0.0000,0.0000,0.0000,-2.9325,0.8701,-3.0446,0.0000,0.0000,0.0000,0
-4703.1636,-28634.3926,24.9425,-5050.9580,-28540.2227,22.6773,0.0000,0.0000,0.0000,0.0000,0.0000,0.0000,-2.9495,0.8606,-3.0587,0.0000,0.0000,0.0000,0
-4703.1636,-28634.3926,24.9425,-5050.7173,-28540.9922,22.7099,0.0000,0.0000,0.0000,0.0000,0.0000,0.0000,-2.9673,0.8466,-3.0739,0.0000,0.0000,0.0000,0
-4703.1636,-28634.3926,24.9425,-5050.4780,-28541.7617,22.7400,0.0000,0.0000,0.0000,0.0000,0.0000,0.0000,-2.9847,0.8319,-3.0894,0.0000,0.0000,0.0000,0
-4703.1636,-28634.3926,24.9425,-5050.2402,-28542.5254,22.7676,0.0000,0.0000,0.0000,0.0000,0.0000,0.0000,-3.0014,0.8170,-3.1048,0.0000,0.0000,0.0000,0
-4703.1636,-28634.3926,24.9425,-5050.0034,-28543.2891,22.7926,0.0000,0.0000,0.0000,0.0000,0.0000,0.0000,-3.0172,0.8019,-3.1201,0.0000,0.0000,0.0000,0
-4703.1636,-28634.3926,24.9425,-5049.7671,-28544.0488,22.8145,0.0000,0.0000,0.0000,0.0000,0.0000,0.0000,-3.0320,0.7867,-3.1355,0.0000,0.0000,0.0000,0
-4703.1636,-28634.3926,24.9425,-5049.5322,-28544.8066,22.8330,0.0000,0.0000,0.0000,0.0000,0.0000,0.0000,-3.0457,0.7713,3.1323,0.0000,0.0000,0.0000,0
-4703.1636,-28634.3926,24.9425,-5049.2983,-28545.5625,22.8488,0.0000,0.0000,0.0000,0.0000,0.0000,0.0000,-3.0584,0.7558,3.1169,0.0000,0.0000,0.0000,0
-4703.1636,-28634.3926,24.9425,-5049.0649,-28546.3145,22.8622,0.0000,0.0000,0.0000,0.0000,0.0000,0.0000,-3.0705,0.7403,3.1018,0.0000,0.0000,0.0000,0
-4703.1636,-28634.3926,24.9425,-5048.8330,-28547.0664,22.8731,0.0000,0.0000,0.0000,0.0000,0.0000,0.0000,-3.0820,0.7250,3.0871,0.0000,0.0000,0.0000,0
-4703.1636,-28634.3926,24.9425,-5048.6011,-28547.8164,22.8816,0.0000,0.0000,0.0000,0.0000,0.0000,0.0000,-3.0929,0.7101,3.0728,0.0000,0.0000,0.0000,0
-4703.1636,-28634.3926,24.9425,-5048.3701,-28548.5645,22.8877,0.0000,0.0000,0.0000,0.0000,0.0000,0.0000,-3.1034,0.6952,3.0589,0.0000,0.0000,0.0000,0
-4703.1636,-28634.3926,24.9425,-5048.1396,-28549.3105,22.8913,0.0000,0.0000,0.0000,0.0000,0.0000,0.0000,-3.1135,0.6801,3.0456,0.0000,0.0000,0.0000,0
-4703.1636,-28634.3926,24.9425,-5047.9097,-28550.0547,22.8925,0.0000,0.0000,0.0000,0.0000,0.0000,0.0000,-3.1233,0.6650,3.0328,0.0000,0.0000,0.0000,0
-4703.1636,-28634.3926,24.9425,-5047.6797,-28550.7969,22.8914,0.0000,0.0000,0.0000,0.0000,0.0000,0.0000,-3.1327,0.6497,3.0205,0.0000,0.0000,0.0000,0
-4703.1636,-28634.3926,24.9425,-5047.4507,-28551.5391,22.8878,0.0000,0.0000,0.0000,0.0000,0.0000,0.0000,3.1413,0.6343,3.0086,0.0000,0.0000,0.0000,0
-4703.1636,-28634.3926,24.9425,-5047.2217,-28552.2773,22.8818,0.0000,0.0000,0.0000,0.0000,0.0000,0.0000,3.1325,0.6189,2.9972,0.0000,0.0000,0.0000,0
-4703.1636,-28634.3926,24.9425,-5046.9937,-28553.0156,22.8734,0.0000,0.0000,0.0000,0.0000,0.0000,0.0000,3.1238,0.6033,2.9862,0.0000,0.0000,0.0000,0
-4703.1636,-28634.3926,24.9425,-5046.7656,-28553.7520,22.8626,0.0000,0.0000,0.0000,0.0000,0.0000,0.0000,3.1155,0.5877,2.9756,0.0000,0.0000,0.0000,0
-4703.1636,-28634.3926,24.9425,-5046.5381,-28554.4863,22.8494,0.0000,0.0000,0.0000,0.0000,0.0000,0.0000,3.1073,0.5719,2.9655,0.0000,0.0000,0.0000,0
-4703.1636,-28634.3926,24.9425,-5046.3110,-28555.2207,22.8338,0.0000,0.0000,0.0000,0.0000,0.0000,0.0000,3.0994,0.5561,2.9557,0.0000,0.0000,0.0000,0
-4703.1636,-28634.3926,24.9425,-5046.0845,-28555.9512,22.8159,0.0000,0.0000,0.0000,0.0000,0.0000,0.0000,3.0916,0.5403,2.9463,0.0000,0.0000,0.0000,0
-4703.1636,-28634.3926,24.9425,-5045.8584,-28556.6816,22.7955,0.0000,0.0000,0.0000,0.0000,0.0000,0.0000,3.0840,0.5244,2.9373,0.0000,0.0000,0.0000,0
-4703.1636,-28634.3926,24.9425,-5045.6328,-28557.4102,22.7728,0.0000,0.0000,0.0000,0.0000,0.0000,0.0000,3.0765,0.5084,2.9287,0.0000,0.0000,0.0000,0
-4703.1636,-28634.3926,24.9425,-5045.4072,-28558.1367,22.7477,0.0000,0.0000,0.0000,0.0000,0.0000,0.0000,3.0692,0.4923,2.9204,0.0000,0.0000,0.0000,0
-4703.1636,-28634.3926,24.9425,-5045.1826,-28558.8613,22.7202,0.0000,0.0000,0.0000,0.0000,0.0000,0.0000,3.0620,0.4762,2.9125,0.0000,0.0000,0.0000,0
-4703.1636,-28634.3926,24.9425,-5044.9580,-28559.5840,22.6902,0.0000,0.0000,0.0000,0.0000,0.0000,0.0000,3.0549,0.4601,2.9048,0.0000,0.0000,0.0000,0
-4703.1636,-28634.3926,24.9425,-5044.7344,-28560.3047,22.6579,0.0000,0.0000,0.0000,0.0000,0.0000,0.0000,3.0480,0.4443,2.8975,0.0000,0.0000,0.0000,0
-4703.1636,-28634.3926,24.9425,-5044.5107,-28561.0234,22.6232,0.0000,0.0000,0.0000,0.0000,0.0000,0.0000,3.0414,0.4290,2.8904,0.0000,0.0000,0.0000,0
-4703.1636,-28634.3926,24.9425,-5044.2891,-28561.7402,22.5873,0.0000,0.0000,0.0000,0.0000,0.0000,0.0000,3.0351,0.4142,2.8845,0.0000,0.0000,0.0000,0
-4703.1636,-28634.3926,24.9425,-5044.0693,-28562.4551,22.5511,0.0000,0.0000,0.0000,0.0000,0.0000,0.0000,3.0289,0.3999,2.8803,0.0000,0.0000,0.0000,0
-4703.1636,-28634.3926,24.9425,-5043.8560,-28563.1699,22.5186,0.0000,0.0000,0.0000,0.0000,0.0000,0.0000,3.0255,0.3892,2.8816,0.0000,0.0000,0.0000,0
-4703.1636,-28634.3926,24.9425,-5043.6548,-28563.8848,22.4950,0.0000,0.0000,0.0000,0.0000,0.0000,0.0000,3.0275,0.3846,2.8933,0.0000,0.0000,0.0000,0
-4703.1636,-28634.3926,24.9425,-5043.4565,-28564.5977,22.4711,0.0000,0.0000,0.0000,0.0000,0.0000,0.0000,3.0296,0.3812,2.9065,0.0000,0.0000,0.0000,0
-4703.1636,-28634.3926,24.9425,-5043.2603,-28565.3086,22.4463,0.0000,0.0000,0.0000,0.0000,0.0000,0.0000,3.0316,0.3791,2.9209,0.0000,0.0000,0.0000,0
-4703.1636,-28634.3926,24.9425,-5043.0664,-28566.0156,22.4208,0.0000,0.0000,0.0000,0.0000,0.0000,0.0000,3.0336,0.3783,2.9367,0.0000,0.0000,0.0000,0
-4703.1636,-28634.3926,24.9425,-5042.8750,-28566.7207,22.3945,0.0000,0.0000,0.0000,0.0000,0.0000,0.0000,3.0357,0.3787,2.9539,0.0000,0.0000,0.0000,0
-4703.1636,-28634.3926,24.9425,-5042.6855,-28567.4238,22.3670,0.0000,0.0000,0.0000,0.0000,0.0000,0.0000,3.0379,0.3799,2.9722,0.0000,0.0000,0.0000,0
-4703.1636,-28634.3926,24.9425,-5042.4980,-28568.1230,22.3379,0.0000,0.0000,0.0000,0.0000,0.0000,0.0000,3.0401,0.3814,2.9914,0.0000,0.0000,0.0000,0
-4703.1636,-28634.3926,24.9425,-5042.3120,-28568.8223,22.3066,0.0000,0.0000,0.0000,0.0000,0.0000,0.0000,3.0425,0.3836,3.0110,0.0000,0.0000,0.0000,0
-4703.1636,-28634.3926,24.9425,-5042.1270,-28569.5176,22.2728,0.0000,0.0000,0.0000,0.0000,0.0000,0.0000,3.0453,0.3866,3.0306,0.0000,0.0000,0.0000,0
-4703.1636,-28634.3926,24.9425,-5041.9419,-28570.2109,22.2373,0.0000,0.0000,0.0000,0.0000,0.0000,0.0000,3.0493,0.3902,3.0499,0.0000,0.0000,0.0000,0
-4703.1636,-28634.3926,24.9425,-5041.7563,-28570.9043,22.2006,0.0000,0.0000,0.0000,0.0000,0.0000,0.0000,3.0549,0.3944,3.0685,0.0000,0.0000,0.0000,0
-4703.1636,-28634.3926,24.9425,-5041.5703,-28571.5977,22.1624,0.0000,0.0000,0.0000,0.0000,0.0000,0.0000,3.0623,0.3991,3.0863,0.0000,0.0000,0.0000,0
-4703.1636,-28634.3926,24.9425,-5041.3833,-28572.2910,22.1227,0.0000,0.0000,0.0000,0.0000,0.0000,0.0000,3.0715,0.4045,3.1033,0.0000,0.0000,0.0000,0
-4703.1636,-28634.3926,24.9425,-5041.1953,-28572.9805,22.0815,0.0000,0.0000,0.0000,0.0000,0.0000,0.0000,3.0825,0.4103,3.1193,0.0000,0.0000,0.0000,0
-4703.1636,-28634.3926,24.9425,-5041.0068,-28573.6719,22.0387,0.0000,0.0000,0.0000,0.0000,0.0000,0.0000,3.0955,0.4166,3.1341,0.0000,0.0000,0.0000,0
-4703.1636,-28634.3926,24.9425,-5040.8174,-28574.3594,21.9955,0.0000,0.0000,0.0000,0.0000,0.0000,0.0000,3.1112,0.4233,-3.1359,0.0000,0.0000,0.0000,0
-4703.1636,-28634.3926,24.9425,-5040.6255,-28575.0449,21.9539,0.0000,0.0000,0.0000,0.0000,0.0000,0.0000,3.1298,0.4303,-3.1257,0.0000,0.0000,0.0000,0
-4703.1636,-28634.3926,24.9425,-5040.4321,-28575.7285,21.9138,0.0000,0.0000,0.0000,0.0000,0.0000,0.0000,-3.1319,0.4377,-3.1181,0.0000,0.0000,0.0000,0
-4703.1636,-28634.3926,24.9425,-5040.2393,-28576.4062,21.8773,0.0000,0.0000,0.0000,0.0000,0.0000,0.0000,-3.1094,0.4457,-3.1119,0.0000,0.0000,0.0000,0
-4703.1636,-28634.3926,24.9425,-5040.0493,-28577.0781,21.8449,0.0000,0.0000,0.0000,0.0000,0.0000,0.0000,-3.0876,0.4544,-3.1062,0.0000,0.0000,0.0000,0
-4703.1636,-28634.3926,24.9425,-5039.8618,-28577.7402,21.8172,0.0000,0.0000,0.0000,0.0000,0.0000,0.0000,-3.0660,0.4639,-3.1012,0.0000,0.0000,0.0000,0
-4703.1636,-28634.3926,24.9425,-5039.6802,-28578.3945,21.8008,0.0000,0.0000,0.0000,0.0000,0.0000,0.0000,-3.0475,0.4742,-3.0953,0.0000,0.0000,0.0000,0
-4703.1636,-28634.3926,24.9425,-5039.5083,-28579.0332,21.8043,0.0000,0.0000,0.0000,0.0000,0.0000,0.0000,-3.0366,0.4854,-3.0869,0.0000,0.0000,0.0000,0
-4703.1636,-28634.3926,24.9425,-5039.3452,-28579.6582,21.8243,0.0000,0.0000,0.0000,0.0000,0.0000,0.0000,-3.0317,0.4970,-3.0763,0.0000,0.0000,0.0000,0
-4703.1636,-28634.3926,24.9425,-5039.1865,-28580.2754,21.8503,0.0000,0.0000,0.0000,0.0000,0.0000,0.0000,-3.0290,0.5086,-3.0660,0.0000,0.0000,0.0000,0
-4703.1636,-28634.3926,24.9425,-5039.0278,-28580.8887,21.8759,0.0000,0.0000,0.0000,0.0000,0.0000,0.0000,-3.0262,0.5201,-3.0574,0.0000,0.0000,0.0000,0
-4703.1636,-28634.3926,24.9425,-5038.8687,-28581.4961,21.9007,0.0000,0.0000,0.0000,0.0000,0.0000,0.0000,-3.0232,0.5315,-3.0513,0.0000,0.0000,0.0000,0
-4703.1636,-28634.3926,24.9425,-5038.7100,-28582.0996,21.9259,0.0000,0.0000,0.0000,0.0000,0.0000,0.0000,-3.0198,0.5427,-3.0471,0.0000,0.0000,0.0000,0
-4703.1636,-28634.3926,24.9425,-5038.5518,-28582.6992,21.9512,0.0000,0.0000,0.0000,0.0000,0.0000,0.0000,-3.0161,0.5538,-3.0440,0.0000,0.0000,0.0000,0
-4703.1636,-28634.3926,24.9425,-5038.3945,-28583.2949,21.9758,0.0000,0.0000,0.0000,0.0000,0.0000,0.0000,-3.0123,0.5646,-3.0417,0.0000,0.0000,0.0000,0
-4703.1636,-28634.3926,24.9425,-5038.2388,-28583.8867,21.9988,0.0000,0.0000,0.0000,0.0000,0.0000,0.0000,-3.0085,0.5750,-3.0397,0.0000,0.0000,0.0000,0
-4703.1636,-28634.3926,24.9425,-5038.0840,-28584.4766,22.0196,0.0000,0.0000,0.0000,0.0000,0.0000,0.0000,-3.0045,0.5851,-3.0378,0.0000,0.0000,0.0000,0
-4703.1636,-28634.3926,24.9425,-5037.9307,-28585.0645,22.0376,0.0000,0.0000,0.0000,0.0000,0.0000,0.0000,-3.0003,0.5948,-3.0360,0.0000,0.0000,0.0000,0
-4703.1636,-28634.3926,24.9425,-5037.7788,-28585.6484,22.0528,0.0000,0.0000,0.0000,0.0000,0.0000,0.0000,-2.9957,0.6041,-3.0341,0.0000,0.0000,0.0000,0
-4703.1636,-28634.3926,24.9425,-5037.6284,-28586.2305,22.0648,0.0000,0.0000,0.0000,0.0000,0.0000,0.0000,-2.9909,0.6131,-3.0320,0.0000,0.0000,0.0000,0
-4703.1636,-28634.3926,24.9425,-5037.4800,-28586.8086,22.0739,0.0000,0.0000,0.0000,0.0000,0.0000,0.0000,-2.9858,0.6217,-3.0297,0.0000,0.0000,0.0000,0
-4703.1636,-28634.3926,24.9425,-5037.3330,-28587.3828,22.0801,0.0000,0.0000,0.0000,0.0000,0.0000,0.0000,-2.9805,0.6300,-3.0271,0.0000,0.0000,0.0000,0
-4703.1636,-28634.3926,24.9425,-5037.1880,-28587.9570,22.0838,0.0000,0.0000,0.0000,0.0000,0.0000,0.0000,-2.9750,0.6379,-3.0243,0.0000,0.0000,0.0000,0
-4703.1636,-28634.3926,24.9425,-5037.0444,-28588.5254,22.0854,0.0000,0.0000,0.0000,0.0000,0.0000,0.0000,-2.9695,0.6455,-3.0214,0.0000,0.0000,0.0000,0
-4703.1636,-28634.3926,24.9425,-5036.9023,-28589.0918,22.0853,0.0000,0.0000,0.0000,0.0000,0.0000,0.0000,-2.9640,0.6528,-3.0184,0.0000,0.0000,0.0000,0
-4703.1636,-28634.3926,24.9425,-5036.7622,-28589.6562,22.0837,0.0000,0.0000,0.0000,0.0000,0.0000,0.0000,-2.9587,0.6597,-3.0153,0.0000,0.0000,0.0000,0
-4703.1636,-28634.3926,24.9425,-5036.6235,-28590.2168,22.0810,0.0000,0.0000,0.0000,0.0000,0.0000,0.0000,-2.9535,0.6664,-3.0121,0.0000,0.0000,0.0000,0
-4703.1636,-28634.3926,24.9425,-5036.4868,-28590.7734,22.0774,0.0000,0.0000,0.0000,0.0000,0.0000,0.0000,-2.9485,0.6728,-3.0089,0.0000,0.0000,0.0000,0
-4703.1636,-28634.3926,24.9425,-5036.3516,-28591.3262,22.0733,0.0000,0.0000,0.0000,0.0000,0.0000,0.0000,-2.9440,0.6789,-3.0057,0.0000,0.0000,0.0000,0
-4703.1636,-28634.3926,24.9425,-5036.2178,-28591.8770,22.0690,0.0000,0.0000,0.0000,0.0000,0.0000,0.0000,-2.9398,0.6848,-3.0026,0.0000,0.0000,0.0000,0
-4703.1636,-28634.3926,24.9425,-5036.0859,-28592.4238,22.0647,0.0000,0.0000,0.0000,0.0000,0.0000,0.0000,-2.9361,0.6904,-2.9997,0.0000,0.0000,0.0000,0
-4703.1636,-28634.3926,24.9425,-5035.9551,-28592.9668,22.0607,0.0000,0.0000,0.0000,0.0000,0.0000,0.0000,-2.9328,0.6958,-2.9971,0.0000,0.0000,0.0000,0
-4703.1636,-28634.3926,24.9425,-5035.8262,-28593.5078,22.0570,0.0000,0.0000,0.0000,0.0000,0.0000,0.0000,-2.9301,0.7010,-2.9947,0.0000,0.0000,0.0000,0
-4703.1636,-28634.3926,24.9425,-5035.6987,-28594.0449,22.0538,0.0000,0.0000,0.0000,0.0000,0.0000,0.0000,-2.9280,0.7059,-2.9926,0.0000,0.0000,0.0000,0
-4703.1636,-28634.3926,24.9425,-5035.5723,-28594.5781,22.0511,0.0000,0.0000,0.0000,0.0000,0.0000,0.0000,-2.9264,0.7106,-2.9910,0.0000,0.0000,0.0000,0
-4703.1636,-28634.3926,24.9425,-5035.4478,-28595.1074,22.0489,0.0000,0.0000,0.0000,0.0000,0.0000,0.0000,-2.9254,0.7152,-2.9897,0.0000,0.0000,0.0000,0
-4703.1636,-28634.3926,24.9425,-5035.3242,-28595.6328,22.0472,0.0000,0.0000,0.0000,0.0000,0.0000,0.0000,-2.9249,0.7195,-2.9888,0.0000,0.0000,0.0000,0
-4703.1636,-28634.3926,24.9425,-5035.2021,-28596.1562,22.0459,0.0000,0.0000,0.0000,0.0000,0.0000,0.0000,-2.9249,0.7236,-2.9884,0.0000,0.0000,0.0000,0
-4703.1636,-28634.3926,24.9425,-5035.0811,-28596.6758,22.0450,0.0000,0.0000,0.0000,0.0000,0.0000,0.0000,-2.9255,0.7275,-2.9883,0.0000,0.0000,0.0000,0
-4703.1636,-28634.3926,24.9425,-5034.9614,-28597.1914,22.0444,0.0000,0.0000,0.0000,0.0000,0.0000,0.0000,-2.9266,0.7312,-2.9888,0.0000,0.0000,0.0000,0
-4703.1636,-28634.3926,24.9425,-5034.8433,-28597.7051,22.0440,0.0000,0.0000,0.0000,0.0000,0.0000,0.0000,-2.9281,0.7347,-2.9896,0.0000,0.0000,0.0000,0
-4703.1636,-28634.3926,24.9425,-5034.7266,-28598.2148,22.0437,0.0000,0.0000,0.0000,0.0000,0.0000,0.0000,-2.9302,0.7380,-2.9908,0.0000,0.0000,0.0000,0
-4703.1636,-28634.3926,24.9425,-5034.6108,-28598.7207,22.0434,0.0000,0.0000,0.0000,0.0000,0.0000,0.0000,-2.9327,0.7411,-2.9925,0.0000,0.0000,0.0000,0
-4703.1636,-28634.3926,24.9425,-5034.4961,-28599.2246,22.0430,0.0000,0.0000,0.0000,0.0000,0.0000,0.0000,-2.9356,0.7440,-2.9945,0.0000,0.0000,0.0000,0
-4703.1636,-28634.3926,24.9425,-5034.3828,-28599.7246,22.0425,0.0000,0.0000,0.0000,0.0000,0.0000,0.0000,-2.9389,0.7466,-2.9969,0.0000,0.0000,0.0000,0
-4703.1636,-28634.3926,24.9425,-5034.2710,-28600.2207,22.0417,0.0000,0.0000,0.0000,0.0000,0.0000,0.0000,-2.9426,0.7491,-2.9997,0.0000,0.0000,0.0000,0
-4703.1636,-28634.3926,24.9425,-5034.1602,-28600.7148,22.0407,0.0000,0.0000,0.0000,0.0000,0.0000,0.0000,-2.9468,0.7513,-3.0028,0.0000,0.0000,0.0000,0
-4703.1636,-28634.3926,24.9425,-5034.0508,-28601.2051,22.0394,0.0000,0.0000,0.0000,0.0000,0.0000,0.0000,-2.9513,0.7532,-3.0063,0.0000,0.0000,0.0000,0
-4703.1636,-28634.3926,24.9425,-5033.9429,-28601.6914,22.0378,0.0000,0.0000,0.0000,0.0000,0.0000,0.0000,-2.9561,0.7550,-3.0101,0.0000,0.0000,0.0000,0
-4703.1636,-28634.3926,24.9425,-5033.8359,-28602.1758,22.0358,0.0000,0.0000,0.0000,0.0000,0.0000,0.0000,-2.9614,0.7565,-3.0142,0.0000,0.0000,0.0000,0
-4703.1636,-28634.3926,24.9425,-5033.7305,-28602.6562,22.0335,0.0000,0.0000,0.0000,0.0000,0.0000,0.0000,-2.9670,0.7578,-3.0186,0.0000,0.0000,0.0000,0
-4703.1636,-28634.3926,24.9425,-5033.6260,-28603.1348,22.0307,0.0000,0.0000,0.0000,0.0000,0.0000,0.0000,-2.9730,0.7588,-3.0233,0.0000,0.0000,0.0000,0
-4703.1636,-28634.3926,24.9425,-5033.5229,-28603.6074,22.0276,0.0000,0.0000,0.0000,0.0000,0.0000,0.0000,-2.9794,0.7596,-3.0283,0.0000,0.0000,0.0000,0
-4703.1636,-28634.3926,24.9425,-5033.4214,-28604.0801,22.0242,0.0000,0.0000,0.0000,0.0000,0.0000,0.0000,-2.9862,0.7602,-3.0336,0.0000,0.0000,0.0000,0
-4703.1636,-28634.3926,24.9425,-5033.3208,-28604.5469,22.0203,0.0000,0.0000,0.0000,0.0000,0.0000,0.0000,-2.9933,0.7605,-3.0391,0.0000,0.0000,0.0000,0
-4703.1636,-28634.3926,24.9425,-5033.2217,-28605.0117,22.0162,0.0000,0.0000,0.0000,0.0000,0.0000,0.0000,-3.0009,0.7605,-3.0450,0.0000,0.0000,0.0000,0
-4703.1636,-28634.3926,24.9425,-5033.1235,-28605.4746,22.0117,0.0000,0.0000,0.0000,0.0000,0.0000,0.0000,-3.0088,0.7603,-3.0511,0.0000,0.0000,0.0000,0
-4703.1636,-28634.3926,24.9425,-5033.0269,-28605.9316,22.0068,0.0000,0.0000,0.0000,0.0000,0.0000,0.0000,-3.0171,0.7599,-3.0575,0.0000,0.0000,0.0000,0
-4703.1636,-28634.3926,24.9425,-5032.9312,-28606.3867,22.0017,0.0000,0.0000,0.0000,0.0000,0.0000,0.0000,-3.0258,0.7592,-3.0642,0.0000,0.0000,0.0000,0
-4703.1636,-28634.3926,24.9425,-5032.8369,-28606.8398,21.9962,0.0000,0.0000,0.0000,0.0000,0.0000,0.0000,-3.0349,0.7583,-3.0711,0.0000,0.0000,0.0000,0
-4703.1636,-28634.3926,24.9425,-5032.7437,-28607.2891,21.9905,0.0000,0.0000,0.0000,0.0000,0.0000,0.0000,-3.0444,0.7571,-3.0784,0.0000,0.0000,0.0000,0
-4703.1636,-28634.3926,24.9425,-5032.6514,-28607.7324,21.9843,0.0000,0.0000,0.0000,0.0000,0.0000,0.0000,-3.0541,0.7559,-3.0859,0.0000,0.0000,0.0000,0
-4703.1636,-28634.3926,24.9425,-5032.5601,-28608.1738,21.9777,0.0000,0.0000,0.0000,0.0000,0.0000,0.0000,-3.0640,0.7546,-3.0936,0.0000,0.0000,0.0000,0
-4703.1636,-28634.3926,24.9425,-5032.4707,-28608.6094,21.9707,0.0000,0.0000,0.0000,0.0000,0.0000,0.0000,-3.0739,0.7533,-3.1017,0.0000,0.0000,0.0000,0
-4703.1636,-28634.3926,24.9425,-5032.3823,-28609.0410,21.9633,0.0000,0.0000,0.0000,0.0000,0.0000,0.0000,-3.0839,0.7518,-3.1101,0.0000,0.0000,0.0000,0
-4703.1636,-28634.3926,24.9425,-5032.2964,-28609.4688,21.9564,0.0000,0.0000,0.0000,0.0000,0.0000,0.0000,-3.0939,0.7501,-3.1184,0.0000,0.0000,0.0000,0
-4703.1636,-28634.3926,24.9425,-5032.2129,-28609.8906,21.9504,0.0000,0.0000,0.0000,0.0000,0.0000,0.0000,-3.1039,0.7486,-3.1260,0.0000,0.0000,0.0000,0
-4703.1636,-28634.3926,24.9425,-5032.1323,-28610.3047,21.9452,0.0000,0.0000,0.0000,0.0000,0.0000,0.0000,-3.1137,0.7475,-3.1332,0.0000,0.0000,0.0000,0
-4703.1636,-28634.3926,24.9425,-5032.0557,-28610.7148,21.9423,0.0000,0.0000,0.0000,0.0000,0.0000,0.0000,-3.1225,0.7469,-3.1391,0.0000,0.0000,0.0000,0
-4703.1636,-28634.3926,24.9425,-5031.9829,-28611.1211,21.9422,0.0000,0.0000,0.0000,0.0000,0.0000,0.0000,-3.1300,0.7468,3.1399,0.0000,0.0000,0.0000,0
-4703.1636,-28634.3926,24.9425,-5031.9126,-28611.5215,21.9448,0.0000,0.0000,0.0000,0.0000,0.0000,0.0000,-3.1355,0.7472,3.1366,0.0000,0.0000,0.0000,0
-4703.1636,-28634.3926,24.9425,-5031.8447,-28611.9180,21.9493,0.0000,0.0000,0.0000,0.0000,0.0000,0.0000,-3.1390,0.7481,3.1342,0.0000,0.0000,0.0000,0
-4703.1636,-28634.3926,24.9425,-5031.7798,-28612.3125,21.9543,0.0000,0.0000,0.0000,0.0000,0.0000,0.0000,-3.1406,0.7495,3.1324,0.0000,0.0000,0.0000,0
-4703.1636,-28634.3926,24.9425,-5031.7173,-28612.7012,21.9587,0.0000,0.0000,0.0000,0.0000,0.0000,0.0000,-3.1408,0.7515,3.1314,0.0000,0.0000,0.0000,0
-4703.1636,-28634.3926,24.9425,-5031.6587,-28613.0840,21.9620,0.0000,0.0000,0.0000,0.0000,0.0000,0.0000,-3.1399,0.7542,3.1311,0.0000,0.0000,0.0000,0
-4703.1636,-28634.3926,24.9425,-5031.6035,-28613.4648,21.9639,0.0000,0.0000,0.0000,0.0000,0.0000,0.0000,-3.1381,0.7574,3.1316,0.0000,0.0000,0.0000,0
-4703.1636,-28634.3926,24.9425,-5031.5518,-28613.8379,21.9644,0.0000,0.0000,0.0000,0.0000,0.0000,0.0000,-3.1357,0.7613,3.1327,0.0000,0.0000,0.0000,0
-4703.1636,-28634.3926,24.9425,-5031.5044,-28614.2090,21.9637,0.0000,0.0000,0.0000,0.0000,0.0000,0.0000,-3.1329,0.7659,3.1342,0.0000,0.0000,0.0000,0
-4703.1636,-28634.3926,24.9425,-5031.4600,-28614.5723,21.9624,0.0000,0.0000,0.0000,0.0000,0.0000,0.0000,-3.1296,0.7710,3.1361,0.0000,0.0000,0.0000,0
-4703.1636,-28634.3926,24.9425,-5031.4194,-28614.9316,21.9608,0.0000,0.0000,0.0000,0.0000,0.0000,0.0000,-3.1259,0.7768,3.1381,0.0000,0.0000,0.0000,0
-4703.1636,-28634.3926,24.9425,-5031.3818,-28615.2871,21.9591,0.0000,0.0000,0.0000,0.0000,0.0000,0.0000,-3.1218,0.7833,3.1404,0.0000,0.0000,0.0000,0
-4703.1636,-28634.3926,24.9425,-5031.3472,-28615.6367,21.9575,0.0000,0.0000,0.0000,0.0000,0.0000,0.0000,-3.1175,0.7904,-3.1405,0.0000,0.0000,0.0000,0
-4703.1636,-28634.3926,24.9425,-5031.3154,-28615.9805,21.9562,0.0000,0.0000,0.0000,0.0000,0.0000,0.0000,-3.1130,0.7982,-3.1381,0.0000,0.0000,0.0000,0
-4703.1636,-28634.3926,24.9425,-5031.2861,-28616.3184,21.9551,0.0000,0.0000,0.0000,0.0000,0.0000,0.0000,-3.1084,0.8065,-3.1358,0.0000,0.0000,0.0000,0
-4703.1636,-28634.3926,24.9425,-5031.2598,-28616.6504,21.9542,0.0000,0.0000,0.0000,0.0000,0.0000,0.0000,-3.1039,0.8154,-3.1335,0.0000,0.0000,0.0000,0
-4703.1636,-28634.3926,24.9425,-5031.2358,-28616.9785,21.9536,0.0000,0.0000,0.0000,0.0000,0.0000,0.0000,-3.0995,0.8248,-3.1312,0.0000,0.0000,0.0000,0
-4703.1636,-28634.3926,24.9425,-5031.2144,-28617.3008,21.9535,0.0000,0.0000,0.0000,0.0000,0.0000,0.0000,-3.0952,0.8345,-3.1285,0.0000,0.0000,0.0000,0
-4703.1636,-28634.3926,24.9425,-5031.1953,-28617.6172,21.9540,0.0000,0.0000,0.0000,0.0000,0.0000,0.0000,-3.0910,0.8445,-3.1253,0.0000,0.0000,0.0000,0
-4703.1636,-28634.3926,24.9425,-5031.1782,-28617.9297,21.9549,0.0000,0.0000,0.0000,0.0000,0.0000,0.0000,-3.0867,0.8548,-3.1217,0.0000,0.0000,0.0000,0
-4703.1636,-28634.3926,24.9425,-5031.1631,-28618.2363,21.9560,0.0000,0.0000,0.0000,0.0000,0.0000,0.0000,-3.0824,0.8654,-3.1177,0.0000,0.0000,0.0000,0
-4703.1636,-28634.3926,24.9425,-5031.1499,-28618.5371,21.9573,0.0000,0.0000,0.0000,0.0000,0.0000,0.0000,-3.0780,0.8763,-3.1133,0.0000,0.0000,0.0000,0
-4703.1636,-28634.3926,24.9425,-5031.1377,-28618.8340,21.9586,0.0000,0.0000,0.0000,0.0000,0.0000,0.0000,-3.0737,0.8875,-3.1087,0.0000,0.0000,0.0000,0
-4703.1636,-28634.3926,24.9425,-5031.1265,-28619.1270,21.9599,0.0000,0.0000,0.0000,0.0000,0.0000,0.0000,-3.0694,0.8988,-3.1041,0.0000,0.0000,0.0000,0
-4703.1636,-28634.3926,24.9425,-5031.1162,-28619.4160,21.9611,0.0000,0.0000,0.0000,0.0000,0.0000,0.0000,-3.0654,0.9102,-3.0995,0.0000,0.0000,0.0000,0
-4703.1636,-28634.3926,24.9425,-5031.1069,-28619.7012,21.9621,0.0000,0.0000,0.0000,0.0000,0.0000,0.0000,-3.0617,0.9217,-3.0950,0.0000,0.0000,0.0000,0
-4703.1636,-28634.3926,24.9425,-5031.0977,-28619.9805,21.9629,0.0000,0.0000,0.0000,0.0000,0.0000,0.0000,-3.0581,0.9335,-3.0905,0.0000,0.0000,0.0000,0
-4703.1636,-28634.3926,24.9425,-5031.0884,-28620.2578,21.9634,0.0000,0.0000,0.0000,0.0000,0.0000,0.0000,-3.0549,0.9454,-3.0862,0.0000,0.0000,0.0000,0
-4703.1636,-28634.3926,24.9425,-5031.0791,-28620.5312,21.9638,0.0000,0.0000,0.0000,0.0000,0.0000,0.0000,-3.0518,0.9575,-3.0818,0.0000,0.0000,0.0000,0
-4703.1636,-28634.3926,24.9425,-5031.0698,-28620.8008,21.9643,0.0000,0.0000,0.0000,0.0000,0.0000,0.0000,-3.0490,0.9699,-3.0773,0.0000,0.0000,0.0000,0
-4703.1636,-28634.3926,24.9425,-5031.0605,-28621.0664,21.9648,0.0000,0.0000,0.0000,0.0000,0.0000,0.0000,-3.0463,0.9826,-3.0727,0.0000,0.0000,0.0000,0
-4703.1636,-28634.3926,24.9425,-5031.0503,-28621.3262,21.9653,0.0000,0.0000,0.0000,0.0000,0.0000,0.0000,-3.0439,0.9955,-3.0680,0.0000,0.0000,0.0000,0
-4703.1636,-28634.3926,24.9425,-5031.0396,-28621.5840,21.9657,0.0000,0.0000,0.0000,0.0000,0.0000,0.0000,-3.0416,1.0088,-3.0632,0.0000,0.0000,0.0000,0
-4703.1636,-28634.3926,24.9425,-5031.0278,-28621.8379,21.9661,0.0000,0.0000,0.0000,0.0000,0.0000,0.0000,-3.0394,1.0224,-3.0585,0.0000,0.0000,0.0000,0
-4703.1636,-28634.3926,24.9425,-5031.0151,-28622.0879,21.9662,0.0000,0.0000,0.0000,0.0000,0.0000,0.0000,-3.0374,1.0363,-3.0538,0.0000,0.0000,0.0000,0
-4703.1636,-28634.3926,24.9425,-5031.0015,-28622.3340,21.9662,0.0000,0.0000,0.0000,0.0000,0.0000,0.0000,-3.0356,1.0506,-3.0493,0.0000,0.0000,0.0000,0
-4703.1636,-28634.3926,24.9425,-5030.9858,-28622.5762,21.9660,0.0000,0.0000,0.0000,0.0000,0.0000,0.0000,-3.0339,1.0652,-3.0448,0.0000,0.0000,0.0000,0
-4703.1636,-28634.3926,24.9425,-5030.9692,-28622.8145,21.9656,0.0000,0.0000,0.0000,0.0000,0.0000,0.0000,-3.0325,1.0802,-3.0406,0.0000,0.0000,0.0000,0
-4703.1636,-28634.3926,24.9425,-5030.9502,-28623.0508,21.9651,0.0000,0.0000,0.0000,0.0000,0.0000,0.0000,-3.0313,1.0956,-3.0368,0.0000,0.0000,0.0000,0
-4703.1636,-28634.3926,24.9425,-5030.9292,-28623.2812,21.9648,0.0000,0.0000,0.0000,0.0000,0.0000,0.0000,-3.0304,1.1114,-3.0337,0.0000,0.0000,0.0000,0
-4703.1636,-28634.3926,24.9425,-5030.9058,-28623.5078,21.9647,0.0000,0.0000,0.0000,0.0000,0.0000,0.0000,-3.0299,1.1276,-3.0312,0.0000,0.0000,0.0000,0
-4703.1636,-28634.3926,24.9425,-5030.8804,-28623.7305,21.9646,0.0000,0.0000,0.0000,0.0000,0.0000,0.0000,-3.0297,1.1442,-3.0294,0.0000,0.0000,0.0000,0
-4703.1636,-28634.3926,24.9425,-5030.8521,-28623.9492,21.9645,0.0000,0.0000,0.0000,0.0000,0.0000,0.0000,-3.0300,1.1613,-3.0282,0.0000,0.0000,0.0000,0
-4703.1636,-28634.3926,24.9425,-5030.8213,-28624.1660,21.9644,0.0000,0.0000,0.0000,0.0000,0.0000,0.0000,-3.0305,1.1784,-3.0272,0.0000,0.0000,0.0000,0
-4703.1636,-28634.3926,24.9425,-5030.7876,-28624.3770,21.9643,0.0000,0.0000,0.0000,0.0000,0.0000,0.0000,-3.0313,1.1956,-3.0264,0.0000,0.0000,0.0000,0
-4703.1636,-28634.3926,24.9425,-5030.7515,-28624.5840,21.9640,0.0000,0.0000,0.0000,0.0000,0.0000,0.0000,-3.0323,1.2127,-3.0259,0.0000,0.0000,0.0000,0
-4703.1636,-28634.3926,24.9425,-5030.7119,-28624.7891,21.9637,0.0000,0.0000,0.0000,0.0000,0.0000,0.0000,-3.0338,1.2297,-3.0257,0.0000,0.0000,0.0000,0
-4703.1636,-28634.3926,24.9425,-5030.6694,-28624.9902,21.9633,0.0000,0.0000,0.0000,0.0000,0.0000,0.0000,-3.0358,1.2467,-3.0262,0.0000,0.0000,0.0000,0
-4703.1636,-28634.3926,24.9425,-5030.6240,-28625.1855,21.9628,0.0000,0.0000,0.0000,328.0750,-0.0462,-0.0020,-3.0385,1.2636,-3.0274,0.0000,0.0000,0.0000,0
-4703.1636,-28634.3926,24.9425,-5030.5752,-28625.3789,21.9625,-4700.9136,-28623.7969,26.8442,329.7026,-0.0468,-0.0005,-3.0418,1.2804,-3.0297,-4700.9136,-28623.7969,26.8442,1
-4703.1636,-28634.3926,24.9425,-5030.5229,-28625.5703,21.9626,-4705.8750,-28617.5137,25.8460,324.7740,-0.0473,-0.0010,-3.0458,1.2971,-3.0333,-4701.1616,-28623.4824,26.7943,1
-4703.1636,-28634.3926,24.9425,-5030.4668,-28625.7559,21.9628,-4704.2471,-28615.3574,24.7255,326.4016,-0.0459,-0.0015,-3.0499,1.3133,-3.0373,-4701.3394,-28623.0469,26.6861,1
-4703.1636,-28634.3926,24.9425,-5030.4067,-28625.9395,21.9631,-4702.6353,-28630.0605,22.9620,327.8050,-0.0363,-0.0021,-3.0539,1.3290,-3.0413,-4701.4424,-28623.3301,26.4854,1
-4703.1636,-28634.3926,24.9425,-5030.3438,-28626.1191,21.9633,-4700.9443,-28624.2539,26.0488,329.4315,-0.0369,-0.0006,-3.0577,1.3440,-3.0451,-4701.4614,-28623.3398,26.4314,1
-4703.1636,-28634.3926,24.9425,-5030.2769,-28626.2969,21.9635,-4705.6509,-28620.4727,23.5641,324.6876,-0.0365,-0.0018,-3.0612,1.3585,-3.0487,-4701.7124,-28623.1680,26.2539,1
-4703.1636,-28634.3926,24.9425,-5030.2070,-28626.4707,21.9636,-4704.2144,-28617.2578,23.7735,326.1327,-0.0360,-0.0016,-3.0643,1.3723,-3.0520,-4701.8989,-28622.8281,26.0824,1
-4703.1636,-28634.3926,24.9425,-5030.1338,-28626.6406,21.9635,-4702.6821,-28630.4062,22.8968,327.4804,-0.0276,-0.0019,-3.0668,1.3855,-3.0548,-4702.0107,-28623.1348,25.8640,1
-4703.1636,-28634.3926,24.9425,-5030.0581,-28626.8086,21.9633,-4701.0337,-28620.6699,25.8662,329.1055,-0.0281,-0.0004,-3.0638,1.4124,-3.0522,-4702.0381,-28622.9766,25.7902,1
-4703.1636,-28634.3926,24.9425,-5029.9795,-28626.9727,21.9630,-4706.0552,-28614.3262,24.6046,324.1844,-0.0267,-0.0009,-3.0563,1.4418,-3.0452,-4702.3101,-28622.4980,25.6574,1
-4703.1636,-28634.3926,24.9425,-5029.8984,-28627.1348,21.9627,-4704.9233,-28603.9375,23.4733,325.8095,-0.0272,-0.0014,-3.0419,1.4705,-3.0313,-4702.5303,-28621.4824,25.4694,1
-4703.1636,-28634.3926,24.9425,-5029.8149,-28627.2930,21.9624,-4702.7139,-28626.0586,22.9092,327.1089,-0.0125,-0.0015,-3.0179,1.4954,-3.0076,-4702.6416,-28621.5371,25.2527,1
-4703.1636,-28634.3926,24.9425,-5029.7295,-28627.4512,21.9623,-4701.1826,-28617.1367,25.9343,328.7324,-0.0130,0.0000,-2.9675,1.5194,-2.9575,-4702.6704,-28621.1641,25.1863,1
-4703.1636,-28634.3926,24.9425,-5029.6416,-28627.6055,21.9623,-4706.1777,-28612.7871,24.7365,323.8162,-0.0116,-0.0005,-2.8298,1.5423,-2.8202,-4702.9404,-28620.5723,25.0670,1
-4703.1636,-28634.3926,24.9425,-5029.5522,-28627.7559,21.9624,-4704.9609,-28604.3691,23.5976,325.4397,-0.0122,-0.0010,-2.0453,1.5609,-2.0362,-4703.1523,-28619.5508,24.8952,1
-4703.1636,-28634.3926,24.9425,-5029.4614,-28627.9062,21.9624,-4702.7637,-28627.4902,22.8116,326.7022,0.0022,-0.0012,-0.5420,1.5535,-0.5336,-4703.2529,-28619.6602,24.6861,1
-4703.1636,-28634.3926,24.9425,-5029.3691,-28628.0527,21.9623,-4706.0073,-28623.5703,24.9099,323.4058,0.0031,-0.0000,-0.2647,1.5362,-0.2570,-4703.5083,-28619.6074,24.5830,1
-4703.1636,-28634.3926,24.9425,-5029.2759,-28628.1992,21.9619,-4706.0347,-28617.9258,24.3226,323.4132,0.0030,-0.0002,-0.1779,1.5191,-0.1712,-4703.7646,-28619.2949,24.4574,1
-4703.1636,-28634.3926,24.9425,-5029.1816,-28628.3418,21.9615,-4704.5986,-28611.2715,23.0186,325.0349,0.0025,-0.0007,-0.1347,1.5020,-0.1290,-4703.9478,-28618.6582,24.2721,1
-4703.1636,-28634.3926,24.9425,-5029.0864,-28628.4824,21.9609,-4702.8179,-28629.4121,22.6847,326.2722,0.0132,-0.0006,-0.1165,1.4901,-0.1117,-4704.0356,-28618.9238,24.0732,1
-4703.1636,-28634.3926,24.9425,-5028.9912,-28628.6211,21.9603,-4704.3906,-28626.7578,25.2981,324.6202,0.0136,0.0008,-0.1034,1.4789,-0.0996,-4704.1919,-28619.0957,24.0079,1
-4703.1636,-28634.3926,24.9425,-5028.8955,-28628.7578,21.9597,-4705.9409,-28624.5859,24.0948,322.9870,0.0141,0.0004,-0.0936,1.4687,-0.0907,-4704.4189,-28619.1875,23.8922,1
-4703.1636,-28634.3926,24.9425,-5028.7998,-28628.8926,21.9591,-4704.3071,-28620.3145,22.8113,324.6068,0.0136,-0.0001,-0.0853,1.4588,-0.0834,-4704.5605,-28619.0898,23.7191,1
-4703.1636,-28634.3926,24.9425,-5028.7041,-28629.0254,21.9585,-4702.8794,-28631.2637,22.7386,325.8330,0.0196,0.0001,-0.0821,1.4538,-0.0810,-4704.6221,-28619.5508,23.5465,1
-4703.1636,-28634.3926,24.9425,-5028.6084,-28629.1582,21.9580,-4701.1973,-28633.1953,25.5686,327.4508,0.0211,0.0016,-0.0797,1.4501,-0.0792,-4704.5879,-28620.1426,23.5200,1
-4703.1636,-28634.3926,24.9425,-5028.5132,-28629.2871,21.9575,-4699.4546,-28631.1133,24.3515,329.0685,0.0205,0.0011,-0.0771,1.4469,-0.0773,-4704.4517,-28620.6660,23.4442,1
-4703.1636,-28634.3926,24.9425,-5028.4194,-28629.4141,21.9570,-4704.2495,-28629.2285,23.0627,324.1696,0.0200,0.0006,-0.0761,1.4443,-0.0771,-4704.5366,-28621.1230,23.3123,1
-4703.1636,-28634.3926,24.9425,-5028.3276,-28629.5391,21.9563,-4703.0190,-28637.1562,22.6361,325.3966,0.0235,0.0005,-0.0800,1.4462,-0.0820,-4704.5542,-28621.9922,23.1644,1
-4703.1636,-28634.3926,24.9425,-5028.2378,-28629.6602,21.9555,-4701.7041,-28637.6270,22.3614,326.6288,0.0231,0.0006,-0.0863,1.4497,-0.0893,-4704.4980,-28622.9180,23.0075,1
-4703.1636,-28634.3926,24.9425,-5028.1504,-28629.7773,21.9545,-4703.4341,-28638.2324,22.1434,324.8241,0.0226,0.0006,-0.0945,1.4544,-0.0986,-4704.5171,-28623.9004,22.8443,1
-4703.1636,-28634.3926,24.9425,-5028.0649,-28629.8926,21.9534,-4704.4438,-28638.5957,22.5736,323.7352,0.0218,0.0010,-0.1044,1.4599,-0.1095,-4704.5801,-28624.9258,22.7073,1
-4703.1636,-28634.3926,24.9425,-5027.9824,-28630.0039,21.9523,-4700.6655,-28635.3633,23.1636,327.3579,0.0188,0.0015,-0.1192,1.4682,-0.1253,-4704.4502,-28625.8047,22.6060,1
-4703.1636,-28634.3926,24.9425,-5027.9023,-28630.1133,21.9513,-4701.4932,-28641.0703,25.3517,326.6017,0.0199,0.0027,-0.1391,1.4779,-0.1461,-4704.3496,-28626.9727,22.6219,1
-4703.1636,-28634.3926,24.9425,-5027.8252,-28630.2207,21.9504,-4699.8794,-28643.5469,24.0449,328.2157,0.0194,0.0022,-0.1647,1.4883,-0.1726,-4704.1587,-28628.2773,22.5854,1
-4703.1636,-28634.3926,24.9425,-5027.7500,-28630.3262,21.9498,-4704.7920,-28645.8945,22.7197,323.3281,0.0188,0.0017,-0.1981,1.4991,-0.2067,-4704.2017,-28629.7109,22.4917,1
-4703.1636,-28634.3926,24.9425,-5027.6777,-28630.4277,21.9494,-4703.1870,-28639.7578,22.6402,324.6196,0.0137,0.0017,-0.2495,1.5115,-0.2590,-4704.1655,-28630.8457,22.3999,1
-4703.1636,-28634.3926,24.9425,-5027.6074,-28630.5273,21.9494,-4701.6265,-28643.1113,25.4493,326.2321,0.0131,0.0032,-0.3266,1.5240,-0.3368,-4704.0479,-28632.1367,22.4543,1
-4703.1636,-28634.3926,24.9425,-5027.5381,-28630.6250,21.9498,-4700.0723,-28646.3984,24.2300,327.8444,0.0126,0.0027,-0.4510,1.5361,-0.4618,-4703.8467,-28633.5820,22.4600,1
-4703.1636,-28634.3926,24.9425,-5027.4707,-28630.7227,21.9503,-4705.2920,-28653.2773,23.0064,322.9617,0.0140,0.0022,-0.6809,1.5470,-0.6920,-4703.8975,-28635.3633,22.4131,1
-4703.1636,-28634.3926,24.9425,-5027.4043,-28630.8184,21.9511,-4703.2104,-28638.8809,22.8810,324.2886,0.0050,0.0021,-1.1277,1.5547,-1.1390,-4703.8481,-28636.4258,22.3652,1
-4703.1636,-28634.3926,24.9425,-5027.3389,-28630.9121,21.9519,-4701.6313,-28641.7168,25.9783,325.8997,0.0045,0.0036,-1.8986,1.5560,-1.9098,-4703.7197,-28637.5879,22.4771,1
-4703.1636,-28634.3926,24.9425,-5027.2749,-28631.0059,21.9526,-4700.0439,-28644.4180,25.0644,327.5106,0.0039,0.0031,-2.4564,1.5500,-2.4673,-4703.5078,-28638.8496,22.5553,1
-4703.1636,-28634.3926,24.9425,-5027.2119,-28631.0977,21.9533,-4705.1777,-28650.7539,24.1287,322.6322,0.0054,0.0026,-2.7197,1.5411,-2.7301,-4703.5459,-28640.3906,22.5954,1
-4703.1636,-28634.3926,24.9425,-5027.1504,-28631.1895,21.9538,-4702.9082,-28639.5957,25.4531,324.3603,-0.0017,0.0030,-2.8476,1.5330,-2.8574,-4703.4766,-28641.3496,22.7073,1
-4703.1636,-28634.3926,24.9425,-5027.0898,-28631.2793,21.9542,-4703.7153,-28639.0195,25.3812,323.4758,-0.0033,0.0029,-2.9304,1.5251,-2.9393,-4703.4482,-28642.2246,22.8237,1
-4703.1636,-28634.3926,24.9425,-5027.0308,-28631.3691,21.9546,-4700.1333,-28645.1426,25.8036,327.2006,-0.0017,0.0029,-2.9867,1.5174,-2.9945,-4703.2437,-28643.3438,22.9683,1
-4703.1636,-28634.3926,24.9425,-5026.9722,-28631.4570,21.9554,-4705.0093,-28646.5918,25.1106,322.3261,-0.0023,0.0024,-3.0273,1.5092,-3.0339,-4703.2778,-28644.4883,23.0851,1
-4703.1636,-28634.3926,24.9425,-5026.9146,-28631.5469,21.9565,-4703.5923,-28638.3398,26.1549,323.4121,-0.0073,0.0027,-3.0537,1.5041,-3.0595,-4703.2476,-28645.1758,23.2584,1
-4703.1636,-28634.3926,24.9425,-5026.8574,-28631.6348,21.9579,-4705.3462,-28638.8496,26.5536,321.6156,-0.0078,0.0028,-3.0741,1.4996,-3.0790,-4703.3086,-28645.8184,23.4575,1
-4703.1636,-28634.3926,24.9425,-5026.8008,-28631.7207,21.9593,-4700.0327,-28640.8691,25.8130,326.9114,-0.0075,0.0023,-3.0897,1.4955,-3.0938,-4703.1108,-28646.4941,23.6251,1
-4703.1636,-28634.3926,24.9425,-5026.7451,-28631.8086,21.9606,-4702.3770,-28639.8340,27.3313,324.5022,-0.0088,0.0029,-3.1017,1.4911,-3.1052,-4703.0249,-28647.0586,23.8712,1
-4703.1636,-28634.3926,24.9425,-5026.6895,-28631.8945,21.9617,-4703.3120,-28634.4727,27.1615,323.4204,-0.0117,0.0028,-3.1102,1.4891,-3.1132,-4702.9868,-28647.2891,24.1137,1
-4703.1636,-28634.3926,24.9425,-5026.6348,-28631.9805,21.9627,-4701.6333,-28633.7734,26.2797,325.0276,-0.0123,0.0023,-3.1161,1.4880,-3.1188,-4702.8687,-28647.4102,24.3153,1
-4703.1636,-28634.3926,24.9425,-5026.5801,-28632.0664,21.9633,-4699.9980,-28637.2637,25.3559,326.6351,-0.0108,0.0018,-3.1200,1.4867,-3.1223,-4702.6680,-28647.6309,24.4705,1
-4703.1636,-28634.3926,24.9425,-5026.5259,-28632.1523,21.9638,-4703.0122,-28635.5840,27.3195,323.5670,-0.0119,0.0027,-3.1220,1.4857,-3.1241,-4702.6147,-28647.7031,24.7205,1
-4703.1636,-28634.3926,24.9425,-5026.4722,-28632.2383,21.9640,-4703.3506,-28633.1328,27.0291,323.1541,-0.0130,0.0026,-3.1224,1.4865,-3.1245,-4702.5830,-28647.5898,24.9564,1
-4703.1636,-28634.3926,24.9425,-5026.4189,-28632.3223,21.9640,-4701.6953,-28635.7598,26.0286,324.7602,-0.0115,0.0021,-3.1214,1.4877,-3.1235,-4702.4741,-28647.5430,25.1409,1
-4703.1636,-28634.3926,24.9425,-5026.3662,-28632.4062,21.9638,-4701.9341,-28633.6641,23.3007,324.4344,-0.0124,0.0007,-3.1191,1.4891,-3.1212,-4702.3789,-28647.3320,25.1843,1
-4703.1636,-28634.3926,24.9425,-5026.3140,-28632.4902,21.9635,-4704.8140,-28632.6055,23.9360,321.5023,-0.0126,0.0011,-3.1157,1.4910,-3.1179,-4702.4302,-28647.0117,25.2478,1
-4703.1636,-28634.3926,24.9425,-5026.2622,-28632.5742,21.9632,-4703.3979,-28631.9531,26.9562,322.8949,-0.0125,0.0026,-3.1111,1.4940,-3.1134,-4702.4194,-28646.6035,25.4525,1
-4703.1636,-28634.3926,24.9425,-5026.2109,-28632.6562,21.9627,-4701.7300,-28633.8516,25.9027,324.5000,-0.0111,0.0021,-3.1054,1.4975,-3.1079,-4702.3315,-28646.2363,25.6019,1
-4703.1636,-28634.3926,24.9425,-5026.1602,-28632.7402,21.9623,-4700.0640,-28631.7793,24.8508,326.1053,-0.0116,0.0016,-3.0987,1.5006,-3.1014,-4702.1611,-28645.7227,25.6928,1
-4703.1636,-28634.3926,24.9425,-5026.1099,-28632.8203,21.9618,-4704.8828,-28629.6191,23.7617,321.2442,-0.0122,0.0011,-3.0912,1.5041,-3.0940,-4702.2300,-28645.0566,25.7204,1
-4703.1636,-28634.3926,24.9425,-5026.0601,-28632.9023,21.9613,-4699.8853,-28635.3281,24.1307,326.1868,-0.0088,0.0013,-3.0825,1.5081,-3.0855,-4702.0586,-28644.6309,25.7553,1
-4703.1636,-28634.3926,24.9425,-5026.0107,-28632.9824,21.9609,-4701.7798,-28633.0234,25.8965,324.2474,-0.0094,0.0022,-3.0731,1.5118,-3.0763,-4701.9795,-28644.0664,25.8686,1
-4703.1636,-28634.3926,24.9425,-5025.9619,-28633.0625,21.9605,-4702.9453,-28630.4688,25.7090,323.0417,-0.0100,0.0021,-3.0627,1.5157,-3.0659,-4701.9619,-28643.3477,25.9670,1
-4703.1636,-28634.3926,24.9425,-5025.9136,-28633.1426,21.9601,-4704.9570,-28628.3164,23.7859,320.9938,-0.0105,0.0012,-3.0509,1.5199,-3.0543,-4702.0508,-28642.4902,25.9631,1
-4703.1636,-28634.3926,24.9425,-5025.8662,-28633.2188,21.9597,-4703.4985,-28634.6426,26.9294,322.4002,-0.0067,0.0028,-3.0337,1.5243,-3.0372,-4702.0767,-28641.9238,26.1056,1
-4703.1636,-28634.3926,24.9425,-5025.8198,-28633.2949,21.9592,-4702.7925,-28633.5488,23.8191,323.0285,-0.0065,0.0012,-3.0079,1.5289,-3.0116,-4702.0732,-28641.2930,26.0896,1
-4703.1636,-28634.3926,24.9425,-5025.7744,-28633.3672,21.9585,-4704.0332,-28631.4277,23.7444,321.7479,-0.0067,0.0012,-2.9691,1.5341,-2.9731,-4702.1353,-28640.5488,26.0593,1
-4703.1636,-28634.3926,24.9425,-5025.7300,-28633.4395,21.9578,-4705.0581,-28626.3105,23.6909,320.7516,-0.0083,0.0013,-2.9106,1.5400,-2.9149,-4702.2554,-28639.5410,26.0163,1
-4703.1636,-28634.3926,24.9425,-5025.6860,-28633.5078,21.9570,-4703.5444,-28633.9023,26.8848,322.1698,-0.0037,0.0029,-2.8320,1.5450,-2.8366,-4702.3076,-28638.8984,26.1235,1
-4703.1636,-28634.3926,24.9425,-5025.6436,-28633.5742,21.9562,-4701.8979,-28630.9004,25.8220,323.7720,-0.0043,0.0024,-2.7079,1.5504,-2.7127,-4702.2808,-28638.1113,26.1760,1
-4703.1636,-28634.3926,24.9425,-5025.6021,-28633.6387,21.9554,-4700.2881,-28627.6699,24.7583,325.3743,-0.0048,0.0019,-2.4833,1.5557,-2.4883,-4702.1733,-28637.1660,26.1710,1
-4703.1636,-28634.3926,24.9425,-5025.5610,-28633.7012,21.9547,-4705.0815,-28628.4492,23.6347,320.5222,-0.0034,0.0014,-2.0308,1.5599,-2.0361,-4702.3013,-28636.2598,26.1029,1
-4703.1636,-28634.3926,24.9425,-5025.5205,-28633.7617,21.9540,-4703.5947,-28633.2500,26.9220,321.9546,-0.0001,0.0031,-1.4477,1.5604,-1.4531,-4702.3623,-28635.5996,26.1903,1
-4703.1636,-28634.3926,24.9425,-5025.4814,-28633.8184,21.9535,-4701.9619,-28630.1680,25.9178,323.5559,-0.0006,0.0026,-0.9584,1.5578,-0.9639,-4702.3447,-28634.8066,26.2267,1
-4703.1636,-28634.3926,24.9425,-5025.4424,-28633.8750,21.9533,-4700.3638,-28627.0195,24.9287,325.1574,-0.0012,0.0021,-0.6641,1.5533,-0.6696,-4702.2466,-28633.8730,26.2104,1
-4703.1636,-28634.3926,24.9425,-5025.4043,-28633.9316,21.9532,-4705.1533,-28627.9199,23.8861,320.3078,0.0003,0.0016,-0.4796,1.5477,-0.4850,-4702.3833,-28632.9961,26.1363,1
-4703.1636,-28634.3926,24.9425,-5025.3662,-28633.9844,21.9534,-4703.6450,-28633.1348,27.0252,321.7523,0.0036,0.0031,-0.3848,1.5432,-0.3901,-4702.4517,-28632.3984,26.2116,1
-4703.1636,-28634.3926,24.9425,-5025.3286,-28634.0391,21.9539,-4702.0142,-28630.4492,26.1353,323.3529,0.0031,0.0026,-0.3133,1.5387,-0.3183,-4702.4409,-28631.7012,26.2427,1
-4703.1636,-28634.3926,24.9425,-5025.2915,-28634.0918,21.9545,-4700.3550,-28631.8145,25.2135,324.9536,0.0045,0.0021,-0.2559,1.5342,-0.2606,-4702.3457,-28631.0996,26.2256,1
-4703.1636,-28634.3926,24.9425,-5025.2544,-28634.1426,21.9553,-4705.1865,-28629.3926,24.2981,320.1063,0.0039,0.0016,-0.2129,1.5301,-0.2172,-4702.4863,-28630.4121,26.1586,1
-4703.1636,-28634.3926,24.9425,-5025.2178,-28634.1934,21.9562,-4703.6924,-28633.3711,27.0894,321.5577,0.0064,0.0029,-0.1827,1.5274,-0.1866,-4702.5596,-28629.9512,26.2252,1
-4703.1636,-28634.3926,24.9425,-5025.1812,-28634.2441,21.9572,-4702.0562,-28631.4199,26.2394,323.1575,0.0058,0.0024,-0.1567,1.5249,-0.1603,-4702.5522,-28629.4336,26.2503,1
-4703.1636,-28634.3926,24.9425,-5025.1450,-28634.2949,21.9581,-4700.3999,-28633.4551,25.3449,324.7575,0.0073,0.0019,-0.1329,1.5221,-0.1361,-4702.4604,-28629.0527,26.2293,1
-4703.1636,-28634.3926,24.9425,-5025.1089,-28634.3438,21.9590,-4705.2124,-28631.6289,24.4223,319.9125,0.0067,0.0014,-0.1136,1.5198,-0.1164,-4702.6035,-28628.6230,26.1588,1
-4703.1636,-28634.3926,24.9425,-5025.0732,-28634.3926,21.9599,-4704.1226,-28636.2012,23.7637,320.9572,0.0091,0.0011,-0.1000,1.5189,-0.1025,-4702.6978,-28628.4570,26.0503,1
-4703.1636,-28634.3926,24.9425,-5025.0376,-28634.4414,21.9606,-4702.0986,-28632.1719,26.1750,322.9671,0.0072,0.0022,-0.0882,1.5180,-0.0904,-4702.6934,-28628.1367,26.0563,1
-4703.1636,-28634.3926,24.9425,-5025.0024,-28634.4902,21.9613,-4700.4473,-28635.0566,25.2432,324.5664,0.0087,0.0017,-0.0791,1.5178,-0.0811,-4702.6040,-28627.9980,26.0160,1
-4703.1636,-28634.3926,24.9425,-5024.9668,-28634.5391,21.9618,-4705.2480,-28633.8828,24.2647,319.7236,0.0081,0.0012,-0.0715,1.5175,-0.0733,-4702.7480,-28627.8418,25.9249,1
-4703.1636,-28634.3926,24.9425,-5024.9316,-28634.5859,21.9622,-4703.7827,-28633.6328,26.9922,321.1816,0.0079,0.0025,-0.0668,1.5182,-0.0684,-4702.8242,-28627.7129,25.9665,1
-4703.1636,-28634.3926,24.9425,-5024.8970,-28634.6328,21.9625,-4701.4053,-28637.0410,25.4749,323.5139,0.0094,0.0017,-0.0633,1.5188,-0.0649,-4702.7822,-28627.7891,25.9352,1
-4703.1636,-28634.3926,24.9425,-5024.8618,-28634.6797,21.9627,-4700.4961,-28636.1270,25.0418,324.3785,0.0088,0.0015,-0.0621,1.5200,-0.0636,-4702.6899,-28627.8613,25.8816,1
-4703.1636,-28634.3926,24.9425,-5024.8276,-28634.7266,21.9628,-4703.6382,-28634.8125,24.7968,321.1971,0.0079,0.0014,-0.0619,1.5212,-0.0634,-4702.7490,-28627.9062,25.8142,1
-4703.1636,-28634.3926,24.9425,-5024.7930,-28634.7734,21.9628,-4703.8276,-28633.6641,26.9284,320.9974,0.0070,0.0025,-0.0643,1.5233,-0.0659,-4702.8184,-28627.9258,25.8516,1
-4703.1636,-28634.3926,24.9425,-5024.7588,-28634.8203,21.9627,-4702.1899,-28637.1602,25.9053,322.5951,0.0084,0.0020,-0.0671,1.5250,-0.0687,-4702.8076,-28628.1484,25.8414,1
-4703.1636,-28634.3926,24.9425,-5024.7246,-28634.8652,21.9625,-4700.5454,-28636.7852,24.8769,324.1929,0.0079,0.0015,-0.0720,1.5271,-0.0736,-4702.7124,-28628.3867,25.7806,1
-4703.1636,-28634.3926,24.9425,-5024.6904,-28634.9121,21.9624,-4705.3413,-28636.3574,23.8039,319.3543,0.0073,0.0010,-0.0779,1.5292,-0.0796,-4702.8506,-28628.6328,25.6647,1
-4703.1636,-28634.3926,24.9425,-5024.6567,-28634.9570,21.9622,-4703.8784,-28637.2520,26.8762,320.8158,0.0074,0.0025,-0.0848,1.5313,-0.0867,-4702.9214,-28628.9492,25.6989,1
-4703.1636,-28634.3926,24.9425,-5024.6235,-28635.0020,21.9619,-4702.2339,-28637.0410,25.8462,322.4128,0.0068,0.0020,-0.0946,1.5339,-0.0966,-4702.9111,-28629.2812,25.6858,1
-4703.1636,-28634.3926,24.9425,-5024.5903,-28635.0449,21.9617,-4703.3076,-28636.9297,25.5958,321.3026,0.0064,0.0019,-0.1056,1.5364,-0.1078,-4702.9517,-28629.6309,25.6616,1
-4703.1636,-28634.3926,24.9425,-5024.5571,-28635.0898,21.9615,-4705.3877,-28636.4336,23.7241,319.1735,0.0057,0.0010,-0.1173,1.5387,-0.1195,-4703.0957,-28629.9746,25.5447,1
-4703.1636,-28634.3926,24.9425,-5024.5249,-28635.1328,21.9613,-4703.9204,-28636.7930,26.8673,320.6378,0.0056,0.0026,-0.1290,1.5407,-0.1314,-4703.1709,-28630.3496,25.5817,1
-4703.1636,-28634.3926,24.9425,-5024.4922,-28635.1777,21.9611,-4702.2773,-28636.5352,25.8422,322.2342,0.0050,0.0021,-0.1451,1.5432,-0.1476,-4703.1641,-28630.7266,25.5720,1
-4703.1636,-28634.3926,24.9425,-5024.4600,-28635.2207,21.9609,-4700.6382,-28636.2422,24.8104,323.8307,0.0045,0.0016,-0.1632,1.5456,-0.1658,-4703.0708,-28631.0996,25.5126,1
-4703.1636,-28634.3926,24.9425,-5024.4282,-28635.2617,21.9608,-4705.4341,-28635.8789,23.7457,318.9962,0.0039,0.0011,-0.1830,1.5478,-0.1857,-4703.2100,-28631.4609,25.3994,1
-4703.1636,-28634.3926,24.9425,-5024.3965,-28635.3047,21.9606,-4703.9634,-28636.4512,26.8795,320.4641,0.0038,0.0026,-0.2067,1.5501,-0.2095,-4703.2798,-28631.8555,25.4403,1
-4703.1636,-28634.3926,24.9425,-5024.3652,-28635.3457,21.9606,-4702.9751,-28636.9863,26.7026,321.4211,0.0037,0.0026,-0.2334,1.5522,-0.2362,-4703.3003,-28632.2793,25.4774,1
-4703.1636,-28634.3926,24.9425,-5024.3345,-28635.3867,21.9605,-4700.6860,-28635.6426,24.8577,323.6557,0.0027,0.0016,-0.2634,1.5542,-0.2662,-4703.2036,-28632.6387,25.4267,1
-4703.1636,-28634.3926,24.9425,-5024.3037,-28635.4277,21.9605,-4705.5034,-28639.1543,23.7937,318.8231,0.0041,0.0011,-0.2962,1.5559,-0.2991,-4703.3398,-28633.1699,25.3224,1
-4703.1636,-28634.3926,24.9425,-5024.2734,-28635.4688,21.9604,-4704.0078,-28635.8301,26.8925,320.2951,0.0021,0.0027,-0.3353,1.5576,-0.3382,-4703.4058,-28633.5391,25.3706,1
-4703.1636,-28634.3926,24.9425,-5024.2432,-28635.5098,21.9605,-4702.3701,-28635.2617,25.9027,321.8903,0.0016,0.0022,-0.3791,1.5591,-0.3821,-4703.3892,-28633.8711,25.3745,1
-4703.1636,-28634.3926,24.9425,-5024.2134,-28635.5488,21.9605,-4700.7368,-28634.6250,24.9061,323.4855,0.0010,0.0017,-0.4270,1.5604,-0.4300,-4703.2866,-28634.1641,25.3310,1
-4703.1636,-28634.3926,24.9425,-5024.1836,-28635.5879,21.9605,-4705.5391,-28637.9551,23.8567,318.6548,0.0025,0.0012,-0.4780,1.5615,-0.4809,-4703.4165,-28634.6094,25.2352,1
-4703.1636,-28634.3926,24.9425,-5024.1543,-28635.6289,21.9606,-4702.6006,-28636.8555,23.7439,321.5573,0.0017,0.0011,-0.5393,1.5626,-0.5422,-4703.4038,-28634.9961,25.1315,1
-4703.1636,-28634.3926,24.9425,-5024.1255,-28635.6660,21.9606,-4702.7803,-28636.3691,26.5957,321.3709,0.0013,0.0025,-0.6157,1.5636,-0.6186,-4703.3965,-28635.3477,25.1687,1
-4703.1636,-28634.3926,24.9425,-5024.0967,-28635.7051,21.9607,-4706.1040,-28635.5410,24.0433,317.9953,0.0007,0.0012,-0.6811,1.5642,-0.6840,-4703.5527,-28635.6445,25.0836,1
-4703.1636,-28634.3926,24.9425,-5024.0679,-28635.7441,21.9608,-4705.5811,-28637.0078,23.8940,318.4911,0.0012,0.0012,-0.8212,1.5652,-0.8241,-4703.6880,-28636.0000,24.9901,1
-4703.1636,-28634.3926,24.9425,-5024.0396,-28635.7812,21.9608,-4704.1001,-28634.6113,26.8985,319.9710,-0.0001,0.0027,-0.9103,1.5657,-0.9131,-4703.7515,-28636.2227,25.0459,1
-4703.1636,-28634.3926,24.9425,-5024.0117,-28635.8184,21.9609,-4702.4712,-28633.6582,25.9206,321.5649,-0.0006,0.0022,-0.9746,1.5660,-0.9774,-4703.7324,-28636.3789,25.0594,1
-4703.1636,-28634.3926,24.9425,-5023.9839,-28635.8555,21.9610,-4700.8340,-28636.6875,24.9167,323.1591,0.0008,0.0017,-1.0085,1.5662,-1.0113,-4703.6260,-28636.6641,25.0263,1
-4703.1636,-28634.3926,24.9425,-5023.9561,-28635.8926,21.9610,-4705.6260,-28635.8223,23.8929,318.3318,0.0002,0.0012,-1.1438,1.5665,-1.1465,-4703.7510,-28636.8926,24.9431,1
-4703.1636,-28634.3926,24.9425,-5023.9287,-28635.9297,21.9611,-4704.1479,-28634.1016,26.8938,319.8152,-0.0007,0.0026,-1.2509,1.5667,-1.2536,-4703.8047,-28637.0195,25.0089,1
-4703.1636,-28634.3926,24.9425,-5023.9019,-28635.9648,21.9611,-4702.5229,-28633.1094,25.9151,321.4086,-0.0013,0.0021,-1.3278,1.5668,-1.3305,-4703.7764,-28637.0742,25.0318,1
-4703.1636,-28634.3926,24.9425,-5023.8750,-28636.0020,21.9612,-4700.8809,-28636.0254,24.9082,323.0022,0.0002,0.0016,-1.2971,1.5668,-1.2998,-4703.6606,-28637.2520,25.0077,1
-4703.1636,-28634.3926,24.9425,-5023.8481,-28636.0371,21.9612,-4701.8750,-28634.3301,26.2404,321.9984,-0.0007,0.0023,-1.3623,1.5669,-1.3649,-4703.5869,-28637.3320,25.0509,1
-4703.1636,-28634.3926,24.9425,-5023.8218,-28636.0723,21.9612,-4704.1982,-28633.4707,26.8836,319.6632,-0.0012,0.0026,-1.3314,1.5669,-1.3340,-4703.6245,-28637.3477,25.1301,1
-4703.1636,-28634.3926,24.9425,-5023.7954,-28636.1074,21.9612,-4702.5562,-28636.3574,25.8864,321.2561,0.0003,0.0021,-1.2936,1.5669,-1.2962,-4703.5811,-28637.4883,25.1642,1
-4703.1636,-28634.3926,24.9425,-5023.7695,-28636.1426,21.9612,-4700.9297,-28635.2168,24.8940,322.8491,-0.0003,0.0016,-1.2563,1.5669,-1.2590,-4703.4531,-28637.5605,25.1506,1
-4703.1636,-28634.3926,24.9425,-5023.7437,-28636.1777,21.9612,-4705.7271,-28634.1074,23.8630,318.0252,-0.0008,0.0011,-1.2208,1.5668,-1.2234,-4703.5591,-28637.5605,25.0848,1
-4703.1636,-28634.3926,24.9425,-5023.7183,-28636.2109,21.9612,-4704.2485,-28633.0215,26.8768,319.5149,-0.0014,0.0026,-1.1873,1.5668,-1.1899,-4703.5962,-28637.4902,25.1669,1
-4703.1636,-28634.3926,24.9425,-5023.6929,-28636.2441,21.9612,-4702.6030,-28635.7656,25.8765,321.1072,0.0001,0.0021,-1.0616,1.5665,-1.0642,-4703.5527,-28637.5371,25.2034,1
-4703.1636,-28634.3926,24.9425,-5023.6675,-28636.2793,21.9612,-4700.9800,-28634.6133,24.8834,322.6997,-0.0005,0.0016,-1.0267,1.5664,-1.0294,-4703.4258,-28637.5156,25.1918,1
-4703.1636,-28634.3926,24.9425,-5023.6426,-28636.3125,21.9612,-4705.7793,-28633.5156,23.8522,317.8774,-0.0010,0.0011,-1.0006,1.5663,-1.0033,-4703.5327,-28637.4258,25.1277,1
-4703.1636,-28634.3926,24.9425,-5023.6182,-28636.3457,21.9612,-4704.3008,-28632.4648,26.8692,319.3700,-0.0015,0.0026,-0.9069,1.5660,-0.9095,-4703.5713,-28637.2676,25.2113,1
-4703.1636,-28634.3926,24.9425,-5023.5938,-28636.3770,21.9612,-4702.6504,-28635.3340,25.8708,320.9619,-0.0000,0.0021,-0.8816,1.5659,-0.8842,-4703.5293,-28637.2383,25.2491,1
-4703.1636,-28634.3926,24.9425,-5023.5693,-28636.4102,21.9612,-4701.0308,-28634.1934,24.8775,322.5539,-0.0006,0.0016,-0.8627,1.5658,-0.8653,-4703.4043,-28637.1426,25.2384,1
-4703.1636,-28634.3926,24.9425,-5023.5449,-28636.4434,21.9612,-4705.8311,-28633.1113,23.8459,317.7330,-0.0011,0.0011,-0.8457,1.5657,-0.8483,-4703.5132,-28636.9824,25.1749,1
-4703.1636,-28634.3926,24.9425,-5023.5210,-28636.4746,21.9612,-4704.3218,-28636.0215,26.8482,319.2285,0.0004,0.0026,-0.7654,1.5653,-0.7681,-4703.5532,-28636.9570,25.2580,1
-4703.1636,-28634.3926,24.9425,-5023.4976,-28636.5059,21.9612,-4700.2969,-28633.6094,25.0499,323.2229,-0.0008,0.0017,-0.7472,1.5652,-0.7499,-4703.3936,-28636.8086,25.2550,1
-4703.1636,-28634.3926,24.9425,-5023.4741,-28636.5371,21.9612,-4701.0825,-28633.7402,24.8733,322.4114,-0.0007,0.0016,-0.7343,1.5651,-0.7370,-4703.2661,-28636.6582,25.2423,1
-4703.1636,-28634.3926,24.9425,-5023.4497,-28636.5703,21.9614,-4705.8853,-28632.5605,23.8955,317.5920,-0.0013,0.0011,-0.6526,1.5649,-0.6551,-4703.3735,-28636.4395,25.1795,1
-4703.1636,-28634.3926,24.9425,-5023.4238,-28636.6055,21.9619,-4704.3672,-28635.5723,26.9887,319.0894,0.0003,0.0026,-0.5077,1.5648,-0.5097,-4703.4126,-28636.3652,25.2680,1
-4703.1636,-28634.3926,24.9425,-5023.3955,-28636.6426,21.9629,-4702.7446,-28634.4355,26.2707,320.6803,-0.0002,0.0021,-0.3257,1.5651,-0.3269,-4703.3735,-28636.2324,25.3249,1
-4703.1636,-28634.3926,24.9425,-5023.3643,-28636.6855,21.9646,-4701.1265,-28633.3105,25.6647,322.2714,-0.0008,0.0016,-0.0381,1.5653,-0.0381,-4703.2524,-28636.0410,25.3533,1
-4703.1636,-28634.3926,24.9425,-5023.3291,-28636.7305,21.9667,-4705.8877,-28636.1406,25.0952,317.4534,0.0007,0.0011,0.2967,1.5646,0.2982,-4703.3643,-28635.9883,25.3534,1
-4703.1636,-28634.3926,24.9425,-5023.2910,-28636.7832,21.9694,-4704.4062,-28635.3066,27.3868,318.9276,0.0002,0.0019,0.5963,1.5635,0.5995,-4703.4097,-28635.8965,25.4668,1
-4703.1636,-28634.3926,24.9425,-5023.2490,-28636.8398,21.9724,-4702.7759,-28634.2207,26.9708,320.5179,-0.0003,0.0014,0.8187,1.5619,0.8237,-4703.3760,-28635.7520,25.5633,1
-4703.1636,-28634.3926,24.9425,-5023.2031,-28636.9004,21.9755,-4701.1460,-28633.1367,26.5469,322.1083,-0.0009,0.0009,0.9697,1.5600,0.9765,-4703.2593,-28635.5527,25.6408,1
-4703.1636,-28634.3926,24.9425,-5023.1538,-28636.9668,21.9786,-4700.6055,-28633.3672,27.1133,322.6057,-0.0007,0.0009,1.0427,1.5578,1.0512,-4703.1113,-28635.3633,25.7473,1
-4703.1636,-28634.3926,24.9425,-5023.1001,-28637.0391,21.9817,-4704.4365,-28634.8926,27.3521,318.7129,-0.0000,0.0008,1.1126,1.5558,1.1227,-4703.1494,-28635.2500,25.8673,1
-4703.1636,-28634.3926,24.9425,-5023.0430,-28637.1152,21.9851,-4702.7925,-28633.8535,26.8432,320.3023,-0.0006,0.0003,1.1664,1.5540,1.1781,-4703.1099,-28635.0879,25.9632,1
-4703.1636,-28634.3926,24.9425,-5022.9819,-28637.1973,21.9892,-4701.1489,-28632.8164,26.3114,321.8920,-0.0011,-0.0002,1.2089,1.5521,1.2221,-4702.9888,-28634.8770,26.0321,1
-4703.1636,-28634.3926,24.9425,-5022.9170,-28637.2852,21.9938,-4705.8662,-28635.8750,25.7709,317.0783,0.0003,-0.0007,1.2434,1.5503,1.2580,-4703.1001,-28634.8184,26.0720,1
-4703.1636,-28634.3926,24.9425,-5022.8486,-28637.3770,21.9989,-4704.4678,-28634.4941,27.2798,318.4378,-0.0004,-0.0001,1.2721,1.5485,1.2881,-4703.1499,-28634.6973,26.1838,1
-4703.1636,-28634.3926,24.9425,-5022.7764,-28637.4746,22.0042,-4702.8110,-28633.5000,26.7190,320.0262,-0.0010,-0.0006,1.2966,1.5468,1.3140,-4703.1211,-28634.5332,26.2675,1
-4703.1636,-28634.3926,24.9425,-5022.7002,-28637.5762,22.0095,-4701.1182,-28636.5449,26.2437,321.6146,0.0005,-0.0011,1.3179,1.5450,1.3367,-4703.0073,-28634.5254,26.3254,1
-4703.1636,-28634.3926,24.9425,-5022.6201,-28637.6836,22.0149,-4705.8477,-28635.6133,25.5970,316.8044,-0.0001,-0.0016,1.3367,1.5432,1.3568,-4703.1265,-28634.4805,26.3478,1
-4703.1636,-28634.3926,24.9425,-5022.5366,-28637.7949,22.0201,-4704.5000,-28634.0781,27.2323,318.1038,-0.0009,-0.0010,1.3533,1.5415,1.3747,-4703.1855,-28634.3652,26.4470,1
-4703.1636,-28634.3926,24.9425,-5022.4502,-28637.9121,22.0251,-4705.5332,-28635.6387,27.1178,316.9695,-0.0002,-0.0013,1.3672,1.5399,1.3898,-4703.3003,-28634.3340,26.5395,1
-4703.1636,-28634.3926,24.9425,-5022.3613,-28638.0312,22.0297,-4701.1201,-28636.0801,26.0238,321.2777,0.0000,-0.0020,1.3674,1.5385,1.3911,-4703.1997,-28634.3340,26.5755,1
-4703.1636,-28634.3926,24.9425,-5022.2695,-28638.1543,22.0337,-4702.3223,-28633.3496,27.0567,320.0276,-0.0014,-0.0016,1.3762,1.5374,1.4007,-4703.1533,-28634.2051,26.6586,1
-4703.1636,-28634.3926,24.9425,-5022.1753,-28638.2812,22.0372,-4704.1421,-28636.0762,25.5792,318.0679,-0.0002,-0.0025,1.3843,1.5365,1.4095,-4703.1968,-28634.2129,26.6657,1
-4703.1636,-28634.3926,24.9425,-5022.0786,-28638.4121,22.0404,-4703.2246,-28635.6133,26.6632,318.9059,-0.0005,-0.0020,1.3912,1.5359,1.4170,-4703.1968,-28634.2090,26.7212,1
-4703.1636,-28634.3926,24.9425,-5021.9790,-28638.5449,22.0432,-4701.1294,-28635.8320,25.4487,320.8874,-0.0005,-0.0027,1.3973,1.5355,1.4236,-4703.0918,-28634.2227,26.7129,1
-4703.1636,-28634.3926,24.9425,-5021.8774,-28638.6816,22.0456,-4702.3701,-28634.5723,27.5634,319.5864,-0.0012,-0.0017,1.4028,1.5352,1.4294,-4703.0449,-28634.1797,26.8044,1
-4703.1636,-28634.3926,24.9425,-5021.7729,-28638.8223,22.0475,-4702.1318,-28633.4688,24.7784,319.7067,-0.0018,-0.0031,1.4080,1.5351,1.4347,-4702.9844,-28634.0859,26.7559,1
-4703.1636,-28634.3926,24.9425,-5021.6660,-28638.9668,22.0489,-4701.5503,-28632.9336,26.6529,320.2122,-0.0022,-0.0021,1.4129,1.5350,1.4397,-4702.8940,-28633.9688,26.7937,1
-4703.1636,-28634.3926,24.9425,-5021.5566,-28639.1152,22.0497,-4700.8687,-28636.5742,24.6152,320.7178,-0.0005,-0.0032,1.4176,1.5351,1.4443,-4702.7671,-28634.0332,26.7270,1
-4703.1636,-28634.3926,24.9425,-5021.4448,-28639.2656,22.0500,-4699.4575,-28634.4277,23.8194,322.0391,-0.0016,-0.0035,1.4093,1.5353,1.4360,-4702.5669,-28633.9980,26.6132,1
-4703.1636,-28634.3926,24.9425,-5021.3306,-28639.4199,22.0497,-4702.7178,-28633.9219,25.4494,318.6866,-0.0019,-0.0027,1.4121,1.5356,1.4385,-4702.5239,-28633.9434,26.5727,1
-4703.1636,-28634.3926,24.9425,-5021.2139,-28639.5762,22.0489,-4703.6211,-28636.0039,25.7808,317.6422,-0.0010,-0.0025,1.4162,1.5360,1.4422,-4702.5288,-28633.9961,26.5452,1
-4703.1636,-28634.3926,24.9425,-5021.0947,-28639.7363,22.0474,-4704.5781,-28634.1074,25.9442,316.5975,-0.0021,-0.0023,1.4204,1.5365,1.4460,-4702.5874,-28633.9590,26.5234,1
-4703.1636,-28634.3926,24.9425,-5020.9731,-28639.9004,22.0454,-4704.6167,-28633.4688,25.2535,316.4457,-0.0025,-0.0025,1.4135,1.5370,1.4387,-4702.6548,-28633.8945,26.4652,1
-4703.1636,-28634.3926,24.9425,-5020.8491,-28640.0684,22.0428,-4704.5938,-28636.2207,26.6498,316.3176,-0.0011,-0.0018,1.3980,1.5377,1.4226,-4702.7271,-28633.9688,26.4737,1
-4703.1636,-28634.3926,24.9425,-5020.7227,-28640.2383,22.0397,-4704.9224,-28635.6504,23.8102,315.8479,-0.0014,-0.0031,1.3772,1.5384,1.4010,-4702.8218,-28634.0215,26.3407,1
-4703.1636,-28634.3926,24.9425,-5020.5938,-28640.4121,22.0361,-4702.3608,-28633.2051,23.1113,318.3264,-0.0027,-0.0033,1.3761,1.5393,1.3992,-4702.7944,-28633.9570,26.1668,1
-4703.1636,-28634.3926,24.9425,-5020.4624,-28640.5879,22.0319,-4699.5039,-28633.1992,22.8226,321.0543,-0.0027,-0.0033,1.3607,1.5403,1.3829,-4702.6230,-28633.8926,25.9718,1
-4703.1636,-28634.3926,24.9425,-5020.3291,-28640.7695,22.0273,-4702.4160,-28633.5000,22.7844,318.0067,-0.0026,-0.0032,1.3378,1.5414,1.3590,-4702.5903,-28633.8418,25.7689,1
-4703.1636,-28634.3926,24.9425,-5020.1929,-28640.9531,22.0224,-4702.9199,-28634.8359,25.1606,317.3527,-0.0020,-0.0018,1.3215,1.5427,1.3417,-4702.5840,-28633.8594,25.6801,1
-4703.1636,-28634.3926,24.9425,-5020.0542,-28641.1387,22.0175,-4704.7656,-28635.8984,24.0988,315.3453,-0.0015,-0.0022,1.2914,1.5440,1.3103,-4702.6714,-28633.9336,25.5400,1
-4703.1636,-28634.3926,24.9425,-5019.9131,-28641.3301,22.0127,-4700.4575,-28635.6133,23.3532,319.5166,-0.0016,-0.0024,1.2521,1.5453,1.2699,-4702.5498,-28634.0000,25.3624,1
-4703.1636,-28634.3926,24.9425,-5019.7681,-28641.5273,22.0082,-4704.6606,-28635.4824,26.4599,315.1983,-0.0018,-0.0006,1.2269,1.5465,1.2437,-4702.6338,-28634.0645,25.3390,1
-4703.1636,-28634.3926,24.9425,-5019.6196,-28641.7266,22.0039,-4701.8892,-28634.3594,25.6358,317.8388,-0.0024,-0.0009,1.1988,1.5477,1.2146,-4702.5854,-28634.0781,25.2812,1
-4703.1636,-28634.3926,24.9425,-5019.4678,-28641.9316,22.0001,-4701.2471,-28633.3672,23.8564,318.3459,-0.0029,-0.0016,1.1522,1.5485,1.1671,-4702.5034,-28634.0410,25.1390,1
-4703.1636,-28634.3926,24.9425,-5019.3130,-28642.1426,21.9966,-4704.5820,-28636.0039,24.8180,314.8061,-0.0016,-0.0010,1.1017,1.5492,1.1158,-4702.5864,-28634.1348,25.0456,1
-4703.1636,-28634.3926,24.9425,-5019.1543,-28642.3574,21.9936,-4704.6689,-28636.1680,25.8017,314.5699,-0.0015,-0.0004,1.0517,1.5497,1.0650,-4702.6792,-28634.2422,25.0050,1
-4703.1636,-28634.3926,24.9425,-5018.9927,-28642.5762,21.9910,-4705.0728,-28636.2363,23.2579,313.9912,-0.0015,-0.0016,1.0107,1.5502,1.0234,-4702.7979,-28634.3555,24.8432,1
-4703.1636,-28634.3926,24.9425,-5018.8276,-28642.7988,21.9888,-4699.8574,-28636.2617,23.7049,319.0452,-0.0015,-0.0013,0.9787,1.5507,0.9909,-4702.6611,-28634.4746,24.7039,1
-4703.1636,-28634.3926,24.9425,-5018.6592,-28643.0273,21.9871,-4702.7041,-28634.5547,22.8727,316.0745,-0.0025,-0.0016,0.9489,1.5510,0.9606,-4702.6597,-28634.5117,24.5249,1
-4703.1636,-28634.3926,24.9425,-5018.4873,-28643.2617,21.9858,-4702.7080,-28633.6641,25.3489,315.9435,-0.0029,-0.0003,0.9205,1.5512,0.9318,-4702.6582,-28634.5039,24.4705,1
-4703.1636,-28634.3926,24.9425,-5018.3120,-28643.4980,21.9849,-4702.0449,-28633.0977,23.1316,316.4442,-0.0033,-0.0014,0.8882,1.5511,0.8992,-4702.6240,-28634.4609,24.3123,1
-4703.1636,-28634.3926,24.9425,-5018.1338,-28643.7402,21.9843,-4701.2891,-28636.3926,24.9789,316.9448,-0.0016,-0.0004,0.8535,1.5508,0.8643,-4702.5513,-28634.5801,24.2484,1
-4703.1636,-28634.3926,24.9425,-5017.9521,-28643.9883,21.9842,-4703.2939,-28633.1172,23.1213,314.8519,-0.0034,-0.0013,0.8383,1.5507,0.8490,-4702.5757,-28634.5391,24.0985,1
-4703.1636,-28634.3926,24.9425,-5017.7671,-28644.2383,21.9843,-4700.6543,-28635.0254,24.9634,317.2615,-0.0024,-0.0004,0.8310,1.5504,0.8417,-4702.4707,-28634.5879,24.0434,1
-4703.1636,-28634.3926,24.9425,-5017.5791,-28644.4941,21.9849,-4700.0103,-28634.5078,26.8494,317.7611,-0.0028,0.0005,0.8284,1.5502,0.8393,-4702.3296,-28634.6094,24.0899,1
-4703.1636,-28634.3926,24.9425,-5017.3877,-28644.7559,21.9857,-4705.6187,-28634.2676,24.7246,311.9588,-0.0031,-0.0006,0.8302,1.5498,0.8412,-4702.4644,-28634.6191,24.0416,1
-4703.1636,-28634.3926,24.9425,-5017.1934,-28645.0215,21.9868,-4704.9741,-28633.6758,26.6276,312.4583,-0.0034,0.0004,0.8255,1.5491,0.8368,-4702.5762,-28634.5957,24.0943,1
-4703.1636,-28634.3926,24.9425,-5016.9951,-28645.2910,21.9883,-4703.8076,-28632.8945,24.4018,313.4442,-0.0038,-0.0008,0.8181,1.5482,0.8298,-4702.6357,-28634.5293,24.0458,1
-4703.1636,-28634.3926,24.9425,-5016.7944,-28645.5645,21.9900,-4701.0479,-28634.3926,24.7494,315.9579,-0.0030,-0.0007,0.8103,1.5471,0.8224,-4702.5605,-28634.5332,24.0188,1
-4703.1636,-28634.3926,24.9425,-5016.5898,-28645.8438,21.9920,-4703.5488,-28635.2266,24.5144,313.2337,-0.0027,-0.0009,0.8205,1.5463,0.8331,-4702.6064,-28634.5801,23.9851,1
-4703.1636,-28634.3926,24.9425,-5016.3823,-28646.1270,21.9942,-4699.5122,-28634.4199,24.3587,317.0982,-0.0031,-0.0011,0.8191,1.5450,0.8322,-4702.4526,-28634.5859,23.9480,1
-4703.1636,-28634.3926,24.9425,-5016.1719,-28646.4141,21.9966,-4704.2202,-28633.5234,25.8149,312.2421,-0.0037,-0.0004,0.8256,1.5439,0.8394,-4702.5273,-28634.5449,23.9875,1
-4703.1636,-28634.3926,24.9425,-5015.9580,-28646.7070,21.9992,-4703.6064,-28633.0977,25.5636,312.6697,-0.0039,-0.0006,0.8315,1.5427,0.8460,-4702.5762,-28634.4805,24.0217,1
-4703.1636,-28634.3926,24.9425,-5015.7407,-28647.0039,22.0020,-4700.8340,-28634.6211,26.0163,315.1771,-0.0031,-0.0005,0.8356,1.5413,0.8508,-4702.4893,-28634.4883,24.0845,1
-4703.1636,-28634.3926,24.9425,-5015.5205,-28647.3066,22.0049,-4700.3799,-28635.0469,27.6566,315.4286,-0.0029,0.0002,0.8377,1.5398,0.8536,-4702.3755,-28634.5176,24.2358,1
-4703.1636,-28634.3926,24.9425,-5015.2969,-28647.6133,22.0080,-4704.9365,-28632.7871,26.8991,310.7533,-0.0041,-0.0003,0.8370,1.5382,0.8538,-4702.4854,-28634.4355,24.3588,1
-4703.1636,-28634.3926,24.9425,-5015.0703,-28647.9238,22.0111,-4699.7998,-28632.6641,25.8740,315.6657,-0.0041,-0.0009,0.8420,1.5367,0.8595,-4702.3452,-28634.3438,24.4371,1
-4703.1636,-28634.3926,24.9425,-5014.8403,-28648.2402,22.0143,-4701.3027,-28634.5566,25.5071,313.8592,-0.0032,-0.0013,0.8496,1.5352,0.8680,-4702.2744,-28634.3418,24.5003,1
-4703.1636,-28634.3926,24.9425,-5014.6074,-28648.5605,22.0176,-4700.6099,-28634.6113,27.2721,314.3524,-0.0032,-0.0005,0.8552,1.5337,0.8745,-4702.1675,-28634.3438,24.6536,1
-4703.1636,-28634.3926,24.9425,-5014.3711,-28648.8848,22.0209,-4705.1567,-28636.4258,26.9853,309.5071,-0.0024,-0.0008,0.8567,1.5320,0.8768,-4702.2856,-28634.4375,24.7980,1
-4703.1636,-28634.3926,24.9425,-5014.1328,-28649.2148,22.0241,-4700.8003,-28632.8145,25.5479,313.7857,-0.0041,-0.0016,0.8533,1.5303,0.8741,-4702.1943,-28634.3574,24.8743,1
-4703.1636,-28634.3926,24.9425,-5013.8916,-28649.5469,22.0271,-4701.3438,-28634.0449,25.4041,312.9555,-0.0035,-0.0018,0.8503,1.5290,0.8718,-4702.1279,-28634.3340,24.9429,1
-4703.1636,-28634.3926,24.9425,-5013.6489,-28649.8809,22.0297,-4703.0562,-28634.5840,25.1236,310.9904,-0.0034,-0.0020,0.8461,1.5279,0.8680,-4702.1465,-28634.3379,24.9964,1
-4703.1636,-28634.3926,24.9425,-5013.4038,-28650.2207,22.0319,-4703.2812,-28633.7559,26.2421,310.5921,-0.0038,-0.0014,0.8328,1.5267,0.8551,-4702.1797,-28634.3008,25.1038,1
-4703.1636,-28634.3926,24.9425,-5013.1567,-28650.5605,22.0337,-4702.5771,-28633.0938,24.1859,311.0851,-0.0041,-0.0025,0.8171,1.5255,0.8396,-4702.1821,-28634.2285,25.1086,1
-4703.1636,-28634.3926,24.9425,-5012.9072,-28650.9062,22.0350,-4701.7036,-28636.2871,26.1260,311.5781,-0.0024,-0.0016,0.8042,1.5246,0.8266,-4702.1421,-28634.3164,25.2057,1
-4703.1636,-28634.3926,24.9425,-5012.6558,-28651.2539,22.0360,-4699.6763,-28632.4180,23.8410,313.5589,-0.0044,-0.0027,0.7903,1.5238,0.8127,-4702.0010,-28634.2148,25.1882,1
-4703.1636,-28634.3926,24.9425,-5012.4023,-28651.6035,22.0366,-4701.2227,-28635.1699,25.6271,311.6391,-0.0031,-0.0018,0.7784,1.5233,0.8006,-4701.9321,-28634.2461,25.2542,1
-4703.1636,-28634.3926,24.9425,-5012.1470,-28651.9570,22.0367,-4700.5146,-28634.5312,23.4347,312.1306,-0.0034,-0.0028,0.7576,1.5225,0.7796,-4701.8281,-28634.2500,25.2091,1
-4703.1636,-28634.3926,24.9425,-5011.8896,-28652.3145,22.0364,-4699.8384,-28633.7852,25.1443,312.6222,-0.0037,-0.0019,0.7367,1.5218,0.7584,-4701.6890,-28634.2168,25.2429,1
-4703.1636,-28634.3926,24.9425,-5011.6299,-28652.6738,22.0356,-4699.1333,-28633.1895,22.9107,313.1137,-0.0041,-0.0030,0.7155,1.5212,0.7368,-4701.5122,-28634.1543,25.1628,1
-4703.1636,-28634.3926,24.9425,-5011.3687,-28653.0352,22.0343,-4704.9468,-28635.0293,26.5522,306.9867,-0.0032,-0.0010,0.6915,1.5206,0.7124,-4701.6230,-28634.1816,25.2575,1
-4703.1636,-28634.3926,24.9425,-5011.1055,-28653.4004,22.0326,-4703.5527,-28633.2656,24.4766,308.2268,-0.0041,-0.0020,0.6649,1.5199,0.6854,-4701.6753,-28634.1230,25.2502,1
-4703.1636,-28634.3926,24.9425,-5010.8398,-28653.7695,22.0304,-4703.9614,-28635.3301,24.4140,307.4469,-0.0031,-0.0020,0.6428,1.5197,0.6627,-4701.7544,-28634.1680,25.2363,1
-4703.1636,-28634.3926,24.9425,-5010.5728,-28654.1406,22.0277,-4699.5518,-28635.4570,23.2078,311.5914,-0.0029,-0.0025,0.6130,1.5190,0.6323,-4701.6206,-28634.2207,25.1586,1
-4703.1636,-28634.3926,24.9425,-5010.3032,-28654.5156,22.0247,-4703.5381,-28634.0332,24.3958,307.4627,-0.0037,-0.0018,0.5844,1.5187,0.6032,-4701.6821,-28634.2070,25.1345,1
-4703.1636,-28634.3926,24.9425,-5010.0322,-28654.8926,22.0215,-4703.2817,-28633.5469,25.3422,307.5137,-0.0040,-0.0012,0.5537,1.5183,0.5719,-4701.7373,-28634.1699,25.1552,1
-4703.1636,-28634.3926,24.9425,-5009.7588,-28655.2734,22.0183,-4703.2935,-28633.4980,25.0944,307.2567,-0.0040,-0.0012,0.5246,1.5179,0.5421,-4701.7979,-28634.1270,25.1634,1
-4703.1636,-28634.3926,24.9425,-5009.4829,-28655.6582,22.0151,-4700.4756,-28634.9258,25.1367,309.7211,-0.0032,-0.0012,0.4978,1.5174,0.5146,-4701.7222,-28634.1562,25.1729,1
-4703.1636,-28634.3926,24.9425,-5009.2036,-28656.0488,22.0121,-4701.4858,-28635.3301,23.9063,308.4250,-0.0031,-0.0017,0.4757,1.5171,0.4920,-4701.6943,-28634.2070,25.1203,1
-4703.1636,-28634.3926,24.9425,-5008.9214,-28656.4414,22.0093,-4702.2593,-28635.5391,24.3631,307.3866,-0.0031,-0.0014,0.4545,1.5164,0.4702,-4701.7056,-28634.2715,25.0871,1
-4703.1636,-28634.3926,24.9425,-5008.6367,-28656.8398,22.0069,-4701.3384,-28636.0938,24.3078,308.0100,-0.0028,-0.0013,0.4376,1.5159,0.4529,-4701.6729,-28634.3672,25.0492,1
-4703.1636,-28634.3926,24.9425,-5008.3486,-28657.2441,22.0049,-4702.9951,-28633.9609,25.9005,306.2655,-0.0041,-0.0004,0.4236,1.5154,0.4385,-4701.7231,-28634.3594,25.0891,1
-4703.1636,-28634.3926,24.9425,-5008.0576,-28657.6504,22.0033,-4701.2314,-28634.9688,26.6227,307.6979,-0.0035,0.0000,0.4099,1.5146,0.4244,-4701.6890,-28634.4004,25.1671,1
-4703.1636,-28634.3926,24.9425,-5007.7642,-28658.0625,22.0021,-4703.2656,-28635.3984,24.8733,305.3566,-0.0035,-0.0008,0.3975,1.5136,0.4117,-4701.7559,-28634.4648,25.1611,1
-4703.1636,-28634.3926,24.9425,-5007.4673,-28658.4785,22.0013,-4701.3896,-28635.5840,24.4820,306.9455,-0.0033,-0.0010,0.3869,1.5126,0.4008,-4701.7334,-28634.5391,25.1344,1
-4703.1636,-28634.3926,24.9425,-5007.1680,-28658.8984,22.0009,-4703.4336,-28635.1484,24.7155,304.6760,-0.0037,-0.0009,0.3795,1.5117,0.3933,-4701.8125,-28634.5918,25.1174,1
-4703.1636,-28634.3926,24.9425,-5006.8657,-28659.3242,22.0008,-4703.8218,-28634.2656,26.7885,304.1148,-0.0042,0.0003,0.3744,1.5108,0.3881,-4701.9150,-28634.6035,25.2029,1
-4703.1636,-28634.3926,24.9425,-5006.5610,-28659.7520,22.0011,-4703.1455,-28636.4121,25.6756,304.3350,-0.0032,-0.0003,0.3712,1.5099,0.3849,-4701.9878,-28634.7188,25.2364,1
-4703.1636,-28634.3926,24.9425,-5006.2529,-28660.1855,22.0018,-4701.4204,-28635.4316,24.7133,305.8501,-0.0038,-0.0008,0.3700,1.5091,0.3837,-4701.9771,-28634.7871,25.2223,1
-4703.1636,-28634.3926,24.9425,-5005.9424,-28660.6250,22.0027,-4699.7129,-28634.3301,23.7576,307.3649,-0.0043,-0.0013,0.3684,1.5078,0.3822,-4701.8784,-28634.8008,25.1586,1
-4703.1636,-28634.3926,24.9425,-5005.6294,-28661.0664,22.0039,-4705.2490,-28633.1719,26.6202,301.7073,-0.0052,0.0002,0.3686,1.5066,0.3826,-4702.0508,-28634.7520,25.2342,1
-4703.1636,-28634.3926,24.9425,-5005.3135,-28661.5137,22.0053,-4703.2046,-28635.9043,25.8242,303.2168,-0.0037,-0.0003,0.3703,1.5053,0.3845,-4702.1284,-28634.8359,25.2732,1
-4703.1636,-28634.3926,24.9425,-5004.9946,-28661.9648,22.0070,-4701.4922,-28634.8613,24.9470,304.7265,-0.0043,-0.0008,0.3732,1.5041,0.3879,-4702.1216,-28634.8691,25.2691,1
-4703.1636,-28634.3926,24.9425,-5004.6733,-28662.4219,22.0088,-4703.5967,-28633.8320,27.0147,302.4712,-0.0050,0.0002,0.3766,1.5027,0.3916,-4702.2173,-28634.8496,25.3669,1
-4703.1636,-28634.3926,24.9425,-5004.3491,-28662.8809,22.0109,-4704.9790,-28636.4805,26.7709,300.5693,-0.0037,0.0000,0.3798,1.5010,0.3953,-4702.3843,-28634.9570,25.4560,1
-4703.1636,-28634.3926,24.9425,-5004.0220,-28663.3457,22.0132,-4703.2671,-28635.4414,25.9575,302.0733,-0.0042,-0.0005,0.3850,1.4997,0.4011,-4702.4707,-28635.0156,25.5065,1
-4703.1636,-28634.3926,24.9425,-5003.6924,-28663.8145,22.0156,-4701.5664,-28634.3574,25.1470,303.5775,-0.0048,-0.0010,0.3902,1.4981,0.4068,-4702.4712,-28635.0176,25.5162,1
-4703.1636,-28634.3926,24.9425,-5003.3604,-28664.2891,22.0182,-4699.8794,-28633.2070,24.3361,305.0816,-0.0053,-0.0015,0.3948,1.4964,0.4121,-4702.3828,-28634.9609,25.4830,1
-4703.1636,-28634.3926,24.9425,-5003.0254,-28664.7676,22.0209,-4705.0435,-28635.9824,26.8015,299.4077,-0.0041,-0.0003,0.3982,1.4943,0.4162,-4702.5449,-28635.0352,25.5690,1
-4703.1636,-28634.3926,24.9425,-5002.6875,-28665.2480,22.0236,-4703.3413,-28634.9277,26.0050,300.9062,-0.0047,-0.0008,0.4040,1.4927,0.4225,-4702.6260,-28635.0586,25.6170,1
-4703.1636,-28634.3926,24.9425,-5002.3486,-28665.7344,22.0262,-4701.6494,-28633.8516,25.1631,302.4048,-0.0052,-0.0013,0.4076,1.4912,0.4266,-4702.6221,-28635.0273,25.6225,1
-4703.1636,-28634.3926,24.9425,-5002.0078,-28666.2207,22.0286,-4699.9766,-28632.6641,24.2632,303.9032,-0.0058,-0.0018,0.4064,1.4894,0.4258,-4702.5298,-28634.9316,25.5804,1
-4703.1636,-28634.3926,24.9425,-5001.6660,-28666.7109,22.0307,-4705.0908,-28635.7168,26.6261,298.2272,-0.0045,-0.0006,0.4030,1.4880,0.4225,-4702.6851,-28634.9805,25.6520,1
-4703.1636,-28634.3926,24.9425,-5001.3232,-28667.2012,22.0321,-4703.4087,-28634.5742,25.5991,299.7199,-0.0050,-0.0011,0.3948,1.4866,0.4140,-4702.7607,-28634.9746,25.6736,1
-4703.1636,-28634.3926,24.9425,-5000.9805,-28667.6934,22.0329,-4701.7466,-28633.3477,24.4703,301.2129,-0.0056,-0.0016,0.3812,1.4851,0.3999,-4702.7524,-28634.9062,25.6372,1
-4703.1636,-28634.3926,24.9425,-5000.6377,-28668.1855,22.0326,-4699.6772,-28635.8105,23.3641,302.7056,-0.0041,-0.0021,0.3621,1.4835,0.3799,-4702.6362,-28634.9570,25.5415,1
-4703.1636,-28634.3926,24.9425,-5000.2954,-28668.6758,22.0312,-4705.1694,-28635.2285,26.2594,297.0458,-0.0047,-0.0003,0.3393,1.4824,0.3559,-4702.7856,-28634.9785,25.5845,1
-4703.1636,-28634.3926,24.9425,-4999.9541,-28669.1660,22.0285,-4702.0527,-28633.4941,23.4672,300.0376,-0.0054,-0.0016,0.3111,1.4812,0.3263,-4702.7837,-28634.9160,25.4891,1
-4703.1636,-28634.3926,24.9425,-4999.6133,-28669.6562,22.0243,-4701.8911,-28632.6543,23.4916,300.0201,-0.0058,-0.0013,0.2775,1.4800,0.2910,-4702.7700,-28634.8047,25.3896,1
-4703.1636,-28634.3926,24.9425,-4999.2739,-28670.1445,22.0184,-4699.8306,-28634.9707,22.0934,301.5071,-0.0044,-0.0018,0.2383,1.4784,0.2498,-4702.6494,-28634.8066,25.2156,1
-4703.1636,-28634.3926,24.9425,-4998.9365,-28670.6309,22.0107,-4705.2588,-28634.7734,25.9963,295.8830,-0.0047,0.0006,0.1948,1.4772,0.2042,-4702.7925,-28634.7969,25.2299,1
-4703.1636,-28634.3926,24.9425,-4998.6006,-28671.1152,22.0014,-4703.6421,-28633.4355,24.4316,297.3644,-0.0053,0.0001,0.1469,1.4758,0.1539,-4702.8599,-28634.7227,25.1690,1
-4703.1636,-28634.3926,24.9425,-4998.2666,-28671.5957,21.9905,-4701.5811,-28635.7441,22.8225,298.8460,-0.0038,-0.0004,0.0955,1.4740,0.0999,-4702.8247,-28634.7598,25.0271,1
-4703.1636,-28634.3926,24.9425,-4997.9346,-28672.0762,21.9783,-4699.9790,-28634.4375,21.0851,300.3274,-0.0044,-0.0009,0.0419,1.4725,0.0433,-4702.7051,-28634.7363,24.7944,1
-4703.1636,-28634.3926,24.9425,-4997.6045,-28672.5508,21.9668,-4705.3418,-28634.4453,25.7794,294.7541,-0.0047,0.0020,-0.0099,1.4705,-0.0115,-4702.8457,-28634.7109,24.7895,1
-4703.1636,-28634.3926,24.9425,-4997.2769,-28673.0234,21.9575,-4703.7593,-28633.0488,24.1584,296.2301,-0.0052,0.0015,-0.0565,1.4681,-0.0609,-4702.9126,-28634.6172,24.7087,1
-4703.1636,-28634.3926,24.9425,-4996.9526,-28673.4922,21.9503,-4701.7061,-28635.2793,22.5630,297.7063,-0.0038,0.0010,-0.0964,1.4653,-0.1033,-4702.8779,-28634.6309,24.5494,1
-4703.1636,-28634.3926,24.9425,-4996.6313,-28673.9551,21.9448,-4700.1406,-28633.9082,21.0744,299.1823,-0.0043,0.0005,-0.1296,1.4629,-0.1387,-4702.7607,-28634.5801,24.3137,1
-4703.1636,-28634.3926,24.9425,-4996.3125,-28674.4141,21.9413,-4705.4448,-28634.0742,26.0590,293.6691,-0.0046,0.0035,-0.1577,1.4603,-0.1687,-4702.9019,-28634.5352,24.3229,1
-4703.1636,-28634.3926,24.9425,-4995.9971,-28674.8691,21.9397,-4703.8955,-28632.6523,24.7356,295.1399,-0.0052,0.0030,-0.1815,1.4576,-0.1944,-4702.9707,-28634.4199,24.2741,1
-4703.1636,-28634.3926,24.9425,-4995.6846,-28675.3203,21.9397,-4701.8203,-28635.0137,23.3557,296.6108,-0.0037,0.0025,-0.2026,1.4552,-0.2171,-4702.9370,-28634.4180,24.1611,1
-4703.1636,-28634.3926,24.9425,-4995.3745,-28675.7676,21.9408,-4700.2764,-28633.6523,22.0909,298.0816,-0.0043,0.0020,-0.2204,1.4528,-0.2364,-4702.8228,-28634.3535,23.9864,1
-4703.1636,-28634.3926,24.9425,-4995.0674,-28676.2109,21.9426,-4705.5503,-28633.7188,26.2364,292.6359,-0.0047,0.0044,-0.2353,1.4503,-0.2525,-4702.9648,-28634.2910,24.0183,1
-4703.1636,-28634.3926,24.9425,-4994.7632,-28676.6484,21.9448,-4703.4971,-28635.9277,24.9607,294.1017,-0.0032,0.0039,-0.2472,1.4477,-0.2656,-4703.0098,-28634.3379,23.9959,1
-4703.1636,-28634.3926,24.9425,-4994.4619,-28677.0820,21.9471,-4701.9590,-28634.5938,23.8195,295.5677,-0.0038,0.0034,-0.2577,1.4455,-0.2772,-4702.9785,-28634.3262,23.9223,1
-4703.1636,-28634.3926,24.9425,-4994.1626,-28677.5137,21.9493,-4700.4429,-28633.2090,22.7136,297.0337,-0.0044,0.0029,-0.2653,1.4432,-0.2858,-4702.8677,-28634.2461,23.7967,1
-4703.1636,-28634.3926,24.9425,-4993.8657,-28677.9414,21.9514,-4705.6616,-28633.3496,26.3962,291.6511,-0.0047,0.0050,-0.2702,1.4410,-0.2913,-4703.0112,-28634.1719,23.8560,1
-4703.1636,-28634.3926,24.9425,-4993.5718,-28678.3633,21.9532,-4703.6133,-28635.5098,25.2904,293.1123,-0.0033,0.0045,-0.2730,1.4386,-0.2947,-4703.0581,-28634.2051,23.8698,1
-4703.1636,-28634.3926,24.9425,-4993.2798,-28678.7852,21.9551,-4702.1045,-28634.1523,24.3575,294.5734,-0.0038,0.0040,-0.2753,1.4366,-0.2973,-4703.0303,-28634.1738,23.8433,1
-4703.1636,-28634.3926,24.9425,-4992.9907,-28679.2012,21.9569,-4700.6167,-28632.7422,23.4410,296.0347,-0.0044,0.0035,-0.2760,1.4346,-0.2982,-4702.9248,-28634.0762,23.7750,1
-4703.1636,-28634.3926,24.9425,-4992.7041,-28679.6133,21.9586,-4705.2158,-28636.5684,26.4113,290.7102,-0.0027,0.0052,-0.2750,1.4326,-0.2974,-4703.0430,-28634.1660,23.8568,1
-4703.1636,-28634.3926,24.9425,-4992.4194,-28680.0234,21.9601,-4701.6162,-28632.4004,23.3885,294.6691,-0.0046,0.0034,-0.2739,1.4309,-0.2963,-4702.9863,-28634.0566,23.7963,1
-4703.1636,-28634.3926,24.9425,-4992.1377,-28680.4277,21.9614,-4702.2236,-28633.8965,24.7046,293.6235,-0.0038,0.0042,-0.2715,1.4293,-0.2939,-4702.9561,-28634.0176,23.8025,1
-4703.1636,-28634.3926,24.9425,-4991.8584,-28680.8301,21.9625,-4700.7632,-28632.4648,23.8651,295.0802,-0.0044,0.0037,-0.2679,1.4274,-0.2902,-4702.8501,-28633.9102,23.7709,1
-4703.1636,-28634.3926,24.9425,-4991.5815,-28681.2285,21.9632,-4705.3130,-28636.1699,26.4843,289.8115,-0.0027,0.0052,-0.2631,1.4255,-0.2853,-4702.9668,-28633.9844,23.8724,1
-4703.1636,-28634.3926,24.9425,-4991.3071,-28681.6230,21.9637,-4703.8359,-28634.8281,25.6959,291.2639,-0.0033,0.0047,-0.2585,1.4240,-0.2804,-4703.0156,-28634.0000,23.9424,1
-4703.1636,-28634.3926,24.9425,-4991.0347,-28682.0137,21.9638,-4703.5645,-28634.0234,25.2929,291.4533,-0.0037,0.0044,-0.2528,1.4224,-0.2745,-4703.0527,-28633.9785,23.9975,1
-4703.1636,-28634.3926,24.9425,-4990.7651,-28682.4023,21.9636,-4700.9463,-28631.9805,24.1458,294.1686,-0.0044,0.0037,-0.2462,1.4207,-0.2675,-4702.9595,-28633.8555,23.9990,1
-4703.1636,-28634.3926,24.9425,-4990.4980,-28682.7852,21.9631,-4705.3867,-28635.9492,26.5569,288.9530,-0.0027,0.0050,-0.2396,1.4195,-0.2605,-4703.0825,-28633.9277,24.1217,1
-4703.1636,-28634.3926,24.9425,-4990.2329,-28683.1660,21.9623,-4703.9492,-28634.5039,25.8416,290.4014,-0.0033,0.0045,-0.2314,1.4178,-0.2518,-4703.1392,-28633.9336,24.2147,1
-4703.1636,-28634.3926,24.9425,-4989.9702,-28683.5430,21.9612,-4702.5210,-28633.0801,25.1361,291.8495,-0.0038,0.0040,-0.2228,1.4163,-0.2426,-4703.1260,-28633.8730,24.2759,1
-4703.1636,-28634.3926,24.9425,-4989.7100,-28683.9160,21.9599,-4700.4805,-28635.2227,24.3097,293.2979,-0.0024,0.0035,-0.2132,1.4146,-0.2323,-4703.0083,-28633.9160,24.2970,1
-4703.1636,-28634.3926,24.9425,-4989.4521,-28684.2871,21.9583,-4705.4941,-28635.5488,26.6469,288.1333,-0.0027,0.0047,-0.2036,1.4134,-0.2219,-4703.1343,-28633.9824,24.4340,1
-4703.1636,-28634.3926,24.9425,-4989.1968,-28684.6523,21.9565,-4704.0649,-28634.1895,26.0116,289.5777,-0.0033,0.0042,-0.1930,1.4122,-0.2104,-4703.1943,-28633.9824,24.5434,1
-4703.1636,-28634.3926,24.9425,-4988.9434,-28685.0156,21.9546,-4702.6558,-28632.7793,25.3573,291.0220,-0.0038,0.0037,-0.1810,1.4109,-0.1976,-4703.1855,-28633.9160,24.6220,1
-4703.1636,-28634.3926,24.9425,-4988.6924,-28685.3750,21.9531,-4700.6172,-28634.8926,24.5922,292.4664,-0.0024,0.0032,-0.1680,1.4093,-0.1836,-4703.0723,-28633.9512,24.6621,1
-4703.1636,-28634.3926,24.9425,-4988.4443,-28685.7305,21.9519,-4705.6050,-28635.1562,26.6888,287.3504,-0.0027,0.0043,-0.1559,1.4081,-0.1705,-4703.2021,-28634.0020,24.8047,1
-4703.1636,-28634.3926,24.9425,-4988.1987,-28686.0820,21.9509,-4704.1978,-28633.7949,26.0766,288.7912,-0.0033,0.0038,-0.1440,1.4069,-0.1576,-4703.2671,-28633.9883,24.9189,1
-4703.1636,-28634.3926,24.9425,-4987.9556,-28686.4297,21.9504,-4699.8208,-28633.4355,27.4876,293.0062,-0.0030,0.0044,-0.1320,1.4055,-0.1445,-4703.1143,-28633.9570,25.1038,1
-4703.1636,-28634.3926,24.9425,-4987.7144,-28686.7734,21.9501,-4700.7402,-28634.6582,24.7787,291.6725,-0.0024,0.0028,-0.1202,1.4044,-0.1317,-4702.9990,-28633.9863,25.1559,1
-4703.1636,-28634.3926,24.9425,-4987.4761,-28687.1152,21.9501,-4705.7104,-28634.8203,26.7324,286.6049,-0.0028,0.0037,-0.1084,1.4034,-0.1187,-4703.1265,-28634.0254,25.3012,1
-4703.1636,-28634.3926,24.9425,-4987.2393,-28687.4512,21.9502,-4704.3203,-28633.4727,26.1443,288.0421,-0.0034,0.0032,-0.0965,1.4022,-0.1056,-4703.1909,-28633.9980,25.4169,1
-4703.1636,-28634.3926,24.9425,-4987.0054,-28687.7871,21.9505,-4702.2759,-28635.6348,25.4876,289.4791,-0.0019,0.0027,-0.0845,1.4007,-0.0925,-4703.1558,-28634.0781,25.4977,1
-4703.1636,-28634.3926,24.9425,-4986.7729,-28688.1172,21.9508,-4700.8774,-28634.3418,24.8820,290.9164,-0.0025,0.0022,-0.0730,1.3997,-0.0798,-4703.0479,-28634.0977,25.5442,1
-4703.1636,-28634.3926,24.9425,-4986.5425,-28688.4473,21.9513,-4705.8242,-28634.4492,26.6568,285.8934,-0.0029,0.0031,-0.0616,1.3986,-0.0675,-4703.1821,-28634.1211,25.6737,1
-4703.1636,-28634.3926,24.9425,-4986.3135,-28688.7734,21.9523,-4700.4995,-28635.2832,26.4911,290.8022,-0.0019,0.0029,-0.0516,1.3973,-0.0568,-4703.0562,-28634.1895,25.7934,1
-4703.1636,-28634.3926,24.9425,-4986.0864,-28689.0957,21.9538,-4704.2256,-28635.3027,25.0043,286.9576,-0.0022,0.0020,-0.0440,1.3960,-0.0485,-4703.1104,-28634.2578,25.8362,1
-4703.1636,-28634.3926,24.9425,-4985.8608,-28689.4180,21.9555,-4700.9990,-28634.0664,24.4159,290.1947,-0.0026,0.0016,-0.0385,1.3950,-0.0425,-4703.0063,-28634.2695,25.8433,1
-4703.1636,-28634.3926,24.9425,-4985.6367,-28689.7363,21.9570,-4700.2886,-28632.9531,26.6225,290.9716,-0.0031,0.0027,-0.0346,1.3938,-0.0381,-4702.8618,-28634.2207,25.9533,1
-4703.1636,-28634.3926,24.9425,-4985.4146,-28690.0527,21.9583,-4703.8848,-28636.2617,25.7086,286.6396,-0.0017,0.0022,-0.0320,1.3924,-0.0353,-4702.8911,-28634.3359,26.0154,1
-4703.1636,-28634.3926,24.9425,-4985.1938,-28690.3672,21.9593,-4702.4966,-28635.0352,24.8640,288.0701,-0.0022,0.0017,-0.0307,1.3914,-0.0339,-4702.8550,-28634.3926,26.0307,1
-4703.1636,-28634.3926,24.9425,-4984.9751,-28690.6797,21.9598,-4701.1260,-28633.7695,23.9832,289.5007,-0.0028,0.0012,-0.0304,1.3903,-0.0335,-4702.7500,-28634.3867,25.9953,1
-4703.1636,-28634.3926,24.9425,-4984.7573,-28690.9883,21.9600,-4700.4282,-28632.5488,26.5042,290.2996,-0.0034,0.0026,-0.0308,1.3890,-0.0340,-4702.6074,-28634.3164,26.0777,1
-4703.1636,-28634.3926,24.9425,-4984.5415,-28691.2969,21.9599,-4703.9761,-28636.0020,25.5003,285.9771,-0.0019,0.0021,-0.0320,1.3881,-0.0353,-4702.6382,-28634.4141,26.1078,1
-4703.1636,-28634.3926,24.9425,-4984.3276,-28691.6016,21.9596,-4702.6064,-28634.7617,24.5758,287.4044,-0.0025,0.0016,-0.0336,1.3871,-0.0371,-4702.6060,-28634.4512,26.0873,1
-4703.1636,-28634.3926,24.9425,-4984.1152,-28691.9043,21.9591,-4701.2563,-28633.4746,23.6324,288.8319,-0.0030,0.0011,-0.0355,1.3860,-0.0392,-4702.5078,-28634.4258,26.0130,1
-4703.1636,-28634.3926,24.9425,-4983.9043,-28692.2031,21.9584,-4700.5742,-28632.1406,26.4533,289.6523,-0.0037,0.0027,-0.0376,1.3846,-0.0416,-4702.3740,-28634.3301,26.0715,1
-4703.1636,-28634.3926,24.9425,-4983.6948,-28692.5020,21.9577,-4704.0972,-28635.6191,25.4166,285.3388,-0.0022,0.0022,-0.0399,1.3838,-0.0441,-4702.4141,-28634.4004,26.0773,1
-4703.1636,-28634.3926,24.9425,-4983.4878,-28692.7969,21.9570,-4702.9609,-28634.2793,25.5069,286.5795,-0.0029,0.0023,-0.0421,1.3828,-0.0466,-4702.4038,-28634.4082,26.0839,1
-4703.1636,-28634.3926,24.9425,-4983.2817,-28693.0898,21.9563,-4701.4170,-28633.0527,23.5323,288.1877,-0.0033,0.0012,-0.0441,1.3816,-0.0489,-4702.3198,-28634.3516,25.9886,1
-4703.1636,-28634.3926,24.9425,-4983.0781,-28693.3789,21.9556,-4699.9731,-28635.2793,26.4221,289.0302,-0.0019,0.0028,-0.0458,1.3802,-0.0508,-4702.1631,-28634.4043,26.0303,1
-4703.1636,-28634.3926,24.9425,-4982.8760,-28693.6660,21.9550,-4704.2349,-28635.1855,25.4315,284.7253,-0.0025,0.0023,-0.0475,1.3792,-0.0527,-4702.2163,-28634.4531,26.0223,1
-4703.1636,-28634.3926,24.9425,-4982.6753,-28693.9512,21.9545,-4702.9072,-28633.8945,24.5177,286.1468,-0.0030,0.0018,-0.0488,1.3781,-0.0542,-4702.2104,-28634.4395,25.9661,1
-4703.1636,-28634.3926,24.9425,-4982.4766,-28694.2344,21.9541,-4701.6050,-28632.5371,23.6027,287.5685,-0.0036,0.0013,-0.0497,1.3768,-0.0553,-4702.1436,-28634.3555,25.8597,1
-4703.1636,-28634.3926,24.9425,-4982.2798,-28694.5137,21.9538,-4700.1113,-28634.8477,26.4468,288.4334,-0.0021,0.0029,-0.0503,1.3753,-0.0559,-4702.0024,-28634.3828,25.8895,1
-4703.1636,-28634.3926,24.9425,-4982.0845,-28694.7930,21.9536,-4704.3809,-28634.7383,25.4907,284.1369,-0.0027,0.0024,-0.0507,1.3743,-0.0564,-4702.0728,-28634.4043,25.8728,1
-4703.1636,-28634.3926,24.9425,-4981.8906,-28695.0684,21.9535,-4703.0811,-28633.3945,24.6123,285.5556,-0.0032,0.0019,-0.0507,1.3731,-0.0565,-4702.0859,-28634.3594,25.8111,1
-4703.1636,-28634.3926,24.9425,-4981.6987,-28695.3398,21.9535,-4701.0312,-28635.5078,23.6914,286.9745,-0.0018,0.0014,-0.0504,1.3717,-0.0562,-4702.0010,-28634.4180,25.7005,1
-4703.1636,-28634.3926,24.9425,-4981.5088,-28695.6113,21.9535,-4700.2139,-28634.5977,26.4740,287.8616,-0.0022,0.0029,-0.0501,1.3707,-0.0558,-4701.8740,-28634.4336,25.7245,1
-4703.1636,-28634.3926,24.9425,-4981.3203,-28695.8789,21.9536,-4699.9722,-28634.3652,25.2611,288.0054,-0.0023,0.0023,-0.0495,1.3697,-0.0552,-4701.7334,-28634.4375,25.6904,1
-4703.1636,-28634.3926,24.9425,-4981.1333,-28696.1445,21.9537,-4704.8613,-28634.5254,23.6936,283.0605,-0.0028,0.0014,-0.0486,1.3684,-0.0543,-4701.8359,-28634.4492,25.5774,1
-4703.1636,-28634.3926,24.9425,-4980.9482,-28696.4062,21.9539,-4700.9443,-28632.5977,23.8728,287.1837,-0.0033,0.0015,-0.0476,1.3669,-0.0532,-4701.7520,-28634.3652,25.4697,1
-4703.1636,-28634.3926,24.9425,-4980.7646,-28696.6680,21.9541,-4700.3560,-28634.1777,26.4869,287.3137,-0.0024,0.0029,-0.0467,1.3659,-0.0521,-4701.6392,-28634.3535,25.4901,1
-4703.1636,-28634.3926,24.9425,-4980.5825,-28696.9258,21.9543,-4704.6318,-28634.0762,25.5718,283.0327,-0.0029,0.0024,-0.0457,1.3648,-0.0510,-4701.7388,-28634.3379,25.4687,1
-4703.1636,-28634.3926,24.9425,-4980.4019,-28697.1836,21.9546,-4703.3750,-28632.6719,24.7278,284.4463,-0.0035,0.0019,-0.0445,1.3634,-0.0498,-4701.7856,-28634.2500,25.4066,1
-4703.1636,-28634.3926,24.9425,-4980.2231,-28697.4375,21.9548,-4701.5713,-28632.7969,24.4387,286.0560,-0.0032,0.0017,-0.0436,1.3625,-0.0487,-4701.7476,-28634.1660,25.3298,1
-4703.1636,-28634.3926,24.9425,-4980.0454,-28697.6895,21.9550,-4700.4907,-28633.8027,26.4846,286.7881,-0.0025,0.0028,-0.0426,1.3616,-0.0476,-4701.6567,-28634.1309,25.3547,1
-4703.1636,-28634.3926,24.9425,-4979.8696,-28697.9395,21.9553,-4704.7583,-28633.7559,25.5688,282.5143,-0.0031,0.0023,-0.0416,1.3606,-0.0466,-4701.7778,-28634.0918,25.3382,1
-4703.1636,-28634.3926,24.9425,-4979.6953,-28698.1875,21.9555,-4702.7012,-28635.8652,24.6879,283.9256,-0.0016,0.0018,-0.0407,1.3594,-0.0455,-4701.8052,-28634.1582,25.2797,1
-4703.1636,-28634.3926,24.9425,-4979.5225,-28698.4336,21.9556,-4701.4536,-28634.4492,23.8309,285.3370,-0.0022,0.0013,-0.0398,1.3581,-0.0445,-4701.7729,-28634.1602,25.1783,1
-4703.1636,-28634.3926,24.9425,-4979.3506,-28698.6758,21.9558,-4700.6392,-28633.3828,26.4742,286.2834,-0.0027,0.0028,-0.0390,1.3570,-0.0437,-4701.7002,-28634.1094,25.2073,1
-4703.1636,-28634.3926,24.9425,-4979.1807,-28698.9180,21.9560,-4704.9204,-28633.2969,25.5528,282.0166,-0.0032,0.0023,-0.0383,1.3558,-0.0429,-4701.8398,-28634.0547,25.1952,1
-4703.1636,-28634.3926,24.9425,-4979.0117,-28699.1562,21.9561,-4702.8774,-28635.3125,24.6673,283.4255,-0.0018,0.0018,-0.0376,1.3544,-0.0421,-4701.8857,-28634.0977,25.1412,1
-4703.1636,-28634.3926,24.9425,-4978.8447,-28699.3945,21.9562,-4701.6479,-28633.8809,23.8041,284.8347,-0.0023,0.0013,-0.0370,1.3530,-0.0415,-4701.8726,-28634.0742,25.0444,1
-4703.1636,-28634.3926,24.9425,-4978.6787,-28699.6309,21.9563,-4700.7871,-28632.9824,26.4625,285.7985,-0.0027,0.0028,-0.0365,1.3519,-0.0410,-4701.8159,-28634.0059,25.0791,1
-4703.1636,-28634.3926,24.9425,-4978.5142,-28699.8633,21.9563,-4704.2524,-28636.3340,25.5038,281.5382,-0.0012,0.0023,-0.0361,1.3506,-0.0405,-4701.9307,-28634.1035,25.0711,1
-4703.1636,-28634.3926,24.9425,-4978.3511,-28700.0957,21.9564,-4702.9912,-28635.0488,24.6466,282.9450,-0.0018,0.0018,-0.0358,1.3498,-0.0402,-4701.9878,-28634.1426,25.0227,1
-4703.1636,-28634.3926,24.9425,-4978.1895,-28700.3242,21.9564,-4701.7495,-28633.7207,23.7785,284.3519,-0.0023,0.0013,-0.0355,1.3488,-0.0399,-4701.9854,-28634.1191,24.9315,1
-4703.1636,-28634.3926,24.9425,-4978.0288,-28700.5527,21.9564,-4700.9316,-28632.6074,26.4514,285.3322,-0.0028,0.0027,-0.0352,1.3477,-0.0396,-4701.9404,-28634.0371,24.9728,1
-4703.1636,-28634.3926,24.9425,-4977.8701,-28700.7773,21.9564,-4704.3833,-28635.9570,25.4890,281.0784,-0.0014,0.0022,-0.0349,1.3464,-0.0393,-4702.0659,-28634.1211,24.9712,1
-4703.1636,-28634.3926,24.9425,-4977.7124,-28701.0020,21.9564,-4703.1396,-28634.6504,24.6290,282.4830,-0.0019,0.0017,-0.0347,1.3455,-0.0391,-4702.1343,-28634.1445,24.9294,1
-4703.1636,-28634.3926,24.9425,-4977.5557,-28701.2246,21.9564,-4701.9150,-28633.2988,23.7596,283.8878,-0.0025,0.0012,-0.0345,1.3445,-0.0389,-4702.1431,-28634.1016,24.8446,1
-4703.1636,-28634.3926,24.9425,-4977.4009,-28701.4434,21.9564,-4701.0820,-28632.2207,26.4457,284.8839,-0.0029,0.0027,-0.0343,1.3434,-0.0386,-4702.1084,-28634.0020,24.8930,1
-4703.1636,-28634.3926,24.9425,-4977.2471,-28701.6621,21.9564,-4703.4478,-28633.9766,26.3323,282.0666,-0.0023,0.0027,-0.0342,1.3428,-0.0385,-4702.1890,-28633.9863,24.9410,1
-4703.1636,-28634.3926,24.9425,-4977.0947,-28701.8789,21.9564,-4703.2388,-28634.4629,24.6256,282.0388,-0.0020,0.0017,-0.0341,1.3420,-0.0384,-4702.2607,-28633.9980,24.9083,1
-4703.1636,-28634.3926,24.9425,-4976.9434,-28702.0918,21.9564,-4702.0264,-28633.1055,23.7563,283.4416,-0.0026,0.0012,-0.0338,1.3410,-0.0382,-4702.2739,-28633.9414,24.8323,1
-4703.1636,-28634.3926,24.9425,-4976.7935,-28702.3047,21.9564,-4700.3711,-28635.3027,26.4103,284.4528,-0.0011,0.0027,-0.0336,1.3398,-0.0379,-4702.2021,-28633.9941,24.8874,1
-4703.1636,-28634.3926,24.9425,-4976.6445,-28702.5156,21.9565,-4704.6152,-28635.3594,25.4834,280.2108,-0.0017,0.0022,-0.0334,1.3391,-0.0377,-4702.3369,-28634.0527,24.9011,1
-4703.1636,-28634.3926,24.9425,-4976.4976,-28702.7246,21.9565,-4703.3965,-28634.0449,24.6261,281.6115,-0.0022,0.0017,-0.0332,1.3383,-0.0375,-4702.4155,-28634.0508,24.8741,1
-4703.1636,-28634.3926,24.9425,-4976.3511,-28702.9316,21.9565,-4702.2017,-28632.6660,23.7596,283.0124,-0.0028,0.0012,-0.0330,1.3373,-0.0372,-4702.4351,-28633.9785,24.8039,1
-4703.1636,-28634.3926,24.9425,-4976.2065,-28703.1387,21.9565,-4700.5122,-28634.9062,26.4082,284.0380,-0.0013,0.0027,-0.0327,1.3361,-0.0369,-4702.3682,-28634.0156,24.8644,1
-4703.1636,-28634.3926,24.9425,-4976.0625,-28703.3418,21.9566,-4704.7773,-28634.8945,25.4836,279.8017,-0.0019,0.0022,-0.0324,1.3351,-0.0366,-4702.5088,-28634.0547,24.8834,1
-4703.1636,-28634.3926,24.9425,-4975.9204,-28703.5430,21.9566,-4703.5781,-28633.5449,24.6294,281.2005,-0.0024,0.0017,-0.0321,1.3342,-0.0363,-4702.5938,-28634.0293,24.8617,1
-4703.1636,-28634.3926,24.9425,-4975.7788,-28703.7441,21.9567,-4701.5234,-28635.5840,23.7357,282.5995,-0.0010,0.0012,-0.0318,1.3331,-0.0360,-4702.5767,-28634.1035,24.7953,1
-4703.1636,-28634.3926,24.9425,-4975.6387,-28703.9414,21.9567,-4700.6128,-28634.6816,26.4078,283.6390,-0.0014,0.0027,-0.0316,1.3325,-0.0357,-4702.5093,-28634.1367,24.8604,1
-4703.1636,-28634.3926,24.9425,-4975.5000,-28704.1387,21.9568,-4704.8584,-28634.7578,25.4850,279.4081,-0.0019,0.0022,-0.0314,1.3317,-0.0355,-4702.6484,-28634.1758,24.8840,1
-4703.1636,-28634.3926,24.9425,-4975.3623,-28704.3340,21.9568,-4703.6719,-28633.3965,24.6311,280.8052,-0.0025,0.0017,-0.0311,1.3308,-0.0351,-4702.7324,-28634.1465,24.8666,1
-4703.1636,-28634.3926,24.9425,-4975.2261,-28704.5273,21.9569,-4701.6226,-28635.4004,23.7386,282.2025,-0.0010,0.0012,-0.0307,1.3297,-0.0348,-4702.7139,-28634.2168,24.8044,1
-4703.1636,-28634.3926,24.9425,-4975.0903,-28704.7188,21.9569,-4700.7588,-28634.2852,26.4042,283.2550,-0.0016,0.0027,-0.0305,1.3290,-0.0345,-4702.6479,-28634.2324,24.8731,1
-4703.1636,-28634.3926,24.9425,-4974.9561,-28704.9102,21.9570,-4705.0083,-28634.3613,25.4828,279.0292,-0.0021,0.0022,-0.0302,1.3282,-0.0342,-4702.7886,-28634.2500,24.9001,1
-4703.1636,-28634.3926,24.9425,-4974.8232,-28705.0977,21.9570,-4703.8398,-28632.9727,24.6300,280.4246,-0.0027,0.0017,-0.0299,1.3272,-0.0339,-4702.8745,-28634.1992,24.8859,1
-4703.1636,-28634.3926,24.9425,-4974.6914,-28705.2852,21.9571,-4701.7246,-28635.2070,23.7416,281.8202,-0.0012,0.0012,-0.0298,1.3270,-0.0337,-4702.8555,-28634.2578,24.8268,1
-4703.1636,-28634.3926,24.9425,-4974.5605,-28705.4707,21.9571,-4700.8955,-28633.9375,26.3990,282.8853,-0.0018,0.0027,-0.0295,1.3264,-0.0335,-4702.7900,-28634.2539,24.8981,1
-4703.1636,-28634.3926,24.9425,-4974.4307,-28705.6543,21.9572,-4705.1440,-28634.0273,25.4764,278.6644,-0.0024,0.0022,-0.0293,1.3256,-0.0332,-4702.9312,-28634.2520,24.9272,1
-4703.1636,-28634.3926,24.9425,-4974.3018,-28705.8359,21.9572,-4703.0894,-28636.0312,24.5948,280.0582,-0.0009,0.0017,-0.0290,1.3246,-0.0328,-4702.9731,-28634.3496,24.9135,1
-4703.1636,-28634.3926,24.9425,-4974.1743,-28706.0176,21.9573,-4702.2896,-28633.0312,25.9796,281.5316,-0.0025,0.0024,-0.0288,1.3241,-0.0326,-4702.9736,-28634.3008,24.9681,1
-4703.1636,-28634.3926,24.9425,-4974.0479,-28706.1953,21.9573,-4701.0488,-28633.5352,26.3950,282.5292,-0.0021,0.0027,-0.0285,1.3234,-0.0324,-4702.9092,-28634.2734,25.0458,1
-4703.1636,-28634.3926,24.9425,-4973.9224,-28706.3730,21.9574,-4704.4922,-28633.8223,23.5155,279.0280,-0.0024,0.0010,-0.0283,1.3225,-0.0321,-4703.0103,-28634.2598,24.9824,1
-4703.1636,-28634.3926,24.9425,-4973.7983,-28706.5488,21.9574,-4703.2515,-28635.5859,24.5932,279.7053,-0.0012,0.0017,-0.0280,1.3215,-0.0318,-4703.0518,-28634.3301,24.9687,1
-4703.1636,-28634.3926,24.9425,-4973.6748,-28706.7246,21.9574,-4702.0737,-28634.2832,23.7335,281.0977,-0.0017,0.0012,-0.0278,1.3208,-0.0316,-4703.0337,-28634.3398,24.9109,1
-4703.1636,-28634.3926,24.9425,-4973.5527,-28706.8965,21.9575,-4701.2051,-28633.1328,26.3907,282.1862,-0.0022,0.0026,-0.0276,1.3201,-0.0314,-4702.9678,-28634.2910,24.9829,1
-4703.1636,-28634.3926,24.9425,-4973.4312,-28707.0684,21.9575,-4704.5591,-28636.5742,25.4425,277.9745,-0.0008,0.0021,-0.0274,1.3191,-0.0311,-4703.0645,-28634.4102,25.0109,1
-4703.1636,-28634.3926,24.9425,-4973.3110,-28707.2383,21.9576,-4701.8198,-28633.8105,23.3355,281.2458,-0.0020,0.0009,-0.0273,1.3189,-0.0310,-4703.0264,-28634.3965,24.9344,1
-4703.1636,-28634.3926,24.9425,-4973.1919,-28707.4082,21.9576,-4702.2070,-28633.9902,23.7318,280.7561,-0.0019,0.0011,-0.0270,1.3179,-0.0307,-4703.0039,-28634.3887,24.8735,1
-4703.1636,-28634.3926,24.9425,-4973.0737,-28707.5762,21.9576,-4701.3633,-28632.7344,26.3851,281.8555,-0.0024,0.0026,-0.0268,1.3171,-0.0305,-4702.9360,-28634.3184,24.9426,1
-4703.1636,-28634.3926,24.9425,-4972.9565,-28707.7402,21.9577,-4704.7046,-28636.1777,25.4381,277.6482,-0.0010,0.0021,-0.0266,1.3161,-0.0302,-4703.0312,-28634.4141,24.9681,1
-4703.1636,-28634.3926,24.9425,-4972.8403,-28707.9062,21.9577,-4702.4644,-28633.8184,23.8455,280.3451,-0.0020,0.0012,-0.0264,1.3155,-0.0301,-4703.0176,-28634.3965,24.9150,1
-4703.1636,-28634.3926,24.9425,-4972.7251,-28708.0684,21.9577,-4702.3887,-28633.5273,23.7293,280.4269,-0.0021,0.0011,-0.0262,1.3148,-0.0299,-4702.9985,-28634.3633,24.8535,1
-4703.1636,-28634.3926,24.9425,-4972.6108,-28708.2305,21.9578,-4701.5181,-28632.3555,26.3815,281.5367,-0.0026,0.0026,-0.0260,1.3138,-0.0296,-4702.9336,-28634.2676,24.9220,1
-4703.1636,-28634.3926,24.9425,-4972.4976,-28708.3906,21.9578,-4704.7900,-28636.0137,25.4376,277.3336,-0.0011,0.0021,-0.0259,1.3136,-0.0295,-4703.0283,-28634.3496,24.9472,1
-4703.1636,-28634.3926,24.9425,-4972.3853,-28708.5488,21.9578,-4703.6426,-28634.6621,24.5869,278.7215,-0.0017,0.0016,-0.0258,1.3129,-0.0293,-4703.0698,-28634.3691,24.9310,1
-4703.1636,-28634.3926,24.9425,-4972.2739,-28708.7070,21.9579,-4702.5098,-28633.2891,23.7271,280.1096,-0.0022,0.0011,-0.0256,1.3121,-0.0291,-4703.0557,-28634.3203,24.8710,1
-4703.1636,-28634.3926,24.9425,-4972.1636,-28708.8633,21.9579,-4700.7324,-28635.3750,26.3506,281.2293,-0.0008,0.0026,-0.0253,1.3111,-0.0289,-4702.9502,-28634.3750,24.9394,1
-4703.1636,-28634.3926,24.9425,-4972.0542,-28709.0176,21.9579,-4704.9360,-28635.6309,25.4345,277.0302,-0.0013,0.0021,-0.0253,1.3109,-0.0288,-4703.0493,-28634.4414,24.9656,1
-4703.1636,-28634.3926,24.9425,-4971.9453,-28709.1719,21.9580,-4703.7993,-28634.2734,24.5848,278.4167,-0.0019,0.0016,-0.0251,1.3102,-0.0286,-4703.0962,-28634.4453,24.9504,1
-4703.1636,-28634.3926,24.9425,-4971.8379,-28709.3242,21.9580,-4702.6821,-28632.8750,23.7257,279.8035,-0.0025,0.0011,-0.0249,1.3093,-0.0284,-4703.0884,-28634.3770,24.8911,1
-4703.1636,-28634.3926,24.9425,-4971.7310,-28709.4746,21.9580,-4700.8799,-28634.9863,26.3471,280.9327,-0.0010,0.0026,-0.0246,1.3083,-0.0281,-4702.9888,-28634.4102,24.9601,1
-4703.1636,-28634.3926,24.9425,-4971.6250,-28709.6250,21.9581,-4705.1108,-28635.1543,25.4310,276.7374,-0.0015,0.0021,-0.0245,1.3077,-0.0280,-4703.0947,-28634.4531,24.9867,1
-4703.1636,-28634.3926,24.9425,-4971.5205,-28709.7734,21.9581,-4703.9829,-28633.7988,24.5830,278.1227,-0.0021,0.0016,-0.0243,1.3070,-0.0278,-4703.1494,-28634.4297,24.9719,1
-4703.1636,-28634.3926,24.9425,-4971.4160,-28709.9199,21.9581,-4700.5962,-28632.2559,25.5462,281.7519,-0.0023,0.0021,-0.0241,1.3061,-0.0276,-4703.0366,-28634.3262,25.0040,1
-4703.1636,-28634.3926,24.9425,-4971.3130,-28710.0664,21.9582,-4700.9619,-28634.8438,26.3461,280.6465,-0.0011,0.0026,-0.0241,1.3059,-0.0275,-4702.9351,-28634.3477,25.0772,1
-4703.1636,-28634.3926,24.9425,-4971.2109,-28710.2109,21.9582,-4703.0435,-28636.4766,26.1508,278.1429,-0.0005,0.0025,-0.0239,1.3053,-0.0273,-4702.9326,-28634.4531,25.1433,1
-4703.1636,-28634.3926,24.9425,-4971.1094,-28710.3535,21.9582,-4704.0742,-28633.6543,24.5803,277.8390,-0.0022,0.0016,-0.0237,1.3046,-0.0271,-4702.9829,-28634.4219,25.1326,1
-4703.1636,-28634.3926,24.9425,-4971.0088,-28710.4961,21.9583,-4702.0239,-28635.5840,23.6972,279.2233,-0.0007,0.0011,-0.0235,1.3036,-0.0269,-4702.9331,-28634.4844,25.0755,1
-4703.1636,-28634.3926,24.9425,-4970.9092,-28710.6367,21.9583,-4701.1089,-28634.4746,26.3423,280.3702,-0.0013,0.0026,-0.0234,1.3034,-0.0268,-4702.8359,-28634.4941,25.1467,1
-4703.1636,-28634.3926,24.9425,-4970.8101,-28710.7773,21.9583,-4705.3403,-28634.6582,25.4264,276.1822,-0.0018,0.0021,-0.0233,1.3028,-0.0266,-4702.9463,-28634.5117,25.1745,1
-4703.1636,-28634.3926,24.9425,-4970.7119,-28710.9160,21.9584,-4704.2393,-28633.2578,24.5778,277.5651,-0.0024,0.0016,-0.0231,1.3020,-0.0264,-4703.0083,-28634.4590,25.1597,1
-4703.1636,-28634.3926,24.9425,-4970.6147,-28711.0527,21.9584,-4702.1851,-28635.1797,23.6962,278.9482,-0.0009,0.0011,-0.0229,1.3010,-0.0262,-4702.9702,-28634.5000,25.0987,1
-4703.1636,-28634.3926,24.9425,-4970.5186,-28711.1895,21.9584,-4701.2837,-28634.0137,26.3378,280.1034,-0.0014,0.0026,-0.0228,1.3005,-0.0261,-4702.8853,-28634.4844,25.1658,1
-4703.1636,-28634.3926,24.9425,-4970.4219,-28711.3262,21.9586,-4705.4790,-28634.3320,25.4496,275.9188,-0.0020,0.0021,-0.0219,1.3003,-0.0250,-4703.0063,-28634.4824,25.1909,1
-4703.1636,-28634.3926,24.9425,-4970.3247,-28711.4629,21.9592,-4703.4175,-28636.2832,24.6462,277.3006,-0.0005,0.0016,-0.0195,1.2996,-0.0223,-4703.0308,-28634.5762,25.1760,1
-4703.1636,-28634.3926,24.9425,-4970.2256,-28711.6035,21.9602,-4702.2627,-28635.0664,23.9142,278.6825,-0.0011,0.0011,-0.0154,1.2994,-0.0175,-4702.9980,-28634.6152,25.1225,1
-4703.1636,-28634.3926,24.9425,-4970.1245,-28711.7461,21.9618,-4701.4268,-28633.6680,26.5103,279.8411,-0.0018,0.0024,-0.0093,1.2990,-0.0105,-4702.9219,-28634.5820,25.1955,1
-4703.1636,-28634.3926,24.9425,-4970.0200,-28711.8945,21.9640,-4705.6558,-28633.8652,25.8132,275.6599,-0.0023,0.0019,-0.0016,1.2983,-0.0016,-4703.0527,-28634.5586,25.2366,1
-4703.1636,-28634.3926,24.9425,-4969.9131,-28712.0449,21.9667,-4703.5874,-28635.7949,25.2321,277.0405,-0.0009,0.0014,0.0075,1.2974,0.0089,-4703.0874,-28634.6270,25.2494,1
-4703.1636,-28634.3926,24.9425,-4969.8022,-28712.2012,21.9699,-4702.4243,-28634.5977,24.6682,278.4214,-0.0014,0.0009,0.0173,1.2972,0.0202,-4703.0640,-28634.6387,25.2333,1
-4703.1636,-28634.3926,24.9425,-4969.6885,-28712.3633,21.9733,-4701.5713,-28633.3047,26.6183,279.5623,-0.0020,0.0019,0.0273,1.2967,0.0317,-4702.9966,-28634.5859,25.3127,1
-4703.1636,-28634.3926,24.9425,-4969.5708,-28712.5293,21.9768,-4704.8110,-28636.8633,26.0087,275.3846,-0.0006,0.0014,0.0371,1.2959,0.0430,-4703.0869,-28634.7070,25.3642,1
-4703.1636,-28634.3926,24.9425,-4969.4497,-28712.7012,21.9802,-4703.6289,-28635.7109,25.4272,276.7641,-0.0011,0.0009,0.0464,1.2957,0.0537,-4703.1221,-28634.7754,25.3872,1
-4703.1636,-28634.3926,24.9425,-4969.3247,-28712.8770,21.9840,-4702.4692,-28634.4883,24.8215,278.1437,-0.0017,0.0004,0.0552,1.2952,0.0639,-4703.1006,-28634.7832,25.3790,1
-4703.1636,-28634.3926,24.9425,-4969.1963,-28713.0586,21.9886,-4701.7178,-28632.9316,26.5501,279.2550,-0.0024,0.0012,0.0637,1.2945,0.0737,-4703.0391,-28634.7109,25.4549,1
-4703.1636,-28634.3926,24.9425,-4969.0654,-28713.2441,21.9937,-4704.9297,-28636.5098,25.9124,275.0813,-0.0010,0.0007,0.0714,1.2935,0.0827,-4703.1348,-28634.8125,25.5005,1
-4703.1636,-28634.3926,24.9425,-4968.9316,-28713.4336,21.9989,-4702.3003,-28634.0801,25.6233,278.2108,-0.0020,0.0004,0.0782,1.2933,0.0905,-4703.1030,-28634.7969,25.5315,1
-4703.1636,-28634.3926,24.9425,-4968.7959,-28713.6250,22.0041,-4702.5771,-28634.1582,24.5289,277.8379,-0.0021,-0.0003,0.0834,1.2928,0.0966,-4703.0830,-28634.7812,25.5067,1
-4703.1636,-28634.3926,24.9425,-4968.6587,-28713.8203,22.0087,-4701.8711,-28632.5566,26.3743,278.9209,-0.0028,0.0007,0.0870,1.2920,0.1008,-4703.0259,-28634.6836,25.5705,1
-4703.1636,-28634.3926,24.9425,-4968.5205,-28714.0156,22.0126,-4702.4429,-28635.6367,25.5149,277.4027,-0.0014,0.0002,0.0892,1.2919,0.1032,-4702.9946,-28634.7344,25.5921,1
-4703.1636,-28634.3926,24.9425,-4968.3813,-28714.2129,22.0155,-4702.4888,-28633.2500,24.9008,277.9609,-0.0028,-0.0002,0.0895,1.2915,0.1037,-4702.9644,-28634.6680,25.5816,1
-4703.1636,-28634.3926,24.9425,-4968.2417,-28714.4102,22.0171,-4702.6704,-28633.9316,23.7861,277.5052,-0.0025,-0.0008,0.0882,1.2910,0.1021,-4702.9424,-28634.6328,25.5125,1
-4703.1636,-28634.3926,24.9425,-4968.1021,-28714.6094,22.0173,-4701.0215,-28635.5195,26.2438,278.5747,-0.0013,0.0006,0.0852,1.2902,0.0986,-4702.8374,-28634.6738,25.5610,1
-4703.1636,-28634.3926,24.9425,-4967.9614,-28714.8066,22.0161,-4705.1338,-28635.9844,25.1613,274.4099,-0.0019,0.0001,0.0807,1.2903,0.0934,-4702.9346,-28634.7402,25.5565,1
-4703.1636,-28634.3926,24.9425,-4967.8213,-28715.0059,22.0135,-4703.9902,-28634.7188,24.0906,275.7852,-0.0024,-0.0004,0.0745,1.2898,0.0863,-4702.9805,-28634.7461,25.4966,1
-4703.1636,-28634.3926,24.9425,-4967.6812,-28715.2051,22.0093,-4702.8667,-28633.4180,22.9659,277.1606,-0.0030,-0.0009,0.0668,1.2892,0.0773,-4702.9731,-28634.6875,25.3765,1
-4703.1636,-28634.3926,24.9425,-4967.5410,-28715.4043,22.0038,-4701.1743,-28635.1250,26.0276,278.2267,-0.0017,0.0010,0.0575,1.2884,0.0666,-4702.8809,-28634.7109,25.4034,1
-4703.1636,-28634.3926,24.9425,-4967.4014,-28715.6016,21.9969,-4705.3208,-28635.4785,24.7746,274.0666,-0.0022,0.0005,0.0469,1.2880,0.0543,-4702.9922,-28634.7520,25.3695,1
-4703.1636,-28634.3926,24.9425,-4967.2617,-28715.7988,21.9888,-4704.2173,-28634.1113,23.5441,275.4403,-0.0028,0.0000,0.0349,1.2871,0.0404,-4703.0542,-28634.7266,25.2727,1
-4703.1636,-28634.3926,24.9425,-4967.1226,-28715.9961,21.9795,-4703.1274,-28632.7383,22.2740,276.8142,-0.0034,-0.0005,0.0217,1.2863,0.0252,-4703.0645,-28634.6309,25.1086,1
-4703.1636,-28634.3926,24.9425,-4966.9844,-28716.1934,21.9707,-4701.2803,-28634.9043,25.8900,277.8823,-0.0019,0.0018,0.0084,1.2858,0.0097,-4702.9824,-28634.6387,25.1194,1
-4703.1636,-28634.3926,24.9425,-4966.8467,-28716.3887,21.9635,-4705.4385,-28635.2246,24.6069,273.7267,-0.0024,0.0013,-0.0043,1.2851,-0.0049,-4703.1035,-28634.6641,25.0693,1
-4703.1636,-28634.3926,24.9425,-4966.7104,-28716.5820,21.9578,-4704.3452,-28633.8574,23.4208,275.0989,-0.0030,0.0008,-0.0158,1.2841,-0.0183,-4703.1758,-28634.6211,24.9601,1
-4703.1636,-28634.3926,24.9425,-4966.5757,-28716.7734,21.9533,-4702.2490,-28635.7285,22.2414,276.4713,-0.0015,0.0003,-0.0259,1.2829,-0.0300,-4703.1455,-28634.6719,24.7897,1
-4703.1636,-28634.3926,24.9425,-4966.4424,-28716.9609,21.9500,-4701.4482,-28634.5039,26.0264,277.5475,-0.0021,0.0026,-0.0345,1.2820,-0.0399,-4703.0723,-28634.6621,24.8043,1
-4703.1636,-28634.3926,24.9425,-4966.3110,-28717.1484,21.9475,-4705.6284,-28634.7754,24.9283,273.3964,-0.0027,0.0021,-0.0414,1.2811,-0.0478,-4703.2031,-28634.6680,24.7694,1
-4703.1636,-28634.3926,24.9425,-4966.1807,-28717.3340,21.9459,-4704.5693,-28633.3359,23.9439,274.7671,-0.0032,0.0016,-0.0465,1.2799,-0.0537,-4703.2871,-28634.5996,24.6879,1
-4703.1636,-28634.3926,24.9425,-4966.0522,-28717.5156,21.9451,-4702.4883,-28635.1289,22.9335,276.1380,-0.0018,0.0011,-0.0502,1.2785,-0.0581,-4703.2690,-28634.6191,24.5561,1
-4703.1636,-28634.3926,24.9425,-4965.9253,-28717.6973,21.9452,-4702.5366,-28635.6523,24.1327,275.8740,-0.0015,0.0019,-0.0530,1.2776,-0.0614,-4703.2505,-28634.6680,24.4828,1
-4703.1636,-28634.3926,24.9425,-4965.7998,-28717.8750,21.9460,-4705.8135,-28634.3613,25.2529,273.0823,-0.0028,0.0025,-0.0549,1.2765,-0.0635,-4703.3931,-28634.6523,24.4674,1
-4703.1636,-28634.3926,24.9425,-4965.6758,-28718.0508,21.9471,-4703.7295,-28636.1621,24.3362,274.4516,-0.0013,0.0020,-0.0558,1.2753,-0.0645,-4703.4365,-28634.7266,24.4109,1
-4703.1636,-28634.3926,24.9425,-4965.5522,-28718.2266,21.9486,-4702.6504,-28634.7969,23.5211,275.8211,-0.0019,0.0015,-0.0552,1.2746,-0.0639,-4703.4253,-28634.7363,24.3161,1
-4703.1636,-28634.3926,24.9425,-4965.4282,-28718.4023,21.9505,-4701.7832,-28633.7500,26.3582,276.9268,-0.0023,0.0031,-0.0526,1.2737,-0.0608,-4703.3672,-28634.6953,24.3639,1
-4703.1636,-28634.3926,24.9425,-4965.3032,-28718.5801,21.9526,-4702.0762,-28634.3438,24.7095,276.3841,-0.0020,0.0021,-0.0473,1.2728,-0.0547,-4703.3188,-28634.6797,24.3368,1
-4703.1636,-28634.3926,24.9425,-4965.1768,-28718.7598,21.9548,-4703.9004,-28635.7617,24.9672,274.1519,-0.0014,0.0021,-0.0393,1.2716,-0.0454,-4703.3579,-28634.7324,24.3259,1
-4703.1636,-28634.3926,24.9425,-4965.0479,-28718.9434,21.9570,-4702.8315,-28634.3809,24.4512,275.5201,-0.0020,0.0016,-0.0284,1.2709,-0.0328,-4703.3442,-28634.7207,24.2929,1
-4703.1636,-28634.3926,24.9425,-4964.9160,-28719.1289,21.9597,-4701.9268,-28633.4434,26.6490,276.6267,-0.0023,0.0026,-0.0156,1.2703,-0.0179,-4703.2837,-28634.6602,24.3722,1
-4703.1636,-28634.3926,24.9425,-4964.7812,-28719.3203,21.9634,-4700.8862,-28631.9941,26.2015,277.9936,-0.0029,0.0021,-0.0019,1.2693,-0.0020,-4703.1670,-28634.5254,24.4366,1
-4703.1636,-28634.3926,24.9425,-4964.6431,-28719.5176,21.9678,-4701.7598,-28633.5918,26.7075,276.6034,-0.0022,0.0022,0.0118,1.2687,0.0141,-4703.0889,-28634.4629,24.5319,1
-4703.1636,-28634.3926,24.9425,-4964.5015,-28719.7188,21.9726,-4702.8696,-28634.3535,25.2360,275.2213,-0.0020,0.0011,0.0252,1.2679,0.0296,-4703.0630,-28634.4395,24.5597,1
-4703.1636,-28634.3926,24.9425,-4964.3560,-28719.9258,21.9775,-4702.0967,-28633.0430,26.6074,276.3089,-0.0026,0.0017,0.0376,1.2669,0.0440,-4702.9990,-28634.3496,24.6581,1
-4703.1636,-28634.3926,24.9425,-4964.2070,-28720.1367,21.9822,-4700.6602,-28634.1602,26.6027,277.2494,-0.0017,0.0015,0.0487,1.2660,0.0570,-4702.8618,-28634.3125,24.7611,1
-4703.1636,-28634.3926,24.9425,-4964.0542,-28720.3535,21.9874,-4704.0430,-28635.4590,25.5007,273.5394,-0.0017,0.0007,0.0590,1.2653,0.0689,-4702.8901,-28634.3438,24.8130,1
-4703.1636,-28634.3926,24.9425,-4963.8979,-28720.5762,21.9936,-4702.9390,-28634.1758,24.9194,274.9049,-0.0022,0.0002,0.0686,1.2644,0.0802,-4702.8667,-28634.3145,24.8367,1
-4703.1636,-28634.3926,24.9425,-4963.7388,-28720.8027,22.0004,-4702.2471,-28632.7090,26.4675,275.9647,-0.0029,0.0010,0.0772,1.2633,0.0903,-4702.8110,-28634.2109,24.9370,1
-4703.1636,-28634.3926,24.9425,-4963.5771,-28721.0332,22.0074,-4700.0771,-28634.6348,25.9086,277.3287,-0.0015,0.0005,0.0846,1.2621,0.0989,-4702.6465,-28634.2031,25.0121,1
-4703.1636,-28634.3926,24.9425,-4963.4136,-28721.2656,22.0141,-4704.1943,-28635.0508,25.1450,273.1983,-0.0020,-0.0000,0.0904,1.2611,0.1057,-4702.6831,-28634.2168,25.0497,1
-4703.1636,-28634.3926,24.9425,-4963.2490,-28721.5000,22.0202,-4703.0908,-28633.7734,24.3898,274.5623,-0.0026,-0.0005,0.0946,1.2602,0.1106,-4702.6704,-28634.1719,25.0481,1
-4703.1636,-28634.3926,24.9425,-4963.0835,-28721.7344,22.0253,-4701.3169,-28635.6172,26.3693,275.6008,-0.0012,0.0005,0.0971,1.2591,0.1135,-4702.5718,-28634.2188,25.1423,1
-4703.1636,-28634.3926,24.9425,-4962.9170,-28721.9727,22.0292,-4701.7202,-28634.6328,23.5358,275.4194,-0.0019,-0.0011,0.0979,1.2584,0.1145,-4702.4917,-28634.2207,25.0962,1
-4703.1636,-28634.3926,24.9425,-4962.7505,-28722.2090,22.0315,-4704.2900,-28634.8496,24.5426,272.8376,-0.0023,-0.0005,0.0971,1.2578,0.1135,-4702.5405,-28634.2363,25.0950,1
-4703.1636,-28634.3926,24.9425,-4962.5835,-28722.4473,22.0325,-4703.1973,-28633.5625,23.5775,274.2000,-0.0029,-0.0010,0.0946,1.2570,0.1106,-4702.5410,-28634.1895,25.0428,1
-4703.1636,-28634.3926,24.9425,-4962.4165,-28722.6836,22.0322,-4701.4727,-28635.2461,26.1432,275.2318,-0.0016,0.0005,0.0905,1.2561,0.1058,-4702.4585,-28634.2266,25.1142,1
-4703.1636,-28634.3926,24.9425,-4962.2490,-28722.9219,22.0303,-4700.3555,-28634.0059,25.0890,276.5926,-0.0021,0.0000,0.0850,1.2556,0.0994,-4702.3188,-28634.2031,25.1344,1
-4703.1636,-28634.3926,24.9425,-4962.0825,-28723.1602,22.0268,-4704.4458,-28634.5039,23.9555,272.4720,-0.0027,-0.0005,0.0781,1.2551,0.0913,-4702.3813,-28634.2051,25.0968,1
-4703.1636,-28634.3926,24.9425,-4961.9155,-28723.3965,22.0215,-4703.3765,-28633.1758,22.8255,273.8327,-0.0032,-0.0010,0.0699,1.2544,0.0817,-4702.3975,-28634.1445,24.9988,1
-4703.1636,-28634.3926,24.9425,-4961.7495,-28723.6328,22.0144,-4701.5747,-28635.0508,25.9573,274.8656,-0.0019,0.0010,0.0604,1.2541,0.0706,-4702.3276,-28634.1738,25.0514,1
-4703.1636,-28634.3926,24.9425,-4961.5840,-28723.8691,22.0056,-4701.4668,-28633.7598,23.0080,275.2859,-0.0027,-0.0005,0.0495,1.2536,0.0578,-4702.2524,-28634.1406,24.9585,1
-4703.1636,-28634.3926,24.9425,-4961.4185,-28724.1055,21.9955,-4704.4502,-28634.7969,23.5557,272.0497,-0.0027,0.0000,0.0372,1.2529,0.0434,-4702.3257,-28634.1602,24.8878,1
-4703.1636,-28634.3926,24.9425,-4961.2544,-28724.3398,21.9843,-4702.4058,-28636.1270,22.2536,273.4682,-0.0015,-0.0005,0.0237,1.2520,0.0276,-4702.3042,-28634.2500,24.7490,1
-4703.1636,-28634.3926,24.9425,-4961.0903,-28724.5723,21.9738,-4701.7397,-28634.6875,25.8245,274.5063,-0.0023,0.0018,0.0100,1.2514,0.0116,-4702.2505,-28634.2715,24.7831,1
-4703.1636,-28634.3926,24.9425,-4960.9282,-28724.8047,21.9650,-4700.6685,-28633.3652,24.5958,275.8639,-0.0028,0.0013,-0.0031,1.2506,-0.0036,-4702.1436,-28634.2266,24.7593,1
-4703.1636,-28634.3926,24.9425,-4960.7676,-28725.0332,21.9579,-4704.7861,-28633.8047,23.3790,271.7530,-0.0034,0.0008,-0.0151,1.2495,-0.0176,-4702.2407,-28634.2031,24.6750,1
-4703.1636,-28634.3926,24.9425,-4960.6084,-28725.2598,21.9525,-4702.6367,-28635.5898,22.2088,273.1105,-0.0019,0.0003,-0.0256,1.2482,-0.0299,-4702.2383,-28634.2676,24.5300,1
-4703.1636,-28634.3926,24.9425,-4960.4507,-28725.4844,21.9483,-4702.3921,-28635.6328,25.0418,273.2642,-0.0019,0.0021,-0.0345,1.2472,-0.0403,-4702.2251,-28634.3379,24.5222,1
-4703.1636,-28634.3926,24.9425,-4960.2954,-28725.7070,21.9453,-4700.8945,-28632.8906,24.9270,275.5153,-0.0031,0.0021,-0.0417,1.2461,-0.0487,-4702.1392,-28634.2734,24.5117,1
-4703.1636,-28634.3926,24.9425,-4960.1416,-28725.9258,21.9432,-4703.8804,-28636.5254,23.8451,271.4089,-0.0016,0.0016,-0.0471,1.2449,-0.0550,-4702.2002,-28634.3867,24.4497,1
-4703.1636,-28634.3926,24.9425,-4959.9897,-28726.1426,21.9422,-4702.8306,-28635.1973,22.8980,272.7650,-0.0022,0.0011,-0.0513,1.2441,-0.0599,-4702.2144,-28634.4395,24.3404,1
-4703.1636,-28634.3926,24.9425,-4959.8389,-28726.3574,21.9426,-4702.1011,-28633.9336,26.1521,273.8304,-0.0028,0.0030,-0.0538,1.2431,-0.0628,-4702.1943,-28634.4297,24.3921,1
-4703.1636,-28634.3926,24.9425,-4959.6880,-28726.5742,21.9441,-4701.1016,-28632.4824,25.3238,275.1850,-0.0033,0.0025,-0.0541,1.2420,-0.0632,-4702.1250,-28634.3457,24.4086,1
-4703.1636,-28634.3926,24.9425,-4959.5361,-28726.7891,21.9464,-4704.0928,-28636.0566,24.4495,271.0831,-0.0019,0.0020,-0.0519,1.2407,-0.0606,-4702.2036,-28634.4355,24.3851,1
-4703.1636,-28634.3926,24.9425,-4959.3833,-28727.0078,21.9493,-4703.0674,-28634.6836,23.7675,272.4377,-0.0025,0.0015,-0.0471,1.2399,-0.0550,-4702.2363,-28634.4609,24.3290,1
-4703.1636,-28634.3926,24.9425,-4959.2280,-28727.2285,21.9524,-4702.2646,-28633.6113,26.4370,273.5125,-0.0029,0.0029,-0.0395,1.2392,-0.0460,-4702.2310,-28634.4316,24.4064,1
-4703.1636,-28634.3926,24.9425,-4959.0713,-28727.4531,21.9555,-4705.2012,-28635.6465,26.9059,269.9958,-0.0023,0.0031,-0.0290,1.2382,-0.0337,-4702.3735,-28634.5020,24.5135,1
-4703.1636,-28634.3926,24.9425,-4958.9111,-28727.6816,21.9590,-4704.1938,-28635.8848,25.3252,270.7680,-0.0020,0.0019,-0.0167,1.2375,-0.0193,-4702.4727,-28634.5859,24.5482,1
-4703.1636,-28634.3926,24.9425,-4958.7480,-28727.9141,21.9632,-4703.1636,-28634.5293,24.8599,272.1212,-0.0026,0.0014,-0.0036,1.2367,-0.0040,-4702.5234,-28634.6035,24.5618,1
-4703.1636,-28634.3926,24.9425,-4958.5820,-28728.1523,21.9679,-4704.0752,-28636.1504,23.7397,270.6288,-0.0019,0.0006,0.0094,1.2357,0.0113,-4702.6211,-28634.7012,24.5201,1
-4703.1636,-28634.3926,24.9425,-4958.4131,-28728.3926,21.9728,-4700.2842,-28634.9688,26.0703,274.5395,-0.0017,0.0017,0.0214,1.2343,0.0254,-4702.5312,-28634.7441,24.5932,1
-4703.1636,-28634.3926,24.9425,-4958.2422,-28728.6367,21.9774,-4704.3560,-28635.5078,25.4470,270.4460,-0.0023,0.0012,0.0317,1.2334,0.0375,-4702.6382,-28634.8105,24.6389,1
-4703.1636,-28634.3926,24.9425,-4958.0688,-28728.8848,21.9814,-4703.8887,-28633.3770,24.9387,271.5450,-0.0034,0.0008,0.0398,1.2324,0.0470,-4702.7251,-28634.7715,24.6609,1
-4703.1636,-28634.3926,24.9425,-4957.8945,-28729.1328,21.9854,-4702.6289,-28632.8555,26.3314,272.8476,-0.0034,0.0015,0.0458,1.2312,0.0541,-4702.7505,-28634.7031,24.7528,1
-4703.1636,-28634.3926,24.9425,-4957.7192,-28729.3828,21.9895,-4701.1958,-28632.5645,26.5214,274.2185,-0.0033,0.0015,0.0500,1.2302,0.0591,-4702.7026,-28634.6113,24.8575,1
-4703.1636,-28634.3926,24.9425,-4957.5430,-28729.6348,21.9933,-4704.4502,-28635.3164,24.8088,270.1090,-0.0025,0.0005,0.0525,1.2293,0.0620,-4702.8120,-28634.6543,24.8797,1
-4703.1636,-28634.3926,24.9425,-4957.3662,-28729.8867,21.9964,-4703.4219,-28633.9766,23.9669,271.4593,-0.0030,-0.0000,0.0533,1.2283,0.0629,-4702.8726,-28634.6289,24.8583,1
-4703.1636,-28634.3926,24.9425,-4957.1895,-28730.1406,21.9985,-4701.5630,-28635.8184,26.1944,272.5007,-0.0017,0.0013,0.0525,1.2276,0.0620,-4702.8403,-28634.6953,24.9449,1
-4703.1636,-28634.3926,24.9425,-4957.0127,-28730.3926,21.9994,-4700.5005,-28634.5488,25.2662,273.8495,-0.0022,0.0008,0.0503,1.2269,0.0594,-4702.7500,-28634.7012,24.9870,1
-4703.1636,-28634.3926,24.9425,-4956.8359,-28730.6445,21.9988,-4704.5469,-28635.1504,24.2529,269.7653,-0.0028,0.0003,0.0468,1.2261,0.0552,-4702.8550,-28634.7344,24.9777,1
-4703.1636,-28634.3926,24.9425,-4956.6597,-28730.8965,21.9968,-4703.5542,-28633.7422,23.2489,271.1139,-0.0033,-0.0002,0.0419,1.2250,0.0495,-4702.9141,-28634.6973,24.9151,1
-4703.1636,-28634.3926,24.9425,-4956.4839,-28731.1484,21.9933,-4701.7715,-28635.3496,26.0197,272.1567,-0.0020,0.0015,0.0358,1.2238,0.0423,-4702.8838,-28634.7383,24.9858,1
-4703.1636,-28634.3926,24.9425,-4956.3091,-28731.3984,21.9885,-4702.4316,-28634.2207,23.2264,271.8433,-0.0028,-0.0000,0.0286,1.2226,0.0338,-4702.8828,-28634.7246,24.9185,1
-4703.1636,-28634.3926,24.9425,-4956.1343,-28731.6484,21.9822,-4704.8384,-28634.5020,23.8341,269.4242,-0.0031,0.0005,0.0202,1.2216,0.0240,-4702.9995,-28634.7227,24.8764,1
-4703.1636,-28634.3926,24.9425,-4955.9604,-28731.8965,21.9759,-4703.8604,-28633.0938,22.7458,270.7713,-0.0037,-0.0000,0.0115,1.2205,0.0137,-4703.0713,-28634.6504,24.7769,1
-4703.1636,-28634.3926,24.9425,-4955.7876,-28732.1445,21.9703,-4701.8823,-28635.1582,25.9393,271.8204,-0.0022,0.0020,0.0029,1.2197,0.0036,-4703.0439,-28634.6758,24.8318,1
-4703.1636,-28634.3926,24.9425,-4955.6162,-28732.3887,21.9656,-4700.8687,-28633.8105,24.8768,273.1660,-0.0028,0.0015,-0.0053,1.2188,-0.0060,-4702.9619,-28634.6348,24.8364,1
-4703.1636,-28634.3926,24.9425,-4955.4468,-28732.6328,21.9618,-4704.9390,-28634.3770,23.8040,269.0909,-0.0033,0.0010,-0.0127,1.2177,-0.0148,-4703.0767,-28634.6211,24.7874,1
-4703.1636,-28634.3926,24.9425,-4955.2783,-28732.8730,21.9587,-4702.7559,-28636.0801,22.7749,270.4366,-0.0019,0.0005,-0.0193,1.2163,-0.0225,-4703.0859,-28634.6914,24.6844,1
-4703.1636,-28634.3926,24.9425,-4955.1118,-28733.1113,21.9563,-4701.7407,-28635.3242,25.7235,271.6047,-0.0021,0.0023,-0.0250,1.2154,-0.0291,-4703.0425,-28634.7266,24.7244,1
-4703.1636,-28634.3926,24.9425,-4954.9468,-28733.3477,21.9546,-4701.1016,-28633.3535,25.0738,272.8410,-0.0030,0.0019,-0.0295,1.2142,-0.0345,-4702.9629,-28634.6660,24.7350,1
-4703.1636,-28634.3926,24.9425,-4954.7837,-28733.5801,21.9534,-4705.1929,-28633.8809,24.1157,268.7702,-0.0036,0.0014,-0.0330,1.2129,-0.0385,-4703.0820,-28634.6270,24.6988,1
-4703.1636,-28634.3926,24.9425,-4954.6226,-28733.8125,21.9527,-4703.0288,-28635.5137,23.1795,270.1144,-0.0021,0.0009,-0.0354,1.2114,-0.0414,-4703.0981,-28634.6680,24.6147,1
-4703.1636,-28634.3926,24.9425,-4954.4629,-28734.0410,21.9526,-4702.2603,-28634.4160,26.1168,271.1897,-0.0026,0.0027,-0.0370,1.2103,-0.0433,-4703.0742,-28634.6562,24.6745,1
-4703.1636,-28634.3926,24.9425,-4954.3047,-28734.2656,21.9531,-4701.3145,-28632.9609,25.2728,272.5326,-0.0031,0.0022,-0.0381,1.2092,-0.0446,-4703.0005,-28634.5723,24.6964,1
-4703.1636,-28634.3926,24.9425,-4954.1484,-28734.4902,21.9540,-4704.1660,-28636.6133,24.3435,268.4658,-0.0017,0.0017,-0.0386,1.2078,-0.0451,-4703.0645,-28634.6660,24.6735,1
-4703.1636,-28634.3926,24.9425,-4953.9937,-28734.7109,21.9552,-4703.1948,-28635.2305,23.5294,269.8087,-0.0023,0.0012,-0.0386,1.2069,-0.0451,-4703.0820,-28634.6953,24.6094,1
-4703.1636,-28634.3926,24.9425,-4953.8403,-28734.9316,21.9565,-4702.8496,-28635.6777,23.4587,269.9035,-0.0019,0.0011,-0.0381,1.2060,-0.0445,-4703.0820,-28634.7500,24.5396,1
-4703.1636,-28634.3926,24.9425,-4953.6890,-28735.1484,21.9578,-4704.6479,-28636.7129,25.3962,267.8032,-0.0017,0.0023,-0.0371,1.2048,-0.0434,-4703.1709,-28634.8574,24.5648,1
-4703.1636,-28634.3926,24.9425,-4953.5386,-28735.3633,21.9590,-4704.3599,-28636.2383,24.5020,268.1773,-0.0018,0.0017,-0.0357,1.2034,-0.0417,-4703.2480,-28634.9434,24.5481,1
-4703.1636,-28634.3926,24.9425,-4953.3901,-28735.5762,21.9601,-4703.4150,-28634.8184,23.7290,269.5189,-0.0024,0.0012,-0.0340,1.2024,-0.0397,-4703.2803,-28634.9629,24.4934,1
-4703.1636,-28634.3926,24.9425,-4953.2427,-28735.7871,21.9610,-4702.6372,-28633.7090,26.2084,270.6220,-0.0028,0.0026,-0.0320,1.2013,-0.0373,-4703.2720,-28634.9238,24.5616,1
-4703.1636,-28634.3926,24.9425,-4953.0972,-28735.9941,21.9617,-4701.7397,-28632.1934,25.4404,271.9624,-0.0034,0.0021,-0.0296,1.2001,-0.0346,-4703.2163,-28634.8047,24.5962,1
-4703.1636,-28634.3926,24.9425,-4952.9526,-28736.2012,21.9622,-4701.7539,-28633.2500,24.3880,271.4825,-0.0028,0.0015,-0.0270,1.1993,-0.0316,-4703.1567,-28634.7324,24.5807,1
-4703.1636,-28634.3926,24.9425,-4952.8096,-28736.4062,21.9627,-4703.5737,-28634.5625,23.8128,269.2435,-0.0025,0.0011,-0.0245,1.1983,-0.0286,-4703.1846,-28634.7207,24.5363,1
-4703.1636,-28634.3926,24.9425,-4952.6675,-28736.6094,21.9635,-4702.8013,-28633.4258,26.1972,270.3582,-0.0030,0.0025,-0.0221,1.1975,-0.0258,-4703.1738,-28634.6543,24.6096,1
-4703.1636,-28634.3926,24.9425,-4952.5264,-28736.8105,21.9644,-4700.5649,-28635.1895,25.3837,271.6975,-0.0015,0.0020,-0.0201,1.1967,-0.0235,-4703.0498,-28634.6699,24.6466,1
-4703.1636,-28634.3926,24.9425,-4952.3867,-28737.0098,21.9653,-4704.6152,-28635.8301,24.5459,267.6415,-0.0021,0.0015,-0.0183,1.1959,-0.0214,-4703.1226,-28634.7227,24.6435,1
-4703.1636,-28634.3926,24.9425,-4952.2480,-28737.2090,21.9662,-4703.6929,-28634.4004,23.7503,268.9808,-0.0026,0.0010,-0.0169,1.1949,-0.0198,-4703.1528,-28634.7051,24.6003,1
-4703.1636,-28634.3926,24.9425,-4952.1108,-28737.4043,21.9670,-4703.0181,-28633.0195,26.1650,270.1052,-0.0032,0.0024,-0.0158,1.1938,-0.0185,-4703.1504,-28634.6172,24.6757,1
-4703.1636,-28634.3926,24.9425,-4951.9741,-28737.5996,21.9676,-4700.8374,-28634.6230,25.3224,271.4434,-0.0017,0.0019,-0.0149,1.1924,-0.0175,-4703.0386,-28634.6074,24.7127,1
-4703.1636,-28634.3926,24.9425,-4951.8384,-28737.7930,21.9681,-4704.9243,-28635.1875,24.4441,267.3907,-0.0023,0.0014,-0.0143,1.1912,-0.0168,-4703.1255,-28634.6250,24.7069,1
-4703.1636,-28634.3926,24.9425,-4951.7041,-28737.9863,21.9685,-4704.0249,-28633.7305,23.6097,268.7289,-0.0028,0.0009,-0.0139,1.1902,-0.0165,-4703.1724,-28634.5723,24.6585,1
-4703.1636,-28634.3926,24.9425,-4951.5703,-28738.1758,21.9687,-4703.2124,-28632.6738,26.1307,269.8616,-0.0032,0.0024,-0.0138,1.1890,-0.0164,-4703.1802,-28634.4648,24.7332,1
-4703.1636,-28634.3926,24.9425,-4951.4380,-28738.3652,21.9688,-4700.9668,-28634.4160,25.2755,271.1989,-0.0017,0.0019,-0.0139,1.1882,-0.0165,-4703.0757,-28634.4414,24.7684,1
-4703.1636,-28634.3926,24.9425,-4951.3066,-28738.5527,21.9687,-4705.0205,-28635.0723,24.3942,267.1492,-0.0023,0.0014,-0.0141,1.1873,-0.0168,-4703.1685,-28634.4512,24.7604,1
-4703.1636,-28634.3926,24.9425,-4951.1763,-28738.7402,21.9686,-4704.1318,-28633.6055,23.5590,268.4864,-0.0028,0.0009,-0.0145,1.1862,-0.0172,-4703.2217,-28634.3926,24.7091,1
-4703.1636,-28634.3926,24.9425,-4951.0469,-28738.9238,21.9684,-4702.0908,-28635.4492,26.1029,269.6274,-0.0013,0.0024,-0.0149,1.1849,-0.0177,-4703.1748,-28634.4219,24.7819,1
-4703.1636,-28634.3926,24.9425,-4950.9189,-28739.1074,21.9681,-4701.1729,-28634.0332,25.2602,270.9637,-0.0019,0.0019,-0.0154,1.1841,-0.0183,-4703.0786,-28634.3867,24.8155,1
-4703.1636,-28634.3926,24.9425,-4950.7915,-28739.2891,21.9679,-4705.2334,-28634.6816,24.3639,266.9169,-0.0024,0.0014,-0.0159,1.1831,-0.0189,-4703.1807,-28634.3828,24.8048,1
-4703.1636,-28634.3926,24.9425,-4950.6655,-28739.4707,21.9676,-4704.3672,-28633.1875,23.5124,268.2532,-0.0030,0.0009,-0.0163,1.1820,-0.0195,-4703.2446,-28634.3047,24.7499,1
-4703.1636,-28634.3926,24.9425,-4950.5405,-28739.6484,21.9673,-4702.2720,-28635.1133,26.0868,269.4023,-0.0014,0.0024,-0.0167,1.1807,-0.0200,-4703.2065,-28634.3223,24.8203,1
-4703.1636,-28634.3926,24.9425,-4950.4165,-28739.8262,21.9670,-4704.2671,-28635.7246,24.5132,267.2642,-0.0015,0.0015,-0.0171,1.1798,-0.0205,-4703.2651,-28634.3750,24.8147,1
-4703.1636,-28634.3926,24.9425,-4950.2935,-28740.0020,21.9668,-4705.2100,-28635.2324,24.9030,266.5485,-0.0019,0.0017,-0.0174,1.1789,-0.0209,-4703.3730,-28634.4043,24.8275,1
-4703.1636,-28634.3926,24.9425,-4950.1714,-28740.1758,21.9666,-4703.2446,-28635.9355,23.5056,268.0290,-0.0010,0.0009,-0.0177,1.1777,-0.0213,-4703.3867,-28634.4727,24.7701,1
-4703.1636,-28634.3926,24.9425,-4950.0508,-28740.3477,21.9665,-4702.3892,-28634.9336,26.1062,269.1861,-0.0014,0.0024,-0.0180,1.1770,-0.0215,-4703.3560,-28634.4961,24.8393,1
-4703.1636,-28634.3926,24.9425,-4949.9312,-28740.5195,21.9663,-4701.4922,-28633.5059,25.2838,270.5205,-0.0020,0.0019,-0.0181,1.1762,-0.0217,-4703.2769,-28634.4473,24.8703,1
-4703.1636,-28634.3926,24.9425,-4949.8125,-28740.6895,21.9663,-4705.5562,-28634.1680,24.4130,266.4793,-0.0025,0.0014,-0.0182,1.1752,-0.0218,-4703.3965,-28634.4316,24.8582,1
-4703.1636,-28634.3926,24.9425,-4949.6948,-28740.8574,21.9662,-4703.3784,-28635.7305,23.5598,267.8137,-0.0011,0.0009,-0.0181,1.1740,-0.0217,-4703.4116,-28634.4922,24.8018,1
-4703.1636,-28634.3926,24.9425,-4949.5781,-28741.0234,21.9662,-4702.5747,-28634.5977,26.1036,268.9788,-0.0015,0.0024,-0.0180,1.1733,-0.0216,-4703.3857,-28634.4980,24.8693,1
-4703.1636,-28634.3926,24.9425,-4949.4624,-28741.1895,21.9663,-4703.8745,-28635.1992,24.1425,267.4878,-0.0015,0.0013,-0.0179,1.1726,-0.0215,-4703.4224,-28634.5352,24.8415,1
-4703.1636,-28634.3926,24.9425,-4949.3477,-28741.3535,21.9664,-4705.7197,-28633.9121,24.4188,266.2737,-0.0026,0.0014,-0.0178,1.1718,-0.0213,-4703.5513,-28634.5098,24.8254,1
-4703.1636,-28634.3926,24.9425,-4949.2344,-28741.5156,21.9665,-4703.4707,-28635.6250,23.5772,267.6073,-0.0012,0.0009,-0.0177,1.1713,-0.0211,-4703.5723,-28634.5684,24.7660,1
-4703.1636,-28634.3926,24.9425,-4949.1216,-28741.6758,21.9666,-4702.7534,-28634.2871,26.1108,268.7796,-0.0018,0.0024,-0.0175,1.1706,-0.0209,-4703.5562,-28634.5625,24.8303,1
-4703.1636,-28634.3926,24.9425,-4949.0098,-28741.8359,21.9668,-4701.8799,-28632.8398,25.2978,270.1124,-0.0023,0.0019,-0.0173,1.1698,-0.0207,-4703.4927,-28634.4824,24.8571,1
-4703.1636,-28634.3926,24.9425,-4948.8994,-28741.9941,21.9669,-4704.6011,-28636.5840,24.4091,266.0761,-0.0009,0.0014,-0.0171,1.1688,-0.0204,-4703.5605,-28634.5859,24.8404,1
-4703.1636,-28634.3926,24.9425,-4948.7896,-28742.1504,21.9671,-4703.6963,-28635.2109,23.5955,267.4090,-0.0014,0.0009,-0.0169,1.1682,-0.0202,-4703.5854,-28634.6250,24.7816,1
-4703.1636,-28634.3926,24.9425,-4948.6807,-28742.3066,21.9672,-4702.9453,-28633.9512,26.1054,268.5883,-0.0020,0.0024,-0.0167,1.1676,-0.0200,-4703.5713,-28634.6035,24.8454,1
-4703.1636,-28634.3926,24.9425,-4948.5728,-28742.4609,21.9673,-4702.0659,-28632.5352,25.2892,269.9203,-0.0025,0.0019,-0.0165,1.1669,-0.0197,-4703.5112,-28634.5078,24.8715,1
-4703.1636,-28634.3926,24.9425,-4948.4658,-28742.6133,21.9674,-4704.7754,-28636.2773,24.3978,265.8864,-0.0011,0.0014,-0.0163,1.1659,-0.0194,-4703.5825,-28634.5938,24.8537,1
-4703.1636,-28634.3926,24.9425,-4948.3594,-28742.7637,21.9675,-4703.8848,-28634.8887,23.5810,267.2184,-0.0016,0.0009,-0.0161,1.1653,-0.0192,-4703.6113,-28634.6152,24.7938,1
-4703.1636,-28634.3926,24.9425,-4948.2544,-28742.9141,21.9676,-4703.1440,-28633.6035,26.1000,268.4041,-0.0021,0.0024,-0.0159,1.1645,-0.0190,-4703.6035,-28634.5723,24.8567,1
-4703.1636,-28634.3926,24.9425,-4948.1499,-28743.0645,21.9677,-4700.9316,-28635.2090,25.2564,269.7354,-0.0007,0.0019,-0.0157,1.1636,-0.0188,-4703.4824,-28634.6074,24.8805,1
-4703.1636,-28634.3926,24.9425,-4948.0464,-28743.2109,21.9677,-4704.9111,-28636.0645,24.3923,265.7036,-0.0012,0.0014,-0.0156,1.1634,-0.0186,-4703.5542,-28634.6855,24.8618,1
-4703.1636,-28634.3926,24.9425,-4947.9438,-28743.3574,21.9678,-4704.0283,-28634.6738,23.5730,267.0349,-0.0018,0.0009,-0.0155,1.1628,-0.0185,-4703.5850,-28634.6992,24.8008,1
-4703.1636,-28634.3926,24.9425,-4947.8423,-28743.5020,21.9678,-4703.3413,-28633.2656,26.0933,268.2265,-0.0024,0.0024,-0.0154,1.1620,-0.0183,-4703.5820,-28634.6387,24.8626,1
-4703.1636,-28634.3926,24.9425,-4947.7412,-28743.6465,21.9679,-4703.8916,-28634.8164,23.7508,267.0355,-0.0016,0.0010,-0.0152,1.1610,-0.0182,-4703.6055,-28634.6543,24.8104,1
-4703.1636,-28634.3926,24.9425,-4947.6411,-28743.7891,21.9679,-4705.1499,-28635.6230,24.3811,265.5275,-0.0015,0.0014,-0.0151,1.1605,-0.0181,-4703.6919,-28634.7090,24.7870,1
-4703.1636,-28634.3926,24.9425,-4947.5420,-28743.9316,21.9680,-4704.2896,-28634.2012,23.5607,266.8581,-0.0020,0.0009,-0.0151,1.1598,-0.0180,-4703.7388,-28634.6953,24.7218,1
-4703.1636,-28634.3926,24.9425,-4947.4438,-28744.0723,21.9680,-4703.5425,-28632.9277,26.0894,268.0555,-0.0025,0.0024,-0.0150,1.1589,-0.0179,-4703.7480,-28634.6152,24.7804,1
-4703.1636,-28634.3926,24.9425,-4947.3462,-28744.2109,21.9680,-4701.2422,-28634.6934,25.2459,269.3854,-0.0011,0.0019,-0.0149,1.1587,-0.0178,-4703.6416,-28634.6191,24.8005,1
-4703.1636,-28634.3926,24.9425,-4947.2495,-28744.3496,21.9680,-4705.2544,-28635.4922,24.3780,265.3577,-0.0016,0.0014,-0.0149,1.1582,-0.0178,-4703.7285,-28634.6641,24.7784,1
-4703.1636,-28634.3926,24.9425,-4947.1538,-28744.4863,21.9681,-4704.9976,-28633.8789,23.4905,266.2222,-0.0024,0.0008,-0.0148,1.1575,-0.0177,-4703.8062,-28634.6309,24.7110,1
-4703.1636,-28634.3926,24.9425,-4947.0586,-28744.6211,21.9681,-4700.5771,-28634.4961,23.6042,269.9661,-0.0010,0.0009,-0.0147,1.1565,-0.0176,-4703.6646,-28634.6250,24.6466,1
-4703.1636,-28634.3926,24.9425,-4946.9644,-28744.7559,21.9681,-4701.5049,-28634.2051,25.2406,269.2197,-0.0013,0.0019,-0.0147,1.1558,-0.0176,-4703.5610,-28634.6035,24.6620,1
-4703.1636,-28634.3926,24.9425,-4946.8706,-28744.8887,21.9681,-4705.5308,-28634.9805,24.3736,265.1940,-0.0019,0.0014,-0.0146,1.1552,-0.0175,-4703.6538,-28634.6211,24.6362,1
-4703.1636,-28634.3926,24.9425,-4946.7778,-28745.0215,21.9681,-4704.7061,-28633.5078,23.5526,266.5233,-0.0024,0.0009,-0.0146,1.1543,-0.0174,-4703.7100,-28634.5664,24.5693,1
-4703.1636,-28634.3926,24.9425,-4946.6860,-28745.1523,21.9681,-4701.1235,-28634.7090,24.0956,269.2598,-0.0008,0.0012,-0.0145,1.1533,-0.0174,-4703.5894,-28634.5684,24.5278,1
-4703.1636,-28634.3926,24.9425,-4946.5952,-28745.2832,21.9682,-4701.6885,-28633.8984,25.2390,269.0599,-0.0014,0.0018,-0.0144,1.1528,-0.0173,-4703.4907,-28634.5312,24.5434,1
-4703.1636,-28634.3926,24.9425,-4946.5049,-28745.4121,21.9682,-4704.4805,-28634.3613,24.3372,266.2915,-0.0018,0.0013,-0.0144,1.1521,-0.0172,-4703.5278,-28634.5137,24.5166,1
-4703.1636,-28634.3926,24.9425,-4946.4150,-28745.5391,21.9682,-4703.5239,-28636.2090,23.5273,266.3647,-0.0005,0.0008,-0.0143,1.1511,-0.0172,-4703.5195,-28634.5918,24.4498,1
-4703.1636,-28634.3926,24.9425,-4946.3262,-28745.6660,21.9682,-4702.6450,-28635.1914,26.0578,267.5775,-0.0009,0.0023,-0.0143,1.1509,-0.0171,-4703.4678,-28634.6211,24.5082,1
-4703.1636,-28634.3926,24.9425,-4946.2383,-28745.7910,21.9682,-4701.7905,-28633.7715,25.2377,268.9056,-0.0015,0.0018,-0.0142,1.1504,-0.0170,-4703.3721,-28634.5820,24.5304,1
-4703.1636,-28634.3926,24.9425,-4946.1509,-28745.9160,21.9683,-4705.8262,-28634.5430,24.3699,264.8834,-0.0021,0.0013,-0.0141,1.1496,-0.0170,-4703.4746,-28634.5781,24.5117,1
-4703.1636,-28634.3926,24.9425,-4946.0645,-28746.0391,21.9683,-4703.6338,-28636.0605,23.5257,266.2116,-0.0006,0.0008,-0.0140,1.1486,-0.0169,-4703.4746,-28634.6504,24.4510,1
-4703.1636,-28634.3926,24.9425,-4945.9785,-28746.1621,21.9683,-4702.8330,-28634.8691,26.0552,267.4290,-0.0011,0.0023,-0.0140,1.1485,-0.0168,-4703.4351,-28634.6680,24.5151,1
-4703.1636,-28634.3926,24.9425,-4945.8931,-28746.2832,21.9684,-4703.7842,-28635.2168,25.1876,266.3822,-0.0012,0.0018,-0.0139,1.1479,-0.0167,-4703.4424,-28634.7012,24.5404,1
-4703.1636,-28634.3926,24.9425,-4945.8086,-28746.4043,21.9684,-4706.0229,-28634.2227,24.3692,264.7361,-0.0022,0.0013,-0.0138,1.1471,-0.0166,-4703.5625,-28634.6855,24.5268,1
-4703.1636,-28634.3926,24.9425,-4945.7251,-28746.5234,21.9684,-4703.7373,-28635.9297,23.5283,266.0637,-0.0008,0.0008,-0.0138,1.1470,-0.0166,-4703.5752,-28634.7559,24.4709,1
-4703.1636,-28634.3926,24.9425,-4945.6421,-28746.6406,21.9684,-4703.0122,-28634.5703,26.0519,267.2854,-0.0014,0.0023,-0.0138,1.1469,-0.0165,-4703.5513,-28634.7598,24.5394,1
-4703.1636,-28634.3926,24.9425,-4945.5596,-28746.7578,21.9685,-4703.4644,-28634.1387,26.3007,267.0345,-0.0018,0.0025,-0.0137,1.1463,-0.0164,-4703.5488,-28634.7402,24.6244,1
-4703.1636,-28634.3926,24.9425,-4945.4780,-28746.8750,21.9685,-4699.9531,-28634.7070,24.3800,269.9397,-0.0005,0.0013,-0.0136,1.1455,-0.0163,-4703.3701,-28634.7461,24.6175,1
-4703.1636,-28634.3926,24.9425,-4945.3975,-28746.9902,21.9685,-4703.9287,-28635.6094,23.5240,265.9207,-0.0011,0.0008,-0.0135,1.1454,-0.0163,-4703.3823,-28634.7988,24.5670,1
-4703.1636,-28634.3926,24.9425,-4945.3169,-28747.1035,21.9685,-4703.2456,-28634.1582,26.0479,267.1466,-0.0017,0.0023,-0.0135,1.1449,-0.0162,-4703.3628,-28634.7793,24.6400,1
-4703.1636,-28634.3926,24.9425,-4945.2373,-28747.2168,21.9686,-4702.4116,-28632.7344,25.2287,268.4732,-0.0023,0.0018,-0.0134,1.1444,-0.0161,-4703.3013,-28634.6855,24.6754,1
-4703.1636,-28634.3926,24.9425,-4945.1587,-28747.3301,21.9686,-4700.1919,-28634.2812,24.3777,269.8000,-0.0008,0.0013,-0.0133,1.1436,-0.0160,-4703.1279,-28634.6660,24.6692,1
-4703.1636,-28634.3926,24.9425,-4945.0806,-28747.4414,21.9686,-4704.1655,-28635.1934,23.5223,265.7824,-0.0014,0.0008,-0.0133,1.1434,-0.0160,-4703.1470,-28634.6895,24.6192,1
-4703.1636,-28634.3926,24.9425,-4945.0029,-28747.5527,21.9686,-4703.4507,-28633.8184,26.0446,267.0124,-0.0019,0.0023,-0.0132,1.1428,-0.0159,-4703.1348,-28634.6465,24.6923,1
-4703.1636,-28634.3926,24.9425,-4944.9258,-28747.6621,21.9687,-4701.2188,-28635.3887,25.2031,268.3385,-0.0005,0.0018,-0.0131,1.1421,-0.0158,-4703.0127,-28634.6797,24.7264,1
-4703.1636,-28634.3926,24.9425,-4944.8496,-28747.7695,21.9687,-4700.3433,-28634.0488,24.3772,269.6647,-0.0011,0.0013,-0.0131,1.1420,-0.0158,-4702.8442,-28634.6484,24.7198,1
-4703.1636,-28634.3926,24.9425,-4944.7739,-28747.8770,21.9687,-4704.3491,-28634.8984,23.5207,265.6486,-0.0016,0.0008,-0.0130,1.1416,-0.0157,-4702.8721,-28634.6582,24.6691,1
-4703.1636,-28634.3926,24.9425,-4944.6992,-28747.9844,21.9687,-4703.6597,-28633.4688,26.0409,266.8824,-0.0022,0.0023,-0.0130,1.1409,-0.0156,-4702.8711,-28634.5957,24.7412,1
-4703.1636,-28634.3926,24.9425,-4944.6250,-28748.0898,21.9687,-4701.1724,-28633.6816,23.8041,268.9981,-0.0014,0.0010,-0.0129,1.1400,-0.0155,-4702.7500,-28634.5430,24.7043,1
-4703.1636,-28634.3926,24.9425,-4944.5513,-28748.1953,21.9687,-4700.5825,-28633.6328,24.3755,269.5338,-0.0013,0.0013,-0.0129,1.1398,-0.0155,-4702.5977,-28634.4844,24.6934,1
-4703.1636,-28634.3926,24.9425,-4944.4780,-28748.2988,21.9688,-4704.5986,-28634.4688,23.5200,265.5191,-0.0019,0.0008,-0.0128,1.1393,-0.0154,-4702.6436,-28634.4688,24.6386,1
-4703.1636,-28634.3926,24.9425,-4944.4058,-28748.4023,21.9688,-4703.8662,-28633.1328,26.0382,266.7564,-0.0023,0.0023,-0.0127,1.1385,-0.0153,-4702.6602,-28634.3848,24.7069,1
-4703.1636,-28634.3926,24.9425,-4944.3340,-28748.5039,21.9688,-4701.5654,-28634.8203,25.2002,268.0816,-0.0009,0.0018,-0.0127,1.1384,-0.0153,-4702.5669,-28634.3848,24.7365,1
-4703.1636,-28634.3926,24.9425,-4944.2627,-28748.6055,21.9688,-4700.7393,-28633.3965,24.3743,269.4070,-0.0015,0.0013,-0.0127,1.1379,-0.0152,-4702.4321,-28634.3145,24.7257,1
-4703.1636,-28634.3926,24.9425,-4944.1919,-28748.7070,21.9688,-4704.7656,-28634.2168,23.5181,265.3936,-0.0020,0.0008,-0.0126,1.1373,-0.0152,-4702.4971,-28634.2852,24.6708,1
-4703.1636,-28634.3926,24.9425,-4944.1221,-28748.8066,21.9688,-4702.6343,-28635.8223,26.0136,266.6344,-0.0005,0.0023,-0.0125,1.1364,-0.0151,-4702.4634,-28634.3359,24.7377,1
-4703.1636,-28634.3926,24.9425,-4944.0527,-28748.9062,21.9689,-4701.8257,-28634.3594,25.1969,267.9592,-0.0011,0.0018,-0.0125,1.1358,-0.0150,-4702.3921,-28634.3203,24.7668,1
-4703.1636,-28634.3926,24.9425,-4943.9839,-28749.0039,21.9689,-4701.0229,-28632.8984,24.3724,269.2841,-0.0016,0.0013,-0.0124,1.1352,-0.0150,-4702.2812,-28634.2305,24.7554,1
-4703.1636,-28634.3926,24.9425,-4943.9155,-28749.1016,21.9689,-4705.0591,-28633.7051,23.5176,265.2720,-0.0022,0.0008,-0.0124,1.1345,-0.0149,-4702.3711,-28634.1797,24.6999,1
-4703.1636,-28634.3926,24.9425,-4943.8481,-28749.1973,21.9689,-4702.8325,-28635.4863,26.0116,266.5161,-0.0006,0.0023,-0.0123,1.1336,-0.0148,-4702.3589,-28634.2188,24.7659,1
-4703.1636,-28634.3926,24.9425,-4943.7808,-28749.2930,21.9689,-4704.7568,-28635.8105,23.8259,264.5984,-0.0009,0.0010,-0.0123,1.1334,-0.0148,-4702.4458,-28634.2773,24.7256,1
-4703.1636,-28634.3926,24.9425,-4943.7144,-28749.3867,21.9689,-4701.1846,-28632.6562,24.3720,269.1650,-0.0017,0.0013,-0.0122,1.1328,-0.0147,-4702.3613,-28634.1836,24.7101,1
-4703.1636,-28634.3926,24.9425,-4943.6484,-28749.4805,21.9690,-4703.7866,-28636.4648,23.4960,265.1541,-0.0003,0.0008,-0.0122,1.1320,-0.0147,-4702.4053,-28634.2773,24.6499,1
-4703.1636,-28634.3926,24.9425,-4943.5830,-28749.5742,21.9690,-4702.9326,-28635.3613,26.0105,266.4013,-0.0007,0.0023,-0.0121,1.1319,-0.0146,-4702.4116,-28634.3223,24.7127,1
-4703.1636,-28634.3926,24.9425,-4943.5181,-28749.6660,21.9690,-4702.1182,-28633.9258,25.1944,267.7253,-0.0012,0.0018,-0.0121,1.1314,-0.0146,-4702.3789,-28634.2988,24.7380,1
-4703.1636,-28634.3926,24.9425,-4943.4536,-28749.7578,21.9690,-4701.3398,-28632.4316,24.3690,269.0495,-0.0018,0.0013,-0.0120,1.1308,-0.0145,-4702.3081,-28634.1992,24.7230,1
-4703.1636,-28634.3926,24.9425,-4943.3901,-28749.8496,21.9690,-4703.9424,-28636.2266,23.4937,265.0397,-0.0004,0.0008,-0.0120,1.1299,-0.0144,-4702.3657,-28634.2852,24.6633,1
-4703.1636,-28634.3926,24.9425,-4943.3267,-28749.9395,21.9690,-4703.1245,-28635.0449,26.0080,266.2899,-0.0008,0.0023,-0.0119,1.1298,-0.0144,-4702.3877,-28634.3184,24.7264,1
-4703.1636,-28634.3926,24.9425,-4943.2642,-28750.0293,21.9691,-4702.2739,-28633.6953,25.1934,267.6135,-0.0014,0.0018,-0.0119,1.1297,-0.0143,-4702.3696,-28634.2852,24.7521,1
-4703.1636,-28634.3926,24.9425,-4943.2021,-28750.1172,21.9691,-4701.5000,-28632.2012,24.3679,268.9373,-0.0019,0.0013,-0.0119,1.1290,-0.0143,-4702.3135,-28634.1777,24.7374,1
-4703.1636,-28634.3926,24.9425,-4943.1406,-28750.2051,21.9691,-4704.0068,-28636.1816,23.4942,264.9287,-0.0005,0.0008,-0.0118,1.1289,-0.0142,-4702.3813,-28634.2637,24.6779,1
-4703.1636,-28634.3926,24.9425,-4943.0791,-28750.2910,21.9691,-4703.3086,-28634.7461,26.0036,266.1816,-0.0012,0.0023,-0.0118,1.1289,-0.0142,-4702.4189,-28634.2832,24.7409,1
-4703.1636,-28634.3926,24.9425,-4943.0186,-28750.3770,21.9691,-4702.5117,-28633.2949,25.1865,267.5048,-0.0017,0.0018,-0.0117,1.1284,-0.0141,-4702.4189,-28634.2305,24.7662,1
-4703.1636,-28634.3926,24.9425,-4942.9585,-28750.4629,21.9691,-4700.2803,-28634.8223,24.3405,268.8283,-0.0003,0.0013,-0.0117,1.1277,-0.0140,-4702.3081,-28634.2539,24.7501,1
-4703.1636,-28634.3926,24.9425,-4942.8989,-28750.5488,21.9692,-4704.2476,-28635.7676,23.4885,264.8207,-0.0008,0.0008,-0.0117,1.1276,-0.0140,-4702.3911,-28634.3242,24.6901,1
-4703.1636,-28634.3926,24.9425,-4942.8398,-28750.6328,21.9692,-4703.5029,-28634.4336,26.0011,266.0763,-0.0014,0.0023,-0.0116,1.1275,-0.0139,-4702.4419,-28634.3320,24.7527,1
-4703.1636,-28634.3926,24.9425,-4942.7817,-28750.7148,21.9692,-4702.7183,-28632.9648,25.1844,267.3992,-0.0020,0.0018,-0.0116,1.1270,-0.0139,-4702.4565,-28634.2676,24.7777,1
-4703.1636,-28634.3926,24.9425,-4942.7236,-28750.7988,21.9692,-4700.4912,-28634.4727,24.3389,268.7223,-0.0005,0.0013,-0.0115,1.1262,-0.0138,-4702.3604,-28634.2754,24.7611,1
-4703.1636,-28634.3926,24.9425,-4942.6660,-28750.8809,21.9692,-4704.4575,-28635.4238,23.4873,264.7158,-0.0011,0.0008,-0.0115,1.1261,-0.0138,-4702.4575,-28634.3301,24.7007,1
-4703.1636,-28634.3926,24.9425,-4942.6089,-28750.9609,21.9692,-4703.6553,-28635.9102,24.2164,265.2136,-0.0006,0.0012,-0.0114,1.1257,-0.0137,-4702.5200,-28634.4121,24.6736,1
-4703.1636,-28634.3926,24.9425,-4942.5522,-28751.0410,21.9693,-4702.9849,-28632.5176,25.1809,267.2965,-0.0022,0.0018,-0.0114,1.1250,-0.0136,-4702.5518,-28634.3281,24.6939,1
-4703.1636,-28634.3926,24.9425,-4942.4961,-28751.1211,21.9693,-4700.6792,-28634.1699,24.3384,268.6193,-0.0007,0.0012,-0.0113,1.1249,-0.0136,-4702.4683,-28634.3223,24.6735,1
-4703.1636,-28634.3926,24.9425,-4942.4404,-28751.2012,21.9693,-4704.6372,-28635.1445,23.4867,264.6137,-0.0013,0.0007,-0.0113,1.1248,-0.0136,-4702.5781,-28634.3652,24.6098,1
-4703.1636,-28634.3926,24.9425,-4942.3853,-28751.2793,21.9693,-4703.9507,-28633.6953,25.9926,265.8742,-0.0019,0.0022,-0.0113,1.1243,-0.0135,-4702.6587,-28634.3359,24.6690,1
-4703.1636,-28634.3926,24.9425,-4942.3306,-28751.3574,21.9693,-4701.4697,-28635.0254,24.6681,267.4914,-0.0004,0.0014,-0.0112,1.1235,-0.0134,-4702.6172,-28634.3730,24.6656,1
-4703.1636,-28634.3926,24.9425,-4942.2764,-28751.4336,21.9693,-4700.9009,-28633.8027,24.3337,268.5190,-0.0010,0.0012,-0.0112,1.1234,-0.0134,-4702.5439,-28634.3496,24.6457,1
-4703.1636,-28634.3926,24.9425,-4942.2227,-28751.5117,21.9694,-4704.9004,-28634.6992,23.4815,264.5144,-0.0015,0.0007,-0.0112,1.1230,-0.0134,-4702.6660,-28634.3691,24.5826,1
-4703.1636,-28634.3926,24.9425,-4942.1694,-28751.5859,21.9694,-4704.0962,-28633.4902,25.9912,265.7772,-0.0020,0.0022,-0.0111,1.1229,-0.0133,-4702.7529,-28634.3281,24.6426,1
-4703.1636,-28634.3926,24.9425,-4942.1167,-28751.6621,21.9694,-4701.8779,-28634.9551,25.1551,267.0992,-0.0006,0.0017,-0.0111,1.1221,-0.0132,-4702.7314,-28634.3594,24.6646,1
-4703.1636,-28634.3926,24.9425,-4942.0640,-28751.7363,21.9694,-4701.0552,-28633.5762,24.3323,268.4214,-0.0011,0.0012,-0.0110,1.1220,-0.0132,-4702.6655,-28634.3223,24.6468,1
-4703.1636,-28634.3926,24.9425,-4942.0122,-28751.8105,21.9694,-4705.0625,-28634.4629,23.4798,264.4177,-0.0017,0.0007,-0.0110,1.1215,-0.0132,-4702.7954,-28634.3281,24.5857,1
-4703.1636,-28634.3926,24.9425,-4941.9604,-28751.8828,21.9694,-4702.8970,-28636.0215,25.9673,265.6827,-0.0002,0.0022,-0.0110,1.1208,-0.0131,-4702.8213,-28634.4141,24.6465,1
-4703.1636,-28634.3926,24.9425,-4941.9097,-28751.9570,21.9694,-4702.0708,-28634.6465,25.1536,267.0044,-0.0008,0.0017,-0.0109,1.1207,-0.0131,-4702.8057,-28634.4336,24.6702,1
-4703.1636,-28634.3926,24.9425,-4941.8589,-28752.0293,21.9695,-4703.7925,-28634.1719,25.9383,265.6652,-0.0015,0.0022,-0.0109,1.1206,-0.0130,-4702.8726,-28634.4277,24.7343,1
-4703.1636,-28634.3926,24.9425,-4941.8086,-28752.0996,21.9695,-4705.2612,-28634.1523,23.4784,264.3235,-0.0019,0.0007,-0.0109,1.1200,-0.0130,-4703.0146,-28634.4219,24.6782,1
-4703.1636,-28634.3926,24.9425,-4941.7588,-28752.1699,21.9695,-4701.0186,-28634.5059,26.1974,267.9818,-0.0005,0.0023,-0.0108,1.1192,-0.0129,-4702.9482,-28634.4316,24.7550,1
-4703.1636,-28634.3926,24.9425,-4941.7095,-28752.2402,21.9695,-4702.2764,-28634.3125,25.1502,266.9120,-0.0010,0.0017,-0.0108,1.1191,-0.0129,-4702.9390,-28634.4336,24.7827,1
-4703.1636,-28634.3926,24.9425,-4941.6602,-28752.3105,21.9695,-4701.5049,-28632.8477,24.3274,268.2336,-0.0015,0.0012,-0.0108,1.1187,-0.0129,-4702.8882,-28634.3594,24.7697,1
-4703.1636,-28634.3926,24.9425,-4941.6118,-28752.3789,21.9695,-4705.5283,-28633.7109,23.4750,264.2316,-0.0021,0.0007,-0.0107,1.1180,-0.0128,-4703.0337,-28634.3262,24.7126,1
-4703.1636,-28634.3926,24.9425,-4941.5635,-28752.4492,21.9695,-4703.2095,-28635.5469,25.9633,265.5007,-0.0005,0.0022,-0.0107,1.1179,-0.0128,-4703.0688,-28634.3809,24.7765,1
-4703.1636,-28634.3926,24.9425,-4941.5161,-28752.5156,21.9696,-4702.3867,-28634.1758,25.1496,266.8219,-0.0011,0.0017,-0.0107,1.1178,-0.0127,-4703.0620,-28634.3730,24.8025,1
-4703.1636,-28634.3926,24.9425,-4941.4688,-28752.5840,21.9696,-4701.6353,-28632.6777,24.3253,268.1432,-0.0016,0.0012,-0.0107,1.1173,-0.0127,-4703.0142,-28634.2871,24.7877,1
-4703.1636,-28634.3926,24.9425,-4941.4219,-28752.6504,21.9696,-4704.1880,-28636.5020,23.4540,264.1420,-0.0002,0.0007,-0.0106,1.1165,-0.0126,-4703.0894,-28634.3906,24.7278,1
-4703.1636,-28634.3926,24.9425,-4941.3750,-28752.7168,21.9696,-4703.4053,-28635.2324,25.9601,265.4130,-0.0007,0.0022,-0.0106,1.1164,-0.0126,-4703.1274,-28634.4355,24.7898,1
-4703.1636,-28634.3926,24.9425,-4941.3291,-28752.7812,21.9696,-4702.5879,-28633.8594,25.1467,266.7339,-0.0012,0.0017,-0.0106,1.1164,-0.0126,-4703.1240,-28634.4121,24.8139,1
-4703.1636,-28634.3926,24.9425,-4941.2832,-28752.8477,21.9696,-4701.8418,-28632.3574,24.3228,268.0551,-0.0018,0.0012,-0.0105,1.1158,-0.0125,-4703.0811,-28634.3145,24.7972,1
-4703.1636,-28634.3926,24.9425,-4941.2378,-28752.9121,21.9696,-4702.3296,-28632.3438,24.1986,267.6128,-0.0019,0.0011,-0.0105,1.1150,-0.0125,-4703.0581,-28634.2090,24.7728,1
-4703.1636,-28634.3926,24.9425,-4941.1929,-28752.9746,21.9696,-4703.6021,-28634.9180,25.9572,265.3274,-0.0009,0.0022,-0.0105,1.1149,-0.0125,-4703.0962,-28634.2305,24.8347,1
-4703.1636,-28634.3926,24.9425,-4941.1484,-28753.0391,21.9697,-4701.0767,-28634.2070,23.8638,267.8751,-0.0005,0.0009,-0.0104,1.1145,-0.0124,-4703.0093,-28634.2168,24.7944,1
-4703.1636,-28634.3926,24.9425,-4941.1040,-28753.1016,21.9697,-4702.5088,-28635.7109,25.1827,265.9241,-0.0001,0.0017,-0.0104,1.1138,-0.0124,-4702.9878,-28634.2793,24.8175,1
-4703.1636,-28634.3926,24.9425,-4941.0605,-28753.1641,21.9697,-4704.5615,-28635.9160,23.4518,263.9692,-0.0005,0.0007,-0.0104,1.1137,-0.0123,-4703.0684,-28634.3574,24.7546,1
-4703.1636,-28634.3926,24.9425,-4941.0171,-28753.2266,21.9697,-4703.7915,-28634.6250,25.9535,265.2437,-0.0011,0.0022,-0.0104,1.1137,-0.0123,-4703.1133,-28634.3730,24.8135,1
-4703.1636,-28634.3926,24.9425,-4940.9736,-28753.2871,21.9697,-4703.0342,-28633.1445,25.1382,266.5642,-0.0016,0.0017,-0.0103,1.1132,-0.0123,-4703.1221,-28634.3164,24.8344,1
-4703.1636,-28634.3926,24.9425,-4940.9312,-28753.3477,21.9697,-4700.8047,-28634.6113,24.2959,267.8848,-0.0002,0.0012,-0.0103,1.1125,-0.0122,-4703.0181,-28634.3301,24.8136,1
-4703.1636,-28634.3926,24.9425,-4940.8887,-28753.4082,21.9697,-4704.8413,-28635.4395,23.4447,263.8858,-0.0007,0.0007,-0.0102,1.1118,-0.0122,-4703.1099,-28634.3848,24.7487,1
-4703.1636,-28634.3926,24.9425,-4940.8467,-28753.4688,21.9697,-4703.9951,-28634.3027,25.9512,265.1620,-0.0011,0.0022,-0.0102,1.1117,-0.0121,-4703.1641,-28634.3848,24.8059,1
-4703.1636,-28634.3926,24.9425,-4940.8052,-28753.5273,21.9698,-4703.1934,-28632.9180,25.1386,266.4822,-0.0017,0.0017,-0.0102,1.1116,-0.0121,-4703.1792,-28634.3164,24.8253,1
-4703.1636,-28634.3926,24.9425,-4940.7637,-28753.5859,21.9698,-4702.1064,-28633.4473,25.5390,267.2074,-0.0011,0.0019,-0.0102,1.1116,-0.0121,-4703.1392,-28634.2715,24.8653,1
-4703.1636,-28634.3926,24.9425,-4940.7227,-28753.6445,21.9698,-4704.8374,-28635.5352,23.4477,263.8043,-0.0008,0.0007,-0.0102,1.1115,-0.0121,-4703.2329,-28634.3281,24.8021,1
-4703.1636,-28634.3926,24.9425,-4940.6821,-28753.7012,21.9698,-4704.1069,-28636.0938,25.7289,264.2156,-0.0003,0.0021,-0.0102,1.1111,-0.0120,-4703.2930,-28634.4160,24.8494,1
-4703.1636,-28634.3926,24.9425,-4940.6421,-28753.7598,21.9698,-4701.9946,-28635.3926,25.1109,266.4020,-0.0000,0.0017,-0.0101,1.1105,-0.0120,-4703.2490,-28634.4727,24.8678,1
-4703.1636,-28634.3926,24.9425,-4940.6021,-28753.8164,21.9698,-4701.1938,-28634.0000,24.2892,267.7222,-0.0006,0.0012,-0.0101,1.1104,-0.0120,-4703.1606,-28634.4609,24.8454,1
-4703.1636,-28634.3926,24.9425,-4940.5625,-28753.8730,21.9698,-4705.1455,-28635.0098,23.4398,263.7245,-0.0011,0.0007,-0.0101,1.1104,-0.0119,-4703.2646,-28634.5000,24.7789,1
-4703.1636,-28634.3926,24.9425,-4940.5234,-28753.9277,21.9698,-4704.4326,-28633.6113,25.9418,265.0037,-0.0017,0.0022,-0.0101,1.1099,-0.0119,-4703.3369,-28634.4688,24.8341,1
-4703.1636,-28634.3926,24.9425,-4940.4844,-28753.9824,21.9698,-4702.2002,-28635.0625,25.1089,266.3235,-0.0002,0.0017,-0.0100,1.1093,-0.0118,-4703.2998,-28634.5059,24.8505,1
-4703.1636,-28634.3926,24.9425,-4940.4458,-28754.0391,21.9699,-4701.4526,-28633.5723,24.2866,267.6435,-0.0008,0.0012,-0.0100,1.1088,-0.0118,-4703.2212,-28634.4707,24.8262,1
-4703.1636,-28634.3926,24.9425,-4940.4077,-28754.0918,21.9699,-4705.4067,-28634.5801,23.4381,263.6464,-0.0013,0.0007,-0.0100,1.1087,-0.0118,-4703.3359,-28634.4824,24.7580,1
-4703.1636,-28634.3926,24.9425,-4940.3696,-28754.1465,21.9699,-4703.0884,-28636.3652,25.9230,264.9271,0.0002,0.0022,-0.0100,1.1087,-0.0118,-4703.3389,-28634.5840,24.8108,1
-4703.1636,-28634.3926,24.9425,-4940.3320,-28754.1992,21.9699,-4702.2808,-28634.9844,25.1094,266.2468,-0.0004,0.0017,-0.0099,1.1086,-0.0117,-4703.3003,-28634.6211,24.8259,1
-4703.1636,-28634.3926,24.9425,-4940.2944,-28754.2520,21.9699,-4701.4814,-28633.5996,24.2869,267.5666,-0.0009,0.0012,-0.0099,1.1086,-0.0117,-4703.2183,-28634.5879,24.8006,1
-4703.1636,-28634.3926,24.9425,-4940.2578,-28754.3047,21.9699,-4705.4766,-28634.5293,23.4354,263.5700,-0.0015,0.0007,-0.0099,1.1082,-0.0117,-4703.3320,-28634.5977,24.7313,1
-4703.1636,-28634.3926,24.9425,-4940.2212,-28754.3574,21.9699,-4703.3535,-28635.9160,25.9171,264.8521,-0.0001,0.0022,-0.0098,1.1075,-0.0116,-4703.3442,-28634.6777,24.7831,1
-4703.1636,-28634.3926,24.9425,-4940.1846,-28754.4082,21.9699,-4701.7578,-28632.0957,23.8855,267.9726,-0.0017,0.0009,-0.0098,1.1075,-0.0116,-4703.2759,-28634.5664,24.7365,1
-4703.1636,-28634.3926,24.9425,-4940.1484,-28754.4609,21.9699,-4701.7642,-28633.1289,24.2834,267.4911,-0.0012,0.0012,-0.0098,1.1074,-0.0116,-4703.2041,-28634.5020,24.7077,1
-4703.1636,-28634.3926,24.9425,-4940.1128,-28754.5117,21.9700,-4705.7661,-28634.0527,23.4327,263.4952,-0.0017,0.0007,-0.0098,1.1069,-0.0116,-4703.3286,-28634.4785,24.6358,1
-4703.1636,-28634.3926,24.9425,-4940.0776,-28754.5605,21.9700,-4701.3877,-28634.7949,24.3669,267.0585,-0.0002,0.0012,-0.0098,1.1068,-0.0115,-4703.2402,-28634.4922,24.6082,1
-4703.1636,-28634.3926,24.9425,-4940.0425,-28754.6113,21.9700,-4702.6826,-28634.3555,25.1028,266.0978,-0.0008,0.0017,-0.0098,1.1068,-0.0115,-4703.2119,-28634.4844,24.6175,1
-4703.1636,-28634.3926,24.9425,-4940.0073,-28754.6602,21.9700,-4701.8926,-28632.9629,24.2809,267.4173,-0.0014,0.0012,-0.0097,1.1068,-0.0115,-4703.1426,-28634.4062,24.5877,1
-4703.1636,-28634.3926,24.9425,-4939.9731,-28754.7109,21.9700,-4704.3979,-28636.8359,23.4127,263.4218,0.0001,0.0007,-0.0097,1.1062,-0.0114,-4703.1958,-28634.5195,24.5145,1
-4703.1636,-28634.3926,24.9425,-4939.9390,-28754.7578,21.9700,-4703.6777,-28635.4336,25.9125,264.7064,-0.0005,0.0021,-0.0097,1.1062,-0.0114,-4703.2163,-28634.5684,24.5644,1
-4703.1636,-28634.3926,24.9425,-4939.9048,-28754.8066,21.9700,-4702.9551,-28633.9043,25.0979,266.0255,-0.0011,0.0016,-0.0097,1.1055,-0.0114,-4703.2021,-28634.5430,24.5778,1
-4703.1636,-28634.3926,24.9425,-4939.8711,-28754.8555,21.9700,-4702.2271,-28632.4004,24.2759,267.3448,-0.0016,0.0011,-0.0096,1.1051,-0.0113,-4703.1509,-28634.4395,24.5520,1
-4703.1636,-28634.3926,24.9425,-4939.8379,-28754.9023,21.9700,-4704.7378,-28636.2422,23.4095,263.3499,-0.0002,0.0006,-0.0096,1.1044,-0.0113,-4703.2231,-28634.5234,24.4828,1
-4703.1636,-28634.3926,24.9425,-4939.8047,-28754.9492,21.9700,-4703.8784,-28635.1191,25.9110,264.6357,-0.0006,0.0021,-0.0096,1.1043,-0.0113,-4703.2563,-28634.5547,24.5368,1
-4703.1636,-28634.3926,24.9425,-4939.7720,-28754.9961,21.9701,-4703.0898,-28633.7246,25.0992,265.9547,-0.0011,0.0016,-0.0096,1.1042,-0.0113,-4703.2520,-28634.5195,24.5544,1
-4703.1636,-28634.3926,24.9425,-4939.7393,-28755.0430,21.9701,-4700.8428,-28635.2070,24.2598,267.2737,0.0003,0.0011,-0.0095,1.1037,-0.0112,-4703.1343,-28634.5547,24.5318,1
-4703.1636,-28634.3926,24.9425,-4939.7070,-28755.0879,21.9701,-4704.8003,-28636.2012,23.4113,263.2794,-0.0002,0.0006,-0.0095,1.1037,-0.0112,-4703.2090,-28634.6406,24.4666,1
-4703.1636,-28634.3926,24.9425,-4939.6753,-28755.1328,21.9701,-4704.0713,-28634.8242,25.9062,264.5663,-0.0008,0.0021,-0.0095,1.1036,-0.0112,-4703.2515,-28634.6621,24.5241,1
-4703.1636,-28634.3926,24.9425,-4939.6436,-28755.1777,21.9701,-4703.3301,-28633.3418,25.0920,265.8851,-0.0014,0.0016,-0.0095,1.1032,-0.0112,-4703.2588,-28634.6094,24.5450,1
-4703.1636,-28634.3926,24.9425,-4939.6118,-28755.2227,21.9701,-4701.0942,-28634.7891,24.2522,267.2040,0.0001,0.0011,-0.0095,1.1026,-0.0111,-4703.1543,-28634.6250,24.5255,1
-4703.1636,-28634.3926,24.9425,-4939.5806,-28755.2676,21.9701,-4705.0503,-28635.7930,23.4044,263.2101,-0.0005,0.0006,-0.0095,1.1025,-0.0111,-4703.2427,-28634.6914,24.4633,1
-4703.1636,-28634.3926,24.9425,-4939.5498,-28755.3105,21.9701,-4703.4771,-28635.8398,26.2886,264.6093,-0.0000,0.0024,-0.0094,1.1025,-0.0111,-4703.2568,-28634.7617,24.5431,1
-4703.1636,-28634.3926,24.9425,-4939.5190,-28755.3555,21.9701,-4703.5347,-28633.0312,25.0895,265.8168,-0.0015,0.0016,-0.0094,1.1021,-0.0111,-4703.2744,-28634.6934,24.5677,1
-4703.1636,-28634.3926,24.9425,-4939.4888,-28755.3984,21.9701,-4701.2295,-28634.6055,24.2517,267.1356,-0.0001,0.0011,-0.0094,1.1020,-0.0110,-4703.1768,-28634.6992,24.5517,1
-4703.1636,-28634.3926,24.9425,-4939.4585,-28755.4414,21.9701,-4705.1792,-28635.6230,23.4034,263.1422,-0.0006,0.0006,-0.0094,1.1020,-0.0110,-4703.2725,-28634.7559,24.4927,1
-4703.1636,-28634.3926,24.9425,-4939.4287,-28755.4844,21.9701,-4704.4683,-28634.2168,25.8991,264.4312,-0.0012,0.0021,-0.0094,1.1019,-0.0110,-4703.3369,-28634.7422,24.5559,1
-4703.1636,-28634.3926,24.9425,-4939.3989,-28755.5254,21.9702,-4705.2324,-28634.6855,25.5487,263.5251,-0.0011,0.0019,-0.0094,1.1014,-0.0110,-4703.4419,-28634.7520,24.6052,1
-4703.1636,-28634.3926,24.9425,-4939.3696,-28755.5664,21.9702,-4701.4409,-28634.2715,24.2466,267.0683,-0.0003,0.0011,-0.0093,1.1014,-0.0110,-4703.3613,-28634.7383,24.5916,1
-4703.1636,-28634.3926,24.9425,-4939.3408,-28755.6094,21.9702,-4705.3892,-28635.2988,23.3987,263.0753,-0.0009,0.0006,-0.0093,1.1013,-0.0109,-4703.4722,-28634.7754,24.5346,1
-4703.1636,-28634.3926,24.9425,-4939.3115,-28755.6504,21.9702,-4704.6685,-28633.9121,25.8960,264.3654,-0.0015,0.0021,-0.0093,1.1013,-0.0109,-4703.5513,-28634.7441,24.5996,1
-4703.1636,-28634.3926,24.9425,-4939.2832,-28755.6895,21.9702,-4702.4287,-28635.3516,25.0649,265.6837,-0.0000,0.0016,-0.0093,1.1008,-0.0109,-4703.5200,-28634.7812,24.6263,1
-4703.1636,-28634.3926,24.9425,-4939.2549,-28755.7305,21.9702,-4701.6514,-28633.9453,24.2440,267.0023,-0.0006,0.0011,-0.0093,1.1007,-0.0109,-4703.4463,-28634.7500,24.6128,1
-4703.1636,-28634.3926,24.9425,-4939.2266,-28755.7715,21.9702,-4704.8364,-28633.6855,24.3078,264.2862,-0.0016,0.0012,-0.0093,1.1007,-0.0108,-4703.5264,-28634.7012,24.6013,1
-4703.1636,-28634.3926,24.9425,-4939.1987,-28755.8105,21.9702,-4703.4028,-28636.4629,25.8753,264.3008,0.0003,0.0021,-0.0092,1.1002,-0.0108,-4703.5371,-28634.7910,24.6673,1
-4703.1636,-28634.3926,24.9425,-4939.1709,-28755.8496,21.9702,-4702.6670,-28634.9668,25.0618,265.6189,-0.0002,0.0016,-0.0092,1.0998,-0.0108,-4703.5098,-28634.8086,24.6954,1
-4703.1636,-28634.3926,24.9425,-4939.1436,-28755.8887,21.9702,-4701.8936,-28633.5566,24.2417,266.9373,-0.0008,0.0011,-0.0092,1.0997,-0.0108,-4703.4414,-28634.7559,24.6829,1
-4703.1636,-28634.3926,24.9425,-4939.1162,-28755.9277,21.9702,-4705.8379,-28634.5996,23.3945,262.9451,-0.0014,0.0006,-0.0092,1.0997,-0.0107,-4703.5654,-28634.7539,24.6264,1
-4703.1636,-28634.3926,24.9425,-4939.0894,-28755.9648,21.9702,-4700.8682,-28634.3262,24.9262,267.4911,-0.0001,0.0015,-0.0092,1.0991,-0.0107,-4703.4463,-28634.7344,24.6432,1
-4703.1636,-28634.3926,24.9425,-4939.0625,-28756.0039,21.9703,-4702.8315,-28634.7285,25.0598,265.5552,-0.0004,0.0016,-0.0091,1.0991,-0.0107,-4703.4185,-28634.7363,24.6673,1
-4703.1636,-28634.3926,24.9425,-4939.0361,-28756.0410,21.9703,-4702.0581,-28633.3223,24.2394,266.8734,-0.0010,0.0011,-0.0091,1.0990,-0.0107,-4703.3501,-28634.6660,24.6511,1
-4703.1636,-28634.3926,24.9425,-4939.0098,-28756.0781,21.9703,-4705.9473,-28634.0840,25.2620,263.0745,-0.0016,0.0017,-0.0091,1.0985,-0.0106,-4703.4736,-28634.6328,24.6848,1
-4703.1636,-28634.3926,24.9425,-4938.9839,-28756.1152,21.9703,-4703.7515,-28635.9395,25.8704,264.1746,0.0000,0.0021,-0.0091,1.0984,-0.0106,-4703.4932,-28634.6895,24.7501,1
-4703.1636,-28634.3926,24.9425,-4938.9580,-28756.1523,21.9703,-4702.9712,-28634.5391,25.0585,265.4926,-0.0006,0.0016,-0.0091,1.0984,-0.0106,-4703.4746,-28634.6797,24.7771,1
-4703.1636,-28634.3926,24.9425,-4938.9321,-28756.1895,21.9703,-4702.2002,-28633.1328,24.2378,266.8106,-0.0011,0.0011,-0.0091,1.0983,-0.0106,-4703.4155,-28634.5996,24.7632,1
-4703.1636,-28634.3926,24.9425,-4938.9067,-28756.2246,21.9703,-4704.6821,-28637.0098,23.3727,262.8194,0.0003,0.0006,-0.0090,1.0978,-0.0106,-4703.4771,-28634.7109,24.7040,1
-4703.1636,-28634.3926,24.9425,-4938.8818,-28756.2598,21.9703,-4703.9492,-28635.6328,25.8668,264.1129,-0.0002,0.0021,-0.0090,1.0978,-0.0106,-4703.5054,-28634.7578,24.7659,1
-4703.1636,-28634.3926,24.9425,-4938.8569,-28756.2969,21.9703,-4703.1729,-28634.2324,25.0548,265.4309,-0.0008,0.0016,-0.0090,1.0977,-0.0105,-4703.4956,-28634.7383,24.7896,1
-4703.1636,-28634.3926,24.9425,-4938.8320,-28756.3320,21.9703,-4702.4053,-28632.8242,24.2341,266.7487,-0.0013,0.0011,-0.0090,1.0977,-0.0105,-4703.4463,-28634.6445,24.7724,1
-4703.1636,-28634.3926,24.9425,-4938.8076,-28756.3652,21.9703,-4700.1636,-28634.2676,23.3871,268.0667,0.0001,0.0006,-0.0090,1.0971,-0.0105,-4703.2817,-28634.6211,24.7110,1
-4703.1636,-28634.3926,24.9425,-4938.7832,-28756.4004,21.9703,-4704.1489,-28635.3262,25.8636,264.0522,-0.0004,0.0021,-0.0090,1.0971,-0.0105,-4703.3096,-28634.6484,24.7699,1
-4703.1636,-28634.3926,24.9425,-4938.7588,-28756.4355,21.9703,-4704.8818,-28633.8262,24.7553,264.0770,-0.0015,0.0014,-0.0090,1.0971,-0.0105,-4703.3770,-28634.6035,24.7759,1
-4703.1636,-28634.3926,24.9425,-4938.7349,-28756.4688,21.9703,-4701.1201,-28635.3965,24.2144,266.6877,0.0005,0.0011,-0.0089,1.0966,-0.0104,-4703.2603,-28634.6348,24.7545,1
-4703.1636,-28634.3926,24.9425,-4938.7114,-28756.5020,21.9703,-4700.3521,-28633.9824,23.3858,268.0056,-0.0001,0.0006,-0.0089,1.0966,-0.0104,-4703.1001,-28634.5977,24.6900,1
-4703.1636,-28634.3926,24.9425,-4938.6875,-28756.5371,21.9704,-4704.3438,-28635.0312,25.8603,263.9924,-0.0007,0.0021,-0.0089,1.0966,-0.0104,-4703.1338,-28634.6113,24.7459,1
-4703.1636,-28634.3926,24.9425,-4938.6646,-28756.5684,21.9704,-4703.5737,-28633.6250,25.0481,265.3101,-0.0012,0.0016,-0.0089,1.0965,-0.0104,-4703.1338,-28634.5566,24.7640,1
-4703.1636,-28634.3926,24.9425,-4938.6411,-28756.6016,21.9704,-4701.3252,-28635.0742,24.2101,266.6277,0.0002,0.0011,-0.0089,1.0961,-0.0104,-4703.0229,-28634.5742,24.7407,1
-4703.1636,-28634.3926,24.9425,-4938.6182,-28756.6348,21.9704,-4700.5615,-28633.6582,23.3815,267.9454,-0.0003,0.0006,-0.0089,1.0960,-0.0103,-4702.8716,-28634.5215,24.6745,1
-4703.1636,-28634.3926,24.9425,-4938.5947,-28756.6680,21.9706,-4704.5439,-28634.7266,25.8678,263.9334,-0.0009,0.0021,-0.0084,1.0960,-0.0097,-4702.9150,-28634.5195,24.7294,1
-4703.1636,-28634.3926,24.9425,-4938.5693,-28756.7051,21.9711,-4703.8379,-28633.2051,25.0813,265.2511,-0.0014,0.0016,-0.0069,1.0955,-0.0080,-4702.9292,-28634.4434,24.7480,1
-4703.1636,-28634.3926,24.9425,-4938.5415,-28756.7441,21.9722,-4702.0815,-28633.0996,24.3548,266.8429,-0.0010,0.0011,-0.0044,1.0954,-0.0049,-4702.8594,-28634.3594,24.7310,1
-4703.1636,-28634.3926,24.9425,-4938.5107,-28756.7871,21.9738,-4700.7544,-28633.3633,23.5480,267.8862,-0.0006,0.0006,-0.0008,1.0954,-0.0005,-4702.7227,-28634.2852,24.6726,1
-4703.1636,-28634.3926,24.9425,-4938.4771,-28756.8359,21.9760,-4704.7358,-28634.4395,25.9402,263.8716,-0.0011,0.0020,0.0038,1.0954,0.0051,-4702.7822,-28634.2656,24.7311,1
-4703.1636,-28634.3926,24.9425,-4938.4395,-28756.8887,21.9787,-4702.4673,-28635.9160,25.2366,265.1891,0.0003,0.0015,0.0089,1.0950,0.0113,-4702.7349,-28634.3223,24.7575,1
-4703.1636,-28634.3926,24.9425,-4938.3984,-28756.9473,21.9817,-4701.6738,-28634.5430,24.5200,266.5064,-0.0002,0.0010,0.0143,1.0950,0.0178,-4702.6494,-28634.3145,24.7492,1
-4703.1636,-28634.3926,24.9425,-4938.3540,-28757.0098,21.9849,-4700.8779,-28633.1855,23.7907,267.8239,-0.0008,0.0005,0.0197,1.0950,0.0243,-4702.5229,-28634.2402,24.7038,1
-4703.1636,-28634.3926,24.9425,-4938.3057,-28757.0781,21.9880,-4704.9204,-28634.1602,25.9298,263.7989,-0.0014,0.0017,0.0249,1.0950,0.0306,-4702.5972,-28634.2129,24.7629,1
-4703.1636,-28634.3926,24.9425,-4938.2539,-28757.1523,21.9910,-4702.6318,-28635.6582,25.2427,265.1162,0.0000,0.0012,0.0297,1.0945,0.0364,-4702.5645,-28634.2617,24.7906,1
-4703.1636,-28634.3926,24.9425,-4938.1982,-28757.2324,21.9944,-4701.8594,-28634.2441,24.4940,266.4334,-0.0005,0.0007,0.0342,1.0941,0.0419,-4702.4951,-28634.2441,24.7817,1
-4703.1636,-28634.3926,24.9425,-4938.1387,-28757.3164,21.9986,-4701.0444,-28632.9199,23.7357,267.7507,-0.0011,0.0002,0.0386,1.0941,0.0472,-4702.3857,-28634.1621,24.7340,1
-4703.1636,-28634.3926,24.9425,-4938.0757,-28757.4062,22.0032,-4705.1514,-28633.7988,25.8854,263.7132,-0.0018,0.0015,0.0428,1.0938,0.0523,-4702.4805,-28634.1211,24.7911,1
-4703.1636,-28634.3926,24.9425,-4938.0093,-28757.5020,22.0082,-4702.7788,-28635.4395,25.2178,265.0303,-0.0003,0.0010,0.0470,1.0938,0.0574,-4702.4648,-28634.1641,24.8174,1
-4703.1636,-28634.3926,24.9425,-4937.9390,-28757.6016,22.0135,-4701.9370,-28634.1543,24.4573,266.3472,-0.0009,0.0005,0.0511,1.0938,0.0624,-4702.4097,-28634.1445,24.8064,1
-4703.1636,-28634.3926,24.9425,-4937.8652,-28757.7070,22.0188,-4701.0967,-28632.8770,23.6832,267.6643,-0.0014,-0.0000,0.0552,1.0938,0.0673,-4702.3125,-28634.0645,24.7555,1
-4703.1636,-28634.3926,24.9425,-4937.7881,-28757.8164,22.0241,-4700.7559,-28634.3223,26.0814,267.2996,-0.0006,0.0014,0.0592,1.0934,0.0721,-4702.1973,-28634.0527,24.8217,1
-4703.1636,-28634.3926,24.9425,-4937.7075,-28757.9316,22.0293,-4702.9287,-28635.9805,24.1396,264.5695,-0.0004,0.0002,0.0631,1.0934,0.0770,-4702.1895,-28634.1270,24.7938,1
-4703.1636,-28634.3926,24.9425,-4937.6235,-28758.0508,22.0342,-4704.3438,-28636.7891,25.2254,262.9305,-0.0005,0.0008,0.0667,1.0934,0.0813,-4702.2563,-28634.2480,24.8183,1
-4703.1636,-28634.3926,24.9425,-4937.5371,-28758.1738,22.0387,-4701.2808,-28632.5879,23.5897,267.5653,-0.0019,-0.0002,0.0697,1.0931,0.0849,-4702.1772,-28634.1641,24.7618,1
-4703.1636,-28634.3926,24.9425,-4937.4487,-28758.3008,22.0427,-4704.0083,-28636.1191,25.9049,263.5060,-0.0008,0.0011,0.0722,1.0926,0.0879,-4702.2339,-28634.2539,24.8181,1
-4703.1636,-28634.3926,24.9425,-4937.3574,-28758.4316,22.0462,-4703.1396,-28634.8809,25.1102,264.8224,-0.0013,0.0006,0.0742,1.0927,0.0903,-4702.2534,-28634.2871,24.8372,1
-4703.1636,-28634.3926,24.9425,-4937.2637,-28758.5645,22.0493,-4703.8936,-28636.6660,23.7141,263.2942,-0.0008,-0.0003,0.0756,1.0928,0.0922,-4702.3140,-28634.4102,24.7870,1
-4703.1636,-28634.3926,24.9425,-4937.1680,-28758.7012,22.0520,-4699.8936,-28635.2891,23.6154,267.4551,-0.0005,-0.0004,0.0766,1.0925,0.0934,-4702.1792,-28634.4688,24.7289,1
-4703.1636,-28634.3926,24.9425,-4937.0693,-28758.8438,22.0543,-4704.1201,-28635.9766,25.8791,263.3896,-0.0013,0.0010,0.0773,1.0927,0.0943,-4702.2510,-28634.5645,24.7814,1
-4703.1636,-28634.3926,24.9425,-4936.9683,-28758.9863,22.0561,-4703.2324,-28634.7734,25.0442,264.7057,-0.0019,0.0005,0.0776,1.0929,0.0948,-4702.2847,-28634.6016,24.7950,1
-4703.1636,-28634.3926,24.9425,-4936.8652,-28759.1348,22.0575,-4702.3491,-28633.5742,24.1898,266.0215,-0.0024,0.0000,0.0777,1.0931,0.0949,-4702.2769,-28634.5762,24.7664,1
-4703.1636,-28634.3926,24.9425,-4936.7593,-28759.2852,22.0582,-4703.6812,-28635.8730,25.9071,263.7592,-0.0016,0.0010,0.0775,1.0928,0.0946,-4702.3364,-28634.6641,24.8223,1
-4703.1636,-28634.3926,24.9425,-4936.6514,-28759.4414,22.0584,-4704.3057,-28635.6973,25.8172,263.2668,-0.0020,0.0010,0.0771,1.0930,0.0941,-4702.4307,-28634.7441,24.8763,1
-4703.1636,-28634.3926,24.9425,-4936.5410,-28759.5977,22.0580,-4703.4653,-28634.4082,24.9385,264.5824,-0.0026,0.0005,0.0764,1.0928,0.0932,-4702.4878,-28634.7617,24.8883,1
-4703.1636,-28634.3926,24.9425,-4936.4282,-28759.7598,22.0570,-4702.5806,-28633.2168,24.0507,265.8978,-0.0031,0.0000,0.0755,1.0931,0.0921,-4702.5029,-28634.7148,24.8556,1
-4703.1636,-28634.3926,24.9425,-4936.3135,-28759.9238,22.0555,-4700.1094,-28634.9902,23.2894,267.2134,-0.0017,-0.0005,0.0744,1.0934,0.0908,-4702.3940,-28634.7520,24.7825,1
-4703.1636,-28634.3926,24.9425,-4936.1958,-28760.0918,22.0534,-4703.9077,-28634.4004,24.8004,264.1256,-0.0031,0.0005,0.0730,1.0933,0.0890,-4702.4692,-28634.7598,24.7811,1
-4703.1636,-28634.3926,24.9425,-4936.0762,-28760.2637,22.0507,-4703.7178,-28634.0156,24.8603,264.4533,-0.0033,0.0006,0.0714,1.0930,0.0869,-4702.5381,-28634.7461,24.7829,1
-4703.1636,-28634.3926,24.9425,-4935.9541,-28760.4395,22.0475,-4701.3003,-28633.0449,24.6306,267.0160,-0.0032,0.0005,0.0694,1.0925,0.0845,-4702.4888,-28634.6816,24.7735,1
-4703.1636,-28634.3926,24.9425,-4935.8301,-28760.6172,22.0437,-4700.5229,-28634.2754,23.1419,267.0834,-0.0025,-0.0004,0.0672,1.0923,0.0817,-4702.3970,-28634.6719,24.6894,1
-4703.1636,-28634.3926,24.9425,-4935.7036,-28760.7988,22.0394,-4704.7603,-28635.0000,25.7242,263.0048,-0.0033,0.0012,0.0647,1.0919,0.0786,-4702.5122,-28634.6992,24.7308,1
-4703.1636,-28634.3926,24.9425,-4935.5747,-28760.9824,22.0346,-4703.7861,-28633.4277,23.7003,264.5727,-0.0039,0.0001,0.0619,1.0914,0.0752,-4702.5840,-28634.6465,24.6740,1
-4703.1636,-28634.3926,24.9425,-4935.4434,-28761.1719,22.0296,-4701.6177,-28635.1406,23.9885,265.6339,-0.0024,0.0002,0.0587,1.0907,0.0713,-4702.5503,-28634.6758,24.6296,1
-4703.1636,-28634.3926,24.9425,-4935.3096,-28761.3633,22.0248,-4704.8765,-28636.0723,25.0658,262.3068,-0.0029,0.0009,0.0555,1.0905,0.0674,-4702.6763,-28634.7520,24.6380,1
-4703.1636,-28634.3926,24.9425,-4935.1719,-28761.5625,22.0202,-4704.9941,-28634.6504,25.7146,262.8676,-0.0037,0.0014,0.0525,1.0898,0.0638,-4702.8125,-28634.7617,24.6806,1
-4703.1636,-28634.3926,24.9425,-4935.0312,-28761.7637,22.0160,-4702.7344,-28634.8223,26.3573,264.7479,-0.0030,0.0018,0.0497,1.0890,0.0603,-4702.8403,-28634.7773,24.7584,1
-4703.1636,-28634.3926,24.9425,-4934.8877,-28761.9707,22.0121,-4703.1230,-28635.1035,24.1361,264.2230,-0.0030,0.0005,0.0470,1.0882,0.0571,-4702.8857,-28634.8066,24.7292,1
-4703.1636,-28634.3926,24.9425,-4934.7402,-28762.1836,22.0087,-4702.7832,-28633.3008,25.7261,265.3788,-0.0039,0.0015,0.0446,1.0877,0.0542,-4702.9126,-28634.7480,24.7780,1
-4703.1636,-28634.3926,24.9425,-4934.5898,-28762.4004,22.0056,-4705.1938,-28634.3711,25.7276,262.7259,-0.0040,0.0015,0.0423,1.0869,0.0515,-4703.0586,-28634.7363,24.8292,1
-4703.1636,-28634.3926,24.9425,-4934.4365,-28762.6211,22.0030,-4702.8491,-28635.8242,24.9316,264.0396,-0.0026,0.0010,0.0403,1.0859,0.0491,-4703.0903,-28634.7969,24.8425,1
-4703.1636,-28634.3926,24.9425,-4934.2798,-28762.8477,22.0008,-4701.7417,-28635.0664,24.6955,265.3445,-0.0028,0.0009,0.0385,1.0854,0.0469,-4703.0640,-28634.8203,24.8438,1
-4703.1636,-28634.3926,24.9425,-4934.1196,-28763.0781,21.9990,-4702.9541,-28636.6406,26.2602,263.5128,-0.0023,0.0019,0.0370,1.0847,0.0451,-4703.0928,-28634.9238,24.9226,1
-4703.1636,-28634.3926,24.9425,-4933.9565,-28763.3145,21.9976,-4702.8579,-28633.3105,23.3340,265.1581,-0.0041,0.0001,0.0358,1.0838,0.0436,-4703.1147,-28634.8652,24.8577,1
-4703.1636,-28634.3926,24.9425,-4933.7905,-28763.5547,21.9966,-4703.0059,-28635.6035,24.9484,263.8933,-0.0030,0.0011,0.0348,1.0831,0.0425,-4703.1421,-28634.9141,24.8692,1
-4703.1636,-28634.3926,24.9425,-4933.6211,-28763.8008,21.9959,-4702.2153,-28634.2520,24.0912,265.2063,-0.0035,0.0006,0.0342,1.0824,0.0417,-4703.1274,-28634.8984,24.8377,1
-4703.1636,-28634.3926,24.9425,-4933.4482,-28764.0508,21.9955,-4701.5796,-28634.1562,23.7190,265.7778,-0.0034,0.0004,0.0338,1.0814,0.0412,-4703.0771,-28634.8750,24.7854,1
-4703.1636,-28634.3926,24.9425,-4933.2729,-28764.3047,21.9955,-4704.0044,-28636.6523,25.7987,262.4320,-0.0028,0.0017,0.0337,1.0803,0.0410,-4703.1436,-28634.9727,24.8344,1
-4703.1636,-28634.3926,24.9425,-4933.0942,-28764.5645,21.9958,-4702.7534,-28633.4668,24.0878,265.0405,-0.0042,0.0006,0.0338,1.0797,0.0412,-4703.1479,-28634.9160,24.8002,1
-4703.1636,-28634.3926,24.9425,-4932.9121,-28764.8281,21.9964,-4702.3877,-28634.0215,24.1189,265.0569,-0.0039,0.0007,0.0343,1.0791,0.0417,-4703.1318,-28634.8828,24.7657,1
-4703.1636,-28634.3926,24.9425,-4932.7275,-28765.0957,21.9972,-4701.6323,-28632.6934,26.6127,266.3694,-0.0045,0.0022,0.0350,1.0786,0.0425,-4703.0757,-28634.7793,24.8544,1
-4703.1636,-28634.3926,24.9425,-4932.5400,-28765.3691,21.9983,-4701.6260,-28633.3848,24.5668,265.9812,-0.0041,0.0009,0.0356,1.0771,0.0432,-4703.0142,-28634.7051,24.8451,1
-4703.1636,-28634.3926,24.9425,-4932.3506,-28765.6445,21.9993,-4703.6104,-28634.6719,24.9662,263.5949,-0.0039,0.0012,0.0355,1.0751,0.0431,-4703.0483,-28634.6934,24.8549,1
-4703.1636,-28634.3926,24.9425,-4932.1602,-28765.9199,21.9999,-4704.6587,-28634.7656,25.5472,262.6181,-0.0038,0.0015,0.0343,1.0717,0.0420,-4703.1357,-28634.6875,24.8938,1
-4703.1636,-28634.3926,24.9425,-4931.9683,-28766.1973,22.0001,-4701.3135,-28633.3379,26.7817,266.2188,-0.0030,0.0022,0.0321,1.0671,0.0399,-4703.0591,-28634.6094,24.9958,1
-4703.1636,-28634.3926,24.9425,-4931.7754,-28766.4746,21.9995,-4705.0020,-28635.0371,25.8784,262.1341,-0.0025,0.0016,0.0290,1.0613,0.0368,-4703.1621,-28634.6133,25.0564,1
-4703.1636,-28634.3926,24.9425,-4931.5796,-28766.7539,21.9983,-4702.8633,-28631.2480,25.5102,265.8624,-0.0030,0.0013,0.0261,1.0549,0.0339,-4703.1626,-28634.4316,25.0997,1
-4703.1636,-28634.3926,24.9425,-4931.3813,-28767.0391,21.9968,-4704.9551,-28629.8418,24.3801,264.7568,-0.0036,0.0006,0.0241,1.0488,0.0320,-4703.2656,-28634.1719,25.0863,1
-4703.1636,-28634.3926,24.9425,-4931.1792,-28767.3281,21.9951,-4704.7344,-28630.5273,26.9630,264.5996,-0.0024,0.0021,0.0227,1.0426,0.0308,-4703.3613,-28633.9375,25.1993,1
-4703.1636,-28634.3926,24.9425,-4930.9736,-28767.6191,21.9935,-4705.2139,-28634.7480,25.8261,261.9819,0.0003,0.0014,0.0218,1.0368,0.0301,-4703.4829,-28633.9082,25.2586,1
-4703.1636,-28634.3926,24.9425,-4930.7646,-28767.9160,21.9921,-4703.6582,-28631.8242,25.7628,264.7828,-0.0000,0.0013,0.0214,1.0312,0.0299,-4703.5293,-28633.7402,25.3146,1
-4703.1636,-28634.3926,24.9425,-4930.5522,-28768.2168,21.9912,-4704.2993,-28632.5723,26.3749,263.8300,0.0008,0.0016,0.0212,1.0258,0.0300,-4703.6060,-28633.6074,25.4006,1
-4703.1636,-28634.3926,24.9425,-4930.3359,-28768.5215,21.9907,-4704.0386,-28628.4766,26.4019,266.1574,-0.0007,0.0016,0.0212,1.0208,0.0305,-4703.6689,-28633.2715,25.4885,1
-4703.1636,-28634.3926,24.9425,-4930.1162,-28768.8320,21.9907,-4703.1260,-28634.5312,25.6677,263.7669,0.0032,0.0011,0.0215,1.0162,0.0312,-4703.6855,-28633.2305,25.5400,1
-4703.1636,-28634.3926,24.9425,-4929.8926,-28769.1445,21.9913,-4704.9678,-28632.6172,25.0732,263.1331,0.0022,0.0007,0.0220,1.0117,0.0321,-4703.7905,-28633.1035,25.5597,1
-4703.1636,-28634.3926,24.9425,-4929.6650,-28769.4609,21.9923,-4705.2915,-28631.3711,26.8285,263.5012,0.0019,0.0017,0.0225,1.0071,0.0332,-4703.9121,-28632.9160,25.6638,1
-4703.1636,-28634.3926,24.9425,-4929.4336,-28769.7812,21.9937,-4703.0615,-28632.7344,26.2869,264.6548,0.0037,0.0013,0.0233,1.0030,0.0345,-4703.9229,-28632.8008,25.7414,1
-4703.1636,-28634.3926,24.9425,-4929.1982,-28770.1074,21.9956,-4704.2349,-28634.1406,24.6050,262.8722,0.0043,0.0002,0.0242,0.9999,0.0360,-4703.9878,-28632.7598,25.7338,1
-4703.1636,-28634.3926,24.9425,-4928.9595,-28770.4355,21.9977,-4700.5698,-28633.4277,24.0947,266.3403,0.0053,-0.0002,0.0252,0.9971,0.0377,-4703.8672,-28632.6934,25.6954,1
-4703.1636,-28634.3926,24.9425,-4928.7163,-28770.7676,22.0002,-4704.6064,-28634.3984,26.6175,262.3747,0.0047,0.0013,0.0265,0.9944,0.0396,-4703.9385,-28632.6816,25.7771,1
-4703.1636,-28634.3926,24.9425,-4928.4688,-28771.1035,22.0029,-4705.5586,-28634.0254,26.1149,261.7145,0.0044,0.0010,0.0278,0.9920,0.0417,-4704.0566,-28632.6602,25.8338,1
-4703.1636,-28634.3926,24.9425,-4928.2178,-28771.4434,22.0058,-4701.0474,-28635.3164,24.8448,264.8482,0.0064,0.0001,0.0294,0.9906,0.0440,-4703.9512,-28632.7109,25.8255,1
-4703.1636,-28634.3926,24.9425,-4927.9624,-28771.7871,22.0089,-4703.5156,-28636.3477,24.0851,262.1549,0.0061,-0.0004,0.0310,0.9893,0.0464,-4703.9595,-28632.8242,25.7747,1
-4703.1636,-28634.3926,24.9425,-4927.7031,-28772.1348,22.0121,-4704.1470,-28635.2070,26.6095,262.1937,0.0053,0.0011,0.0328,0.9880,0.0489,-4703.9971,-28632.8926,25.8443,1
-4703.1636,-28634.3926,24.9425,-4927.4395,-28772.4844,22.0154,-4703.3062,-28633.9766,25.8698,263.5026,0.0047,0.0006,0.0348,0.9874,0.0516,-4703.9912,-28632.9082,25.8772,1
-4703.1636,-28634.3926,24.9425,-4927.1719,-28772.8398,22.0188,-4704.7554,-28635.5586,26.5677,261.4083,0.0048,0.0010,0.0368,0.9872,0.0544,-4704.0547,-28633.0059,25.9433,1
-4703.1636,-28634.3926,24.9425,-4926.9004,-28773.1973,22.0222,-4700.1157,-28634.2793,24.0739,265.9601,0.0053,-0.0007,0.0390,0.9875,0.0573,-4703.8867,-28633.0488,25.8846,1
-4703.1636,-28634.3926,24.9425,-4926.6245,-28773.5586,22.0257,-4702.4253,-28634.0371,25.1886,264.0855,0.0041,0.0000,0.0412,0.9878,0.0602,-4703.8237,-28633.0840,25.8755,1
-4703.1636,-28634.3926,24.9425,-4926.3447,-28773.9238,22.0291,-4702.7456,-28634.9258,25.8161,263.3071,0.0042,0.0003,0.0433,0.9880,0.0631,-4703.7729,-28633.1641,25.8947,1
-4703.1636,-28634.3926,24.9425,-4926.0615,-28774.2910,22.0325,-4701.1768,-28635.1934,24.8193,264.4419,0.0044,-0.0003,0.0452,0.9886,0.0657,-4703.6411,-28633.2656,25.8628,1
-4703.1636,-28634.3926,24.9425,-4925.7749,-28774.6621,22.0359,-4700.1655,-28634.2422,24.0730,265.7491,0.0038,-0.0008,0.0468,0.9892,0.0680,-4703.4526,-28633.3223,25.7900,1
-4703.1636,-28634.3926,24.9425,-4925.4854,-28775.0371,22.0391,-4703.7339,-28635.9629,26.5868,261.7906,0.0033,0.0007,0.0480,0.9895,0.0699,-4703.4360,-28633.4668,25.8378,1
-4703.1636,-28634.3926,24.9425,-4925.1929,-28775.4121,22.0422,-4700.9966,-28637.7832,25.9680,263.0979,0.0047,0.0002,0.0490,0.9899,0.0715,-4703.2847,-28633.7070,25.8561,1
-4703.1636,-28634.3926,24.9425,-4924.8979,-28775.7910,22.0449,-4701.4033,-28634.8828,24.7987,264.2223,0.0027,-0.0005,0.0497,0.9905,0.0727,-4703.1499,-28633.8125,25.8156,1
-4703.1636,-28634.3926,24.9425,-4924.6001,-28776.1719,22.0472,-4704.1953,-28635.3047,23.6101,261.5841,0.0016,-0.0012,0.0502,0.9913,0.0736,-4703.1528,-28633.9375,25.7126,1
-4703.1636,-28634.3926,24.9425,-4924.2998,-28776.5547,22.0492,-4702.5288,-28637.4395,24.3153,261.8049,0.0028,-0.0009,0.0505,0.9921,0.0742,-4703.0771,-28634.1699,25.6395,1
-4703.1636,-28634.3926,24.9425,-4923.9971,-28776.9395,22.0506,-4702.0908,-28637.2852,25.8921,262.2220,0.0025,0.0000,0.0507,0.9929,0.0746,-4702.9810,-28634.4004,25.6423,1
-4703.1636,-28634.3926,24.9425,-4923.6914,-28777.3281,22.0516,-4701.5542,-28634.6992,24.7447,264.0002,0.0008,-0.0006,0.0507,0.9939,0.0748,-4702.8579,-28634.5039,25.5888,1
-4703.1636,-28634.3926,24.9425,-4923.3833,-28777.7188,22.0521,-4700.4775,-28633.8613,23.9190,265.3056,0.0003,-0.0011,0.0506,0.9949,0.0748,-4702.6807,-28634.5605,25.4924,1
-4703.1636,-28634.3926,24.9425,-4923.0728,-28778.1113,22.0521,-4701.5630,-28634.4941,25.3328,264.0137,-0.0002,-0.0003,0.0504,0.9959,0.0746,-4702.5562,-28634.6445,25.4637,1
-4703.1636,-28634.3926,24.9425,-4922.7598,-28778.5059,22.0517,-4699.3345,-28636.1465,24.4203,264.9378,0.0008,-0.0009,0.0502,0.9974,0.0743,-4702.3208,-28634.8047,25.3902,1
-4703.1636,-28634.3926,24.9425,-4922.4438,-28778.9023,22.0508,-4701.0894,-28635.1621,23.3835,263.9369,-0.0007,-0.0014,0.0498,0.9985,0.0737,-4702.1704,-28634.9141,25.2637,1
-4703.1636,-28634.3926,24.9425,-4922.1255,-28779.3027,22.0495,-4700.7295,-28633.5352,23.7197,265.0826,-0.0019,-0.0011,0.0494,0.9993,0.0728,-4702.0039,-28634.9395,25.1509,1
-4703.1636,-28634.3926,24.9425,-4921.8047,-28779.7051,22.0479,-4702.2056,-28637.3613,25.7026,261.7224,-0.0009,0.0001,0.0489,1.0005,0.0719,-4701.9136,-28635.1465,25.1357,1
-4703.1636,-28634.3926,24.9425,-4921.4814,-28780.1094,22.0458,-4701.1938,-28637.5039,25.2157,262.4370,-0.0010,-0.0001,0.0484,1.0017,0.0707,-4701.7783,-28635.3613,25.0997,1
-4703.1636,-28634.3926,24.9425,-4921.1558,-28780.5156,22.0435,-4705.4146,-28635.1621,26.0001,260.1667,-0.0040,0.0006,0.0478,1.0023,0.0692,-4701.8579,-28635.4590,25.1054,1
-4703.1636,-28634.3926,24.9425,-4920.8276,-28780.9238,22.0408,-4703.0991,-28637.7715,24.1904,260.5830,-0.0023,-0.0005,0.0471,1.0028,0.0676,-4701.8354,-28635.6816,25.0248,1
-4703.1636,-28634.3926,24.9425,-4920.4971,-28781.3359,22.0377,-4702.6836,-28637.7383,25.8208,260.9136,-0.0025,0.0006,0.0463,1.0034,0.0657,-4701.7998,-28635.9004,25.0255,1
-4703.1636,-28634.3926,24.9425,-4920.1641,-28781.7500,22.0344,-4701.9062,-28637.6992,25.8991,261.5345,-0.0027,0.0008,0.0454,1.0041,0.0637,-4701.7314,-28636.1172,25.0341,1
-4703.1636,-28634.3926,24.9425,-4919.8296,-28782.1641,22.0306,-4702.3789,-28633.6445,24.4520,263.3405,-0.0053,0.0001,0.0436,1.0042,0.0607,-4701.6909,-28636.1270,24.9743,1
-4703.1636,-28634.3926,24.9425,-4919.4941,-28782.5781,22.0261,-4699.8721,-28634.9316,23.5471,264.6432,-0.0038,-0.0004,0.0406,1.0024,0.0564,-4701.5308,-28636.1895,24.8696,1
-4703.1636,-28634.3926,24.9425,-4919.1582,-28782.9922,22.0210,-4703.4136,-28633.5117,25.0868,262.4845,-0.0056,0.0007,0.0362,0.9995,0.0508,-4701.5474,-28636.1719,24.8404,1
-4703.1636,-28634.3926,24.9425,-4918.8213,-28783.4043,22.0151,-4701.8213,-28634.9961,23.3843,262.9003,-0.0039,-0.0004,0.0306,0.9950,0.0441,-4701.4927,-28636.2148,24.7289,1
-4703.1636,-28634.3926,24.9425,-4918.4839,-28783.8164,22.0084,-4704.2095,-28634.4980,24.0866,261.1768,-0.0041,0.0000,0.0240,0.9877,0.0365,-4701.5620,-28636.2246,24.6513,1
-4703.1636,-28634.3926,24.9425,-4918.1450,-28784.2266,22.0008,-4703.4097,-28631.4277,23.7243,263.5567,-0.0043,-0.0003,0.0167,0.9795,0.0283,-4701.6006,-28636.0723,24.5567,1
-4703.1636,-28634.3926,24.9425,-4917.8037,-28784.6387,21.9926,-4706.9907,-28631.6895,26.6199,260.4884,-0.0044,0.0014,0.0095,0.9708,0.0205,-4701.8262,-28635.9180,24.6074,1
-4703.1636,-28634.3926,24.9425,-4917.4585,-28785.0508,21.9850,-4707.4229,-28628.8281,25.9258,261.7902,-0.0049,0.0009,0.0037,0.9624,0.0141,-4702.0874,-28635.6055,24.6309,1
-4703.1636,-28634.3926,24.9425,-4917.1084,-28785.4648,21.9785,-4704.2256,-28631.1992,24.6130,262.9139,-0.0016,0.0001,-0.0003,0.9536,0.0091,-4702.2021,-28635.3945,24.5941,1
-4703.1636,-28634.3926,24.9425,-4916.7549,-28785.8789,21.9739,-4706.3262,-28632.9941,24.2987,260.1141,-0.0005,-0.0001,-0.0029,0.9454,0.0057,-4702.4268,-28635.2617,24.5435,1
-4703.1636,-28634.3926,24.9425,-4916.3970,-28786.2949,21.9714,-4707.3477,-28631.2930,26.2166,260.2755,-0.0007,0.0011,-0.0047,0.9371,0.0037,-4702.7104,-28635.0410,24.5901,1
-4703.1636,-28634.3926,24.9425,-4916.0352,-28786.7109,21.9706,-4707.6704,-28628.6133,25.4997,261.5764,-0.0012,0.0006,-0.0056,0.9295,0.0030,-4703.0195,-28634.6777,24.6067,1
-4703.1636,-28634.3926,24.9425,-4915.6689,-28787.1289,21.9712,-4702.2974,-28633.9512,24.7898,262.6750,0.0041,0.0000,-0.0057,0.9222,0.0035,-4703.0674,-28634.5684,24.5914,1
-4703.1636,-28634.3926,24.9425,-4915.2983,-28787.5488,21.9727,-4702.4888,-28631.3770,24.1172,263.9749,0.0036,-0.0005,-0.0052,0.9153,0.0048,-4703.1191,-28634.3340,24.5442,1
-4703.1636,-28634.3926,24.9425,-4914.9233,-28787.9707,21.9749,-4706.8926,-28632.0117,26.6877,260.0385,0.0030,0.0010,-0.0041,0.9086,0.0069,-4703.3848,-28634.1270,24.6258,1
-4703.1636,-28634.3926,24.9425,-4914.5435,-28788.3926,21.9775,-4707.0464,-28629.5605,26.0214,261.3385,0.0025,0.0005,-0.0025,0.9020,0.0096,-4703.6626,-28633.7988,24.6803,1
-4703.1636,-28634.3926,24.9425,-4914.1587,-28788.8145,21.9803,-4702.2217,-28634.1074,24.8035,262.4112,0.0069,-0.0003,-0.0007,0.8968,0.0125,-4703.7021,-28633.6914,24.6779,1
-4703.1636,-28634.3926,24.9425,-4913.7690,-28789.2402,21.9834,-4701.9897,-28632.1211,24.1536,263.7100,0.0064,-0.0008,0.0012,0.8925,0.0157,-4703.7207,-28633.4941,24.6438,1
-4703.1636,-28634.3926,24.9425,-4913.3745,-28789.6660,21.9870,-4705.9365,-28633.3594,26.7856,259.7770,0.0058,0.0007,0.0030,0.8886,0.0191,-4703.9272,-28633.3594,24.7405,1
-4703.1636,-28634.3926,24.9425,-4912.9756,-28790.0938,21.9908,-4703.6797,-28634.0879,26.2740,261.0758,0.0073,0.0002,0.0048,0.8847,0.0226,-4704.0205,-28633.2695,24.8170,1
-4703.1636,-28634.3926,24.9425,-4912.5713,-28790.5215,21.9948,-4701.9600,-28634.5117,24.9606,262.1181,0.0081,-0.0008,0.0065,0.8826,0.0261,-4704.0215,-28633.2090,24.8313,1
-4703.1636,-28634.3926,24.9425,-4912.1621,-28790.9531,21.9989,-4701.3062,-28633.0938,24.4462,263.4156,0.0075,-0.0013,0.0080,0.8810,0.0296,-4703.9790,-28633.0879,24.8198,1
-4703.1636,-28634.3926,24.9425,-4911.7480,-28791.3867,22.0030,-4704.8760,-28634.8262,27.1549,259.4865,0.0069,0.0002,0.0095,0.8794,0.0330,-4704.1045,-28633.0586,24.9424,1
-4703.1636,-28634.3926,24.9425,-4911.3291,-28791.8203,22.0075,-4700.7124,-28634.1406,25.9270,263.1324,0.0080,-0.0008,0.0111,0.8780,0.0364,-4704.0186,-28633.0059,25.0086,1
-4703.1636,-28634.3926,24.9425,-4910.9053,-28792.2578,22.0124,-4701.8403,-28634.7129,24.9218,261.7997,0.0075,-0.0016,0.0128,0.8781,0.0398,-4703.9775,-28632.9883,25.0258,1
-4703.1636,-28634.3926,24.9425,-4910.4766,-28792.6953,22.0178,-4700.8599,-28633.7246,24.3112,263.0958,0.0069,-0.0021,0.0146,0.8784,0.0431,-4703.8784,-28632.9336,25.0111,1
-4703.1636,-28634.3926,24.9425,-4910.0435,-28793.1348,22.0234,-4704.1304,-28635.8281,26.8775,259.1709,0.0063,-0.0006,0.0165,0.8786,0.0463,-4703.9331,-28632.9883,25.1219,1
-4703.1636,-28634.3926,24.9425,-4909.6064,-28793.5742,22.0291,-4701.1133,-28637.5176,26.3031,260.4670,0.0078,-0.0011,0.0184,0.8792,0.0494,-4703.8345,-28633.1406,25.2073,1
-4703.1636,-28634.3926,24.9425,-4909.1655,-28794.0156,22.0349,-4701.9263,-28634.6387,24.7736,261.4566,0.0055,-0.0020,0.0203,0.8802,0.0524,-4703.7686,-28633.1621,25.2174,1
-4703.1636,-28634.3926,24.9425,-4908.7202,-28794.4590,22.0407,-4700.8428,-28633.7812,24.0589,262.7512,0.0050,-0.0025,0.0223,0.8811,0.0554,-4703.6421,-28633.1484,25.1891,1
-4703.1636,-28634.3926,24.9425,-4908.2715,-28794.9043,22.0463,-4702.0254,-28638.5938,26.6902,258.8308,0.0064,-0.0010,0.0242,0.8818,0.0583,-4703.5674,-28633.3770,25.2880,1
-4703.1636,-28634.3926,24.9425,-4907.8188,-28795.3496,22.0517,-4700.9028,-28637.7637,26.0112,260.1255,0.0059,-0.0015,0.0260,0.8827,0.0613,-4703.4321,-28633.5801,25.3551,1
-4703.1636,-28634.3926,24.9425,-4907.3628,-28795.7969,22.0569,-4702.1367,-28634.4160,24.7480,261.0982,0.0032,-0.0023,0.0277,0.8839,0.0641,-4703.3530,-28633.6270,25.3590,1
-4703.1636,-28634.3926,24.9425,-4906.9033,-28796.2461,22.0617,-4701.1040,-28634.0234,25.8391,262.0812,0.0028,-0.0017,0.0295,0.8852,0.0667,-4703.2202,-28633.6562,25.4141,1
-4703.1636,-28634.3926,24.9425,-4906.4414,-28796.6953,22.0662,-4702.0073,-28638.5996,26.5814,258.4758,0.0041,-0.0013,0.0312,0.8865,0.0691,-4703.1284,-28633.9141,25.5058,1
-4703.1636,-28634.3926,24.9425,-4905.9766,-28797.1465,22.0703,-4700.7075,-28637.9980,25.8085,259.7688,0.0035,-0.0018,0.0329,0.8886,0.0714,-4702.9707,-28634.1504,25.5595,1
-4703.1636,-28634.3926,24.9425,-4905.5088,-28797.5996,22.0739,-4702.2773,-28634.2930,24.6289,260.7345,0.0004,-0.0024,0.0345,0.8903,0.0736,-4702.8882,-28634.2109,25.5529,1
-4703.1636,-28634.3926,24.9425,-4905.0381,-28798.0527,22.0772,-4699.0054,-28636.1875,23.9236,262.0259,0.0019,-0.0029,0.0362,0.8921,0.0755,-4702.6431,-28634.3633,25.5067,1
-4703.1636,-28634.3926,24.9425,-4904.5645,-28798.5078,22.0802,-4701.8745,-28638.7559,26.2506,258.1154,0.0013,-0.0014,0.0379,0.8943,0.0774,-4702.5356,-28634.6465,25.5713,1
-4703.1636,-28634.3926,24.9425,-4904.0879,-28798.9648,22.0830,-4700.5068,-28638.2383,25.3296,259.4068,0.0008,-0.0019,0.0397,0.8968,0.0792,-4702.3613,-28634.9082,25.5900,1
-4703.1636,-28634.3926,24.9425,-4903.6089,-28799.4238,22.0854,-4702.5068,-28634.0664,24.4354,260.3727,-0.0027,-0.0022,0.0416,0.8986,0.0808,-4702.2871,-28634.9668,25.5617,1
-4703.1636,-28634.3926,24.9425,-4903.1270,-28799.8828,22.0877,-4699.2026,-28635.9453,23.5742,261.6624,-0.0013,-0.0027,0.0435,0.9003,0.0823,-4702.0522,-28635.1113,25.4861,1
-4703.1636,-28634.3926,24.9425,-4902.6421,-28800.3438,22.0896,-4699.4419,-28637.8848,23.2472,260.1711,-0.0012,-0.0028,0.0454,0.9025,0.0837,-4701.8267,-28635.3496,25.3885,1
-4703.1636,-28634.3926,24.9425,-4902.1548,-28800.8066,22.0913,-4700.7095,-28637.9707,24.6947,259.0465,-0.0024,-0.0017,0.0474,0.9048,0.0849,-4701.6641,-28635.5918,25.3573,1
-4703.1636,-28634.3926,24.9425,-4901.6655,-28801.2715,22.0926,-4702.8447,-28633.7246,24.2916,260.0166,-0.0059,-0.0016,0.0493,0.9061,0.0861,-4701.6113,-28635.6230,25.3043,1
-4703.1636,-28634.3926,24.9425,-4901.1733,-28801.7363,22.0938,-4699.5142,-28635.5762,23.3478,261.3048,-0.0044,-0.0021,0.0512,0.9078,0.0871,-4701.4009,-28635.7344,25.2017,1
-4703.1636,-28634.3926,24.9425,-4900.6782,-28802.2051,22.0946,-4701.3940,-28638.1797,22.7971,258.1126,-0.0046,-0.0023,0.0530,0.9095,0.0880,-4701.2856,-28635.9707,25.0673,1
-4703.1636,-28634.3926,24.9425,-4900.1816,-28802.6758,22.0953,-4700.2773,-28639.6738,23.8808,257.9471,-0.0041,-0.0014,0.0548,0.9109,0.0888,-4701.1211,-28636.2812,24.9826,1
-4703.1636,-28634.3926,24.9425,-4899.6821,-28803.1465,22.0956,-4702.2593,-28635.6230,23.7795,258.9298,-0.0073,-0.0011,0.0564,0.9115,0.0894,-4701.0591,-28636.3906,24.8915,1
-4703.1636,-28634.3926,24.9425,-4899.1807,-28803.6211,22.0958,-4701.3184,-28634.6543,25.8865,260.2166,-0.0078,0.0004,0.0579,0.9122,0.0898,-4700.9595,-28636.4414,24.9047,1
-4703.1636,-28634.3926,24.9425,-4898.6772,-28804.0977,22.0957,-4700.2300,-28633.8164,24.7376,261.5031,-0.0084,-0.0001,0.0594,0.9131,0.0902,-4700.8125,-28636.4395,24.8648,1
-4703.1636,-28634.3926,24.9425,-4898.1714,-28804.5742,22.0953,-4699.5503,-28635.9121,24.5349,260.5817,-0.0077,-0.0001,0.0607,0.9136,0.0904,-4700.6357,-28636.5293,24.8160,1
-4703.1636,-28634.3926,24.9425,-4897.6636,-28805.0547,22.0948,-4702.6963,-28635.1621,23.7552,258.6093,-0.0096,-0.0003,0.0617,0.9131,0.0903,-4700.6196,-28636.5723,24.7294,1
-4703.1636,-28634.3926,24.9425,-4897.1538,-28805.5371,22.0940,-4701.9814,-28633.9531,25.8666,259.8946,-0.0102,0.0012,0.0627,0.9126,0.0901,-4700.5791,-28636.5469,24.7477,1
-4703.1636,-28634.3926,24.9425,-4896.6421,-28806.0234,22.0930,-4698.9912,-28635.3125,24.9154,261.1797,-0.0087,0.0007,0.0634,0.9121,0.0897,-4700.3979,-28636.5781,24.7232,1
-4703.1636,-28634.3926,24.9425,-4896.1284,-28806.5098,22.0919,-4702.0400,-28637.6172,23.7654,257.2878,-0.0093,0.0002,0.0640,0.9117,0.0892,-4700.3711,-28636.7168,24.6433,1
-4703.1636,-28634.3926,24.9425,-4895.6128,-28807.0000,22.0905,-4703.6436,-28634.3828,23.3937,258.1663,-0.0117,0.0002,0.0644,0.9103,0.0884,-4700.4341,-28636.6914,24.5445,1
-4703.1636,-28634.3926,24.9425,-4895.0957,-28807.4902,22.0889,-4701.6152,-28635.7266,24.1420,258.7279,-0.0103,0.0008,0.0645,0.9085,0.0875,-4700.4092,-28636.7227,24.4823,1
-4703.1636,-28634.3926,24.9425,-4894.5767,-28807.9863,22.0870,-4702.3047,-28636.0605,22.8961,257.9281,-0.0106,0.0002,0.0644,0.9063,0.0864,-4700.4253,-28636.7637,24.3592,1
-4703.1636,-28634.3926,24.9425,-4894.0557,-28808.4824,22.0850,-4703.2388,-28636.3340,23.9097,256.9968,-0.0109,0.0010,0.0642,0.9041,0.0851,-4700.4971,-28636.8145,24.2856,1
-4703.1636,-28634.3926,24.9425,-4893.5332,-28808.9805,22.0828,-4703.6030,-28634.2812,23.8096,258.0589,-0.0120,0.0011,0.0637,0.9014,0.0836,-4700.5972,-28636.7559,24.2088,1
-4703.1636,-28634.3926,24.9425,-4893.0093,-28809.4824,22.0804,-4703.4053,-28632.5723,26.0226,259.3419,-0.0126,0.0026,0.0630,0.8982,0.0820,-4700.6973,-28636.6016,24.2445,1
-4703.1636,-28634.3926,24.9425,-4892.4834,-28809.9863,22.0777,-4700.8184,-28633.3965,25.1788,260.6246,-0.0111,0.0021,0.0622,0.8953,0.0802,-4700.6768,-28636.4785,24.2451,1
-4703.1636,-28634.3926,24.9425,-4891.9561,-28810.4922,22.0749,-4704.2695,-28635.3125,24.1484,256.7399,-0.0117,0.0016,0.0612,0.8922,0.0783,-4700.8306,-28636.4414,24.1989,1
-4703.1636,-28634.3926,24.9425,-4891.4268,-28811.0020,22.0718,-4704.0850,-28633.8477,23.8612,257.8393,-0.0121,0.0015,0.0599,0.8883,0.0762,-4700.9844,-28636.3262,24.1403,1
-4703.1636,-28634.3926,24.9425,-4890.8960,-28811.5137,22.0686,-4701.7920,-28634.3965,26.3090,259.1213,-0.0106,0.0030,0.0585,0.8845,0.0740,-4701.0317,-28636.2324,24.2056,1
-4703.1636,-28634.3926,24.9425,-4890.3638,-28812.0273,22.0651,-4701.6230,-28632.6387,25.3782,260.4031,-0.0112,0.0025,0.0570,0.8806,0.0717,-4701.0718,-28636.0449,24.2317,1
-4703.1636,-28634.3926,24.9425,-4889.8296,-28812.5430,22.0614,-4705.2339,-28634.4277,24.4219,256.5212,-0.0118,0.0020,0.0553,0.8764,0.0693,-4701.2930,-28635.9414,24.2144,1
-4703.1636,-28634.3926,24.9425,-4889.2939,-28813.0605,22.0575,-4704.4897,-28633.5176,23.9232,257.6605,-0.0116,0.0017,0.0534,0.8718,0.0667,-4701.4858,-28635.7891,24.1740,1
-4703.1636,-28634.3926,24.9425,-4888.7563,-28813.5820,22.0534,-4702.3833,-28633.8535,26.4258,258.9417,-0.0101,0.0032,0.0514,0.8669,0.0640,-4701.5791,-28635.6484,24.2596,1
-4703.1636,-28634.3926,24.9425,-4888.2173,-28814.1055,22.0491,-4702.3760,-28631.9766,25.5728,260.2229,-0.0107,0.0027,0.0492,0.8623,0.0613,-4701.6709,-28635.4141,24.3090,1
-4703.1636,-28634.3926,24.9425,-4887.6763,-28814.6309,22.0447,-4706.0835,-28633.7090,24.7085,256.3431,-0.0112,0.0022,0.0469,0.8575,0.0584,-4701.9468,-28635.2598,24.3191,1
-4703.1636,-28634.3926,24.9425,-4887.1343,-28815.1582,22.0403,-4702.5942,-28635.5430,24.1509,257.5237,-0.0086,0.0017,0.0443,0.8524,0.0554,-4702.0557,-28635.1973,24.3027,1
-4703.1636,-28634.3926,24.9425,-4886.5903,-28815.6875,22.0358,-4702.7139,-28633.6074,26.6741,258.8044,-0.0091,0.0032,0.0415,0.8477,0.0524,-4702.1675,-28635.0430,24.4126,1
-4703.1636,-28634.3926,24.9425,-4886.0439,-28816.2207,22.0314,-4702.7354,-28631.7441,25.9805,260.0851,-0.0097,0.0027,0.0387,0.8431,0.0495,-4702.2773,-28634.7969,24.4936,1
-4703.1636,-28634.3926,24.9425,-4885.4961,-28816.7578,22.0269,-4706.3760,-28633.5879,25.2341,256.2068,-0.0102,0.0022,0.0361,0.8385,0.0467,-4702.5664,-28634.6387,24.5407,1
-4703.1636,-28634.3926,24.9425,-4884.9453,-28817.2969,22.0227,-4702.7598,-28635.4258,24.2044,257.4312,-0.0076,0.0014,0.0336,0.8340,0.0443,-4702.6792,-28634.5762,24.5373,1
-4703.1636,-28634.3926,24.9425,-4884.3911,-28817.8398,22.0188,-4702.7729,-28633.6406,26.7367,258.7117,-0.0082,0.0029,0.0316,0.8299,0.0422,-4702.7871,-28634.4316,24.6591,1
-4703.1636,-28634.3926,24.9425,-4883.8345,-28818.3867,22.0156,-4702.7266,-28631.8809,25.9805,259.9921,-0.0087,0.0024,0.0299,0.8257,0.0404,-4702.8877,-28634.2012,24.7474,1
-4703.1636,-28634.3926,24.9425,-4883.2744,-28818.9355,22.0131,-4706.3032,-28633.8145,25.1251,256.1147,-0.0093,0.0019,0.0287,0.8213,0.0389,-4703.1611,-28634.0684,24.7947,1
-4703.1636,-28634.3926,24.9425,-4882.7109,-28819.4902,22.0112,-4702.8696,-28635.3691,24.0497,257.3827,-0.0070,0.0012,0.0277,0.8175,0.0378,-4703.2646,-28634.0176,24.7875,1
-4703.1636,-28634.3926,24.9425,-4882.1450,-28820.0469,22.0100,-4702.2993,-28634.0957,23.8096,258.6963,-0.0072,0.0010,0.0270,0.8138,0.0369,-4703.3325,-28633.9141,24.7650,1
-4703.1636,-28634.3926,24.9425,-4881.5757,-28820.6074,22.0094,-4702.7124,-28632.0098,25.6241,259.9434,-0.0081,0.0022,0.0266,0.8100,0.0363,-4703.4126,-28633.7109,24.8295,1
-4703.1636,-28634.3926,24.9425,-4881.0034,-28821.1699,22.0093,-4703.8623,-28636.2754,24.8095,256.0662,-0.0067,0.0017,0.0263,0.8059,0.0360,-4703.5430,-28633.7227,24.8540,1
-4703.1636,-28634.3926,24.9425,-4880.4282,-28821.7363,22.0097,-4703.0771,-28635.2227,24.0169,257.3761,-0.0067,0.0012,0.0263,0.8025,0.0360,-4703.6289,-28633.6953,24.8375,1
-4703.1636,-28634.3926,24.9425,-4879.8501,-28822.3066,22.0106,-4702.9751,-28633.6172,26.4283,258.6567,-0.0073,0.0027,0.0264,0.7990,0.0362,-4703.7026,-28633.5957,24.9383,1
-4703.1636,-28634.3926,24.9425,-4879.2700,-28822.8789,22.0117,-4704.1685,-28636.3535,23.9829,255.8400,-0.0066,0.0012,0.0264,0.7955,0.0363,-4703.8286,-28633.6387,24.9192,1
-4703.1636,-28634.3926,24.9425,-4878.6890,-28823.4512,22.0127,-4703.8726,-28636.3652,24.8074,256.0594,-0.0064,0.0017,0.0260,0.7917,0.0359,-4703.9355,-28633.6934,24.9376,1
-4703.1636,-28634.3926,24.9425,-4878.1084,-28824.0254,22.0135,-4703.3071,-28635.0684,24.0267,257.4142,-0.0067,0.0012,0.0253,0.7886,0.0349,-4704.0083,-28633.6934,24.9154,1
-4703.1636,-28634.3926,24.9425,-4877.5278,-28824.5977,22.0137,-4703.1660,-28633.5332,26.4677,258.6952,-0.0073,0.0027,0.0240,0.7855,0.0332,-4704.0669,-28633.6230,25.0119,1
-4703.1636,-28634.3926,24.9425,-4876.9487,-28825.1699,22.0130,-4700.5947,-28634.1816,25.7460,259.9760,-0.0058,0.0022,0.0221,0.7822,0.0307,-4703.9893,-28633.5898,25.0748,1
-4703.1636,-28634.3926,24.9425,-4876.3711,-28825.7402,22.0111,-4703.8423,-28636.4941,24.9055,256.0972,-0.0064,0.0017,0.0196,0.7793,0.0274,-4704.0610,-28633.6758,25.0958,1
-4703.1636,-28634.3926,24.9425,-4875.7959,-28826.3086,22.0078,-4703.5469,-28634.9141,24.0466,257.4958,-0.0069,0.0011,0.0166,0.7765,0.0233,-4704.1138,-28633.6934,25.0720,1
-4703.1636,-28634.3926,24.9425,-4875.2227,-28826.8730,22.0030,-4703.4102,-28633.4043,26.5315,258.7774,-0.0075,0.0026,0.0131,0.7735,0.0183,-4704.1538,-28633.6387,25.1684,1
-4703.1636,-28634.3926,24.9425,-4874.6523,-28827.4375,21.9967,-4700.7607,-28634.0957,25.8209,260.0588,-0.0061,0.0021,0.0090,0.7706,0.0126,-4704.0557,-28633.6230,25.2313,1
-4703.1636,-28634.3926,24.9425,-4874.0850,-28827.9980,21.9888,-4703.9619,-28636.4805,25.0264,256.1782,-0.0066,0.0016,0.0044,0.7679,0.0062,-4704.1060,-28633.7266,25.2543,1
-4703.1636,-28634.3926,24.9425,-4873.5210,-28828.5547,21.9808,-4703.8457,-28634.7129,24.0818,257.6170,-0.0073,0.0010,-0.0004,0.7651,-0.0005,-4704.1475,-28633.7520,25.2277,1
-4703.1636,-28634.3926,24.9425,-4872.9609,-28829.1074,21.9738,-4703.7114,-28633.2344,26.6212,258.8994,-0.0079,0.0025,-0.0050,0.7620,-0.0070,-4704.1787,-28633.7070,25.3237,1
-4703.1636,-28634.3926,24.9425,-4872.4053,-28829.6562,21.9677,-4701.0356,-28633.9141,25.8962,260.1815,-0.0064,0.0020,-0.0094,0.7594,-0.0132,-4704.0718,-28633.6973,25.3852,1
-4703.1636,-28634.3926,24.9425,-4871.8535,-28830.2012,21.9626,-4704.2300,-28636.3359,25.1327,256.2986,-0.0070,0.0015,-0.0135,0.7566,-0.0188,-4704.1152,-28633.8086,25.4080,1
-4703.1636,-28634.3926,24.9425,-4871.3066,-28830.7402,21.9588,-4704.1875,-28634.4883,24.1030,257.7728,-0.0077,0.0008,-0.0172,0.7537,-0.0241,-4704.1548,-28633.8340,25.3767,1
-4703.1636,-28634.3926,24.9425,-4870.7642,-28831.2754,21.9565,-4701.6084,-28635.1152,26.6016,259.0561,-0.0063,0.0023,-0.0209,0.7505,-0.0292,-4704.0635,-28633.8945,25.4656,1
-4703.1636,-28634.3926,24.9425,-4870.2261,-28831.8066,21.9555,-4701.4575,-28633.6113,25.9212,260.3393,-0.0068,0.0018,-0.0244,0.7477,-0.0341,-4703.9570,-28633.8809,25.5217,1
-4703.1636,-28634.3926,24.9425,-4869.6924,-28832.3340,21.9554,-4704.6763,-28636.0430,25.1867,256.4534,-0.0074,0.0013,-0.0277,0.7448,-0.0388,-4704.0044,-28633.9902,25.5403,1
-4703.1636,-28634.3926,24.9425,-4869.1631,-28832.8555,21.9561,-4704.5479,-28634.2598,24.1339,257.9579,-0.0080,0.0005,-0.0309,0.7417,-0.0432,-4704.0459,-28634.0137,25.5035,1
-4703.1636,-28634.3926,24.9425,-4868.6382,-28833.3730,21.9571,-4702.3359,-28633.3203,26.4840,260.1823,-0.0073,0.0019,-0.0339,0.7383,-0.0474,-4703.9775,-28633.9902,25.5793,1
-4703.1636,-28634.3926,24.9425,-4868.1182,-28833.8867,21.9584,-4701.9229,-28633.2871,25.9423,260.5267,-0.0071,0.0015,-0.0367,0.7353,-0.0515,-4703.8838,-28633.9648,25.6286,1
-4703.1636,-28634.3926,24.9425,-4867.6016,-28834.3965,21.9599,-4705.1763,-28635.7207,25.2142,256.6373,-0.0077,0.0010,-0.0393,0.7322,-0.0551,-4703.9478,-28634.0566,25.6407,1
-4703.1636,-28634.3926,24.9425,-4867.0889,-28834.9023,21.9615,-4702.4082,-28636.0859,24.0418,258.1685,-0.0061,0.0003,-0.0416,0.7289,-0.0583,-4703.8760,-28634.1719,25.5914,1
-4703.1636,-28634.3926,24.9425,-4866.5801,-28835.4043,21.9635,-4702.2749,-28634.6523,26.6637,259.4540,-0.0067,0.0018,-0.0439,0.7260,-0.0612,-4703.7939,-28634.2188,25.6680,1
-4703.1636,-28634.3926,24.9425,-4866.0757,-28835.9023,21.9658,-4702.2686,-28633.0762,26.0345,260.7397,-0.0072,0.0013,-0.0459,0.7230,-0.0639,-4703.7080,-28634.1875,25.7142,1
-4703.1636,-28634.3926,24.9425,-4865.5752,-28836.3965,21.9683,-4705.5532,-28635.5156,25.3384,256.8466,-0.0078,0.0008,-0.0478,0.7198,-0.0664,-4703.7837,-28634.2734,25.7249,1
-4703.1636,-28634.3926,24.9425,-4865.0786,-28836.8867,21.9710,-4702.7446,-28635.8496,24.0313,258.4033,-0.0061,-0.0000,-0.0495,0.7163,-0.0688,-4703.7236,-28634.3770,25.6678,1
-4703.1636,-28634.3926,24.9425,-4864.5859,-28837.3711,21.9737,-4702.7065,-28634.3574,26.6383,259.6901,-0.0067,0.0015,-0.0511,0.7131,-0.0710,-4703.6602,-28634.4102,25.7357,1
-4703.1636,-28634.3926,24.9425,-4864.0972,-28837.8535,21.9764,-4702.7847,-28632.7363,25.9950,260.9771,-0.0072,0.0010,-0.0527,0.7099,-0.0732,-4703.5986,-28634.3594,25.7726,1
-4703.1636,-28634.3926,24.9425,-4863.6123,-28838.3320,21.9790,-4706.0972,-28635.1836,25.2903,257.0799,-0.0078,0.0005,-0.0542,0.7065,-0.0753,-4703.7017,-28634.4238,25.7735,1
-4703.1636,-28634.3926,24.9425,-4863.1318,-28838.8047,21.9815,-4703.0552,-28632.7441,24.4696,260.9440,-0.0072,-0.0001,-0.0557,0.7036,-0.0774,-4703.6597,-28634.3691,25.7309,1
-4703.1636,-28634.3926,24.9425,-4862.6548,-28839.2754,21.9838,-4702.8872,-28634.2695,26.6206,259.9460,-0.0065,0.0012,-0.0571,0.7006,-0.0794,-4703.6084,-28634.3848,25.7916,1
-4703.1636,-28634.3926,24.9425,-4862.1821,-28839.7402,21.9859,-4703.0078,-28632.6348,25.9764,261.2344,-0.0071,0.0007,-0.0585,0.6974,-0.0814,-4703.5620,-28634.3164,25.8213,1
-4703.1636,-28634.3926,24.9425,-4861.7129,-28840.2031,21.9879,-4703.7710,-28637.0645,25.0701,257.3329,-0.0057,0.0002,-0.0598,0.6940,-0.0833,-4703.5532,-28634.4668,25.8049,1
-4703.1636,-28634.3926,24.9425,-4861.2480,-28840.6621,21.9896,-4703.2837,-28635.5117,24.0309,258.9290,-0.0059,-0.0005,-0.0612,0.6910,-0.0852,-4703.5220,-28634.5430,25.7338,1
-4703.1636,-28634.3926,24.9425,-4860.7866,-28841.1152,21.9912,-4703.2480,-28634.0508,26.6437,260.2188,-0.0065,0.0010,-0.0625,0.6880,-0.0870,-4703.4888,-28634.5469,25.7883,1
-4703.1636,-28634.3926,24.9425,-4860.3291,-28841.5664,21.9926,-4704.1626,-28636.4668,25.2444,257.8065,-0.0059,0.0001,-0.0636,0.6850,-0.0887,-4703.5020,-28634.6699,25.7744,1
-4703.1636,-28634.3926,24.9425,-4859.8745,-28842.0137,21.9940,-4704.0356,-28636.9180,25.0770,257.6026,-0.0056,-0.0000,-0.0647,0.6820,-0.0902,-4703.5117,-28634.8184,25.7502,1
-4703.1636,-28634.3926,24.9425,-4859.4229,-28842.4590,21.9953,-4703.5601,-28635.3496,24.0373,259.2152,-0.0058,-0.0007,-0.0655,0.6793,-0.0913,-4703.4995,-28634.8906,25.6718,1
-4703.1636,-28634.3926,24.9425,-4858.9741,-28842.9004,21.9966,-4703.4492,-28633.9609,26.6322,260.5066,-0.0064,0.0008,-0.0661,0.6767,-0.0921,-4703.4829,-28634.8926,25.7189,1
-4703.1636,-28634.3926,24.9425,-4858.5278,-28843.3398,21.9978,-4703.5493,-28632.3789,25.9623,261.7982,-0.0069,0.0003,-0.0664,0.6741,-0.0925,-4703.4717,-28634.8105,25.7348,1
-4703.1636,-28634.3926,24.9425,-4858.0845,-28843.7773,21.9988,-4704.0376,-28636.9766,24.9785,257.8871,-0.0055,-0.0002,-0.0665,0.6719,-0.0927,-4703.4863,-28634.9512,25.7018,1
-4703.1636,-28634.3926,24.9425,-4857.6436,-28844.2109,21.9996,-4703.7808,-28635.2363,24.0021,259.5169,-0.0060,-0.0009,-0.0663,0.6697,-0.0925,-4703.4897,-28635.0078,25.6180,1
-4703.1636,-28634.3926,24.9425,-4857.2051,-28844.6426,22.0002,-4702.4561,-28632.4277,25.6016,262.6695,-0.0064,0.0000,-0.0659,0.6674,-0.0919,-4703.4282,-28634.9219,25.6103,1
-4703.1636,-28634.3926,24.9425,-4856.7695,-28845.0723,22.0005,-4701.0737,-28634.2539,25.5795,262.1033,-0.0051,0.0001,-0.0653,0.6652,-0.0911,-4703.2959,-28634.9180,25.6018,1
-4703.1636,-28634.3926,24.9425,-4856.3364,-28845.4980,22.0006,-4704.1689,-28636.9375,24.7788,258.1871,-0.0056,-0.0004,-0.0645,0.6632,-0.0901,-4703.3135,-28635.0469,25.5536,1
-4703.1636,-28634.3926,24.9425,-4855.9058,-28845.9219,22.0003,-4704.0898,-28635.0664,23.9674,259.8326,-0.0063,-0.0009,-0.0634,0.6611,-0.0887,-4703.3311,-28635.0840,25.4634,1
-4703.1636,-28634.3926,24.9425,-4855.4780,-28846.3438,21.9997,-4704.0156,-28633.6758,26.4598,261.1275,-0.0068,0.0006,-0.0622,0.6589,-0.0870,-4703.3477,-28635.0508,25.4948,1
-4703.1636,-28634.3926,24.9425,-4855.0527,-28846.7617,21.9988,-4701.4844,-28633.9922,25.4549,262.4225,-0.0054,0.0001,-0.0607,0.6564,-0.0850,-4703.2402,-28635.0273,25.4793,1
-4703.1636,-28634.3926,24.9425,-4854.6299,-28847.1797,21.9976,-4704.5747,-28636.7070,24.6041,258.5010,-0.0059,-0.0005,-0.0590,0.6544,-0.0828,-4703.2837,-28635.1367,25.4218,1
-4703.1636,-28634.3926,24.9425,-4854.2100,-28847.5918,21.9961,-4704.4185,-28634.8906,23.9349,260.1614,-0.0065,-0.0009,-0.0572,0.6524,-0.0803,-4703.3237,-28635.1562,25.3297,1
-4703.1636,-28634.3926,24.9425,-4853.7935,-28848.0039,21.9941,-4701.7085,-28635.3672,26.1798,261.4581,-0.0050,0.0006,-0.0553,0.6501,-0.0778,-4703.2319,-28635.1973,25.3474,1
-4703.1636,-28634.3926,24.9425,-4853.3809,-28848.4102,21.9917,-4701.7451,-28633.8496,25.3465,262.7549,-0.0056,0.0001,-0.0534,0.6483,-0.0753,-4703.1387,-28635.1621,25.3268,1
-4703.1636,-28634.3926,24.9425,-4852.9717,-28848.8125,21.9889,-4704.8101,-28636.6016,24.4559,258.8279,-0.0061,-0.0004,-0.0516,0.6464,-0.0729,-4703.1968,-28635.2598,25.2628,1
-4703.1636,-28634.3926,24.9425,-4852.5669,-28849.2129,21.9858,-4704.7583,-28634.7168,23.9153,260.5008,-0.0067,-0.0007,-0.0497,0.6442,-0.0704,-4703.2568,-28635.2637,25.1709,1
-4703.1636,-28634.3926,24.9425,-4852.1665,-28849.6074,21.9825,-4702.1035,-28635.1211,26.1569,261.7993,-0.0053,0.0008,-0.0478,0.6419,-0.0680,-4703.1890,-28635.2871,25.1894,1
-4703.1636,-28634.3926,24.9425,-4851.7695,-28850.0000,21.9792,-4702.1938,-28633.5801,25.2918,263.0981,-0.0059,0.0003,-0.0459,0.6399,-0.0655,-4703.1235,-28635.2305,25.1685,1
-4703.1636,-28634.3926,24.9425,-4851.3765,-28850.3867,21.9758,-4705.2715,-28636.3438,24.3717,259.1654,-0.0064,-0.0002,-0.0440,0.6379,-0.0630,-4703.2109,-28635.3066,25.1033,1
-4703.1636,-28634.3926,24.9425,-4850.9878,-28850.7715,21.9725,-4705.1064,-28634.5410,23.8966,260.8467,-0.0069,-0.0004,-0.0420,0.6356,-0.0604,-4703.2954,-28635.2930,25.0140,1
-4703.1636,-28634.3926,24.9425,-4850.6030,-28851.1523,21.9693,-4702.3643,-28634.9785,26.1354,262.1472,-0.0054,0.0011,-0.0399,0.6338,-0.0577,-4703.2480,-28635.2988,25.0355,1
-4703.1636,-28634.3926,24.9425,-4850.2227,-28851.5293,21.9662,-4702.4731,-28633.4355,25.2421,263.4478,-0.0060,0.0006,-0.0378,0.6319,-0.0550,-4703.2041,-28635.2266,25.0167,1
-4703.1636,-28634.3926,24.9425,-4849.8457,-28851.9023,21.9632,-4705.5532,-28636.2188,24.2959,259.5094,-0.0066,0.0001,-0.0356,0.6298,-0.0521,-4703.3125,-28635.2871,24.9527,1
-4703.1636,-28634.3926,24.9425,-4849.4731,-28852.2715,21.9603,-4702.8809,-28632.1582,24.7687,264.4733,-0.0065,0.0004,-0.0334,0.6275,-0.0491,-4703.2930,-28635.1465,24.9122,1
-4703.1636,-28634.3926,24.9425,-4849.1045,-28852.6367,21.9578,-4701.7065,-28634.8164,24.6953,263.0185,-0.0050,0.0005,-0.0312,0.6256,-0.0459,-4703.2139,-28635.1309,24.8694,1
-4703.1636,-28634.3926,24.9425,-4848.7397,-28853.0000,21.9561,-4703.3013,-28635.6133,24.7712,261.5638,-0.0055,0.0006,-0.0291,0.6235,-0.0427,-4703.2109,-28635.1543,24.8317,1
-4703.1636,-28634.3926,24.9425,-4848.3799,-28853.3594,21.9552,-4706.0479,-28635.9590,24.4256,259.8581,-0.0067,0.0004,-0.0270,0.6212,-0.0395,-4703.3457,-28635.1953,24.7782,1
-4703.1636,-28634.3926,24.9425,-4848.0239,-28853.7129,21.9549,-4703.0952,-28635.9922,23.8062,261.5528,-0.0051,0.0001,-0.0249,0.6187,-0.0365,-4703.3398,-28635.2402,24.6947,1
-4703.1636,-28634.3926,24.9425,-4847.6719,-28854.0645,21.9551,-4705.9653,-28635.6113,24.5085,260.3992,-0.0066,0.0005,-0.0229,0.6165,-0.0336,-4703.4766,-28635.2676,24.6461,1
-4703.1636,-28634.3926,24.9425,-4847.3237,-28854.4121,21.9556,-4703.4897,-28632.8633,25.3359,264.1617,-0.0062,0.0011,-0.0209,0.6142,-0.0307,-4703.4951,-28635.1582,24.6405,1
-4703.1636,-28634.3926,24.9425,-4846.9785,-28854.7578,21.9565,-4703.8994,-28637.4238,24.3267,260.2115,-0.0047,0.0006,-0.0189,0.6116,-0.0278,-4703.5332,-28635.2715,24.5883,1
-4703.1636,-28634.3926,24.9425,-4846.6372,-28855.0996,21.9574,-4703.4219,-28635.8203,23.8130,261.9101,-0.0049,0.0003,-0.0169,0.6090,-0.0250,-4703.5469,-28635.3086,24.5116,1
-4703.1636,-28634.3926,24.9425,-4846.2988,-28855.4375,21.9584,-4703.6050,-28634.2891,26.2317,263.2164,-0.0054,0.0018,-0.0151,0.6068,-0.0223,-4703.5688,-28635.2715,24.5563,1
-4703.1636,-28634.3926,24.9425,-4845.9634,-28855.7734,21.9593,-4703.8599,-28632.6816,25.3513,264.5229,-0.0060,0.0013,-0.0133,0.6046,-0.0197,-4703.6025,-28635.1484,24.5630,1
-4703.1636,-28634.3926,24.9425,-4845.6313,-28856.1055,21.9600,-4704.2578,-28637.2344,24.3766,260.5667,-0.0046,0.0008,-0.0116,0.6019,-0.0172,-4703.6558,-28635.2500,24.5247,1
-4703.1636,-28634.3926,24.9425,-4845.3022,-28856.4355,21.9608,-4703.6592,-28635.7109,23.8790,262.2689,-0.0047,0.0005,-0.0102,0.5997,-0.0148,-4703.6797,-28635.2773,24.4626,1
-4703.1636,-28634.3926,24.9425,-4844.9756,-28856.7637,21.9619,-4703.9844,-28634.1016,26.3737,263.5771,-0.0052,0.0020,-0.0091,0.5970,-0.0129,-4703.7183,-28635.2266,24.5255,1
-4703.1636,-28634.3926,24.9425,-4844.6514,-28857.0898,21.9632,-4704.3291,-28632.4492,25.5530,264.8856,-0.0058,0.0015,-0.0083,0.5945,-0.0114,-4703.7734,-28635.0898,24.5534,1
-4703.1636,-28634.3926,24.9425,-4844.3296,-28857.4121,21.9646,-4704.5781,-28637.0820,24.6461,260.9234,-0.0043,0.0010,-0.0076,0.5923,-0.0104,-4703.8408,-28635.1777,24.5396,1
-4703.1636,-28634.3926,24.9425,-4844.0098,-28857.7324,21.9658,-4703.9453,-28635.5762,23.8880,262.6297,-0.0044,0.0005,-0.0072,0.5902,-0.0097,-4703.8774,-28635.1953,24.4890,1
-4703.1636,-28634.3926,24.9425,-4843.6929,-28858.0508,21.9668,-4704.2104,-28634.0137,26.3827,263.9399,-0.0050,0.0020,-0.0070,0.5880,-0.0094,-4703.9253,-28635.1367,24.5628,1
-4703.1636,-28634.3926,24.9425,-4843.3779,-28858.3652,21.9674,-4701.7124,-28634.1367,25.5530,265.2504,-0.0035,0.0015,-0.0069,0.5855,-0.0093,-4703.8477,-28635.0820,24.6005,1
-4703.1636,-28634.3926,24.9425,-4843.0654,-28858.6797,21.9677,-4704.7437,-28637.0273,24.7055,261.2822,-0.0041,0.0010,-0.0070,0.5835,-0.0094,-4703.9146,-28635.1680,24.5987,1
-4703.1636,-28634.3926,24.9425,-4842.7554,-28858.9902,21.9676,-4704.2534,-28635.4316,23.9202,262.9899,-0.0043,0.0005,-0.0072,0.5815,-0.0097,-4703.9580,-28635.1816,24.5582,1
-4703.1636,-28634.3926,24.9425,-4842.4478,-28859.2988,21.9673,-4704.5195,-28633.8770,26.4528,264.3021,-0.0048,0.0020,-0.0075,0.5793,-0.0102,-4704.0142,-28635.1152,24.6432,1
-4703.1636,-28634.3926,24.9425,-4842.1431,-28859.6035,21.9669,-4702.0083,-28633.9883,25.6491,265.6145,-0.0034,0.0015,-0.0079,0.5769,-0.0107,-4703.9443,-28635.0527,24.6928,1
-4703.1636,-28634.3926,24.9425,-4841.8403,-28859.9082,21.9663,-4702.2490,-28632.4043,24.8703,266.9268,-0.0039,0.0010,-0.0084,0.5750,-0.0113,-4703.8799,-28634.9102,24.7058,1
-4703.1636,-28634.3926,24.9425,-4841.5400,-28860.2090,21.9656,-4704.5698,-28635.2891,23.9347,263.3487,-0.0042,0.0005,-0.0088,0.5731,-0.0119,-4703.9272,-28634.9043,24.6722,1
-4703.1636,-28634.3926,24.9425,-4841.2422,-28860.5059,21.9649,-4701.9961,-28635.4707,26.4486,264.6629,-0.0027,0.0020,-0.0092,0.5710,-0.0125,-4703.8462,-28634.9121,24.7622,1
-4703.1636,-28634.3926,24.9425,-4840.9468,-28860.8027,21.9642,-4702.1719,-28633.9238,25.6787,265.9773,-0.0033,0.0015,-0.0097,0.5694,-0.0131,-4703.7690,-28634.8438,24.8177,1
-4703.1636,-28634.3926,24.9425,-4840.6543,-28861.0957,21.9635,-4702.3892,-28632.3574,24.8998,267.2916,-0.0038,0.0010,-0.0101,0.5676,-0.0136,-4703.6987,-28634.6953,24.8358,1
-4703.1636,-28634.3926,24.9425,-4840.3638,-28861.3867,21.9629,-4704.8887,-28635.1484,23.9284,263.7047,-0.0042,0.0004,-0.0104,0.5658,-0.0141,-4703.7500,-28634.6836,24.8047,1
-4703.1636,-28634.3926,24.9425,-4840.0762,-28861.6738,21.9625,-4703.2617,-28636.5176,23.8905,263.4698,-0.0029,0.0004,-0.0107,0.5638,-0.0144,-4703.7231,-28634.7422,24.7689,1
-4703.1636,-28634.3926,24.9425,-4839.7910,-28861.9609,21.9620,-4703.5459,-28632.6797,23.8781,266.7132,-0.0042,0.0003,-0.0109,0.5622,-0.0148,-4703.7100,-28634.6152,24.7299,1
-4703.1636,-28634.3926,24.9425,-4839.5083,-28862.2441,21.9617,-4702.7207,-28632.1992,24.8560,267.6534,-0.0039,0.0009,-0.0111,0.5605,-0.0150,-4703.6548,-28634.4609,24.7375,1
-4703.1636,-28634.3926,24.9425,-4839.2280,-28862.5234,21.9615,-4705.2207,-28635.0039,23.9113,264.0563,-0.0042,0.0003,-0.0112,0.5588,-0.0151,-4703.7231,-28634.4414,24.6980,1
-4703.1636,-28634.3926,24.9425,-4838.9502,-28862.8027,21.9614,-4702.4907,-28635.2383,26.3984,265.3744,-0.0028,0.0018,-0.0113,0.5574,-0.0152,-4703.6587,-28634.4395,24.7809,1
-4703.1636,-28634.3926,24.9425,-4838.6748,-28863.0781,21.9614,-4702.6641,-28633.6973,25.5976,266.6927,-0.0033,0.0013,-0.0113,0.5560,-0.0152,-4703.6006,-28634.3652,24.8278,1
-4703.1636,-28634.3926,24.9425,-4838.4019,-28863.3516,21.9614,-4702.8979,-28632.1328,24.7847,268.0108,-0.0039,0.0008,-0.0112,0.5544,-0.0151,-4703.5522,-28634.2109,24.8355,1
-4703.1636,-28634.3926,24.9425,-4838.1313,-28863.6211,21.9615,-4702.6973,-28636.5449,23.8513,264.4027,-0.0024,0.0003,-0.0111,0.5527,-0.0150,-4703.4932,-28634.2754,24.7959,1
-4703.1636,-28634.3926,24.9425,-4837.8633,-28863.8906,21.9617,-4702.8452,-28635.0625,26.3696,265.7227,-0.0029,0.0018,-0.0110,0.5513,-0.0148,-4703.4404,-28634.2754,24.8795,1
-4703.1636,-28634.3926,24.9425,-4837.5972,-28864.1562,21.9619,-4703.1045,-28633.4766,25.5547,267.0429,-0.0035,0.0013,-0.0109,0.5496,-0.0146,-4703.3999,-28634.1973,24.9255,1
-4703.1636,-28634.3926,24.9425,-4837.3335,-28864.4199,21.9621,-4703.3745,-28631.8945,24.7292,268.3630,-0.0041,0.0008,-0.0107,0.5480,-0.0144,-4703.3740,-28634.0430,24.9312,1
-4703.1636,-28634.3926,24.9425,-4837.0723,-28864.6816,21.9623,-4703.0337,-28636.3828,23.8420,264.7435,-0.0025,0.0003,-0.0105,0.5462,-0.0141,-4703.3320,-28634.1094,24.8912,1
-4703.1636,-28634.3926,24.9425,-4836.8130,-28864.9414,21.9626,-4703.2002,-28634.8926,26.3563,266.0654,-0.0030,0.0018,-0.0103,0.5449,-0.0139,-4703.2993,-28634.1074,24.9737,1
-4703.1636,-28634.3926,24.9425,-4836.5562,-28865.1973,21.9628,-4703.4219,-28633.3340,25.5348,267.3875,-0.0036,0.0013,-0.0101,0.5434,-0.0136,-4703.2783,-28634.0332,25.0179,1
-4703.1636,-28634.3926,24.9425,-4836.3018,-28865.4531,21.9631,-4700.7778,-28633.4355,24.6661,268.7094,-0.0021,0.0008,-0.0100,0.5418,-0.0133,-4703.1274,-28633.9648,25.0190,1
-4703.1636,-28634.3926,24.9425,-4836.0488,-28865.7051,21.9633,-4703.2314,-28636.3066,23.8397,265.0786,-0.0025,0.0003,-0.0098,0.5406,-0.0131,-4703.0947,-28634.0391,24.9770,1
-4703.1636,-28634.3926,24.9425,-4835.7983,-28865.9570,21.9635,-4703.4048,-28634.8164,26.3569,266.4023,-0.0031,0.0018,-0.0096,0.5394,-0.0129,-4703.0728,-28634.0488,25.0573,1
-4703.1636,-28634.3926,24.9425,-4835.5503,-28866.2051,21.9637,-4703.6514,-28633.2461,25.5354,267.7263,-0.0036,0.0013,-0.0095,0.5379,-0.0127,-4703.0664,-28633.9805,25.0989,1
-4703.1636,-28634.3926,24.9425,-4835.3037,-28866.4512,21.9639,-4701.0229,-28633.3184,24.6705,269.0501,-0.0022,0.0008,-0.0093,0.5363,-0.0125,-4702.9316,-28633.9180,25.0975,1
-4703.1636,-28634.3926,24.9425,-4835.0596,-28866.6953,21.9641,-4703.5708,-28636.1543,23.8417,265.4078,-0.0027,0.0003,-0.0092,0.5351,-0.0123,-4702.9214,-28633.9961,25.0525,1
-4703.1636,-28634.3926,24.9425,-4834.8174,-28866.9375,21.9642,-4703.7700,-28634.6504,26.3659,266.7334,-0.0032,0.0018,-0.0091,0.5338,-0.0121,-4702.9248,-28634.0059,25.1299,1
-4703.1636,-28634.3926,24.9425,-4834.5776,-28867.1777,21.9643,-4704.0415,-28633.0723,25.5475,268.0592,-0.0038,0.0013,-0.0090,0.5323,-0.0120,-4702.9458,-28633.9395,25.1687,1
-4703.1636,-28634.3926,24.9425,-4834.3394,-28867.4141,21.9644,-4701.2773,-28633.1992,24.6874,269.3848,-0.0023,0.0008,-0.0089,0.5312,-0.0119,-4702.8335,-28633.8789,25.1645,1
-4703.1636,-28634.3926,24.9425,-4834.1030,-28867.6504,21.9645,-4703.8887,-28636.0156,23.8434,265.7310,-0.0029,0.0003,-0.0089,0.5301,-0.0118,-4702.8491,-28633.9590,25.1159,1
-4703.1636,-28634.3926,24.9425,-4833.8691,-28867.8848,21.9645,-4703.2607,-28635.6973,26.3636,266.4316,-0.0026,0.0018,-0.0088,0.5288,-0.0117,-4702.8379,-28634.0293,25.1894,1
-4703.1636,-28634.3926,24.9425,-4833.6367,-28868.1172,21.9646,-4701.6245,-28632.9395,24.7326,269.7072,-0.0025,0.0009,-0.0088,0.5273,-0.0117,-4702.7476,-28633.9668,25.1835,1
-4703.1636,-28634.3926,24.9425,-4833.4067,-28868.3477,21.9646,-4701.6475,-28633.0195,24.7012,269.7134,-0.0025,0.0008,-0.0087,0.5263,-0.0116,-4702.6572,-28633.9062,25.1741,1
-4703.1636,-28634.3926,24.9425,-4833.1782,-28868.5742,21.9646,-4704.2383,-28635.8652,23.8437,266.0481,-0.0031,0.0003,-0.0087,0.5251,-0.0116,-4702.6958,-28633.9844,25.1199,1
-4703.1636,-28634.3926,24.9425,-4832.9521,-28868.8008,21.9647,-4704.4873,-28634.3418,26.3795,267.3773,-0.0036,0.0018,-0.0087,0.5238,-0.0115,-4702.7529,-28633.9941,25.1888,1
-4703.1636,-28634.3926,24.9425,-4832.7275,-28869.0254,21.9647,-4701.9761,-28633.4062,25.2276,269.4833,-0.0025,0.0011,-0.0086,0.5222,-0.0115,-4702.6899,-28633.9590,25.2027,1
-4703.1636,-28634.3926,24.9425,-4832.5049,-28869.2480,21.9647,-4702.0762,-28632.8125,24.7077,270.0358,-0.0027,0.0008,-0.0086,0.5211,-0.0115,-4702.6318,-28633.8906,25.1900,1
-4703.1636,-28634.3926,24.9425,-4832.2842,-28869.4688,21.9647,-4704.5972,-28635.7168,23.8418,266.3587,-0.0032,0.0003,-0.0086,0.5199,-0.0114,-4702.6997,-28633.9668,25.1322,1
-4703.1636,-28634.3926,24.9425,-4832.0654,-28869.6875,21.9647,-4701.8750,-28635.8242,26.3476,267.6896,-0.0017,0.0018,-0.0086,0.5187,-0.0114,-4702.6377,-28634.0547,25.1961,1
-4703.1636,-28634.3926,24.9425,-4831.8486,-28869.9043,21.9647,-4702.0967,-28634.2637,25.5312,269.0207,-0.0023,0.0013,-0.0085,0.5176,-0.0114,-4702.5859,-28634.0664,25.2218,1
-4703.1636,-28634.3926,24.9425,-4831.6333,-28870.1191,21.9648,-4702.3330,-28632.7051,24.7061,270.3517,-0.0028,0.0008,-0.0085,0.5165,-0.0113,-4702.5464,-28634.0020,25.2065,1
-4703.1636,-28634.3926,24.9425,-4831.4199,-28870.3320,21.9648,-4704.9536,-28635.5723,23.8381,266.6626,-0.0034,0.0003,-0.0085,0.5152,-0.0113,-4702.6387,-28634.0781,25.1460,1
-4703.1636,-28634.3926,24.9425,-4831.2085,-28870.5430,21.9648,-4702.3091,-28635.6172,26.3461,267.9953,-0.0019,0.0018,-0.0084,0.5137,-0.0112,-4702.6055,-28634.1582,25.2075,1
-4703.1636,-28634.3926,24.9425,-4830.9985,-28870.7520,21.9648,-4702.5581,-28634.0449,25.5277,269.3281,-0.0025,0.0013,-0.0084,0.5126,-0.0112,-4702.5850,-28634.1660,25.2306,1
-4703.1636,-28634.3926,24.9425,-4830.7905,-28870.9590,21.9649,-4702.8286,-28632.4688,24.7005,270.6607,-0.0030,0.0008,-0.0084,0.5114,-0.0111,-4702.5791,-28634.0918,25.2127,1
-4703.1636,-28634.3926,24.9425,-4830.5845,-28871.1660,21.9649,-4705.3120,-28635.4297,23.8342,266.9598,-0.0035,0.0003,-0.0083,0.5101,-0.0111,-4702.6987,-28634.1621,25.1498,1
-4703.1636,-28634.3926,24.9425,-4830.3799,-28871.3691,21.9650,-4702.5352,-28635.5273,26.3443,268.2941,-0.0020,0.0018,-0.0083,0.5092,-0.0110,-4702.6865,-28634.2383,25.2090,1
-4703.1636,-28634.3926,24.9425,-4830.1772,-28871.5723,21.9650,-4702.7612,-28633.9707,25.5233,269.6286,-0.0026,0.0013,-0.0082,0.5082,-0.0110,-4702.6860,-28634.2422,25.2299,1
-4703.1636,-28634.3926,24.9425,-4829.9766,-28871.7715,21.9651,-4703.0488,-28632.3887,24.6935,270.9629,-0.0031,0.0008,-0.0082,0.5070,-0.0109,-4702.6997,-28634.1641,25.2097,1
-4703.1636,-28634.3926,24.9425,-4829.7773,-28871.9707,21.9652,-4703.0771,-28631.8613,23.5743,271.4906,-0.0032,0.0002,-0.0081,0.5056,-0.0108,-4702.7163,-28634.0547,25.1320,1
-4703.1636,-28634.3926,24.9425,-4829.5796,-28872.1680,21.9652,-4702.9160,-28635.3574,26.3427,268.5858,-0.0022,0.0018,-0.0081,0.5047,-0.0107,-4702.7256,-28634.1133,25.1887,1
-4703.1636,-28634.3926,24.9425,-4829.3838,-28872.3633,21.9653,-4703.1743,-28633.7871,25.5200,269.9220,-0.0027,0.0013,-0.0080,0.5036,-0.0107,-4702.7480,-28634.0977,25.2073,1
-4703.1636,-28634.3926,24.9425,-4829.1895,-28872.5566,21.9653,-4703.4946,-28632.1914,24.6885,271.2579,-0.0033,0.0008,-0.0080,0.5024,-0.0106,-4702.7876,-28634.0020,25.1850,1
-4703.1636,-28634.3926,24.9425,-4828.9966,-28872.7500,21.9654,-4703.0562,-28636.7188,23.7958,267.5331,-0.0017,0.0003,-0.0079,0.5010,-0.0105,-4702.8071,-28634.1289,25.1166,1
-4703.1636,-28634.3926,24.9425,-4828.8057,-28872.9395,21.9655,-4702.9707,-28635.3535,23.8841,268.8568,-0.0021,0.0004,-0.0079,0.5000,-0.0104,-4702.8223,-28634.1934,25.0495,1
-4703.1636,-28634.3926,24.9425,-4828.6162,-28873.1289,21.9655,-4703.5698,-28633.6172,25.5182,270.2083,-0.0028,0.0013,-0.0078,0.4989,-0.0104,-4702.8677,-28634.1738,25.0616,1
-4703.1636,-28634.3926,24.9425,-4828.4287,-28873.3164,21.9656,-4703.9150,-28632.0117,24.6855,271.5459,-0.0034,0.0008,-0.0078,0.4976,-0.0103,-4702.9316,-28634.0723,25.0337,1
-4703.1636,-28634.3926,24.9425,-4828.2427,-28873.5020,21.9657,-4703.3804,-28636.5879,23.7934,267.8091,-0.0018,0.0003,-0.0077,0.4963,-0.0102,-4702.9702,-28634.1934,24.9609,1
-4703.1636,-28634.3926,24.9425,-4828.0581,-28873.6855,21.9657,-4703.6372,-28635.0547,26.3424,269.1483,-0.0024,0.0018,-0.0077,0.4952,-0.0102,-4703.0220,-28634.2441,25.0133,1
-4703.1636,-28634.3926,24.9425,-4827.8750,-28873.8691,21.9658,-4703.9502,-28633.4609,25.5176,270.4875,-0.0029,0.0013,-0.0076,0.4941,-0.0101,-4703.0898,-28634.2168,25.0286,1
-4703.1636,-28634.3926,24.9425,-4827.6934,-28874.0488,21.9658,-4702.7744,-28632.5957,24.9250,271.8667,-0.0025,0.0010,-0.0076,0.4927,-0.0100,-4703.0996,-28634.1445,25.0159,1
-4703.1636,-28634.3926,24.9425,-4827.5137,-28874.2285,21.9659,-4703.6138,-28636.5059,23.7914,268.0782,-0.0018,0.0003,-0.0075,0.4919,-0.0100,-4703.1494,-28634.2617,24.9466,1
-4703.1636,-28634.3926,24.9425,-4827.3350,-28874.4062,21.9660,-4703.8589,-28634.9805,26.3429,269.4189,-0.0024,0.0018,-0.0075,0.4910,-0.0099,-4703.2114,-28634.3105,25.0027,1
-4703.1636,-28634.3926,24.9425,-4827.1582,-28874.5840,21.9660,-4703.8350,-28637.0156,25.2469,267.6861,-0.0018,0.0012,-0.0075,0.4898,-0.0099,-4703.2725,-28634.4609,25.0078,1
-4703.1636,-28634.3926,24.9425,-4826.9829,-28874.7578,21.9661,-4701.5435,-28633.3086,24.6534,272.1003,-0.0015,0.0008,-0.0074,0.4884,-0.0098,-4703.2183,-28634.4297,24.9842,1
-4703.1636,-28634.3926,24.9425,-4826.8086,-28874.9316,21.9661,-4703.9634,-28636.3672,23.7890,268.3401,-0.0019,0.0003,-0.0074,0.4875,-0.0097,-4703.2798,-28634.5488,24.9169,1
-4703.1636,-28634.3926,24.9425,-4826.6362,-28875.1035,21.9662,-4704.2461,-28634.8262,26.3430,269.6823,-0.0025,0.0018,-0.0073,0.4865,-0.0097,-4703.3560,-28634.5938,24.9751,1
-4703.1636,-28634.3926,24.9425,-4826.4653,-28875.2734,21.9662,-4701.5669,-28634.7637,25.4877,271.0246,-0.0010,0.0013,-0.0073,0.4853,-0.0096,-4703.2983,-28634.6348,24.9944,1
-4703.1636,-28634.3926,24.9425,-4826.2959,-28875.4434,21.9663,-4701.8862,-28633.1621,24.6529,272.3668,-0.0016,0.0008,-0.0073,0.4842,-0.0096,-4703.2510,-28634.5957,24.9734,1
-4703.1636,-28634.3926,24.9425,-4826.1274,-28875.6113,21.9663,-4704.3003,-28636.2402,23.7860,268.5951,-0.0020,0.0003,-0.0072,0.4834,-0.0095,-4703.3198,-28634.7031,24.9086,1
-4703.1636,-28634.3926,24.9425,-4825.9609,-28875.7773,21.9663,-4704.5977,-28634.6914,26.3422,269.9387,-0.0026,0.0018,-0.0072,0.4824,-0.0095,-4703.4053,-28634.7363,24.9692,1
-4703.1636,-28634.3926,24.9425,-4825.7954,-28875.9414,21.9664,-4701.8325,-28634.6582,25.4865,271.2825,-0.0011,0.0013,-0.0072,0.4815,-0.0094,-4703.3540,-28634.7656,24.9909,1
-4703.1636,-28634.3926,24.9425,-4825.6318,-28876.1055,21.9664,-4702.0757,-28633.0957,24.6506,272.6261,-0.0017,0.0008,-0.0071,0.4808,-0.0094,-4703.3101,-28634.7148,24.9721,1
-4703.1636,-28634.3926,24.9425,-4825.4692,-28876.2656,21.9665,-4704.6396,-28636.1113,23.7825,268.8429,-0.0022,0.0003,-0.0071,0.4800,-0.0093,-4703.3901,-28634.8086,24.9093,1
-4703.1636,-28634.3926,24.9425,-4825.3081,-28876.4277,21.9665,-4704.9536,-28634.5586,26.3404,270.1879,-0.0028,0.0018,-0.0071,0.4790,-0.0093,-4703.4878,-28634.8281,24.9719,1
-4703.1636,-28634.3926,24.9425,-4825.1479,-28876.5859,21.9666,-4702.1338,-28634.5371,25.4841,271.5332,-0.0013,0.0013,-0.0070,0.4784,-0.0092,-4703.4473,-28634.8438,24.9954,1
-4703.1636,-28634.3926,24.9425,-4824.9897,-28876.7441,21.9666,-4702.3857,-28632.9707,24.6470,272.8782,-0.0019,0.0008,-0.0070,0.4777,-0.0092,-4703.4150,-28634.7773,24.9783,1
-4703.1636,-28634.3926,24.9425,-4824.8325,-28876.9004,21.9667,-4704.9937,-28635.9805,23.7790,269.0836,-0.0024,0.0003,-0.0070,0.4769,-0.0092,-4703.5093,-28634.8574,24.9169,1
-4703.1636,-28634.3926,24.9425,-4824.6768,-28877.0547,21.9667,-4703.9160,-28633.6836,24.7558,271.6956,-0.0024,0.0009,-0.0069,0.4758,-0.0091,-4703.5527,-28634.8242,24.9019,1
-4703.1636,-28634.3926,24.9425,-4824.5225,-28877.2090,21.9667,-4702.5186,-28634.3770,25.4818,271.7767,-0.0016,0.0013,-0.0069,0.4752,-0.0091,-4703.5254,-28634.8203,24.9231,1
-4703.1636,-28634.3926,24.9425,-4824.3691,-28877.3613,21.9668,-4702.7915,-28632.8008,24.6435,273.1232,-0.0021,0.0008,-0.0069,0.4745,-0.0090,-4703.5083,-28634.7363,24.9041,1
-4703.1636,-28634.3926,24.9425,-4824.2173,-28877.5137,21.9668,-4705.3599,-28635.8477,23.7757,269.3175,-0.0026,0.0003,-0.0068,0.4736,-0.0090,-4703.6172,-28634.7988,24.8414,1
-4703.1636,-28634.3926,24.9425,-4824.0669,-28877.6621,21.9669,-4701.2983,-28633.7324,24.2260,273.0886,-0.0010,0.0006,-0.0068,0.4725,-0.0089,-4703.5259,-28634.7598,24.7991,1
-4703.1636,-28634.3926,24.9425,-4823.9175,-28877.8125,21.9669,-4702.9375,-28634.2031,25.4799,272.0132,-0.0017,0.0013,-0.0068,0.4718,-0.0089,-4703.5103,-28634.7383,24.8186,1
-4703.1636,-28634.3926,24.9425,-4823.7695,-28877.9590,21.9670,-4703.2427,-28632.6152,24.6406,273.3611,-0.0023,0.0008,-0.0067,0.4710,-0.0088,-4703.5078,-28634.6367,24.7986,1
-4703.1636,-28634.3926,24.9425,-4823.6230,-28878.1055,21.9670,-4703.1133,-28631.7383,24.6299,274.2717,-0.0024,0.0008,-0.0067,0.4700,-0.0088,-4703.4976,-28634.4863,24.7782,1
-4703.1636,-28634.3926,24.9425,-4823.4775,-28878.2500,21.9671,-4703.0322,-28635.6387,26.3099,270.8935,-0.0013,0.0018,-0.0067,0.4690,-0.0087,-4703.4814,-28634.5254,24.8421,1
-4703.1636,-28634.3926,24.9425,-4823.3330,-28878.3926,21.9671,-4703.3208,-28634.0488,25.4785,272.2428,-0.0019,0.0013,-0.0066,0.4682,-0.0087,-4703.4790,-28634.4883,24.8685,1
-4703.1636,-28634.3926,24.9425,-4823.1899,-28878.5352,21.9671,-4703.6587,-28632.4473,24.6385,273.5920,-0.0024,0.0008,-0.0066,0.4674,-0.0086,-4703.4922,-28634.3711,24.8547,1
-4703.1636,-28634.3926,24.9425,-4823.0483,-28878.6777,21.9672,-4703.0605,-28637.0723,23.7434,269.7645,-0.0009,0.0003,-0.0066,0.4663,-0.0086,-4703.4761,-28634.4805,24.7958,1
-4703.1636,-28634.3926,24.9425,-4822.9077,-28878.8164,21.9672,-4703.2979,-28635.5449,26.3097,271.1149,-0.0014,0.0018,-0.0065,0.4657,-0.0085,-4703.4707,-28634.5215,24.8628,1
-4703.1636,-28634.3926,24.9425,-4822.7681,-28878.9551,21.9673,-4703.5972,-28633.9531,25.4775,272.4655,-0.0020,0.0013,-0.0065,0.4650,-0.0085,-4703.4790,-28634.4844,24.8922,1
-4703.1636,-28634.3926,24.9425,-4822.6299,-28879.0938,21.9673,-4703.9604,-28632.3398,24.6364,273.8159,-0.0025,0.0008,-0.0065,0.4640,-0.0085,-4703.5063,-28634.3672,24.8809,1
-4703.1636,-28634.3926,24.9425,-4822.4927,-28879.2305,21.9674,-4703.3916,-28636.9492,23.7406,269.9778,-0.0010,0.0003,-0.0064,0.4630,-0.0084,-4703.5059,-28634.4766,24.8242,1
-4703.1636,-28634.3926,24.9425,-4822.3569,-28879.3652,21.9674,-4702.0410,-28635.3418,25.7082,272.0933,-0.0007,0.0015,-0.0064,0.4624,-0.0084,-4703.4370,-28634.5117,24.8632,1
-4703.1636,-28634.3926,24.9425,-4822.2222,-28879.5000,21.9674,-4703.9878,-28633.8047,25.4760,272.6814,-0.0021,0.0013,-0.0064,0.4616,-0.0083,-4703.4624,-28634.4746,24.8930,1
-4703.1636,-28634.3926,24.9425,-4822.0884,-28879.6328,21.9675,-4701.2754,-28633.6797,24.6088,274.0331,-0.0007,0.0008,-0.0063,0.4606,-0.0083,-4703.3535,-28634.4277,24.8808,1
-4703.1636,-28634.3926,24.9425,-4821.9556,-28879.7637,21.9675,-4703.5503,-28636.9102,23.7383,270.1846,-0.0011,0.0003,-0.0063,0.4604,-0.0083,-4703.3530,-28634.5410,24.8243,1
-4703.1636,-28634.3926,24.9425,-4821.8242,-28879.8945,21.9675,-4703.8115,-28635.3750,26.3081,271.5375,-0.0016,0.0018,-0.0063,0.4598,-0.0082,-4703.3672,-28634.5840,24.8937,1
-4703.1636,-28634.3926,24.9425,-4821.6943,-28880.0234,21.9676,-4704.1479,-28633.7676,25.4738,272.8906,-0.0022,0.0013,-0.0063,0.4590,-0.0082,-4703.3994,-28634.5488,24.9250,1
-4703.1636,-28634.3926,24.9425,-4821.5649,-28880.1523,21.9676,-4701.4438,-28633.6270,24.6059,274.2435,-0.0007,0.0008,-0.0062,0.4580,-0.0081,-4703.2983,-28634.5039,24.9141,1
-4703.1636,-28634.3926,24.9425,-4821.4370,-28880.2793,21.9677,-4704.0088,-28633.9688,26.6082,272.9033,-0.0021,0.0020,-0.0062,0.4578,-0.0081,-4703.3213,-28634.4727,25.0023,1
-4703.1636,-28634.3926,24.9425,-4821.3096,-28880.4062,21.9677,-4700.8599,-28634.3418,23.9042,273.9676,-0.0004,0.0004,-0.0062,0.4577,-0.0081,-4703.1895,-28634.4609,24.9589,1
-4703.1636,-28634.3926,24.9425,-4821.1841,-28880.5312,21.9677,-4701.3779,-28632.6328,23.4211,275.3333,-0.0011,0.0001,-0.0062,0.4569,-0.0080,-4703.0781,-28634.3633,24.8883,1
-4703.1636,-28634.3926,24.9425,-4821.0591,-28880.6562,21.9678,-4701.4883,-28633.6367,24.6034,274.4472,-0.0010,0.0008,-0.0061,0.4567,-0.0080,-4702.9697,-28634.3125,24.8730,1
-4703.1636,-28634.3926,24.9425,-4820.9351,-28880.7793,21.9678,-4704.3032,-28636.6328,23.7310,270.5783,-0.0017,0.0003,-0.0061,0.4563,-0.0080,-4703.0000,-28634.4102,24.8134,1
-4703.1636,-28634.3926,24.9425,-4820.8125,-28880.9004,21.9678,-4703.2358,-28632.2324,25.6496,275.0842,-0.0022,0.0014,-0.0061,0.4556,-0.0079,-4702.9819,-28634.2930,24.8474,1
-4703.1636,-28634.3926,24.9425,-4820.6904,-28881.0215,21.9679,-4701.8809,-28634.9297,25.4431,273.2890,-0.0008,0.0013,-0.0060,0.4548,-0.0079,-4702.8979,-28634.3086,24.8734,1
-4703.1636,-28634.3926,24.9425,-4820.5698,-28881.1426,21.9679,-4702.0811,-28633.3828,24.5992,274.6443,-0.0014,0.0008,-0.0060,0.4546,-0.0078,-4702.8232,-28634.2480,24.8587,1
-4703.1636,-28634.3926,24.9425,-4820.4502,-28881.2617,21.9679,-4704.7358,-28636.4727,23.7278,270.7656,-0.0020,0.0003,-0.0060,0.4538,-0.0078,-4702.8813,-28634.3398,24.7998,1
-4703.1636,-28634.3926,24.9425,-4820.3315,-28881.3789,21.9680,-4704.9307,-28634.9688,26.3024,272.1220,-0.0025,0.0018,-0.0060,0.4536,-0.0078,-4702.9556,-28634.3633,24.8673,1
-4703.1636,-28634.3926,24.9425,-4820.2139,-28881.4961,21.9680,-4701.9980,-28633.6465,24.4183,274.6077,-0.0013,0.0007,-0.0060,0.4532,-0.0077,-4702.8896,-28634.3223,24.8444,1
-4703.1636,-28634.3926,24.9425,-4820.0972,-28881.6113,21.9680,-4702.2944,-28633.3145,24.5967,274.8350,-0.0016,0.0008,-0.0059,0.4531,-0.0077,-4702.8369,-28634.2637,24.8294,1
-4703.1636,-28634.3926,24.9425,-4819.9814,-28881.7266,21.9681,-4704.9023,-28635.5039,24.6603,271.7977,-0.0024,0.0009,-0.0059,0.4525,-0.0077,-4702.9146,-28634.3125,24.8172,1
-4703.1636,-28634.3926,24.9425,-4819.8667,-28881.8398,21.9681,-4702.3369,-28636.2363,26.2760,272.3041,-0.0009,0.0018,-0.0059,0.4516,-0.0076,-4702.8701,-28634.4023,24.8856,1
-4703.1636,-28634.3926,24.9425,-4819.7529,-28881.9531,21.9681,-4702.5425,-28634.6816,25.4392,273.6618,-0.0014,0.0013,-0.0058,0.4514,-0.0076,-4702.8354,-28634.4180,24.9157,1
-4703.1636,-28634.3926,24.9425,-4819.6406,-28882.0664,21.9682,-4702.8491,-28633.0879,24.5934,275.0193,-0.0020,0.0008,-0.0058,0.4509,-0.0076,-4702.8164,-28634.3555,24.9046,1
-4703.1636,-28634.3926,24.9425,-4819.5288,-28882.1758,21.9682,-4705.4443,-28636.2305,23.7210,271.1215,-0.0025,0.0003,-0.0058,0.4501,-0.0075,-4702.9282,-28634.4453,24.8489,1
-4703.1636,-28634.3926,24.9425,-4819.4180,-28882.2871,21.9683,-4702.7588,-28636.0742,26.2753,272.4800,-0.0011,0.0018,-0.0058,0.4491,-0.0075,-4702.9126,-28634.5332,24.9181,1
-4703.1636,-28634.3926,24.9425,-4819.3081,-28882.3965,21.9683,-4703.0854,-28634.4648,25.4380,273.8388,-0.0016,0.0013,-0.0057,0.4485,-0.0075,-4702.9136,-28634.5430,24.9487,1
-4703.1636,-28634.3926,24.9425,-4819.1987,-28882.5039,21.9683,-4703.4404,-28632.8477,24.5921,275.1974,-0.0022,0.0008,-0.0057,0.4478,-0.0074,-4702.9331,-28634.4707,24.9379,1
-4703.1636,-28634.3926,24.9425,-4819.0908,-28882.6113,21.9684,-4702.7573,-28637.5352,23.6956,271.2904,-0.0006,0.0003,-0.0057,0.4469,-0.0074,-4702.9199,-28634.6289,24.8811,1
-4703.1636,-28634.3926,24.9425,-4818.9839,-28882.7188,21.9684,-4702.9688,-28636.0137,26.2757,272.6501,-0.0012,0.0018,-0.0057,0.4467,-0.0074,-4702.9175,-28634.7188,24.9503,1
-4703.1636,-28634.3926,24.9425,-4818.8774,-28882.8242,21.9684,-4703.2876,-28634.4082,25.4376,274.0098,-0.0017,0.0013,-0.0057,0.4461,-0.0073,-4702.9307,-28634.7285,24.9807,1
-4703.1636,-28634.3926,24.9425,-4818.7720,-28882.9277,21.9684,-4703.6768,-28632.7754,24.5907,275.3695,-0.0023,0.0008,-0.0056,0.4453,-0.0073,-4702.9648,-28634.6562,24.9695,1
-4703.1636,-28634.3926,24.9425,-4818.6680,-28883.0312,21.9685,-4703.1182,-28637.4023,23.6925,271.4535,-0.0007,0.0003,-0.0056,0.4443,-0.0073,-4702.9731,-28634.8086,24.9121,1
-4703.1636,-28634.3926,24.9425,-4818.5640,-28883.1348,21.9685,-4701.5562,-28633.1836,26.5334,276.0143,-0.0010,0.0019,-0.0056,0.4438,-0.0072,-4702.9033,-28634.7559,24.9934,1
-4703.1636,-28634.3926,24.9425,-4818.4614,-28883.2363,21.9685,-4703.6533,-28635.9922,23.9350,272.6049,-0.0013,0.0005,-0.0056,0.4431,-0.0072,-4702.9355,-28634.8379,24.9486,1
-4703.1636,-28634.3926,24.9425,-4818.3599,-28883.3379,21.9686,-4704.2114,-28632.5703,24.5886,275.5355,-0.0024,0.0008,-0.0055,0.4422,-0.0072,-4702.9971,-28634.7500,24.9335,1
-4703.1636,-28634.3926,24.9425,-4818.2588,-28883.4375,21.9686,-4703.2695,-28637.3730,23.6904,271.6108,-0.0008,0.0003,-0.0055,0.4421,-0.0072,-4703.0146,-28634.8965,24.8726,1
-4703.1636,-28634.3926,24.9425,-4818.1587,-28883.5371,21.9686,-4703.5669,-28635.8125,26.2730,272.9724,-0.0013,0.0018,-0.0055,0.4416,-0.0071,-4703.0479,-28634.9688,24.9379,1
-4703.1636,-28634.3926,24.9425,-4818.0596,-28883.6367,21.9686,-4703.9355,-28634.1855,25.4335,274.3342,-0.0019,0.0013,-0.0055,0.4409,-0.0071,-4703.1001,-28634.9629,24.9647,1
-4703.1636,-28634.3926,24.9425,-4817.9609,-28883.7344,21.9687,-4701.2236,-28633.9844,24.5634,275.6958,-0.0005,0.0008,-0.0055,0.4400,-0.0071,-4703.0186,-28634.9414,24.9490,1
-4703.1636,-28634.3926,24.9425,-4817.8633,-28883.8301,21.9687,-4703.6211,-28637.2500,23.6871,271.7625,-0.0010,0.0003,-0.0054,0.4398,-0.0070,-4703.0518,-28635.0801,24.8883,1
-4703.1636,-28634.3926,24.9425,-4817.7666,-28883.9258,21.9687,-4703.8325,-28635.7305,26.2713,273.1251,-0.0015,0.0018,-0.0054,0.4397,-0.0070,-4703.0967,-28635.1465,24.9539,1
-4703.1636,-28634.3926,24.9425,-4817.6709,-28884.0215,21.9687,-4704.1665,-28634.1191,25.4311,274.4878,-0.0021,0.0013,-0.0054,0.4392,-0.0070,-4703.1602,-28635.1309,24.9807,1
